time_s,crank_angle_deg,torque_gen_nm,torque_load_kg,torque_fast_native,torque_run_native,cadence_gen_rpm,cadence_raw_rpm,cadence_control_rpm,speed_kph,battery_v,soc_pct,human_power_w,assist_basis_power_w,motor_power_w,support_pct,iq_mode_request,iq_before_profile_limit,iq_requested,iq_allowed,iq_pre_ramp,iq_ref,session,debug_flags,battery_limit,gate_steps,gate_load_ckg,pedalling,torque_cmd_mean_nm,ride_interval,crank_direction,pas_ab,pas_normal_ab,pas_transition_index,pas_last_step,pas_direction_state,pas_inhibit_reason,pas_fwd_run,pas_rev_run,pas_backpedal_confirmed,pas_sampler_forward,pas_sampler_reverse,pas_sampler_invalid,pas_sampler_glitch,pas_sampler_overflow,torque_sensor_valid,pas_sensor_valid,rider_torque_sensor_valid,rider_pas_sensor_valid,elapsed_ticks,fg_processed,fg_delay_active,reverse_bounce_active,pas_invalid_seq_active,fast_iq_slew_ticks,fg_skips_total,fg_resume_count,fg_last_resume_tick,fg_last_resume_elapsed,pas_edge_drop_active,pas_edge_jitter_active,pas_edges_dropped,pas_edges_deferred,reverse_bounce_ticks
0.005000,0.00,0.000,0.000,0,0,0.000,0,0,18.000,39.000,55.000,0,0,0,0,0,0,0,0,0,0,0,144,0,3,70,0,28.000,0,0,0,0,0,0,0,0,0,0,0,0,0,0,0,0,1,1,1,1,1,1,0,0,0,80,0,0,0,0,0,0,0,0,0
0.010000,0.00,0.000,0.000,0,0,0.000,0,0,18.000,39.000,55.000,0,0,0,0,0,0,0,0,0,0,0,144,0,3,70,0,28.000,0,0,0,0,0,0,0,0,0,0,0,0,0,0,0,0,1,1,1,1,1,1,0,0,0,160,0,0,0,0,0,0,0,0,0
0.015000,0.00,0.000,0.000,0,0,0.000,0,0,18.000,39.000,55.000,0,0,0,0,0,0,0,0,0,0,0,144,0,3,70,0,28.000,0,0,0,0,0,0,0,0,0,0,0,0,0,0,0,0,1,1,1,1,1,1,0,0,0,240,0,0,0,0,0,0,0,0,0
0.020000,0.00,0.000,0.000,0,0,0.000,0,0,18.000,39.000,55.000,0,0,0,0,0,0,0,0,0,0,0,144,0,3,70,0,28.000,0,0,0,0,0,0,0,0,0,0,0,0,0,0,0,0,1,1,1,1,1,1,0,0,0,320,0,0,0,0,0,0,0,0,0
0.025000,0.00,0.000,0.000,0,0,0.000,0,0,18.000,39.000,55.000,0,0,0,0,0,0,0,0,0,0,0,144,0,3,70,0,28.000,0,0,0,0,0,0,0,0,0,0,0,0,0,0,0,0,1,1,1,1,1,1,0,0,0,400,0,0,0,0,0,0,0,0,0
0.030000,0.00,0.000,0.000,0,0,0.000,0,0,18.000,39.000,55.000,0,0,0,0,0,0,0,0,0,0,0,144,0,3,70,0,28.000,0,0,0,0,0,0,0,0,0,0,0,0,0,0,0,0,1,1,1,1,1,1,0,0,0,480,0,0,0,0,0,0,0,0,0
0.035000,0.00,0.000,0.000,0,0,0.000,0,0,18.000,39.000,55.000,0,0,0,0,0,0,0,0,0,0,0,144,0,3,70,0,28.000,0,0,0,0,0,0,0,0,0,0,0,0,0,0,0,0,1,1,1,1,1,1,0,0,0,560,0,0,0,0,0,0,0,0,0
0.040000,0.00,0.000,0.000,0,0,0.000,0,0,18.000,39.000,55.000,0,0,0,0,0,0,0,0,0,0,0,144,0,3,70,0,28.000,0,0,0,0,0,0,0,0,0,0,0,0,0,0,0,0,1,1,1,1,1,1,0,0,0,640,0,0,0,0,0,0,0,0,0
0.045000,0.00,0.000,0.000,0,0,0.000,0,0,18.000,39.000,55.000,0,0,0,0,0,0,0,0,0,0,0,144,0,3,70,0,28.000,0,0,0,0,0,0,0,0,0,0,0,0,0,0,0,0,1,1,1,1,1,1,0,0,0,720,0,0,0,0,0,0,0,0,0
0.050000,0.00,0.000,0.000,0,0,0.000,0,0,18.000,39.000,55.000,0,0,0,0,0,0,0,0,0,0,0,144,0,3,70,0,28.000,0,0,0,0,0,0,0,0,0,0,0,0,0,0,0,0,1,1,1,1,1,1,0,0,0,800,0,0,0,0,0,0,0,0,0
0.055000,0.00,0.000,0.000,0,0,0.000,0,0,18.000,39.000,55.000,0,0,0,0,0,0,0,0,0,0,0,144,0,3,70,0,28.000,0,0,0,0,0,0,0,0,0,0,0,0,0,0,0,0,1,1,1,1,1,1,0,0,0,880,0,0,0,0,0,0,0,0,0
0.060000,0.00,0.000,0.000,0,0,0.000,0,0,18.000,39.000,55.000,0,0,0,0,0,0,0,0,0,0,0,144,0,3,70,0,28.000,0,0,0,0,0,0,0,0,0,0,0,0,0,0,0,0,1,1,1,1,1,1,0,0,0,960,0,0,0,0,0,0,0,0,0
0.065000,0.00,0.000,0.000,0,0,0.000,0,0,18.000,39.000,55.000,0,0,0,0,0,0,0,0,0,0,0,144,0,3,70,0,28.000,0,0,0,0,0,0,0,0,0,0,0,0,0,0,0,0,1,1,1,1,1,1,0,0,0,1040,0,0,0,0,0,0,0,0,0
0.070000,0.00,0.000,0.000,0,0,0.000,0,0,18.000,39.000,55.000,0,0,0,0,0,0,0,0,0,0,0,144,0,3,70,0,28.000,0,0,0,0,0,0,0,0,0,0,0,0,0,0,0,0,1,1,1,1,1,1,0,0,0,1120,0,0,0,0,0,0,0,0,0
0.075000,0.00,0.000,0.000,0,0,0.000,0,0,18.000,39.000,55.000,0,0,0,0,0,0,0,0,0,0,0,144,0,3,70,0,28.000,0,0,0,0,0,0,0,0,0,0,0,0,0,0,0,0,1,1,1,1,1,1,0,0,0,1200,0,0,0,0,0,0,0,0,0
0.080000,0.00,0.000,0.000,0,0,0.000,0,0,18.000,39.000,55.000,0,0,0,0,0,0,0,0,0,0,0,144,0,3,70,0,28.000,0,0,0,0,0,0,0,0,0,0,0,0,0,0,0,0,1,1,1,1,1,1,0,0,0,1280,0,0,0,0,0,0,0,0,0
0.085000,0.00,0.000,0.000,0,0,0.000,0,0,18.000,39.000,55.000,0,0,0,0,0,0,0,0,0,0,0,144,0,3,70,0,28.000,0,0,0,0,0,0,0,0,0,0,0,0,0,0,0,0,1,1,1,1,1,1,0,0,0,1360,0,0,0,0,0,0,0,0,0
0.090000,0.00,0.000,0.000,0,0,0.000,0,0,18.000,39.000,55.000,0,0,0,0,0,0,0,0,0,0,0,144,0,3,70,0,28.000,0,0,0,0,0,0,0,0,0,0,0,0,0,0,0,0,1,1,1,1,1,1,0,0,0,1440,0,0,0,0,0,0,0,0,0
0.095000,0.00,0.000,0.000,0,0,0.000,0,0,18.000,39.000,55.000,0,0,0,0,0,0,0,0,0,0,0,144,0,3,70,0,28.000,0,0,0,0,0,0,0,0,0,0,0,0,0,0,0,0,1,1,1,1,1,1,0,0,0,1520,0,0,0,0,0,0,0,0,0
0.100000,0.00,0.000,0.000,0,0,0.000,0,0,18.000,39.000,55.000,0,0,0,0,0,0,0,0,0,0,0,144,0,3,70,0,28.000,0,0,0,0,0,0,0,0,0,0,0,0,0,0,0,0,1,1,1,1,1,1,0,0,0,1600,0,0,0,0,0,0,0,0,0
0.105000,0.00,0.000,0.000,0,0,0.000,0,0,18.000,39.000,55.000,0,0,0,0,0,0,0,0,0,0,0,144,0,3,70,0,28.000,0,0,0,0,0,0,0,0,0,0,0,0,0,0,0,0,1,1,1,1,1,1,0,0,0,1680,0,0,0,0,0,0,0,0,0
0.110000,0.00,0.000,0.000,0,0,0.000,0,0,18.000,39.000,55.000,0,0,0,0,0,0,0,0,0,0,0,144,0,3,70,0,28.000,0,0,0,0,0,0,0,0,0,0,0,0,0,0,0,0,1,1,1,1,1,1,0,0,0,1760,0,0,0,0,0,0,0,0,0
0.115000,0.00,0.000,0.000,0,0,0.000,0,0,18.000,39.000,55.000,0,0,0,0,0,0,0,0,0,0,0,144,0,3,70,0,28.000,0,0,0,0,0,0,0,0,0,0,0,0,0,0,0,0,1,1,1,1,1,1,0,0,0,1840,0,0,0,0,0,0,0,0,0
0.120000,0.00,0.000,0.000,0,0,0.000,0,0,18.000,39.000,55.000,0,0,0,0,0,0,0,0,0,0,0,144,0,3,70,0,28.000,0,0,0,0,0,0,0,0,0,0,0,0,0,0,0,0,1,1,1,1,1,1,0,0,0,1920,0,0,0,0,0,0,0,0,0
0.125000,0.00,0.000,0.000,0,0,0.000,0,0,18.000,39.000,55.000,0,0,0,0,0,0,0,0,0,0,0,144,0,3,70,0,28.000,0,0,0,0,0,0,0,0,0,0,0,0,0,0,0,0,1,1,1,1,1,1,0,0,0,2000,0,0,0,0,0,0,0,0,0
0.130000,0.00,0.000,0.000,0,0,0.000,0,0,18.000,39.000,55.000,0,0,0,0,0,0,0,0,0,0,0,144,0,3,70,0,28.000,0,0,0,0,0,0,0,0,0,0,0,0,0,0,0,0,1,1,1,1,1,1,0,0,0,2080,0,0,0,0,0,0,0,0,0
0.135000,0.00,0.000,0.000,0,0,0.000,0,0,18.000,39.000,55.000,0,0,0,0,0,0,0,0,0,0,0,144,0,3,70,0,28.000,0,0,0,0,0,0,0,0,0,0,0,0,0,0,0,0,1,1,1,1,1,1,0,0,0,2160,0,0,0,0,0,0,0,0,0
0.140000,0.00,0.000,0.000,0,0,0.000,0,0,18.000,39.000,55.000,0,0,0,0,0,0,0,0,0,0,0,144,0,3,70,0,28.000,0,0,0,0,0,0,0,0,0,0,0,0,0,0,0,0,1,1,1,1,1,1,0,0,0,2240,0,0,0,0,0,0,0,0,0
0.145000,0.00,0.000,0.000,0,0,0.000,0,0,18.000,39.000,55.000,0,0,0,0,0,0,0,0,0,0,0,144,0,3,70,0,28.000,0,0,0,0,0,0,0,0,0,0,0,0,0,0,0,0,1,1,1,1,1,1,0,0,0,2320,0,0,0,0,0,0,0,0,0
0.150000,0.00,0.000,0.000,0,0,0.000,0,0,18.000,39.000,55.000,0,0,0,0,0,0,0,0,0,0,0,144,0,3,70,0,28.000,0,0,0,0,0,0,0,0,0,0,0,0,0,0,0,0,1,1,1,1,1,1,0,0,0,2400,0,0,0,0,0,0,0,0,0
0.155000,0.00,0.000,0.000,0,0,0.000,0,0,18.000,39.000,55.000,0,0,0,0,0,0,0,0,0,0,0,144,0,3,70,0,28.000,0,0,0,0,0,0,0,0,0,0,0,0,0,0,0,0,1,1,1,1,1,1,0,0,0,2480,0,0,0,0,0,0,0,0,0
0.160000,0.00,0.000,0.000,0,0,0.000,0,0,18.000,39.000,55.000,0,0,0,0,0,0,0,0,0,0,0,144,0,3,70,0,28.000,0,0,0,0,0,0,0,0,0,0,0,0,0,0,0,0,1,1,1,1,1,1,0,0,0,2560,0,0,0,0,0,0,0,0,0
0.165000,0.00,0.000,0.000,0,0,0.000,0,0,18.000,39.000,55.000,0,0,0,0,0,0,0,0,0,0,0,144,0,3,70,0,28.000,0,0,0,0,0,0,0,0,0,0,0,0,0,0,0,0,1,1,1,1,1,1,0,0,0,2640,0,0,0,0,0,0,0,0,0
0.170000,0.00,0.000,0.000,0,0,0.000,0,0,18.000,39.000,55.000,0,0,0,0,0,0,0,0,0,0,0,144,0,3,70,0,28.000,0,0,0,0,0,0,0,0,0,0,0,0,0,0,0,0,1,1,1,1,1,1,0,0,0,2720,0,0,0,0,0,0,0,0,0
0.175000,0.00,0.000,0.000,0,0,0.000,0,0,18.000,39.000,55.000,0,0,0,0,0,0,0,0,0,0,0,144,0,3,70,0,28.000,0,0,0,0,0,0,0,0,0,0,0,0,0,0,0,0,1,1,1,1,1,1,0,0,0,2800,0,0,0,0,0,0,0,0,0
0.180000,0.00,0.000,0.000,0,0,0.000,0,0,18.000,39.000,55.000,0,0,0,0,0,0,0,0,0,0,0,144,0,3,70,0,28.000,0,0,0,0,0,0,0,0,0,0,0,0,0,0,0,0,1,1,1,1,1,1,0,0,0,2880,0,0,0,0,0,0,0,0,0
0.185000,0.00,0.000,0.000,0,0,0.000,0,0,18.000,39.000,55.000,0,0,0,0,0,0,0,0,0,0,0,144,0,3,70,0,28.000,0,0,0,0,0,0,0,0,0,0,0,0,0,0,0,0,1,1,1,1,1,1,0,0,0,2960,0,0,0,0,0,0,0,0,0
0.190000,0.00,0.000,0.000,0,0,0.000,0,0,18.000,39.000,55.000,0,0,0,0,0,0,0,0,0,0,0,144,0,3,70,0,28.000,0,0,0,0,0,0,0,0,0,0,0,0,0,0,0,0,1,1,1,1,1,1,0,0,0,3040,0,0,0,0,0,0,0,0,0
0.195000,0.00,0.000,0.000,0,0,0.000,0,0,18.000,39.000,55.000,0,0,0,0,0,0,0,0,0,0,0,144,0,3,70,0,28.000,0,0,0,0,0,0,0,0,0,0,0,0,0,0,0,0,1,1,1,1,1,1,0,0,0,3120,0,0,0,0,0,0,0,0,0
0.200000,0.00,0.000,0.000,0,0,0.000,0,0,18.000,39.000,55.000,0,0,0,0,0,0,0,0,0,0,0,144,0,3,70,0,28.000,0,0,0,0,0,0,0,0,0,0,0,0,0,0,0,0,1,1,1,1,1,1,0,0,0,3200,0,0,0,0,0,0,0,0,0
0.205000,0.00,0.000,0.000,0,0,0.000,0,0,18.000,39.000,55.000,0,0,0,0,0,0,0,0,0,0,0,144,0,3,70,0,28.000,0,0,0,0,0,0,0,0,0,0,0,0,0,0,0,0,1,1,1,1,1,1,0,0,0,3280,0,0,0,0,0,0,0,0,0
0.210000,0.00,0.000,0.000,0,0,0.000,0,0,18.000,39.000,55.000,0,0,0,0,0,0,0,0,0,0,0,144,0,3,70,0,28.000,0,0,0,0,0,0,0,0,0,0,0,0,0,0,0,0,1,1,1,1,1,1,0,0,0,3360,0,0,0,0,0,0,0,0,0
0.215000,0.00,0.000,0.000,0,0,0.000,0,0,18.000,39.000,55.000,0,0,0,0,0,0,0,0,0,0,0,144,0,3,70,0,28.000,0,0,0,0,0,0,0,0,0,0,0,0,0,0,0,0,1,1,1,1,1,1,0,0,0,3440,0,0,0,0,0,0,0,0,0
0.220000,0.00,0.000,0.000,0,0,0.000,0,0,18.000,39.000,55.000,0,0,0,0,0,0,0,0,0,0,0,144,0,3,70,0,28.000,0,0,0,0,0,0,0,0,0,0,0,0,0,0,0,0,1,1,1,1,1,1,0,0,0,3520,0,0,0,0,0,0,0,0,0
0.225000,0.00,0.000,0.000,0,0,0.000,0,0,18.000,39.000,55.000,0,0,0,0,0,0,0,0,0,0,0,144,0,3,70,0,28.000,0,0,0,0,0,0,0,0,0,0,0,0,0,0,0,0,1,1,1,1,1,1,0,0,0,3600,0,0,0,0,0,0,0,0,0
0.230000,0.00,0.000,0.000,0,0,0.000,0,0,18.000,39.000,55.000,0,0,0,0,0,0,0,0,0,0,0,144,0,3,70,0,28.000,0,0,0,0,0,0,0,0,0,0,0,0,0,0,0,0,1,1,1,1,1,1,0,0,0,3680,0,0,0,0,0,0,0,0,0
0.235000,0.00,0.000,0.000,0,0,0.000,0,0,18.000,39.000,55.000,0,0,0,0,0,0,0,0,0,0,0,144,0,3,70,0,28.000,0,0,0,0,0,0,0,0,0,0,0,0,0,0,0,0,1,1,1,1,1,1,0,0,0,3760,0,0,0,0,0,0,0,0,0
0.240000,0.00,0.000,0.000,0,0,0.000,0,0,18.000,39.000,55.000,0,0,0,0,0,0,0,0,0,0,0,144,0,3,70,0,28.000,0,0,0,0,0,0,0,0,0,0,0,0,0,0,0,0,1,1,1,1,1,1,0,0,0,3840,0,0,0,0,0,0,0,0,0
0.245000,0.00,0.000,0.000,0,0,0.000,0,0,18.000,39.000,55.000,0,0,0,0,0,0,0,0,0,0,0,144,0,3,70,0,28.000,0,0,0,0,0,0,0,0,0,0,0,0,0,0,0,0,1,1,1,1,1,1,0,0,0,3920,0,0,0,0,0,0,0,0,0
0.250000,0.00,0.000,0.000,0,0,0.000,0,0,18.000,39.000,55.000,0,0,0,0,0,0,0,0,0,0,0,144,0,3,70,0,28.000,0,0,0,0,0,0,0,0,0,0,0,0,0,0,0,0,1,1,1,1,1,1,0,0,0,4000,0,0,0,0,0,0,0,0,0
0.255000,0.00,0.000,0.000,0,0,0.000,0,0,18.000,39.000,55.000,0,0,0,0,0,0,0,0,0,0,0,144,0,3,70,0,28.000,0,0,0,0,0,0,0,0,0,0,0,0,0,0,0,0,1,1,1,1,1,1,0,0,0,4080,0,0,0,0,0,0,0,0,0
0.260000,0.00,0.000,0.000,0,0,0.000,0,0,18.000,39.000,55.000,0,0,0,0,0,0,0,0,0,0,0,144,0,3,70,0,28.000,0,0,0,0,0,0,0,0,0,0,0,0,0,0,0,0,1,1,1,1,1,1,0,0,0,4160,0,0,0,0,0,0,0,0,0
0.265000,0.00,0.000,0.000,0,0,0.000,0,0,18.000,39.000,55.000,0,0,0,0,0,0,0,0,0,0,0,144,0,3,70,0,28.000,0,0,0,0,0,0,0,0,0,0,0,0,0,0,0,0,1,1,1,1,1,1,0,0,0,4240,0,0,0,0,0,0,0,0,0
0.270000,0.00,0.000,0.000,0,0,0.000,0,0,18.000,39.000,55.000,0,0,0,0,0,0,0,0,0,0,0,144,0,3,70,0,28.000,0,0,0,0,0,0,0,0,0,0,0,0,0,0,0,0,1,1,1,1,1,1,0,0,0,4320,0,0,0,0,0,0,0,0,0
0.275000,0.00,0.000,0.000,0,0,0.000,0,0,18.000,39.000,55.000,0,0,0,0,0,0,0,0,0,0,0,144,0,3,70,0,28.000,0,0,0,0,0,0,0,0,0,0,0,0,0,0,0,0,1,1,1,1,1,1,0,0,0,4400,0,0,0,0,0,0,0,0,0
0.280000,0.00,0.000,0.000,0,0,0.000,0,0,18.000,39.000,55.000,0,0,0,0,0,0,0,0,0,0,0,144,0,3,70,0,28.000,0,0,0,0,0,0,0,0,0,0,0,0,0,0,0,0,1,1,1,1,1,1,0,0,0,4480,0,0,0,0,0,0,0,0,0
0.285000,0.00,0.000,0.000,0,0,0.000,0,0,18.000,39.000,55.000,0,0,0,0,0,0,0,0,0,0,0,144,0,3,70,0,28.000,0,0,0,0,0,0,0,0,0,0,0,0,0,0,0,0,1,1,1,1,1,1,0,0,0,4560,0,0,0,0,0,0,0,0,0
0.290000,0.00,0.000,0.000,0,0,0.000,0,0,18.000,39.000,55.000,0,0,0,0,0,0,0,0,0,0,0,144,0,3,70,0,28.000,0,0,0,0,0,0,0,0,0,0,0,0,0,0,0,0,1,1,1,1,1,1,0,0,0,4640,0,0,0,0,0,0,0,0,0
0.295000,0.00,0.000,0.000,0,0,0.000,0,0,18.000,39.000,55.000,0,0,0,0,0,0,0,0,0,0,0,144,0,3,70,0,28.000,0,0,0,0,0,0,0,0,0,0,0,0,0,0,0,0,1,1,1,1,1,1,0,0,0,4720,0,0,0,0,0,0,0,0,0
0.300000,0.00,0.000,0.000,0,0,0.000,0,0,18.000,39.000,55.000,0,0,0,0,0,0,0,0,0,0,0,144,0,3,70,0,28.000,0,0,0,0,0,0,0,0,0,0,0,0,0,0,0,0,1,1,1,1,1,1,0,0,0,4800,0,0,0,0,0,0,0,0,0
0.305000,0.00,0.000,0.000,0,0,0.000,0,0,18.000,39.000,55.000,0,0,0,0,0,0,0,0,0,0,0,144,0,3,70,0,28.000,0,0,0,0,0,0,0,0,0,0,0,0,0,0,0,0,1,1,1,1,1,1,0,0,0,4880,0,0,0,0,0,0,0,0,0
0.310000,0.00,0.000,0.000,0,0,0.000,0,0,18.000,39.000,55.000,0,0,0,0,0,0,0,0,0,0,0,144,0,3,70,0,28.000,0,0,0,0,0,0,0,0,0,0,0,0,0,0,0,0,1,1,1,1,1,1,0,0,0,4960,0,0,0,0,0,0,0,0,0
0.315000,0.00,0.000,0.000,0,0,0.000,0,0,18.000,39.000,55.000,0,0,0,0,0,0,0,0,0,0,0,144,0,3,70,0,28.000,0,0,0,0,0,0,0,0,0,0,0,0,0,0,0,0,1,1,1,1,1,1,0,0,0,5040,0,0,0,0,0,0,0,0,0
0.320000,0.00,0.000,0.000,0,0,0.000,0,0,18.000,39.000,55.000,0,0,0,0,0,0,0,0,0,0,0,144,0,3,70,0,28.000,0,0,0,0,0,0,0,0,0,0,0,0,0,0,0,0,1,1,1,1,1,1,0,0,0,5120,0,0,0,0,0,0,0,0,0
0.325000,0.00,0.000,0.000,0,0,0.000,0,0,18.000,39.000,55.000,0,0,0,0,0,0,0,0,0,0,0,144,0,3,70,0,28.000,0,0,0,0,0,0,0,0,0,0,0,0,0,0,0,0,1,1,1,1,1,1,0,0,0,5200,0,0,0,0,0,0,0,0,0
0.330000,0.00,0.000,0.000,0,0,0.000,0,0,18.000,39.000,55.000,0,0,0,0,0,0,0,0,0,0,0,144,0,3,70,0,28.000,0,0,0,0,0,0,0,0,0,0,0,0,0,0,0,0,1,1,1,1,1,1,0,0,0,5280,0,0,0,0,0,0,0,0,0
0.335000,0.00,0.000,0.000,0,0,0.000,0,0,18.000,39.000,55.000,0,0,0,0,0,0,0,0,0,0,0,144,0,3,70,0,28.000,0,0,0,0,0,0,0,0,0,0,0,0,0,0,0,0,1,1,1,1,1,1,0,0,0,5360,0,0,0,0,0,0,0,0,0
0.340000,0.00,0.000,0.000,0,0,0.000,0,0,18.000,39.000,55.000,0,0,0,0,0,0,0,0,0,0,0,144,0,3,70,0,28.000,0,0,0,0,0,0,0,0,0,0,0,0,0,0,0,0,1,1,1,1,1,1,0,0,0,5440,0,0,0,0,0,0,0,0,0
0.345000,0.00,0.000,0.000,0,0,0.000,0,0,18.000,39.000,55.000,0,0,0,0,0,0,0,0,0,0,0,144,0,3,70,0,28.000,0,0,0,0,0,0,0,0,0,0,0,0,0,0,0,0,1,1,1,1,1,1,0,0,0,5520,0,0,0,0,0,0,0,0,0
0.350000,0.00,0.000,0.000,0,0,0.000,0,0,18.000,39.000,55.000,0,0,0,0,0,0,0,0,0,0,0,144,0,3,70,0,28.000,0,0,0,0,0,0,0,0,0,0,0,0,0,0,0,0,1,1,1,1,1,1,0,0,0,5600,0,0,0,0,0,0,0,0,0
0.355000,0.00,0.000,0.000,0,0,0.000,0,0,18.000,39.000,55.000,0,0,0,0,0,0,0,0,0,0,0,144,0,3,70,0,28.000,0,0,0,0,0,0,0,0,0,0,0,0,0,0,0,0,1,1,1,1,1,1,0,0,0,5680,0,0,0,0,0,0,0,0,0
0.360000,0.00,0.000,0.000,0,0,0.000,0,0,18.000,39.000,55.000,0,0,0,0,0,0,0,0,0,0,0,144,0,3,70,0,28.000,0,0,0,0,0,0,0,0,0,0,0,0,0,0,0,0,1,1,1,1,1,1,0,0,0,5760,0,0,0,0,0,0,0,0,0
0.365000,0.00,0.000,0.000,0,0,0.000,0,0,18.000,39.000,55.000,0,0,0,0,0,0,0,0,0,0,0,144,0,3,70,0,28.000,0,0,0,0,0,0,0,0,0,0,0,0,0,0,0,0,1,1,1,1,1,1,0,0,0,5840,0,0,0,0,0,0,0,0,0
0.370000,0.00,0.000,0.000,0,0,0.000,0,0,18.000,39.000,55.000,0,0,0,0,0,0,0,0,0,0,0,144,0,3,70,0,28.000,0,0,0,0,0,0,0,0,0,0,0,0,0,0,0,0,1,1,1,1,1,1,0,0,0,5920,0,0,0,0,0,0,0,0,0
0.375000,0.00,0.000,0.000,0,0,0.000,0,0,18.000,39.000,55.000,0,0,0,0,0,0,0,0,0,0,0,144,0,3,70,0,28.000,0,0,0,0,0,0,0,0,0,0,0,0,0,0,0,0,1,1,1,1,1,1,0,0,0,6000,0,0,0,0,0,0,0,0,0
0.380000,0.00,0.000,0.000,0,0,0.000,0,0,18.000,39.000,55.000,0,0,0,0,0,0,0,0,0,0,0,144,0,3,70,0,28.000,0,0,0,0,0,0,0,0,0,0,0,0,0,0,0,0,1,1,1,1,1,1,0,0,0,6080,0,0,0,0,0,0,0,0,0
0.385000,0.00,0.000,0.000,0,0,0.000,0,0,18.000,39.000,55.000,0,0,0,0,0,0,0,0,0,0,0,144,0,3,70,0,28.000,0,0,0,0,0,0,0,0,0,0,0,0,0,0,0,0,1,1,1,1,1,1,0,0,0,6160,0,0,0,0,0,0,0,0,0
0.390000,0.00,0.000,0.000,0,0,0.000,0,0,18.000,39.000,55.000,0,0,0,0,0,0,0,0,0,0,0,144,0,3,70,0,28.000,0,0,0,0,0,0,0,0,0,0,0,0,0,0,0,0,1,1,1,1,1,1,0,0,0,6240,0,0,0,0,0,0,0,0,0
0.395000,0.00,0.000,0.000,0,0,0.000,0,0,18.000,39.000,55.000,0,0,0,0,0,0,0,0,0,0,0,144,0,3,70,0,28.000,0,0,0,0,0,0,0,0,0,0,0,0,0,0,0,0,1,1,1,1,1,1,0,0,0,6320,0,0,0,0,0,0,0,0,0
0.400000,0.00,0.000,0.000,0,0,0.000,0,0,18.000,39.000,55.000,0,0,0,0,0,0,0,0,0,0,0,144,0,3,70,0,28.000,0,0,0,0,0,0,0,0,0,0,0,0,0,0,0,0,1,1,1,1,1,1,0,0,0,6400,0,0,0,0,0,0,0,0,0
0.405000,0.00,0.000,0.000,0,0,0.000,0,0,18.000,39.000,55.000,0,0,0,0,0,0,0,0,0,0,0,144,0,3,70,0,28.000,0,0,0,0,0,0,0,0,0,0,0,0,0,0,0,0,1,1,1,1,1,1,0,0,0,6480,0,0,0,0,0,0,0,0,0
0.410000,0.00,0.000,0.000,0,0,0.000,0,0,18.000,39.000,55.000,0,0,0,0,0,0,0,0,0,0,0,144,0,3,70,0,28.000,0,0,0,0,0,0,0,0,0,0,0,0,0,0,0,0,1,1,1,1,1,1,0,0,0,6560,0,0,0,0,0,0,0,0,0
0.415000,0.00,0.000,0.000,0,0,0.000,0,0,18.000,39.000,55.000,0,0,0,0,0,0,0,0,0,0,0,144,0,3,70,0,28.000,0,0,0,0,0,0,0,0,0,0,0,0,0,0,0,0,1,1,1,1,1,1,0,0,0,6640,0,0,0,0,0,0,0,0,0
0.420000,0.00,0.000,0.000,0,0,0.000,0,0,18.000,39.000,55.000,0,0,0,0,0,0,0,0,0,0,0,144,0,3,70,0,28.000,0,0,0,0,0,0,0,0,0,0,0,0,0,0,0,0,1,1,1,1,1,1,0,0,0,6720,0,0,0,0,0,0,0,0,0
0.425000,0.00,0.000,0.000,0,0,0.000,0,0,18.000,39.000,55.000,0,0,0,0,0,0,0,0,0,0,0,144,0,3,70,0,28.000,0,0,0,0,0,0,0,0,0,0,0,0,0,0,0,0,1,1,1,1,1,1,0,0,0,6800,0,0,0,0,0,0,0,0,0
0.430000,0.00,0.000,0.000,0,0,0.000,0,0,18.000,39.000,55.000,0,0,0,0,0,0,0,0,0,0,0,144,0,3,70,0,28.000,0,0,0,0,0,0,0,0,0,0,0,0,0,0,0,0,1,1,1,1,1,1,0,0,0,6880,0,0,0,0,0,0,0,0,0
0.435000,0.00,0.000,0.000,0,0,0.000,0,0,18.000,39.000,55.000,0,0,0,0,0,0,0,0,0,0,0,144,0,3,70,0,28.000,0,0,0,0,0,0,0,0,0,0,0,0,0,0,0,0,1,1,1,1,1,1,0,0,0,6960,0,0,0,0,0,0,0,0,0
0.440000,0.00,0.000,0.000,0,0,0.000,0,0,18.000,39.000,55.000,0,0,0,0,0,0,0,0,0,0,0,144,0,3,70,0,28.000,0,0,0,0,0,0,0,0,0,0,0,0,0,0,0,0,1,1,1,1,1,1,0,0,0,7040,0,0,0,0,0,0,0,0,0
0.445000,0.00,0.000,0.000,0,0,0.000,0,0,18.000,39.000,55.000,0,0,0,0,0,0,0,0,0,0,0,144,0,3,70,0,28.000,0,0,0,0,0,0,0,0,0,0,0,0,0,0,0,0,1,1,1,1,1,1,0,0,0,7120,0,0,0,0,0,0,0,0,0
0.450000,0.00,0.000,0.000,0,0,0.000,0,0,18.000,39.000,55.000,0,0,0,0,0,0,0,0,0,0,0,144,0,3,70,0,28.000,0,0,0,0,0,0,0,0,0,0,0,0,0,0,0,0,1,1,1,1,1,1,0,0,0,7200,0,0,0,0,0,0,0,0,0
0.455000,0.00,0.000,0.000,0,0,0.000,0,0,18.000,39.000,55.000,0,0,0,0,0,0,0,0,0,0,0,144,0,3,70,0,28.000,0,0,0,0,0,0,0,0,0,0,0,0,0,0,0,0,1,1,1,1,1,1,0,0,0,7280,0,0,0,0,0,0,0,0,0
0.460000,0.00,0.000,0.000,0,0,0.000,0,0,18.000,39.000,55.000,0,0,0,0,0,0,0,0,0,0,0,144,0,3,70,0,28.000,0,0,0,0,0,0,0,0,0,0,0,0,0,0,0,0,1,1,1,1,1,1,0,0,0,7360,0,0,0,0,0,0,0,0,0
0.465000,0.00,0.000,0.000,0,0,0.000,0,0,18.000,39.000,55.000,0,0,0,0,0,0,0,0,0,0,0,144,0,3,70,0,28.000,0,0,0,0,0,0,0,0,0,0,0,0,0,0,0,0,1,1,1,1,1,1,0,0,0,7440,0,0,0,0,0,0,0,0,0
0.470000,0.00,0.000,0.000,0,0,0.000,0,0,18.000,39.000,55.000,0,0,0,0,0,0,0,0,0,0,0,144,0,3,70,0,28.000,0,0,0,0,0,0,0,0,0,0,0,0,0,0,0,0,1,1,1,1,1,1,0,0,0,7520,0,0,0,0,0,0,0,0,0
0.475000,0.00,0.000,0.000,0,0,0.000,0,0,18.000,39.000,55.000,0,0,0,0,0,0,0,0,0,0,0,144,0,3,70,0,28.000,0,0,0,0,0,0,0,0,0,0,0,0,0,0,0,0,1,1,1,1,1,1,0,0,0,7600,0,0,0,0,0,0,0,0,0
0.480000,0.00,0.000,0.000,0,0,0.000,0,0,18.000,39.000,55.000,0,0,0,0,0,0,0,0,0,0,0,144,0,3,70,0,28.000,0,0,0,0,0,0,0,0,0,0,0,0,0,0,0,0,1,1,1,1,1,1,0,0,0,7680,0,0,0,0,0,0,0,0,0
0.485000,0.00,0.000,0.000,0,0,0.000,0,0,18.000,39.000,55.000,0,0,0,0,0,0,0,0,0,0,0,144,0,3,70,0,28.000,0,0,0,0,0,0,0,0,0,0,0,0,0,0,0,0,1,1,1,1,1,1,0,0,0,7760,0,0,0,0,0,0,0,0,0
0.490000,0.00,0.000,0.000,0,0,0.000,0,0,18.000,39.000,55.000,0,0,0,0,0,0,0,0,0,0,0,144,0,3,70,0,28.000,0,0,0,0,0,0,0,0,0,0,0,0,0,0,0,0,1,1,1,1,1,1,0,0,0,7840,0,0,0,0,0,0,0,0,0
0.495000,0.00,0.000,0.000,0,0,0.000,0,0,18.000,39.000,55.000,0,0,0,0,0,0,0,0,0,0,0,144,0,3,70,0,28.000,0,0,0,0,0,0,0,0,0,0,0,0,0,0,0,0,1,1,1,1,1,1,0,0,0,7920,0,0,0,0,0,0,0,0,0
0.500000,0.11,28.052,16.820,2,0,72.000,0,0,18.000,39.000,55.000,0,0,0,0,0,0,0,0,0,0,0,16,0,3,70,1,28.000,1,1,0,0,0,0,0,0,0,0,0,0,0,0,0,0,1,1,1,1,1,1,0,0,0,8000,0,0,0,0,0,0,0,0,0
0.505000,2.27,29.085,17.480,48,1,72.000,0,0,18.000,39.000,55.000,0,0,0,0,0,0,0,0,0,0,0,16,0,3,70,1,28.000,1,1,0,0,0,0,0,0,0,0,0,0,0,0,0,0,1,1,1,1,1,1,0,0,0,8080,0,0,0,0,0,0,0,0,0
0.510000,4.43,30.113,18.080,88,4,72.000,0,0,18.000,39.000,55.000,0,0,0,0,0,0,0,0,0,0,0,16,0,3,70,1,28.000,1,1,2,2,1,1,0,0,1,0,0,1,0,0,0,0,1,1,1,1,1,1,0,0,0,8160,0,0,0,0,0,0,0,0,0
0.515000,6.59,31.129,18.670,125,8,72.000,0,0,18.000,39.000,55.000,0,0,0,0,0,0,0,0,0,0,0,16,0,3,70,1,28.000,1,1,2,2,1,1,0,0,1,0,0,1,0,0,0,0,1,1,1,1,1,1,0,0,0,8240,0,0,0,0,0,0,0,0,0
0.520000,8.75,32.129,19.270,158,14,72.000,0,0,18.000,39.000,55.000,0,0,0,160,7,10,0,0,0,0,0,16,0,3,30,1,28.000,1,1,3,3,2,1,0,0,2,0,0,2,0,0,0,0,1,1,1,1,1,1,0,0,0,8320,0,0,0,0,0,0,0,0,0
0.525000,10.91,33.106,19.870,189,20,72.000,0,0,18.000,39.000,55.000,0,0,0,160,7,14,0,0,0,0,0,16,0,3,30,1,28.000,1,1,3,3,2,1,0,0,2,0,0,2,0,0,0,0,1,1,1,1,1,1,0,0,0,8400,0,0,0,0,0,0,0,0,0
0.530000,13.07,34.057,20.410,216,194,72.000,0,0,18.000,39.000,55.000,0,0,0,160,7,151,14,14,14,14,1,0,0,3,30,1,28.000,1,1,1,1,3,1,0,0,3,0,0,3,0,0,0,0,1,1,1,1,1,1,0,0,0,8480,0,0,0,0,0,0,0,0,0
0.535000,15.23,34.975,20.960,242,196,72.000,0,0,18.000,39.000,55.000,0,0,0,160,7,153,14,14,14,14,1,0,0,3,30,1,28.000,1,1,0,0,4,1,0,0,4,0,0,4,0,0,0,0,1,1,1,1,1,1,0,0,0,8560,0,0,0,0,0,0,0,0,0
0.540000,17.39,35.856,21.500,265,198,72.000,0,0,18.000,39.000,55.000,0,0,0,160,7,155,14,14,14,14,1,0,0,3,30,1,28.000,1,1,0,0,4,1,0,0,4,0,0,4,0,0,0,0,1,1,1,1,1,1,0,0,0,8640,0,0,0,0,0,0,0,0,0
0.545000,19.55,36.695,21.990,287,201,72.000,71,71,18.000,39.000,55.000,264,108,173,160,7,78,14,14,14,14,1,0,0,3,30,1,28.000,1,1,2,2,5,1,0,0,5,0,0,5,0,0,0,0,1,1,1,1,1,1,0,0,0,8720,0,0,0,0,0,0,0,0,0
0.550000,21.71,37.488,22.480,306,205,72.000,71,71,18.000,39.000,55.000,270,110,177,160,7,80,14,14,14,14,1,0,0,3,30,1,28.000,1,1,2,2,5,1,0,0,5,0,0,5,0,0,0,0,1,1,1,1,1,1,0,0,0,8800,0,0,0,0,0,0,0,0,0
0.555000,23.87,38.231,22.920,325,210,72.000,71,71,18.000,39.000,55.000,275,114,182,160,7,83,14,14,14,14,1,0,0,3,30,1,28.000,1,1,3,3,6,1,0,0,6,0,0,6,0,0,0,0,1,1,1,1,1,1,0,0,0,8880,0,0,0,0,0,0,0,0,0
0.560000,26.03,38.919,23.350,342,215,72.000,71,71,18.000,39.000,55.000,280,117,187,160,7,85,14,14,14,14,1,0,0,3,30,1,28.000,1,1,3,3,6,1,0,0,6,0,0,6,0,0,0,0,1,1,1,1,1,1,0,0,0,8960,0,0,0,0,0,0,0,0,0
0.565000,28.19,39.550,23.730,357,220,72.000,71,71,18.000,39.000,55.000,285,120,193,160,7,88,14,14,14,14,1,0,0,3,30,1,28.000,1,1,1,1,7,1,0,0,7,0,0,7,0,0,0,0,1,1,1,1,1,1,0,0,0,9040,0,0,0,0,0,0,0,0,0
0.570000,30.35,40.119,24.060,372,226,72.000,71,71,18.000,39.000,55.000,289,124,199,160,7,90,14,14,14,14,1,0,0,3,30,1,28.000,1,1,0,0,8,1,0,0,8,0,0,8,0,0,0,0,1,1,1,1,1,1,0,0,0,9120,0,0,0,0,0,0,0,0,0
0.575000,32.51,40.625,24.380,385,232,72.000,71,71,18.000,39.000,55.000,293,128,205,160,7,93,14,14,14,14,1,0,0,3,30,1,28.000,1,1,0,0,8,1,0,0,8,0,0,8,0,0,0,0,1,1,1,1,1,1,0,0,0,9200,0,0,0,0,0,0,0,0,0
0.580000,34.67,41.064,24.660,397,239,72.000,71,71,18.000,39.000,55.000,296,133,212,160,7,97,14,14,14,14,1,0,0,3,30,1,28.000,1,1,2,2,9,1,0,0,9,0,0,9,0,0,0,0,1,1,1,1,1,1,0,0,0,9280,0,0,0,0,0,0,0,0,0
0.585000,36.83,41.434,24.870,408,245,72.000,71,71,18.000,39.000,55.000,299,136,218,160,7,99,14,14,14,14,1,0,0,3,30,1,28.000,1,1,2,2,9,1,0,0,9,0,0,9,0,0,0,0,1,1,1,1,1,1,0,0,0,9360,0,0,0,0,0,0,0,0,0
0.590000,38.99,41.733,25.040,418,252,72.000,71,71,18.000,39.000,55.000,301,141,226,160,7,103,14,14,14,14,1,0,0,3,30,1,28.000,1,1,3,3,10,1,0,0,10,0,0,10,0,0,0,0,1,1,1,1,1,1,0,0,0,9440,0,0,0,0,0,0,0,0,0
0.595000,41.15,41.960,25.150,427,259,72.000,71,71,18.000,39.000,55.000,302,146,233,160,7,106,14,14,14,14,1,0,0,3,30,1,28.000,1,1,3,3,10,1,0,0,10,0,0,10,0,0,0,0,1,1,1,1,1,1,0,0,0,9520,0,0,0,0,0,0,0,0,0
0.600000,43.31,42.114,25.260,436,266,72.000,71,71,18.000,39.000,55.000,303,150,241,160,7,109,14,14,14,14,1,0,0,3,30,1,28.000,1,1,1,1,11,1,0,0,11,0,0,11,0,0,0,0,1,1,1,1,1,1,0,0,0,9600,0,0,0,0,0,0,0,0,0
0.605000,45.47,42.195,25.310,443,273,72.000,71,71,18.000,39.000,55.000,304,155,248,160,7,113,14,14,14,14,1,0,0,3,30,1,28.000,1,1,0,0,12,1,0,0,12,0,0,12,0,0,0,0,1,1,1,1,1,1,0,0,0,9680,0,0,0,0,0,0,0,0,0
0.610000,47.63,42.202,25.310,449,280,72.000,71,71,18.000,39.000,55.000,304,159,255,160,7,116,14,14,14,14,1,0,0,3,30,1,28.000,1,1,0,0,12,1,0,0,12,0,0,12,0,0,0,0,1,1,1,1,1,1,0,0,0,9760,0,0,0,0,0,0,0,0,0
0.615000,49.79,42.135,25.260,455,287,72.000,71,71,18.000,39.000,55.000,303,164,263,160,7,120,14,14,14,14,1,0,0,3,30,1,28.000,1,1,2,2,13,1,0,0,13,0,0,13,0,0,0,0,1,1,1,1,1,1,0,0,0,9840,0,0,0,0,0,0,0,0,0
0.620000,51.95,41.995,25.200,459,294,72.000,71,71,18.000,39.000,55.000,303,168,270,160,7,123,14,14,14,14,1,0,0,3,30,1,28.000,1,1,2,2,13,1,0,0,13,0,0,13,0,0,0,0,1,1,1,1,1,1,0,0,0,9920,0,0,0,0,0,0,0,0,0
0.625000,54.11,41.783,25.040,463,301,72.000,71,71,18.000,39.000,55.000,301,173,277,160,7,126,14,14,14,14,1,0,0,3,30,1,28.000,1,1,3,3,14,1,0,0,14,0,0,14,0,0,0,0,1,1,1,1,1,1,0,0,0,10000,0,0,0,0,0,0,0,0,0
0.630000,56.27,41.501,24.870,466,308,72.000,71,71,18.000,39.000,55.000,299,178,285,160,7,130,14,14,14,14,1,0,0,3,30,1,28.000,1,1,1,1,15,1,0,0,15,0,0,15,0,0,0,0,1,1,1,1,1,1,0,0,0,10080,0,0,0,0,0,0,0,0,0
0.635000,58.43,41.149,24.660,468,314,72.000,71,71,18.000,39.000,55.000,296,182,291,160,7,132,14,14,14,14,1,0,0,3,30,1,28.000,1,1,1,1,15,1,0,0,15,0,0,15,0,0,0,0,1,1,1,1,1,1,0,0,0,10160,0,0,0,0,0,0,0,0,0
0.640000,60.59,40.732,24.440,469,320,72.000,71,71,18.000,39.000,55.000,293,185,297,160,7,135,14,14,14,14,1,0,0,3,30,1,28.000,1,1,0,0,16,1,0,0,16,0,0,16,0,0,0,0,1,1,1,1,1,1,0,0,0,10240,0,0,0,0,0,0,0,0,0
0.645000,62.75,40.250,24.110,470,326,72.000,71,71,18.000,39.000,55.000,289,189,303,160,7,138,14,14,14,14,1,0,0,3,30,1,28.000,1,1,0,0,16,1,0,0,16,0,0,16,0,0,0,0,1,1,1,1,1,1,0,0,0,10320,0,0,0,0,0,0,0,0,0
0.650000,64.91,39.707,23.840,469,332,72.000,71,71,18.000,39.000,55.000,286,193,310,160,7,141,14,14,14,14,1,0,0,3,30,1,28.000,1,1,2,2,17,1,0,0,17,0,0,17,0,0,0,0,1,1,1,1,1,1,0,0,0,10400,0,0,0,0,0,0,0,0,0
0.655000,67.07,39.106,23.460,468,338,72.000,71,71,18.000,39.000,55.000,282,197,316,160,7,144,14,14,14,14,1,0,0,3,30,1,28.000,1,1,2,2,17,1,0,0,17,0,0,17,0,0,0,0,1,1,1,1,1,1,0,0,0,10480,0,0,0,0,0,0,0,0,0
0.660000,69.23,38.451,23.080,466,343,72.000,71,71,18.000,39.000,55.000,277,201,321,160,7,146,14,14,14,14,1,0,0,3,30,1,28.000,1,1,3,3,18,1,0,0,18,0,0,18,0,0,0,0,1,1,1,1,1,1,0,0,0,10560,0,0,0,0,0,0,0,0,0
0.665000,71.39,37.745,22.640,463,348,72.000,71,71,18.000,39.000,55.000,272,204,326,160,7,149,14,14,14,14,1,0,0,3,30,1,28.000,1,1,1,1,19,1,0,0,19,0,0,19,0,0,0,0,1,1,1,1,1,1,0,0,0,10640,0,0,0,0,0,0,0,0,0
0.670000,73.55,36.993,22.210,460,353,72.000,71,71,18.000,39.000,55.000,267,207,332,160,7,151,14,14,14,14,1,0,0,3,30,1,28.000,1,1,1,1,19,1,0,0,19,0,0,19,0,0,0,0,1,1,1,1,1,1,0,0,0,10720,0,0,0,0,0,0,0,0,0
0.675000,75.71,36.199,21.720,456,357,72.000,71,71,18.000,39.000,55.000,261,210,336,160,7,153,14,14,14,14,1,0,0,3,30,1,28.000,1,1,0,0,20,1,0,0,20,0,0,20,0,0,0,0,1,1,1,1,1,1,0,0,0,10800,0,0,0,0,0,0,0,0,0
0.680000,77.87,35.368,21.230,451,361,72.000,71,71,18.000,39.000,55.000,255,212,340,160,7,155,14,14,14,14,1,0,0,3,30,1,28.000,1,1,0,0,20,1,0,0,20,0,0,20,0,0,0,0,1,1,1,1,1,1,0,0,0,10880,0,0,0,0,0,0,0,0,0
0.685000,80.03,34.504,20.690,446,364,72.000,71,71,18.000,39.000,55.000,248,214,343,160,7,156,14,14,14,14,1,0,0,3,30,1,28.000,1,1,2,2,21,1,0,0,21,0,0,21,0,0,0,0,1,1,1,1,1,1,0,0,0,10960,0,0,0,0,0,0,0,0,0
0.690000,82.19,33.613,20.140,440,367,72.000,71,71,18.000,39.000,55.000,242,216,346,160,7,158,14,14,14,14,1,0,0,3,30,1,28.000,1,1,2,2,21,1,0,0,21,0,0,21,0,0,0,0,1,1,1,1,1,1,0,0,0,11040,0,0,0,0,0,0,0,0,0
0.695000,84.35,32.699,19.600,433,370,72.000,71,71,18.000,39.000,55.000,235,218,349,160,7,159,14,14,14,14,1,0,0,3,30,1,28.000,1,1,3,3,22,1,0,0,22,0,0,22,0,0,0,0,1,1,1,1,1,1,0,0,0,11120,0,0,0,0,0,0,0,0,0
0.700000,86.51,31.768,19.050,426,373,72.000,71,71,18.000,39.000,55.000,229,220,353,160,7,161,14,14,14,14,1,0,0,3,30,1,28.000,1,1,1,1,23,1,0,0,23,0,0,23,0,0,0,0,1,1,1,1,1,1,0,0,0,11200,0,0,0,0,0,0,0,0,0
0.705000,88.67,30.825,18.510,419,375,72.000,71,71,18.000,39.000,55.000,222,222,355,160,7,162,14,14,14,14,1,0,0,3,30,1,28.000,1,1,1,1,23,1,0,0,23,0,0,23,0,0,0,0,1,1,1,1,1,1,0,0,0,11280,0,0,0,0,0,0,0,0,0
0.710000,90.83,29.876,17.910,411,376,72.000,71,71,18.000,39.000,55.000,215,222,356,160,7,162,14,14,14,14,1,0,0,3,30,1,28.000,1,1,0,0,24,1,0,0,24,0,0,24,0,0,0,0,1,1,1,1,1,1,0,0,0,11360,0,0,0,0,0,0,0,0,0
0.715000,92.99,28.925,17.370,403,377,72.000,71,71,18.000,39.000,55.000,208,223,357,160,7,162,14,14,14,14,1,0,0,3,30,1,28.000,1,1,0,0,24,1,0,0,24,0,0,24,0,0,0,0,1,1,1,1,1,1,0,0,0,11440,0,0,0,0,0,0,0,0,0
0.720000,95.15,27.979,16.770,394,378,72.000,71,71,18.000,39.000,55.000,201,223,358,160,7,163,14,14,14,14,1,0,0,3,30,1,28.000,1,1,2,2,25,1,0,0,25,0,0,25,0,0,0,0,1,1,1,1,1,1,0,0,0,11520,0,0,0,0,0,0,0,0,0
0.725000,97.31,27.042,16.230,386,379,72.000,71,71,18.000,39.000,55.000,195,224,359,160,7,163,14,14,14,14,1,0,0,3,30,1,28.000,1,1,2,2,25,1,0,0,25,0,0,25,0,0,0,0,1,1,1,1,1,1,0,0,0,11600,0,0,0,0,0,0,0,0,0
0.730000,99.47,26.121,15.680,377,379,72.000,71,71,18.000,39.000,55.000,188,224,359,160,7,163,14,14,14,14,1,0,0,3,30,1,28.000,1,1,3,3,26,1,0,0,26,0,0,26,0,0,0,0,1,1,1,1,1,1,0,0,0,11680,0,0,0,0,0,0,0,0,0
0.735000,101.63,25.219,15.140,368,379,72.000,71,71,18.000,39.000,55.000,182,224,359,160,7,163,14,14,14,14,1,0,0,3,30,1,28.000,1,1,1,1,27,1,0,0,27,0,0,27,0,0,0,0,1,1,1,1,1,1,0,0,0,11760,0,0,0,0,0,0,0,0,0
0.740000,103.79,24.343,14.590,358,378,72.000,71,71,18.000,39.000,55.000,175,223,358,160,7,163,14,14,14,14,1,0,0,3,30,1,28.000,1,1,1,1,27,1,0,0,27,0,0,27,0,0,0,0,1,1,1,1,1,1,0,0,0,11840,0,0,0,0,0,0,0,0,0
0.745000,105.95,23.496,14.100,349,378,72.000,71,71,18.000,39.000,55.000,169,223,358,160,7,163,14,14,14,14,1,0,0,3,30,1,28.000,1,1,0,0,28,1,0,0,28,0,0,28,0,0,0,0,1,1,1,1,1,1,0,0,0,11920,0,0,0,0,0,0,0,0,0
0.750000,108.11,22.685,13.620,340,377,72.000,71,71,18.000,39.000,55.000,163,223,357,160,7,162,14,14,14,14,1,0,0,3,30,1,28.000,1,1,0,0,28,1,0,0,28,0,0,28,0,0,0,0,1,1,1,1,1,1,0,0,0,12000,0,0,0,0,0,0,0,0,0
0.755000,110.27,21.912,13.130,331,377,72.000,72,71,18.000,39.000,55.000,157,223,357,160,7,162,14,14,14,14,1,0,0,3,30,1,28.000,1,1,2,2,29,1,0,0,29,0,0,29,0,0,0,0,1,1,1,1,1,1,0,0,0,12080,0,0,0,0,0,0,0,0,0
0.760000,112.43,21.183,12.690,322,376,72.000,72,71,18.000,39.000,55.000,152,222,356,160,7,162,14,14,14,14,1,0,0,3,30,1,28.000,1,1,2,2,29,1,0,0,29,0,0,29,0,0,0,0,1,1,1,1,1,1,0,0,0,12160,0,0,0,0,0,0,0,0,0
0.765000,114.59,20.502,12.310,313,374,72.000,72,71,18.000,39.000,55.000,148,221,354,160,7,161,14,14,14,14,1,0,0,3,30,1,28.000,1,1,3,3,30,1,0,0,30,0,0,30,0,0,0,0,1,1,1,1,1,1,0,0,0,12240,0,0,0,0,0,0,0,0,0
0.770000,116.75,19.872,11.930,304,373,72.000,72,71,18.000,39.000,55.000,143,220,353,160,7,161,14,14,14,14,1,0,0,3,30,1,28.000,1,1,1,1,31,1,0,0,31,0,0,31,0,0,0,0,1,1,1,1,1,1,0,0,0,12320,0,0,0,0,0,0,0,0,0
0.775000,118.91,19.297,11.550,296,372,72.000,72,71,18.000,39.000,55.000,138,219,351,160,7,160,14,14,14,14,1,0,0,3,30,1,28.000,1,1,1,1,31,1,0,0,31,0,0,31,0,0,0,0,1,1,1,1,1,1,0,0,0,12400,0,0,0,0,0,0,0,0,0
0.780000,121.07,18.780,11.280,288,370,72.000,72,71,18.000,39.000,55.000,135,218,349,160,7,159,14,14,14,14,1,0,0,3,30,1,28.000,1,1,0,0,32,1,0,0,32,0,0,32,0,0,0,0,1,1,1,1,1,1,0,0,0,12480,0,0,0,0,0,0,0,0,0
0.785000,123.23,18.323,11.000,280,369,72.000,72,71,18.000,39.000,55.000,132,218,348,160,7,159,14,14,14,14,1,0,0,3,30,1,28.000,1,1,0,0,32,1,0,0,32,0,0,32,0,0,0,0,1,1,1,1,1,1,0,0,0,12560,0,0,0,0,0,0,0,0,0
0.790000,125.39,17.929,10.730,273,367,72.000,71,71,18.000,39.000,55.000,129,216,346,160,7,158,14,14,14,14,1,0,0,3,30,1,28.000,1,1,2,2,33,1,0,0,33,0,0,33,0,0,0,0,1,1,1,1,1,1,0,0,0,12640,0,0,0,0,0,0,0,0,0
0.795000,127.55,17.600,10.570,266,365,72.000,71,71,18.000,39.000,55.000,127,215,344,160,7,157,14,14,14,14,1,0,0,3,30,1,28.000,1,1,3,3,34,1,0,0,34,0,0,34,0,0,0,0,1,1,1,1,1,1,0,0,0,12720,0,0,0,0,0,0,0,0,0
0.800000,129.71,17.338,10.410,260,363,72.000,71,71,18.000,39.000,55.000,125,214,342,160,7,156,14,14,14,14,1,0,0,3,30,1,28.000,1,1,3,3,34,1,0,0,34,0,0,34,0,0,0,0,1,1,1,1,1,1,0,0,0,12800,0,0,0,0,0,0,0,0,0
0.805000,131.87,17.143,10.300,254,361,72.000,71,71,18.000,39.000,55.000,123,212,340,160,7,155,14,14,14,14,1,0,0,3,30,1,28.000,1,1,1,1,35,1,0,0,35,0,0,35,0,0,0,0,1,1,1,1,1,1,0,0,0,12880,0,0,0,0,0,0,0,0,0
0.810000,134.03,17.018,10.190,249,359,72.000,71,71,18.000,39.000,55.000,122,211,338,160,7,154,14,14,14,14,1,0,0,3,30,1,28.000,1,1,1,1,35,1,0,0,35,0,0,35,0,0,0,0,1,1,1,1,1,1,0,0,0,12960,0,0,0,0,0,0,0,0,0
0.815000,136.19,16.962,10.190,244,356,72.000,71,71,18.000,39.000,55.000,122,209,335,160,7,152,14,14,14,14,1,0,0,3,30,1,28.000,1,1,0,0,36,1,0,0,36,0,0,36,0,0,0,0,1,1,1,1,1,1,0,0,0,13040,0,0,0,0,0,0,0,0,0
0.820000,138.35,16.975,10.190,240,354,72.000,71,71,18.000,39.000,55.000,122,208,333,160,7,151,14,14,14,14,1,0,0,3,30,1,28.000,1,1,0,0,36,1,0,0,36,0,0,36,0,0,0,0,1,1,1,1,1,1,0,0,0,13120,0,0,0,0,0,0,0,0,0
0.825000,140.51,17.057,10.240,236,352,72.000,71,71,18.000,39.000,55.000,123,206,331,160,7,151,14,14,14,14,1,0,0,3,30,1,28.000,1,1,2,2,37,1,0,0,37,0,0,37,0,0,0,0,1,1,1,1,1,1,0,0,0,13200,0,0,0,0,0,0,0,0,0
0.830000,142.67,17.207,10.300,233,350,72.000,71,71,18.000,39.000,55.000,123,205,329,160,7,150,14,14,14,14,1,0,0,3,30,1,28.000,1,1,3,3,38,1,0,0,38,0,0,38,0,0,0,0,1,1,1,1,1,1,0,0,0,13280,0,0,0,0,0,0,0,0,0
0.835000,144.83,17.425,10.460,231,347,72.000,71,71,18.000,39.000,55.000,125,203,325,160,7,148,14,14,14,14,1,0,0,3,30,1,28.000,1,1,3,3,38,1,0,0,38,0,0,38,0,0,0,0,1,1,1,1,1,1,0,0,0,13360,0,0,0,0,0,0,0,0,0
0.840000,146.99,17.708,10.620,230,345,72.000,71,71,18.000,39.000,55.000,127,202,323,160,7,147,14,14,14,14,1,0,0,3,30,1,28.000,1,1,1,1,39,1,0,0,39,0,0,39,0,0,0,0,1,1,1,1,1,1,0,0,0,13440,0,0,0,0,0,0,0,0,0
0.845000,149.15,18.054,10.840,229,343,72.000,71,71,18.000,39.000,55.000,130,201,321,160,7,146,14,14,14,14,1,0,0,3,30,1,28.000,1,1,1,1,39,1,0,0,39,0,0,39,0,0,0,0,1,1,1,1,1,1,0,0,0,13520,0,0,0,0,0,0,0,0,0
0.850000,151.31,18.462,11.060,229,341,72.000,71,71,18.000,39.000,55.000,133,199,319,160,7,145,14,14,14,14,1,0,0,3,30,1,28.000,1,1,0,0,40,1,0,0,40,0,0,40,0,0,0,0,1,1,1,1,1,1,0,0,0,13600,0,0,0,0,0,0,0,0,0
0.855000,153.47,18.929,11.330,229,339,72.000,71,71,18.000,39.000,55.000,136,198,317,160,7,144,14,14,14,14,1,0,0,3,30,1,28.000,1,1,0,0,40,1,0,0,40,0,0,40,0,0,0,0,1,1,1,1,1,1,0,0,0,13680,0,0,0,0,0,0,0,0,0
0.860000,155.63,19.452,11.660,230,336,72.000,71,71,18.000,39.000,55.000,140,196,314,160,7,143,14,14,14,14,1,0,0,3,30,1,28.000,1,1,2,2,41,1,0,0,41,0,0,41,0,0,0,0,1,1,1,1,1,1,0,0,0,13760,0,0,0,0,0,0,0,0,0
0.865000,157.79,20.027,11.980,232,334,72.000,71,71,18.000,39.000,55.000,144,195,312,160,7,142,14,14,14,14,1,0,0,3,30,1,28.000,1,1,3,3,42,1,0,0,42,0,0,42,0,0,0,0,1,1,1,1,1,1,0,0,0,13840,0,0,0,0,0,0,0,0,0
0.870000,159.95,20.651,12.360,234,332,72.000,71,71,18.000,39.000,55.000,148,193,310,160,7,141,14,14,14,14,1,0,0,3,30,1,28.000,1,1,3,3,42,1,0,0,42,0,0,42,0,0,0,0,1,1,1,1,1,1,0,0,0,13920,0,0,0,0,0,0,0,0,0
0.875000,162.11,21.321,12.800,237,331,72.000,71,71,18.000,39.000,55.000,153,193,309,160,7,140,14,14,14,14,1,0,0,3,30,1,28.000,1,1,1,1,43,1,0,0,43,0,0,43,0,0,0,0,1,1,1,1,1,1,0,0,0,14000,0,0,0,0,0,0,0,0,0
0.880000,164.27,22.031,13.230,241,329,72.000,71,71,18.000,39.000,55.000,159,191,306,160,7,140,14,14,14,14,1,0,0,3,30,1,28.000,1,1,1,1,43,1,0,0,43,0,0,43,0,0,0,0,1,1,1,1,1,1,0,0,0,14080,0,0,0,0,0,0,0,0,0
0.885000,166.43,22.777,13.670,245,327,72.000,71,71,18.000,39.000,55.000,164,190,305,160,7,139,14,14,14,14,1,0,0,3,30,1,28.000,1,1,0,0,44,1,0,0,44,0,0,44,0,0,0,0,1,1,1,1,1,1,0,0,0,14160,0,0,0,0,0,0,0,0,0
0.890000,168.59,23.556,14.100,250,326,72.000,71,71,18.000,39.000,55.000,169,189,303,160,7,138,14,14,14,14,1,0,0,3,30,1,28.000,1,1,0,0,44,1,0,0,44,0,0,44,0,0,0,0,1,1,1,1,1,1,0,0,0,14240,0,0,0,0,0,0,0,0,0
0.895000,170.75,24.361,14.590,255,324,72.000,71,71,18.000,39.000,55.000,175,188,301,160,7,137,14,14,14,14,1,0,0,3,30,1,28.000,1,1,2,2,45,1,0,0,45,0,0,45,0,0,0,0,1,1,1,1,1,1,0,0,0,14320,0,0,0,0,0,0,0,0,0
0.900000,172.91,25.189,15.080,261,323,72.000,71,71,18.000,39.000,55.000,181,187,300,160,7,137,14,14,14,14,1,0,0,3,30,1,28.000,1,1,3,3,46,1,0,0,46,0,0,46,0,0,0,0,1,1,1,1,1,1,0,0,0,14400,0,0,0,0,0,0,0,0,0
0.905000,175.07,26.034,15.630,267,322,72.000,71,71,18.000,39.000,55.000,187,187,299,160,7,136,14,14,14,14,1,0,0,3,30,1,28.000,1,1,3,3,46,1,0,0,46,0,0,46,0,0,0,0,1,1,1,1,1,1,0,0,0,14480,0,0,0,0,0,0,0,0,0
0.910000,177.23,26.891,16.120,274,321,72.000,71,71,18.000,39.000,55.000,193,186,298,160,7,136,14,14,14,14,1,0,0,3,30,1,28.000,1,1,1,1,47,1,0,0,47,0,0,47,0,0,0,0,1,1,1,1,1,1,0,0,0,14560,0,0,0,0,0,0,0,0,0
0.915000,179.39,27.755,16.660,281,320,72.000,71,71,18.000,39.000,55.000,200,185,297,160,7,135,14,14,14,14,1,0,0,3,30,1,28.000,1,1,1,1,47,1,0,0,47,0,0,47,0,0,0,0,1,1,1,1,1,1,0,0,0,14640,0,0,0,0,0,0,0,0,0
0.920000,181.55,28.620,17.150,289,319,72.000,71,71,18.000,39.000,55.000,206,185,296,160,7,135,14,14,14,14,1,0,0,3,30,1,28.000,1,1,0,0,48,1,0,0,48,0,0,48,0,0,0,0,1,1,1,1,1,1,0,0,0,14720,0,0,0,0,0,0,0,0,0
0.925000,183.71,29.481,17.690,296,319,72.000,71,71,18.000,39.000,55.000,212,185,296,160,7,135,14,14,14,14,1,0,0,3,30,1,28.000,1,1,0,0,48,1,0,0,48,0,0,48,0,0,0,0,1,1,1,1,1,1,0,0,0,14800,0,0,0,0,0,0,0,0,0
0.930000,185.87,30.334,18.180,304,318,72.000,71,71,18.000,39.000,55.000,218,184,295,160,7,134,14,14,14,14,1,0,0,3,30,1,28.000,1,1,2,2,49,1,0,0,49,0,0,49,0,0,0,0,1,1,1,1,1,1,0,0,0,14880,0,0,0,0,0,0,0,0,0
0.935000,188.03,31.172,18.670,312,318,72.000,71,71,18.000,39.000,55.000,224,184,295,160,7,134,14,14,14,14,1,0,0,3,30,1,28.000,1,1,3,3,50,1,0,0,50,0,0,50,0,0,0,0,1,1,1,1,1,1,0,0,0,14960,0,0,0,0,0,0,0,0,0
0.940000,190.19,31.991,19.160,321,318,72.000,71,71,18.000,39.000,55.000,230,184,295,160,7,134,14,14,14,14,1,0,0,3,30,1,28.000,1,1,3,3,50,1,0,0,50,0,0,50,0,0,0,0,1,1,1,1,1,1,0,0,0,15040,0,0,0,0,0,0,0,0,0
0.945000,192.35,32.785,19.650,329,319,72.000,71,71,18.000,39.000,55.000,236,185,296,160,7,135,14,14,14,14,1,0,0,3,30,1,28.000,1,1,1,1,51,1,0,0,51,0,0,51,0,0,0,0,1,1,1,1,1,1,0,0,0,15120,0,0,0,0,0,0,0,0,0
0.950000,194.51,33.551,20.140,337,319,72.000,71,71,18.000,39.000,55.000,242,185,296,160,7,135,14,14,14,14,1,0,0,3,30,1,28.000,1,1,1,1,51,1,0,0,51,0,0,51,0,0,0,0,1,1,1,1,1,1,0,0,0,15200,0,0,0,0,0,0,0,0,0
0.955000,196.67,34.282,20.580,346,320,72.000,71,71,18.000,39.000,55.000,247,185,297,160,7,135,14,14,14,14,1,0,0,3,30,1,28.000,1,1,0,0,52,1,0,0,52,0,0,52,0,0,0,0,1,1,1,1,1,1,0,0,0,15280,0,0,0,0,0,0,0,0,0
0.960000,198.83,34.975,20.960,354,321,72.000,71,71,18.000,39.000,55.000,252,186,298,160,7,136,14,14,14,14,1,0,0,3,30,1,28.000,1,1,2,2,53,1,0,0,53,0,0,53,0,0,0,0,1,1,1,1,1,1,0,0,0,15360,0,0,0,0,0,0,0,0,0
0.965000,200.99,35.625,21.390,362,323,72.000,71,71,18.000,39.000,55.000,257,187,300,160,7,137,14,14,14,14,1,0,0,3,30,1,28.000,1,1,2,2,53,1,0,0,53,0,0,53,0,0,0,0,1,1,1,1,1,1,0,0,0,15440,0,0,0,0,0,0,0,0,0
0.970000,203.15,36.228,21.720,370,324,72.000,71,71,18.000,39.000,55.000,261,188,301,160,7,137,14,14,14,14,1,0,0,3,30,1,28.000,1,1,3,3,54,1,0,0,54,0,0,54,0,0,0,0,1,1,1,1,1,1,0,0,0,15520,0,0,0,0,0,0,0,0,0
0.975000,205.31,36.781,22.050,378,326,72.000,71,71,18.000,39.000,55.000,265,189,303,160,7,138,14,14,14,14,1,0,0,3,30,1,28.000,1,1,3,3,54,1,0,0,54,0,0,54,0,0,0,0,1,1,1,1,1,1,0,0,0,15600,0,0,0,0,0,0,0,0,0
0.980000,207.47,37.280,22.370,385,329,72.000,71,71,18.000,39.000,55.000,269,191,306,160,7,140,14,14,14,14,1,0,0,3,30,1,28.000,1,1,1,1,55,1,0,0,55,0,0,55,0,0,0,0,1,1,1,1,1,1,0,0,0,15680,0,0,0,0,0,0,0,0,0
0.985000,209.63,37.722,22.640,393,331,72.000,71,71,18.000,39.000,55.000,272,193,309,160,7,140,14,14,14,14,1,0,0,3,30,1,28.000,1,1,1,1,55,1,0,0,55,0,0,55,0,0,0,0,1,1,1,1,1,1,0,0,0,15760,0,0,0,0,0,0,0,0,0
0.990000,211.79,38.104,22.860,399,334,72.000,71,71,18.000,39.000,55.000,274,195,312,160,7,142,14,14,14,14,1,0,0,3,30,1,28.000,1,1,0,0,56,1,0,0,56,0,0,56,0,0,0,0,1,1,1,1,1,1,0,0,0,15840,0,0,0,0,0,0,0,0,0
0.995000,213.95,38.423,23.030,406,336,72.000,71,71,18.000,39.000,55.000,276,196,314,160,7,143,14,14,14,14,1,0,0,3,30,1,28.000,1,1,2,2,57,1,0,0,57,0,0,57,0,0,0,0,1,1,1,1,1,1,0,0,0,15920,0,0,0,0,0,0,0,0,0
1.000000,216.11,38.678,23.190,412,339,72.000,71,71,18.000,39.000,55.000,278,198,317,160,7,144,14,14,14,14,1,0,0,3,30,1,28.000,1,1,2,2,57,1,0,0,57,0,0,57,0,0,0,0,1,1,1,1,1,1,0,0,0,16000,0,0,0,0,0,0,0,0,0
1.005000,218.27,38.866,23.300,417,342,72.000,71,71,18.000,39.000,55.000,280,200,320,160,7,146,14,14,14,14,1,0,0,3,30,1,28.000,1,1,3,3,58,1,0,0,58,0,0,58,0,0,0,0,1,1,1,1,1,1,0,0,0,16080,0,0,0,0,0,0,0,0,0
1.010000,220.43,38.987,23.410,422,346,72.000,71,71,18.000,39.000,55.000,281,203,324,160,7,148,14,14,14,14,1,0,0,3,30,1,28.000,1,1,3,3,58,1,0,0,58,0,0,58,0,0,0,0,1,1,1,1,1,1,0,0,0,16160,0,0,0,0,0,0,0,0,0
1.015000,222.59,39.040,23.410,427,349,72.000,71,71,18.000,39.000,55.000,281,204,327,160,7,149,14,14,14,14,1,0,0,3,30,1,28.000,1,1,1,1,59,1,0,0,59,0,0,59,0,0,0,0,1,1,1,1,1,1,0,0,0,16240,0,0,0,0,0,0,0,0,0
1.020000,224.75,39.023,23.410,431,352,72.000,71,71,18.000,39.000,55.000,281,206,331,160,7,151,14,14,14,14,1,0,0,3,30,1,28.000,1,1,1,1,59,1,0,0,59,0,0,59,0,0,0,0,1,1,1,1,1,1,0,0,0,16320,0,0,0,0,0,0,0,0,0
1.025000,226.91,38.936,23.350,434,355,72.000,71,71,18.000,39.000,55.000,280,208,334,160,7,152,14,14,14,14,1,0,0,3,30,1,28.000,1,1,0,0,60,1,0,0,60,0,0,60,0,0,0,0,1,1,1,1,1,1,0,0,0,16400,0,0,0,0,0,0,0,0,0
1.030000,229.07,38.781,23.240,437,358,72.000,71,71,18.000,39.000,55.000,279,210,337,160,7,153,14,14,14,14,1,0,0,3,30,1,28.000,1,1,2,2,61,1,0,0,61,0,0,61,0,0,0,0,1,1,1,1,1,1,0,0,0,16480,0,0,0,0,0,0,0,0,0
1.035000,231.23,38.557,23.130,439,362,72.000,71,71,18.000,39.000,55.000,278,213,341,160,7,155,14,14,14,14,1,0,0,3,30,1,28.000,1,1,2,2,61,1,0,0,61,0,0,61,0,0,0,0,1,1,1,1,1,1,0,0,0,16560,0,0,0,0,0,0,0,0,0
1.040000,233.39,38.266,22.970,440,365,72.000,71,71,18.000,39.000,55.000,276,215,344,160,7,157,14,14,14,14,1,0,0,3,30,1,28.000,1,1,3,3,62,1,0,0,62,0,0,62,0,0,0,0,1,1,1,1,1,1,0,0,0,16640,0,0,0,0,0,0,0,0,0
1.045000,235.55,37.908,22.750,441,368,72.000,71,71,18.000,39.000,55.000,273,217,347,160,7,158,14,14,14,14,1,0,0,3,30,1,28.000,1,1,3,3,62,1,0,0,62,0,0,62,0,0,0,0,1,1,1,1,1,1,0,0,0,16720,0,0,0,0,0,0,0,0,0
1.050000,237.71,37.487,22.480,441,371,72.000,71,71,18.000,39.000,55.000,270,219,351,160,7,160,14,14,14,14,1,0,0,3,30,1,28.000,1,1,1,1,63,1,0,0,63,0,0,63,0,0,0,0,1,1,1,1,1,1,0,0,0,16800,0,0,0,0,0,0,0,0,0
1.055000,239.87,37.004,22.210,440,374,72.000,71,71,18.000,39.000,55.000,267,221,354,160,7,161,14,14,14,14,1,0,0,3,30,1,28.000,1,1,1,1,63,1,0,0,63,0,0,63,0,0,0,0,1,1,1,1,1,1,0,0,0,16880,0,0,0,0,0,0,0,0,0
1.060000,242.03,36.461,21.880,439,376,72.000,71,71,18.000,39.000,55.000,263,222,356,160,7,162,14,14,14,14,1,0,0,3,30,1,28.000,1,1,0,0,64,1,0,0,64,0,0,64,0,0,0,0,1,1,1,1,1,1,0,0,0,16960,0,0,0,0,0,0,0,0,0
1.065000,244.19,35.861,21.500,437,379,72.000,72,71,18.000,39.000,55.000,258,224,359,160,7,163,14,14,14,14,1,0,0,3,30,1,28.000,1,1,2,2,65,1,0,0,65,0,0,65,0,0,0,0,1,1,1,1,1,1,0,0,0,17040,0,0,0,0,0,0,0,0,0
1.070000,246.35,35.209,21.120,434,381,72.000,72,71,18.000,39.000,55.000,254,225,361,160,7,164,14,14,14,14,1,0,0,3,30,1,28.000,1,1,2,2,65,1,0,0,65,0,0,65,0,0,0,0,1,1,1,1,1,1,0,0,0,17120,0,0,0,0,0,0,0,0,0
1.075000,248.51,34.506,20.690,431,383,72.000,72,71,18.000,39.000,55.000,248,227,363,160,7,165,14,14,14,14,1,0,0,3,30,1,28.000,1,1,3,3,66,1,0,0,66,0,0,66,0,0,0,0,1,1,1,1,1,1,0,0,0,17200,0,0,0,0,0,0,0,0,0
1.080000,250.67,33.758,20.250,427,385,72.000,72,71,18.000,39.000,55.000,243,228,365,160,7,166,14,14,14,14,1,0,0,3,30,1,28.000,1,1,3,3,66,1,0,0,66,0,0,66,0,0,0,0,1,1,1,1,1,1,0,0,0,17280,0,0,0,0,0,0,0,0,0
1.085000,252.83,32.968,19.760,423,387,72.000,72,71,18.000,39.000,55.000,237,229,367,160,7,167,14,14,14,14,1,0,0,3,30,1,28.000,1,1,1,1,67,1,0,0,67,0,0,67,0,0,0,0,1,1,1,1,1,1,0,0,0,17360,0,0,0,0,0,0,0,0,0
1.090000,254.99,32.141,19.270,418,388,72.000,72,71,18.000,39.000,55.000,231,230,368,160,7,168,14,14,14,14,1,0,0,3,30,1,28.000,1,1,1,1,67,1,0,0,67,0,0,67,0,0,0,0,1,1,1,1,1,1,0,0,0,17440,0,0,0,0,0,0,0,0,0
1.095000,257.15,31.281,18.780,412,389,72.000,72,71,18.000,39.000,55.000,225,231,369,160,7,168,14,14,14,14,1,0,0,3,30,1,28.000,1,1,0,0,68,1,0,0,68,0,0,68,0,0,0,0,1,1,1,1,1,1,0,0,0,17520,0,0,0,0,0,0,0,0,0
1.100000,259.31,30.393,18.240,406,390,72.000,71,71,18.000,39.000,55.000,219,231,370,160,7,169,14,14,14,14,1,0,0,3,30,1,28.000,1,1,2,2,69,1,0,0,69,0,0,69,0,0,0,0,1,1,1,1,1,1,0,0,0,17600,0,0,0,0,0,0,0,0,0
1.105000,261.47,29.482,17.690,399,390,72.000,71,71,18.000,39.000,55.000,212,231,370,160,7,169,14,14,14,14,1,0,0,3,30,1,28.000,1,1,2,2,69,1,0,0,69,0,0,69,0,0,0,0,1,1,1,1,1,1,0,0,0,17680,0,0,0,0,0,0,0,0,0
1.110000,263.63,28.553,17.150,392,390,72.000,71,71,18.000,39.000,55.000,206,231,370,160,7,169,14,14,14,14,1,0,0,3,30,1,28.000,1,1,3,3,70,1,0,0,70,0,0,70,0,0,0,0,1,1,1,1,1,1,0,0,0,17760,0,0,0,0,0,0,0,0,0
1.115000,265.79,27.612,16.550,384,390,72.000,71,71,18.000,39.000,55.000,199,231,370,160,7,169,14,14,14,14,1,0,0,3,30,1,28.000,1,1,3,3,70,1,0,0,70,0,0,70,0,0,0,0,1,1,1,1,1,1,0,0,0,17840,0,0,0,0,0,0,0,0,0
1.120000,267.95,26.663,16.010,376,390,72.000,71,71,18.000,39.000,55.000,192,231,370,160,7,169,14,14,14,14,1,0,0,3,30,1,28.000,1,1,1,1,71,1,0,0,71,0,0,71,0,0,0,0,1,1,1,1,1,1,0,0,0,17920,0,0,0,0,0,0,0,0,0
1.125000,270.11,25.713,15.410,368,390,72.000,71,71,18.000,39.000,55.000,185,231,370,160,7,169,14,14,14,14,1,0,0,3,30,1,28.000,1,1,0,0,72,1,0,0,72,0,0,72,0,0,0,0,1,1,1,1,1,1,0,0,0,18000,0,0,0,0,0,0,0,0,0
1.130000,272.27,24.765,14.870,360,389,72.000,71,71,18.000,39.000,55.000,178,231,369,160,7,168,14,14,14,14,1,0,0,3,30,1,28.000,1,1,0,0,72,1,0,0,72,0,0,72,0,0,0,0,1,1,1,1,1,1,0,0,0,18080,0,0,0,0,0,0,0,0,0
1.135000,274.43,23.827,14.270,351,389,72.000,71,71,18.000,39.000,55.000,171,231,369,160,7,168,14,14,14,14,1,0,0,3,30,1,28.000,1,1,2,2,73,1,0,0,73,0,0,73,0,0,0,0,1,1,1,1,1,1,0,0,0,18160,0,0,0,0,0,0,0,0,0
1.140000,276.59,22.903,13.720,342,388,72.000,71,71,18.000,39.000,55.000,165,230,368,160,7,168,14,14,14,14,1,0,0,3,30,1,28.000,1,1,2,2,73,1,0,0,73,0,0,73,0,0,0,0,1,1,1,1,1,1,0,0,0,18240,0,0,0,0,0,0,0,0,0
1.145000,278.75,21.998,13.180,333,387,72.000,71,71,18.000,39.000,55.000,158,229,367,160,7,167,14,14,14,14,1,0,0,3,30,1,28.000,1,1,3,3,74,1,0,0,74,0,0,74,0,0,0,0,1,1,1,1,1,1,0,0,0,18320,0,0,0,0,0,0,0,0,0
1.150000,280.91,21.118,12.690,323,386,72.000,71,71,18.000,39.000,55.000,152,229,366,160,7,167,14,14,14,14,1,0,0,3,30,1,28.000,1,1,3,3,74,1,0,0,74,0,0,74,0,0,0,0,1,1,1,1,1,1,0,0,0,18400,0,0,0,0,0,0,0,0,0
1.155000,283.07,20.268,12.150,314,385,72.000,71,71,18.000,39.000,55.000,146,228,365,160,7,166,14,14,14,14,1,0,0,3,30,1,28.000,1,1,1,1,75,1,0,0,75,0,0,75,0,0,0,0,1,1,1,1,1,1,0,0,0,18480,0,0,0,0,0,0,0,0,0
1.160000,285.23,19.452,11.660,305,383,72.000,71,71,18.000,39.000,55.000,140,227,363,160,7,165,14,14,14,14,1,0,0,3,30,1,28.000,1,1,0,0,76,1,0,0,76,0,0,76,0,0,0,0,1,1,1,1,1,1,0,0,0,18560,0,0,0,0,0,0,0,0,0
1.165000,287.39,18.676,11.220,296,382,72.000,71,71,18.000,39.000,55.000,134,226,362,160,7,165,14,14,14,14,1,0,0,3,30,1,28.000,1,1,0,0,76,1,0,0,76,0,0,76,0,0,0,0,1,1,1,1,1,1,0,0,0,18640,0,0,0,0,0,0,0,0,0
1.170000,289.55,17.943,10.790,286,380,72.000,71,71,18.000,39.000,55.000,129,225,360,160,7,164,14,14,14,14,1,0,0,3,30,1,28.000,1,1,2,2,77,1,0,0,77,0,0,77,0,0,0,0,1,1,1,1,1,1,0,0,0,18720,0,0,0,0,0,0,0,0,0
1.175000,291.71,17.259,10.350,278,378,72.000,71,71,18.000,39.000,55.000,124,223,358,160,7,163,14,14,14,14,1,0,0,3,30,1,28.000,1,1,2,2,77,1,0,0,77,0,0,77,0,0,0,0,1,1,1,1,1,1,0,0,0,18800,0,0,0,0,0,0,0,0,0
1.180000,293.87,16.627,9.970,269,376,72.000,71,71,18.000,39.000,55.000,119,222,356,160,7,162,14,14,14,14,1,0,0,3,30,1,28.000,1,1,3,3,78,1,0,0,78,0,0,78,0,0,0,0,1,1,1,1,1,1,0,0,0,18880,0,0,0,0,0,0,0,0,0
1.185000,296.03,16.051,9.640,260,374,72.000,71,71,18.000,39.000,55.000,115,221,354,160,7,161,14,14,14,14,1,0,0,3,30,1,28.000,1,1,3,3,78,1,0,0,78,0,0,78,0,0,0,0,1,1,1,1,1,1,0,0,0,18960,0,0,0,0,0,0,0,0,0
1.190000,298.19,15.534,9.320,252,371,72.000,71,71,18.000,39.000,55.000,112,219,351,160,7,160,14,14,14,14,1,0,0,3,30,1,28.000,1,1,1,1,79,1,0,0,79,0,0,79,0,0,0,0,1,1,1,1,1,1,0,0,0,19040,0,0,0,0,0,0,0,0,0
1.195000,300.35,15.079,9.050,245,369,72.000,71,71,18.000,39.000,55.000,108,218,348,160,7,159,14,14,14,14,1,0,0,3,30,1,28.000,1,1,0,0,80,1,0,0,80,0,0,80,0,0,0,0,1,1,1,1,1,1,0,0,0,19120,0,0,0,0,0,0,0,0,0
1.200000,302.51,14.690,8.830,237,366,72.000,71,71,18.000,39.000,55.000,106,216,345,160,7,157,14,14,14,14,1,0,0,3,30,1,28.000,1,1,0,0,80,1,0,0,80,0,0,80,0,0,0,0,1,1,1,1,1,1,0,0,0,19200,0,0,0,0,0,0,0,0,0
1.205000,304.67,14.368,8.610,230,364,72.000,71,71,18.000,39.000,55.000,103,214,343,160,7,156,14,14,14,14,1,0,0,3,30,1,28.000,1,1,2,2,81,1,0,0,81,0,0,81,0,0,0,0,1,1,1,1,1,1,0,0,0,19280,0,0,0,0,0,0,0,0,0
1.210000,306.83,14.116,8.450,224,361,72.000,71,71,18.000,39.000,55.000,101,212,340,160,7,155,14,14,14,14,1,0,0,3,30,1,28.000,1,1,2,2,81,1,0,0,81,0,0,81,0,0,0,0,1,1,1,1,1,1,0,0,0,19360,0,0,0,0,0,0,0,0,0
1.215000,308.99,13.935,8.340,218,358,72.000,71,71,18.000,39.000,55.000,100,210,337,160,7,153,14,14,14,14,1,0,0,3,30,1,28.000,1,1,3,3,82,1,0,0,82,0,0,82,0,0,0,0,1,1,1,1,1,1,0,0,0,19440,0,0,0,0,0,0,0,0,0
1.220000,311.15,13.827,8.280,213,356,72.000,71,71,18.000,39.000,55.000,99,209,335,160,7,152,14,14,14,14,1,0,0,3,30,1,28.000,1,1,3,3,82,1,0,0,82,0,0,82,0,0,0,0,1,1,1,1,1,1,0,0,0,19520,0,0,0,0,0,0,0,0,0
1.225000,313.31,13.792,8.280,208,353,72.000,71,71,18.000,39.000,55.000,99,207,332,160,7,151,14,14,14,14,1,0,0,3,30,1,28.000,1,1,1,1,83,1,0,0,83,0,0,83,0,0,0,0,1,1,1,1,1,1,0,0,0,19600,0,0,0,0,0,0,0,0,0
1.230000,315.47,13.831,8.280,204,350,72.000,71,71,18.000,39.000,55.000,99,205,329,160,7,150,14,14,14,14,1,0,0,3,30,1,28.000,1,1,0,0,84,1,0,0,84,0,0,84,0,0,0,0,1,1,1,1,1,1,0,0,0,19680,0,0,0,0,0,0,0,0,0
1.235000,317.63,13.943,8.340,201,347,72.000,71,71,18.000,39.000,55.000,100,203,325,160,7,148,14,14,14,14,1,0,0,3,30,1,28.000,1,1,0,0,84,1,0,0,84,0,0,84,0,0,0,0,1,1,1,1,1,1,0,0,0,19760,0,0,0,0,0,0,0,0,0
1.240000,319.79,14.129,8.500,198,344,72.000,71,71,18.000,39.000,55.000,102,201,322,160,7,147,14,14,14,14,1,0,0,3,30,1,28.000,1,1,2,2,85,1,0,0,85,0,0,85,0,0,0,0,1,1,1,1,1,1,0,0,0,19840,0,0,0,0,0,0,0,0,0
1.245000,321.95,14.388,8.610,196,341,72.000,71,71,18.000,39.000,55.000,103,199,319,160,7,145,14,14,14,14,1,0,0,3,30,1,28.000,1,1,2,2,85,1,0,0,85,0,0,85,0,0,0,0,1,1,1,1,1,1,0,0,0,19920,0,0,0,0,0,0,0,0,0
1.250000,324.11,14.718,8.830,195,338,72.000,71,71,18.000,39.000,55.000,106,197,316,160,7,144,14,14,14,14,1,0,0,3,30,1,28.000,1,1,3,3,86,1,0,0,86,0,0,86,0,0,0,0,1,1,1,1,1,1,0,0,0,20000,0,0,0,0,0,0,0,0,0
1.255000,326.27,15.118,9.050,194,336,72.000,71,71,18.000,39.000,55.000,108,196,314,160,7,143,14,14,14,14,1,0,0,3,30,1,28.000,1,1,1,1,87,1,0,0,87,0,0,87,0,0,0,0,1,1,1,1,1,1,0,0,0,20080,0,0,0,0,0,0,0,0,0
1.260000,328.43,15.586,9.370,194,333,72.000,71,71,18.000,39.000,55.000,112,194,311,160,7,141,14,14,14,14,1,0,0,3,30,1,28.000,1,1,1,1,87,1,0,0,87,0,0,87,0,0,0,0,1,1,1,1,1,1,0,0,0,20160,0,0,0,0,0,0,0,0,0
1.265000,330.59,16.120,9.640,195,330,72.000,71,71,18.000,39.000,55.000,115,192,308,160,7,140,14,14,14,14,1,0,0,3,30,1,28.000,1,1,0,0,88,1,0,0,88,0,0,88,0,0,0,0,1,1,1,1,1,1,0,0,0,20240,0,0,0,0,0,0,0,0,0
1.270000,332.75,16.716,10.030,197,328,72.000,71,71,18.000,39.000,55.000,120,191,305,160,7,139,14,14,14,14,1,0,0,3,30,1,28.000,1,1,0,0,88,1,0,0,88,0,0,88,0,0,0,0,1,1,1,1,1,1,0,0,0,20320,0,0,0,0,0,0,0,0,0
1.275000,334.91,17.372,10.410,199,325,72.000,71,71,18.000,39.000,55.000,125,189,302,160,7,138,14,14,14,14,1,0,0,3,30,1,28.000,1,1,2,2,89,1,0,0,89,0,0,89,0,0,0,0,1,1,1,1,1,1,0,0,0,20400,0,0,0,0,0,0,0,0,0
1.280000,337.07,18.084,10.840,202,323,72.000,71,71,18.000,39.000,55.000,130,187,300,160,7,137,14,14,14,14,1,0,0,3,30,1,28.000,1,1,2,2,89,1,0,0,89,0,0,89,0,0,0,0,1,1,1,1,1,1,0,0,0,20480,0,0,0,0,0,0,0,0,0
1.285000,339.23,18.849,11.330,206,320,72.000,71,71,18.000,39.000,55.000,136,185,297,160,7,135,14,14,14,14,1,0,0,3,30,1,28.000,1,1,3,3,90,1,0,0,90,0,0,90,0,0,0,0,1,1,1,1,1,1,0,0,0,20560,0,0,0,0,0,0,0,0,0
1.290000,341.39,19.663,11.770,210,318,72.000,71,71,18.000,39.000,55.000,141,184,295,160,7,134,14,14,14,14,1,0,0,3,30,1,28.000,1,1,1,1,91,1,0,0,91,0,0,91,0,0,0,0,1,1,1,1,1,1,0,0,0,20640,0,0,0,0,0,0,0,0,0
1.295000,343.55,20.521,12.310,215,316,72.000,71,71,18.000,39.000,55.000,148,183,293,160,7,133,14,14,14,14,1,0,0,3,30,1,28.000,1,1,1,1,91,1,0,0,91,0,0,91,0,0,0,0,1,1,1,1,1,1,0,0,0,20720,0,0,0,0,0,0,0,0,0
1.300000,345.71,21.419,12.850,221,314,72.000,71,71,18.000,39.000,55.000,154,182,291,160,7,132,14,14,14,14,1,0,0,3,30,1,28.000,1,1,0,0,92,1,0,0,92,0,0,92,0,0,0,0,1,1,1,1,1,1,0,0,0,20800,0,0,0,0,0,0,0,0,0
1.305000,347.87,22.351,13.400,227,312,72.000,71,71,18.000,39.000,55.000,161,180,289,160,7,131,14,14,14,14,1,0,0,3,30,1,28.000,1,1,0,0,92,1,0,0,92,0,0,92,0,0,0,0,1,1,1,1,1,1,0,0,0,20880,0,0,0,0,0,0,0,0,0
1.310000,350.03,23.314,14.000,234,311,72.000,71,71,18.000,39.000,55.000,168,180,288,160,7,131,14,14,14,14,1,0,0,3,30,1,28.000,1,1,2,2,93,1,0,0,93,0,0,93,0,0,0,0,1,1,1,1,1,1,0,0,0,20960,0,0,0,0,0,0,0,0,0
1.315000,352.19,24.302,14.590,241,309,72.000,71,71,18.000,39.000,55.000,175,178,286,160,7,130,14,14,14,14,1,0,0,3,30,1,28.000,1,1,2,2,93,1,0,0,93,0,0,93,0,0,0,0,1,1,1,1,1,1,0,0,0,21040,0,0,0,0,0,0,0,0,0
1.320000,354.35,25.310,15.190,249,308,72.000,71,71,18.000,39.000,55.000,182,178,285,160,7,130,14,14,14,14,1,0,0,3,30,1,28.000,1,1,3,3,94,1,0,0,94,0,0,94,0,0,0,0,1,1,1,1,1,1,0,0,0,21120,0,0,0,0,0,0,0,0,0
1.325000,356.51,26.332,15.790,257,307,72.000,71,71,18.000,39.000,55.000,189,177,284,160,7,129,14,14,14,14,1,0,0,3,30,1,28.000,1,1,1,1,95,1,0,0,95,0,0,95,0,0,0,0,1,1,1,1,1,1,0,0,0,21200,0,0,0,0,0,0,0,0,0
1.330000,358.67,27.362,16.390,266,306,72.000,71,71,18.000,39.000,55.000,197,176,282,160,7,129,14,14,14,14,1,0,0,3,30,1,28.000,1,1,1,1,95,1,0,0,95,0,0,95,0,0,0,0,1,1,1,1,1,1,0,0,0,21280,0,0,0,0,0,0,0,0,0
1.335000,0.83,28.396,17.040,275,306,72.000,71,71,18.000,39.000,55.000,204,176,282,160,7,129,14,14,14,14,1,0,0,3,30,1,28.000,1,1,0,0,96,1,0,0,96,0,0,96,0,0,0,0,1,1,1,1,1,1,0,0,0,21360,0,0,0,0,0,0,0,0,0
1.340000,2.99,29.429,17.640,284,305,72.000,71,71,18.000,39.000,55.000,212,176,281,160,7,128,14,14,14,14,1,0,0,3,30,1,28.000,1,1,0,0,96,1,0,0,96,0,0,96,0,0,0,0,1,1,1,1,1,1,0,0,0,21440,0,0,0,0,0,0,0,0,0
1.345000,5.15,30.453,18.290,294,305,72.000,71,71,18.000,39.000,55.000,219,176,281,160,7,128,14,14,14,14,1,0,0,3,30,1,28.000,1,1,2,2,97,1,0,0,97,0,0,97,0,0,0,0,1,1,1,1,1,1,0,0,0,21520,0,0,0,0,0,0,0,0,0
1.350000,7.31,31.464,18.890,303,305,72.000,71,71,18.000,39.000,55.000,227,176,281,160,7,128,14,14,14,14,1,0,0,3,30,1,28.000,1,1,2,2,97,1,0,0,97,0,0,97,0,0,0,0,1,1,1,1,1,1,0,0,0,21600,0,0,0,0,0,0,0,0,0
1.355000,9.47,32.457,19.490,313,305,72.000,71,71,18.000,39.000,55.000,234,176,281,160,7,128,14,14,14,14,1,0,0,3,30,1,28.000,1,1,3,3,98,1,0,0,98,0,0,98,0,0,0,0,1,1,1,1,1,1,0,0,0,21680,0,0,0,0,0,0,0,0,0
1.360000,11.63,33.426,20.030,324,305,72.000,71,71,18.000,39.000,55.000,240,176,281,160,7,128,14,14,14,14,1,0,0,3,30,1,28.000,1,1,1,1,99,1,0,0,99,0,0,99,0,0,0,0,1,1,1,1,1,1,0,0,0,21760,0,0,0,0,0,0,0,0,0
1.365000,13.79,34.367,20.630,334,306,72.000,71,71,18.000,39.000,55.000,248,176,282,160,7,129,14,14,14,14,1,0,0,3,30,1,28.000,1,1,1,1,99,1,0,0,99,0,0,99,0,0,0,0,1,1,1,1,1,1,0,0,0,21840,0,0,0,0,0,0,0,0,0
1.370000,15.95,35.273,21.180,344,308,72.000,71,71,18.000,39.000,55.000,254,178,285,160,7,130,14,14,14,14,1,0,0,3,30,1,28.000,1,1,0,0,100,1,0,0,100,0,0,100,0,0,0,0,1,1,1,1,1,1,0,0,0,21920,0,0,0,0,0,0,0,0,0
1.375000,18.11,36.141,21.670,354,309,72.000,71,71,18.000,39.000,55.000,260,178,286,160,7,130,14,14,14,14,1,0,0,3,30,1,28.000,1,1,0,0,100,1,0,0,100,0,0,100,0,0,0,0,1,1,1,1,1,1,0,0,0,22000,0,0,0,0,0,0,0,0,0
1.380000,20.27,36.965,22.150,364,311,72.000,72,71,18.000,39.000,55.000,266,180,288,160,7,131,14,14,14,14,1,0,0,3,30,1,28.000,1,1,2,2,101,1,0,0,101,0,0,101,0,0,0,0,1,1,1,1,1,1,0,0,0,22080,0,0,0,0,0,0,0,0,0
1.385000,22.43,37.742,22.640,374,314,72.000,72,71,18.000,39.000,55.000,272,182,291,160,7,132,14,14,14,14,1,0,0,3,30,1,28.000,1,1,2,2,101,1,0,0,101,0,0,101,0,0,0,0,1,1,1,1,1,1,0,0,0,22160,0,0,0,0,0,0,0,0,0
1.390000,24.59,38.467,23.080,383,316,72.000,72,71,18.000,39.000,55.000,277,183,293,160,7,133,14,14,14,14,1,0,0,3,30,1,28.000,1,1,3,3,102,1,0,0,102,0,0,102,0,0,0,0,1,1,1,1,1,1,0,0,0,22240,0,0,0,0,0,0,0,0,0
1.395000,26.75,39.136,23.460,393,319,72.000,72,71,18.000,39.000,55.000,282,185,296,160,7,135,14,14,14,14,1,0,0,3,30,1,28.000,1,1,1,1,103,1,0,0,103,0,0,103,0,0,0,0,1,1,1,1,1,1,0,0,0,22320,0,0,0,0,0,0,0,0,0
1.400000,28.91,39.747,23.840,402,322,72.000,72,71,18.000,39.000,55.000,286,187,299,160,7,136,14,14,14,14,1,0,0,3,30,1,28.000,1,1,1,1,103,1,0,0,103,0,0,103,0,0,0,0,1,1,1,1,1,1,0,0,0,22400,0,0,0,0,0,0,0,0,0
1.405000,31.07,40.295,24.170,411,326,72.000,72,71,18.000,39.000,55.000,290,189,303,160,7,138,14,14,14,14,1,0,0,3,30,1,28.000,1,1,0,0,104,1,0,0,104,0,0,104,0,0,0,0,1,1,1,1,1,1,0,0,0,22480,0,0,0,0,0,0,0,0,0
1.410000,33.23,40.779,24.440,419,329,72.000,72,71,18.000,39.000,55.000,293,191,306,160,7,140,14,14,14,14,1,0,0,3,30,1,28.000,1,1,0,0,104,1,0,0,104,0,0,104,0,0,0,0,1,1,1,1,1,1,0,0,0,22560,0,0,0,0,0,0,0,0,0
1.415000,35.39,41.195,24.710,427,333,72.000,71,71,18.000,39.000,55.000,297,194,311,160,7,141,14,14,14,14,1,0,0,3,30,1,28.000,1,1,2,2,105,1,0,0,105,0,0,105,0,0,0,0,1,1,1,1,1,1,0,0,0,22640,0,0,0,0,0,0,0,0,0
1.420000,37.55,41.541,24.930,434,337,72.000,71,71,18.000,39.000,55.000,299,197,315,160,7,143,14,14,14,14,1,0,0,3,30,1,28.000,1,1,3,3,106,1,0,0,106,0,0,106,0,0,0,0,1,1,1,1,1,1,0,0,0,22720,0,0,0,0,0,0,0,0,0
1.425000,39.71,41.817,25.090,441,341,72.000,71,71,18.000,39.000,55.000,301,199,319,160,7,145,14,14,14,14,1,0,0,3,30,1,28.000,1,1,3,3,106,1,0,0,106,0,0,106,0,0,0,0,1,1,1,1,1,1,0,0,0,22800,0,0,0,0,0,0,0,0,0
1.430000,41.87,42.020,25.200,447,345,72.000,71,71,18.000,39.000,55.000,303,202,323,160,7,147,14,14,14,14,1,0,0,3,30,1,28.000,1,1,1,1,107,1,0,0,107,0,0,107,0,0,0,0,1,1,1,1,1,1,0,0,0,22880,0,0,0,0,0,0,0,0,0
1.435000,44.03,42.150,25.260,453,350,72.000,71,71,18.000,39.000,55.000,303,205,329,160,7,150,14,14,14,14,1,0,0,3,30,1,28.000,1,1,1,1,107,1,0,0,107,0,0,107,0,0,0,0,1,1,1,1,1,1,0,0,0,22960,0,0,0,0,0,0,0,0,0
1.440000,46.19,42.206,25.310,458,354,72.000,71,71,18.000,39.000,55.000,304,208,333,160,7,151,14,14,14,14,1,0,0,3,30,1,28.000,1,1,0,0,108,1,0,0,108,0,0,108,0,0,0,0,1,1,1,1,1,1,0,0,0,23040,0,0,0,0,0,0,0,0,0
1.445000,48.35,42.188,25.310,462,358,72.000,71,71,18.000,39.000,55.000,304,210,337,160,7,153,14,14,14,14,1,0,0,3,30,1,28.000,1,1,0,0,108,1,0,0,108,0,0,108,0,0,0,0,1,1,1,1,1,1,0,0,0,23120,0,0,0,0,0,0,0,0,0
1.450000,50.51,42.096,25.260,466,362,72.000,71,71,18.000,39.000,55.000,303,213,341,160,7,155,14,14,14,14,1,0,0,3,30,1,28.000,1,1,2,2,109,1,0,0,109,0,0,109,0,0,0,0,1,1,1,1,1,1,0,0,0,23200,0,0,0,0,0,0,0,0,0
1.455000,52.67,41.932,25.150,469,367,72.000,71,71,18.000,39.000,55.000,302,216,346,160,7,158,14,14,14,14,1,0,0,3,30,1,28.000,1,1,3,3,110,1,0,0,110,0,0,110,0,0,0,0,1,1,1,1,1,1,0,0,0,23280,0,0,0,0,0,0,0,0,0
1.460000,54.83,41.697,24.980,471,371,72.000,71,71,18.000,39.000,55.000,300,219,351,160,7,160,14,14,14,14,1,0,0,3,30,1,28.000,1,1,3,3,110,1,0,0,110,0,0,110,0,0,0,0,1,1,1,1,1,1,0,0,0,23360,0,0,0,0,0,0,0,0,0
1.465000,56.99,41.391,24.820,473,375,72.000,71,71,18.000,39.000,55.000,298,222,355,160,7,162,14,14,14,14,1,0,0,3,30,1,28.000,1,1,1,1,111,1,0,0,111,0,0,111,0,0,0,0,1,1,1,1,1,1,0,0,0,23440,0,0,0,0,0,0,0,0,0
1.470000,59.15,41.017,24.600,474,379,72.000,71,71,18.000,39.000,55.000,295,224,359,160,7,163,14,14,14,14,1,0,0,3,30,1,28.000,1,1,1,1,111,1,0,0,111,0,0,111,0,0,0,0,1,1,1,1,1,1,0,0,0,23520,0,0,0,0,0,0,0,0,0
1.475000,61.31,40.578,24.330,474,383,72.000,71,71,18.000,39.000,55.000,292,227,363,160,7,165,14,14,14,14,1,0,0,3,30,1,28.000,1,1,0,0,112,1,0,0,112,0,0,112,0,0,0,0,1,1,1,1,1,1,0,0,0,23600,0,0,0,0,0,0,0,0,0
1.480000,63.47,40.075,24.060,474,386,72.000,71,71,18.000,39.000,55.000,289,229,366,160,7,167,14,14,14,14,1,0,0,3,30,1,28.000,1,1,0,0,112,1,0,0,112,0,0,112,0,0,0,0,1,1,1,1,1,1,0,0,0,23680,0,0,0,0,0,0,0,0,0
1.485000,65.63,39.513,23.680,472,390,72.000,71,71,18.000,39.000,55.000,284,231,370,160,7,169,14,14,14,14,1,0,0,3,30,1,28.000,1,1,2,2,113,1,0,0,113,0,0,113,0,0,0,0,1,1,1,1,1,1,0,0,0,23760,0,0,0,0,0,0,0,0,0
1.490000,67.79,38.893,23.350,470,393,72.000,71,71,18.000,39.000,55.000,280,233,374,160,7,170,14,14,14,14,1,0,0,3,30,1,28.000,1,1,3,3,114,1,0,0,114,0,0,114,0,0,0,0,1,1,1,1,1,1,0,0,0,23840,0,0,0,0,0,0,0,0,0
1.495000,69.95,38.221,22.920,468,396,72.000,71,71,18.000,39.000,55.000,275,235,377,160,7,172,14,14,14,14,1,0,0,3,30,1,28.000,1,1,3,3,114,1,0,0,114,0,0,114,0,0,0,0,1,1,1,1,1,1,0,0,0,23920,0,0,0,0,0,0,0,0,0
1.500000,72.11,37.499,22.480,465,399,72.000,71,71,18.000,39.000,55.000,270,237,380,160,7,173,14,14,14,14,1,0,0,3,30,1,28.000,1,1,1,1,115,1,0,0,115,0,0,115,0,0,0,0,1,1,1,1,1,1,0,0,0,24000,0,0,0,0,0,0,0,0,0
1.505000,74.27,36.733,22.050,461,402,72.000,71,71,18.000,39.000,55.000,265,239,383,160,7,174,14,14,14,14,1,0,0,3,30,1,28.000,1,1,1,1,115,1,0,0,115,0,0,115,0,0,0,0,1,1,1,1,1,1,0,0,0,24080,0,0,0,0,0,0,0,0,0
1.510000,76.43,35.926,21.560,456,404,72.000,71,71,18.000,39.000,55.000,259,240,385,160,7,175,14,14,14,14,1,0,0,3,30,1,28.000,1,1,0,0,116,1,0,0,116,0,0,116,0,0,0,0,1,1,1,1,1,1,0,0,0,24160,0,0,0,0,0,0,0,0,0
1.515000,78.59,35.083,21.070,451,406,72.000,71,71,18.000,39.000,55.000,253,242,387,160,7,176,14,14,14,14,1,0,0,3,30,1,28.000,1,1,0,0,116,1,0,0,116,0,0,116,0,0,0,0,1,1,1,1,1,1,0,0,0,24240,0,0,0,0,0,0,0,0,0
1.520000,80.75,34.210,20.520,445,408,72.000,71,71,18.000,39.000,55.000,246,243,389,160,7,177,14,14,14,14,1,0,0,3,30,1,28.000,1,1,2,2,117,1,0,0,117,0,0,117,0,0,0,0,1,1,1,1,1,1,0,0,0,24320,0,0,0,0,0,0,0,0,0
1.525000,82.91,33.310,19.980,439,409,72.000,71,71,18.000,39.000,55.000,240,244,390,160,7,178,14,14,14,14,1,0,0,3,30,1,28.000,1,1,3,3,118,1,0,0,118,0,0,118,0,0,0,0,1,1,1,1,1,1,0,0,0,24400,0,0,0,0,0,0,0,0,0
1.530000,85.07,32.390,19.440,432,410,72.000,71,71,18.000,39.000,55.000,233,244,391,160,7,178,14,14,14,14,1,0,0,3,30,1,28.000,1,1,3,3,118,1,0,0,118,0,0,118,0,0,0,0,1,1,1,1,1,1,0,0,0,24480,0,0,0,0,0,0,0,0,0
1.535000,87.23,31.455,18.890,425,411,72.000,71,71,18.000,39.000,55.000,227,245,392,160,7,179,14,14,14,14,1,0,0,3,30,1,28.000,1,1,1,1,119,1,0,0,119,0,0,119,0,0,0,0,1,1,1,1,1,1,0,0,0,24560,0,0,0,0,0,0,0,0,0
1.540000,89.39,30.509,18.290,417,411,72.000,71,71,18.000,39.000,55.000,219,245,392,160,7,179,14,14,14,14,1,0,0,3,30,1,28.000,1,1,1,1,119,1,0,0,119,0,0,119,0,0,0,0,1,1,1,1,1,1,0,0,0,24640,0,0,0,0,0,0,0,0,0
1.545000,91.55,29.559,17.750,409,411,72.000,71,71,18.000,39.000,55.000,213,245,392,160,7,179,14,14,14,14,1,0,0,3,30,1,28.000,1,1,0,0,120,1,0,0,120,0,0,120,0,0,0,0,1,1,1,1,1,1,0,0,0,24720,0,0,0,0,0,0,0,0,0
1.550000,93.71,28.609,17.150,401,411,72.000,71,71,18.000,39.000,55.000,206,245,392,160,7,179,14,14,14,14,1,0,0,3,30,1,28.000,1,1,0,0,120,1,0,0,120,0,0,120,0,0,0,0,1,1,1,1,1,1,0,0,0,24800,0,0,0,0,0,0,0,0,0
1.555000,95.87,27.665,16.610,392,411,72.000,71,71,18.000,39.000,55.000,199,245,392,160,7,179,14,14,14,14,1,0,0,3,30,1,28.000,1,1,2,2,121,1,0,0,121,0,0,121,0,0,0,0,1,1,1,1,1,1,0,0,0,24880,0,0,0,0,0,0,0,0,0
1.560000,98.03,26.733,16.060,383,410,72.000,71,71,18.000,39.000,55.000,193,244,391,160,7,178,14,14,14,14,1,0,0,3,30,1,28.000,1,1,3,3,122,1,0,0,122,0,0,122,0,0,0,0,1,1,1,1,1,1,0,0,0,24960,0,0,0,0,0,0,0,0,0
1.565000,100.19,25.818,15.460,374,410,72.000,71,71,18.000,39.000,55.000,185,244,391,160,7,178,14,14,14,14,1,0,0,3,30,1,28.000,1,1,3,3,122,1,0,0,122,0,0,122,0,0,0,0,1,1,1,1,1,1,0,0,0,25040,0,0,0,0,0,0,0,0,0
1.570000,102.35,24.924,14.970,365,409,72.000,71,71,18.000,39.000,55.000,180,244,390,160,7,178,14,14,14,14,1,0,0,3,30,1,28.000,1,1,1,1,123,1,0,0,123,0,0,123,0,0,0,0,1,1,1,1,1,1,0,0,0,25120,0,0,0,0,0,0,0,0,0
1.575000,104.51,24.057,14.430,356,408,72.000,71,71,18.000,39.000,55.000,173,243,389,160,7,177,14,14,14,14,1,0,0,3,30,1,28.000,1,1,1,1,123,1,0,0,123,0,0,123,0,0,0,0,1,1,1,1,1,1,0,0,0,25200,0,0,0,0,0,0,0,0,0
1.580000,106.67,23.222,13.940,346,407,72.000,71,71,18.000,39.000,55.000,167,242,388,160,7,177,14,14,14,14,1,0,0,3,30,1,28.000,1,1,0,0,124,1,0,0,124,0,0,124,0,0,0,0,1,1,1,1,1,1,0,0,0,25280,0,0,0,0,0,0,0,0,0
1.585000,108.83,22.423,13.450,337,406,72.000,71,71,18.000,39.000,55.000,161,242,387,160,7,176,14,14,14,14,1,0,0,3,30,1,28.000,1,1,2,2,125,1,0,0,125,0,0,125,0,0,0,0,1,1,1,1,1,1,0,0,0,25360,0,0,0,0,0,0,0,0,0
1.590000,110.99,21.664,13.020,328,404,72.000,71,71,18.000,39.000,55.000,156,240,385,160,7,175,14,14,14,14,1,0,0,3,30,1,28.000,1,1,2,2,125,1,0,0,125,0,0,125,0,0,0,0,1,1,1,1,1,1,0,0,0,25440,0,0,0,0,0,0,0,0,0
1.595000,113.15,20.951,12.580,319,403,72.000,71,71,18.000,39.000,55.000,151,240,384,160,7,175,14,14,14,14,1,0,0,3,30,1,28.000,1,1,3,3,126,1,0,0,126,0,0,126,0,0,0,0,1,1,1,1,1,1,0,0,0,25520,0,0,0,0,0,0,0,0,0
1.600000,115.31,20.286,12.150,310,401,72.000,71,71,18.000,39.000,55.000,146,238,382,160,7,174,14,14,14,14,1,0,0,3,30,1,28.000,1,1,3,3,126,1,0,0,126,0,0,126,0,0,0,0,1,1,1,1,1,1,0,0,0,25600,0,0,0,0,0,0,0,0,0
1.605000,117.47,19.674,11.820,302,399,72.000,71,71,18.000,39.000,55.000,142,237,380,160,7,173,14,14,14,14,1,0,0,3,30,1,28.000,1,1,1,1,127,1,0,0,127,0,0,127,0,0,0,0,1,1,1,1,1,1,0,0,0,25680,0,0,0,0,0,0,0,0,0
1.610000,119.63,19.118,11.490,293,397,72.000,71,71,18.000,39.000,55.000,138,236,378,160,7,172,14,14,14,14,1,0,0,3,30,1,28.000,1,1,1,1,127,1,0,0,127,0,0,127,0,0,0,0,1,1,1,1,1,1,0,0,0,25760,0,0,0,0,0,0,0,0,0
1.615000,121.79,18.620,11.170,285,395,72.000,71,71,18.000,39.000,55.000,134,235,376,160,7,171,14,14,14,14,1,0,0,3,30,1,28.000,1,1,0,0,128,1,0,0,128,0,0,128,0,0,0,0,1,1,1,1,1,1,0,0,0,25840,0,0,0,0,0,0,0,0,0
1.620000,123.95,18.184,10.900,278,393,72.000,71,71,18.000,39.000,55.000,131,233,374,160,7,170,14,14,14,14,1,0,0,3,30,1,28.000,1,1,2,2,129,1,0,0,129,0,0,129,0,0,0,0,1,1,1,1,1,1,0,0,0,25920,0,0,0,0,0,0,0,0,0
1.625000,126.11,17.812,10.680,271,391,72.000,71,71,18.000,39.000,55.000,128,232,371,160,7,169,14,14,14,14,1,0,0,3,30,1,28.000,1,1,2,2,129,1,0,0,129,0,0,129,0,0,0,0,1,1,1,1,1,1,0,0,0,26000,0,0,0,0,0,0,0,0,0
1.630000,128.27,17.505,10.510,264,388,72.000,71,71,18.000,39.000,55.000,126,230,368,160,7,168,14,14,14,14,1,0,0,3,30,1,28.000,1,1,3,3,130,1,0,0,130,0,0,130,0,0,0,0,1,1,1,1,1,1,0,0,0,26080,0,0,0,0,0,0,0,0,0
1.635000,130.43,17.265,10.350,258,386,72.000,71,71,18.000,39.000,55.000,124,229,366,160,7,167,14,14,14,14,1,0,0,3,30,1,28.000,1,1,3,3,130,1,0,0,130,0,0,130,0,0,0,0,1,1,1,1,1,1,0,0,0,26160,0,0,0,0,0,0,0,0,0
1.640000,132.59,17.094,10.240,252,383,72.000,71,71,18.000,39.000,55.000,123,227,363,160,7,165,14,14,14,14,1,0,0,3,30,1,28.000,1,1,1,1,131,1,0,0,131,0,0,131,0,0,0,0,1,1,1,1,1,1,0,0,0,26240,0,0,0,0,0,0,0,0,0
1.645000,134.75,16.991,10.190,247,380,72.000,71,71,18.000,39.000,55.000,122,225,360,160,7,164,14,14,14,14,1,0,0,3,30,1,28.000,1,1,1,1,131,1,0,0,131,0,0,131,0,0,0,0,1,1,1,1,1,1,0,0,0,26320,0,0,0,0,0,0,0,0,0
1.650000,136.91,16.958,10.190,242,378,72.000,71,71,18.000,39.000,55.000,122,223,358,160,7,163,14,14,14,14,1,0,0,3,30,1,28.000,1,1,0,0,132,1,0,0,132,0,0,132,0,0,0,0,1,1,1,1,1,1,0,0,0,26400,0,0,0,0,0,0,0,0,0
1.655000,139.07,16.994,10.190,239,375,72.000,71,71,18.000,39.000,55.000,122,222,355,160,7,162,14,14,14,14,1,0,0,3,30,1,28.000,1,1,2,2,133,1,0,0,133,0,0,133,0,0,0,0,1,1,1,1,1,1,0,0,0,26480,0,0,0,0,0,0,0,0,0
1.660000,141.23,17.099,10.240,235,372,72.000,71,71,18.000,39.000,55.000,123,219,351,160,7,160,14,14,14,14,1,0,0,3,30,1,28.000,1,1,2,2,133,1,0,0,133,0,0,133,0,0,0,0,1,1,1,1,1,1,0,0,0,26560,0,0,0,0,0,0,0,0,0
1.665000,143.39,17.272,10.350,233,370,72.000,71,71,18.000,39.000,55.000,124,218,349,160,7,159,14,14,14,14,1,0,0,3,30,1,28.000,1,1,3,3,134,1,0,0,134,0,0,134,0,0,0,0,1,1,1,1,1,1,0,0,0,26640,0,0,0,0,0,0,0,0,0
1.670000,145.55,17.512,10.510,231,367,72.000,71,71,18.000,39.000,55.000,126,216,346,160,7,158,14,14,14,14,1,0,0,3,30,1,28.000,1,1,3,3,134,1,0,0,134,0,0,134,0,0,0,0,1,1,1,1,1,1,0,0,0,26720,0,0,0,0,0,0,0,0,0
1.675000,147.71,17.816,10.680,229,364,72.000,71,71,18.000,39.000,55.000,128,214,343,160,7,156,14,14,14,14,1,0,0,3,30,1,28.000,1,1,1,1,135,1,0,0,135,0,0,135,0,0,0,0,1,1,1,1,1,1,0,0,0,26800,0,0,0,0,0,0,0,0,0
1.680000,149.87,18.184,10.900,229,362,72.000,71,71,18.000,39.000,55.000,131,213,341,160,7,155,14,14,14,14,1,0,0,3,30,1,28.000,1,1,1,1,135,1,0,0,135,0,0,135,0,0,0,0,1,1,1,1,1,1,0,0,0,26880,0,0,0,0,0,0,0,0,0
1.685000,152.03,18.612,11.170,229,359,72.000,71,71,18.000,39.000,55.000,134,211,338,160,7,154,14,14,14,14,1,0,0,3,30,1,28.000,1,1,0,0,136,1,0,0,136,0,0,136,0,0,0,0,1,1,1,1,1,1,0,0,0,26960,0,0,0,0,0,0,0,0,0
1.690000,154.19,19.098,11.440,229,357,72.000,72,71,18.000,39.000,55.000,137,210,336,160,7,153,14,14,14,14,1,0,0,3,30,1,28.000,1,1,2,2,137,1,0,0,137,0,0,137,0,0,0,0,1,1,1,1,1,1,0,0,0,27040,0,0,0,0,0,0,0,0,0
1.695000,156.35,19.638,11.770,231,354,72.000,72,71,18.000,39.000,55.000,141,208,333,160,7,151,14,14,14,14,1,0,0,3,30,1,28.000,1,1,2,2,137,1,0,0,137,0,0,137,0,0,0,0,1,1,1,1,1,1,0,0,0,27120,0,0,0,0,0,0,0,0,0
1.700000,158.51,20.230,12.150,233,352,72.000,72,71,18.000,39.000,55.000,146,206,331,160,7,151,14,14,14,14,1,0,0,3,30,1,28.000,1,1,3,3,138,1,0,0,138,0,0,138,0,0,0,0,1,1,1,1,1,1,0,0,0,27200,0,0,0,0,0,0,0,0,0
1.705000,160.67,20.870,12.530,235,349,72.000,72,71,18.000,39.000,55.000,150,204,327,160,7,149,14,14,14,14,1,0,0,3,30,1,28.000,1,1,3,3,138,1,0,0,138,0,0,138,0,0,0,0,1,1,1,1,1,1,0,0,0,27280,0,0,0,0,0,0,0,0,0
1.710000,162.83,21.553,12.910,239,347,72.000,72,71,18.000,39.000,55.000,155,203,325,160,7,148,14,14,14,14,1,0,0,3,30,1,28.000,1,1,1,1,139,1,0,0,139,0,0,139,0,0,0,0,1,1,1,1,1,1,0,0,0,27360,0,0,0,0,0,0,0,0,0
1.715000,164.99,22.276,13.340,242,345,72.000,72,71,18.000,39.000,55.000,160,202,323,160,7,147,14,14,14,14,1,0,0,3,30,1,28.000,1,1,1,1,139,1,0,0,139,0,0,139,0,0,0,0,1,1,1,1,1,1,0,0,0,27440,0,0,0,0,0,0,0,0,0
1.720000,167.15,23.033,13.830,247,343,72.000,72,71,18.000,39.000,55.000,166,201,321,160,7,146,14,14,14,14,1,0,0,3,30,1,28.000,1,1,0,0,140,1,0,0,140,0,0,140,0,0,0,0,1,1,1,1,1,1,0,0,0,27520,0,0,0,0,0,0,0,0,0
1.725000,169.31,23.821,14.270,252,341,72.000,71,71,18.000,39.000,55.000,171,199,319,160,7,145,14,14,14,14,1,0,0,3,30,1,28.000,1,1,2,2,141,1,0,0,141,0,0,141,0,0,0,0,1,1,1,1,1,1,0,0,0,27600,0,0,0,0,0,0,0,0,0
1.730000,171.47,24.635,14.760,257,340,72.000,71,71,18.000,39.000,55.000,177,199,318,160,7,145,14,14,14,14,1,0,0,3,30,1,28.000,1,1,2,2,141,1,0,0,141,0,0,141,0,0,0,0,1,1,1,1,1,1,0,0,0,27680,0,0,0,0,0,0,0,0,0
1.735000,173.63,25.469,15.300,263,338,72.000,71,71,18.000,39.000,55.000,184,197,316,160,7,144,14,14,14,14,1,0,0,3,30,1,28.000,1,1,3,3,142,1,0,0,142,0,0,142,0,0,0,0,1,1,1,1,1,1,0,0,0,27760,0,0,0,0,0,0,0,0,0
1.740000,175.79,26.319,15.790,270,337,72.000,71,71,18.000,39.000,55.000,189,197,315,160,7,143,14,14,14,14,1,0,0,3,30,1,28.000,1,1,3,3,142,1,0,0,142,0,0,142,0,0,0,0,1,1,1,1,1,1,0,0,0,27840,0,0,0,0,0,0,0,0,0
1.745000,177.95,27.178,16.280,276,336,72.000,71,71,18.000,39.000,55.000,195,196,314,160,7,143,14,14,14,14,1,0,0,3,30,1,28.000,1,1,1,1,143,1,0,0,143,0,0,143,0,0,0,0,1,1,1,1,1,1,0,0,0,27920,0,0,0,0,0,0,0,0,0
1.750000,180.11,28.043,16.820,284,335,72.000,71,71,18.000,39.000,55.000,202,195,313,160,7,142,14,14,14,14,1,0,0,3,30,1,28.000,1,1,0,0,144,1,0,0,144,0,0,144,0,0,0,0,1,1,1,1,1,1,0,0,0,28000,0,0,0,0,0,0,0,0,0
1.755000,182.27,28.908,17.310,291,334,72.000,71,71,18.000,39.000,55.000,208,195,312,160,7,142,14,14,14,14,1,0,0,3,30,1,28.000,1,1,0,0,144,1,0,0,144,0,0,144,0,0,0,0,1,1,1,1,1,1,0,0,0,28080,0,0,0,0,0,0,0,0,0
1.760000,184.43,29.767,17.860,299,333,72.000,71,71,18.000,39.000,55.000,214,194,311,160,7,141,14,14,14,14,1,0,0,3,30,1,28.000,1,1,2,2,145,1,0,0,145,0,0,145,0,0,0,0,1,1,1,1,1,1,0,0,0,28160,0,0,0,0,0,0,0,0,0
1.765000,186.59,30.615,18.350,307,332,72.000,71,71,18.000,39.000,55.000,220,193,310,160,7,141,14,14,14,14,1,0,0,3,30,1,28.000,1,1,2,2,145,1,0,0,145,0,0,145,0,0,0,0,1,1,1,1,1,1,0,0,0,28240,0,0,0,0,0,0,0,0,0
1.770000,188.75,31.447,18.840,315,332,72.000,71,71,18.000,39.000,55.000,226,193,310,160,7,141,14,14,14,14,1,0,0,3,30,1,28.000,1,1,3,3,146,1,0,0,146,0,0,146,0,0,0,0,1,1,1,1,1,1,0,0,0,28320,0,0,0,0,0,0,0,0,0
1.775000,190.91,32.259,19.330,323,332,72.000,71,71,18.000,39.000,55.000,232,193,310,160,7,141,14,14,14,14,1,0,0,3,30,1,28.000,1,1,3,3,146,1,0,0,146,0,0,146,0,0,0,0,1,1,1,1,1,1,0,0,0,28400,0,0,0,0,0,0,0,0,0
1.780000,193.07,33.044,19.820,332,332,72.000,71,71,18.000,39.000,55.000,238,193,310,160,7,141,14,14,14,14,1,0,0,3,30,1,28.000,1,1,1,1,147,1,0,0,147,0,0,147,0,0,0,0,1,1,1,1,1,1,0,0,0,28480,0,0,0,0,0,0,0,0,0
1.785000,195.23,33.798,20.250,340,332,72.000,71,71,18.000,39.000,55.000,243,193,310,160,7,141,14,14,14,14,1,0,0,3,30,1,28.000,1,1,0,0,148,1,0,0,148,0,0,148,0,0,0,0,1,1,1,1,1,1,0,0,0,28560,0,0,0,0,0,0,0,0,0
1.790000,197.39,34.517,20.690,348,332,72.000,71,71,18.000,39.000,55.000,248,193,310,160,7,141,14,14,14,14,1,0,0,3,30,1,28.000,1,1,0,0,148,1,0,0,148,0,0,148,0,0,0,0,1,1,1,1,1,1,0,0,0,28640,0,0,0,0,0,0,0,0,0
1.795000,199.55,35.196,21.120,357,333,72.000,71,71,18.000,39.000,55.000,254,194,311,160,7,141,14,14,14,14,1,0,0,3,30,1,28.000,1,1,2,2,149,1,0,0,149,0,0,149,0,0,0,0,1,1,1,1,1,1,0,0,0,28720,0,0,0,0,0,0,0,0,0
1.800000,201.71,35.831,21.500,365,334,72.000,71,71,18.000,39.000,55.000,258,195,312,160,7,142,14,14,14,14,1,0,0,3,30,1,28.000,1,1,2,2,149,1,0,0,149,0,0,149,0,0,0,0,1,1,1,1,1,1,0,0,0,28800,0,0,0,0,0,0,0,0,0
1.805000,203.87,36.418,21.830,373,336,72.000,71,71,18.000,39.000,55.000,262,196,314,160,7,143,14,14,14,14,1,0,0,3,30,1,28.000,1,1,3,3,150,1,0,0,150,0,0,150,0,0,0,0,1,1,1,1,1,1,0,0,0,28880,0,0,0,0,0,0,0,0,0
1.810000,206.03,36.954,22.150,380,337,72.000,71,71,18.000,39.000,55.000,266,197,315,160,7,143,14,14,14,14,1,0,0,3,30,1,28.000,1,1,3,3,150,1,0,0,150,0,0,150,0,0,0,0,1,1,1,1,1,1,0,0,0,28960,0,0,0,0,0,0,0,0,0
1.815000,208.19,37.434,22.430,388,339,72.000,71,71,18.000,39.000,55.000,269,198,317,160,7,144,14,14,14,14,1,0,0,3,30,1,28.000,1,1,1,1,151,1,0,0,151,0,0,151,0,0,0,0,1,1,1,1,1,1,0,0,0,29040,0,0,0,0,0,0,0,0,0
1.820000,210.35,37.856,22.700,395,341,72.000,71,71,18.000,39.000,55.000,273,199,319,160,7,145,14,14,14,14,1,0,0,3,30,1,28.000,1,1,0,0,152,1,0,0,152,0,0,152,0,0,0,0,1,1,1,1,1,1,0,0,0,29120,0,0,0,0,0,0,0,0,0
1.825000,212.51,38.217,22.920,402,344,72.000,71,71,18.000,39.000,55.000,275,201,322,160,7,147,14,14,14,14,1,0,0,3,30,1,28.000,1,1,0,0,152,1,0,0,152,0,0,152,0,0,0,0,1,1,1,1,1,1,0,0,0,29200,0,0,0,0,0,0,0,0,0
1.830000,214.67,38.515,23.080,408,346,72.000,71,71,18.000,39.000,55.000,277,203,324,160,7,148,14,14,14,14,1,0,0,3,30,1,28.000,1,1,2,2,153,1,0,0,153,0,0,153,0,0,0,0,1,1,1,1,1,1,0,0,0,29280,0,0,0,0,0,0,0,0,0
1.835000,216.83,38.748,23.240,414,349,72.000,71,71,18.000,39.000,55.000,279,204,327,160,7,149,14,14,14,14,1,0,0,3,30,1,28.000,1,1,2,2,153,1,0,0,153,0,0,153,0,0,0,0,1,1,1,1,1,1,0,0,0,29360,0,0,0,0,0,0,0,0,0
1.840000,218.99,38.914,23.350,419,351,72.000,71,71,18.000,39.000,55.000,280,206,330,160,7,150,14,14,14,14,1,0,0,3,30,1,28.000,1,1,3,3,154,1,0,0,154,0,0,154,0,0,0,0,1,1,1,1,1,1,0,0,0,29440,0,0,0,0,0,0,0,0,0
1.845000,221.15,39.012,23.410,424,354,72.000,71,71,18.000,39.000,55.000,281,208,333,160,7,151,14,14,14,14,1,0,0,3,30,1,28.000,1,1,3,3,154,1,0,0,154,0,0,154,0,0,0,0,1,1,1,1,1,1,0,0,0,29520,0,0,0,0,0,0,0,0,0
1.850000,223.31,39.042,23.410,428,357,72.000,71,71,18.000,39.000,55.000,281,210,336,160,7,153,14,14,14,14,1,0,0,3,30,1,28.000,1,1,1,1,155,1,0,0,155,0,0,155,0,0,0,0,1,1,1,1,1,1,0,0,0,29600,0,0,0,0,0,0,0,0,0
1.855000,225.47,39.002,23.410,432,360,72.000,71,71,18.000,39.000,55.000,281,212,339,160,7,154,14,14,14,14,1,0,0,3,30,1,28.000,1,1,0,0,156,1,0,0,156,0,0,156,0,0,0,0,1,1,1,1,1,1,0,0,0,29680,0,0,0,0,0,0,0,0,0
1.860000,227.63,38.892,23.350,435,363,72.000,71,71,18.000,39.000,55.000,280,214,342,160,7,156,14,14,14,14,1,0,0,3,30,1,28.000,1,1,0,0,156,1,0,0,156,0,0,156,0,0,0,0,1,1,1,1,1,1,0,0,0,29760,0,0,0,0,0,0,0,0,0
1.865000,229.79,38.714,23.240,437,366,72.000,71,71,18.000,39.000,55.000,279,216,345,160,7,157,14,14,14,14,1,0,0,3,30,1,28.000,1,1,2,2,157,1,0,0,157,0,0,157,0,0,0,0,1,1,1,1,1,1,0,0,0,29840,0,0,0,0,0,0,0,0,0
1.870000,231.95,38.467,23.080,439,369,72.000,71,71,18.000,39.000,55.000,277,218,348,160,7,159,14,14,14,14,1,0,0,3,30,1,28.000,1,1,2,2,157,1,0,0,157,0,0,157,0,0,0,0,1,1,1,1,1,1,0,0,0,29920,0,0,0,0,0,0,0,0,0
1.875000,234.11,38.154,22.920,440,372,72.000,71,71,18.000,39.000,55.000,275,219,351,160,7,160,14,14,14,14,1,0,0,3,30,1,28.000,1,1,3,3,158,1,0,0,158,0,0,158,0,0,0,0,1,1,1,1,1,1,0,0,0,30000,0,0,0,0,0,0,0,0,0
1.880000,236.27,37.775,22.640,441,375,72.000,71,71,18.000,39.000,55.000,272,222,355,160,7,162,14,14,14,14,1,0,0,3,30,1,28.000,1,1,1,1,159,1,0,0,159,0,0,159,0,0,0,0,1,1,1,1,1,1,0,0,0,30080,0,0,0,0,0,0,0,0,0
1.885000,238.43,37.333,22.370,441,377,72.000,71,71,18.000,39.000,55.000,269,223,357,160,7,162,14,14,14,14,1,0,0,3,30,1,28.000,1,1,1,1,159,1,0,0,159,0,0,159,0,0,0,0,1,1,1,1,1,1,0,0,0,30160,0,0,0,0,0,0,0,0,0
1.890000,240.59,36.829,22.100,440,380,72.000,71,71,18.000,39.000,55.000,265,225,360,160,7,164,14,14,14,14,1,0,0,3,30,1,28.000,1,1,0,0,160,1,0,0,160,0,0,160,0,0,0,0,1,1,1,1,1,1,0,0,0,30240,0,0,0,0,0,0,0,0,0
1.895000,242.75,36.267,21.770,438,382,72.000,71,71,18.000,39.000,55.000,261,226,362,160,7,165,14,14,14,14,1,0,0,3,30,1,28.000,1,1,0,0,160,1,0,0,160,0,0,160,0,0,0,0,1,1,1,1,1,1,0,0,0,30320,0,0,0,0,0,0,0,0,0
1.900000,244.91,35.650,21.390,436,384,72.000,71,71,18.000,39.000,55.000,257,227,364,160,7,166,14,14,14,14,1,0,0,3,30,1,28.000,1,1,2,2,161,1,0,0,161,0,0,161,0,0,0,0,1,1,1,1,1,1,0,0,0,30400,0,0,0,0,0,0,0,0,0
1.905000,247.07,34.980,20.960,433,386,72.000,71,71,18.000,39.000,55.000,252,229,366,160,7,167,14,14,14,14,1,0,0,3,30,1,28.000,1,1,2,2,161,1,0,0,161,0,0,161,0,0,0,0,1,1,1,1,1,1,0,0,0,30480,0,0,0,0,0,0,0,0,0
1.910000,249.23,34.262,20.520,430,388,72.000,71,71,18.000,39.000,55.000,246,230,368,160,7,168,14,14,14,14,1,0,0,3,30,1,28.000,1,1,3,3,162,1,0,0,162,0,0,162,0,0,0,0,1,1,1,1,1,1,0,0,0,30560,0,0,0,0,0,0,0,0,0
1.915000,251.39,33.499,20.090,426,390,72.000,71,71,18.000,39.000,55.000,241,231,370,160,7,169,14,14,14,14,1,0,0,3,30,1,28.000,1,1,1,1,163,1,0,0,163,0,0,163,0,0,0,0,1,1,1,1,1,1,0,0,0,30640,0,0,0,0,0,0,0,0,0
1.920000,253.55,32.696,19.600,421,391,72.000,71,71,18.000,39.000,55.000,235,232,371,160,7,169,14,14,14,14,1,0,0,3,30,1,28.000,1,1,1,1,163,1,0,0,163,0,0,163,0,0,0,0,1,1,1,1,1,1,0,0,0,30720,0,0,0,0,0,0,0,0,0
1.925000,255.71,31.858,19.110,416,392,72.000,71,71,18.000,39.000,55.000,229,233,372,160,7,170,14,14,14,14,1,0,0,3,30,1,28.000,1,1,0,0,164,1,0,0,164,0,0,164,0,0,0,0,1,1,1,1,1,1,0,0,0,30800,0,0,0,0,0,0,0,0,0
1.930000,257.87,30.988,18.560,410,393,72.000,71,71,18.000,39.000,55.000,223,233,374,160,7,170,14,14,14,14,1,0,0,3,30,1,28.000,1,1,0,0,164,1,0,0,164,0,0,164,0,0,0,0,1,1,1,1,1,1,0,0,0,30880,0,0,0,0,0,0,0,0,0
1.935000,260.03,30.092,18.080,404,394,72.000,71,71,18.000,39.000,55.000,217,234,375,160,7,171,14,14,14,14,1,0,0,3,30,1,28.000,1,1,2,2,165,1,0,0,165,0,0,165,0,0,0,0,1,1,1,1,1,1,0,0,0,30960,0,0,0,0,0,0,0,0,0
1.940000,262.19,29.174,17.480,397,394,72.000,71,71,18.000,39.000,55.000,210,234,375,160,7,171,14,14,14,14,1,0,0,3,30,1,28.000,1,1,2,2,165,1,0,0,165,0,0,165,0,0,0,0,1,1,1,1,1,1,0,0,0,31040,0,0,0,0,0,0,0,0,0
1.945000,264.35,28.241,16.930,390,394,72.000,71,71,18.000,39.000,55.000,203,234,375,160,7,171,14,14,14,14,1,0,0,3,30,1,28.000,1,1,3,3,166,1,0,0,166,0,0,166,0,0,0,0,1,1,1,1,1,1,0,0,0,31120,0,0,0,0,0,0,0,0,0
1.950000,266.51,27.296,16.390,382,394,72.000,71,71,18.000,39.000,55.000,197,234,375,160,7,171,14,14,14,14,1,0,0,3,30,1,28.000,1,1,1,1,167,1,0,0,167,0,0,167,0,0,0,0,1,1,1,1,1,1,0,0,0,31200,0,0,0,0,0,0,0,0,0
1.955000,268.67,26.346,15.790,374,393,72.000,71,71,18.000,39.000,55.000,189,233,374,160,7,170,14,14,14,14,1,0,0,3,30,1,28.000,1,1,1,1,167,1,0,0,167,0,0,167,0,0,0,0,1,1,1,1,1,1,0,0,0,31280,0,0,0,0,0,0,0,0,0
1.960000,270.83,25.396,15.250,365,393,72.000,71,71,18.000,39.000,55.000,183,233,374,160,7,170,14,14,14,14,1,0,0,3,30,1,28.000,1,1,0,0,168,1,0,0,168,0,0,168,0,0,0,0,1,1,1,1,1,1,0,0,0,31360,0,0,0,0,0,0,0,0,0
1.965000,272.99,24.451,14.650,357,392,72.000,71,71,18.000,39.000,55.000,176,233,372,160,7,170,14,14,14,14,1,0,0,3,30,1,28.000,1,1,0,0,168,1,0,0,168,0,0,168,0,0,0,0,1,1,1,1,1,1,0,0,0,31440,0,0,0,0,0,0,0,0,0
1.970000,275.15,23.517,14.100,348,392,72.000,71,71,18.000,39.000,55.000,169,233,372,160,7,170,14,14,14,14,1,0,0,3,30,1,28.000,1,1,2,2,169,1,0,0,169,0,0,169,0,0,0,0,1,1,1,1,1,1,0,0,0,31520,0,0,0,0,0,0,0,0,0
1.975000,277.31,22.599,13.560,339,391,72.000,71,71,18.000,39.000,55.000,163,232,371,160,7,169,14,14,14,14,1,0,0,3,30,1,28.000,1,1,2,2,169,1,0,0,169,0,0,169,0,0,0,0,1,1,1,1,1,1,0,0,0,31600,0,0,0,0,0,0,0,0,0
1.980000,279.47,21.702,13.020,329,390,72.000,71,71,18.000,39.000,55.000,156,231,370,160,7,169,14,14,14,14,1,0,0,3,30,1,28.000,1,1,3,3,170,1,0,0,170,0,0,170,0,0,0,0,1,1,1,1,1,1,0,0,0,31680,0,0,0,0,0,0,0,0,0
1.985000,281.63,20.831,12.530,320,388,72.000,71,71,18.000,39.000,55.000,150,230,368,160,7,168,14,14,14,14,1,0,0,3,30,1,28.000,1,1,1,1,171,1,0,0,171,0,0,171,0,0,0,0,1,1,1,1,1,1,0,0,0,31760,0,0,0,0,0,0,0,0,0
1.990000,283.79,19.992,11.980,311,387,72.000,71,71,18.000,39.000,55.000,144,229,367,160,7,167,14,14,14,14,1,0,0,3,30,1,28.000,1,1,1,1,171,1,0,0,171,0,0,171,0,0,0,0,1,1,1,1,1,1,0,0,0,31840,0,0,0,0,0,0,0,0,0
1.995000,285.95,19.189,11.490,302,385,72.000,71,71,18.000,39.000,55.000,138,228,365,160,7,166,14,14,14,14,1,0,0,3,30,1,28.000,1,1,0,0,172,1,0,0,172,0,0,172,0,0,0,0,1,1,1,1,1,1,0,0,0,31920,0,0,0,0,0,0,0,0,0
2.000000,288.11,18.426,11.060,293,384,72.000,71,71,18.000,39.000,55.000,133,227,364,160,7,166,14,14,14,14,1,0,0,3,30,1,28.000,1,1,0,0,172,1,0,0,172,0,0,172,0,0,0,0,1,1,1,1,1,1,0,0,0,32000,0,0,0,0,0,0,0,0,0
2.005000,290.27,17.710,10.620,283,382,72.000,72,71,18.000,39.000,55.000,127,226,362,160,7,165,14,14,14,14,1,0,0,3,30,1,28.000,1,1,2,2,173,1,0,0,173,0,0,173,0,0,0,0,1,1,1,1,1,1,0,0,0,32080,0,0,0,0,0,0,0,0,0
2.010000,292.43,17.042,10.240,275,380,72.000,72,71,18.000,39.000,55.000,123,225,360,160,7,164,14,14,14,14,1,0,0,3,30,1,28.000,1,1,2,2,173,1,0,0,173,0,0,173,0,0,0,0,1,1,1,1,1,1,0,0,0,32160,0,0,0,0,0,0,0,0,0
2.015000,294.59,16.428,9.860,266,378,72.000,72,71,18.000,39.000,55.000,118,223,358,160,7,163,14,14,14,14,1,0,0,3,30,1,28.000,1,1,3,3,174,1,0,0,174,0,0,174,0,0,0,0,1,1,1,1,1,1,0,0,0,32240,0,0,0,0,0,0,0,0,0
2.020000,296.75,15.872,9.540,258,375,72.000,72,71,18.000,39.000,55.000,114,222,355,160,7,162,14,14,14,14,1,0,0,3,30,1,28.000,1,1,1,1,175,1,0,0,175,0,0,175,0,0,0,0,1,1,1,1,1,1,0,0,0,32320,0,0,0,0,0,0,0,0,0
2.025000,298.91,15.375,9.210,250,373,72.000,72,71,18.000,39.000,55.000,110,220,353,160,7,161,14,14,14,14,1,0,0,3,30,1,28.000,1,1,1,1,175,1,0,0,175,0,0,175,0,0,0,0,1,1,1,1,1,1,0,0,0,32400,0,0,0,0,0,0,0,0,0
2.030000,301.07,14.942,8.940,242,370,72.000,72,71,18.000,39.000,55.000,107,218,349,160,7,159,14,14,14,14,1,0,0,3,30,1,28.000,1,1,0,0,176,1,0,0,176,0,0,176,0,0,0,0,1,1,1,1,1,1,0,0,0,32480,0,0,0,0,0,0,0,0,0
2.035000,303.23,14.575,8.720,235,368,72.000,72,71,18.000,39.000,55.000,104,217,347,160,7,158,14,14,14,14,1,0,0,3,30,1,28.000,1,1,0,0,176,1,0,0,176,0,0,176,0,0,0,0,1,1,1,1,1,1,0,0,0,32560,0,0,0,0,0,0,0,0,0
2.040000,305.39,14.276,8.560,228,365,72.000,71,71,18.000,39.000,55.000,102,215,344,160,7,157,14,14,14,14,1,0,0,3,30,1,28.000,1,1,2,2,177,1,0,0,177,0,0,177,0,0,0,0,1,1,1,1,1,1,0,0,0,32640,0,0,0,0,0,0,0,0,0
2.045000,307.55,14.048,8.450,222,363,72.000,71,71,18.000,39.000,55.000,101,214,342,160,7,156,14,14,14,14,1,0,0,3,30,1,28.000,1,1,3,3,178,1,0,0,178,0,0,178,0,0,0,0,1,1,1,1,1,1,0,0,0,32720,0,0,0,0,0,0,0,0,0
2.050000,309.71,13.891,8.340,216,360,72.000,71,71,18.000,39.000,55.000,100,212,339,160,7,154,14,14,14,14,1,0,0,3,30,1,28.000,1,1,3,3,178,1,0,0,178,0,0,178,0,0,0,0,1,1,1,1,1,1,0,0,0,32800,0,0,0,0,0,0,0,0,0
2.055000,311.87,13.807,8.280,211,357,72.000,71,71,18.000,39.000,55.000,99,210,336,160,7,153,14,14,14,14,1,0,0,3,30,1,28.000,1,1,1,1,179,1,0,0,179,0,0,179,0,0,0,0,1,1,1,1,1,1,0,0,0,32880,0,0,0,0,0,0,0,0,0
2.060000,314.03,13.797,8.280,207,354,72.000,71,71,18.000,39.000,55.000,99,208,333,160,7,151,14,14,14,14,1,0,0,3,30,1,28.000,1,1,1,1,179,1,0,0,179,0,0,179,0,0,0,0,1,1,1,1,1,1,0,0,0,32960,0,0,0,0,0,0,0,0,0
2.065000,316.19,13.860,8.280,203,351,72.000,71,71,18.000,39.000,55.000,99,206,330,160,7,150,14,14,14,14,1,0,0,3,30,1,28.000,1,1,0,0,180,1,0,0,180,0,0,180,0,0,0,0,1,1,1,1,1,1,0,0,0,33040,0,0,0,0,0,0,0,0,0
2.070000,318.35,13.997,8.390,200,348,72.000,71,71,18.000,39.000,55.000,100,204,326,160,7,149,14,14,14,14,1,0,0,3,30,1,28.000,1,1,0,0,180,1,0,0,180,0,0,180,0,0,0,0,1,1,1,1,1,1,0,0,0,33120,0,0,0,0,0,0,0,0,0
2.075000,320.51,14.208,8.500,198,345,72.000,71,71,18.000,39.000,55.000,102,202,323,160,7,147,14,14,14,14,1,0,0,3,30,1,28.000,1,1,2,2,181,1,0,0,181,0,0,181,0,0,0,0,1,1,1,1,1,1,0,0,0,33200,0,0,0,0,0,0,0,0,0
2.080000,322.67,14.490,8.670,196,342,72.000,71,71,18.000,39.000,55.000,104,200,320,160,7,146,14,14,14,14,1,0,0,3,30,1,28.000,1,1,3,3,182,1,0,0,182,0,0,182,0,0,0,0,1,1,1,1,1,1,0,0,0,33280,0,0,0,0,0,0,0,0,0
2.085000,324.83,14.844,8.880,195,339,72.000,71,71,18.000,39.000,55.000,106,198,317,160,7,144,14,14,14,14,1,0,0,3,30,1,28.000,1,1,3,3,182,1,0,0,182,0,0,182,0,0,0,0,1,1,1,1,1,1,0,0,0,33360,0,0,0,0,0,0,0,0,0
2.090000,326.99,15.267,9.150,194,337,72.000,71,71,18.000,39.000,55.000,110,197,315,160,7,143,14,14,14,14,1,0,0,3,30,1,28.000,1,1,1,1,183,1,0,0,183,0,0,183,0,0,0,0,1,1,1,1,1,1,0,0,0,33440,0,0,0,0,0,0,0,0,0
2.095000,329.15,15.757,9.430,195,334,72.000,71,71,18.000,39.000,55.000,113,195,312,160,7,142,14,14,14,14,1,0,0,3,30,1,28.000,1,1,1,1,183,1,0,0,183,0,0,183,0,0,0,0,1,1,1,1,1,1,0,0,0,33520,0,0,0,0,0,0,0,0,0
2.100000,331.31,16.312,9.750,196,331,72.000,71,71,18.000,39.000,55.000,117,193,309,160,7,140,14,14,14,14,1,0,0,3,30,1,28.000,1,1,0,0,184,1,0,0,184,0,0,184,0,0,0,0,1,1,1,1,1,1,0,0,0,33600,0,0,0,0,0,0,0,0,0
2.105000,333.47,16.928,10.130,197,329,72.000,71,71,18.000,39.000,55.000,121,191,306,160,7,140,14,14,14,14,1,0,0,3,30,1,28.000,1,1,0,0,184,1,0,0,184,0,0,184,0,0,0,0,1,1,1,1,1,1,0,0,0,33680,0,0,0,0,0,0,0,0,0
2.110000,335.63,17.603,10.570,200,326,72.000,71,71,18.000,39.000,55.000,127,189,303,160,7,138,14,14,14,14,1,0,0,3,30,1,28.000,1,1,2,2,185,1,0,0,185,0,0,185,0,0,0,0,1,1,1,1,1,1,0,0,0,33760,0,0,0,0,0,0,0,0,0
2.115000,337.79,18.334,11.000,203,324,72.000,71,71,18.000,39.000,55.000,132,188,301,160,7,137,14,14,14,14,1,0,0,3,30,1,28.000,1,1,3,3,186,1,0,0,186,0,0,186,0,0,0,0,1,1,1,1,1,1,0,0,0,33840,0,0,0,0,0,0,0,0,0
2.120000,339.95,19.115,11.490,207,321,72.000,71,71,18.000,39.000,55.000,138,186,298,160,7,136,14,14,14,14,1,0,0,3,30,1,28.000,1,1,3,3,186,1,0,0,186,0,0,186,0,0,0,0,1,1,1,1,1,1,0,0,0,33920,0,0,0,0,0,0,0,0,0
2.125000,342.11,19.944,11.980,212,319,72.000,71,71,18.000,39.000,55.000,144,185,296,160,7,135,14,14,14,14,1,0,0,3,30,1,28.000,1,1,1,1,187,1,0,0,187,0,0,187,0,0,0,0,1,1,1,1,1,1,0,0,0,34000,0,0,0,0,0,0,0,0,0
2.130000,344.27,20.816,12.470,217,317,72.000,71,71,18.000,39.000,55.000,149,184,294,160,7,134,14,14,14,14,1,0,0,3,30,1,28.000,1,1,1,1,187,1,0,0,187,0,0,187,0,0,0,0,1,1,1,1,1,1,0,0,0,34080,0,0,0,0,0,0,0,0,0
2.135000,346.43,21.726,13.020,223,315,72.000,71,71,18.000,39.000,55.000,156,182,292,160,7,133,14,14,14,14,1,0,0,3,30,1,28.000,1,1,0,0,188,1,0,0,188,0,0,188,0,0,0,0,1,1,1,1,1,1,0,0,0,34160,0,0,0,0,0,0,0,0,0
2.140000,348.59,22.669,13.620,229,313,72.000,71,71,18.000,39.000,55.000,163,181,290,160,7,132,14,14,14,14,1,0,0,3,30,1,28.000,1,1,0,0,188,1,0,0,188,0,0,188,0,0,0,0,1,1,1,1,1,1,0,0,0,34240,0,0,0,0,0,0,0,0,0
2.145000,350.75,23.641,14.160,236,312,72.000,71,71,18.000,39.000,55.000,170,180,289,160,7,131,14,14,14,14,1,0,0,3,30,1,28.000,1,1,2,2,189,1,0,0,189,0,0,189,0,0,0,0,1,1,1,1,1,1,0,0,0,34320,0,0,0,0,0,0,0,0,0
2.150000,352.91,24.636,14.760,243,310,72.000,71,71,18.000,39.000,55.000,177,179,287,160,7,130,14,14,14,14,1,0,0,3,30,1,28.000,1,1,3,3,190,1,0,0,190,0,0,190,0,0,0,0,1,1,1,1,1,1,0,0,0,34400,0,0,0,0,0,0,0,0,0
2.155000,355.07,25.649,15.410,251,309,72.000,71,71,18.000,39.000,55.000,185,178,286,160,7,130,14,14,14,14,1,0,0,3,30,1,28.000,1,1,3,3,190,1,0,0,190,0,0,190,0,0,0,0,1,1,1,1,1,1,0,0,0,34480,0,0,0,0,0,0,0,0,0
2.160000,357.23,26.674,16.010,260,308,72.000,71,71,18.000,39.000,55.000,192,178,285,160,7,130,14,14,14,14,1,0,0,3,30,1,28.000,1,1,1,1,191,1,0,0,191,0,0,191,0,0,0,0,1,1,1,1,1,1,0,0,0,34560,0,0,0,0,0,0,0,0,0
2.165000,359.39,27.707,16.610,269,307,72.000,71,71,18.000,39.000,55.000,199,177,284,160,7,129,14,14,14,14,1,0,0,3,30,1,28.000,1,1,1,1,191,1,0,0,191,0,0,191,0,0,0,0,1,1,1,1,1,1,0,0,0,34640,0,0,0,0,0,0,0,0,0
2.170000,1.55,28.741,17.260,278,307,72.000,71,71,18.000,39.000,55.000,207,177,284,160,7,129,14,14,14,14,1,0,0,3,30,1,28.000,1,1,0,0,192,1,0,0,192,0,0,192,0,0,0,0,1,1,1,1,1,1,0,0,0,34720,0,0,0,0,0,0,0,0,0
2.175000,3.71,29.771,17.860,287,306,72.000,71,71,18.000,39.000,55.000,214,176,282,160,7,129,14,14,14,14,1,0,0,3,30,1,28.000,1,1,0,0,192,1,0,0,192,0,0,192,0,0,0,0,1,1,1,1,1,1,0,0,0,34800,0,0,0,0,0,0,0,0,0
2.180000,5.87,30.792,18.460,297,306,72.000,71,71,18.000,39.000,55.000,222,176,282,160,7,129,14,14,14,14,1,0,0,3,30,1,28.000,1,1,2,2,193,1,0,0,193,0,0,193,0,0,0,0,1,1,1,1,1,1,0,0,0,34880,0,0,0,0,0,0,0,0,0
2.185000,8.03,31.798,19.050,307,306,72.000,71,71,18.000,39.000,55.000,229,176,282,160,7,129,14,14,14,14,1,0,0,3,30,1,28.000,1,1,3,3,194,1,0,0,194,0,0,194,0,0,0,0,1,1,1,1,1,1,0,0,0,34960,0,0,0,0,0,0,0,0,0
2.190000,10.19,32.783,19.650,317,306,72.000,71,71,18.000,39.000,55.000,236,176,282,160,7,129,14,14,14,14,1,0,0,3,30,1,28.000,1,1,3,3,194,1,0,0,194,0,0,194,0,0,0,0,1,1,1,1,1,1,0,0,0,35040,0,0,0,0,0,0,0,0,0
2.195000,12.35,33.743,20.250,327,307,72.000,71,71,18.000,39.000,55.000,243,177,284,160,7,129,14,14,14,14,1,0,0,3,30,1,28.000,1,1,1,1,195,1,0,0,195,0,0,195,0,0,0,0,1,1,1,1,1,1,0,0,0,35120,0,0,0,0,0,0,0,0,0
2.200000,14.51,34.673,20.790,337,308,72.000,71,71,18.000,39.000,55.000,250,178,285,160,7,130,14,14,14,14,1,0,0,3,30,1,28.000,1,1,1,1,195,1,0,0,195,0,0,195,0,0,0,0,1,1,1,1,1,1,0,0,0,35200,0,0,0,0,0,0,0,0,0
2.205000,16.67,35.567,21.340,347,309,72.000,71,71,18.000,39.000,55.000,256,178,286,160,7,130,14,14,14,14,1,0,0,3,30,1,28.000,1,1,0,0,196,1,0,0,196,0,0,196,0,0,0,0,1,1,1,1,1,1,0,0,0,35280,0,0,0,0,0,0,0,0,0
2.210000,18.83,36.420,21.830,357,311,72.000,71,71,18.000,39.000,55.000,262,180,288,160,7,131,14,14,14,14,1,0,0,3,30,1,28.000,1,1,2,2,197,1,0,0,197,0,0,197,0,0,0,0,1,1,1,1,1,1,0,0,0,35360,0,0,0,0,0,0,0,0,0
2.215000,20.99,37.229,22.320,367,313,72.000,71,71,18.000,39.000,55.000,268,181,290,160,7,132,14,14,14,14,1,0,0,3,30,1,28.000,1,1,2,2,197,1,0,0,197,0,0,197,0,0,0,0,1,1,1,1,1,1,0,0,0,35440,0,0,0,0,0,0,0,0,0
2.220000,23.15,37.989,22.810,377,315,72.000,71,71,18.000,39.000,55.000,274,182,292,160,7,133,14,14,14,14,1,0,0,3,30,1,28.000,1,1,3,3,198,1,0,0,198,0,0,198,0,0,0,0,1,1,1,1,1,1,0,0,0,35520,0,0,0,0,0,0,0,0,0
2.225000,25.31,38.696,23.190,387,318,72.000,71,71,18.000,39.000,55.000,278,184,295,160,7,134,14,14,14,14,1,0,0,3,30,1,28.000,1,1,3,3,198,1,0,0,198,0,0,198,0,0,0,0,1,1,1,1,1,1,0,0,0,35600,0,0,0,0,0,0,0,0,0
2.230000,27.47,39.346,23.620,396,321,72.000,71,71,18.000,39.000,55.000,284,186,298,160,7,136,14,14,14,14,1,0,0,3,30,1,28.000,1,1,1,1,199,1,0,0,199,0,0,199,0,0,0,0,1,1,1,1,1,1,0,0,0,35680,0,0,0,0,0,0,0,0,0
2.235000,29.63,39.937,23.950,405,324,72.000,71,71,18.000,39.000,55.000,288,188,301,160,7,137,14,14,14,14,1,0,0,3,30,1,28.000,1,1,1,1,199,1,0,0,199,0,0,199,0,0,0,0,1,1,1,1,1,1,0,0,0,35760,0,0,0,0,0,0,0,0,0
2.240000,31.79,40.464,24.280,413,328,72.000,71,71,18.000,39.000,55.000,292,191,305,160,7,139,14,14,14,14,1,0,0,3,30,1,28.000,1,1,0,0,200,1,0,0,200,0,0,200,0,0,0,0,1,1,1,1,1,1,0,0,0,35840,0,0,0,0,0,0,0,0,0
2.245000,33.95,40.925,24.550,422,331,72.000,71,71,18.000,39.000,55.000,295,193,309,160,7,140,14,14,14,14,1,0,0,3,30,1,28.000,1,1,2,2,201,1,0,0,201,0,0,201,0,0,0,0,1,1,1,1,1,1,0,0,0,35920,0,0,0,0,0,0,0,0,0
2.250000,36.11,41.318,24.770,429,335,72.000,71,71,18.000,39.000,55.000,297,195,313,160,7,142,14,14,14,14,1,0,0,3,30,1,28.000,1,1,2,2,201,1,0,0,201,0,0,201,0,0,0,0,1,1,1,1,1,1,0,0,0,36000,0,0,0,0,0,0,0,0,0
2.255000,38.27,41.641,24.980,436,339,72.000,71,71,18.000,39.000,55.000,300,198,317,160,7,144,14,14,14,14,1,0,0,3,30,1,28.000,1,1,3,3,202,1,0,0,202,0,0,202,0,0,0,0,1,1,1,1,1,1,0,0,0,36080,0,0,0,0,0,0,0,0,0
2.260000,40.43,41.893,25.150,443,343,72.000,71,71,18.000,39.000,55.000,302,201,321,160,7,146,14,14,14,14,1,0,0,3,30,1,28.000,1,1,3,3,202,1,0,0,202,0,0,202,0,0,0,0,1,1,1,1,1,1,0,0,0,36160,0,0,0,0,0,0,0,0,0
2.265000,42.59,42.071,25.260,449,347,72.000,71,71,18.000,39.000,55.000,303,203,325,160,7,148,14,14,14,14,1,0,0,3,30,1,28.000,1,1,1,1,203,1,0,0,203,0,0,203,0,0,0,0,1,1,1,1,1,1,0,0,0,36240,0,0,0,0,0,0,0,0,0
2.270000,44.75,42.176,25.310,455,352,72.000,71,71,18.000,39.000,55.000,304,206,331,160,7,151,14,14,14,14,1,0,0,3,30,1,28.000,1,1,1,1,203,1,0,0,203,0,0,203,0,0,0,0,1,1,1,1,1,1,0,0,0,36320,0,0,0,0,0,0,0,0,0
2.275000,46.91,42.208,25.310,459,356,72.000,71,71,18.000,39.000,55.000,304,209,335,160,7,152,14,14,14,14,1,0,0,3,30,1,28.000,1,1,0,0,204,1,0,0,204,0,0,204,0,0,0,0,1,1,1,1,1,1,0,0,0,36400,0,0,0,0,0,0,0,0,0
2.280000,49.07,42.165,25.310,464,360,72.000,71,71,18.000,39.000,55.000,304,212,339,160,7,154,14,14,14,14,1,0,0,3,30,1,28.000,1,1,2,2,205,1,0,0,205,0,0,205,0,0,0,0,1,1,1,1,1,1,0,0,0,36480,0,0,0,0,0,0,0,0,0
2.285000,51.23,42.050,25.200,467,365,72.000,71,71,18.000,39.000,55.000,303,215,344,160,7,157,14,14,14,14,1,0,0,3,30,1,28.000,1,1,2,2,205,1,0,0,205,0,0,205,0,0,0,0,1,1,1,1,1,1,0,0,0,36560,0,0,0,0,0,0,0,0,0
2.290000,53.39,41.862,25.090,470,369,72.000,71,71,18.000,39.000,55.000,301,218,348,160,7,159,14,14,14,14,1,0,0,3,30,1,28.000,1,1,3,3,206,1,0,0,206,0,0,206,0,0,0,0,1,1,1,1,1,1,0,0,0,36640,0,0,0,0,0,0,0,0,0
2.295000,55.55,41.603,24.930,472,373,72.000,71,71,18.000,39.000,55.000,299,220,353,160,7,161,14,14,14,14,1,0,0,3,30,1,28.000,1,1,3,3,206,1,0,0,206,0,0,206,0,0,0,0,1,1,1,1,1,1,0,0,0,36720,0,0,0,0,0,0,0,0,0
2.300000,57.71,41.274,24.770,473,377,72.000,71,71,18.000,39.000,55.000,297,223,357,160,7,162,14,14,14,14,1,0,0,3,30,1,28.000,1,1,1,1,207,1,0,0,207,0,0,207,0,0,0,0,1,1,1,1,1,1,0,0,0,36800,0,0,0,0,0,0,0,0,0
2.305000,59.87,40.878,24.490,474,381,72.000,71,71,18.000,39.000,55.000,294,225,361,160,7,164,14,14,14,14,1,0,0,3,30,1,28.000,1,1,1,1,207,1,0,0,207,0,0,207,0,0,0,0,1,1,1,1,1,1,0,0,0,36880,0,0,0,0,0,0,0,0,0
2.310000,62.03,40.417,24.220,474,385,72.000,71,71,18.000,39.000,55.000,291,228,365,160,7,166,14,14,14,14,1,0,0,3,30,1,28.000,1,1,0,0,208,1,0,0,208,0,0,208,0,0,0,0,1,1,1,1,1,1,0,0,0,36960,0,0,0,0,0,0,0,0,0
2.315000,64.19,39.894,23.950,473,388,72.000,72,71,18.000,39.000,55.000,288,230,368,160,7,168,14,14,14,14,1,0,0,3,30,1,28.000,1,1,2,2,209,1,0,0,209,0,0,209,0,0,0,0,1,1,1,1,1,1,0,0,0,37040,0,0,0,0,0,0,0,0,0
2.320000,66.35,39.312,23.570,472,392,72.000,72,71,18.000,39.000,55.000,283,233,372,160,7,170,14,14,14,14,1,0,0,3,30,1,28.000,1,1,2,2,209,1,0,0,209,0,0,209,0,0,0,0,1,1,1,1,1,1,0,0,0,37120,0,0,0,0,0,0,0,0,0
2.325000,68.51,38.675,23.190,470,395,72.000,72,71,18.000,39.000,55.000,278,235,376,160,7,171,14,14,14,14,1,0,0,3,30,1,28.000,1,1,3,3,210,1,0,0,210,0,0,210,0,0,0,0,1,1,1,1,1,1,0,0,0,37200,0,0,0,0,0,0,0,0,0
2.330000,70.67,37.986,22.810,467,398,72.000,72,71,18.000,39.000,55.000,274,237,379,160,7,173,14,14,14,14,1,0,0,3,30,1,28.000,1,1,3,3,210,1,0,0,210,0,0,210,0,0,0,0,1,1,1,1,1,1,0,0,0,37280,0,0,0,0,0,0,0,0,0
2.335000,72.83,37.249,22.320,463,401,72.000,72,71,18.000,39.000,55.000,268,238,382,160,7,174,14,14,14,14,1,0,0,3,30,1,28.000,1,1,1,1,211,1,0,0,211,0,0,211,0,0,0,0,1,1,1,1,1,1,0,0,0,37360,0,0,0,0,0,0,0,0,0
2.340000,74.99,36.468,21.880,459,403,72.000,72,71,18.000,39.000,55.000,263,240,384,160,7,175,14,14,14,14,1,0,0,3,30,1,28.000,1,1,1,1,211,1,0,0,211,0,0,211,0,0,0,0,1,1,1,1,1,1,0,0,0,37440,0,0,0,0,0,0,0,0,0
2.345000,77.15,35.649,21.390,454,405,72.000,72,71,18.000,39.000,55.000,257,241,386,160,7,176,14,14,14,14,1,0,0,3,30,1,28.000,1,1,0,0,212,1,0,0,212,0,0,212,0,0,0,0,1,1,1,1,1,1,0,0,0,37520,0,0,0,0,0,0,0,0,0
2.350000,79.31,34.795,20.850,449,407,72.000,71,71,18.000,39.000,55.000,250,242,388,160,7,177,14,14,14,14,1,0,0,3,30,1,28.000,1,1,2,2,213,1,0,0,213,0,0,213,0,0,0,0,1,1,1,1,1,1,0,0,0,37600,0,0,0,0,0,0,0,0,0
2.355000,81.47,33.913,20.360,443,409,72.000,71,71,18.000,39.000,55.000,244,244,390,160,7,178,14,14,14,14,1,0,0,3,30,1,28.000,1,1,2,2,213,1,0,0,213,0,0,213,0,0,0,0,1,1,1,1,1,1,0,0,0,37680,0,0,0,0,0,0,0,0,0
2.360000,83.63,33.006,19.820,437,410,72.000,71,71,18.000,39.000,55.000,238,244,391,160,7,178,14,14,14,14,1,0,0,3,30,1,28.000,1,1,3,3,214,1,0,0,214,0,0,214,0,0,0,0,1,1,1,1,1,1,0,0,0,37760,0,0,0,0,0,0,0,0,0
2.365000,85.79,32.080,19.220,430,411,72.000,71,71,18.000,39.000,55.000,231,245,392,160,7,179,14,14,14,14,1,0,0,3,30,1,28.000,1,1,3,3,214,1,0,0,214,0,0,214,0,0,0,0,1,1,1,1,1,1,0,0,0,37840,0,0,0,0,0,0,0,0,0
2.370000,87.95,31.140,18.670,422,411,72.000,71,71,18.000,39.000,55.000,224,245,392,160,7,179,14,14,14,14,1,0,0,3,30,1,28.000,1,1,1,1,215,1,0,0,215,0,0,215,0,0,0,0,1,1,1,1,1,1,0,0,0,37920,0,0,0,0,0,0,0,0,0
2.375000,90.11,30.192,18.130,414,411,72.000,71,71,18.000,39.000,55.000,218,245,392,160,7,179,14,14,14,14,1,0,0,3,30,1,28.000,1,1,0,0,216,1,0,0,216,0,0,216,0,0,0,0,1,1,1,1,1,1,0,0,0,38000,0,0,0,0,0,0,0,0,0
2.380000,92.27,29.242,17.530,406,411,72.000,71,71,18.000,39.000,55.000,210,245,392,160,7,179,14,14,14,14,1,0,0,3,30,1,28.000,1,1,0,0,216,1,0,0,216,0,0,216,0,0,0,0,1,1,1,1,1,1,0,0,0,38080,0,0,0,0,0,0,0,0,0
2.385000,94.43,28.294,16.990,398,411,72.000,71,71,18.000,39.000,55.000,204,245,392,160,7,179,14,14,14,14,1,0,0,3,30,1,28.000,1,1,2,2,217,1,0,0,217,0,0,217,0,0,0,0,1,1,1,1,1,1,0,0,0,38160,0,0,0,0,0,0,0,0,0
2.390000,96.59,27.353,16.390,389,411,72.000,71,71,18.000,39.000,55.000,197,245,392,160,7,179,14,14,14,14,1,0,0,3,30,1,28.000,1,1,2,2,217,1,0,0,217,0,0,217,0,0,0,0,1,1,1,1,1,1,0,0,0,38240,0,0,0,0,0,0,0,0,0
2.395000,98.75,26.426,15.850,380,411,72.000,71,71,18.000,39.000,55.000,190,245,392,160,7,179,14,14,14,14,1,0,0,3,30,1,28.000,1,1,3,3,218,1,0,0,218,0,0,218,0,0,0,0,1,1,1,1,1,1,0,0,0,38320,0,0,0,0,0,0,0,0,0
2.400000,100.91,25.517,15.300,371,410,72.000,71,71,18.000,39.000,55.000,184,244,391,160,7,178,14,14,14,14,1,0,0,3,30,1,28.000,1,1,3,3,218,1,0,0,218,0,0,218,0,0,0,0,1,1,1,1,1,1,0,0,0,38400,0,0,0,0,0,0,0,0,0
2.405000,103.07,24.632,14.760,362,409,72.000,71,71,18.000,39.000,55.000,177,244,390,160,7,178,14,14,14,14,1,0,0,3,30,1,28.000,1,1,1,1,219,1,0,0,219,0,0,219,0,0,0,0,1,1,1,1,1,1,0,0,0,38480,0,0,0,0,0,0,0,0,0
2.410000,105.23,23.775,14.270,353,408,72.000,71,71,18.000,39.000,55.000,171,243,389,160,7,177,14,14,14,14,1,0,0,3,30,1,28.000,1,1,0,0,220,1,0,0,220,0,0,220,0,0,0,0,1,1,1,1,1,1,0,0,0,38560,0,0,0,0,0,0,0,0,0
2.415000,107.39,22.951,13.780,343,407,72.000,71,71,18.000,39.000,55.000,165,242,388,160,7,177,14,14,14,14,1,0,0,3,30,1,28.000,1,1,0,0,220,1,0,0,220,0,0,220,0,0,0,0,1,1,1,1,1,1,0,0,0,38640,0,0,0,0,0,0,0,0,0
2.420000,109.55,22.165,13.290,334,406,72.000,71,71,18.000,39.000,55.000,159,242,387,160,7,176,14,14,14,14,1,0,0,3,30,1,28.000,1,1,2,2,221,1,0,0,221,0,0,221,0,0,0,0,1,1,1,1,1,1,0,0,0,38720,0,0,0,0,0,0,0,0,0
2.425000,111.71,21.421,12.850,325,404,72.000,71,71,18.000,39.000,55.000,154,240,385,160,7,175,14,14,14,14,1,0,0,3,30,1,28.000,1,1,2,2,221,1,0,0,221,0,0,221,0,0,0,0,1,1,1,1,1,1,0,0,0,38800,0,0,0,0,0,0,0,0,0
2.430000,113.87,20.724,12.420,316,402,72.000,71,71,18.000,39.000,55.000,149,239,383,160,7,174,14,14,14,14,1,0,0,3,30,1,28.000,1,1,3,3,222,1,0,0,222,0,0,222,0,0,0,0,1,1,1,1,1,1,0,0,0,38880,0,0,0,0,0,0,0,0,0
2.435000,116.03,20.076,12.040,307,401,72.000,71,71,18.000,39.000,55.000,144,238,382,160,7,174,14,14,14,14,1,0,0,3,30,1,28.000,1,1,3,3,222,1,0,0,222,0,0,222,0,0,0,0,1,1,1,1,1,1,0,0,0,38960,0,0,0,0,0,0,0,0,0
2.440000,118.19,19.482,11.710,299,399,72.000,71,71,18.000,39.000,55.000,140,237,380,160,7,173,14,14,14,14,1,0,0,3,30,1,28.000,1,1,1,1,223,1,0,0,223,0,0,223,0,0,0,0,1,1,1,1,1,1,0,0,0,39040,0,0,0,0,0,0,0,0,0
2.445000,120.35,18.945,11.380,291,397,72.000,71,71,18.000,39.000,55.000,136,236,378,160,7,172,14,14,14,14,1,0,0,3,30,1,28.000,1,1,0,0,224,1,0,0,224,0,0,224,0,0,0,0,1,1,1,1,1,1,0,0,0,39120,0,0,0,0,0,0,0,0,0
2.450000,122.51,18.468,11.060,283,395,72.000,71,71,18.000,39.000,55.000,133,235,376,160,7,171,14,14,14,14,1,0,0,3,30,1,28.000,1,1,0,0,224,1,0,0,224,0,0,224,0,0,0,0,1,1,1,1,1,1,0,0,0,39200,0,0,0,0,0,0,0,0,0
2.455000,124.67,18.053,10.840,275,392,72.000,71,71,18.000,39.000,55.000,130,233,372,160,7,170,14,14,14,14,1,0,0,3,30,1,28.000,1,1,2,2,225,1,0,0,225,0,0,225,0,0,0,0,1,1,1,1,1,1,0,0,0,39280,0,0,0,0,0,0,0,0,0
2.460000,126.83,17.702,10.620,268,390,72.000,71,71,18.000,39.000,55.000,127,231,370,160,7,169,14,14,14,14,1,0,0,3,30,1,28.000,1,1,2,2,225,1,0,0,225,0,0,225,0,0,0,0,1,1,1,1,1,1,0,0,0,39360,0,0,0,0,0,0,0,0,0
2.465000,128.99,17.418,10.460,262,388,72.000,71,71,18.000,39.000,55.000,125,230,368,160,7,168,14,14,14,14,1,0,0,3,30,1,28.000,1,1,3,3,226,1,0,0,226,0,0,226,0,0,0,0,1,1,1,1,1,1,0,0,0,39440,0,0,0,0,0,0,0,0,0
2.470000,131.15,17.200,10.300,256,385,72.000,71,71,18.000,39.000,55.000,123,228,365,160,7,166,14,14,14,14,1,0,0,3,30,1,28.000,1,1,3,3,226,1,0,0,226,0,0,226,0,0,0,0,1,1,1,1,1,1,0,0,0,39520,0,0,0,0,0,0,0,0,0
2.475000,133.31,17.052,10.240,250,382,72.000,71,71,18.000,39.000,55.000,123,226,362,160,7,165,14,14,14,14,1,0,0,3,30,1,28.000,1,1,1,1,227,1,0,0,227,0,0,227,0,0,0,0,1,1,1,1,1,1,0,0,0,39600,0,0,0,0,0,0,0,0,0
2.480000,135.47,16.973,10.190,245,380,72.000,71,71,18.000,39.000,55.000,122,225,360,160,7,164,14,14,14,14,1,0,0,3,30,1,28.000,1,1,0,0,228,1,0,0,228,0,0,228,0,0,0,0,1,1,1,1,1,1,0,0,0,39680,0,0,0,0,0,0,0,0,0
2.485000,137.63,16.963,10.190,241,377,72.000,71,71,18.000,39.000,55.000,122,223,357,160,7,162,14,14,14,14,1,0,0,3,30,1,28.000,1,1,0,0,228,1,0,0,228,0,0,228,0,0,0,0,1,1,1,1,1,1,0,0,0,39760,0,0,0,0,0,0,0,0,0
2.490000,139.79,17.022,10.190,237,374,72.000,71,71,18.000,39.000,55.000,122,221,354,160,7,161,14,14,14,14,1,0,0,3,30,1,28.000,1,1,2,2,229,1,0,0,229,0,0,229,0,0,0,0,1,1,1,1,1,1,0,0,0,39840,0,0,0,0,0,0,0,0,0
2.495000,141.95,17.149,10.300,234,372,72.000,71,71,18.000,39.000,55.000,123,219,351,160,7,160,14,14,14,14,1,0,0,3,30,1,28.000,1,1,2,2,229,1,0,0,229,0,0,229,0,0,0,0,1,1,1,1,1,1,0,0,0,39920,0,0,0,0,0,0,0,0,0
2.500000,144.11,17.345,10.410,232,369,72.000,71,71,18.000,39.000,55.000,125,218,348,160,7,159,14,14,14,14,1,0,0,3,30,1,28.000,1,1,3,3,230,1,0,0,230,0,0,230,0,0,0,0,1,1,1,1,1,1,0,0,0,40000,0,0,0,0,0,0,0,0,0
2.505000,146.27,17.606,10.570,230,366,72.000,71,71,18.000,39.000,55.000,127,216,345,160,7,157,14,14,14,14,1,0,0,3,30,1,28.000,1,1,1,1,231,1,0,0,231,0,0,231,0,0,0,0,1,1,1,1,1,1,0,0,0,40080,0,0,0,0,0,0,0,0,0
2.510000,148.43,17.932,10.790,229,364,72.000,71,71,18.000,39.000,55.000,129,214,343,160,7,156,14,14,14,14,1,0,0,3,30,1,28.000,1,1,1,1,231,1,0,0,231,0,0,231,0,0,0,0,1,1,1,1,1,1,0,0,0,40160,0,0,0,0,0,0,0,0,0
2.515000,150.59,18.320,11.000,229,361,72.000,71,71,18.000,39.000,55.000,132,212,340,160,7,155,14,14,14,14,1,0,0,3,30,1,28.000,1,1,0,0,232,1,0,0,232,0,0,232,0,0,0,0,1,1,1,1,1,1,0,0,0,40240,0,0,0,0,0,0,0,0,0
2.520000,152.75,18.767,11.280,229,358,72.000,71,71,18.000,39.000,55.000,135,210,337,160,7,153,14,14,14,14,1,0,0,3,30,1,28.000,1,1,0,0,232,1,0,0,232,0,0,232,0,0,0,0,1,1,1,1,1,1,0,0,0,40320,0,0,0,0,0,0,0,0,0
2.525000,154.91,19.272,11.550,230,356,72.000,71,71,18.000,39.000,55.000,138,209,335,160,7,152,14,14,14,14,1,0,0,3,30,1,28.000,1,1,2,2,233,1,0,0,233,0,0,233,0,0,0,0,1,1,1,1,1,1,0,0,0,40400,0,0,0,0,0,0,0,0,0
2.530000,157.07,19.830,11.870,231,353,72.000,71,71,18.000,39.000,55.000,142,207,332,160,7,151,14,14,14,14,1,0,0,3,30,1,28.000,1,1,2,2,233,1,0,0,233,0,0,233,0,0,0,0,1,1,1,1,1,1,0,0,0,40480,0,0,0,0,0,0,0,0,0
2.535000,159.23,20.438,12.260,233,351,72.000,71,71,18.000,39.000,55.000,147,206,330,160,7,150,14,14,14,14,1,0,0,3,30,1,28.000,1,1,3,3,234,1,0,0,234,0,0,234,0,0,0,0,1,1,1,1,1,1,0,0,0,40560,0,0,0,0,0,0,0,0,0
2.540000,161.39,21.093,12.640,236,349,72.000,71,71,18.000,39.000,55.000,152,204,327,160,7,149,14,14,14,14,1,0,0,3,30,1,28.000,1,1,1,1,235,1,0,0,235,0,0,235,0,0,0,0,1,1,1,1,1,1,0,0,0,40640,0,0,0,0,0,0,0,0,0
2.545000,163.55,21.790,13.070,240,347,72.000,71,71,18.000,39.000,55.000,157,203,325,160,7,148,14,14,14,14,1,0,0,3,30,1,28.000,1,1,1,1,235,1,0,0,235,0,0,235,0,0,0,0,1,1,1,1,1,1,0,0,0,40720,0,0,0,0,0,0,0,0,0
2.550000,165.71,22.525,13.510,244,345,72.000,71,71,18.000,39.000,55.000,162,202,323,160,7,147,14,14,14,14,1,0,0,3,30,1,28.000,1,1,0,0,236,1,0,0,236,0,0,236,0,0,0,0,1,1,1,1,1,1,0,0,0,40800,0,0,0,0,0,0,0,0,0
2.555000,167.87,23.293,14.000,248,343,72.000,71,71,18.000,39.000,55.000,168,201,321,160,7,146,14,14,14,14,1,0,0,3,30,1,28.000,1,1,0,0,236,1,0,0,236,0,0,236,0,0,0,0,1,1,1,1,1,1,0,0,0,40880,0,0,0,0,0,0,0,0,0
2.560000,170.03,24.090,14.430,254,341,72.000,71,71,18.000,39.000,55.000,173,199,319,160,7,145,14,14,14,14,1,0,0,3,30,1,28.000,1,1,2,2,237,1,0,0,237,0,0,237,0,0,0,0,1,1,1,1,1,1,0,0,0,40960,0,0,0,0,0,0,0,0,0
2.565000,172.19,24.911,14.920,259,339,72.000,71,71,18.000,39.000,55.000,179,198,317,160,7,144,14,14,14,14,1,0,0,3,30,1,28.000,1,1,2,2,237,1,0,0,237,0,0,237,0,0,0,0,1,1,1,1,1,1,0,0,0,41040,0,0,0,0,0,0,0,0,0
2.570000,174.35,25.751,15.460,265,338,72.000,71,71,18.000,39.000,55.000,185,197,316,160,7,144,14,14,14,14,1,0,0,3,30,1,28.000,1,1,3,3,238,1,0,0,238,0,0,238,0,0,0,0,1,1,1,1,1,1,0,0,0,41120,0,0,0,0,0,0,0,0,0
2.575000,176.51,26.604,15.950,272,337,72.000,71,71,18.000,39.000,55.000,191,197,315,160,7,143,14,14,14,14,1,0,0,3,30,1,28.000,1,1,1,1,239,1,0,0,239,0,0,239,0,0,0,0,1,1,1,1,1,1,0,0,0,41200,0,0,0,0,0,0,0,0,0
2.580000,178.67,27.466,16.500,279,335,72.000,71,71,18.000,39.000,55.000,198,195,313,160,7,142,14,14,14,14,1,0,0,3,30,1,28.000,1,1,1,1,239,1,0,0,239,0,0,239,0,0,0,0,1,1,1,1,1,1,0,0,0,41280,0,0,0,0,0,0,0,0,0
2.585000,180.83,28.332,16.990,286,334,72.000,71,71,18.000,39.000,55.000,204,195,312,160,7,142,14,14,14,14,1,0,0,3,30,1,28.000,1,1,0,0,240,1,0,0,240,0,0,240,0,0,0,0,1,1,1,1,1,1,0,0,0,41360,0,0,0,0,0,0,0,0,0
2.590000,182.99,29.195,17.530,294,334,72.000,71,71,18.000,39.000,55.000,210,195,312,160,7,142,14,14,14,14,1,0,0,3,30,1,28.000,1,1,0,0,240,1,0,0,240,0,0,240,0,0,0,0,1,1,1,1,1,1,0,0,0,41440,0,0,0,0,0,0,0,0,0
2.595000,185.15,30.051,18.020,302,333,72.000,71,71,18.000,39.000,55.000,216,194,311,160,7,141,14,14,14,14,1,0,0,3,30,1,28.000,1,1,2,2,241,1,0,0,241,0,0,241,0,0,0,0,1,1,1,1,1,1,0,0,0,41520,0,0,0,0,0,0,0,0,0
2.600000,187.31,30.895,18.510,310,332,72.000,71,71,18.000,39.000,55.000,222,193,310,160,7,141,14,14,14,14,1,0,0,3,30,1,28.000,1,1,2,2,241,1,0,0,241,0,0,241,0,0,0,0,1,1,1,1,1,1,0,0,0,41600,0,0,0,0,0,0,0,0,0
2.605000,189.47,31.720,19.050,318,332,72.000,71,71,18.000,39.000,55.000,229,193,310,160,7,141,14,14,14,14,1,0,0,3,30,1,28.000,1,1,3,3,242,1,0,0,242,0,0,242,0,0,0,0,1,1,1,1,1,1,0,0,0,41680,0,0,0,0,0,0,0,0,0
2.610000,191.63,32.523,19.490,326,332,72.000,71,71,18.000,39.000,55.000,234,193,310,160,7,141,14,14,14,14,1,0,0,3,30,1,28.000,1,1,1,1,243,1,0,0,243,0,0,243,0,0,0,0,1,1,1,1,1,1,0,0,0,41760,0,0,0,0,0,0,0,0,0
2.615000,193.79,33.299,19.980,335,332,72.000,71,71,18.000,39.000,55.000,240,193,310,160,7,141,14,14,14,14,1,0,0,3,30,1,28.000,1,1,1,1,243,1,0,0,243,0,0,243,0,0,0,0,1,1,1,1,1,1,0,0,0,41840,0,0,0,0,0,0,0,0,0
2.620000,195.95,34.042,20.410,343,332,72.000,71,71,18.000,39.000,55.000,245,193,310,160,7,141,14,14,14,14,1,0,0,3,30,1,28.000,1,1,0,0,244,1,0,0,244,0,0,244,0,0,0,0,1,1,1,1,1,1,0,0,0,41920,0,0,0,0,0,0,0,0,0
2.625000,198.11,34.748,20.850,351,333,72.000,71,71,18.000,39.000,55.000,250,194,311,160,7,141,14,14,14,14,1,0,0,3,30,1,28.000,1,1,0,0,244,1,0,0,244,0,0,244,0,0,0,0,1,1,1,1,1,1,0,0,0,42000,0,0,0,0,0,0,0,0,0
2.630000,200.27,35.413,21.230,359,334,72.000,72,71,18.000,39.000,55.000,255,195,312,160,7,142,14,14,14,14,1,0,0,3,30,1,28.000,1,1,2,2,245,1,0,0,245,0,0,245,0,0,0,0,1,1,1,1,1,1,0,0,0,42080,0,0,0,0,0,0,0,0,0
2.635000,202.43,36.033,21.610,367,335,72.000,72,71,18.000,39.000,55.000,259,195,313,160,7,142,14,14,14,14,1,0,0,3,30,1,28.000,1,1,2,2,245,1,0,0,245,0,0,245,0,0,0,0,1,1,1,1,1,1,0,0,0,42160,0,0,0,0,0,0,0,0,0
2.640000,204.59,36.603,21.940,375,336,72.000,72,71,18.000,39.000,55.000,263,196,314,160,7,143,14,14,14,14,1,0,0,3,30,1,28.000,1,1,3,3,246,1,0,0,246,0,0,246,0,0,0,0,1,1,1,1,1,1,0,0,0,42240,0,0,0,0,0,0,0,0,0
2.645000,206.75,37.120,22.260,383,338,72.000,72,71,18.000,39.000,55.000,267,197,316,160,7,144,14,14,14,14,1,0,0,3,30,1,28.000,1,1,1,1,247,1,0,0,247,0,0,247,0,0,0,0,1,1,1,1,1,1,0,0,0,42320,0,0,0,0,0,0,0,0,0
2.650000,208.91,37.581,22.540,390,340,72.000,72,71,18.000,39.000,55.000,271,199,318,160,7,145,14,14,14,14,1,0,0,3,30,1,28.000,1,1,1,1,247,1,0,0,247,0,0,247,0,0,0,0,1,1,1,1,1,1,0,0,0,42400,0,0,0,0,0,0,0,0,0
2.655000,211.07,37.983,22.750,397,342,72.000,72,71,18.000,39.000,55.000,273,200,320,160,7,146,14,14,14,14,1,0,0,3,30,1,28.000,1,1,0,0,248,1,0,0,248,0,0,248,0,0,0,0,1,1,1,1,1,1,0,0,0,42480,0,0,0,0,0,0,0,0,0
2.660000,213.23,38.324,22.970,404,344,72.000,72,71,18.000,39.000,55.000,276,201,322,160,7,147,14,14,14,14,1,0,0,3,30,1,28.000,1,1,0,0,248,1,0,0,248,0,0,248,0,0,0,0,1,1,1,1,1,1,0,0,0,42560,0,0,0,0,0,0,0,0,0
2.665000,215.39,38.600,23.130,410,347,72.000,71,71,18.000,39.000,55.000,278,203,325,160,7,148,14,14,14,14,1,0,0,3,30,1,28.000,1,1,2,2,249,1,0,0,249,0,0,249,0,0,0,0,1,1,1,1,1,1,0,0,0,42640,0,0,0,0,0,0,0,0,0
2.670000,217.55,38.811,23.300,416,350,72.000,71,71,18.000,39.000,55.000,280,205,329,160,7,150,14,14,14,14,1,0,0,3,30,1,28.000,1,1,3,3,250,1,0,0,250,0,0,250,0,0,0,0,1,1,1,1,1,1,0,0,0,42720,0,0,0,0,0,0,0,0,0
2.675000,219.71,38.955,23.350,421,352,72.000,71,71,18.000,39.000,55.000,280,206,331,160,7,151,14,14,14,14,1,0,0,3,30,1,28.000,1,1,3,3,250,1,0,0,250,0,0,250,0,0,0,0,1,1,1,1,1,1,0,0,0,42800,0,0,0,0,0,0,0,0,0
2.680000,221.87,39.030,23.410,425,355,72.000,71,71,18.000,39.000,55.000,281,208,334,160,7,152,14,14,14,14,1,0,0,3,30,1,28.000,1,1,1,1,251,1,0,0,250,0,0,251,0,0,0,0,1,1,1,1,1,1,0,0,0,42880,0,0,0,0,0,0,0,0,0
2.685000,224.03,39.036,23.410,429,358,72.000,71,71,18.000,39.000,55.000,281,210,337,160,7,153,14,14,14,14,1,0,0,3,30,1,28.000,1,1,1,1,251,1,0,0,250,0,0,251,0,0,0,0,1,1,1,1,1,1,0,0,0,42960,0,0,0,0,0,0,0,0,0
2.690000,226.19,38.973,23.410,433,361,72.000,71,71,18.000,39.000,55.000,281,212,340,160,7,155,14,14,14,14,1,0,0,3,30,1,28.000,1,1,0,0,252,1,0,0,250,0,0,252,0,0,0,0,1,1,1,1,1,1,0,0,0,43040,0,0,0,0,0,0,0,0,0
2.695000,228.35,38.840,23.300,436,364,72.000,71,71,18.000,39.000,55.000,280,214,343,160,7,156,14,14,14,14,1,0,0,3,30,1,28.000,1,1,0,0,252,1,0,0,250,0,0,252,0,0,0,0,1,1,1,1,1,1,0,0,0,43120,0,0,0,0,0,0,0,0,0
2.700000,230.51,38.639,23.190,438,367,72.000,71,71,18.000,39.000,55.000,278,216,346,160,7,158,14,14,14,14,1,0,0,3,30,1,28.000,1,1,2,2,253,1,0,0,250,0,0,253,0,0,0,0,1,1,1,1,1,1,0,0,0,43200,0,0,0,0,0,0,0,0,0
2.705000,232.67,38.370,23.030,440,370,72.000,71,71,18.000,39.000,55.000,276,218,349,160,7,159,14,14,14,14,1,0,0,3,30,1,28.000,1,1,3,3,254,1,0,0,250,0,0,254,0,0,0,0,1,1,1,1,1,1,0,0,0,43280,0,0,0,0,0,0,0,0,0
2.710000,234.83,38.035,22.810,441,373,72.000,71,71,18.000,39.000,55.000,274,220,353,160,7,161,14,14,14,14,1,0,0,3,30,1,28.000,1,1,3,3,254,1,0,0,250,0,0,254,0,0,0,0,1,1,1,1,1,1,0,0,0,43360,0,0,0,0,0,0,0,0,0
2.715000,236.99,37.634,22.590,441,376,72.000,71,71,18.000,39.000,55.000,271,222,356,160,7,162,14,14,14,14,1,0,0,3,30,1,28.000,1,1,1,1,255,1,0,0,250,0,0,255,0,0,0,0,1,1,1,1,1,1,0,0,0,43440,0,0,0,0,0,0,0,0,0
2.720000,239.15,37.171,22.320,441,378,72.000,71,71,18.000,39.000,55.000,268,223,358,160,7,163,14,14,14,14,1,0,0,3,30,1,28.000,1,1,1,1,255,1,0,0,250,0,0,255,0,0,0,0,1,1,1,1,1,1,0,0,0,43520,0,0,0,0,0,0,0,0,0
2.725000,241.31,36.648,21.990,440,381,72.000,71,71,18.000,39.000,55.000,264,225,361,160,7,164,14,14,14,14,1,0,0,3,30,1,28.000,1,1,0,0,256,1,0,0,250,0,0,256,0,0,0,0,1,1,1,1,1,1,0,0,0,43600,0,0,0,0,0,0,0,0,0
2.730000,243.47,36.067,21.610,438,383,72.000,71,71,18.000,39.000,55.000,259,227,363,160,7,165,14,14,14,14,1,0,0,3,30,1,28.000,1,1,0,0,256,1,0,0,250,0,0,256,0,0,0,0,1,1,1,1,1,1,0,0,0,43680,0,0,0,0,0,0,0,0,0
2.735000,245.63,35.432,21.230,435,385,72.000,71,71,18.000,39.000,55.000,255,228,365,160,7,166,14,14,14,14,1,0,0,3,30,1,28.000,1,1,2,2,257,1,0,0,250,0,0,257,0,0,0,0,1,1,1,1,1,1,0,0,0,43760,0,0,0,0,0,0,0,0,0
2.740000,247.79,34.746,20.850,432,387,72.000,71,71,18.000,39.000,55.000,250,229,367,160,7,167,14,14,14,14,1,0,0,3,30,1,28.000,1,1,3,3,258,1,0,0,250,0,0,258,0,0,0,0,1,1,1,1,1,1,0,0,0,43840,0,0,0,0,0,0,0,0,0
2.745000,249.95,34.012,20.410,429,389,72.000,71,71,18.000,39.000,55.000,245,231,369,160,7,168,14,14,14,14,1,0,0,3,30,1,28.000,1,1,3,3,258,1,0,0,250,0,0,258,0,0,0,0,1,1,1,1,1,1,0,0,0,43920,0,0,0,0,0,0,0,0,0
2.750000,252.11,33.236,19.920,424,390,72.000,71,71,18.000,39.000,55.000,239,231,370,160,7,169,14,14,14,14,1,0,0,3,30,1,28.000,1,1,1,1,259,1,0,0,250,0,0,259,0,0,0,0,1,1,1,1,1,1,0,0,0,44000,0,0,0,0,0,0,0,0,0
2.755000,254.27,32.421,19.440,419,392,72.000,71,71,18.000,39.000,55.000,233,233,372,160,7,170,14,14,14,14,1,0,0,3,30,1,28.000,1,1,1,1,259,1,0,0,250,0,0,259,0,0,0,0,1,1,1,1,1,1,0,0,0,44080,0,0,0,0,0,0,0,0,0
2.760000,256.43,31.571,18.950,414,393,72.000,71,71,18.000,39.000,55.000,227,233,374,160,7,170,14,14,14,14,1,0,0,3,30,1,28.000,1,1,0,0,260,1,0,0,250,0,0,260,0,0,0,0,1,1,1,1,1,1,0,0,0,44160,0,0,0,0,0,0,0,0,0
2.765000,258.59,30.692,18.400,408,393,72.000,71,71,18.000,39.000,55.000,221,233,374,160,7,170,14,14,14,14,1,0,0,3,30,1,28.000,1,1,0,0,260,1,0,0,250,0,0,260,0,0,0,0,1,1,1,1,1,1,0,0,0,44240,0,0,0,0,0,0,0,0,0
2.770000,260.75,29.788,17.860,401,394,72.000,71,71,18.000,39.000,55.000,214,234,375,160,7,171,14,14,14,14,1,0,0,3,30,1,28.000,1,1,2,2,261,1,0,0,250,0,0,261,0,0,0,0,1,1,1,1,1,1,0,0,0,44320,0,0,0,0,0,0,0,0,0
2.775000,262.91,28.865,17.310,394,394,72.000,71,71,18.000,39.000,55.000,208,234,375,160,7,171,14,14,14,14,1,0,0,3,30,1,28.000,1,1,3,3,262,1,0,0,250,0,0,262,0,0,0,0,1,1,1,1,1,1,0,0,0,44400,0,0,0,0,0,0,0,0,0
2.780000,265.07,27.927,16.770,387,394,72.000,71,71,18.000,39.000,55.000,201,234,375,160,7,171,14,14,14,14,1,0,0,3,30,1,28.000,1,1,3,3,262,1,0,0,250,0,0,262,0,0,0,0,1,1,1,1,1,1,0,0,0,44480,0,0,0,0,0,0,0,0,0
2.785000,267.23,26.980,16.170,379,394,72.000,71,71,18.000,39.000,55.000,194,234,375,160,7,171,14,14,14,14,1,0,0,3,30,1,28.000,1,1,1,1,263,1,0,0,250,0,0,263,0,0,0,0,1,1,1,1,1,1,0,0,0,44560,0,0,0,0,0,0,0,0,0
2.790000,269.39,26.029,15.630,371,393,72.000,71,71,18.000,39.000,55.000,187,233,374,160,7,170,14,14,14,14,1,0,0,3,30,1,28.000,1,1,1,1,263,1,0,0,250,0,0,263,0,0,0,0,1,1,1,1,1,1,0,0,0,44640,0,0,0,0,0,0,0,0,0
2.795000,271.55,25.080,15.030,362,393,72.000,71,71,18.000,39.000,55.000,180,233,374,160,7,170,14,14,14,14,1,0,0,3,30,1,28.000,1,1,0,0,264,1,0,0,250,0,0,264,0,0,0,0,1,1,1,1,1,1,0,0,0,44720,0,0,0,0,0,0,0,0,0
2.800000,273.71,24.138,14.490,354,392,72.000,71,71,18.000,39.000,55.000,174,233,372,160,7,170,14,14,14,14,1,0,0,3,30,1,28.000,1,1,0,0,264,1,0,0,250,0,0,264,0,0,0,0,1,1,1,1,1,1,0,0,0,44800,0,0,0,0,0,0,0,0,0
2.805000,275.87,23.209,13.940,345,391,72.000,71,71,18.000,39.000,55.000,167,232,371,160,7,169,14,14,14,14,1,0,0,3,30,1,28.000,1,1,2,2,265,1,0,0,250,0,0,265,0,0,0,0,1,1,1,1,1,1,0,0,0,44880,0,0,0,0,0,0,0,0,0
2.810000,278.03,22.297,13.340,336,390,72.000,71,71,18.000,39.000,55.000,160,231,370,160,7,169,14,14,14,14,1,0,0,3,30,1,28.000,1,1,3,3,266,1,0,0,250,0,0,266,0,0,0,0,1,1,1,1,1,1,0,0,0,44960,0,0,0,0,0,0,0,0,0
2.815000,280.19,21.408,12.850,326,389,72.000,71,71,18.000,39.000,55.000,154,231,369,160,7,168,14,14,14,14,1,0,0,3,30,1,28.000,1,1,3,3,266,1,0,0,250,0,0,266,0,0,0,0,1,1,1,1,1,1,0,0,0,45040,0,0,0,0,0,0,0,0,0
2.820000,282.35,20.547,12.310,317,388,72.000,71,71,18.000,39.000,55.000,148,230,368,160,7,168,14,14,14,14,1,0,0,3,30,1,28.000,1,1,1,1,267,1,0,0,250,0,0,267,0,0,0,0,1,1,1,1,1,1,0,0,0,45120,0,0,0,0,0,0,0,0,0
2.825000,284.51,19.720,11.820,308,386,72.000,71,71,18.000,39.000,55.000,142,229,366,160,7,167,14,14,14,14,1,0,0,3,30,1,28.000,1,1,1,1,267,1,0,0,250,0,0,267,0,0,0,0,1,1,1,1,1,1,0,0,0,45200,0,0,0,0,0,0,0,0,0
2.830000,286.67,18.930,11.330,299,385,72.000,71,71,18.000,39.000,55.000,136,228,365,160,7,166,14,14,14,14,1,0,0,3,30,1,28.000,1,1,0,0,268,1,0,0,250,0,0,268,0,0,0,0,1,1,1,1,1,1,0,0,0,45280,0,0,0,0,0,0,0,0,0
2.835000,288.83,18.182,10.900,290,383,72.000,71,71,18.000,39.000,55.000,131,227,363,160,7,165,14,14,14,14,1,0,0,3,30,1,28.000,1,1,2,2,269,1,0,0,250,0,0,269,0,0,0,0,1,1,1,1,1,1,0,0,0,45360,0,0,0,0,0,0,0,0,0
2.840000,290.99,17.481,10.510,281,381,72.000,71,71,18.000,39.000,55.000,126,225,361,160,7,164,14,14,14,14,1,0,0,3,30,1,28.000,1,1,2,2,269,1,0,0,250,0,0,269,0,0,0,0,1,1,1,1,1,1,0,0,0,45440,0,0,0,0,0,0,0,0,0
2.845000,293.15,16.832,10.080,272,379,72.000,71,71,18.000,39.000,55.000,121,224,359,160,7,163,14,14,14,14,1,0,0,3,30,1,28.000,1,1,3,3,270,1,0,0,250,0,0,270,0,0,0,0,1,1,1,1,1,1,0,0,0,45520,0,0,0,0,0,0,0,0,0
2.850000,295.31,16.236,9.750,263,377,72.000,71,71,18.000,39.000,55.000,117,223,357,160,7,162,14,14,14,14,1,0,0,3,30,1,28.000,1,1,3,3,270,1,0,0,250,0,0,270,0,0,0,0,1,1,1,1,1,1,0,0,0,45600,0,0,0,0,0,0,0,0,0
2.855000,297.47,15.699,9.430,255,375,72.000,71,71,18.000,39.000,55.000,113,222,355,160,7,162,14,14,14,14,1,0,0,3,30,1,28.000,1,1,1,1,271,1,0,0,250,0,0,271,0,0,0,0,1,1,1,1,1,1,0,0,0,45680,0,0,0,0,0,0,0,0,0
2.860000,299.63,15.224,9.150,247,372,72.000,71,71,18.000,39.000,55.000,110,219,351,160,7,160,14,14,14,14,1,0,0,3,30,1,28.000,1,1,1,1,271,1,0,0,250,0,0,271,0,0,0,0,1,1,1,1,1,1,0,0,0,45760,0,0,0,0,0,0,0,0,0
2.865000,301.79,14.812,8.880,240,370,72.000,71,71,18.000,39.000,55.000,106,218,349,160,7,159,14,14,14,14,1,0,0,3,30,1,28.000,1,1,0,0,272,1,0,0,250,0,0,272,0,0,0,0,1,1,1,1,1,1,0,0,0,45840,0,0,0,0,0,0,0,0,0
2.870000,303.95,14.468,8.670,233,367,72.000,71,71,18.000,39.000,55.000,104,216,346,160,7,158,14,14,14,14,1,0,0,3,30,1,28.000,1,1,2,2,273,1,0,0,250,0,0,273,0,0,0,0,1,1,1,1,1,1,0,0,0,45920,0,0,0,0,0,0,0,0,0
2.875000,306.11,14.192,8.500,226,364,72.000,71,71,18.000,39.000,55.000,102,214,343,160,7,156,14,14,14,14,1,0,0,3,30,1,28.000,1,1,2,2,273,1,0,0,250,0,0,273,0,0,0,0,1,1,1,1,1,1,0,0,0,46000,0,0,0,0,0,0,0,0,0
2.880000,308.27,13.988,8.390,220,362,72.000,71,71,18.000,39.000,55.000,100,213,341,160,7,155,14,14,14,14,1,0,0,3,30,1,28.000,1,1,3,3,274,1,0,0,250,0,0,274,0,0,0,0,1,1,1,1,1,1,0,0,0,46080,0,0,0,0,0,0,0,0,0
2.885000,310.43,13.855,8.280,215,359,72.000,71,71,18.000,39.000,55.000,99,211,338,160,7,154,14,14,14,14,1,0,0,3,30,1,28.000,1,1,3,3,274,1,0,0,250,0,0,274,0,0,0,0,1,1,1,1,1,1,0,0,0,46160,0,0,0,0,0,0,0,0,0
2.890000,312.59,13.795,8.280,210,356,72.000,71,71,18.000,39.000,55.000,99,209,335,160,7,152,14,14,14,14,1,0,0,3,30,1,28.000,1,1,1,1,275,1,0,0,250,0,0,275,0,0,0,0,1,1,1,1,1,1,0,0,0,46240,0,0,0,0,0,0,0,0,0
2.895000,314.75,13.810,8.280,206,353,72.000,71,71,18.000,39.000,55.000,99,207,332,160,7,151,14,14,14,14,1,0,0,3,30,1,28.000,1,1,1,1,275,1,0,0,250,0,0,275,0,0,0,0,1,1,1,1,1,1,0,0,0,46320,0,0,0,0,0,0,0,0,0
2.900000,316.91,13.898,8.340,202,350,72.000,71,71,18.000,39.000,55.000,100,205,329,160,7,150,14,14,14,14,1,0,0,3,30,1,28.000,1,1,0,0,276,1,0,0,250,0,0,276,0,0,0,0,1,1,1,1,1,1,0,0,0,46400,0,0,0,0,0,0,0,0,0
2.905000,319.07,14.059,8.450,199,347,72.000,71,71,18.000,39.000,55.000,101,203,325,160,7,148,14,14,14,14,1,0,0,3,30,1,28.000,1,1,2,2,277,1,0,0,250,0,0,277,0,0,0,0,1,1,1,1,1,1,0,0,0,46480,0,0,0,0,0,0,0,0,0
2.910000,321.23,14.294,8.560,197,344,72.000,71,71,18.000,39.000,55.000,102,201,322,160,7,147,14,14,14,14,1,0,0,3,30,1,28.000,1,1,2,2,277,1,0,0,250,0,0,277,0,0,0,0,1,1,1,1,1,1,0,0,0,46560,0,0,0,0,0,0,0,0,0
2.915000,323.39,14.600,8.770,195,341,72.000,71,71,18.000,39.000,55.000,105,199,319,160,7,145,14,14,14,14,1,0,0,3,30,1,28.000,1,1,3,3,278,1,0,0,250,0,0,278,0,0,0,0,1,1,1,1,1,1,0,0,0,46640,0,0,0,0,0,0,0,0,0
2.920000,325.55,14.977,8.990,195,339,72.000,71,71,18.000,39.000,55.000,108,198,317,160,7,144,14,14,14,14,1,0,0,3,30,1,28.000,1,1,3,3,278,1,0,0,250,0,0,278,0,0,0,0,1,1,1,1,1,1,0,0,0,46720,0,0,0,0,0,0,0,0,0
2.925000,327.71,15.423,9.260,194,336,72.000,71,71,18.000,39.000,55.000,111,196,314,160,7,143,14,14,14,14,1,0,0,3,30,1,28.000,1,1,1,1,279,1,0,0,250,0,0,279,0,0,0,0,1,1,1,1,1,1,0,0,0,46800,0,0,0,0,0,0,0,0,0
2.930000,329.87,15.935,9.540,195,333,72.000,71,71,18.000,39.000,55.000,114,194,311,160,7,141,14,14,14,14,1,0,0,3,30,1,28.000,1,1,1,1,279,1,0,0,250,0,0,279,0,0,0,0,1,1,1,1,1,1,0,0,0,46880,0,0,0,0,0,0,0,0,0
2.935000,332.03,16.510,9.920,196,330,72.000,71,71,18.000,39.000,55.000,119,192,308,160,7,140,14,14,14,14,1,0,0,3,30,1,28.000,1,1,0,0,280,1,0,0,250,0,0,280,0,0,0,0,1,1,1,1,1,1,0,0,0,46960,0,0,0,0,0,0,0,0,0
2.940000,334.19,17.147,10.300,198,328,72.000,72,72,18.000,39.000,55.000,125,193,310,160,7,139,14,14,14,14,1,0,0,3,30,1,28.000,1,1,2,2,281,1,0,0,250,0,0,281,0,0,0,0,1,1,1,1,1,1,0,0,0,47040,0,0,0,0,0,0,0,0,0
2.945000,336.35,17.841,10.680,201,325,72.000,72,72,18.000,39.000,55.000,130,191,307,160,7,138,14,14,14,14,1,0,0,3,30,1,28.000,1,1,2,2,281,1,0,0,250,0,0,281,0,0,0,0,1,1,1,1,1,1,0,0,0,47120,0,0,0,0,0,0,0,0,0
2.950000,338.51,18.589,11.170,204,323,72.000,72,72,18.000,39.000,55.000,136,190,305,160,7,137,14,14,14,14,1,0,0,3,30,1,28.000,1,1,3,3,282,1,0,0,250,0,0,282,0,0,0,0,1,1,1,1,1,1,0,0,0,47200,0,0,0,0,0,0,0,0,0
2.955000,340.67,19.387,11.660,208,321,72.000,72,72,18.000,39.000,55.000,142,189,302,160,7,136,14,14,14,14,1,0,0,3,30,1,28.000,1,1,3,3,282,1,0,0,250,0,0,282,0,0,0,0,1,1,1,1,1,1,0,0,0,47280,0,0,0,0,0,0,0,0,0
2.960000,342.83,20.230,12.150,213,318,72.000,72,72,18.000,39.000,55.000,148,187,299,160,7,134,14,14,14,14,1,0,0,3,30,1,28.000,1,1,1,1,283,1,0,0,250,0,0,283,0,0,0,0,1,1,1,1,1,1,0,0,0,47360,0,0,0,0,0,0,0,0,0
2.965000,344.99,21.115,12.690,219,316,72.000,72,72,18.000,39.000,55.000,154,186,297,160,7,133,14,14,14,14,1,0,0,3,30,1,28.000,1,1,1,1,283,1,0,0,250,0,0,283,0,0,0,0,1,1,1,1,1,1,0,0,0,47440,0,0,0,0,0,0,0,0,0
2.970000,347.15,22.037,13.230,225,315,72.000,72,72,18.000,39.000,55.000,161,185,296,160,7,133,14,14,14,14,1,0,0,3,30,1,28.000,1,1,0,0,284,1,0,0,250,0,0,284,0,0,0,0,1,1,1,1,1,1,0,0,0,47520,0,0,0,0,0,0,0,0,0
2.975000,349.31,22.990,13.780,231,313,72.000,71,71,18.000,39.000,55.000,165,181,290,160,7,132,14,14,14,14,1,0,0,3,30,1,28.000,1,1,2,2,285,1,0,0,250,0,0,285,0,0,0,0,1,1,1,1,1,1,0,0,0,47600,0,0,0,0,0,0,0,0,0
2.980000,351.47,23.970,14.380,238,311,72.000,71,71,18.000,39.000,55.000,172,180,288,160,7,131,14,14,14,14,1,0,0,3,30,1,28.000,1,1,2,2,285,1,0,0,250,0,0,285,0,0,0,0,1,1,1,1,1,1,0,0,0,47680,0,0,0,0,0,0,0,0,0
2.985000,353.63,24.972,14.970,246,310,72.000,71,71,18.000,39.000,55.000,180,179,287,160,7,130,14,14,14,14,1,0,0,3,30,1,28.000,1,1,3,3,286,1,0,0,250,0,0,286,0,0,0,0,1,1,1,1,1,1,0,0,0,47760,0,0,0,0,0,0,0,0,0
2.990000,355.79,25.990,15.570,254,309,72.000,71,71,18.000,39.000,55.000,187,178,286,160,7,130,14,14,14,14,1,0,0,3,30,1,28.000,1,1,3,3,286,1,0,0,250,0,0,286,0,0,0,0,1,1,1,1,1,1,0,0,0,47840,0,0,0,0,0,0,0,0,0
2.995000,357.95,27.018,16.230,263,308,72.000,71,71,18.000,39.000,55.000,195,178,285,160,7,130,14,14,14,14,1,0,0,3,30,1,28.000,1,1,1,1,287,1,0,0,250,0,0,287,0,0,0,0,1,1,1,1,1,1,0,0,0,47920,0,0,0,0,0,0,0,0,0
3.000000,0.11,28.052,16.820,272,307,72.000,71,71,18.000,39.000,55.000,202,177,284,160,7,129,14,14,14,14,1,0,0,3,30,1,28.000,1,1,0,0,288,1,0,0,250,0,0,288,0,0,0,0,1,1,1,1,1,1,0,0,0,48000,0,0,0,0,0,0,0,0,0
3.005000,2.27,29.085,17.480,281,307,72.000,71,71,18.000,39.000,55.000,210,177,284,160,7,129,14,14,14,14,1,0,0,3,30,1,28.000,1,1,0,0,288,1,0,0,250,0,0,288,0,0,0,0,1,1,1,1,1,1,0,0,0,48080,0,0,0,0,0,0,0,0,0
3.010000,4.43,30.113,18.080,290,306,72.000,71,71,18.000,39.000,55.000,217,176,282,160,7,129,14,14,14,14,1,0,0,3,30,1,28.000,1,1,2,2,289,1,0,0,250,0,0,289,0,0,0,0,1,1,1,1,1,1,0,0,0,48160,0,0,0,0,0,0,0,0,0
3.015000,6.59,31.129,18.670,300,306,72.000,71,71,18.000,39.000,55.000,224,176,282,160,7,129,14,14,14,14,1,0,0,3,30,1,28.000,1,1,2,2,289,1,0,0,250,0,0,289,0,0,0,0,1,1,1,1,1,1,0,0,0,48240,0,0,0,0,0,0,0,0,0
3.020000,8.75,32.129,19.270,310,306,72.000,71,71,18.000,39.000,55.000,231,176,282,160,7,129,14,14,14,14,1,0,0,3,30,1,28.000,1,1,3,3,290,1,0,0,250,0,0,290,0,0,0,0,1,1,1,1,1,1,0,0,0,48320,0,0,0,0,0,0,0,0,0
3.025000,10.91,33.106,19.870,320,306,72.000,71,71,18.000,39.000,55.000,238,176,282,160,7,129,14,14,14,14,1,0,0,3,30,1,28.000,1,1,3,3,290,1,0,0,250,0,0,290,0,0,0,0,1,1,1,1,1,1,0,0,0,48400,0,0,0,0,0,0,0,0,0
3.030000,13.07,34.057,20.410,330,307,72.000,71,71,18.000,39.000,55.000,245,177,284,160,7,129,14,14,14,14,1,0,0,3,30,1,28.000,1,1,1,1,291,1,0,0,250,0,0,291,0,0,0,0,1,1,1,1,1,1,0,0,0,48480,0,0,0,0,0,0,0,0,0
3.035000,15.23,34.975,20.960,340,308,72.000,71,71,18.000,39.000,55.000,252,178,285,160,7,130,14,14,14,14,1,0,0,3,30,1,28.000,1,1,0,0,292,1,0,0,250,0,0,292,0,0,0,0,1,1,1,1,1,1,0,0,0,48560,0,0,0,0,0,0,0,0,0
3.040000,17.39,35.856,21.500,351,310,72.000,71,71,18.000,39.000,55.000,258,179,287,160,7,130,14,14,14,14,1,0,0,3,30,1,28.000,1,1,0,0,292,1,0,0,250,0,0,292,0,0,0,0,1,1,1,1,1,1,0,0,0,48640,0,0,0,0,0,0,0,0,0
3.045000,19.55,36.695,21.990,361,312,72.000,71,71,18.000,39.000,55.000,264,180,289,160,7,131,14,14,14,14,1,0,0,3,30,1,28.000,1,1,2,2,293,1,0,0,250,0,0,293,0,0,0,0,1,1,1,1,1,1,0,0,0,48720,0,0,0,0,0,0,0,0,0
3.050000,21.71,37.488,22.480,371,314,72.000,71,71,18.000,39.000,55.000,270,182,291,160,7,132,14,14,14,14,1,0,0,3,30,1,28.000,1,1,2,2,293,1,0,0,250,0,0,293,0,0,0,0,1,1,1,1,1,1,0,0,0,48800,0,0,0,0,0,0,0,0,0
3.055000,23.87,38.231,22.920,380,316,72.000,71,71,18.000,39.000,55.000,275,183,293,160,7,133,14,14,14,14,1,0,0,3,30,1,28.000,1,1,3,3,294,1,0,0,250,0,0,294,0,0,0,0,1,1,1,1,1,1,0,0,0,48880,0,0,0,0,0,0,0,0,0
3.060000,26.03,38.919,23.350,390,319,72.000,71,71,18.000,39.000,55.000,280,185,296,160,7,135,14,14,14,14,1,0,0,3,30,1,28.000,1,1,3,3,294,1,0,0,250,0,0,294,0,0,0,0,1,1,1,1,1,1,0,0,0,48960,0,0,0,0,0,0,0,0,0
3.065000,28.19,39.550,23.730,399,322,72.000,71,71,18.000,39.000,55.000,285,187,299,160,7,136,14,14,14,14,1,0,0,3,30,1,28.000,1,1,1,1,295,1,0,0,250,0,0,295,0,0,0,0,1,1,1,1,1,1,0,0,0,49040,0,0,0,0,0,0,0,0,0
3.070000,30.35,40.119,24.060,408,325,72.000,71,71,18.000,39.000,55.000,289,189,302,160,7,138,14,14,14,14,1,0,0,3,30,1,28.000,1,1,0,0,296,1,0,0,250,0,0,296,0,0,0,0,1,1,1,1,1,1,0,0,0,49120,0,0,0,0,0,0,0,0,0
3.075000,32.51,40.625,24.380,416,329,72.000,71,71,18.000,39.000,55.000,293,191,306,160,7,140,14,14,14,14,1,0,0,3,30,1,28.000,1,1,0,0,296,1,0,0,250,0,0,296,0,0,0,0,1,1,1,1,1,1,0,0,0,49200,0,0,0,0,0,0,0,0,0
3.080000,34.67,41.064,24.660,424,333,72.000,71,71,18.000,39.000,55.000,296,194,311,160,7,141,14,14,14,14,1,0,0,3,30,1,28.000,1,1,2,2,297,1,0,0,250,0,0,297,0,0,0,0,1,1,1,1,1,1,0,0,0,49280,0,0,0,0,0,0,0,0,0
3.085000,36.83,41.434,24.870,432,337,72.000,71,71,18.000,39.000,55.000,299,197,315,160,7,143,14,14,14,14,1,0,0,3,30,1,28.000,1,1,2,2,297,1,0,0,250,0,0,297,0,0,0,0,1,1,1,1,1,1,0,0,0,49360,0,0,0,0,0,0,0,0,0
3.090000,38.99,41.733,25.040,439,341,72.000,71,71,18.000,39.000,55.000,301,199,319,160,7,145,14,14,14,14,1,0,0,3,30,1,28.000,1,1,3,3,298,1,0,0,250,0,0,298,0,0,0,0,1,1,1,1,1,1,0,0,0,49440,0,0,0,0,0,0,0,0,0
3.095000,41.15,41.960,25.150,445,345,72.000,71,71,18.000,39.000,55.000,302,202,323,160,7,147,14,14,14,14,1,0,0,3,30,1,28.000,1,1,3,3,298,1,0,0,250,0,0,298,0,0,0,0,1,1,1,1,1,1,0,0,0,49520,0,0,0,0,0,0,0,0,0
3.100000,43.31,42.114,25.260,451,349,72.000,71,71,18.000,39.000,55.000,303,204,327,160,7,149,14,14,14,14,1,0,0,3,30,1,28.000,1,1,1,1,299,1,0,0,250,0,0,299,0,0,0,0,1,1,1,1,1,1,0,0,0,49600,0,0,0,0,0,0,0,0,0
3.105000,45.47,42.195,25.310,456,353,72.000,71,71,18.000,39.000,55.000,304,207,332,160,7,151,14,14,14,14,1,0,0,3,30,1,28.000,1,1,0,0,300,1,0,0,250,0,0,300,0,0,0,0,1,1,1,1,1,1,0,0,0,49680,0,0,0,0,0,0,0,0,0
3.110000,47.63,42.202,25.310,461,357,72.000,71,71,18.000,39.000,55.000,304,210,336,160,7,153,14,14,14,14,1,0,0,3,30,1,28.000,1,1,0,0,300,1,0,0,250,0,0,300,0,0,0,0,1,1,1,1,1,1,0,0,0,49760,0,0,0,0,0,0,0,0,0
3.115000,49.79,42.135,25.260,465,362,72.000,71,71,18.000,39.000,55.000,303,213,341,160,7,155,14,14,14,14,1,0,0,3,30,1,28.000,1,1,2,2,301,1,0,0,250,0,0,301,0,0,0,0,1,1,1,1,1,1,0,0,0,49840,0,0,0,0,0,0,0,0,0
3.120000,51.95,41.995,25.200,468,366,72.000,71,71,18.000,39.000,55.000,303,216,345,160,7,157,14,14,14,14,1,0,0,3,30,1,28.000,1,1,2,2,301,1,0,0,250,0,0,301,0,0,0,0,1,1,1,1,1,1,0,0,0,49920,0,0,0,0,0,0,0,0,0
3.125000,54.11,41.783,25.040,471,370,72.000,71,71,18.000,39.000,55.000,301,218,349,160,7,159,14,14,14,14,1,0,0,3,30,1,28.000,1,1,3,3,302,1,0,0,250,0,0,302,0,0,0,0,1,1,1,1,1,1,0,0,0,50000,0,0,0,0,0,0,0,0,0
3.130000,56.27,41.501,24.870,473,374,72.000,71,71,18.000,39.000,55.000,299,221,354,160,7,161,14,14,14,14,1,0,0,3,30,1,28.000,1,1,1,1,303,1,0,0,250,0,0,303,0,0,0,0,1,1,1,1,1,1,0,0,0,50080,0,0,0,0,0,0,0,0,0
3.135000,58.43,41.149,24.660,474,378,72.000,71,71,18.000,39.000,55.000,296,223,358,160,7,163,14,14,14,14,1,0,0,3,30,1,28.000,1,1,1,1,303,1,0,0,250,0,0,303,0,0,0,0,1,1,1,1,1,1,0,0,0,50160,0,0,0,0,0,0,0,0,0
3.140000,60.59,40.732,24.440,474,382,72.000,71,71,18.000,39.000,55.000,293,226,362,160,7,165,14,14,14,14,1,0,0,3,30,1,28.000,1,1,0,0,304,1,0,0,250,0,0,304,0,0,0,0,1,1,1,1,1,1,0,0,0,50240,0,0,0,0,0,0,0,0,0
3.145000,62.75,40.250,24.110,474,386,72.000,71,71,18.000,39.000,55.000,289,229,366,160,7,167,14,14,14,14,1,0,0,3,30,1,28.000,1,1,0,0,304,1,0,0,250,0,0,304,0,0,0,0,1,1,1,1,1,1,0,0,0,50320,0,0,0,0,0,0,0,0,0
3.150000,64.91,39.707,23.840,473,389,72.000,71,71,18.000,39.000,55.000,286,231,369,160,7,168,14,14,14,14,1,0,0,3,30,1,28.000,1,1,2,2,305,1,0,0,250,0,0,305,0,0,0,0,1,1,1,1,1,1,0,0,0,50400,0,0,0,0,0,0,0,0,0
3.155000,67.07,39.106,23.460,471,393,72.000,71,71,18.000,39.000,55.000,282,233,374,160,7,170,14,14,14,14,1,0,0,3,30,1,28.000,1,1,2,2,305,1,0,0,250,0,0,305,0,0,0,0,1,1,1,1,1,1,0,0,0,50480,0,0,0,0,0,0,0,0,0
3.160000,69.23,38.451,23.080,469,396,72.000,71,71,18.000,39.000,55.000,277,235,377,160,7,172,14,14,14,14,1,0,0,3,30,1,28.000,1,1,3,3,306,1,0,0,250,0,0,306,0,0,0,0,1,1,1,1,1,1,0,0,0,50560,0,0,0,0,0,0,0,0,0
3.165000,71.39,37.745,22.640,466,399,72.000,71,71,18.000,39.000,55.000,272,237,380,160,7,173,14,14,14,14,1,0,0,3,30,1,28.000,1,1,1,1,307,1,0,0,250,0,0,307,0,0,0,0,1,1,1,1,1,1,0,0,0,50640,0,0,0,0,0,0,0,0,0
3.170000,73.55,36.993,22.210,462,401,72.000,71,71,18.000,39.000,55.000,267,238,382,160,7,174,14,14,14,14,1,0,0,3,30,1,28.000,1,1,1,1,307,1,0,0,250,0,0,307,0,0,0,0,1,1,1,1,1,1,0,0,0,50720,0,0,0,0,0,0,0,0,0
3.175000,75.71,36.199,21.720,458,404,72.000,71,71,18.000,39.000,55.000,261,240,385,160,7,175,14,14,14,14,1,0,0,3,30,1,28.000,1,1,0,0,308,1,0,0,250,0,0,308,0,0,0,0,1,1,1,1,1,1,0,0,0,50800,0,0,0,0,0,0,0,0,0
3.180000,77.87,35.368,21.230,453,406,72.000,71,71,18.000,39.000,55.000,255,242,387,160,7,176,14,14,14,14,1,0,0,3,30,1,28.000,1,1,0,0,308,1,0,0,250,0,0,308,0,0,0,0,1,1,1,1,1,1,0,0,0,50880,0,0,0,0,0,0,0,0,0
3.185000,80.03,34.504,20.690,447,408,72.000,71,71,18.000,39.000,55.000,248,243,389,160,7,177,14,14,14,14,1,0,0,3,30,1,28.000,1,1,2,2,309,1,0,0,250,0,0,309,0,0,0,0,1,1,1,1,1,1,0,0,0,50960,0,0,0,0,0,0,0,0,0
3.190000,82.19,33.613,20.140,441,409,72.000,71,71,18.000,39.000,55.000,242,244,390,160,7,178,14,14,14,14,1,0,0,3,30,1,28.000,1,1,2,2,309,1,0,0,250,0,0,309,0,0,0,0,1,1,1,1,1,1,0,0,0,51040,0,0,0,0,0,0,0,0,0
3.195000,84.35,32.699,19.600,434,410,72.000,71,71,18.000,39.000,55.000,235,244,391,160,7,178,14,14,14,14,1,0,0,3,30,1,28.000,1,1,3,3,310,1,0,0,250,0,0,310,0,0,0,0,1,1,1,1,1,1,0,0,0,51120,0,0,0,0,0,0,0,0,0
3.200000,86.51,31.768,19.050,427,411,72.000,71,71,18.000,39.000,55.000,229,245,392,160,7,179,14,14,14,14,1,0,0,3,30,1,28.000,1,1,1,1,311,1,0,0,250,0,0,311,0,0,0,0,1,1,1,1,1,1,0,0,0,51200,0,0,0,0,0,0,0,0,0
3.205000,88.67,30.825,18.510,420,411,72.000,71,71,18.000,39.000,55.000,222,245,392,160,7,179,14,14,14,14,1,0,0,3,30,1,28.000,1,1,1,1,311,1,0,0,250,0,0,311,0,0,0,0,1,1,1,1,1,1,0,0,0,51280,0,0,0,0,0,0,0,0,0
3.210000,90.83,29.876,17.910,412,412,72.000,71,71,18.000,39.000,55.000,215,246,393,160,7,179,14,14,14,14,1,0,0,3,30,1,28.000,1,1,0,0,312,1,0,0,250,0,0,312,0,0,0,0,1,1,1,1,1,1,0,0,0,51360,0,0,0,0,0,0,0,0,0
3.215000,92.99,28.925,17.370,403,411,72.000,71,71,18.000,39.000,55.000,208,245,392,160,7,179,14,14,14,14,1,0,0,3,30,1,28.000,1,1,0,0,312,1,0,0,250,0,0,312,0,0,0,0,1,1,1,1,1,1,0,0,0,51440,0,0,0,0,0,0,0,0,0
3.220000,95.15,27.979,16.770,395,411,72.000,71,71,18.000,39.000,55.000,201,245,392,160,7,179,14,14,14,14,1,0,0,3,30,1,28.000,1,1,2,2,313,1,0,0,250,0,0,313,0,0,0,0,1,1,1,1,1,1,0,0,0,51520,0,0,0,0,0,0,0,0,0
3.225000,97.31,27.042,16.230,386,411,72.000,71,71,18.000,39.000,55.000,195,245,392,160,7,179,14,14,14,14,1,0,0,3,30,1,28.000,1,1,2,2,313,1,0,0,250,0,0,313,0,0,0,0,1,1,1,1,1,1,0,0,0,51600,0,0,0,0,0,0,0,0,0
3.230000,99.47,26.121,15.680,377,410,72.000,71,71,18.000,39.000,55.000,188,244,391,160,7,178,14,14,14,14,1,0,0,3,30,1,28.000,1,1,3,3,314,1,0,0,250,0,0,314,0,0,0,0,1,1,1,1,1,1,0,0,0,51680,0,0,0,0,0,0,0,0,0
3.235000,101.63,25.219,15.140,368,410,72.000,71,71,18.000,39.000,55.000,182,244,391,160,7,178,14,14,14,14,1,0,0,3,30,1,28.000,1,1,1,1,315,1,0,0,250,0,0,315,0,0,0,0,1,1,1,1,1,1,0,0,0,51760,0,0,0,0,0,0,0,0,0
3.240000,103.79,24.343,14.590,359,409,72.000,71,71,18.000,39.000,55.000,175,244,390,160,7,178,14,14,14,14,1,0,0,3,30,1,28.000,1,1,1,1,315,1,0,0,250,0,0,315,0,0,0,0,1,1,1,1,1,1,0,0,0,51840,0,0,0,0,0,0,0,0,0
3.245000,105.95,23.496,14.100,349,408,72.000,71,71,18.000,39.000,55.000,169,243,389,160,7,177,14,14,14,14,1,0,0,3,30,1,28.000,1,1,0,0,316,1,0,0,250,0,0,316,0,0,0,0,1,1,1,1,1,1,0,0,0,51920,0,0,0,0,0,0,0,0,0
3.250000,108.11,22.685,13.620,340,406,72.000,71,71,18.000,39.000,55.000,163,242,387,160,7,176,14,14,14,14,1,0,0,3,30,1,28.000,1,1,0,0,316,1,0,0,250,0,0,316,0,0,0,0,1,1,1,1,1,1,0,0,0,52000,0,0,0,0,0,0,0,0,0
3.255000,110.27,21.912,13.130,331,405,72.000,72,72,18.000,39.000,55.000,160,245,392,160,7,176,14,14,14,14,1,0,0,3,30,1,28.000,1,1,2,2,317,1,0,0,250,0,0,317,0,0,0,0,1,1,1,1,1,1,0,0,0,52080,0,0,0,0,0,0,0,0,0
3.260000,112.43,21.183,12.690,322,404,72.000,72,72,18.000,39.000,55.000,154,244,390,160,7,175,14,14,14,14,1,0,0,3,30,1,28.000,1,1,2,2,317,1,0,0,250,0,0,317,0,0,0,0,1,1,1,1,1,1,0,0,0,52160,0,0,0,0,0,0,0,0,0
3.265000,114.59,20.502,12.310,313,402,72.000,72,72,18.000,39.000,55.000,150,242,388,160,7,174,14,14,14,14,1,0,0,3,30,1,28.000,1,1,3,3,318,1,0,0,250,0,0,318,0,0,0,0,1,1,1,1,1,1,0,0,0,52240,0,0,0,0,0,0,0,0,0
3.270000,116.75,19.872,11.930,304,400,72.000,72,72,18.000,39.000,55.000,145,241,386,160,7,173,14,14,14,14,1,0,0,3,30,1,28.000,1,1,1,1,319,1,0,0,250,0,0,319,0,0,0,0,1,1,1,1,1,1,0,0,0,52320,0,0,0,0,0,0,0,0,0
3.275000,118.91,19.297,11.550,296,398,72.000,72,72,18.000,39.000,55.000,140,240,384,160,7,173,14,14,14,14,1,0,0,3,30,1,28.000,1,1,1,1,319,1,0,0,250,0,0,319,0,0,0,0,1,1,1,1,1,1,0,0,0,52400,0,0,0,0,0,0,0,0,0
3.280000,121.07,18.780,11.280,288,396,72.000,72,72,18.000,39.000,55.000,137,239,382,160,7,172,14,14,14,14,1,0,0,3,30,1,28.000,1,1,0,0,320,1,0,0,250,0,0,320,0,0,0,0,1,1,1,1,1,1,0,0,0,52480,0,0,0,0,0,0,0,0,0
3.285000,123.23,18.323,11.000,280,394,72.000,72,72,18.000,39.000,55.000,134,237,380,160,7,171,14,14,14,14,1,0,0,3,30,1,28.000,1,1,0,0,320,1,0,0,250,0,0,320,0,0,0,0,1,1,1,1,1,1,0,0,0,52560,0,0,0,0,0,0,0,0,0
3.290000,125.39,17.929,10.730,273,392,72.000,71,71,18.000,39.000,55.000,129,233,372,160,7,170,14,14,14,14,1,0,0,3,30,1,28.000,1,1,2,2,321,1,0,0,250,0,0,321,0,0,0,0,1,1,1,1,1,1,0,0,0,52640,0,0,0,0,0,0,0,0,0
3.295000,127.55,17.600,10.570,266,389,72.000,71,71,18.000,39.000,55.000,127,231,369,160,7,168,14,14,14,14,1,0,0,3,30,1,28.000,1,1,3,3,322,1,0,0,250,0,0,322,0,0,0,0,1,1,1,1,1,1,0,0,0,52720,0,0,0,0,0,0,0,0,0
3.300000,129.71,17.338,10.410,260,387,72.000,71,71,18.000,39.000,55.000,125,229,367,160,7,167,14,14,14,14,1,0,0,3,30,1,28.000,1,1,3,3,322,1,0,0,250,0,0,322,0,0,0,0,1,1,1,1,1,1,0,0,0,52800,0,0,0,0,0,0,0,0,0
3.305000,131.87,17.143,10.300,254,384,72.000,71,71,18.000,39.000,55.000,123,227,364,160,7,166,14,14,14,14,1,0,0,3,30,1,28.000,1,1,1,1,323,1,0,0,250,0,0,323,0,0,0,0,1,1,1,1,1,1,0,0,0,52880,0,0,0,0,0,0,0,0,0
3.310000,134.03,17.018,10.190,249,382,72.000,71,71,18.000,39.000,55.000,122,226,362,160,7,165,14,14,14,14,1,0,0,3,30,1,28.000,1,1,1,1,323,1,0,0,250,0,0,323,0,0,0,0,1,1,1,1,1,1,0,0,0,52960,0,0,0,0,0,0,0,0,0
3.315000,136.19,16.962,10.190,244,379,72.000,71,71,18.000,39.000,55.000,122,224,359,160,7,163,14,14,14,14,1,0,0,3,30,1,28.000,1,1,0,0,324,1,0,0,250,0,0,324,0,0,0,0,1,1,1,1,1,1,0,0,0,53040,0,0,0,0,0,0,0,0,0
3.320000,138.35,16.975,10.190,240,376,72.000,71,71,18.000,39.000,55.000,122,222,356,160,7,162,14,14,14,14,1,0,0,3,30,1,28.000,1,1,0,0,324,1,0,0,250,0,0,324,0,0,0,0,1,1,1,1,1,1,0,0,0,53120,0,0,0,0,0,0,0,0,0
3.325000,140.51,17.057,10.240,236,374,72.000,71,71,18.000,39.000,55.000,123,221,354,160,7,161,14,14,14,14,1,0,0,3,30,1,28.000,1,1,2,2,325,1,0,0,250,0,0,325,0,0,0,0,1,1,1,1,1,1,0,0,0,53200,0,0,0,0,0,0,0,0,0
3.330000,142.67,17.207,10.300,233,371,72.000,71,71,18.000,39.000,55.000,123,219,351,160,7,160,14,14,14,14,1,0,0,3,30,1,28.000,1,1,3,3,326,1,0,0,250,0,0,326,0,0,0,0,1,1,1,1,1,1,0,0,0,53280,0,0,0,0,0,0,0,0,0
3.335000,144.83,17.425,10.460,231,368,72.000,71,71,18.000,39.000,55.000,125,217,347,160,7,158,14,14,14,14,1,0,0,3,30,1,28.000,1,1,3,3,326,1,0,0,250,0,0,326,0,0,0,0,1,1,1,1,1,1,0,0,0,53360,0,0,0,0,0,0,0,0,0
3.340000,146.99,17.708,10.620,230,365,72.000,71,71,18.000,39.000,55.000,127,215,344,160,7,157,14,14,14,14,1,0,0,3,30,1,28.000,1,1,1,1,327,1,0,0,250,0,0,327,0,0,0,0,1,1,1,1,1,1,0,0,0,53440,0,0,0,0,0,0,0,0,0
3.345000,149.15,18.054,10.840,229,363,72.000,71,71,18.000,39.000,55.000,130,214,342,160,7,156,14,14,14,14,1,0,0,3,30,1,28.000,1,1,1,1,327,1,0,0,250,0,0,327,0,0,0,0,1,1,1,1,1,1,0,0,0,53520,0,0,0,0,0,0,0,0,0
3.350000,151.31,18.462,11.060,229,360,72.000,71,71,18.000,39.000,55.000,133,212,339,160,7,154,14,14,14,14,1,0,0,3,30,1,28.000,1,1,0,0,328,1,0,0,250,0,0,328,0,0,0,0,1,1,1,1,1,1,0,0,0,53600,0,0,0,0,0,0,0,0,0
3.355000,153.47,18.929,11.330,229,358,72.000,71,71,18.000,39.000,55.000,136,210,337,160,7,153,14,14,14,14,1,0,0,3,30,1,28.000,1,1,0,0,328,1,0,0,250,0,0,328,0,0,0,0,1,1,1,1,1,1,0,0,0,53680,0,0,0,0,0,0,0,0,0
3.360000,155.63,19.452,11.660,230,355,72.000,71,71,18.000,39.000,55.000,140,208,334,160,7,152,14,14,14,14,1,0,0,3,30,1,28.000,1,1,2,2,329,1,0,0,250,0,0,329,0,0,0,0,1,1,1,1,1,1,0,0,0,53760,0,0,0,0,0,0,0,0,0
3.365000,157.79,20.027,11.980,232,353,72.000,71,71,18.000,39.000,55.000,144,207,332,160,7,151,14,14,14,14,1,0,0,3,30,1,28.000,1,1,3,3,330,1,0,0,250,0,0,330,0,0,0,0,1,1,1,1,1,1,0,0,0,53840,0,0,0,0,0,0,0,0,0
3.370000,159.95,20.651,12.360,234,350,72.000,71,71,18.000,39.000,55.000,148,205,329,160,7,150,14,14,14,14,1,0,0,3,30,1,28.000,1,1,3,3,330,1,0,0,250,0,0,330,0,0,0,0,1,1,1,1,1,1,0,0,0,53920,0,0,0,0,0,0,0,0,0
3.375000,162.11,21.321,12.800,237,348,72.000,71,71,18.000,39.000,55.000,153,204,326,160,7,149,14,14,14,14,1,0,0,3,30,1,28.000,1,1,1,1,331,1,0,0,250,0,0,331,0,0,0,0,1,1,1,1,1,1,0,0,0,54000,0,0,0,0,0,0,0,0,0
3.380000,164.27,22.031,13.230,241,346,72.000,71,71,18.000,39.000,55.000,159,203,324,160,7,148,14,14,14,14,1,0,0,3,30,1,28.000,1,1,1,1,331,1,0,0,250,0,0,331,0,0,0,0,1,1,1,1,1,1,0,0,0,54080,0,0,0,0,0,0,0,0,0
3.385000,166.43,22.777,13.670,245,344,72.000,71,71,18.000,39.000,55.000,164,201,322,160,7,147,14,14,14,14,1,0,0,3,30,1,28.000,1,1,0,0,332,1,0,0,250,0,0,332,0,0,0,0,1,1,1,1,1,1,0,0,0,54160,0,0,0,0,0,0,0,0,0
3.390000,168.59,23.556,14.100,250,342,72.000,71,71,18.000,39.000,55.000,169,200,320,160,7,146,14,14,14,14,1,0,0,3,30,1,28.000,1,1,0,0,332,1,0,0,250,0,0,332,0,0,0,0,1,1,1,1,1,1,0,0,0,54240,0,0,0,0,0,0,0,0,0
3.395000,170.75,24.361,14.590,255,340,72.000,71,71,18.000,39.000,55.000,175,199,318,160,7,145,14,14,14,14,1,0,0,3,30,1,28.000,1,1,2,2,333,1,0,0,250,0,0,333,0,0,0,0,1,1,1,1,1,1,0,0,0,54320,0,0,0,0,0,0,0,0,0
3.400000,172.91,25.189,15.080,261,339,72.000,71,71,18.000,39.000,55.000,181,198,317,160,7,144,14,14,14,14,1,0,0,3,30,1,28.000,1,1,3,3,334,1,0,0,250,0,0,334,0,0,0,0,1,1,1,1,1,1,0,0,0,54400,0,0,0,0,0,0,0,0,0
3.405000,175.07,26.034,15.630,267,337,72.000,71,71,18.000,39.000,55.000,187,197,315,160,7,143,14,14,14,14,1,0,0,3,30,1,28.000,1,1,3,3,334,1,0,0,250,0,0,334,0,0,0,0,1,1,1,1,1,1,0,0,0,54480,0,0,0,0,0,0,0,0,0
3.410000,177.23,26.891,16.120,274,336,72.000,71,71,18.000,39.000,55.000,193,196,314,160,7,143,14,14,14,14,1,0,0,3,30,1,28.000,1,1,1,1,335,1,0,0,250,0,0,335,0,0,0,0,1,1,1,1,1,1,0,0,0,54560,0,0,0,0,0,0,0,0,0
3.415000,179.39,27.755,16.660,281,335,72.000,71,71,18.000,39.000,55.000,200,195,313,160,7,142,14,14,14,14,1,0,0,3,30,1,28.000,1,1,1,1,335,1,0,0,250,0,0,335,0,0,0,0,1,1,1,1,1,1,0,0,0,54640,0,0,0,0,0,0,0,0,0
3.420000,181.55,28.620,17.150,289,334,72.000,71,71,18.000,39.000,55.000,206,195,312,160,7,142,14,14,14,14,1,0,0,3,30,1,28.000,1,1,0,0,336,1,0,0,250,0,0,336,0,0,0,0,1,1,1,1,1,1,0,0,0,54720,0,0,0,0,0,0,0,0,0
3.425000,183.71,29.481,17.690,296,333,72.000,71,71,18.000,39.000,55.000,212,194,311,160,7,141,14,14,14,14,1,0,0,3,30,1,28.000,1,1,0,0,336,1,0,0,250,0,0,336,0,0,0,0,1,1,1,1,1,1,0,0,0,54800,0,0,0,0,0,0,0,0,0
3.430000,185.87,30.334,18.180,304,333,72.000,71,71,18.000,39.000,55.000,218,194,311,160,7,141,14,14,14,14,1,0,0,3,30,1,28.000,1,1,2,2,337,1,0,0,250,0,0,337,0,0,0,0,1,1,1,1,1,1,0,0,0,54880,0,0,0,0,0,0,0,0,0
3.435000,188.03,31.172,18.670,312,332,72.000,71,71,18.000,39.000,55.000,224,193,310,160,7,141,14,14,14,14,1,0,0,3,30,1,28.000,1,1,3,3,338,1,0,0,250,0,0,338,0,0,0,0,1,1,1,1,1,1,0,0,0,54960,0,0,0,0,0,0,0,0,0
3.440000,190.19,31.991,19.160,321,332,72.000,71,71,18.000,39.000,55.000,230,193,310,160,7,141,14,14,14,14,1,0,0,3,30,1,28.000,1,1,3,3,338,1,0,0,250,0,0,338,0,0,0,0,1,1,1,1,1,1,0,0,0,55040,0,0,0,0,0,0,0,0,0
3.445000,192.35,32.785,19.650,329,332,72.000,71,71,18.000,39.000,55.000,236,193,310,160,7,141,14,14,14,14,1,0,0,3,30,1,28.000,1,1,1,1,339,1,0,0,250,0,0,339,0,0,0,0,1,1,1,1,1,1,0,0,0,55120,0,0,0,0,0,0,0,0,0
3.450000,194.51,33.551,20.140,337,332,72.000,71,71,18.000,39.000,55.000,242,193,310,160,7,141,14,14,14,14,1,0,0,3,30,1,28.000,1,1,1,1,339,1,0,0,250,0,0,339,0,0,0,0,1,1,1,1,1,1,0,0,0,55200,0,0,0,0,0,0,0,0,0
3.455000,196.67,34.282,20.580,346,332,72.000,71,71,18.000,39.000,55.000,247,193,310,160,7,141,14,14,14,14,1,0,0,3,30,1,28.000,1,1,0,0,340,1,0,0,250,0,0,340,0,0,0,0,1,1,1,1,1,1,0,0,0,55280,0,0,0,0,0,0,0,0,0
3.460000,198.83,34.975,20.960,354,333,72.000,71,71,18.000,39.000,55.000,252,194,311,160,7,141,14,14,14,14,1,0,0,3,30,1,28.000,1,1,2,2,341,1,0,0,250,0,0,341,0,0,0,0,1,1,1,1,1,1,0,0,0,55360,0,0,0,0,0,0,0,0,0
3.465000,200.99,35.625,21.390,362,334,72.000,71,71,18.000,39.000,55.000,257,195,312,160,7,142,14,14,14,14,1,0,0,3,30,1,28.000,1,1,2,2,341,1,0,0,250,0,0,341,0,0,0,0,1,1,1,1,1,1,0,0,0,55440,0,0,0,0,0,0,0,0,0
3.470000,203.15,36.228,21.720,370,335,72.000,71,71,18.000,39.000,55.000,261,195,313,160,7,142,14,14,14,14,1,0,0,3,30,1,28.000,1,1,3,3,342,1,0,0,250,0,0,342,0,0,0,0,1,1,1,1,1,1,0,0,0,55520,0,0,0,0,0,0,0,0,0
3.475000,205.31,36.781,22.050,378,337,72.000,71,71,18.000,39.000,55.000,265,197,315,160,7,143,14,14,14,14,1,0,0,3,30,1,28.000,1,1,3,3,342,1,0,0,250,0,0,342,0,0,0,0,1,1,1,1,1,1,0,0,0,55600,0,0,0,0,0,0,0,0,0
3.480000,207.47,37.280,22.370,385,339,72.000,71,71,18.000,39.000,55.000,269,198,317,160,7,144,14,14,14,14,1,0,0,3,30,1,28.000,1,1,1,1,343,1,0,0,250,0,0,343,0,0,0,0,1,1,1,1,1,1,0,0,0,55680,0,0,0,0,0,0,0,0,0
3.485000,209.63,37.722,22.640,393,341,72.000,71,71,18.000,39.000,55.000,272,199,319,160,7,145,14,14,14,14,1,0,0,3,30,1,28.000,1,1,1,1,343,1,0,0,250,0,0,343,0,0,0,0,1,1,1,1,1,1,0,0,0,55760,0,0,0,0,0,0,0,0,0
3.490000,211.79,38.104,22.860,399,343,72.000,71,71,18.000,39.000,55.000,274,201,321,160,7,146,14,14,14,14,1,0,0,3,30,1,28.000,1,1,0,0,344,1,0,0,250,0,0,344,0,0,0,0,1,1,1,1,1,1,0,0,0,55840,0,0,0,0,0,0,0,0,0
3.495000,213.95,38.423,23.030,406,345,72.000,71,71,18.000,39.000,55.000,276,202,323,160,7,147,14,14,14,14,1,0,0,3,30,1,28.000,1,1,2,2,345,1,0,0,250,0,0,345,0,0,0,0,1,1,1,1,1,1,0,0,0,55920,0,0,0,0,0,0,0,0,0
3.500000,216.11,38.678,23.190,412,348,72.000,71,71,18.000,39.000,55.000,278,204,326,160,7,149,14,14,14,14,1,0,0,3,30,1,28.000,1,1,2,2,345,1,0,0,250,0,0,345,0,0,0,0,1,1,1,1,1,1,0,0,0,56000,0,0,0,0,0,0,0,0,0
3.505000,218.27,38.866,23.300,417,351,72.000,71,71,18.000,39.000,55.000,280,206,330,160,7,150,14,14,14,14,1,0,0,3,30,1,28.000,1,1,3,3,346,1,0,0,250,0,0,346,0,0,0,0,1,1,1,1,1,1,0,0,0,56080,0,0,0,0,0,0,0,0,0
3.510000,220.43,38.987,23.410,422,353,72.000,71,71,18.000,39.000,55.000,281,207,332,160,7,151,14,14,14,14,1,0,0,3,30,1,28.000,1,1,3,3,346,1,0,0,250,0,0,346,0,0,0,0,1,1,1,1,1,1,0,0,0,56160,0,0,0,0,0,0,0,0,0
3.515000,222.59,39.040,23.410,427,356,72.000,71,71,18.000,39.000,55.000,281,209,335,160,7,152,14,14,14,14,1,0,0,3,30,1,28.000,1,1,1,1,347,1,0,0,250,0,0,347,0,0,0,0,1,1,1,1,1,1,0,0,0,56240,0,0,0,0,0,0,0,0,0
3.520000,224.75,39.023,23.410,431,359,72.000,71,71,18.000,39.000,55.000,281,211,338,160,7,154,14,14,14,14,1,0,0,3,30,1,28.000,1,1,1,1,347,1,0,0,250,0,0,347,0,0,0,0,1,1,1,1,1,1,0,0,0,56320,0,0,0,0,0,0,0,0,0
3.525000,226.91,38.936,23.350,434,362,72.000,71,71,18.000,39.000,55.000,280,213,341,160,7,155,14,14,14,14,1,0,0,3,30,1,28.000,1,1,0,0,348,1,0,0,250,0,0,348,0,0,0,0,1,1,1,1,1,1,0,0,0,56400,0,0,0,0,0,0,0,0,0
3.530000,229.07,38.781,23.240,437,365,72.000,71,71,18.000,39.000,55.000,279,215,344,160,7,157,14,14,14,14,1,0,0,3,30,1,28.000,1,1,2,2,349,1,0,0,250,0,0,349,0,0,0,0,1,1,1,1,1,1,0,0,0,56480,0,0,0,0,0,0,0,0,0
3.535000,231.23,38.557,23.130,439,368,72.000,71,71,18.000,39.000,55.000,278,217,347,160,7,158,14,14,14,14,1,0,0,3,30,1,28.000,1,1,2,2,349,1,0,0,250,0,0,349,0,0,0,0,1,1,1,1,1,1,0,0,0,56560,0,0,0,0,0,0,0,0,0
3.540000,233.39,38.266,22.970,440,371,72.000,71,71,18.000,39.000,55.000,276,219,351,160,7,160,14,14,14,14,1,0,0,3,30,1,28.000,1,1,3,3,350,1,0,0,250,0,0,350,0,0,0,0,1,1,1,1,1,1,0,0,0,56640,0,0,0,0,0,0,0,0,0
3.545000,235.55,37.908,22.750,441,374,72.000,71,71,18.000,39.000,55.000,273,221,354,160,7,161,14,14,14,14,1,0,0,3,30,1,28.000,1,1,3,3,350,1,0,0,250,0,0,350,0,0,0,0,1,1,1,1,1,1,0,0,0,56720,0,0,0,0,0,0,0,0,0
3.550000,237.71,37.487,22.480,441,376,72.000,71,71,18.000,39.000,55.000,270,222,356,160,7,162,14,14,14,14,1,0,0,3,30,1,28.000,1,1,1,1,351,1,0,0,250,0,0,351,0,0,0,0,1,1,1,1,1,1,0,0,0,56800,0,0,0,0,0,0,0,0,0
3.555000,239.87,37.004,22.210,440,379,72.000,71,71,18.000,39.000,55.000,267,224,359,160,7,163,14,14,14,14,1,0,0,3,30,1,28.000,1,1,1,1,351,1,0,0,250,0,0,351,0,0,0,0,1,1,1,1,1,1,0,0,0,56880,0,0,0,0,0,0,0,0,0
3.560000,242.03,36.461,21.880,439,381,72.000,71,71,18.000,39.000,55.000,263,225,361,160,7,164,14,14,14,14,1,0,0,3,30,1,28.000,1,1,0,0,352,1,0,0,250,0,0,352,0,0,0,0,1,1,1,1,1,1,0,0,0,56960,0,0,0,0,0,0,0,0,0
3.565000,244.19,35.861,21.500,437,384,72.000,72,72,18.000,39.000,55.000,262,231,369,160,7,166,14,14,14,14,1,0,0,3,30,1,28.000,1,1,2,2,353,1,0,0,250,0,0,353,0,0,0,0,1,1,1,1,1,1,0,0,0,57040,0,0,0,0,0,0,0,0,0
3.570000,246.35,35.209,21.120,434,386,72.000,72,72,18.000,39.000,55.000,257,232,371,160,7,167,14,14,14,14,1,0,0,3,30,1,28.000,1,1,2,2,353,1,0,0,250,0,0,353,0,0,0,0,1,1,1,1,1,1,0,0,0,57120,0,0,0,0,0,0,0,0,0
3.575000,248.51,34.506,20.690,431,388,72.000,72,72,18.000,39.000,55.000,252,233,373,160,7,168,14,14,14,14,1,0,0,3,30,1,28.000,1,1,3,3,354,1,0,0,250,0,0,354,0,0,0,0,1,1,1,1,1,1,0,0,0,57200,0,0,0,0,0,0,0,0,0
3.580000,250.67,33.758,20.250,427,389,72.000,72,72,18.000,39.000,55.000,246,234,375,160,7,168,14,14,14,14,1,0,0,3,30,1,28.000,1,1,3,3,354,1,0,0,250,0,0,354,0,0,0,0,1,1,1,1,1,1,0,0,0,57280,0,0,0,0,0,0,0,0,0
3.585000,252.83,32.968,19.760,423,391,72.000,72,72,18.000,39.000,55.000,241,235,377,160,7,169,14,14,14,14,1,0,0,3,30,1,28.000,1,1,1,1,355,1,0,0,250,0,0,355,0,0,0,0,1,1,1,1,1,1,0,0,0,57360,0,0,0,0,0,0,0,0,0
3.590000,254.99,32.141,19.270,418,392,72.000,72,72,18.000,39.000,55.000,235,236,378,160,7,170,14,14,14,14,1,0,0,3,30,1,28.000,1,1,1,1,355,1,0,0,250,0,0,355,0,0,0,0,1,1,1,1,1,1,0,0,0,57440,0,0,0,0,0,0,0,0,0
3.595000,257.15,31.281,18.780,412,393,72.000,72,72,18.000,39.000,55.000,229,237,379,160,7,170,14,14,14,14,1,0,0,3,30,1,28.000,1,1,0,0,356,1,0,0,250,0,0,356,0,0,0,0,1,1,1,1,1,1,0,0,0,57520,0,0,0,0,0,0,0,0,0
3.600000,259.31,30.393,18.240,406,393,72.000,71,71,18.000,39.000,55.000,219,233,374,160,7,170,14,14,14,14,1,0,0,3,30,1,28.000,1,1,2,2,357,1,0,0,250,0,0,357,0,0,0,0,1,1,1,1,1,1,0,0,0,57600,0,0,0,0,0,0,0,0,0
3.605000,261.47,29.482,17.690,399,394,72.000,71,71,18.000,39.000,55.000,212,234,375,160,7,171,14,14,14,14,1,0,0,3,30,1,28.000,1,1,2,2,357,1,0,0,250,0,0,357,0,0,0,0,1,1,1,1,1,1,0,0,0,57680,0,0,0,0,0,0,0,0,0
3.610000,263.63,28.553,17.150,392,394,72.000,71,71,18.000,39.000,55.000,206,234,375,160,7,171,14,14,14,14,1,0,0,3,30,1,28.000,1,1,3,3,358,1,0,0,250,0,0,358,0,0,0,0,1,1,1,1,1,1,0,0,0,57760,0,0,0,0,0,0,0,0,0
3.615000,265.79,27.612,16.550,384,394,72.000,71,71,18.000,39.000,55.000,199,234,375,160,7,171,14,14,14,14,1,0,0,3,30,1,28.000,1,1,3,3,358,1,0,0,250,0,0,358,0,0,0,0,1,1,1,1,1,1,0,0,0,57840,0,0,0,0,0,0,0,0,0
3.620000,267.95,26.663,16.010,376,394,72.000,71,71,18.000,39.000,55.000,192,234,375,160,7,171,14,14,14,14,1,0,0,3,30,1,28.000,1,1,1,1,359,1,0,0,250,0,0,359,0,0,0,0,1,1,1,1,1,1,0,0,0,57920,0,0,0,0,0,0,0,0,0
3.625000,270.11,25.713,15.410,368,393,72.000,71,71,18.000,39.000,55.000,185,233,374,160,7,170,14,14,14,14,1,0,0,3,30,1,28.000,1,1,0,0,360,1,0,0,250,0,0,360,0,0,0,0,1,1,1,1,1,1,0,0,0,58000,0,0,0,0,0,0,0,0,0
3.630000,272.27,24.765,14.870,360,393,72.000,71,71,18.000,39.000,55.000,178,233,374,160,7,170,14,14,14,14,1,0,0,3,30,1,28.000,1,1,0,0,360,1,0,0,250,0,0,360,0,0,0,0,1,1,1,1,1,1,0,0,0,58080,0,0,0,0,0,0,0,0,0
3.635000,274.43,23.827,14.270,351,392,72.000,71,71,18.000,39.000,55.000,171,233,372,160,7,170,14,14,14,14,1,0,0,3,30,1,28.000,1,1,2,2,361,1,0,0,250,0,0,361,0,0,0,0,1,1,1,1,1,1,0,0,0,58160,0,0,0,0,0,0,0,0,0
3.640000,276.59,22.903,13.720,342,391,72.000,71,71,18.000,39.000,55.000,165,232,371,160,7,169,14,14,14,14,1,0,0,3,30,1,28.000,1,1,2,2,361,1,0,0,250,0,0,361,0,0,0,0,1,1,1,1,1,1,0,0,0,58240,0,0,0,0,0,0,0,0,0
3.645000,278.75,21.998,13.180,333,390,72.000,71,71,18.000,39.000,55.000,158,231,370,160,7,169,14,14,14,14,1,0,0,3,30,1,28.000,1,1,3,3,362,1,0,0,250,0,0,362,0,0,0,0,1,1,1,1,1,1,0,0,0,58320,0,0,0,0,0,0,0,0,0
3.650000,280.91,21.118,12.690,323,389,72.000,71,71,18.000,39.000,55.000,152,231,369,160,7,168,14,14,14,14,1,0,0,3,30,1,28.000,1,1,3,3,362,1,0,0,250,0,0,362,0,0,0,0,1,1,1,1,1,1,0,0,0,58400,0,0,0,0,0,0,0,0,0
3.655000,283.07,20.268,12.150,314,387,72.000,71,71,18.000,39.000,55.000,146,229,367,160,7,167,14,14,14,14,1,0,0,3,30,1,28.000,1,1,1,1,363,1,0,0,250,0,0,363,0,0,0,0,1,1,1,1,1,1,0,0,0,58480,0,0,0,0,0,0,0,0,0
3.660000,285.23,19.452,11.660,305,386,72.000,71,71,18.000,39.000,55.000,140,229,366,160,7,167,14,14,14,14,1,0,0,3,30,1,28.000,1,1,0,0,364,1,0,0,250,0,0,364,0,0,0,0,1,1,1,1,1,1,0,0,0,58560,0,0,0,0,0,0,0,0,0
3.665000,287.39,18.676,11.220,296,384,72.000,71,71,18.000,39.000,55.000,134,227,364,160,7,166,14,14,14,14,1,0,0,3,30,1,28.000,1,1,0,0,364,1,0,0,250,0,0,364,0,0,0,0,1,1,1,1,1,1,0,0,0,58640,0,0,0,0,0,0,0,0,0
3.670000,289.55,17.943,10.790,286,382,72.000,71,71,18.000,39.000,55.000,129,226,362,160,7,165,14,14,14,14,1,0,0,3,30,1,28.000,1,1,2,2,365,1,0,0,250,0,0,365,0,0,0,0,1,1,1,1,1,1,0,0,0,58720,0,0,0,0,0,0,0,0,0
3.675000,291.71,17.259,10.350,278,380,72.000,71,71,18.000,39.000,55.000,124,225,360,160,7,164,14,14,14,14,1,0,0,3,30,1,28.000,1,1,2,2,365,1,0,0,250,0,0,365,0,0,0,0,1,1,1,1,1,1,0,0,0,58800,0,0,0,0,0,0,0,0,0
3.680000,293.87,16.627,9.970,269,378,72.000,71,71,18.000,39.000,55.000,119,223,358,160,7,163,14,14,14,14,1,0,0,3,30,1,28.000,1,1,3,3,366,1,0,0,250,0,0,366,0,0,0,0,1,1,1,1,1,1,0,0,0,58880,0,0,0,0,0,0,0,0,0
3.685000,296.03,16.051,9.640,260,376,72.000,71,71,18.000,39.000,55.000,115,222,356,160,7,162,14,14,14,14,1,0,0,3,30,1,28.000,1,1,3,3,366,1,0,0,250,0,0,366,0,0,0,0,1,1,1,1,1,1,0,0,0,58960,0,0,0,0,0,0,0,0,0
3.690000,298.19,15.534,9.320,252,374,72.000,71,71,18.000,39.000,55.000,112,221,354,160,7,161,14,14,14,14,1,0,0,3,30,1,28.000,1,1,1,1,367,1,0,0,250,0,0,367,0,0,0,0,1,1,1,1,1,1,0,0,0,59040,0,0,0,0,0,0,0,0,0
3.695000,300.35,15.079,9.050,245,371,72.000,71,71,18.000,39.000,55.000,108,219,351,160,7,160,14,14,14,14,1,0,0,3,30,1,28.000,1,1,0,0,368,1,0,0,250,0,0,368,0,0,0,0,1,1,1,1,1,1,0,0,0,59120,0,0,0,0,0,0,0,0,0
3.700000,302.51,14.690,8.830,237,369,72.000,71,71,18.000,39.000,55.000,106,218,348,160,7,159,14,14,14,14,1,0,0,3,30,1,28.000,1,1,0,0,368,1,0,0,250,0,0,368,0,0,0,0,1,1,1,1,1,1,0,0,0,59200,0,0,0,0,0,0,0,0,0
3.705000,304.67,14.368,8.610,230,366,72.000,71,71,18.000,39.000,55.000,103,216,345,160,7,157,14,14,14,14,1,0,0,3,30,1,28.000,1,1,2,2,369,1,0,0,250,0,0,369,0,0,0,0,1,1,1,1,1,1,0,0,0,59280,0,0,0,0,0,0,0,0,0
3.710000,306.83,14.116,8.450,224,363,72.000,71,71,18.000,39.000,55.000,101,214,342,160,7,156,14,14,14,14,1,0,0,3,30,1,28.000,1,1,2,2,369,1,0,0,250,0,0,369,0,0,0,0,1,1,1,1,1,1,0,0,0,59360,0,0,0,0,0,0,0,0,0
3.715000,308.99,13.935,8.340,218,361,72.000,71,71,18.000,39.000,55.000,100,212,340,160,7,155,14,14,14,14,1,0,0,3,30,1,28.000,1,1,3,3,370,1,0,0,250,0,0,370,0,0,0,0,1,1,1,1,1,1,0,0,0,59440,0,0,0,0,0,0,0,0,0
3.720000,311.15,13.827,8.280,213,358,72.000,71,71,18.000,39.000,55.000,99,210,337,160,7,153,14,14,14,14,1,0,0,3,30,1,28.000,1,1,3,3,370,1,0,0,250,0,0,370,0,0,0,0,1,1,1,1,1,1,0,0,0,59520,0,0,0,0,0,0,0,0,0
3.725000,313.31,13.792,8.280,208,355,72.000,71,71,18.000,39.000,55.000,99,208,334,160,7,152,14,14,14,14,1,0,0,3,30,1,28.000,1,1,1,1,371,1,0,0,250,0,0,371,0,0,0,0,1,1,1,1,1,1,0,0,0,59600,0,0,0,0,0,0,0,0,0
3.730000,315.47,13.831,8.280,204,352,72.000,71,71,18.000,39.000,55.000,99,206,331,160,7,151,14,14,14,14,1,0,0,3,30,1,28.000,1,1,0,0,372,1,0,0,250,0,0,372,0,0,0,0,1,1,1,1,1,1,0,0,0,59680,0,0,0,0,0,0,0,0,0
3.735000,317.63,13.943,8.340,201,349,72.000,71,71,18.000,39.000,55.000,100,204,327,160,7,149,14,14,14,14,1,0,0,3,30,1,28.000,1,1,0,0,372,1,0,0,250,0,0,372,0,0,0,0,1,1,1,1,1,1,0,0,0,59760,0,0,0,0,0,0,0,0,0
3.740000,319.79,14.129,8.500,198,346,72.000,71,71,18.000,39.000,55.000,102,203,324,160,7,148,14,14,14,14,1,0,0,3,30,1,28.000,1,1,2,2,373,1,0,0,250,0,0,373,0,0,0,0,1,1,1,1,1,1,0,0,0,59840,0,0,0,0,0,0,0,0,0
3.745000,321.95,14.388,8.610,196,343,72.000,71,71,18.000,39.000,55.000,103,201,321,160,7,146,14,14,14,14,1,0,0,3,30,1,28.000,1,1,2,2,373,1,0,0,250,0,0,373,0,0,0,0,1,1,1,1,1,1,0,0,0,59920,0,0,0,0,0,0,0,0,0
3.750000,324.11,14.718,8.830,195,340,72.000,71,71,18.000,39.000,55.000,106,199,318,160,7,145,14,14,14,14,1,0,0,3,30,1,28.000,1,1,3,3,374,1,0,0,250,0,0,374,0,0,0,0,1,1,1,1,1,1,0,0,0,60000,0,0,0,0,0,0,0,0,0
3.755000,326.27,15.118,9.050,194,338,72.000,71,71,18.000,39.000,55.000,108,197,316,160,7,144,14,14,14,14,1,0,0,3,30,1,28.000,1,1,1,1,375,1,0,0,250,0,0,375,0,0,0,0,1,1,1,1,1,1,0,0,0,60080,0,0,0,0,0,0,0,0,0
3.760000,328.43,15.586,9.370,194,335,72.000,71,71,18.000,39.000,55.000,112,195,313,160,7,142,14,14,14,14,1,0,0,3,30,1,28.000,1,1,1,1,375,1,0,0,250,0,0,375,0,0,0,0,1,1,1,1,1,1,0,0,0,60160,0,0,0,0,0,0,0,0,0
3.765000,330.59,16.120,9.640,195,332,72.000,71,71,18.000,39.000,55.000,115,193,310,160,7,141,14,14,14,14,1,0,0,3,30,1,28.000,1,1,0,0,376,1,0,0,250,0,0,376,0,0,0,0,1,1,1,1,1,1,0,0,0,60240,0,0,0,0,0,0,0,0,0
3.770000,332.75,16.716,10.030,197,329,72.000,71,71,18.000,39.000,55.000,120,191,306,160,7,140,14,14,14,14,1,0,0,3,30,1,28.000,1,1,0,0,376,1,0,0,250,0,0,376,0,0,0,0,1,1,1,1,1,1,0,0,0,60320,0,0,0,0,0,0,0,0,0
3.775000,334.91,17.372,10.410,199,327,72.000,71,71,18.000,39.000,55.000,125,190,305,160,7,139,14,14,14,14,1,0,0,3,30,1,28.000,1,1,2,2,377,1,0,0,250,0,0,377,0,0,0,0,1,1,1,1,1,1,0,0,0,60400,0,0,0,0,0,0,0,0,0
3.780000,337.07,18.084,10.840,202,324,72.000,71,71,18.000,39.000,55.000,130,188,301,160,7,137,14,14,14,14,1,0,0,3,30,1,28.000,1,1,2,2,377,1,0,0,250,0,0,377,0,0,0,0,1,1,1,1,1,1,0,0,0,60480,0,0,0,0,0,0,0,0,0
3.785000,339.23,18.849,11.330,206,322,72.000,71,71,18.000,39.000,55.000,136,187,299,160,7,136,14,14,14,14,1,0,0,3,30,1,28.000,1,1,3,3,378,1,0,0,250,0,0,378,0,0,0,0,1,1,1,1,1,1,0,0,0,60560,0,0,0,0,0,0,0,0,0
3.790000,341.39,19.663,11.770,210,320,72.000,71,71,18.000,39.000,55.000,141,185,297,160,7,135,14,14,14,14,1,0,0,3,30,1,28.000,1,1,1,1,379,1,0,0,250,0,0,379,0,0,0,0,1,1,1,1,1,1,0,0,0,60640,0,0,0,0,0,0,0,0,0
3.795000,343.55,20.521,12.310,215,318,72.000,71,71,18.000,39.000,55.000,148,184,295,160,7,134,14,14,14,14,1,0,0,3,30,1,28.000,1,1,1,1,379,1,0,0,250,0,0,379,0,0,0,0,1,1,1,1,1,1,0,0,0,60720,0,0,0,0,0,0,0,0,0
3.800000,345.71,21.419,12.850,221,316,72.000,71,71,18.000,39.000,55.000,154,183,293,160,7,133,14,14,14,14,1,0,0,3,30,1,28.000,1,1,0,0,380,1,0,0,250,0,0,380,0,0,0,0,1,1,1,1,1,1,0,0,0,60800,0,0,0,0,0,0,0,0,0
3.805000,347.87,22.351,13.400,227,314,72.000,71,71,18.000,39.000,55.000,161,182,291,160,7,132,14,14,14,14,1,0,0,3,30,1,28.000,1,1,0,0,380,1,0,0,250,0,0,380,0,0,0,0,1,1,1,1,1,1,0,0,0,60880,0,0,0,0,0,0,0,0,0
3.810000,350.03,23.314,14.000,234,312,72.000,71,71,18.000,39.000,55.000,168,180,289,160,7,131,14,14,14,14,1,0,0,3,30,1,28.000,1,1,2,2,381,1,0,0,250,0,0,381,0,0,0,0,1,1,1,1,1,1,0,0,0,60960,0,0,0,0,0,0,0,0,0
3.815000,352.19,24.302,14.590,241,311,72.000,71,71,18.000,39.000,55.000,175,180,288,160,7,131,14,14,14,14,1,0,0,3,30,1,28.000,1,1,2,2,381,1,0,0,250,0,0,381,0,0,0,0,1,1,1,1,1,1,0,0,0,61040,0,0,0,0,0,0,0,0,0
3.820000,354.35,25.310,15.190,249,310,72.000,71,71,18.000,39.000,55.000,182,179,287,160,7,130,14,14,14,14,1,0,0,3,30,1,28.000,1,1,3,3,382,1,0,0,250,0,0,382,0,0,0,0,1,1,1,1,1,1,0,0,0,61120,0,0,0,0,0,0,0,0,0
3.825000,356.51,26.332,15.790,257,309,72.000,71,71,18.000,39.000,55.000,189,178,286,160,7,130,14,14,14,14,1,0,0,3,30,1,28.000,1,1,1,1,383,1,0,0,250,0,0,383,0,0,0,0,1,1,1,1,1,1,0,0,0,61200,0,0,0,0,0,0,0,0,0
3.830000,358.67,27.362,16.390,266,308,72.000,71,71,18.000,39.000,55.000,197,178,285,160,7,130,14,14,14,14,1,0,0,3,30,1,28.000,1,1,1,1,383,1,0,0,250,0,0,383,0,0,0,0,1,1,1,1,1,1,0,0,0,61280,0,0,0,0,0,0,0,0,0
3.835000,0.83,28.396,17.040,275,307,72.000,71,71,18.000,39.000,55.000,204,177,284,160,7,129,14,14,14,14,1,0,0,3,30,1,28.000,1,1,0,0,384,1,0,0,250,0,0,384,0,0,0,0,1,1,1,1,1,1,0,0,0,61360,0,0,0,0,0,0,0,0,0
3.840000,2.99,29.429,17.640,284,306,72.000,71,71,18.000,39.000,55.000,212,176,282,160,7,129,14,14,14,14,1,0,0,3,30,1,28.000,1,1,0,0,384,1,0,0,250,0,0,384,0,0,0,0,1,1,1,1,1,1,0,0,0,61440,0,0,0,0,0,0,0,0,0
3.845000,5.15,30.453,18.290,294,306,72.000,71,71,18.000,39.000,55.000,219,176,282,160,7,129,14,14,14,14,1,0,0,3,30,1,28.000,1,1,2,2,385,1,0,0,250,0,0,385,0,0,0,0,1,1,1,1,1,1,0,0,0,61520,0,0,0,0,0,0,0,0,0
3.850000,7.31,31.464,18.890,303,306,72.000,71,71,18.000,39.000,55.000,227,176,282,160,7,129,14,14,14,14,1,0,0,3,30,1,28.000,1,1,2,2,385,1,0,0,250,0,0,385,0,0,0,0,1,1,1,1,1,1,0,0,0,61600,0,0,0,0,0,0,0,0,0
3.855000,9.47,32.457,19.490,313,306,72.000,71,71,18.000,39.000,55.000,234,176,282,160,7,129,14,14,14,14,1,0,0,3,30,1,28.000,1,1,3,3,386,1,0,0,250,0,0,386,0,0,0,0,1,1,1,1,1,1,0,0,0,61680,0,0,0,0,0,0,0,0,0
3.860000,11.63,33.426,20.030,324,307,72.000,71,71,18.000,39.000,55.000,240,177,284,160,7,129,14,14,14,14,1,0,0,3,30,1,28.000,1,1,1,1,387,1,0,0,250,0,0,387,0,0,0,0,1,1,1,1,1,1,0,0,0,61760,0,0,0,0,0,0,0,0,0
3.865000,13.79,34.367,20.630,334,307,72.000,71,71,18.000,39.000,55.000,248,177,284,160,7,129,14,14,14,14,1,0,0,3,30,1,28.000,1,1,1,1,387,1,0,0,250,0,0,387,0,0,0,0,1,1,1,1,1,1,0,0,0,61840,0,0,0,0,0,0,0,0,0
3.870000,15.95,35.273,21.180,344,309,72.000,71,71,18.000,39.000,55.000,254,178,286,160,7,130,14,14,14,14,1,0,0,3,30,1,28.000,1,1,0,0,388,1,0,0,250,0,0,388,0,0,0,0,1,1,1,1,1,1,0,0,0,61920,0,0,0,0,0,0,0,0,0
3.875000,18.11,36.141,21.670,354,310,72.000,71,71,18.000,39.000,55.000,260,179,287,160,7,130,14,14,14,14,1,0,0,3,30,1,28.000,1,1,0,0,388,1,0,0,250,0,0,388,0,0,0,0,1,1,1,1,1,1,0,0,0,62000,0,0,0,0,0,0,0,0,0
3.880000,20.27,36.965,22.150,364,312,72.000,72,72,18.000,39.000,55.000,270,183,293,160,7,131,14,14,14,14,1,0,0,3,30,1,28.000,1,1,2,2,389,1,0,0,250,0,0,389,0,0,0,0,1,1,1,1,1,1,0,0,0,62080,0,0,0,0,0,0,0,0,0
3.885000,22.43,37.742,22.640,374,315,72.000,72,72,18.000,39.000,55.000,276,185,296,160,7,133,14,14,14,14,1,0,0,3,30,1,28.000,1,1,2,2,389,1,0,0,250,0,0,389,0,0,0,0,1,1,1,1,1,1,0,0,0,62160,0,0,0,0,0,0,0,0,0
3.890000,24.59,38.467,23.080,383,317,72.000,72,72,18.000,39.000,55.000,281,186,298,160,7,134,14,14,14,14,1,0,0,3,30,1,28.000,1,1,3,3,390,1,0,0,250,0,0,390,0,0,0,0,1,1,1,1,1,1,0,0,0,62240,0,0,0,0,0,0,0,0,0
3.895000,26.75,39.136,23.460,393,320,72.000,72,72,18.000,39.000,55.000,286,188,301,160,7,135,14,14,14,14,1,0,0,3,30,1,28.000,1,1,1,1,391,1,0,0,250,0,0,391,0,0,0,0,1,1,1,1,1,1,0,0,0,62320,0,0,0,0,0,0,0,0,0
3.900000,28.91,39.747,23.840,402,323,72.000,72,72,18.000,39.000,55.000,290,190,305,160,7,137,14,14,14,14,1,0,0,3,30,1,28.000,1,1,1,1,391,1,0,0,250,0,0,391,0,0,0,0,1,1,1,1,1,1,0,0,0,62400,0,0,0,0,0,0,0,0,0
3.905000,31.07,40.295,24.170,411,327,72.000,72,72,18.000,39.000,55.000,294,193,309,160,7,139,14,14,14,14,1,0,0,3,30,1,28.000,1,1,0,0,392,1,0,0,250,0,0,392,0,0,0,0,1,1,1,1,1,1,0,0,0,62480,0,0,0,0,0,0,0,0,0
3.910000,33.23,40.779,24.440,419,330,72.000,72,72,18.000,39.000,55.000,298,195,312,160,7,140,14,14,14,14,1,0,0,3,30,1,28.000,1,1,0,0,392,1,0,0,250,0,0,392,0,0,0,0,1,1,1,1,1,1,0,0,0,62560,0,0,0,0,0,0,0,0,0
3.915000,35.39,41.195,24.710,427,334,72.000,71,71,18.000,39.000,55.000,297,195,312,160,7,142,14,14,14,14,1,0,0,3,30,1,28.000,1,1,2,2,393,1,0,0,250,0,0,393,0,0,0,0,1,1,1,1,1,1,0,0,0,62640,0,0,0,0,0,0,0,0,0
3.920000,37.55,41.541,24.930,434,338,72.000,71,71,18.000,39.000,55.000,299,197,316,160,7,144,14,14,14,14,1,0,0,3,30,1,28.000,1,1,3,3,394,1,0,0,250,0,0,394,0,0,0,0,1,1,1,1,1,1,0,0,0,62720,0,0,0,0,0,0,0,0,0
3.925000,39.71,41.817,25.090,441,342,72.000,71,71,18.000,39.000,55.000,301,200,320,160,7,146,14,14,14,14,1,0,0,3,30,1,28.000,1,1,3,3,394,1,0,0,250,0,0,394,0,0,0,0,1,1,1,1,1,1,0,0,0,62800,0,0,0,0,0,0,0,0,0
3.930000,41.87,42.020,25.200,447,346,72.000,71,71,18.000,39.000,55.000,303,203,324,160,7,148,14,14,14,14,1,0,0,3,30,1,28.000,1,1,1,1,395,1,0,0,250,0,0,395,0,0,0,0,1,1,1,1,1,1,0,0,0,62880,0,0,0,0,0,0,0,0,0
3.935000,44.03,42.150,25.260,453,350,72.000,71,71,18.000,39.000,55.000,303,205,329,160,7,150,14,14,14,14,1,0,0,3,30,1,28.000,1,1,1,1,395,1,0,0,250,0,0,395,0,0,0,0,1,1,1,1,1,1,0,0,0,62960,0,0,0,0,0,0,0,0,0
3.940000,46.19,42.206,25.310,458,354,72.000,71,71,18.000,39.000,55.000,304,208,333,160,7,151,14,14,14,14,1,0,0,3,30,1,28.000,1,1,0,0,396,1,0,0,250,0,0,396,0,0,0,0,1,1,1,1,1,1,0,0,0,63040,0,0,0,0,0,0,0,0,0
3.945000,48.35,42.188,25.310,462,359,72.000,71,71,18.000,39.000,55.000,304,211,338,160,7,154,14,14,14,14,1,0,0,3,30,1,28.000,1,1,0,0,396,1,0,0,250,0,0,396,0,0,0,0,1,1,1,1,1,1,0,0,0,63120,0,0,0,0,0,0,0,0,0
3.950000,50.51,42.096,25.260,466,363,72.000,71,71,18.000,39.000,55.000,303,214,342,160,7,156,14,14,14,14,1,0,0,3,30,1,28.000,1,1,2,2,397,1,0,0,250,0,0,397,0,0,0,0,1,1,1,1,1,1,0,0,0,63200,0,0,0,0,0,0,0,0,0
3.955000,52.67,41.932,25.150,469,367,72.000,71,71,18.000,39.000,55.000,302,216,346,160,7,158,14,14,14,14,1,0,0,3,30,1,28.000,1,1,3,3,398,1,0,0,250,0,0,398,0,0,0,0,1,1,1,1,1,1,0,0,0,63280,0,0,0,0,0,0,0,0,0
3.960000,54.83,41.697,24.980,471,371,72.000,71,71,18.000,39.000,55.000,300,219,351,160,7,160,14,14,14,14,1,0,0,3,30,1,28.000,1,1,3,3,398,1,0,0,250,0,0,398,0,0,0,0,1,1,1,1,1,1,0,0,0,63360,0,0,0,0,0,0,0,0,0
3.965000,56.99,41.391,24.820,473,376,72.000,71,71,18.000,39.000,55.000,298,222,356,160,7,162,14,14,14,14,1,0,0,3,30,1,28.000,1,1,1,1,399,1,0,0,250,0,0,399,0,0,0,0,1,1,1,1,1,1,0,0,0,63440,0,0,0,0,0,0,0,0,0
3.970000,59.15,41.017,24.600,474,380,72.000,71,71,18.000,39.000,55.000,295,225,360,160,7,164,14,14,14,14,1,0,0,3,30,1,28.000,1,1,1,1,399,1,0,0,250,0,0,399,0,0,0,0,1,1,1,1,1,1,0,0,0,63520,0,0,0,0,0,0,0,0,0
3.975000,61.31,40.578,24.330,474,383,72.000,71,71,18.000,39.000,55.000,292,227,363,160,7,165,14,14,14,14,1,0,0,3,30,1,28.000,1,1,0,0,400,1,0,0,250,0,0,400,0,0,0,0,1,1,1,1,1,1,0,0,0,63600,0,0,0,0,0,0,0,0,0
3.980000,63.47,40.075,24.060,474,387,72.000,71,71,18.000,39.000,55.000,289,229,367,160,7,167,14,14,14,14,1,0,0,3,30,1,28.000,1,1,0,0,400,1,0,0,250,0,0,400,0,0,0,0,1,1,1,1,1,1,0,0,0,63680,0,0,0,0,0,0,0,0,0
3.985000,65.63,39.513,23.680,472,390,72.000,71,71,18.000,39.000,55.000,284,231,370,160,7,169,14,14,14,14,1,0,0,3,30,1,28.000,1,1,2,2,401,1,0,0,250,0,0,401,0,0,0,0,1,1,1,1,1,1,0,0,0,63760,0,0,0,0,0,0,0,0,0
3.990000,67.79,38.893,23.350,470,394,72.000,71,71,18.000,39.000,55.000,280,234,375,160,7,171,14,14,14,14,1,0,0,3,30,1,28.000,1,1,3,3,402,1,0,0,250,0,0,402,0,0,0,0,1,1,1,1,1,1,0,0,0,63840,0,0,0,0,0,0,0,0,0
3.995000,69.95,38.221,22.920,468,397,72.000,71,71,18.000,39.000,55.000,275,236,378,160,7,172,14,14,14,14,1,0,0,3,30,1,28.000,1,1,3,3,402,1,0,0,250,0,0,402,0,0,0,0,1,1,1,1,1,1,0,0,0,63920,0,0,0,0,0,0,0,0,0
4.000000,72.11,37.499,22.480,465,400,72.000,71,71,18.000,39.000,55.000,270,238,381,160,7,173,14,14,14,14,1,0,0,3,30,1,28.000,1,1,1,1,403,1,0,0,250,0,0,403,0,0,0,0,1,1,1,1,1,1,0,0,0,64000,0,0,0,0,0,0,0,0,0
4.005000,74.27,36.733,22.050,461,402,72.000,71,71,18.000,39.000,55.000,265,239,383,160,7,174,14,14,14,14,1,0,0,3,30,1,28.000,1,1,1,1,403,1,0,0,250,0,0,403,0,0,0,0,1,1,1,1,1,1,0,0,0,64080,0,0,0,0,0,0,0,0,0
4.010000,76.43,35.926,21.560,456,404,72.000,71,71,18.000,39.000,55.000,259,240,385,160,7,175,14,14,14,14,1,0,0,3,30,1,28.000,1,1,0,0,404,1,0,0,250,0,0,404,0,0,0,0,1,1,1,1,1,1,0,0,0,64160,0,0,0,0,0,0,0,0,0
4.015000,78.59,35.083,21.070,451,406,72.000,71,71,18.000,39.000,55.000,253,242,387,160,7,176,14,14,14,14,1,0,0,3,30,1,28.000,1,1,0,0,404,1,0,0,250,0,0,404,0,0,0,0,1,1,1,1,1,1,0,0,0,64240,0,0,0,0,0,0,0,0,0
4.020000,80.75,34.210,20.520,445,408,72.000,71,71,18.000,39.000,55.000,246,243,389,160,7,177,14,14,14,14,1,0,0,3,30,1,28.000,1,1,2,2,405,1,0,0,250,0,0,405,0,0,0,0,1,1,1,1,1,1,0,0,0,64320,0,0,0,0,0,0,0,0,0
4.025000,82.91,33.310,19.980,439,409,72.000,71,71,18.000,39.000,55.000,240,244,390,160,7,178,14,14,14,14,1,0,0,3,30,1,28.000,1,1,3,3,406,1,0,0,250,0,0,406,0,0,0,0,1,1,1,1,1,1,0,0,0,64400,0,0,0,0,0,0,0,0,0
4.030000,85.07,32.390,19.440,432,410,72.000,71,71,18.000,39.000,55.000,233,244,391,160,7,178,14,14,14,14,1,0,0,3,30,1,28.000,1,1,3,3,406,1,0,0,250,0,0,406,0,0,0,0,1,1,1,1,1,1,0,0,0,64480,0,0,0,0,0,0,0,0,0
4.035000,87.23,31.455,18.890,425,411,72.000,71,71,18.000,39.000,55.000,227,245,392,160,7,179,14,14,14,14,1,0,0,3,30,1,28.000,1,1,1,1,407,1,0,0,250,0,0,407,0,0,0,0,1,1,1,1,1,1,0,0,0,64560,0,0,0,0,0,0,0,0,0
4.040000,89.39,30.509,18.290,417,411,72.000,71,71,18.000,39.000,55.000,219,245,392,160,7,179,14,14,14,14,1,0,0,3,30,1,28.000,1,1,1,1,407,1,0,0,250,0,0,407,0,0,0,0,1,1,1,1,1,1,0,0,0,64640,0,0,0,0,0,0,0,0,0
4.045000,91.55,29.559,17.750,409,411,72.000,71,71,18.000,39.000,55.000,213,245,392,160,7,179,14,14,14,14,1,0,0,3,30,1,28.000,1,1,0,0,408,1,0,0,250,0,0,408,0,0,0,0,1,1,1,1,1,1,0,0,0,64720,0,0,0,0,0,0,0,0,0
4.050000,93.71,28.609,17.150,401,411,72.000,71,71,18.000,39.000,55.000,206,245,392,160,7,179,14,14,14,14,1,0,0,3,30,1,28.000,1,1,0,0,408,1,0,0,250,0,0,408,0,0,0,0,1,1,1,1,1,1,0,0,0,64800,0,0,0,0,0,0,0,0,0
4.055000,95.87,27.665,16.610,392,411,72.000,71,71,18.000,39.000,55.000,199,245,392,160,7,179,14,14,14,14,1,0,0,3,30,1,28.000,1,1,2,2,409,1,0,0,250,0,0,409,0,0,0,0,1,1,1,1,1,1,0,0,0,64880,0,0,0,0,0,0,0,0,0
4.060000,98.03,26.733,16.060,383,411,72.000,71,71,18.000,39.000,55.000,193,245,392,160,7,179,14,14,14,14,1,0,0,3,30,1,28.000,1,1,3,3,410,1,0,0,250,0,0,410,0,0,0,0,1,1,1,1,1,1,0,0,0,64960,0,0,0,0,0,0,0,0,0
4.065000,100.19,25.818,15.460,374,410,72.000,71,71,18.000,39.000,55.000,185,244,391,160,7,178,14,14,14,14,1,0,0,3,30,1,28.000,1,1,3,3,410,1,0,0,250,0,0,410,0,0,0,0,1,1,1,1,1,1,0,0,0,65040,0,0,0,0,0,0,0,0,0
4.070000,102.35,24.924,14.970,365,409,72.000,71,71,18.000,39.000,55.000,180,244,390,160,7,178,14,14,14,14,1,0,0,3,30,1,28.000,1,1,1,1,411,1,0,0,250,0,0,411,0,0,0,0,1,1,1,1,1,1,0,0,0,65120,0,0,0,0,0,0,0,0,0
4.075000,104.51,24.057,14.430,356,408,72.000,71,71,18.000,39.000,55.000,173,243,389,160,7,177,14,14,14,14,1,0,0,3,30,1,28.000,1,1,1,1,411,1,0,0,250,0,0,411,0,0,0,0,1,1,1,1,1,1,0,0,0,65200,0,0,0,0,0,0,0,0,0
4.080000,106.67,23.222,13.940,346,407,72.000,71,71,18.000,39.000,55.000,167,242,388,160,7,177,14,14,14,14,1,0,0,3,30,1,28.000,1,1,0,0,412,1,0,0,250,0,0,412,0,0,0,0,1,1,1,1,1,1,0,0,0,65280,0,0,0,0,0,0,0,0,0
4.085000,108.83,22.423,13.450,337,406,72.000,71,71,18.000,39.000,55.000,161,242,387,160,7,176,14,14,14,14,1,0,0,3,30,1,28.000,1,1,2,2,413,1,0,0,250,0,0,413,0,0,0,0,1,1,1,1,1,1,0,0,0,65360,0,0,0,0,0,0,0,0,0
4.090000,110.99,21.664,13.020,328,405,72.000,71,71,18.000,39.000,55.000,156,241,386,160,7,176,14,14,14,14,1,0,0,3,30,1,28.000,1,1,2,2,413,1,0,0,250,0,0,413,0,0,0,0,1,1,1,1,1,1,0,0,0,65440,0,0,0,0,0,0,0,0,0
4.095000,113.15,20.951,12.580,319,403,72.000,71,71,18.000,39.000,55.000,151,240,384,160,7,175,14,14,14,14,1,0,0,3,30,1,28.000,1,1,3,3,414,1,0,0,250,0,0,414,0,0,0,0,1,1,1,1,1,1,0,0,0,65520,0,0,0,0,0,0,0,0,0
4.100000,115.31,20.286,12.150,310,401,72.000,71,71,18.000,39.000,55.000,146,238,382,160,7,174,14,14,14,14,1,0,0,3,30,1,28.000,1,1,3,3,414,1,0,0,250,0,0,414,0,0,0,0,1,1,1,1,1,1,0,0,0,65600,0,0,0,0,0,0,0,0,0
4.105000,117.47,19.674,11.820,302,399,72.000,71,71,18.000,39.000,55.000,142,237,380,160,7,173,14,14,14,14,1,0,0,3,30,1,28.000,1,1,1,1,415,1,0,0,250,0,0,415,0,0,0,0,1,1,1,1,1,1,0,0,0,65680,0,0,0,0,0,0,0,0,0
4.110000,119.63,19.118,11.490,293,397,72.000,71,71,18.000,39.000,55.000,138,236,378,160,7,172,14,14,14,14,1,0,0,3,30,1,28.000,1,1,1,1,415,1,0,0,250,0,0,415,0,0,0,0,1,1,1,1,1,1,0,0,0,65760,0,0,0,0,0,0,0,0,0
4.115000,121.79,18.620,11.170,285,395,72.000,71,71,18.000,39.000,55.000,134,235,376,160,7,171,14,14,14,14,1,0,0,3,30,1,28.000,1,1,0,0,416,1,0,0,250,0,0,416,0,0,0,0,1,1,1,1,1,1,0,0,0,65840,0,0,0,0,0,0,0,0,0
4.120000,123.95,18.184,10.900,278,393,72.000,71,71,18.000,39.000,55.000,131,233,374,160,7,170,14,14,14,14,1,0,0,3,30,1,28.000,1,1,2,2,417,1,0,0,250,0,0,417,0,0,0,0,1,1,1,1,1,1,0,0,0,65920,0,0,0,0,0,0,0,0,0
4.125000,126.11,17.812,10.680,271,391,72.000,71,71,18.000,39.000,55.000,128,232,371,160,7,169,14,14,14,14,1,0,0,3,30,1,28.000,1,1,2,2,417,1,0,0,250,0,0,417,0,0,0,0,1,1,1,1,1,1,0,0,0,66000,0,0,0,0,0,0,0,0,0
4.130000,128.27,17.505,10.510,264,388,72.000,71,71,18.000,39.000,55.000,126,230,368,160,7,168,14,14,14,14,1,0,0,3,30,1,28.000,1,1,3,3,418,1,0,0,250,0,0,418,0,0,0,0,1,1,1,1,1,1,0,0,0,66080,0,0,0,0,0,0,0,0,0
4.135000,130.43,17.265,10.350,258,386,72.000,71,71,18.000,39.000,55.000,124,229,366,160,7,167,14,14,14,14,1,0,0,3,30,1,28.000,1,1,3,3,418,1,0,0,250,0,0,418,0,0,0,0,1,1,1,1,1,1,0,0,0,66160,0,0,0,0,0,0,0,0,0
4.140000,132.59,17.094,10.240,252,383,72.000,71,71,18.000,39.000,55.000,123,227,363,160,7,165,14,14,14,14,1,0,0,3,30,1,28.000,1,1,1,1,419,1,0,0,250,0,0,419,0,0,0,0,1,1,1,1,1,1,0,0,0,66240,0,0,0,0,0,0,0,0,0
4.145000,134.75,16.991,10.190,247,381,72.000,71,71,18.000,39.000,55.000,122,225,361,160,7,164,14,14,14,14,1,0,0,3,30,1,28.000,1,1,1,1,419,1,0,0,250,0,0,419,0,0,0,0,1,1,1,1,1,1,0,0,0,66320,0,0,0,0,0,0,0,0,0
4.150000,136.91,16.958,10.190,242,378,72.000,71,71,18.000,39.000,55.000,122,223,358,160,7,163,14,14,14,14,1,0,0,3,30,1,28.000,1,1,0,0,420,1,0,0,250,0,0,420,0,0,0,0,1,1,1,1,1,1,0,0,0,66400,0,0,0,0,0,0,0,0,0
4.155000,139.07,16.994,10.190,239,375,72.000,71,71,18.000,39.000,55.000,122,222,355,160,7,162,14,14,14,14,1,0,0,3,30,1,28.000,1,1,2,2,421,1,0,0,250,0,0,421,0,0,0,0,1,1,1,1,1,1,0,0,0,66480,0,0,0,0,0,0,0,0,0
4.160000,141.23,17.099,10.240,235,373,72.000,71,71,18.000,39.000,55.000,123,220,353,160,7,161,14,14,14,14,1,0,0,3,30,1,28.000,1,1,2,2,421,1,0,0,250,0,0,421,0,0,0,0,1,1,1,1,1,1,0,0,0,66560,0,0,0,0,0,0,0,0,0
4.165000,143.39,17.272,10.350,233,370,72.000,71,71,18.000,39.000,55.000,124,218,349,160,7,159,14,14,14,14,1,0,0,3,30,1,28.000,1,1,3,3,422,1,0,0,250,0,0,422,0,0,0,0,1,1,1,1,1,1,0,0,0,66640,0,0,0,0,0,0,0,0,0
4.170000,145.55,17.512,10.510,231,367,72.000,71,71,18.000,39.000,55.000,126,216,346,160,7,158,14,14,14,14,1,0,0,3,30,1,28.000,1,1,3,3,422,1,0,0,250,0,0,422,0,0,0,0,1,1,1,1,1,1,0,0,0,66720,0,0,0,0,0,0,0,0,0
4.175000,147.71,17.816,10.680,229,365,72.000,71,71,18.000,39.000,55.000,128,215,344,160,7,157,14,14,14,14,1,0,0,3,30,1,28.000,1,1,1,1,423,1,0,0,250,0,0,423,0,0,0,0,1,1,1,1,1,1,0,0,0,66800,0,0,0,0,0,0,0,0,0
4.180000,149.87,18.184,10.900,229,362,72.000,71,71,18.000,39.000,55.000,131,213,341,160,7,155,14,14,14,14,1,0,0,3,30,1,28.000,1,1,1,1,423,1,0,0,250,0,0,423,0,0,0,0,1,1,1,1,1,1,0,0,0,66880,0,0,0,0,0,0,0,0,0
4.185000,152.03,18.612,11.170,229,359,72.000,71,71,18.000,39.000,55.000,134,211,338,160,7,154,14,14,14,14,1,0,0,3,30,1,28.000,1,1,0,0,424,1,0,0,250,0,0,424,0,0,0,0,1,1,1,1,1,1,0,0,0,66960,0,0,0,0,0,0,0,0,0
4.190000,154.19,19.098,11.440,229,357,72.000,72,72,18.000,39.000,55.000,139,213,341,160,7,153,14,14,14,14,1,0,0,3,30,1,28.000,1,1,2,2,425,1,0,0,250,0,0,425,0,0,0,0,1,1,1,1,1,1,0,0,0,67040,0,0,0,0,0,0,0,0,0
4.195000,156.35,19.638,11.770,231,354,72.000,72,72,18.000,39.000,55.000,143,211,337,160,7,151,14,14,14,14,1,0,0,3,30,1,28.000,1,1,2,2,425,1,0,0,250,0,0,425,0,0,0,0,1,1,1,1,1,1,0,0,0,67120,0,0,0,0,0,0,0,0,0
4.200000,158.51,20.230,12.150,233,352,72.000,72,72,18.000,39.000,55.000,148,209,335,160,7,151,14,14,14,14,1,0,0,3,30,1,28.000,1,1,3,3,426,1,0,0,250,0,0,426,0,0,0,0,1,1,1,1,1,1,0,0,0,67200,0,0,0,0,0,0,0,0,0
4.205000,160.67,20.870,12.530,235,350,72.000,72,72,18.000,39.000,55.000,152,208,333,160,7,150,14,14,14,14,1,0,0,3,30,1,28.000,1,1,3,3,426,1,0,0,250,0,0,426,0,0,0,0,1,1,1,1,1,1,0,0,0,67280,0,0,0,0,0,0,0,0,0
4.210000,162.83,21.553,12.910,239,347,72.000,72,72,18.000,39.000,55.000,157,206,330,160,7,148,14,14,14,14,1,0,0,3,30,1,28.000,1,1,1,1,427,1,0,0,250,0,0,427,0,0,0,0,1,1,1,1,1,1,0,0,0,67360,0,0,0,0,0,0,0,0,0
4.215000,164.99,22.276,13.340,242,345,72.000,72,72,18.000,39.000,55.000,162,205,328,160,7,147,14,14,14,14,1,0,0,3,30,1,28.000,1,1,1,1,427,1,0,0,250,0,0,427,0,0,0,0,1,1,1,1,1,1,0,0,0,67440,0,0,0,0,0,0,0,0,0
4.220000,167.15,23.033,13.830,247,343,72.000,72,72,18.000,39.000,55.000,168,203,326,160,7,146,14,14,14,14,1,0,0,3,30,1,28.000,1,1,0,0,428,1,0,0,250,0,0,428,0,0,0,0,1,1,1,1,1,1,0,0,0,67520,0,0,0,0,0,0,0,0,0
4.225000,169.31,23.821,14.270,252,342,72.000,71,71,18.000,39.000,55.000,171,200,320,160,7,146,14,14,14,14,1,0,0,3,30,1,28.000,1,1,2,2,429,1,0,0,250,0,0,429,0,0,0,0,1,1,1,1,1,1,0,0,0,67600,0,0,0,0,0,0,0,0,0
4.230000,171.47,24.635,14.760,257,340,72.000,71,71,18.000,39.000,55.000,177,199,318,160,7,145,14,14,14,14,1,0,0,3,30,1,28.000,1,1,2,2,429,1,0,0,250,0,0,429,0,0,0,0,1,1,1,1,1,1,0,0,0,67680,0,0,0,0,0,0,0,0,0
4.235000,173.63,25.469,15.300,263,338,72.000,71,71,18.000,39.000,55.000,184,197,316,160,7,144,14,14,14,14,1,0,0,3,30,1,28.000,1,1,3,3,430,1,0,0,250,0,0,430,0,0,0,0,1,1,1,1,1,1,0,0,0,67760,0,0,0,0,0,0,0,0,0
4.240000,175.79,26.319,15.790,270,337,72.000,71,71,18.000,39.000,55.000,189,197,315,160,7,143,14,14,14,14,1,0,0,3,30,1,28.000,1,1,3,3,430,1,0,0,250,0,0,430,0,0,0,0,1,1,1,1,1,1,0,0,0,67840,0,0,0,0,0,0,0,0,0
4.245000,177.95,27.178,16.280,276,336,72.000,71,71,18.000,39.000,55.000,195,196,314,160,7,143,14,14,14,14,1,0,0,3,30,1,28.000,1,1,1,1,431,1,0,0,250,0,0,431,0,0,0,0,1,1,1,1,1,1,0,0,0,67920,0,0,0,0,0,0,0,0,0
4.250000,180.11,28.043,16.820,284,335,72.000,71,71,18.000,39.000,55.000,202,195,313,160,7,142,14,14,14,14,1,0,0,3,30,1,28.000,1,1,0,0,432,1,0,0,250,0,0,432,0,0,0,0,1,1,1,1,1,1,0,0,0,68000,0,0,0,0,0,0,0,0,0
4.255000,182.27,28.908,17.310,291,334,72.000,71,71,18.000,39.000,55.000,208,195,312,160,7,142,14,14,14,14,1,0,0,3,30,1,28.000,1,1,0,0,432,1,0,0,250,0,0,432,0,0,0,0,1,1,1,1,1,1,0,0,0,68080,0,0,0,0,0,0,0,0,0
4.260000,184.43,29.767,17.860,299,333,72.000,71,71,18.000,39.000,55.000,214,194,311,160,7,141,14,14,14,14,1,0,0,3,30,1,28.000,1,1,2,2,433,1,0,0,250,0,0,433,0,0,0,0,1,1,1,1,1,1,0,0,0,68160,0,0,0,0,0,0,0,0,0
4.265000,186.59,30.615,18.350,307,332,72.000,71,71,18.000,39.000,55.000,220,193,310,160,7,141,14,14,14,14,1,0,0,3,30,1,28.000,1,1,2,2,433,1,0,0,250,0,0,433,0,0,0,0,1,1,1,1,1,1,0,0,0,68240,0,0,0,0,0,0,0,0,0
4.270000,188.75,31.447,18.840,315,332,72.000,71,71,18.000,39.000,55.000,226,193,310,160,7,141,14,14,14,14,1,0,0,3,30,1,28.000,1,1,3,3,434,1,0,0,250,0,0,434,0,0,0,0,1,1,1,1,1,1,0,0,0,68320,0,0,0,0,0,0,0,0,0
4.275000,190.91,32.259,19.330,323,332,72.000,71,71,18.000,39.000,55.000,232,193,310,160,7,141,14,14,14,14,1,0,0,3,30,1,28.000,1,1,3,3,434,1,0,0,250,0,0,434,0,0,0,0,1,1,1,1,1,1,0,0,0,68400,0,0,0,0,0,0,0,0,0
4.280000,193.07,33.044,19.820,332,332,72.000,71,71,18.000,39.000,55.000,238,193,310,160,7,141,14,14,14,14,1,0,0,3,30,1,28.000,1,1,1,1,435,1,0,0,250,0,0,435,0,0,0,0,1,1,1,1,1,1,0,0,0,68480,0,0,0,0,0,0,0,0,0
4.285000,195.23,33.798,20.250,340,332,72.000,71,71,18.000,39.000,55.000,243,193,310,160,7,141,14,14,14,14,1,0,0,3,30,1,28.000,1,1,0,0,436,1,0,0,250,0,0,436,0,0,0,0,1,1,1,1,1,1,0,0,0,68560,0,0,0,0,0,0,0,0,0
4.290000,197.39,34.517,20.690,348,332,72.000,71,71,18.000,39.000,55.000,248,193,310,160,7,141,14,14,14,14,1,0,0,3,30,1,28.000,1,1,0,0,436,1,0,0,250,0,0,436,0,0,0,0,1,1,1,1,1,1,0,0,0,68640,0,0,0,0,0,0,0,0,0
4.295000,199.55,35.196,21.120,357,333,72.000,71,71,18.000,39.000,55.000,254,194,311,160,7,141,14,14,14,14,1,0,0,3,30,1,28.000,1,1,2,2,437,1,0,0,250,0,0,437,0,0,0,0,1,1,1,1,1,1,0,0,0,68720,0,0,0,0,0,0,0,0,0
4.300000,201.71,35.831,21.500,365,334,72.000,71,71,18.000,39.000,55.000,258,195,312,160,7,142,14,14,14,14,1,0,0,3,30,1,28.000,1,1,2,2,437,1,0,0,250,0,0,437,0,0,0,0,1,1,1,1,1,1,0,0,0,68800,0,0,0,0,0,0,0,0,0
4.305000,203.87,36.418,21.830,373,336,72.000,71,71,18.000,39.000,55.000,262,196,314,160,7,143,14,14,14,14,1,0,0,3,30,1,28.000,1,1,3,3,438,1,0,0,250,0,0,438,0,0,0,0,1,1,1,1,1,1,0,0,0,68880,0,0,0,0,0,0,0,0,0
4.310000,206.03,36.954,22.150,380,337,72.000,71,71,18.000,39.000,55.000,266,197,315,160,7,143,14,14,14,14,1,0,0,3,30,1,28.000,1,1,3,3,438,1,0,0,250,0,0,438,0,0,0,0,1,1,1,1,1,1,0,0,0,68960,0,0,0,0,0,0,0,0,0
4.315000,208.19,37.434,22.430,388,339,72.000,71,71,18.000,39.000,55.000,269,198,317,160,7,144,14,14,14,14,1,0,0,3,30,1,28.000,1,1,1,1,439,1,0,0,250,0,0,439,0,0,0,0,1,1,1,1,1,1,0,0,0,69040,0,0,0,0,0,0,0,0,0
4.320000,210.35,37.856,22.700,395,341,72.000,71,71,18.000,39.000,55.000,273,199,319,160,7,145,14,14,14,14,1,0,0,3,30,1,28.000,1,1,0,0,440,1,0,0,250,0,0,440,0,0,0,0,1,1,1,1,1,1,0,0,0,69120,0,0,0,0,0,0,0,0,0
4.325000,212.51,38.217,22.920,402,344,72.000,71,71,18.000,39.000,55.000,275,201,322,160,7,147,14,14,14,14,1,0,0,3,30,1,28.000,1,1,0,0,440,1,0,0,250,0,0,440,0,0,0,0,1,1,1,1,1,1,0,0,0,69200,0,0,0,0,0,0,0,0,0
4.330000,214.67,38.515,23.080,408,346,72.000,71,71,18.000,39.000,55.000,277,203,324,160,7,148,14,14,14,14,1,0,0,3,30,1,28.000,1,1,2,2,441,1,0,0,250,0,0,441,0,0,0,0,1,1,1,1,1,1,0,0,0,69280,0,0,0,0,0,0,0,0,0
4.335000,216.83,38.748,23.240,414,349,72.000,71,71,18.000,39.000,55.000,279,204,327,160,7,149,14,14,14,14,1,0,0,3,30,1,28.000,1,1,2,2,441,1,0,0,250,0,0,441,0,0,0,0,1,1,1,1,1,1,0,0,0,69360,0,0,0,0,0,0,0,0,0
4.340000,218.99,38.914,23.350,419,351,72.000,71,71,18.000,39.000,55.000,280,206,330,160,7,150,14,14,14,14,1,0,0,3,30,1,28.000,1,1,3,3,442,1,0,0,250,0,0,442,0,0,0,0,1,1,1,1,1,1,0,0,0,69440,0,0,0,0,0,0,0,0,0
4.345000,221.15,39.012,23.410,424,354,72.000,71,71,18.000,39.000,55.000,281,208,333,160,7,151,14,14,14,14,1,0,0,3,30,1,28.000,1,1,3,3,442,1,0,0,250,0,0,442,0,0,0,0,1,1,1,1,1,1,0,0,0,69520,0,0,0,0,0,0,0,0,0
4.350000,223.31,39.042,23.410,428,357,72.000,71,71,18.000,39.000,55.000,281,210,336,160,7,153,14,14,14,14,1,0,0,3,30,1,28.000,1,1,1,1,443,1,0,0,250,0,0,443,0,0,0,0,1,1,1,1,1,1,0,0,0,69600,0,0,0,0,0,0,0,0,0
4.355000,225.47,39.002,23.410,432,360,72.000,71,71,18.000,39.000,55.000,281,212,339,160,7,154,14,14,14,14,1,0,0,3,30,1,28.000,1,1,0,0,444,1,0,0,250,0,0,444,0,0,0,0,1,1,1,1,1,1,0,0,0,69680,0,0,0,0,0,0,0,0,0
4.360000,227.63,38.892,23.350,435,363,72.000,71,71,18.000,39.000,55.000,280,214,342,160,7,156,14,14,14,14,1,0,0,3,30,1,28.000,1,1,0,0,444,1,0,0,250,0,0,444,0,0,0,0,1,1,1,1,1,1,0,0,0,69760,0,0,0,0,0,0,0,0,0
4.365000,229.79,38.714,23.240,437,366,72.000,71,71,18.000,39.000,55.000,279,216,345,160,7,157,14,14,14,14,1,0,0,3,30,1,28.000,1,1,2,2,445,1,0,0,250,0,0,445,0,0,0,0,1,1,1,1,1,1,0,0,0,69840,0,0,0,0,0,0,0,0,0
4.370000,231.95,38.467,23.080,439,369,72.000,71,71,18.000,39.000,55.000,277,218,348,160,7,159,14,14,14,14,1,0,0,3,30,1,28.000,1,1,2,2,445,1,0,0,250,0,0,445,0,0,0,0,1,1,1,1,1,1,0,0,0,69920,0,0,0,0,0,0,0,0,0
4.375000,234.11,38.154,22.920,440,372,72.000,71,71,18.000,39.000,55.000,275,219,351,160,7,160,14,14,14,14,1,0,0,3,30,1,28.000,1,1,3,3,446,1,0,0,250,0,0,446,0,0,0,0,1,1,1,1,1,1,0,0,0,70000,0,0,0,0,0,0,0,0,0
4.380000,236.27,37.775,22.640,441,375,72.000,71,71,18.000,39.000,55.000,272,222,355,160,7,162,14,14,14,14,1,0,0,3,30,1,28.000,1,1,1,1,447,1,0,0,250,0,0,447,0,0,0,0,1,1,1,1,1,1,0,0,0,70080,0,0,0,0,0,0,0,0,0
4.385000,238.43,37.333,22.370,441,377,72.000,71,71,18.000,39.000,55.000,269,223,357,160,7,162,14,14,14,14,1,0,0,3,30,1,28.000,1,1,1,1,447,1,0,0,250,0,0,447,0,0,0,0,1,1,1,1,1,1,0,0,0,70160,0,0,0,0,0,0,0,0,0
4.390000,240.59,36.829,22.100,440,380,72.000,71,71,18.000,39.000,55.000,265,225,360,160,7,164,14,14,14,14,1,0,0,3,30,1,28.000,1,1,0,0,448,1,0,0,250,0,0,448,0,0,0,0,1,1,1,1,1,1,0,0,0,70240,0,0,0,0,0,0,0,0,0
4.395000,242.75,36.267,21.770,438,382,72.000,71,71,18.000,39.000,55.000,261,226,362,160,7,165,14,14,14,14,1,0,0,3,30,1,28.000,1,1,0,0,448,1,0,0,250,0,0,448,0,0,0,0,1,1,1,1,1,1,0,0,0,70320,0,0,0,0,0,0,0,0,0
4.400000,244.91,35.650,21.390,436,384,72.000,71,71,18.000,39.000,55.000,257,227,364,160,7,166,14,14,14,14,1,0,0,3,30,1,28.000,1,1,2,2,449,1,0,0,250,0,0,449,0,0,0,0,1,1,1,1,1,1,0,0,0,70400,0,0,0,0,0,0,0,0,0
4.405000,247.07,34.980,20.960,433,386,72.000,71,71,18.000,39.000,55.000,252,229,366,160,7,167,14,14,14,14,1,0,0,3,30,1,28.000,1,1,2,2,449,1,0,0,250,0,0,449,0,0,0,0,1,1,1,1,1,1,0,0,0,70480,0,0,0,0,0,0,0,0,0
4.410000,249.23,34.262,20.520,430,388,72.000,71,71,18.000,39.000,55.000,246,230,368,160,7,168,14,14,14,14,1,0,0,3,30,1,28.000,1,1,3,3,450,1,0,0,250,0,0,450,0,0,0,0,1,1,1,1,1,1,0,0,0,70560,0,0,0,0,0,0,0,0,0
4.415000,251.39,33.499,20.090,426,390,72.000,71,71,18.000,39.000,55.000,241,231,370,160,7,169,14,14,14,14,1,0,0,3,30,1,28.000,1,1,1,1,451,1,0,0,250,0,0,451,0,0,0,0,1,1,1,1,1,1,0,0,0,70640,0,0,0,0,0,0,0,0,0
4.420000,253.55,32.696,19.600,421,391,72.000,71,71,18.000,39.000,55.000,235,232,371,160,7,169,14,14,14,14,1,0,0,3,30,1,28.000,1,1,1,1,451,1,0,0,250,0,0,451,0,0,0,0,1,1,1,1,1,1,0,0,0,70720,0,0,0,0,0,0,0,0,0
4.425000,255.71,31.858,19.110,416,392,72.000,71,71,18.000,39.000,55.000,229,233,372,160,7,170,14,14,14,14,1,0,0,3,30,1,28.000,1,1,0,0,452,1,0,0,250,0,0,452,0,0,0,0,1,1,1,1,1,1,0,0,0,70800,0,0,0,0,0,0,0,0,0
4.430000,257.87,30.988,18.560,410,393,72.000,71,71,18.000,39.000,55.000,223,233,374,160,7,170,14,14,14,14,1,0,0,3,30,1,28.000,1,1,0,0,452,1,0,0,250,0,0,452,0,0,0,0,1,1,1,1,1,1,0,0,0,70880,0,0,0,0,0,0,0,0,0
4.435000,260.03,30.092,18.080,404,394,72.000,71,71,18.000,39.000,55.000,217,234,375,160,7,171,14,14,14,14,1,0,0,3,30,1,28.000,1,1,2,2,453,1,0,0,250,0,0,453,0,0,0,0,1,1,1,1,1,1,0,0,0,70960,0,0,0,0,0,0,0,0,0
4.440000,262.19,29.174,17.480,397,394,72.000,71,71,18.000,39.000,55.000,210,234,375,160,7,171,14,14,14,14,1,0,0,3,30,1,28.000,1,1,2,2,453,1,0,0,250,0,0,453,0,0,0,0,1,1,1,1,1,1,0,0,0,71040,0,0,0,0,0,0,0,0,0
4.445000,264.35,28.241,16.930,390,394,72.000,71,71,18.000,39.000,55.000,203,234,375,160,7,171,14,14,14,14,1,0,0,3,30,1,28.000,1,1,3,3,454,1,0,0,250,0,0,454,0,0,0,0,1,1,1,1,1,1,0,0,0,71120,0,0,0,0,0,0,0,0,0
4.450000,266.51,27.296,16.390,382,394,72.000,71,71,18.000,39.000,55.000,197,234,375,160,7,171,14,14,14,14,1,0,0,3,30,1,28.000,1,1,1,1,455,1,0,0,250,0,0,455,0,0,0,0,1,1,1,1,1,1,0,0,0,71200,0,0,0,0,0,0,0,0,0
4.455000,268.67,26.346,15.790,374,393,72.000,71,71,18.000,39.000,55.000,189,233,374,160,7,170,14,14,14,14,1,0,0,3,30,1,28.000,1,1,1,1,455,1,0,0,250,0,0,455,0,0,0,0,1,1,1,1,1,1,0,0,0,71280,0,0,0,0,0,0,0,0,0
4.460000,270.83,25.396,15.250,365,393,72.000,71,71,18.000,39.000,55.000,183,233,374,160,7,170,14,14,14,14,1,0,0,3,30,1,28.000,1,1,0,0,456,1,0,0,250,0,0,456,0,0,0,0,1,1,1,1,1,1,0,0,0,71360,0,0,0,0,0,0,0,0,0
4.465000,272.99,24.451,14.650,357,392,72.000,71,71,18.000,39.000,55.000,176,233,372,160,7,170,14,14,14,14,1,0,0,3,30,1,28.000,1,1,0,0,456,1,0,0,250,0,0,456,0,0,0,0,1,1,1,1,1,1,0,0,0,71440,0,0,0,0,0,0,0,0,0
4.470000,275.15,23.517,14.100,348,392,72.000,71,71,18.000,39.000,55.000,169,233,372,160,7,170,14,14,14,14,1,0,0,3,30,1,28.000,1,1,2,2,457,1,0,0,250,0,0,457,0,0,0,0,1,1,1,1,1,1,0,0,0,71520,0,0,0,0,0,0,0,0,0
4.475000,277.31,22.599,13.560,339,391,72.000,71,71,18.000,39.000,55.000,163,232,371,160,7,169,14,14,14,14,1,0,0,3,30,1,28.000,1,1,2,2,457,1,0,0,250,0,0,457,0,0,0,0,1,1,1,1,1,1,0,0,0,71600,0,0,0,0,0,0,0,0,0
4.480000,279.47,21.702,13.020,329,390,72.000,71,71,18.000,39.000,55.000,156,231,370,160,7,169,14,14,14,14,1,0,0,3,30,1,28.000,1,1,3,3,458,1,0,0,250,0,0,458,0,0,0,0,1,1,1,1,1,1,0,0,0,71680,0,0,0,0,0,0,0,0,0
4.485000,281.63,20.831,12.530,320,388,72.000,71,71,18.000,39.000,55.000,150,230,368,160,7,168,14,14,14,14,1,0,0,3,30,1,28.000,1,1,1,1,459,1,0,0,250,0,0,459,0,0,0,0,1,1,1,1,1,1,0,0,0,71760,0,0,0,0,0,0,0,0,0
4.490000,283.79,19.992,11.980,311,387,72.000,71,71,18.000,39.000,55.000,144,229,367,160,7,167,14,14,14,14,1,0,0,3,30,1,28.000,1,1,1,1,459,1,0,0,250,0,0,459,0,0,0,0,1,1,1,1,1,1,0,0,0,71840,0,0,0,0,0,0,0,0,0
4.495000,285.95,19.189,11.490,302,385,72.000,71,71,18.000,39.000,55.000,138,228,365,160,7,166,14,14,14,14,1,0,0,3,30,1,28.000,1,1,0,0,460,1,0,0,250,0,0,460,0,0,0,0,1,1,1,1,1,1,0,0,0,71920,0,0,0,0,0,0,0,0,0
4.500000,288.11,18.426,11.060,293,384,72.000,71,71,18.000,39.000,55.000,133,227,364,160,7,166,14,14,14,14,1,0,0,3,30,1,28.000,1,1,0,0,460,1,0,0,250,0,0,460,0,0,0,0,1,1,1,1,1,1,0,0,0,72000,0,0,0,0,0,0,0,0,0
4.505000,290.27,17.710,10.620,283,382,72.000,72,72,18.000,39.000,55.000,129,229,367,160,7,165,14,14,14,14,1,0,0,3,30,1,28.000,1,1,2,2,461,1,0,0,250,0,0,461,0,0,0,0,1,1,1,1,1,1,0,0,0,72080,0,0,0,0,0,0,0,0,0
4.510000,292.43,17.042,10.240,275,380,72.000,72,72,18.000,39.000,55.000,124,228,365,160,7,164,14,14,14,14,1,0,0,3,30,1,28.000,1,1,2,2,461,1,0,0,250,0,0,461,0,0,0,0,1,1,1,1,1,1,0,0,0,72160,0,0,0,0,0,0,0,0,0
4.515000,294.59,16.428,9.860,266,378,72.000,72,72,18.000,39.000,55.000,120,227,363,160,7,163,14,14,14,14,1,0,0,3,30,1,28.000,1,1,3,3,462,1,0,0,250,0,0,462,0,0,0,0,1,1,1,1,1,1,0,0,0,72240,0,0,0,0,0,0,0,0,0
4.520000,296.75,15.872,9.540,258,375,72.000,72,72,18.000,39.000,55.000,116,225,360,160,7,162,14,14,14,14,1,0,0,3,30,1,28.000,1,1,1,1,463,1,0,0,250,0,0,463,0,0,0,0,1,1,1,1,1,1,0,0,0,72320,0,0,0,0,0,0,0,0,0
4.525000,298.91,15.375,9.210,250,373,72.000,72,72,18.000,39.000,55.000,112,223,358,160,7,161,14,14,14,14,1,0,0,3,30,1,28.000,1,1,1,1,463,1,0,0,250,0,0,463,0,0,0,0,1,1,1,1,1,1,0,0,0,72400,0,0,0,0,0,0,0,0,0
4.530000,301.07,14.942,8.940,242,371,72.000,72,72,18.000,39.000,55.000,109,222,355,160,7,160,14,14,14,14,1,0,0,3,30,1,28.000,1,1,0,0,464,1,0,0,250,0,0,464,0,0,0,0,1,1,1,1,1,1,0,0,0,72480,0,0,0,0,0,0,0,0,0
4.535000,303.23,14.575,8.720,235,368,72.000,72,72,18.000,39.000,55.000,106,220,352,160,7,158,14,14,14,14,1,0,0,3,30,1,28.000,1,1,0,0,464,1,0,0,250,0,0,464,0,0,0,0,1,1,1,1,1,1,0,0,0,72560,0,0,0,0,0,0,0,0,0
4.540000,305.39,14.276,8.560,228,365,72.000,71,71,18.000,39.000,55.000,102,215,344,160,7,157,14,14,14,14,1,0,0,3,30,1,28.000,1,1,2,2,465,1,0,0,250,0,0,465,0,0,0,0,1,1,1,1,1,1,0,0,0,72640,0,0,0,0,0,0,0,0,0
4.545000,307.55,14.048,8.450,222,363,72.000,71,71,18.000,39.000,55.000,101,214,342,160,7,156,14,14,14,14,1,0,0,3,30,1,28.000,1,1,3,3,466,1,0,0,250,0,0,466,0,0,0,0,1,1,1,1,1,1,0,0,0,72720,0,0,0,0,0,0,0,0,0
4.550000,309.71,13.891,8.340,216,360,72.000,71,71,18.000,39.000,55.000,100,212,339,160,7,154,14,14,14,14,1,0,0,3,30,1,28.000,1,1,3,3,466,1,0,0,250,0,0,466,0,0,0,0,1,1,1,1,1,1,0,0,0,72800,0,0,0,0,0,0,0,0,0
4.555000,311.87,13.807,8.280,211,357,72.000,71,71,18.000,39.000,55.000,99,210,336,160,7,153,14,14,14,14,1,0,0,3,30,1,28.000,1,1,1,1,467,1,0,0,250,0,0,467,0,0,0,0,1,1,1,1,1,1,0,0,0,72880,0,0,0,0,0,0,0,0,0
4.560000,314.03,13.797,8.280,207,354,72.000,71,71,18.000,39.000,55.000,99,208,333,160,7,151,14,14,14,14,1,0,0,3,30,1,28.000,1,1,1,1,467,1,0,0,250,0,0,467,0,0,0,0,1,1,1,1,1,1,0,0,0,72960,0,0,0,0,0,0,0,0,0
4.565000,316.19,13.860,8.280,203,351,72.000,71,71,18.000,39.000,55.000,99,206,330,160,7,150,14,14,14,14,1,0,0,3,30,1,28.000,1,1,0,0,468,1,0,0,250,0,0,468,0,0,0,0,1,1,1,1,1,1,0,0,0,73040,0,0,0,0,0,0,0,0,0
4.570000,318.35,13.997,8.390,200,348,72.000,71,71,18.000,39.000,55.000,100,204,326,160,7,149,14,14,14,14,1,0,0,3,30,1,28.000,1,1,0,0,468,1,0,0,250,0,0,468,0,0,0,0,1,1,1,1,1,1,0,0,0,73120,0,0,0,0,0,0,0,0,0
4.575000,320.51,14.208,8.500,198,345,72.000,71,71,18.000,39.000,55.000,102,202,323,160,7,147,14,14,14,14,1,0,0,3,30,1,28.000,1,1,2,2,469,1,0,0,250,0,0,469,0,0,0,0,1,1,1,1,1,1,0,0,0,73200,0,0,0,0,0,0,0,0,0
4.580000,322.67,14.490,8.670,196,342,72.000,71,71,18.000,39.000,55.000,104,200,320,160,7,146,14,14,14,14,1,0,0,3,30,1,28.000,1,1,3,3,470,1,0,0,250,0,0,470,0,0,0,0,1,1,1,1,1,1,0,0,0,73280,0,0,0,0,0,0,0,0,0
4.585000,324.83,14.844,8.880,195,339,72.000,71,71,18.000,39.000,55.000,106,198,317,160,7,144,14,14,14,14,1,0,0,3,30,1,28.000,1,1,3,3,470,1,0,0,250,0,0,470,0,0,0,0,1,1,1,1,1,1,0,0,0,73360,0,0,0,0,0,0,0,0,0
4.590000,326.99,15.267,9.150,194,337,72.000,71,71,18.000,39.000,55.000,110,197,315,160,7,143,14,14,14,14,1,0,0,3,30,1,28.000,1,1,1,1,471,1,0,0,250,0,0,471,0,0,0,0,1,1,1,1,1,1,0,0,0,73440,0,0,0,0,0,0,0,0,0
4.595000,329.15,15.757,9.430,195,334,72.000,71,71,18.000,39.000,55.000,113,195,312,160,7,142,14,14,14,14,1,0,0,3,30,1,28.000,1,1,1,1,471,1,0,0,250,0,0,471,0,0,0,0,1,1,1,1,1,1,0,0,0,73520,0,0,0,0,0,0,0,0,0
4.600000,331.31,16.312,9.750,196,331,72.000,71,71,18.000,39.000,55.000,117,193,309,160,7,140,14,14,14,14,1,0,0,3,30,1,28.000,1,1,0,0,472,1,0,0,250,0,0,472,0,0,0,0,1,1,1,1,1,1,0,0,0,73600,0,0,0,0,0,0,0,0,0
4.605000,333.47,16.928,10.130,197,329,72.000,71,71,18.000,39.000,55.000,121,191,306,160,7,140,14,14,14,14,1,0,0,3,30,1,28.000,1,1,0,0,472,1,0,0,250,0,0,472,0,0,0,0,1,1,1,1,1,1,0,0,0,73680,0,0,0,0,0,0,0,0,0
4.610000,335.63,17.603,10.570,200,326,72.000,71,71,18.000,39.000,55.000,127,189,303,160,7,138,14,14,14,14,1,0,0,3,30,1,28.000,1,1,2,2,473,1,0,0,250,0,0,473,0,0,0,0,1,1,1,1,1,1,0,0,0,73760,0,0,0,0,0,0,0,0,0
4.615000,337.79,18.334,11.000,203,324,72.000,71,71,18.000,39.000,55.000,132,188,301,160,7,137,14,14,14,14,1,0,0,3,30,1,28.000,1,1,3,3,474,1,0,0,250,0,0,474,0,0,0,0,1,1,1,1,1,1,0,0,0,73840,0,0,0,0,0,0,0,0,0
4.620000,339.95,19.115,11.490,207,321,72.000,71,71,18.000,39.000,55.000,138,186,298,160,7,136,14,14,14,14,1,0,0,3,30,1,28.000,1,1,3,3,474,1,0,0,250,0,0,474,0,0,0,0,1,1,1,1,1,1,0,0,0,73920,0,0,0,0,0,0,0,0,0
4.625000,342.11,19.944,11.980,212,319,72.000,71,71,18.000,39.000,55.000,144,185,296,160,7,135,14,14,14,14,1,0,0,3,30,1,28.000,1,1,1,1,475,1,0,0,250,0,0,475,0,0,0,0,1,1,1,1,1,1,0,0,0,74000,0,0,0,0,0,0,0,0,0
4.630000,344.27,20.816,12.470,217,317,72.000,71,71,18.000,39.000,55.000,149,184,294,160,7,134,14,14,14,14,1,0,0,3,30,1,28.000,1,1,1,1,475,1,0,0,250,0,0,475,0,0,0,0,1,1,1,1,1,1,0,0,0,74080,0,0,0,0,0,0,0,0,0
4.635000,346.43,21.726,13.020,223,315,72.000,71,71,18.000,39.000,55.000,156,182,292,160,7,133,14,14,14,14,1,0,0,3,30,1,28.000,1,1,0,0,476,1,0,0,250,0,0,476,0,0,0,0,1,1,1,1,1,1,0,0,0,74160,0,0,0,0,0,0,0,0,0
4.640000,348.59,22.669,13.620,229,313,72.000,71,71,18.000,39.000,55.000,163,181,290,160,7,132,14,14,14,14,1,0,0,3,30,1,28.000,1,1,0,0,476,1,0,0,250,0,0,476,0,0,0,0,1,1,1,1,1,1,0,0,0,74240,0,0,0,0,0,0,0,0,0
4.645000,350.75,23.641,14.160,236,312,72.000,71,71,18.000,39.000,55.000,170,180,289,160,7,131,14,14,14,14,1,0,0,3,30,1,28.000,1,1,2,2,477,1,0,0,250,0,0,477,0,0,0,0,1,1,1,1,1,1,0,0,0,74320,0,0,0,0,0,0,0,0,0
4.650000,352.91,24.636,14.760,243,310,72.000,71,71,18.000,39.000,55.000,177,179,287,160,7,130,14,14,14,14,1,0,0,3,30,1,28.000,1,1,3,3,478,1,0,0,250,0,0,478,0,0,0,0,1,1,1,1,1,1,0,0,0,74400,0,0,0,0,0,0,0,0,0
4.655000,355.07,25.649,15.410,251,309,72.000,71,71,18.000,39.000,55.000,185,178,286,160,7,130,14,14,14,14,1,0,0,3,30,1,28.000,1,1,3,3,478,1,0,0,250,0,0,478,0,0,0,0,1,1,1,1,1,1,0,0,0,74480,0,0,0,0,0,0,0,0,0
4.660000,357.23,26.674,16.010,260,308,72.000,71,71,18.000,39.000,55.000,192,178,285,160,7,130,14,14,14,14,1,0,0,3,30,1,28.000,1,1,1,1,479,1,0,0,250,0,0,479,0,0,0,0,1,1,1,1,1,1,0,0,0,74560,0,0,0,0,0,0,0,0,0
4.665000,359.39,27.707,16.610,269,307,72.000,71,71,18.000,39.000,55.000,199,177,284,160,7,129,14,14,14,14,1,0,0,3,30,1,28.000,1,1,1,1,479,1,0,0,250,0,0,479,0,0,0,0,1,1,1,1,1,1,0,0,0,74640,0,0,0,0,0,0,0,0,0
4.670000,1.55,28.741,17.260,278,307,72.000,71,71,18.000,39.000,55.000,207,177,284,160,7,129,14,14,14,14,1,0,0,3,30,1,28.000,1,1,0,0,480,1,0,0,250,0,0,480,0,0,0,0,1,1,1,1,1,1,0,0,0,74720,0,0,0,0,0,0,0,0,0
4.675000,3.71,29.771,17.860,287,306,72.000,71,71,18.000,39.000,55.000,214,176,282,160,7,129,14,14,14,14,1,0,0,3,30,1,28.000,1,1,0,0,480,1,0,0,250,0,0,480,0,0,0,0,1,1,1,1,1,1,0,0,0,74800,0,0,0,0,0,0,0,0,0
4.680000,5.87,30.792,18.460,297,306,72.000,71,71,18.000,39.000,55.000,222,176,282,160,7,129,14,14,14,14,1,0,0,3,30,1,28.000,1,1,2,2,481,1,0,0,250,0,0,481,0,0,0,0,1,1,1,1,1,1,0,0,0,74880,0,0,0,0,0,0,0,0,0
4.685000,8.03,31.798,19.050,307,306,72.000,71,71,18.000,39.000,55.000,229,176,282,160,7,129,14,14,14,14,1,0,0,3,30,1,28.000,1,1,3,3,482,1,0,0,250,0,0,482,0,0,0,0,1,1,1,1,1,1,0,0,0,74960,0,0,0,0,0,0,0,0,0
4.690000,10.19,32.783,19.650,317,306,72.000,71,71,18.000,39.000,55.000,236,176,282,160,7,129,14,14,14,14,1,0,0,3,30,1,28.000,1,1,3,3,482,1,0,0,250,0,0,482,0,0,0,0,1,1,1,1,1,1,0,0,0,75040,0,0,0,0,0,0,0,0,0
4.695000,12.35,33.743,20.250,327,307,72.000,71,71,18.000,39.000,55.000,243,177,284,160,7,129,14,14,14,14,1,0,0,3,30,1,28.000,1,1,1,1,483,1,0,0,250,0,0,483,0,0,0,0,1,1,1,1,1,1,0,0,0,75120,0,0,0,0,0,0,0,0,0
4.700000,14.51,34.673,20.790,337,308,72.000,71,71,18.000,39.000,55.000,250,178,285,160,7,130,14,14,14,14,1,0,0,3,30,1,28.000,1,1,1,1,483,1,0,0,250,0,0,483,0,0,0,0,1,1,1,1,1,1,0,0,0,75200,0,0,0,0,0,0,0,0,0
4.705000,16.67,35.567,21.340,347,309,72.000,71,71,18.000,39.000,55.000,256,178,286,160,7,130,14,14,14,14,1,0,0,3,30,1,28.000,1,1,0,0,484,1,0,0,250,0,0,484,0,0,0,0,1,1,1,1,1,1,0,0,0,75280,0,0,0,0,0,0,0,0,0
4.710000,18.83,36.420,21.830,357,311,72.000,71,71,18.000,39.000,55.000,262,180,288,160,7,131,14,14,14,14,1,0,0,3,30,1,28.000,1,1,2,2,485,1,0,0,250,0,0,485,0,0,0,0,1,1,1,1,1,1,0,0,0,75360,0,0,0,0,0,0,0,0,0
4.715000,20.99,37.229,22.320,367,313,72.000,71,71,18.000,39.000,55.000,268,181,290,160,7,132,14,14,14,14,1,0,0,3,30,1,28.000,1,1,2,2,485,1,0,0,250,0,0,485,0,0,0,0,1,1,1,1,1,1,0,0,0,75440,0,0,0,0,0,0,0,0,0
4.720000,23.15,37.989,22.810,377,315,72.000,71,71,18.000,39.000,55.000,274,182,292,160,7,133,14,14,14,14,1,0,0,3,30,1,28.000,1,1,3,3,486,1,0,0,250,0,0,486,0,0,0,0,1,1,1,1,1,1,0,0,0,75520,0,0,0,0,0,0,0,0,0
4.725000,25.31,38.696,23.190,387,318,72.000,71,71,18.000,39.000,55.000,278,184,295,160,7,134,14,14,14,14,1,0,0,3,30,1,28.000,1,1,3,3,486,1,0,0,250,0,0,486,0,0,0,0,1,1,1,1,1,1,0,0,0,75600,0,0,0,0,0,0,0,0,0
4.730000,27.47,39.346,23.620,396,321,72.000,71,71,18.000,39.000,55.000,284,186,298,160,7,136,14,14,14,14,1,0,0,3,30,1,28.000,1,1,1,1,487,1,0,0,250,0,0,487,0,0,0,0,1,1,1,1,1,1,0,0,0,75680,0,0,0,0,0,0,0,0,0
4.735000,29.63,39.937,23.950,405,324,72.000,71,71,18.000,39.000,55.000,288,188,301,160,7,137,14,14,14,14,1,0,0,3,30,1,28.000,1,1,1,1,487,1,0,0,250,0,0,487,0,0,0,0,1,1,1,1,1,1,0,0,0,75760,0,0,0,0,0,0,0,0,0
4.740000,31.79,40.464,24.280,413,328,72.000,71,71,18.000,39.000,55.000,292,191,305,160,7,139,14,14,14,14,1,0,0,3,30,1,28.000,1,1,0,0,488,1,0,0,250,0,0,488,0,0,0,0,1,1,1,1,1,1,0,0,0,75840,0,0,0,0,0,0,0,0,0
4.745000,33.95,40.925,24.550,422,331,72.000,71,71,18.000,39.000,55.000,295,193,309,160,7,140,14,14,14,14,1,0,0,3,30,1,28.000,1,1,2,2,489,1,0,0,250,0,0,489,0,0,0,0,1,1,1,1,1,1,0,0,0,75920,0,0,0,0,0,0,0,0,0
4.750000,36.11,41.318,24.770,429,335,72.000,71,71,18.000,39.000,55.000,297,195,313,160,7,142,14,14,14,14,1,0,0,3,30,1,28.000,1,1,2,2,489,1,0,0,250,0,0,489,0,0,0,0,1,1,1,1,1,1,0,0,0,76000,0,0,0,0,0,0,0,0,0
4.755000,38.27,41.641,24.980,436,339,72.000,71,71,18.000,39.000,55.000,300,198,317,160,7,144,14,14,14,14,1,0,0,3,30,1,28.000,1,1,3,3,490,1,0,0,250,0,0,490,0,0,0,0,1,1,1,1,1,1,0,0,0,76080,0,0,0,0,0,0,0,0,0
4.760000,40.43,41.893,25.150,443,343,72.000,71,71,18.000,39.000,55.000,302,201,321,160,7,146,14,14,14,14,1,0,0,3,30,1,28.000,1,1,3,3,490,1,0,0,250,0,0,490,0,0,0,0,1,1,1,1,1,1,0,0,0,76160,0,0,0,0,0,0,0,0,0
4.765000,42.59,42.071,25.260,449,347,72.000,71,71,18.000,39.000,55.000,303,203,325,160,7,148,14,14,14,14,1,0,0,3,30,1,28.000,1,1,1,1,491,1,0,0,250,0,0,491,0,0,0,0,1,1,1,1,1,1,0,0,0,76240,0,0,0,0,0,0,0,0,0
4.770000,44.75,42.176,25.310,455,352,72.000,71,71,18.000,39.000,55.000,304,206,331,160,7,151,14,14,14,14,1,0,0,3,30,1,28.000,1,1,1,1,491,1,0,0,250,0,0,491,0,0,0,0,1,1,1,1,1,1,0,0,0,76320,0,0,0,0,0,0,0,0,0
4.775000,46.91,42.208,25.310,459,356,72.000,71,71,18.000,39.000,55.000,304,209,335,160,7,152,14,14,14,14,1,0,0,3,30,1,28.000,1,1,0,0,492,1,0,0,250,0,0,492,0,0,0,0,1,1,1,1,1,1,0,0,0,76400,0,0,0,0,0,0,0,0,0
4.780000,49.07,42.165,25.310,464,360,72.000,71,71,18.000,39.000,55.000,304,212,339,160,7,154,14,14,14,14,1,0,0,3,30,1,28.000,1,1,2,2,493,1,0,0,250,0,0,493,0,0,0,0,1,1,1,1,1,1,0,0,0,76480,0,0,0,0,0,0,0,0,0
4.785000,51.23,42.050,25.200,467,365,72.000,71,71,18.000,39.000,55.000,303,215,344,160,7,157,14,14,14,14,1,0,0,3,30,1,28.000,1,1,2,2,493,1,0,0,250,0,0,493,0,0,0,0,1,1,1,1,1,1,0,0,0,76560,0,0,0,0,0,0,0,0,0
4.790000,53.39,41.862,25.090,470,369,72.000,71,71,18.000,39.000,55.000,301,218,348,160,7,159,14,14,14,14,1,0,0,3,30,1,28.000,1,1,3,3,494,1,0,0,250,0,0,494,0,0,0,0,1,1,1,1,1,1,0,0,0,76640,0,0,0,0,0,0,0,0,0
4.795000,55.55,41.603,24.930,472,373,72.000,71,71,18.000,39.000,55.000,299,220,353,160,7,161,14,14,14,14,1,0,0,3,30,1,28.000,1,1,3,3,494,1,0,0,250,0,0,494,0,0,0,0,1,1,1,1,1,1,0,0,0,76720,0,0,0,0,0,0,0,0,0
4.800000,57.71,41.274,24.770,473,377,72.000,71,71,18.000,39.000,55.000,297,223,357,160,7,162,14,14,14,14,1,0,0,3,30,1,28.000,1,1,1,1,495,1,0,0,250,0,0,495,0,0,0,0,1,1,1,1,1,1,0,0,0,76800,0,0,0,0,0,0,0,0,0
4.805000,59.87,40.878,24.490,474,381,72.000,71,71,18.000,39.000,55.000,294,225,361,160,7,164,14,14,14,14,1,0,0,3,30,1,28.000,1,1,1,1,495,1,0,0,250,0,0,495,0,0,0,0,1,1,1,1,1,1,0,0,0,76880,0,0,0,0,0,0,0,0,0
4.810000,62.03,40.417,24.220,474,385,72.000,71,71,18.000,39.000,55.000,291,228,365,160,7,166,14,14,14,14,1,0,0,3,30,1,28.000,1,1,0,0,496,1,0,0,250,0,0,496,0,0,0,0,1,1,1,1,1,1,0,0,0,76960,0,0,0,0,0,0,0,0,0
4.815000,64.19,39.894,23.950,473,388,72.000,72,72,18.000,39.000,55.000,292,233,373,160,7,168,14,14,14,14,1,0,0,3,30,1,28.000,1,1,2,2,497,1,0,0,250,0,0,497,0,0,0,0,1,1,1,1,1,1,0,0,0,77040,0,0,0,0,0,0,0,0,0
4.820000,66.35,39.312,23.570,472,392,72.000,72,72,18.000,39.000,55.000,287,236,378,160,7,170,14,14,14,14,1,0,0,3,30,1,28.000,1,1,2,2,497,1,0,0,250,0,0,497,0,0,0,0,1,1,1,1,1,1,0,0,0,77120,0,0,0,0,0,0,0,0,0
4.825000,68.51,38.675,23.190,470,395,72.000,72,72,18.000,39.000,55.000,282,238,381,160,7,171,14,14,14,14,1,0,0,3,30,1,28.000,1,1,3,3,498,1,0,0,250,0,0,498,0,0,0,0,1,1,1,1,1,1,0,0,0,77200,0,0,0,0,0,0,0,0,0
4.830000,70.67,37.986,22.810,467,398,72.000,72,72,18.000,39.000,55.000,278,240,384,160,7,173,14,14,14,14,1,0,0,3,30,1,28.000,1,1,3,3,498,1,0,0,250,0,0,498,0,0,0,0,1,1,1,1,1,1,0,0,0,77280,0,0,0,0,0,0,0,0,0
4.835000,72.83,37.249,22.320,463,401,72.000,72,72,18.000,39.000,55.000,272,242,387,160,7,174,14,14,14,14,1,0,0,3,30,1,28.000,1,1,1,1,499,1,0,0,250,0,0,499,0,0,0,0,1,1,1,1,1,1,0,0,0,77360,0,0,0,0,0,0,0,0,0
4.840000,74.99,36.468,21.880,459,403,72.000,72,72,18.000,39.000,55.000,266,243,389,160,7,175,14,14,14,14,1,0,0,3,30,1,28.000,1,1,1,1,499,1,0,0,250,0,0,499,0,0,0,0,1,1,1,1,1,1,0,0,0,77440,0,0,0,0,0,0,0,0,0
4.845000,77.15,35.649,21.390,454,405,72.000,72,72,18.000,39.000,55.000,260,245,392,160,7,176,14,14,14,14,1,0,0,3,30,1,28.000,1,1,0,0,500,1,0,0,250,0,0,500,0,0,0,0,1,1,1,1,1,1,0,0,0,77520,0,0,0,0,0,0,0,0,0
4.850000,79.31,34.795,20.850,449,407,72.000,71,71,18.000,39.000,55.000,250,242,388,160,7,177,14,14,14,14,1,0,0,3,30,1,28.000,1,1,2,2,501,1,0,0,250,0,0,501,0,0,0,0,1,1,1,1,1,1,0,0,0,77600,0,0,0,0,0,0,0,0,0
4.855000,81.47,33.913,20.360,443,409,72.000,71,71,18.000,39.000,55.000,244,244,390,160,7,178,14,14,14,14,1,0,0,3,30,1,28.000,1,1,2,2,501,1,0,0,250,0,0,501,0,0,0,0,1,1,1,1,1,1,0,0,0,77680,0,0,0,0,0,0,0,0,0
4.860000,83.63,33.006,19.820,437,410,72.000,71,71,18.000,39.000,55.000,238,244,391,160,7,178,14,14,14,14,1,0,0,3,30,1,28.000,1,1,3,3,502,1,0,0,250,0,0,502,0,0,0,0,1,1,1,1,1,1,0,0,0,77760,0,0,0,0,0,0,0,0,0
4.865000,85.79,32.080,19.220,430,411,72.000,71,71,18.000,39.000,55.000,231,245,392,160,7,179,14,14,14,14,1,0,0,3,30,1,28.000,1,1,3,3,502,1,0,0,250,0,0,502,0,0,0,0,1,1,1,1,1,1,0,0,0,77840,0,0,0,0,0,0,0,0,0
4.870000,87.95,31.140,18.670,422,411,72.000,71,71,18.000,39.000,55.000,224,245,392,160,7,179,14,14,14,14,1,0,0,3,30,1,28.000,1,1,1,1,503,1,0,0,250,0,0,503,0,0,0,0,1,1,1,1,1,1,0,0,0,77920,0,0,0,0,0,0,0,0,0
4.875000,90.11,30.192,18.130,414,411,72.000,71,71,18.000,39.000,55.000,218,245,392,160,7,179,14,14,14,14,1,0,0,3,30,1,28.000,1,1,0,0,504,1,0,0,250,0,0,504,0,0,0,0,1,1,1,1,1,1,0,0,0,78000,0,0,0,0,0,0,0,0,0
4.880000,92.27,29.242,17.530,406,411,72.000,71,71,18.000,39.000,55.000,210,245,392,160,7,179,14,14,14,14,1,0,0,3,30,1,28.000,1,1,0,0,504,1,0,0,250,0,0,504,0,0,0,0,1,1,1,1,1,1,0,0,0,78080,0,0,0,0,0,0,0,0,0
4.885000,94.43,28.294,16.990,398,411,72.000,71,71,18.000,39.000,55.000,204,245,392,160,7,179,14,14,14,14,1,0,0,3,30,1,28.000,1,1,2,2,505,1,0,0,250,0,0,505,0,0,0,0,1,1,1,1,1,1,0,0,0,78160,0,0,0,0,0,0,0,0,0
4.890000,96.59,27.353,16.390,389,411,72.000,71,71,18.000,39.000,55.000,197,245,392,160,7,179,14,14,14,14,1,0,0,3,30,1,28.000,1,1,2,2,505,1,0,0,250,0,0,505,0,0,0,0,1,1,1,1,1,1,0,0,0,78240,0,0,0,0,0,0,0,0,0
4.895000,98.75,26.426,15.850,380,411,72.000,71,71,18.000,39.000,55.000,190,245,392,160,7,179,14,14,14,14,1,0,0,3,30,1,28.000,1,1,3,3,506,1,0,0,250,0,0,506,0,0,0,0,1,1,1,1,1,1,0,0,0,78320,0,0,0,0,0,0,0,0,0
4.900000,100.91,25.517,15.300,371,410,72.000,71,71,18.000,39.000,55.000,184,244,391,160,7,178,14,14,14,14,1,0,0,3,30,1,28.000,1,1,3,3,506,1,0,0,250,0,0,506,0,0,0,0,1,1,1,1,1,1,0,0,0,78400,0,0,0,0,0,0,0,0,0
4.905000,103.07,24.632,14.760,362,409,72.000,71,71,18.000,39.000,55.000,177,244,390,160,7,178,14,14,14,14,1,0,0,3,30,1,28.000,1,1,1,1,507,1,0,0,250,0,0,507,0,0,0,0,1,1,1,1,1,1,0,0,0,78480,0,0,0,0,0,0,0,0,0
4.910000,105.23,23.775,14.270,353,408,72.000,71,71,18.000,39.000,55.000,171,243,389,160,7,177,14,14,14,14,1,0,0,3,30,1,28.000,1,1,0,0,508,1,0,0,250,0,0,508,0,0,0,0,1,1,1,1,1,1,0,0,0,78560,0,0,0,0,0,0,0,0,0
4.915000,107.39,22.951,13.780,343,407,72.000,71,71,18.000,39.000,55.000,165,242,388,160,7,177,14,14,14,14,1,0,0,3,30,1,28.000,1,1,0,0,508,1,0,0,250,0,0,508,0,0,0,0,1,1,1,1,1,1,0,0,0,78640,0,0,0,0,0,0,0,0,0
4.920000,109.55,22.165,13.290,334,406,72.000,71,71,18.000,39.000,55.000,159,242,387,160,7,176,14,14,14,14,1,0,0,3,30,1,28.000,1,1,2,2,509,1,0,0,250,0,0,509,0,0,0,0,1,1,1,1,1,1,0,0,0,78720,0,0,0,0,0,0,0,0,0
4.925000,111.71,21.421,12.850,325,404,72.000,71,71,18.000,39.000,55.000,154,240,385,160,7,175,14,14,14,14,1,0,0,3,30,1,28.000,1,1,2,2,509,1,0,0,250,0,0,509,0,0,0,0,1,1,1,1,1,1,0,0,0,78800,0,0,0,0,0,0,0,0,0
4.930000,113.87,20.724,12.420,316,402,72.000,71,71,18.000,39.000,55.000,149,239,383,160,7,174,14,14,14,14,1,0,0,3,30,1,28.000,1,1,3,3,510,1,0,0,250,0,0,510,0,0,0,0,1,1,1,1,1,1,0,0,0,78880,0,0,0,0,0,0,0,0,0
4.935000,116.03,20.076,12.040,307,401,72.000,71,71,18.000,39.000,55.000,144,238,382,160,7,174,14,14,14,14,1,0,0,3,30,1,28.000,1,1,3,3,510,1,0,0,250,0,0,510,0,0,0,0,1,1,1,1,1,1,0,0,0,78960,0,0,0,0,0,0,0,0,0
4.940000,118.19,19.482,11.710,299,399,72.000,71,71,18.000,39.000,55.000,140,237,380,160,7,173,14,14,14,14,1,0,0,3,30,1,28.000,1,1,1,1,511,1,0,0,250,0,0,511,0,0,0,0,1,1,1,1,1,1,0,0,0,79040,0,0,0,0,0,0,0,0,0
4.945000,120.35,18.945,11.380,291,397,72.000,71,71,18.000,39.000,55.000,136,236,378,160,7,172,14,14,14,14,1,0,0,3,30,1,28.000,1,1,0,0,512,1,0,0,250,0,0,512,0,0,0,0,1,1,1,1,1,1,0,0,0,79120,0,0,0,0,0,0,0,0,0
4.950000,122.51,18.468,11.060,283,395,72.000,71,71,18.000,39.000,55.000,133,235,376,160,7,171,14,14,14,14,1,0,0,3,30,1,28.000,1,1,0,0,512,1,0,0,250,0,0,512,0,0,0,0,1,1,1,1,1,1,0,0,0,79200,0,0,0,0,0,0,0,0,0
4.955000,124.67,18.053,10.840,275,392,72.000,71,71,18.000,39.000,55.000,130,233,372,160,7,170,14,14,14,14,1,0,0,3,30,1,28.000,1,1,2,2,513,1,0,0,250,0,0,513,0,0,0,0,1,1,1,1,1,1,0,0,0,79280,0,0,0,0,0,0,0,0,0
4.960000,126.83,17.702,10.620,268,390,72.000,71,71,18.000,39.000,55.000,127,231,370,160,7,169,14,14,14,14,1,0,0,3,30,1,28.000,1,1,2,2,513,1,0,0,250,0,0,513,0,0,0,0,1,1,1,1,1,1,0,0,0,79360,0,0,0,0,0,0,0,0,0
4.965000,128.99,17.418,10.460,262,388,72.000,71,71,18.000,39.000,55.000,125,230,368,160,7,168,14,14,14,14,1,0,0,3,30,1,28.000,1,1,3,3,514,1,0,0,250,0,0,514,0,0,0,0,1,1,1,1,1,1,0,0,0,79440,0,0,0,0,0,0,0,0,0
4.970000,131.15,17.200,10.300,256,385,72.000,71,71,18.000,39.000,55.000,123,228,365,160,7,166,14,14,14,14,1,0,0,3,30,1,28.000,1,1,3,3,514,1,0,0,250,0,0,514,0,0,0,0,1,1,1,1,1,1,0,0,0,79520,0,0,0,0,0,0,0,0,0
4.975000,133.31,17.052,10.240,250,382,72.000,71,71,18.000,39.000,55.000,123,226,362,160,7,165,14,14,14,14,1,0,0,3,30,1,28.000,1,1,1,1,515,1,0,0,250,0,0,515,0,0,0,0,1,1,1,1,1,1,0,0,0,79600,0,0,0,0,0,0,0,0,0
4.980000,135.47,16.973,10.190,245,380,72.000,71,71,18.000,39.000,55.000,122,225,360,160,7,164,14,14,14,14,1,0,0,3,30,1,28.000,1,1,0,0,516,1,0,0,250,0,0,516,0,0,0,0,1,1,1,1,1,1,0,0,0,79680,0,0,0,0,0,0,0,0,0
4.985000,137.63,16.963,10.190,241,377,72.000,71,71,18.000,39.000,55.000,122,223,357,160,7,162,14,14,14,14,1,0,0,3,30,1,28.000,1,1,0,0,516,1,0,0,250,0,0,516,0,0,0,0,1,1,1,1,1,1,0,0,0,79760,0,0,0,0,0,0,0,0,0
4.990000,139.79,17.022,10.190,237,374,72.000,71,71,18.000,39.000,55.000,122,221,354,160,7,161,14,14,14,14,1,0,0,3,30,1,28.000,1,1,2,2,517,1,0,0,250,0,0,517,0,0,0,0,1,1,1,1,1,1,0,0,0,79840,0,0,0,0,0,0,0,0,0
4.995000,141.95,17.149,10.300,234,372,72.000,71,71,18.000,39.000,55.000,123,219,351,160,7,160,14,14,14,14,1,0,0,3,30,1,28.000,1,1,2,2,517,1,0,0,250,0,0,517,0,0,0,0,1,1,1,1,1,1,0,0,0,79920,0,0,0,0,0,0,0,0,0
5.000000,144.11,17.345,10.410,232,369,72.000,71,71,18.000,39.000,55.000,125,218,348,160,7,159,14,14,14,14,1,0,0,3,30,1,28.000,1,1,3,3,518,1,0,0,250,0,0,518,0,0,0,0,1,1,1,1,1,1,0,0,0,80000,0,0,0,0,0,0,0,0,0
5.005000,146.27,17.606,10.570,230,366,72.000,71,71,18.000,39.000,55.000,127,216,345,160,7,157,14,14,14,14,1,0,0,3,30,1,28.000,1,1,1,1,519,1,0,0,250,0,0,519,0,0,0,0,1,1,1,1,1,1,0,0,0,80080,0,0,0,0,0,0,0,0,0
5.010000,148.43,17.932,10.790,229,364,72.000,71,71,18.000,39.000,55.000,129,214,343,160,7,156,14,14,14,14,1,0,0,3,30,1,28.000,1,1,1,1,519,1,0,0,250,0,0,519,0,0,0,0,1,1,1,1,1,1,0,0,0,80160,0,0,0,0,0,0,0,0,0
5.015000,150.59,18.320,11.000,229,361,72.000,71,71,18.000,39.000,55.000,132,212,340,160,7,155,14,14,14,14,1,0,0,3,30,1,28.000,1,1,0,0,520,1,0,0,250,0,0,520,0,0,0,0,1,1,1,1,1,1,0,0,0,80240,0,0,0,0,0,0,0,0,0
5.020000,152.75,18.767,11.280,229,358,72.000,71,71,18.000,39.000,55.000,135,210,337,160,7,153,14,14,14,14,1,0,0,3,30,1,28.000,1,1,0,0,520,1,0,0,250,0,0,520,0,0,0,0,1,1,1,1,1,1,0,0,0,80320,0,0,0,0,0,0,0,0,0
5.025000,154.91,19.272,11.550,230,356,72.000,71,71,18.000,39.000,55.000,138,209,335,160,7,152,14,14,14,14,1,0,0,3,30,1,28.000,1,1,2,2,521,1,0,0,250,0,0,521,0,0,0,0,1,1,1,1,1,1,0,0,0,80400,0,0,0,0,0,0,0,0,0
5.030000,157.07,19.830,11.870,231,353,72.000,71,71,18.000,39.000,55.000,142,207,332,160,7,151,14,14,14,14,1,0,0,3,30,1,28.000,1,1,2,2,521,1,0,0,250,0,0,521,0,0,0,0,1,1,1,1,1,1,0,0,0,80480,0,0,0,0,0,0,0,0,0
5.035000,159.23,20.438,12.260,233,351,72.000,71,71,18.000,39.000,55.000,147,206,330,160,7,150,14,14,14,14,1,0,0,3,30,1,28.000,1,1,3,3,522,1,0,0,250,0,0,522,0,0,0,0,1,1,1,1,1,1,0,0,0,80560,0,0,0,0,0,0,0,0,0
5.040000,161.39,21.093,12.640,236,349,72.000,71,71,18.000,39.000,55.000,152,204,327,160,7,149,14,14,14,14,1,0,0,3,30,1,28.000,1,1,1,1,523,1,0,0,250,0,0,523,0,0,0,0,1,1,1,1,1,1,0,0,0,80640,0,0,0,0,0,0,0,0,0
5.045000,163.55,21.790,13.070,240,347,72.000,71,71,18.000,39.000,55.000,157,203,325,160,7,148,14,14,14,14,1,0,0,3,30,1,28.000,1,1,1,1,523,1,0,0,250,0,0,523,0,0,0,0,1,1,1,1,1,1,0,0,0,80720,0,0,0,0,0,0,0,0,0
5.050000,165.71,22.525,13.510,244,345,72.000,71,71,18.000,39.000,55.000,162,202,323,160,7,147,14,14,14,14,1,0,0,3,30,1,28.000,1,1,0,0,524,1,0,0,250,0,0,524,0,0,0,0,1,1,1,1,1,1,0,0,0,80800,0,0,0,0,0,0,0,0,0
5.055000,167.87,23.293,14.000,248,343,72.000,71,71,18.000,39.000,55.000,168,201,321,160,7,146,14,14,14,14,1,0,0,3,30,1,28.000,1,1,0,0,524,1,0,0,250,0,0,524,0,0,0,0,1,1,1,1,1,1,0,0,0,80880,0,0,0,0,0,0,0,0,0
5.060000,170.03,24.090,14.430,254,341,72.000,71,71,18.000,39.000,55.000,173,199,319,160,7,145,14,14,14,14,1,0,0,3,30,1,28.000,1,1,2,2,525,1,0,0,250,0,0,525,0,0,0,0,1,1,1,1,1,1,0,0,0,80960,0,0,0,0,0,0,0,0,0
5.065000,172.19,24.911,14.920,259,339,72.000,71,71,18.000,39.000,55.000,179,198,317,160,7,144,14,14,14,14,1,0,0,3,30,1,28.000,1,1,2,2,525,1,0,0,250,0,0,525,0,0,0,0,1,1,1,1,1,1,0,0,0,81040,0,0,0,0,0,0,0,0,0
5.070000,174.35,25.751,15.460,265,338,72.000,71,71,18.000,39.000,55.000,185,197,316,160,7,144,14,14,14,14,1,0,0,3,30,1,28.000,1,1,3,3,526,1,0,0,250,0,0,526,0,0,0,0,1,1,1,1,1,1,0,0,0,81120,0,0,0,0,0,0,0,0,0
5.075000,176.51,26.604,15.950,272,337,72.000,71,71,18.000,39.000,55.000,191,197,315,160,7,143,14,14,14,14,1,0,0,3,30,1,28.000,1,1,1,1,527,1,0,0,250,0,0,527,0,0,0,0,1,1,1,1,1,1,0,0,0,81200,0,0,0,0,0,0,0,0,0
5.080000,178.67,27.466,16.500,279,335,72.000,71,71,18.000,39.000,55.000,198,195,313,160,7,142,14,14,14,14,1,0,0,3,30,1,28.000,1,1,1,1,527,1,0,0,250,0,0,527,0,0,0,0,1,1,1,1,1,1,0,0,0,81280,0,0,0,0,0,0,0,0,0
5.085000,180.83,28.332,16.990,286,334,72.000,71,71,18.000,39.000,55.000,204,195,312,160,7,142,14,14,14,14,1,0,0,3,30,1,28.000,1,1,0,0,528,1,0,0,250,0,0,528,0,0,0,0,1,1,1,1,1,1,0,0,0,81360,0,0,0,0,0,0,0,0,0
5.090000,182.99,29.195,17.530,294,334,72.000,71,71,18.000,39.000,55.000,210,195,312,160,7,142,14,14,14,14,1,0,0,3,30,1,28.000,1,1,0,0,528,1,0,0,250,0,0,528,0,0,0,0,1,1,1,1,1,1,0,0,0,81440,0,0,0,0,0,0,0,0,0
5.095000,185.15,30.051,18.020,302,333,72.000,71,71,18.000,39.000,55.000,216,194,311,160,7,141,14,14,14,14,1,0,0,3,30,1,28.000,1,1,2,2,529,1,0,0,250,0,0,529,0,0,0,0,1,1,1,1,1,1,0,0,0,81520,0,0,0,0,0,0,0,0,0
5.100000,187.31,30.895,18.510,310,332,72.000,71,71,18.000,39.000,55.000,222,193,310,160,7,141,14,14,14,14,1,0,0,3,30,1,28.000,1,1,2,2,529,1,0,0,250,0,0,529,0,0,0,0,1,1,1,1,1,1,0,0,0,81600,0,0,0,0,0,0,0,0,0
5.105000,189.47,31.720,19.050,318,332,72.000,71,71,18.000,39.000,55.000,229,193,310,160,7,141,14,14,14,14,1,0,0,3,30,1,28.000,1,1,3,3,530,1,0,0,250,0,0,530,0,0,0,0,1,1,1,1,1,1,0,0,0,81680,0,0,0,0,0,0,0,0,0
5.110000,191.63,32.523,19.490,326,332,72.000,71,71,18.000,39.000,55.000,234,193,310,160,7,141,14,14,14,14,1,0,0,3,30,1,28.000,1,1,1,1,531,1,0,0,250,0,0,531,0,0,0,0,1,1,1,1,1,1,0,0,0,81760,0,0,0,0,0,0,0,0,0
5.115000,193.79,33.299,19.980,335,332,72.000,71,71,18.000,39.000,55.000,240,193,310,160,7,141,14,14,14,14,1,0,0,3,30,1,28.000,1,1,1,1,531,1,0,0,250,0,0,531,0,0,0,0,1,1,1,1,1,1,0,0,0,81840,0,0,0,0,0,0,0,0,0
5.120000,195.95,34.042,20.410,343,332,72.000,71,71,18.000,39.000,55.000,245,193,310,160,7,141,14,14,14,14,1,0,0,3,30,1,28.000,1,1,0,0,532,1,0,0,250,0,0,532,0,0,0,0,1,1,1,1,1,1,0,0,0,81920,0,0,0,0,0,0,0,0,0
5.125000,198.11,34.748,20.850,351,333,72.000,71,71,18.000,39.000,55.000,250,194,311,160,7,141,14,14,14,14,1,0,0,3,30,1,28.000,1,1,0,0,532,1,0,0,250,0,0,532,0,0,0,0,1,1,1,1,1,1,0,0,0,82000,0,0,0,0,0,0,0,0,0
5.130000,200.27,35.413,21.230,359,334,72.000,72,72,18.000,39.000,55.000,258,197,316,160,7,142,14,14,14,14,1,0,0,3,30,1,28.000,1,1,2,2,533,1,0,0,250,0,0,533,0,0,0,0,1,1,1,1,1,1,0,0,0,82080,0,0,0,0,0,0,0,0,0
5.135000,202.43,36.033,21.610,367,335,72.000,72,72,18.000,39.000,55.000,263,198,317,160,7,142,14,14,14,14,1,0,0,3,30,1,28.000,1,1,2,2,533,1,0,0,250,0,0,533,0,0,0,0,1,1,1,1,1,1,0,0,0,82160,0,0,0,0,0,0,0,0,0
5.140000,204.59,36.603,21.940,375,336,72.000,72,72,18.000,39.000,55.000,267,199,318,160,7,143,14,14,14,14,1,0,0,3,30,1,28.000,1,1,3,3,534,1,0,0,250,0,0,534,0,0,0,0,1,1,1,1,1,1,0,0,0,82240,0,0,0,0,0,0,0,0,0
5.145000,206.75,37.120,22.260,383,338,72.000,72,72,18.000,39.000,55.000,271,200,320,160,7,144,14,14,14,14,1,0,0,3,30,1,28.000,1,1,1,1,535,1,0,0,250,0,0,535,0,0,0,0,1,1,1,1,1,1,0,0,0,82320,0,0,0,0,0,0,0,0,0
5.150000,208.91,37.581,22.540,390,340,72.000,72,72,18.000,39.000,55.000,274,201,322,160,7,145,14,14,14,14,1,0,0,3,30,1,28.000,1,1,1,1,535,1,0,0,250,0,0,535,0,0,0,0,1,1,1,1,1,1,0,0,0,82400,0,0,0,0,0,0,0,0,0
5.155000,211.07,37.983,22.750,397,342,72.000,72,72,18.000,39.000,55.000,277,203,325,160,7,146,14,14,14,14,1,0,0,3,30,1,28.000,1,1,0,0,536,1,0,0,250,0,0,536,0,0,0,0,1,1,1,1,1,1,0,0,0,82480,0,0,0,0,0,0,0,0,0
5.160000,213.23,38.324,22.970,404,344,72.000,72,72,18.000,39.000,55.000,280,204,327,160,7,147,14,14,14,14,1,0,0,3,30,1,28.000,1,1,0,0,536,1,0,0,250,0,0,536,0,0,0,0,1,1,1,1,1,1,0,0,0,82560,0,0,0,0,0,0,0,0,0
5.165000,215.39,38.600,23.130,410,347,72.000,71,71,18.000,39.000,55.000,278,203,325,160,7,148,14,14,14,14,1,0,0,3,30,1,28.000,1,1,2,2,537,1,0,0,250,0,0,537,0,0,0,0,1,1,1,1,1,1,0,0,0,82640,0,0,0,0,0,0,0,0,0
5.170000,217.55,38.811,23.300,416,350,72.000,71,71,18.000,39.000,55.000,280,205,329,160,7,150,14,14,14,14,1,0,0,3,30,1,28.000,1,1,3,3,538,1,0,0,250,0,0,538,0,0,0,0,1,1,1,1,1,1,0,0,0,82720,0,0,0,0,0,0,0,0,0
5.175000,219.71,38.955,23.350,421,352,72.000,71,71,18.000,39.000,55.000,280,206,331,160,7,151,14,14,14,14,1,0,0,3,30,1,28.000,1,1,3,3,538,1,0,0,250,0,0,538,0,0,0,0,1,1,1,1,1,1,0,0,0,82800,0,0,0,0,0,0,0,0,0
5.180000,221.87,39.030,23.410,425,355,72.000,71,71,18.000,39.000,55.000,281,208,334,160,7,152,14,14,14,14,1,0,0,3,30,1,28.000,1,1,1,1,539,1,0,0,250,0,0,539,0,0,0,0,1,1,1,1,1,1,0,0,0,82880,0,0,0,0,0,0,0,0,0
5.185000,224.03,39.036,23.410,429,358,72.000,71,71,18.000,39.000,55.000,281,210,337,160,7,153,14,14,14,14,1,0,0,3,30,1,28.000,1,1,1,1,539,1,0,0,250,0,0,539,0,0,0,0,1,1,1,1,1,1,0,0,0,82960,0,0,0,0,0,0,0,0,0
5.190000,226.19,38.973,23.410,433,361,72.000,71,71,18.000,39.000,55.000,281,212,340,160,7,155,14,14,14,14,1,0,0,3,30,1,28.000,1,1,0,0,540,1,0,0,250,0,0,540,0,0,0,0,1,1,1,1,1,1,0,0,0,83040,0,0,0,0,0,0,0,0,0
5.195000,228.35,38.840,23.300,436,364,72.000,71,71,18.000,39.000,55.000,280,214,343,160,7,156,14,14,14,14,1,0,0,3,30,1,28.000,1,1,0,0,540,1,0,0,250,0,0,540,0,0,0,0,1,1,1,1,1,1,0,0,0,83120,0,0,0,0,0,0,0,0,0
5.200000,230.51,38.639,23.190,438,367,72.000,71,71,18.000,39.000,55.000,278,216,346,160,7,158,14,14,14,14,1,0,0,3,30,1,28.000,1,1,2,2,541,1,0,0,250,0,0,541,0,0,0,0,1,1,1,1,1,1,0,0,0,83200,0,0,0,0,0,0,0,0,0
5.205000,232.67,38.370,23.030,440,370,72.000,71,71,18.000,39.000,55.000,276,218,349,160,7,159,14,14,14,14,1,0,0,3,30,1,28.000,1,1,3,3,542,1,0,0,250,0,0,542,0,0,0,0,1,1,1,1,1,1,0,0,0,83280,0,0,0,0,0,0,0,0,0
5.210000,234.83,38.035,22.810,441,373,72.000,71,71,18.000,39.000,55.000,274,220,353,160,7,161,14,14,14,14,1,0,0,3,30,1,28.000,1,1,3,3,542,1,0,0,250,0,0,542,0,0,0,0,1,1,1,1,1,1,0,0,0,83360,0,0,0,0,0,0,0,0,0
5.215000,236.99,37.634,22.590,441,376,72.000,71,71,18.000,39.000,55.000,271,222,356,160,7,162,14,14,14,14,1,0,0,3,30,1,28.000,1,1,1,1,543,1,0,0,250,0,0,543,0,0,0,0,1,1,1,1,1,1,0,0,0,83440,0,0,0,0,0,0,0,0,0
5.220000,239.15,37.171,22.320,441,378,72.000,71,71,18.000,39.000,55.000,268,223,358,160,7,163,14,14,14,14,1,0,0,3,30,1,28.000,1,1,1,1,543,1,0,0,250,0,0,543,0,0,0,0,1,1,1,1,1,1,0,0,0,83520,0,0,0,0,0,0,0,0,0
5.225000,241.31,36.648,21.990,440,381,72.000,71,71,18.000,39.000,55.000,264,225,361,160,7,164,14,14,14,14,1,0,0,3,30,1,28.000,1,1,0,0,544,1,0,0,250,0,0,544,0,0,0,0,1,1,1,1,1,1,0,0,0,83600,0,0,0,0,0,0,0,0,0
5.230000,243.47,36.067,21.610,438,383,72.000,71,71,18.000,39.000,55.000,259,227,363,160,7,165,14,14,14,14,1,0,0,3,30,1,28.000,1,1,0,0,544,1,0,0,250,0,0,544,0,0,0,0,1,1,1,1,1,1,0,0,0,83680,0,0,0,0,0,0,0,0,0
5.235000,245.63,35.432,21.230,435,385,72.000,71,71,18.000,39.000,55.000,255,228,365,160,7,166,14,14,14,14,1,0,0,3,30,1,28.000,1,1,2,2,545,1,0,0,250,0,0,545,0,0,0,0,1,1,1,1,1,1,0,0,0,83760,0,0,0,0,0,0,0,0,0
5.240000,247.79,34.746,20.850,432,387,72.000,71,71,18.000,39.000,55.000,250,229,367,160,7,167,14,14,14,14,1,0,0,3,30,1,28.000,1,1,3,3,546,1,0,0,250,0,0,546,0,0,0,0,1,1,1,1,1,1,0,0,0,83840,0,0,0,0,0,0,0,0,0
5.245000,249.95,34.012,20.410,429,389,72.000,71,71,18.000,39.000,55.000,245,231,369,160,7,168,14,14,14,14,1,0,0,3,30,1,28.000,1,1,3,3,546,1,0,0,250,0,0,546,0,0,0,0,1,1,1,1,1,1,0,0,0,83920,0,0,0,0,0,0,0,0,0
5.250000,252.11,33.236,19.920,424,390,72.000,71,71,18.000,39.000,55.000,239,231,370,160,7,169,14,14,14,14,1,0,0,3,30,1,28.000,1,1,1,1,547,1,0,0,250,0,0,547,0,0,0,0,1,1,1,1,1,1,0,0,0,84000,0,0,0,0,0,0,0,0,0
5.255000,254.27,32.421,19.440,419,392,72.000,71,71,18.000,39.000,55.000,233,233,372,160,7,170,14,14,14,14,1,0,0,3,30,1,28.000,1,1,1,1,547,1,0,0,250,0,0,547,0,0,0,0,1,1,1,1,1,1,0,0,0,84080,0,0,0,0,0,0,0,0,0
5.260000,256.43,31.571,18.950,414,393,72.000,71,71,18.000,39.000,55.000,227,233,374,160,7,170,14,14,14,14,1,0,0,3,30,1,28.000,1,1,0,0,548,1,0,0,250,0,0,548,0,0,0,0,1,1,1,1,1,1,0,0,0,84160,0,0,0,0,0,0,0,0,0
5.265000,258.59,30.692,18.400,408,393,72.000,71,71,18.000,39.000,55.000,221,233,374,160,7,170,14,14,14,14,1,0,0,3,30,1,28.000,1,1,0,0,548,1,0,0,250,0,0,548,0,0,0,0,1,1,1,1,1,1,0,0,0,84240,0,0,0,0,0,0,0,0,0
5.270000,260.75,29.788,17.860,401,394,72.000,71,71,18.000,39.000,55.000,214,234,375,160,7,171,14,14,14,14,1,0,0,3,30,1,28.000,1,1,2,2,549,1,0,0,250,0,0,549,0,0,0,0,1,1,1,1,1,1,0,0,0,84320,0,0,0,0,0,0,0,0,0
5.275000,262.91,28.865,17.310,394,394,72.000,71,71,18.000,39.000,55.000,208,234,375,160,7,171,14,14,14,14,1,0,0,3,30,1,28.000,1,1,3,3,550,1,0,0,250,0,0,550,0,0,0,0,1,1,1,1,1,1,0,0,0,84400,0,0,0,0,0,0,0,0,0
5.280000,265.07,27.927,16.770,387,394,72.000,71,71,18.000,39.000,55.000,201,234,375,160,7,171,14,14,14,14,1,0,0,3,30,1,28.000,1,1,3,3,550,1,0,0,250,0,0,550,0,0,0,0,1,1,1,1,1,1,0,0,0,84480,0,0,0,0,0,0,0,0,0
5.285000,267.23,26.980,16.170,379,394,72.000,71,71,18.000,39.000,55.000,194,234,375,160,7,171,14,14,14,14,1,0,0,3,30,1,28.000,1,1,1,1,551,1,0,0,250,0,0,551,0,0,0,0,1,1,1,1,1,1,0,0,0,84560,0,0,0,0,0,0,0,0,0
5.290000,269.39,26.029,15.630,371,393,72.000,71,71,18.000,39.000,55.000,187,233,374,160,7,170,14,14,14,14,1,0,0,3,30,1,28.000,1,1,1,1,551,1,0,0,250,0,0,551,0,0,0,0,1,1,1,1,1,1,0,0,0,84640,0,0,0,0,0,0,0,0,0
5.295000,271.55,25.080,15.030,362,393,72.000,71,71,18.000,39.000,55.000,180,233,374,160,7,170,14,14,14,14,1,0,0,3,30,1,28.000,1,1,0,0,552,1,0,0,250,0,0,552,0,0,0,0,1,1,1,1,1,1,0,0,0,84720,0,0,0,0,0,0,0,0,0
5.300000,273.71,24.138,14.490,354,392,72.000,71,71,18.000,39.000,55.000,174,233,372,160,7,170,14,14,14,14,1,0,0,3,30,1,28.000,1,1,0,0,552,1,0,0,250,0,0,552,0,0,0,0,1,1,1,1,1,1,0,0,0,84800,0,0,0,0,0,0,0,0,0
5.305000,275.87,23.209,13.940,345,391,72.000,71,71,18.000,39.000,55.000,167,232,371,160,7,169,14,14,14,14,1,0,0,3,30,1,28.000,1,1,2,2,553,1,0,0,250,0,0,553,0,0,0,0,1,1,1,1,1,1,0,0,0,84880,0,0,0,0,0,0,0,0,0
5.310000,278.03,22.297,13.340,336,390,72.000,71,71,18.000,39.000,55.000,160,231,370,160,7,169,14,14,14,14,1,0,0,3,30,1,28.000,1,1,3,3,554,1,0,0,250,0,0,554,0,0,0,0,1,1,1,1,1,1,0,0,0,84960,0,0,0,0,0,0,0,0,0
5.315000,280.19,21.408,12.850,326,389,72.000,71,71,18.000,39.000,55.000,154,231,369,160,7,168,14,14,14,14,1,0,0,3,30,1,28.000,1,1,3,3,554,1,0,0,250,0,0,554,0,0,0,0,1,1,1,1,1,1,0,0,0,85040,0,0,0,0,0,0,0,0,0
5.320000,282.35,20.547,12.310,317,388,72.000,71,71,18.000,39.000,55.000,148,230,368,160,7,168,14,14,14,14,1,0,0,3,30,1,28.000,1,1,1,1,555,1,0,0,250,0,0,555,0,0,0,0,1,1,1,1,1,1,0,0,0,85120,0,0,0,0,0,0,0,0,0
5.325000,284.51,19.720,11.820,308,386,72.000,71,71,18.000,39.000,55.000,142,229,366,160,7,167,14,14,14,14,1,0,0,3,30,1,28.000,1,1,1,1,555,1,0,0,250,0,0,555,0,0,0,0,1,1,1,1,1,1,0,0,0,85200,0,0,0,0,0,0,0,0,0
5.330000,286.67,18.930,11.330,299,385,72.000,71,71,18.000,39.000,55.000,136,228,365,160,7,166,14,14,14,14,1,0,0,3,30,1,28.000,1,1,0,0,556,1,0,0,250,0,0,556,0,0,0,0,1,1,1,1,1,1,0,0,0,85280,0,0,0,0,0,0,0,0,0
5.335000,288.83,18.182,10.900,290,383,72.000,71,71,18.000,39.000,55.000,131,227,363,160,7,165,14,14,14,14,1,0,0,3,30,1,28.000,1,1,2,2,557,1,0,0,250,0,0,557,0,0,0,0,1,1,1,1,1,1,0,0,0,85360,0,0,0,0,0,0,0,0,0
5.340000,290.99,17.481,10.510,281,381,72.000,71,71,18.000,39.000,55.000,126,225,361,160,7,164,14,14,14,14,1,0,0,3,30,1,28.000,1,1,2,2,557,1,0,0,250,0,0,557,0,0,0,0,1,1,1,1,1,1,0,0,0,85440,0,0,0,0,0,0,0,0,0
5.345000,293.15,16.832,10.080,272,379,72.000,71,71,18.000,39.000,55.000,121,224,359,160,7,163,14,14,14,14,1,0,0,3,30,1,28.000,1,1,3,3,558,1,0,0,250,0,0,558,0,0,0,0,1,1,1,1,1,1,0,0,0,85520,0,0,0,0,0,0,0,0,0
5.350000,295.31,16.236,9.750,263,377,72.000,71,71,18.000,39.000,55.000,117,223,357,160,7,162,14,14,14,14,1,0,0,3,30,1,28.000,1,1,3,3,558,1,0,0,250,0,0,558,0,0,0,0,1,1,1,1,1,1,0,0,0,85600,0,0,0,0,0,0,0,0,0
5.355000,297.47,15.699,9.430,255,375,72.000,71,71,18.000,39.000,55.000,113,222,355,160,7,162,14,14,14,14,1,0,0,3,30,1,28.000,1,1,1,1,559,1,0,0,250,0,0,559,0,0,0,0,1,1,1,1,1,1,0,0,0,85680,0,0,0,0,0,0,0,0,0
5.360000,299.63,15.224,9.150,247,372,72.000,71,71,18.000,39.000,55.000,110,219,351,160,7,160,14,14,14,14,1,0,0,3,30,1,28.000,1,1,1,1,559,1,0,0,250,0,0,559,0,0,0,0,1,1,1,1,1,1,0,0,0,85760,0,0,0,0,0,0,0,0,0
5.365000,301.79,14.812,8.880,240,370,72.000,71,71,18.000,39.000,55.000,106,218,349,160,7,159,14,14,14,14,1,0,0,3,30,1,28.000,1,1,0,0,560,1,0,0,250,0,0,560,0,0,0,0,1,1,1,1,1,1,0,0,0,85840,0,0,0,0,0,0,0,0,0
5.370000,303.95,14.468,8.670,233,367,72.000,71,71,18.000,39.000,55.000,104,216,346,160,7,158,14,14,14,14,1,0,0,3,30,1,28.000,1,1,2,2,561,1,0,0,250,0,0,561,0,0,0,0,1,1,1,1,1,1,0,0,0,85920,0,0,0,0,0,0,0,0,0
5.375000,306.11,14.192,8.500,226,364,72.000,71,71,18.000,39.000,55.000,102,214,343,160,7,156,14,14,14,14,1,0,0,3,30,1,28.000,1,1,2,2,561,1,0,0,250,0,0,561,0,0,0,0,1,1,1,1,1,1,0,0,0,86000,0,0,0,0,0,0,0,0,0
5.380000,308.27,13.988,8.390,220,362,72.000,71,71,18.000,39.000,55.000,100,213,341,160,7,155,14,14,14,14,1,0,0,3,30,1,28.000,1,1,3,3,562,1,0,0,250,0,0,562,0,0,0,0,1,1,1,1,1,1,0,0,0,86080,0,0,0,0,0,0,0,0,0
5.385000,310.43,13.855,8.280,215,359,72.000,71,71,18.000,39.000,55.000,99,211,338,160,7,154,14,14,14,14,1,0,0,3,30,1,28.000,1,1,3,3,562,1,0,0,250,0,0,562,0,0,0,0,1,1,1,1,1,1,0,0,0,86160,0,0,0,0,0,0,0,0,0
5.390000,312.59,13.795,8.280,210,356,72.000,71,71,18.000,39.000,55.000,99,209,335,160,7,152,14,14,14,14,1,0,0,3,30,1,28.000,1,1,1,1,563,1,0,0,250,0,0,563,0,0,0,0,1,1,1,1,1,1,0,0,0,86240,0,0,0,0,0,0,0,0,0
5.395000,314.75,13.810,8.280,206,353,72.000,71,71,18.000,39.000,55.000,99,207,332,160,7,151,14,14,14,14,1,0,0,3,30,1,28.000,1,1,1,1,563,1,0,0,250,0,0,563,0,0,0,0,1,1,1,1,1,1,0,0,0,86320,0,0,0,0,0,0,0,0,0
5.400000,316.91,13.898,8.340,202,350,72.000,71,71,18.000,39.000,55.000,100,205,329,160,7,150,14,14,14,14,1,0,0,3,30,1,28.000,1,1,0,0,564,1,0,0,250,0,0,564,0,0,0,0,1,1,1,1,1,1,0,0,0,86400,0,0,0,0,0,0,0,0,0
5.405000,319.07,14.059,8.450,199,347,72.000,71,71,18.000,39.000,55.000,101,203,325,160,7,148,14,14,14,14,1,0,0,3,30,1,28.000,1,1,2,2,565,1,0,0,250,0,0,565,0,0,0,0,1,1,1,1,1,1,0,0,0,86480,0,0,0,0,0,0,0,0,0
5.410000,321.23,14.294,8.560,197,344,72.000,71,71,18.000,39.000,55.000,102,201,322,160,7,147,14,14,14,14,1,0,0,3,30,1,28.000,1,1,2,2,565,1,0,0,250,0,0,565,0,0,0,0,1,1,1,1,1,1,0,0,0,86560,0,0,0,0,0,0,0,0,0
5.415000,323.39,14.600,8.770,195,341,72.000,71,71,18.000,39.000,55.000,105,199,319,160,7,145,14,14,14,14,1,0,0,3,30,1,28.000,1,1,3,3,566,1,0,0,250,0,0,566,0,0,0,0,1,1,1,1,1,1,0,0,0,86640,0,0,0,0,0,0,0,0,0
5.420000,325.55,14.977,8.990,195,339,72.000,71,71,18.000,39.000,55.000,108,198,317,160,7,144,14,14,14,14,1,0,0,3,30,1,28.000,1,1,3,3,566,1,0,0,250,0,0,566,0,0,0,0,1,1,1,1,1,1,0,0,0,86720,0,0,0,0,0,0,0,0,0
5.425000,327.71,15.423,9.260,194,336,72.000,71,71,18.000,39.000,55.000,111,196,314,160,7,143,14,14,14,14,1,0,0,3,30,1,28.000,1,1,1,1,567,1,0,0,250,0,0,567,0,0,0,0,1,1,1,1,1,1,0,0,0,86800,0,0,0,0,0,0,0,0,0
5.430000,329.87,15.935,9.540,195,333,72.000,71,71,18.000,39.000,55.000,114,194,311,160,7,141,14,14,14,14,1,0,0,3,30,1,28.000,1,1,1,1,567,1,0,0,250,0,0,567,0,0,0,0,1,1,1,1,1,1,0,0,0,86880,0,0,0,0,0,0,0,0,0
5.435000,332.03,16.510,9.920,196,330,72.000,71,71,18.000,39.000,55.000,119,192,308,160,7,140,14,14,14,14,1,0,0,3,30,1,28.000,1,1,0,0,568,1,0,0,250,0,0,568,0,0,0,0,1,1,1,1,1,1,0,0,0,86960,0,0,0,0,0,0,0,0,0
5.440000,334.19,17.147,10.300,198,328,72.000,72,72,18.000,39.000,55.000,125,193,310,160,7,139,14,14,14,14,1,0,0,3,30,1,28.000,1,1,2,2,569,1,0,0,250,0,0,569,0,0,0,0,1,1,1,1,1,1,0,0,0,87040,0,0,0,0,0,0,0,0,0
5.445000,336.35,17.841,10.680,201,325,72.000,72,72,18.000,39.000,55.000,130,191,307,160,7,138,14,14,14,14,1,0,0,3,30,1,28.000,1,1,2,2,569,1,0,0,250,0,0,569,0,0,0,0,1,1,1,1,1,1,0,0,0,87120,0,0,0,0,0,0,0,0,0
5.450000,338.51,18.589,11.170,204,323,72.000,72,72,18.000,39.000,55.000,136,190,305,160,7,137,14,14,14,14,1,0,0,3,30,1,28.000,1,1,3,3,570,1,0,0,250,0,0,570,0,0,0,0,1,1,1,1,1,1,0,0,0,87200,0,0,0,0,0,0,0,0,0
5.455000,340.67,19.387,11.660,208,321,72.000,72,72,18.000,39.000,55.000,142,189,302,160,7,136,14,14,14,14,1,0,0,3,30,1,28.000,1,1,3,3,570,1,0,0,250,0,0,570,0,0,0,0,1,1,1,1,1,1,0,0,0,87280,0,0,0,0,0,0,0,0,0
5.460000,342.83,20.230,12.150,213,318,72.000,72,72,18.000,39.000,55.000,148,187,299,160,7,134,14,14,14,14,1,0,0,3,30,1,28.000,1,1,1,1,571,1,0,0,250,0,0,571,0,0,0,0,1,1,1,1,1,1,0,0,0,87360,0,0,0,0,0,0,0,0,0
5.465000,344.99,21.115,12.690,219,316,72.000,72,72,18.000,39.000,55.000,154,186,297,160,7,133,14,14,14,14,1,0,0,3,30,1,28.000,1,1,1,1,571,1,0,0,250,0,0,571,0,0,0,0,1,1,1,1,1,1,0,0,0,87440,0,0,0,0,0,0,0,0,0
5.470000,347.15,22.037,13.230,225,315,72.000,72,72,18.000,39.000,55.000,161,185,296,160,7,133,14,14,14,14,1,0,0,3,30,1,28.000,1,1,0,0,572,1,0,0,250,0,0,572,0,0,0,0,1,1,1,1,1,1,0,0,0,87520,0,0,0,0,0,0,0,0,0
5.475000,349.31,22.990,13.780,231,313,72.000,71,71,18.000,39.000,55.000,165,181,290,160,7,132,14,14,14,14,1,0,0,3,30,1,28.000,1,1,2,2,573,1,0,0,250,0,0,573,0,0,0,0,1,1,1,1,1,1,0,0,0,87600,0,0,0,0,0,0,0,0,0
5.480000,351.47,23.970,14.380,238,311,72.000,71,71,18.000,39.000,55.000,172,180,288,160,7,131,14,14,14,14,1,0,0,3,30,1,28.000,1,1,2,2,573,1,0,0,250,0,0,573,0,0,0,0,1,1,1,1,1,1,0,0,0,87680,0,0,0,0,0,0,0,0,0
5.485000,353.63,24.972,14.970,246,310,72.000,71,71,18.000,39.000,55.000,180,179,287,160,7,130,14,14,14,14,1,0,0,3,30,1,28.000,1,1,3,3,574,1,0,0,250,0,0,574,0,0,0,0,1,1,1,1,1,1,0,0,0,87760,0,0,0,0,0,0,0,0,0
5.490000,355.79,25.990,15.570,254,309,72.000,71,71,18.000,39.000,55.000,187,178,286,160,7,130,14,14,14,14,1,0,0,3,30,1,28.000,1,1,3,3,574,1,0,0,250,0,0,574,0,0,0,0,1,1,1,1,1,1,0,0,0,87840,0,0,0,0,0,0,0,0,0
5.495000,357.95,27.018,16.230,263,308,72.000,71,71,18.000,39.000,55.000,195,178,285,160,7,130,14,14,14,14,1,0,0,3,30,1,28.000,1,1,1,1,575,1,0,0,250,0,0,575,0,0,0,0,1,1,1,1,1,1,0,0,0,87920,0,0,0,0,0,0,0,0,0
5.500000,0.11,28.052,16.820,272,307,72.000,71,71,18.000,39.000,55.000,202,177,284,160,7,129,14,14,14,14,1,0,0,3,30,1,28.000,1,1,0,0,576,1,0,0,250,0,0,576,0,0,0,0,1,1,1,1,1,1,0,0,0,88000,0,0,0,0,0,0,0,0,0
5.505000,2.27,29.085,17.480,281,307,72.000,71,71,18.000,39.000,55.000,210,177,284,160,7,129,14,14,14,14,1,0,0,3,30,1,28.000,1,1,0,0,576,1,0,0,250,0,0,576,0,0,0,0,1,1,1,1,1,1,0,0,0,88080,0,0,0,0,0,0,0,0,0
5.510000,4.43,30.113,18.080,290,306,72.000,71,71,18.000,39.000,55.000,217,176,282,160,7,129,14,14,14,14,1,0,0,3,30,1,28.000,1,1,2,2,577,1,0,0,250,0,0,577,0,0,0,0,1,1,1,1,1,1,0,0,0,88160,0,0,0,0,0,0,0,0,0
5.515000,6.59,31.129,18.670,300,306,72.000,71,71,18.000,39.000,55.000,224,176,282,160,7,129,14,14,14,14,1,0,0,3,30,1,28.000,1,1,2,2,577,1,0,0,250,0,0,577,0,0,0,0,1,1,1,1,1,1,0,0,0,88240,0,0,0,0,0,0,0,0,0
5.520000,8.75,32.129,19.270,310,306,72.000,71,71,18.000,39.000,55.000,231,176,282,160,7,129,14,14,14,14,1,0,0,3,30,1,28.000,1,1,3,3,578,1,0,0,250,0,0,578,0,0,0,0,1,1,1,1,1,1,0,0,0,88320,0,0,0,0,0,0,0,0,0
5.525000,10.91,33.106,19.870,320,306,72.000,71,71,18.000,39.000,55.000,238,176,282,160,7,129,14,14,14,14,1,0,0,3,30,1,28.000,1,1,3,3,578,1,0,0,250,0,0,578,0,0,0,0,1,1,1,1,1,1,0,0,0,88400,0,0,0,0,0,0,0,0,0
5.530000,13.07,34.057,20.410,330,307,72.000,71,71,18.000,39.000,55.000,245,177,284,160,7,129,14,14,14,14,1,0,0,3,30,1,28.000,1,1,1,1,579,1,0,0,250,0,0,579,0,0,0,0,1,1,1,1,1,1,0,0,0,88480,0,0,0,0,0,0,0,0,0
5.535000,15.23,34.975,20.960,340,308,72.000,71,71,18.000,39.000,55.000,252,178,285,160,7,130,14,14,14,14,1,0,0,3,30,1,28.000,1,1,0,0,580,1,0,0,250,0,0,580,0,0,0,0,1,1,1,1,1,1,0,0,0,88560,0,0,0,0,0,0,0,0,0
5.540000,17.39,35.856,21.500,351,310,72.000,71,71,18.000,39.000,55.000,258,179,287,160,7,130,14,14,14,14,1,0,0,3,30,1,28.000,1,1,0,0,580,1,0,0,250,0,0,580,0,0,0,0,1,1,1,1,1,1,0,0,0,88640,0,0,0,0,0,0,0,0,0
5.545000,19.55,36.695,21.990,361,312,72.000,71,71,18.000,39.000,55.000,264,180,289,160,7,131,14,14,14,14,1,0,0,3,30,1,28.000,1,1,2,2,581,1,0,0,250,0,0,581,0,0,0,0,1,1,1,1,1,1,0,0,0,88720,0,0,0,0,0,0,0,0,0
5.550000,21.71,37.488,22.480,371,314,72.000,71,71,18.000,39.000,55.000,270,182,291,160,7,132,14,14,14,14,1,0,0,3,30,1,28.000,1,1,2,2,581,1,0,0,250,0,0,581,0,0,0,0,1,1,1,1,1,1,0,0,0,88800,0,0,0,0,0,0,0,0,0
5.555000,23.87,38.231,22.920,380,316,72.000,71,71,18.000,39.000,55.000,275,183,293,160,7,133,14,14,14,14,1,0,0,3,30,1,28.000,1,1,3,3,582,1,0,0,250,0,0,582,0,0,0,0,1,1,1,1,1,1,0,0,0,88880,0,0,0,0,0,0,0,0,0
5.560000,26.03,38.919,23.350,390,319,72.000,71,71,18.000,39.000,55.000,280,185,296,160,7,135,14,14,14,14,1,0,0,3,30,1,28.000,1,1,3,3,582,1,0,0,250,0,0,582,0,0,0,0,1,1,1,1,1,1,0,0,0,88960,0,0,0,0,0,0,0,0,0
5.565000,28.19,39.550,23.730,399,322,72.000,71,71,18.000,39.000,55.000,285,187,299,160,7,136,14,14,14,14,1,0,0,3,30,1,28.000,1,1,1,1,583,1,0,0,250,0,0,583,0,0,0,0,1,1,1,1,1,1,0,0,0,89040,0,0,0,0,0,0,0,0,0
5.570000,30.35,40.119,24.060,408,325,72.000,71,71,18.000,39.000,55.000,289,189,302,160,7,138,14,14,14,14,1,0,0,3,30,1,28.000,1,1,0,0,584,1,0,0,250,0,0,584,0,0,0,0,1,1,1,1,1,1,0,0,0,89120,0,0,0,0,0,0,0,0,0
5.575000,32.51,40.625,24.380,416,329,72.000,71,71,18.000,39.000,55.000,293,191,306,160,7,140,14,14,14,14,1,0,0,3,30,1,28.000,1,1,0,0,584,1,0,0,250,0,0,584,0,0,0,0,1,1,1,1,1,1,0,0,0,89200,0,0,0,0,0,0,0,0,0
5.580000,34.67,41.064,24.660,424,333,72.000,71,71,18.000,39.000,55.000,296,194,311,160,7,141,14,14,14,14,1,0,0,3,30,1,28.000,1,1,2,2,585,1,0,0,250,0,0,585,0,0,0,0,1,1,1,1,1,1,0,0,0,89280,0,0,0,0,0,0,0,0,0
5.585000,36.83,41.434,24.870,432,337,72.000,71,71,18.000,39.000,55.000,299,197,315,160,7,143,14,14,14,14,1,0,0,3,30,1,28.000,1,1,2,2,585,1,0,0,250,0,0,585,0,0,0,0,1,1,1,1,1,1,0,0,0,89360,0,0,0,0,0,0,0,0,0
5.590000,38.99,41.733,25.040,439,341,72.000,71,71,18.000,39.000,55.000,301,199,319,160,7,145,14,14,14,14,1,0,0,3,30,1,28.000,1,1,3,3,586,1,0,0,250,0,0,586,0,0,0,0,1,1,1,1,1,1,0,0,0,89440,0,0,0,0,0,0,0,0,0
5.595000,41.15,41.960,25.150,445,345,72.000,71,71,18.000,39.000,55.000,302,202,323,160,7,147,14,14,14,14,1,0,0,3,30,1,28.000,1,1,3,3,586,1,0,0,250,0,0,586,0,0,0,0,1,1,1,1,1,1,0,0,0,89520,0,0,0,0,0,0,0,0,0
5.600000,43.31,42.114,25.260,451,349,72.000,71,71,18.000,39.000,55.000,303,204,327,160,7,149,14,14,14,14,1,0,0,3,30,1,28.000,1,1,1,1,587,1,0,0,250,0,0,587,0,0,0,0,1,1,1,1,1,1,0,0,0,89600,0,0,0,0,0,0,0,0,0
5.605000,45.47,42.195,25.310,456,353,72.000,71,71,18.000,39.000,55.000,304,207,332,160,7,151,14,14,14,14,1,0,0,3,30,1,28.000,1,1,0,0,588,1,0,0,250,0,0,588,0,0,0,0,1,1,1,1,1,1,0,0,0,89680,0,0,0,0,0,0,0,0,0
5.610000,47.63,42.202,25.310,461,357,72.000,71,71,18.000,39.000,55.000,304,210,336,160,7,153,14,14,14,14,1,0,0,3,30,1,28.000,1,1,0,0,588,1,0,0,250,0,0,588,0,0,0,0,1,1,1,1,1,1,0,0,0,89760,0,0,0,0,0,0,0,0,0
5.615000,49.79,42.135,25.260,465,362,72.000,71,71,18.000,39.000,55.000,303,213,341,160,7,155,14,14,14,14,1,0,0,3,30,1,28.000,1,1,2,2,589,1,0,0,250,0,0,589,0,0,0,0,1,1,1,1,1,1,0,0,0,89840,0,0,0,0,0,0,0,0,0
5.620000,51.95,41.995,25.200,468,366,72.000,71,71,18.000,39.000,55.000,303,216,345,160,7,157,14,14,14,14,1,0,0,3,30,1,28.000,1,1,2,2,589,1,0,0,250,0,0,589,0,0,0,0,1,1,1,1,1,1,0,0,0,89920,0,0,0,0,0,0,0,0,0
5.625000,54.11,41.783,25.040,471,370,72.000,71,71,18.000,39.000,55.000,301,218,349,160,7,159,14,14,14,14,1,0,0,3,30,1,28.000,1,1,3,3,590,1,0,0,250,0,0,590,0,0,0,0,1,1,1,1,1,1,0,0,0,90000,0,0,0,0,0,0,0,0,0
5.630000,56.27,41.501,24.870,473,374,72.000,71,71,18.000,39.000,55.000,299,221,354,160,7,161,14,14,14,14,1,0,0,3,30,1,28.000,1,1,1,1,591,1,0,0,250,0,0,591,0,0,0,0,1,1,1,1,1,1,0,0,0,90080,0,0,0,0,0,0,0,0,0
5.635000,58.43,41.149,24.660,474,378,72.000,71,71,18.000,39.000,55.000,296,223,358,160,7,163,14,14,14,14,1,0,0,3,30,1,28.000,1,1,1,1,591,1,0,0,250,0,0,591,0,0,0,0,1,1,1,1,1,1,0,0,0,90160,0,0,0,0,0,0,0,0,0
5.640000,60.59,40.732,24.440,474,382,72.000,71,71,18.000,39.000,55.000,293,226,362,160,7,165,14,14,14,14,1,0,0,3,30,1,28.000,1,1,0,0,592,1,0,0,250,0,0,592,0,0,0,0,1,1,1,1,1,1,0,0,0,90240,0,0,0,0,0,0,0,0,0
5.645000,62.75,40.250,24.110,474,386,72.000,71,71,18.000,39.000,55.000,289,229,366,160,7,167,14,14,14,14,1,0,0,3,30,1,28.000,1,1,0,0,592,1,0,0,250,0,0,592,0,0,0,0,1,1,1,1,1,1,0,0,0,90320,0,0,0,0,0,0,0,0,0
5.650000,64.91,39.707,23.840,473,389,72.000,71,71,18.000,39.000,55.000,286,231,369,160,7,168,14,14,14,14,1,0,0,3,30,1,28.000,1,1,2,2,593,1,0,0,250,0,0,593,0,0,0,0,1,1,1,1,1,1,0,0,0,90400,0,0,0,0,0,0,0,0,0
5.655000,67.07,39.106,23.460,471,393,72.000,71,71,18.000,39.000,55.000,282,233,374,160,7,170,14,14,14,14,1,0,0,3,30,1,28.000,1,1,2,2,593,1,0,0,250,0,0,593,0,0,0,0,1,1,1,1,1,1,0,0,0,90480,0,0,0,0,0,0,0,0,0
5.660000,69.23,38.451,23.080,469,396,72.000,71,71,18.000,39.000,55.000,277,235,377,160,7,172,14,14,14,14,1,0,0,3,30,1,28.000,1,1,3,3,594,1,0,0,250,0,0,594,0,0,0,0,1,1,1,1,1,1,0,0,0,90560,0,0,0,0,0,0,0,0,0
5.665000,71.39,37.745,22.640,466,399,72.000,71,71,18.000,39.000,55.000,272,237,380,160,7,173,14,14,14,14,1,0,0,3,30,1,28.000,1,1,1,1,595,1,0,0,250,0,0,595,0,0,0,0,1,1,1,1,1,1,0,0,0,90640,0,0,0,0,0,0,0,0,0
5.670000,73.55,36.993,22.210,462,401,72.000,71,71,18.000,39.000,55.000,267,238,382,160,7,174,14,14,14,14,1,0,0,3,30,1,28.000,1,1,1,1,595,1,0,0,250,0,0,595,0,0,0,0,1,1,1,1,1,1,0,0,0,90720,0,0,0,0,0,0,0,0,0
5.675000,75.71,36.199,21.720,458,404,72.000,71,71,18.000,39.000,55.000,261,240,385,160,7,175,14,14,14,14,1,0,0,3,30,1,28.000,1,1,0,0,596,1,0,0,250,0,0,596,0,0,0,0,1,1,1,1,1,1,0,0,0,90800,0,0,0,0,0,0,0,0,0
5.680000,77.87,35.368,21.230,453,406,72.000,71,71,18.000,39.000,55.000,255,242,387,160,7,176,14,14,14,14,1,0,0,3,30,1,28.000,1,1,0,0,596,1,0,0,250,0,0,596,0,0,0,0,1,1,1,1,1,1,0,0,0,90880,0,0,0,0,0,0,0,0,0
5.685000,80.03,34.504,20.690,447,408,72.000,71,71,18.000,39.000,55.000,248,243,389,160,7,177,14,14,14,14,1,0,0,3,30,1,28.000,1,1,2,2,597,1,0,0,250,0,0,597,0,0,0,0,1,1,1,1,1,1,0,0,0,90960,0,0,0,0,0,0,0,0,0
5.690000,82.19,33.613,20.140,441,409,72.000,71,71,18.000,39.000,55.000,242,244,390,160,7,178,14,14,14,14,1,0,0,3,30,1,28.000,1,1,2,2,597,1,0,0,250,0,0,597,0,0,0,0,1,1,1,1,1,1,0,0,0,91040,0,0,0,0,0,0,0,0,0
5.695000,84.35,32.699,19.600,434,410,72.000,71,71,18.000,39.000,55.000,235,244,391,160,7,178,14,14,14,14,1,0,0,3,30,1,28.000,1,1,3,3,598,1,0,0,250,0,0,598,0,0,0,0,1,1,1,1,1,1,0,0,0,91120,0,0,0,0,0,0,0,0,0
5.700000,86.51,31.768,19.050,427,411,72.000,71,71,18.000,39.000,55.000,229,245,392,160,7,179,14,14,14,14,1,0,0,3,30,1,28.000,1,1,1,1,599,1,0,0,250,0,0,599,0,0,0,0,1,1,1,1,1,1,0,0,0,91200,0,0,0,0,0,0,0,0,0
5.705000,88.67,30.825,18.510,420,411,72.000,71,71,18.000,39.000,55.000,222,245,392,160,7,179,14,14,14,14,1,0,0,3,30,1,28.000,1,1,1,1,599,1,0,0,250,0,0,599,0,0,0,0,1,1,1,1,1,1,0,0,0,91280,0,0,0,0,0,0,0,0,0
5.710000,90.83,29.876,17.910,412,412,72.000,71,71,18.000,39.000,55.000,215,246,393,160,7,179,14,14,14,14,1,0,0,3,30,1,28.000,1,1,0,0,600,1,0,0,250,0,0,600,0,0,0,0,1,1,1,1,1,1,0,0,0,91360,0,0,0,0,0,0,0,0,0
5.715000,92.99,28.925,17.370,403,411,72.000,71,71,18.000,39.000,55.000,208,245,392,160,7,179,14,14,14,14,1,0,0,3,30,1,28.000,1,1,0,0,600,1,0,0,250,0,0,600,0,0,0,0,1,1,1,1,1,1,0,0,0,91440,0,0,0,0,0,0,0,0,0
5.720000,95.15,27.979,16.770,395,411,72.000,71,71,18.000,39.000,55.000,201,245,392,160,7,179,14,14,14,14,1,0,0,3,30,1,28.000,1,1,2,2,601,1,0,0,250,0,0,601,0,0,0,0,1,1,1,1,1,1,0,0,0,91520,0,0,0,0,0,0,0,0,0
5.725000,97.31,27.042,16.230,386,411,72.000,71,71,18.000,39.000,55.000,195,245,392,160,7,179,14,14,14,14,1,0,0,3,30,1,28.000,1,1,2,2,601,1,0,0,250,0,0,601,0,0,0,0,1,1,1,1,1,1,0,0,0,91600,0,0,0,0,0,0,0,0,0
5.730000,99.47,26.121,15.680,377,410,72.000,71,71,18.000,39.000,55.000,188,244,391,160,7,178,14,14,14,14,1,0,0,3,30,1,28.000,1,1,3,3,602,1,0,0,250,0,0,602,0,0,0,0,1,1,1,1,1,1,0,0,0,91680,0,0,0,0,0,0,0,0,0
5.735000,101.63,25.219,15.140,368,410,72.000,71,71,18.000,39.000,55.000,182,244,391,160,7,178,14,14,14,14,1,0,0,3,30,1,28.000,1,1,1,1,603,1,0,0,250,0,0,603,0,0,0,0,1,1,1,1,1,1,0,0,0,91760,0,0,0,0,0,0,0,0,0
5.740000,103.79,24.343,14.590,359,409,72.000,71,71,18.000,39.000,55.000,175,244,390,160,7,178,14,14,14,14,1,0,0,3,30,1,28.000,1,1,1,1,603,1,0,0,250,0,0,603,0,0,0,0,1,1,1,1,1,1,0,0,0,91840,0,0,0,0,0,0,0,0,0
5.745000,105.95,23.496,14.100,349,408,72.000,71,71,18.000,39.000,55.000,169,243,389,160,7,177,14,14,14,14,1,0,0,3,30,1,28.000,1,1,0,0,604,1,0,0,250,0,0,604,0,0,0,0,1,1,1,1,1,1,0,0,0,91920,0,0,0,0,0,0,0,0,0
5.750000,108.11,22.685,13.620,340,406,72.000,71,71,18.000,39.000,55.000,163,242,387,160,7,176,14,14,14,14,1,0,0,3,30,1,28.000,1,1,0,0,604,1,0,0,250,0,0,604,0,0,0,0,1,1,1,1,1,1,0,0,0,92000,0,0,0,0,0,0,0,0,0
5.755000,110.27,21.912,13.130,331,405,72.000,72,72,18.000,39.000,55.000,160,245,392,160,7,176,14,14,14,14,1,0,0,3,30,1,28.000,1,1,2,2,605,1,0,0,250,0,0,605,0,0,0,0,1,1,1,1,1,1,0,0,0,92080,0,0,0,0,0,0,0,0,0
5.760000,112.43,21.183,12.690,322,404,72.000,72,72,18.000,39.000,55.000,154,244,390,160,7,175,14,14,14,14,1,0,0,3,30,1,28.000,1,1,2,2,605,1,0,0,250,0,0,605,0,0,0,0,1,1,1,1,1,1,0,0,0,92160,0,0,0,0,0,0,0,0,0
5.765000,114.59,20.502,12.310,313,402,72.000,72,72,18.000,39.000,55.000,150,242,388,160,7,174,14,14,14,14,1,0,0,3,30,1,28.000,1,1,3,3,606,1,0,0,250,0,0,606,0,0,0,0,1,1,1,1,1,1,0,0,0,92240,0,0,0,0,0,0,0,0,0
5.770000,116.75,19.872,11.930,304,400,72.000,72,72,18.000,39.000,55.000,145,241,386,160,7,173,14,14,14,14,1,0,0,3,30,1,28.000,1,1,1,1,607,1,0,0,250,0,0,607,0,0,0,0,1,1,1,1,1,1,0,0,0,92320,0,0,0,0,0,0,0,0,0
5.775000,118.91,19.297,11.550,296,398,72.000,72,72,18.000,39.000,55.000,140,240,384,160,7,173,14,14,14,14,1,0,0,3,30,1,28.000,1,1,1,1,607,1,0,0,250,0,0,607,0,0,0,0,1,1,1,1,1,1,0,0,0,92400,0,0,0,0,0,0,0,0,0
5.780000,121.07,18.780,11.280,288,396,72.000,72,72,18.000,39.000,55.000,137,239,382,160,7,172,14,14,14,14,1,0,0,3,30,1,28.000,1,1,0,0,608,1,0,0,250,0,0,608,0,0,0,0,1,1,1,1,1,1,0,0,0,92480,0,0,0,0,0,0,0,0,0
5.785000,123.23,18.323,11.000,280,394,72.000,72,72,18.000,39.000,55.000,134,237,380,160,7,171,14,14,14,14,1,0,0,3,30,1,28.000,1,1,0,0,608,1,0,0,250,0,0,608,0,0,0,0,1,1,1,1,1,1,0,0,0,92560,0,0,0,0,0,0,0,0,0
5.790000,125.39,17.929,10.730,273,392,72.000,71,71,18.000,39.000,55.000,129,233,372,160,7,170,14,14,14,14,1,0,0,3,30,1,28.000,1,1,2,2,609,1,0,0,250,0,0,609,0,0,0,0,1,1,1,1,1,1,0,0,0,92640,0,0,0,0,0,0,0,0,0
5.795000,127.55,17.600,10.570,266,389,72.000,71,71,18.000,39.000,55.000,127,231,369,160,7,168,14,14,14,14,1,0,0,3,30,1,28.000,1,1,3,3,610,1,0,0,250,0,0,610,0,0,0,0,1,1,1,1,1,1,0,0,0,92720,0,0,0,0,0,0,0,0,0
5.800000,129.71,17.338,10.410,260,387,72.000,71,71,18.000,39.000,55.000,125,229,367,160,7,167,14,14,14,14,1,0,0,3,30,1,28.000,1,1,3,3,610,1,0,0,250,0,0,610,0,0,0,0,1,1,1,1,1,1,0,0,0,92800,0,0,0,0,0,0,0,0,0
5.805000,131.87,17.143,10.300,254,384,72.000,71,71,18.000,39.000,55.000,123,227,364,160,7,166,14,14,14,14,1,0,0,3,30,1,28.000,1,1,1,1,611,1,0,0,250,0,0,611,0,0,0,0,1,1,1,1,1,1,0,0,0,92880,0,0,0,0,0,0,0,0,0
5.810000,134.03,17.018,10.190,249,382,72.000,71,71,18.000,39.000,55.000,122,226,362,160,7,165,14,14,14,14,1,0,0,3,30,1,28.000,1,1,1,1,611,1,0,0,250,0,0,611,0,0,0,0,1,1,1,1,1,1,0,0,0,92960,0,0,0,0,0,0,0,0,0
5.815000,136.19,16.962,10.190,244,379,72.000,71,71,18.000,39.000,55.000,122,224,359,160,7,163,14,14,14,14,1,0,0,3,30,1,28.000,1,1,0,0,612,1,0,0,250,0,0,612,0,0,0,0,1,1,1,1,1,1,0,0,0,93040,0,0,0,0,0,0,0,0,0
5.820000,138.35,16.975,10.190,240,376,72.000,71,71,18.000,39.000,55.000,122,222,356,160,7,162,14,14,14,14,1,0,0,3,30,1,28.000,1,1,0,0,612,1,0,0,250,0,0,612,0,0,0,0,1,1,1,1,1,1,0,0,0,93120,0,0,0,0,0,0,0,0,0
5.825000,140.51,17.057,10.240,236,374,72.000,71,71,18.000,39.000,55.000,123,221,354,160,7,161,14,14,14,14,1,0,0,3,30,1,28.000,1,1,2,2,613,1,0,0,250,0,0,613,0,0,0,0,1,1,1,1,1,1,0,0,0,93200,0,0,0,0,0,0,0,0,0
5.830000,142.67,17.207,10.300,233,371,72.000,71,71,18.000,39.000,55.000,123,219,351,160,7,160,14,14,14,14,1,0,0,3,30,1,28.000,1,1,3,3,614,1,0,0,250,0,0,614,0,0,0,0,1,1,1,1,1,1,0,0,0,93280,0,0,0,0,0,0,0,0,0
5.835000,144.83,17.425,10.460,231,368,72.000,71,71,18.000,39.000,55.000,125,217,347,160,7,158,14,14,14,14,1,0,0,3,30,1,28.000,1,1,3,3,614,1,0,0,250,0,0,614,0,0,0,0,1,1,1,1,1,1,0,0,0,93360,0,0,0,0,0,0,0,0,0
5.840000,146.99,17.708,10.620,230,365,72.000,71,71,18.000,39.000,55.000,127,215,344,160,7,157,14,14,14,14,1,0,0,3,30,1,28.000,1,1,1,1,615,1,0,0,250,0,0,615,0,0,0,0,1,1,1,1,1,1,0,0,0,93440,0,0,0,0,0,0,0,0,0
5.845000,149.15,18.054,10.840,229,363,72.000,71,71,18.000,39.000,55.000,130,214,342,160,7,156,14,14,14,14,1,0,0,3,30,1,28.000,1,1,1,1,615,1,0,0,250,0,0,615,0,0,0,0,1,1,1,1,1,1,0,0,0,93520,0,0,0,0,0,0,0,0,0
5.850000,151.31,18.462,11.060,229,360,72.000,71,71,18.000,39.000,55.000,133,212,339,160,7,154,14,14,14,14,1,0,0,3,30,1,28.000,1,1,0,0,616,1,0,0,250,0,0,616,0,0,0,0,1,1,1,1,1,1,0,0,0,93600,0,0,0,0,0,0,0,0,0
5.855000,153.47,18.929,11.330,229,358,72.000,71,71,18.000,39.000,55.000,136,210,337,160,7,153,14,14,14,14,1,0,0,3,30,1,28.000,1,1,0,0,616,1,0,0,250,0,0,616,0,0,0,0,1,1,1,1,1,1,0,0,0,93680,0,0,0,0,0,0,0,0,0
5.860000,155.63,19.452,11.660,230,355,72.000,71,71,18.000,39.000,55.000,140,208,334,160,7,152,14,14,14,14,1,0,0,3,30,1,28.000,1,1,2,2,617,1,0,0,250,0,0,617,0,0,0,0,1,1,1,1,1,1,0,0,0,93760,0,0,0,0,0,0,0,0,0
5.865000,157.79,20.027,11.980,232,353,72.000,71,71,18.000,39.000,55.000,144,207,332,160,7,151,14,14,14,14,1,0,0,3,30,1,28.000,1,1,3,3,618,1,0,0,250,0,0,618,0,0,0,0,1,1,1,1,1,1,0,0,0,93840,0,0,0,0,0,0,0,0,0
5.870000,159.95,20.651,12.360,234,350,72.000,71,71,18.000,39.000,55.000,148,205,329,160,7,150,14,14,14,14,1,0,0,3,30,1,28.000,1,1,3,3,618,1,0,0,250,0,0,618,0,0,0,0,1,1,1,1,1,1,0,0,0,93920,0,0,0,0,0,0,0,0,0
5.875000,162.11,21.321,12.800,237,348,72.000,71,71,18.000,39.000,55.000,153,204,326,160,7,149,14,14,14,14,1,0,0,3,30,1,28.000,1,1,1,1,619,1,0,0,250,0,0,619,0,0,0,0,1,1,1,1,1,1,0,0,0,94000,0,0,0,0,0,0,0,0,0
5.880000,164.27,22.031,13.230,241,346,72.000,71,71,18.000,39.000,55.000,159,203,324,160,7,148,14,14,14,14,1,0,0,3,30,1,28.000,1,1,1,1,619,1,0,0,250,0,0,619,0,0,0,0,1,1,1,1,1,1,0,0,0,94080,0,0,0,0,0,0,0,0,0
5.885000,166.43,22.777,13.670,245,344,72.000,71,71,18.000,39.000,55.000,164,201,322,160,7,147,14,14,14,14,1,0,0,3,30,1,28.000,1,1,0,0,620,1,0,0,250,0,0,620,0,0,0,0,1,1,1,1,1,1,0,0,0,94160,0,0,0,0,0,0,0,0,0
5.890000,168.59,23.556,14.100,250,342,72.000,71,71,18.000,39.000,55.000,169,200,320,160,7,146,14,14,14,14,1,0,0,3,30,1,28.000,1,1,0,0,620,1,0,0,250,0,0,620,0,0,0,0,1,1,1,1,1,1,0,0,0,94240,0,0,0,0,0,0,0,0,0
5.895000,170.75,24.361,14.590,255,340,72.000,71,71,18.000,39.000,55.000,175,199,318,160,7,145,14,14,14,14,1,0,0,3,30,1,28.000,1,1,2,2,621,1,0,0,250,0,0,621,0,0,0,0,1,1,1,1,1,1,0,0,0,94320,0,0,0,0,0,0,0,0,0
5.900000,172.91,25.189,15.080,261,339,72.000,71,71,18.000,39.000,55.000,181,198,317,160,7,144,14,14,14,14,1,0,0,3,30,1,28.000,1,1,3,3,622,1,0,0,250,0,0,622,0,0,0,0,1,1,1,1,1,1,0,0,0,94400,0,0,0,0,0,0,0,0,0
5.905000,175.07,26.034,15.630,267,337,72.000,71,71,18.000,39.000,55.000,187,197,315,160,7,143,14,14,14,14,1,0,0,3,30,1,28.000,1,1,3,3,622,1,0,0,250,0,0,622,0,0,0,0,1,1,1,1,1,1,0,0,0,94480,0,0,0,0,0,0,0,0,0
5.910000,177.23,26.891,16.120,274,336,72.000,71,71,18.000,39.000,55.000,193,196,314,160,7,143,14,14,14,14,1,0,0,3,30,1,28.000,1,1,1,1,623,1,0,0,250,0,0,623,0,0,0,0,1,1,1,1,1,1,0,0,0,94560,0,0,0,0,0,0,0,0,0
5.915000,179.39,27.755,16.660,281,335,72.000,71,71,18.000,39.000,55.000,200,195,313,160,7,142,14,14,14,14,1,0,0,3,30,1,28.000,1,1,1,1,623,1,0,0,250,0,0,623,0,0,0,0,1,1,1,1,1,1,0,0,0,94640,0,0,0,0,0,0,0,0,0
5.920000,181.55,28.620,17.150,289,334,72.000,71,71,18.000,39.000,55.000,206,195,312,160,7,142,14,14,14,14,1,0,0,3,30,1,28.000,1,1,0,0,624,1,0,0,250,0,0,624,0,0,0,0,1,1,1,1,1,1,0,0,0,94720,0,0,0,0,0,0,0,0,0
5.925000,183.71,29.481,17.690,296,333,72.000,71,71,18.000,39.000,55.000,212,194,311,160,7,141,14,14,14,14,1,0,0,3,30,1,28.000,1,1,0,0,624,1,0,0,250,0,0,624,0,0,0,0,1,1,1,1,1,1,0,0,0,94800,0,0,0,0,0,0,0,0,0
5.930000,185.87,30.334,18.180,304,333,72.000,71,71,18.000,39.000,55.000,218,194,311,160,7,141,14,14,14,14,1,0,0,3,30,1,28.000,1,1,2,2,625,1,0,0,250,0,0,625,0,0,0,0,1,1,1,1,1,1,0,0,0,94880,0,0,0,0,0,0,0,0,0
5.935000,188.03,31.172,18.670,312,332,72.000,71,71,18.000,39.000,55.000,224,193,310,160,7,141,14,14,14,14,1,0,0,3,30,1,28.000,1,1,3,3,626,1,0,0,250,0,0,626,0,0,0,0,1,1,1,1,1,1,0,0,0,94960,0,0,0,0,0,0,0,0,0
5.940000,190.19,31.991,19.160,321,332,72.000,71,71,18.000,39.000,55.000,230,193,310,160,7,141,14,14,14,14,1,0,0,3,30,1,28.000,1,1,3,3,626,1,0,0,250,0,0,626,0,0,0,0,1,1,1,1,1,1,0,0,0,95040,0,0,0,0,0,0,0,0,0
5.945000,192.35,32.785,19.650,329,332,72.000,71,71,18.000,39.000,55.000,236,193,310,160,7,141,14,14,14,14,1,0,0,3,30,1,28.000,1,1,1,1,627,1,0,0,250,0,0,627,0,0,0,0,1,1,1,1,1,1,0,0,0,95120,0,0,0,0,0,0,0,0,0
5.950000,194.51,33.551,20.140,337,332,72.000,71,71,18.000,39.000,55.000,242,193,310,160,7,141,14,14,14,14,1,0,0,3,30,1,28.000,1,1,1,1,627,1,0,0,250,0,0,627,0,0,0,0,1,1,1,1,1,1,0,0,0,95200,0,0,0,0,0,0,0,0,0
5.955000,196.67,34.282,20.580,346,332,72.000,71,71,18.000,39.000,55.000,247,193,310,160,7,141,14,14,14,14,1,0,0,3,30,1,28.000,1,1,0,0,628,1,0,0,250,0,0,628,0,0,0,0,1,1,1,1,1,1,0,0,0,95280,0,0,0,0,0,0,0,0,0
5.960000,198.83,34.975,20.960,354,333,72.000,71,71,18.000,39.000,55.000,252,194,311,160,7,141,14,14,14,14,1,0,0,3,30,1,28.000,1,1,2,2,629,1,0,0,250,0,0,629,0,0,0,0,1,1,1,1,1,1,0,0,0,95360,0,0,0,0,0,0,0,0,0
5.965000,200.99,35.625,21.390,362,334,72.000,71,71,18.000,39.000,55.000,257,195,312,160,7,142,14,14,14,14,1,0,0,3,30,1,28.000,1,1,2,2,629,1,0,0,250,0,0,629,0,0,0,0,1,1,1,1,1,1,0,0,0,95440,0,0,0,0,0,0,0,0,0
5.970000,203.15,36.228,21.720,370,335,72.000,71,71,18.000,39.000,55.000,261,195,313,160,7,142,14,14,14,14,1,0,0,3,30,1,28.000,1,1,3,3,630,1,0,0,250,0,0,630,0,0,0,0,1,1,1,1,1,1,0,0,0,95520,0,0,0,0,0,0,0,0,0
5.975000,205.31,36.781,22.050,378,337,72.000,71,71,18.000,39.000,55.000,265,197,315,160,7,143,14,14,14,14,1,0,0,3,30,1,28.000,1,1,3,3,630,1,0,0,250,0,0,630,0,0,0,0,1,1,1,1,1,1,0,0,0,95600,0,0,0,0,0,0,0,0,0
5.980000,207.47,37.280,22.370,385,339,72.000,71,71,18.000,39.000,55.000,269,198,317,160,7,144,14,14,14,14,1,0,0,3,30,1,28.000,1,1,1,1,631,1,0,0,250,0,0,631,0,0,0,0,1,1,1,1,1,1,0,0,0,95680,0,0,0,0,0,0,0,0,0
5.985000,209.63,37.722,22.640,393,341,72.000,71,71,18.000,39.000,55.000,272,199,319,160,7,145,14,14,14,14,1,0,0,3,30,1,28.000,1,1,1,1,631,1,0,0,250,0,0,631,0,0,0,0,1,1,1,1,1,1,0,0,0,95760,0,0,0,0,0,0,0,0,0
5.990000,211.79,38.104,22.860,399,343,72.000,71,71,18.000,39.000,55.000,274,201,321,160,7,146,14,14,14,14,1,0,0,3,30,1,28.000,1,1,0,0,632,1,0,0,250,0,0,632,0,0,0,0,1,1,1,1,1,1,0,0,0,95840,0,0,0,0,0,0,0,0,0
5.995000,213.95,38.423,23.030,406,345,72.000,71,71,18.000,39.000,55.000,276,202,323,160,7,147,14,14,14,14,1,0,0,3,30,1,28.000,1,1,2,2,633,1,0,0,250,0,0,633,0,0,0,0,1,1,1,1,1,1,0,0,0,95920,0,0,0,0,0,0,0,0,0
6.000000,216.11,38.678,23.190,412,348,72.000,71,71,18.000,39.000,55.000,278,204,326,160,7,149,14,14,14,14,1,0,0,3,30,1,28.000,1,1,2,2,633,1,0,0,250,0,0,633,0,0,0,0,1,1,1,1,1,1,0,0,0,96000,0,0,0,0,0,0,0,0,0
6.005000,218.27,38.866,23.300,417,351,72.000,71,71,18.000,39.000,55.000,280,206,330,160,7,150,14,14,14,14,1,0,0,3,30,1,28.000,1,1,3,3,634,1,0,0,250,0,0,634,0,0,0,0,1,1,1,1,1,1,0,0,0,96080,0,0,0,0,0,0,0,0,0
6.010000,220.43,38.987,23.410,422,353,72.000,71,71,18.000,39.000,55.000,281,207,332,160,7,151,14,14,14,14,1,0,0,3,30,1,28.000,1,1,3,3,634,1,0,0,250,0,0,634,0,0,0,0,1,1,1,1,1,1,0,0,0,96160,0,0,0,0,0,0,0,0,0
6.015000,222.59,39.040,23.410,427,356,72.000,71,71,18.000,39.000,55.000,281,209,335,160,7,152,14,14,14,14,1,0,0,3,30,1,28.000,1,1,1,1,635,1,0,0,250,0,0,635,0,0,0,0,1,1,1,1,1,1,0,0,0,96240,0,0,0,0,0,0,0,0,0
6.020000,224.75,39.023,23.410,431,359,72.000,71,71,18.000,39.000,55.000,281,211,338,160,7,154,14,14,14,14,1,0,0,3,30,1,28.000,1,1,1,1,635,1,0,0,250,0,0,635,0,0,0,0,1,1,1,1,1,1,0,0,0,96320,0,0,0,0,0,0,0,0,0
6.025000,226.91,38.936,23.350,434,362,72.000,71,71,18.000,39.000,55.000,280,213,341,160,7,155,14,14,14,14,1,0,0,3,30,1,28.000,1,1,0,0,636,1,0,0,250,0,0,636,0,0,0,0,1,1,1,1,1,1,0,0,0,96400,0,0,0,0,0,0,0,0,0
6.030000,229.07,38.781,23.240,437,365,72.000,71,71,18.000,39.000,55.000,279,215,344,160,7,157,14,14,14,14,1,0,0,3,30,1,28.000,1,1,2,2,637,1,0,0,250,0,0,637,0,0,0,0,1,1,1,1,1,1,0,0,0,96480,0,0,0,0,0,0,0,0,0
6.035000,231.23,38.557,23.130,439,368,72.000,71,71,18.000,39.000,55.000,278,217,347,160,7,158,14,14,14,14,1,0,0,3,30,1,28.000,1,1,2,2,637,1,0,0,250,0,0,637,0,0,0,0,1,1,1,1,1,1,0,0,0,96560,0,0,0,0,0,0,0,0,0
6.040000,233.39,38.266,22.970,440,371,72.000,71,71,18.000,39.000,55.000,276,219,351,160,7,160,14,14,14,14,1,0,0,3,30,1,28.000,1,1,3,3,638,1,0,0,250,0,0,638,0,0,0,0,1,1,1,1,1,1,0,0,0,96640,0,0,0,0,0,0,0,0,0
6.045000,235.55,37.908,22.750,441,374,72.000,71,71,18.000,39.000,55.000,273,221,354,160,7,161,14,14,14,14,1,0,0,3,30,1,28.000,1,1,3,3,638,1,0,0,250,0,0,638,0,0,0,0,1,1,1,1,1,1,0,0,0,96720,0,0,0,0,0,0,0,0,0
6.050000,237.71,37.487,22.480,441,376,72.000,71,71,18.000,39.000,55.000,270,222,356,160,7,162,14,14,14,14,1,0,0,3,30,1,28.000,1,1,1,1,639,1,0,0,250,0,0,639,0,0,0,0,1,1,1,1,1,1,0,0,0,96800,0,0,0,0,0,0,0,0,0
6.055000,239.87,37.004,22.210,440,379,72.000,71,71,18.000,39.000,55.000,267,224,359,160,7,163,14,14,14,14,1,0,0,3,30,1,28.000,1,1,1,1,639,1,0,0,250,0,0,639,0,0,0,0,1,1,1,1,1,1,0,0,0,96880,0,0,0,0,0,0,0,0,0
6.060000,242.03,36.461,21.880,439,381,72.000,71,71,18.000,39.000,55.000,263,225,361,160,7,164,14,14,14,14,1,0,0,3,30,1,28.000,1,1,0,0,640,1,0,0,250,0,0,640,0,0,0,0,1,1,1,1,1,1,0,0,0,96960,0,0,0,0,0,0,0,0,0
6.065000,244.19,35.861,21.500,437,384,72.000,72,72,18.000,39.000,55.000,262,231,369,160,7,166,14,14,14,14,1,0,0,3,30,1,28.000,1,1,2,2,641,1,0,0,250,0,0,641,0,0,0,0,1,1,1,1,1,1,0,0,0,97040,0,0,0,0,0,0,0,0,0
6.070000,246.35,35.209,21.120,434,386,72.000,72,72,18.000,39.000,55.000,257,232,371,160,7,167,14,14,14,14,1,0,0,3,30,1,28.000,1,1,2,2,641,1,0,0,250,0,0,641,0,0,0,0,1,1,1,1,1,1,0,0,0,97120,0,0,0,0,0,0,0,0,0
6.075000,248.51,34.506,20.690,431,388,72.000,72,72,18.000,39.000,55.000,252,233,373,160,7,168,14,14,14,14,1,0,0,3,30,1,28.000,1,1,3,3,642,1,0,0,250,0,0,642,0,0,0,0,1,1,1,1,1,1,0,0,0,97200,0,0,0,0,0,0,0,0,0
6.080000,250.67,33.758,20.250,427,389,72.000,72,72,18.000,39.000,55.000,246,234,375,160,7,168,14,14,14,14,1,0,0,3,30,1,28.000,1,1,3,3,642,1,0,0,250,0,0,642,0,0,0,0,1,1,1,1,1,1,0,0,0,97280,0,0,0,0,0,0,0,0,0
6.085000,252.83,32.968,19.760,423,391,72.000,72,72,18.000,39.000,55.000,241,235,377,160,7,169,14,14,14,14,1,0,0,3,30,1,28.000,1,1,1,1,643,1,0,0,250,0,0,643,0,0,0,0,1,1,1,1,1,1,0,0,0,97360,0,0,0,0,0,0,0,0,0
6.090000,254.99,32.141,19.270,418,392,72.000,72,72,18.000,39.000,55.000,235,236,378,160,7,170,14,14,14,14,1,0,0,3,30,1,28.000,1,1,1,1,643,1,0,0,250,0,0,643,0,0,0,0,1,1,1,1,1,1,0,0,0,97440,0,0,0,0,0,0,0,0,0
6.095000,257.15,31.281,18.780,412,393,72.000,72,72,18.000,39.000,55.000,229,237,379,160,7,170,14,14,14,14,1,0,0,3,30,1,28.000,1,1,0,0,644,1,0,0,250,0,0,644,0,0,0,0,1,1,1,1,1,1,0,0,0,97520,0,0,0,0,0,0,0,0,0
6.100000,259.31,30.393,18.240,406,393,72.000,71,71,18.000,39.000,55.000,219,233,374,160,7,170,14,14,14,14,1,0,0,3,30,1,28.000,1,1,2,2,645,1,0,0,250,0,0,645,0,0,0,0,1,1,1,1,1,1,0,0,0,97600,0,0,0,0,0,0,0,0,0
6.105000,261.47,29.482,17.690,399,394,72.000,71,71,18.000,39.000,55.000,212,234,375,160,7,171,14,14,14,14,1,0,0,3,30,1,28.000,1,1,2,2,645,1,0,0,250,0,0,645,0,0,0,0,1,1,1,1,1,1,0,0,0,97680,0,0,0,0,0,0,0,0,0
6.110000,263.63,28.553,17.150,392,394,72.000,71,71,18.000,39.000,55.000,206,234,375,160,7,171,14,14,14,14,1,0,0,3,30,1,28.000,1,1,3,3,646,1,0,0,250,0,0,646,0,0,0,0,1,1,1,1,1,1,0,0,0,97760,0,0,0,0,0,0,0,0,0
6.115000,265.79,27.612,16.550,384,394,72.000,71,71,18.000,39.000,55.000,199,234,375,160,7,171,14,14,14,14,1,0,0,3,30,1,28.000,1,1,3,3,646,1,0,0,250,0,0,646,0,0,0,0,1,1,1,1,1,1,0,0,0,97840,0,0,0,0,0,0,0,0,0
6.120000,267.95,26.663,16.010,376,394,72.000,71,71,18.000,39.000,55.000,192,234,375,160,7,171,14,14,14,14,1,0,0,3,30,1,28.000,1,1,1,1,647,1,0,0,250,0,0,647,0,0,0,0,1,1,1,1,1,1,0,0,0,97920,0,0,0,0,0,0,0,0,0
6.125000,270.11,25.713,15.410,368,393,72.000,71,71,18.000,39.000,55.000,185,233,374,160,7,170,14,14,14,14,1,0,0,3,30,1,28.000,1,1,0,0,648,1,0,0,250,0,0,648,0,0,0,0,1,1,1,1,1,1,0,0,0,98000,0,0,0,0,0,0,0,0,0
6.130000,272.27,24.765,14.870,360,393,72.000,71,71,18.000,39.000,55.000,178,233,374,160,7,170,14,14,14,14,1,0,0,3,30,1,28.000,1,1,0,0,648,1,0,0,250,0,0,648,0,0,0,0,1,1,1,1,1,1,0,0,0,98080,0,0,0,0,0,0,0,0,0
6.135000,274.43,23.827,14.270,351,392,72.000,71,71,18.000,39.000,55.000,171,233,372,160,7,170,14,14,14,14,1,0,0,3,30,1,28.000,1,1,2,2,649,1,0,0,250,0,0,649,0,0,0,0,1,1,1,1,1,1,0,0,0,98160,0,0,0,0,0,0,0,0,0
6.140000,276.59,22.903,13.720,342,391,72.000,71,71,18.000,39.000,55.000,165,232,371,160,7,169,14,14,14,14,1,0,0,3,30,1,28.000,1,1,2,2,649,1,0,0,250,0,0,649,0,0,0,0,1,1,1,1,1,1,0,0,0,98240,0,0,0,0,0,0,0,0,0
6.145000,278.75,21.998,13.180,333,390,72.000,71,71,18.000,39.000,55.000,158,231,370,160,7,169,14,14,14,14,1,0,0,3,30,1,28.000,1,1,3,3,650,1,0,0,250,0,0,650,0,0,0,0,1,1,1,1,1,1,0,0,0,98320,0,0,0,0,0,0,0,0,0
6.150000,280.91,21.118,12.690,323,389,72.000,71,71,18.000,39.000,55.000,152,231,369,160,7,168,14,14,14,14,1,0,0,3,30,1,28.000,1,1,3,3,650,1,0,0,250,0,0,650,0,0,0,0,1,1,1,1,1,1,0,0,0,98400,0,0,0,0,0,0,0,0,0
6.155000,283.07,20.268,12.150,314,387,72.000,71,71,18.000,39.000,55.000,146,229,367,160,7,167,14,14,14,14,1,0,0,3,30,1,28.000,1,1,1,1,651,1,0,0,250,0,0,651,0,0,0,0,1,1,1,1,1,1,0,0,0,98480,0,0,0,0,0,0,0,0,0
6.160000,285.23,19.452,11.660,305,386,72.000,71,71,18.000,39.000,55.000,140,229,366,160,7,167,14,14,14,14,1,0,0,3,30,1,28.000,1,1,0,0,652,1,0,0,250,0,0,652,0,0,0,0,1,1,1,1,1,1,0,0,0,98560,0,0,0,0,0,0,0,0,0
6.165000,287.39,18.676,11.220,296,384,72.000,71,71,18.000,39.000,55.000,134,227,364,160,7,166,14,14,14,14,1,0,0,3,30,1,28.000,1,1,0,0,652,1,0,0,250,0,0,652,0,0,0,0,1,1,1,1,1,1,0,0,0,98640,0,0,0,0,0,0,0,0,0
6.170000,289.55,17.943,10.790,286,382,72.000,71,71,18.000,39.000,55.000,129,226,362,160,7,165,14,14,14,14,1,0,0,3,30,1,28.000,1,1,2,2,653,1,0,0,250,0,0,653,0,0,0,0,1,1,1,1,1,1,0,0,0,98720,0,0,0,0,0,0,0,0,0
6.175000,291.71,17.259,10.350,278,380,72.000,71,71,18.000,39.000,55.000,124,225,360,160,7,164,14,14,14,14,1,0,0,3,30,1,28.000,1,1,2,2,653,1,0,0,250,0,0,653,0,0,0,0,1,1,1,1,1,1,0,0,0,98800,0,0,0,0,0,0,0,0,0
6.180000,293.87,16.627,9.970,269,378,72.000,71,71,18.000,39.000,55.000,119,223,358,160,7,163,14,14,14,14,1,0,0,3,30,1,28.000,1,1,3,3,654,1,0,0,250,0,0,654,0,0,0,0,1,1,1,1,1,1,0,0,0,98880,0,0,0,0,0,0,0,0,0
6.185000,296.03,16.051,9.640,260,376,72.000,71,71,18.000,39.000,55.000,115,222,356,160,7,162,14,14,14,14,1,0,0,3,30,1,28.000,1,1,3,3,654,1,0,0,250,0,0,654,0,0,0,0,1,1,1,1,1,1,0,0,0,98960,0,0,0,0,0,0,0,0,0
6.190000,298.19,15.534,9.320,252,374,72.000,71,71,18.000,39.000,55.000,112,221,354,160,7,161,14,14,14,14,1,0,0,3,30,1,28.000,1,1,1,1,655,1,0,0,250,0,0,655,0,0,0,0,1,1,1,1,1,1,0,0,0,99040,0,0,0,0,0,0,0,0,0
6.195000,300.35,15.079,9.050,245,371,72.000,71,71,18.000,39.000,55.000,108,219,351,160,7,160,14,14,14,14,1,0,0,3,30,1,28.000,1,1,0,0,656,1,0,0,250,0,0,656,0,0,0,0,1,1,1,1,1,1,0,0,0,99120,0,0,0,0,0,0,0,0,0
6.200000,302.51,14.690,8.830,237,369,72.000,71,71,18.000,39.000,55.000,106,218,348,160,7,159,14,14,14,14,1,0,0,3,30,1,28.000,1,1,0,0,656,1,0,0,250,0,0,656,0,0,0,0,1,1,1,1,1,1,0,0,0,99200,0,0,0,0,0,0,0,0,0
6.205000,304.67,14.368,8.610,230,366,72.000,71,71,18.000,39.000,55.000,103,216,345,160,7,157,14,14,14,14,1,0,0,3,30,1,28.000,1,1,2,2,657,1,0,0,250,0,0,657,0,0,0,0,1,1,1,1,1,1,0,0,0,99280,0,0,0,0,0,0,0,0,0
6.210000,306.83,14.116,8.450,224,363,72.000,71,71,18.000,39.000,55.000,101,214,342,160,7,156,14,14,14,14,1,0,0,3,30,1,28.000,1,1,2,2,657,1,0,0,250,0,0,657,0,0,0,0,1,1,1,1,1,1,0,0,0,99360,0,0,0,0,0,0,0,0,0
6.215000,308.99,13.935,8.340,218,361,72.000,71,71,18.000,39.000,55.000,100,212,340,160,7,155,14,14,14,14,1,0,0,3,30,1,28.000,1,1,3,3,658,1,0,0,250,0,0,658,0,0,0,0,1,1,1,1,1,1,0,0,0,99440,0,0,0,0,0,0,0,0,0
6.220000,311.15,13.827,8.280,213,358,72.000,71,71,18.000,39.000,55.000,99,210,337,160,7,153,14,14,14,14,1,0,0,3,30,1,28.000,1,1,3,3,658,1,0,0,250,0,0,658,0,0,0,0,1,1,1,1,1,1,0,0,0,99520,0,0,0,0,0,0,0,0,0
6.225000,313.31,13.792,8.280,208,355,72.000,71,71,18.000,39.000,55.000,99,208,334,160,7,152,14,14,14,14,1,0,0,3,30,1,28.000,1,1,1,1,659,1,0,0,250,0,0,659,0,0,0,0,1,1,1,1,1,1,0,0,0,99600,0,0,0,0,0,0,0,0,0
6.230000,315.47,13.831,8.280,204,352,72.000,71,71,18.000,39.000,55.000,99,206,331,160,7,151,14,14,14,14,1,0,0,3,30,1,28.000,1,1,0,0,660,1,0,0,250,0,0,660,0,0,0,0,1,1,1,1,1,1,0,0,0,99680,0,0,0,0,0,0,0,0,0
6.235000,317.63,13.943,8.340,201,349,72.000,71,71,18.000,39.000,55.000,100,204,327,160,7,149,14,14,14,14,1,0,0,3,30,1,28.000,1,1,0,0,660,1,0,0,250,0,0,660,0,0,0,0,1,1,1,1,1,1,0,0,0,99760,0,0,0,0,0,0,0,0,0
6.240000,319.79,14.129,8.500,198,346,72.000,71,71,18.000,39.000,55.000,102,203,324,160,7,148,14,14,14,14,1,0,0,3,30,1,28.000,1,1,2,2,661,1,0,0,250,0,0,661,0,0,0,0,1,1,1,1,1,1,0,0,0,99840,0,0,0,0,0,0,0,0,0
6.245000,321.95,14.388,8.610,196,343,72.000,71,71,18.000,39.000,55.000,103,201,321,160,7,146,14,14,14,14,1,0,0,3,30,1,28.000,1,1,2,2,661,1,0,0,250,0,0,661,0,0,0,0,1,1,1,1,1,1,0,0,0,99920,0,0,0,0,0,0,0,0,0
6.250000,324.11,14.718,8.830,195,340,72.000,71,71,18.000,39.000,55.000,106,199,318,160,7,145,14,14,14,14,1,0,0,3,30,1,28.000,1,1,3,3,662,1,0,0,250,0,0,662,0,0,0,0,1,1,1,1,1,1,0,0,0,100000,0,0,0,0,0,0,0,0,0
6.255000,326.27,15.118,9.050,194,338,72.000,71,71,18.000,39.000,55.000,108,197,316,160,7,144,14,14,14,14,1,0,0,3,30,1,28.000,1,1,1,1,663,1,0,0,250,0,0,663,0,0,0,0,1,1,1,1,1,1,0,0,0,100080,0,0,0,0,0,0,0,0,0
6.260000,328.43,15.586,9.370,194,335,72.000,71,71,18.000,39.000,55.000,112,195,313,160,7,142,14,14,14,14,1,0,0,3,30,1,28.000,1,1,1,1,663,1,0,0,250,0,0,663,0,0,0,0,1,1,1,1,1,1,0,0,0,100160,0,0,0,0,0,0,0,0,0
6.265000,330.59,16.120,9.640,195,332,72.000,71,71,18.000,39.000,55.000,115,193,310,160,7,141,14,14,14,14,1,0,0,3,30,1,28.000,1,1,0,0,664,1,0,0,250,0,0,664,0,0,0,0,1,1,1,1,1,1,0,0,0,100240,0,0,0,0,0,0,0,0,0
6.270000,332.75,16.716,10.030,197,329,72.000,71,71,18.000,39.000,55.000,120,191,306,160,7,140,14,14,14,14,1,0,0,3,30,1,28.000,1,1,0,0,664,1,0,0,250,0,0,664,0,0,0,0,1,1,1,1,1,1,0,0,0,100320,0,0,0,0,0,0,0,0,0
6.275000,334.91,17.372,10.410,199,327,72.000,71,71,18.000,39.000,55.000,125,190,305,160,7,139,14,14,14,14,1,0,0,3,30,1,28.000,1,1,2,2,665,1,0,0,250,0,0,665,0,0,0,0,1,1,1,1,1,1,0,0,0,100400,0,0,0,0,0,0,0,0,0
6.280000,337.07,18.084,10.840,202,324,72.000,71,71,18.000,39.000,55.000,130,188,301,160,7,137,14,14,14,14,1,0,0,3,30,1,28.000,1,1,2,2,665,1,0,0,250,0,0,665,0,0,0,0,1,1,1,1,1,1,0,0,0,100480,0,0,0,0,0,0,0,0,0
6.285000,339.23,18.849,11.330,206,322,72.000,71,71,18.000,39.000,55.000,136,187,299,160,7,136,14,14,14,14,1,0,0,3,30,1,28.000,1,1,3,3,666,1,0,0,250,0,0,666,0,0,0,0,1,1,1,1,1,1,0,0,0,100560,0,0,0,0,0,0,0,0,0
6.290000,341.39,19.663,11.770,210,320,72.000,71,71,18.000,39.000,55.000,141,185,297,160,7,135,14,14,14,14,1,0,0,3,30,1,28.000,1,1,1,1,667,1,0,0,250,0,0,667,0,0,0,0,1,1,1,1,1,1,0,0,0,100640,0,0,0,0,0,0,0,0,0
6.295000,343.55,20.521,12.310,215,318,72.000,71,71,18.000,39.000,55.000,148,184,295,160,7,134,14,14,14,14,1,0,0,3,30,1,28.000,1,1,1,1,667,1,0,0,250,0,0,667,0,0,0,0,1,1,1,1,1,1,0,0,0,100720,0,0,0,0,0,0,0,0,0
6.300000,345.71,21.419,12.850,221,316,72.000,71,71,18.000,39.000,55.000,154,183,293,160,7,133,14,14,14,14,1,0,0,3,30,1,28.000,1,1,0,0,668,1,0,0,250,0,0,668,0,0,0,0,1,1,1,1,1,1,0,0,0,100800,0,0,0,0,0,0,0,0,0
6.305000,347.87,22.351,13.400,227,314,72.000,71,71,18.000,39.000,55.000,161,182,291,160,7,132,14,14,14,14,1,0,0,3,30,1,28.000,1,1,0,0,668,1,0,0,250,0,0,668,0,0,0,0,1,1,1,1,1,1,0,0,0,100880,0,0,0,0,0,0,0,0,0
6.310000,350.03,23.314,14.000,234,312,72.000,71,71,18.000,39.000,55.000,168,180,289,160,7,131,14,14,14,14,1,0,0,3,30,1,28.000,1,1,2,2,669,1,0,0,250,0,0,669,0,0,0,0,1,1,1,1,1,1,0,0,0,100960,0,0,0,0,0,0,0,0,0
6.315000,352.19,24.302,14.590,241,311,72.000,71,71,18.000,39.000,55.000,175,180,288,160,7,131,14,14,14,14,1,0,0,3,30,1,28.000,1,1,2,2,669,1,0,0,250,0,0,669,0,0,0,0,1,1,1,1,1,1,0,0,0,101040,0,0,0,0,0,0,0,0,0
6.320000,354.35,25.310,15.190,249,310,72.000,71,71,18.000,39.000,55.000,182,179,287,160,7,130,14,14,14,14,1,0,0,3,30,1,28.000,1,1,3,3,670,1,0,0,250,0,0,670,0,0,0,0,1,1,1,1,1,1,0,0,0,101120,0,0,0,0,0,0,0,0,0
6.325000,356.51,26.332,15.790,257,309,72.000,71,71,18.000,39.000,55.000,189,178,286,160,7,130,14,14,14,14,1,0,0,3,30,1,28.000,1,1,1,1,671,1,0,0,250,0,0,671,0,0,0,0,1,1,1,1,1,1,0,0,0,101200,0,0,0,0,0,0,0,0,0
6.330000,358.67,27.362,16.390,266,308,72.000,71,71,18.000,39.000,55.000,197,178,285,160,7,130,14,14,14,14,1,0,0,3,30,1,28.000,1,1,1,1,671,1,0,0,250,0,0,671,0,0,0,0,1,1,1,1,1,1,0,0,0,101280,0,0,0,0,0,0,0,0,0
6.335000,0.83,28.396,17.040,275,307,72.000,71,71,18.000,39.000,55.000,204,177,284,160,7,129,14,14,14,14,1,0,0,3,30,1,28.000,1,1,0,0,672,1,0,0,250,0,0,672,0,0,0,0,1,1,1,1,1,1,0,0,0,101360,0,0,0,0,0,0,0,0,0
6.340000,2.99,29.429,17.640,284,306,72.000,71,71,18.000,39.000,55.000,212,176,282,160,7,129,14,14,14,14,1,0,0,3,30,1,28.000,1,1,0,0,672,1,0,0,250,0,0,672,0,0,0,0,1,1,1,1,1,1,0,0,0,101440,0,0,0,0,0,0,0,0,0
6.345000,5.15,30.453,18.290,294,306,72.000,71,71,18.000,39.000,55.000,219,176,282,160,7,129,14,14,14,14,1,0,0,3,30,1,28.000,1,1,2,2,673,1,0,0,250,0,0,673,0,0,0,0,1,1,1,1,1,1,0,0,0,101520,0,0,0,0,0,0,0,0,0
6.350000,7.31,31.464,18.890,303,306,72.000,71,71,18.000,39.000,55.000,227,176,282,160,7,129,14,14,14,14,1,0,0,3,30,1,28.000,1,1,2,2,673,1,0,0,250,0,0,673,0,0,0,0,1,1,1,1,1,1,0,0,0,101600,0,0,0,0,0,0,0,0,0
6.355000,9.47,32.457,19.490,313,306,72.000,71,71,18.000,39.000,55.000,234,176,282,160,7,129,14,14,14,14,1,0,0,3,30,1,28.000,1,1,3,3,674,1,0,0,250,0,0,674,0,0,0,0,1,1,1,1,1,1,0,0,0,101680,0,0,0,0,0,0,0,0,0
6.360000,11.63,33.426,20.030,324,307,72.000,71,71,18.000,39.000,55.000,240,177,284,160,7,129,14,14,14,14,1,0,0,3,30,1,28.000,1,1,1,1,675,1,0,0,250,0,0,675,0,0,0,0,1,1,1,1,1,1,0,0,0,101760,0,0,0,0,0,0,0,0,0
6.365000,13.79,34.367,20.630,334,307,72.000,71,71,18.000,39.000,55.000,248,177,284,160,7,129,14,14,14,14,1,0,0,3,30,1,28.000,1,1,1,1,675,1,0,0,250,0,0,675,0,0,0,0,1,1,1,1,1,1,0,0,0,101840,0,0,0,0,0,0,0,0,0
6.370000,15.95,35.273,21.180,344,309,72.000,71,71,18.000,39.000,55.000,254,178,286,160,7,130,14,14,14,14,1,0,0,3,30,1,28.000,1,1,0,0,676,1,0,0,250,0,0,676,0,0,0,0,1,1,1,1,1,1,0,0,0,101920,0,0,0,0,0,0,0,0,0
6.375000,18.11,36.141,21.670,354,310,72.000,71,71,18.000,39.000,55.000,260,179,287,160,7,130,14,14,14,14,1,0,0,3,30,1,28.000,1,1,0,0,676,1,0,0,250,0,0,676,0,0,0,0,1,1,1,1,1,1,0,0,0,102000,0,0,0,0,0,0,0,0,0
6.380000,20.27,36.965,22.150,364,312,72.000,72,72,18.000,39.000,55.000,270,183,293,160,7,131,14,14,14,14,1,0,0,3,30,1,28.000,1,1,2,2,677,1,0,0,250,0,0,677,0,0,0,0,1,1,1,1,1,1,0,0,0,102080,0,0,0,0,0,0,0,0,0
6.385000,22.43,37.742,22.640,374,315,72.000,72,72,18.000,39.000,55.000,276,185,296,160,7,133,14,14,14,14,1,0,0,3,30,1,28.000,1,1,2,2,677,1,0,0,250,0,0,677,0,0,0,0,1,1,1,1,1,1,0,0,0,102160,0,0,0,0,0,0,0,0,0
6.390000,24.59,38.467,23.080,383,317,72.000,72,72,18.000,39.000,55.000,281,186,298,160,7,134,14,14,14,14,1,0,0,3,30,1,28.000,1,1,3,3,678,1,0,0,250,0,0,678,0,0,0,0,1,1,1,1,1,1,0,0,0,102240,0,0,0,0,0,0,0,0,0
6.395000,26.75,39.136,23.460,393,320,72.000,72,72,18.000,39.000,55.000,286,188,301,160,7,135,14,14,14,14,1,0,0,3,30,1,28.000,1,1,1,1,679,1,0,0,250,0,0,679,0,0,0,0,1,1,1,1,1,1,0,0,0,102320,0,0,0,0,0,0,0,0,0
6.400000,28.91,39.747,23.840,402,323,72.000,72,72,18.000,39.000,55.000,290,190,305,160,7,137,14,14,14,14,1,0,0,3,30,1,28.000,1,1,1,1,679,1,0,0,250,0,0,679,0,0,0,0,1,1,1,1,1,1,0,0,0,102400,0,0,0,0,0,0,0,0,0
6.405000,31.07,40.295,24.170,411,327,72.000,72,72,18.000,39.000,55.000,294,193,309,160,7,139,14,14,14,14,1,0,0,3,30,1,28.000,1,1,0,0,680,1,0,0,250,0,0,680,0,0,0,0,1,1,1,1,1,1,0,0,0,102480,0,0,0,0,0,0,0,0,0
6.410000,33.23,40.779,24.440,419,330,72.000,72,72,18.000,39.000,55.000,298,195,312,160,7,140,14,14,14,14,1,0,0,3,30,1,28.000,1,1,0,0,680,1,0,0,250,0,0,680,0,0,0,0,1,1,1,1,1,1,0,0,0,102560,0,0,0,0,0,0,0,0,0
6.415000,35.39,41.195,24.710,427,334,72.000,71,71,18.000,39.000,55.000,297,195,312,160,7,142,14,14,14,14,1,0,0,3,30,1,28.000,1,1,2,2,681,1,0,0,250,0,0,681,0,0,0,0,1,1,1,1,1,1,0,0,0,102640,0,0,0,0,0,0,0,0,0
6.420000,37.55,41.541,24.930,434,338,72.000,71,71,18.000,39.000,55.000,299,197,316,160,7,144,14,14,14,14,1,0,0,3,30,1,28.000,1,1,3,3,682,1,0,0,250,0,0,682,0,0,0,0,1,1,1,1,1,1,0,0,0,102720,0,0,0,0,0,0,0,0,0
6.425000,39.71,41.817,25.090,441,342,72.000,71,71,18.000,39.000,55.000,301,200,320,160,7,146,14,14,14,14,1,0,0,3,30,1,28.000,1,1,3,3,682,1,0,0,250,0,0,682,0,0,0,0,1,1,1,1,1,1,0,0,0,102800,0,0,0,0,0,0,0,0,0
6.430000,41.87,42.020,25.200,447,346,72.000,71,71,18.000,39.000,55.000,303,203,324,160,7,148,14,14,14,14,1,0,0,3,30,1,28.000,1,1,1,1,683,1,0,0,250,0,0,683,0,0,0,0,1,1,1,1,1,1,0,0,0,102880,0,0,0,0,0,0,0,0,0
6.435000,44.03,42.150,25.260,453,350,72.000,71,71,18.000,39.000,55.000,303,205,329,160,7,150,14,14,14,14,1,0,0,3,30,1,28.000,1,1,1,1,683,1,0,0,250,0,0,683,0,0,0,0,1,1,1,1,1,1,0,0,0,102960,0,0,0,0,0,0,0,0,0
6.440000,46.19,42.206,25.310,458,354,72.000,71,71,18.000,39.000,55.000,304,208,333,160,7,151,14,14,14,14,1,0,0,3,30,1,28.000,1,1,0,0,684,1,0,0,250,0,0,684,0,0,0,0,1,1,1,1,1,1,0,0,0,103040,0,0,0,0,0,0,0,0,0
6.445000,48.35,42.188,25.310,462,359,72.000,71,71,18.000,39.000,55.000,304,211,338,160,7,154,14,14,14,14,1,0,0,3,30,1,28.000,1,1,0,0,684,1,0,0,250,0,0,684,0,0,0,0,1,1,1,1,1,1,0,0,0,103120,0,0,0,0,0,0,0,0,0
6.450000,50.51,42.096,25.260,466,363,72.000,71,71,18.000,39.000,55.000,303,214,342,160,7,156,14,14,14,14,1,0,0,3,30,1,28.000,1,1,2,2,685,1,0,0,250,0,0,685,0,0,0,0,1,1,1,1,1,1,0,0,0,103200,0,0,0,0,0,0,0,0,0
6.455000,52.67,41.932,25.150,469,367,72.000,71,71,18.000,39.000,55.000,302,216,346,160,7,158,14,14,14,14,1,0,0,3,30,1,28.000,1,1,3,3,686,1,0,0,250,0,0,686,0,0,0,0,1,1,1,1,1,1,0,0,0,103280,0,0,0,0,0,0,0,0,0
6.460000,54.83,41.697,24.980,471,371,72.000,71,71,18.000,39.000,55.000,300,219,351,160,7,160,14,14,14,14,1,0,0,3,30,1,28.000,1,1,3,3,686,1,0,0,250,0,0,686,0,0,0,0,1,1,1,1,1,1,0,0,0,103360,0,0,0,0,0,0,0,0,0
6.465000,56.99,41.391,24.820,473,376,72.000,71,71,18.000,39.000,55.000,298,222,356,160,7,162,14,14,14,14,1,0,0,3,30,1,28.000,1,1,1,1,687,1,0,0,250,0,0,687,0,0,0,0,1,1,1,1,1,1,0,0,0,103440,0,0,0,0,0,0,0,0,0
6.470000,59.15,41.017,24.600,474,380,72.000,71,71,18.000,39.000,55.000,295,225,360,160,7,164,14,14,14,14,1,0,0,3,30,1,28.000,1,1,1,1,687,1,0,0,250,0,0,687,0,0,0,0,1,1,1,1,1,1,0,0,0,103520,0,0,0,0,0,0,0,0,0
6.475000,61.31,40.578,24.330,474,383,72.000,71,71,18.000,39.000,55.000,292,227,363,160,7,165,14,14,14,14,1,0,0,3,30,1,28.000,1,1,0,0,688,1,0,0,250,0,0,688,0,0,0,0,1,1,1,1,1,1,0,0,0,103600,0,0,0,0,0,0,0,0,0
6.480000,63.47,40.075,24.060,474,387,72.000,71,71,18.000,39.000,55.000,289,229,367,160,7,167,14,14,14,14,1,0,0,3,30,1,28.000,1,1,0,0,688,1,0,0,250,0,0,688,0,0,0,0,1,1,1,1,1,1,0,0,0,103680,0,0,0,0,0,0,0,0,0
6.485000,65.63,39.513,23.680,472,390,72.000,71,71,18.000,39.000,55.000,284,231,370,160,7,169,14,14,14,14,1,0,0,3,30,1,28.000,1,1,2,2,689,1,0,0,250,0,0,689,0,0,0,0,1,1,1,1,1,1,0,0,0,103760,0,0,0,0,0,0,0,0,0
6.490000,67.79,38.893,23.350,470,394,72.000,71,71,18.000,39.000,55.000,280,234,375,160,7,171,14,14,14,14,1,0,0,3,30,1,28.000,1,1,3,3,690,1,0,0,250,0,0,690,0,0,0,0,1,1,1,1,1,1,0,0,0,103840,0,0,0,0,0,0,0,0,0
6.495000,69.95,38.221,22.920,468,397,72.000,71,71,18.000,39.000,55.000,275,236,378,160,7,172,14,14,14,14,1,0,0,3,30,1,28.000,1,1,3,3,690,1,0,0,250,0,0,690,0,0,0,0,1,1,1,1,1,1,0,0,0,103920,0,0,0,0,0,0,0,0,0
6.500000,72.11,37.499,22.480,465,400,72.000,71,71,18.000,39.000,55.000,270,238,381,160,7,173,14,14,14,14,1,0,0,3,30,1,28.000,1,1,1,1,691,1,0,0,250,0,0,691,0,0,0,0,1,1,1,1,1,1,0,0,0,104000,0,0,0,0,0,0,0,0,0
6.505000,74.27,36.733,22.050,461,402,72.000,71,71,18.000,39.000,55.000,265,239,383,160,7,174,14,14,14,14,1,0,0,3,30,1,28.000,1,1,1,1,691,1,0,0,250,0,0,691,0,0,0,0,1,1,1,1,1,1,0,0,0,104080,0,0,0,0,0,0,0,0,0
6.510000,76.43,35.926,21.560,456,404,72.000,71,71,18.000,39.000,55.000,259,240,385,160,7,175,14,14,14,14,1,0,0,3,30,1,28.000,1,1,0,0,692,1,0,0,250,0,0,692,0,0,0,0,1,1,1,1,1,1,0,0,0,104160,0,0,0,0,0,0,0,0,0
6.515000,78.59,35.083,21.070,451,406,72.000,71,71,18.000,39.000,55.000,253,242,387,160,7,176,14,14,14,14,1,0,0,3,30,1,28.000,1,1,0,0,692,1,0,0,250,0,0,692,0,0,0,0,1,1,1,1,1,1,0,0,0,104240,0,0,0,0,0,0,0,0,0
6.520000,80.75,34.210,20.520,445,408,72.000,71,71,18.000,39.000,55.000,246,243,389,160,7,177,14,14,14,14,1,0,0,3,30,1,28.000,1,1,2,2,693,1,0,0,250,0,0,693,0,0,0,0,1,1,1,1,1,1,0,0,0,104320,0,0,0,0,0,0,0,0,0
6.525000,82.91,33.310,19.980,439,409,72.000,71,71,18.000,39.000,55.000,240,244,390,160,7,178,14,14,14,14,1,0,0,3,30,1,28.000,1,1,3,3,694,1,0,0,250,0,0,694,0,0,0,0,1,1,1,1,1,1,0,0,0,104400,0,0,0,0,0,0,0,0,0
6.530000,85.07,32.390,19.440,432,410,72.000,71,71,18.000,39.000,55.000,233,244,391,160,7,178,14,14,14,14,1,0,0,3,30,1,28.000,1,1,3,3,694,1,0,0,250,0,0,694,0,0,0,0,1,1,1,1,1,1,0,0,0,104480,0,0,0,0,0,0,0,0,0
6.535000,87.23,31.455,18.890,425,411,72.000,71,71,18.000,39.000,55.000,227,245,392,160,7,179,14,14,14,14,1,0,0,3,30,1,28.000,1,1,1,1,695,1,0,0,250,0,0,695,0,0,0,0,1,1,1,1,1,1,0,0,0,104560,0,0,0,0,0,0,0,0,0
6.540000,89.39,30.509,18.290,417,411,72.000,71,71,18.000,39.000,55.000,219,245,392,160,7,179,14,14,14,14,1,0,0,3,30,1,28.000,1,1,1,1,695,1,0,0,250,0,0,695,0,0,0,0,1,1,1,1,1,1,0,0,0,104640,0,0,0,0,0,0,0,0,0
6.545000,91.55,29.559,17.750,409,411,72.000,71,71,18.000,39.000,55.000,213,245,392,160,7,179,14,14,14,14,1,0,0,3,30,1,28.000,1,1,0,0,696,1,0,0,250,0,0,696,0,0,0,0,1,1,1,1,1,1,0,0,0,104720,0,0,0,0,0,0,0,0,0
6.550000,93.71,28.609,17.150,401,411,72.000,71,71,18.000,39.000,55.000,206,245,392,160,7,179,14,14,14,14,1,0,0,3,30,1,28.000,1,1,0,0,696,1,0,0,250,0,0,696,0,0,0,0,1,1,1,1,1,1,0,0,0,104800,0,0,0,0,0,0,0,0,0
6.555000,95.87,27.665,16.610,392,411,72.000,71,71,18.000,39.000,55.000,199,245,392,160,7,179,14,14,14,14,1,0,0,3,30,1,28.000,1,1,2,2,697,1,0,0,250,0,0,697,0,0,0,0,1,1,1,1,1,1,0,0,0,104880,0,0,0,0,0,0,0,0,0
6.560000,98.03,26.733,16.060,383,411,72.000,71,71,18.000,39.000,55.000,193,245,392,160,7,179,14,14,14,14,1,0,0,3,30,1,28.000,1,1,3,3,698,1,0,0,250,0,0,698,0,0,0,0,1,1,1,1,1,1,0,0,0,104960,0,0,0,0,0,0,0,0,0
6.565000,100.19,25.818,15.460,374,410,72.000,71,71,18.000,39.000,55.000,185,244,391,160,7,178,14,14,14,14,1,0,0,3,30,1,28.000,1,1,3,3,698,1,0,0,250,0,0,698,0,0,0,0,1,1,1,1,1,1,0,0,0,105040,0,0,0,0,0,0,0,0,0
6.570000,102.35,24.924,14.970,365,409,72.000,71,71,18.000,39.000,55.000,180,244,390,160,7,178,14,14,14,14,1,0,0,3,30,1,28.000,1,1,1,1,699,1,0,0,250,0,0,699,0,0,0,0,1,1,1,1,1,1,0,0,0,105120,0,0,0,0,0,0,0,0,0
6.575000,104.51,24.057,14.430,356,408,72.000,71,71,18.000,39.000,55.000,173,243,389,160,7,177,14,14,14,14,1,0,0,3,30,1,28.000,1,1,1,1,699,1,0,0,250,0,0,699,0,0,0,0,1,1,1,1,1,1,0,0,0,105200,0,0,0,0,0,0,0,0,0
6.580000,106.67,23.222,13.940,346,407,72.000,71,71,18.000,39.000,55.000,167,242,388,160,7,177,14,14,14,14,1,0,0,3,30,1,28.000,1,1,0,0,700,1,0,0,250,0,0,700,0,0,0,0,1,1,1,1,1,1,0,0,0,105280,0,0,0,0,0,0,0,0,0
6.585000,108.83,22.423,13.450,337,406,72.000,71,71,18.000,39.000,55.000,161,242,387,160,7,176,14,14,14,14,1,0,0,3,30,1,28.000,1,1,2,2,701,1,0,0,250,0,0,701,0,0,0,0,1,1,1,1,1,1,0,0,0,105360,0,0,0,0,0,0,0,0,0
6.590000,110.99,21.664,13.020,328,405,72.000,71,71,18.000,39.000,55.000,156,241,386,160,7,176,14,14,14,14,1,0,0,3,30,1,28.000,1,1,2,2,701,1,0,0,250,0,0,701,0,0,0,0,1,1,1,1,1,1,0,0,0,105440,0,0,0,0,0,0,0,0,0
6.595000,113.15,20.951,12.580,319,403,72.000,71,71,18.000,39.000,55.000,151,240,384,160,7,175,14,14,14,14,1,0,0,3,30,1,28.000,1,1,3,3,702,1,0,0,250,0,0,702,0,0,0,0,1,1,1,1,1,1,0,0,0,105520,0,0,0,0,0,0,0,0,0
6.600000,115.31,20.286,12.150,310,401,72.000,71,71,18.000,39.000,55.000,146,238,382,160,7,174,14,14,14,14,1,0,0,3,30,1,28.000,1,1,3,3,702,1,0,0,250,0,0,702,0,0,0,0,1,1,1,1,1,1,0,0,0,105600,0,0,0,0,0,0,0,0,0
6.605000,117.47,19.674,11.820,302,399,72.000,71,71,18.000,39.000,55.000,142,237,380,160,7,173,14,14,14,14,1,0,0,3,30,1,28.000,1,1,1,1,703,1,0,0,250,0,0,703,0,0,0,0,1,1,1,1,1,1,0,0,0,105680,0,0,0,0,0,0,0,0,0
6.610000,119.63,19.118,11.490,293,397,72.000,71,71,18.000,39.000,55.000,138,236,378,160,7,172,14,14,14,14,1,0,0,3,30,1,28.000,1,1,1,1,703,1,0,0,250,0,0,703,0,0,0,0,1,1,1,1,1,1,0,0,0,105760,0,0,0,0,0,0,0,0,0
6.615000,121.79,18.620,11.170,285,395,72.000,71,71,18.000,39.000,55.000,134,235,376,160,7,171,14,14,14,14,1,0,0,3,30,1,28.000,1,1,0,0,704,1,0,0,250,0,0,704,0,0,0,0,1,1,1,1,1,1,0,0,0,105840,0,0,0,0,0,0,0,0,0
6.620000,123.95,18.184,10.900,278,393,72.000,71,71,18.000,39.000,55.000,131,233,374,160,7,170,14,14,14,14,1,0,0,3,30,1,28.000,1,1,2,2,705,1,0,0,250,0,0,705,0,0,0,0,1,1,1,1,1,1,0,0,0,105920,0,0,0,0,0,0,0,0,0
6.625000,126.11,17.812,10.680,271,391,72.000,71,71,18.000,39.000,55.000,128,232,371,160,7,169,14,14,14,14,1,0,0,3,30,1,28.000,1,1,2,2,705,1,0,0,250,0,0,705,0,0,0,0,1,1,1,1,1,1,0,0,0,106000,0,0,0,0,0,0,0,0,0
6.630000,128.27,17.505,10.510,264,388,72.000,71,71,18.000,39.000,55.000,126,230,368,160,7,168,14,14,14,14,1,0,0,3,30,1,28.000,1,1,3,3,706,1,0,0,250,0,0,706,0,0,0,0,1,1,1,1,1,1,0,0,0,106080,0,0,0,0,0,0,0,0,0
6.635000,130.43,17.265,10.350,258,386,72.000,71,71,18.000,39.000,55.000,124,229,366,160,7,167,14,14,14,14,1,0,0,3,30,1,28.000,1,1,3,3,706,1,0,0,250,0,0,706,0,0,0,0,1,1,1,1,1,1,0,0,0,106160,0,0,0,0,0,0,0,0,0
6.640000,132.59,17.094,10.240,252,383,72.000,71,71,18.000,39.000,55.000,123,227,363,160,7,165,14,14,14,14,1,0,0,3,30,1,28.000,1,1,1,1,707,1,0,0,250,0,0,707,0,0,0,0,1,1,1,1,1,1,0,0,0,106240,0,0,0,0,0,0,0,0,0
6.645000,134.75,16.991,10.190,247,381,72.000,71,71,18.000,39.000,55.000,122,225,361,160,7,164,14,14,14,14,1,0,0,3,30,1,28.000,1,1,1,1,707,1,0,0,250,0,0,707,0,0,0,0,1,1,1,1,1,1,0,0,0,106320,0,0,0,0,0,0,0,0,0
6.650000,136.91,16.958,10.190,242,378,72.000,71,71,18.000,39.000,55.000,122,223,358,160,7,163,14,14,14,14,1,0,0,3,30,1,28.000,1,1,0,0,708,1,0,0,250,0,0,708,0,0,0,0,1,1,1,1,1,1,0,0,0,106400,0,0,0,0,0,0,0,0,0
6.655000,139.07,16.994,10.190,239,375,72.000,71,71,18.000,39.000,55.000,122,222,355,160,7,162,14,14,14,14,1,0,0,3,30,1,28.000,1,1,2,2,709,1,0,0,250,0,0,709,0,0,0,0,1,1,1,1,1,1,0,0,0,106480,0,0,0,0,0,0,0,0,0
6.660000,141.23,17.099,10.240,235,373,72.000,71,71,18.000,39.000,55.000,123,220,353,160,7,161,14,14,14,14,1,0,0,3,30,1,28.000,1,1,2,2,709,1,0,0,250,0,0,709,0,0,0,0,1,1,1,1,1,1,0,0,0,106560,0,0,0,0,0,0,0,0,0
6.665000,143.39,17.272,10.350,233,370,72.000,71,71,18.000,39.000,55.000,124,218,349,160,7,159,14,14,14,14,1,0,0,3,30,1,28.000,1,1,3,3,710,1,0,0,250,0,0,710,0,0,0,0,1,1,1,1,1,1,0,0,0,106640,0,0,0,0,0,0,0,0,0
6.670000,145.55,17.512,10.510,231,367,72.000,71,71,18.000,39.000,55.000,126,216,346,160,7,158,14,14,14,14,1,0,0,3,30,1,28.000,1,1,3,3,710,1,0,0,250,0,0,710,0,0,0,0,1,1,1,1,1,1,0,0,0,106720,0,0,0,0,0,0,0,0,0
6.675000,147.71,17.816,10.680,229,365,72.000,71,71,18.000,39.000,55.000,128,215,344,160,7,157,14,14,14,14,1,0,0,3,30,1,28.000,1,1,1,1,711,1,0,0,250,0,0,711,0,0,0,0,1,1,1,1,1,1,0,0,0,106800,0,0,0,0,0,0,0,0,0
6.680000,149.87,18.184,10.900,229,362,72.000,71,71,18.000,39.000,55.000,131,213,341,160,7,155,14,14,14,14,1,0,0,3,30,1,28.000,1,1,1,1,711,1,0,0,250,0,0,711,0,0,0,0,1,1,1,1,1,1,0,0,0,106880,0,0,0,0,0,0,0,0,0
6.685000,152.03,18.612,11.170,229,359,72.000,71,71,18.000,39.000,55.000,134,211,338,160,7,154,14,14,14,14,1,0,0,3,30,1,28.000,1,1,0,0,712,1,0,0,250,0,0,712,0,0,0,0,1,1,1,1,1,1,0,0,0,106960,0,0,0,0,0,0,0,0,0
6.690000,154.19,19.098,11.440,229,357,72.000,72,72,18.000,39.000,55.000,139,213,341,160,7,153,14,14,14,14,1,0,0,3,30,1,28.000,1,1,2,2,713,1,0,0,250,0,0,713,0,0,0,0,1,1,1,1,1,1,0,0,0,107040,0,0,0,0,0,0,0,0,0
6.695000,156.35,19.638,11.770,231,354,72.000,72,72,18.000,39.000,55.000,143,211,337,160,7,151,14,14,14,14,1,0,0,3,30,1,28.000,1,1,2,2,713,1,0,0,250,0,0,713,0,0,0,0,1,1,1,1,1,1,0,0,0,107120,0,0,0,0,0,0,0,0,0
6.700000,158.51,20.230,12.150,233,352,72.000,72,72,18.000,39.000,55.000,148,209,335,160,7,151,14,14,14,14,1,0,0,3,30,1,28.000,1,1,3,3,714,1,0,0,250,0,0,714,0,0,0,0,1,1,1,1,1,1,0,0,0,107200,0,0,0,0,0,0,0,0,0
6.705000,160.67,20.870,12.530,235,350,72.000,72,72,18.000,39.000,55.000,152,208,333,160,7,150,14,14,14,14,1,0,0,3,30,1,28.000,1,1,3,3,714,1,0,0,250,0,0,714,0,0,0,0,1,1,1,1,1,1,0,0,0,107280,0,0,0,0,0,0,0,0,0
6.710000,162.83,21.553,12.910,239,347,72.000,72,72,18.000,39.000,55.000,157,206,330,160,7,148,14,14,14,14,1,0,0,3,30,1,28.000,1,1,1,1,715,1,0,0,250,0,0,715,0,0,0,0,1,1,1,1,1,1,0,0,0,107360,0,0,0,0,0,0,0,0,0
6.715000,164.99,22.276,13.340,242,345,72.000,72,72,18.000,39.000,55.000,162,205,328,160,7,147,14,14,14,14,1,0,0,3,30,1,28.000,1,1,1,1,715,1,0,0,250,0,0,715,0,0,0,0,1,1,1,1,1,1,0,0,0,107440,0,0,0,0,0,0,0,0,0
6.720000,167.15,23.033,13.830,247,343,72.000,72,72,18.000,39.000,55.000,168,203,326,160,7,146,14,14,14,14,1,0,0,3,30,1,28.000,1,1,0,0,716,1,0,0,250,0,0,716,0,0,0,0,1,1,1,1,1,1,0,0,0,107520,0,0,0,0,0,0,0,0,0
6.725000,169.31,23.821,14.270,252,342,72.000,71,71,18.000,39.000,55.000,171,200,320,160,7,146,14,14,14,14,1,0,0,3,30,1,28.000,1,1,2,2,717,1,0,0,250,0,0,717,0,0,0,0,1,1,1,1,1,1,0,0,0,107600,0,0,0,0,0,0,0,0,0
6.730000,171.47,24.635,14.760,257,340,72.000,71,71,18.000,39.000,55.000,177,199,318,160,7,145,14,14,14,14,1,0,0,3,30,1,28.000,1,1,2,2,717,1,0,0,250,0,0,717,0,0,0,0,1,1,1,1,1,1,0,0,0,107680,0,0,0,0,0,0,0,0,0
6.735000,173.63,25.469,15.300,263,338,72.000,71,71,18.000,39.000,55.000,184,197,316,160,7,144,14,14,14,14,1,0,0,3,30,1,28.000,1,1,3,3,718,1,0,0,250,0,0,718,0,0,0,0,1,1,1,1,1,1,0,0,0,107760,0,0,0,0,0,0,0,0,0
6.740000,175.79,26.319,15.790,270,337,72.000,71,71,18.000,39.000,55.000,189,197,315,160,7,143,14,14,14,14,1,0,0,3,30,1,28.000,1,1,3,3,718,1,0,0,250,0,0,718,0,0,0,0,1,1,1,1,1,1,0,0,0,107840,0,0,0,0,0,0,0,0,0
6.745000,177.95,27.178,16.280,276,336,72.000,71,71,18.000,39.000,55.000,195,196,314,160,7,143,14,14,14,14,1,0,0,3,30,1,28.000,1,1,1,1,719,1,0,0,250,0,0,719,0,0,0,0,1,1,1,1,1,1,0,0,0,107920,0,0,0,0,0,0,0,0,0
6.750000,180.11,28.043,16.820,284,335,72.000,71,71,18.000,39.000,55.000,202,195,313,160,7,142,14,14,14,14,1,0,0,3,30,1,28.000,1,1,0,0,720,1,0,0,250,0,0,720,0,0,0,0,1,1,1,1,1,1,0,0,0,108000,0,0,0,0,0,0,0,0,0
6.755000,182.27,28.908,17.310,291,334,72.000,71,71,18.000,39.000,55.000,208,195,312,160,7,142,14,14,14,14,1,0,0,3,30,1,28.000,1,1,0,0,720,1,0,0,250,0,0,720,0,0,0,0,1,1,1,1,1,1,0,0,0,108080,0,0,0,0,0,0,0,0,0
6.760000,184.43,29.767,17.860,299,333,72.000,71,71,18.000,39.000,55.000,214,194,311,160,7,141,14,14,14,14,1,0,0,3,30,1,28.000,1,1,2,2,721,1,0,0,250,0,0,721,0,0,0,0,1,1,1,1,1,1,0,0,0,108160,0,0,0,0,0,0,0,0,0
6.765000,186.59,30.615,18.350,307,332,72.000,71,71,18.000,39.000,55.000,220,193,310,160,7,141,14,14,14,14,1,0,0,3,30,1,28.000,1,1,2,2,721,1,0,0,250,0,0,721,0,0,0,0,1,1,1,1,1,1,0,0,0,108240,0,0,0,0,0,0,0,0,0
6.770000,188.75,31.447,18.840,315,332,72.000,71,71,18.000,39.000,55.000,226,193,310,160,7,141,14,14,14,14,1,0,0,3,30,1,28.000,1,1,3,3,722,1,0,0,250,0,0,722,0,0,0,0,1,1,1,1,1,1,0,0,0,108320,0,0,0,0,0,0,0,0,0
6.775000,190.91,32.259,19.330,323,332,72.000,71,71,18.000,39.000,55.000,232,193,310,160,7,141,14,14,14,14,1,0,0,3,30,1,28.000,1,1,3,3,722,1,0,0,250,0,0,722,0,0,0,0,1,1,1,1,1,1,0,0,0,108400,0,0,0,0,0,0,0,0,0
6.780000,193.07,33.044,19.820,332,332,72.000,71,71,18.000,39.000,55.000,238,193,310,160,7,141,14,14,14,14,1,0,0,3,30,1,28.000,1,1,1,1,723,1,0,0,250,0,0,723,0,0,0,0,1,1,1,1,1,1,0,0,0,108480,0,0,0,0,0,0,0,0,0
6.785000,195.23,33.798,20.250,340,332,72.000,71,71,18.000,39.000,55.000,243,193,310,160,7,141,14,14,14,14,1,0,0,3,30,1,28.000,1,1,0,0,724,1,0,0,250,0,0,724,0,0,0,0,1,1,1,1,1,1,0,0,0,108560,0,0,0,0,0,0,0,0,0
6.790000,197.39,34.517,20.690,348,332,72.000,71,71,18.000,39.000,55.000,248,193,310,160,7,141,14,14,14,14,1,0,0,3,30,1,28.000,1,1,0,0,724,1,0,0,250,0,0,724,0,0,0,0,1,1,1,1,1,1,0,0,0,108640,0,0,0,0,0,0,0,0,0
6.795000,199.55,35.196,21.120,357,333,72.000,71,71,18.000,39.000,55.000,254,194,311,160,7,141,14,14,14,14,1,0,0,3,30,1,28.000,1,1,2,2,725,1,0,0,250,0,0,725,0,0,0,0,1,1,1,1,1,1,0,0,0,108720,0,0,0,0,0,0,0,0,0
6.800000,201.71,35.831,21.500,365,334,72.000,71,71,18.000,39.000,55.000,258,195,312,160,7,142,14,14,14,14,1,0,0,3,30,1,28.000,1,1,2,2,725,1,0,0,250,0,0,725,0,0,0,0,1,1,1,1,1,1,0,0,0,108800,0,0,0,0,0,0,0,0,0
6.805000,203.87,36.418,21.830,373,336,72.000,71,71,18.000,39.000,55.000,262,196,314,160,7,143,14,14,14,14,1,0,0,3,30,1,28.000,1,1,3,3,726,1,0,0,250,0,0,726,0,0,0,0,1,1,1,1,1,1,0,0,0,108880,0,0,0,0,0,0,0,0,0
6.810000,206.03,36.954,22.150,380,337,72.000,71,71,18.000,39.000,55.000,266,197,315,160,7,143,14,14,14,14,1,0,0,3,30,1,28.000,1,1,3,3,726,1,0,0,250,0,0,726,0,0,0,0,1,1,1,1,1,1,0,0,0,108960,0,0,0,0,0,0,0,0,0
6.815000,208.19,37.434,22.430,388,339,72.000,71,71,18.000,39.000,55.000,269,198,317,160,7,144,14,14,14,14,1,0,0,3,30,1,28.000,1,1,1,1,727,1,0,0,250,0,0,727,0,0,0,0,1,1,1,1,1,1,0,0,0,109040,0,0,0,0,0,0,0,0,0
6.820000,210.35,37.856,22.700,395,341,72.000,71,71,18.000,39.000,55.000,273,199,319,160,7,145,14,14,14,14,1,0,0,3,30,1,28.000,1,1,0,0,728,1,0,0,250,0,0,728,0,0,0,0,1,1,1,1,1,1,0,0,0,109120,0,0,0,0,0,0,0,0,0
6.825000,212.51,38.217,22.920,402,344,72.000,71,71,18.000,39.000,55.000,275,201,322,160,7,147,14,14,14,14,1,0,0,3,30,1,28.000,1,1,0,0,728,1,0,0,250,0,0,728,0,0,0,0,1,1,1,1,1,1,0,0,0,109200,0,0,0,0,0,0,0,0,0
6.830000,214.67,38.515,23.080,408,346,72.000,71,71,18.000,39.000,55.000,277,203,324,160,7,148,14,14,14,14,1,0,0,3,30,1,28.000,1,1,2,2,729,1,0,0,250,0,0,729,0,0,0,0,1,1,1,1,1,1,0,0,0,109280,0,0,0,0,0,0,0,0,0
6.835000,216.83,38.748,23.240,414,349,72.000,71,71,18.000,39.000,55.000,279,204,327,160,7,149,14,14,14,14,1,0,0,3,30,1,28.000,1,1,2,2,729,1,0,0,250,0,0,729,0,0,0,0,1,1,1,1,1,1,0,0,0,109360,0,0,0,0,0,0,0,0,0
6.840000,218.99,38.914,23.350,419,351,72.000,71,71,18.000,39.000,55.000,280,206,330,160,7,150,14,14,14,14,1,0,0,3,30,1,28.000,1,1,3,3,730,1,0,0,250,0,0,730,0,0,0,0,1,1,1,1,1,1,0,0,0,109440,0,0,0,0,0,0,0,0,0
6.845000,221.15,39.012,23.410,424,354,72.000,71,71,18.000,39.000,55.000,281,208,333,160,7,151,14,14,14,14,1,0,0,3,30,1,28.000,1,1,3,3,730,1,0,0,250,0,0,730,0,0,0,0,1,1,1,1,1,1,0,0,0,109520,0,0,0,0,0,0,0,0,0
6.850000,223.31,39.042,23.410,428,357,72.000,71,71,18.000,39.000,55.000,281,210,336,160,7,153,14,14,14,14,1,0,0,3,30,1,28.000,1,1,1,1,731,1,0,0,250,0,0,731,0,0,0,0,1,1,1,1,1,1,0,0,0,109600,0,0,0,0,0,0,0,0,0
6.855000,225.47,39.002,23.410,432,360,72.000,71,71,18.000,39.000,55.000,281,212,339,160,7,154,14,14,14,14,1,0,0,3,30,1,28.000,1,1,0,0,732,1,0,0,250,0,0,732,0,0,0,0,1,1,1,1,1,1,0,0,0,109680,0,0,0,0,0,0,0,0,0
6.860000,227.63,38.892,23.350,435,363,72.000,71,71,18.000,39.000,55.000,280,214,342,160,7,156,14,14,14,14,1,0,0,3,30,1,28.000,1,1,0,0,732,1,0,0,250,0,0,732,0,0,0,0,1,1,1,1,1,1,0,0,0,109760,0,0,0,0,0,0,0,0,0
6.865000,229.79,38.714,23.240,437,366,72.000,71,71,18.000,39.000,55.000,279,216,345,160,7,157,14,14,14,14,1,0,0,3,30,1,28.000,1,1,2,2,733,1,0,0,250,0,0,733,0,0,0,0,1,1,1,1,1,1,0,0,0,109840,0,0,0,0,0,0,0,0,0
6.870000,231.95,38.467,23.080,439,369,72.000,71,71,18.000,39.000,55.000,277,218,348,160,7,159,14,14,14,14,1,0,0,3,30,1,28.000,1,1,2,2,733,1,0,0,250,0,0,733,0,0,0,0,1,1,1,1,1,1,0,0,0,109920,0,0,0,0,0,0,0,0,0
6.875000,234.11,38.154,22.920,440,372,72.000,71,71,18.000,39.000,55.000,275,219,351,160,7,160,14,14,14,14,1,0,0,3,30,1,28.000,1,1,3,3,734,1,0,0,250,0,0,734,0,0,0,0,1,1,1,1,1,1,0,0,0,110000,0,0,0,0,0,0,0,0,0
6.880000,236.27,37.775,22.640,441,375,72.000,71,71,18.000,39.000,55.000,272,222,355,160,7,162,14,14,14,14,1,0,0,3,30,1,28.000,1,1,1,1,735,1,0,0,250,0,0,735,0,0,0,0,1,1,1,1,1,1,0,0,0,110080,0,0,0,0,0,0,0,0,0
6.885000,238.43,37.333,22.370,441,377,72.000,71,71,18.000,39.000,55.000,269,223,357,160,7,162,14,14,14,14,1,0,0,3,30,1,28.000,1,1,1,1,735,1,0,0,250,0,0,735,0,0,0,0,1,1,1,1,1,1,0,0,0,110160,0,0,0,0,0,0,0,0,0
6.890000,240.59,36.829,22.100,440,380,72.000,71,71,18.000,39.000,55.000,265,225,360,160,7,164,14,14,14,14,1,0,0,3,30,1,28.000,1,1,0,0,736,1,0,0,250,0,0,736,0,0,0,0,1,1,1,1,1,1,0,0,0,110240,0,0,0,0,0,0,0,0,0
6.895000,242.75,36.267,21.770,438,382,72.000,71,71,18.000,39.000,55.000,261,226,362,160,7,165,14,14,14,14,1,0,0,3,30,1,28.000,1,1,0,0,736,1,0,0,250,0,0,736,0,0,0,0,1,1,1,1,1,1,0,0,0,110320,0,0,0,0,0,0,0,0,0
6.900000,244.91,35.650,21.390,436,384,72.000,71,71,18.000,39.000,55.000,257,227,364,160,7,166,14,14,14,14,1,0,0,3,30,1,28.000,1,1,2,2,737,1,0,0,250,0,0,737,0,0,0,0,1,1,1,1,1,1,0,0,0,110400,0,0,0,0,0,0,0,0,0
6.905000,247.07,34.980,20.960,433,386,72.000,71,71,18.000,39.000,55.000,252,229,366,160,7,167,14,14,14,14,1,0,0,3,30,1,28.000,1,1,2,2,737,1,0,0,250,0,0,737,0,0,0,0,1,1,1,1,1,1,0,0,0,110480,0,0,0,0,0,0,0,0,0
6.910000,249.23,34.262,20.520,430,388,72.000,71,71,18.000,39.000,55.000,246,230,368,160,7,168,14,14,14,14,1,0,0,3,30,1,28.000,1,1,3,3,738,1,0,0,250,0,0,738,0,0,0,0,1,1,1,1,1,1,0,0,0,110560,0,0,0,0,0,0,0,0,0
6.915000,251.39,33.499,20.090,426,390,72.000,71,71,18.000,39.000,55.000,241,231,370,160,7,169,14,14,14,14,1,0,0,3,30,1,28.000,1,1,1,1,739,1,0,0,250,0,0,739,0,0,0,0,1,1,1,1,1,1,0,0,0,110640,0,0,0,0,0,0,0,0,0
6.920000,253.55,32.696,19.600,421,391,72.000,71,71,18.000,39.000,55.000,235,232,371,160,7,169,14,14,14,14,1,0,0,3,30,1,28.000,1,1,1,1,739,1,0,0,250,0,0,739,0,0,0,0,1,1,1,1,1,1,0,0,0,110720,0,0,0,0,0,0,0,0,0
6.925000,255.71,31.858,19.110,416,392,72.000,71,71,18.000,39.000,55.000,229,233,372,160,7,170,14,14,14,14,1,0,0,3,30,1,28.000,1,1,0,0,740,1,0,0,250,0,0,740,0,0,0,0,1,1,1,1,1,1,0,0,0,110800,0,0,0,0,0,0,0,0,0
6.930000,257.87,30.988,18.560,410,393,72.000,71,71,18.000,39.000,55.000,223,233,374,160,7,170,14,14,14,14,1,0,0,3,30,1,28.000,1,1,0,0,740,1,0,0,250,0,0,740,0,0,0,0,1,1,1,1,1,1,0,0,0,110880,0,0,0,0,0,0,0,0,0
6.935000,260.03,30.092,18.080,404,394,72.000,71,71,18.000,39.000,55.000,217,234,375,160,7,171,14,14,14,14,1,0,0,3,30,1,28.000,1,1,2,2,741,1,0,0,250,0,0,741,0,0,0,0,1,1,1,1,1,1,0,0,0,110960,0,0,0,0,0,0,0,0,0
6.940000,262.19,29.174,17.480,397,394,72.000,71,71,18.000,39.000,55.000,210,234,375,160,7,171,14,14,14,14,1,0,0,3,30,1,28.000,1,1,2,2,741,1,0,0,250,0,0,741,0,0,0,0,1,1,1,1,1,1,0,0,0,111040,0,0,0,0,0,0,0,0,0
6.945000,264.35,28.241,16.930,390,394,72.000,71,71,18.000,39.000,55.000,203,234,375,160,7,171,14,14,14,14,1,0,0,3,30,1,28.000,1,1,3,3,742,1,0,0,250,0,0,742,0,0,0,0,1,1,1,1,1,1,0,0,0,111120,0,0,0,0,0,0,0,0,0
6.950000,266.51,27.296,16.390,382,394,72.000,71,71,18.000,39.000,55.000,197,234,375,160,7,171,14,14,14,14,1,0,0,3,30,1,28.000,1,1,1,1,743,1,0,0,250,0,0,743,0,0,0,0,1,1,1,1,1,1,0,0,0,111200,0,0,0,0,0,0,0,0,0
6.955000,268.67,26.346,15.790,374,393,72.000,71,71,18.000,39.000,55.000,189,233,374,160,7,170,14,14,14,14,1,0,0,3,30,1,28.000,1,1,1,1,743,1,0,0,250,0,0,743,0,0,0,0,1,1,1,1,1,1,0,0,0,111280,0,0,0,0,0,0,0,0,0
6.960000,270.83,25.396,15.250,365,393,72.000,71,71,18.000,39.000,55.000,183,233,374,160,7,170,14,14,14,14,1,0,0,3,30,1,28.000,1,1,0,0,744,1,0,0,250,0,0,744,0,0,0,0,1,1,1,1,1,1,0,0,0,111360,0,0,0,0,0,0,0,0,0
6.965000,272.99,24.451,14.650,357,392,72.000,71,71,18.000,39.000,55.000,176,233,372,160,7,170,14,14,14,14,1,0,0,3,30,1,28.000,1,1,0,0,744,1,0,0,250,0,0,744,0,0,0,0,1,1,1,1,1,1,0,0,0,111440,0,0,0,0,0,0,0,0,0
6.970000,275.15,23.517,14.100,348,392,72.000,71,71,18.000,39.000,55.000,169,233,372,160,7,170,14,14,14,14,1,0,0,3,30,1,28.000,1,1,2,2,745,1,0,0,250,0,0,745,0,0,0,0,1,1,1,1,1,1,0,0,0,111520,0,0,0,0,0,0,0,0,0
6.975000,277.31,22.599,13.560,339,391,72.000,71,71,18.000,39.000,55.000,163,232,371,160,7,169,14,14,14,14,1,0,0,3,30,1,28.000,1,1,2,2,745,1,0,0,250,0,0,745,0,0,0,0,1,1,1,1,1,1,0,0,0,111600,0,0,0,0,0,0,0,0,0
6.980000,279.47,21.702,13.020,329,390,72.000,71,71,18.000,39.000,55.000,156,231,370,160,7,169,14,14,14,14,1,0,0,3,30,1,28.000,1,1,3,3,746,1,0,0,250,0,0,746,0,0,0,0,1,1,1,1,1,1,0,0,0,111680,0,0,0,0,0,0,0,0,0
6.985000,281.63,20.831,12.530,320,388,72.000,71,71,18.000,39.000,55.000,150,230,368,160,7,168,14,14,14,14,1,0,0,3,30,1,28.000,1,1,1,1,747,1,0,0,250,0,0,747,0,0,0,0,1,1,1,1,1,1,0,0,0,111760,0,0,0,0,0,0,0,0,0
6.990000,283.79,19.992,11.980,311,387,72.000,71,71,18.000,39.000,55.000,144,229,367,160,7,167,14,14,14,14,1,0,0,3,30,1,28.000,1,1,1,1,747,1,0,0,250,0,0,747,0,0,0,0,1,1,1,1,1,1,0,0,0,111840,0,0,0,0,0,0,0,0,0
6.995000,285.95,19.189,11.490,302,385,72.000,71,71,18.000,39.000,55.000,138,228,365,160,7,166,14,14,14,14,1,0,0,3,30,1,28.000,1,1,0,0,748,1,0,0,250,0,0,748,0,0,0,0,1,1,1,1,1,1,0,0,0,111920,0,0,0,0,0,0,0,0,0
7.000000,288.11,18.426,11.060,293,384,72.000,71,71,18.000,39.000,55.000,133,227,364,160,7,166,14,14,14,14,1,0,0,3,30,1,28.000,1,1,0,0,748,1,0,0,250,0,0,748,0,0,0,0,1,1,1,1,1,1,0,0,0,112000,0,0,0,0,0,0,0,0,0
7.005000,290.27,17.710,10.620,283,382,72.000,72,72,18.000,39.000,55.000,129,229,367,160,7,165,14,14,14,14,1,0,0,3,30,1,28.000,1,1,2,2,749,1,0,0,250,0,0,749,0,0,0,0,1,1,1,1,1,1,0,0,0,112080,0,0,0,0,0,0,0,0,0
7.010000,292.43,17.042,10.240,275,380,72.000,72,72,18.000,39.000,55.000,124,228,365,160,7,164,14,14,14,14,1,0,0,3,30,1,28.000,1,1,2,2,749,1,0,0,250,0,0,749,0,0,0,0,1,1,1,1,1,1,0,0,0,112160,0,0,0,0,0,0,0,0,0
7.015000,294.59,16.428,9.860,266,378,72.000,72,72,18.000,39.000,55.000,120,227,363,160,7,163,14,14,14,14,1,0,0,3,30,1,28.000,1,1,3,3,750,1,0,0,250,0,0,750,0,0,0,0,1,1,1,1,1,1,0,0,0,112240,0,0,0,0,0,0,0,0,0
7.020000,296.75,15.872,9.540,258,375,72.000,72,72,18.000,39.000,55.000,116,225,360,160,7,162,14,14,14,14,1,0,0,3,30,1,28.000,1,1,1,1,751,1,0,0,250,0,0,751,0,0,0,0,1,1,1,1,1,1,0,0,0,112320,0,0,0,0,0,0,0,0,0
7.025000,298.91,15.375,9.210,250,373,72.000,72,72,18.000,39.000,55.000,112,223,358,160,7,161,14,14,14,14,1,0,0,3,30,1,28.000,1,1,1,1,751,1,0,0,250,0,0,751,0,0,0,0,1,1,1,1,1,1,0,0,0,112400,0,0,0,0,0,0,0,0,0
7.030000,301.07,14.942,8.940,242,371,72.000,72,72,18.000,39.000,55.000,109,222,355,160,7,160,14,14,14,14,1,0,0,3,30,1,28.000,1,1,0,0,752,1,0,0,250,0,0,752,0,0,0,0,1,1,1,1,1,1,0,0,0,112480,0,0,0,0,0,0,0,0,0
7.035000,303.23,14.575,8.720,235,368,72.000,72,72,18.000,39.000,55.000,106,220,352,160,7,158,14,14,14,14,1,0,0,3,30,1,28.000,1,1,0,0,752,1,0,0,250,0,0,752,0,0,0,0,1,1,1,1,1,1,0,0,0,112560,0,0,0,0,0,0,0,0,0
7.040000,305.39,14.276,8.560,228,365,72.000,71,71,18.000,39.000,55.000,102,215,344,160,7,157,14,14,14,14,1,0,0,3,30,1,28.000,1,1,2,2,753,1,0,0,250,0,0,753,0,0,0,0,1,1,1,1,1,1,0,0,0,112640,0,0,0,0,0,0,0,0,0
7.045000,307.55,14.048,8.450,222,363,72.000,71,71,18.000,39.000,55.000,101,214,342,160,7,156,14,14,14,14,1,0,0,3,30,1,28.000,1,1,3,3,754,1,0,0,250,0,0,754,0,0,0,0,1,1,1,1,1,1,0,0,0,112720,0,0,0,0,0,0,0,0,0
7.050000,309.71,13.891,8.340,216,360,72.000,71,71,18.000,39.000,55.000,100,212,339,160,7,154,14,14,14,14,1,0,0,3,30,1,28.000,1,1,3,3,754,1,0,0,250,0,0,754,0,0,0,0,1,1,1,1,1,1,0,0,0,112800,0,0,0,0,0,0,0,0,0
7.055000,311.87,13.807,8.280,211,357,72.000,71,71,18.000,39.000,55.000,99,210,336,160,7,153,14,14,14,14,1,0,0,3,30,1,28.000,1,1,1,1,755,1,0,0,250,0,0,755,0,0,0,0,1,1,1,1,1,1,0,0,0,112880,0,0,0,0,0,0,0,0,0
7.060000,314.03,13.797,8.280,207,354,72.000,71,71,18.000,39.000,55.000,99,208,333,160,7,151,14,14,14,14,1,0,0,3,30,1,28.000,1,1,1,1,755,1,0,0,250,0,0,755,0,0,0,0,1,1,1,1,1,1,0,0,0,112960,0,0,0,0,0,0,0,0,0
7.065000,316.19,13.860,8.280,203,351,72.000,71,71,18.000,39.000,55.000,99,206,330,160,7,150,14,14,14,14,1,0,0,3,30,1,28.000,1,1,0,0,756,1,0,0,250,0,0,756,0,0,0,0,1,1,1,1,1,1,0,0,0,113040,0,0,0,0,0,0,0,0,0
7.070000,318.35,13.997,8.390,200,348,72.000,71,71,18.000,39.000,55.000,100,204,326,160,7,149,14,14,14,14,1,0,0,3,30,1,28.000,1,1,0,0,756,1,0,0,250,0,0,756,0,0,0,0,1,1,1,1,1,1,0,0,0,113120,0,0,0,0,0,0,0,0,0
7.075000,320.51,14.208,8.500,198,345,72.000,71,71,18.000,39.000,55.000,102,202,323,160,7,147,14,14,14,14,1,0,0,3,30,1,28.000,1,1,2,2,757,1,0,0,250,0,0,757,0,0,0,0,1,1,1,1,1,1,0,0,0,113200,0,0,0,0,0,0,0,0,0
7.080000,322.67,14.490,8.670,196,342,72.000,71,71,18.000,39.000,55.000,104,200,320,160,7,146,14,14,14,14,1,0,0,3,30,1,28.000,1,1,3,3,758,1,0,0,250,0,0,758,0,0,0,0,1,1,1,1,1,1,0,0,0,113280,0,0,0,0,0,0,0,0,0
7.085000,324.83,14.844,8.880,195,339,72.000,71,71,18.000,39.000,55.000,106,198,317,160,7,144,14,14,14,14,1,0,0,3,30,1,28.000,1,1,3,3,758,1,0,0,250,0,0,758,0,0,0,0,1,1,1,1,1,1,0,0,0,113360,0,0,0,0,0,0,0,0,0
7.090000,326.99,15.267,9.150,194,337,72.000,71,71,18.000,39.000,55.000,110,197,315,160,7,143,14,14,14,14,1,0,0,3,30,1,28.000,1,1,1,1,759,1,0,0,250,0,0,759,0,0,0,0,1,1,1,1,1,1,0,0,0,113440,0,0,0,0,0,0,0,0,0
7.095000,329.15,15.757,9.430,195,334,72.000,71,71,18.000,39.000,55.000,113,195,312,160,7,142,14,14,14,14,1,0,0,3,30,1,28.000,1,1,1,1,759,1,0,0,250,0,0,759,0,0,0,0,1,1,1,1,1,1,0,0,0,113520,0,0,0,0,0,0,0,0,0
7.100000,331.31,16.312,9.750,196,331,72.000,71,71,18.000,39.000,55.000,117,193,309,160,7,140,14,14,14,14,1,0,0,3,30,1,28.000,1,1,0,0,760,1,0,0,250,0,0,760,0,0,0,0,1,1,1,1,1,1,0,0,0,113600,0,0,0,0,0,0,0,0,0
7.105000,333.47,16.928,10.130,197,329,72.000,71,71,18.000,39.000,55.000,121,191,306,160,7,140,14,14,14,14,1,0,0,3,30,1,28.000,1,1,0,0,760,1,0,0,250,0,0,760,0,0,0,0,1,1,1,1,1,1,0,0,0,113680,0,0,0,0,0,0,0,0,0
7.110000,335.63,17.603,10.570,200,326,72.000,71,71,18.000,39.000,55.000,127,189,303,160,7,138,14,14,14,14,1,0,0,3,30,1,28.000,1,1,2,2,761,1,0,0,250,0,0,761,0,0,0,0,1,1,1,1,1,1,0,0,0,113760,0,0,0,0,0,0,0,0,0
7.115000,337.79,18.334,11.000,203,324,72.000,71,71,18.000,39.000,55.000,132,188,301,160,7,137,14,14,14,14,1,0,0,3,30,1,28.000,1,1,3,3,762,1,0,0,250,0,0,762,0,0,0,0,1,1,1,1,1,1,0,0,0,113840,0,0,0,0,0,0,0,0,0
7.120000,339.95,19.115,11.490,207,321,72.000,71,71,18.000,39.000,55.000,138,186,298,160,7,136,14,14,14,14,1,0,0,3,30,1,28.000,1,1,3,3,762,1,0,0,250,0,0,762,0,0,0,0,1,1,1,1,1,1,0,0,0,113920,0,0,0,0,0,0,0,0,0
7.125000,342.11,19.944,11.980,212,319,72.000,71,71,18.000,39.000,55.000,144,185,296,160,7,135,14,14,14,14,1,0,0,3,30,1,28.000,1,1,1,1,763,1,0,0,250,0,0,763,0,0,0,0,1,1,1,1,1,1,0,0,0,114000,0,0,0,0,0,0,0,0,0
7.130000,344.27,20.816,12.470,217,317,72.000,71,71,18.000,39.000,55.000,149,184,294,160,7,134,14,14,14,14,1,0,0,3,30,1,28.000,1,1,1,1,763,1,0,0,250,0,0,763,0,0,0,0,1,1,1,1,1,1,0,0,0,114080,0,0,0,0,0,0,0,0,0
7.135000,346.43,21.726,13.020,223,315,72.000,71,71,18.000,39.000,55.000,156,182,292,160,7,133,14,14,14,14,1,0,0,3,30,1,28.000,1,1,0,0,764,1,0,0,250,0,0,764,0,0,0,0,1,1,1,1,1,1,0,0,0,114160,0,0,0,0,0,0,0,0,0
7.140000,348.59,22.669,13.620,229,313,72.000,71,71,18.000,39.000,55.000,163,181,290,160,7,132,14,14,14,14,1,0,0,3,30,1,28.000,1,1,0,0,764,1,0,0,250,0,0,764,0,0,0,0,1,1,1,1,1,1,0,0,0,114240,0,0,0,0,0,0,0,0,0
7.145000,350.75,23.641,14.160,236,312,72.000,71,71,18.000,39.000,55.000,170,180,289,160,7,131,14,14,14,14,1,0,0,3,30,1,28.000,1,1,2,2,765,1,0,0,250,0,0,765,0,0,0,0,1,1,1,1,1,1,0,0,0,114320,0,0,0,0,0,0,0,0,0
7.150000,352.91,24.636,14.760,243,310,72.000,71,71,18.000,39.000,55.000,177,179,287,160,7,130,14,14,14,14,1,0,0,3,30,1,28.000,1,1,3,3,766,1,0,0,250,0,0,766,0,0,0,0,1,1,1,1,1,1,0,0,0,114400,0,0,0,0,0,0,0,0,0
7.155000,355.07,25.649,15.410,251,309,72.000,71,71,18.000,39.000,55.000,185,178,286,160,7,130,14,14,14,14,1,0,0,3,30,1,28.000,1,1,3,3,766,1,0,0,250,0,0,766,0,0,0,0,1,1,1,1,1,1,0,0,0,114480,0,0,0,0,0,0,0,0,0
7.160000,357.23,26.674,16.010,260,308,72.000,71,71,18.000,39.000,55.000,192,178,285,160,7,130,14,14,14,14,1,0,0,3,30,1,28.000,1,1,1,1,767,1,0,0,250,0,0,767,0,0,0,0,1,1,1,1,1,1,0,0,0,114560,0,0,0,0,0,0,0,0,0
7.165000,359.39,27.707,16.610,269,307,72.000,71,71,18.000,39.000,55.000,199,177,284,160,7,129,14,14,14,14,1,0,0,3,30,1,28.000,1,1,1,1,767,1,0,0,250,0,0,767,0,0,0,0,1,1,1,1,1,1,0,0,0,114640,0,0,0,0,0,0,0,0,0
7.170000,1.55,28.741,17.260,278,307,72.000,71,71,18.000,39.000,55.000,207,177,284,160,7,129,14,14,14,14,1,0,0,3,30,1,28.000,1,1,0,0,768,1,0,0,250,0,0,768,0,0,0,0,1,1,1,1,1,1,0,0,0,114720,0,0,0,0,0,0,0,0,0
7.175000,3.71,29.771,17.860,287,306,72.000,71,71,18.000,39.000,55.000,214,176,282,160,7,129,14,14,14,14,1,0,0,3,30,1,28.000,1,1,0,0,768,1,0,0,250,0,0,768,0,0,0,0,1,1,1,1,1,1,0,0,0,114800,0,0,0,0,0,0,0,0,0
7.180000,5.87,30.792,18.460,297,306,72.000,71,71,18.000,39.000,55.000,222,176,282,160,7,129,14,14,14,14,1,0,0,3,30,1,28.000,1,1,2,2,769,1,0,0,250,0,0,769,0,0,0,0,1,1,1,1,1,1,0,0,0,114880,0,0,0,0,0,0,0,0,0
7.185000,8.03,31.798,19.050,307,306,72.000,71,71,18.000,39.000,55.000,229,176,282,160,7,129,14,14,14,14,1,0,0,3,30,1,28.000,1,1,3,3,770,1,0,0,250,0,0,770,0,0,0,0,1,1,1,1,1,1,0,0,0,114960,0,0,0,0,0,0,0,0,0
7.190000,10.19,32.783,19.650,317,306,72.000,71,71,18.000,39.000,55.000,236,176,282,160,7,129,14,14,14,14,1,0,0,3,30,1,28.000,1,1,3,3,770,1,0,0,250,0,0,770,0,0,0,0,1,1,1,1,1,1,0,0,0,115040,0,0,0,0,0,0,0,0,0
7.195000,12.35,33.743,20.250,327,307,72.000,71,71,18.000,39.000,55.000,243,177,284,160,7,129,14,14,14,14,1,0,0,3,30,1,28.000,1,1,1,1,771,1,0,0,250,0,0,771,0,0,0,0,1,1,1,1,1,1,0,0,0,115120,0,0,0,0,0,0,0,0,0
7.200000,14.51,34.673,20.790,337,308,72.000,71,71,18.000,39.000,55.000,250,178,285,160,7,130,14,14,14,14,1,0,0,3,30,1,28.000,1,1,1,1,771,1,0,0,250,0,0,771,0,0,0,0,1,1,1,1,1,1,0,0,0,115200,0,0,0,0,0,0,0,0,0
7.205000,16.67,35.567,21.340,347,309,72.000,71,71,18.000,39.000,55.000,256,178,286,160,7,130,14,14,14,14,1,0,0,3,30,1,28.000,1,1,0,0,772,1,0,0,250,0,0,772,0,0,0,0,1,1,1,1,1,1,0,0,0,115280,0,0,0,0,0,0,0,0,0
7.210000,18.83,36.420,21.830,357,311,72.000,71,71,18.000,39.000,55.000,262,180,288,160,7,131,14,14,14,14,1,0,0,3,30,1,28.000,1,1,2,2,773,1,0,0,250,0,0,773,0,0,0,0,1,1,1,1,1,1,0,0,0,115360,0,0,0,0,0,0,0,0,0
7.215000,20.99,37.229,22.320,367,313,72.000,71,71,18.000,39.000,55.000,268,181,290,160,7,132,14,14,14,14,1,0,0,3,30,1,28.000,1,1,2,2,773,1,0,0,250,0,0,773,0,0,0,0,1,1,1,1,1,1,0,0,0,115440,0,0,0,0,0,0,0,0,0
7.220000,23.15,37.989,22.810,377,315,72.000,71,71,18.000,39.000,55.000,274,182,292,160,7,133,14,14,14,14,1,0,0,3,30,1,28.000,1,1,3,3,774,1,0,0,250,0,0,774,0,0,0,0,1,1,1,1,1,1,0,0,0,115520,0,0,0,0,0,0,0,0,0
7.225000,25.31,38.696,23.190,387,318,72.000,71,71,18.000,39.000,55.000,278,184,295,160,7,134,14,14,14,14,1,0,0,3,30,1,28.000,1,1,3,3,774,1,0,0,250,0,0,774,0,0,0,0,1,1,1,1,1,1,0,0,0,115600,0,0,0,0,0,0,0,0,0
7.230000,27.47,39.346,23.620,396,321,72.000,71,71,18.000,39.000,55.000,284,186,298,160,7,136,14,14,14,14,1,0,0,3,30,1,28.000,1,1,1,1,775,1,0,0,250,0,0,775,0,0,0,0,1,1,1,1,1,1,0,0,0,115680,0,0,0,0,0,0,0,0,0
7.235000,29.63,39.937,23.950,405,324,72.000,71,71,18.000,39.000,55.000,288,188,301,160,7,137,14,14,14,14,1,0,0,3,30,1,28.000,1,1,1,1,775,1,0,0,250,0,0,775,0,0,0,0,1,1,1,1,1,1,0,0,0,115760,0,0,0,0,0,0,0,0,0
7.240000,31.79,40.464,24.280,413,328,72.000,71,71,18.000,39.000,55.000,292,191,305,160,7,139,14,14,14,14,1,0,0,3,30,1,28.000,1,1,0,0,776,1,0,0,250,0,0,776,0,0,0,0,1,1,1,1,1,1,0,0,0,115840,0,0,0,0,0,0,0,0,0
7.245000,33.95,40.925,24.550,422,331,72.000,71,71,18.000,39.000,55.000,295,193,309,160,7,140,14,14,14,14,1,0,0,3,30,1,28.000,1,1,2,2,777,1,0,0,250,0,0,777,0,0,0,0,1,1,1,1,1,1,0,0,0,115920,0,0,0,0,0,0,0,0,0
7.250000,36.11,41.318,24.770,429,335,72.000,71,71,18.000,39.000,55.000,297,195,313,160,7,142,14,14,14,14,1,0,0,3,30,1,28.000,1,1,2,2,777,1,0,0,250,0,0,777,0,0,0,0,1,1,1,1,1,1,0,0,0,116000,0,0,0,0,0,0,0,0,0
7.255000,38.27,41.641,24.980,436,339,72.000,71,71,18.000,39.000,55.000,300,198,317,160,7,144,14,14,14,14,1,0,0,3,30,1,28.000,1,1,3,3,778,1,0,0,250,0,0,778,0,0,0,0,1,1,1,1,1,1,0,0,0,116080,0,0,0,0,0,0,0,0,0
7.260000,40.43,41.893,25.150,443,343,72.000,71,71,18.000,39.000,55.000,302,201,321,160,7,146,14,14,14,14,1,0,0,3,30,1,28.000,1,1,3,3,778,1,0,0,250,0,0,778,0,0,0,0,1,1,1,1,1,1,0,0,0,116160,0,0,0,0,0,0,0,0,0
7.265000,42.59,42.071,25.260,449,347,72.000,71,71,18.000,39.000,55.000,303,203,325,160,7,148,14,14,14,14,1,0,0,3,30,1,28.000,1,1,1,1,779,1,0,0,250,0,0,779,0,0,0,0,1,1,1,1,1,1,0,0,0,116240,0,0,0,0,0,0,0,0,0
7.270000,44.75,42.176,25.310,455,352,72.000,71,71,18.000,39.000,55.000,304,206,331,160,7,151,14,14,14,14,1,0,0,3,30,1,28.000,1,1,1,1,779,1,0,0,250,0,0,779,0,0,0,0,1,1,1,1,1,1,0,0,0,116320,0,0,0,0,0,0,0,0,0
7.275000,46.91,42.208,25.310,459,356,72.000,71,71,18.000,39.000,55.000,304,209,335,160,7,152,14,14,14,14,1,0,0,3,30,1,28.000,1,1,0,0,780,1,0,0,250,0,0,780,0,0,0,0,1,1,1,1,1,1,0,0,0,116400,0,0,0,0,0,0,0,0,0
7.280000,49.07,42.165,25.310,464,360,72.000,71,71,18.000,39.000,55.000,304,212,339,160,7,154,14,14,14,14,1,0,0,3,30,1,28.000,1,1,2,2,781,1,0,0,250,0,0,781,0,0,0,0,1,1,1,1,1,1,0,0,0,116480,0,0,0,0,0,0,0,0,0
7.285000,51.23,42.050,25.200,467,365,72.000,71,71,18.000,39.000,55.000,303,215,344,160,7,157,14,14,14,14,1,0,0,3,30,1,28.000,1,1,2,2,781,1,0,0,250,0,0,781,0,0,0,0,1,1,1,1,1,1,0,0,0,116560,0,0,0,0,0,0,0,0,0
7.290000,53.39,41.862,25.090,470,369,72.000,71,71,18.000,39.000,55.000,301,218,348,160,7,159,14,14,14,14,1,0,0,3,30,1,28.000,1,1,3,3,782,1,0,0,250,0,0,782,0,0,0,0,1,1,1,1,1,1,0,0,0,116640,0,0,0,0,0,0,0,0,0
7.295000,55.55,41.603,24.930,472,373,72.000,71,71,18.000,39.000,55.000,299,220,353,160,7,161,14,14,14,14,1,0,0,3,30,1,28.000,1,1,3,3,782,1,0,0,250,0,0,782,0,0,0,0,1,1,1,1,1,1,0,0,0,116720,0,0,0,0,0,0,0,0,0
7.300000,57.71,41.274,24.770,473,377,72.000,71,71,18.000,39.000,55.000,297,223,357,160,7,162,14,14,14,14,1,0,0,3,30,1,28.000,1,1,1,1,783,1,0,0,250,0,0,783,0,0,0,0,1,1,1,1,1,1,0,0,0,116800,0,0,0,0,0,0,0,0,0
7.305000,59.87,40.878,24.490,474,381,72.000,71,71,18.000,39.000,55.000,294,225,361,160,7,164,14,14,14,14,1,0,0,3,30,1,28.000,1,1,1,1,783,1,0,0,250,0,0,783,0,0,0,0,1,1,1,1,1,1,0,0,0,116880,0,0,0,0,0,0,0,0,0
7.310000,62.03,40.417,24.220,474,385,72.000,71,71,18.000,39.000,55.000,291,228,365,160,7,166,14,14,14,14,1,0,0,3,30,1,28.000,1,1,0,0,784,1,0,0,250,0,0,784,0,0,0,0,1,1,1,1,1,1,0,0,0,116960,0,0,0,0,0,0,0,0,0
7.315000,64.19,39.894,23.950,473,388,72.000,72,72,18.000,39.000,55.000,292,233,373,160,7,168,14,14,14,14,1,0,0,3,30,1,28.000,1,1,2,2,785,1,0,0,250,0,0,785,0,0,0,0,1,1,1,1,1,1,0,0,0,117040,0,0,0,0,0,0,0,0,0
7.320000,66.35,39.312,23.570,472,392,72.000,72,72,18.000,39.000,55.000,287,236,378,160,7,170,14,14,14,14,1,0,0,3,30,1,28.000,1,1,2,2,785,1,0,0,250,0,0,785,0,0,0,0,1,1,1,1,1,1,0,0,0,117120,0,0,0,0,0,0,0,0,0
7.325000,68.51,38.675,23.190,470,395,72.000,72,72,18.000,39.000,55.000,282,238,381,160,7,171,14,14,14,14,1,0,0,3,30,1,28.000,1,1,3,3,786,1,0,0,250,0,0,786,0,0,0,0,1,1,1,1,1,1,0,0,0,117200,0,0,0,0,0,0,0,0,0
7.330000,70.67,37.986,22.810,467,398,72.000,72,72,18.000,39.000,55.000,278,240,384,160,7,173,14,14,14,14,1,0,0,3,30,1,28.000,1,1,3,3,786,1,0,0,250,0,0,786,0,0,0,0,1,1,1,1,1,1,0,0,0,117280,0,0,0,0,0,0,0,0,0
7.335000,72.83,37.249,22.320,463,401,72.000,72,72,18.000,39.000,55.000,272,242,387,160,7,174,14,14,14,14,1,0,0,3,30,1,28.000,1,1,1,1,787,1,0,0,250,0,0,787,0,0,0,0,1,1,1,1,1,1,0,0,0,117360,0,0,0,0,0,0,0,0,0
7.340000,74.99,36.468,21.880,459,403,72.000,72,72,18.000,39.000,55.000,266,243,389,160,7,175,14,14,14,14,1,0,0,3,30,1,28.000,1,1,1,1,787,1,0,0,250,0,0,787,0,0,0,0,1,1,1,1,1,1,0,0,0,117440,0,0,0,0,0,0,0,0,0
7.345000,77.15,35.649,21.390,454,405,72.000,72,72,18.000,39.000,55.000,260,245,392,160,7,176,14,14,14,14,1,0,0,3,30,1,28.000,1,1,0,0,788,1,0,0,250,0,0,788,0,0,0,0,1,1,1,1,1,1,0,0,0,117520,0,0,0,0,0,0,0,0,0
7.350000,79.31,34.795,20.850,449,407,72.000,71,71,18.000,39.000,55.000,250,242,388,160,7,177,14,14,14,14,1,0,0,3,30,1,28.000,1,1,2,2,789,1,0,0,250,0,0,789,0,0,0,0,1,1,1,1,1,1,0,0,0,117600,0,0,0,0,0,0,0,0,0
7.355000,81.47,33.913,20.360,443,409,72.000,71,71,18.000,39.000,55.000,244,244,390,160,7,178,14,14,14,14,1,0,0,3,30,1,28.000,1,1,2,2,789,1,0,0,250,0,0,789,0,0,0,0,1,1,1,1,1,1,0,0,0,117680,0,0,0,0,0,0,0,0,0
7.360000,83.63,33.006,19.820,437,410,72.000,71,71,18.000,39.000,55.000,238,244,391,160,7,178,14,14,14,14,1,0,0,3,30,1,28.000,1,1,3,3,790,1,0,0,250,0,0,790,0,0,0,0,1,1,1,1,1,1,0,0,0,117760,0,0,0,0,0,0,0,0,0
7.365000,85.79,32.080,19.220,430,411,72.000,71,71,18.000,39.000,55.000,231,245,392,160,7,179,14,14,14,14,1,0,0,3,30,1,28.000,1,1,3,3,790,1,0,0,250,0,0,790,0,0,0,0,1,1,1,1,1,1,0,0,0,117840,0,0,0,0,0,0,0,0,0
7.370000,87.95,31.140,18.670,422,411,72.000,71,71,18.000,39.000,55.000,224,245,392,160,7,179,14,14,14,14,1,0,0,3,30,1,28.000,1,1,1,1,791,1,0,0,250,0,0,791,0,0,0,0,1,1,1,1,1,1,0,0,0,117920,0,0,0,0,0,0,0,0,0
7.375000,90.11,30.192,18.130,414,411,72.000,71,71,18.000,39.000,55.000,218,245,392,160,7,179,14,14,14,14,1,0,0,3,30,1,28.000,1,1,0,0,792,1,0,0,250,0,0,792,0,0,0,0,1,1,1,1,1,1,0,0,0,118000,0,0,0,0,0,0,0,0,0
7.380000,92.27,29.242,17.530,406,411,72.000,71,71,18.000,39.000,55.000,210,245,392,160,7,179,14,14,14,14,1,0,0,3,30,1,28.000,1,1,0,0,792,1,0,0,250,0,0,792,0,0,0,0,1,1,1,1,1,1,0,0,0,118080,0,0,0,0,0,0,0,0,0
7.385000,94.43,28.294,16.990,398,411,72.000,71,71,18.000,39.000,55.000,204,245,392,160,7,179,14,14,14,14,1,0,0,3,30,1,28.000,1,1,2,2,793,1,0,0,250,0,0,793,0,0,0,0,1,1,1,1,1,1,0,0,0,118160,0,0,0,0,0,0,0,0,0
7.390000,96.59,27.353,16.390,389,411,72.000,71,71,18.000,39.000,55.000,197,245,392,160,7,179,14,14,14,14,1,0,0,3,30,1,28.000,1,1,2,2,793,1,0,0,250,0,0,793,0,0,0,0,1,1,1,1,1,1,0,0,0,118240,0,0,0,0,0,0,0,0,0
7.395000,98.75,26.426,15.850,380,411,72.000,71,71,18.000,39.000,55.000,190,245,392,160,7,179,14,14,14,14,1,0,0,3,30,1,28.000,1,1,3,3,794,1,0,0,250,0,0,794,0,0,0,0,1,1,1,1,1,1,0,0,0,118320,0,0,0,0,0,0,0,0,0
7.400000,100.91,25.517,15.300,371,410,72.000,71,71,18.000,39.000,55.000,184,244,391,160,7,178,14,14,14,14,1,0,0,3,30,1,28.000,1,1,3,3,794,1,0,0,250,0,0,794,0,0,0,0,1,1,1,1,1,1,0,0,0,118400,0,0,0,0,0,0,0,0,0
7.405000,103.07,24.632,14.760,362,409,72.000,71,71,18.000,39.000,55.000,177,244,390,160,7,178,14,14,14,14,1,0,0,3,30,1,28.000,1,1,1,1,795,1,0,0,250,0,0,795,0,0,0,0,1,1,1,1,1,1,0,0,0,118480,0,0,0,0,0,0,0,0,0
7.410000,105.23,23.775,14.270,353,408,72.000,71,71,18.000,39.000,55.000,171,243,389,160,7,177,14,14,14,14,1,0,0,3,30,1,28.000,1,1,0,0,796,1,0,0,250,0,0,796,0,0,0,0,1,1,1,1,1,1,0,0,0,118560,0,0,0,0,0,0,0,0,0
7.415000,107.39,22.951,13.780,343,407,72.000,71,71,18.000,39.000,55.000,165,242,388,160,7,177,14,14,14,14,1,0,0,3,30,1,28.000,1,1,0,0,796,1,0,0,250,0,0,796,0,0,0,0,1,1,1,1,1,1,0,0,0,118640,0,0,0,0,0,0,0,0,0
7.420000,109.55,22.165,13.290,334,406,72.000,71,71,18.000,39.000,55.000,159,242,387,160,7,176,14,14,14,14,1,0,0,3,30,1,28.000,1,1,2,2,797,1,0,0,250,0,0,797,0,0,0,0,1,1,1,1,1,1,0,0,0,118720,0,0,0,0,0,0,0,0,0
7.425000,111.71,21.421,12.850,325,404,72.000,71,71,18.000,39.000,55.000,154,240,385,160,7,175,14,14,14,14,1,0,0,3,30,1,28.000,1,1,2,2,797,1,0,0,250,0,0,797,0,0,0,0,1,1,1,1,1,1,0,0,0,118800,0,0,0,0,0,0,0,0,0
7.430000,113.87,20.724,12.420,316,402,72.000,71,71,18.000,39.000,55.000,149,239,383,160,7,174,14,14,14,14,1,0,0,3,30,1,28.000,1,1,3,3,798,1,0,0,250,0,0,798,0,0,0,0,1,1,1,1,1,1,0,0,0,118880,0,0,0,0,0,0,0,0,0
7.435000,116.03,20.076,12.040,307,401,72.000,71,71,18.000,39.000,55.000,144,238,382,160,7,174,14,14,14,14,1,0,0,3,30,1,28.000,1,1,3,3,798,1,0,0,250,0,0,798,0,0,0,0,1,1,1,1,1,1,0,0,0,118960,0,0,0,0,0,0,0,0,0
7.440000,118.19,19.482,11.710,299,399,72.000,71,71,18.000,39.000,55.000,140,237,380,160,7,173,14,14,14,14,1,0,0,3,30,1,28.000,1,1,1,1,799,1,0,0,250,0,0,799,0,0,0,0,1,1,1,1,1,1,0,0,0,119040,0,0,0,0,0,0,0,0,0
7.445000,120.35,18.945,11.380,291,397,72.000,71,71,18.000,39.000,55.000,136,236,378,160,7,172,14,14,14,14,1,0,0,3,30,1,28.000,1,1,0,0,800,1,0,0,250,0,0,800,0,0,0,0,1,1,1,1,1,1,0,0,0,119120,0,0,0,0,0,0,0,0,0
7.450000,122.51,18.468,11.060,283,395,72.000,71,71,18.000,39.000,55.000,133,235,376,160,7,171,14,14,14,14,1,0,0,3,30,1,28.000,1,1,0,0,800,1,0,0,250,0,0,800,0,0,0,0,1,1,1,1,1,1,0,0,0,119200,0,0,0,0,0,0,0,0,0
7.455000,124.67,18.053,10.840,275,392,72.000,71,71,18.000,39.000,55.000,130,233,372,160,7,170,14,14,14,14,1,0,0,3,30,1,28.000,1,1,2,2,801,1,0,0,250,0,0,801,0,0,0,0,1,1,1,1,1,1,0,0,0,119280,0,0,0,0,0,0,0,0,0
7.460000,126.83,17.702,10.620,268,390,72.000,71,71,18.000,39.000,55.000,127,231,370,160,7,169,14,14,14,14,1,0,0,3,30,1,28.000,1,1,2,2,801,1,0,0,250,0,0,801,0,0,0,0,1,1,1,1,1,1,0,0,0,119360,0,0,0,0,0,0,0,0,0
7.465000,128.99,17.418,10.460,262,388,72.000,71,71,18.000,39.000,55.000,125,230,368,160,7,168,14,14,14,14,1,0,0,3,30,1,28.000,1,1,3,3,802,1,0,0,250,0,0,802,0,0,0,0,1,1,1,1,1,1,0,0,0,119440,0,0,0,0,0,0,0,0,0
7.470000,131.15,17.200,10.300,256,385,72.000,71,71,18.000,39.000,55.000,123,228,365,160,7,166,14,14,14,14,1,0,0,3,30,1,28.000,1,1,3,3,802,1,0,0,250,0,0,802,0,0,0,0,1,1,1,1,1,1,0,0,0,119520,0,0,0,0,0,0,0,0,0
7.475000,133.31,17.052,10.240,250,382,72.000,71,71,18.000,39.000,55.000,123,226,362,160,7,165,14,14,14,14,1,0,0,3,30,1,28.000,1,1,1,1,803,1,0,0,250,0,0,803,0,0,0,0,1,1,1,1,1,1,0,0,0,119600,0,0,0,0,0,0,0,0,0
7.480000,135.47,16.973,10.190,245,380,72.000,71,71,18.000,39.000,55.000,122,225,360,160,7,164,14,14,14,14,1,0,0,3,30,1,28.000,1,1,0,0,804,1,0,0,250,0,0,804,0,0,0,0,1,1,1,1,1,1,0,0,0,119680,0,0,0,0,0,0,0,0,0
7.485000,137.63,16.963,10.190,241,377,72.000,71,71,18.000,39.000,55.000,122,223,357,160,7,162,14,14,14,14,1,0,0,3,30,1,28.000,1,1,0,0,804,1,0,0,250,0,0,804,0,0,0,0,1,1,1,1,1,1,0,0,0,119760,0,0,0,0,0,0,0,0,0
7.490000,139.79,17.022,10.190,237,374,72.000,71,71,18.000,39.000,55.000,122,221,354,160,7,161,14,14,14,14,1,0,0,3,30,1,28.000,1,1,2,2,805,1,0,0,250,0,0,805,0,0,0,0,1,1,1,1,1,1,0,0,0,119840,0,0,0,0,0,0,0,0,0
7.495000,141.95,17.149,10.300,234,372,72.000,71,71,18.000,39.000,55.000,123,219,351,160,7,160,14,14,14,14,1,0,0,3,30,1,28.000,1,1,2,2,805,1,0,0,250,0,0,805,0,0,0,0,1,1,1,1,1,1,0,0,0,119920,0,0,0,0,0,0,0,0,0
7.500000,144.11,17.345,10.410,232,369,72.000,71,71,18.000,39.000,55.000,125,218,348,160,7,159,14,14,14,14,1,0,0,3,30,1,28.000,1,1,3,3,806,1,0,0,250,0,0,806,0,0,0,0,1,1,1,1,1,1,0,0,0,120000,0,0,0,0,0,0,0,0,0
7.505000,146.27,17.606,10.570,230,366,72.000,71,71,18.000,39.000,55.000,127,216,345,160,7,157,14,14,14,14,1,0,0,3,30,1,28.000,1,1,1,1,807,1,0,0,250,0,0,807,0,0,0,0,1,1,1,1,1,1,0,0,0,120080,0,0,0,0,0,0,0,0,0
7.510000,148.43,17.932,10.790,229,364,72.000,71,71,18.000,39.000,55.000,129,214,343,160,7,156,14,14,14,14,1,0,0,3,30,1,28.000,1,1,1,1,807,1,0,0,250,0,0,807,0,0,0,0,1,1,1,1,1,1,0,0,0,120160,0,0,0,0,0,0,0,0,0
7.515000,150.59,18.320,11.000,229,361,72.000,71,71,18.000,39.000,55.000,132,212,340,160,7,155,14,14,14,14,1,0,0,3,30,1,28.000,1,1,0,0,808,1,0,0,250,0,0,808,0,0,0,0,1,1,1,1,1,1,0,0,0,120240,0,0,0,0,0,0,0,0,0
7.520000,152.75,18.767,11.280,229,358,72.000,71,71,18.000,39.000,55.000,135,210,337,160,7,153,14,14,14,14,1,0,0,3,30,1,28.000,1,1,0,0,808,1,0,0,250,0,0,808,0,0,0,0,1,1,1,1,1,1,0,0,0,120320,0,0,0,0,0,0,0,0,0
7.525000,154.91,19.272,11.550,230,356,72.000,71,71,18.000,39.000,55.000,138,209,335,160,7,152,14,14,14,14,1,0,0,3,30,1,28.000,1,1,2,2,809,1,0,0,250,0,0,809,0,0,0,0,1,1,1,1,1,1,0,0,0,120400,0,0,0,0,0,0,0,0,0
7.530000,157.07,19.830,11.870,231,353,72.000,71,71,18.000,39.000,55.000,142,207,332,160,7,151,14,14,14,14,1,0,0,3,30,1,28.000,1,1,2,2,809,1,0,0,250,0,0,809,0,0,0,0,1,1,1,1,1,1,0,0,0,120480,0,0,0,0,0,0,0,0,0
7.535000,159.23,20.438,12.260,233,351,72.000,71,71,18.000,39.000,55.000,147,206,330,160,7,150,14,14,14,14,1,0,0,3,30,1,28.000,1,1,3,3,810,1,0,0,250,0,0,810,0,0,0,0,1,1,1,1,1,1,0,0,0,120560,0,0,0,0,0,0,0,0,0
7.540000,161.39,21.093,12.640,236,349,72.000,71,71,18.000,39.000,55.000,152,204,327,160,7,149,14,14,14,14,1,0,0,3,30,1,28.000,1,1,1,1,811,1,0,0,250,0,0,811,0,0,0,0,1,1,1,1,1,1,0,0,0,120640,0,0,0,0,0,0,0,0,0
7.545000,163.55,21.790,13.070,240,347,72.000,71,71,18.000,39.000,55.000,157,203,325,160,7,148,14,14,14,14,1,0,0,3,30,1,28.000,1,1,1,1,811,1,0,0,250,0,0,811,0,0,0,0,1,1,1,1,1,1,0,0,0,120720,0,0,0,0,0,0,0,0,0
7.550000,165.71,22.525,13.510,244,345,72.000,71,71,18.000,39.000,55.000,162,202,323,160,7,147,14,14,14,14,1,0,0,3,30,1,28.000,1,1,0,0,812,1,0,0,250,0,0,812,0,0,0,0,1,1,1,1,1,1,0,0,0,120800,0,0,0,0,0,0,0,0,0
7.555000,167.87,23.293,14.000,248,343,72.000,71,71,18.000,39.000,55.000,168,201,321,160,7,146,14,14,14,14,1,0,0,3,30,1,28.000,1,1,0,0,812,1,0,0,250,0,0,812,0,0,0,0,1,1,1,1,1,1,0,0,0,120880,0,0,0,0,0,0,0,0,0
7.560000,170.03,24.090,14.430,254,341,72.000,71,71,18.000,39.000,55.000,173,199,319,160,7,145,14,14,14,14,1,0,0,3,30,1,28.000,1,1,2,2,813,1,0,0,250,0,0,813,0,0,0,0,1,1,1,1,1,1,0,0,0,120960,0,0,0,0,0,0,0,0,0
7.565000,172.19,24.911,14.920,259,339,72.000,71,71,18.000,39.000,55.000,179,198,317,160,7,144,14,14,14,14,1,0,0,3,30,1,28.000,1,1,2,2,813,1,0,0,250,0,0,813,0,0,0,0,1,1,1,1,1,1,0,0,0,121040,0,0,0,0,0,0,0,0,0
7.570000,174.35,25.751,15.460,265,338,72.000,71,71,18.000,39.000,55.000,185,197,316,160,7,144,14,14,14,14,1,0,0,3,30,1,28.000,1,1,3,3,814,1,0,0,250,0,0,814,0,0,0,0,1,1,1,1,1,1,0,0,0,121120,0,0,0,0,0,0,0,0,0
7.575000,176.51,26.604,15.950,272,337,72.000,71,71,18.000,39.000,55.000,191,197,315,160,7,143,14,14,14,14,1,0,0,3,30,1,28.000,1,1,1,1,815,1,0,0,250,0,0,815,0,0,0,0,1,1,1,1,1,1,0,0,0,121200,0,0,0,0,0,0,0,0,0
7.580000,178.67,27.466,16.500,279,335,72.000,71,71,18.000,39.000,55.000,198,195,313,160,7,142,14,14,14,14,1,0,0,3,30,1,28.000,1,1,1,1,815,1,0,0,250,0,0,815,0,0,0,0,1,1,1,1,1,1,0,0,0,121280,0,0,0,0,0,0,0,0,0
7.585000,180.83,28.332,16.990,286,334,72.000,71,71,18.000,39.000,55.000,204,195,312,160,7,142,14,14,14,14,1,0,0,3,30,1,28.000,1,1,0,0,816,1,0,0,250,0,0,816,0,0,0,0,1,1,1,1,1,1,0,0,0,121360,0,0,0,0,0,0,0,0,0
7.590000,182.99,29.195,17.530,294,334,72.000,71,71,18.000,39.000,55.000,210,195,312,160,7,142,14,14,14,14,1,0,0,3,30,1,28.000,1,1,0,0,816,1,0,0,250,0,0,816,0,0,0,0,1,1,1,1,1,1,0,0,0,121440,0,0,0,0,0,0,0,0,0
7.595000,185.15,30.051,18.020,302,333,72.000,71,71,18.000,39.000,55.000,216,194,311,160,7,141,14,14,14,14,1,0,0,3,30,1,28.000,1,1,2,2,817,1,0,0,250,0,0,817,0,0,0,0,1,1,1,1,1,1,0,0,0,121520,0,0,0,0,0,0,0,0,0
7.600000,187.31,30.895,18.510,310,332,72.000,71,71,18.000,39.000,55.000,222,193,310,160,7,141,14,14,14,14,1,0,0,3,30,1,28.000,1,1,2,2,817,1,0,0,250,0,0,817,0,0,0,0,1,1,1,1,1,1,0,0,0,121600,0,0,0,0,0,0,0,0,0
7.605000,189.47,31.720,19.050,318,332,72.000,71,71,18.000,39.000,55.000,229,193,310,160,7,141,14,14,14,14,1,0,0,3,30,1,28.000,1,1,3,3,818,1,0,0,250,0,0,818,0,0,0,0,1,1,1,1,1,1,0,0,0,121680,0,0,0,0,0,0,0,0,0
7.610000,191.63,32.523,19.490,326,332,72.000,71,71,18.000,39.000,55.000,234,193,310,160,7,141,14,14,14,14,1,0,0,3,30,1,28.000,1,1,1,1,819,1,0,0,250,0,0,819,0,0,0,0,1,1,1,1,1,1,0,0,0,121760,0,0,0,0,0,0,0,0,0
7.615000,193.79,33.299,19.980,335,332,72.000,71,71,18.000,39.000,55.000,240,193,310,160,7,141,14,14,14,14,1,0,0,3,30,1,28.000,1,1,1,1,819,1,0,0,250,0,0,819,0,0,0,0,1,1,1,1,1,1,0,0,0,121840,0,0,0,0,0,0,0,0,0
7.620000,195.95,34.042,20.410,343,332,72.000,71,71,18.000,39.000,55.000,245,193,310,160,7,141,14,14,14,14,1,0,0,3,30,1,28.000,1,1,0,0,820,1,0,0,250,0,0,820,0,0,0,0,1,1,1,1,1,1,0,0,0,121920,0,0,0,0,0,0,0,0,0
7.625000,198.11,34.748,20.850,351,333,72.000,71,71,18.000,39.000,55.000,250,194,311,160,7,141,14,14,14,14,1,0,0,3,30,1,28.000,1,1,0,0,820,1,0,0,250,0,0,820,0,0,0,0,1,1,1,1,1,1,0,0,0,122000,0,0,0,0,0,0,0,0,0
7.630000,200.27,35.413,21.230,359,334,72.000,72,72,18.000,39.000,55.000,258,197,316,160,7,142,14,14,14,14,1,0,0,3,30,1,28.000,1,1,2,2,821,1,0,0,250,0,0,821,0,0,0,0,1,1,1,1,1,1,0,0,0,122080,0,0,0,0,0,0,0,0,0
7.635000,202.43,36.033,21.610,367,335,72.000,72,72,18.000,39.000,55.000,263,198,317,160,7,142,14,14,14,14,1,0,0,3,30,1,28.000,1,1,2,2,821,1,0,0,250,0,0,821,0,0,0,0,1,1,1,1,1,1,0,0,0,122160,0,0,0,0,0,0,0,0,0
7.640000,204.59,36.603,21.940,375,336,72.000,72,72,18.000,39.000,55.000,267,199,318,160,7,143,14,14,14,14,1,0,0,3,30,1,28.000,1,1,3,3,822,1,0,0,250,0,0,822,0,0,0,0,1,1,1,1,1,1,0,0,0,122240,0,0,0,0,0,0,0,0,0
7.645000,206.75,37.120,22.260,383,338,72.000,72,72,18.000,39.000,55.000,271,200,320,160,7,144,14,14,14,14,1,0,0,3,30,1,28.000,1,1,1,1,823,1,0,0,250,0,0,823,0,0,0,0,1,1,1,1,1,1,0,0,0,122320,0,0,0,0,0,0,0,0,0
7.650000,208.91,37.581,22.540,390,340,72.000,72,72,18.000,39.000,55.000,274,201,322,160,7,145,14,14,14,14,1,0,0,3,30,1,28.000,1,1,1,1,823,1,0,0,250,0,0,823,0,0,0,0,1,1,1,1,1,1,0,0,0,122400,0,0,0,0,0,0,0,0,0
7.655000,211.07,37.983,22.750,397,342,72.000,72,72,18.000,39.000,55.000,277,203,325,160,7,146,14,14,14,14,1,0,0,3,30,1,28.000,1,1,0,0,824,1,0,0,250,0,0,824,0,0,0,0,1,1,1,1,1,1,0,0,0,122480,0,0,0,0,0,0,0,0,0
7.660000,213.23,38.324,22.970,404,344,72.000,72,72,18.000,39.000,55.000,280,204,327,160,7,147,14,14,14,14,1,0,0,3,30,1,28.000,1,1,0,0,824,1,0,0,250,0,0,824,0,0,0,0,1,1,1,1,1,1,0,0,0,122560,0,0,0,0,0,0,0,0,0
7.665000,215.39,38.600,23.130,410,347,72.000,71,71,18.000,39.000,55.000,278,203,325,160,7,148,14,14,14,14,1,0,0,3,30,1,28.000,1,1,2,2,825,1,0,0,250,0,0,825,0,0,0,0,1,1,1,1,1,1,0,0,0,122640,0,0,0,0,0,0,0,0,0
7.670000,217.55,38.811,23.300,416,350,72.000,71,71,18.000,39.000,55.000,280,205,329,160,7,150,14,14,14,14,1,0,0,3,30,1,28.000,1,1,3,3,826,1,0,0,250,0,0,826,0,0,0,0,1,1,1,1,1,1,0,0,0,122720,0,0,0,0,0,0,0,0,0
7.675000,219.71,38.955,23.350,421,352,72.000,71,71,18.000,39.000,55.000,280,206,331,160,7,151,14,14,14,14,1,0,0,3,30,1,28.000,1,1,3,3,826,1,0,0,250,0,0,826,0,0,0,0,1,1,1,1,1,1,0,0,0,122800,0,0,0,0,0,0,0,0,0
7.680000,221.87,39.030,23.410,425,355,72.000,71,71,18.000,39.000,55.000,281,208,334,160,7,152,14,14,14,14,1,0,0,3,30,1,28.000,1,1,1,1,827,1,0,0,250,0,0,827,0,0,0,0,1,1,1,1,1,1,0,0,0,122880,0,0,0,0,0,0,0,0,0
7.685000,224.03,39.036,23.410,429,358,72.000,71,71,18.000,39.000,55.000,281,210,337,160,7,153,14,14,14,14,1,0,0,3,30,1,28.000,1,1,1,1,827,1,0,0,250,0,0,827,0,0,0,0,1,1,1,1,1,1,0,0,0,122960,0,0,0,0,0,0,0,0,0
7.690000,226.19,38.973,23.410,433,361,72.000,71,71,18.000,39.000,55.000,281,212,340,160,7,155,14,14,14,14,1,0,0,3,30,1,28.000,1,1,0,0,828,1,0,0,250,0,0,828,0,0,0,0,1,1,1,1,1,1,0,0,0,123040,0,0,0,0,0,0,0,0,0
7.695000,228.35,38.840,23.300,436,364,72.000,71,71,18.000,39.000,55.000,280,214,343,160,7,156,14,14,14,14,1,0,0,3,30,1,28.000,1,1,0,0,828,1,0,0,250,0,0,828,0,0,0,0,1,1,1,1,1,1,0,0,0,123120,0,0,0,0,0,0,0,0,0
7.700000,230.51,38.639,23.190,438,367,72.000,71,71,18.000,39.000,55.000,278,216,346,160,7,158,14,14,14,14,1,0,0,3,30,1,28.000,1,1,2,2,829,1,0,0,250,0,0,829,0,0,0,0,1,1,1,1,1,1,0,0,0,123200,0,0,0,0,0,0,0,0,0
7.705000,232.67,38.370,23.030,440,370,72.000,71,71,18.000,39.000,55.000,276,218,349,160,7,159,14,14,14,14,1,0,0,3,30,1,28.000,1,1,3,3,830,1,0,0,250,0,0,830,0,0,0,0,1,1,1,1,1,1,0,0,0,123280,0,0,0,0,0,0,0,0,0
7.710000,234.83,38.035,22.810,441,373,72.000,71,71,18.000,39.000,55.000,274,220,353,160,7,161,14,14,14,14,1,0,0,3,30,1,28.000,1,1,3,3,830,1,0,0,250,0,0,830,0,0,0,0,1,1,1,1,1,1,0,0,0,123360,0,0,0,0,0,0,0,0,0
7.715000,236.99,37.634,22.590,441,376,72.000,71,71,18.000,39.000,55.000,271,222,356,160,7,162,14,14,14,14,1,0,0,3,30,1,28.000,1,1,1,1,831,1,0,0,250,0,0,831,0,0,0,0,1,1,1,1,1,1,0,0,0,123440,0,0,0,0,0,0,0,0,0
7.720000,239.15,37.171,22.320,441,378,72.000,71,71,18.000,39.000,55.000,268,223,358,160,7,163,14,14,14,14,1,0,0,3,30,1,28.000,1,1,1,1,831,1,0,0,250,0,0,831,0,0,0,0,1,1,1,1,1,1,0,0,0,123520,0,0,0,0,0,0,0,0,0
7.725000,241.31,36.648,21.990,440,381,72.000,71,71,18.000,39.000,55.000,264,225,361,160,7,164,14,14,14,14,1,0,0,3,30,1,28.000,1,1,0,0,832,1,0,0,250,0,0,832,0,0,0,0,1,1,1,1,1,1,0,0,0,123600,0,0,0,0,0,0,0,0,0
7.730000,243.47,36.067,21.610,438,383,72.000,71,71,18.000,39.000,55.000,259,227,363,160,7,165,14,14,14,14,1,0,0,3,30,1,28.000,1,1,0,0,832,1,0,0,250,0,0,832,0,0,0,0,1,1,1,1,1,1,0,0,0,123680,0,0,0,0,0,0,0,0,0
7.735000,245.63,35.432,21.230,435,385,72.000,71,71,18.000,39.000,55.000,255,228,365,160,7,166,14,14,14,14,1,0,0,3,30,1,28.000,1,1,2,2,833,1,0,0,250,0,0,833,0,0,0,0,1,1,1,1,1,1,0,0,0,123760,0,0,0,0,0,0,0,0,0
7.740000,247.79,34.746,20.850,432,387,72.000,71,71,18.000,39.000,55.000,250,229,367,160,7,167,14,14,14,14,1,0,0,3,30,1,28.000,1,1,3,3,834,1,0,0,250,0,0,834,0,0,0,0,1,1,1,1,1,1,0,0,0,123840,0,0,0,0,0,0,0,0,0
7.745000,249.95,34.012,20.410,429,389,72.000,71,71,18.000,39.000,55.000,245,231,369,160,7,168,14,14,14,14,1,0,0,3,30,1,28.000,1,1,3,3,834,1,0,0,250,0,0,834,0,0,0,0,1,1,1,1,1,1,0,0,0,123920,0,0,0,0,0,0,0,0,0
7.750000,252.11,33.236,19.920,424,390,72.000,71,71,18.000,39.000,55.000,239,231,370,160,7,169,14,14,14,14,1,0,0,3,30,1,28.000,1,1,1,1,835,1,0,0,250,0,0,835,0,0,0,0,1,1,1,1,1,1,0,0,0,124000,0,0,0,0,0,0,0,0,0
7.755000,254.27,32.421,19.440,419,392,72.000,71,71,18.000,39.000,55.000,233,233,372,160,7,170,14,14,14,14,1,0,0,3,30,1,28.000,1,1,1,1,835,1,0,0,250,0,0,835,0,0,0,0,1,1,1,1,1,1,0,0,0,124080,0,0,0,0,0,0,0,0,0
7.760000,256.43,31.571,18.950,414,393,72.000,71,71,18.000,39.000,55.000,227,233,374,160,7,170,14,14,14,14,1,0,0,3,30,1,28.000,1,1,0,0,836,1,0,0,250,0,0,836,0,0,0,0,1,1,1,1,1,1,0,0,0,124160,0,0,0,0,0,0,0,0,0
7.765000,258.59,30.692,18.400,408,393,72.000,71,71,18.000,39.000,55.000,221,233,374,160,7,170,14,14,14,14,1,0,0,3,30,1,28.000,1,1,0,0,836,1,0,0,250,0,0,836,0,0,0,0,1,1,1,1,1,1,0,0,0,124240,0,0,0,0,0,0,0,0,0
7.770000,260.75,29.788,17.860,401,394,72.000,71,71,18.000,39.000,55.000,214,234,375,160,7,171,14,14,14,14,1,0,0,3,30,1,28.000,1,1,2,2,837,1,0,0,250,0,0,837,0,0,0,0,1,1,1,1,1,1,0,0,0,124320,0,0,0,0,0,0,0,0,0
7.775000,262.91,28.865,17.310,394,394,72.000,71,71,18.000,39.000,55.000,208,234,375,160,7,171,14,14,14,14,1,0,0,3,30,1,28.000,1,1,3,3,838,1,0,0,250,0,0,838,0,0,0,0,1,1,1,1,1,1,0,0,0,124400,0,0,0,0,0,0,0,0,0
7.780000,265.07,27.927,16.770,387,394,72.000,71,71,18.000,39.000,55.000,201,234,375,160,7,171,14,14,14,14,1,0,0,3,30,1,28.000,1,1,3,3,838,1,0,0,250,0,0,838,0,0,0,0,1,1,1,1,1,1,0,0,0,124480,0,0,0,0,0,0,0,0,0
7.785000,267.23,26.980,16.170,379,394,72.000,71,71,18.000,39.000,55.000,194,234,375,160,7,171,14,14,14,14,1,0,0,3,30,1,28.000,1,1,1,1,839,1,0,0,250,0,0,839,0,0,0,0,1,1,1,1,1,1,0,0,0,124560,0,0,0,0,0,0,0,0,0
7.790000,269.39,26.029,15.630,371,393,72.000,71,71,18.000,39.000,55.000,187,233,374,160,7,170,14,14,14,14,1,0,0,3,30,1,28.000,1,1,1,1,839,1,0,0,250,0,0,839,0,0,0,0,1,1,1,1,1,1,0,0,0,124640,0,0,0,0,0,0,0,0,0
7.795000,271.55,25.080,15.030,362,393,72.000,71,71,18.000,39.000,55.000,180,233,374,160,7,170,14,14,14,14,1,0,0,3,30,1,28.000,1,1,0,0,840,1,0,0,250,0,0,840,0,0,0,0,1,1,1,1,1,1,0,0,0,124720,0,0,0,0,0,0,0,0,0
7.800000,273.71,24.138,14.490,354,392,72.000,71,71,18.000,39.000,55.000,174,233,372,160,7,170,14,14,14,14,1,0,0,3,30,1,28.000,1,1,0,0,840,1,0,0,250,0,0,840,0,0,0,0,1,1,1,1,1,1,0,0,0,124800,0,0,0,0,0,0,0,0,0
7.805000,275.87,23.209,13.940,345,391,72.000,71,71,18.000,39.000,55.000,167,232,371,160,7,169,14,14,14,14,1,0,0,3,30,1,28.000,1,1,2,2,841,1,0,0,250,0,0,841,0,0,0,0,1,1,1,1,1,1,0,0,0,124880,0,0,0,0,0,0,0,0,0
7.810000,278.03,22.297,13.340,336,390,72.000,71,71,18.000,39.000,55.000,160,231,370,160,7,169,14,14,14,14,1,0,0,3,30,1,28.000,1,1,3,3,842,1,0,0,250,0,0,842,0,0,0,0,1,1,1,1,1,1,0,0,0,124960,0,0,0,0,0,0,0,0,0
7.815000,280.19,21.408,12.850,326,389,72.000,71,71,18.000,39.000,55.000,154,231,369,160,7,168,14,14,14,14,1,0,0,3,30,1,28.000,1,1,3,3,842,1,0,0,250,0,0,842,0,0,0,0,1,1,1,1,1,1,0,0,0,125040,0,0,0,0,0,0,0,0,0
7.820000,282.35,20.547,12.310,317,388,72.000,71,71,18.000,39.000,55.000,148,230,368,160,7,168,14,14,14,14,1,0,0,3,30,1,28.000,1,1,1,1,843,1,0,0,250,0,0,843,0,0,0,0,1,1,1,1,1,1,0,0,0,125120,0,0,0,0,0,0,0,0,0
7.825000,284.51,19.720,11.820,308,386,72.000,71,71,18.000,39.000,55.000,142,229,366,160,7,167,14,14,14,14,1,0,0,3,30,1,28.000,1,1,1,1,843,1,0,0,250,0,0,843,0,0,0,0,1,1,1,1,1,1,0,0,0,125200,0,0,0,0,0,0,0,0,0
7.830000,286.67,18.930,11.330,299,385,72.000,71,71,18.000,39.000,55.000,136,228,365,160,7,166,14,14,14,14,1,0,0,3,30,1,28.000,1,1,0,0,844,1,0,0,250,0,0,844,0,0,0,0,1,1,1,1,1,1,0,0,0,125280,0,0,0,0,0,0,0,0,0
7.835000,288.83,18.182,10.900,290,383,72.000,71,71,18.000,39.000,55.000,131,227,363,160,7,165,14,14,14,14,1,0,0,3,30,1,28.000,1,1,2,2,845,1,0,0,250,0,0,845,0,0,0,0,1,1,1,1,1,1,0,0,0,125360,0,0,0,0,0,0,0,0,0
7.840000,290.99,17.481,10.510,281,381,72.000,71,71,18.000,39.000,55.000,126,225,361,160,7,164,14,14,14,14,1,0,0,3,30,1,28.000,1,1,2,2,845,1,0,0,250,0,0,845,0,0,0,0,1,1,1,1,1,1,0,0,0,125440,0,0,0,0,0,0,0,0,0
7.845000,293.15,16.832,10.080,272,379,72.000,71,71,18.000,39.000,55.000,121,224,359,160,7,163,14,14,14,14,1,0,0,3,30,1,28.000,1,1,3,3,846,1,0,0,250,0,0,846,0,0,0,0,1,1,1,1,1,1,0,0,0,125520,0,0,0,0,0,0,0,0,0
7.850000,295.31,16.236,9.750,263,377,72.000,71,71,18.000,39.000,55.000,117,223,357,160,7,162,14,14,14,14,1,0,0,3,30,1,28.000,1,1,3,3,846,1,0,0,250,0,0,846,0,0,0,0,1,1,1,1,1,1,0,0,0,125600,0,0,0,0,0,0,0,0,0
7.855000,297.47,15.699,9.430,255,375,72.000,71,71,18.000,39.000,55.000,113,222,355,160,7,162,14,14,14,14,1,0,0,3,30,1,28.000,1,1,1,1,847,1,0,0,250,0,0,847,0,0,0,0,1,1,1,1,1,1,0,0,0,125680,0,0,0,0,0,0,0,0,0
7.860000,299.63,15.224,9.150,247,372,72.000,71,71,18.000,39.000,55.000,110,219,351,160,7,160,14,14,14,14,1,0,0,3,30,1,28.000,1,1,1,1,847,1,0,0,250,0,0,847,0,0,0,0,1,1,1,1,1,1,0,0,0,125760,0,0,0,0,0,0,0,0,0
7.865000,301.79,14.812,8.880,240,370,72.000,71,71,18.000,39.000,55.000,106,218,349,160,7,159,14,14,14,14,1,0,0,3,30,1,28.000,1,1,0,0,848,1,0,0,250,0,0,848,0,0,0,0,1,1,1,1,1,1,0,0,0,125840,0,0,0,0,0,0,0,0,0
7.870000,303.95,14.468,8.670,233,367,72.000,71,71,18.000,39.000,55.000,104,216,346,160,7,158,14,14,14,14,1,0,0,3,30,1,28.000,1,1,2,2,849,1,0,0,250,0,0,849,0,0,0,0,1,1,1,1,1,1,0,0,0,125920,0,0,0,0,0,0,0,0,0
7.875000,306.11,14.192,8.500,226,364,72.000,71,71,18.000,39.000,55.000,102,214,343,160,7,156,14,14,14,14,1,0,0,3,30,1,28.000,1,1,2,2,849,1,0,0,250,0,0,849,0,0,0,0,1,1,1,1,1,1,0,0,0,126000,0,0,0,0,0,0,0,0,0
7.880000,308.27,13.988,8.390,220,362,72.000,71,71,18.000,39.000,55.000,100,213,341,160,7,155,14,14,14,14,1,0,0,3,30,1,28.000,1,1,3,3,850,1,0,0,250,0,0,850,0,0,0,0,1,1,1,1,1,1,0,0,0,126080,0,0,0,0,0,0,0,0,0
7.885000,310.43,13.855,8.280,215,359,72.000,71,71,18.000,39.000,55.000,99,211,338,160,7,154,14,14,14,14,1,0,0,3,30,1,28.000,1,1,3,3,850,1,0,0,250,0,0,850,0,0,0,0,1,1,1,1,1,1,0,0,0,126160,0,0,0,0,0,0,0,0,0
7.890000,312.59,13.795,8.280,210,356,72.000,71,71,18.000,39.000,55.000,99,209,335,160,7,152,14,14,14,14,1,0,0,3,30,1,28.000,1,1,1,1,851,1,0,0,250,0,0,851,0,0,0,0,1,1,1,1,1,1,0,0,0,126240,0,0,0,0,0,0,0,0,0
7.895000,314.75,13.810,8.280,206,353,72.000,71,71,18.000,39.000,55.000,99,207,332,160,7,151,14,14,14,14,1,0,0,3,30,1,28.000,1,1,1,1,851,1,0,0,250,0,0,851,0,0,0,0,1,1,1,1,1,1,0,0,0,126320,0,0,0,0,0,0,0,0,0
7.900000,316.91,13.898,8.340,202,350,72.000,71,71,18.000,39.000,55.000,100,205,329,160,7,150,14,14,14,14,1,0,0,3,30,1,28.000,1,1,0,0,852,1,0,0,250,0,0,852,0,0,0,0,1,1,1,1,1,1,0,0,0,126400,0,0,0,0,0,0,0,0,0
7.905000,319.07,14.059,8.450,199,347,72.000,71,71,18.000,39.000,55.000,101,203,325,160,7,148,14,14,14,14,1,0,0,3,30,1,28.000,1,1,2,2,853,1,0,0,250,0,0,853,0,0,0,0,1,1,1,1,1,1,0,0,0,126480,0,0,0,0,0,0,0,0,0
7.910000,321.23,14.294,8.560,197,344,72.000,71,71,18.000,39.000,55.000,102,201,322,160,7,147,14,14,14,14,1,0,0,3,30,1,28.000,1,1,2,2,853,1,0,0,250,0,0,853,0,0,0,0,1,1,1,1,1,1,0,0,0,126560,0,0,0,0,0,0,0,0,0
7.915000,323.39,14.600,8.770,195,341,72.000,71,71,18.000,39.000,55.000,105,199,319,160,7,145,14,14,14,14,1,0,0,3,30,1,28.000,1,1,3,3,854,1,0,0,250,0,0,854,0,0,0,0,1,1,1,1,1,1,0,0,0,126640,0,0,0,0,0,0,0,0,0
7.920000,325.55,14.977,8.990,195,339,72.000,71,71,18.000,39.000,55.000,108,198,317,160,7,144,14,14,14,14,1,0,0,3,30,1,28.000,1,1,3,3,854,1,0,0,250,0,0,854,0,0,0,0,1,1,1,1,1,1,0,0,0,126720,0,0,0,0,0,0,0,0,0
7.925000,327.71,15.423,9.260,194,336,72.000,71,71,18.000,39.000,55.000,111,196,314,160,7,143,14,14,14,14,1,0,0,3,30,1,28.000,1,1,1,1,855,1,0,0,250,0,0,855,0,0,0,0,1,1,1,1,1,1,0,0,0,126800,0,0,0,0,0,0,0,0,0
7.930000,329.87,15.935,9.540,195,333,72.000,71,71,18.000,39.000,55.000,114,194,311,160,7,141,14,14,14,14,1,0,0,3,30,1,28.000,1,1,1,1,855,1,0,0,250,0,0,855,0,0,0,0,1,1,1,1,1,1,0,0,0,126880,0,0,0,0,0,0,0,0,0
7.935000,332.03,16.510,9.920,196,330,72.000,71,71,18.000,39.000,55.000,119,192,308,160,7,140,14,14,14,14,1,0,0,3,30,1,28.000,1,1,0,0,856,1,0,0,250,0,0,856,0,0,0,0,1,1,1,1,1,1,0,0,0,126960,0,0,0,0,0,0,0,0,0
7.940000,334.19,17.147,10.300,198,328,72.000,72,72,18.000,39.000,55.000,125,193,310,160,7,139,14,14,14,14,1,0,0,3,30,1,28.000,1,1,2,2,857,1,0,0,250,0,0,857,0,0,0,0,1,1,1,1,1,1,0,0,0,127040,0,0,0,0,0,0,0,0,0
7.945000,336.35,17.841,10.680,201,325,72.000,72,72,18.000,39.000,55.000,130,191,307,160,7,138,14,14,14,14,1,0,0,3,30,1,28.000,1,1,2,2,857,1,0,0,250,0,0,857,0,0,0,0,1,1,1,1,1,1,0,0,0,127120,0,0,0,0,0,0,0,0,0
7.950000,338.51,18.589,11.170,204,323,72.000,72,72,18.000,39.000,55.000,136,190,305,160,7,137,14,14,14,14,1,0,0,3,30,1,28.000,1,1,3,3,858,1,0,0,250,0,0,858,0,0,0,0,1,1,1,1,1,1,0,0,0,127200,0,0,0,0,0,0,0,0,0
7.955000,340.67,19.387,11.660,208,321,72.000,72,72,18.000,39.000,55.000,142,189,302,160,7,136,14,14,14,14,1,0,0,3,30,1,28.000,1,1,3,3,858,1,0,0,250,0,0,858,0,0,0,0,1,1,1,1,1,1,0,0,0,127280,0,0,0,0,0,0,0,0,0
7.960000,342.83,20.230,12.150,213,318,72.000,72,72,18.000,39.000,55.000,148,187,299,160,7,134,14,14,14,14,1,0,0,3,30,1,28.000,1,1,1,1,859,1,0,0,250,0,0,859,0,0,0,0,1,1,1,1,1,1,0,0,0,127360,0,0,0,0,0,0,0,0,0
7.965000,344.99,21.115,12.690,219,316,72.000,72,72,18.000,39.000,55.000,154,186,297,160,7,133,14,14,14,14,1,0,0,3,30,1,28.000,1,1,1,1,859,1,0,0,250,0,0,859,0,0,0,0,1,1,1,1,1,1,0,0,0,127440,0,0,0,0,0,0,0,0,0
7.970000,347.15,22.037,13.230,225,315,72.000,72,72,18.000,39.000,55.000,161,185,296,160,7,133,14,14,14,14,1,0,0,3,30,1,28.000,1,1,0,0,860,1,0,0,250,0,0,860,0,0,0,0,1,1,1,1,1,1,0,0,0,127520,0,0,0,0,0,0,0,0,0
7.975000,349.31,22.990,13.780,231,313,72.000,71,71,18.000,39.000,55.000,165,181,290,160,7,132,14,14,14,14,1,0,0,3,30,1,28.000,1,1,2,2,861,1,0,0,250,0,0,861,0,0,0,0,1,1,1,1,1,1,0,0,0,127600,0,0,0,0,0,0,0,0,0
7.980000,351.47,23.970,14.380,238,311,72.000,71,71,18.000,39.000,55.000,172,180,288,160,7,131,14,14,14,14,1,0,0,3,30,1,28.000,1,1,2,2,861,1,0,0,250,0,0,861,0,0,0,0,1,1,1,1,1,1,0,0,0,127680,0,0,0,0,0,0,0,0,0
7.985000,353.63,24.972,14.970,246,310,72.000,71,71,18.000,39.000,55.000,180,179,287,160,7,130,14,14,14,14,1,0,0,3,30,1,28.000,1,1,3,3,862,1,0,0,250,0,0,862,0,0,0,0,1,1,1,1,1,1,0,0,0,127760,0,0,0,0,0,0,0,0,0
7.990000,355.79,25.990,15.570,254,309,72.000,71,71,18.000,39.000,55.000,187,178,286,160,7,130,14,14,14,14,1,0,0,3,30,1,28.000,1,1,3,3,862,1,0,0,250,0,0,862,0,0,0,0,1,1,1,1,1,1,0,0,0,127840,0,0,0,0,0,0,0,0,0
7.995000,357.95,27.018,16.230,263,308,72.000,71,71,18.000,39.000,55.000,195,178,285,160,7,130,14,14,14,14,1,0,0,3,30,1,28.000,1,1,1,1,863,1,0,0,250,0,0,863,0,0,0,0,1,1,1,1,1,1,0,0,0,127920,0,0,0,0,0,0,0,0,0
8.000000,0.00,0.000,0.000,269,307,0.000,71,71,18.000,39.000,55.000,0,177,284,160,7,129,14,14,14,14,1,0,0,3,30,0,28.000,0,0,0,0,864,1,0,0,250,0,0,864,0,0,0,0,1,1,1,1,1,1,0,0,0,128000,0,0,0,0,0,0,0,0,0
8.005000,0.00,0.000,0.000,233,306,0.000,71,71,18.000,39.000,55.000,0,176,282,160,7,129,14,14,14,14,1,0,0,3,30,0,28.000,0,0,0,0,864,1,0,0,250,0,0,864,0,0,0,0,1,1,1,1,1,1,0,0,0,128080,0,0,0,0,0,0,0,0,0
8.010000,0.00,0.000,0.000,202,304,0.000,71,71,18.000,39.000,55.000,0,175,280,160,7,128,14,14,14,14,1,0,0,3,30,0,28.000,0,0,0,0,864,1,0,0,250,0,0,864,0,0,0,0,1,1,1,1,1,1,0,0,0,128160,0,0,0,0,0,0,0,0,0
8.015000,0.00,0.000,0.000,175,302,0.000,71,71,18.000,39.000,55.000,0,174,278,160,7,127,14,14,14,14,1,0,0,3,30,0,28.000,0,0,0,0,864,1,0,0,250,0,0,864,0,0,0,0,1,1,1,1,1,1,0,0,0,128240,0,0,0,0,0,0,0,0,0
8.020000,0.00,0.000,0.000,152,299,0.000,71,71,18.000,39.000,55.000,0,172,275,160,7,125,14,14,14,14,1,0,0,3,30,0,28.000,0,0,0,0,864,1,0,0,250,0,0,864,0,0,0,0,1,1,1,1,1,1,0,0,0,128320,0,0,0,0,0,0,0,0,0
8.025000,0.00,0.000,0.000,132,296,0.000,71,71,18.000,39.000,55.000,0,170,272,160,7,124,14,14,14,14,1,0,0,3,30,0,28.000,0,0,0,0,864,1,0,0,250,0,0,864,0,0,0,0,1,1,1,1,1,1,0,0,0,128400,0,0,0,0,0,0,0,0,0
8.030000,0.00,0.000,0.000,114,293,0.000,71,71,18.000,39.000,55.000,0,168,269,160,7,122,14,14,14,14,1,0,0,3,30,0,28.000,0,0,0,0,864,1,0,0,250,0,0,864,0,0,0,0,1,1,1,1,1,1,0,0,0,128480,0,0,0,0,0,0,0,0,0
8.035000,0.00,0.000,0.000,99,289,0.000,71,71,18.000,39.000,55.000,0,165,265,160,7,120,14,14,14,14,1,0,0,3,30,0,28.000,0,0,0,0,864,1,0,0,250,0,0,864,0,0,0,0,1,1,1,1,1,1,0,0,0,128560,0,0,0,0,0,0,0,0,0
8.040000,0.00,0.000,0.000,86,285,0.000,71,71,18.000,39.000,55.000,0,163,260,160,7,119,14,14,14,14,1,0,0,3,30,0,28.000,0,0,0,0,864,1,0,0,250,0,0,864,0,0,0,0,1,1,1,1,1,1,0,0,0,128640,0,0,0,0,0,0,0,0,0
8.045000,0.00,0.000,0.000,74,281,0.000,71,71,18.000,39.000,55.000,0,160,256,160,7,117,14,14,14,14,1,0,0,3,30,0,28.000,0,0,0,0,864,1,0,0,250,0,0,864,0,0,0,0,1,1,1,1,1,1,0,0,0,128720,0,0,0,0,0,0,0,0,0
8.050000,0.00,0.000,0.000,64,277,0.000,71,71,18.000,39.000,55.000,0,157,252,160,7,115,14,14,14,14,1,0,0,3,30,0,28.000,0,0,0,0,864,1,0,0,250,0,0,864,0,0,0,0,1,1,1,1,1,1,0,0,0,128800,0,0,0,0,0,0,0,0,0
8.055000,0.00,0.000,0.000,56,273,0.000,71,71,18.000,39.000,55.000,0,155,248,160,7,113,14,14,14,14,1,0,0,3,30,0,28.000,0,0,0,0,864,1,0,0,250,0,0,864,0,0,0,0,1,1,1,1,1,1,0,0,0,128880,0,0,0,0,0,0,0,0,0
8.060000,0.00,0.000,0.000,48,269,0.000,71,71,18.000,39.000,55.000,0,152,244,160,7,111,14,14,14,14,1,0,0,3,30,0,28.000,0,0,0,0,864,1,0,0,250,0,0,864,0,0,0,0,1,1,1,1,1,1,0,0,0,128960,0,0,0,0,0,0,0,0,0
8.065000,0.00,0.000,0.000,42,264,0.000,71,71,18.000,39.000,55.000,0,149,239,160,7,109,14,14,14,14,1,0,0,3,30,0,28.000,0,0,0,0,864,1,0,0,250,0,0,864,0,0,0,0,1,1,1,1,1,1,0,0,0,129040,0,0,0,0,0,0,0,0,0
8.070000,0.00,0.000,0.000,36,260,0.000,71,71,18.000,39.000,55.000,0,146,234,160,7,107,14,14,14,14,1,0,0,3,30,0,28.000,0,0,0,0,864,1,0,0,250,0,0,864,0,0,0,0,1,1,1,1,1,1,0,0,0,129120,0,0,0,0,0,0,0,0,0
8.075000,0.00,0.000,0.000,32,255,0.000,71,71,18.000,39.000,55.000,0,143,229,160,7,104,14,14,14,14,1,0,0,3,30,0,28.000,0,0,0,0,864,1,0,0,250,0,0,864,0,0,0,0,1,1,1,1,1,1,0,0,0,129200,0,0,0,0,0,0,0,0,0
8.080000,0.00,0.000,0.000,27,251,0.000,71,71,18.000,39.000,55.000,0,140,225,160,7,102,14,14,14,14,1,0,0,3,30,0,28.000,0,0,0,0,864,1,0,0,250,0,0,864,0,0,0,0,1,1,1,1,1,1,0,0,0,129280,0,0,0,0,0,0,0,0,0
8.085000,0.00,0.000,0.000,24,246,0.000,71,71,18.000,39.000,55.000,0,137,220,160,7,100,14,14,14,14,1,0,0,3,30,0,28.000,0,0,0,0,864,1,0,0,250,0,0,864,0,0,0,0,1,1,1,1,1,1,0,0,0,129360,0,0,0,0,0,0,0,0,0
8.090000,0.00,0.000,0.000,21,242,0.000,71,71,18.000,39.000,55.000,0,134,215,160,7,98,14,14,14,14,1,0,0,3,30,0,28.000,0,0,0,0,864,1,0,0,250,0,0,864,0,0,0,0,1,1,1,1,1,1,0,0,0,129440,0,0,0,0,0,0,0,0,0
8.095000,0.00,0.000,0.000,18,238,0.000,71,71,18.000,39.000,55.000,0,132,211,160,7,96,14,14,14,14,1,0,0,3,30,0,28.000,0,0,0,0,864,1,0,0,250,0,0,864,0,0,0,0,1,1,1,1,1,1,0,0,0,129520,0,0,0,0,0,0,0,0,0
8.100000,0.00,0.000,0.000,16,233,0.000,71,71,18.000,39.000,55.000,0,129,206,160,7,94,14,14,14,14,1,0,0,3,30,0,28.000,0,0,0,0,864,1,0,0,250,0,0,864,0,0,0,0,1,1,1,1,1,1,0,0,0,129600,0,0,0,0,0,0,0,0,0
8.105000,0.00,0.000,0.000,14,229,0.000,71,71,18.000,39.000,55.000,0,126,202,160,7,92,14,14,14,14,1,0,0,3,30,0,28.000,0,0,0,0,864,1,0,0,250,0,0,864,0,0,0,0,1,1,1,1,1,1,0,0,0,129680,0,0,0,0,0,0,0,0,0
8.110000,0.00,0.000,0.000,12,225,0.000,71,71,18.000,39.000,55.000,0,123,198,160,7,90,14,14,14,14,1,0,0,3,30,0,28.000,0,0,0,0,864,1,0,0,250,0,0,864,0,0,0,0,1,1,1,1,1,1,0,0,0,129760,0,0,0,0,0,0,0,0,0
8.115000,0.00,0.000,0.000,10,220,0.000,71,71,18.000,39.000,55.000,0,120,193,160,7,88,14,14,14,14,1,0,0,3,30,0,28.000,0,0,0,0,864,1,0,0,250,0,0,864,0,0,0,0,1,1,1,1,1,1,0,0,0,129840,0,0,0,0,0,0,0,0,0
8.120000,0.00,0.000,0.000,9,216,0.000,71,71,18.000,39.000,55.000,0,117,188,160,7,86,14,14,14,14,1,0,0,3,30,0,28.000,0,0,0,0,864,1,0,0,250,0,0,864,0,0,0,0,1,1,1,1,1,1,0,0,0,129920,0,0,0,0,0,0,0,0,0
8.125000,0.00,0.000,0.000,8,212,0.000,71,71,18.000,39.000,55.000,0,115,184,160,7,84,14,14,14,14,1,0,0,3,30,0,28.000,0,0,0,0,864,1,0,0,250,0,0,864,0,0,0,0,1,1,1,1,1,1,0,0,0,130000,0,0,0,0,0,0,0,0,0
8.130000,0.00,0.000,0.000,7,208,0.000,71,71,18.000,39.000,55.000,0,112,180,160,7,82,14,14,14,14,1,0,0,3,30,0,28.000,0,0,0,0,864,1,0,0,250,0,0,864,0,0,0,0,1,1,1,1,1,1,0,0,0,130080,0,0,0,0,0,0,0,0,0
8.135000,0.00,0.000,0.000,6,204,0.000,71,71,18.000,39.000,55.000,0,110,176,160,7,80,14,14,14,14,1,0,0,3,30,0,28.000,0,0,0,0,864,1,0,0,250,0,0,864,0,0,0,0,1,1,1,1,1,1,0,0,0,130160,0,0,0,0,0,0,0,0,0
8.140000,0.00,0.000,0.000,5,200,0.000,71,71,18.000,39.000,55.000,0,107,172,160,7,78,14,14,14,14,1,0,0,3,30,0,28.000,0,0,0,0,864,1,0,0,250,0,0,864,0,0,0,0,1,1,1,1,1,1,0,0,0,130240,0,0,0,0,0,0,0,0,0
8.145000,0.00,0.000,0.000,4,197,0.000,71,71,18.000,39.000,55.000,0,105,168,160,7,76,14,14,14,14,1,0,0,3,30,0,28.000,0,0,0,0,864,1,0,0,250,0,0,864,0,0,0,0,1,1,1,1,1,1,0,0,0,130320,0,0,0,0,0,0,0,0,0
8.150000,0.00,0.000,0.000,4,193,0.000,71,71,18.000,39.000,55.000,0,102,164,160,7,75,14,14,14,14,1,0,0,3,30,0,28.000,0,0,0,0,864,1,0,0,250,0,0,864,0,0,0,0,1,1,1,1,1,1,0,0,0,130400,0,0,0,0,0,0,0,0,0
8.155000,0.00,0.000,0.000,3,189,0.000,71,71,18.000,39.000,55.000,0,100,160,160,7,73,14,14,14,14,1,0,0,3,30,0,28.000,0,0,0,0,864,1,0,0,250,0,0,864,0,0,0,0,1,1,1,1,1,1,0,0,0,130480,0,0,0,0,0,0,0,0,0
8.160000,0.00,0.000,0.000,3,185,0.000,71,71,18.000,39.000,55.000,0,97,156,160,7,71,14,14,14,14,1,0,0,3,30,0,28.000,0,0,0,0,864,1,0,0,250,0,0,864,0,0,0,0,1,1,1,1,1,1,0,0,0,130560,0,0,0,0,0,0,0,0,0
8.165000,0.00,0.000,0.000,3,182,0.000,71,71,18.000,39.000,55.000,0,95,153,160,7,69,14,14,14,14,1,0,0,3,30,0,28.000,0,0,0,0,864,1,0,0,250,0,0,864,0,0,0,0,1,1,1,1,1,1,0,0,0,130640,0,0,0,0,0,0,0,0,0
8.170000,0.00,0.000,0.000,2,178,0.000,71,71,18.000,39.000,55.000,0,93,148,160,7,67,14,14,14,14,1,0,0,3,30,0,28.000,0,0,0,0,864,1,0,0,250,0,0,864,0,0,0,0,1,1,1,1,1,1,0,0,0,130720,0,0,0,0,0,0,0,0,0
8.175000,0.00,0.000,0.000,2,175,0.000,71,71,18.000,39.000,55.000,0,91,145,160,7,66,14,14,14,14,1,0,0,3,30,0,28.000,0,0,0,0,864,1,0,0,250,0,0,864,0,0,0,0,1,1,1,1,1,1,0,0,0,130800,0,0,0,0,0,0,0,0,0
8.180000,0.00,0.000,0.000,2,171,0.000,71,71,18.000,39.000,55.000,0,88,141,160,7,64,14,14,14,14,1,0,0,3,30,0,28.000,0,0,0,0,864,1,0,0,250,0,0,864,0,0,0,0,1,1,1,1,1,1,0,0,0,130880,0,0,0,0,0,0,0,0,0
8.185000,0.00,0.000,0.000,2,168,0.000,71,71,18.000,39.000,55.000,0,86,138,160,7,63,14,14,14,14,1,0,0,3,30,0,28.000,0,0,0,0,864,1,0,0,250,0,0,864,0,0,0,0,1,1,1,1,1,1,0,0,0,130960,0,0,0,0,0,0,0,0,0
8.190000,0.00,0.000,0.000,1,165,0.000,71,71,18.000,39.000,55.000,0,84,135,160,7,61,14,14,14,14,1,0,0,3,30,0,28.000,0,0,0,0,864,1,0,0,250,0,0,864,0,0,0,0,1,1,1,1,1,1,0,0,0,131040,0,0,0,0,0,0,0,0,0
8.195000,0.00,0.000,0.000,1,162,0.000,71,71,18.000,39.000,55.000,0,82,132,160,7,60,14,14,14,14,1,0,0,3,30,0,28.000,0,0,0,0,864,1,0,0,250,0,0,864,0,0,0,0,1,1,1,1,1,1,0,0,0,131120,0,0,0,0,0,0,0,0,0
8.200000,0.00,0.000,0.000,1,159,0.000,0,0,18.000,39.000,55.000,0,0,0,0,0,0,0,0,0,0,2,144,0,3,70,0,28.000,0,0,0,0,864,1,0,0,0,0,0,864,0,0,0,0,1,1,1,1,1,1,0,0,0,131200,0,0,0,0,0,0,0,0,0
8.205000,0.00,0.000,0.000,1,155,0.000,0,0,18.000,39.000,55.000,0,0,0,0,0,0,0,0,0,0,2,144,0,3,70,0,28.000,0,0,0,0,864,1,0,0,0,0,0,864,0,0,0,0,1,1,1,1,1,1,0,0,0,131280,0,0,0,0,0,0,0,0,0
8.210000,0.00,0.000,0.000,1,152,0.000,0,0,18.000,39.000,55.000,0,0,0,0,0,0,0,0,0,0,2,144,0,3,70,0,28.000,0,0,0,0,864,1,0,0,0,0,0,864,0,0,0,0,1,1,1,1,1,1,0,0,0,131360,0,0,0,0,0,0,0,0,0
8.215000,0.00,0.000,0.000,1,149,0.000,0,0,18.000,39.000,55.000,0,0,0,0,0,0,0,0,0,0,2,144,0,3,70,0,28.000,0,0,0,0,864,1,0,0,0,0,0,864,0,0,0,0,1,1,1,1,1,1,0,0,0,131440,0,0,0,0,0,0,0,0,0
8.220000,0.00,0.000,0.000,1,147,0.000,0,0,18.000,39.000,55.000,0,0,0,0,0,0,0,0,0,0,2,144,0,3,70,0,28.000,0,0,0,0,864,1,0,0,0,0,0,864,0,0,0,0,1,1,1,1,1,1,0,0,0,131520,0,0,0,0,0,0,0,0,0
8.225000,0.00,0.000,0.000,1,144,0.000,0,0,18.000,39.000,55.000,0,0,0,0,0,0,0,0,0,0,2,144,0,3,70,0,28.000,0,0,0,0,864,1,0,0,0,0,0,864,0,0,0,0,1,1,1,1,1,1,0,0,0,131600,0,0,0,0,0,0,0,0,0
8.230000,0.00,0.000,0.000,1,141,0.000,0,0,18.000,39.000,55.000,0,0,0,0,0,0,0,0,0,0,2,144,0,3,70,0,28.000,0,0,0,0,864,1,0,0,0,0,0,864,0,0,0,0,1,1,1,1,1,1,0,0,0,131680,0,0,0,0,0,0,0,0,0
8.235000,0.00,0.000,0.000,1,138,0.000,0,0,18.000,39.000,55.000,0,0,0,0,0,0,0,0,0,0,2,144,0,3,70,0,28.000,0,0,0,0,864,1,0,0,0,0,0,864,0,0,0,0,1,1,1,1,1,1,0,0,0,131760,0,0,0,0,0,0,0,0,0
8.240000,0.00,0.000,0.000,0,136,0.000,0,0,18.000,39.000,55.000,0,0,0,0,0,0,0,0,0,0,2,144,0,3,70,0,28.000,0,0,0,0,864,1,0,0,0,0,0,864,0,0,0,0,1,1,1,1,1,1,0,0,0,131840,0,0,0,0,0,0,0,0,0
8.245000,0.00,0.000,0.000,0,133,0.000,0,0,18.000,39.000,55.000,0,0,0,0,0,0,0,0,0,0,2,144,0,3,70,0,28.000,0,0,0,0,864,1,0,0,0,0,0,864,0,0,0,0,1,1,1,1,1,1,0,0,0,131920,0,0,0,0,0,0,0,0,0
8.250000,0.00,0.000,0.000,0,130,0.000,0,0,18.000,39.000,55.000,0,0,0,0,0,0,0,0,0,0,2,144,0,3,70,0,28.000,0,0,0,0,864,1,0,0,0,0,0,864,0,0,0,0,1,1,1,1,1,1,0,0,0,132000,0,0,0,0,0,0,0,0,0
8.255000,0.00,0.000,0.000,0,128,0.000,0,0,18.000,39.000,55.000,0,0,0,0,0,0,0,0,0,0,2,144,0,3,70,0,28.000,0,0,0,0,864,1,0,0,0,0,0,864,0,0,0,0,1,1,1,1,1,1,0,0,0,132080,0,0,0,0,0,0,0,0,0
8.260000,0.00,0.000,0.000,0,125,0.000,0,0,18.000,39.000,55.000,0,0,0,0,0,0,0,0,0,0,2,144,0,3,70,0,28.000,0,0,0,0,864,1,0,0,0,0,0,864,0,0,0,0,1,1,1,1,1,1,0,0,0,132160,0,0,0,0,0,0,0,0,0
8.265000,0.00,0.000,0.000,0,123,0.000,0,0,18.000,39.000,55.000,0,0,0,0,0,0,0,0,0,0,2,144,0,3,70,0,28.000,0,0,0,0,864,1,0,0,0,0,0,864,0,0,0,0,1,1,1,1,1,1,0,0,0,132240,0,0,0,0,0,0,0,0,0
8.270000,0.00,0.000,0.000,0,120,0.000,0,0,18.000,39.000,55.000,0,0,0,0,0,0,0,0,0,0,2,144,0,3,70,0,28.000,0,0,0,0,864,1,0,0,0,0,0,864,0,0,0,0,1,1,1,1,1,1,0,0,0,132320,0,0,0,0,0,0,0,0,0
8.275000,0.00,0.000,0.000,0,118,0.000,0,0,18.000,39.000,55.000,0,0,0,0,0,0,0,0,0,0,2,144,0,3,70,0,28.000,0,0,0,0,864,1,0,0,0,0,0,864,0,0,0,0,1,1,1,1,1,1,0,0,0,132400,0,0,0,0,0,0,0,0,0
8.280000,0.00,0.000,0.000,0,116,0.000,0,0,18.000,39.000,55.000,0,0,0,0,0,0,0,0,0,0,2,144,0,3,70,0,28.000,0,0,0,0,864,1,0,0,0,0,0,864,0,0,0,0,1,1,1,1,1,1,0,0,0,132480,0,0,0,0,0,0,0,0,0
8.285000,0.00,0.000,0.000,0,114,0.000,0,0,18.000,39.000,55.000,0,0,0,0,0,0,0,0,0,0,2,144,0,3,70,0,28.000,0,0,0,0,864,1,0,0,0,0,0,864,0,0,0,0,1,1,1,1,1,1,0,0,0,132560,0,0,0,0,0,0,0,0,0
8.290000,0.00,0.000,0.000,0,111,0.000,0,0,18.000,39.000,55.000,0,0,0,0,0,0,0,0,0,0,2,144,0,3,70,0,28.000,0,0,0,0,864,1,0,0,0,0,0,864,0,0,0,0,1,1,1,1,1,1,0,0,0,132640,0,0,0,0,0,0,0,0,0
8.295000,0.00,0.000,0.000,0,109,0.000,0,0,18.000,39.000,55.000,0,0,0,0,0,0,0,0,0,0,2,144,0,3,70,0,28.000,0,0,0,0,864,1,0,0,0,0,0,864,0,0,0,0,1,1,1,1,1,1,0,0,0,132720,0,0,0,0,0,0,0,0,0
8.300000,0.00,0.000,0.000,0,107,0.000,0,0,18.000,39.000,55.000,0,0,0,0,0,0,0,0,0,0,2,144,0,3,70,0,28.000,0,0,0,0,864,1,0,0,0,0,0,864,0,0,0,0,1,1,1,1,1,1,0,0,0,132800,0,0,0,0,0,0,0,0,0
8.305000,0.00,0.000,0.000,0,105,0.000,0,0,18.000,39.000,55.000,0,0,0,0,0,0,0,0,0,0,2,144,0,3,70,0,28.000,0,0,0,0,864,1,0,0,0,0,0,864,0,0,0,0,1,1,1,1,1,1,0,0,0,132880,0,0,0,0,0,0,0,0,0
8.310000,0.00,0.000,0.000,0,103,0.000,0,0,18.000,39.000,55.000,0,0,0,0,0,0,0,0,0,0,2,144,0,3,70,0,28.000,0,0,0,0,864,1,0,0,0,0,0,864,0,0,0,0,1,1,1,1,1,1,0,0,0,132960,0,0,0,0,0,0,0,0,0
8.315000,0.00,0.000,0.000,0,101,0.000,0,0,18.000,39.000,55.000,0,0,0,0,0,0,0,0,0,0,2,144,0,3,70,0,28.000,0,0,0,0,864,1,0,0,0,0,0,864,0,0,0,0,1,1,1,1,1,1,0,0,0,133040,0,0,0,0,0,0,0,0,0
8.320000,0.00,0.000,0.000,0,99,0.000,0,0,18.000,39.000,55.000,0,0,0,0,0,0,0,0,0,0,2,144,0,3,70,0,28.000,0,0,0,0,864,1,0,0,0,0,0,864,0,0,0,0,1,1,1,1,1,1,0,0,0,133120,0,0,0,0,0,0,0,0,0
8.325000,0.00,0.000,0.000,0,97,0.000,0,0,18.000,39.000,55.000,0,0,0,0,0,0,0,0,0,0,2,144,0,3,70,0,28.000,0,0,0,0,864,1,0,0,0,0,0,864,0,0,0,0,1,1,1,1,1,1,0,0,0,133200,0,0,0,0,0,0,0,0,0
8.330000,0.00,0.000,0.000,0,95,0.000,0,0,18.000,39.000,55.000,0,0,0,0,0,0,0,0,0,0,2,144,0,3,70,0,28.000,0,0,0,0,864,1,0,0,0,0,0,864,0,0,0,0,1,1,1,1,1,1,0,0,0,133280,0,0,0,0,0,0,0,0,0
8.335000,0.00,0.000,0.000,0,93,0.000,0,0,18.000,39.000,55.000,0,0,0,0,0,0,0,0,0,0,2,144,0,3,70,0,28.000,0,0,0,0,864,1,0,0,0,0,0,864,0,0,0,0,1,1,1,1,1,1,0,0,0,133360,0,0,0,0,0,0,0,0,0
8.340000,0.00,0.000,0.000,0,91,0.000,0,0,18.000,39.000,55.000,0,0,0,0,0,0,0,0,0,0,2,144,0,3,70,0,28.000,0,0,0,0,864,1,0,0,0,0,0,864,0,0,0,0,1,1,1,1,1,1,0,0,0,133440,0,0,0,0,0,0,0,0,0
8.345000,0.00,0.000,0.000,0,90,0.000,0,0,18.000,39.000,55.000,0,0,0,0,0,0,0,0,0,0,2,144,0,3,70,0,28.000,0,0,0,0,864,1,0,0,0,0,0,864,0,0,0,0,1,1,1,1,1,1,0,0,0,133520,0,0,0,0,0,0,0,0,0
8.350000,0.00,0.000,0.000,0,88,0.000,0,0,18.000,39.000,55.000,0,0,0,0,0,0,0,0,0,0,2,144,0,3,70,0,28.000,0,0,0,0,864,1,0,0,0,0,0,864,0,0,0,0,1,1,1,1,1,1,0,0,0,133600,0,0,0,0,0,0,0,0,0
8.355000,0.00,0.000,0.000,0,86,0.000,0,0,18.000,39.000,55.000,0,0,0,0,0,0,0,0,0,0,2,144,0,3,70,0,28.000,0,0,0,0,864,1,0,0,0,0,0,864,0,0,0,0,1,1,1,1,1,1,0,0,0,133680,0,0,0,0,0,0,0,0,0
8.360000,0.00,0.000,0.000,0,85,0.000,0,0,18.000,39.000,55.000,0,0,0,0,0,0,0,0,0,0,2,144,0,3,70,0,28.000,0,0,0,0,864,1,0,0,0,0,0,864,0,0,0,0,1,1,1,1,1,1,0,0,0,133760,0,0,0,0,0,0,0,0,0
8.365000,0.00,0.000,0.000,0,83,0.000,0,0,18.000,39.000,55.000,0,0,0,0,0,0,0,0,0,0,2,144,0,3,70,0,28.000,0,0,0,0,864,1,0,0,0,0,0,864,0,0,0,0,1,1,1,1,1,1,0,0,0,133840,0,0,0,0,0,0,0,0,0
8.370000,0.00,0.000,0.000,0,81,0.000,0,0,18.000,39.000,55.000,0,0,0,0,0,0,0,0,0,0,2,144,0,3,70,0,28.000,0,0,0,0,864,1,0,0,0,0,0,864,0,0,0,0,1,1,1,1,1,1,0,0,0,133920,0,0,0,0,0,0,0,0,0
8.375000,0.00,0.000,0.000,0,80,0.000,0,0,18.000,39.000,55.000,0,0,0,0,0,0,0,0,0,0,2,144,0,3,70,0,28.000,0,0,0,0,864,1,0,0,0,0,0,864,0,0,0,0,1,1,1,1,1,1,0,0,0,134000,0,0,0,0,0,0,0,0,0
8.380000,0.00,0.000,0.000,0,78,0.000,0,0,18.000,39.000,55.000,0,0,0,0,0,0,0,0,0,0,2,144,0,3,70,0,28.000,0,0,0,0,864,1,0,0,0,0,0,864,0,0,0,0,1,1,1,1,1,1,0,0,0,134080,0,0,0,0,0,0,0,0,0
8.385000,0.00,0.000,0.000,0,77,0.000,0,0,18.000,39.000,55.000,0,0,0,0,0,0,0,0,0,0,2,144,0,3,70,0,28.000,0,0,0,0,864,1,0,0,0,0,0,864,0,0,0,0,1,1,1,1,1,1,0,0,0,134160,0,0,0,0,0,0,0,0,0
8.390000,0.00,0.000,0.000,0,75,0.000,0,0,18.000,39.000,55.000,0,0,0,0,0,0,0,0,0,0,2,144,0,3,70,0,28.000,0,0,0,0,864,1,0,0,0,0,0,864,0,0,0,0,1,1,1,1,1,1,0,0,0,134240,0,0,0,0,0,0,0,0,0
8.395000,0.00,0.000,0.000,0,74,0.000,0,0,18.000,39.000,55.000,0,0,0,0,0,0,0,0,0,0,2,144,0,3,70,0,28.000,0,0,0,0,864,1,0,0,0,0,0,864,0,0,0,0,1,1,1,1,1,1,0,0,0,134320,0,0,0,0,0,0,0,0,0
8.400000,0.00,0.000,0.000,0,72,0.000,0,0,18.000,39.000,55.000,0,0,0,0,0,0,0,0,0,0,2,144,0,3,70,0,28.000,0,0,0,0,864,1,0,0,0,0,0,864,0,0,0,0,1,1,1,1,1,1,0,0,0,134400,0,0,0,0,0,0,0,0,0
8.405000,0.00,0.000,0.000,0,71,0.000,0,0,18.000,39.000,55.000,0,0,0,0,0,0,0,0,0,0,2,144,0,3,70,0,28.000,0,0,0,0,864,1,0,0,0,0,0,864,0,0,0,0,1,1,1,1,1,1,0,0,0,134480,0,0,0,0,0,0,0,0,0
8.410000,0.00,0.000,0.000,0,70,0.000,0,0,18.000,39.000,55.000,0,0,0,0,0,0,0,0,0,0,2,144,0,3,70,0,28.000,0,0,0,0,864,1,0,0,0,0,0,864,0,0,0,0,1,1,1,1,1,1,0,0,0,134560,0,0,0,0,0,0,0,0,0
8.415000,0.00,0.000,0.000,0,68,0.000,0,0,18.000,39.000,55.000,0,0,0,0,0,0,0,0,0,0,2,144,0,3,70,0,28.000,0,0,0,0,864,1,0,0,0,0,0,864,0,0,0,0,1,1,1,1,1,1,0,0,0,134640,0,0,0,0,0,0,0,0,0
8.420000,0.00,0.000,0.000,0,67,0.000,0,0,18.000,39.000,55.000,0,0,0,0,0,0,0,0,0,0,2,144,0,3,70,0,28.000,0,0,0,0,864,1,0,0,0,0,0,864,0,0,0,0,1,1,1,1,1,1,0,0,0,134720,0,0,0,0,0,0,0,0,0
8.425000,0.00,0.000,0.000,0,66,0.000,0,0,18.000,39.000,55.000,0,0,0,0,0,0,0,0,0,0,2,144,0,3,70,0,28.000,0,0,0,0,864,1,0,0,0,0,0,864,0,0,0,0,1,1,1,1,1,1,0,0,0,134800,0,0,0,0,0,0,0,0,0
8.430000,0.00,0.000,0.000,0,64,0.000,0,0,18.000,39.000,55.000,0,0,0,0,0,0,0,0,0,0,2,144,0,3,70,0,28.000,0,0,0,0,864,1,0,0,0,0,0,864,0,0,0,0,1,1,1,1,1,1,0,0,0,134880,0,0,0,0,0,0,0,0,0
8.435000,0.00,0.000,0.000,0,63,0.000,0,0,18.000,39.000,55.000,0,0,0,0,0,0,0,0,0,0,2,144,0,3,70,0,28.000,0,0,0,0,864,1,0,0,0,0,0,864,0,0,0,0,1,1,1,1,1,1,0,0,0,134960,0,0,0,0,0,0,0,0,0
8.440000,0.00,0.000,0.000,0,62,0.000,0,0,18.000,39.000,55.000,0,0,0,0,0,0,0,0,0,0,2,144,0,3,70,0,28.000,0,0,0,0,864,1,0,0,0,0,0,864,0,0,0,0,1,1,1,1,1,1,0,0,0,135040,0,0,0,0,0,0,0,0,0
8.445000,0.00,0.000,0.000,0,61,0.000,0,0,18.000,39.000,55.000,0,0,0,0,0,0,0,0,0,0,2,144,0,3,70,0,28.000,0,0,0,0,864,1,0,0,0,0,0,864,0,0,0,0,1,1,1,1,1,1,0,0,0,135120,0,0,0,0,0,0,0,0,0
8.450000,0.00,0.000,0.000,0,60,0.000,0,0,18.000,39.000,55.000,0,0,0,0,0,0,0,0,0,0,2,144,0,3,70,0,28.000,0,0,0,0,864,1,0,0,0,0,0,864,0,0,0,0,1,1,1,1,1,1,0,0,0,135200,0,0,0,0,0,0,0,0,0
8.455000,0.00,0.000,0.000,0,58,0.000,0,0,18.000,39.000,55.000,0,0,0,0,0,0,0,0,0,0,2,144,0,3,70,0,28.000,0,0,0,0,864,1,0,0,0,0,0,864,0,0,0,0,1,1,1,1,1,1,0,0,0,135280,0,0,0,0,0,0,0,0,0
8.460000,0.00,0.000,0.000,0,57,0.000,0,0,18.000,39.000,55.000,0,0,0,0,0,0,0,0,0,0,2,144,0,3,70,0,28.000,0,0,0,0,864,1,0,0,0,0,0,864,0,0,0,0,1,1,1,1,1,1,0,0,0,135360,0,0,0,0,0,0,0,0,0
8.465000,0.00,0.000,0.000,0,56,0.000,0,0,18.000,39.000,55.000,0,0,0,0,0,0,0,0,0,0,2,144,0,3,70,0,28.000,0,0,0,0,864,1,0,0,0,0,0,864,0,0,0,0,1,1,1,1,1,1,0,0,0,135440,0,0,0,0,0,0,0,0,0
8.470000,0.00,0.000,0.000,0,55,0.000,0,0,18.000,39.000,55.000,0,0,0,0,0,0,0,0,0,0,2,144,0,3,70,0,28.000,0,0,0,0,864,1,0,0,0,0,0,864,0,0,0,0,1,1,1,1,1,1,0,0,0,135520,0,0,0,0,0,0,0,0,0
8.475000,0.00,0.000,0.000,0,54,0.000,0,0,18.000,39.000,55.000,0,0,0,0,0,0,0,0,0,0,2,144,0,3,70,0,28.000,0,0,0,0,864,1,0,0,0,0,0,864,0,0,0,0,1,1,1,1,1,1,0,0,0,135600,0,0,0,0,0,0,0,0,0
8.480000,0.00,0.000,0.000,0,53,0.000,0,0,18.000,39.000,55.000,0,0,0,0,0,0,0,0,0,0,2,144,0,3,70,0,28.000,0,0,0,0,864,1,0,0,0,0,0,864,0,0,0,0,1,1,1,1,1,1,0,0,0,135680,0,0,0,0,0,0,0,0,0
8.485000,0.00,0.000,0.000,0,52,0.000,0,0,18.000,39.000,55.000,0,0,0,0,0,0,0,0,0,0,2,144,0,3,70,0,28.000,0,0,0,0,864,1,0,0,0,0,0,864,0,0,0,0,1,1,1,1,1,1,0,0,0,135760,0,0,0,0,0,0,0,0,0
8.490000,0.00,0.000,0.000,0,51,0.000,0,0,18.000,39.000,55.000,0,0,0,0,0,0,0,0,0,0,2,144,0,3,70,0,28.000,0,0,0,0,864,1,0,0,0,0,0,864,0,0,0,0,1,1,1,1,1,1,0,0,0,135840,0,0,0,0,0,0,0,0,0
8.495000,0.00,0.000,0.000,0,50,0.000,0,0,18.000,39.000,55.000,0,0,0,0,0,0,0,0,0,0,2,144,0,3,70,0,28.000,0,0,0,0,864,1,0,0,0,0,0,864,0,0,0,0,1,1,1,1,1,1,0,0,0,135920,0,0,0,0,0,0,0,0,0
8.500000,0.00,0.000,0.000,0,49,0.000,0,0,18.000,39.000,55.000,0,0,0,0,0,0,0,0,0,0,2,144,0,3,70,0,28.000,0,0,0,0,864,1,0,0,0,0,0,864,0,0,0,0,1,1,1,1,1,1,0,0,0,136000,0,0,0,0,0,0,0,0,0
8.505000,0.00,0.000,0.000,0,48,0.000,0,0,18.000,39.000,55.000,0,0,0,0,0,0,0,0,0,0,2,144,0,3,70,0,28.000,0,0,0,0,864,1,0,0,0,0,0,864,0,0,0,0,1,1,1,1,1,1,0,0,0,136080,0,0,0,0,0,0,0,0,0
8.510000,0.00,0.000,0.000,0,47,0.000,0,0,18.000,39.000,55.000,0,0,0,0,0,0,0,0,0,0,2,144,0,3,70,0,28.000,0,0,0,0,864,1,0,0,0,0,0,864,0,0,0,0,1,1,1,1,1,1,0,0,0,136160,0,0,0,0,0,0,0,0,0
8.515000,0.00,0.000,0.000,0,46,0.000,0,0,18.000,39.000,55.000,0,0,0,0,0,0,0,0,0,0,2,144,0,3,70,0,28.000,0,0,0,0,864,1,0,0,0,0,0,864,0,0,0,0,1,1,1,1,1,1,0,0,0,136240,0,0,0,0,0,0,0,0,0
8.520000,0.00,0.000,0.000,0,46,0.000,0,0,18.000,39.000,55.000,0,0,0,0,0,0,0,0,0,0,2,144,0,3,70,0,28.000,0,0,0,0,864,1,0,0,0,0,0,864,0,0,0,0,1,1,1,1,1,1,0,0,0,136320,0,0,0,0,0,0,0,0,0
8.525000,0.00,0.000,0.000,0,45,0.000,0,0,18.000,39.000,55.000,0,0,0,0,0,0,0,0,0,0,2,144,0,3,70,0,28.000,0,0,0,0,864,1,0,0,0,0,0,864,0,0,0,0,1,1,1,1,1,1,0,0,0,136400,0,0,0,0,0,0,0,0,0
8.530000,0.00,0.000,0.000,0,44,0.000,0,0,18.000,39.000,55.000,0,0,0,0,0,0,0,0,0,0,2,144,0,3,70,0,28.000,0,0,0,0,864,1,0,0,0,0,0,864,0,0,0,0,1,1,1,1,1,1,0,0,0,136480,0,0,0,0,0,0,0,0,0
8.535000,0.00,0.000,0.000,0,43,0.000,0,0,18.000,39.000,55.000,0,0,0,0,0,0,0,0,0,0,2,144,0,3,70,0,28.000,0,0,0,0,864,1,0,0,0,0,0,864,0,0,0,0,1,1,1,1,1,1,0,0,0,136560,0,0,0,0,0,0,0,0,0
8.540000,0.00,0.000,0.000,0,42,0.000,0,0,18.000,39.000,55.000,0,0,0,0,0,0,0,0,0,0,2,144,0,3,70,0,28.000,0,0,0,0,864,1,0,0,0,0,0,864,0,0,0,0,1,1,1,1,1,1,0,0,0,136640,0,0,0,0,0,0,0,0,0
8.545000,0.00,0.000,0.000,0,41,0.000,0,0,18.000,39.000,55.000,0,0,0,0,0,0,0,0,0,0,2,144,0,3,70,0,28.000,0,0,0,0,864,1,0,0,0,0,0,864,0,0,0,0,1,1,1,1,1,1,0,0,0,136720,0,0,0,0,0,0,0,0,0
8.550000,0.00,0.000,0.000,0,41,0.000,0,0,18.000,39.000,55.000,0,0,0,0,0,0,0,0,0,0,2,144,0,3,70,0,28.000,0,0,0,0,864,1,0,0,0,0,0,864,0,0,0,0,1,1,1,1,1,1,0,0,0,136800,0,0,0,0,0,0,0,0,0
8.555000,0.00,0.000,0.000,0,40,0.000,0,0,18.000,39.000,55.000,0,0,0,0,0,0,0,0,0,0,2,144,0,3,70,0,28.000,0,0,0,0,864,1,0,0,0,0,0,864,0,0,0,0,1,1,1,1,1,1,0,0,0,136880,0,0,0,0,0,0,0,0,0
8.560000,0.00,0.000,0.000,0,39,0.000,0,0,18.000,39.000,55.000,0,0,0,0,0,0,0,0,0,0,2,144,0,3,70,0,28.000,0,0,0,0,864,1,0,0,0,0,0,864,0,0,0,0,1,1,1,1,1,1,0,0,0,136960,0,0,0,0,0,0,0,0,0
8.565000,0.00,0.000,0.000,0,38,0.000,0,0,18.000,39.000,55.000,0,0,0,0,0,0,0,0,0,0,2,144,0,3,70,0,28.000,0,0,0,0,864,1,0,0,0,0,0,864,0,0,0,0,1,1,1,1,1,1,0,0,0,137040,0,0,0,0,0,0,0,0,0
8.570000,0.00,0.000,0.000,0,38,0.000,0,0,18.000,39.000,55.000,0,0,0,0,0,0,0,0,0,0,2,144,0,3,70,0,28.000,0,0,0,0,864,1,0,0,0,0,0,864,0,0,0,0,1,1,1,1,1,1,0,0,0,137120,0,0,0,0,0,0,0,0,0
8.575000,0.00,0.000,0.000,0,37,0.000,0,0,18.000,39.000,55.000,0,0,0,0,0,0,0,0,0,0,2,144,0,3,70,0,28.000,0,0,0,0,864,1,0,0,0,0,0,864,0,0,0,0,1,1,1,1,1,1,0,0,0,137200,0,0,0,0,0,0,0,0,0
8.580000,0.00,0.000,0.000,0,36,0.000,0,0,18.000,39.000,55.000,0,0,0,0,0,0,0,0,0,0,2,144,0,3,70,0,28.000,0,0,0,0,864,1,0,0,0,0,0,864,0,0,0,0,1,1,1,1,1,1,0,0,0,137280,0,0,0,0,0,0,0,0,0
8.585000,0.00,0.000,0.000,0,36,0.000,0,0,18.000,39.000,55.000,0,0,0,0,0,0,0,0,0,0,2,144,0,3,70,0,28.000,0,0,0,0,864,1,0,0,0,0,0,864,0,0,0,0,1,1,1,1,1,1,0,0,0,137360,0,0,0,0,0,0,0,0,0
8.590000,0.00,0.000,0.000,0,35,0.000,0,0,18.000,39.000,55.000,0,0,0,0,0,0,0,0,0,0,2,144,0,3,70,0,28.000,0,0,0,0,864,1,0,0,0,0,0,864,0,0,0,0,1,1,1,1,1,1,0,0,0,137440,0,0,0,0,0,0,0,0,0
8.595000,0.00,0.000,0.000,0,34,0.000,0,0,18.000,39.000,55.000,0,0,0,0,0,0,0,0,0,0,2,144,0,3,70,0,28.000,0,0,0,0,864,1,0,0,0,0,0,864,0,0,0,0,1,1,1,1,1,1,0,0,0,137520,0,0,0,0,0,0,0,0,0
8.600000,0.00,0.000,0.000,0,34,0.000,0,0,18.000,39.000,55.000,0,0,0,0,0,0,0,0,0,0,2,144,0,3,70,0,28.000,0,0,0,0,864,1,0,0,0,0,0,864,0,0,0,0,1,1,1,1,1,1,0,0,0,137600,0,0,0,0,0,0,0,0,0
8.605000,0.00,0.000,0.000,0,33,0.000,0,0,18.000,39.000,55.000,0,0,0,0,0,0,0,0,0,0,2,144,0,3,70,0,28.000,0,0,0,0,864,1,0,0,0,0,0,864,0,0,0,0,1,1,1,1,1,1,0,0,0,137680,0,0,0,0,0,0,0,0,0
8.610000,0.00,0.000,0.000,0,32,0.000,0,0,18.000,39.000,55.000,0,0,0,0,0,0,0,0,0,0,2,144,0,3,70,0,28.000,0,0,0,0,864,1,0,0,0,0,0,864,0,0,0,0,1,1,1,1,1,1,0,0,0,137760,0,0,0,0,0,0,0,0,0
8.615000,0.00,0.000,0.000,0,32,0.000,0,0,18.000,39.000,55.000,0,0,0,0,0,0,0,0,0,0,2,144,0,3,70,0,28.000,0,0,0,0,864,1,0,0,0,0,0,864,0,0,0,0,1,1,1,1,1,1,0,0,0,137840,0,0,0,0,0,0,0,0,0
8.620000,0.00,0.000,0.000,0,31,0.000,0,0,18.000,39.000,55.000,0,0,0,0,0,0,0,0,0,0,2,144,0,3,70,0,28.000,0,0,0,0,864,1,0,0,0,0,0,864,0,0,0,0,1,1,1,1,1,1,0,0,0,137920,0,0,0,0,0,0,0,0,0
8.625000,0.00,0.000,0.000,0,31,0.000,0,0,18.000,39.000,55.000,0,0,0,0,0,0,0,0,0,0,2,144,0,3,70,0,28.000,0,0,0,0,864,1,0,0,0,0,0,864,0,0,0,0,1,1,1,1,1,1,0,0,0,138000,0,0,0,0,0,0,0,0,0
8.630000,0.00,0.000,0.000,0,30,0.000,0,0,18.000,39.000,55.000,0,0,0,0,0,0,0,0,0,0,2,144,0,3,70,0,28.000,0,0,0,0,864,1,0,0,0,0,0,864,0,0,0,0,1,1,1,1,1,1,0,0,0,138080,0,0,0,0,0,0,0,0,0
8.635000,0.00,0.000,0.000,0,29,0.000,0,0,18.000,39.000,55.000,0,0,0,0,0,0,0,0,0,0,2,144,0,3,70,0,28.000,0,0,0,0,864,1,0,0,0,0,0,864,0,0,0,0,1,1,1,1,1,1,0,0,0,138160,0,0,0,0,0,0,0,0,0
8.640000,0.00,0.000,0.000,0,29,0.000,0,0,18.000,39.000,55.000,0,0,0,0,0,0,0,0,0,0,2,144,0,3,70,0,28.000,0,0,0,0,864,1,0,0,0,0,0,864,0,0,0,0,1,1,1,1,1,1,0,0,0,138240,0,0,0,0,0,0,0,0,0
8.645000,0.00,0.000,0.000,0,28,0.000,0,0,18.000,39.000,55.000,0,0,0,0,0,0,0,0,0,0,2,144,0,3,70,0,28.000,0,0,0,0,864,1,0,0,0,0,0,864,0,0,0,0,1,1,1,1,1,1,0,0,0,138320,0,0,0,0,0,0,0,0,0
8.650000,0.00,0.000,0.000,0,28,0.000,0,0,18.000,39.000,55.000,0,0,0,0,0,0,0,0,0,0,2,144,0,3,70,0,28.000,0,0,0,0,864,1,0,0,0,0,0,864,0,0,0,0,1,1,1,1,1,1,0,0,0,138400,0,0,0,0,0,0,0,0,0
8.655000,0.00,0.000,0.000,0,27,0.000,0,0,18.000,39.000,55.000,0,0,0,0,0,0,0,0,0,0,2,144,0,3,70,0,28.000,0,0,0,0,864,1,0,0,0,0,0,864,0,0,0,0,1,1,1,1,1,1,0,0,0,138480,0,0,0,0,0,0,0,0,0
8.660000,0.00,0.000,0.000,0,27,0.000,0,0,18.000,39.000,55.000,0,0,0,0,0,0,0,0,0,0,2,144,0,3,70,0,28.000,0,0,0,0,864,1,0,0,0,0,0,864,0,0,0,0,1,1,1,1,1,1,0,0,0,138560,0,0,0,0,0,0,0,0,0
8.665000,0.00,0.000,0.000,0,26,0.000,0,0,18.000,39.000,55.000,0,0,0,0,0,0,0,0,0,0,2,144,0,3,70,0,28.000,0,0,0,0,864,1,0,0,0,0,0,864,0,0,0,0,1,1,1,1,1,1,0,0,0,138640,0,0,0,0,0,0,0,0,0
8.670000,0.00,0.000,0.000,0,26,0.000,0,0,18.000,39.000,55.000,0,0,0,0,0,0,0,0,0,0,2,144,0,3,70,0,28.000,0,0,0,0,864,1,0,0,0,0,0,864,0,0,0,0,1,1,1,1,1,1,0,0,0,138720,0,0,0,0,0,0,0,0,0
8.675000,0.00,0.000,0.000,0,25,0.000,0,0,18.000,39.000,55.000,0,0,0,0,0,0,0,0,0,0,2,144,0,3,70,0,28.000,0,0,0,0,864,1,0,0,0,0,0,864,0,0,0,0,1,1,1,1,1,1,0,0,0,138800,0,0,0,0,0,0,0,0,0
8.680000,0.00,0.000,0.000,0,25,0.000,0,0,18.000,39.000,55.000,0,0,0,0,0,0,0,0,0,0,2,144,0,3,70,0,28.000,0,0,0,0,864,1,0,0,0,0,0,864,0,0,0,0,1,1,1,1,1,1,0,0,0,138880,0,0,0,0,0,0,0,0,0
8.685000,0.00,0.000,0.000,0,25,0.000,0,0,18.000,39.000,55.000,0,0,0,0,0,0,0,0,0,0,2,144,0,3,70,0,28.000,0,0,0,0,864,1,0,0,0,0,0,864,0,0,0,0,1,1,1,1,1,1,0,0,0,138960,0,0,0,0,0,0,0,0,0
8.690000,0.00,0.000,0.000,0,24,0.000,0,0,18.000,39.000,55.000,0,0,0,0,0,0,0,0,0,0,2,144,0,3,70,0,28.000,0,0,0,0,864,1,0,0,0,0,0,864,0,0,0,0,1,1,1,1,1,1,0,0,0,139040,0,0,0,0,0,0,0,0,0
8.695000,0.00,0.000,0.000,0,24,0.000,0,0,18.000,39.000,55.000,0,0,0,0,0,0,0,0,0,0,2,144,0,3,70,0,28.000,0,0,0,0,864,1,0,0,0,0,0,864,0,0,0,0,1,1,1,1,1,1,0,0,0,139120,0,0,0,0,0,0,0,0,0
8.700000,0.00,0.000,0.000,0,23,0.000,0,0,18.000,39.000,55.000,0,0,0,0,0,0,0,0,0,0,2,144,0,3,70,0,28.000,0,0,0,0,864,1,0,0,0,0,0,864,0,0,0,0,1,1,1,1,1,1,0,0,0,139200,0,0,0,0,0,0,0,0,0
8.705000,0.00,0.000,0.000,0,23,0.000,0,0,18.000,39.000,55.000,0,0,0,0,0,0,0,0,0,0,2,144,0,3,70,0,28.000,0,0,0,0,864,1,0,0,0,0,0,864,0,0,0,0,1,1,1,1,1,1,0,0,0,139280,0,0,0,0,0,0,0,0,0
8.710000,0.00,0.000,0.000,0,22,0.000,0,0,18.000,39.000,55.000,0,0,0,0,0,0,0,0,0,0,2,144,0,3,70,0,28.000,0,0,0,0,864,1,0,0,0,0,0,864,0,0,0,0,1,1,1,1,1,1,0,0,0,139360,0,0,0,0,0,0,0,0,0
8.715000,0.00,0.000,0.000,0,22,0.000,0,0,18.000,39.000,55.000,0,0,0,0,0,0,0,0,0,0,2,144,0,3,70,0,28.000,0,0,0,0,864,1,0,0,0,0,0,864,0,0,0,0,1,1,1,1,1,1,0,0,0,139440,0,0,0,0,0,0,0,0,0
8.720000,0.00,0.000,0.000,0,22,0.000,0,0,18.000,39.000,55.000,0,0,0,0,0,0,0,0,0,0,2,144,0,3,70,0,28.000,0,0,0,0,864,1,0,0,0,0,0,864,0,0,0,0,1,1,1,1,1,1,0,0,0,139520,0,0,0,0,0,0,0,0,0
8.725000,0.00,0.000,0.000,0,21,0.000,0,0,18.000,39.000,55.000,0,0,0,0,0,0,0,0,0,0,2,144,0,3,70,0,28.000,0,0,0,0,864,1,0,0,0,0,0,864,0,0,0,0,1,1,1,1,1,1,0,0,0,139600,0,0,0,0,0,0,0,0,0
8.730000,0.00,0.000,0.000,0,21,0.000,0,0,18.000,39.000,55.000,0,0,0,0,0,0,0,0,0,0,2,144,0,3,70,0,28.000,0,0,0,0,864,1,0,0,0,0,0,864,0,0,0,0,1,1,1,1,1,1,0,0,0,139680,0,0,0,0,0,0,0,0,0
8.735000,0.00,0.000,0.000,0,20,0.000,0,0,18.000,39.000,55.000,0,0,0,0,0,0,0,0,0,0,2,144,0,3,70,0,28.000,0,0,0,0,864,1,0,0,0,0,0,864,0,0,0,0,1,1,1,1,1,1,0,0,0,139760,0,0,0,0,0,0,0,0,0
8.740000,0.00,0.000,0.000,0,20,0.000,0,0,18.000,39.000,55.000,0,0,0,0,0,0,0,0,0,0,2,144,0,3,70,0,28.000,0,0,0,0,864,1,0,0,0,0,0,864,0,0,0,0,1,1,1,1,1,1,0,0,0,139840,0,0,0,0,0,0,0,0,0
8.745000,0.00,0.000,0.000,0,20,0.000,0,0,18.000,39.000,55.000,0,0,0,0,0,0,0,0,0,0,2,144,0,3,70,0,28.000,0,0,0,0,864,1,0,0,0,0,0,864,0,0,0,0,1,1,1,1,1,1,0,0,0,139920,0,0,0,0,0,0,0,0,0
8.750000,0.00,0.000,0.000,0,19,0.000,0,0,18.000,39.000,55.000,0,0,0,0,0,0,0,0,0,0,2,144,0,3,70,0,28.000,0,0,0,0,864,1,0,0,0,0,0,864,0,0,0,0,1,1,1,1,1,1,0,0,0,140000,0,0,0,0,0,0,0,0,0
8.755000,0.00,0.000,0.000,0,19,0.000,0,0,18.000,39.000,55.000,0,0,0,0,0,0,0,0,0,0,2,144,0,3,70,0,28.000,0,0,0,0,864,1,0,0,0,0,0,864,0,0,0,0,1,1,1,1,1,1,0,0,0,140080,0,0,0,0,0,0,0,0,0
8.760000,0.00,0.000,0.000,0,19,0.000,0,0,18.000,39.000,55.000,0,0,0,0,0,0,0,0,0,0,2,144,0,3,70,0,28.000,0,0,0,0,864,1,0,0,0,0,0,864,0,0,0,0,1,1,1,1,1,1,0,0,0,140160,0,0,0,0,0,0,0,0,0
8.765000,0.00,0.000,0.000,0,18,0.000,0,0,18.000,39.000,55.000,0,0,0,0,0,0,0,0,0,0,2,144,0,3,70,0,28.000,0,0,0,0,864,1,0,0,0,0,0,864,0,0,0,0,1,1,1,1,1,1,0,0,0,140240,0,0,0,0,0,0,0,0,0
8.770000,0.00,0.000,0.000,0,18,0.000,0,0,18.000,39.000,55.000,0,0,0,0,0,0,0,0,0,0,2,144,0,3,70,0,28.000,0,0,0,0,864,1,0,0,0,0,0,864,0,0,0,0,1,1,1,1,1,1,0,0,0,140320,0,0,0,0,0,0,0,0,0
8.775000,0.00,0.000,0.000,0,18,0.000,0,0,18.000,39.000,55.000,0,0,0,0,0,0,0,0,0,0,2,144,0,3,70,0,28.000,0,0,0,0,864,1,0,0,0,0,0,864,0,0,0,0,1,1,1,1,1,1,0,0,0,140400,0,0,0,0,0,0,0,0,0
8.780000,0.00,0.000,0.000,0,17,0.000,0,0,18.000,39.000,55.000,0,0,0,0,0,0,0,0,0,0,2,144,0,3,70,0,28.000,0,0,0,0,864,1,0,0,0,0,0,864,0,0,0,0,1,1,1,1,1,1,0,0,0,140480,0,0,0,0,0,0,0,0,0
8.785000,0.00,0.000,0.000,0,17,0.000,0,0,18.000,39.000,55.000,0,0,0,0,0,0,0,0,0,0,2,144,0,3,70,0,28.000,0,0,0,0,864,1,0,0,0,0,0,864,0,0,0,0,1,1,1,1,1,1,0,0,0,140560,0,0,0,0,0,0,0,0,0
8.790000,0.00,0.000,0.000,0,17,0.000,0,0,18.000,39.000,55.000,0,0,0,0,0,0,0,0,0,0,2,144,0,3,70,0,28.000,0,0,0,0,864,1,0,0,0,0,0,864,0,0,0,0,1,1,1,1,1,1,0,0,0,140640,0,0,0,0,0,0,0,0,0
8.795000,0.00,0.000,0.000,0,16,0.000,0,0,18.000,39.000,55.000,0,0,0,0,0,0,0,0,0,0,2,144,0,3,70,0,28.000,0,0,0,0,864,1,0,0,0,0,0,864,0,0,0,0,1,1,1,1,1,1,0,0,0,140720,0,0,0,0,0,0,0,0,0
8.800000,0.00,0.000,0.000,0,16,0.000,0,0,18.000,39.000,55.000,0,0,0,0,0,0,0,0,0,0,2,144,0,3,70,0,28.000,0,0,0,0,864,1,0,0,0,0,0,864,0,0,0,0,1,1,1,1,1,1,0,0,0,140800,0,0,0,0,0,0,0,0,0
8.805000,0.00,0.000,0.000,0,16,0.000,0,0,18.000,39.000,55.000,0,0,0,0,0,0,0,0,0,0,2,144,0,3,70,0,28.000,0,0,0,0,864,1,0,0,0,0,0,864,0,0,0,0,1,1,1,1,1,1,0,0,0,140880,0,0,0,0,0,0,0,0,0
8.810000,0.00,0.000,0.000,0,16,0.000,0,0,18.000,39.000,55.000,0,0,0,0,0,0,0,0,0,0,2,144,0,3,70,0,28.000,0,0,0,0,864,1,0,0,0,0,0,864,0,0,0,0,1,1,1,1,1,1,0,0,0,140960,0,0,0,0,0,0,0,0,0
8.815000,0.00,0.000,0.000,0,15,0.000,0,0,18.000,39.000,55.000,0,0,0,0,0,0,0,0,0,0,2,144,0,3,70,0,28.000,0,0,0,0,864,1,0,0,0,0,0,864,0,0,0,0,1,1,1,1,1,1,0,0,0,141040,0,0,0,0,0,0,0,0,0
8.820000,0.00,0.000,0.000,0,15,0.000,0,0,18.000,39.000,55.000,0,0,0,0,0,0,0,0,0,0,2,144,0,3,70,0,28.000,0,0,0,0,864,1,0,0,0,0,0,864,0,0,0,0,1,1,1,1,1,1,0,0,0,141120,0,0,0,0,0,0,0,0,0
8.825000,0.00,0.000,0.000,0,15,0.000,0,0,18.000,39.000,55.000,0,0,0,0,0,0,0,0,0,0,2,144,0,3,70,0,28.000,0,0,0,0,864,1,0,0,0,0,0,864,0,0,0,0,1,1,1,1,1,1,0,0,0,141200,0,0,0,0,0,0,0,0,0
8.830000,0.00,0.000,0.000,0,15,0.000,0,0,18.000,39.000,55.000,0,0,0,0,0,0,0,0,0,0,2,144,0,3,70,0,28.000,0,0,0,0,864,1,0,0,0,0,0,864,0,0,0,0,1,1,1,1,1,1,0,0,0,141280,0,0,0,0,0,0,0,0,0
8.835000,0.00,0.000,0.000,0,14,0.000,0,0,18.000,39.000,55.000,0,0,0,0,0,0,0,0,0,0,2,144,0,3,70,0,28.000,0,0,0,0,864,1,0,0,0,0,0,864,0,0,0,0,1,1,1,1,1,1,0,0,0,141360,0,0,0,0,0,0,0,0,0
8.840000,0.00,0.000,0.000,0,14,0.000,0,0,18.000,39.000,55.000,0,0,0,0,0,0,0,0,0,0,2,144,0,3,70,0,28.000,0,0,0,0,864,1,0,0,0,0,0,864,0,0,0,0,1,1,1,1,1,1,0,0,0,141440,0,0,0,0,0,0,0,0,0
8.845000,0.00,0.000,0.000,0,14,0.000,0,0,18.000,39.000,55.000,0,0,0,0,0,0,0,0,0,0,2,144,0,3,70,0,28.000,0,0,0,0,864,1,0,0,0,0,0,864,0,0,0,0,1,1,1,1,1,1,0,0,0,141520,0,0,0,0,0,0,0,0,0
8.850000,0.00,0.000,0.000,0,14,0.000,0,0,18.000,39.000,55.000,0,0,0,0,0,0,0,0,0,0,2,144,0,3,70,0,28.000,0,0,0,0,864,1,0,0,0,0,0,864,0,0,0,0,1,1,1,1,1,1,0,0,0,141600,0,0,0,0,0,0,0,0,0
8.855000,0.00,0.000,0.000,0,13,0.000,0,0,18.000,39.000,55.000,0,0,0,0,0,0,0,0,0,0,2,144,0,3,70,0,28.000,0,0,0,0,864,1,0,0,0,0,0,864,0,0,0,0,1,1,1,1,1,1,0,0,0,141680,0,0,0,0,0,0,0,0,0
8.860000,0.00,0.000,0.000,0,13,0.000,0,0,18.000,39.000,55.000,0,0,0,0,0,0,0,0,0,0,2,144,0,3,70,0,28.000,0,0,0,0,864,1,0,0,0,0,0,864,0,0,0,0,1,1,1,1,1,1,0,0,0,141760,0,0,0,0,0,0,0,0,0
8.865000,0.00,0.000,0.000,0,13,0.000,0,0,18.000,39.000,55.000,0,0,0,0,0,0,0,0,0,0,2,144,0,3,70,0,28.000,0,0,0,0,864,1,0,0,0,0,0,864,0,0,0,0,1,1,1,1,1,1,0,0,0,141840,0,0,0,0,0,0,0,0,0
8.870000,0.00,0.000,0.000,0,13,0.000,0,0,18.000,39.000,55.000,0,0,0,0,0,0,0,0,0,0,2,144,0,3,70,0,28.000,0,0,0,0,864,1,0,0,0,0,0,864,0,0,0,0,1,1,1,1,1,1,0,0,0,141920,0,0,0,0,0,0,0,0,0
8.875000,0.00,0.000,0.000,0,13,0.000,0,0,18.000,39.000,55.000,0,0,0,0,0,0,0,0,0,0,2,144,0,3,70,0,28.000,0,0,0,0,864,1,0,0,0,0,0,864,0,0,0,0,1,1,1,1,1,1,0,0,0,142000,0,0,0,0,0,0,0,0,0
8.880000,0.00,0.000,0.000,0,12,0.000,0,0,18.000,39.000,55.000,0,0,0,0,0,0,0,0,0,0,2,144,0,3,70,0,28.000,0,0,0,0,864,1,0,0,0,0,0,864,0,0,0,0,1,1,1,1,1,1,0,0,0,142080,0,0,0,0,0,0,0,0,0
8.885000,0.00,0.000,0.000,0,12,0.000,0,0,18.000,39.000,55.000,0,0,0,0,0,0,0,0,0,0,2,144,0,3,70,0,28.000,0,0,0,0,864,1,0,0,0,0,0,864,0,0,0,0,1,1,1,1,1,1,0,0,0,142160,0,0,0,0,0,0,0,0,0
8.890000,0.00,0.000,0.000,0,12,0.000,0,0,18.000,39.000,55.000,0,0,0,0,0,0,0,0,0,0,2,144,0,3,70,0,28.000,0,0,0,0,864,1,0,0,0,0,0,864,0,0,0,0,1,1,1,1,1,1,0,0,0,142240,0,0,0,0,0,0,0,0,0
8.895000,0.00,0.000,0.000,0,12,0.000,0,0,18.000,39.000,55.000,0,0,0,0,0,0,0,0,0,0,2,144,0,3,70,0,28.000,0,0,0,0,864,1,0,0,0,0,0,864,0,0,0,0,1,1,1,1,1,1,0,0,0,142320,0,0,0,0,0,0,0,0,0
8.900000,0.00,0.000,0.000,0,11,0.000,0,0,18.000,39.000,55.000,0,0,0,0,0,0,0,0,0,0,2,144,0,3,70,0,28.000,0,0,0,0,864,1,0,0,0,0,0,864,0,0,0,0,1,1,1,1,1,1,0,0,0,142400,0,0,0,0,0,0,0,0,0
8.905000,0.00,0.000,0.000,0,11,0.000,0,0,18.000,39.000,55.000,0,0,0,0,0,0,0,0,0,0,2,144,0,3,70,0,28.000,0,0,0,0,864,1,0,0,0,0,0,864,0,0,0,0,1,1,1,1,1,1,0,0,0,142480,0,0,0,0,0,0,0,0,0
8.910000,0.00,0.000,0.000,0,11,0.000,0,0,18.000,39.000,55.000,0,0,0,0,0,0,0,0,0,0,2,144,0,3,70,0,28.000,0,0,0,0,864,1,0,0,0,0,0,864,0,0,0,0,1,1,1,1,1,1,0,0,0,142560,0,0,0,0,0,0,0,0,0
8.915000,0.00,0.000,0.000,0,11,0.000,0,0,18.000,39.000,55.000,0,0,0,0,0,0,0,0,0,0,2,144,0,3,70,0,28.000,0,0,0,0,864,1,0,0,0,0,0,864,0,0,0,0,1,1,1,1,1,1,0,0,0,142640,0,0,0,0,0,0,0,0,0
8.920000,0.00,0.000,0.000,0,11,0.000,0,0,18.000,39.000,55.000,0,0,0,0,0,0,0,0,0,0,2,144,0,3,70,0,28.000,0,0,0,0,864,1,0,0,0,0,0,864,0,0,0,0,1,1,1,1,1,1,0,0,0,142720,0,0,0,0,0,0,0,0,0
8.925000,0.00,0.000,0.000,0,11,0.000,0,0,18.000,39.000,55.000,0,0,0,0,0,0,0,0,0,0,2,144,0,3,70,0,28.000,0,0,0,0,864,1,0,0,0,0,0,864,0,0,0,0,1,1,1,1,1,1,0,0,0,142800,0,0,0,0,0,0,0,0,0
8.930000,0.00,0.000,0.000,0,11,0.000,0,0,18.000,39.000,55.000,0,0,0,0,0,0,0,0,0,0,2,144,0,3,70,0,28.000,0,0,0,0,864,1,0,0,0,0,0,864,0,0,0,0,1,1,1,1,1,1,0,0,0,142880,0,0,0,0,0,0,0,0,0
8.935000,0.00,0.000,0.000,0,10,0.000,0,0,18.000,39.000,55.000,0,0,0,0,0,0,0,0,0,0,2,144,0,3,70,0,28.000,0,0,0,0,864,1,0,0,0,0,0,864,0,0,0,0,1,1,1,1,1,1,0,0,0,142960,0,0,0,0,0,0,0,0,0
8.940000,0.00,0.000,0.000,0,10,0.000,0,0,18.000,39.000,55.000,0,0,0,0,0,0,0,0,0,0,2,144,0,3,70,0,28.000,0,0,0,0,864,1,0,0,0,0,0,864,0,0,0,0,1,1,1,1,1,1,0,0,0,143040,0,0,0,0,0,0,0,0,0
8.945000,0.00,0.000,0.000,0,10,0.000,0,0,18.000,39.000,55.000,0,0,0,0,0,0,0,0,0,0,2,144,0,3,70,0,28.000,0,0,0,0,864,1,0,0,0,0,0,864,0,0,0,0,1,1,1,1,1,1,0,0,0,143120,0,0,0,0,0,0,0,0,0
8.950000,0.00,0.000,0.000,0,10,0.000,0,0,18.000,39.000,55.000,0,0,0,0,0,0,0,0,0,0,2,144,0,3,70,0,28.000,0,0,0,0,864,1,0,0,0,0,0,864,0,0,0,0,1,1,1,1,1,1,0,0,0,143200,0,0,0,0,0,0,0,0,0
8.955000,0.00,0.000,0.000,0,10,0.000,0,0,18.000,39.000,55.000,0,0,0,0,0,0,0,0,0,0,2,144,0,3,70,0,28.000,0,0,0,0,864,1,0,0,0,0,0,864,0,0,0,0,1,1,1,1,1,1,0,0,0,143280,0,0,0,0,0,0,0,0,0
8.960000,0.00,0.000,0.000,0,10,0.000,0,0,18.000,39.000,55.000,0,0,0,0,0,0,0,0,0,0,2,144,0,3,70,0,28.000,0,0,0,0,864,1,0,0,0,0,0,864,0,0,0,0,1,1,1,1,1,1,0,0,0,143360,0,0,0,0,0,0,0,0,0
8.965000,0.00,0.000,0.000,0,9,0.000,0,0,18.000,39.000,55.000,0,0,0,0,0,0,0,0,0,0,2,144,0,3,70,0,28.000,0,0,0,0,864,1,0,0,0,0,0,864,0,0,0,0,1,1,1,1,1,1,0,0,0,143440,0,0,0,0,0,0,0,0,0
8.970000,0.00,0.000,0.000,0,9,0.000,0,0,18.000,39.000,55.000,0,0,0,0,0,0,0,0,0,0,2,144,0,3,70,0,28.000,0,0,0,0,864,1,0,0,0,0,0,864,0,0,0,0,1,1,1,1,1,1,0,0,0,143520,0,0,0,0,0,0,0,0,0
8.975000,0.00,0.000,0.000,0,9,0.000,0,0,18.000,39.000,55.000,0,0,0,0,0,0,0,0,0,0,2,144,0,3,70,0,28.000,0,0,0,0,864,1,0,0,0,0,0,864,0,0,0,0,1,1,1,1,1,1,0,0,0,143600,0,0,0,0,0,0,0,0,0
8.980000,0.00,0.000,0.000,0,9,0.000,0,0,18.000,39.000,55.000,0,0,0,0,0,0,0,0,0,0,2,144,0,3,70,0,28.000,0,0,0,0,864,1,0,0,0,0,0,864,0,0,0,0,1,1,1,1,1,1,0,0,0,143680,0,0,0,0,0,0,0,0,0
8.985000,0.00,0.000,0.000,0,9,0.000,0,0,18.000,39.000,55.000,0,0,0,0,0,0,0,0,0,0,2,144,0,3,70,0,28.000,0,0,0,0,864,1,0,0,0,0,0,864,0,0,0,0,1,1,1,1,1,1,0,0,0,143760,0,0,0,0,0,0,0,0,0
8.990000,0.00,0.000,0.000,0,9,0.000,0,0,18.000,39.000,55.000,0,0,0,0,0,0,0,0,0,0,2,144,0,3,70,0,28.000,0,0,0,0,864,1,0,0,0,0,0,864,0,0,0,0,1,1,1,1,1,1,0,0,0,143840,0,0,0,0,0,0,0,0,0
8.995000,0.00,0.000,0.000,0,8,0.000,0,0,18.000,39.000,55.000,0,0,0,0,0,0,0,0,0,0,2,144,0,3,70,0,28.000,0,0,0,0,864,1,0,0,0,0,0,864,0,0,0,0,1,1,1,1,1,1,0,0,0,143920,0,0,0,0,0,0,0,0,0
9.000000,0.00,0.000,0.000,0,8,0.000,0,0,18.000,39.000,55.000,0,0,0,0,0,0,0,0,0,0,2,144,0,3,70,0,28.000,0,0,0,0,864,1,0,0,0,0,0,864,0,0,0,0,1,1,1,1,1,1,0,0,0,144000,0,0,0,0,0,0,0,0,0
9.005000,0.00,0.000,0.000,0,8,0.000,0,0,18.000,39.000,55.000,0,0,0,0,0,0,0,0,0,0,2,144,0,3,70,0,28.000,0,0,0,0,864,1,0,0,0,0,0,864,0,0,0,0,1,1,1,1,1,1,0,0,0,144080,0,0,0,0,0,0,0,0,0
9.010000,0.00,0.000,0.000,0,8,0.000,0,0,18.000,39.000,55.000,0,0,0,0,0,0,0,0,0,0,2,144,0,3,70,0,28.000,0,0,0,0,864,1,0,0,0,0,0,864,0,0,0,0,1,1,1,1,1,1,0,0,0,144160,0,0,0,0,0,0,0,0,0
9.015000,0.00,0.000,0.000,0,8,0.000,0,0,18.000,39.000,55.000,0,0,0,0,0,0,0,0,0,0,2,144,0,3,70,0,28.000,0,0,0,0,864,1,0,0,0,0,0,864,0,0,0,0,1,1,1,1,1,1,0,0,0,144240,0,0,0,0,0,0,0,0,0
9.020000,0.00,0.000,0.000,0,8,0.000,0,0,18.000,39.000,55.000,0,0,0,0,0,0,0,0,0,0,2,144,0,3,70,0,28.000,0,0,0,0,864,1,0,0,0,0,0,864,0,0,0,0,1,1,1,1,1,1,0,0,0,144320,0,0,0,0,0,0,0,0,0
9.025000,0.00,0.000,0.000,0,8,0.000,0,0,18.000,39.000,55.000,0,0,0,0,0,0,0,0,0,0,2,144,0,3,70,0,28.000,0,0,0,0,864,1,0,0,0,0,0,864,0,0,0,0,1,1,1,1,1,1,0,0,0,144400,0,0,0,0,0,0,0,0,0
9.030000,0.00,0.000,0.000,0,8,0.000,0,0,18.000,39.000,55.000,0,0,0,0,0,0,0,0,0,0,2,144,0,3,70,0,28.000,0,0,0,0,864,1,0,0,0,0,0,864,0,0,0,0,1,1,1,1,1,1,0,0,0,144480,0,0,0,0,0,0,0,0,0
9.035000,0.00,0.000,0.000,0,8,0.000,0,0,18.000,39.000,55.000,0,0,0,0,0,0,0,0,0,0,2,144,0,3,70,0,28.000,0,0,0,0,864,1,0,0,0,0,0,864,0,0,0,0,1,1,1,1,1,1,0,0,0,144560,0,0,0,0,0,0,0,0,0
9.040000,0.00,0.000,0.000,0,7,0.000,0,0,18.000,39.000,55.000,0,0,0,0,0,0,0,0,0,0,2,144,0,3,70,0,28.000,0,0,0,0,864,1,0,0,0,0,0,864,0,0,0,0,1,1,1,1,1,1,0,0,0,144640,0,0,0,0,0,0,0,0,0
9.045000,0.00,0.000,0.000,0,7,0.000,0,0,18.000,39.000,55.000,0,0,0,0,0,0,0,0,0,0,2,144,0,3,70,0,28.000,0,0,0,0,864,1,0,0,0,0,0,864,0,0,0,0,1,1,1,1,1,1,0,0,0,144720,0,0,0,0,0,0,0,0,0
9.050000,0.00,0.000,0.000,0,7,0.000,0,0,18.000,39.000,55.000,0,0,0,0,0,0,0,0,0,0,2,144,0,3,70,0,28.000,0,0,0,0,864,1,0,0,0,0,0,864,0,0,0,0,1,1,1,1,1,1,0,0,0,144800,0,0,0,0,0,0,0,0,0
9.055000,0.00,0.000,0.000,0,7,0.000,0,0,18.000,39.000,55.000,0,0,0,0,0,0,0,0,0,0,2,144,0,3,70,0,28.000,0,0,0,0,864,1,0,0,0,0,0,864,0,0,0,0,1,1,1,1,1,1,0,0,0,144880,0,0,0,0,0,0,0,0,0
9.060000,0.00,0.000,0.000,0,7,0.000,0,0,18.000,39.000,55.000,0,0,0,0,0,0,0,0,0,0,2,144,0,3,70,0,28.000,0,0,0,0,864,1,0,0,0,0,0,864,0,0,0,0,1,1,1,1,1,1,0,0,0,144960,0,0,0,0,0,0,0,0,0
9.065000,0.00,0.000,0.000,0,7,0.000,0,0,18.000,39.000,55.000,0,0,0,0,0,0,0,0,0,0,2,144,0,3,70,0,28.000,0,0,0,0,864,1,0,0,0,0,0,864,0,0,0,0,1,1,1,1,1,1,0,0,0,145040,0,0,0,0,0,0,0,0,0
9.070000,0.00,0.000,0.000,0,7,0.000,0,0,18.000,39.000,55.000,0,0,0,0,0,0,0,0,0,0,2,144,0,3,70,0,28.000,0,0,0,0,864,1,0,0,0,0,0,864,0,0,0,0,1,1,1,1,1,1,0,0,0,145120,0,0,0,0,0,0,0,0,0
9.075000,0.00,0.000,0.000,0,7,0.000,0,0,18.000,39.000,55.000,0,0,0,0,0,0,0,0,0,0,2,144,0,3,70,0,28.000,0,0,0,0,864,1,0,0,0,0,0,864,0,0,0,0,1,1,1,1,1,1,0,0,0,145200,0,0,0,0,0,0,0,0,0
9.080000,0.00,0.000,0.000,0,7,0.000,0,0,18.000,39.000,55.000,0,0,0,0,0,0,0,0,0,0,2,144,0,3,70,0,28.000,0,0,0,0,864,1,0,0,0,0,0,864,0,0,0,0,1,1,1,1,1,1,0,0,0,145280,0,0,0,0,0,0,0,0,0
9.085000,0.00,0.000,0.000,0,7,0.000,0,0,18.000,39.000,55.000,0,0,0,0,0,0,0,0,0,0,2,144,0,3,70,0,28.000,0,0,0,0,864,1,0,0,0,0,0,864,0,0,0,0,1,1,1,1,1,1,0,0,0,145360,0,0,0,0,0,0,0,0,0
9.090000,0.00,0.000,0.000,0,7,0.000,0,0,18.000,39.000,55.000,0,0,0,0,0,0,0,0,0,0,2,144,0,3,70,0,28.000,0,0,0,0,864,1,0,0,0,0,0,864,0,0,0,0,1,1,1,1,1,1,0,0,0,145440,0,0,0,0,0,0,0,0,0
9.095000,0.00,0.000,0.000,0,7,0.000,0,0,18.000,39.000,55.000,0,0,0,0,0,0,0,0,0,0,2,144,0,3,70,0,28.000,0,0,0,0,864,1,0,0,0,0,0,864,0,0,0,0,1,1,1,1,1,1,0,0,0,145520,0,0,0,0,0,0,0,0,0
9.100000,0.00,0.000,0.000,0,7,0.000,0,0,18.000,39.000,55.000,0,0,0,0,0,0,0,0,0,0,2,144,0,3,70,0,28.000,0,0,0,0,864,1,0,0,0,0,0,864,0,0,0,0,1,1,1,1,1,1,0,0,0,145600,0,0,0,0,0,0,0,0,0
9.105000,0.00,0.000,0.000,0,6,0.000,0,0,18.000,39.000,55.000,0,0,0,0,0,0,0,0,0,0,2,144,0,3,70,0,28.000,0,0,0,0,864,1,0,0,0,0,0,864,0,0,0,0,1,1,1,1,1,1,0,0,0,145680,0,0,0,0,0,0,0,0,0
9.110000,0.00,0.000,0.000,0,6,0.000,0,0,18.000,39.000,55.000,0,0,0,0,0,0,0,0,0,0,2,144,0,3,70,0,28.000,0,0,0,0,864,1,0,0,0,0,0,864,0,0,0,0,1,1,1,1,1,1,0,0,0,145760,0,0,0,0,0,0,0,0,0
9.115000,0.00,0.000,0.000,0,6,0.000,0,0,18.000,39.000,55.000,0,0,0,0,0,0,0,0,0,0,2,144,0,3,70,0,28.000,0,0,0,0,864,1,0,0,0,0,0,864,0,0,0,0,1,1,1,1,1,1,0,0,0,145840,0,0,0,0,0,0,0,0,0
9.120000,0.00,0.000,0.000,0,6,0.000,0,0,18.000,39.000,55.000,0,0,0,0,0,0,0,0,0,0,2,144,0,3,70,0,28.000,0,0,0,0,864,1,0,0,0,0,0,864,0,0,0,0,1,1,1,1,1,1,0,0,0,145920,0,0,0,0,0,0,0,0,0
9.125000,0.00,0.000,0.000,0,6,0.000,0,0,18.000,39.000,55.000,0,0,0,0,0,0,0,0,0,0,2,144,0,3,70,0,28.000,0,0,0,0,864,1,0,0,0,0,0,864,0,0,0,0,1,1,1,1,1,1,0,0,0,146000,0,0,0,0,0,0,0,0,0
9.130000,0.00,0.000,0.000,0,6,0.000,0,0,18.000,39.000,55.000,0,0,0,0,0,0,0,0,0,0,2,144,0,3,70,0,28.000,0,0,0,0,864,1,0,0,0,0,0,864,0,0,0,0,1,1,1,1,1,1,0,0,0,146080,0,0,0,0,0,0,0,0,0
9.135000,0.00,0.000,0.000,0,6,0.000,0,0,18.000,39.000,55.000,0,0,0,0,0,0,0,0,0,0,2,144,0,3,70,0,28.000,0,0,0,0,864,1,0,0,0,0,0,864,0,0,0,0,1,1,1,1,1,1,0,0,0,146160,0,0,0,0,0,0,0,0,0
9.140000,0.00,0.000,0.000,0,6,0.000,0,0,18.000,39.000,55.000,0,0,0,0,0,0,0,0,0,0,2,144,0,3,70,0,28.000,0,0,0,0,864,1,0,0,0,0,0,864,0,0,0,0,1,1,1,1,1,1,0,0,0,146240,0,0,0,0,0,0,0,0,0
9.145000,0.00,0.000,0.000,0,6,0.000,0,0,18.000,39.000,55.000,0,0,0,0,0,0,0,0,0,0,2,144,0,3,70,0,28.000,0,0,0,0,864,1,0,0,0,0,0,864,0,0,0,0,1,1,1,1,1,1,0,0,0,146320,0,0,0,0,0,0,0,0,0
9.150000,0.00,0.000,0.000,0,6,0.000,0,0,18.000,39.000,55.000,0,0,0,0,0,0,0,0,0,0,2,144,0,3,70,0,28.000,0,0,0,0,864,1,0,0,0,0,0,864,0,0,0,0,1,1,1,1,1,1,0,0,0,146400,0,0,0,0,0,0,0,0,0
9.155000,0.00,0.000,0.000,0,6,0.000,0,0,18.000,39.000,55.000,0,0,0,0,0,0,0,0,0,0,2,144,0,3,70,0,28.000,0,0,0,0,864,1,0,0,0,0,0,864,0,0,0,0,1,1,1,1,1,1,0,0,0,146480,0,0,0,0,0,0,0,0,0
9.160000,0.00,0.000,0.000,0,6,0.000,0,0,18.000,39.000,55.000,0,0,0,0,0,0,0,0,0,0,2,144,0,3,70,0,28.000,0,0,0,0,864,1,0,0,0,0,0,864,0,0,0,0,1,1,1,1,1,1,0,0,0,146560,0,0,0,0,0,0,0,0,0
9.165000,0.00,0.000,0.000,0,5,0.000,0,0,18.000,39.000,55.000,0,0,0,0,0,0,0,0,0,0,2,144,0,3,70,0,28.000,0,0,0,0,864,1,0,0,0,0,0,864,0,0,0,0,1,1,1,1,1,1,0,0,0,146640,0,0,0,0,0,0,0,0,0
9.170000,0.00,0.000,0.000,0,5,0.000,0,0,18.000,39.000,55.000,0,0,0,0,0,0,0,0,0,0,2,144,0,3,70,0,28.000,0,0,0,0,864,1,0,0,0,0,0,864,0,0,0,0,1,1,1,1,1,1,0,0,0,146720,0,0,0,0,0,0,0,0,0
9.175000,0.00,0.000,0.000,0,5,0.000,0,0,18.000,39.000,55.000,0,0,0,0,0,0,0,0,0,0,2,144,0,3,70,0,28.000,0,0,0,0,864,1,0,0,0,0,0,864,0,0,0,0,1,1,1,1,1,1,0,0,0,146800,0,0,0,0,0,0,0,0,0
9.180000,0.00,0.000,0.000,0,5,0.000,0,0,18.000,39.000,55.000,0,0,0,0,0,0,0,0,0,0,2,144,0,3,70,0,28.000,0,0,0,0,864,1,0,0,0,0,0,864,0,0,0,0,1,1,1,1,1,1,0,0,0,146880,0,0,0,0,0,0,0,0,0
9.185000,0.00,0.000,0.000,0,5,0.000,0,0,18.000,39.000,55.000,0,0,0,0,0,0,0,0,0,0,2,144,0,3,70,0,28.000,0,0,0,0,864,1,0,0,0,0,0,864,0,0,0,0,1,1,1,1,1,1,0,0,0,146960,0,0,0,0,0,0,0,0,0
9.190000,0.00,0.000,0.000,0,5,0.000,0,0,18.000,39.000,55.000,0,0,0,0,0,0,0,0,0,0,2,144,0,3,70,0,28.000,0,0,0,0,864,1,0,0,0,0,0,864,0,0,0,0,1,1,1,1,1,1,0,0,0,147040,0,0,0,0,0,0,0,0,0
9.195000,0.00,0.000,0.000,0,5,0.000,0,0,18.000,39.000,55.000,0,0,0,0,0,0,0,0,0,0,2,144,0,3,70,0,28.000,0,0,0,0,864,1,0,0,0,0,0,864,0,0,0,0,1,1,1,1,1,1,0,0,0,147120,0,0,0,0,0,0,0,0,0
9.200000,0.00,0.000,0.000,0,5,0.000,0,0,18.000,39.000,55.000,0,0,0,0,0,0,0,0,0,0,2,144,0,3,70,0,28.000,0,0,0,0,864,1,0,0,0,0,0,864,0,0,0,0,1,1,1,1,1,1,0,0,0,147200,0,0,0,0,0,0,0,0,0
9.205000,0.00,0.000,0.000,0,5,0.000,0,0,18.000,39.000,55.000,0,0,0,0,0,0,0,0,0,0,2,144,0,3,70,0,28.000,0,0,0,0,864,1,0,0,0,0,0,864,0,0,0,0,1,1,1,1,1,1,0,0,0,147280,0,0,0,0,0,0,0,0,0
9.210000,0.00,0.000,0.000,0,5,0.000,0,0,18.000,39.000,55.000,0,0,0,0,0,0,0,0,0,0,2,144,0,3,70,0,28.000,0,0,0,0,864,1,0,0,0,0,0,864,0,0,0,0,1,1,1,1,1,1,0,0,0,147360,0,0,0,0,0,0,0,0,0
9.215000,0.00,0.000,0.000,0,5,0.000,0,0,18.000,39.000,55.000,0,0,0,0,0,0,0,0,0,0,2,144,0,3,70,0,28.000,0,0,0,0,864,1,0,0,0,0,0,864,0,0,0,0,1,1,1,1,1,1,0,0,0,147440,0,0,0,0,0,0,0,0,0
9.220000,0.00,0.000,0.000,0,5,0.000,0,0,18.000,39.000,55.000,0,0,0,0,0,0,0,0,0,0,2,144,0,3,70,0,28.000,0,0,0,0,864,1,0,0,0,0,0,864,0,0,0,0,1,1,1,1,1,1,0,0,0,147520,0,0,0,0,0,0,0,0,0
9.225000,0.00,0.000,0.000,0,5,0.000,0,0,18.000,39.000,55.000,0,0,0,0,0,0,0,0,0,0,2,144,0,3,70,0,28.000,0,0,0,0,864,1,0,0,0,0,0,864,0,0,0,0,1,1,1,1,1,1,0,0,0,147600,0,0,0,0,0,0,0,0,0
9.230000,0.00,0.000,0.000,0,4,0.000,0,0,18.000,39.000,55.000,0,0,0,0,0,0,0,0,0,0,2,144,0,3,70,0,28.000,0,0,0,0,864,1,0,0,0,0,0,864,0,0,0,0,1,1,1,1,1,1,0,0,0,147680,0,0,0,0,0,0,0,0,0
9.235000,0.00,0.000,0.000,0,4,0.000,0,0,18.000,39.000,55.000,0,0,0,0,0,0,0,0,0,0,2,144,0,3,70,0,28.000,0,0,0,0,864,1,0,0,0,0,0,864,0,0,0,0,1,1,1,1,1,1,0,0,0,147760,0,0,0,0,0,0,0,0,0
9.240000,0.00,0.000,0.000,0,4,0.000,0,0,18.000,39.000,55.000,0,0,0,0,0,0,0,0,0,0,2,144,0,3,70,0,28.000,0,0,0,0,864,1,0,0,0,0,0,864,0,0,0,0,1,1,1,1,1,1,0,0,0,147840,0,0,0,0,0,0,0,0,0
9.245000,0.00,0.000,0.000,0,4,0.000,0,0,18.000,39.000,55.000,0,0,0,0,0,0,0,0,0,0,2,144,0,3,70,0,28.000,0,0,0,0,864,1,0,0,0,0,0,864,0,0,0,0,1,1,1,1,1,1,0,0,0,147920,0,0,0,0,0,0,0,0,0
9.250000,0.00,0.000,0.000,0,4,0.000,0,0,18.000,39.000,55.000,0,0,0,0,0,0,0,0,0,0,2,144,0,3,70,0,28.000,0,0,0,0,864,1,0,0,0,0,0,864,0,0,0,0,1,1,1,1,1,1,0,0,0,148000,0,0,0,0,0,0,0,0,0
9.255000,0.00,0.000,0.000,0,4,0.000,0,0,18.000,39.000,55.000,0,0,0,0,0,0,0,0,0,0,2,144,0,3,70,0,28.000,0,0,0,0,864,1,0,0,0,0,0,864,0,0,0,0,1,1,1,1,1,1,0,0,0,148080,0,0,0,0,0,0,0,0,0
9.260000,0.00,0.000,0.000,0,4,0.000,0,0,18.000,39.000,55.000,0,0,0,0,0,0,0,0,0,0,2,144,0,3,70,0,28.000,0,0,0,0,864,1,0,0,0,0,0,864,0,0,0,0,1,1,1,1,1,1,0,0,0,148160,0,0,0,0,0,0,0,0,0
9.265000,0.00,0.000,0.000,0,4,0.000,0,0,18.000,39.000,55.000,0,0,0,0,0,0,0,0,0,0,2,144,0,3,70,0,28.000,0,0,0,0,864,1,0,0,0,0,0,864,0,0,0,0,1,1,1,1,1,1,0,0,0,148240,0,0,0,0,0,0,0,0,0
9.270000,0.00,0.000,0.000,0,0,0.000,0,0,18.000,39.000,55.000,0,0,0,0,0,0,0,0,0,0,2,144,0,3,70,0,28.000,0,0,0,0,864,1,0,0,0,0,0,864,0,0,0,0,1,1,1,1,1,1,0,0,0,148320,0,0,0,0,0,0,0,0,0
9.275000,0.00,0.000,0.000,0,0,0.000,0,0,18.000,39.000,55.000,0,0,0,0,0,0,0,0,0,0,2,144,0,3,70,0,28.000,0,0,0,0,864,1,0,0,0,0,0,864,0,0,0,0,1,1,1,1,1,1,0,0,0,148400,0,0,0,0,0,0,0,0,0
9.280000,0.00,0.000,0.000,0,0,0.000,0,0,18.000,39.000,55.000,0,0,0,0,0,0,0,0,0,0,2,144,0,3,70,0,28.000,0,0,0,0,864,1,0,0,0,0,0,864,0,0,0,0,1,1,1,1,1,1,0,0,0,148480,0,0,0,0,0,0,0,0,0
9.285000,0.00,0.000,0.000,0,0,0.000,0,0,18.000,39.000,55.000,0,0,0,0,0,0,0,0,0,0,2,144,0,3,70,0,28.000,0,0,0,0,864,1,0,0,0,0,0,864,0,0,0,0,1,1,1,1,1,1,0,0,0,148560,0,0,0,0,0,0,0,0,0
9.290000,0.00,0.000,0.000,0,0,0.000,0,0,18.000,39.000,55.000,0,0,0,0,0,0,0,0,0,0,2,144,0,3,70,0,28.000,0,0,0,0,864,1,0,0,0,0,0,864,0,0,0,0,1,1,1,1,1,1,0,0,0,148640,0,0,0,0,0,0,0,0,0
9.295000,0.00,0.000,0.000,0,0,0.000,0,0,18.000,39.000,55.000,0,0,0,0,0,0,0,0,0,0,2,144,0,3,70,0,28.000,0,0,0,0,864,1,0,0,0,0,0,864,0,0,0,0,1,1,1,1,1,1,0,0,0,148720,0,0,0,0,0,0,0,0,0
9.300000,0.00,0.000,0.000,0,0,0.000,0,0,18.000,39.000,55.000,0,0,0,0,0,0,0,0,0,0,2,144,0,3,70,0,28.000,0,0,0,0,864,1,0,0,0,0,0,864,0,0,0,0,1,1,1,1,1,1,0,0,0,148800,0,0,0,0,0,0,0,0,0
9.305000,0.00,0.000,0.000,0,0,0.000,0,0,18.000,39.000,55.000,0,0,0,0,0,0,0,0,0,0,2,144,0,3,70,0,28.000,0,0,0,0,864,1,0,0,0,0,0,864,0,0,0,0,1,1,1,1,1,1,0,0,0,148880,0,0,0,0,0,0,0,0,0
9.310000,0.00,0.000,0.000,0,0,0.000,0,0,18.000,39.000,55.000,0,0,0,0,0,0,0,0,0,0,2,144,0,3,70,0,28.000,0,0,0,0,864,1,0,0,0,0,0,864,0,0,0,0,1,1,1,1,1,1,0,0,0,148960,0,0,0,0,0,0,0,0,0
9.315000,0.00,0.000,0.000,0,0,0.000,0,0,18.000,39.000,55.000,0,0,0,0,0,0,0,0,0,0,2,144,0,3,70,0,28.000,0,0,0,0,864,1,0,0,0,0,0,864,0,0,0,0,1,1,1,1,1,1,0,0,0,149040,0,0,0,0,0,0,0,0,0
9.320000,0.00,0.000,0.000,0,0,0.000,0,0,18.000,39.000,55.000,0,0,0,0,0,0,0,0,0,0,2,144,0,3,70,0,28.000,0,0,0,0,864,1,0,0,0,0,0,864,0,0,0,0,1,1,1,1,1,1,0,0,0,149120,0,0,0,0,0,0,0,0,0
9.325000,0.00,0.000,0.000,0,0,0.000,0,0,18.000,39.000,55.000,0,0,0,0,0,0,0,0,0,0,2,144,0,3,70,0,28.000,0,0,0,0,864,1,0,0,0,0,0,864,0,0,0,0,1,1,1,1,1,1,0,0,0,149200,0,0,0,0,0,0,0,0,0
9.330000,0.00,0.000,0.000,0,0,0.000,0,0,18.000,39.000,55.000,0,0,0,0,0,0,0,0,0,0,2,144,0,3,70,0,28.000,0,0,0,0,864,1,0,0,0,0,0,864,0,0,0,0,1,1,1,1,1,1,0,0,0,149280,0,0,0,0,0,0,0,0,0
9.335000,0.00,0.000,0.000,0,0,0.000,0,0,18.000,39.000,55.000,0,0,0,0,0,0,0,0,0,0,2,144,0,3,70,0,28.000,0,0,0,0,864,1,0,0,0,0,0,864,0,0,0,0,1,1,1,1,1,1,0,0,0,149360,0,0,0,0,0,0,0,0,0
9.340000,0.00,0.000,0.000,0,0,0.000,0,0,18.000,39.000,55.000,0,0,0,0,0,0,0,0,0,0,2,144,0,3,70,0,28.000,0,0,0,0,864,1,0,0,0,0,0,864,0,0,0,0,1,1,1,1,1,1,0,0,0,149440,0,0,0,0,0,0,0,0,0
9.345000,0.00,0.000,0.000,0,0,0.000,0,0,18.000,39.000,55.000,0,0,0,0,0,0,0,0,0,0,2,144,0,3,70,0,28.000,0,0,0,0,864,1,0,0,0,0,0,864,0,0,0,0,1,1,1,1,1,1,0,0,0,149520,0,0,0,0,0,0,0,0,0
9.350000,0.00,0.000,0.000,0,0,0.000,0,0,18.000,39.000,55.000,0,0,0,0,0,0,0,0,0,0,2,144,0,3,70,0,28.000,0,0,0,0,864,1,0,0,0,0,0,864,0,0,0,0,1,1,1,1,1,1,0,0,0,149600,0,0,0,0,0,0,0,0,0
9.355000,0.00,0.000,0.000,0,0,0.000,0,0,18.000,39.000,55.000,0,0,0,0,0,0,0,0,0,0,2,144,0,3,70,0,28.000,0,0,0,0,864,1,0,0,0,0,0,864,0,0,0,0,1,1,1,1,1,1,0,0,0,149680,0,0,0,0,0,0,0,0,0
9.360000,0.00,0.000,0.000,0,0,0.000,0,0,18.000,39.000,55.000,0,0,0,0,0,0,0,0,0,0,2,144,0,3,70,0,28.000,0,0,0,0,864,1,0,0,0,0,0,864,0,0,0,0,1,1,1,1,1,1,0,0,0,149760,0,0,0,0,0,0,0,0,0
9.365000,0.00,0.000,0.000,0,0,0.000,0,0,18.000,39.000,55.000,0,0,0,0,0,0,0,0,0,0,2,144,0,3,70,0,28.000,0,0,0,0,864,1,0,0,0,0,0,864,0,0,0,0,1,1,1,1,1,1,0,0,0,149840,0,0,0,0,0,0,0,0,0
9.370000,0.00,0.000,0.000,0,0,0.000,0,0,18.000,39.000,55.000,0,0,0,0,0,0,0,0,0,0,2,144,0,3,70,0,28.000,0,0,0,0,864,1,0,0,0,0,0,864,0,0,0,0,1,1,1,1,1,1,0,0,0,149920,0,0,0,0,0,0,0,0,0
9.375000,0.00,0.000,0.000,0,0,0.000,0,0,18.000,39.000,55.000,0,0,0,0,0,0,0,0,0,0,2,144,0,3,70,0,28.000,0,0,0,0,864,1,0,0,0,0,0,864,0,0,0,0,1,1,1,1,1,1,0,0,0,150000,0,0,0,0,0,0,0,0,0
9.380000,0.00,0.000,0.000,0,0,0.000,0,0,18.000,39.000,55.000,0,0,0,0,0,0,0,0,0,0,2,144,0,3,70,0,28.000,0,0,0,0,864,1,0,0,0,0,0,864,0,0,0,0,1,1,1,1,1,1,0,0,0,150080,0,0,0,0,0,0,0,0,0
9.385000,0.00,0.000,0.000,0,0,0.000,0,0,18.000,39.000,55.000,0,0,0,0,0,0,0,0,0,0,2,144,0,3,70,0,28.000,0,0,0,0,864,1,0,0,0,0,0,864,0,0,0,0,1,1,1,1,1,1,0,0,0,150160,0,0,0,0,0,0,0,0,0
9.390000,0.00,0.000,0.000,0,0,0.000,0,0,18.000,39.000,55.000,0,0,0,0,0,0,0,0,0,0,2,144,0,3,70,0,28.000,0,0,0,0,864,1,0,0,0,0,0,864,0,0,0,0,1,1,1,1,1,1,0,0,0,150240,0,0,0,0,0,0,0,0,0
9.395000,0.00,0.000,0.000,0,0,0.000,0,0,18.000,39.000,55.000,0,0,0,0,0,0,0,0,0,0,2,144,0,3,70,0,28.000,0,0,0,0,864,1,0,0,0,0,0,864,0,0,0,0,1,1,1,1,1,1,0,0,0,150320,0,0,0,0,0,0,0,0,0
9.400000,0.00,0.000,0.000,0,0,0.000,0,0,18.000,39.000,55.000,0,0,0,0,0,0,0,0,0,0,2,144,0,3,70,0,28.000,0,0,0,0,864,1,0,0,0,0,0,864,0,0,0,0,1,1,1,1,1,1,0,0,0,150400,0,0,0,0,0,0,0,0,0
9.405000,0.00,0.000,0.000,0,0,0.000,0,0,18.000,39.000,55.000,0,0,0,0,0,0,0,0,0,0,2,144,0,3,70,0,28.000,0,0,0,0,864,1,0,0,0,0,0,864,0,0,0,0,1,1,1,1,1,1,0,0,0,150480,0,0,0,0,0,0,0,0,0
9.410000,0.00,0.000,0.000,0,0,0.000,0,0,18.000,39.000,55.000,0,0,0,0,0,0,0,0,0,0,2,144,0,3,70,0,28.000,0,0,0,0,864,1,0,0,0,0,0,864,0,0,0,0,1,1,1,1,1,1,0,0,0,150560,0,0,0,0,0,0,0,0,0
9.415000,0.00,0.000,0.000,0,0,0.000,0,0,18.000,39.000,55.000,0,0,0,0,0,0,0,0,0,0,2,144,0,3,70,0,28.000,0,0,0,0,864,1,0,0,0,0,0,864,0,0,0,0,1,1,1,1,1,1,0,0,0,150640,0,0,0,0,0,0,0,0,0
9.420000,0.00,0.000,0.000,0,0,0.000,0,0,18.000,39.000,55.000,0,0,0,0,0,0,0,0,0,0,2,144,0,3,70,0,28.000,0,0,0,0,864,1,0,0,0,0,0,864,0,0,0,0,1,1,1,1,1,1,0,0,0,150720,0,0,0,0,0,0,0,0,0
9.425000,0.00,0.000,0.000,0,0,0.000,0,0,18.000,39.000,55.000,0,0,0,0,0,0,0,0,0,0,2,144,0,3,70,0,28.000,0,0,0,0,864,1,0,0,0,0,0,864,0,0,0,0,1,1,1,1,1,1,0,0,0,150800,0,0,0,0,0,0,0,0,0
9.430000,0.00,0.000,0.000,0,0,0.000,0,0,18.000,39.000,55.000,0,0,0,0,0,0,0,0,0,0,2,144,0,3,70,0,28.000,0,0,0,0,864,1,0,0,0,0,0,864,0,0,0,0,1,1,1,1,1,1,0,0,0,150880,0,0,0,0,0,0,0,0,0
9.435000,0.00,0.000,0.000,0,0,0.000,0,0,18.000,39.000,55.000,0,0,0,0,0,0,0,0,0,0,2,144,0,3,70,0,28.000,0,0,0,0,864,1,0,0,0,0,0,864,0,0,0,0,1,1,1,1,1,1,0,0,0,150960,0,0,0,0,0,0,0,0,0
9.440000,0.00,0.000,0.000,0,0,0.000,0,0,18.000,39.000,55.000,0,0,0,0,0,0,0,0,0,0,2,144,0,3,70,0,28.000,0,0,0,0,864,1,0,0,0,0,0,864,0,0,0,0,1,1,1,1,1,1,0,0,0,151040,0,0,0,0,0,0,0,0,0
9.445000,0.00,0.000,0.000,0,0,0.000,0,0,18.000,39.000,55.000,0,0,0,0,0,0,0,0,0,0,2,144,0,3,70,0,28.000,0,0,0,0,864,1,0,0,0,0,0,864,0,0,0,0,1,1,1,1,1,1,0,0,0,151120,0,0,0,0,0,0,0,0,0
9.450000,0.00,0.000,0.000,0,0,0.000,0,0,18.000,39.000,55.000,0,0,0,0,0,0,0,0,0,0,2,144,0,3,70,0,28.000,0,0,0,0,864,1,0,0,0,0,0,864,0,0,0,0,1,1,1,1,1,1,0,0,0,151200,0,0,0,0,0,0,0,0,0
9.455000,0.00,0.000,0.000,0,0,0.000,0,0,18.000,39.000,55.000,0,0,0,0,0,0,0,0,0,0,2,144,0,3,70,0,28.000,0,0,0,0,864,1,0,0,0,0,0,864,0,0,0,0,1,1,1,1,1,1,0,0,0,151280,0,0,0,0,0,0,0,0,0
9.460000,0.00,0.000,0.000,0,0,0.000,0,0,18.000,39.000,55.000,0,0,0,0,0,0,0,0,0,0,2,144,0,3,70,0,28.000,0,0,0,0,864,1,0,0,0,0,0,864,0,0,0,0,1,1,1,1,1,1,0,0,0,151360,0,0,0,0,0,0,0,0,0
9.465000,0.00,0.000,0.000,0,0,0.000,0,0,18.000,39.000,55.000,0,0,0,0,0,0,0,0,0,0,2,144,0,3,70,0,28.000,0,0,0,0,864,1,0,0,0,0,0,864,0,0,0,0,1,1,1,1,1,1,0,0,0,151440,0,0,0,0,0,0,0,0,0
9.470000,0.00,0.000,0.000,0,0,0.000,0,0,18.000,39.000,55.000,0,0,0,0,0,0,0,0,0,0,2,144,0,3,70,0,28.000,0,0,0,0,864,1,0,0,0,0,0,864,0,0,0,0,1,1,1,1,1,1,0,0,0,151520,0,0,0,0,0,0,0,0,0
9.475000,0.00,0.000,0.000,0,0,0.000,0,0,18.000,39.000,55.000,0,0,0,0,0,0,0,0,0,0,2,144,0,3,70,0,28.000,0,0,0,0,864,1,0,0,0,0,0,864,0,0,0,0,1,1,1,1,1,1,0,0,0,151600,0,0,0,0,0,0,0,0,0
9.480000,0.00,0.000,0.000,0,0,0.000,0,0,18.000,39.000,55.000,0,0,0,0,0,0,0,0,0,0,2,144,0,3,70,0,28.000,0,0,0,0,864,1,0,0,0,0,0,864,0,0,0,0,1,1,1,1,1,1,0,0,0,151680,0,0,0,0,0,0,0,0,0
9.485000,0.00,0.000,0.000,0,0,0.000,0,0,18.000,39.000,55.000,0,0,0,0,0,0,0,0,0,0,2,144,0,3,70,0,28.000,0,0,0,0,864,1,0,0,0,0,0,864,0,0,0,0,1,1,1,1,1,1,0,0,0,151760,0,0,0,0,0,0,0,0,0
9.490000,0.00,0.000,0.000,0,0,0.000,0,0,18.000,39.000,55.000,0,0,0,0,0,0,0,0,0,0,2,144,0,3,70,0,28.000,0,0,0,0,864,1,0,0,0,0,0,864,0,0,0,0,1,1,1,1,1,1,0,0,0,151840,0,0,0,0,0,0,0,0,0
9.495000,0.00,0.000,0.000,0,0,0.000,0,0,18.000,39.000,55.000,0,0,0,0,0,0,0,0,0,0,2,144,0,3,70,0,28.000,0,0,0,0,864,1,0,0,0,0,0,864,0,0,0,0,1,1,1,1,1,1,0,0,0,151920,0,0,0,0,0,0,0,0,0
9.500000,0.00,0.000,0.000,0,0,0.000,0,0,18.000,39.000,55.000,0,0,0,0,0,0,0,0,0,0,2,144,0,3,70,0,28.000,0,0,0,0,864,1,0,0,0,0,0,864,0,0,0,0,1,1,1,1,1,1,0,0,0,152000,0,0,0,0,0,0,0,0,0
9.505000,0.00,0.000,0.000,0,0,0.000,0,0,18.000,39.000,55.000,0,0,0,0,0,0,0,0,0,0,2,144,0,3,70,0,28.000,0,0,0,0,864,1,0,0,0,0,0,864,0,0,0,0,1,1,1,1,1,1,0,0,0,152080,0,0,0,0,0,0,0,0,0
9.510000,0.00,0.000,0.000,0,0,0.000,0,0,18.000,39.000,55.000,0,0,0,0,0,0,0,0,0,0,2,144,0,3,70,0,28.000,0,0,0,0,864,1,0,0,0,0,0,864,0,0,0,0,1,1,1,1,1,1,0,0,0,152160,0,0,0,0,0,0,0,0,0
9.515000,0.00,0.000,0.000,0,0,0.000,0,0,18.000,39.000,55.000,0,0,0,0,0,0,0,0,0,0,2,144,0,3,70,0,28.000,0,0,0,0,864,1,0,0,0,0,0,864,0,0,0,0,1,1,1,1,1,1,0,0,0,152240,0,0,0,0,0,0,0,0,0
9.520000,0.00,0.000,0.000,0,0,0.000,0,0,18.000,39.000,55.000,0,0,0,0,0,0,0,0,0,0,2,144,0,3,70,0,28.000,0,0,0,0,864,1,0,0,0,0,0,864,0,0,0,0,1,1,1,1,1,1,0,0,0,152320,0,0,0,0,0,0,0,0,0
9.525000,0.00,0.000,0.000,0,0,0.000,0,0,18.000,39.000,55.000,0,0,0,0,0,0,0,0,0,0,2,144,0,3,70,0,28.000,0,0,0,0,864,1,0,0,0,0,0,864,0,0,0,0,1,1,1,1,1,1,0,0,0,152400,0,0,0,0,0,0,0,0,0
9.530000,0.00,0.000,0.000,0,0,0.000,0,0,18.000,39.000,55.000,0,0,0,0,0,0,0,0,0,0,2,144,0,3,70,0,28.000,0,0,0,0,864,1,0,0,0,0,0,864,0,0,0,0,1,1,1,1,1,1,0,0,0,152480,0,0,0,0,0,0,0,0,0
9.535000,0.00,0.000,0.000,0,0,0.000,0,0,18.000,39.000,55.000,0,0,0,0,0,0,0,0,0,0,2,144,0,3,70,0,28.000,0,0,0,0,864,1,0,0,0,0,0,864,0,0,0,0,1,1,1,1,1,1,0,0,0,152560,0,0,0,0,0,0,0,0,0
9.540000,0.00,0.000,0.000,0,0,0.000,0,0,18.000,39.000,55.000,0,0,0,0,0,0,0,0,0,0,2,144,0,3,70,0,28.000,0,0,0,0,864,1,0,0,0,0,0,864,0,0,0,0,1,1,1,1,1,1,0,0,0,152640,0,0,0,0,0,0,0,0,0
9.545000,0.00,0.000,0.000,0,0,0.000,0,0,18.000,39.000,55.000,0,0,0,0,0,0,0,0,0,0,2,144,0,3,70,0,28.000,0,0,0,0,864,1,0,0,0,0,0,864,0,0,0,0,1,1,1,1,1,1,0,0,0,152720,0,0,0,0,0,0,0,0,0
9.550000,0.00,0.000,0.000,0,0,0.000,0,0,18.000,39.000,55.000,0,0,0,0,0,0,0,0,0,0,2,144,0,3,70,0,28.000,0,0,0,0,864,1,0,0,0,0,0,864,0,0,0,0,1,1,1,1,1,1,0,0,0,152800,0,0,0,0,0,0,0,0,0
9.555000,0.00,0.000,0.000,0,0,0.000,0,0,18.000,39.000,55.000,0,0,0,0,0,0,0,0,0,0,2,144,0,3,70,0,28.000,0,0,0,0,864,1,0,0,0,0,0,864,0,0,0,0,1,1,1,1,1,1,0,0,0,152880,0,0,0,0,0,0,0,0,0
9.560000,0.00,0.000,0.000,0,0,0.000,0,0,18.000,39.000,55.000,0,0,0,0,0,0,0,0,0,0,2,144,0,3,70,0,28.000,0,0,0,0,864,1,0,0,0,0,0,864,0,0,0,0,1,1,1,1,1,1,0,0,0,152960,0,0,0,0,0,0,0,0,0
9.565000,0.00,0.000,0.000,0,0,0.000,0,0,18.000,39.000,55.000,0,0,0,0,0,0,0,0,0,0,2,144,0,3,70,0,28.000,0,0,0,0,864,1,0,0,0,0,0,864,0,0,0,0,1,1,1,1,1,1,0,0,0,153040,0,0,0,0,0,0,0,0,0
9.570000,0.00,0.000,0.000,0,0,0.000,0,0,18.000,39.000,55.000,0,0,0,0,0,0,0,0,0,0,2,144,0,3,70,0,28.000,0,0,0,0,864,1,0,0,0,0,0,864,0,0,0,0,1,1,1,1,1,1,0,0,0,153120,0,0,0,0,0,0,0,0,0
9.575000,0.00,0.000,0.000,0,0,0.000,0,0,18.000,39.000,55.000,0,0,0,0,0,0,0,0,0,0,2,144,0,3,70,0,28.000,0,0,0,0,864,1,0,0,0,0,0,864,0,0,0,0,1,1,1,1,1,1,0,0,0,153200,0,0,0,0,0,0,0,0,0
9.580000,0.00,0.000,0.000,0,0,0.000,0,0,18.000,39.000,55.000,0,0,0,0,0,0,0,0,0,0,2,144,0,3,70,0,28.000,0,0,0,0,864,1,0,0,0,0,0,864,0,0,0,0,1,1,1,1,1,1,0,0,0,153280,0,0,0,0,0,0,0,0,0
9.585000,0.00,0.000,0.000,0,0,0.000,0,0,18.000,39.000,55.000,0,0,0,0,0,0,0,0,0,0,2,144,0,3,70,0,28.000,0,0,0,0,864,1,0,0,0,0,0,864,0,0,0,0,1,1,1,1,1,1,0,0,0,153360,0,0,0,0,0,0,0,0,0
9.590000,0.00,0.000,0.000,0,0,0.000,0,0,18.000,39.000,55.000,0,0,0,0,0,0,0,0,0,0,2,144,0,3,70,0,28.000,0,0,0,0,864,1,0,0,0,0,0,864,0,0,0,0,1,1,1,1,1,1,0,0,0,153440,0,0,0,0,0,0,0,0,0
9.595000,0.00,0.000,0.000,0,0,0.000,0,0,18.000,39.000,55.000,0,0,0,0,0,0,0,0,0,0,2,144,0,3,70,0,28.000,0,0,0,0,864,1,0,0,0,0,0,864,0,0,0,0,1,1,1,1,1,1,0,0,0,153520,0,0,0,0,0,0,0,0,0
9.600000,0.00,0.000,0.000,0,0,0.000,0,0,18.000,39.000,55.000,0,0,0,0,0,0,0,0,0,0,2,144,0,3,70,0,28.000,0,0,0,0,864,1,0,0,0,0,0,864,0,0,0,0,1,1,1,1,1,1,0,0,0,153600,0,0,0,0,0,0,0,0,0
9.605000,0.00,0.000,0.000,0,0,0.000,0,0,18.000,39.000,55.000,0,0,0,0,0,0,0,0,0,0,2,144,0,3,70,0,28.000,0,0,0,0,864,1,0,0,0,0,0,864,0,0,0,0,1,1,1,1,1,1,0,0,0,153680,0,0,0,0,0,0,0,0,0
9.610000,0.00,0.000,0.000,0,0,0.000,0,0,18.000,39.000,55.000,0,0,0,0,0,0,0,0,0,0,2,144,0,3,70,0,28.000,0,0,0,0,864,1,0,0,0,0,0,864,0,0,0,0,1,1,1,1,1,1,0,0,0,153760,0,0,0,0,0,0,0,0,0
9.615000,0.00,0.000,0.000,0,0,0.000,0,0,18.000,39.000,55.000,0,0,0,0,0,0,0,0,0,0,2,144,0,3,70,0,28.000,0,0,0,0,864,1,0,0,0,0,0,864,0,0,0,0,1,1,1,1,1,1,0,0,0,153840,0,0,0,0,0,0,0,0,0
9.620000,0.00,0.000,0.000,0,0,0.000,0,0,18.000,39.000,55.000,0,0,0,0,0,0,0,0,0,0,2,144,0,3,70,0,28.000,0,0,0,0,864,1,0,0,0,0,0,864,0,0,0,0,1,1,1,1,1,1,0,0,0,153920,0,0,0,0,0,0,0,0,0
9.625000,0.00,0.000,0.000,0,0,0.000,0,0,18.000,39.000,55.000,0,0,0,0,0,0,0,0,0,0,2,144,0,3,70,0,28.000,0,0,0,0,864,1,0,0,0,0,0,864,0,0,0,0,1,1,1,1,1,1,0,0,0,154000,0,0,0,0,0,0,0,0,0
9.630000,0.00,0.000,0.000,0,0,0.000,0,0,18.000,39.000,55.000,0,0,0,0,0,0,0,0,0,0,2,144,0,3,70,0,28.000,0,0,0,0,864,1,0,0,0,0,0,864,0,0,0,0,1,1,1,1,1,1,0,0,0,154080,0,0,0,0,0,0,0,0,0
9.635000,0.00,0.000,0.000,0,0,0.000,0,0,18.000,39.000,55.000,0,0,0,0,0,0,0,0,0,0,2,144,0,3,70,0,28.000,0,0,0,0,864,1,0,0,0,0,0,864,0,0,0,0,1,1,1,1,1,1,0,0,0,154160,0,0,0,0,0,0,0,0,0
9.640000,0.00,0.000,0.000,0,0,0.000,0,0,18.000,39.000,55.000,0,0,0,0,0,0,0,0,0,0,2,144,0,3,70,0,28.000,0,0,0,0,864,1,0,0,0,0,0,864,0,0,0,0,1,1,1,1,1,1,0,0,0,154240,0,0,0,0,0,0,0,0,0
9.645000,0.00,0.000,0.000,0,0,0.000,0,0,18.000,39.000,55.000,0,0,0,0,0,0,0,0,0,0,2,144,0,3,70,0,28.000,0,0,0,0,864,1,0,0,0,0,0,864,0,0,0,0,1,1,1,1,1,1,0,0,0,154320,0,0,0,0,0,0,0,0,0
9.650000,0.00,0.000,0.000,0,0,0.000,0,0,18.000,39.000,55.000,0,0,0,0,0,0,0,0,0,0,2,144,0,3,70,0,28.000,0,0,0,0,864,1,0,0,0,0,0,864,0,0,0,0,1,1,1,1,1,1,0,0,0,154400,0,0,0,0,0,0,0,0,0
9.655000,0.00,0.000,0.000,0,0,0.000,0,0,18.000,39.000,55.000,0,0,0,0,0,0,0,0,0,0,2,144,0,3,70,0,28.000,0,0,0,0,864,1,0,0,0,0,0,864,0,0,0,0,1,1,1,1,1,1,0,0,0,154480,0,0,0,0,0,0,0,0,0
9.660000,0.00,0.000,0.000,0,0,0.000,0,0,18.000,39.000,55.000,0,0,0,0,0,0,0,0,0,0,2,144,0,3,70,0,28.000,0,0,0,0,864,1,0,0,0,0,0,864,0,0,0,0,1,1,1,1,1,1,0,0,0,154560,0,0,0,0,0,0,0,0,0
9.665000,0.00,0.000,0.000,0,0,0.000,0,0,18.000,39.000,55.000,0,0,0,0,0,0,0,0,0,0,2,144,0,3,70,0,28.000,0,0,0,0,864,1,0,0,0,0,0,864,0,0,0,0,1,1,1,1,1,1,0,0,0,154640,0,0,0,0,0,0,0,0,0
9.670000,0.00,0.000,0.000,0,0,0.000,0,0,18.000,39.000,55.000,0,0,0,0,0,0,0,0,0,0,2,144,0,3,70,0,28.000,0,0,0,0,864,1,0,0,0,0,0,864,0,0,0,0,1,1,1,1,1,1,0,0,0,154720,0,0,0,0,0,0,0,0,0
9.675000,0.00,0.000,0.000,0,0,0.000,0,0,18.000,39.000,55.000,0,0,0,0,0,0,0,0,0,0,2,144,0,3,70,0,28.000,0,0,0,0,864,1,0,0,0,0,0,864,0,0,0,0,1,1,1,1,1,1,0,0,0,154800,0,0,0,0,0,0,0,0,0
9.680000,0.00,0.000,0.000,0,0,0.000,0,0,18.000,39.000,55.000,0,0,0,0,0,0,0,0,0,0,2,144,0,3,70,0,28.000,0,0,0,0,864,1,0,0,0,0,0,864,0,0,0,0,1,1,1,1,1,1,0,0,0,154880,0,0,0,0,0,0,0,0,0
9.685000,0.00,0.000,0.000,0,0,0.000,0,0,18.000,39.000,55.000,0,0,0,0,0,0,0,0,0,0,2,144,0,3,70,0,28.000,0,0,0,0,864,1,0,0,0,0,0,864,0,0,0,0,1,1,1,1,1,1,0,0,0,154960,0,0,0,0,0,0,0,0,0
9.690000,0.00,0.000,0.000,0,0,0.000,0,0,18.000,39.000,55.000,0,0,0,0,0,0,0,0,0,0,2,144,0,3,70,0,28.000,0,0,0,0,864,1,0,0,0,0,0,864,0,0,0,0,1,1,1,1,1,1,0,0,0,155040,0,0,0,0,0,0,0,0,0
9.695000,0.00,0.000,0.000,0,0,0.000,0,0,18.000,39.000,55.000,0,0,0,0,0,0,0,0,0,0,2,144,0,3,70,0,28.000,0,0,0,0,864,1,0,0,0,0,0,864,0,0,0,0,1,1,1,1,1,1,0,0,0,155120,0,0,0,0,0,0,0,0,0
9.700000,0.00,0.000,0.000,0,0,0.000,0,0,18.000,39.000,55.000,0,0,0,0,0,0,0,0,0,0,2,144,0,3,70,0,28.000,0,0,0,0,864,1,0,0,0,0,0,864,0,0,0,0,1,1,1,1,1,1,0,0,0,155200,0,0,0,0,0,0,0,0,0
9.705000,0.00,0.000,0.000,0,0,0.000,0,0,18.000,39.000,55.000,0,0,0,0,0,0,0,0,0,0,2,144,0,3,70,0,28.000,0,0,0,0,864,1,0,0,0,0,0,864,0,0,0,0,1,1,1,1,1,1,0,0,0,155280,0,0,0,0,0,0,0,0,0
9.710000,0.00,0.000,0.000,0,0,0.000,0,0,18.000,39.000,55.000,0,0,0,0,0,0,0,0,0,0,2,144,0,3,70,0,28.000,0,0,0,0,864,1,0,0,0,0,0,864,0,0,0,0,1,1,1,1,1,1,0,0,0,155360,0,0,0,0,0,0,0,0,0
9.715000,0.00,0.000,0.000,0,0,0.000,0,0,18.000,39.000,55.000,0,0,0,0,0,0,0,0,0,0,2,144,0,3,70,0,28.000,0,0,0,0,864,1,0,0,0,0,0,864,0,0,0,0,1,1,1,1,1,1,0,0,0,155440,0,0,0,0,0,0,0,0,0
9.720000,0.00,0.000,0.000,0,0,0.000,0,0,18.000,39.000,55.000,0,0,0,0,0,0,0,0,0,0,2,144,0,3,70,0,28.000,0,0,0,0,864,1,0,0,0,0,0,864,0,0,0,0,1,1,1,1,1,1,0,0,0,155520,0,0,0,0,0,0,0,0,0
9.725000,0.00,0.000,0.000,0,0,0.000,0,0,18.000,39.000,55.000,0,0,0,0,0,0,0,0,0,0,2,144,0,3,70,0,28.000,0,0,0,0,864,1,0,0,0,0,0,864,0,0,0,0,1,1,1,1,1,1,0,0,0,155600,0,0,0,0,0,0,0,0,0
9.730000,0.00,0.000,0.000,0,0,0.000,0,0,18.000,39.000,55.000,0,0,0,0,0,0,0,0,0,0,2,144,0,3,70,0,28.000,0,0,0,0,864,1,0,0,0,0,0,864,0,0,0,0,1,1,1,1,1,1,0,0,0,155680,0,0,0,0,0,0,0,0,0
9.735000,0.00,0.000,0.000,0,0,0.000,0,0,18.000,39.000,55.000,0,0,0,0,0,0,0,0,0,0,2,144,0,3,70,0,28.000,0,0,0,0,864,1,0,0,0,0,0,864,0,0,0,0,1,1,1,1,1,1,0,0,0,155760,0,0,0,0,0,0,0,0,0
9.740000,0.00,0.000,0.000,0,0,0.000,0,0,18.000,39.000,55.000,0,0,0,0,0,0,0,0,0,0,2,144,0,3,70,0,28.000,0,0,0,0,864,1,0,0,0,0,0,864,0,0,0,0,1,1,1,1,1,1,0,0,0,155840,0,0,0,0,0,0,0,0,0
9.745000,0.00,0.000,0.000,0,0,0.000,0,0,18.000,39.000,55.000,0,0,0,0,0,0,0,0,0,0,2,144,0,3,70,0,28.000,0,0,0,0,864,1,0,0,0,0,0,864,0,0,0,0,1,1,1,1,1,1,0,0,0,155920,0,0,0,0,0,0,0,0,0
9.750000,0.00,0.000,0.000,0,0,0.000,0,0,18.000,39.000,55.000,0,0,0,0,0,0,0,0,0,0,2,144,0,3,70,0,28.000,0,0,0,0,864,1,0,0,0,0,0,864,0,0,0,0,1,1,1,1,1,1,0,0,0,156000,0,0,0,0,0,0,0,0,0
9.755000,0.00,0.000,0.000,0,0,0.000,0,0,18.000,39.000,55.000,0,0,0,0,0,0,0,0,0,0,2,144,0,3,70,0,28.000,0,0,0,0,864,1,0,0,0,0,0,864,0,0,0,0,1,1,1,1,1,1,0,0,0,156080,0,0,0,0,0,0,0,0,0
9.760000,0.00,0.000,0.000,0,0,0.000,0,0,18.000,39.000,55.000,0,0,0,0,0,0,0,0,0,0,2,144,0,3,70,0,28.000,0,0,0,0,864,1,0,0,0,0,0,864,0,0,0,0,1,1,1,1,1,1,0,0,0,156160,0,0,0,0,0,0,0,0,0
9.765000,0.00,0.000,0.000,0,0,0.000,0,0,18.000,39.000,55.000,0,0,0,0,0,0,0,0,0,0,2,144,0,3,70,0,28.000,0,0,0,0,864,1,0,0,0,0,0,864,0,0,0,0,1,1,1,1,1,1,0,0,0,156240,0,0,0,0,0,0,0,0,0
9.770000,0.00,0.000,0.000,0,0,0.000,0,0,18.000,39.000,55.000,0,0,0,0,0,0,0,0,0,0,2,144,0,3,70,0,28.000,0,0,0,0,864,1,0,0,0,0,0,864,0,0,0,0,1,1,1,1,1,1,0,0,0,156320,0,0,0,0,0,0,0,0,0
9.775000,0.00,0.000,0.000,0,0,0.000,0,0,18.000,39.000,55.000,0,0,0,0,0,0,0,0,0,0,2,144,0,3,70,0,28.000,0,0,0,0,864,1,0,0,0,0,0,864,0,0,0,0,1,1,1,1,1,1,0,0,0,156400,0,0,0,0,0,0,0,0,0
9.780000,0.00,0.000,0.000,0,0,0.000,0,0,18.000,39.000,55.000,0,0,0,0,0,0,0,0,0,0,2,144,0,3,70,0,28.000,0,0,0,0,864,1,0,0,0,0,0,864,0,0,0,0,1,1,1,1,1,1,0,0,0,156480,0,0,0,0,0,0,0,0,0
9.785000,0.00,0.000,0.000,0,0,0.000,0,0,18.000,39.000,55.000,0,0,0,0,0,0,0,0,0,0,2,144,0,3,70,0,28.000,0,0,0,0,864,1,0,0,0,0,0,864,0,0,0,0,1,1,1,1,1,1,0,0,0,156560,0,0,0,0,0,0,0,0,0
9.790000,0.00,0.000,0.000,0,0,0.000,0,0,18.000,39.000,55.000,0,0,0,0,0,0,0,0,0,0,2,144,0,3,70,0,28.000,0,0,0,0,864,1,0,0,0,0,0,864,0,0,0,0,1,1,1,1,1,1,0,0,0,156640,0,0,0,0,0,0,0,0,0
9.795000,0.00,0.000,0.000,0,0,0.000,0,0,18.000,39.000,55.000,0,0,0,0,0,0,0,0,0,0,2,144,0,3,70,0,28.000,0,0,0,0,864,1,0,0,0,0,0,864,0,0,0,0,1,1,1,1,1,1,0,0,0,156720,0,0,0,0,0,0,0,0,0
9.800000,0.00,0.000,0.000,0,0,0.000,0,0,18.000,39.000,55.000,0,0,0,0,0,0,0,0,0,0,2,144,0,3,70,0,28.000,0,0,0,0,864,1,0,0,0,0,0,864,0,0,0,0,1,1,1,1,1,1,0,0,0,156800,0,0,0,0,0,0,0,0,0
9.805000,0.00,0.000,0.000,0,0,0.000,0,0,18.000,39.000,55.000,0,0,0,0,0,0,0,0,0,0,2,144,0,3,70,0,28.000,0,0,0,0,864,1,0,0,0,0,0,864,0,0,0,0,1,1,1,1,1,1,0,0,0,156880,0,0,0,0,0,0,0,0,0
9.810000,0.00,0.000,0.000,0,0,0.000,0,0,18.000,39.000,55.000,0,0,0,0,0,0,0,0,0,0,2,144,0,3,70,0,28.000,0,0,0,0,864,1,0,0,0,0,0,864,0,0,0,0,1,1,1,1,1,1,0,0,0,156960,0,0,0,0,0,0,0,0,0
9.815000,0.00,0.000,0.000,0,0,0.000,0,0,18.000,39.000,55.000,0,0,0,0,0,0,0,0,0,0,2,144,0,3,70,0,28.000,0,0,0,0,864,1,0,0,0,0,0,864,0,0,0,0,1,1,1,1,1,1,0,0,0,157040,0,0,0,0,0,0,0,0,0
9.820000,0.00,0.000,0.000,0,0,0.000,0,0,18.000,39.000,55.000,0,0,0,0,0,0,0,0,0,0,2,144,0,3,70,0,28.000,0,0,0,0,864,1,0,0,0,0,0,864,0,0,0,0,1,1,1,1,1,1,0,0,0,157120,0,0,0,0,0,0,0,0,0
9.825000,0.00,0.000,0.000,0,0,0.000,0,0,18.000,39.000,55.000,0,0,0,0,0,0,0,0,0,0,2,144,0,3,70,0,28.000,0,0,0,0,864,1,0,0,0,0,0,864,0,0,0,0,1,1,1,1,1,1,0,0,0,157200,0,0,0,0,0,0,0,0,0
9.830000,0.00,0.000,0.000,0,0,0.000,0,0,18.000,39.000,55.000,0,0,0,0,0,0,0,0,0,0,2,144,0,3,70,0,28.000,0,0,0,0,864,1,0,0,0,0,0,864,0,0,0,0,1,1,1,1,1,1,0,0,0,157280,0,0,0,0,0,0,0,0,0
9.835000,0.00,0.000,0.000,0,0,0.000,0,0,18.000,39.000,55.000,0,0,0,0,0,0,0,0,0,0,2,144,0,3,70,0,28.000,0,0,0,0,864,1,0,0,0,0,0,864,0,0,0,0,1,1,1,1,1,1,0,0,0,157360,0,0,0,0,0,0,0,0,0
9.840000,0.00,0.000,0.000,0,0,0.000,0,0,18.000,39.000,55.000,0,0,0,0,0,0,0,0,0,0,2,144,0,3,70,0,28.000,0,0,0,0,864,1,0,0,0,0,0,864,0,0,0,0,1,1,1,1,1,1,0,0,0,157440,0,0,0,0,0,0,0,0,0
9.845000,0.00,0.000,0.000,0,0,0.000,0,0,18.000,39.000,55.000,0,0,0,0,0,0,0,0,0,0,2,144,0,3,70,0,28.000,0,0,0,0,864,1,0,0,0,0,0,864,0,0,0,0,1,1,1,1,1,1,0,0,0,157520,0,0,0,0,0,0,0,0,0
9.850000,0.00,0.000,0.000,0,0,0.000,0,0,18.000,39.000,55.000,0,0,0,0,0,0,0,0,0,0,2,144,0,3,70,0,28.000,0,0,0,0,864,1,0,0,0,0,0,864,0,0,0,0,1,1,1,1,1,1,0,0,0,157600,0,0,0,0,0,0,0,0,0
9.855000,0.00,0.000,0.000,0,0,0.000,0,0,18.000,39.000,55.000,0,0,0,0,0,0,0,0,0,0,2,144,0,3,70,0,28.000,0,0,0,0,864,1,0,0,0,0,0,864,0,0,0,0,1,1,1,1,1,1,0,0,0,157680,0,0,0,0,0,0,0,0,0
9.860000,0.00,0.000,0.000,0,0,0.000,0,0,18.000,39.000,55.000,0,0,0,0,0,0,0,0,0,0,2,144,0,3,70,0,28.000,0,0,0,0,864,1,0,0,0,0,0,864,0,0,0,0,1,1,1,1,1,1,0,0,0,157760,0,0,0,0,0,0,0,0,0
9.865000,0.00,0.000,0.000,0,0,0.000,0,0,18.000,39.000,55.000,0,0,0,0,0,0,0,0,0,0,2,144,0,3,70,0,28.000,0,0,0,0,864,1,0,0,0,0,0,864,0,0,0,0,1,1,1,1,1,1,0,0,0,157840,0,0,0,0,0,0,0,0,0
9.870000,0.00,0.000,0.000,0,0,0.000,0,0,18.000,39.000,55.000,0,0,0,0,0,0,0,0,0,0,2,144,0,3,70,0,28.000,0,0,0,0,864,1,0,0,0,0,0,864,0,0,0,0,1,1,1,1,1,1,0,0,0,157920,0,0,0,0,0,0,0,0,0
9.875000,0.00,0.000,0.000,0,0,0.000,0,0,18.000,39.000,55.000,0,0,0,0,0,0,0,0,0,0,2,144,0,3,70,0,28.000,0,0,0,0,864,1,0,0,0,0,0,864,0,0,0,0,1,1,1,1,1,1,0,0,0,158000,0,0,0,0,0,0,0,0,0
9.880000,0.00,0.000,0.000,0,0,0.000,0,0,18.000,39.000,55.000,0,0,0,0,0,0,0,0,0,0,2,144,0,3,70,0,28.000,0,0,0,0,864,1,0,0,0,0,0,864,0,0,0,0,1,1,1,1,1,1,0,0,0,158080,0,0,0,0,0,0,0,0,0
9.885000,0.00,0.000,0.000,0,0,0.000,0,0,18.000,39.000,55.000,0,0,0,0,0,0,0,0,0,0,2,144,0,3,70,0,28.000,0,0,0,0,864,1,0,0,0,0,0,864,0,0,0,0,1,1,1,1,1,1,0,0,0,158160,0,0,0,0,0,0,0,0,0
9.890000,0.00,0.000,0.000,0,0,0.000,0,0,18.000,39.000,55.000,0,0,0,0,0,0,0,0,0,0,2,144,0,3,70,0,28.000,0,0,0,0,864,1,0,0,0,0,0,864,0,0,0,0,1,1,1,1,1,1,0,0,0,158240,0,0,0,0,0,0,0,0,0
9.895000,0.00,0.000,0.000,0,0,0.000,0,0,18.000,39.000,55.000,0,0,0,0,0,0,0,0,0,0,2,144,0,3,70,0,28.000,0,0,0,0,864,1,0,0,0,0,0,864,0,0,0,0,1,1,1,1,1,1,0,0,0,158320,0,0,0,0,0,0,0,0,0
9.900000,0.00,0.000,0.000,0,0,0.000,0,0,18.000,39.000,55.000,0,0,0,0,0,0,0,0,0,0,2,144,0,3,70,0,28.000,0,0,0,0,864,1,0,0,0,0,0,864,0,0,0,0,1,1,1,1,1,1,0,0,0,158400,0,0,0,0,0,0,0,0,0
9.905000,0.00,0.000,0.000,0,0,0.000,0,0,18.000,39.000,55.000,0,0,0,0,0,0,0,0,0,0,2,144,0,3,70,0,28.000,0,0,0,0,864,1,0,0,0,0,0,864,0,0,0,0,1,1,1,1,1,1,0,0,0,158480,0,0,0,0,0,0,0,0,0
9.910000,0.00,0.000,0.000,0,0,0.000,0,0,18.000,39.000,55.000,0,0,0,0,0,0,0,0,0,0,2,144,0,3,70,0,28.000,0,0,0,0,864,1,0,0,0,0,0,864,0,0,0,0,1,1,1,1,1,1,0,0,0,158560,0,0,0,0,0,0,0,0,0
9.915000,0.00,0.000,0.000,0,0,0.000,0,0,18.000,39.000,55.000,0,0,0,0,0,0,0,0,0,0,2,144,0,3,70,0,28.000,0,0,0,0,864,1,0,0,0,0,0,864,0,0,0,0,1,1,1,1,1,1,0,0,0,158640,0,0,0,0,0,0,0,0,0
9.920000,0.00,0.000,0.000,0,0,0.000,0,0,18.000,39.000,55.000,0,0,0,0,0,0,0,0,0,0,2,144,0,3,70,0,28.000,0,0,0,0,864,1,0,0,0,0,0,864,0,0,0,0,1,1,1,1,1,1,0,0,0,158720,0,0,0,0,0,0,0,0,0
9.925000,0.00,0.000,0.000,0,0,0.000,0,0,18.000,39.000,55.000,0,0,0,0,0,0,0,0,0,0,2,144,0,3,70,0,28.000,0,0,0,0,864,1,0,0,0,0,0,864,0,0,0,0,1,1,1,1,1,1,0,0,0,158800,0,0,0,0,0,0,0,0,0
9.930000,0.00,0.000,0.000,0,0,0.000,0,0,18.000,39.000,55.000,0,0,0,0,0,0,0,0,0,0,2,144,0,3,70,0,28.000,0,0,0,0,864,1,0,0,0,0,0,864,0,0,0,0,1,1,1,1,1,1,0,0,0,158880,0,0,0,0,0,0,0,0,0
9.935000,0.00,0.000,0.000,0,0,0.000,0,0,18.000,39.000,55.000,0,0,0,0,0,0,0,0,0,0,2,144,0,3,70,0,28.000,0,0,0,0,864,1,0,0,0,0,0,864,0,0,0,0,1,1,1,1,1,1,0,0,0,158960,0,0,0,0,0,0,0,0,0
9.940000,0.00,0.000,0.000,0,0,0.000,0,0,18.000,39.000,55.000,0,0,0,0,0,0,0,0,0,0,2,144,0,3,70,0,28.000,0,0,0,0,864,1,0,0,0,0,0,864,0,0,0,0,1,1,1,1,1,1,0,0,0,159040,0,0,0,0,0,0,0,0,0
9.945000,0.00,0.000,0.000,0,0,0.000,0,0,18.000,39.000,55.000,0,0,0,0,0,0,0,0,0,0,2,144,0,3,70,0,28.000,0,0,0,0,864,1,0,0,0,0,0,864,0,0,0,0,1,1,1,1,1,1,0,0,0,159120,0,0,0,0,0,0,0,0,0
9.950000,0.00,0.000,0.000,0,0,0.000,0,0,18.000,39.000,55.000,0,0,0,0,0,0,0,0,0,0,2,144,0,3,70,0,28.000,0,0,0,0,864,1,0,0,0,0,0,864,0,0,0,0,1,1,1,1,1,1,0,0,0,159200,0,0,0,0,0,0,0,0,0
9.955000,0.00,0.000,0.000,0,0,0.000,0,0,18.000,39.000,55.000,0,0,0,0,0,0,0,0,0,0,2,144,0,3,70,0,28.000,0,0,0,0,864,1,0,0,0,0,0,864,0,0,0,0,1,1,1,1,1,1,0,0,0,159280,0,0,0,0,0,0,0,0,0
9.960000,0.00,0.000,0.000,0,0,0.000,0,0,18.000,39.000,55.000,0,0,0,0,0,0,0,0,0,0,2,144,0,3,70,0,28.000,0,0,0,0,864,1,0,0,0,0,0,864,0,0,0,0,1,1,1,1,1,1,0,0,0,159360,0,0,0,0,0,0,0,0,0
9.965000,0.00,0.000,0.000,0,0,0.000,0,0,18.000,39.000,55.000,0,0,0,0,0,0,0,0,0,0,2,144,0,3,70,0,28.000,0,0,0,0,864,1,0,0,0,0,0,864,0,0,0,0,1,1,1,1,1,1,0,0,0,159440,0,0,0,0,0,0,0,0,0
9.970000,0.00,0.000,0.000,0,0,0.000,0,0,18.000,39.000,55.000,0,0,0,0,0,0,0,0,0,0,2,144,0,3,70,0,28.000,0,0,0,0,864,1,0,0,0,0,0,864,0,0,0,0,1,1,1,1,1,1,0,0,0,159520,0,0,0,0,0,0,0,0,0
9.975000,0.00,0.000,0.000,0,0,0.000,0,0,18.000,39.000,55.000,0,0,0,0,0,0,0,0,0,0,2,144,0,3,70,0,28.000,0,0,0,0,864,1,0,0,0,0,0,864,0,0,0,0,1,1,1,1,1,1,0,0,0,159600,0,0,0,0,0,0,0,0,0
9.980000,0.00,0.000,0.000,0,0,0.000,0,0,18.000,39.000,55.000,0,0,0,0,0,0,0,0,0,0,2,144,0,3,70,0,28.000,0,0,0,0,864,1,0,0,0,0,0,864,0,0,0,0,1,1,1,1,1,1,0,0,0,159680,0,0,0,0,0,0,0,0,0
9.985000,0.00,0.000,0.000,0,0,0.000,0,0,18.000,39.000,55.000,0,0,0,0,0,0,0,0,0,0,2,144,0,3,70,0,28.000,0,0,0,0,864,1,0,0,0,0,0,864,0,0,0,0,1,1,1,1,1,1,0,0,0,159760,0,0,0,0,0,0,0,0,0
9.990000,0.00,0.000,0.000,0,0,0.000,0,0,18.000,39.000,55.000,0,0,0,0,0,0,0,0,0,0,2,144,0,3,70,0,28.000,0,0,0,0,864,1,0,0,0,0,0,864,0,0,0,0,1,1,1,1,1,1,0,0,0,159840,0,0,0,0,0,0,0,0,0
9.995000,0.00,0.000,0.000,0,0,0.000,0,0,18.000,39.000,55.000,0,0,0,0,0,0,0,0,0,0,2,144,0,3,70,0,28.000,0,0,0,0,864,1,0,0,0,0,0,864,0,0,0,0,1,1,1,1,1,1,0,0,0,159920,0,0,0,0,0,0,0,0,0
10.000000,0.00,0.000,0.000,0,0,0.000,0,0,18.000,39.000,55.000,0,0,0,0,0,0,0,0,0,0,2,144,0,3,70,0,28.000,0,0,0,0,864,1,0,0,0,0,0,864,0,0,0,0,1,1,1,1,1,1,0,0,0,160000,0,0,0,0,0,0,0,0,0
