time_s,crank_angle_deg,torque_gen_nm,torque_load_kg,torque_fast_native,torque_run_native,cadence_gen_rpm,cadence_raw_rpm,cadence_control_rpm,speed_kph,battery_v,soc_pct,human_power_w,assist_basis_power_w,motor_power_w,support_pct,iq_mode_request,iq_before_profile_limit,iq_requested,iq_allowed,iq_pre_ramp,iq_ref,session,debug_flags,battery_limit,gate_steps,gate_load_ckg,pedalling
0.005000,0.00,0.000,0.000,0,0,0.000,0,0,18.000,39.000,55.000,0,0,0,0,0,0,0,0,0,0,0,144,0,3,70,0
0.010000,0.00,0.000,0.000,0,0,0.000,0,0,18.000,39.000,55.000,0,0,0,0,0,0,0,0,0,0,0,144,0,3,70,0
0.015000,0.00,0.000,0.000,0,0,0.000,0,0,18.000,39.000,55.000,0,0,0,0,0,0,0,0,0,0,0,144,0,3,70,0
0.020000,0.00,0.000,0.000,0,0,0.000,0,0,18.000,39.000,55.000,0,0,0,0,0,0,0,0,0,0,0,144,0,3,70,0
0.025000,0.00,0.000,0.000,0,0,0.000,0,0,18.000,39.000,55.000,0,0,0,0,0,0,0,0,0,0,0,144,0,3,70,0
0.030000,0.00,0.000,0.000,0,0,0.000,0,0,18.000,39.000,55.000,0,0,0,0,0,0,0,0,0,0,0,144,0,3,70,0
0.035000,0.00,0.000,0.000,0,0,0.000,0,0,18.000,39.000,55.000,0,0,0,0,0,0,0,0,0,0,0,144,0,3,70,0
0.040000,0.00,0.000,0.000,0,0,0.000,0,0,18.000,39.000,55.000,0,0,0,0,0,0,0,0,0,0,0,144,0,3,70,0
0.045000,0.00,0.000,0.000,0,0,0.000,0,0,18.000,39.000,55.000,0,0,0,0,0,0,0,0,0,0,0,144,0,3,70,0
0.050000,0.00,0.000,0.000,0,0,0.000,0,0,18.000,39.000,55.000,0,0,0,0,0,0,0,0,0,0,0,144,0,3,70,0
0.055000,0.00,0.000,0.000,0,0,0.000,0,0,18.000,39.000,55.000,0,0,0,0,0,0,0,0,0,0,0,144,0,3,70,0
0.060000,0.00,0.000,0.000,0,0,0.000,0,0,18.000,39.000,55.000,0,0,0,0,0,0,0,0,0,0,0,144,0,3,70,0
0.065000,0.00,0.000,0.000,0,0,0.000,0,0,18.000,39.000,55.000,0,0,0,0,0,0,0,0,0,0,0,144,0,3,70,0
0.070000,0.00,0.000,0.000,0,0,0.000,0,0,18.000,39.000,55.000,0,0,0,0,0,0,0,0,0,0,0,144,0,3,70,0
0.075000,0.00,0.000,0.000,0,0,0.000,0,0,18.000,39.000,55.000,0,0,0,0,0,0,0,0,0,0,0,144,0,3,70,0
0.080000,0.00,0.000,0.000,0,0,0.000,0,0,18.000,39.000,55.000,0,0,0,0,0,0,0,0,0,0,0,144,0,3,70,0
0.085000,0.00,0.000,0.000,0,0,0.000,0,0,18.000,39.000,55.000,0,0,0,0,0,0,0,0,0,0,0,144,0,3,70,0
0.090000,0.00,0.000,0.000,0,0,0.000,0,0,18.000,39.000,55.000,0,0,0,0,0,0,0,0,0,0,0,144,0,3,70,0
0.095000,0.00,0.000,0.000,0,0,0.000,0,0,18.000,39.000,55.000,0,0,0,0,0,0,0,0,0,0,0,144,0,3,70,0
0.100000,0.00,0.000,0.000,0,0,0.000,0,0,18.000,39.000,55.000,0,0,0,0,0,0,0,0,0,0,0,144,0,3,70,0
0.105000,0.00,0.000,0.000,0,0,0.000,0,0,18.000,39.000,55.000,0,0,0,0,0,0,0,0,0,0,0,144,0,3,70,0
0.110000,0.00,0.000,0.000,0,0,0.000,0,0,18.000,39.000,55.000,0,0,0,0,0,0,0,0,0,0,0,144,0,3,70,0
0.115000,0.00,0.000,0.000,0,0,0.000,0,0,18.000,39.000,55.000,0,0,0,0,0,0,0,0,0,0,0,144,0,3,70,0
0.120000,0.00,0.000,0.000,0,0,0.000,0,0,18.000,39.000,55.000,0,0,0,0,0,0,0,0,0,0,0,144,0,3,70,0
0.125000,0.00,0.000,0.000,0,0,0.000,0,0,18.000,39.000,55.000,0,0,0,0,0,0,0,0,0,0,0,144,0,3,70,0
0.130000,0.00,0.000,0.000,0,0,0.000,0,0,18.000,39.000,55.000,0,0,0,0,0,0,0,0,0,0,0,144,0,3,70,0
0.135000,0.00,0.000,0.000,0,0,0.000,0,0,18.000,39.000,55.000,0,0,0,0,0,0,0,0,0,0,0,144,0,3,70,0
0.140000,0.00,0.000,0.000,0,0,0.000,0,0,18.000,39.000,55.000,0,0,0,0,0,0,0,0,0,0,0,144,0,3,70,0
0.145000,0.00,0.000,0.000,0,0,0.000,0,0,18.000,39.000,55.000,0,0,0,0,0,0,0,0,0,0,0,144,0,3,70,0
0.150000,0.00,0.000,0.000,0,0,0.000,0,0,18.000,39.000,55.000,0,0,0,0,0,0,0,0,0,0,0,144,0,3,70,0
0.155000,0.00,0.000,0.000,0,0,0.000,0,0,18.000,39.000,55.000,0,0,0,0,0,0,0,0,0,0,0,144,0,3,70,0
0.160000,0.00,0.000,0.000,0,0,0.000,0,0,18.000,39.000,55.000,0,0,0,0,0,0,0,0,0,0,0,144,0,3,70,0
0.165000,0.00,0.000,0.000,0,0,0.000,0,0,18.000,39.000,55.000,0,0,0,0,0,0,0,0,0,0,0,144,0,3,70,0
0.170000,0.00,0.000,0.000,0,0,0.000,0,0,18.000,39.000,55.000,0,0,0,0,0,0,0,0,0,0,0,144,0,3,70,0
0.175000,0.00,0.000,0.000,0,0,0.000,0,0,18.000,39.000,55.000,0,0,0,0,0,0,0,0,0,0,0,144,0,3,70,0
0.180000,0.00,0.000,0.000,0,0,0.000,0,0,18.000,39.000,55.000,0,0,0,0,0,0,0,0,0,0,0,144,0,3,70,0
0.185000,0.00,0.000,0.000,0,0,0.000,0,0,18.000,39.000,55.000,0,0,0,0,0,0,0,0,0,0,0,144,0,3,70,0
0.190000,0.00,0.000,0.000,0,0,0.000,0,0,18.000,39.000,55.000,0,0,0,0,0,0,0,0,0,0,0,144,0,3,70,0
0.195000,0.00,0.000,0.000,0,0,0.000,0,0,18.000,39.000,55.000,0,0,0,0,0,0,0,0,0,0,0,144,0,3,70,0
0.200000,0.00,0.000,0.000,0,0,0.000,0,0,18.000,39.000,55.000,0,0,0,0,0,0,0,0,0,0,0,144,0,3,70,0
0.205000,0.00,0.000,0.000,0,0,0.000,0,0,18.000,39.000,55.000,0,0,0,0,0,0,0,0,0,0,0,144,0,3,70,0
0.210000,0.00,0.000,0.000,0,0,0.000,0,0,18.000,39.000,55.000,0,0,0,0,0,0,0,0,0,0,0,144,0,3,70,0
0.215000,0.00,0.000,0.000,0,0,0.000,0,0,18.000,39.000,55.000,0,0,0,0,0,0,0,0,0,0,0,144,0,3,70,0
0.220000,0.00,0.000,0.000,0,0,0.000,0,0,18.000,39.000,55.000,0,0,0,0,0,0,0,0,0,0,0,144,0,3,70,0
0.225000,0.00,0.000,0.000,0,0,0.000,0,0,18.000,39.000,55.000,0,0,0,0,0,0,0,0,0,0,0,144,0,3,70,0
0.230000,0.00,0.000,0.000,0,0,0.000,0,0,18.000,39.000,55.000,0,0,0,0,0,0,0,0,0,0,0,144,0,3,70,0
0.235000,0.00,0.000,0.000,0,0,0.000,0,0,18.000,39.000,55.000,0,0,0,0,0,0,0,0,0,0,0,144,0,3,70,0
0.240000,0.00,0.000,0.000,0,0,0.000,0,0,18.000,39.000,55.000,0,0,0,0,0,0,0,0,0,0,0,144,0,3,70,0
0.245000,0.00,0.000,0.000,0,0,0.000,0,0,18.000,39.000,55.000,0,0,0,0,0,0,0,0,0,0,0,144,0,3,70,0
0.250000,0.00,0.000,0.000,0,0,0.000,0,0,18.000,39.000,55.000,0,0,0,0,0,0,0,0,0,0,0,144,0,3,70,0
0.255000,0.00,0.000,0.000,0,0,0.000,0,0,18.000,39.000,55.000,0,0,0,0,0,0,0,0,0,0,0,144,0,3,70,0
0.260000,0.00,0.000,0.000,0,0,0.000,0,0,18.000,39.000,55.000,0,0,0,0,0,0,0,0,0,0,0,144,0,3,70,0
0.265000,0.00,0.000,0.000,0,0,0.000,0,0,18.000,39.000,55.000,0,0,0,0,0,0,0,0,0,0,0,144,0,3,70,0
0.270000,0.00,0.000,0.000,0,0,0.000,0,0,18.000,39.000,55.000,0,0,0,0,0,0,0,0,0,0,0,144,0,3,70,0
0.275000,0.00,0.000,0.000,0,0,0.000,0,0,18.000,39.000,55.000,0,0,0,0,0,0,0,0,0,0,0,144,0,3,70,0
0.280000,0.00,0.000,0.000,0,0,0.000,0,0,18.000,39.000,55.000,0,0,0,0,0,0,0,0,0,0,0,144,0,3,70,0
0.285000,0.00,0.000,0.000,0,0,0.000,0,0,18.000,39.000,55.000,0,0,0,0,0,0,0,0,0,0,0,144,0,3,70,0
0.290000,0.00,0.000,0.000,0,0,0.000,0,0,18.000,39.000,55.000,0,0,0,0,0,0,0,0,0,0,0,144,0,3,70,0
0.295000,0.00,0.000,0.000,0,0,0.000,0,0,18.000,39.000,55.000,0,0,0,0,0,0,0,0,0,0,0,144,0,3,70,0
0.300000,0.00,0.000,0.000,0,0,0.000,0,0,18.000,39.000,55.000,0,0,0,0,0,0,0,0,0,0,0,144,0,3,70,0
0.305000,0.00,0.000,0.000,0,0,0.000,0,0,18.000,39.000,55.000,0,0,0,0,0,0,0,0,0,0,0,144,0,3,70,0
0.310000,0.00,0.000,0.000,0,0,0.000,0,0,18.000,39.000,55.000,0,0,0,0,0,0,0,0,0,0,0,144,0,3,70,0
0.315000,0.00,0.000,0.000,0,0,0.000,0,0,18.000,39.000,55.000,0,0,0,0,0,0,0,0,0,0,0,144,0,3,70,0
0.320000,0.00,0.000,0.000,0,0,0.000,0,0,18.000,39.000,55.000,0,0,0,0,0,0,0,0,0,0,0,144,0,3,70,0
0.325000,0.00,0.000,0.000,0,0,0.000,0,0,18.000,39.000,55.000,0,0,0,0,0,0,0,0,0,0,0,144,0,3,70,0
0.330000,0.00,0.000,0.000,0,0,0.000,0,0,18.000,39.000,55.000,0,0,0,0,0,0,0,0,0,0,0,144,0,3,70,0
0.335000,0.00,0.000,0.000,0,0,0.000,0,0,18.000,39.000,55.000,0,0,0,0,0,0,0,0,0,0,0,144,0,3,70,0
0.340000,0.00,0.000,0.000,0,0,0.000,0,0,18.000,39.000,55.000,0,0,0,0,0,0,0,0,0,0,0,144,0,3,70,0
0.345000,0.00,0.000,0.000,0,0,0.000,0,0,18.000,39.000,55.000,0,0,0,0,0,0,0,0,0,0,0,144,0,3,70,0
0.350000,0.00,0.000,0.000,0,0,0.000,0,0,18.000,39.000,55.000,0,0,0,0,0,0,0,0,0,0,0,144,0,3,70,0
0.355000,0.00,0.000,0.000,0,0,0.000,0,0,18.000,39.000,55.000,0,0,0,0,0,0,0,0,0,0,0,144,0,3,70,0
0.360000,0.00,0.000,0.000,0,0,0.000,0,0,18.000,39.000,55.000,0,0,0,0,0,0,0,0,0,0,0,144,0,3,70,0
0.365000,0.00,0.000,0.000,0,0,0.000,0,0,18.000,39.000,55.000,0,0,0,0,0,0,0,0,0,0,0,144,0,3,70,0
0.370000,0.00,0.000,0.000,0,0,0.000,0,0,18.000,39.000,55.000,0,0,0,0,0,0,0,0,0,0,0,144,0,3,70,0
0.375000,0.00,0.000,0.000,0,0,0.000,0,0,18.000,39.000,55.000,0,0,0,0,0,0,0,0,0,0,0,144,0,3,70,0
0.380000,0.00,0.000,0.000,0,0,0.000,0,0,18.000,39.000,55.000,0,0,0,0,0,0,0,0,0,0,0,144,0,3,70,0
0.385000,0.00,0.000,0.000,0,0,0.000,0,0,18.000,39.000,55.000,0,0,0,0,0,0,0,0,0,0,0,144,0,3,70,0
0.390000,0.00,0.000,0.000,0,0,0.000,0,0,18.000,39.000,55.000,0,0,0,0,0,0,0,0,0,0,0,144,0,3,70,0
0.395000,0.00,0.000,0.000,0,0,0.000,0,0,18.000,39.000,55.000,0,0,0,0,0,0,0,0,0,0,0,144,0,3,70,0
0.400000,0.00,0.000,0.000,0,0,0.000,0,0,18.000,39.000,55.000,0,0,0,0,0,0,0,0,0,0,0,144,0,3,70,0
0.405000,0.00,0.000,0.000,0,0,0.000,0,0,18.000,39.000,55.000,0,0,0,0,0,0,0,0,0,0,0,144,0,3,70,0
0.410000,0.00,0.000,0.000,0,0,0.000,0,0,18.000,39.000,55.000,0,0,0,0,0,0,0,0,0,0,0,144,0,3,70,0
0.415000,0.00,0.000,0.000,0,0,0.000,0,0,18.000,39.000,55.000,0,0,0,0,0,0,0,0,0,0,0,144,0,3,70,0
0.420000,0.00,0.000,0.000,0,0,0.000,0,0,18.000,39.000,55.000,0,0,0,0,0,0,0,0,0,0,0,144,0,3,70,0
0.425000,0.00,0.000,0.000,0,0,0.000,0,0,18.000,39.000,55.000,0,0,0,0,0,0,0,0,0,0,0,144,0,3,70,0
0.430000,0.00,0.000,0.000,0,0,0.000,0,0,18.000,39.000,55.000,0,0,0,0,0,0,0,0,0,0,0,144,0,3,70,0
0.435000,0.00,0.000,0.000,0,0,0.000,0,0,18.000,39.000,55.000,0,0,0,0,0,0,0,0,0,0,0,144,0,3,70,0
0.440000,0.00,0.000,0.000,0,0,0.000,0,0,18.000,39.000,55.000,0,0,0,0,0,0,0,0,0,0,0,144,0,3,70,0
0.445000,0.00,0.000,0.000,0,0,0.000,0,0,18.000,39.000,55.000,0,0,0,0,0,0,0,0,0,0,0,144,0,3,70,0
0.450000,0.00,0.000,0.000,0,0,0.000,0,0,18.000,39.000,55.000,0,0,0,0,0,0,0,0,0,0,0,144,0,3,70,0
0.455000,0.00,0.000,0.000,0,0,0.000,0,0,18.000,39.000,55.000,0,0,0,0,0,0,0,0,0,0,0,144,0,3,70,0
0.460000,0.00,0.000,0.000,0,0,0.000,0,0,18.000,39.000,55.000,0,0,0,0,0,0,0,0,0,0,0,144,0,3,70,0
0.465000,0.00,0.000,0.000,0,0,0.000,0,0,18.000,39.000,55.000,0,0,0,0,0,0,0,0,0,0,0,144,0,3,70,0
0.470000,0.00,0.000,0.000,0,0,0.000,0,0,18.000,39.000,55.000,0,0,0,0,0,0,0,0,0,0,0,144,0,3,70,0
0.475000,0.00,0.000,0.000,0,0,0.000,0,0,18.000,39.000,55.000,0,0,0,0,0,0,0,0,0,0,0,144,0,3,70,0
0.480000,0.00,0.000,0.000,0,0,0.000,0,0,18.000,39.000,55.000,0,0,0,0,0,0,0,0,0,0,0,144,0,3,70,0
0.485000,0.00,0.000,0.000,0,0,0.000,0,0,18.000,39.000,55.000,0,0,0,0,0,0,0,0,0,0,0,144,0,3,70,0
0.490000,0.00,0.000,0.000,0,0,0.000,0,0,18.000,39.000,55.000,0,0,0,0,0,0,0,0,0,0,0,144,0,3,70,0
0.495000,0.00,0.000,0.000,0,0,0.000,0,0,18.000,39.000,55.000,0,0,0,0,0,0,0,0,0,0,0,144,0,3,70,0
0.500000,0.06,28.029,16.820,2,0,40.000,0,0,18.000,39.000,55.000,0,0,0,0,0,0,0,0,0,0,0,16,0,3,70,1
0.505000,1.26,28.603,17.150,47,1,40.000,0,0,18.000,39.000,55.000,0,0,0,0,0,0,0,0,0,0,0,16,0,3,70,1
0.510000,2.46,29.177,17.480,87,4,40.000,0,0,18.000,39.000,55.000,0,0,0,0,0,0,0,0,0,0,0,16,0,3,70,1
0.515000,3.66,29.748,17.860,122,8,40.000,0,0,18.000,39.000,55.000,0,0,0,0,0,0,0,0,0,0,0,16,0,3,70,1
0.520000,4.86,30.317,18.180,153,13,40.000,0,0,18.000,39.000,55.000,0,0,0,0,0,0,0,0,0,0,0,16,0,3,70,1
0.525000,6.06,30.882,18.510,181,20,40.000,0,0,18.000,39.000,55.000,0,0,0,0,0,0,0,0,0,0,0,16,0,3,70,1
0.530000,7.26,31.442,18.840,207,27,40.000,0,0,18.000,39.000,55.000,0,0,0,0,0,0,0,0,0,0,0,16,0,3,70,1
0.535000,8.46,31.997,19.160,229,34,40.000,0,0,18.000,39.000,55.000,0,0,0,93,14,14,0,0,0,0,0,16,0,3,30,1
0.540000,9.66,32.545,19.540,249,43,40.000,0,0,18.000,39.000,55.000,0,0,0,99,19,19,0,0,0,0,0,16,0,3,30,1
0.545000,10.86,33.085,19.870,268,52,40.000,0,0,18.000,39.000,55.000,0,0,0,105,24,24,0,0,0,0,0,16,0,3,30,1
0.550000,12.06,33.617,20.140,285,274,40.000,0,0,18.000,39.000,55.000,0,0,0,260,369,369,369,369,369,12,1,0,0,3,30,1
0.555000,13.26,34.140,20.470,300,275,40.000,0,0,18.000,39.000,55.000,0,0,0,260,371,371,371,371,371,29,1,0,0,3,30,1
0.560000,14.46,34.653,20.790,314,276,40.000,0,0,18.000,39.000,55.000,0,0,0,260,372,372,372,372,372,46,1,0,0,3,30,1
0.565000,15.66,35.154,21.070,327,278,40.000,0,0,18.000,39.000,55.000,0,0,0,260,376,376,376,376,376,63,1,0,0,3,30,1
0.570000,16.86,35.644,21.390,339,280,40.000,0,0,18.000,39.000,55.000,0,0,0,260,379,379,379,379,379,80,1,0,0,3,30,1
0.575000,18.06,36.122,21.670,350,283,40.000,0,0,18.000,39.000,55.000,0,0,0,260,383,383,383,383,383,97,1,0,0,3,30,1
0.580000,19.26,36.586,21.940,360,286,40.000,40,40,18.000,39.000,55.000,148,92,146,159,118,118,118,118,118,114,1,0,0,3,30,1
0.585000,20.46,37.036,22.210,370,289,40.000,40,40,18.000,39.000,55.000,150,93,150,161,121,121,121,121,121,121,1,0,0,3,30,1
0.590000,21.66,37.471,22.480,379,292,40.000,40,40,18.000,39.000,55.000,152,94,153,162,123,123,123,123,123,123,1,0,0,3,30,1
0.595000,22.86,37.891,22.750,387,296,40.000,40,40,18.000,39.000,55.000,154,95,157,164,127,127,127,127,127,127,1,0,0,3,30,1
0.600000,24.06,38.294,22.970,395,300,40.000,40,40,18.000,39.000,55.000,155,97,161,166,130,130,130,130,130,130,1,0,0,3,30,1
0.605000,25.26,38.681,23.190,402,304,40.000,40,40,18.000,39.000,55.000,157,98,166,168,134,134,134,134,134,134,1,0,0,3,30,1
0.610000,26.46,39.050,23.410,409,308,40.000,40,40,18.000,39.000,55.000,158,100,170,170,138,138,138,138,138,138,1,0,0,3,30,1
0.615000,27.66,39.401,23.620,416,312,40.000,40,40,18.000,39.000,55.000,160,101,173,170,140,140,140,140,140,140,1,0,0,3,30,1
0.620000,28.86,39.734,23.840,422,317,40.000,40,40,18.000,39.000,55.000,161,103,176,170,142,142,142,142,142,142,1,0,0,3,30,1
0.625000,30.06,40.047,24.000,428,321,40.000,40,40,18.000,39.000,55.000,162,105,179,171,145,145,145,145,145,145,1,0,0,3,30,1
0.630000,31.26,40.341,24.220,433,325,40.000,40,40,18.000,39.000,55.000,164,106,182,171,147,147,147,147,147,147,1,0,0,3,30,1
0.635000,32.46,40.614,24.380,438,330,40.000,40,40,18.000,39.000,55.000,165,108,186,172,151,151,151,151,151,151,1,0,0,3,30,1
0.640000,33.66,40.867,24.490,443,334,40.000,40,40,18.000,39.000,55.000,165,109,189,172,153,153,153,153,153,153,1,0,0,3,30,1
0.645000,34.86,41.099,24.660,448,339,40.000,40,40,18.000,39.000,55.000,167,111,193,173,156,156,156,156,156,156,1,0,0,3,30,1
0.650000,36.06,41.310,24.770,452,343,40.000,40,40,18.000,39.000,55.000,167,113,197,174,159,159,159,159,159,159,1,0,0,3,30,1
0.655000,37.26,41.499,24.870,456,348,40.000,40,40,18.000,39.000,55.000,168,115,201,175,163,163,163,163,163,163,1,0,0,3,30,1
0.660000,38.46,41.666,24.980,460,352,40.000,40,40,18.000,39.000,55.000,169,116,205,176,166,166,166,166,166,166,1,0,0,3,30,1
0.665000,39.66,41.811,25.090,463,357,40.000,40,40,18.000,39.000,55.000,170,118,209,177,169,169,169,169,169,169,1,0,0,3,30,1
0.670000,40.86,41.934,25.150,467,361,40.000,40,40,18.000,39.000,55.000,170,119,212,177,171,171,171,171,171,171,1,0,0,3,30,1
0.675000,42.06,42.034,25.200,469,365,40.000,40,40,18.000,39.000,55.000,170,121,216,178,174,174,174,174,174,174,1,0,0,3,30,1
0.680000,43.26,42.112,25.260,472,370,40.000,40,40,18.000,39.000,55.000,171,123,220,179,178,178,178,178,178,178,1,0,0,3,30,1
0.685000,44.46,42.167,25.310,475,374,40.000,40,40,18.000,39.000,55.000,171,124,224,180,181,181,181,181,181,181,1,0,0,3,30,1
0.690000,45.66,42.199,25.310,477,378,40.000,40,40,18.000,39.000,55.000,171,126,229,182,185,185,185,185,185,185,1,0,0,3,30,1
0.695000,46.86,42.208,25.310,479,382,40.000,40,40,18.000,39.000,55.000,171,127,233,183,189,189,189,189,189,189,1,0,0,3,30,1
0.700000,48.06,42.194,25.310,480,386,40.000,40,40,18.000,39.000,55.000,171,129,237,184,192,192,192,192,192,192,1,0,0,3,30,1
0.705000,49.26,42.158,25.310,482,390,40.000,40,40,18.000,39.000,55.000,171,130,241,185,195,195,195,195,195,195,1,0,0,3,30,1
0.710000,50.46,42.099,25.260,483,394,40.000,40,40,18.000,39.000,55.000,171,132,245,186,198,198,198,198,198,198,1,0,0,3,30,1
0.715000,51.66,42.018,25.200,484,397,40.000,40,40,18.000,39.000,55.000,170,133,248,187,201,201,201,201,201,201,1,0,0,3,30,1
0.720000,52.86,41.914,25.150,484,401,40.000,40,40,18.000,39.000,55.000,170,134,253,188,204,204,204,204,204,204,1,0,0,3,30,1
0.725000,54.06,41.789,25.090,485,404,40.000,40,40,18.000,39.000,55.000,170,135,256,189,207,207,207,207,207,207,1,0,0,3,30,1
0.730000,55.26,41.641,24.980,485,407,40.000,40,40,18.000,39.000,55.000,169,136,260,190,210,210,210,210,210,210,1,0,0,3,30,1
0.735000,56.46,41.472,24.870,485,411,40.000,40,40,18.000,39.000,55.000,168,138,264,191,213,213,213,213,213,213,1,0,0,3,30,1
0.740000,57.66,41.282,24.770,484,413,40.000,40,40,18.000,39.000,55.000,167,139,265,191,215,215,215,215,215,215,1,0,0,3,30,1
0.745000,58.86,41.071,24.660,484,416,40.000,40,40,18.000,39.000,55.000,167,140,269,192,217,217,217,217,217,217,1,0,0,3,30,1
0.750000,60.06,40.840,24.490,483,419,40.000,40,40,18.000,39.000,55.000,165,141,272,193,220,220,220,220,220,220,1,0,0,3,30,1
0.755000,61.26,40.588,24.330,482,422,40.000,40,40,18.000,39.000,55.000,164,142,276,194,223,223,223,223,223,223,1,0,0,3,30,1
0.760000,62.46,40.318,24.170,481,424,40.000,40,40,18.000,39.000,55.000,163,143,279,195,225,225,225,225,225,225,1,0,0,3,30,1
0.765000,63.66,40.028,24.000,479,426,40.000,40,40,18.000,39.000,55.000,162,143,281,196,228,228,228,228,228,228,1,0,0,3,30,1
0.770000,64.86,39.719,23.840,477,428,40.000,40,40,18.000,39.000,55.000,161,144,283,196,229,229,229,229,229,229,1,0,0,3,30,1
0.775000,66.06,39.393,23.620,475,430,40.000,40,40,18.000,39.000,55.000,160,145,286,197,231,231,231,231,231,231,1,0,0,3,30,1
0.780000,67.26,39.050,23.410,473,432,40.000,40,40,18.000,39.000,55.000,158,146,289,198,234,234,234,234,234,234,1,0,0,3,30,1
0.785000,68.46,38.690,23.190,470,434,40.000,40,40,18.000,39.000,55.000,157,146,290,198,235,235,235,235,235,235,1,0,0,3,30,1
0.790000,69.66,38.313,22.970,468,435,40.000,40,40,18.000,39.000,55.000,155,147,291,198,235,235,235,235,235,235,1,0,0,3,30,1
0.795000,70.86,37.922,22.750,465,436,40.000,40,40,18.000,39.000,55.000,154,147,293,199,237,237,237,237,237,237,1,0,0,3,30,1
0.800000,72.06,37.516,22.480,462,437,40.000,40,40,18.000,39.000,55.000,152,147,294,199,238,238,238,238,238,238,1,0,0,3,30,1
0.805000,73.26,37.096,22.260,459,438,40.000,40,40,18.000,39.000,55.000,150,148,296,200,240,240,240,240,240,240,1,0,0,3,30,1
0.810000,74.46,36.663,21.990,455,439,40.000,40,40,18.000,39.000,55.000,149,148,297,200,240,240,240,240,240,240,1,0,0,3,30,1
0.815000,75.66,36.217,21.720,451,439,40.000,40,40,18.000,39.000,55.000,147,148,297,200,240,240,240,240,240,240,1,0,0,3,30,1
0.820000,76.86,35.760,21.450,448,440,40.000,40,40,18.000,39.000,55.000,145,149,298,200,241,241,241,241,241,241,1,0,0,3,30,1
0.825000,78.06,35.292,21.180,444,440,40.000,40,40,18.000,39.000,55.000,143,149,298,200,241,241,241,241,241,241,1,0,0,3,30,1
0.830000,79.26,34.815,20.900,439,440,40.000,40,40,18.000,39.000,55.000,141,149,298,200,241,241,241,241,241,241,1,0,0,3,30,1
0.835000,80.46,34.328,20.580,435,440,40.000,40,40,18.000,39.000,55.000,139,149,298,200,241,241,241,241,241,241,1,0,0,3,30,1
0.840000,81.66,33.833,20.310,431,440,40.000,40,40,18.000,39.000,55.000,137,149,298,200,241,241,241,241,241,241,1,0,0,3,30,1
0.845000,82.86,33.331,19.980,426,440,40.000,40,40,18.000,39.000,55.000,135,149,298,200,241,241,241,241,241,241,1,0,0,3,30,1
0.850000,84.06,32.822,19.710,421,439,40.000,40,40,18.000,39.000,55.000,133,148,297,200,240,240,240,240,240,240,1,0,0,3,30,1
0.855000,85.26,32.308,19.380,416,439,40.000,40,40,18.000,39.000,55.000,131,148,297,200,240,240,240,240,240,240,1,0,0,3,30,1
0.860000,86.46,31.789,19.050,411,439,40.000,40,40,18.000,39.000,55.000,129,148,297,200,240,240,240,240,240,240,1,0,0,3,30,1
0.865000,87.66,31.266,18.730,406,438,40.000,40,40,18.000,39.000,55.000,126,148,296,200,240,240,240,240,240,240,1,0,0,3,30,1
0.870000,88.86,30.741,18.460,401,437,40.000,40,40,18.000,39.000,55.000,125,147,294,199,238,238,238,238,238,238,1,0,0,3,30,1
0.875000,90.06,30.214,18.130,396,437,40.000,40,40,18.000,39.000,55.000,122,147,294,199,238,238,238,238,238,238,1,0,0,3,30,1
0.880000,91.26,29.685,17.800,391,436,40.000,40,40,18.000,39.000,55.000,120,147,293,199,237,237,237,237,237,237,1,0,0,3,30,1
0.885000,92.46,29.157,17.480,385,435,40.000,40,40,18.000,39.000,55.000,118,147,291,198,235,235,235,235,235,235,1,0,0,3,30,1
0.890000,93.66,28.630,17.150,380,434,40.000,40,40,18.000,39.000,55.000,116,146,290,198,235,235,235,235,235,235,1,0,0,3,30,1
0.895000,94.86,28.105,16.880,374,433,40.000,40,40,18.000,39.000,55.000,114,146,289,198,234,234,234,234,234,234,1,0,0,3,30,1
0.900000,96.06,27.582,16.550,369,432,40.000,40,40,18.000,39.000,55.000,112,146,289,198,234,234,234,234,234,234,1,0,0,3,30,1
0.905000,97.26,27.063,16.230,363,430,40.000,40,40,18.000,39.000,55.000,109,145,286,197,231,231,231,231,231,231,1,0,0,3,30,1
0.910000,98.46,26.549,15.900,358,429,40.000,40,40,18.000,39.000,55.000,107,144,285,197,231,231,231,231,231,231,1,0,0,3,30,1
0.915000,99.66,26.040,15.630,352,428,40.000,40,40,18.000,39.000,55.000,105,144,283,196,229,229,229,229,229,229,1,0,0,3,30,1
0.920000,100.86,25.537,15.300,346,426,40.000,40,40,18.000,39.000,55.000,103,143,281,196,228,228,228,228,228,228,1,0,0,3,30,1
0.925000,102.06,25.042,15.030,341,424,40.000,40,40,18.000,39.000,55.000,101,143,279,195,225,225,225,225,225,225,1,0,0,3,30,1
0.930000,103.26,24.554,14.700,335,423,40.000,40,40,18.000,39.000,55.000,99,142,278,195,225,225,225,225,225,225,1,0,0,3,30,1
0.935000,104.46,24.076,14.430,330,421,40.000,40,40,18.000,39.000,55.000,97,142,275,194,223,223,223,223,223,223,1,0,0,3,30,1
0.940000,105.66,23.607,14.160,324,419,40.000,40,40,18.000,39.000,55.000,95,141,272,193,220,220,220,220,220,220,1,0,0,3,30,1
0.945000,106.86,23.149,13.890,319,417,40.000,40,40,18.000,39.000,55.000,94,140,271,193,219,219,219,219,219,219,1,0,0,3,30,1
0.950000,108.06,22.702,13.620,313,415,40.000,40,40,18.000,39.000,55.000,92,139,268,192,217,217,217,217,217,217,1,0,0,3,30,1
0.955000,109.26,22.268,13.340,308,413,40.000,40,40,18.000,39.000,55.000,90,139,265,191,215,215,215,215,215,215,1,0,0,3,30,1
0.960000,110.46,21.846,13.130,303,411,40.000,40,40,18.000,39.000,55.000,88,138,264,191,213,213,213,213,213,213,1,0,0,3,30,1
0.965000,111.66,21.437,12.850,298,409,40.000,40,40,18.000,39.000,55.000,87,137,261,190,211,211,211,211,211,211,1,0,0,3,30,1
0.970000,112.86,21.043,12.640,293,407,40.000,40,40,18.000,39.000,55.000,85,136,260,190,210,210,210,210,210,210,1,0,0,3,30,1
0.975000,114.06,20.664,12.420,288,405,40.000,40,40,18.000,39.000,55.000,84,136,257,189,208,208,208,208,208,208,1,0,0,3,30,1
0.980000,115.26,20.301,12.200,283,402,40.000,40,40,18.000,39.000,55.000,82,134,253,188,205,205,205,205,205,205,1,0,0,3,30,1
0.985000,116.46,19.953,11.980,278,400,40.000,40,40,18.000,39.000,55.000,81,134,252,188,204,204,204,204,204,204,1,0,0,3,30,1
0.990000,117.66,19.622,11.770,274,397,40.000,40,40,18.000,39.000,55.000,79,133,248,187,201,201,201,201,201,201,1,0,0,3,30,1
0.995000,118.86,19.309,11.600,269,395,40.000,40,40,18.000,39.000,55.000,78,132,246,186,199,199,199,199,199,199,1,0,0,3,30,1
1.000000,120.06,19.014,11.380,265,392,40.000,40,40,18.000,39.000,55.000,77,131,242,185,196,196,196,196,196,197,1,0,0,3,30,1
1.005000,121.26,18.736,11.220,261,390,40.000,40,40,18.000,39.000,55.000,76,130,241,185,195,195,195,195,195,195,1,0,0,3,30,1
1.010000,122.46,18.478,11.060,257,387,40.000,40,40,18.000,39.000,55.000,74,129,238,184,192,192,192,192,192,192,1,0,0,3,30,1
1.015000,123.66,18.239,10.950,253,385,40.000,40,40,18.000,39.000,55.000,74,128,235,183,190,190,190,190,190,190,1,0,0,3,30,1
1.020000,124.86,18.019,10.790,249,382,40.000,40,40,18.000,39.000,55.000,73,127,233,183,189,189,189,189,189,189,1,0,0,3,30,1
1.025000,126.06,17.819,10.680,246,380,40.000,40,40,18.000,39.000,55.000,72,126,230,182,187,187,187,187,187,187,1,0,0,3,30,1
1.030000,127.26,17.640,10.570,243,377,40.000,40,40,18.000,39.000,55.000,71,125,227,181,184,184,184,184,184,184,1,0,0,3,30,1
1.035000,128.46,17.481,10.510,240,374,40.000,40,40,18.000,39.000,55.000,71,124,224,180,181,181,181,181,181,181,1,0,0,3,30,1
1.040000,129.66,17.343,10.410,237,372,40.000,40,40,18.000,39.000,55.000,70,123,223,180,180,180,180,180,180,180,1,0,0,3,30,1
1.045000,130.86,17.225,10.350,234,369,40.000,40,40,18.000,39.000,55.000,70,122,219,179,178,178,178,178,178,178,1,0,0,3,30,1
1.050000,132.06,17.129,10.300,231,366,40.000,40,40,18.000,39.000,55.000,69,121,217,179,176,176,176,176,176,176,1,0,0,3,30,1
1.055000,133.26,17.055,10.240,229,364,40.000,40,40,18.000,39.000,55.000,69,121,215,178,174,174,174,174,174,174,1,0,0,3,30,1
1.060000,134.46,17.001,10.190,227,361,40.000,40,40,18.000,39.000,55.000,69,119,212,177,171,171,171,171,171,171,1,0,0,3,30,1
1.065000,135.66,16.969,10.190,225,358,40.000,40,40,18.000,39.000,55.000,69,118,210,177,170,170,170,170,170,170,1,0,0,3,30,1
1.070000,136.86,16.958,10.190,224,356,40.000,40,40,18.000,39.000,55.000,69,118,207,176,168,168,168,168,168,168,1,0,0,3,30,1
1.075000,138.06,16.969,10.190,222,353,40.000,40,40,18.000,39.000,55.000,69,116,205,176,166,166,166,166,166,166,1,0,0,3,30,1
1.080000,139.26,17.001,10.190,221,351,40.000,40,40,18.000,39.000,55.000,69,116,203,175,164,164,164,164,164,164,1,0,0,3,30,1
1.085000,140.46,17.054,10.240,220,348,40.000,40,40,18.000,39.000,55.000,69,115,201,175,163,163,163,163,163,163,1,0,0,3,30,1
1.090000,141.66,17.128,10.300,219,345,40.000,40,40,18.000,39.000,55.000,69,113,198,174,160,160,160,160,160,160,1,0,0,3,30,1
1.095000,142.86,17.224,10.350,219,343,40.000,40,40,18.000,39.000,55.000,70,113,197,174,159,159,159,159,159,159,1,0,0,3,30,1
1.100000,144.06,17.340,10.410,219,341,40.000,40,40,18.000,39.000,55.000,70,112,194,173,157,157,157,157,157,157,1,0,0,3,30,1
1.105000,145.26,17.476,10.460,218,338,40.000,40,40,18.000,39.000,55.000,70,111,192,173,156,156,156,156,156,156,1,0,0,3,30,1
1.110000,146.46,17.632,10.570,219,336,40.000,40,40,18.000,39.000,55.000,71,110,191,173,154,154,154,154,154,154,1,0,0,3,30,1
1.115000,147.66,17.809,10.680,219,334,40.000,40,40,18.000,39.000,55.000,72,109,189,172,153,153,153,153,153,153,1,0,0,3,30,1
1.120000,148.86,18.004,10.790,219,331,40.000,40,40,18.000,39.000,55.000,73,108,187,172,151,151,151,151,151,151,1,0,0,3,30,1
1.125000,150.06,18.219,10.950,220,329,40.000,40,40,18.000,39.000,55.000,74,108,185,172,150,150,150,150,150,150,1,0,0,3,30,1
1.130000,151.26,18.453,11.060,221,327,40.000,40,40,18.000,39.000,55.000,74,107,183,171,148,148,148,148,148,148,1,0,0,3,30,1
1.135000,152.46,18.704,11.220,222,325,40.000,40,40,18.000,39.000,55.000,76,106,182,171,147,147,147,147,147,147,1,0,0,3,30,1
1.140000,153.66,18.974,11.380,224,323,40.000,40,40,18.000,39.000,55.000,77,105,181,171,146,146,146,146,146,146,1,0,0,3,30,1
1.145000,154.86,19.260,11.550,226,321,40.000,40,40,18.000,39.000,55.000,78,105,179,171,145,145,145,145,145,145,1,0,0,3,30,1
1.150000,156.06,19.563,11.710,227,319,40.000,40,40,18.000,39.000,55.000,79,104,177,170,143,143,143,143,143,143,1,0,0,3,30,1
1.155000,157.26,19.882,11.930,229,318,40.000,40,40,18.000,39.000,55.000,80,104,176,170,143,143,143,143,143,143,1,0,0,3,30,1
1.160000,158.46,20.216,12.150,232,316,40.000,40,40,18.000,39.000,55.000,82,103,175,170,142,142,142,142,142,142,1,0,0,3,30,1
1.165000,159.66,20.565,12.360,234,314,40.000,40,40,18.000,39.000,55.000,83,102,174,170,141,141,141,141,141,141,1,0,0,3,30,1
1.170000,160.86,20.929,12.530,237,313,40.000,40,40,18.000,39.000,55.000,84,102,173,170,140,140,140,140,140,140,1,0,0,3,30,1
1.175000,162.06,21.305,12.800,240,311,40.000,40,40,18.000,39.000,55.000,86,101,172,170,139,139,139,139,139,139,1,0,0,3,30,1
1.180000,163.26,21.694,13.020,243,310,40.000,40,40,18.000,39.000,55.000,88,101,171,170,139,139,139,139,139,139,1,0,0,3,30,1
1.185000,164.46,22.096,13.230,246,309,40.000,40,40,18.000,39.000,55.000,89,100,171,170,138,138,138,138,138,138,1,0,0,3,30,1
1.190000,165.66,22.508,13.510,250,308,40.000,40,40,18.000,39.000,55.000,91,100,170,170,138,138,138,138,138,138,1,0,0,3,30,1
1.195000,166.86,22.930,13.720,253,306,40.000,40,40,18.000,39.000,55.000,92,99,168,169,136,136,136,136,136,136,1,0,0,3,30,1
1.200000,168.06,23.363,14.000,257,305,40.000,40,40,18.000,39.000,55.000,94,99,166,168,135,135,135,135,135,135,1,0,0,3,30,1
1.205000,169.26,23.804,14.270,261,305,40.000,40,40,18.000,39.000,55.000,96,99,166,168,135,135,135,135,135,135,1,0,0,3,30,1
1.210000,170.46,24.252,14.540,265,304,40.000,40,40,18.000,39.000,55.000,98,98,166,168,134,134,134,134,134,134,1,0,0,3,30,1
1.215000,171.66,24.708,14.810,269,303,40.000,40,40,18.000,39.000,55.000,100,98,164,167,133,133,133,133,133,133,1,0,0,3,30,1
1.220000,172.86,25.170,15.080,273,302,40.000,40,40,18.000,39.000,55.000,102,98,163,167,132,132,132,132,132,132,1,0,0,3,30,1
1.225000,174.06,25.638,15.360,277,302,40.000,40,40,18.000,39.000,55.000,104,98,163,167,132,132,132,132,132,132,1,0,0,3,30,1
1.230000,175.26,26.110,15.680,282,302,40.000,40,40,18.000,39.000,55.000,106,98,163,167,132,132,132,132,132,132,1,0,0,3,30,1
1.235000,176.46,26.585,15.950,286,301,40.000,40,40,18.000,39.000,55.000,108,97,162,166,131,131,131,131,131,131,1,0,0,3,30,1
1.240000,177.66,27.063,16.230,291,301,40.000,40,40,18.000,39.000,55.000,109,97,162,166,131,131,131,131,131,131,1,0,0,3,30,1
1.245000,178.86,27.543,16.500,296,301,40.000,40,40,18.000,39.000,55.000,111,97,162,166,131,131,131,131,131,131,1,0,0,3,30,1
1.250000,180.06,28.024,16.820,301,301,40.000,40,40,18.000,39.000,55.000,113,97,162,166,131,131,131,131,131,131,1,0,0,3,30,1
1.255000,181.26,28.505,17.100,306,301,40.000,40,40,18.000,39.000,55.000,115,97,162,166,131,131,131,131,131,131,1,0,0,3,30,1
1.260000,182.46,28.984,17.370,311,301,40.000,40,40,18.000,39.000,55.000,117,97,162,166,131,131,131,131,131,131,1,0,0,3,30,1
1.265000,183.66,29.462,17.690,316,302,40.000,40,40,18.000,39.000,55.000,119,98,163,167,132,132,132,132,132,132,1,0,0,3,30,1
1.270000,184.86,29.938,17.970,321,302,40.000,40,40,18.000,39.000,55.000,121,98,163,167,132,132,132,132,132,132,1,0,0,3,30,1
1.275000,186.06,30.409,18.240,326,303,40.000,40,40,18.000,39.000,55.000,123,98,164,167,133,133,133,133,133,133,1,0,0,3,30,1
1.280000,187.26,30.876,18.510,331,304,40.000,40,40,18.000,39.000,55.000,125,98,166,168,134,134,134,134,134,134,1,0,0,3,30,1
1.285000,188.46,31.338,18.780,336,305,40.000,40,40,18.000,39.000,55.000,127,99,166,168,135,135,135,135,135,135,1,0,0,3,30,1
1.290000,189.66,31.793,19.050,341,307,40.000,40,40,18.000,39.000,55.000,129,100,170,170,137,137,137,137,137,137,1,0,0,3,30,1
1.295000,190.86,32.241,19.330,346,308,40.000,40,40,18.000,39.000,55.000,130,100,170,170,138,138,138,138,138,138,1,0,0,3,30,1
1.300000,192.06,32.681,19.600,351,310,40.000,40,40,18.000,39.000,55.000,132,101,171,170,139,139,139,139,139,139,1,0,0,3,30,1
1.305000,193.26,33.112,19.870,356,311,40.000,40,40,18.000,39.000,55.000,134,101,172,170,139,139,139,139,139,139,1,0,0,3,30,1
1.310000,194.46,33.534,20.090,361,313,40.000,40,40,18.000,39.000,55.000,136,102,173,170,140,140,140,140,140,140,1,0,0,3,30,1
1.315000,195.66,33.945,20.360,366,315,40.000,40,40,18.000,39.000,55.000,137,102,174,170,141,141,141,141,141,141,1,0,0,3,30,1
1.320000,196.86,34.345,20.580,371,317,40.000,40,40,18.000,39.000,55.000,139,103,176,170,142,142,142,142,142,142,1,0,0,3,30,1
1.325000,198.06,34.733,20.850,375,320,40.000,40,40,18.000,39.000,55.000,141,104,178,170,144,144,144,144,144,144,1,0,0,3,30,1
1.330000,199.26,35.108,21.070,380,322,40.000,40,40,18.000,39.000,55.000,142,105,180,171,146,146,146,146,146,146,1,0,0,3,30,1
1.335000,200.46,35.470,21.280,385,325,40.000,40,40,18.000,39.000,55.000,144,106,182,171,147,147,147,147,147,147,1,0,0,3,30,1
1.340000,201.66,35.818,21.500,389,327,40.000,40,40,18.000,39.000,55.000,145,107,183,171,148,148,148,148,148,148,1,0,0,3,30,1
1.345000,202.86,36.151,21.670,394,330,40.000,40,40,18.000,39.000,55.000,146,108,186,172,151,151,151,151,151,151,1,0,0,3,30,1
1.350000,204.06,36.468,21.880,398,332,40.000,40,40,18.000,39.000,55.000,148,109,187,172,152,152,152,152,152,152,1,0,0,3,30,1
1.355000,205.26,36.769,22.050,402,335,40.000,40,40,18.000,39.000,55.000,149,110,190,173,154,154,154,154,154,154,1,0,0,3,30,1
1.360000,206.46,37.054,22.210,406,338,40.000,40,40,18.000,39.000,55.000,150,111,192,173,156,156,156,156,156,156,1,0,0,3,30,1
1.365000,207.66,37.322,22.370,410,341,40.000,40,40,18.000,39.000,55.000,151,112,194,173,157,157,157,157,157,157,1,0,0,3,30,1
1.370000,208.86,37.571,22.540,414,344,40.000,40,40,18.000,39.000,55.000,152,113,197,174,160,160,160,160,160,160,1,0,0,3,30,1
1.375000,210.06,37.803,22.700,418,346,40.000,40,40,18.000,39.000,55.000,153,114,199,174,161,161,161,161,161,161,1,0,0,3,30,1
1.380000,211.26,38.016,22.810,421,349,40.000,40,40,18.000,39.000,55.000,154,115,202,175,163,163,163,163,163,163,1,0,0,3,30,1
1.385000,212.46,38.210,22.920,424,352,40.000,40,40,18.000,39.000,55.000,155,116,205,176,166,166,166,166,166,166,1,0,0,3,30,1
1.390000,213.66,38.384,23.030,428,355,40.000,40,40,18.000,39.000,55.000,156,117,207,176,167,167,167,167,167,167,1,0,0,3,30,1
1.395000,214.86,38.539,23.130,430,358,40.000,40,40,18.000,39.000,55.000,156,118,210,177,170,170,170,170,170,170,1,0,0,3,30,1
1.400000,216.06,38.673,23.190,433,361,40.000,40,40,18.000,39.000,55.000,157,119,212,177,171,171,171,171,171,171,1,0,0,3,30,1
1.405000,217.26,38.787,23.300,436,364,40.000,40,40,18.000,39.000,55.000,157,121,215,178,174,174,174,174,174,174,1,0,0,3,30,1
1.410000,218.46,38.880,23.300,438,367,40.000,40,40,18.000,39.000,55.000,157,122,218,179,176,176,176,176,176,176,1,0,0,3,30,1
1.415000,219.66,38.952,23.350,440,370,40.000,40,40,18.000,39.000,55.000,158,123,220,179,178,178,178,178,178,178,1,0,0,3,30,1
1.420000,220.86,39.003,23.410,442,373,40.000,40,40,18.000,39.000,55.000,158,124,223,180,181,181,181,181,181,181,1,0,0,3,30,1
1.425000,222.06,39.033,23.410,444,376,40.000,40,40,18.000,39.000,55.000,158,125,227,181,183,183,183,183,183,183,1,0,0,3,30,1
1.430000,223.26,39.042,23.410,446,379,40.000,40,40,18.000,39.000,55.000,158,126,230,182,186,186,186,186,186,186,1,0,0,3,30,1
1.435000,224.46,39.029,23.410,447,381,40.000,40,40,18.000,39.000,55.000,158,127,231,182,187,187,187,187,187,187,1,0,0,3,30,1
1.440000,225.66,38.995,23.410,448,384,40.000,40,40,18.000,39.000,55.000,158,128,234,183,190,190,190,190,190,190,1,0,0,3,30,1
1.445000,226.86,38.939,23.350,449,387,40.000,40,40,18.000,39.000,55.000,158,129,238,184,192,192,192,192,192,192,1,0,0,3,30,1
1.450000,228.06,38.862,23.300,450,389,40.000,40,40,18.000,39.000,55.000,157,130,239,184,194,194,194,194,194,194,1,0,0,3,30,1
1.455000,229.26,38.764,23.240,450,392,40.000,40,40,18.000,39.000,55.000,157,131,242,185,196,196,196,196,196,196,1,0,0,3,30,1
1.460000,230.46,38.644,23.190,451,394,40.000,40,40,18.000,39.000,55.000,157,132,245,186,198,198,198,198,198,198,1,0,0,3,30,1
1.465000,231.66,38.504,23.080,451,396,40.000,40,40,18.000,39.000,55.000,156,132,247,186,200,200,200,200,200,200,1,0,0,3,30,1
1.470000,232.86,38.343,23.030,451,398,40.000,40,40,18.000,39.000,55.000,156,133,249,187,202,202,202,202,202,202,1,0,0,3,30,1
1.475000,234.06,38.162,22.920,450,401,40.000,40,40,18.000,39.000,55.000,155,134,253,188,204,204,204,204,204,204,1,0,0,3,30,1
1.480000,235.26,37.960,22.750,450,403,40.000,40,40,18.000,39.000,55.000,154,135,254,188,206,206,206,206,206,206,1,0,0,3,30,1
1.485000,236.46,37.738,22.640,449,404,40.000,40,40,18.000,39.000,55.000,153,135,256,189,207,207,207,207,207,207,1,0,0,3,30,1
1.490000,237.66,37.497,22.480,448,406,40.000,40,40,18.000,39.000,55.000,152,136,257,189,208,208,208,208,208,208,1,0,0,3,30,1
1.495000,238.86,37.237,22.320,446,408,40.000,40,40,18.000,39.000,55.000,151,137,260,190,211,211,211,211,211,211,1,0,0,3,30,1
1.500000,240.06,36.958,22.150,445,409,40.000,40,40,18.000,39.000,55.000,150,137,261,190,211,211,211,211,211,211,1,0,0,3,30,1
1.505000,241.26,36.660,21.990,443,411,40.000,40,40,18.000,39.000,55.000,149,138,264,191,213,213,213,213,213,213,1,0,0,3,30,1
1.510000,242.46,36.345,21.770,441,412,40.000,40,40,18.000,39.000,55.000,147,138,264,191,214,214,214,214,214,214,1,0,0,3,30,1
1.515000,243.66,36.013,21.610,439,413,40.000,40,40,18.000,39.000,55.000,146,139,265,191,215,215,215,215,215,215,1,0,0,3,30,1
1.520000,244.86,35.664,21.390,437,414,40.000,40,40,18.000,39.000,55.000,144,139,267,192,216,216,216,216,216,216,1,0,0,3,30,1
1.525000,246.06,35.299,21.180,434,415,40.000,40,40,18.000,39.000,55.000,143,139,268,192,217,217,217,217,217,217,1,0,0,3,30,1
1.530000,247.26,34.918,20.960,431,416,40.000,40,40,18.000,39.000,55.000,142,140,269,192,217,217,217,217,217,217,1,0,0,3,30,1
1.535000,248.46,34.522,20.690,428,416,40.000,40,40,18.000,39.000,55.000,140,140,269,192,217,217,217,217,217,217,1,0,0,3,30,1
1.540000,249.66,34.113,20.470,425,416,40.000,40,40,18.000,39.000,55.000,138,140,269,192,217,217,217,217,217,217,1,0,0,3,30,1
1.545000,250.86,33.690,20.200,422,417,40.000,40,40,18.000,39.000,55.000,136,140,271,193,219,219,219,219,219,219,1,0,0,3,30,1
1.550000,252.06,33.254,19.920,418,417,40.000,40,40,18.000,39.000,55.000,134,140,271,193,219,219,219,219,219,219,1,0,0,3,30,1
1.555000,253.26,32.806,19.710,414,417,40.000,40,40,18.000,39.000,55.000,133,140,271,193,219,219,219,219,219,219,1,0,0,3,30,1
1.560000,254.46,32.346,19.380,410,417,40.000,40,40,18.000,39.000,55.000,131,140,271,193,219,219,219,219,219,219,1,0,0,3,30,1
1.565000,255.66,31.877,19.110,406,417,40.000,40,40,18.000,39.000,55.000,129,140,271,193,219,219,219,219,219,219,1,0,0,3,30,1
1.570000,256.86,31.397,18.840,402,416,40.000,40,40,18.000,39.000,55.000,127,140,269,192,217,217,217,217,217,217,1,0,0,3,30,1
1.575000,258.06,30.909,18.560,398,416,40.000,40,40,18.000,39.000,55.000,125,140,269,192,217,217,217,217,217,217,1,0,0,3,30,1
1.580000,259.26,30.413,18.240,393,416,40.000,40,40,18.000,39.000,55.000,123,140,269,192,217,217,217,217,217,217,1,0,0,3,30,1
1.585000,260.46,29.910,17.970,389,415,40.000,40,40,18.000,39.000,55.000,121,139,268,192,217,217,217,217,217,217,1,0,0,3,30,1
1.590000,261.66,29.400,17.640,384,415,40.000,40,40,18.000,39.000,55.000,119,139,268,192,217,217,217,217,217,217,1,0,0,3,30,1
1.595000,262.86,28.885,17.310,379,414,40.000,40,40,18.000,39.000,55.000,117,139,267,192,216,216,216,216,216,216,1,0,0,3,30,1
1.600000,264.06,28.366,16.990,374,413,40.000,40,40,18.000,39.000,55.000,115,139,265,191,215,215,215,215,215,215,1,0,0,3,30,1
1.605000,265.26,27.843,16.720,369,413,40.000,40,40,18.000,39.000,55.000,113,139,265,191,215,215,215,215,215,215,1,0,0,3,30,1
1.610000,266.46,27.317,16.390,364,412,40.000,40,40,18.000,39.000,55.000,111,138,264,191,214,214,214,214,214,214,1,0,0,3,30,1
1.615000,267.66,26.790,16.060,358,411,40.000,40,40,18.000,39.000,55.000,108,138,264,191,213,213,213,213,213,213,1,0,0,3,30,1
1.620000,268.86,26.262,15.740,353,410,40.000,40,40,18.000,39.000,55.000,106,137,263,191,213,213,213,213,213,213,1,0,0,3,30,1
1.625000,270.06,25.734,15.460,348,409,40.000,40,40,18.000,39.000,55.000,104,137,261,190,211,211,211,211,211,211,1,0,0,3,30,1
1.630000,271.26,25.207,15.140,342,407,40.000,40,40,18.000,39.000,55.000,102,136,260,190,210,210,210,210,210,210,1,0,0,3,30,1
1.635000,272.46,24.681,14.810,337,406,40.000,40,40,18.000,39.000,55.000,100,136,257,189,208,208,208,208,208,208,1,0,0,3,30,1
1.640000,273.66,24.159,14.490,331,405,40.000,40,40,18.000,39.000,55.000,98,136,257,189,208,208,208,208,208,208,1,0,0,3,30,1
1.645000,274.86,23.641,14.160,325,403,40.000,40,40,18.000,39.000,55.000,95,135,254,188,206,206,206,206,206,206,1,0,0,3,30,1
1.650000,276.06,23.127,13.890,320,402,40.000,40,40,18.000,39.000,55.000,94,134,253,188,205,205,205,205,205,205,1,0,0,3,30,1
1.655000,277.26,22.619,13.560,314,400,40.000,40,40,18.000,39.000,55.000,91,134,252,188,204,204,204,204,204,204,1,0,0,3,30,1
1.660000,278.46,22.117,13.290,309,398,40.000,40,40,18.000,39.000,55.000,90,133,249,187,202,202,202,202,202,202,1,0,0,3,30,1
1.665000,279.66,21.623,12.960,303,396,40.000,40,40,18.000,39.000,55.000,87,132,247,186,200,200,200,200,200,200,1,0,0,3,30,1
1.670000,280.86,21.137,12.690,298,395,40.000,40,40,18.000,39.000,55.000,85,132,246,186,199,199,199,199,199,199,1,0,0,3,30,1
1.675000,282.06,20.660,12.360,292,393,40.000,40,40,18.000,39.000,55.000,83,131,245,186,198,198,198,198,198,198,1,0,0,3,30,1
1.680000,283.26,20.194,12.090,287,391,40.000,40,40,18.000,39.000,55.000,81,130,242,185,196,196,196,196,196,196,1,0,0,3,30,1
1.685000,284.46,19.738,11.820,281,389,40.000,40,40,18.000,39.000,55.000,80,130,239,184,194,194,194,194,194,194,1,0,0,3,30,1
1.690000,285.66,19.293,11.550,276,386,40.000,40,40,18.000,39.000,55.000,78,129,237,184,192,192,192,192,192,192,1,0,0,3,30,1
1.695000,286.86,18.862,11.330,270,384,40.000,40,40,18.000,39.000,55.000,76,128,234,183,190,190,190,190,190,190,1,0,0,3,30,1
1.700000,288.06,18.443,11.060,265,382,40.000,40,40,18.000,39.000,55.000,74,127,233,183,189,189,189,189,189,189,1,0,0,3,30,1
1.705000,289.26,18.038,10.840,260,380,40.000,40,40,18.000,39.000,55.000,73,126,230,182,187,187,187,187,187,187,1,0,0,3,30,1
1.710000,290.46,17.648,10.570,255,377,40.000,40,40,18.000,39.000,55.000,71,125,227,181,184,184,184,184,184,184,1,0,0,3,30,1
1.715000,291.66,17.274,10.350,250,375,40.000,40,40,18.000,39.000,55.000,70,125,226,181,183,183,183,183,183,183,1,0,0,3,30,1
1.720000,292.86,16.915,10.130,245,372,40.000,40,40,18.000,39.000,55.000,68,123,223,180,180,180,180,180,180,180,1,0,0,3,30,1
1.725000,294.06,16.573,9.920,241,370,40.000,40,40,18.000,39.000,55.000,67,123,220,179,178,178,178,178,178,178,1,0,0,3,30,1
1.730000,295.26,16.249,9.750,236,367,40.000,40,40,18.000,39.000,55.000,66,122,218,179,176,176,176,176,176,176,1,0,0,3,30,1
1.735000,296.46,15.942,9.540,232,365,40.000,40,40,18.000,39.000,55.000,64,121,216,178,174,174,174,174,174,174,1,0,0,3,30,1
1.740000,297.66,15.654,9.370,228,362,40.000,40,40,18.000,39.000,55.000,63,120,214,178,173,173,173,173,173,173,1,0,0,3,30,1
1.745000,298.86,15.386,9.210,223,359,40.000,40,40,18.000,39.000,55.000,62,119,210,177,170,170,170,170,170,170,1,0,0,3,30,1
1.750000,300.06,15.136,9.100,220,357,40.000,40,40,18.000,39.000,55.000,61,118,209,177,169,169,169,169,169,169,1,0,0,3,30,1
1.755000,301.26,14.907,8.940,216,354,40.000,40,40,18.000,39.000,55.000,60,117,206,176,167,167,167,167,167,167,1,0,0,3,30,1
1.760000,302.46,14.698,8.830,212,351,40.000,40,40,18.000,39.000,55.000,59,116,203,175,164,164,164,164,164,164,1,0,0,3,30,1
1.765000,303.66,14.510,8.720,209,348,40.000,40,40,18.000,39.000,55.000,59,115,201,175,163,163,163,163,163,163,1,0,0,3,30,1
1.770000,304.86,14.343,8.610,206,346,40.000,40,40,18.000,39.000,55.000,58,114,199,174,161,161,161,161,161,161,1,0,0,3,30,1
1.775000,306.06,14.198,8.500,203,343,40.000,40,40,18.000,39.000,55.000,57,113,197,174,159,159,159,159,159,159,1,0,0,3,30,1
1.780000,307.26,14.074,8.450,200,340,40.000,40,40,18.000,39.000,55.000,57,112,194,173,157,157,157,157,157,157,1,0,0,3,30,1
1.785000,308.46,13.973,8.390,197,337,40.000,40,40,18.000,39.000,55.000,56,111,192,173,155,155,155,155,155,155,1,0,0,3,30,1
1.790000,309.66,13.894,8.340,195,335,40.000,40,40,18.000,39.000,55.000,56,110,190,173,154,154,154,154,154,154,1,0,0,3,30,1
1.795000,310.86,13.837,8.280,193,332,40.000,40,40,18.000,39.000,55.000,56,109,187,172,152,152,152,152,152,152,1,0,0,3,30,1
1.800000,312.06,13.803,8.280,191,329,40.000,40,40,18.000,39.000,55.000,56,108,185,172,150,150,150,150,150,150,1,0,0,3,30,1
1.805000,313.26,13.792,8.280,189,326,40.000,40,40,18.000,39.000,55.000,56,106,182,171,148,148,148,148,148,148,1,0,0,3,30,1
1.810000,314.46,13.803,8.280,188,324,40.000,40,40,18.000,39.000,55.000,56,106,181,171,147,147,147,147,147,147,1,0,0,3,30,1
1.815000,315.66,13.838,8.280,186,321,40.000,40,40,18.000,39.000,55.000,56,105,179,171,145,145,145,145,145,145,1,0,0,3,30,1
1.820000,316.86,13.895,8.340,185,318,40.000,40,40,18.000,39.000,55.000,56,104,176,170,143,143,143,143,143,143,1,0,0,3,30,1
1.825000,318.06,13.975,8.390,185,316,40.000,40,40,18.000,39.000,55.000,56,103,175,170,142,142,142,142,142,142,1,0,0,3,30,1
1.830000,319.26,14.077,8.450,184,313,40.000,40,40,18.000,39.000,55.000,57,102,173,170,140,140,140,140,140,140,1,0,0,3,30,1
1.835000,320.46,14.202,8.500,184,311,40.000,40,40,18.000,39.000,55.000,57,101,172,170,139,139,139,139,139,139,1,0,0,3,30,1
1.840000,321.66,14.349,8.610,184,308,40.000,40,40,18.000,39.000,55.000,58,100,170,170,138,138,138,138,138,138,1,0,0,3,30,1
1.845000,322.86,14.519,8.720,184,306,40.000,40,40,18.000,39.000,55.000,59,99,168,169,136,136,136,136,136,136,1,0,0,3,30,1
1.850000,324.06,14.710,8.830,184,304,40.000,40,40,18.000,39.000,55.000,59,98,166,168,134,134,134,134,134,134,1,0,0,3,30,1
1.855000,325.26,14.923,8.940,185,301,40.000,40,40,18.000,39.000,55.000,60,97,162,166,131,131,131,131,131,131,1,0,0,3,30,1
1.860000,326.46,15.157,9.100,186,299,40.000,40,40,18.000,39.000,55.000,61,97,161,166,130,130,130,130,130,130,1,0,0,3,30,1
1.865000,327.66,15.412,9.260,187,297,40.000,40,40,18.000,39.000,55.000,62,96,157,164,127,127,127,127,127,127,1,0,0,3,30,1
1.870000,328.86,15.688,9.430,188,295,40.000,40,40,18.000,39.000,55.000,63,95,155,163,126,126,126,126,126,126,1,0,0,3,30,1
1.875000,330.06,15.983,9.590,190,293,40.000,40,40,18.000,39.000,55.000,64,94,154,163,125,125,125,125,125,125,1,0,0,3,30,1
1.880000,331.26,16.299,9.750,192,291,40.000,40,40,18.000,39.000,55.000,66,94,152,162,123,123,123,123,123,123,1,0,0,3,30,1
1.885000,332.46,16.633,9.970,194,289,40.000,40,40,18.000,39.000,55.000,67,93,150,161,121,121,121,121,121,121,1,0,0,3,30,1
1.890000,333.66,16.986,10.190,196,287,40.000,40,40,18.000,39.000,55.000,69,92,148,160,120,120,120,120,120,120,1,0,0,3,30,1
1.895000,334.86,17.357,10.410,199,285,40.000,40,40,18.000,39.000,55.000,70,91,146,159,118,118,118,118,118,118,1,0,0,3,30,1
1.900000,336.06,17.745,10.620,201,283,40.000,40,40,18.000,39.000,55.000,71,91,143,158,116,116,116,116,116,116,1,0,0,3,30,1
1.905000,337.26,18.150,10.900,204,282,40.000,40,40,18.000,39.000,55.000,73,90,142,157,115,115,115,115,115,115,1,0,0,3,30,1
1.910000,338.46,18.572,11.110,207,280,40.000,40,40,18.000,39.000,55.000,75,90,140,156,113,113,113,113,113,113,1,0,0,3,30,1
1.915000,339.66,19.008,11.380,211,279,40.000,40,40,18.000,39.000,55.000,77,89,139,156,113,113,113,113,113,113,1,0,0,3,30,1
1.920000,340.86,19.460,11.660,214,278,40.000,40,40,18.000,39.000,55.000,79,89,138,155,112,112,112,112,112,112,1,0,0,3,30,1
1.925000,342.06,19.925,11.930,218,277,40.000,40,40,18.000,39.000,55.000,80,88,137,155,111,111,111,111,111,111,1,0,0,3,30,1
1.930000,343.26,20.404,12.260,222,276,40.000,40,40,18.000,39.000,55.000,83,88,136,154,110,110,110,110,110,110,1,0,0,3,30,1
1.935000,344.46,20.895,12.530,226,275,40.000,40,40,18.000,39.000,55.000,84,88,135,154,110,110,110,110,110,110,1,0,0,3,30,1
1.940000,345.66,21.398,12.850,231,274,40.000,40,40,18.000,39.000,55.000,87,87,134,153,108,108,108,108,108,108,1,0,0,3,30,1
1.945000,346.86,21.912,13.130,235,273,40.000,40,40,18.000,39.000,55.000,88,87,133,153,108,108,108,108,108,108,1,0,0,3,30,1
1.950000,348.06,22.436,13.450,240,272,40.000,40,40,18.000,39.000,55.000,91,87,133,153,107,107,107,107,107,107,1,0,0,3,30,1
1.955000,349.26,22.969,13.780,245,272,40.000,40,40,18.000,39.000,55.000,93,87,133,153,107,107,107,107,107,107,1,0,0,3,30,1
1.960000,350.46,23.510,14.100,250,271,40.000,40,40,18.000,39.000,55.000,95,86,131,152,106,106,106,106,106,106,1,0,0,3,30,1
1.965000,351.66,24.059,14.430,255,271,40.000,40,40,18.000,39.000,55.000,97,86,131,152,106,106,106,106,106,106,1,0,0,3,30,1
1.970000,352.86,24.614,14.760,260,271,40.000,40,40,18.000,39.000,55.000,100,86,131,152,106,106,106,106,106,106,1,0,0,3,30,1
1.975000,354.06,25.174,15.080,265,271,40.000,40,40,18.000,39.000,55.000,102,86,131,152,106,106,106,106,106,106,1,0,0,3,30,1
1.980000,355.26,25.740,15.460,271,271,40.000,40,40,18.000,39.000,55.000,104,86,131,152,106,106,106,106,106,106,1,0,0,3,30,1
1.985000,356.46,26.309,15.790,276,271,40.000,40,40,18.000,39.000,55.000,106,86,131,152,106,106,106,106,106,106,1,0,0,3,30,1
1.990000,357.66,26.881,16.120,282,271,40.000,40,40,18.000,39.000,55.000,109,86,131,152,106,106,106,106,106,106,1,0,0,3,30,1
1.995000,358.86,27.454,16.440,288,271,40.000,40,40,18.000,39.000,55.000,111,86,131,152,106,106,106,106,106,106,1,0,0,3,30,1
2.000000,0.06,28.029,16.820,294,272,40.000,40,40,18.000,39.000,55.000,113,87,133,153,107,107,107,107,107,107,1,0,0,3,30,1
2.005000,1.26,28.603,17.150,300,273,40.000,40,40,18.000,39.000,55.000,116,87,133,153,108,108,108,108,108,108,1,0,0,3,30,1
2.010000,2.46,29.177,17.480,306,274,40.000,40,40,18.000,39.000,55.000,118,87,134,153,108,108,108,108,108,108,1,0,0,3,30,1
2.015000,3.66,29.748,17.860,312,276,40.000,40,40,18.000,39.000,55.000,121,88,136,154,110,110,110,110,110,110,1,0,0,3,30,1
2.020000,4.86,30.317,18.180,318,277,40.000,40,40,18.000,39.000,55.000,123,88,137,155,111,111,111,111,111,111,1,0,0,3,30,1
2.025000,6.06,30.882,18.510,324,279,40.000,40,40,18.000,39.000,55.000,125,89,139,156,113,113,113,113,113,113,1,0,0,3,30,1
2.030000,7.26,31.442,18.840,330,281,40.000,40,40,18.000,39.000,55.000,127,90,141,157,114,114,114,114,114,114,1,0,0,3,30,1
2.035000,8.46,31.997,19.160,336,283,40.000,40,40,18.000,39.000,55.000,129,91,143,158,116,116,116,116,116,116,1,0,0,3,30,1
2.040000,9.66,32.545,19.540,342,285,40.000,40,40,18.000,39.000,55.000,132,91,146,159,118,118,118,118,118,118,1,0,0,3,30,1
2.045000,10.86,33.085,19.870,348,288,40.000,40,40,18.000,39.000,55.000,134,92,148,160,120,120,120,120,120,120,1,0,0,3,30,1
2.050000,12.06,33.617,20.140,354,290,40.000,40,40,18.000,39.000,55.000,136,93,150,161,122,122,122,122,122,122,1,0,0,3,30,1
2.055000,13.26,34.140,20.470,360,293,40.000,40,40,18.000,39.000,55.000,138,94,154,163,125,125,125,125,125,125,1,0,0,3,30,1
2.060000,14.46,34.653,20.790,366,296,40.000,40,40,18.000,39.000,55.000,140,95,157,164,127,127,127,127,127,127,1,0,0,3,30,1
2.065000,15.66,35.154,21.070,372,299,40.000,40,40,18.000,39.000,55.000,142,97,161,166,130,130,130,130,130,130,1,0,0,3,30,1
2.070000,16.86,35.644,21.390,378,302,40.000,40,40,18.000,39.000,55.000,144,98,163,167,132,132,132,132,132,132,1,0,0,3,30,1
2.075000,18.06,36.122,21.670,384,305,40.000,40,40,18.000,39.000,55.000,146,99,166,168,135,135,135,135,135,135,1,0,0,3,30,1
2.080000,19.26,36.586,21.940,389,308,40.000,40,40,18.000,39.000,55.000,148,100,170,170,138,138,138,138,138,138,1,0,0,3,30,1
2.085000,20.46,37.036,22.210,395,312,40.000,40,40,18.000,39.000,55.000,150,101,173,170,140,140,140,140,140,140,1,0,0,3,30,1
2.090000,21.66,37.471,22.480,401,315,40.000,40,40,18.000,39.000,55.000,152,102,174,170,141,141,141,141,141,141,1,0,0,3,30,1
2.095000,22.86,37.891,22.750,406,319,40.000,40,40,18.000,39.000,55.000,154,104,177,170,143,143,143,143,143,143,1,0,0,3,30,1
2.100000,24.06,38.294,22.970,411,322,40.000,40,40,18.000,39.000,55.000,155,105,180,171,146,146,146,146,146,146,1,0,0,3,30,1
2.105000,25.26,38.681,23.190,416,326,40.000,40,40,18.000,39.000,55.000,157,106,182,171,148,148,148,148,148,148,1,0,0,3,30,1
2.110000,26.46,39.050,23.410,422,330,40.000,40,40,18.000,39.000,55.000,158,108,186,172,151,151,151,151,151,151,1,0,0,3,30,1
2.115000,27.66,39.401,23.620,426,334,40.000,40,40,18.000,39.000,55.000,160,109,189,172,153,153,153,153,153,153,1,0,0,3,30,1
2.120000,28.86,39.734,23.840,431,338,40.000,40,40,18.000,39.000,55.000,161,111,192,173,156,156,156,156,156,156,1,0,0,3,30,1
2.125000,30.06,40.047,24.000,436,341,40.000,40,40,18.000,39.000,55.000,162,112,194,173,157,157,157,157,157,157,1,0,0,3,30,1
2.130000,31.26,40.341,24.220,440,345,40.000,40,40,18.000,39.000,55.000,164,113,198,174,160,160,160,160,160,160,1,0,0,3,30,1
2.135000,32.46,40.614,24.380,444,349,40.000,40,40,18.000,39.000,55.000,165,115,202,175,163,163,163,163,163,163,1,0,0,3,30,1
2.140000,33.66,40.867,24.490,448,353,40.000,40,40,18.000,39.000,55.000,165,116,205,176,166,166,166,166,166,166,1,0,0,3,30,1
2.145000,34.86,41.099,24.660,452,357,40.000,40,40,18.000,39.000,55.000,167,118,209,177,169,169,169,169,169,169,1,0,0,3,30,1
2.150000,36.06,41.310,24.770,456,361,40.000,40,40,18.000,39.000,55.000,167,119,212,177,171,171,171,171,171,171,1,0,0,3,30,1
2.155000,37.26,41.499,24.870,460,365,40.000,40,40,18.000,39.000,55.000,168,121,216,178,174,174,174,174,174,174,1,0,0,3,30,1
2.160000,38.46,41.666,24.980,463,369,40.000,40,40,18.000,39.000,55.000,169,122,219,179,178,178,178,178,178,178,1,0,0,3,30,1
2.165000,39.66,41.811,25.090,466,373,40.000,40,40,18.000,39.000,55.000,170,124,223,180,181,181,181,181,181,181,1,0,0,3,30,1
2.170000,40.86,41.934,25.150,469,377,40.000,40,40,18.000,39.000,55.000,170,125,227,181,184,184,184,184,184,184,1,0,0,3,30,1
2.175000,42.06,42.034,25.200,471,380,40.000,40,40,18.000,39.000,55.000,170,126,230,182,187,187,187,187,187,187,1,0,0,3,30,1
2.180000,43.26,42.112,25.260,474,384,40.000,40,40,18.000,39.000,55.000,171,128,234,183,190,190,190,190,190,190,1,0,0,3,30,1
2.185000,44.46,42.167,25.310,476,388,40.000,40,40,18.000,39.000,55.000,171,129,238,184,193,193,193,193,193,193,1,0,0,3,30,1
2.190000,45.66,42.199,25.310,478,391,40.000,40,40,18.000,39.000,55.000,171,130,242,185,196,196,196,196,196,196,1,0,0,3,30,1
2.195000,46.86,42.208,25.310,480,395,40.000,40,40,18.000,39.000,55.000,171,132,246,186,199,199,199,199,199,199,1,0,0,3,30,1
2.200000,48.06,42.194,25.310,481,398,40.000,40,40,18.000,39.000,55.000,171,133,249,187,202,202,202,202,202,202,1,0,0,3,30,1
2.205000,49.26,42.158,25.310,482,402,40.000,40,40,18.000,39.000,55.000,171,134,253,188,205,205,205,205,205,205,1,0,0,3,30,1
2.210000,50.46,42.099,25.260,483,405,40.000,40,40,18.000,39.000,55.000,171,136,257,189,208,208,208,208,208,208,1,0,0,3,30,1
2.215000,51.66,42.018,25.200,484,408,40.000,40,40,18.000,39.000,55.000,170,137,260,190,211,211,211,211,211,211,1,0,0,3,30,1
2.220000,52.86,41.914,25.150,485,411,40.000,40,40,18.000,39.000,55.000,170,138,264,191,213,213,213,213,213,213,1,0,0,3,30,1
2.225000,54.06,41.789,25.090,485,414,40.000,40,40,18.000,39.000,55.000,170,139,267,192,216,216,216,216,216,216,1,0,0,3,30,1
2.230000,55.26,41.641,24.980,485,417,40.000,40,40,18.000,39.000,55.000,169,140,271,193,219,219,219,219,219,219,1,0,0,3,30,1
2.235000,56.46,41.472,24.870,485,420,40.000,40,40,18.000,39.000,55.000,168,141,274,194,222,222,222,222,222,222,1,0,0,3,30,1
2.240000,57.66,41.282,24.770,485,422,40.000,40,40,18.000,39.000,55.000,167,142,276,194,223,223,223,223,223,223,1,0,0,3,30,1
2.245000,58.86,41.071,24.660,484,425,40.000,40,40,18.000,39.000,55.000,167,143,279,195,226,226,226,226,226,226,1,0,0,3,30,1
2.250000,60.06,40.840,24.490,483,427,40.000,40,40,18.000,39.000,55.000,165,144,282,196,228,228,228,228,228,228,1,0,0,3,30,1
2.255000,61.26,40.588,24.330,482,430,40.000,40,40,18.000,39.000,55.000,164,145,286,197,231,231,231,231,231,231,1,0,0,3,30,1
2.260000,62.46,40.318,24.170,481,432,40.000,40,40,18.000,39.000,55.000,163,146,289,198,234,234,234,234,234,233,1,0,0,3,30,1
2.265000,63.66,40.028,24.000,479,434,40.000,40,40,18.000,39.000,55.000,162,146,290,198,235,235,235,235,235,235,1,0,0,3,30,1
2.270000,64.86,39.719,23.840,477,435,40.000,40,40,18.000,39.000,55.000,161,147,291,198,235,235,235,235,235,235,1,0,0,3,30,1
2.275000,66.06,39.393,23.620,475,437,40.000,40,40,18.000,39.000,55.000,160,147,294,199,238,238,238,238,238,238,1,0,0,3,30,1
2.280000,67.26,39.050,23.410,473,438,40.000,40,40,18.000,39.000,55.000,158,148,296,200,240,240,240,240,240,240,1,0,0,3,30,1
2.285000,68.46,38.690,23.190,471,440,40.000,40,40,18.000,39.000,55.000,157,149,298,200,241,241,241,241,241,241,1,0,0,3,30,1
2.290000,69.66,38.313,22.970,468,441,40.000,40,40,18.000,39.000,55.000,155,149,300,201,243,243,243,243,243,243,1,0,0,3,30,1
2.295000,70.86,37.922,22.750,465,442,40.000,40,40,18.000,39.000,55.000,154,149,300,201,243,243,243,243,243,243,1,0,0,3,30,1
2.300000,72.06,37.516,22.480,462,443,40.000,40,40,18.000,39.000,55.000,152,150,301,201,244,244,244,244,244,244,1,0,0,3,30,1
2.305000,73.26,37.096,22.260,459,443,40.000,40,40,18.000,39.000,55.000,150,150,301,201,244,244,244,244,244,244,1,0,0,3,30,1
2.310000,74.46,36.663,21.990,455,444,40.000,40,40,18.000,39.000,55.000,149,150,303,202,246,246,246,246,246,246,1,0,0,3,30,1
2.315000,75.66,36.217,21.720,451,444,40.000,40,40,18.000,39.000,55.000,147,150,303,202,246,246,246,246,246,246,1,0,0,3,30,1
2.320000,76.86,35.760,21.450,448,444,40.000,40,40,18.000,39.000,55.000,145,150,303,202,246,246,246,246,246,246,1,0,0,3,30,1
2.325000,78.06,35.292,21.180,444,444,40.000,40,40,18.000,39.000,55.000,143,150,303,202,246,246,246,246,246,246,1,0,0,3,30,1
2.330000,79.26,34.815,20.900,439,444,40.000,40,40,18.000,39.000,55.000,141,150,303,202,246,246,246,246,246,246,1,0,0,3,30,1
2.335000,80.46,34.328,20.580,435,444,40.000,40,40,18.000,39.000,55.000,139,150,303,202,246,246,246,246,246,246,1,0,0,3,30,1
2.340000,81.66,33.833,20.310,431,444,40.000,40,40,18.000,39.000,55.000,137,150,303,202,246,246,246,246,246,246,1,0,0,3,30,1
2.345000,82.86,33.331,19.980,426,444,40.000,40,40,18.000,39.000,55.000,135,150,303,202,246,246,246,246,246,246,1,0,0,3,30,1
2.350000,84.06,32.822,19.710,421,443,40.000,40,40,18.000,39.000,55.000,133,150,301,201,244,244,244,244,244,244,1,0,0,3,30,1
2.355000,85.26,32.308,19.380,416,443,40.000,40,40,18.000,39.000,55.000,131,150,301,201,244,244,244,244,244,244,1,0,0,3,30,1
2.360000,86.46,31.789,19.050,411,442,40.000,40,40,18.000,39.000,55.000,129,149,300,201,243,243,243,243,243,243,1,0,0,3,30,1
2.365000,87.66,31.266,18.730,406,442,40.000,40,40,18.000,39.000,55.000,126,149,300,201,243,243,243,243,243,243,1,0,0,3,30,1
2.370000,88.86,30.741,18.460,401,441,40.000,40,40,18.000,39.000,55.000,125,149,300,201,243,243,243,243,243,243,1,0,0,3,30,1
2.375000,90.06,30.214,18.130,396,440,40.000,40,40,18.000,39.000,55.000,122,149,298,200,241,241,241,241,241,241,1,0,0,3,30,1
2.380000,91.26,29.685,17.800,391,439,40.000,40,40,18.000,39.000,55.000,120,148,297,200,240,240,240,240,240,240,1,0,0,3,30,1
2.385000,92.46,29.157,17.480,385,438,40.000,40,40,18.000,39.000,55.000,118,148,296,200,240,240,240,240,240,240,1,0,0,3,30,1
2.390000,93.66,28.630,17.150,380,437,40.000,40,40,18.000,39.000,55.000,116,147,294,199,238,238,238,238,238,238,1,0,0,3,30,1
2.395000,94.86,28.105,16.880,374,436,40.000,40,40,18.000,39.000,55.000,114,147,293,199,237,237,237,237,237,237,1,0,0,3,30,1
2.400000,96.06,27.582,16.550,369,435,40.000,40,40,18.000,39.000,55.000,112,147,291,198,235,235,235,235,235,235,1,0,0,3,30,1
2.405000,97.26,27.063,16.230,363,434,40.000,40,40,18.000,39.000,55.000,109,146,290,198,235,235,235,235,235,235,1,0,0,3,30,1
2.410000,98.46,26.549,15.900,358,432,40.000,40,40,18.000,39.000,55.000,107,146,289,198,234,234,234,234,234,234,1,0,0,3,30,1
2.415000,99.66,26.040,15.630,352,431,40.000,40,40,18.000,39.000,55.000,105,145,286,197,232,232,232,232,232,232,1,0,0,3,30,1
2.420000,100.86,25.537,15.300,346,429,40.000,40,40,18.000,39.000,55.000,103,144,285,197,231,231,231,231,231,231,1,0,0,3,30,1
2.425000,102.06,25.042,15.030,341,427,40.000,40,40,18.000,39.000,55.000,101,144,282,196,228,228,228,228,228,228,1,0,0,3,30,1
2.430000,103.26,24.554,14.700,335,426,40.000,40,40,18.000,39.000,55.000,99,143,281,196,228,228,228,228,228,228,1,0,0,3,30,1
2.435000,104.46,24.076,14.430,330,424,40.000,40,40,18.000,39.000,55.000,97,143,279,195,225,225,225,225,225,225,1,0,0,3,30,1
2.440000,105.66,23.607,14.160,324,422,40.000,40,40,18.000,39.000,55.000,95,142,276,194,223,223,223,223,223,223,1,0,0,3,30,1
2.445000,106.86,23.149,13.890,319,420,40.000,40,40,18.000,39.000,55.000,94,141,274,194,222,222,222,222,222,222,1,0,0,3,30,1
2.450000,108.06,22.702,13.620,313,418,40.000,40,40,18.000,39.000,55.000,92,140,271,193,220,220,220,220,220,220,1,0,0,3,30,1
2.455000,109.26,22.268,13.340,308,416,40.000,40,40,18.000,39.000,55.000,90,140,269,192,217,217,217,217,217,217,1,0,0,3,30,1
2.460000,110.46,21.846,13.130,303,414,40.000,40,40,18.000,39.000,55.000,88,139,267,192,216,216,216,216,216,216,1,0,0,3,30,1
2.465000,111.66,21.437,12.850,298,412,40.000,40,40,18.000,39.000,55.000,87,138,264,191,214,214,214,214,214,214,1,0,0,3,30,1
2.470000,112.86,21.043,12.640,293,409,40.000,40,40,18.000,39.000,55.000,85,137,261,190,211,211,211,211,211,211,1,0,0,3,30,1
2.475000,114.06,20.664,12.420,288,407,40.000,40,40,18.000,39.000,55.000,84,136,260,190,210,210,210,210,210,210,1,0,0,3,30,1
2.480000,115.26,20.301,12.200,283,405,40.000,40,40,18.000,39.000,55.000,82,136,257,189,208,208,208,208,208,208,1,0,0,3,30,1
2.485000,116.46,19.953,11.980,278,402,40.000,40,40,18.000,39.000,55.000,81,134,253,188,205,205,205,205,205,205,1,0,0,3,30,1
2.490000,117.66,19.622,11.770,274,400,40.000,40,40,18.000,39.000,55.000,79,134,252,188,204,204,204,204,204,204,1,0,0,3,30,1
2.495000,118.86,19.309,11.600,269,397,40.000,40,40,18.000,39.000,55.000,78,133,248,187,201,201,201,201,201,201,1,0,0,3,30,1
2.500000,120.06,19.014,11.380,265,395,40.000,40,40,18.000,39.000,55.000,77,132,246,186,199,199,199,199,199,199,1,0,0,3,30,1
2.505000,121.26,18.736,11.220,261,392,40.000,40,40,18.000,39.000,55.000,76,131,242,185,196,196,196,196,196,196,1,0,0,3,30,1
2.510000,122.46,18.478,11.060,257,390,40.000,40,40,18.000,39.000,55.000,74,130,241,185,195,195,195,195,195,195,1,0,0,3,30,1
2.515000,123.66,18.239,10.950,253,387,40.000,40,40,18.000,39.000,55.000,74,129,238,184,192,192,192,192,192,192,1,0,0,3,30,1
2.520000,124.86,18.019,10.790,249,384,40.000,40,40,18.000,39.000,55.000,73,128,234,183,190,190,190,190,190,190,1,0,0,3,30,1
2.525000,126.06,17.819,10.680,246,382,40.000,40,40,18.000,39.000,55.000,72,127,233,183,189,189,189,189,189,189,1,0,0,3,30,1
2.530000,127.26,17.640,10.570,243,379,40.000,40,40,18.000,39.000,55.000,71,126,230,182,186,186,186,186,186,186,1,0,0,3,30,1
2.535000,128.46,17.481,10.510,240,376,40.000,40,40,18.000,39.000,55.000,71,125,227,181,183,183,183,183,183,183,1,0,0,3,30,1
2.540000,129.66,17.343,10.410,237,374,40.000,40,40,18.000,39.000,55.000,70,124,224,180,181,181,181,181,181,181,1,0,0,3,30,1
2.545000,130.86,17.225,10.350,234,371,40.000,40,40,18.000,39.000,55.000,70,123,222,180,180,180,180,180,180,180,1,0,0,3,30,1
2.550000,132.06,17.129,10.300,231,368,40.000,40,40,18.000,39.000,55.000,69,122,219,179,177,177,177,177,177,177,1,0,0,3,30,1
2.555000,133.26,17.055,10.240,229,365,40.000,40,40,18.000,39.000,55.000,69,121,216,178,174,174,174,174,174,175,1,0,0,3,30,1
2.560000,134.46,17.001,10.190,227,363,40.000,40,40,18.000,39.000,55.000,69,120,214,178,173,173,173,173,173,173,1,0,0,3,30,1
2.565000,135.66,16.969,10.190,225,360,40.000,40,40,18.000,39.000,55.000,69,119,211,177,171,171,171,171,171,171,1,0,0,3,30,1
2.570000,136.86,16.958,10.190,224,357,40.000,40,40,18.000,39.000,55.000,69,118,209,177,169,169,169,169,169,169,1,0,0,3,30,1
2.575000,138.06,16.969,10.190,222,355,40.000,40,40,18.000,39.000,55.000,69,117,207,176,167,167,167,167,167,167,1,0,0,3,30,1
2.580000,139.26,17.001,10.190,221,352,40.000,40,40,18.000,39.000,55.000,69,116,205,176,166,166,166,166,166,166,1,0,0,3,30,1
2.585000,140.46,17.054,10.240,220,350,40.000,40,40,18.000,39.000,55.000,69,115,202,175,164,164,164,164,164,164,1,0,0,3,30,1
2.590000,141.66,17.128,10.300,219,347,40.000,40,40,18.000,39.000,55.000,69,114,200,175,162,162,162,162,162,162,1,0,0,3,30,1
2.595000,142.86,17.224,10.350,219,345,40.000,40,40,18.000,39.000,55.000,70,113,198,174,160,160,160,160,160,160,1,0,0,3,30,1
2.600000,144.06,17.340,10.410,219,342,40.000,40,40,18.000,39.000,55.000,70,112,196,174,159,159,159,159,159,159,1,0,0,3,30,1
2.605000,145.26,17.476,10.460,218,340,40.000,40,40,18.000,39.000,55.000,70,112,194,173,157,157,157,157,157,157,1,0,0,3,30,1
2.610000,146.46,17.632,10.570,219,337,40.000,40,40,18.000,39.000,55.000,71,111,192,173,155,155,155,155,155,155,1,0,0,3,30,1
2.615000,147.66,17.809,10.680,219,335,40.000,40,40,18.000,39.000,55.000,72,110,190,173,154,154,154,154,154,154,1,0,0,3,30,1
2.620000,148.86,18.004,10.790,219,333,40.000,40,40,18.000,39.000,55.000,73,109,188,172,152,152,152,152,152,152,1,0,0,3,30,1
2.625000,150.06,18.219,10.950,220,331,40.000,40,40,18.000,39.000,55.000,74,108,187,172,151,151,151,151,151,151,1,0,0,3,30,1
2.630000,151.26,18.453,11.060,221,328,40.000,40,40,18.000,39.000,55.000,74,107,184,171,149,149,149,149,149,149,1,0,0,3,30,1
2.635000,152.46,18.704,11.220,222,326,40.000,40,40,18.000,39.000,55.000,76,106,182,171,148,148,148,148,148,148,1,0,0,3,30,1
2.640000,153.66,18.974,11.380,224,324,40.000,40,40,18.000,39.000,55.000,77,106,181,171,147,147,147,147,147,147,1,0,0,3,30,1
2.645000,154.86,19.260,11.550,226,322,40.000,40,40,18.000,39.000,55.000,78,105,180,171,146,146,146,146,146,146,1,0,0,3,30,1
2.650000,156.06,19.563,11.710,227,321,40.000,40,40,18.000,39.000,55.000,79,105,179,171,145,145,145,145,145,145,1,0,0,3,30,1
2.655000,157.26,19.882,11.930,229,319,40.000,40,40,18.000,39.000,55.000,80,104,177,170,143,143,143,143,143,143,1,0,0,3,30,1
2.660000,158.46,20.216,12.150,232,317,40.000,40,40,18.000,39.000,55.000,82,103,176,170,142,142,142,142,142,142,1,0,0,3,30,1
2.665000,159.66,20.565,12.360,234,315,40.000,40,40,18.000,39.000,55.000,83,102,174,170,141,141,141,141,141,141,1,0,0,3,30,1
2.670000,160.86,20.929,12.530,237,314,40.000,40,40,18.000,39.000,55.000,84,102,174,170,141,141,141,141,141,141,1,0,0,3,30,1
2.675000,162.06,21.305,12.800,240,312,40.000,40,40,18.000,39.000,55.000,86,101,173,170,140,140,140,140,140,140,1,0,0,3,30,1
2.680000,163.26,21.694,13.020,243,311,40.000,40,40,18.000,39.000,55.000,88,101,172,170,139,139,139,139,139,139,1,0,0,3,30,1
2.685000,164.46,22.096,13.230,246,310,40.000,40,40,18.000,39.000,55.000,89,101,171,170,139,139,139,139,139,139,1,0,0,3,30,1
2.690000,165.66,22.508,13.510,250,309,40.000,40,40,18.000,39.000,55.000,91,100,171,170,138,138,138,138,138,138,1,0,0,3,30,1
2.695000,166.86,22.930,13.720,253,308,40.000,40,40,18.000,39.000,55.000,92,100,170,170,138,138,138,138,138,138,1,0,0,3,30,1
2.700000,168.06,23.363,14.000,257,307,40.000,40,40,18.000,39.000,55.000,94,100,170,170,137,137,137,137,137,137,1,0,0,3,30,1
2.705000,169.26,23.804,14.270,261,306,40.000,40,40,18.000,39.000,55.000,96,99,168,169,136,136,136,136,136,136,1,0,0,3,30,1
2.710000,170.46,24.252,14.540,265,305,40.000,40,40,18.000,39.000,55.000,98,99,166,168,135,135,135,135,135,135,1,0,0,3,30,1
2.715000,171.66,24.708,14.810,269,304,40.000,40,40,18.000,39.000,55.000,100,98,166,168,134,134,134,134,134,134,1,0,0,3,30,1
2.720000,172.86,25.170,15.080,273,303,40.000,40,40,18.000,39.000,55.000,102,98,164,167,133,133,133,133,133,133,1,0,0,3,30,1
2.725000,174.06,25.638,15.360,277,303,40.000,40,40,18.000,39.000,55.000,104,98,164,167,133,133,133,133,133,133,1,0,0,3,30,1
2.730000,175.26,26.110,15.680,282,303,40.000,40,40,18.000,39.000,55.000,106,98,164,167,133,133,133,133,133,133,1,0,0,3,30,1
2.735000,176.46,26.585,15.950,286,302,40.000,40,40,18.000,39.000,55.000,108,98,163,167,132,132,132,132,132,132,1,0,0,3,30,1
2.740000,177.66,27.063,16.230,291,302,40.000,40,40,18.000,39.000,55.000,109,98,163,167,132,132,132,132,132,132,1,0,0,3,30,1
2.745000,178.86,27.543,16.500,296,302,40.000,40,40,18.000,39.000,55.000,111,98,163,167,132,132,132,132,132,132,1,0,0,3,30,1
2.750000,180.06,28.024,16.820,301,302,40.000,40,40,18.000,39.000,55.000,113,98,163,167,132,132,132,132,132,132,1,0,0,3,30,1
2.755000,181.26,28.505,17.100,306,302,40.000,40,40,18.000,39.000,55.000,115,98,163,167,132,132,132,132,132,132,1,0,0,3,30,1
2.760000,182.46,28.984,17.370,311,302,40.000,40,40,18.000,39.000,55.000,117,98,163,167,132,132,132,132,132,132,1,0,0,3,30,1
2.765000,183.66,29.462,17.690,316,302,40.000,40,40,18.000,39.000,55.000,119,98,163,167,132,132,132,132,132,132,1,0,0,3,30,1
2.770000,184.86,29.938,17.970,321,303,40.000,40,40,18.000,39.000,55.000,121,98,164,167,133,133,133,133,133,133,1,0,0,3,30,1
2.775000,186.06,30.409,18.240,326,304,40.000,40,40,18.000,39.000,55.000,123,98,166,168,134,134,134,134,134,134,1,0,0,3,30,1
2.780000,187.26,30.876,18.510,331,305,40.000,40,40,18.000,39.000,55.000,125,99,166,168,135,135,135,135,135,135,1,0,0,3,30,1
2.785000,188.46,31.338,18.780,336,306,40.000,40,40,18.000,39.000,55.000,127,99,168,169,136,136,136,136,136,136,1,0,0,3,30,1
2.790000,189.66,31.793,19.050,341,307,40.000,40,40,18.000,39.000,55.000,129,100,170,170,137,137,137,137,137,137,1,0,0,3,30,1
2.795000,190.86,32.241,19.330,346,309,40.000,40,40,18.000,39.000,55.000,130,100,171,170,138,138,138,138,138,138,1,0,0,3,30,1
2.800000,192.06,32.681,19.600,351,310,40.000,40,40,18.000,39.000,55.000,132,101,171,170,139,139,139,139,139,139,1,0,0,3,30,1
2.805000,193.26,33.112,19.870,356,312,40.000,40,40,18.000,39.000,55.000,134,101,173,170,140,140,140,140,140,140,1,0,0,3,30,1
2.810000,194.46,33.534,20.090,361,314,40.000,40,40,18.000,39.000,55.000,136,102,174,170,141,141,141,141,141,141,1,0,0,3,30,1
2.815000,195.66,33.945,20.360,366,316,40.000,40,40,18.000,39.000,55.000,137,103,175,170,142,142,142,142,142,142,1,0,0,3,30,1
2.820000,196.86,34.345,20.580,371,318,40.000,40,40,18.000,39.000,55.000,139,104,176,170,143,143,143,143,143,143,1,0,0,3,30,1
2.825000,198.06,34.733,20.850,375,320,40.000,40,40,18.000,39.000,55.000,141,104,178,170,144,144,144,144,144,144,1,0,0,3,30,1
2.830000,199.26,35.108,21.070,380,323,40.000,40,40,18.000,39.000,55.000,142,105,181,171,146,146,146,146,146,146,1,0,0,3,30,1
2.835000,200.46,35.470,21.280,385,325,40.000,40,40,18.000,39.000,55.000,144,106,182,171,147,147,147,147,147,147,1,0,0,3,30,1
2.840000,201.66,35.818,21.500,389,327,40.000,40,40,18.000,39.000,55.000,145,107,183,171,148,148,148,148,148,148,1,0,0,3,30,1
2.845000,202.86,36.151,21.670,394,330,40.000,40,40,18.000,39.000,55.000,146,108,186,172,151,151,151,151,151,151,1,0,0,3,30,1
2.850000,204.06,36.468,21.880,398,333,40.000,40,40,18.000,39.000,55.000,148,109,188,172,152,152,152,152,152,152,1,0,0,3,30,1
2.855000,205.26,36.769,22.050,402,335,40.000,40,40,18.000,39.000,55.000,149,110,190,173,154,154,154,154,154,154,1,0,0,3,30,1
2.860000,206.46,37.054,22.210,406,338,40.000,40,40,18.000,39.000,55.000,150,111,192,173,156,156,156,156,156,156,1,0,0,3,30,1
2.865000,207.66,37.322,22.370,410,341,40.000,40,40,18.000,39.000,55.000,151,112,194,173,157,157,157,157,157,157,1,0,0,3,30,1
2.870000,208.86,37.571,22.540,414,344,40.000,40,40,18.000,39.000,55.000,152,113,197,174,160,160,160,160,160,160,1,0,0,3,30,1
2.875000,210.06,37.803,22.700,418,347,40.000,40,40,18.000,39.000,55.000,153,114,200,175,162,162,162,162,162,162,1,0,0,3,30,1
2.880000,211.26,38.016,22.810,421,350,40.000,40,40,18.000,39.000,55.000,154,115,202,175,164,164,164,164,164,164,1,0,0,3,30,1
2.885000,212.46,38.210,22.920,424,353,40.000,40,40,18.000,39.000,55.000,155,116,205,176,166,166,166,166,166,166,1,0,0,3,30,1
2.890000,213.66,38.384,23.030,428,356,40.000,40,40,18.000,39.000,55.000,156,118,207,176,168,168,168,168,168,168,1,0,0,3,30,1
2.895000,214.86,38.539,23.130,430,359,40.000,40,40,18.000,39.000,55.000,156,119,210,177,170,170,170,170,170,170,1,0,0,3,30,1
2.900000,216.06,38.673,23.190,433,362,40.000,40,40,18.000,39.000,55.000,157,120,214,178,173,173,173,173,173,172,1,0,0,3,30,1
2.905000,217.26,38.787,23.300,436,365,40.000,40,40,18.000,39.000,55.000,157,121,216,178,174,174,174,174,174,174,1,0,0,3,30,1
2.910000,218.46,38.880,23.300,438,367,40.000,40,40,18.000,39.000,55.000,157,122,218,179,176,176,176,176,176,176,1,0,0,3,30,1
2.915000,219.66,38.952,23.350,440,370,40.000,40,40,18.000,39.000,55.000,158,123,220,179,178,178,178,178,178,178,1,0,0,3,30,1
2.920000,220.86,39.003,23.410,442,373,40.000,40,40,18.000,39.000,55.000,158,124,223,180,181,181,181,181,181,181,1,0,0,3,30,1
2.925000,222.06,39.033,23.410,444,376,40.000,40,40,18.000,39.000,55.000,158,125,227,181,183,183,183,183,183,183,1,0,0,3,30,1
2.930000,223.26,39.042,23.410,446,379,40.000,40,40,18.000,39.000,55.000,158,126,230,182,186,186,186,186,186,186,1,0,0,3,30,1
2.935000,224.46,39.029,23.410,447,382,40.000,40,40,18.000,39.000,55.000,158,127,233,183,189,189,189,189,189,188,1,0,0,3,30,1
2.940000,225.66,38.995,23.410,448,384,40.000,40,40,18.000,39.000,55.000,158,128,234,183,190,190,190,190,190,190,1,0,0,3,30,1
2.945000,226.86,38.939,23.350,449,387,40.000,40,40,18.000,39.000,55.000,158,129,238,184,192,192,192,192,192,192,1,0,0,3,30,1
2.950000,228.06,38.862,23.300,450,389,40.000,40,40,18.000,39.000,55.000,157,130,239,184,194,194,194,194,194,194,1,0,0,3,30,1
2.955000,229.26,38.764,23.240,450,392,40.000,40,40,18.000,39.000,55.000,157,131,242,185,196,196,196,196,196,196,1,0,0,3,30,1
2.960000,230.46,38.644,23.190,451,394,40.000,40,40,18.000,39.000,55.000,157,132,245,186,198,198,198,198,198,198,1,0,0,3,30,1
2.965000,231.66,38.504,23.080,451,396,40.000,40,40,18.000,39.000,55.000,156,132,247,186,200,200,200,200,200,200,1,0,0,3,30,1
2.970000,232.86,38.343,23.030,451,399,40.000,40,40,18.000,39.000,55.000,156,133,250,187,202,202,202,202,202,202,1,0,0,3,30,1
2.975000,234.06,38.162,22.920,450,401,40.000,40,40,18.000,39.000,55.000,155,134,253,188,204,204,204,204,204,204,1,0,0,3,30,1
2.980000,235.26,37.960,22.750,450,403,40.000,40,40,18.000,39.000,55.000,154,135,254,188,206,206,206,206,206,206,1,0,0,3,30,1
2.985000,236.46,37.738,22.640,449,405,40.000,40,40,18.000,39.000,55.000,153,136,257,189,208,208,208,208,208,208,1,0,0,3,30,1
2.990000,237.66,37.497,22.480,448,406,40.000,40,40,18.000,39.000,55.000,152,136,257,189,208,208,208,208,208,208,1,0,0,3,30,1
2.995000,238.86,37.237,22.320,446,408,40.000,40,40,18.000,39.000,55.000,151,137,260,190,211,211,211,211,211,211,1,0,0,3,30,1
3.000000,240.06,36.958,22.150,445,409,40.000,40,40,18.000,39.000,55.000,150,137,261,190,211,211,211,211,211,211,1,0,0,3,30,1
3.005000,241.26,36.660,21.990,443,411,40.000,40,40,18.000,39.000,55.000,149,138,264,191,213,213,213,213,213,213,1,0,0,3,30,1
3.010000,242.46,36.345,21.770,441,412,40.000,40,40,18.000,39.000,55.000,147,138,264,191,214,214,214,214,214,214,1,0,0,3,30,1
3.015000,243.66,36.013,21.610,439,413,40.000,40,40,18.000,39.000,55.000,146,139,265,191,215,215,215,215,215,215,1,0,0,3,30,1
3.020000,244.86,35.664,21.390,437,414,40.000,40,40,18.000,39.000,55.000,144,139,267,192,216,216,216,216,216,216,1,0,0,3,30,1
3.025000,246.06,35.299,21.180,434,415,40.000,40,40,18.000,39.000,55.000,143,139,268,192,217,217,217,217,217,217,1,0,0,3,30,1
3.030000,247.26,34.918,20.960,431,416,40.000,40,40,18.000,39.000,55.000,142,140,269,192,217,217,217,217,217,217,1,0,0,3,30,1
3.035000,248.46,34.522,20.690,428,416,40.000,40,40,18.000,39.000,55.000,140,140,269,192,217,217,217,217,217,217,1,0,0,3,30,1
3.040000,249.66,34.113,20.470,425,417,40.000,40,40,18.000,39.000,55.000,138,140,271,193,219,219,219,219,219,219,1,0,0,3,30,1
3.045000,250.86,33.690,20.200,422,417,40.000,40,40,18.000,39.000,55.000,136,140,271,193,219,219,219,219,219,219,1,0,0,3,30,1
3.050000,252.06,33.254,19.920,418,417,40.000,40,40,18.000,39.000,55.000,134,140,271,193,219,219,219,219,219,219,1,0,0,3,30,1
3.055000,253.26,32.806,19.710,414,417,40.000,40,40,18.000,39.000,55.000,133,140,271,193,219,219,219,219,219,219,1,0,0,3,30,1
3.060000,254.46,32.346,19.380,410,417,40.000,40,40,18.000,39.000,55.000,131,140,271,193,219,219,219,219,219,219,1,0,0,3,30,1
3.065000,255.66,31.877,19.110,406,417,40.000,40,40,18.000,39.000,55.000,129,140,271,193,219,219,219,219,219,219,1,0,0,3,30,1
3.070000,256.86,31.397,18.840,402,416,40.000,40,40,18.000,39.000,55.000,127,140,269,192,217,217,217,217,217,217,1,0,0,3,30,1
3.075000,258.06,30.909,18.560,398,416,40.000,40,40,18.000,39.000,55.000,125,140,269,192,217,217,217,217,217,217,1,0,0,3,30,1
3.080000,259.26,30.413,18.240,393,416,40.000,40,40,18.000,39.000,55.000,123,140,269,192,217,217,217,217,217,217,1,0,0,3,30,1
3.085000,260.46,29.910,17.970,389,415,40.000,40,40,18.000,39.000,55.000,121,139,268,192,217,217,217,217,217,217,1,0,0,3,30,1
3.090000,261.66,29.400,17.640,384,415,40.000,40,40,18.000,39.000,55.000,119,139,268,192,217,217,217,217,217,217,1,0,0,3,30,1
3.095000,262.86,28.885,17.310,379,414,40.000,40,40,18.000,39.000,55.000,117,139,267,192,216,216,216,216,216,216,1,0,0,3,30,1
3.100000,264.06,28.366,16.990,374,413,40.000,40,40,18.000,39.000,55.000,115,139,265,191,215,215,215,215,215,215,1,0,0,3,30,1
3.105000,265.26,27.843,16.720,369,413,40.000,40,40,18.000,39.000,55.000,113,139,265,191,215,215,215,215,215,215,1,0,0,3,30,1
3.110000,266.46,27.317,16.390,364,412,40.000,40,40,18.000,39.000,55.000,111,138,264,191,214,214,214,214,214,214,1,0,0,3,30,1
3.115000,267.66,26.790,16.060,358,411,40.000,40,40,18.000,39.000,55.000,108,138,264,191,213,213,213,213,213,213,1,0,0,3,30,1
3.120000,268.86,26.262,15.740,353,410,40.000,40,40,18.000,39.000,55.000,106,137,263,191,213,213,213,213,213,213,1,0,0,3,30,1
3.125000,270.06,25.734,15.460,348,409,40.000,40,40,18.000,39.000,55.000,104,137,261,190,211,211,211,211,211,211,1,0,0,3,30,1
3.130000,271.26,25.207,15.140,342,407,40.000,40,40,18.000,39.000,55.000,102,136,260,190,210,210,210,210,210,210,1,0,0,3,30,1
3.135000,272.46,24.681,14.810,337,406,40.000,40,40,18.000,39.000,55.000,100,136,257,189,208,208,208,208,208,208,1,0,0,3,30,1
3.140000,273.66,24.159,14.490,331,405,40.000,40,40,18.000,39.000,55.000,98,136,257,189,208,208,208,208,208,208,1,0,0,3,30,1
3.145000,274.86,23.641,14.160,325,403,40.000,40,40,18.000,39.000,55.000,95,135,254,188,206,206,206,206,206,206,1,0,0,3,30,1
3.150000,276.06,23.127,13.890,320,402,40.000,40,40,18.000,39.000,55.000,94,134,253,188,205,205,205,205,205,205,1,0,0,3,30,1
3.155000,277.26,22.619,13.560,314,400,40.000,40,40,18.000,39.000,55.000,91,134,252,188,204,204,204,204,204,204,1,0,0,3,30,1
3.160000,278.46,22.117,13.290,309,398,40.000,40,40,18.000,39.000,55.000,90,133,249,187,202,202,202,202,202,202,1,0,0,3,30,1
3.165000,279.66,21.623,12.960,303,396,40.000,40,40,18.000,39.000,55.000,87,132,247,186,200,200,200,200,200,200,1,0,0,3,30,1
3.170000,280.86,21.137,12.690,298,395,40.000,40,40,18.000,39.000,55.000,85,132,246,186,199,199,199,199,199,199,1,0,0,3,30,1
3.175000,282.06,20.660,12.360,292,393,40.000,40,40,18.000,39.000,55.000,83,131,245,186,198,198,198,198,198,198,1,0,0,3,30,1
3.180000,283.26,20.194,12.090,287,391,40.000,40,40,18.000,39.000,55.000,81,130,242,185,196,196,196,196,196,196,1,0,0,3,30,1
3.185000,284.46,19.738,11.820,281,389,40.000,40,40,18.000,39.000,55.000,80,130,239,184,194,194,194,194,194,194,1,0,0,3,30,1
3.190000,285.66,19.293,11.550,276,386,40.000,40,40,18.000,39.000,55.000,78,129,237,184,192,192,192,192,192,192,1,0,0,3,30,1
3.195000,286.86,18.862,11.330,270,384,40.000,40,40,18.000,39.000,55.000,76,128,234,183,190,190,190,190,190,190,1,0,0,3,30,1
3.200000,288.06,18.443,11.060,265,382,40.000,40,40,18.000,39.000,55.000,74,127,233,183,189,189,189,189,189,189,1,0,0,3,30,1
3.205000,289.26,18.038,10.840,260,380,40.000,40,40,18.000,39.000,55.000,73,126,230,182,187,187,187,187,187,187,1,0,0,3,30,1
3.210000,290.46,17.648,10.570,255,377,40.000,40,40,18.000,39.000,55.000,71,125,227,181,184,184,184,184,184,184,1,0,0,3,30,1
3.215000,291.66,17.274,10.350,250,375,40.000,40,40,18.000,39.000,55.000,70,125,226,181,183,183,183,183,183,183,1,0,0,3,30,1
3.220000,292.86,16.915,10.130,245,372,40.000,40,40,18.000,39.000,55.000,68,123,223,180,180,180,180,180,180,180,1,0,0,3,30,1
3.225000,294.06,16.573,9.920,241,370,40.000,40,40,18.000,39.000,55.000,67,123,220,179,178,178,178,178,178,178,1,0,0,3,30,1
3.230000,295.26,16.249,9.750,236,367,40.000,40,40,18.000,39.000,55.000,66,122,218,179,176,176,176,176,176,176,1,0,0,3,30,1
3.235000,296.46,15.942,9.540,232,365,40.000,40,40,18.000,39.000,55.000,64,121,216,178,174,174,174,174,174,174,1,0,0,3,30,1
3.240000,297.66,15.654,9.370,228,362,40.000,40,40,18.000,39.000,55.000,63,120,214,178,173,173,173,173,173,173,1,0,0,3,30,1
3.245000,298.86,15.386,9.210,223,359,40.000,40,40,18.000,39.000,55.000,62,119,210,177,170,170,170,170,170,170,1,0,0,3,30,1
3.250000,300.06,15.136,9.100,220,357,40.000,40,40,18.000,39.000,55.000,61,118,209,177,169,169,169,169,169,169,1,0,0,3,30,1
3.255000,301.26,14.907,8.940,216,354,40.000,40,40,18.000,39.000,55.000,60,117,206,176,167,167,167,167,167,167,1,0,0,3,30,1
3.260000,302.46,14.698,8.830,212,351,40.000,40,40,18.000,39.000,55.000,59,116,203,175,164,164,164,164,164,164,1,0,0,3,30,1
3.265000,303.66,14.510,8.720,209,348,40.000,40,40,18.000,39.000,55.000,59,115,201,175,163,163,163,163,163,163,1,0,0,3,30,1
3.270000,304.86,14.343,8.610,206,346,40.000,40,40,18.000,39.000,55.000,58,114,199,174,161,161,161,161,161,161,1,0,0,3,30,1
3.275000,306.06,14.198,8.500,203,343,40.000,40,40,18.000,39.000,55.000,57,113,197,174,159,159,159,159,159,159,1,0,0,3,30,1
3.280000,307.26,14.074,8.450,200,340,40.000,40,40,18.000,39.000,55.000,57,112,194,173,157,157,157,157,157,157,1,0,0,3,30,1
3.285000,308.46,13.973,8.390,197,337,40.000,40,40,18.000,39.000,55.000,56,111,192,173,155,155,155,155,155,155,1,0,0,3,30,1
3.290000,309.66,13.894,8.340,195,335,40.000,40,40,18.000,39.000,55.000,56,110,190,173,154,154,154,154,154,154,1,0,0,3,30,1
3.295000,310.86,13.837,8.280,193,332,40.000,40,40,18.000,39.000,55.000,56,109,187,172,152,152,152,152,152,152,1,0,0,3,30,1
3.300000,312.06,13.803,8.280,191,329,40.000,40,40,18.000,39.000,55.000,56,108,185,172,150,150,150,150,150,150,1,0,0,3,30,1
3.305000,313.26,13.792,8.280,189,327,40.000,40,40,18.000,39.000,55.000,56,107,183,171,148,148,148,148,148,148,1,0,0,3,30,1
3.310000,314.46,13.803,8.280,188,324,40.000,40,40,18.000,39.000,55.000,56,106,181,171,147,147,147,147,147,147,1,0,0,3,30,1
3.315000,315.66,13.838,8.280,186,321,40.000,40,40,18.000,39.000,55.000,56,105,179,171,145,145,145,145,145,145,1,0,0,3,30,1
3.320000,316.86,13.895,8.340,185,318,40.000,40,40,18.000,39.000,55.000,56,104,176,170,143,143,143,143,143,143,1,0,0,3,30,1
3.325000,318.06,13.975,8.390,185,316,40.000,40,40,18.000,39.000,55.000,56,103,175,170,142,142,142,142,142,142,1,0,0,3,30,1
3.330000,319.26,14.077,8.450,184,313,40.000,40,40,18.000,39.000,55.000,57,102,173,170,140,140,140,140,140,140,1,0,0,3,30,1
3.335000,320.46,14.202,8.500,184,311,40.000,40,40,18.000,39.000,55.000,57,101,172,170,139,139,139,139,139,139,1,0,0,3,30,1
3.340000,321.66,14.349,8.610,184,308,40.000,40,40,18.000,39.000,55.000,58,100,170,170,138,138,138,138,138,138,1,0,0,3,30,1
3.345000,322.86,14.519,8.720,184,306,40.000,40,40,18.000,39.000,55.000,59,99,168,169,136,136,136,136,136,136,1,0,0,3,30,1
3.350000,324.06,14.710,8.830,184,304,40.000,40,40,18.000,39.000,55.000,59,98,166,168,134,134,134,134,134,134,1,0,0,3,30,1
3.355000,325.26,14.923,8.940,185,301,40.000,40,40,18.000,39.000,55.000,60,97,162,166,131,131,131,131,131,131,1,0,0,3,30,1
3.360000,326.46,15.157,9.100,186,299,40.000,40,40,18.000,39.000,55.000,61,97,161,166,130,130,130,130,130,130,1,0,0,3,30,1
3.365000,327.66,15.412,9.260,187,297,40.000,40,40,18.000,39.000,55.000,62,96,157,164,127,127,127,127,127,127,1,0,0,3,30,1
3.370000,328.86,15.688,9.430,188,295,40.000,40,40,18.000,39.000,55.000,63,95,155,163,126,126,126,126,126,126,1,0,0,3,30,1
3.375000,330.06,15.983,9.590,190,293,40.000,40,40,18.000,39.000,55.000,64,94,154,163,125,125,125,125,125,125,1,0,0,3,30,1
3.380000,331.26,16.299,9.750,192,291,40.000,40,40,18.000,39.000,55.000,66,94,152,162,123,123,123,123,123,123,1,0,0,3,30,1
3.385000,332.46,16.633,9.970,194,289,40.000,40,40,18.000,39.000,55.000,67,93,150,161,121,121,121,121,121,121,1,0,0,3,30,1
3.390000,333.66,16.986,10.190,196,287,40.000,40,40,18.000,39.000,55.000,69,92,148,160,120,120,120,120,120,120,1,0,0,3,30,1
3.395000,334.86,17.357,10.410,199,285,40.000,40,40,18.000,39.000,55.000,70,91,146,159,118,118,118,118,118,118,1,0,0,3,30,1
3.400000,336.06,17.745,10.620,201,284,40.000,40,40,18.000,39.000,55.000,71,91,144,158,117,117,117,117,117,117,1,0,0,3,30,1
3.405000,337.26,18.150,10.900,204,282,40.000,40,40,18.000,39.000,55.000,73,90,142,157,115,115,115,115,115,115,1,0,0,3,30,1
3.410000,338.46,18.572,11.110,207,280,40.000,40,40,18.000,39.000,55.000,75,90,140,156,113,113,113,113,113,113,1,0,0,3,30,1
3.415000,339.66,19.008,11.380,211,279,40.000,40,40,18.000,39.000,55.000,77,89,139,156,113,113,113,113,113,113,1,0,0,3,30,1
3.420000,340.86,19.460,11.660,214,278,40.000,40,40,18.000,39.000,55.000,79,89,138,155,112,112,112,112,112,112,1,0,0,3,30,1
3.425000,342.06,19.925,11.930,218,277,40.000,40,40,18.000,39.000,55.000,80,88,137,155,111,111,111,111,111,111,1,0,0,3,30,1
3.430000,343.26,20.404,12.260,222,276,40.000,40,40,18.000,39.000,55.000,83,88,136,154,110,110,110,110,110,110,1,0,0,3,30,1
3.435000,344.46,20.895,12.530,226,275,40.000,40,40,18.000,39.000,55.000,84,88,135,154,110,110,110,110,110,110,1,0,0,3,30,1
3.440000,345.66,21.398,12.850,231,274,40.000,40,40,18.000,39.000,55.000,87,87,134,153,108,108,108,108,108,108,1,0,0,3,30,1
3.445000,346.86,21.912,13.130,235,273,40.000,40,40,18.000,39.000,55.000,88,87,133,153,108,108,108,108,108,108,1,0,0,3,30,1
3.450000,348.06,22.436,13.450,240,272,40.000,40,40,18.000,39.000,55.000,91,87,133,153,107,107,107,107,107,107,1,0,0,3,30,1
3.455000,349.26,22.969,13.780,245,272,40.000,40,40,18.000,39.000,55.000,93,87,133,153,107,107,107,107,107,107,1,0,0,3,30,1
3.460000,350.46,23.510,14.100,250,271,40.000,40,40,18.000,39.000,55.000,95,86,131,152,106,106,106,106,106,106,1,0,0,3,30,1
3.465000,351.66,24.059,14.430,255,271,40.000,40,40,18.000,39.000,55.000,97,86,131,152,106,106,106,106,106,106,1,0,0,3,30,1
3.470000,352.86,24.614,14.760,260,271,40.000,40,40,18.000,39.000,55.000,100,86,131,152,106,106,106,106,106,106,1,0,0,3,30,1
3.475000,354.06,25.174,15.080,265,271,40.000,40,40,18.000,39.000,55.000,102,86,131,152,106,106,106,106,106,106,1,0,0,3,30,1
3.480000,355.26,25.740,15.460,271,271,40.000,40,40,18.000,39.000,55.000,104,86,131,152,106,106,106,106,106,106,1,0,0,3,30,1
3.485000,356.46,26.309,15.790,276,271,40.000,40,40,18.000,39.000,55.000,106,86,131,152,106,106,106,106,106,106,1,0,0,3,30,1
3.490000,357.66,26.881,16.120,282,271,40.000,40,40,18.000,39.000,55.000,109,86,131,152,106,106,106,106,106,106,1,0,0,3,30,1
3.495000,358.86,27.454,16.440,288,271,40.000,40,40,18.000,39.000,55.000,111,86,131,152,106,106,106,106,106,106,1,0,0,3,30,1
3.500000,0.06,28.029,16.820,294,272,40.000,40,40,18.000,39.000,55.000,113,87,133,153,107,107,107,107,107,107,1,0,0,3,30,1
3.505000,1.26,28.603,17.150,300,273,40.000,40,40,18.000,39.000,55.000,116,87,133,153,108,108,108,108,108,108,1,0,0,3,30,1
3.510000,2.46,29.177,17.480,306,274,40.000,40,40,18.000,39.000,55.000,118,87,134,153,108,108,108,108,108,108,1,0,0,3,30,1
3.515000,3.66,29.748,17.860,312,276,40.000,40,40,18.000,39.000,55.000,121,88,136,154,110,110,110,110,110,110,1,0,0,3,30,1
3.520000,4.86,30.317,18.180,318,277,40.000,40,40,18.000,39.000,55.000,123,88,137,155,111,111,111,111,111,111,1,0,0,3,30,1
3.525000,6.06,30.882,18.510,324,279,40.000,40,40,18.000,39.000,55.000,125,89,139,156,113,113,113,113,113,113,1,0,0,3,30,1
3.530000,7.26,31.442,18.840,330,281,40.000,40,40,18.000,39.000,55.000,127,90,141,157,114,114,114,114,114,114,1,0,0,3,30,1
3.535000,8.46,31.997,19.160,336,283,40.000,40,40,18.000,39.000,55.000,129,91,143,158,116,116,116,116,116,116,1,0,0,3,30,1
3.540000,9.66,32.545,19.540,342,285,40.000,40,40,18.000,39.000,55.000,132,91,146,159,118,118,118,118,118,118,1,0,0,3,30,1
3.545000,10.86,33.085,19.870,348,288,40.000,40,40,18.000,39.000,55.000,134,92,148,160,120,120,120,120,120,120,1,0,0,3,30,1
3.550000,12.06,33.617,20.140,354,290,40.000,40,40,18.000,39.000,55.000,136,93,150,161,122,122,122,122,122,122,1,0,0,3,30,1
3.555000,13.26,34.140,20.470,360,293,40.000,40,40,18.000,39.000,55.000,138,94,154,163,125,125,125,125,125,125,1,0,0,3,30,1
3.560000,14.46,34.653,20.790,366,296,40.000,40,40,18.000,39.000,55.000,140,95,157,164,127,127,127,127,127,127,1,0,0,3,30,1
3.565000,15.66,35.154,21.070,372,299,40.000,40,40,18.000,39.000,55.000,142,97,161,166,130,130,130,130,130,130,1,0,0,3,30,1
3.570000,16.86,35.644,21.390,378,302,40.000,40,40,18.000,39.000,55.000,144,98,163,167,132,132,132,132,132,132,1,0,0,3,30,1
3.575000,18.06,36.122,21.670,384,305,40.000,40,40,18.000,39.000,55.000,146,99,166,168,135,135,135,135,135,135,1,0,0,3,30,1
3.580000,19.26,36.586,21.940,389,308,40.000,40,40,18.000,39.000,55.000,148,100,170,170,138,138,138,138,138,138,1,0,0,3,30,1
3.585000,20.46,37.036,22.210,395,312,40.000,40,40,18.000,39.000,55.000,150,101,173,170,140,140,140,140,140,140,1,0,0,3,30,1
3.590000,21.66,37.471,22.480,401,315,40.000,40,40,18.000,39.000,55.000,152,102,174,170,141,141,141,141,141,141,1,0,0,3,30,1
3.595000,22.86,37.891,22.750,406,319,40.000,40,40,18.000,39.000,55.000,154,104,177,170,143,143,143,143,143,143,1,0,0,3,30,1
3.600000,24.06,38.294,22.970,411,322,40.000,40,40,18.000,39.000,55.000,155,105,180,171,146,146,146,146,146,146,1,0,0,3,30,1
3.605000,25.26,38.681,23.190,416,326,40.000,40,40,18.000,39.000,55.000,157,106,182,171,148,148,148,148,148,148,1,0,0,3,30,1
3.610000,26.46,39.050,23.410,422,330,40.000,40,40,18.000,39.000,55.000,158,108,186,172,151,151,151,151,151,151,1,0,0,3,30,1
3.615000,27.66,39.401,23.620,426,334,40.000,40,40,18.000,39.000,55.000,160,109,189,172,153,153,153,153,153,153,1,0,0,3,30,1
3.620000,28.86,39.734,23.840,431,338,40.000,40,40,18.000,39.000,55.000,161,111,192,173,156,156,156,156,156,156,1,0,0,3,30,1
3.625000,30.06,40.047,24.000,436,341,40.000,40,40,18.000,39.000,55.000,162,112,194,173,157,157,157,157,157,157,1,0,0,3,30,1
3.630000,31.26,40.341,24.220,440,345,40.000,40,40,18.000,39.000,55.000,164,113,198,174,160,160,160,160,160,160,1,0,0,3,30,1
3.635000,32.46,40.614,24.380,444,349,40.000,40,40,18.000,39.000,55.000,165,115,202,175,163,163,163,163,163,163,1,0,0,3,30,1
3.640000,33.66,40.867,24.490,448,353,40.000,40,40,18.000,39.000,55.000,165,116,205,176,166,166,166,166,166,166,1,0,0,3,30,1
3.645000,34.86,41.099,24.660,452,357,40.000,40,40,18.000,39.000,55.000,167,118,209,177,169,169,169,169,169,169,1,0,0,3,30,1
3.650000,36.06,41.310,24.770,456,361,40.000,40,40,18.000,39.000,55.000,167,119,212,177,171,171,171,171,171,171,1,0,0,3,30,1
3.655000,37.26,41.499,24.870,460,365,40.000,40,40,18.000,39.000,55.000,168,121,216,178,174,174,174,174,174,174,1,0,0,3,30,1
3.660000,38.46,41.666,24.980,463,369,40.000,40,40,18.000,39.000,55.000,169,122,219,179,178,178,178,178,178,178,1,0,0,3,30,1
3.665000,39.66,41.811,25.090,466,373,40.000,40,40,18.000,39.000,55.000,170,124,223,180,181,181,181,181,181,181,1,0,0,3,30,1
3.670000,40.86,41.934,25.150,469,377,40.000,40,40,18.000,39.000,55.000,170,125,227,181,184,184,184,184,184,184,1,0,0,3,30,1
3.675000,42.06,42.034,25.200,471,380,40.000,40,40,18.000,39.000,55.000,170,126,230,182,187,187,187,187,187,187,1,0,0,3,30,1
3.680000,43.26,42.112,25.260,474,384,40.000,40,40,18.000,39.000,55.000,171,128,234,183,190,190,190,190,190,190,1,0,0,3,30,1
3.685000,44.46,42.167,25.310,476,388,40.000,40,40,18.000,39.000,55.000,171,129,238,184,193,193,193,193,193,193,1,0,0,3,30,1
3.690000,45.66,42.199,25.310,478,391,40.000,40,40,18.000,39.000,55.000,171,130,242,185,196,196,196,196,196,196,1,0,0,3,30,1
3.695000,46.86,42.208,25.310,480,395,40.000,40,40,18.000,39.000,55.000,171,132,246,186,199,199,199,199,199,199,1,0,0,3,30,1
3.700000,48.06,42.194,25.310,481,398,40.000,40,40,18.000,39.000,55.000,171,133,249,187,202,202,202,202,202,202,1,0,0,3,30,1
3.705000,49.26,42.158,25.310,482,402,40.000,40,40,18.000,39.000,55.000,171,134,253,188,205,205,205,205,205,205,1,0,0,3,30,1
3.710000,50.46,42.099,25.260,483,405,40.000,40,40,18.000,39.000,55.000,171,136,257,189,208,208,208,208,208,208,1,0,0,3,30,1
3.715000,51.66,42.018,25.200,484,408,40.000,40,40,18.000,39.000,55.000,170,137,260,190,211,211,211,211,211,211,1,0,0,3,30,1
3.720000,52.86,41.914,25.150,485,411,40.000,40,40,18.000,39.000,55.000,170,138,264,191,213,213,213,213,213,213,1,0,0,3,30,1
3.725000,54.06,41.789,25.090,485,414,40.000,40,40,18.000,39.000,55.000,170,139,267,192,216,216,216,216,216,216,1,0,0,3,30,1
3.730000,55.26,41.641,24.980,485,417,40.000,40,40,18.000,39.000,55.000,169,140,271,193,219,219,219,219,219,219,1,0,0,3,30,1
3.735000,56.46,41.472,24.870,485,420,40.000,40,40,18.000,39.000,55.000,168,141,274,194,222,222,222,222,222,222,1,0,0,3,30,1
3.740000,57.66,41.282,24.770,485,422,40.000,40,40,18.000,39.000,55.000,167,142,276,194,223,223,223,223,223,223,1,0,0,3,30,1
3.745000,58.86,41.071,24.660,484,425,40.000,40,40,18.000,39.000,55.000,167,143,279,195,226,226,226,226,226,226,1,0,0,3,30,1
3.750000,60.06,40.840,24.490,483,427,40.000,40,40,18.000,39.000,55.000,165,144,282,196,228,228,228,228,228,228,1,0,0,3,30,1
3.755000,61.26,40.588,24.330,482,430,40.000,40,40,18.000,39.000,55.000,164,145,286,197,231,231,231,231,231,231,1,0,0,3,30,1
3.760000,62.46,40.318,24.170,481,432,40.000,40,40,18.000,39.000,55.000,163,146,289,198,234,234,234,234,234,233,1,0,0,3,30,1
3.765000,63.66,40.028,24.000,479,434,40.000,40,40,18.000,39.000,55.000,162,146,290,198,235,235,235,235,235,235,1,0,0,3,30,1
3.770000,64.86,39.719,23.840,477,435,40.000,40,40,18.000,39.000,55.000,161,147,291,198,235,235,235,235,235,235,1,0,0,3,30,1
3.775000,66.06,39.393,23.620,475,437,40.000,40,40,18.000,39.000,55.000,160,147,294,199,238,238,238,238,238,238,1,0,0,3,30,1
3.780000,67.26,39.050,23.410,473,438,40.000,40,40,18.000,39.000,55.000,158,148,296,200,240,240,240,240,240,240,1,0,0,3,30,1
3.785000,68.46,38.690,23.190,471,440,40.000,40,40,18.000,39.000,55.000,157,149,298,200,241,241,241,241,241,241,1,0,0,3,30,1
3.790000,69.66,38.313,22.970,468,441,40.000,40,40,18.000,39.000,55.000,155,149,300,201,243,243,243,243,243,243,1,0,0,3,30,1
3.795000,70.86,37.922,22.750,465,442,40.000,40,40,18.000,39.000,55.000,154,149,300,201,243,243,243,243,243,243,1,0,0,3,30,1
3.800000,72.06,37.516,22.480,462,443,40.000,40,40,18.000,39.000,55.000,152,150,301,201,244,244,244,244,244,244,1,0,0,3,30,1
3.805000,73.26,37.096,22.260,459,443,40.000,40,40,18.000,39.000,55.000,150,150,301,201,244,244,244,244,244,244,1,0,0,3,30,1
3.810000,74.46,36.663,21.990,455,444,40.000,40,40,18.000,39.000,55.000,149,150,303,202,246,246,246,246,246,246,1,0,0,3,30,1
3.815000,75.66,36.217,21.720,451,444,40.000,40,40,18.000,39.000,55.000,147,150,303,202,246,246,246,246,246,246,1,0,0,3,30,1
3.820000,76.86,35.760,21.450,448,444,40.000,40,40,18.000,39.000,55.000,145,150,303,202,246,246,246,246,246,246,1,0,0,3,30,1
3.825000,78.06,35.292,21.180,444,444,40.000,40,40,18.000,39.000,55.000,143,150,303,202,246,246,246,246,246,246,1,0,0,3,30,1
3.830000,79.26,34.815,20.900,439,444,40.000,40,40,18.000,39.000,55.000,141,150,303,202,246,246,246,246,246,246,1,0,0,3,30,1
3.835000,80.46,34.328,20.580,435,444,40.000,40,40,18.000,39.000,55.000,139,150,303,202,246,246,246,246,246,246,1,0,0,3,30,1
3.840000,81.66,33.833,20.310,431,444,40.000,40,40,18.000,39.000,55.000,137,150,303,202,246,246,246,246,246,246,1,0,0,3,30,1
3.845000,82.86,33.331,19.980,426,444,40.000,40,40,18.000,39.000,55.000,135,150,303,202,246,246,246,246,246,246,1,0,0,3,30,1
3.850000,84.06,32.822,19.710,421,443,40.000,40,40,18.000,39.000,55.000,133,150,301,201,244,244,244,244,244,244,1,0,0,3,30,1
3.855000,85.26,32.308,19.380,416,443,40.000,40,40,18.000,39.000,55.000,131,150,301,201,244,244,244,244,244,244,1,0,0,3,30,1
3.860000,86.46,31.789,19.050,411,442,40.000,40,40,18.000,39.000,55.000,129,149,300,201,243,243,243,243,243,243,1,0,0,3,30,1
3.865000,87.66,31.266,18.730,406,442,40.000,40,40,18.000,39.000,55.000,126,149,300,201,243,243,243,243,243,243,1,0,0,3,30,1
3.870000,88.86,30.741,18.460,401,441,40.000,40,40,18.000,39.000,55.000,125,149,300,201,243,243,243,243,243,243,1,0,0,3,30,1
3.875000,90.06,30.214,18.130,396,440,40.000,40,40,18.000,39.000,55.000,122,149,298,200,241,241,241,241,241,241,1,0,0,3,30,1
3.880000,91.26,29.685,17.800,391,439,40.000,40,40,18.000,39.000,55.000,120,148,297,200,240,240,240,240,240,240,1,0,0,3,30,1
3.885000,92.46,29.157,17.480,385,438,40.000,40,40,18.000,39.000,55.000,118,148,296,200,240,240,240,240,240,240,1,0,0,3,30,1
3.890000,93.66,28.630,17.150,380,437,40.000,40,40,18.000,39.000,55.000,116,147,294,199,238,238,238,238,238,238,1,0,0,3,30,1
3.895000,94.86,28.105,16.880,374,436,40.000,40,40,18.000,39.000,55.000,114,147,293,199,237,237,237,237,237,237,1,0,0,3,30,1
3.900000,96.06,27.582,16.550,369,435,40.000,40,40,18.000,39.000,55.000,112,147,291,198,235,235,235,235,235,235,1,0,0,3,30,1
3.905000,97.26,27.063,16.230,363,434,40.000,40,40,18.000,39.000,55.000,109,146,290,198,235,235,235,235,235,235,1,0,0,3,30,1
3.910000,98.46,26.549,15.900,358,432,40.000,40,40,18.000,39.000,55.000,107,146,289,198,234,234,234,234,234,234,1,0,0,3,30,1
3.915000,99.66,26.040,15.630,352,431,40.000,40,40,18.000,39.000,55.000,105,145,286,197,232,232,232,232,232,232,1,0,0,3,30,1
3.920000,100.86,25.537,15.300,346,429,40.000,40,40,18.000,39.000,55.000,103,144,285,197,231,231,231,231,231,231,1,0,0,3,30,1
3.925000,102.06,25.042,15.030,341,427,40.000,40,40,18.000,39.000,55.000,101,144,282,196,228,228,228,228,228,228,1,0,0,3,30,1
3.930000,103.26,24.554,14.700,335,426,40.000,40,40,18.000,39.000,55.000,99,143,281,196,228,228,228,228,228,228,1,0,0,3,30,1
3.935000,104.46,24.076,14.430,330,424,40.000,40,40,18.000,39.000,55.000,97,143,279,195,225,225,225,225,225,225,1,0,0,3,30,1
3.940000,105.66,23.607,14.160,324,422,40.000,40,40,18.000,39.000,55.000,95,142,276,194,223,223,223,223,223,223,1,0,0,3,30,1
3.945000,106.86,23.149,13.890,319,420,40.000,40,40,18.000,39.000,55.000,94,141,274,194,222,222,222,222,222,222,1,0,0,3,30,1
3.950000,108.06,22.702,13.620,313,418,40.000,40,40,18.000,39.000,55.000,92,140,271,193,220,220,220,220,220,220,1,0,0,3,30,1
3.955000,109.26,22.268,13.340,308,416,40.000,40,40,18.000,39.000,55.000,90,140,269,192,217,217,217,217,217,217,1,0,0,3,30,1
3.960000,110.46,21.846,13.130,303,414,40.000,40,40,18.000,39.000,55.000,88,139,267,192,216,216,216,216,216,216,1,0,0,3,30,1
3.965000,111.66,21.437,12.850,298,412,40.000,40,40,18.000,39.000,55.000,87,138,264,191,214,214,214,214,214,214,1,0,0,3,30,1
3.970000,112.86,21.043,12.640,293,409,40.000,40,40,18.000,39.000,55.000,85,137,261,190,211,211,211,211,211,211,1,0,0,3,30,1
3.975000,114.06,20.664,12.420,288,407,40.000,40,40,18.000,39.000,55.000,84,136,260,190,210,210,210,210,210,210,1,0,0,3,30,1
3.980000,115.26,20.301,12.200,283,405,40.000,40,40,18.000,39.000,55.000,82,136,257,189,208,208,208,208,208,208,1,0,0,3,30,1
3.985000,116.46,19.953,11.980,278,402,40.000,40,40,18.000,39.000,55.000,81,134,253,188,205,205,205,205,205,205,1,0,0,3,30,1
3.990000,117.66,19.622,11.770,274,400,40.000,40,40,18.000,39.000,55.000,79,134,252,188,204,204,204,204,204,204,1,0,0,3,30,1
3.995000,118.86,19.309,11.600,269,397,40.000,40,40,18.000,39.000,55.000,78,133,248,187,201,201,201,201,201,201,1,0,0,3,30,1
4.000000,120.06,19.014,11.380,265,395,40.000,40,40,18.000,39.000,55.000,77,132,246,186,199,199,199,199,199,199,1,0,0,3,30,1
4.005000,121.26,18.736,11.220,261,392,40.000,40,40,18.000,39.000,55.000,76,131,242,185,196,196,196,196,196,196,1,0,0,3,30,1
4.010000,122.46,18.478,11.060,257,390,40.000,40,40,18.000,39.000,55.000,74,130,241,185,195,195,195,195,195,195,1,0,0,3,30,1
4.015000,123.66,18.239,10.950,253,387,40.000,40,40,18.000,39.000,55.000,74,129,238,184,192,192,192,192,192,192,1,0,0,3,30,1
4.020000,124.86,18.019,10.790,249,384,40.000,40,40,18.000,39.000,55.000,73,128,234,183,190,190,190,190,190,190,1,0,0,3,30,1
4.025000,126.06,17.819,10.680,246,382,40.000,40,40,18.000,39.000,55.000,72,127,233,183,189,189,189,189,189,189,1,0,0,3,30,1
4.030000,127.26,17.640,10.570,243,379,40.000,40,40,18.000,39.000,55.000,71,126,230,182,186,186,186,186,186,186,1,0,0,3,30,1
4.035000,128.46,17.481,10.510,240,376,40.000,40,40,18.000,39.000,55.000,71,125,227,181,183,183,183,183,183,183,1,0,0,3,30,1
4.040000,129.66,17.343,10.410,237,374,40.000,40,40,18.000,39.000,55.000,70,124,224,180,181,181,181,181,181,181,1,0,0,3,30,1
4.045000,130.86,17.225,10.350,234,371,40.000,40,40,18.000,39.000,55.000,70,123,222,180,180,180,180,180,180,180,1,0,0,3,30,1
4.050000,132.06,17.129,10.300,231,368,40.000,40,40,18.000,39.000,55.000,69,122,219,179,177,177,177,177,177,177,1,0,0,3,30,1
4.055000,133.26,17.055,10.240,229,365,40.000,40,40,18.000,39.000,55.000,69,121,216,178,174,174,174,174,174,175,1,0,0,3,30,1
4.060000,134.46,17.001,10.190,227,363,40.000,40,40,18.000,39.000,55.000,69,120,214,178,173,173,173,173,173,173,1,0,0,3,30,1
4.065000,135.66,16.969,10.190,225,360,40.000,40,40,18.000,39.000,55.000,69,119,211,177,171,171,171,171,171,171,1,0,0,3,30,1
4.070000,136.86,16.958,10.190,224,357,40.000,40,40,18.000,39.000,55.000,69,118,209,177,169,169,169,169,169,169,1,0,0,3,30,1
4.075000,138.06,16.969,10.190,222,355,40.000,40,40,18.000,39.000,55.000,69,117,207,176,167,167,167,167,167,167,1,0,0,3,30,1
4.080000,139.26,17.001,10.190,221,352,40.000,40,40,18.000,39.000,55.000,69,116,205,176,166,166,166,166,166,166,1,0,0,3,30,1
4.085000,140.46,17.054,10.240,220,350,40.000,40,40,18.000,39.000,55.000,69,115,202,175,164,164,164,164,164,164,1,0,0,3,30,1
4.090000,141.66,17.128,10.300,219,347,40.000,40,40,18.000,39.000,55.000,69,114,200,175,162,162,162,162,162,162,1,0,0,3,30,1
4.095000,142.86,17.224,10.350,219,345,40.000,40,40,18.000,39.000,55.000,70,113,198,174,160,160,160,160,160,160,1,0,0,3,30,1
4.100000,144.06,17.340,10.410,219,342,40.000,40,40,18.000,39.000,55.000,70,112,196,174,159,159,159,159,159,159,1,0,0,3,30,1
4.105000,145.26,17.476,10.460,218,340,40.000,40,40,18.000,39.000,55.000,70,112,194,173,157,157,157,157,157,157,1,0,0,3,30,1
4.110000,146.46,17.632,10.570,219,337,40.000,40,40,18.000,39.000,55.000,71,111,192,173,155,155,155,155,155,155,1,0,0,3,30,1
4.115000,147.66,17.809,10.680,219,335,40.000,40,40,18.000,39.000,55.000,72,110,190,173,154,154,154,154,154,154,1,0,0,3,30,1
4.120000,148.86,18.004,10.790,219,333,40.000,40,40,18.000,39.000,55.000,73,109,188,172,152,152,152,152,152,152,1,0,0,3,30,1
4.125000,150.06,18.219,10.950,220,331,40.000,40,40,18.000,39.000,55.000,74,108,187,172,151,151,151,151,151,151,1,0,0,3,30,1
4.130000,151.26,18.453,11.060,221,328,40.000,40,40,18.000,39.000,55.000,74,107,184,171,149,149,149,149,149,149,1,0,0,3,30,1
4.135000,152.46,18.704,11.220,222,326,40.000,40,40,18.000,39.000,55.000,76,106,182,171,148,148,148,148,148,148,1,0,0,3,30,1
4.140000,153.66,18.974,11.380,224,324,40.000,40,40,18.000,39.000,55.000,77,106,181,171,147,147,147,147,147,147,1,0,0,3,30,1
4.145000,154.86,19.260,11.550,226,322,40.000,40,40,18.000,39.000,55.000,78,105,180,171,146,146,146,146,146,146,1,0,0,3,30,1
4.150000,156.06,19.563,11.710,227,321,40.000,40,40,18.000,39.000,55.000,79,105,179,171,145,145,145,145,145,145,1,0,0,3,30,1
4.155000,157.26,19.882,11.930,229,319,40.000,40,40,18.000,39.000,55.000,80,104,177,170,143,143,143,143,143,143,1,0,0,3,30,1
4.160000,158.46,20.216,12.150,232,317,40.000,40,40,18.000,39.000,55.000,82,103,176,170,142,142,142,142,142,142,1,0,0,3,30,1
4.165000,159.66,20.565,12.360,234,315,40.000,40,40,18.000,39.000,55.000,83,102,174,170,141,141,141,141,141,141,1,0,0,3,30,1
4.170000,160.86,20.929,12.530,237,314,40.000,40,40,18.000,39.000,55.000,84,102,174,170,141,141,141,141,141,141,1,0,0,3,30,1
4.175000,162.06,21.305,12.800,240,312,40.000,40,40,18.000,39.000,55.000,86,101,173,170,140,140,140,140,140,140,1,0,0,3,30,1
4.180000,163.26,21.694,13.020,243,311,40.000,40,40,18.000,39.000,55.000,88,101,172,170,139,139,139,139,139,139,1,0,0,3,30,1
4.185000,164.46,22.096,13.230,246,310,40.000,40,40,18.000,39.000,55.000,89,101,171,170,139,139,139,139,139,139,1,0,0,3,30,1
4.190000,165.66,22.508,13.510,250,309,40.000,40,40,18.000,39.000,55.000,91,100,171,170,138,138,138,138,138,138,1,0,0,3,30,1
4.195000,166.86,22.930,13.720,253,308,40.000,40,40,18.000,39.000,55.000,92,100,170,170,138,138,138,138,138,138,1,0,0,3,30,1
4.200000,168.06,23.363,14.000,257,307,40.000,40,40,18.000,39.000,55.000,94,100,170,170,137,137,137,137,137,137,1,0,0,3,30,1
4.205000,169.26,23.804,14.270,261,306,40.000,40,40,18.000,39.000,55.000,96,99,168,169,136,136,136,136,136,136,1,0,0,3,30,1
4.210000,170.46,24.252,14.540,265,305,40.000,40,40,18.000,39.000,55.000,98,99,166,168,135,135,135,135,135,135,1,0,0,3,30,1
4.215000,171.66,24.708,14.810,269,304,40.000,40,40,18.000,39.000,55.000,100,98,166,168,134,134,134,134,134,134,1,0,0,3,30,1
4.220000,172.86,25.170,15.080,273,303,40.000,40,40,18.000,39.000,55.000,102,98,164,167,133,133,133,133,133,133,1,0,0,3,30,1
4.225000,174.06,25.638,15.360,277,303,40.000,40,40,18.000,39.000,55.000,104,98,164,167,133,133,133,133,133,133,1,0,0,3,30,1
4.230000,175.26,26.110,15.680,282,303,40.000,40,40,18.000,39.000,55.000,106,98,164,167,133,133,133,133,133,133,1,0,0,3,30,1
4.235000,176.46,26.585,15.950,286,302,40.000,40,40,18.000,39.000,55.000,108,98,163,167,132,132,132,132,132,132,1,0,0,3,30,1
4.240000,177.66,27.063,16.230,291,302,40.000,40,40,18.000,39.000,55.000,109,98,163,167,132,132,132,132,132,132,1,0,0,3,30,1
4.245000,178.86,27.543,16.500,296,302,40.000,40,40,18.000,39.000,55.000,111,98,163,167,132,132,132,132,132,132,1,0,0,3,30,1
4.250000,180.06,28.024,16.820,301,302,40.000,40,40,18.000,39.000,55.000,113,98,163,167,132,132,132,132,132,132,1,0,0,3,30,1
4.255000,181.26,28.505,17.100,306,302,40.000,40,40,18.000,39.000,55.000,115,98,163,167,132,132,132,132,132,132,1,0,0,3,30,1
4.260000,182.46,28.984,17.370,311,302,40.000,40,40,18.000,39.000,55.000,117,98,163,167,132,132,132,132,132,132,1,0,0,3,30,1
4.265000,183.66,29.462,17.690,316,302,40.000,40,40,18.000,39.000,55.000,119,98,163,167,132,132,132,132,132,132,1,0,0,3,30,1
4.270000,184.86,29.938,17.970,321,303,40.000,40,40,18.000,39.000,55.000,121,98,164,167,133,133,133,133,133,133,1,0,0,3,30,1
4.275000,186.06,30.409,18.240,326,304,40.000,40,40,18.000,39.000,55.000,123,98,166,168,134,134,134,134,134,134,1,0,0,3,30,1
4.280000,187.26,30.876,18.510,331,305,40.000,40,40,18.000,39.000,55.000,125,99,166,168,135,135,135,135,135,135,1,0,0,3,30,1
4.285000,188.46,31.338,18.780,336,306,40.000,40,40,18.000,39.000,55.000,127,99,168,169,136,136,136,136,136,136,1,0,0,3,30,1
4.290000,189.66,31.793,19.050,341,307,40.000,40,40,18.000,39.000,55.000,129,100,170,170,137,137,137,137,137,137,1,0,0,3,30,1
4.295000,190.86,32.241,19.330,346,309,40.000,40,40,18.000,39.000,55.000,130,100,171,170,138,138,138,138,138,138,1,0,0,3,30,1
4.300000,192.06,32.681,19.600,351,310,40.000,40,40,18.000,39.000,55.000,132,101,171,170,139,139,139,139,139,139,1,0,0,3,30,1
4.305000,193.26,33.112,19.870,356,312,40.000,40,40,18.000,39.000,55.000,134,101,173,170,140,140,140,140,140,140,1,0,0,3,30,1
4.310000,194.46,33.534,20.090,361,314,40.000,40,40,18.000,39.000,55.000,136,102,174,170,141,141,141,141,141,141,1,0,0,3,30,1
4.315000,195.66,33.945,20.360,366,316,40.000,40,40,18.000,39.000,55.000,137,103,175,170,142,142,142,142,142,142,1,0,0,3,30,1
4.320000,196.86,34.345,20.580,371,318,40.000,40,40,18.000,39.000,55.000,139,104,176,170,143,143,143,143,143,143,1,0,0,3,30,1
4.325000,198.06,34.733,20.850,375,320,40.000,40,40,18.000,39.000,55.000,141,104,178,170,144,144,144,144,144,144,1,0,0,3,30,1
4.330000,199.26,35.108,21.070,380,323,40.000,40,40,18.000,39.000,55.000,142,105,181,171,146,146,146,146,146,146,1,0,0,3,30,1
4.335000,200.46,35.470,21.280,385,325,40.000,40,40,18.000,39.000,55.000,144,106,182,171,147,147,147,147,147,147,1,0,0,3,30,1
4.340000,201.66,35.818,21.500,389,327,40.000,40,40,18.000,39.000,55.000,145,107,183,171,148,148,148,148,148,148,1,0,0,3,30,1
4.345000,202.86,36.151,21.670,394,330,40.000,40,40,18.000,39.000,55.000,146,108,186,172,151,151,151,151,151,151,1,0,0,3,30,1
4.350000,204.06,36.468,21.880,398,333,40.000,40,40,18.000,39.000,55.000,148,109,188,172,152,152,152,152,152,152,1,0,0,3,30,1
4.355000,205.26,36.769,22.050,402,335,40.000,40,40,18.000,39.000,55.000,149,110,190,173,154,154,154,154,154,154,1,0,0,3,30,1
4.360000,206.46,37.054,22.210,406,338,40.000,40,40,18.000,39.000,55.000,150,111,192,173,156,156,156,156,156,156,1,0,0,3,30,1
4.365000,207.66,37.322,22.370,410,341,40.000,40,40,18.000,39.000,55.000,151,112,194,173,157,157,157,157,157,157,1,0,0,3,30,1
4.370000,208.86,37.571,22.540,414,344,40.000,40,40,18.000,39.000,55.000,152,113,197,174,160,160,160,160,160,160,1,0,0,3,30,1
4.375000,210.06,37.803,22.700,418,347,40.000,40,40,18.000,39.000,55.000,153,114,200,175,162,162,162,162,162,162,1,0,0,3,30,1
4.380000,211.26,38.016,22.810,421,350,40.000,40,40,18.000,39.000,55.000,154,115,202,175,164,164,164,164,164,164,1,0,0,3,30,1
4.385000,212.46,38.210,22.920,424,353,40.000,40,40,18.000,39.000,55.000,155,116,205,176,166,166,166,166,166,166,1,0,0,3,30,1
4.390000,213.66,38.384,23.030,428,356,40.000,40,40,18.000,39.000,55.000,156,118,207,176,168,168,168,168,168,168,1,0,0,3,30,1
4.395000,214.86,38.539,23.130,430,359,40.000,40,40,18.000,39.000,55.000,156,119,210,177,170,170,170,170,170,170,1,0,0,3,30,1
4.400000,216.06,38.673,23.190,433,362,40.000,40,40,18.000,39.000,55.000,157,120,214,178,173,173,173,173,173,172,1,0,0,3,30,1
4.405000,217.26,38.787,23.300,436,365,40.000,40,40,18.000,39.000,55.000,157,121,216,178,174,174,174,174,174,174,1,0,0,3,30,1
4.410000,218.46,38.880,23.300,438,367,40.000,40,40,18.000,39.000,55.000,157,122,218,179,176,176,176,176,176,176,1,0,0,3,30,1
4.415000,219.66,38.952,23.350,440,370,40.000,40,40,18.000,39.000,55.000,158,123,220,179,178,178,178,178,178,178,1,0,0,3,30,1
4.420000,220.86,39.003,23.410,442,373,40.000,40,40,18.000,39.000,55.000,158,124,223,180,181,181,181,181,181,181,1,0,0,3,30,1
4.425000,222.06,39.033,23.410,444,376,40.000,40,40,18.000,39.000,55.000,158,125,227,181,183,183,183,183,183,183,1,0,0,3,30,1
4.430000,223.26,39.042,23.410,446,379,40.000,40,40,18.000,39.000,55.000,158,126,230,182,186,186,186,186,186,186,1,0,0,3,30,1
4.435000,224.46,39.029,23.410,447,382,40.000,40,40,18.000,39.000,55.000,158,127,233,183,189,189,189,189,189,188,1,0,0,3,30,1
4.440000,225.66,38.995,23.410,448,384,40.000,40,40,18.000,39.000,55.000,158,128,234,183,190,190,190,190,190,190,1,0,0,3,30,1
4.445000,226.86,38.939,23.350,449,387,40.000,40,40,18.000,39.000,55.000,158,129,238,184,192,192,192,192,192,192,1,0,0,3,30,1
4.450000,228.06,38.862,23.300,450,389,40.000,40,40,18.000,39.000,55.000,157,130,239,184,194,194,194,194,194,194,1,0,0,3,30,1
4.455000,229.26,38.764,23.240,450,392,40.000,40,40,18.000,39.000,55.000,157,131,242,185,196,196,196,196,196,196,1,0,0,3,30,1
4.460000,230.46,38.644,23.190,451,394,40.000,40,40,18.000,39.000,55.000,157,132,245,186,198,198,198,198,198,198,1,0,0,3,30,1
4.465000,231.66,38.504,23.080,451,396,40.000,40,40,18.000,39.000,55.000,156,132,247,186,200,200,200,200,200,200,1,0,0,3,30,1
4.470000,232.86,38.343,23.030,451,399,40.000,40,40,18.000,39.000,55.000,156,133,250,187,202,202,202,202,202,202,1,0,0,3,30,1
4.475000,234.06,38.162,22.920,450,401,40.000,40,40,18.000,39.000,55.000,155,134,253,188,204,204,204,204,204,204,1,0,0,3,30,1
4.480000,235.26,37.960,22.750,450,403,40.000,40,40,18.000,39.000,55.000,154,135,254,188,206,206,206,206,206,206,1,0,0,3,30,1
4.485000,236.46,37.738,22.640,449,405,40.000,40,40,18.000,39.000,55.000,153,136,257,189,208,208,208,208,208,208,1,0,0,3,30,1
4.490000,237.66,37.497,22.480,448,406,40.000,40,40,18.000,39.000,55.000,152,136,257,189,208,208,208,208,208,208,1,0,0,3,30,1
4.495000,238.86,37.237,22.320,446,408,40.000,40,40,18.000,39.000,55.000,151,137,260,190,211,211,211,211,211,211,1,0,0,3,30,1
4.500000,240.06,36.958,22.150,445,409,40.000,40,40,18.000,39.000,55.000,150,137,261,190,211,211,211,211,211,211,1,0,0,3,30,1
4.505000,241.26,36.660,21.990,443,411,40.000,40,40,18.000,39.000,55.000,149,138,264,191,213,213,213,213,213,213,1,0,0,3,30,1
4.510000,242.46,36.345,21.770,441,412,40.000,40,40,18.000,39.000,55.000,147,138,264,191,214,214,214,214,214,214,1,0,0,3,30,1
4.515000,243.66,36.013,21.610,439,413,40.000,40,40,18.000,39.000,55.000,146,139,265,191,215,215,215,215,215,215,1,0,0,3,30,1
4.520000,244.86,35.664,21.390,437,414,40.000,40,40,18.000,39.000,55.000,144,139,267,192,216,216,216,216,216,216,1,0,0,3,30,1
4.525000,246.06,35.299,21.180,434,415,40.000,40,40,18.000,39.000,55.000,143,139,268,192,217,217,217,217,217,217,1,0,0,3,30,1
4.530000,247.26,34.918,20.960,431,416,40.000,40,40,18.000,39.000,55.000,142,140,269,192,217,217,217,217,217,217,1,0,0,3,30,1
4.535000,248.46,34.522,20.690,428,416,40.000,40,40,18.000,39.000,55.000,140,140,269,192,217,217,217,217,217,217,1,0,0,3,30,1
4.540000,249.66,34.113,20.470,425,417,40.000,40,40,18.000,39.000,55.000,138,140,271,193,219,219,219,219,219,219,1,0,0,3,30,1
4.545000,250.86,33.690,20.200,422,417,40.000,40,40,18.000,39.000,55.000,136,140,271,193,219,219,219,219,219,219,1,0,0,3,30,1
4.550000,252.06,33.254,19.920,418,417,40.000,40,40,18.000,39.000,55.000,134,140,271,193,219,219,219,219,219,219,1,0,0,3,30,1
4.555000,253.26,32.806,19.710,414,417,40.000,40,40,18.000,39.000,55.000,133,140,271,193,219,219,219,219,219,219,1,0,0,3,30,1
4.560000,254.46,32.346,19.380,410,417,40.000,40,40,18.000,39.000,55.000,131,140,271,193,219,219,219,219,219,219,1,0,0,3,30,1
4.565000,255.66,31.877,19.110,406,417,40.000,40,40,18.000,39.000,55.000,129,140,271,193,219,219,219,219,219,219,1,0,0,3,30,1
4.570000,256.86,31.397,18.840,402,416,40.000,40,40,18.000,39.000,55.000,127,140,269,192,217,217,217,217,217,217,1,0,0,3,30,1
4.575000,258.06,30.909,18.560,398,416,40.000,40,40,18.000,39.000,55.000,125,140,269,192,217,217,217,217,217,217,1,0,0,3,30,1
4.580000,259.26,30.413,18.240,393,416,40.000,40,40,18.000,39.000,55.000,123,140,269,192,217,217,217,217,217,217,1,0,0,3,30,1
4.585000,260.46,29.910,17.970,389,415,40.000,40,40,18.000,39.000,55.000,121,139,268,192,217,217,217,217,217,217,1,0,0,3,30,1
4.590000,261.66,29.400,17.640,384,415,40.000,40,40,18.000,39.000,55.000,119,139,268,192,217,217,217,217,217,217,1,0,0,3,30,1
4.595000,262.86,28.885,17.310,379,414,40.000,40,40,18.000,39.000,55.000,117,139,267,192,216,216,216,216,216,216,1,0,0,3,30,1
4.600000,264.06,28.366,16.990,374,413,40.000,40,40,18.000,39.000,55.000,115,139,265,191,215,215,215,215,215,215,1,0,0,3,30,1
4.605000,265.26,27.843,16.720,369,413,40.000,40,40,18.000,39.000,55.000,113,139,265,191,215,215,215,215,215,215,1,0,0,3,30,1
4.610000,266.46,27.317,16.390,364,412,40.000,40,40,18.000,39.000,55.000,111,138,264,191,214,214,214,214,214,214,1,0,0,3,30,1
4.615000,267.66,26.790,16.060,358,411,40.000,40,40,18.000,39.000,55.000,108,138,264,191,213,213,213,213,213,213,1,0,0,3,30,1
4.620000,268.86,26.262,15.740,353,410,40.000,40,40,18.000,39.000,55.000,106,137,263,191,213,213,213,213,213,213,1,0,0,3,30,1
4.625000,270.06,25.734,15.460,348,409,40.000,40,40,18.000,39.000,55.000,104,137,261,190,211,211,211,211,211,211,1,0,0,3,30,1
4.630000,271.26,25.207,15.140,342,407,40.000,40,40,18.000,39.000,55.000,102,136,260,190,210,210,210,210,210,210,1,0,0,3,30,1
4.635000,272.46,24.681,14.810,337,406,40.000,40,40,18.000,39.000,55.000,100,136,257,189,208,208,208,208,208,208,1,0,0,3,30,1
4.640000,273.66,24.159,14.490,331,405,40.000,40,40,18.000,39.000,55.000,98,136,257,189,208,208,208,208,208,208,1,0,0,3,30,1
4.645000,274.86,23.641,14.160,325,403,40.000,40,40,18.000,39.000,55.000,95,135,254,188,206,206,206,206,206,206,1,0,0,3,30,1
4.650000,276.06,23.127,13.890,320,402,40.000,40,40,18.000,39.000,55.000,94,134,253,188,205,205,205,205,205,205,1,0,0,3,30,1
4.655000,277.26,22.619,13.560,314,400,40.000,40,40,18.000,39.000,55.000,91,134,252,188,204,204,204,204,204,204,1,0,0,3,30,1
4.660000,278.46,22.117,13.290,309,398,40.000,40,40,18.000,39.000,55.000,90,133,249,187,202,202,202,202,202,202,1,0,0,3,30,1
4.665000,279.66,21.623,12.960,303,396,40.000,40,40,18.000,39.000,55.000,87,132,247,186,200,200,200,200,200,200,1,0,0,3,30,1
4.670000,280.86,21.137,12.690,298,395,40.000,40,40,18.000,39.000,55.000,85,132,246,186,199,199,199,199,199,199,1,0,0,3,30,1
4.675000,282.06,20.660,12.360,292,393,40.000,40,40,18.000,39.000,55.000,83,131,245,186,198,198,198,198,198,198,1,0,0,3,30,1
4.680000,283.26,20.194,12.090,287,391,40.000,40,40,18.000,39.000,55.000,81,130,242,185,196,196,196,196,196,196,1,0,0,3,30,1
4.685000,284.46,19.738,11.820,281,389,40.000,40,40,18.000,39.000,55.000,80,130,239,184,194,194,194,194,194,194,1,0,0,3,30,1
4.690000,285.66,19.293,11.550,276,386,40.000,40,40,18.000,39.000,55.000,78,129,237,184,192,192,192,192,192,192,1,0,0,3,30,1
4.695000,286.86,18.862,11.330,270,384,40.000,40,40,18.000,39.000,55.000,76,128,234,183,190,190,190,190,190,190,1,0,0,3,30,1
4.700000,288.06,18.443,11.060,265,382,40.000,40,40,18.000,39.000,55.000,74,127,233,183,189,189,189,189,189,189,1,0,0,3,30,1
4.705000,289.26,18.038,10.840,260,380,40.000,40,40,18.000,39.000,55.000,73,126,230,182,187,187,187,187,187,187,1,0,0,3,30,1
4.710000,290.46,17.648,10.570,255,377,40.000,40,40,18.000,39.000,55.000,71,125,227,181,184,184,184,184,184,184,1,0,0,3,30,1
4.715000,291.66,17.274,10.350,250,375,40.000,40,40,18.000,39.000,55.000,70,125,226,181,183,183,183,183,183,183,1,0,0,3,30,1
4.720000,292.86,16.915,10.130,245,372,40.000,40,40,18.000,39.000,55.000,68,123,223,180,180,180,180,180,180,180,1,0,0,3,30,1
4.725000,294.06,16.573,9.920,241,370,40.000,40,40,18.000,39.000,55.000,67,123,220,179,178,178,178,178,178,178,1,0,0,3,30,1
4.730000,295.26,16.249,9.750,236,367,40.000,40,40,18.000,39.000,55.000,66,122,218,179,176,176,176,176,176,176,1,0,0,3,30,1
4.735000,296.46,15.942,9.540,232,365,40.000,40,40,18.000,39.000,55.000,64,121,216,178,174,174,174,174,174,174,1,0,0,3,30,1
4.740000,297.66,15.654,9.370,228,362,40.000,40,40,18.000,39.000,55.000,63,120,214,178,173,173,173,173,173,173,1,0,0,3,30,1
4.745000,298.86,15.386,9.210,223,359,40.000,40,40,18.000,39.000,55.000,62,119,210,177,170,170,170,170,170,170,1,0,0,3,30,1
4.750000,300.06,15.136,9.100,220,357,40.000,40,40,18.000,39.000,55.000,61,118,209,177,169,169,169,169,169,169,1,0,0,3,30,1
4.755000,301.26,14.907,8.940,216,354,40.000,40,40,18.000,39.000,55.000,60,117,206,176,167,167,167,167,167,167,1,0,0,3,30,1
4.760000,302.46,14.698,8.830,212,351,40.000,40,40,18.000,39.000,55.000,59,116,203,175,164,164,164,164,164,164,1,0,0,3,30,1
4.765000,303.66,14.510,8.720,209,348,40.000,40,40,18.000,39.000,55.000,59,115,201,175,163,163,163,163,163,163,1,0,0,3,30,1
4.770000,304.86,14.343,8.610,206,346,40.000,40,40,18.000,39.000,55.000,58,114,199,174,161,161,161,161,161,161,1,0,0,3,30,1
4.775000,306.06,14.198,8.500,203,343,40.000,40,40,18.000,39.000,55.000,57,113,197,174,159,159,159,159,159,159,1,0,0,3,30,1
4.780000,307.26,14.074,8.450,200,340,40.000,40,40,18.000,39.000,55.000,57,112,194,173,157,157,157,157,157,157,1,0,0,3,30,1
4.785000,308.46,13.973,8.390,197,337,40.000,40,40,18.000,39.000,55.000,56,111,192,173,155,155,155,155,155,155,1,0,0,3,30,1
4.790000,309.66,13.894,8.340,195,335,40.000,40,40,18.000,39.000,55.000,56,110,190,173,154,154,154,154,154,154,1,0,0,3,30,1
4.795000,310.86,13.837,8.280,193,332,40.000,40,40,18.000,39.000,55.000,56,109,187,172,152,152,152,152,152,152,1,0,0,3,30,1
4.800000,312.06,13.803,8.280,191,329,40.000,40,40,18.000,39.000,55.000,56,108,185,172,150,150,150,150,150,150,1,0,0,3,30,1
4.805000,313.26,13.792,8.280,189,327,40.000,40,40,18.000,39.000,55.000,56,107,183,171,148,148,148,148,148,148,1,0,0,3,30,1
4.810000,314.46,13.803,8.280,188,324,40.000,40,40,18.000,39.000,55.000,56,106,181,171,147,147,147,147,147,147,1,0,0,3,30,1
4.815000,315.66,13.838,8.280,186,321,40.000,40,40,18.000,39.000,55.000,56,105,179,171,145,145,145,145,145,145,1,0,0,3,30,1
4.820000,316.86,13.895,8.340,185,318,40.000,40,40,18.000,39.000,55.000,56,104,176,170,143,143,143,143,143,143,1,0,0,3,30,1
4.825000,318.06,13.975,8.390,185,316,40.000,40,40,18.000,39.000,55.000,56,103,175,170,142,142,142,142,142,142,1,0,0,3,30,1
4.830000,319.26,14.077,8.450,184,313,40.000,40,40,18.000,39.000,55.000,57,102,173,170,140,140,140,140,140,140,1,0,0,3,30,1
4.835000,320.46,14.202,8.500,184,311,40.000,40,40,18.000,39.000,55.000,57,101,172,170,139,139,139,139,139,139,1,0,0,3,30,1
4.840000,321.66,14.349,8.610,184,308,40.000,40,40,18.000,39.000,55.000,58,100,170,170,138,138,138,138,138,138,1,0,0,3,30,1
4.845000,322.86,14.519,8.720,184,306,40.000,40,40,18.000,39.000,55.000,59,99,168,169,136,136,136,136,136,136,1,0,0,3,30,1
4.850000,324.06,14.710,8.830,184,304,40.000,40,40,18.000,39.000,55.000,59,98,166,168,134,134,134,134,134,134,1,0,0,3,30,1
4.855000,325.26,14.923,8.940,185,301,40.000,40,40,18.000,39.000,55.000,60,97,162,166,131,131,131,131,131,131,1,0,0,3,30,1
4.860000,326.46,15.157,9.100,186,299,40.000,40,40,18.000,39.000,55.000,61,97,161,166,130,130,130,130,130,130,1,0,0,3,30,1
4.865000,327.66,15.412,9.260,187,297,40.000,40,40,18.000,39.000,55.000,62,96,157,164,127,127,127,127,127,127,1,0,0,3,30,1
4.870000,328.86,15.688,9.430,188,295,40.000,40,40,18.000,39.000,55.000,63,95,155,163,126,126,126,126,126,126,1,0,0,3,30,1
4.875000,330.06,15.983,9.590,190,293,40.000,40,40,18.000,39.000,55.000,64,94,154,163,125,125,125,125,125,125,1,0,0,3,30,1
4.880000,331.26,16.299,9.750,192,291,40.000,40,40,18.000,39.000,55.000,66,94,152,162,123,123,123,123,123,123,1,0,0,3,30,1
4.885000,332.46,16.633,9.970,194,289,40.000,40,40,18.000,39.000,55.000,67,93,150,161,121,121,121,121,121,121,1,0,0,3,30,1
4.890000,333.66,16.986,10.190,196,287,40.000,40,40,18.000,39.000,55.000,69,92,148,160,120,120,120,120,120,120,1,0,0,3,30,1
4.895000,334.86,17.357,10.410,199,285,40.000,40,40,18.000,39.000,55.000,70,91,146,159,118,118,118,118,118,118,1,0,0,3,30,1
4.900000,336.06,17.745,10.620,201,284,40.000,40,40,18.000,39.000,55.000,71,91,144,158,117,117,117,117,117,117,1,0,0,3,30,1
4.905000,337.26,18.150,10.900,204,282,40.000,40,40,18.000,39.000,55.000,73,90,142,157,115,115,115,115,115,115,1,0,0,3,30,1
4.910000,338.46,18.572,11.110,207,280,40.000,40,40,18.000,39.000,55.000,75,90,140,156,113,113,113,113,113,113,1,0,0,3,30,1
4.915000,339.66,19.008,11.380,211,279,40.000,40,40,18.000,39.000,55.000,77,89,139,156,113,113,113,113,113,113,1,0,0,3,30,1
4.920000,340.86,19.460,11.660,214,278,40.000,40,40,18.000,39.000,55.000,79,89,138,155,112,112,112,112,112,112,1,0,0,3,30,1
4.925000,342.06,19.925,11.930,218,277,40.000,40,40,18.000,39.000,55.000,80,88,137,155,111,111,111,111,111,111,1,0,0,3,30,1
4.930000,343.26,20.404,12.260,222,276,40.000,40,40,18.000,39.000,55.000,83,88,136,154,110,110,110,110,110,110,1,0,0,3,30,1
4.935000,344.46,20.895,12.530,226,275,40.000,40,40,18.000,39.000,55.000,84,88,135,154,110,110,110,110,110,110,1,0,0,3,30,1
4.940000,345.66,21.398,12.850,231,274,40.000,40,40,18.000,39.000,55.000,87,87,134,153,108,108,108,108,108,108,1,0,0,3,30,1
4.945000,346.86,21.912,13.130,235,273,40.000,40,40,18.000,39.000,55.000,88,87,133,153,108,108,108,108,108,108,1,0,0,3,30,1
4.950000,348.06,22.436,13.450,240,272,40.000,40,40,18.000,39.000,55.000,91,87,133,153,107,107,107,107,107,107,1,0,0,3,30,1
4.955000,349.26,22.969,13.780,245,272,40.000,40,40,18.000,39.000,55.000,93,87,133,153,107,107,107,107,107,107,1,0,0,3,30,1
4.960000,350.46,23.510,14.100,250,271,40.000,40,40,18.000,39.000,55.000,95,86,131,152,106,106,106,106,106,106,1,0,0,3,30,1
4.965000,351.66,24.059,14.430,255,271,40.000,40,40,18.000,39.000,55.000,97,86,131,152,106,106,106,106,106,106,1,0,0,3,30,1
4.970000,352.86,24.614,14.760,260,271,40.000,40,40,18.000,39.000,55.000,100,86,131,152,106,106,106,106,106,106,1,0,0,3,30,1
4.975000,354.06,25.174,15.080,265,271,40.000,40,40,18.000,39.000,55.000,102,86,131,152,106,106,106,106,106,106,1,0,0,3,30,1
4.980000,355.26,25.740,15.460,271,271,40.000,40,40,18.000,39.000,55.000,104,86,131,152,106,106,106,106,106,106,1,0,0,3,30,1
4.985000,356.46,26.309,15.790,276,271,40.000,40,40,18.000,39.000,55.000,106,86,131,152,106,106,106,106,106,106,1,0,0,3,30,1
4.990000,357.66,26.881,16.120,282,271,40.000,40,40,18.000,39.000,55.000,109,86,131,152,106,106,106,106,106,106,1,0,0,3,30,1
4.995000,358.86,27.454,16.440,288,271,40.000,40,40,18.000,39.000,55.000,111,86,131,152,106,106,106,106,106,106,1,0,0,3,30,1
5.000000,0.06,28.029,16.820,294,272,40.000,40,40,18.000,39.000,55.000,113,87,133,153,107,107,107,107,107,107,1,0,0,3,30,1
5.005000,1.26,28.603,17.150,300,273,40.000,40,40,18.000,39.000,55.000,116,87,133,153,108,108,108,108,108,108,1,0,0,3,30,1
5.010000,2.46,29.177,17.480,306,274,40.000,40,40,18.000,39.000,55.000,118,87,134,153,108,108,108,108,108,108,1,0,0,3,30,1
5.015000,3.66,29.748,17.860,312,276,40.000,40,40,18.000,39.000,55.000,121,88,136,154,110,110,110,110,110,110,1,0,0,3,30,1
5.020000,4.86,30.317,18.180,318,277,40.000,40,40,18.000,39.000,55.000,123,88,137,155,111,111,111,111,111,111,1,0,0,3,30,1
5.025000,6.06,30.882,18.510,324,279,40.000,40,40,18.000,39.000,55.000,125,89,139,156,113,113,113,113,113,113,1,0,0,3,30,1
5.030000,7.26,31.442,18.840,330,281,40.000,40,40,18.000,39.000,55.000,127,90,141,157,114,114,114,114,114,114,1,0,0,3,30,1
5.035000,8.46,31.997,19.160,336,283,40.000,40,40,18.000,39.000,55.000,129,91,143,158,116,116,116,116,116,116,1,0,0,3,30,1
5.040000,9.66,32.545,19.540,342,285,40.000,40,40,18.000,39.000,55.000,132,91,146,159,118,118,118,118,118,118,1,0,0,3,30,1
5.045000,10.86,33.085,19.870,348,288,40.000,40,40,18.000,39.000,55.000,134,92,148,160,120,120,120,120,120,120,1,0,0,3,30,1
5.050000,12.06,33.617,20.140,354,290,40.000,40,40,18.000,39.000,55.000,136,93,150,161,122,122,122,122,122,122,1,0,0,3,30,1
5.055000,13.26,34.140,20.470,360,293,40.000,40,40,18.000,39.000,55.000,138,94,154,163,125,125,125,125,125,125,1,0,0,3,30,1
5.060000,14.46,34.653,20.790,366,296,40.000,40,40,18.000,39.000,55.000,140,95,157,164,127,127,127,127,127,127,1,0,0,3,30,1
5.065000,15.66,35.154,21.070,372,299,40.000,40,40,18.000,39.000,55.000,142,97,161,166,130,130,130,130,130,130,1,0,0,3,30,1
5.070000,16.86,35.644,21.390,378,302,40.000,40,40,18.000,39.000,55.000,144,98,163,167,132,132,132,132,132,132,1,0,0,3,30,1
5.075000,18.06,36.122,21.670,384,305,40.000,40,40,18.000,39.000,55.000,146,99,166,168,135,135,135,135,135,135,1,0,0,3,30,1
5.080000,19.26,36.586,21.940,389,308,40.000,40,40,18.000,39.000,55.000,148,100,170,170,138,138,138,138,138,138,1,0,0,3,30,1
5.085000,20.46,37.036,22.210,395,312,40.000,40,40,18.000,39.000,55.000,150,101,173,170,140,140,140,140,140,140,1,0,0,3,30,1
5.090000,21.66,37.471,22.480,401,315,40.000,40,40,18.000,39.000,55.000,152,102,174,170,141,141,141,141,141,141,1,0,0,3,30,1
5.095000,22.86,37.891,22.750,406,319,40.000,40,40,18.000,39.000,55.000,154,104,177,170,143,143,143,143,143,143,1,0,0,3,30,1
5.100000,24.06,38.294,22.970,411,322,40.000,40,40,18.000,39.000,55.000,155,105,180,171,146,146,146,146,146,146,1,0,0,3,30,1
5.105000,25.26,38.681,23.190,416,326,40.000,40,40,18.000,39.000,55.000,157,106,182,171,148,148,148,148,148,148,1,0,0,3,30,1
5.110000,26.46,39.050,23.410,422,330,40.000,40,40,18.000,39.000,55.000,158,108,186,172,151,151,151,151,151,151,1,0,0,3,30,1
5.115000,27.66,39.401,23.620,426,334,40.000,40,40,18.000,39.000,55.000,160,109,189,172,153,153,153,153,153,153,1,0,0,3,30,1
5.120000,28.86,39.734,23.840,431,338,40.000,40,40,18.000,39.000,55.000,161,111,192,173,156,156,156,156,156,156,1,0,0,3,30,1
5.125000,30.06,40.047,24.000,436,341,40.000,40,40,18.000,39.000,55.000,162,112,194,173,157,157,157,157,157,157,1,0,0,3,30,1
5.130000,31.26,40.341,24.220,440,345,40.000,40,40,18.000,39.000,55.000,164,113,198,174,160,160,160,160,160,160,1,0,0,3,30,1
5.135000,32.46,40.614,24.380,444,349,40.000,40,40,18.000,39.000,55.000,165,115,202,175,163,163,163,163,163,163,1,0,0,3,30,1
5.140000,33.66,40.867,24.490,448,353,40.000,40,40,18.000,39.000,55.000,165,116,205,176,166,166,166,166,166,166,1,0,0,3,30,1
5.145000,34.86,41.099,24.660,452,357,40.000,40,40,18.000,39.000,55.000,167,118,209,177,169,169,169,169,169,169,1,0,0,3,30,1
5.150000,36.06,41.310,24.770,456,361,40.000,40,40,18.000,39.000,55.000,167,119,212,177,171,171,171,171,171,171,1,0,0,3,30,1
5.155000,37.26,41.499,24.870,460,365,40.000,40,40,18.000,39.000,55.000,168,121,216,178,174,174,174,174,174,174,1,0,0,3,30,1
5.160000,38.46,41.666,24.980,463,369,40.000,40,40,18.000,39.000,55.000,169,122,219,179,178,178,178,178,178,178,1,0,0,3,30,1
5.165000,39.66,41.811,25.090,466,373,40.000,40,40,18.000,39.000,55.000,170,124,223,180,181,181,181,181,181,181,1,0,0,3,30,1
5.170000,40.86,41.934,25.150,469,377,40.000,40,40,18.000,39.000,55.000,170,125,227,181,184,184,184,184,184,184,1,0,0,3,30,1
5.175000,42.06,42.034,25.200,471,380,40.000,40,40,18.000,39.000,55.000,170,126,230,182,187,187,187,187,187,187,1,0,0,3,30,1
5.180000,43.26,42.112,25.260,474,384,40.000,40,40,18.000,39.000,55.000,171,128,234,183,190,190,190,190,190,190,1,0,0,3,30,1
5.185000,44.46,42.167,25.310,476,388,40.000,40,40,18.000,39.000,55.000,171,129,238,184,193,193,193,193,193,193,1,0,0,3,30,1
5.190000,45.66,42.199,25.310,478,391,40.000,40,40,18.000,39.000,55.000,171,130,242,185,196,196,196,196,196,196,1,0,0,3,30,1
5.195000,46.86,42.208,25.310,480,395,40.000,40,40,18.000,39.000,55.000,171,132,246,186,199,199,199,199,199,199,1,0,0,3,30,1
5.200000,48.06,42.194,25.310,481,398,40.000,40,40,18.000,39.000,55.000,171,133,249,187,202,202,202,202,202,202,1,0,0,3,30,1
5.205000,49.26,42.158,25.310,482,402,40.000,40,40,18.000,39.000,55.000,171,134,253,188,205,205,205,205,205,205,1,0,0,3,30,1
5.210000,50.46,42.099,25.260,483,405,40.000,40,40,18.000,39.000,55.000,171,136,257,189,208,208,208,208,208,208,1,0,0,3,30,1
5.215000,51.66,42.018,25.200,484,408,40.000,40,40,18.000,39.000,55.000,170,137,260,190,211,211,211,211,211,211,1,0,0,3,30,1
5.220000,52.86,41.914,25.150,485,411,40.000,40,40,18.000,39.000,55.000,170,138,264,191,213,213,213,213,213,213,1,0,0,3,30,1
5.225000,54.06,41.789,25.090,485,414,40.000,40,40,18.000,39.000,55.000,170,139,267,192,216,216,216,216,216,216,1,0,0,3,30,1
5.230000,55.26,41.641,24.980,485,417,40.000,40,40,18.000,39.000,55.000,169,140,271,193,219,219,219,219,219,219,1,0,0,3,30,1
5.235000,56.46,41.472,24.870,485,420,40.000,40,40,18.000,39.000,55.000,168,141,274,194,222,222,222,222,222,222,1,0,0,3,30,1
5.240000,57.66,41.282,24.770,485,422,40.000,40,40,18.000,39.000,55.000,167,142,276,194,223,223,223,223,223,223,1,0,0,3,30,1
5.245000,58.86,41.071,24.660,484,425,40.000,40,40,18.000,39.000,55.000,167,143,279,195,226,226,226,226,226,226,1,0,0,3,30,1
5.250000,60.06,40.840,24.490,483,427,40.000,40,40,18.000,39.000,55.000,165,144,282,196,228,228,228,228,228,228,1,0,0,3,30,1
5.255000,61.26,40.588,24.330,482,430,40.000,40,40,18.000,39.000,55.000,164,145,286,197,231,231,231,231,231,231,1,0,0,3,30,1
5.260000,62.46,40.318,24.170,481,432,40.000,40,40,18.000,39.000,55.000,163,146,289,198,234,234,234,234,234,233,1,0,0,3,30,1
5.265000,63.66,40.028,24.000,479,434,40.000,40,40,18.000,39.000,55.000,162,146,290,198,235,235,235,235,235,235,1,0,0,3,30,1
5.270000,64.86,39.719,23.840,477,435,40.000,40,40,18.000,39.000,55.000,161,147,291,198,235,235,235,235,235,235,1,0,0,3,30,1
5.275000,66.06,39.393,23.620,475,437,40.000,40,40,18.000,39.000,55.000,160,147,294,199,238,238,238,238,238,238,1,0,0,3,30,1
5.280000,67.26,39.050,23.410,473,438,40.000,40,40,18.000,39.000,55.000,158,148,296,200,240,240,240,240,240,240,1,0,0,3,30,1
5.285000,68.46,38.690,23.190,471,440,40.000,40,40,18.000,39.000,55.000,157,149,298,200,241,241,241,241,241,241,1,0,0,3,30,1
5.290000,69.66,38.313,22.970,468,441,40.000,40,40,18.000,39.000,55.000,155,149,300,201,243,243,243,243,243,243,1,0,0,3,30,1
5.295000,70.86,37.922,22.750,465,442,40.000,40,40,18.000,39.000,55.000,154,149,300,201,243,243,243,243,243,243,1,0,0,3,30,1
5.300000,72.06,37.516,22.480,462,443,40.000,40,40,18.000,39.000,55.000,152,150,301,201,244,244,244,244,244,244,1,0,0,3,30,1
5.305000,73.26,37.096,22.260,459,443,40.000,40,40,18.000,39.000,55.000,150,150,301,201,244,244,244,244,244,244,1,0,0,3,30,1
5.310000,74.46,36.663,21.990,455,444,40.000,40,40,18.000,39.000,55.000,149,150,303,202,246,246,246,246,246,246,1,0,0,3,30,1
5.315000,75.66,36.217,21.720,451,444,40.000,40,40,18.000,39.000,55.000,147,150,303,202,246,246,246,246,246,246,1,0,0,3,30,1
5.320000,76.86,35.760,21.450,448,444,40.000,40,40,18.000,39.000,55.000,145,150,303,202,246,246,246,246,246,246,1,0,0,3,30,1
5.325000,78.06,35.292,21.180,444,444,40.000,40,40,18.000,39.000,55.000,143,150,303,202,246,246,246,246,246,246,1,0,0,3,30,1
5.330000,79.26,34.815,20.900,439,444,40.000,40,40,18.000,39.000,55.000,141,150,303,202,246,246,246,246,246,246,1,0,0,3,30,1
5.335000,80.46,34.328,20.580,435,444,40.000,40,40,18.000,39.000,55.000,139,150,303,202,246,246,246,246,246,246,1,0,0,3,30,1
5.340000,81.66,33.833,20.310,431,444,40.000,40,40,18.000,39.000,55.000,137,150,303,202,246,246,246,246,246,246,1,0,0,3,30,1
5.345000,82.86,33.331,19.980,426,444,40.000,40,40,18.000,39.000,55.000,135,150,303,202,246,246,246,246,246,246,1,0,0,3,30,1
5.350000,84.06,32.822,19.710,421,443,40.000,40,40,18.000,39.000,55.000,133,150,301,201,244,244,244,244,244,244,1,0,0,3,30,1
5.355000,85.26,32.308,19.380,416,443,40.000,40,40,18.000,39.000,55.000,131,150,301,201,244,244,244,244,244,244,1,0,0,3,30,1
5.360000,86.46,31.789,19.050,411,442,40.000,40,40,18.000,39.000,55.000,129,149,300,201,243,243,243,243,243,243,1,0,0,3,30,1
5.365000,87.66,31.266,18.730,406,442,40.000,40,40,18.000,39.000,55.000,126,149,300,201,243,243,243,243,243,243,1,0,0,3,30,1
5.370000,88.86,30.741,18.460,401,441,40.000,40,40,18.000,39.000,55.000,125,149,300,201,243,243,243,243,243,243,1,0,0,3,30,1
5.375000,90.06,30.214,18.130,396,440,40.000,40,40,18.000,39.000,55.000,122,149,298,200,241,241,241,241,241,241,1,0,0,3,30,1
5.380000,91.26,29.685,17.800,391,439,40.000,40,40,18.000,39.000,55.000,120,148,297,200,240,240,240,240,240,240,1,0,0,3,30,1
5.385000,92.46,29.157,17.480,385,438,40.000,40,40,18.000,39.000,55.000,118,148,296,200,240,240,240,240,240,240,1,0,0,3,30,1
5.390000,93.66,28.630,17.150,380,437,40.000,40,40,18.000,39.000,55.000,116,147,294,199,238,238,238,238,238,238,1,0,0,3,30,1
5.395000,94.86,28.105,16.880,374,436,40.000,40,40,18.000,39.000,55.000,114,147,293,199,237,237,237,237,237,237,1,0,0,3,30,1
5.400000,96.06,27.582,16.550,369,435,40.000,40,40,18.000,39.000,55.000,112,147,291,198,235,235,235,235,235,235,1,0,0,3,30,1
5.405000,97.26,27.063,16.230,363,434,40.000,40,40,18.000,39.000,55.000,109,146,290,198,235,235,235,235,235,235,1,0,0,3,30,1
5.410000,98.46,26.549,15.900,358,432,40.000,40,40,18.000,39.000,55.000,107,146,289,198,234,234,234,234,234,234,1,0,0,3,30,1
5.415000,99.66,26.040,15.630,352,431,40.000,40,40,18.000,39.000,55.000,105,145,286,197,232,232,232,232,232,232,1,0,0,3,30,1
5.420000,100.86,25.537,15.300,346,429,40.000,40,40,18.000,39.000,55.000,103,144,285,197,231,231,231,231,231,231,1,0,0,3,30,1
5.425000,102.06,25.042,15.030,341,427,40.000,40,40,18.000,39.000,55.000,101,144,282,196,228,228,228,228,228,228,1,0,0,3,30,1
5.430000,103.26,24.554,14.700,335,426,40.000,40,40,18.000,39.000,55.000,99,143,281,196,228,228,228,228,228,228,1,0,0,3,30,1
5.435000,104.46,24.076,14.430,330,424,40.000,40,40,18.000,39.000,55.000,97,143,279,195,225,225,225,225,225,225,1,0,0,3,30,1
5.440000,105.66,23.607,14.160,324,422,40.000,40,40,18.000,39.000,55.000,95,142,276,194,223,223,223,223,223,223,1,0,0,3,30,1
5.445000,106.86,23.149,13.890,319,420,40.000,40,40,18.000,39.000,55.000,94,141,274,194,222,222,222,222,222,222,1,0,0,3,30,1
5.450000,108.06,22.702,13.620,313,418,40.000,40,40,18.000,39.000,55.000,92,140,271,193,220,220,220,220,220,220,1,0,0,3,30,1
5.455000,109.26,22.268,13.340,308,416,40.000,40,40,18.000,39.000,55.000,90,140,269,192,217,217,217,217,217,217,1,0,0,3,30,1
5.460000,110.46,21.846,13.130,303,414,40.000,40,40,18.000,39.000,55.000,88,139,267,192,216,216,216,216,216,216,1,0,0,3,30,1
5.465000,111.66,21.437,12.850,298,412,40.000,40,40,18.000,39.000,55.000,87,138,264,191,214,214,214,214,214,214,1,0,0,3,30,1
5.470000,112.86,21.043,12.640,293,409,40.000,40,40,18.000,39.000,55.000,85,137,261,190,211,211,211,211,211,211,1,0,0,3,30,1
5.475000,114.06,20.664,12.420,288,407,40.000,40,40,18.000,39.000,55.000,84,136,260,190,210,210,210,210,210,210,1,0,0,3,30,1
5.480000,115.26,20.301,12.200,283,405,40.000,40,40,18.000,39.000,55.000,82,136,257,189,208,208,208,208,208,208,1,0,0,3,30,1
5.485000,116.46,19.953,11.980,278,402,40.000,40,40,18.000,39.000,55.000,81,134,253,188,205,205,205,205,205,205,1,0,0,3,30,1
5.490000,117.66,19.622,11.770,274,400,40.000,40,40,18.000,39.000,55.000,79,134,252,188,204,204,204,204,204,204,1,0,0,3,30,1
5.495000,118.86,19.309,11.600,269,397,40.000,40,40,18.000,39.000,55.000,78,133,248,187,201,201,201,201,201,201,1,0,0,3,30,1
5.500000,120.06,19.014,11.380,265,395,40.000,40,40,18.000,39.000,55.000,77,132,246,186,199,199,199,199,199,199,1,0,0,3,30,1
5.505000,121.26,18.736,11.220,261,392,40.000,40,40,18.000,39.000,55.000,76,131,242,185,196,196,196,196,196,196,1,0,0,3,30,1
5.510000,122.46,18.478,11.060,257,390,40.000,40,40,18.000,39.000,55.000,74,130,241,185,195,195,195,195,195,195,1,0,0,3,30,1
5.515000,123.66,18.239,10.950,253,387,40.000,40,40,18.000,39.000,55.000,74,129,238,184,192,192,192,192,192,192,1,0,0,3,30,1
5.520000,124.86,18.019,10.790,249,384,40.000,40,40,18.000,39.000,55.000,73,128,234,183,190,190,190,190,190,190,1,0,0,3,30,1
5.525000,126.06,17.819,10.680,246,382,40.000,40,40,18.000,39.000,55.000,72,127,233,183,189,189,189,189,189,189,1,0,0,3,30,1
5.530000,127.26,17.640,10.570,243,379,40.000,40,40,18.000,39.000,55.000,71,126,230,182,186,186,186,186,186,186,1,0,0,3,30,1
5.535000,128.46,17.481,10.510,240,376,40.000,40,40,18.000,39.000,55.000,71,125,227,181,183,183,183,183,183,183,1,0,0,3,30,1
5.540000,129.66,17.343,10.410,237,374,40.000,40,40,18.000,39.000,55.000,70,124,224,180,181,181,181,181,181,181,1,0,0,3,30,1
5.545000,130.86,17.225,10.350,234,371,40.000,40,40,18.000,39.000,55.000,70,123,222,180,180,180,180,180,180,180,1,0,0,3,30,1
5.550000,132.06,17.129,10.300,231,368,40.000,40,40,18.000,39.000,55.000,69,122,219,179,177,177,177,177,177,177,1,0,0,3,30,1
5.555000,133.26,17.055,10.240,229,365,40.000,40,40,18.000,39.000,55.000,69,121,216,178,174,174,174,174,174,175,1,0,0,3,30,1
5.560000,134.46,17.001,10.190,227,363,40.000,40,40,18.000,39.000,55.000,69,120,214,178,173,173,173,173,173,173,1,0,0,3,30,1
5.565000,135.66,16.969,10.190,225,360,40.000,40,40,18.000,39.000,55.000,69,119,211,177,171,171,171,171,171,171,1,0,0,3,30,1
5.570000,136.86,16.958,10.190,224,357,40.000,40,40,18.000,39.000,55.000,69,118,209,177,169,169,169,169,169,169,1,0,0,3,30,1
5.575000,138.06,16.969,10.190,222,355,40.000,40,40,18.000,39.000,55.000,69,117,207,176,167,167,167,167,167,167,1,0,0,3,30,1
5.580000,139.26,17.001,10.190,221,352,40.000,40,40,18.000,39.000,55.000,69,116,205,176,166,166,166,166,166,166,1,0,0,3,30,1
5.585000,140.46,17.054,10.240,220,350,40.000,40,40,18.000,39.000,55.000,69,115,202,175,164,164,164,164,164,164,1,0,0,3,30,1
5.590000,141.66,17.128,10.300,219,347,40.000,40,40,18.000,39.000,55.000,69,114,200,175,162,162,162,162,162,162,1,0,0,3,30,1
5.595000,142.86,17.224,10.350,219,345,40.000,40,40,18.000,39.000,55.000,70,113,198,174,160,160,160,160,160,160,1,0,0,3,30,1
5.600000,144.06,17.340,10.410,219,342,40.000,40,40,18.000,39.000,55.000,70,112,196,174,159,159,159,159,159,159,1,0,0,3,30,1
5.605000,145.26,17.476,10.460,218,340,40.000,40,40,18.000,39.000,55.000,70,112,194,173,157,157,157,157,157,157,1,0,0,3,30,1
5.610000,146.46,17.632,10.570,219,337,40.000,40,40,18.000,39.000,55.000,71,111,192,173,155,155,155,155,155,155,1,0,0,3,30,1
5.615000,147.66,17.809,10.680,219,335,40.000,40,40,18.000,39.000,55.000,72,110,190,173,154,154,154,154,154,154,1,0,0,3,30,1
5.620000,148.86,18.004,10.790,219,333,40.000,40,40,18.000,39.000,55.000,73,109,188,172,152,152,152,152,152,152,1,0,0,3,30,1
5.625000,150.06,18.219,10.950,220,331,40.000,40,40,18.000,39.000,55.000,74,108,187,172,151,151,151,151,151,151,1,0,0,3,30,1
5.630000,151.26,18.453,11.060,221,328,40.000,40,40,18.000,39.000,55.000,74,107,184,171,149,149,149,149,149,149,1,0,0,3,30,1
5.635000,152.46,18.704,11.220,222,326,40.000,40,40,18.000,39.000,55.000,76,106,182,171,148,148,148,148,148,148,1,0,0,3,30,1
5.640000,153.66,18.974,11.380,224,324,40.000,40,40,18.000,39.000,55.000,77,106,181,171,147,147,147,147,147,147,1,0,0,3,30,1
5.645000,154.86,19.260,11.550,226,322,40.000,40,40,18.000,39.000,55.000,78,105,180,171,146,146,146,146,146,146,1,0,0,3,30,1
5.650000,156.06,19.563,11.710,227,321,40.000,40,40,18.000,39.000,55.000,79,105,179,171,145,145,145,145,145,145,1,0,0,3,30,1
5.655000,157.26,19.882,11.930,229,319,40.000,40,40,18.000,39.000,55.000,80,104,177,170,143,143,143,143,143,143,1,0,0,3,30,1
5.660000,158.46,20.216,12.150,232,317,40.000,40,40,18.000,39.000,55.000,82,103,176,170,142,142,142,142,142,142,1,0,0,3,30,1
5.665000,159.66,20.565,12.360,234,315,40.000,40,40,18.000,39.000,55.000,83,102,174,170,141,141,141,141,141,141,1,0,0,3,30,1
5.670000,160.86,20.929,12.530,237,314,40.000,40,40,18.000,39.000,55.000,84,102,174,170,141,141,141,141,141,141,1,0,0,3,30,1
5.675000,162.06,21.305,12.800,240,312,40.000,40,40,18.000,39.000,55.000,86,101,173,170,140,140,140,140,140,140,1,0,0,3,30,1
5.680000,163.26,21.694,13.020,243,311,40.000,40,40,18.000,39.000,55.000,88,101,172,170,139,139,139,139,139,139,1,0,0,3,30,1
5.685000,164.46,22.096,13.230,246,310,40.000,40,40,18.000,39.000,55.000,89,101,171,170,139,139,139,139,139,139,1,0,0,3,30,1
5.690000,165.66,22.508,13.510,250,309,40.000,40,40,18.000,39.000,55.000,91,100,171,170,138,138,138,138,138,138,1,0,0,3,30,1
5.695000,166.86,22.930,13.720,253,308,40.000,40,40,18.000,39.000,55.000,92,100,170,170,138,138,138,138,138,138,1,0,0,3,30,1
5.700000,168.06,23.363,14.000,257,307,40.000,40,40,18.000,39.000,55.000,94,100,170,170,137,137,137,137,137,137,1,0,0,3,30,1
5.705000,169.26,23.804,14.270,261,306,40.000,40,40,18.000,39.000,55.000,96,99,168,169,136,136,136,136,136,136,1,0,0,3,30,1
5.710000,170.46,24.252,14.540,265,305,40.000,40,40,18.000,39.000,55.000,98,99,166,168,135,135,135,135,135,135,1,0,0,3,30,1
5.715000,171.66,24.708,14.810,269,304,40.000,40,40,18.000,39.000,55.000,100,98,166,168,134,134,134,134,134,134,1,0,0,3,30,1
5.720000,172.86,25.170,15.080,273,303,40.000,40,40,18.000,39.000,55.000,102,98,164,167,133,133,133,133,133,133,1,0,0,3,30,1
5.725000,174.06,25.638,15.360,277,303,40.000,40,40,18.000,39.000,55.000,104,98,164,167,133,133,133,133,133,133,1,0,0,3,30,1
5.730000,175.26,26.110,15.680,282,303,40.000,40,40,18.000,39.000,55.000,106,98,164,167,133,133,133,133,133,133,1,0,0,3,30,1
5.735000,176.46,26.585,15.950,286,302,40.000,40,40,18.000,39.000,55.000,108,98,163,167,132,132,132,132,132,132,1,0,0,3,30,1
5.740000,177.66,27.063,16.230,291,302,40.000,40,40,18.000,39.000,55.000,109,98,163,167,132,132,132,132,132,132,1,0,0,3,30,1
5.745000,178.86,27.543,16.500,296,302,40.000,40,40,18.000,39.000,55.000,111,98,163,167,132,132,132,132,132,132,1,0,0,3,30,1
5.750000,180.06,28.024,16.820,301,302,40.000,40,40,18.000,39.000,55.000,113,98,163,167,132,132,132,132,132,132,1,0,0,3,30,1
5.755000,181.26,28.505,17.100,306,302,40.000,40,40,18.000,39.000,55.000,115,98,163,167,132,132,132,132,132,132,1,0,0,3,30,1
5.760000,182.46,28.984,17.370,311,302,40.000,40,40,18.000,39.000,55.000,117,98,163,167,132,132,132,132,132,132,1,0,0,3,30,1
5.765000,183.66,29.462,17.690,316,302,40.000,40,40,18.000,39.000,55.000,119,98,163,167,132,132,132,132,132,132,1,0,0,3,30,1
5.770000,184.86,29.938,17.970,321,303,40.000,40,40,18.000,39.000,55.000,121,98,164,167,133,133,133,133,133,133,1,0,0,3,30,1
5.775000,186.06,30.409,18.240,326,304,40.000,40,40,18.000,39.000,55.000,123,98,166,168,134,134,134,134,134,134,1,0,0,3,30,1
5.780000,187.26,30.876,18.510,331,305,40.000,40,40,18.000,39.000,55.000,125,99,166,168,135,135,135,135,135,135,1,0,0,3,30,1
5.785000,188.46,31.338,18.780,336,306,40.000,40,40,18.000,39.000,55.000,127,99,168,169,136,136,136,136,136,136,1,0,0,3,30,1
5.790000,189.66,31.793,19.050,341,307,40.000,40,40,18.000,39.000,55.000,129,100,170,170,137,137,137,137,137,137,1,0,0,3,30,1
5.795000,190.86,32.241,19.330,346,309,40.000,40,40,18.000,39.000,55.000,130,100,171,170,138,138,138,138,138,138,1,0,0,3,30,1
5.800000,192.06,32.681,19.600,351,310,40.000,40,40,18.000,39.000,55.000,132,101,171,170,139,139,139,139,139,139,1,0,0,3,30,1
5.805000,193.26,33.112,19.870,356,312,40.000,40,40,18.000,39.000,55.000,134,101,173,170,140,140,140,140,140,140,1,0,0,3,30,1
5.810000,194.46,33.534,20.090,361,314,40.000,40,40,18.000,39.000,55.000,136,102,174,170,141,141,141,141,141,141,1,0,0,3,30,1
5.815000,195.66,33.945,20.360,366,316,40.000,40,40,18.000,39.000,55.000,137,103,175,170,142,142,142,142,142,142,1,0,0,3,30,1
5.820000,196.86,34.345,20.580,371,318,40.000,40,40,18.000,39.000,55.000,139,104,176,170,143,143,143,143,143,143,1,0,0,3,30,1
5.825000,198.06,34.733,20.850,375,320,40.000,40,40,18.000,39.000,55.000,141,104,178,170,144,144,144,144,144,144,1,0,0,3,30,1
5.830000,199.26,35.108,21.070,380,323,40.000,40,40,18.000,39.000,55.000,142,105,181,171,146,146,146,146,146,146,1,0,0,3,30,1
5.835000,200.46,35.470,21.280,385,325,40.000,40,40,18.000,39.000,55.000,144,106,182,171,147,147,147,147,147,147,1,0,0,3,30,1
5.840000,201.66,35.818,21.500,389,327,40.000,40,40,18.000,39.000,55.000,145,107,183,171,148,148,148,148,148,148,1,0,0,3,30,1
5.845000,202.86,36.151,21.670,394,330,40.000,40,40,18.000,39.000,55.000,146,108,186,172,151,151,151,151,151,151,1,0,0,3,30,1
5.850000,204.06,36.468,21.880,398,333,40.000,40,40,18.000,39.000,55.000,148,109,188,172,152,152,152,152,152,152,1,0,0,3,30,1
5.855000,205.26,36.769,22.050,402,335,40.000,40,40,18.000,39.000,55.000,149,110,190,173,154,154,154,154,154,154,1,0,0,3,30,1
5.860000,206.46,37.054,22.210,406,338,40.000,40,40,18.000,39.000,55.000,150,111,192,173,156,156,156,156,156,156,1,0,0,3,30,1
5.865000,207.66,37.322,22.370,410,341,40.000,40,40,18.000,39.000,55.000,151,112,194,173,157,157,157,157,157,157,1,0,0,3,30,1
5.870000,208.86,37.571,22.540,414,344,40.000,40,40,18.000,39.000,55.000,152,113,197,174,160,160,160,160,160,160,1,0,0,3,30,1
5.875000,210.06,37.803,22.700,418,347,40.000,40,40,18.000,39.000,55.000,153,114,200,175,162,162,162,162,162,162,1,0,0,3,30,1
5.880000,211.26,38.016,22.810,421,350,40.000,40,40,18.000,39.000,55.000,154,115,202,175,164,164,164,164,164,164,1,0,0,3,30,1
5.885000,212.46,38.210,22.920,424,353,40.000,40,40,18.000,39.000,55.000,155,116,205,176,166,166,166,166,166,166,1,0,0,3,30,1
5.890000,213.66,38.384,23.030,428,356,40.000,40,40,18.000,39.000,55.000,156,118,207,176,168,168,168,168,168,168,1,0,0,3,30,1
5.895000,214.86,38.539,23.130,430,359,40.000,40,40,18.000,39.000,55.000,156,119,210,177,170,170,170,170,170,170,1,0,0,3,30,1
5.900000,216.06,38.673,23.190,433,362,40.000,40,40,18.000,39.000,55.000,157,120,214,178,173,173,173,173,173,172,1,0,0,3,30,1
5.905000,217.26,38.787,23.300,436,365,40.000,40,40,18.000,39.000,55.000,157,121,216,178,174,174,174,174,174,174,1,0,0,3,30,1
5.910000,218.46,38.880,23.300,438,367,40.000,40,40,18.000,39.000,55.000,157,122,218,179,176,176,176,176,176,176,1,0,0,3,30,1
5.915000,219.66,38.952,23.350,440,370,40.000,40,40,18.000,39.000,55.000,158,123,220,179,178,178,178,178,178,178,1,0,0,3,30,1
5.920000,220.86,39.003,23.410,442,373,40.000,40,40,18.000,39.000,55.000,158,124,223,180,181,181,181,181,181,181,1,0,0,3,30,1
5.925000,222.06,39.033,23.410,444,376,40.000,40,40,18.000,39.000,55.000,158,125,227,181,183,183,183,183,183,183,1,0,0,3,30,1
5.930000,223.26,39.042,23.410,446,379,40.000,40,40,18.000,39.000,55.000,158,126,230,182,186,186,186,186,186,186,1,0,0,3,30,1
5.935000,224.46,39.029,23.410,447,382,40.000,40,40,18.000,39.000,55.000,158,127,233,183,189,189,189,189,189,188,1,0,0,3,30,1
5.940000,225.66,38.995,23.410,448,384,40.000,40,40,18.000,39.000,55.000,158,128,234,183,190,190,190,190,190,190,1,0,0,3,30,1
5.945000,226.86,38.939,23.350,449,387,40.000,40,40,18.000,39.000,55.000,158,129,238,184,192,192,192,192,192,192,1,0,0,3,30,1
5.950000,228.06,38.862,23.300,450,389,40.000,40,40,18.000,39.000,55.000,157,130,239,184,194,194,194,194,194,194,1,0,0,3,30,1
5.955000,229.26,38.764,23.240,450,392,40.000,40,40,18.000,39.000,55.000,157,131,242,185,196,196,196,196,196,196,1,0,0,3,30,1
5.960000,230.46,38.644,23.190,451,394,40.000,40,40,18.000,39.000,55.000,157,132,245,186,198,198,198,198,198,198,1,0,0,3,30,1
5.965000,231.66,38.504,23.080,451,396,40.000,40,40,18.000,39.000,55.000,156,132,247,186,200,200,200,200,200,200,1,0,0,3,30,1
5.970000,232.86,38.343,23.030,451,399,40.000,40,40,18.000,39.000,55.000,156,133,250,187,202,202,202,202,202,202,1,0,0,3,30,1
5.975000,234.06,38.162,22.920,450,401,40.000,40,40,18.000,39.000,55.000,155,134,253,188,204,204,204,204,204,204,1,0,0,3,30,1
5.980000,235.26,37.960,22.750,450,403,40.000,40,40,18.000,39.000,55.000,154,135,254,188,206,206,206,206,206,206,1,0,0,3,30,1
5.985000,236.46,37.738,22.640,449,405,40.000,40,40,18.000,39.000,55.000,153,136,257,189,208,208,208,208,208,208,1,0,0,3,30,1
5.990000,237.66,37.497,22.480,448,406,40.000,40,40,18.000,39.000,55.000,152,136,257,189,208,208,208,208,208,208,1,0,0,3,30,1
5.995000,238.86,37.237,22.320,446,408,40.000,40,40,18.000,39.000,55.000,151,137,260,190,211,211,211,211,211,211,1,0,0,3,30,1
6.000000,240.06,36.958,22.150,445,409,40.000,40,40,18.000,39.000,55.000,150,137,261,190,211,211,211,211,211,211,1,0,0,3,30,1
6.005000,241.26,36.660,21.990,443,411,40.000,40,40,18.000,39.000,55.000,149,138,264,191,213,213,213,213,213,213,1,0,0,3,30,1
6.010000,242.46,36.345,21.770,441,412,40.000,40,40,18.000,39.000,55.000,147,138,264,191,214,214,214,214,214,214,1,0,0,3,30,1
6.015000,243.66,36.013,21.610,439,413,40.000,40,40,18.000,39.000,55.000,146,139,265,191,215,215,215,215,215,215,1,0,0,3,30,1
6.020000,244.86,35.664,21.390,437,414,40.000,40,40,18.000,39.000,55.000,144,139,267,192,216,216,216,216,216,216,1,0,0,3,30,1
6.025000,246.06,35.299,21.180,434,415,40.000,40,40,18.000,39.000,55.000,143,139,268,192,217,217,217,217,217,217,1,0,0,3,30,1
6.030000,247.26,34.918,20.960,431,416,40.000,40,40,18.000,39.000,55.000,142,140,269,192,217,217,217,217,217,217,1,0,0,3,30,1
6.035000,248.46,34.522,20.690,428,416,40.000,40,40,18.000,39.000,55.000,140,140,269,192,217,217,217,217,217,217,1,0,0,3,30,1
6.040000,249.66,34.113,20.470,425,417,40.000,40,40,18.000,39.000,55.000,138,140,271,193,219,219,219,219,219,219,1,0,0,3,30,1
6.045000,250.86,33.690,20.200,422,417,40.000,40,40,18.000,39.000,55.000,136,140,271,193,219,219,219,219,219,219,1,0,0,3,30,1
6.050000,252.06,33.254,19.920,418,417,40.000,40,40,18.000,39.000,55.000,134,140,271,193,219,219,219,219,219,219,1,0,0,3,30,1
6.055000,253.26,32.806,19.710,414,417,40.000,40,40,18.000,39.000,55.000,133,140,271,193,219,219,219,219,219,219,1,0,0,3,30,1
6.060000,254.46,32.346,19.380,410,417,40.000,40,40,18.000,39.000,55.000,131,140,271,193,219,219,219,219,219,219,1,0,0,3,30,1
6.065000,255.66,31.877,19.110,406,417,40.000,40,40,18.000,39.000,55.000,129,140,271,193,219,219,219,219,219,219,1,0,0,3,30,1
6.070000,256.86,31.397,18.840,402,416,40.000,40,40,18.000,39.000,55.000,127,140,269,192,217,217,217,217,217,217,1,0,0,3,30,1
6.075000,258.06,30.909,18.560,398,416,40.000,40,40,18.000,39.000,55.000,125,140,269,192,217,217,217,217,217,217,1,0,0,3,30,1
6.080000,259.26,30.413,18.240,393,416,40.000,40,40,18.000,39.000,55.000,123,140,269,192,217,217,217,217,217,217,1,0,0,3,30,1
6.085000,260.46,29.910,17.970,389,415,40.000,40,40,18.000,39.000,55.000,121,139,268,192,217,217,217,217,217,217,1,0,0,3,30,1
6.090000,261.66,29.400,17.640,384,415,40.000,40,40,18.000,39.000,55.000,119,139,268,192,217,217,217,217,217,217,1,0,0,3,30,1
6.095000,262.86,28.885,17.310,379,414,40.000,40,40,18.000,39.000,55.000,117,139,267,192,216,216,216,216,216,216,1,0,0,3,30,1
6.100000,264.06,28.366,16.990,374,413,40.000,40,40,18.000,39.000,55.000,115,139,265,191,215,215,215,215,215,215,1,0,0,3,30,1
6.105000,265.26,27.843,16.720,369,413,40.000,40,40,18.000,39.000,55.000,113,139,265,191,215,215,215,215,215,215,1,0,0,3,30,1
6.110000,266.46,27.317,16.390,364,412,40.000,40,40,18.000,39.000,55.000,111,138,264,191,214,214,214,214,214,214,1,0,0,3,30,1
6.115000,267.66,26.790,16.060,358,411,40.000,40,40,18.000,39.000,55.000,108,138,264,191,213,213,213,213,213,213,1,0,0,3,30,1
6.120000,268.86,26.262,15.740,353,410,40.000,40,40,18.000,39.000,55.000,106,137,263,191,213,213,213,213,213,213,1,0,0,3,30,1
6.125000,270.06,25.734,15.460,348,409,40.000,40,40,18.000,39.000,55.000,104,137,261,190,211,211,211,211,211,211,1,0,0,3,30,1
6.130000,271.26,25.207,15.140,342,407,40.000,40,40,18.000,39.000,55.000,102,136,260,190,210,210,210,210,210,210,1,0,0,3,30,1
6.135000,272.46,24.681,14.810,337,406,40.000,40,40,18.000,39.000,55.000,100,136,257,189,208,208,208,208,208,208,1,0,0,3,30,1
6.140000,273.66,24.159,14.490,331,405,40.000,40,40,18.000,39.000,55.000,98,136,257,189,208,208,208,208,208,208,1,0,0,3,30,1
6.145000,274.86,23.641,14.160,325,403,40.000,40,40,18.000,39.000,55.000,95,135,254,188,206,206,206,206,206,206,1,0,0,3,30,1
6.150000,276.06,23.127,13.890,320,402,40.000,40,40,18.000,39.000,55.000,94,134,253,188,205,205,205,205,205,205,1,0,0,3,30,1
6.155000,277.26,22.619,13.560,314,400,40.000,40,40,18.000,39.000,55.000,91,134,252,188,204,204,204,204,204,204,1,0,0,3,30,1
6.160000,278.46,22.117,13.290,309,398,40.000,40,40,18.000,39.000,55.000,90,133,249,187,202,202,202,202,202,202,1,0,0,3,30,1
6.165000,279.66,21.623,12.960,303,396,40.000,40,40,18.000,39.000,55.000,87,132,247,186,200,200,200,200,200,200,1,0,0,3,30,1
6.170000,280.86,21.137,12.690,298,395,40.000,40,40,18.000,39.000,55.000,85,132,246,186,199,199,199,199,199,199,1,0,0,3,30,1
6.175000,282.06,20.660,12.360,292,393,40.000,40,40,18.000,39.000,55.000,83,131,245,186,198,198,198,198,198,198,1,0,0,3,30,1
6.180000,283.26,20.194,12.090,287,391,40.000,40,40,18.000,39.000,55.000,81,130,242,185,196,196,196,196,196,196,1,0,0,3,30,1
6.185000,284.46,19.738,11.820,281,389,40.000,40,40,18.000,39.000,55.000,80,130,239,184,194,194,194,194,194,194,1,0,0,3,30,1
6.190000,285.66,19.293,11.550,276,386,40.000,40,40,18.000,39.000,55.000,78,129,237,184,192,192,192,192,192,192,1,0,0,3,30,1
6.195000,286.86,18.862,11.330,270,384,40.000,40,40,18.000,39.000,55.000,76,128,234,183,190,190,190,190,190,190,1,0,0,3,30,1
6.200000,288.06,18.443,11.060,265,382,40.000,40,40,18.000,39.000,55.000,74,127,233,183,189,189,189,189,189,189,1,0,0,3,30,1
6.205000,289.26,18.038,10.840,260,380,40.000,40,40,18.000,39.000,55.000,73,126,230,182,187,187,187,187,187,187,1,0,0,3,30,1
6.210000,290.46,17.648,10.570,255,377,40.000,40,40,18.000,39.000,55.000,71,125,227,181,184,184,184,184,184,184,1,0,0,3,30,1
6.215000,291.66,17.274,10.350,250,375,40.000,40,40,18.000,39.000,55.000,70,125,226,181,183,183,183,183,183,183,1,0,0,3,30,1
6.220000,292.86,16.915,10.130,245,372,40.000,40,40,18.000,39.000,55.000,68,123,223,180,180,180,180,180,180,180,1,0,0,3,30,1
6.225000,294.06,16.573,9.920,241,370,40.000,40,40,18.000,39.000,55.000,67,123,220,179,178,178,178,178,178,178,1,0,0,3,30,1
6.230000,295.26,16.249,9.750,236,367,40.000,40,40,18.000,39.000,55.000,66,122,218,179,176,176,176,176,176,176,1,0,0,3,30,1
6.235000,296.46,15.942,9.540,232,365,40.000,40,40,18.000,39.000,55.000,64,121,216,178,174,174,174,174,174,174,1,0,0,3,30,1
6.240000,297.66,15.654,9.370,228,362,40.000,40,40,18.000,39.000,55.000,63,120,214,178,173,173,173,173,173,173,1,0,0,3,30,1
6.245000,298.86,15.386,9.210,223,359,40.000,40,40,18.000,39.000,55.000,62,119,210,177,170,170,170,170,170,170,1,0,0,3,30,1
6.250000,300.06,15.136,9.100,220,357,40.000,40,40,18.000,39.000,55.000,61,118,209,177,169,169,169,169,169,169,1,0,0,3,30,1
6.255000,301.26,14.907,8.940,216,354,40.000,40,40,18.000,39.000,55.000,60,117,206,176,167,167,167,167,167,167,1,0,0,3,30,1
6.260000,302.46,14.698,8.830,212,351,40.000,40,40,18.000,39.000,55.000,59,116,203,175,164,164,164,164,164,164,1,0,0,3,30,1
6.265000,303.66,14.510,8.720,209,348,40.000,40,40,18.000,39.000,55.000,59,115,201,175,163,163,163,163,163,163,1,0,0,3,30,1
6.270000,304.86,14.343,8.610,206,346,40.000,40,40,18.000,39.000,55.000,58,114,199,174,161,161,161,161,161,161,1,0,0,3,30,1
6.275000,306.06,14.198,8.500,203,343,40.000,40,40,18.000,39.000,55.000,57,113,197,174,159,159,159,159,159,159,1,0,0,3,30,1
6.280000,307.26,14.074,8.450,200,340,40.000,40,40,18.000,39.000,55.000,57,112,194,173,157,157,157,157,157,157,1,0,0,3,30,1
6.285000,308.46,13.973,8.390,197,337,40.000,40,40,18.000,39.000,55.000,56,111,192,173,155,155,155,155,155,155,1,0,0,3,30,1
6.290000,309.66,13.894,8.340,195,335,40.000,40,40,18.000,39.000,55.000,56,110,190,173,154,154,154,154,154,154,1,0,0,3,30,1
6.295000,310.86,13.837,8.280,193,332,40.000,40,40,18.000,39.000,55.000,56,109,187,172,152,152,152,152,152,152,1,0,0,3,30,1
6.300000,312.06,13.803,8.280,191,329,40.000,40,40,18.000,39.000,55.000,56,108,185,172,150,150,150,150,150,150,1,0,0,3,30,1
6.305000,313.26,13.792,8.280,189,327,40.000,40,40,18.000,39.000,55.000,56,107,183,171,148,148,148,148,148,148,1,0,0,3,30,1
6.310000,314.46,13.803,8.280,188,324,40.000,40,40,18.000,39.000,55.000,56,106,181,171,147,147,147,147,147,147,1,0,0,3,30,1
6.315000,315.66,13.838,8.280,186,321,40.000,40,40,18.000,39.000,55.000,56,105,179,171,145,145,145,145,145,145,1,0,0,3,30,1
6.320000,316.86,13.895,8.340,185,318,40.000,40,40,18.000,39.000,55.000,56,104,176,170,143,143,143,143,143,143,1,0,0,3,30,1
6.325000,318.06,13.975,8.390,185,316,40.000,40,40,18.000,39.000,55.000,56,103,175,170,142,142,142,142,142,142,1,0,0,3,30,1
6.330000,319.26,14.077,8.450,184,313,40.000,40,40,18.000,39.000,55.000,57,102,173,170,140,140,140,140,140,140,1,0,0,3,30,1
6.335000,320.46,14.202,8.500,184,311,40.000,40,40,18.000,39.000,55.000,57,101,172,170,139,139,139,139,139,139,1,0,0,3,30,1
6.340000,321.66,14.349,8.610,184,308,40.000,40,40,18.000,39.000,55.000,58,100,170,170,138,138,138,138,138,138,1,0,0,3,30,1
6.345000,322.86,14.519,8.720,184,306,40.000,40,40,18.000,39.000,55.000,59,99,168,169,136,136,136,136,136,136,1,0,0,3,30,1
6.350000,324.06,14.710,8.830,184,304,40.000,40,40,18.000,39.000,55.000,59,98,166,168,134,134,134,134,134,134,1,0,0,3,30,1
6.355000,325.26,14.923,8.940,185,301,40.000,40,40,18.000,39.000,55.000,60,97,162,166,131,131,131,131,131,131,1,0,0,3,30,1
6.360000,326.46,15.157,9.100,186,299,40.000,40,40,18.000,39.000,55.000,61,97,161,166,130,130,130,130,130,130,1,0,0,3,30,1
6.365000,327.66,15.412,9.260,187,297,40.000,40,40,18.000,39.000,55.000,62,96,157,164,127,127,127,127,127,127,1,0,0,3,30,1
6.370000,328.86,15.688,9.430,188,295,40.000,40,40,18.000,39.000,55.000,63,95,155,163,126,126,126,126,126,126,1,0,0,3,30,1
6.375000,330.06,15.983,9.590,190,293,40.000,40,40,18.000,39.000,55.000,64,94,154,163,125,125,125,125,125,125,1,0,0,3,30,1
6.380000,331.26,16.299,9.750,192,291,40.000,40,40,18.000,39.000,55.000,66,94,152,162,123,123,123,123,123,123,1,0,0,3,30,1
6.385000,332.46,16.633,9.970,194,289,40.000,40,40,18.000,39.000,55.000,67,93,150,161,121,121,121,121,121,121,1,0,0,3,30,1
6.390000,333.66,16.986,10.190,196,287,40.000,40,40,18.000,39.000,55.000,69,92,148,160,120,120,120,120,120,120,1,0,0,3,30,1
6.395000,334.86,17.357,10.410,199,285,40.000,40,40,18.000,39.000,55.000,70,91,146,159,118,118,118,118,118,118,1,0,0,3,30,1
6.400000,336.06,17.745,10.620,201,284,40.000,40,40,18.000,39.000,55.000,71,91,144,158,117,117,117,117,117,117,1,0,0,3,30,1
6.405000,337.26,18.150,10.900,204,282,40.000,40,40,18.000,39.000,55.000,73,90,142,157,115,115,115,115,115,115,1,0,0,3,30,1
6.410000,338.46,18.572,11.110,207,280,40.000,40,40,18.000,39.000,55.000,75,90,140,156,113,113,113,113,113,113,1,0,0,3,30,1
6.415000,339.66,19.008,11.380,211,279,40.000,40,40,18.000,39.000,55.000,77,89,139,156,113,113,113,113,113,113,1,0,0,3,30,1
6.420000,340.86,19.460,11.660,214,278,40.000,40,40,18.000,39.000,55.000,79,89,138,155,112,112,112,112,112,112,1,0,0,3,30,1
6.425000,342.06,19.925,11.930,218,277,40.000,40,40,18.000,39.000,55.000,80,88,137,155,111,111,111,111,111,111,1,0,0,3,30,1
6.430000,343.26,20.404,12.260,222,276,40.000,40,40,18.000,39.000,55.000,83,88,136,154,110,110,110,110,110,110,1,0,0,3,30,1
6.435000,344.46,20.895,12.530,226,275,40.000,40,40,18.000,39.000,55.000,84,88,135,154,110,110,110,110,110,110,1,0,0,3,30,1
6.440000,345.66,21.398,12.850,231,274,40.000,40,40,18.000,39.000,55.000,87,87,134,153,108,108,108,108,108,108,1,0,0,3,30,1
6.445000,346.86,21.912,13.130,235,273,40.000,40,40,18.000,39.000,55.000,88,87,133,153,108,108,108,108,108,108,1,0,0,3,30,1
6.450000,348.06,22.436,13.450,240,272,40.000,40,40,18.000,39.000,55.000,91,87,133,153,107,107,107,107,107,107,1,0,0,3,30,1
6.455000,349.26,22.969,13.780,245,272,40.000,40,40,18.000,39.000,55.000,93,87,133,153,107,107,107,107,107,107,1,0,0,3,30,1
6.460000,350.46,23.510,14.100,250,271,40.000,40,40,18.000,39.000,55.000,95,86,131,152,106,106,106,106,106,106,1,0,0,3,30,1
6.465000,351.66,24.059,14.430,255,271,40.000,40,40,18.000,39.000,55.000,97,86,131,152,106,106,106,106,106,106,1,0,0,3,30,1
6.470000,352.86,24.614,14.760,260,271,40.000,40,40,18.000,39.000,55.000,100,86,131,152,106,106,106,106,106,106,1,0,0,3,30,1
6.475000,354.06,25.174,15.080,265,271,40.000,40,40,18.000,39.000,55.000,102,86,131,152,106,106,106,106,106,106,1,0,0,3,30,1
6.480000,355.26,25.740,15.460,271,271,40.000,40,40,18.000,39.000,55.000,104,86,131,152,106,106,106,106,106,106,1,0,0,3,30,1
6.485000,356.46,26.309,15.790,276,271,40.000,40,40,18.000,39.000,55.000,106,86,131,152,106,106,106,106,106,106,1,0,0,3,30,1
6.490000,357.66,26.881,16.120,282,271,40.000,40,40,18.000,39.000,55.000,109,86,131,152,106,106,106,106,106,106,1,0,0,3,30,1
6.495000,358.86,27.454,16.440,288,271,40.000,40,40,18.000,39.000,55.000,111,86,131,152,106,106,106,106,106,106,1,0,0,3,30,1
6.500000,0.06,28.029,16.820,294,272,40.000,40,40,18.000,39.000,55.000,113,87,133,153,107,107,107,107,107,107,1,0,0,3,30,1
6.505000,1.26,28.603,17.150,300,273,40.000,40,40,18.000,39.000,55.000,116,87,133,153,108,108,108,108,108,108,1,0,0,3,30,1
6.510000,2.46,29.177,17.480,306,274,40.000,40,40,18.000,39.000,55.000,118,87,134,153,108,108,108,108,108,108,1,0,0,3,30,1
6.515000,3.66,29.748,17.860,312,276,40.000,40,40,18.000,39.000,55.000,121,88,136,154,110,110,110,110,110,110,1,0,0,3,30,1
6.520000,4.86,30.317,18.180,318,277,40.000,40,40,18.000,39.000,55.000,123,88,137,155,111,111,111,111,111,111,1,0,0,3,30,1
6.525000,6.06,30.882,18.510,324,279,40.000,40,40,18.000,39.000,55.000,125,89,139,156,113,113,113,113,113,113,1,0,0,3,30,1
6.530000,7.26,31.442,18.840,330,281,40.000,40,40,18.000,39.000,55.000,127,90,141,157,114,114,114,114,114,114,1,0,0,3,30,1
6.535000,8.46,31.997,19.160,336,283,40.000,40,40,18.000,39.000,55.000,129,91,143,158,116,116,116,116,116,116,1,0,0,3,30,1
6.540000,9.66,32.545,19.540,342,285,40.000,40,40,18.000,39.000,55.000,132,91,146,159,118,118,118,118,118,118,1,0,0,3,30,1
6.545000,10.86,33.085,19.870,348,288,40.000,40,40,18.000,39.000,55.000,134,92,148,160,120,120,120,120,120,120,1,0,0,3,30,1
6.550000,12.06,33.617,20.140,354,290,40.000,40,40,18.000,39.000,55.000,136,93,150,161,122,122,122,122,122,122,1,0,0,3,30,1
6.555000,13.26,34.140,20.470,360,293,40.000,40,40,18.000,39.000,55.000,138,94,154,163,125,125,125,125,125,125,1,0,0,3,30,1
6.560000,14.46,34.653,20.790,366,296,40.000,40,40,18.000,39.000,55.000,140,95,157,164,127,127,127,127,127,127,1,0,0,3,30,1
6.565000,15.66,35.154,21.070,372,299,40.000,40,40,18.000,39.000,55.000,142,97,161,166,130,130,130,130,130,130,1,0,0,3,30,1
6.570000,16.86,35.644,21.390,378,302,40.000,40,40,18.000,39.000,55.000,144,98,163,167,132,132,132,132,132,132,1,0,0,3,30,1
6.575000,18.06,36.122,21.670,384,305,40.000,40,40,18.000,39.000,55.000,146,99,166,168,135,135,135,135,135,135,1,0,0,3,30,1
6.580000,19.26,36.586,21.940,389,308,40.000,40,40,18.000,39.000,55.000,148,100,170,170,138,138,138,138,138,138,1,0,0,3,30,1
6.585000,20.46,37.036,22.210,395,312,40.000,40,40,18.000,39.000,55.000,150,101,173,170,140,140,140,140,140,140,1,0,0,3,30,1
6.590000,21.66,37.471,22.480,401,315,40.000,40,40,18.000,39.000,55.000,152,102,174,170,141,141,141,141,141,141,1,0,0,3,30,1
6.595000,22.86,37.891,22.750,406,319,40.000,40,40,18.000,39.000,55.000,154,104,177,170,143,143,143,143,143,143,1,0,0,3,30,1
6.600000,24.06,38.294,22.970,411,322,40.000,40,40,18.000,39.000,55.000,155,105,180,171,146,146,146,146,146,146,1,0,0,3,30,1
6.605000,25.26,38.681,23.190,416,326,40.000,40,40,18.000,39.000,55.000,157,106,182,171,148,148,148,148,148,148,1,0,0,3,30,1
6.610000,26.46,39.050,23.410,422,330,40.000,40,40,18.000,39.000,55.000,158,108,186,172,151,151,151,151,151,151,1,0,0,3,30,1
6.615000,27.66,39.401,23.620,426,334,40.000,40,40,18.000,39.000,55.000,160,109,189,172,153,153,153,153,153,153,1,0,0,3,30,1
6.620000,28.86,39.734,23.840,431,338,40.000,40,40,18.000,39.000,55.000,161,111,192,173,156,156,156,156,156,156,1,0,0,3,30,1
6.625000,30.06,40.047,24.000,436,341,40.000,40,40,18.000,39.000,55.000,162,112,194,173,157,157,157,157,157,157,1,0,0,3,30,1
6.630000,31.26,40.341,24.220,440,345,40.000,40,40,18.000,39.000,55.000,164,113,198,174,160,160,160,160,160,160,1,0,0,3,30,1
6.635000,32.46,40.614,24.380,444,349,40.000,40,40,18.000,39.000,55.000,165,115,202,175,163,163,163,163,163,163,1,0,0,3,30,1
6.640000,33.66,40.867,24.490,448,353,40.000,40,40,18.000,39.000,55.000,165,116,205,176,166,166,166,166,166,166,1,0,0,3,30,1
6.645000,34.86,41.099,24.660,452,357,40.000,40,40,18.000,39.000,55.000,167,118,209,177,169,169,169,169,169,169,1,0,0,3,30,1
6.650000,36.06,41.310,24.770,456,361,40.000,40,40,18.000,39.000,55.000,167,119,212,177,171,171,171,171,171,171,1,0,0,3,30,1
6.655000,37.26,41.499,24.870,460,365,40.000,40,40,18.000,39.000,55.000,168,121,216,178,174,174,174,174,174,174,1,0,0,3,30,1
6.660000,38.46,41.666,24.980,463,369,40.000,40,40,18.000,39.000,55.000,169,122,219,179,178,178,178,178,178,178,1,0,0,3,30,1
6.665000,39.66,41.811,25.090,466,373,40.000,40,40,18.000,39.000,55.000,170,124,223,180,181,181,181,181,181,181,1,0,0,3,30,1
6.670000,40.86,41.934,25.150,469,377,40.000,40,40,18.000,39.000,55.000,170,125,227,181,184,184,184,184,184,184,1,0,0,3,30,1
6.675000,42.06,42.034,25.200,471,380,40.000,40,40,18.000,39.000,55.000,170,126,230,182,187,187,187,187,187,187,1,0,0,3,30,1
6.680000,43.26,42.112,25.260,474,384,40.000,40,40,18.000,39.000,55.000,171,128,234,183,190,190,190,190,190,190,1,0,0,3,30,1
6.685000,44.46,42.167,25.310,476,388,40.000,40,40,18.000,39.000,55.000,171,129,238,184,193,193,193,193,193,193,1,0,0,3,30,1
6.690000,45.66,42.199,25.310,478,391,40.000,40,40,18.000,39.000,55.000,171,130,242,185,196,196,196,196,196,196,1,0,0,3,30,1
6.695000,46.86,42.208,25.310,480,395,40.000,40,40,18.000,39.000,55.000,171,132,246,186,199,199,199,199,199,199,1,0,0,3,30,1
6.700000,48.06,42.194,25.310,481,398,40.000,40,40,18.000,39.000,55.000,171,133,249,187,202,202,202,202,202,202,1,0,0,3,30,1
6.705000,49.26,42.158,25.310,482,402,40.000,40,40,18.000,39.000,55.000,171,134,253,188,205,205,205,205,205,205,1,0,0,3,30,1
6.710000,50.46,42.099,25.260,483,405,40.000,40,40,18.000,39.000,55.000,171,136,257,189,208,208,208,208,208,208,1,0,0,3,30,1
6.715000,51.66,42.018,25.200,484,408,40.000,40,40,18.000,39.000,55.000,170,137,260,190,211,211,211,211,211,211,1,0,0,3,30,1
6.720000,52.86,41.914,25.150,485,411,40.000,40,40,18.000,39.000,55.000,170,138,264,191,213,213,213,213,213,213,1,0,0,3,30,1
6.725000,54.06,41.789,25.090,485,414,40.000,40,40,18.000,39.000,55.000,170,139,267,192,216,216,216,216,216,216,1,0,0,3,30,1
6.730000,55.26,41.641,24.980,485,417,40.000,40,40,18.000,39.000,55.000,169,140,271,193,219,219,219,219,219,219,1,0,0,3,30,1
6.735000,56.46,41.472,24.870,485,420,40.000,40,40,18.000,39.000,55.000,168,141,274,194,222,222,222,222,222,222,1,0,0,3,30,1
6.740000,57.66,41.282,24.770,485,422,40.000,40,40,18.000,39.000,55.000,167,142,276,194,223,223,223,223,223,223,1,0,0,3,30,1
6.745000,58.86,41.071,24.660,484,425,40.000,40,40,18.000,39.000,55.000,167,143,279,195,226,226,226,226,226,226,1,0,0,3,30,1
6.750000,60.06,40.840,24.490,483,427,40.000,40,40,18.000,39.000,55.000,165,144,282,196,228,228,228,228,228,228,1,0,0,3,30,1
6.755000,61.26,40.588,24.330,482,430,40.000,40,40,18.000,39.000,55.000,164,145,286,197,231,231,231,231,231,231,1,0,0,3,30,1
6.760000,62.46,40.318,24.170,481,432,40.000,40,40,18.000,39.000,55.000,163,146,289,198,234,234,234,234,234,233,1,0,0,3,30,1
6.765000,63.66,40.028,24.000,479,434,40.000,40,40,18.000,39.000,55.000,162,146,290,198,235,235,235,235,235,235,1,0,0,3,30,1
6.770000,64.86,39.719,23.840,477,435,40.000,40,40,18.000,39.000,55.000,161,147,291,198,235,235,235,235,235,235,1,0,0,3,30,1
6.775000,66.06,39.393,23.620,475,437,40.000,40,40,18.000,39.000,55.000,160,147,294,199,238,238,238,238,238,238,1,0,0,3,30,1
6.780000,67.26,39.050,23.410,473,438,40.000,40,40,18.000,39.000,55.000,158,148,296,200,240,240,240,240,240,240,1,0,0,3,30,1
6.785000,68.46,38.690,23.190,471,440,40.000,40,40,18.000,39.000,55.000,157,149,298,200,241,241,241,241,241,241,1,0,0,3,30,1
6.790000,69.66,38.313,22.970,468,441,40.000,40,40,18.000,39.000,55.000,155,149,300,201,243,243,243,243,243,243,1,0,0,3,30,1
6.795000,70.86,37.922,22.750,465,442,40.000,40,40,18.000,39.000,55.000,154,149,300,201,243,243,243,243,243,243,1,0,0,3,30,1
6.800000,72.06,37.516,22.480,462,443,40.000,40,40,18.000,39.000,55.000,152,150,301,201,244,244,244,244,244,244,1,0,0,3,30,1
6.805000,73.26,37.096,22.260,459,443,40.000,40,40,18.000,39.000,55.000,150,150,301,201,244,244,244,244,244,244,1,0,0,3,30,1
6.810000,74.46,36.663,21.990,455,444,40.000,40,40,18.000,39.000,55.000,149,150,303,202,246,246,246,246,246,246,1,0,0,3,30,1
6.815000,75.66,36.217,21.720,451,444,40.000,40,40,18.000,39.000,55.000,147,150,303,202,246,246,246,246,246,246,1,0,0,3,30,1
6.820000,76.86,35.760,21.450,448,444,40.000,40,40,18.000,39.000,55.000,145,150,303,202,246,246,246,246,246,246,1,0,0,3,30,1
6.825000,78.06,35.292,21.180,444,444,40.000,40,40,18.000,39.000,55.000,143,150,303,202,246,246,246,246,246,246,1,0,0,3,30,1
6.830000,79.26,34.815,20.900,439,444,40.000,40,40,18.000,39.000,55.000,141,150,303,202,246,246,246,246,246,246,1,0,0,3,30,1
6.835000,80.46,34.328,20.580,435,444,40.000,40,40,18.000,39.000,55.000,139,150,303,202,246,246,246,246,246,246,1,0,0,3,30,1
6.840000,81.66,33.833,20.310,431,444,40.000,40,40,18.000,39.000,55.000,137,150,303,202,246,246,246,246,246,246,1,0,0,3,30,1
6.845000,82.86,33.331,19.980,426,444,40.000,40,40,18.000,39.000,55.000,135,150,303,202,246,246,246,246,246,246,1,0,0,3,30,1
6.850000,84.06,32.822,19.710,421,443,40.000,40,40,18.000,39.000,55.000,133,150,301,201,244,244,244,244,244,244,1,0,0,3,30,1
6.855000,85.26,32.308,19.380,416,443,40.000,40,40,18.000,39.000,55.000,131,150,301,201,244,244,244,244,244,244,1,0,0,3,30,1
6.860000,86.46,31.789,19.050,411,442,40.000,40,40,18.000,39.000,55.000,129,149,300,201,243,243,243,243,243,243,1,0,0,3,30,1
6.865000,87.66,31.266,18.730,406,442,40.000,40,40,18.000,39.000,55.000,126,149,300,201,243,243,243,243,243,243,1,0,0,3,30,1
6.870000,88.86,30.741,18.460,401,441,40.000,40,40,18.000,39.000,55.000,125,149,300,201,243,243,243,243,243,243,1,0,0,3,30,1
6.875000,90.06,30.214,18.130,396,440,40.000,40,40,18.000,39.000,55.000,122,149,298,200,241,241,241,241,241,241,1,0,0,3,30,1
6.880000,91.26,29.685,17.800,391,439,40.000,40,40,18.000,39.000,55.000,120,148,297,200,240,240,240,240,240,240,1,0,0,3,30,1
6.885000,92.46,29.157,17.480,385,438,40.000,40,40,18.000,39.000,55.000,118,148,296,200,240,240,240,240,240,240,1,0,0,3,30,1
6.890000,93.66,28.630,17.150,380,437,40.000,40,40,18.000,39.000,55.000,116,147,294,199,238,238,238,238,238,238,1,0,0,3,30,1
6.895000,94.86,28.105,16.880,374,436,40.000,40,40,18.000,39.000,55.000,114,147,293,199,237,237,237,237,237,237,1,0,0,3,30,1
6.900000,96.06,27.582,16.550,369,435,40.000,40,40,18.000,39.000,55.000,112,147,291,198,235,235,235,235,235,235,1,0,0,3,30,1
6.905000,97.26,27.063,16.230,363,434,40.000,40,40,18.000,39.000,55.000,109,146,290,198,235,235,235,235,235,235,1,0,0,3,30,1
6.910000,98.46,26.549,15.900,358,432,40.000,40,40,18.000,39.000,55.000,107,146,289,198,234,234,234,234,234,234,1,0,0,3,30,1
6.915000,99.66,26.040,15.630,352,431,40.000,40,40,18.000,39.000,55.000,105,145,286,197,232,232,232,232,232,232,1,0,0,3,30,1
6.920000,100.86,25.537,15.300,346,429,40.000,40,40,18.000,39.000,55.000,103,144,285,197,231,231,231,231,231,231,1,0,0,3,30,1
6.925000,102.06,25.042,15.030,341,427,40.000,40,40,18.000,39.000,55.000,101,144,282,196,228,228,228,228,228,228,1,0,0,3,30,1
6.930000,103.26,24.554,14.700,335,426,40.000,40,40,18.000,39.000,55.000,99,143,281,196,228,228,228,228,228,228,1,0,0,3,30,1
6.935000,104.46,24.076,14.430,330,424,40.000,40,40,18.000,39.000,55.000,97,143,279,195,225,225,225,225,225,225,1,0,0,3,30,1
6.940000,105.66,23.607,14.160,324,422,40.000,40,40,18.000,39.000,55.000,95,142,276,194,223,223,223,223,223,223,1,0,0,3,30,1
6.945000,106.86,23.149,13.890,319,420,40.000,40,40,18.000,39.000,55.000,94,141,274,194,222,222,222,222,222,222,1,0,0,3,30,1
6.950000,108.06,22.702,13.620,313,418,40.000,40,40,18.000,39.000,55.000,92,140,271,193,220,220,220,220,220,220,1,0,0,3,30,1
6.955000,109.26,22.268,13.340,308,416,40.000,40,40,18.000,39.000,55.000,90,140,269,192,217,217,217,217,217,217,1,0,0,3,30,1
6.960000,110.46,21.846,13.130,303,414,40.000,40,40,18.000,39.000,55.000,88,139,267,192,216,216,216,216,216,216,1,0,0,3,30,1
6.965000,111.66,21.437,12.850,298,412,40.000,40,40,18.000,39.000,55.000,87,138,264,191,214,214,214,214,214,214,1,0,0,3,30,1
6.970000,112.86,21.043,12.640,293,409,40.000,40,40,18.000,39.000,55.000,85,137,261,190,211,211,211,211,211,211,1,0,0,3,30,1
6.975000,114.06,20.664,12.420,288,407,40.000,40,40,18.000,39.000,55.000,84,136,260,190,210,210,210,210,210,210,1,0,0,3,30,1
6.980000,115.26,20.301,12.200,283,405,40.000,40,40,18.000,39.000,55.000,82,136,257,189,208,208,208,208,208,208,1,0,0,3,30,1
6.985000,116.46,19.953,11.980,278,402,40.000,40,40,18.000,39.000,55.000,81,134,253,188,205,205,205,205,205,205,1,0,0,3,30,1
6.990000,117.66,19.622,11.770,274,400,40.000,40,40,18.000,39.000,55.000,79,134,252,188,204,204,204,204,204,204,1,0,0,3,30,1
6.995000,118.86,19.309,11.600,269,397,40.000,40,40,18.000,39.000,55.000,78,133,248,187,201,201,201,201,201,201,1,0,0,3,30,1
7.000000,120.06,19.014,11.380,265,395,40.000,40,40,18.000,39.000,55.000,77,132,246,186,199,199,199,199,199,199,1,0,0,3,30,1
7.005000,121.26,18.736,11.220,261,392,40.000,40,40,18.000,39.000,55.000,76,131,242,185,196,196,196,196,196,196,1,0,0,3,30,1
7.010000,122.46,18.478,11.060,257,390,40.000,40,40,18.000,39.000,55.000,74,130,241,185,195,195,195,195,195,195,1,0,0,3,30,1
7.015000,123.66,18.239,10.950,253,387,40.000,40,40,18.000,39.000,55.000,74,129,238,184,192,192,192,192,192,192,1,0,0,3,30,1
7.020000,124.86,18.019,10.790,249,384,40.000,40,40,18.000,39.000,55.000,73,128,234,183,190,190,190,190,190,190,1,0,0,3,30,1
7.025000,126.06,17.819,10.680,246,382,40.000,40,40,18.000,39.000,55.000,72,127,233,183,189,189,189,189,189,189,1,0,0,3,30,1
7.030000,127.26,17.640,10.570,243,379,40.000,40,40,18.000,39.000,55.000,71,126,230,182,186,186,186,186,186,186,1,0,0,3,30,1
7.035000,128.46,17.481,10.510,240,376,40.000,40,40,18.000,39.000,55.000,71,125,227,181,183,183,183,183,183,183,1,0,0,3,30,1
7.040000,129.66,17.343,10.410,237,374,40.000,40,40,18.000,39.000,55.000,70,124,224,180,181,181,181,181,181,181,1,0,0,3,30,1
7.045000,130.86,17.225,10.350,234,371,40.000,40,40,18.000,39.000,55.000,70,123,222,180,180,180,180,180,180,180,1,0,0,3,30,1
7.050000,132.06,17.129,10.300,231,368,40.000,40,40,18.000,39.000,55.000,69,122,219,179,177,177,177,177,177,177,1,0,0,3,30,1
7.055000,133.26,17.055,10.240,229,365,40.000,40,40,18.000,39.000,55.000,69,121,216,178,174,174,174,174,174,175,1,0,0,3,30,1
7.060000,134.46,17.001,10.190,227,363,40.000,40,40,18.000,39.000,55.000,69,120,214,178,173,173,173,173,173,173,1,0,0,3,30,1
7.065000,135.66,16.969,10.190,225,360,40.000,40,40,18.000,39.000,55.000,69,119,211,177,171,171,171,171,171,171,1,0,0,3,30,1
7.070000,136.86,16.958,10.190,224,357,40.000,40,40,18.000,39.000,55.000,69,118,209,177,169,169,169,169,169,169,1,0,0,3,30,1
7.075000,138.06,16.969,10.190,222,355,40.000,40,40,18.000,39.000,55.000,69,117,207,176,167,167,167,167,167,167,1,0,0,3,30,1
7.080000,139.26,17.001,10.190,221,352,40.000,40,40,18.000,39.000,55.000,69,116,205,176,166,166,166,166,166,166,1,0,0,3,30,1
7.085000,140.46,17.054,10.240,220,350,40.000,40,40,18.000,39.000,55.000,69,115,202,175,164,164,164,164,164,164,1,0,0,3,30,1
7.090000,141.66,17.128,10.300,219,347,40.000,40,40,18.000,39.000,55.000,69,114,200,175,162,162,162,162,162,162,1,0,0,3,30,1
7.095000,142.86,17.224,10.350,219,345,40.000,40,40,18.000,39.000,55.000,70,113,198,174,160,160,160,160,160,160,1,0,0,3,30,1
7.100000,144.06,17.340,10.410,219,342,40.000,40,40,18.000,39.000,55.000,70,112,196,174,159,159,159,159,159,159,1,0,0,3,30,1
7.105000,145.26,17.476,10.460,218,340,40.000,40,40,18.000,39.000,55.000,70,112,194,173,157,157,157,157,157,157,1,0,0,3,30,1
7.110000,146.46,17.632,10.570,219,337,40.000,40,40,18.000,39.000,55.000,71,111,192,173,155,155,155,155,155,155,1,0,0,3,30,1
7.115000,147.66,17.809,10.680,219,335,40.000,40,40,18.000,39.000,55.000,72,110,190,173,154,154,154,154,154,154,1,0,0,3,30,1
7.120000,148.86,18.004,10.790,219,333,40.000,40,40,18.000,39.000,55.000,73,109,188,172,152,152,152,152,152,152,1,0,0,3,30,1
7.125000,150.06,18.219,10.950,220,331,40.000,40,40,18.000,39.000,55.000,74,108,187,172,151,151,151,151,151,151,1,0,0,3,30,1
7.130000,151.26,18.453,11.060,221,328,40.000,40,40,18.000,39.000,55.000,74,107,184,171,149,149,149,149,149,149,1,0,0,3,30,1
7.135000,152.46,18.704,11.220,222,326,40.000,40,40,18.000,39.000,55.000,76,106,182,171,148,148,148,148,148,148,1,0,0,3,30,1
7.140000,153.66,18.974,11.380,224,324,40.000,40,40,18.000,39.000,55.000,77,106,181,171,147,147,147,147,147,147,1,0,0,3,30,1
7.145000,154.86,19.260,11.550,226,322,40.000,40,40,18.000,39.000,55.000,78,105,180,171,146,146,146,146,146,146,1,0,0,3,30,1
7.150000,156.06,19.563,11.710,227,321,40.000,40,40,18.000,39.000,55.000,79,105,179,171,145,145,145,145,145,145,1,0,0,3,30,1
7.155000,157.26,19.882,11.930,229,319,40.000,40,40,18.000,39.000,55.000,80,104,177,170,143,143,143,143,143,143,1,0,0,3,30,1
7.160000,158.46,20.216,12.150,232,317,40.000,40,40,18.000,39.000,55.000,82,103,176,170,142,142,142,142,142,142,1,0,0,3,30,1
7.165000,159.66,20.565,12.360,234,315,40.000,40,40,18.000,39.000,55.000,83,102,174,170,141,141,141,141,141,141,1,0,0,3,30,1
7.170000,160.86,20.929,12.530,237,314,40.000,40,40,18.000,39.000,55.000,84,102,174,170,141,141,141,141,141,141,1,0,0,3,30,1
7.175000,162.06,21.305,12.800,240,312,40.000,40,40,18.000,39.000,55.000,86,101,173,170,140,140,140,140,140,140,1,0,0,3,30,1
7.180000,163.26,21.694,13.020,243,311,40.000,40,40,18.000,39.000,55.000,88,101,172,170,139,139,139,139,139,139,1,0,0,3,30,1
7.185000,164.46,22.096,13.230,246,310,40.000,40,40,18.000,39.000,55.000,89,101,171,170,139,139,139,139,139,139,1,0,0,3,30,1
7.190000,165.66,22.508,13.510,250,309,40.000,40,40,18.000,39.000,55.000,91,100,171,170,138,138,138,138,138,138,1,0,0,3,30,1
7.195000,166.86,22.930,13.720,253,308,40.000,40,40,18.000,39.000,55.000,92,100,170,170,138,138,138,138,138,138,1,0,0,3,30,1
7.200000,168.06,23.363,14.000,257,307,40.000,40,40,18.000,39.000,55.000,94,100,170,170,137,137,137,137,137,137,1,0,0,3,30,1
7.205000,169.26,23.804,14.270,261,306,40.000,40,40,18.000,39.000,55.000,96,99,168,169,136,136,136,136,136,136,1,0,0,3,30,1
7.210000,170.46,24.252,14.540,265,305,40.000,40,40,18.000,39.000,55.000,98,99,166,168,135,135,135,135,135,135,1,0,0,3,30,1
7.215000,171.66,24.708,14.810,269,304,40.000,40,40,18.000,39.000,55.000,100,98,166,168,134,134,134,134,134,134,1,0,0,3,30,1
7.220000,172.86,25.170,15.080,273,303,40.000,40,40,18.000,39.000,55.000,102,98,164,167,133,133,133,133,133,133,1,0,0,3,30,1
7.225000,174.06,25.638,15.360,277,303,40.000,40,40,18.000,39.000,55.000,104,98,164,167,133,133,133,133,133,133,1,0,0,3,30,1
7.230000,175.26,26.110,15.680,282,303,40.000,40,40,18.000,39.000,55.000,106,98,164,167,133,133,133,133,133,133,1,0,0,3,30,1
7.235000,176.46,26.585,15.950,286,302,40.000,40,40,18.000,39.000,55.000,108,98,163,167,132,132,132,132,132,132,1,0,0,3,30,1
7.240000,177.66,27.063,16.230,291,302,40.000,40,40,18.000,39.000,55.000,109,98,163,167,132,132,132,132,132,132,1,0,0,3,30,1
7.245000,178.86,27.543,16.500,296,302,40.000,40,40,18.000,39.000,55.000,111,98,163,167,132,132,132,132,132,132,1,0,0,3,30,1
7.250000,180.06,28.024,16.820,301,302,40.000,40,40,18.000,39.000,55.000,113,98,163,167,132,132,132,132,132,132,1,0,0,3,30,1
7.255000,181.26,28.505,17.100,306,302,40.000,40,40,18.000,39.000,55.000,115,98,163,167,132,132,132,132,132,132,1,0,0,3,30,1
7.260000,182.46,28.984,17.370,311,302,40.000,40,40,18.000,39.000,55.000,117,98,163,167,132,132,132,132,132,132,1,0,0,3,30,1
7.265000,183.66,29.462,17.690,316,302,40.000,40,40,18.000,39.000,55.000,119,98,163,167,132,132,132,132,132,132,1,0,0,3,30,1
7.270000,184.86,29.938,17.970,321,303,40.000,40,40,18.000,39.000,55.000,121,98,164,167,133,133,133,133,133,133,1,0,0,3,30,1
7.275000,186.06,30.409,18.240,326,304,40.000,40,40,18.000,39.000,55.000,123,98,166,168,134,134,134,134,134,134,1,0,0,3,30,1
7.280000,187.26,30.876,18.510,331,305,40.000,40,40,18.000,39.000,55.000,125,99,166,168,135,135,135,135,135,135,1,0,0,3,30,1
7.285000,188.46,31.338,18.780,336,306,40.000,40,40,18.000,39.000,55.000,127,99,168,169,136,136,136,136,136,136,1,0,0,3,30,1
7.290000,189.66,31.793,19.050,341,307,40.000,40,40,18.000,39.000,55.000,129,100,170,170,137,137,137,137,137,137,1,0,0,3,30,1
7.295000,190.86,32.241,19.330,346,309,40.000,40,40,18.000,39.000,55.000,130,100,171,170,138,138,138,138,138,138,1,0,0,3,30,1
7.300000,192.06,32.681,19.600,351,310,40.000,40,40,18.000,39.000,55.000,132,101,171,170,139,139,139,139,139,139,1,0,0,3,30,1
7.305000,193.26,33.112,19.870,356,312,40.000,40,40,18.000,39.000,55.000,134,101,173,170,140,140,140,140,140,140,1,0,0,3,30,1
7.310000,194.46,33.534,20.090,361,314,40.000,40,40,18.000,39.000,55.000,136,102,174,170,141,141,141,141,141,141,1,0,0,3,30,1
7.315000,195.66,33.945,20.360,366,316,40.000,40,40,18.000,39.000,55.000,137,103,175,170,142,142,142,142,142,142,1,0,0,3,30,1
7.320000,196.86,34.345,20.580,371,318,40.000,40,40,18.000,39.000,55.000,139,104,176,170,143,143,143,143,143,143,1,0,0,3,30,1
7.325000,198.06,34.733,20.850,375,320,40.000,40,40,18.000,39.000,55.000,141,104,178,170,144,144,144,144,144,144,1,0,0,3,30,1
7.330000,199.26,35.108,21.070,380,323,40.000,40,40,18.000,39.000,55.000,142,105,181,171,146,146,146,146,146,146,1,0,0,3,30,1
7.335000,200.46,35.470,21.280,385,325,40.000,40,40,18.000,39.000,55.000,144,106,182,171,147,147,147,147,147,147,1,0,0,3,30,1
7.340000,201.66,35.818,21.500,389,327,40.000,40,40,18.000,39.000,55.000,145,107,183,171,148,148,148,148,148,148,1,0,0,3,30,1
7.345000,202.86,36.151,21.670,394,330,40.000,40,40,18.000,39.000,55.000,146,108,186,172,151,151,151,151,151,151,1,0,0,3,30,1
7.350000,204.06,36.468,21.880,398,333,40.000,40,40,18.000,39.000,55.000,148,109,188,172,152,152,152,152,152,152,1,0,0,3,30,1
7.355000,205.26,36.769,22.050,402,335,40.000,40,40,18.000,39.000,55.000,149,110,190,173,154,154,154,154,154,154,1,0,0,3,30,1
7.360000,206.46,37.054,22.210,406,338,40.000,40,40,18.000,39.000,55.000,150,111,192,173,156,156,156,156,156,156,1,0,0,3,30,1
7.365000,207.66,37.322,22.370,410,341,40.000,40,40,18.000,39.000,55.000,151,112,194,173,157,157,157,157,157,157,1,0,0,3,30,1
7.370000,208.86,37.571,22.540,414,344,40.000,40,40,18.000,39.000,55.000,152,113,197,174,160,160,160,160,160,160,1,0,0,3,30,1
7.375000,210.06,37.803,22.700,418,347,40.000,40,40,18.000,39.000,55.000,153,114,200,175,162,162,162,162,162,162,1,0,0,3,30,1
7.380000,211.26,38.016,22.810,421,350,40.000,40,40,18.000,39.000,55.000,154,115,202,175,164,164,164,164,164,164,1,0,0,3,30,1
7.385000,212.46,38.210,22.920,424,353,40.000,40,40,18.000,39.000,55.000,155,116,205,176,166,166,166,166,166,166,1,0,0,3,30,1
7.390000,213.66,38.384,23.030,428,356,40.000,40,40,18.000,39.000,55.000,156,118,207,176,168,168,168,168,168,168,1,0,0,3,30,1
7.395000,214.86,38.539,23.130,430,359,40.000,40,40,18.000,39.000,55.000,156,119,210,177,170,170,170,170,170,170,1,0,0,3,30,1
7.400000,216.06,38.673,23.190,433,362,40.000,40,40,18.000,39.000,55.000,157,120,214,178,173,173,173,173,173,172,1,0,0,3,30,1
7.405000,217.26,38.787,23.300,436,365,40.000,40,40,18.000,39.000,55.000,157,121,216,178,174,174,174,174,174,174,1,0,0,3,30,1
7.410000,218.46,38.880,23.300,438,367,40.000,40,40,18.000,39.000,55.000,157,122,218,179,176,176,176,176,176,176,1,0,0,3,30,1
7.415000,219.66,38.952,23.350,440,370,40.000,40,40,18.000,39.000,55.000,158,123,220,179,178,178,178,178,178,178,1,0,0,3,30,1
7.420000,220.86,39.003,23.410,442,373,40.000,40,40,18.000,39.000,55.000,158,124,223,180,181,181,181,181,181,181,1,0,0,3,30,1
7.425000,222.06,39.033,23.410,444,376,40.000,40,40,18.000,39.000,55.000,158,125,227,181,183,183,183,183,183,183,1,0,0,3,30,1
7.430000,223.26,39.042,23.410,446,379,40.000,40,40,18.000,39.000,55.000,158,126,230,182,186,186,186,186,186,186,1,0,0,3,30,1
7.435000,224.46,39.029,23.410,447,382,40.000,40,40,18.000,39.000,55.000,158,127,233,183,189,189,189,189,189,188,1,0,0,3,30,1
7.440000,225.66,38.995,23.410,448,384,40.000,40,40,18.000,39.000,55.000,158,128,234,183,190,190,190,190,190,190,1,0,0,3,30,1
7.445000,226.86,38.939,23.350,449,387,40.000,40,40,18.000,39.000,55.000,158,129,238,184,192,192,192,192,192,192,1,0,0,3,30,1
7.450000,228.06,38.862,23.300,450,389,40.000,40,40,18.000,39.000,55.000,157,130,239,184,194,194,194,194,194,194,1,0,0,3,30,1
7.455000,229.26,38.764,23.240,450,392,40.000,40,40,18.000,39.000,55.000,157,131,242,185,196,196,196,196,196,196,1,0,0,3,30,1
7.460000,230.46,38.644,23.190,451,394,40.000,40,40,18.000,39.000,55.000,157,132,245,186,198,198,198,198,198,198,1,0,0,3,30,1
7.465000,231.66,38.504,23.080,451,396,40.000,40,40,18.000,39.000,55.000,156,132,247,186,200,200,200,200,200,200,1,0,0,3,30,1
7.470000,232.86,38.343,23.030,451,399,40.000,40,40,18.000,39.000,55.000,156,133,250,187,202,202,202,202,202,202,1,0,0,3,30,1
7.475000,234.06,38.162,22.920,450,401,40.000,40,40,18.000,39.000,55.000,155,134,253,188,204,204,204,204,204,204,1,0,0,3,30,1
7.480000,235.26,37.960,22.750,450,403,40.000,40,40,18.000,39.000,55.000,154,135,254,188,206,206,206,206,206,206,1,0,0,3,30,1
7.485000,236.46,37.738,22.640,449,405,40.000,40,40,18.000,39.000,55.000,153,136,257,189,208,208,208,208,208,208,1,0,0,3,30,1
7.490000,237.66,37.497,22.480,448,406,40.000,40,40,18.000,39.000,55.000,152,136,257,189,208,208,208,208,208,208,1,0,0,3,30,1
7.495000,238.86,37.237,22.320,446,408,40.000,40,40,18.000,39.000,55.000,151,137,260,190,211,211,211,211,211,211,1,0,0,3,30,1
7.500000,240.06,36.958,22.150,445,409,40.000,40,40,18.000,39.000,55.000,150,137,261,190,211,211,211,211,211,211,1,0,0,3,30,1
7.505000,241.26,36.660,21.990,443,411,40.000,40,40,18.000,39.000,55.000,149,138,264,191,213,213,213,213,213,213,1,0,0,3,30,1
7.510000,242.46,36.345,21.770,441,412,40.000,40,40,18.000,39.000,55.000,147,138,264,191,214,214,214,214,214,214,1,0,0,3,30,1
7.515000,243.66,36.013,21.610,439,413,40.000,40,40,18.000,39.000,55.000,146,139,265,191,215,215,215,215,215,215,1,0,0,3,30,1
7.520000,244.86,35.664,21.390,437,414,40.000,40,40,18.000,39.000,55.000,144,139,267,192,216,216,216,216,216,216,1,0,0,3,30,1
7.525000,246.06,35.299,21.180,434,415,40.000,40,40,18.000,39.000,55.000,143,139,268,192,217,217,217,217,217,217,1,0,0,3,30,1
7.530000,247.26,34.918,20.960,431,416,40.000,40,40,18.000,39.000,55.000,142,140,269,192,217,217,217,217,217,217,1,0,0,3,30,1
7.535000,248.46,34.522,20.690,428,416,40.000,40,40,18.000,39.000,55.000,140,140,269,192,217,217,217,217,217,217,1,0,0,3,30,1
7.540000,249.66,34.113,20.470,425,417,40.000,40,40,18.000,39.000,55.000,138,140,271,193,219,219,219,219,219,219,1,0,0,3,30,1
7.545000,250.86,33.690,20.200,422,417,40.000,40,40,18.000,39.000,55.000,136,140,271,193,219,219,219,219,219,219,1,0,0,3,30,1
7.550000,252.06,33.254,19.920,418,417,40.000,40,40,18.000,39.000,55.000,134,140,271,193,219,219,219,219,219,219,1,0,0,3,30,1
7.555000,253.26,32.806,19.710,414,417,40.000,40,40,18.000,39.000,55.000,133,140,271,193,219,219,219,219,219,219,1,0,0,3,30,1
7.560000,254.46,32.346,19.380,410,417,40.000,40,40,18.000,39.000,55.000,131,140,271,193,219,219,219,219,219,219,1,0,0,3,30,1
7.565000,255.66,31.877,19.110,406,417,40.000,40,40,18.000,39.000,55.000,129,140,271,193,219,219,219,219,219,219,1,0,0,3,30,1
7.570000,256.86,31.397,18.840,402,416,40.000,40,40,18.000,39.000,55.000,127,140,269,192,217,217,217,217,217,217,1,0,0,3,30,1
7.575000,258.06,30.909,18.560,398,416,40.000,40,40,18.000,39.000,55.000,125,140,269,192,217,217,217,217,217,217,1,0,0,3,30,1
7.580000,259.26,30.413,18.240,393,416,40.000,40,40,18.000,39.000,55.000,123,140,269,192,217,217,217,217,217,217,1,0,0,3,30,1
7.585000,260.46,29.910,17.970,389,415,40.000,40,40,18.000,39.000,55.000,121,139,268,192,217,217,217,217,217,217,1,0,0,3,30,1
7.590000,261.66,29.400,17.640,384,415,40.000,40,40,18.000,39.000,55.000,119,139,268,192,217,217,217,217,217,217,1,0,0,3,30,1
7.595000,262.86,28.885,17.310,379,414,40.000,40,40,18.000,39.000,55.000,117,139,267,192,216,216,216,216,216,216,1,0,0,3,30,1
7.600000,264.06,28.366,16.990,374,413,40.000,40,40,18.000,39.000,55.000,115,139,265,191,215,215,215,215,215,215,1,0,0,3,30,1
7.605000,265.26,27.843,16.720,369,413,40.000,40,40,18.000,39.000,55.000,113,139,265,191,215,215,215,215,215,215,1,0,0,3,30,1
7.610000,266.46,27.317,16.390,364,412,40.000,40,40,18.000,39.000,55.000,111,138,264,191,214,214,214,214,214,214,1,0,0,3,30,1
7.615000,267.66,26.790,16.060,358,411,40.000,40,40,18.000,39.000,55.000,108,138,264,191,213,213,213,213,213,213,1,0,0,3,30,1
7.620000,268.86,26.262,15.740,353,410,40.000,40,40,18.000,39.000,55.000,106,137,263,191,213,213,213,213,213,213,1,0,0,3,30,1
7.625000,270.06,25.734,15.460,348,409,40.000,40,40,18.000,39.000,55.000,104,137,261,190,211,211,211,211,211,211,1,0,0,3,30,1
7.630000,271.26,25.207,15.140,342,407,40.000,40,40,18.000,39.000,55.000,102,136,260,190,210,210,210,210,210,210,1,0,0,3,30,1
7.635000,272.46,24.681,14.810,337,406,40.000,40,40,18.000,39.000,55.000,100,136,257,189,208,208,208,208,208,208,1,0,0,3,30,1
7.640000,273.66,24.159,14.490,331,405,40.000,40,40,18.000,39.000,55.000,98,136,257,189,208,208,208,208,208,208,1,0,0,3,30,1
7.645000,274.86,23.641,14.160,325,403,40.000,40,40,18.000,39.000,55.000,95,135,254,188,206,206,206,206,206,206,1,0,0,3,30,1
7.650000,276.06,23.127,13.890,320,402,40.000,40,40,18.000,39.000,55.000,94,134,253,188,205,205,205,205,205,205,1,0,0,3,30,1
7.655000,277.26,22.619,13.560,314,400,40.000,40,40,18.000,39.000,55.000,91,134,252,188,204,204,204,204,204,204,1,0,0,3,30,1
7.660000,278.46,22.117,13.290,309,398,40.000,40,40,18.000,39.000,55.000,90,133,249,187,202,202,202,202,202,202,1,0,0,3,30,1
7.665000,279.66,21.623,12.960,303,396,40.000,40,40,18.000,39.000,55.000,87,132,247,186,200,200,200,200,200,200,1,0,0,3,30,1
7.670000,280.86,21.137,12.690,298,395,40.000,40,40,18.000,39.000,55.000,85,132,246,186,199,199,199,199,199,199,1,0,0,3,30,1
7.675000,282.06,20.660,12.360,292,393,40.000,40,40,18.000,39.000,55.000,83,131,245,186,198,198,198,198,198,198,1,0,0,3,30,1
7.680000,283.26,20.194,12.090,287,391,40.000,40,40,18.000,39.000,55.000,81,130,242,185,196,196,196,196,196,196,1,0,0,3,30,1
7.685000,284.46,19.738,11.820,281,389,40.000,40,40,18.000,39.000,55.000,80,130,239,184,194,194,194,194,194,194,1,0,0,3,30,1
7.690000,285.66,19.293,11.550,276,386,40.000,40,40,18.000,39.000,55.000,78,129,237,184,192,192,192,192,192,192,1,0,0,3,30,1
7.695000,286.86,18.862,11.330,270,384,40.000,40,40,18.000,39.000,55.000,76,128,234,183,190,190,190,190,190,190,1,0,0,3,30,1
7.700000,288.06,18.443,11.060,265,382,40.000,40,40,18.000,39.000,55.000,74,127,233,183,189,189,189,189,189,189,1,0,0,3,30,1
7.705000,289.26,18.038,10.840,260,380,40.000,40,40,18.000,39.000,55.000,73,126,230,182,187,187,187,187,187,187,1,0,0,3,30,1
7.710000,290.46,17.648,10.570,255,377,40.000,40,40,18.000,39.000,55.000,71,125,227,181,184,184,184,184,184,184,1,0,0,3,30,1
7.715000,291.66,17.274,10.350,250,375,40.000,40,40,18.000,39.000,55.000,70,125,226,181,183,183,183,183,183,183,1,0,0,3,30,1
7.720000,292.86,16.915,10.130,245,372,40.000,40,40,18.000,39.000,55.000,68,123,223,180,180,180,180,180,180,180,1,0,0,3,30,1
7.725000,294.06,16.573,9.920,241,370,40.000,40,40,18.000,39.000,55.000,67,123,220,179,178,178,178,178,178,178,1,0,0,3,30,1
7.730000,295.26,16.249,9.750,236,367,40.000,40,40,18.000,39.000,55.000,66,122,218,179,176,176,176,176,176,176,1,0,0,3,30,1
7.735000,296.46,15.942,9.540,232,365,40.000,40,40,18.000,39.000,55.000,64,121,216,178,174,174,174,174,174,174,1,0,0,3,30,1
7.740000,297.66,15.654,9.370,228,362,40.000,40,40,18.000,39.000,55.000,63,120,214,178,173,173,173,173,173,173,1,0,0,3,30,1
7.745000,298.86,15.386,9.210,223,359,40.000,40,40,18.000,39.000,55.000,62,119,210,177,170,170,170,170,170,170,1,0,0,3,30,1
7.750000,300.06,15.136,9.100,220,357,40.000,40,40,18.000,39.000,55.000,61,118,209,177,169,169,169,169,169,169,1,0,0,3,30,1
7.755000,301.26,14.907,8.940,216,354,40.000,40,40,18.000,39.000,55.000,60,117,206,176,167,167,167,167,167,167,1,0,0,3,30,1
7.760000,302.46,14.698,8.830,212,351,40.000,40,40,18.000,39.000,55.000,59,116,203,175,164,164,164,164,164,164,1,0,0,3,30,1
7.765000,303.66,14.510,8.720,209,348,40.000,40,40,18.000,39.000,55.000,59,115,201,175,163,163,163,163,163,163,1,0,0,3,30,1
7.770000,304.86,14.343,8.610,206,346,40.000,40,40,18.000,39.000,55.000,58,114,199,174,161,161,161,161,161,161,1,0,0,3,30,1
7.775000,306.06,14.198,8.500,203,343,40.000,40,40,18.000,39.000,55.000,57,113,197,174,159,159,159,159,159,159,1,0,0,3,30,1
7.780000,307.26,14.074,8.450,200,340,40.000,40,40,18.000,39.000,55.000,57,112,194,173,157,157,157,157,157,157,1,0,0,3,30,1
7.785000,308.46,13.973,8.390,197,337,40.000,40,40,18.000,39.000,55.000,56,111,192,173,155,155,155,155,155,155,1,0,0,3,30,1
7.790000,309.66,13.894,8.340,195,335,40.000,40,40,18.000,39.000,55.000,56,110,190,173,154,154,154,154,154,154,1,0,0,3,30,1
7.795000,310.86,13.837,8.280,193,332,40.000,40,40,18.000,39.000,55.000,56,109,187,172,152,152,152,152,152,152,1,0,0,3,30,1
7.800000,312.06,13.803,8.280,191,329,40.000,40,40,18.000,39.000,55.000,56,108,185,172,150,150,150,150,150,150,1,0,0,3,30,1
7.805000,313.26,13.792,8.280,189,327,40.000,40,40,18.000,39.000,55.000,56,107,183,171,148,148,148,148,148,148,1,0,0,3,30,1
7.810000,314.46,13.803,8.280,188,324,40.000,40,40,18.000,39.000,55.000,56,106,181,171,147,147,147,147,147,147,1,0,0,3,30,1
7.815000,315.66,13.838,8.280,186,321,40.000,40,40,18.000,39.000,55.000,56,105,179,171,145,145,145,145,145,145,1,0,0,3,30,1
7.820000,316.86,13.895,8.340,185,318,40.000,40,40,18.000,39.000,55.000,56,104,176,170,143,143,143,143,143,143,1,0,0,3,30,1
7.825000,318.06,13.975,8.390,185,316,40.000,40,40,18.000,39.000,55.000,56,103,175,170,142,142,142,142,142,142,1,0,0,3,30,1
7.830000,319.26,14.077,8.450,184,313,40.000,40,40,18.000,39.000,55.000,57,102,173,170,140,140,140,140,140,140,1,0,0,3,30,1
7.835000,320.46,14.202,8.500,184,311,40.000,40,40,18.000,39.000,55.000,57,101,172,170,139,139,139,139,139,139,1,0,0,3,30,1
7.840000,321.66,14.349,8.610,184,308,40.000,40,40,18.000,39.000,55.000,58,100,170,170,138,138,138,138,138,138,1,0,0,3,30,1
7.845000,322.86,14.519,8.720,184,306,40.000,40,40,18.000,39.000,55.000,59,99,168,169,136,136,136,136,136,136,1,0,0,3,30,1
7.850000,324.06,14.710,8.830,184,304,40.000,40,40,18.000,39.000,55.000,59,98,166,168,134,134,134,134,134,134,1,0,0,3,30,1
7.855000,325.26,14.923,8.940,185,301,40.000,40,40,18.000,39.000,55.000,60,97,162,166,131,131,131,131,131,131,1,0,0,3,30,1
7.860000,326.46,15.157,9.100,186,299,40.000,40,40,18.000,39.000,55.000,61,97,161,166,130,130,130,130,130,130,1,0,0,3,30,1
7.865000,327.66,15.412,9.260,187,297,40.000,40,40,18.000,39.000,55.000,62,96,157,164,127,127,127,127,127,127,1,0,0,3,30,1
7.870000,328.86,15.688,9.430,188,295,40.000,40,40,18.000,39.000,55.000,63,95,155,163,126,126,126,126,126,126,1,0,0,3,30,1
7.875000,330.06,15.983,9.590,190,293,40.000,40,40,18.000,39.000,55.000,64,94,154,163,125,125,125,125,125,125,1,0,0,3,30,1
7.880000,331.26,16.299,9.750,192,291,40.000,40,40,18.000,39.000,55.000,66,94,152,162,123,123,123,123,123,123,1,0,0,3,30,1
7.885000,332.46,16.633,9.970,194,289,40.000,40,40,18.000,39.000,55.000,67,93,150,161,121,121,121,121,121,121,1,0,0,3,30,1
7.890000,333.66,16.986,10.190,196,287,40.000,40,40,18.000,39.000,55.000,69,92,148,160,120,120,120,120,120,120,1,0,0,3,30,1
7.895000,334.86,17.357,10.410,199,285,40.000,40,40,18.000,39.000,55.000,70,91,146,159,118,118,118,118,118,118,1,0,0,3,30,1
7.900000,336.06,17.745,10.620,201,284,40.000,40,40,18.000,39.000,55.000,71,91,144,158,117,117,117,117,117,117,1,0,0,3,30,1
7.905000,337.26,18.150,10.900,204,282,40.000,40,40,18.000,39.000,55.000,73,90,142,157,115,115,115,115,115,115,1,0,0,3,30,1
7.910000,338.46,18.572,11.110,207,280,40.000,40,40,18.000,39.000,55.000,75,90,140,156,113,113,113,113,113,113,1,0,0,3,30,1
7.915000,339.66,19.008,11.380,211,279,40.000,40,40,18.000,39.000,55.000,77,89,139,156,113,113,113,113,113,113,1,0,0,3,30,1
7.920000,340.86,19.460,11.660,214,278,40.000,40,40,18.000,39.000,55.000,79,89,138,155,112,112,112,112,112,112,1,0,0,3,30,1
7.925000,342.06,19.925,11.930,218,277,40.000,40,40,18.000,39.000,55.000,80,88,137,155,111,111,111,111,111,111,1,0,0,3,30,1
7.930000,343.26,20.404,12.260,222,276,40.000,40,40,18.000,39.000,55.000,83,88,136,154,110,110,110,110,110,110,1,0,0,3,30,1
7.935000,344.46,20.895,12.530,226,275,40.000,40,40,18.000,39.000,55.000,84,88,135,154,110,110,110,110,110,110,1,0,0,3,30,1
7.940000,345.66,21.398,12.850,231,274,40.000,40,40,18.000,39.000,55.000,87,87,134,153,108,108,108,108,108,108,1,0,0,3,30,1
7.945000,346.86,21.912,13.130,235,273,40.000,40,40,18.000,39.000,55.000,88,87,133,153,108,108,108,108,108,108,1,0,0,3,30,1
7.950000,348.06,22.436,13.450,240,272,40.000,40,40,18.000,39.000,55.000,91,87,133,153,107,107,107,107,107,107,1,0,0,3,30,1
7.955000,349.26,22.969,13.780,245,272,40.000,40,40,18.000,39.000,55.000,93,87,133,153,107,107,107,107,107,107,1,0,0,3,30,1
7.960000,350.46,23.510,14.100,250,271,40.000,40,40,18.000,39.000,55.000,95,86,131,152,106,106,106,106,106,106,1,0,0,3,30,1
7.965000,351.66,24.059,14.430,255,271,40.000,40,40,18.000,39.000,55.000,97,86,131,152,106,106,106,106,106,106,1,0,0,3,30,1
7.970000,352.86,24.614,14.760,260,271,40.000,40,40,18.000,39.000,55.000,100,86,131,152,106,106,106,106,106,106,1,0,0,3,30,1
7.975000,354.06,25.174,15.080,265,271,40.000,40,40,18.000,39.000,55.000,102,86,131,152,106,106,106,106,106,106,1,0,0,3,30,1
7.980000,355.26,25.740,15.460,271,271,40.000,40,40,18.000,39.000,55.000,104,86,131,152,106,106,106,106,106,106,1,0,0,3,30,1
7.985000,356.46,26.309,15.790,276,271,40.000,40,40,18.000,39.000,55.000,106,86,131,152,106,106,106,106,106,106,1,0,0,3,30,1
7.990000,357.66,26.881,16.120,282,271,40.000,40,40,18.000,39.000,55.000,109,86,131,152,106,106,106,106,106,106,1,0,0,3,30,1
7.995000,358.86,27.454,16.440,288,271,40.000,40,40,18.000,39.000,55.000,111,86,131,152,106,106,106,106,106,106,1,0,0,3,30,1
8.000000,0.00,0.000,0.000,291,272,0.000,40,40,18.000,39.000,55.000,0,87,133,153,107,107,107,107,107,107,1,0,0,3,30,0
8.005000,0.00,0.000,0.000,252,272,0.000,40,40,18.000,39.000,55.000,0,87,133,153,107,107,107,107,107,107,1,0,0,3,30,0
8.010000,0.00,0.000,0.000,219,272,0.000,40,40,18.000,39.000,55.000,0,87,133,153,107,107,107,107,107,107,1,0,0,3,30,0
8.015000,0.00,0.000,0.000,190,270,0.000,40,40,18.000,39.000,55.000,0,86,131,152,106,106,106,106,106,106,1,0,0,3,30,0
8.020000,0.00,0.000,0.000,164,268,0.000,40,40,18.000,39.000,55.000,0,85,129,151,104,104,104,104,104,104,1,0,0,3,30,0
8.025000,0.00,0.000,0.000,142,266,0.000,40,40,18.000,39.000,55.000,0,84,127,150,103,103,103,103,103,103,1,0,0,3,30,0
8.030000,0.00,0.000,0.000,123,264,0.000,40,40,18.000,39.000,55.000,0,84,125,149,101,101,101,101,101,101,1,0,0,3,30,0
8.035000,0.00,0.000,0.000,107,261,0.000,40,40,18.000,39.000,55.000,0,83,122,148,99,99,99,99,99,99,1,0,0,3,30,0
8.040000,0.00,0.000,0.000,93,257,0.000,40,40,18.000,39.000,55.000,0,81,119,146,96,96,96,96,96,96,1,0,0,3,30,0
8.045000,0.00,0.000,0.000,80,254,0.000,40,40,18.000,39.000,55.000,0,80,115,144,93,93,93,93,93,93,1,0,0,3,30,0
8.050000,0.00,0.000,0.000,70,251,0.000,40,40,18.000,39.000,55.000,0,79,113,143,91,91,91,91,91,91,1,0,0,3,30,0
8.055000,0.00,0.000,0.000,60,247,0.000,40,40,18.000,39.000,55.000,0,77,109,141,88,88,88,88,88,88,1,0,0,3,30,0
8.060000,0.00,0.000,0.000,52,243,0.000,40,40,18.000,39.000,55.000,0,76,107,140,86,86,86,86,86,86,1,0,0,3,30,0
8.065000,0.00,0.000,0.000,45,239,0.000,40,40,18.000,39.000,55.000,0,74,103,138,83,83,83,83,83,83,1,0,0,3,30,0
8.070000,0.00,0.000,0.000,39,236,0.000,40,40,18.000,39.000,55.000,0,73,101,137,81,81,81,81,81,81,1,0,0,3,30,0
8.075000,0.00,0.000,0.000,34,232,0.000,40,40,18.000,39.000,55.000,0,72,97,135,79,79,79,79,79,79,1,0,0,3,30,0
8.080000,0.00,0.000,0.000,30,228,0.000,40,40,18.000,39.000,55.000,0,70,94,133,76,76,76,76,76,76,1,0,0,3,30,0
8.085000,0.00,0.000,0.000,26,224,0.000,40,40,18.000,39.000,55.000,0,69,90,131,73,73,73,73,73,73,1,0,0,3,30,0
8.090000,0.00,0.000,0.000,22,220,0.000,40,40,18.000,39.000,55.000,0,67,88,130,71,71,71,71,71,71,1,0,0,3,30,0
8.095000,0.00,0.000,0.000,19,216,0.000,40,40,18.000,39.000,55.000,0,66,85,128,68,68,68,68,68,68,1,0,0,3,30,0
8.100000,0.00,0.000,0.000,17,212,0.000,40,40,18.000,39.000,55.000,0,64,81,126,66,66,66,66,66,66,1,0,0,3,30,0
8.105000,0.00,0.000,0.000,15,208,0.000,40,40,18.000,39.000,55.000,0,63,79,125,64,64,64,64,64,64,1,0,0,3,30,0
8.110000,0.00,0.000,0.000,13,204,0.000,40,40,18.000,39.000,55.000,0,62,76,123,61,61,61,61,61,61,1,0,0,3,30,0
8.115000,0.00,0.000,0.000,11,201,0.000,40,40,18.000,39.000,55.000,0,60,74,122,60,60,60,60,60,60,1,0,0,3,30,0
8.120000,0.00,0.000,0.000,10,197,0.000,40,40,18.000,39.000,55.000,0,59,71,121,58,58,58,58,58,58,1,0,0,3,30,0
8.125000,0.00,0.000,0.000,8,193,0.000,40,40,18.000,39.000,55.000,0,58,69,119,55,55,55,55,55,55,1,0,0,3,30,0
8.130000,0.00,0.000,0.000,7,190,0.000,40,40,18.000,39.000,55.000,0,56,67,118,54,54,54,54,54,54,1,0,0,3,30,0
8.135000,0.00,0.000,0.000,6,186,0.000,40,40,18.000,39.000,55.000,0,55,64,117,52,52,52,52,52,52,1,0,0,3,30,0
8.140000,0.00,0.000,0.000,6,182,0.000,40,40,18.000,39.000,55.000,0,53,62,115,50,50,50,50,50,50,1,0,0,3,30,0
8.145000,0.00,0.000,0.000,5,179,0.000,40,40,18.000,39.000,55.000,0,52,60,114,48,48,48,48,48,48,1,0,0,3,30,0
8.150000,0.00,0.000,0.000,4,176,0.000,40,40,18.000,39.000,55.000,0,51,58,113,47,47,47,47,47,47,1,0,0,3,30,0
8.155000,0.00,0.000,0.000,4,172,0.000,40,40,18.000,39.000,55.000,0,50,56,112,45,45,45,45,45,45,1,0,0,3,30,0
8.160000,0.00,0.000,0.000,3,169,0.000,40,40,18.000,39.000,55.000,0,49,54,110,43,43,43,43,43,43,1,0,0,3,30,0
8.165000,0.00,0.000,0.000,3,166,0.000,40,40,18.000,39.000,55.000,0,48,52,110,42,42,42,42,42,42,1,0,0,3,30,0
8.170000,0.00,0.000,0.000,3,163,0.000,40,40,18.000,39.000,55.000,0,46,50,108,40,40,40,40,40,40,1,0,0,3,30,0
8.175000,0.00,0.000,0.000,2,159,0.000,40,40,18.000,39.000,55.000,0,45,48,107,39,39,39,39,39,39,1,0,0,3,30,0
8.180000,0.00,0.000,0.000,2,156,0.000,40,40,18.000,39.000,55.000,0,44,46,106,38,38,38,38,38,38,1,0,0,3,30,0
8.185000,0.00,0.000,0.000,2,153,0.000,40,40,18.000,39.000,55.000,0,43,45,105,36,36,36,36,36,36,1,0,0,3,30,0
8.190000,0.00,0.000,0.000,2,150,0.000,40,40,18.000,39.000,55.000,0,42,43,104,35,35,35,35,35,35,1,0,0,3,30,0
8.195000,0.00,0.000,0.000,1,147,0.000,40,40,18.000,39.000,55.000,0,40,42,103,34,34,34,34,34,34,1,0,0,3,30,0
8.200000,0.00,0.000,0.000,1,145,0.000,0,0,18.000,39.000,55.000,0,0,0,0,0,0,0,0,0,0,2,144,0,3,70,0
8.205000,0.00,0.000,0.000,1,142,0.000,0,0,18.000,39.000,55.000,0,0,0,0,0,0,0,0,0,0,2,144,0,3,70,0
8.210000,0.00,0.000,0.000,1,139,0.000,0,0,18.000,39.000,55.000,0,0,0,0,0,0,0,0,0,0,2,144,0,3,70,0
8.215000,0.00,0.000,0.000,1,136,0.000,0,0,18.000,39.000,55.000,0,0,0,0,0,0,0,0,0,0,2,144,0,3,70,0
8.220000,0.00,0.000,0.000,1,134,0.000,0,0,18.000,39.000,55.000,0,0,0,0,0,0,0,0,0,0,2,144,0,3,70,0
8.225000,0.00,0.000,0.000,1,131,0.000,0,0,18.000,39.000,55.000,0,0,0,0,0,0,0,0,0,0,2,144,0,3,70,0
8.230000,0.00,0.000,0.000,1,129,0.000,0,0,18.000,39.000,55.000,0,0,0,0,0,0,0,0,0,0,2,144,0,3,70,0
8.235000,0.00,0.000,0.000,1,126,0.000,0,0,18.000,39.000,55.000,0,0,0,0,0,0,0,0,0,0,2,144,0,3,70,0
8.240000,0.00,0.000,0.000,1,124,0.000,0,0,18.000,39.000,55.000,0,0,0,0,0,0,0,0,0,0,2,144,0,3,70,0
8.245000,0.00,0.000,0.000,0,121,0.000,0,0,18.000,39.000,55.000,0,0,0,0,0,0,0,0,0,0,2,144,0,3,70,0
8.250000,0.00,0.000,0.000,0,119,0.000,0,0,18.000,39.000,55.000,0,0,0,0,0,0,0,0,0,0,2,144,0,3,70,0
8.255000,0.00,0.000,0.000,0,117,0.000,0,0,18.000,39.000,55.000,0,0,0,0,0,0,0,0,0,0,2,144,0,3,70,0
8.260000,0.00,0.000,0.000,0,114,0.000,0,0,18.000,39.000,55.000,0,0,0,0,0,0,0,0,0,0,2,144,0,3,70,0
8.265000,0.00,0.000,0.000,0,112,0.000,0,0,18.000,39.000,55.000,0,0,0,0,0,0,0,0,0,0,2,144,0,3,70,0
8.270000,0.00,0.000,0.000,0,110,0.000,0,0,18.000,39.000,55.000,0,0,0,0,0,0,0,0,0,0,2,144,0,3,70,0
8.275000,0.00,0.000,0.000,0,108,0.000,0,0,18.000,39.000,55.000,0,0,0,0,0,0,0,0,0,0,2,144,0,3,70,0
8.280000,0.00,0.000,0.000,0,106,0.000,0,0,18.000,39.000,55.000,0,0,0,0,0,0,0,0,0,0,2,144,0,3,70,0
8.285000,0.00,0.000,0.000,0,104,0.000,0,0,18.000,39.000,55.000,0,0,0,0,0,0,0,0,0,0,2,144,0,3,70,0
8.290000,0.00,0.000,0.000,0,102,0.000,0,0,18.000,39.000,55.000,0,0,0,0,0,0,0,0,0,0,2,144,0,3,70,0
8.295000,0.00,0.000,0.000,0,100,0.000,0,0,18.000,39.000,55.000,0,0,0,0,0,0,0,0,0,0,2,144,0,3,70,0
8.300000,0.00,0.000,0.000,0,98,0.000,0,0,18.000,39.000,55.000,0,0,0,0,0,0,0,0,0,0,2,144,0,3,70,0
8.305000,0.00,0.000,0.000,0,96,0.000,0,0,18.000,39.000,55.000,0,0,0,0,0,0,0,0,0,0,2,144,0,3,70,0
8.310000,0.00,0.000,0.000,0,94,0.000,0,0,18.000,39.000,55.000,0,0,0,0,0,0,0,0,0,0,2,144,0,3,70,0
8.315000,0.00,0.000,0.000,0,92,0.000,0,0,18.000,39.000,55.000,0,0,0,0,0,0,0,0,0,0,2,144,0,3,70,0
8.320000,0.00,0.000,0.000,0,90,0.000,0,0,18.000,39.000,55.000,0,0,0,0,0,0,0,0,0,0,2,144,0,3,70,0
8.325000,0.00,0.000,0.000,0,89,0.000,0,0,18.000,39.000,55.000,0,0,0,0,0,0,0,0,0,0,2,144,0,3,70,0
8.330000,0.00,0.000,0.000,0,87,0.000,0,0,18.000,39.000,55.000,0,0,0,0,0,0,0,0,0,0,2,144,0,3,70,0
8.335000,0.00,0.000,0.000,0,85,0.000,0,0,18.000,39.000,55.000,0,0,0,0,0,0,0,0,0,0,2,144,0,3,70,0
8.340000,0.00,0.000,0.000,0,83,0.000,0,0,18.000,39.000,55.000,0,0,0,0,0,0,0,0,0,0,2,144,0,3,70,0
8.345000,0.00,0.000,0.000,0,82,0.000,0,0,18.000,39.000,55.000,0,0,0,0,0,0,0,0,0,0,2,144,0,3,70,0
8.350000,0.00,0.000,0.000,0,80,0.000,0,0,18.000,39.000,55.000,0,0,0,0,0,0,0,0,0,0,2,144,0,3,70,0
8.355000,0.00,0.000,0.000,0,79,0.000,0,0,18.000,39.000,55.000,0,0,0,0,0,0,0,0,0,0,2,144,0,3,70,0
8.360000,0.00,0.000,0.000,0,77,0.000,0,0,18.000,39.000,55.000,0,0,0,0,0,0,0,0,0,0,2,144,0,3,70,0
8.365000,0.00,0.000,0.000,0,76,0.000,0,0,18.000,39.000,55.000,0,0,0,0,0,0,0,0,0,0,2,144,0,3,70,0
8.370000,0.00,0.000,0.000,0,74,0.000,0,0,18.000,39.000,55.000,0,0,0,0,0,0,0,0,0,0,2,144,0,3,70,0
8.375000,0.00,0.000,0.000,0,73,0.000,0,0,18.000,39.000,55.000,0,0,0,0,0,0,0,0,0,0,2,144,0,3,70,0
8.380000,0.00,0.000,0.000,0,71,0.000,0,0,18.000,39.000,55.000,0,0,0,0,0,0,0,0,0,0,2,144,0,3,70,0
8.385000,0.00,0.000,0.000,0,70,0.000,0,0,18.000,39.000,55.000,0,0,0,0,0,0,0,0,0,0,2,144,0,3,70,0
8.390000,0.00,0.000,0.000,0,69,0.000,0,0,18.000,39.000,55.000,0,0,0,0,0,0,0,0,0,0,2,144,0,3,70,0
8.395000,0.00,0.000,0.000,0,67,0.000,0,0,18.000,39.000,55.000,0,0,0,0,0,0,0,0,0,0,2,144,0,3,70,0
8.400000,0.00,0.000,0.000,0,66,0.000,0,0,18.000,39.000,55.000,0,0,0,0,0,0,0,0,0,0,2,144,0,3,70,0
8.405000,0.00,0.000,0.000,0,65,0.000,0,0,18.000,39.000,55.000,0,0,0,0,0,0,0,0,0,0,2,144,0,3,70,0
8.410000,0.00,0.000,0.000,0,64,0.000,0,0,18.000,39.000,55.000,0,0,0,0,0,0,0,0,0,0,2,144,0,3,70,0
8.415000,0.00,0.000,0.000,0,62,0.000,0,0,18.000,39.000,55.000,0,0,0,0,0,0,0,0,0,0,2,144,0,3,70,0
8.420000,0.00,0.000,0.000,0,61,0.000,0,0,18.000,39.000,55.000,0,0,0,0,0,0,0,0,0,0,2,144,0,3,70,0
8.425000,0.00,0.000,0.000,0,60,0.000,0,0,18.000,39.000,55.000,0,0,0,0,0,0,0,0,0,0,2,144,0,3,70,0
8.430000,0.00,0.000,0.000,0,59,0.000,0,0,18.000,39.000,55.000,0,0,0,0,0,0,0,0,0,0,2,144,0,3,70,0
8.435000,0.00,0.000,0.000,0,58,0.000,0,0,18.000,39.000,55.000,0,0,0,0,0,0,0,0,0,0,2,144,0,3,70,0
8.440000,0.00,0.000,0.000,0,57,0.000,0,0,18.000,39.000,55.000,0,0,0,0,0,0,0,0,0,0,2,144,0,3,70,0
8.445000,0.00,0.000,0.000,0,56,0.000,0,0,18.000,39.000,55.000,0,0,0,0,0,0,0,0,0,0,2,144,0,3,70,0
8.450000,0.00,0.000,0.000,0,54,0.000,0,0,18.000,39.000,55.000,0,0,0,0,0,0,0,0,0,0,2,144,0,3,70,0
8.455000,0.00,0.000,0.000,0,53,0.000,0,0,18.000,39.000,55.000,0,0,0,0,0,0,0,0,0,0,2,144,0,3,70,0
8.460000,0.00,0.000,0.000,0,52,0.000,0,0,18.000,39.000,55.000,0,0,0,0,0,0,0,0,0,0,2,144,0,3,70,0
8.465000,0.00,0.000,0.000,0,51,0.000,0,0,18.000,39.000,55.000,0,0,0,0,0,0,0,0,0,0,2,144,0,3,70,0
8.470000,0.00,0.000,0.000,0,50,0.000,0,0,18.000,39.000,55.000,0,0,0,0,0,0,0,0,0,0,2,144,0,3,70,0
8.475000,0.00,0.000,0.000,0,49,0.000,0,0,18.000,39.000,55.000,0,0,0,0,0,0,0,0,0,0,2,144,0,3,70,0
8.480000,0.00,0.000,0.000,0,49,0.000,0,0,18.000,39.000,55.000,0,0,0,0,0,0,0,0,0,0,2,144,0,3,70,0
8.485000,0.00,0.000,0.000,0,48,0.000,0,0,18.000,39.000,55.000,0,0,0,0,0,0,0,0,0,0,2,144,0,3,70,0
8.490000,0.00,0.000,0.000,0,47,0.000,0,0,18.000,39.000,55.000,0,0,0,0,0,0,0,0,0,0,2,144,0,3,70,0
8.495000,0.00,0.000,0.000,0,46,0.000,0,0,18.000,39.000,55.000,0,0,0,0,0,0,0,0,0,0,2,144,0,3,70,0
8.500000,0.00,0.000,0.000,0,45,0.000,0,0,18.000,39.000,55.000,0,0,0,0,0,0,0,0,0,0,2,144,0,3,70,0
8.505000,0.00,0.000,0.000,0,44,0.000,0,0,18.000,39.000,55.000,0,0,0,0,0,0,0,0,0,0,2,144,0,3,70,0
8.510000,0.00,0.000,0.000,0,43,0.000,0,0,18.000,39.000,55.000,0,0,0,0,0,0,0,0,0,0,2,144,0,3,70,0
8.515000,0.00,0.000,0.000,0,42,0.000,0,0,18.000,39.000,55.000,0,0,0,0,0,0,0,0,0,0,2,144,0,3,70,0
8.520000,0.00,0.000,0.000,0,42,0.000,0,0,18.000,39.000,55.000,0,0,0,0,0,0,0,0,0,0,2,144,0,3,70,0
8.525000,0.00,0.000,0.000,0,41,0.000,0,0,18.000,39.000,55.000,0,0,0,0,0,0,0,0,0,0,2,144,0,3,70,0
8.530000,0.00,0.000,0.000,0,40,0.000,0,0,18.000,39.000,55.000,0,0,0,0,0,0,0,0,0,0,2,144,0,3,70,0
8.535000,0.00,0.000,0.000,0,39,0.000,0,0,18.000,39.000,55.000,0,0,0,0,0,0,0,0,0,0,2,144,0,3,70,0
8.540000,0.00,0.000,0.000,0,39,0.000,0,0,18.000,39.000,55.000,0,0,0,0,0,0,0,0,0,0,2,144,0,3,70,0
8.545000,0.00,0.000,0.000,0,38,0.000,0,0,18.000,39.000,55.000,0,0,0,0,0,0,0,0,0,0,2,144,0,3,70,0
8.550000,0.00,0.000,0.000,0,37,0.000,0,0,18.000,39.000,55.000,0,0,0,0,0,0,0,0,0,0,2,144,0,3,70,0
8.555000,0.00,0.000,0.000,0,36,0.000,0,0,18.000,39.000,55.000,0,0,0,0,0,0,0,0,0,0,2,144,0,3,70,0
8.560000,0.00,0.000,0.000,0,36,0.000,0,0,18.000,39.000,55.000,0,0,0,0,0,0,0,0,0,0,2,144,0,3,70,0
8.565000,0.00,0.000,0.000,0,35,0.000,0,0,18.000,39.000,55.000,0,0,0,0,0,0,0,0,0,0,2,144,0,3,70,0
8.570000,0.00,0.000,0.000,0,34,0.000,0,0,18.000,39.000,55.000,0,0,0,0,0,0,0,0,0,0,2,144,0,3,70,0
8.575000,0.00,0.000,0.000,0,34,0.000,0,0,18.000,39.000,55.000,0,0,0,0,0,0,0,0,0,0,2,144,0,3,70,0
8.580000,0.00,0.000,0.000,0,33,0.000,0,0,18.000,39.000,55.000,0,0,0,0,0,0,0,0,0,0,2,144,0,3,70,0
8.585000,0.00,0.000,0.000,0,33,0.000,0,0,18.000,39.000,55.000,0,0,0,0,0,0,0,0,0,0,2,144,0,3,70,0
8.590000,0.00,0.000,0.000,0,32,0.000,0,0,18.000,39.000,55.000,0,0,0,0,0,0,0,0,0,0,2,144,0,3,70,0
8.595000,0.00,0.000,0.000,0,31,0.000,0,0,18.000,39.000,55.000,0,0,0,0,0,0,0,0,0,0,2,144,0,3,70,0
8.600000,0.00,0.000,0.000,0,31,0.000,0,0,18.000,39.000,55.000,0,0,0,0,0,0,0,0,0,0,2,144,0,3,70,0
8.605000,0.00,0.000,0.000,0,30,0.000,0,0,18.000,39.000,55.000,0,0,0,0,0,0,0,0,0,0,2,144,0,3,70,0
8.610000,0.00,0.000,0.000,0,30,0.000,0,0,18.000,39.000,55.000,0,0,0,0,0,0,0,0,0,0,2,144,0,3,70,0
8.615000,0.00,0.000,0.000,0,29,0.000,0,0,18.000,39.000,55.000,0,0,0,0,0,0,0,0,0,0,2,144,0,3,70,0
8.620000,0.00,0.000,0.000,0,29,0.000,0,0,18.000,39.000,55.000,0,0,0,0,0,0,0,0,0,0,2,144,0,3,70,0
8.625000,0.00,0.000,0.000,0,28,0.000,0,0,18.000,39.000,55.000,0,0,0,0,0,0,0,0,0,0,2,144,0,3,70,0
8.630000,0.00,0.000,0.000,0,27,0.000,0,0,18.000,39.000,55.000,0,0,0,0,0,0,0,0,0,0,2,144,0,3,70,0
8.635000,0.00,0.000,0.000,0,27,0.000,0,0,18.000,39.000,55.000,0,0,0,0,0,0,0,0,0,0,2,144,0,3,70,0
8.640000,0.00,0.000,0.000,0,27,0.000,0,0,18.000,39.000,55.000,0,0,0,0,0,0,0,0,0,0,2,144,0,3,70,0
8.645000,0.00,0.000,0.000,0,26,0.000,0,0,18.000,39.000,55.000,0,0,0,0,0,0,0,0,0,0,2,144,0,3,70,0
8.650000,0.00,0.000,0.000,0,26,0.000,0,0,18.000,39.000,55.000,0,0,0,0,0,0,0,0,0,0,2,144,0,3,70,0
8.655000,0.00,0.000,0.000,0,25,0.000,0,0,18.000,39.000,55.000,0,0,0,0,0,0,0,0,0,0,2,144,0,3,70,0
8.660000,0.00,0.000,0.000,0,25,0.000,0,0,18.000,39.000,55.000,0,0,0,0,0,0,0,0,0,0,2,144,0,3,70,0
8.665000,0.00,0.000,0.000,0,24,0.000,0,0,18.000,39.000,55.000,0,0,0,0,0,0,0,0,0,0,2,144,0,3,70,0
8.670000,0.00,0.000,0.000,0,24,0.000,0,0,18.000,39.000,55.000,0,0,0,0,0,0,0,0,0,0,2,144,0,3,70,0
8.675000,0.00,0.000,0.000,0,23,0.000,0,0,18.000,39.000,55.000,0,0,0,0,0,0,0,0,0,0,2,144,0,3,70,0
8.680000,0.00,0.000,0.000,0,23,0.000,0,0,18.000,39.000,55.000,0,0,0,0,0,0,0,0,0,0,2,144,0,3,70,0
8.685000,0.00,0.000,0.000,0,22,0.000,0,0,18.000,39.000,55.000,0,0,0,0,0,0,0,0,0,0,2,144,0,3,70,0
8.690000,0.00,0.000,0.000,0,22,0.000,0,0,18.000,39.000,55.000,0,0,0,0,0,0,0,0,0,0,2,144,0,3,70,0
8.695000,0.00,0.000,0.000,0,22,0.000,0,0,18.000,39.000,55.000,0,0,0,0,0,0,0,0,0,0,2,144,0,3,70,0
8.700000,0.00,0.000,0.000,0,21,0.000,0,0,18.000,39.000,55.000,0,0,0,0,0,0,0,0,0,0,2,144,0,3,70,0
8.705000,0.00,0.000,0.000,0,21,0.000,0,0,18.000,39.000,55.000,0,0,0,0,0,0,0,0,0,0,2,144,0,3,70,0
8.710000,0.00,0.000,0.000,0,21,0.000,0,0,18.000,39.000,55.000,0,0,0,0,0,0,0,0,0,0,2,144,0,3,70,0
8.715000,0.00,0.000,0.000,0,20,0.000,0,0,18.000,39.000,55.000,0,0,0,0,0,0,0,0,0,0,2,144,0,3,70,0
8.720000,0.00,0.000,0.000,0,20,0.000,0,0,18.000,39.000,55.000,0,0,0,0,0,0,0,0,0,0,2,144,0,3,70,0
8.725000,0.00,0.000,0.000,0,19,0.000,0,0,18.000,39.000,55.000,0,0,0,0,0,0,0,0,0,0,2,144,0,3,70,0
8.730000,0.00,0.000,0.000,0,19,0.000,0,0,18.000,39.000,55.000,0,0,0,0,0,0,0,0,0,0,2,144,0,3,70,0
8.735000,0.00,0.000,0.000,0,19,0.000,0,0,18.000,39.000,55.000,0,0,0,0,0,0,0,0,0,0,2,144,0,3,70,0
8.740000,0.00,0.000,0.000,0,18,0.000,0,0,18.000,39.000,55.000,0,0,0,0,0,0,0,0,0,0,2,144,0,3,70,0
8.745000,0.00,0.000,0.000,0,18,0.000,0,0,18.000,39.000,55.000,0,0,0,0,0,0,0,0,0,0,2,144,0,3,70,0
8.750000,0.00,0.000,0.000,0,18,0.000,0,0,18.000,39.000,55.000,0,0,0,0,0,0,0,0,0,0,2,144,0,3,70,0
8.755000,0.00,0.000,0.000,0,18,0.000,0,0,18.000,39.000,55.000,0,0,0,0,0,0,0,0,0,0,2,144,0,3,70,0
8.760000,0.00,0.000,0.000,0,17,0.000,0,0,18.000,39.000,55.000,0,0,0,0,0,0,0,0,0,0,2,144,0,3,70,0
8.765000,0.00,0.000,0.000,0,17,0.000,0,0,18.000,39.000,55.000,0,0,0,0,0,0,0,0,0,0,2,144,0,3,70,0
8.770000,0.00,0.000,0.000,0,17,0.000,0,0,18.000,39.000,55.000,0,0,0,0,0,0,0,0,0,0,2,144,0,3,70,0
8.775000,0.00,0.000,0.000,0,16,0.000,0,0,18.000,39.000,55.000,0,0,0,0,0,0,0,0,0,0,2,144,0,3,70,0
8.780000,0.00,0.000,0.000,0,16,0.000,0,0,18.000,39.000,55.000,0,0,0,0,0,0,0,0,0,0,2,144,0,3,70,0
8.785000,0.00,0.000,0.000,0,16,0.000,0,0,18.000,39.000,55.000,0,0,0,0,0,0,0,0,0,0,2,144,0,3,70,0
8.790000,0.00,0.000,0.000,0,15,0.000,0,0,18.000,39.000,55.000,0,0,0,0,0,0,0,0,0,0,2,144,0,3,70,0
8.795000,0.00,0.000,0.000,0,15,0.000,0,0,18.000,39.000,55.000,0,0,0,0,0,0,0,0,0,0,2,144,0,3,70,0
8.800000,0.00,0.000,0.000,0,15,0.000,0,0,18.000,39.000,55.000,0,0,0,0,0,0,0,0,0,0,2,144,0,3,70,0
8.805000,0.00,0.000,0.000,0,15,0.000,0,0,18.000,39.000,55.000,0,0,0,0,0,0,0,0,0,0,2,144,0,3,70,0
8.810000,0.00,0.000,0.000,0,14,0.000,0,0,18.000,39.000,55.000,0,0,0,0,0,0,0,0,0,0,2,144,0,3,70,0
8.815000,0.00,0.000,0.000,0,14,0.000,0,0,18.000,39.000,55.000,0,0,0,0,0,0,0,0,0,0,2,144,0,3,70,0
8.820000,0.00,0.000,0.000,0,14,0.000,0,0,18.000,39.000,55.000,0,0,0,0,0,0,0,0,0,0,2,144,0,3,70,0
8.825000,0.00,0.000,0.000,0,14,0.000,0,0,18.000,39.000,55.000,0,0,0,0,0,0,0,0,0,0,2,144,0,3,70,0
8.830000,0.00,0.000,0.000,0,14,0.000,0,0,18.000,39.000,55.000,0,0,0,0,0,0,0,0,0,0,2,144,0,3,70,0
8.835000,0.00,0.000,0.000,0,13,0.000,0,0,18.000,39.000,55.000,0,0,0,0,0,0,0,0,0,0,2,144,0,3,70,0
8.840000,0.00,0.000,0.000,0,13,0.000,0,0,18.000,39.000,55.000,0,0,0,0,0,0,0,0,0,0,2,144,0,3,70,0
8.845000,0.00,0.000,0.000,0,13,0.000,0,0,18.000,39.000,55.000,0,0,0,0,0,0,0,0,0,0,2,144,0,3,70,0
8.850000,0.00,0.000,0.000,0,13,0.000,0,0,18.000,39.000,55.000,0,0,0,0,0,0,0,0,0,0,2,144,0,3,70,0
8.855000,0.00,0.000,0.000,0,12,0.000,0,0,18.000,39.000,55.000,0,0,0,0,0,0,0,0,0,0,2,144,0,3,70,0
8.860000,0.00,0.000,0.000,0,12,0.000,0,0,18.000,39.000,55.000,0,0,0,0,0,0,0,0,0,0,2,144,0,3,70,0
8.865000,0.00,0.000,0.000,0,12,0.000,0,0,18.000,39.000,55.000,0,0,0,0,0,0,0,0,0,0,2,144,0,3,70,0
8.870000,0.00,0.000,0.000,0,12,0.000,0,0,18.000,39.000,55.000,0,0,0,0,0,0,0,0,0,0,2,144,0,3,70,0
8.875000,0.00,0.000,0.000,0,12,0.000,0,0,18.000,39.000,55.000,0,0,0,0,0,0,0,0,0,0,2,144,0,3,70,0
8.880000,0.00,0.000,0.000,0,11,0.000,0,0,18.000,39.000,55.000,0,0,0,0,0,0,0,0,0,0,2,144,0,3,70,0
8.885000,0.00,0.000,0.000,0,11,0.000,0,0,18.000,39.000,55.000,0,0,0,0,0,0,0,0,0,0,2,144,0,3,70,0
8.890000,0.00,0.000,0.000,0,11,0.000,0,0,18.000,39.000,55.000,0,0,0,0,0,0,0,0,0,0,2,144,0,3,70,0
8.895000,0.00,0.000,0.000,0,11,0.000,0,0,18.000,39.000,55.000,0,0,0,0,0,0,0,0,0,0,2,144,0,3,70,0
8.900000,0.00,0.000,0.000,0,11,0.000,0,0,18.000,39.000,55.000,0,0,0,0,0,0,0,0,0,0,2,144,0,3,70,0
8.905000,0.00,0.000,0.000,0,11,0.000,0,0,18.000,39.000,55.000,0,0,0,0,0,0,0,0,0,0,2,144,0,3,70,0
8.910000,0.00,0.000,0.000,0,10,0.000,0,0,18.000,39.000,55.000,0,0,0,0,0,0,0,0,0,0,2,144,0,3,70,0
8.915000,0.00,0.000,0.000,0,10,0.000,0,0,18.000,39.000,55.000,0,0,0,0,0,0,0,0,0,0,2,144,0,3,70,0
8.920000,0.00,0.000,0.000,0,10,0.000,0,0,18.000,39.000,55.000,0,0,0,0,0,0,0,0,0,0,2,144,0,3,70,0
8.925000,0.00,0.000,0.000,0,10,0.000,0,0,18.000,39.000,55.000,0,0,0,0,0,0,0,0,0,0,2,144,0,3,70,0
8.930000,0.00,0.000,0.000,0,10,0.000,0,0,18.000,39.000,55.000,0,0,0,0,0,0,0,0,0,0,2,144,0,3,70,0
8.935000,0.00,0.000,0.000,0,10,0.000,0,0,18.000,39.000,55.000,0,0,0,0,0,0,0,0,0,0,2,144,0,3,70,0
8.940000,0.00,0.000,0.000,0,9,0.000,0,0,18.000,39.000,55.000,0,0,0,0,0,0,0,0,0,0,2,144,0,3,70,0
8.945000,0.00,0.000,0.000,0,9,0.000,0,0,18.000,39.000,55.000,0,0,0,0,0,0,0,0,0,0,2,144,0,3,70,0
8.950000,0.00,0.000,0.000,0,9,0.000,0,0,18.000,39.000,55.000,0,0,0,0,0,0,0,0,0,0,2,144,0,3,70,0
8.955000,0.00,0.000,0.000,0,9,0.000,0,0,18.000,39.000,55.000,0,0,0,0,0,0,0,0,0,0,2,144,0,3,70,0
8.960000,0.00,0.000,0.000,0,9,0.000,0,0,18.000,39.000,55.000,0,0,0,0,0,0,0,0,0,0,2,144,0,3,70,0
8.965000,0.00,0.000,0.000,0,9,0.000,0,0,18.000,39.000,55.000,0,0,0,0,0,0,0,0,0,0,2,144,0,3,70,0
8.970000,0.00,0.000,0.000,0,9,0.000,0,0,18.000,39.000,55.000,0,0,0,0,0,0,0,0,0,0,2,144,0,3,70,0
8.975000,0.00,0.000,0.000,0,8,0.000,0,0,18.000,39.000,55.000,0,0,0,0,0,0,0,0,0,0,2,144,0,3,70,0
8.980000,0.00,0.000,0.000,0,8,0.000,0,0,18.000,39.000,55.000,0,0,0,0,0,0,0,0,0,0,2,144,0,3,70,0
8.985000,0.00,0.000,0.000,0,8,0.000,0,0,18.000,39.000,55.000,0,0,0,0,0,0,0,0,0,0,2,144,0,3,70,0
8.990000,0.00,0.000,0.000,0,8,0.000,0,0,18.000,39.000,55.000,0,0,0,0,0,0,0,0,0,0,2,144,0,3,70,0
8.995000,0.00,0.000,0.000,0,8,0.000,0,0,18.000,39.000,55.000,0,0,0,0,0,0,0,0,0,0,2,144,0,3,70,0
9.000000,0.00,0.000,0.000,0,8,0.000,0,0,18.000,39.000,55.000,0,0,0,0,0,0,0,0,0,0,2,144,0,3,70,0
9.005000,0.00,0.000,0.000,0,8,0.000,0,0,18.000,39.000,55.000,0,0,0,0,0,0,0,0,0,0,2,144,0,3,70,0
9.010000,0.00,0.000,0.000,0,8,0.000,0,0,18.000,39.000,55.000,0,0,0,0,0,0,0,0,0,0,2,144,0,3,70,0
9.015000,0.00,0.000,0.000,0,7,0.000,0,0,18.000,39.000,55.000,0,0,0,0,0,0,0,0,0,0,2,144,0,3,70,0
9.020000,0.00,0.000,0.000,0,7,0.000,0,0,18.000,39.000,55.000,0,0,0,0,0,0,0,0,0,0,2,144,0,3,70,0
9.025000,0.00,0.000,0.000,0,7,0.000,0,0,18.000,39.000,55.000,0,0,0,0,0,0,0,0,0,0,2,144,0,3,70,0
9.030000,0.00,0.000,0.000,0,7,0.000,0,0,18.000,39.000,55.000,0,0,0,0,0,0,0,0,0,0,2,144,0,3,70,0
9.035000,0.00,0.000,0.000,0,7,0.000,0,0,18.000,39.000,55.000,0,0,0,0,0,0,0,0,0,0,2,144,0,3,70,0
9.040000,0.00,0.000,0.000,0,7,0.000,0,0,18.000,39.000,55.000,0,0,0,0,0,0,0,0,0,0,2,144,0,3,70,0
9.045000,0.00,0.000,0.000,0,7,0.000,0,0,18.000,39.000,55.000,0,0,0,0,0,0,0,0,0,0,2,144,0,3,70,0
9.050000,0.00,0.000,0.000,0,7,0.000,0,0,18.000,39.000,55.000,0,0,0,0,0,0,0,0,0,0,2,144,0,3,70,0
9.055000,0.00,0.000,0.000,0,7,0.000,0,0,18.000,39.000,55.000,0,0,0,0,0,0,0,0,0,0,2,144,0,3,70,0
9.060000,0.00,0.000,0.000,0,7,0.000,0,0,18.000,39.000,55.000,0,0,0,0,0,0,0,0,0,0,2,144,0,3,70,0
9.065000,0.00,0.000,0.000,0,7,0.000,0,0,18.000,39.000,55.000,0,0,0,0,0,0,0,0,0,0,2,144,0,3,70,0
9.070000,0.00,0.000,0.000,0,7,0.000,0,0,18.000,39.000,55.000,0,0,0,0,0,0,0,0,0,0,2,144,0,3,70,0
9.075000,0.00,0.000,0.000,0,7,0.000,0,0,18.000,39.000,55.000,0,0,0,0,0,0,0,0,0,0,2,144,0,3,70,0
9.080000,0.00,0.000,0.000,0,6,0.000,0,0,18.000,39.000,55.000,0,0,0,0,0,0,0,0,0,0,2,144,0,3,70,0
9.085000,0.00,0.000,0.000,0,6,0.000,0,0,18.000,39.000,55.000,0,0,0,0,0,0,0,0,0,0,2,144,0,3,70,0
9.090000,0.00,0.000,0.000,0,6,0.000,0,0,18.000,39.000,55.000,0,0,0,0,0,0,0,0,0,0,2,144,0,3,70,0
9.095000,0.00,0.000,0.000,0,6,0.000,0,0,18.000,39.000,55.000,0,0,0,0,0,0,0,0,0,0,2,144,0,3,70,0
9.100000,0.00,0.000,0.000,0,6,0.000,0,0,18.000,39.000,55.000,0,0,0,0,0,0,0,0,0,0,2,144,0,3,70,0
9.105000,0.00,0.000,0.000,0,6,0.000,0,0,18.000,39.000,55.000,0,0,0,0,0,0,0,0,0,0,2,144,0,3,70,0
9.110000,0.00,0.000,0.000,0,6,0.000,0,0,18.000,39.000,55.000,0,0,0,0,0,0,0,0,0,0,2,144,0,3,70,0
9.115000,0.00,0.000,0.000,0,6,0.000,0,0,18.000,39.000,55.000,0,0,0,0,0,0,0,0,0,0,2,144,0,3,70,0
9.120000,0.00,0.000,0.000,0,6,0.000,0,0,18.000,39.000,55.000,0,0,0,0,0,0,0,0,0,0,2,144,0,3,70,0
9.125000,0.00,0.000,0.000,0,6,0.000,0,0,18.000,39.000,55.000,0,0,0,0,0,0,0,0,0,0,2,144,0,3,70,0
9.130000,0.00,0.000,0.000,0,6,0.000,0,0,18.000,39.000,55.000,0,0,0,0,0,0,0,0,0,0,2,144,0,3,70,0
9.135000,0.00,0.000,0.000,0,6,0.000,0,0,18.000,39.000,55.000,0,0,0,0,0,0,0,0,0,0,2,144,0,3,70,0
9.140000,0.00,0.000,0.000,0,6,0.000,0,0,18.000,39.000,55.000,0,0,0,0,0,0,0,0,0,0,2,144,0,3,70,0
9.145000,0.00,0.000,0.000,0,5,0.000,0,0,18.000,39.000,55.000,0,0,0,0,0,0,0,0,0,0,2,144,0,3,70,0
9.150000,0.00,0.000,0.000,0,5,0.000,0,0,18.000,39.000,55.000,0,0,0,0,0,0,0,0,0,0,2,144,0,3,70,0
9.155000,0.00,0.000,0.000,0,5,0.000,0,0,18.000,39.000,55.000,0,0,0,0,0,0,0,0,0,0,2,144,0,3,70,0
9.160000,0.00,0.000,0.000,0,5,0.000,0,0,18.000,39.000,55.000,0,0,0,0,0,0,0,0,0,0,2,144,0,3,70,0
9.165000,0.00,0.000,0.000,0,5,0.000,0,0,18.000,39.000,55.000,0,0,0,0,0,0,0,0,0,0,2,144,0,3,70,0
9.170000,0.00,0.000,0.000,0,5,0.000,0,0,18.000,39.000,55.000,0,0,0,0,0,0,0,0,0,0,2,144,0,3,70,0
9.175000,0.00,0.000,0.000,0,5,0.000,0,0,18.000,39.000,55.000,0,0,0,0,0,0,0,0,0,0,2,144,0,3,70,0
9.180000,0.00,0.000,0.000,0,5,0.000,0,0,18.000,39.000,55.000,0,0,0,0,0,0,0,0,0,0,2,144,0,3,70,0
9.185000,0.00,0.000,0.000,0,5,0.000,0,0,18.000,39.000,55.000,0,0,0,0,0,0,0,0,0,0,2,144,0,3,70,0
9.190000,0.00,0.000,0.000,0,5,0.000,0,0,18.000,39.000,55.000,0,0,0,0,0,0,0,0,0,0,2,144,0,3,70,0
9.195000,0.00,0.000,0.000,0,5,0.000,0,0,18.000,39.000,55.000,0,0,0,0,0,0,0,0,0,0,2,144,0,3,70,0
9.200000,0.00,0.000,0.000,0,5,0.000,0,0,18.000,39.000,55.000,0,0,0,0,0,0,0,0,0,0,2,144,0,3,70,0
9.205000,0.00,0.000,0.000,0,5,0.000,0,0,18.000,39.000,55.000,0,0,0,0,0,0,0,0,0,0,2,144,0,3,70,0
9.210000,0.00,0.000,0.000,0,4,0.000,0,0,18.000,39.000,55.000,0,0,0,0,0,0,0,0,0,0,2,144,0,3,70,0
9.215000,0.00,0.000,0.000,0,4,0.000,0,0,18.000,39.000,55.000,0,0,0,0,0,0,0,0,0,0,2,144,0,3,70,0
9.220000,0.00,0.000,0.000,0,4,0.000,0,0,18.000,39.000,55.000,0,0,0,0,0,0,0,0,0,0,2,144,0,3,70,0
9.225000,0.00,0.000,0.000,0,4,0.000,0,0,18.000,39.000,55.000,0,0,0,0,0,0,0,0,0,0,2,144,0,3,70,0
9.230000,0.00,0.000,0.000,0,4,0.000,0,0,18.000,39.000,55.000,0,0,0,0,0,0,0,0,0,0,2,144,0,3,70,0
9.235000,0.00,0.000,0.000,0,4,0.000,0,0,18.000,39.000,55.000,0,0,0,0,0,0,0,0,0,0,2,144,0,3,70,0
9.240000,0.00,0.000,0.000,0,4,0.000,0,0,18.000,39.000,55.000,0,0,0,0,0,0,0,0,0,0,2,144,0,3,70,0
9.245000,0.00,0.000,0.000,0,0,0.000,0,0,18.000,39.000,55.000,0,0,0,0,0,0,0,0,0,0,2,144,0,3,70,0
9.250000,0.00,0.000,0.000,0,0,0.000,0,0,18.000,39.000,55.000,0,0,0,0,0,0,0,0,0,0,2,144,0,3,70,0
9.255000,0.00,0.000,0.000,0,0,0.000,0,0,18.000,39.000,55.000,0,0,0,0,0,0,0,0,0,0,2,144,0,3,70,0
9.260000,0.00,0.000,0.000,0,0,0.000,0,0,18.000,39.000,55.000,0,0,0,0,0,0,0,0,0,0,2,144,0,3,70,0
9.265000,0.00,0.000,0.000,0,0,0.000,0,0,18.000,39.000,55.000,0,0,0,0,0,0,0,0,0,0,2,144,0,3,70,0
9.270000,0.00,0.000,0.000,0,0,0.000,0,0,18.000,39.000,55.000,0,0,0,0,0,0,0,0,0,0,2,144,0,3,70,0
9.275000,0.00,0.000,0.000,0,0,0.000,0,0,18.000,39.000,55.000,0,0,0,0,0,0,0,0,0,0,2,144,0,3,70,0
9.280000,0.00,0.000,0.000,0,0,0.000,0,0,18.000,39.000,55.000,0,0,0,0,0,0,0,0,0,0,2,144,0,3,70,0
9.285000,0.00,0.000,0.000,0,0,0.000,0,0,18.000,39.000,55.000,0,0,0,0,0,0,0,0,0,0,2,144,0,3,70,0
9.290000,0.00,0.000,0.000,0,0,0.000,0,0,18.000,39.000,55.000,0,0,0,0,0,0,0,0,0,0,2,144,0,3,70,0
9.295000,0.00,0.000,0.000,0,0,0.000,0,0,18.000,39.000,55.000,0,0,0,0,0,0,0,0,0,0,2,144,0,3,70,0
9.300000,0.00,0.000,0.000,0,0,0.000,0,0,18.000,39.000,55.000,0,0,0,0,0,0,0,0,0,0,2,144,0,3,70,0
9.305000,0.00,0.000,0.000,0,0,0.000,0,0,18.000,39.000,55.000,0,0,0,0,0,0,0,0,0,0,2,144,0,3,70,0
9.310000,0.00,0.000,0.000,0,0,0.000,0,0,18.000,39.000,55.000,0,0,0,0,0,0,0,0,0,0,2,144,0,3,70,0
9.315000,0.00,0.000,0.000,0,0,0.000,0,0,18.000,39.000,55.000,0,0,0,0,0,0,0,0,0,0,2,144,0,3,70,0
9.320000,0.00,0.000,0.000,0,0,0.000,0,0,18.000,39.000,55.000,0,0,0,0,0,0,0,0,0,0,2,144,0,3,70,0
9.325000,0.00,0.000,0.000,0,0,0.000,0,0,18.000,39.000,55.000,0,0,0,0,0,0,0,0,0,0,2,144,0,3,70,0
9.330000,0.00,0.000,0.000,0,0,0.000,0,0,18.000,39.000,55.000,0,0,0,0,0,0,0,0,0,0,2,144,0,3,70,0
9.335000,0.00,0.000,0.000,0,0,0.000,0,0,18.000,39.000,55.000,0,0,0,0,0,0,0,0,0,0,2,144,0,3,70,0
9.340000,0.00,0.000,0.000,0,0,0.000,0,0,18.000,39.000,55.000,0,0,0,0,0,0,0,0,0,0,2,144,0,3,70,0
9.345000,0.00,0.000,0.000,0,0,0.000,0,0,18.000,39.000,55.000,0,0,0,0,0,0,0,0,0,0,2,144,0,3,70,0
9.350000,0.00,0.000,0.000,0,0,0.000,0,0,18.000,39.000,55.000,0,0,0,0,0,0,0,0,0,0,2,144,0,3,70,0
9.355000,0.00,0.000,0.000,0,0,0.000,0,0,18.000,39.000,55.000,0,0,0,0,0,0,0,0,0,0,2,144,0,3,70,0
9.360000,0.00,0.000,0.000,0,0,0.000,0,0,18.000,39.000,55.000,0,0,0,0,0,0,0,0,0,0,2,144,0,3,70,0
9.365000,0.00,0.000,0.000,0,0,0.000,0,0,18.000,39.000,55.000,0,0,0,0,0,0,0,0,0,0,2,144,0,3,70,0
9.370000,0.00,0.000,0.000,0,0,0.000,0,0,18.000,39.000,55.000,0,0,0,0,0,0,0,0,0,0,2,144,0,3,70,0
9.375000,0.00,0.000,0.000,0,0,0.000,0,0,18.000,39.000,55.000,0,0,0,0,0,0,0,0,0,0,2,144,0,3,70,0
9.380000,0.00,0.000,0.000,0,0,0.000,0,0,18.000,39.000,55.000,0,0,0,0,0,0,0,0,0,0,2,144,0,3,70,0
9.385000,0.00,0.000,0.000,0,0,0.000,0,0,18.000,39.000,55.000,0,0,0,0,0,0,0,0,0,0,2,144,0,3,70,0
9.390000,0.00,0.000,0.000,0,0,0.000,0,0,18.000,39.000,55.000,0,0,0,0,0,0,0,0,0,0,2,144,0,3,70,0
9.395000,0.00,0.000,0.000,0,0,0.000,0,0,18.000,39.000,55.000,0,0,0,0,0,0,0,0,0,0,2,144,0,3,70,0
9.400000,0.00,0.000,0.000,0,0,0.000,0,0,18.000,39.000,55.000,0,0,0,0,0,0,0,0,0,0,2,144,0,3,70,0
9.405000,0.00,0.000,0.000,0,0,0.000,0,0,18.000,39.000,55.000,0,0,0,0,0,0,0,0,0,0,2,144,0,3,70,0
9.410000,0.00,0.000,0.000,0,0,0.000,0,0,18.000,39.000,55.000,0,0,0,0,0,0,0,0,0,0,2,144,0,3,70,0
9.415000,0.00,0.000,0.000,0,0,0.000,0,0,18.000,39.000,55.000,0,0,0,0,0,0,0,0,0,0,2,144,0,3,70,0
9.420000,0.00,0.000,0.000,0,0,0.000,0,0,18.000,39.000,55.000,0,0,0,0,0,0,0,0,0,0,2,144,0,3,70,0
9.425000,0.00,0.000,0.000,0,0,0.000,0,0,18.000,39.000,55.000,0,0,0,0,0,0,0,0,0,0,2,144,0,3,70,0
9.430000,0.00,0.000,0.000,0,0,0.000,0,0,18.000,39.000,55.000,0,0,0,0,0,0,0,0,0,0,2,144,0,3,70,0
9.435000,0.00,0.000,0.000,0,0,0.000,0,0,18.000,39.000,55.000,0,0,0,0,0,0,0,0,0,0,2,144,0,3,70,0
9.440000,0.00,0.000,0.000,0,0,0.000,0,0,18.000,39.000,55.000,0,0,0,0,0,0,0,0,0,0,2,144,0,3,70,0
9.445000,0.00,0.000,0.000,0,0,0.000,0,0,18.000,39.000,55.000,0,0,0,0,0,0,0,0,0,0,2,144,0,3,70,0
9.450000,0.00,0.000,0.000,0,0,0.000,0,0,18.000,39.000,55.000,0,0,0,0,0,0,0,0,0,0,2,144,0,3,70,0
9.455000,0.00,0.000,0.000,0,0,0.000,0,0,18.000,39.000,55.000,0,0,0,0,0,0,0,0,0,0,2,144,0,3,70,0
9.460000,0.00,0.000,0.000,0,0,0.000,0,0,18.000,39.000,55.000,0,0,0,0,0,0,0,0,0,0,2,144,0,3,70,0
9.465000,0.00,0.000,0.000,0,0,0.000,0,0,18.000,39.000,55.000,0,0,0,0,0,0,0,0,0,0,2,144,0,3,70,0
9.470000,0.00,0.000,0.000,0,0,0.000,0,0,18.000,39.000,55.000,0,0,0,0,0,0,0,0,0,0,2,144,0,3,70,0
9.475000,0.00,0.000,0.000,0,0,0.000,0,0,18.000,39.000,55.000,0,0,0,0,0,0,0,0,0,0,2,144,0,3,70,0
9.480000,0.00,0.000,0.000,0,0,0.000,0,0,18.000,39.000,55.000,0,0,0,0,0,0,0,0,0,0,2,144,0,3,70,0
9.485000,0.00,0.000,0.000,0,0,0.000,0,0,18.000,39.000,55.000,0,0,0,0,0,0,0,0,0,0,2,144,0,3,70,0
9.490000,0.00,0.000,0.000,0,0,0.000,0,0,18.000,39.000,55.000,0,0,0,0,0,0,0,0,0,0,2,144,0,3,70,0
9.495000,0.00,0.000,0.000,0,0,0.000,0,0,18.000,39.000,55.000,0,0,0,0,0,0,0,0,0,0,2,144,0,3,70,0
9.500000,0.00,0.000,0.000,0,0,0.000,0,0,18.000,39.000,55.000,0,0,0,0,0,0,0,0,0,0,2,144,0,3,70,0
9.505000,0.00,0.000,0.000,0,0,0.000,0,0,18.000,39.000,55.000,0,0,0,0,0,0,0,0,0,0,2,144,0,3,70,0
9.510000,0.00,0.000,0.000,0,0,0.000,0,0,18.000,39.000,55.000,0,0,0,0,0,0,0,0,0,0,2,144,0,3,70,0
9.515000,0.00,0.000,0.000,0,0,0.000,0,0,18.000,39.000,55.000,0,0,0,0,0,0,0,0,0,0,2,144,0,3,70,0
9.520000,0.00,0.000,0.000,0,0,0.000,0,0,18.000,39.000,55.000,0,0,0,0,0,0,0,0,0,0,2,144,0,3,70,0
9.525000,0.00,0.000,0.000,0,0,0.000,0,0,18.000,39.000,55.000,0,0,0,0,0,0,0,0,0,0,2,144,0,3,70,0
9.530000,0.00,0.000,0.000,0,0,0.000,0,0,18.000,39.000,55.000,0,0,0,0,0,0,0,0,0,0,2,144,0,3,70,0
9.535000,0.00,0.000,0.000,0,0,0.000,0,0,18.000,39.000,55.000,0,0,0,0,0,0,0,0,0,0,2,144,0,3,70,0
9.540000,0.00,0.000,0.000,0,0,0.000,0,0,18.000,39.000,55.000,0,0,0,0,0,0,0,0,0,0,2,144,0,3,70,0
9.545000,0.00,0.000,0.000,0,0,0.000,0,0,18.000,39.000,55.000,0,0,0,0,0,0,0,0,0,0,2,144,0,3,70,0
9.550000,0.00,0.000,0.000,0,0,0.000,0,0,18.000,39.000,55.000,0,0,0,0,0,0,0,0,0,0,2,144,0,3,70,0
9.555000,0.00,0.000,0.000,0,0,0.000,0,0,18.000,39.000,55.000,0,0,0,0,0,0,0,0,0,0,2,144,0,3,70,0
9.560000,0.00,0.000,0.000,0,0,0.000,0,0,18.000,39.000,55.000,0,0,0,0,0,0,0,0,0,0,2,144,0,3,70,0
9.565000,0.00,0.000,0.000,0,0,0.000,0,0,18.000,39.000,55.000,0,0,0,0,0,0,0,0,0,0,2,144,0,3,70,0
9.570000,0.00,0.000,0.000,0,0,0.000,0,0,18.000,39.000,55.000,0,0,0,0,0,0,0,0,0,0,2,144,0,3,70,0
9.575000,0.00,0.000,0.000,0,0,0.000,0,0,18.000,39.000,55.000,0,0,0,0,0,0,0,0,0,0,2,144,0,3,70,0
9.580000,0.00,0.000,0.000,0,0,0.000,0,0,18.000,39.000,55.000,0,0,0,0,0,0,0,0,0,0,2,144,0,3,70,0
9.585000,0.00,0.000,0.000,0,0,0.000,0,0,18.000,39.000,55.000,0,0,0,0,0,0,0,0,0,0,2,144,0,3,70,0
9.590000,0.00,0.000,0.000,0,0,0.000,0,0,18.000,39.000,55.000,0,0,0,0,0,0,0,0,0,0,2,144,0,3,70,0
9.595000,0.00,0.000,0.000,0,0,0.000,0,0,18.000,39.000,55.000,0,0,0,0,0,0,0,0,0,0,2,144,0,3,70,0
9.600000,0.00,0.000,0.000,0,0,0.000,0,0,18.000,39.000,55.000,0,0,0,0,0,0,0,0,0,0,2,144,0,3,70,0
9.605000,0.00,0.000,0.000,0,0,0.000,0,0,18.000,39.000,55.000,0,0,0,0,0,0,0,0,0,0,2,144,0,3,70,0
9.610000,0.00,0.000,0.000,0,0,0.000,0,0,18.000,39.000,55.000,0,0,0,0,0,0,0,0,0,0,2,144,0,3,70,0
9.615000,0.00,0.000,0.000,0,0,0.000,0,0,18.000,39.000,55.000,0,0,0,0,0,0,0,0,0,0,2,144,0,3,70,0
9.620000,0.00,0.000,0.000,0,0,0.000,0,0,18.000,39.000,55.000,0,0,0,0,0,0,0,0,0,0,2,144,0,3,70,0
9.625000,0.00,0.000,0.000,0,0,0.000,0,0,18.000,39.000,55.000,0,0,0,0,0,0,0,0,0,0,2,144,0,3,70,0
9.630000,0.00,0.000,0.000,0,0,0.000,0,0,18.000,39.000,55.000,0,0,0,0,0,0,0,0,0,0,2,144,0,3,70,0
9.635000,0.00,0.000,0.000,0,0,0.000,0,0,18.000,39.000,55.000,0,0,0,0,0,0,0,0,0,0,2,144,0,3,70,0
9.640000,0.00,0.000,0.000,0,0,0.000,0,0,18.000,39.000,55.000,0,0,0,0,0,0,0,0,0,0,2,144,0,3,70,0
9.645000,0.00,0.000,0.000,0,0,0.000,0,0,18.000,39.000,55.000,0,0,0,0,0,0,0,0,0,0,2,144,0,3,70,0
9.650000,0.00,0.000,0.000,0,0,0.000,0,0,18.000,39.000,55.000,0,0,0,0,0,0,0,0,0,0,2,144,0,3,70,0
9.655000,0.00,0.000,0.000,0,0,0.000,0,0,18.000,39.000,55.000,0,0,0,0,0,0,0,0,0,0,2,144,0,3,70,0
9.660000,0.00,0.000,0.000,0,0,0.000,0,0,18.000,39.000,55.000,0,0,0,0,0,0,0,0,0,0,2,144,0,3,70,0
9.665000,0.00,0.000,0.000,0,0,0.000,0,0,18.000,39.000,55.000,0,0,0,0,0,0,0,0,0,0,2,144,0,3,70,0
9.670000,0.00,0.000,0.000,0,0,0.000,0,0,18.000,39.000,55.000,0,0,0,0,0,0,0,0,0,0,2,144,0,3,70,0
9.675000,0.00,0.000,0.000,0,0,0.000,0,0,18.000,39.000,55.000,0,0,0,0,0,0,0,0,0,0,2,144,0,3,70,0
9.680000,0.00,0.000,0.000,0,0,0.000,0,0,18.000,39.000,55.000,0,0,0,0,0,0,0,0,0,0,2,144,0,3,70,0
9.685000,0.00,0.000,0.000,0,0,0.000,0,0,18.000,39.000,55.000,0,0,0,0,0,0,0,0,0,0,2,144,0,3,70,0
9.690000,0.00,0.000,0.000,0,0,0.000,0,0,18.000,39.000,55.000,0,0,0,0,0,0,0,0,0,0,2,144,0,3,70,0
9.695000,0.00,0.000,0.000,0,0,0.000,0,0,18.000,39.000,55.000,0,0,0,0,0,0,0,0,0,0,2,144,0,3,70,0
9.700000,0.00,0.000,0.000,0,0,0.000,0,0,18.000,39.000,55.000,0,0,0,0,0,0,0,0,0,0,2,144,0,3,70,0
9.705000,0.00,0.000,0.000,0,0,0.000,0,0,18.000,39.000,55.000,0,0,0,0,0,0,0,0,0,0,2,144,0,3,70,0
9.710000,0.00,0.000,0.000,0,0,0.000,0,0,18.000,39.000,55.000,0,0,0,0,0,0,0,0,0,0,2,144,0,3,70,0
9.715000,0.00,0.000,0.000,0,0,0.000,0,0,18.000,39.000,55.000,0,0,0,0,0,0,0,0,0,0,2,144,0,3,70,0
9.720000,0.00,0.000,0.000,0,0,0.000,0,0,18.000,39.000,55.000,0,0,0,0,0,0,0,0,0,0,2,144,0,3,70,0
9.725000,0.00,0.000,0.000,0,0,0.000,0,0,18.000,39.000,55.000,0,0,0,0,0,0,0,0,0,0,2,144,0,3,70,0
9.730000,0.00,0.000,0.000,0,0,0.000,0,0,18.000,39.000,55.000,0,0,0,0,0,0,0,0,0,0,2,144,0,3,70,0
9.735000,0.00,0.000,0.000,0,0,0.000,0,0,18.000,39.000,55.000,0,0,0,0,0,0,0,0,0,0,2,144,0,3,70,0
9.740000,0.00,0.000,0.000,0,0,0.000,0,0,18.000,39.000,55.000,0,0,0,0,0,0,0,0,0,0,2,144,0,3,70,0
9.745000,0.00,0.000,0.000,0,0,0.000,0,0,18.000,39.000,55.000,0,0,0,0,0,0,0,0,0,0,2,144,0,3,70,0
9.750000,0.00,0.000,0.000,0,0,0.000,0,0,18.000,39.000,55.000,0,0,0,0,0,0,0,0,0,0,2,144,0,3,70,0
9.755000,0.00,0.000,0.000,0,0,0.000,0,0,18.000,39.000,55.000,0,0,0,0,0,0,0,0,0,0,2,144,0,3,70,0
9.760000,0.00,0.000,0.000,0,0,0.000,0,0,18.000,39.000,55.000,0,0,0,0,0,0,0,0,0,0,2,144,0,3,70,0
9.765000,0.00,0.000,0.000,0,0,0.000,0,0,18.000,39.000,55.000,0,0,0,0,0,0,0,0,0,0,2,144,0,3,70,0
9.770000,0.00,0.000,0.000,0,0,0.000,0,0,18.000,39.000,55.000,0,0,0,0,0,0,0,0,0,0,2,144,0,3,70,0
9.775000,0.00,0.000,0.000,0,0,0.000,0,0,18.000,39.000,55.000,0,0,0,0,0,0,0,0,0,0,2,144,0,3,70,0
9.780000,0.00,0.000,0.000,0,0,0.000,0,0,18.000,39.000,55.000,0,0,0,0,0,0,0,0,0,0,2,144,0,3,70,0
9.785000,0.00,0.000,0.000,0,0,0.000,0,0,18.000,39.000,55.000,0,0,0,0,0,0,0,0,0,0,2,144,0,3,70,0
9.790000,0.00,0.000,0.000,0,0,0.000,0,0,18.000,39.000,55.000,0,0,0,0,0,0,0,0,0,0,2,144,0,3,70,0
9.795000,0.00,0.000,0.000,0,0,0.000,0,0,18.000,39.000,55.000,0,0,0,0,0,0,0,0,0,0,2,144,0,3,70,0
9.800000,0.00,0.000,0.000,0,0,0.000,0,0,18.000,39.000,55.000,0,0,0,0,0,0,0,0,0,0,2,144,0,3,70,0
9.805000,0.00,0.000,0.000,0,0,0.000,0,0,18.000,39.000,55.000,0,0,0,0,0,0,0,0,0,0,2,144,0,3,70,0
9.810000,0.00,0.000,0.000,0,0,0.000,0,0,18.000,39.000,55.000,0,0,0,0,0,0,0,0,0,0,2,144,0,3,70,0
9.815000,0.00,0.000,0.000,0,0,0.000,0,0,18.000,39.000,55.000,0,0,0,0,0,0,0,0,0,0,2,144,0,3,70,0
9.820000,0.00,0.000,0.000,0,0,0.000,0,0,18.000,39.000,55.000,0,0,0,0,0,0,0,0,0,0,2,144,0,3,70,0
9.825000,0.00,0.000,0.000,0,0,0.000,0,0,18.000,39.000,55.000,0,0,0,0,0,0,0,0,0,0,2,144,0,3,70,0
9.830000,0.00,0.000,0.000,0,0,0.000,0,0,18.000,39.000,55.000,0,0,0,0,0,0,0,0,0,0,2,144,0,3,70,0
9.835000,0.00,0.000,0.000,0,0,0.000,0,0,18.000,39.000,55.000,0,0,0,0,0,0,0,0,0,0,2,144,0,3,70,0
9.840000,0.00,0.000,0.000,0,0,0.000,0,0,18.000,39.000,55.000,0,0,0,0,0,0,0,0,0,0,2,144,0,3,70,0
9.845000,0.00,0.000,0.000,0,0,0.000,0,0,18.000,39.000,55.000,0,0,0,0,0,0,0,0,0,0,2,144,0,3,70,0
9.850000,0.00,0.000,0.000,0,0,0.000,0,0,18.000,39.000,55.000,0,0,0,0,0,0,0,0,0,0,2,144,0,3,70,0
9.855000,0.00,0.000,0.000,0,0,0.000,0,0,18.000,39.000,55.000,0,0,0,0,0,0,0,0,0,0,2,144,0,3,70,0
9.860000,0.00,0.000,0.000,0,0,0.000,0,0,18.000,39.000,55.000,0,0,0,0,0,0,0,0,0,0,2,144,0,3,70,0
9.865000,0.00,0.000,0.000,0,0,0.000,0,0,18.000,39.000,55.000,0,0,0,0,0,0,0,0,0,0,2,144,0,3,70,0
9.870000,0.00,0.000,0.000,0,0,0.000,0,0,18.000,39.000,55.000,0,0,0,0,0,0,0,0,0,0,2,144,0,3,70,0
9.875000,0.00,0.000,0.000,0,0,0.000,0,0,18.000,39.000,55.000,0,0,0,0,0,0,0,0,0,0,2,144,0,3,70,0
9.880000,0.00,0.000,0.000,0,0,0.000,0,0,18.000,39.000,55.000,0,0,0,0,0,0,0,0,0,0,2,144,0,3,70,0
9.885000,0.00,0.000,0.000,0,0,0.000,0,0,18.000,39.000,55.000,0,0,0,0,0,0,0,0,0,0,2,144,0,3,70,0
9.890000,0.00,0.000,0.000,0,0,0.000,0,0,18.000,39.000,55.000,0,0,0,0,0,0,0,0,0,0,2,144,0,3,70,0
9.895000,0.00,0.000,0.000,0,0,0.000,0,0,18.000,39.000,55.000,0,0,0,0,0,0,0,0,0,0,2,144,0,3,70,0
9.900000,0.00,0.000,0.000,0,0,0.000,0,0,18.000,39.000,55.000,0,0,0,0,0,0,0,0,0,0,2,144,0,3,70,0
9.905000,0.00,0.000,0.000,0,0,0.000,0,0,18.000,39.000,55.000,0,0,0,0,0,0,0,0,0,0,2,144,0,3,70,0
9.910000,0.00,0.000,0.000,0,0,0.000,0,0,18.000,39.000,55.000,0,0,0,0,0,0,0,0,0,0,2,144,0,3,70,0
9.915000,0.00,0.000,0.000,0,0,0.000,0,0,18.000,39.000,55.000,0,0,0,0,0,0,0,0,0,0,2,144,0,3,70,0
9.920000,0.00,0.000,0.000,0,0,0.000,0,0,18.000,39.000,55.000,0,0,0,0,0,0,0,0,0,0,2,144,0,3,70,0
9.925000,0.00,0.000,0.000,0,0,0.000,0,0,18.000,39.000,55.000,0,0,0,0,0,0,0,0,0,0,2,144,0,3,70,0
9.930000,0.00,0.000,0.000,0,0,0.000,0,0,18.000,39.000,55.000,0,0,0,0,0,0,0,0,0,0,2,144,0,3,70,0
9.935000,0.00,0.000,0.000,0,0,0.000,0,0,18.000,39.000,55.000,0,0,0,0,0,0,0,0,0,0,2,144,0,3,70,0
9.940000,0.00,0.000,0.000,0,0,0.000,0,0,18.000,39.000,55.000,0,0,0,0,0,0,0,0,0,0,2,144,0,3,70,0
9.945000,0.00,0.000,0.000,0,0,0.000,0,0,18.000,39.000,55.000,0,0,0,0,0,0,0,0,0,0,2,144,0,3,70,0
9.950000,0.00,0.000,0.000,0,0,0.000,0,0,18.000,39.000,55.000,0,0,0,0,0,0,0,0,0,0,2,144,0,3,70,0
9.955000,0.00,0.000,0.000,0,0,0.000,0,0,18.000,39.000,55.000,0,0,0,0,0,0,0,0,0,0,2,144,0,3,70,0
9.960000,0.00,0.000,0.000,0,0,0.000,0,0,18.000,39.000,55.000,0,0,0,0,0,0,0,0,0,0,2,144,0,3,70,0
9.965000,0.00,0.000,0.000,0,0,0.000,0,0,18.000,39.000,55.000,0,0,0,0,0,0,0,0,0,0,2,144,0,3,70,0
9.970000,0.00,0.000,0.000,0,0,0.000,0,0,18.000,39.000,55.000,0,0,0,0,0,0,0,0,0,0,2,144,0,3,70,0
9.975000,0.00,0.000,0.000,0,0,0.000,0,0,18.000,39.000,55.000,0,0,0,0,0,0,0,0,0,0,2,144,0,3,70,0
9.980000,0.00,0.000,0.000,0,0,0.000,0,0,18.000,39.000,55.000,0,0,0,0,0,0,0,0,0,0,2,144,0,3,70,0
9.985000,0.00,0.000,0.000,0,0,0.000,0,0,18.000,39.000,55.000,0,0,0,0,0,0,0,0,0,0,2,144,0,3,70,0
9.990000,0.00,0.000,0.000,0,0,0.000,0,0,18.000,39.000,55.000,0,0,0,0,0,0,0,0,0,0,2,144,0,3,70,0
9.995000,0.00,0.000,0.000,0,0,0.000,0,0,18.000,39.000,55.000,0,0,0,0,0,0,0,0,0,0,2,144,0,3,70,0
10.000000,0.00,0.000,0.000,0,0,0.000,0,0,18.000,39.000,55.000,0,0,0,0,0,0,0,0,0,0,2,144,0,3,70,0
