time_s,crank_angle_deg,torque_gen_nm,torque_load_kg,torque_fast_native,torque_run_native,cadence_gen_rpm,cadence_raw_rpm,cadence_control_rpm,speed_kph,battery_v,soc_pct,human_power_w,assist_basis_power_w,motor_power_w,support_pct,iq_mode_request,iq_before_profile_limit,iq_requested,iq_allowed,iq_pre_ramp,iq_ref,session,debug_flags,battery_limit,gate_steps,gate_load_ckg,pedalling
0.005000,0.00,0.000,0.000,0,0,0.000,0,0,18.000,39.000,55.000,0,0,0,0,0,0,0,0,0,0,0,144,0,3,70,0
0.010000,0.00,0.000,0.000,0,0,0.000,0,0,18.000,39.000,55.000,0,0,0,0,0,0,0,0,0,0,0,144,0,3,70,0
0.015000,0.00,0.000,0.000,0,0,0.000,0,0,18.000,39.000,55.000,0,0,0,0,0,0,0,0,0,0,0,144,0,3,70,0
0.020000,0.00,0.000,0.000,0,0,0.000,0,0,18.000,39.000,55.000,0,0,0,0,0,0,0,0,0,0,0,144,0,3,70,0
0.025000,0.00,0.000,0.000,0,0,0.000,0,0,18.000,39.000,55.000,0,0,0,0,0,0,0,0,0,0,0,144,0,3,70,0
0.030000,0.00,0.000,0.000,0,0,0.000,0,0,18.000,39.000,55.000,0,0,0,0,0,0,0,0,0,0,0,144,0,3,70,0
0.035000,0.00,0.000,0.000,0,0,0.000,0,0,18.000,39.000,55.000,0,0,0,0,0,0,0,0,0,0,0,144,0,3,70,0
0.040000,0.00,0.000,0.000,0,0,0.000,0,0,18.000,39.000,55.000,0,0,0,0,0,0,0,0,0,0,0,144,0,3,70,0
0.045000,0.00,0.000,0.000,0,0,0.000,0,0,18.000,39.000,55.000,0,0,0,0,0,0,0,0,0,0,0,144,0,3,70,0
0.050000,0.00,0.000,0.000,0,0,0.000,0,0,18.000,39.000,55.000,0,0,0,0,0,0,0,0,0,0,0,144,0,3,70,0
0.055000,0.00,0.000,0.000,0,0,0.000,0,0,18.000,39.000,55.000,0,0,0,0,0,0,0,0,0,0,0,144,0,3,70,0
0.060000,0.00,0.000,0.000,0,0,0.000,0,0,18.000,39.000,55.000,0,0,0,0,0,0,0,0,0,0,0,144,0,3,70,0
0.065000,0.00,0.000,0.000,0,0,0.000,0,0,18.000,39.000,55.000,0,0,0,0,0,0,0,0,0,0,0,144,0,3,70,0
0.070000,0.00,0.000,0.000,0,0,0.000,0,0,18.000,39.000,55.000,0,0,0,0,0,0,0,0,0,0,0,144,0,3,70,0
0.075000,0.00,0.000,0.000,0,0,0.000,0,0,18.000,39.000,55.000,0,0,0,0,0,0,0,0,0,0,0,144,0,3,70,0
0.080000,0.00,0.000,0.000,0,0,0.000,0,0,18.000,39.000,55.000,0,0,0,0,0,0,0,0,0,0,0,144,0,3,70,0
0.085000,0.00,0.000,0.000,0,0,0.000,0,0,18.000,39.000,55.000,0,0,0,0,0,0,0,0,0,0,0,144,0,3,70,0
0.090000,0.00,0.000,0.000,0,0,0.000,0,0,18.000,39.000,55.000,0,0,0,0,0,0,0,0,0,0,0,144,0,3,70,0
0.095000,0.00,0.000,0.000,0,0,0.000,0,0,18.000,39.000,55.000,0,0,0,0,0,0,0,0,0,0,0,144,0,3,70,0
0.100000,0.00,0.000,0.000,0,0,0.000,0,0,18.000,39.000,55.000,0,0,0,0,0,0,0,0,0,0,0,144,0,3,70,0
0.105000,0.00,0.000,0.000,0,0,0.000,0,0,18.000,39.000,55.000,0,0,0,0,0,0,0,0,0,0,0,144,0,3,70,0
0.110000,0.00,0.000,0.000,0,0,0.000,0,0,18.000,39.000,55.000,0,0,0,0,0,0,0,0,0,0,0,144,0,3,70,0
0.115000,0.00,0.000,0.000,0,0,0.000,0,0,18.000,39.000,55.000,0,0,0,0,0,0,0,0,0,0,0,144,0,3,70,0
0.120000,0.00,0.000,0.000,0,0,0.000,0,0,18.000,39.000,55.000,0,0,0,0,0,0,0,0,0,0,0,144,0,3,70,0
0.125000,0.00,0.000,0.000,0,0,0.000,0,0,18.000,39.000,55.000,0,0,0,0,0,0,0,0,0,0,0,144,0,3,70,0
0.130000,0.00,0.000,0.000,0,0,0.000,0,0,18.000,39.000,55.000,0,0,0,0,0,0,0,0,0,0,0,144,0,3,70,0
0.135000,0.00,0.000,0.000,0,0,0.000,0,0,18.000,39.000,55.000,0,0,0,0,0,0,0,0,0,0,0,144,0,3,70,0
0.140000,0.00,0.000,0.000,0,0,0.000,0,0,18.000,39.000,55.000,0,0,0,0,0,0,0,0,0,0,0,144,0,3,70,0
0.145000,0.00,0.000,0.000,0,0,0.000,0,0,18.000,39.000,55.000,0,0,0,0,0,0,0,0,0,0,0,144,0,3,70,0
0.150000,0.00,0.000,0.000,0,0,0.000,0,0,18.000,39.000,55.000,0,0,0,0,0,0,0,0,0,0,0,144,0,3,70,0
0.155000,0.00,0.000,0.000,0,0,0.000,0,0,18.000,39.000,55.000,0,0,0,0,0,0,0,0,0,0,0,144,0,3,70,0
0.160000,0.00,0.000,0.000,0,0,0.000,0,0,18.000,39.000,55.000,0,0,0,0,0,0,0,0,0,0,0,144,0,3,70,0
0.165000,0.00,0.000,0.000,0,0,0.000,0,0,18.000,39.000,55.000,0,0,0,0,0,0,0,0,0,0,0,144,0,3,70,0
0.170000,0.00,0.000,0.000,0,0,0.000,0,0,18.000,39.000,55.000,0,0,0,0,0,0,0,0,0,0,0,144,0,3,70,0
0.175000,0.00,0.000,0.000,0,0,0.000,0,0,18.000,39.000,55.000,0,0,0,0,0,0,0,0,0,0,0,144,0,3,70,0
0.180000,0.00,0.000,0.000,0,0,0.000,0,0,18.000,39.000,55.000,0,0,0,0,0,0,0,0,0,0,0,144,0,3,70,0
0.185000,0.00,0.000,0.000,0,0,0.000,0,0,18.000,39.000,55.000,0,0,0,0,0,0,0,0,0,0,0,144,0,3,70,0
0.190000,0.00,0.000,0.000,0,0,0.000,0,0,18.000,39.000,55.000,0,0,0,0,0,0,0,0,0,0,0,144,0,3,70,0
0.195000,0.00,0.000,0.000,0,0,0.000,0,0,18.000,39.000,55.000,0,0,0,0,0,0,0,0,0,0,0,144,0,3,70,0
0.200000,0.00,0.000,0.000,0,0,0.000,0,0,18.000,39.000,55.000,0,0,0,0,0,0,0,0,0,0,0,144,0,3,70,0
0.205000,0.00,0.000,0.000,0,0,0.000,0,0,18.000,39.000,55.000,0,0,0,0,0,0,0,0,0,0,0,144,0,3,70,0
0.210000,0.00,0.000,0.000,0,0,0.000,0,0,18.000,39.000,55.000,0,0,0,0,0,0,0,0,0,0,0,144,0,3,70,0
0.215000,0.00,0.000,0.000,0,0,0.000,0,0,18.000,39.000,55.000,0,0,0,0,0,0,0,0,0,0,0,144,0,3,70,0
0.220000,0.00,0.000,0.000,0,0,0.000,0,0,18.000,39.000,55.000,0,0,0,0,0,0,0,0,0,0,0,144,0,3,70,0
0.225000,0.00,0.000,0.000,0,0,0.000,0,0,18.000,39.000,55.000,0,0,0,0,0,0,0,0,0,0,0,144,0,3,70,0
0.230000,0.00,0.000,0.000,0,0,0.000,0,0,18.000,39.000,55.000,0,0,0,0,0,0,0,0,0,0,0,144,0,3,70,0
0.235000,0.00,0.000,0.000,0,0,0.000,0,0,18.000,39.000,55.000,0,0,0,0,0,0,0,0,0,0,0,144,0,3,70,0
0.240000,0.00,0.000,0.000,0,0,0.000,0,0,18.000,39.000,55.000,0,0,0,0,0,0,0,0,0,0,0,144,0,3,70,0
0.245000,0.00,0.000,0.000,0,0,0.000,0,0,18.000,39.000,55.000,0,0,0,0,0,0,0,0,0,0,0,144,0,3,70,0
0.250000,0.00,0.000,0.000,0,0,0.000,0,0,18.000,39.000,55.000,0,0,0,0,0,0,0,0,0,0,0,144,0,3,70,0
0.255000,0.00,0.000,0.000,0,0,0.000,0,0,18.000,39.000,55.000,0,0,0,0,0,0,0,0,0,0,0,144,0,3,70,0
0.260000,0.00,0.000,0.000,0,0,0.000,0,0,18.000,39.000,55.000,0,0,0,0,0,0,0,0,0,0,0,144,0,3,70,0
0.265000,0.00,0.000,0.000,0,0,0.000,0,0,18.000,39.000,55.000,0,0,0,0,0,0,0,0,0,0,0,144,0,3,70,0
0.270000,0.00,0.000,0.000,0,0,0.000,0,0,18.000,39.000,55.000,0,0,0,0,0,0,0,0,0,0,0,144,0,3,70,0
0.275000,0.00,0.000,0.000,0,0,0.000,0,0,18.000,39.000,55.000,0,0,0,0,0,0,0,0,0,0,0,144,0,3,70,0
0.280000,0.00,0.000,0.000,0,0,0.000,0,0,18.000,39.000,55.000,0,0,0,0,0,0,0,0,0,0,0,144,0,3,70,0
0.285000,0.00,0.000,0.000,0,0,0.000,0,0,18.000,39.000,55.000,0,0,0,0,0,0,0,0,0,0,0,144,0,3,70,0
0.290000,0.00,0.000,0.000,0,0,0.000,0,0,18.000,39.000,55.000,0,0,0,0,0,0,0,0,0,0,0,144,0,3,70,0
0.295000,0.00,0.000,0.000,0,0,0.000,0,0,18.000,39.000,55.000,0,0,0,0,0,0,0,0,0,0,0,144,0,3,70,0
0.300000,0.00,0.000,0.000,0,0,0.000,0,0,18.000,39.000,55.000,0,0,0,0,0,0,0,0,0,0,0,144,0,3,70,0
0.305000,0.00,0.000,0.000,0,0,0.000,0,0,18.000,39.000,55.000,0,0,0,0,0,0,0,0,0,0,0,144,0,3,70,0
0.310000,0.00,0.000,0.000,0,0,0.000,0,0,18.000,39.000,55.000,0,0,0,0,0,0,0,0,0,0,0,144,0,3,70,0
0.315000,0.00,0.000,0.000,0,0,0.000,0,0,18.000,39.000,55.000,0,0,0,0,0,0,0,0,0,0,0,144,0,3,70,0
0.320000,0.00,0.000,0.000,0,0,0.000,0,0,18.000,39.000,55.000,0,0,0,0,0,0,0,0,0,0,0,144,0,3,70,0
0.325000,0.00,0.000,0.000,0,0,0.000,0,0,18.000,39.000,55.000,0,0,0,0,0,0,0,0,0,0,0,144,0,3,70,0
0.330000,0.00,0.000,0.000,0,0,0.000,0,0,18.000,39.000,55.000,0,0,0,0,0,0,0,0,0,0,0,144,0,3,70,0
0.335000,0.00,0.000,0.000,0,0,0.000,0,0,18.000,39.000,55.000,0,0,0,0,0,0,0,0,0,0,0,144,0,3,70,0
0.340000,0.00,0.000,0.000,0,0,0.000,0,0,18.000,39.000,55.000,0,0,0,0,0,0,0,0,0,0,0,144,0,3,70,0
0.345000,0.00,0.000,0.000,0,0,0.000,0,0,18.000,39.000,55.000,0,0,0,0,0,0,0,0,0,0,0,144,0,3,70,0
0.350000,0.00,0.000,0.000,0,0,0.000,0,0,18.000,39.000,55.000,0,0,0,0,0,0,0,0,0,0,0,144,0,3,70,0
0.355000,0.00,0.000,0.000,0,0,0.000,0,0,18.000,39.000,55.000,0,0,0,0,0,0,0,0,0,0,0,144,0,3,70,0
0.360000,0.00,0.000,0.000,0,0,0.000,0,0,18.000,39.000,55.000,0,0,0,0,0,0,0,0,0,0,0,144,0,3,70,0
0.365000,0.00,0.000,0.000,0,0,0.000,0,0,18.000,39.000,55.000,0,0,0,0,0,0,0,0,0,0,0,144,0,3,70,0
0.370000,0.00,0.000,0.000,0,0,0.000,0,0,18.000,39.000,55.000,0,0,0,0,0,0,0,0,0,0,0,144,0,3,70,0
0.375000,0.00,0.000,0.000,0,0,0.000,0,0,18.000,39.000,55.000,0,0,0,0,0,0,0,0,0,0,0,144,0,3,70,0
0.380000,0.00,0.000,0.000,0,0,0.000,0,0,18.000,39.000,55.000,0,0,0,0,0,0,0,0,0,0,0,144,0,3,70,0
0.385000,0.00,0.000,0.000,0,0,0.000,0,0,18.000,39.000,55.000,0,0,0,0,0,0,0,0,0,0,0,144,0,3,70,0
0.390000,0.00,0.000,0.000,0,0,0.000,0,0,18.000,39.000,55.000,0,0,0,0,0,0,0,0,0,0,0,144,0,3,70,0
0.395000,0.00,0.000,0.000,0,0,0.000,0,0,18.000,39.000,55.000,0,0,0,0,0,0,0,0,0,0,0,144,0,3,70,0
0.400000,0.00,0.000,0.000,0,0,0.000,0,0,18.000,39.000,55.000,0,0,0,0,0,0,0,0,0,0,0,144,0,3,70,0
0.405000,0.00,0.000,0.000,0,0,0.000,0,0,18.000,39.000,55.000,0,0,0,0,0,0,0,0,0,0,0,144,0,3,70,0
0.410000,0.00,0.000,0.000,0,0,0.000,0,0,18.000,39.000,55.000,0,0,0,0,0,0,0,0,0,0,0,144,0,3,70,0
0.415000,0.00,0.000,0.000,0,0,0.000,0,0,18.000,39.000,55.000,0,0,0,0,0,0,0,0,0,0,0,144,0,3,70,0
0.420000,0.00,0.000,0.000,0,0,0.000,0,0,18.000,39.000,55.000,0,0,0,0,0,0,0,0,0,0,0,144,0,3,70,0
0.425000,0.00,0.000,0.000,0,0,0.000,0,0,18.000,39.000,55.000,0,0,0,0,0,0,0,0,0,0,0,144,0,3,70,0
0.430000,0.00,0.000,0.000,0,0,0.000,0,0,18.000,39.000,55.000,0,0,0,0,0,0,0,0,0,0,0,144,0,3,70,0
0.435000,0.00,0.000,0.000,0,0,0.000,0,0,18.000,39.000,55.000,0,0,0,0,0,0,0,0,0,0,0,144,0,3,70,0
0.440000,0.00,0.000,0.000,0,0,0.000,0,0,18.000,39.000,55.000,0,0,0,0,0,0,0,0,0,0,0,144,0,3,70,0
0.445000,0.00,0.000,0.000,0,0,0.000,0,0,18.000,39.000,55.000,0,0,0,0,0,0,0,0,0,0,0,144,0,3,70,0
0.450000,0.00,0.000,0.000,0,0,0.000,0,0,18.000,39.000,55.000,0,0,0,0,0,0,0,0,0,0,0,144,0,3,70,0
0.455000,0.00,0.000,0.000,0,0,0.000,0,0,18.000,39.000,55.000,0,0,0,0,0,0,0,0,0,0,0,144,0,3,70,0
0.460000,0.00,0.000,0.000,0,0,0.000,0,0,18.000,39.000,55.000,0,0,0,0,0,0,0,0,0,0,0,144,0,3,70,0
0.465000,0.00,0.000,0.000,0,0,0.000,0,0,18.000,39.000,55.000,0,0,0,0,0,0,0,0,0,0,0,144,0,3,70,0
0.470000,0.00,0.000,0.000,0,0,0.000,0,0,18.000,39.000,55.000,0,0,0,0,0,0,0,0,0,0,0,144,0,3,70,0
0.475000,0.00,0.000,0.000,0,0,0.000,0,0,18.000,39.000,55.000,0,0,0,0,0,0,0,0,0,0,0,144,0,3,70,0
0.480000,0.00,0.000,0.000,0,0,0.000,0,0,18.000,39.000,55.000,0,0,0,0,0,0,0,0,0,0,0,144,0,3,70,0
0.485000,0.00,0.000,0.000,0,0,0.000,0,0,18.000,39.000,55.000,0,0,0,0,0,0,0,0,0,0,0,144,0,3,70,0
0.490000,0.00,0.000,0.000,0,0,0.000,0,0,18.000,39.000,55.000,0,0,0,0,0,0,0,0,0,0,0,144,0,3,70,0
0.495000,0.00,0.000,0.000,0,0,0.000,0,0,18.000,39.000,55.000,0,0,0,0,0,0,0,0,0,0,0,144,0,3,70,0
0.500000,0.17,28.079,16.820,2,0,110.000,0,0,18.000,39.000,55.000,0,0,0,0,0,0,0,0,0,0,0,16,0,3,70,1
0.505000,3.46,29.656,17.800,48,1,110.000,0,0,18.000,39.000,55.000,0,0,0,0,0,0,0,0,0,0,0,16,0,3,70,1
0.510000,6.77,31.212,18.730,90,4,110.000,0,0,18.000,39.000,55.000,0,0,0,0,0,0,0,0,0,0,0,16,0,3,70,1
0.515000,10.07,32.728,19.650,129,8,110.000,0,0,18.000,39.000,55.000,0,0,0,0,0,0,0,0,0,0,0,16,0,3,30,1
0.520000,13.37,34.185,20.520,164,143,110.000,0,0,18.000,39.000,55.000,0,0,23,0,16,16,16,16,16,11,1,0,0,3,30,1
0.525000,16.66,35.566,21.340,197,145,110.000,0,0,18.000,39.000,55.000,0,0,24,0,17,17,17,17,17,17,1,0,0,3,30,1
0.530000,19.96,36.852,22.100,228,148,110.000,109,109,18.000,39.000,55.000,408,112,11,10,4,4,14,14,14,14,1,0,0,3,30,1
0.535000,23.26,38.029,22.810,256,151,110.000,109,109,18.000,39.000,55.000,421,115,12,10,4,4,14,14,14,14,1,0,0,3,30,1
0.540000,26.57,39.082,23.460,282,156,110.000,109,109,18.000,39.000,55.000,433,120,13,11,5,5,14,14,14,14,1,0,0,3,30,1
0.545000,29.87,39.998,24.000,306,162,110.000,109,109,18.000,39.000,55.000,443,126,14,11,5,5,14,14,14,14,1,0,0,3,30,1
0.550000,33.17,40.765,24.440,328,168,110.000,109,109,18.000,39.000,55.000,451,132,16,12,6,6,14,14,14,14,1,0,0,3,30,1
0.555000,36.47,41.376,24.820,348,175,110.000,109,109,18.000,39.000,55.000,458,139,17,12,7,7,14,14,14,14,1,0,0,3,30,1
0.560000,39.77,41.823,25.090,366,183,110.000,109,109,18.000,39.000,55.000,463,147,20,13,7,7,14,14,14,14,1,0,0,3,30,1
0.565000,43.07,42.101,25.260,383,190,110.000,109,109,18.000,39.000,55.000,466,154,21,14,8,8,14,14,14,14,1,0,0,3,30,1
0.570000,46.37,42.207,25.310,397,198,110.000,109,109,18.000,39.000,55.000,467,163,24,14,9,9,14,14,14,14,1,0,0,3,30,1
0.575000,49.67,42.141,25.260,410,207,110.000,109,109,18.000,39.000,55.000,466,172,27,15,10,10,14,14,14,14,1,0,0,3,30,1
0.580000,52.97,41.904,25.150,420,215,110.000,109,109,18.000,39.000,55.000,464,180,29,16,11,11,14,14,14,14,1,0,0,3,30,1
0.585000,56.27,41.501,24.870,429,224,110.000,109,109,18.000,39.000,55.000,459,189,32,17,12,12,14,14,14,14,1,0,0,3,30,1
0.590000,59.57,40.938,24.550,436,232,110.000,109,109,18.000,39.000,55.000,453,197,35,18,14,14,14,14,14,14,1,0,0,3,30,1
0.595000,62.87,40.222,24.110,441,241,110.000,109,109,18.000,39.000,55.000,445,206,38,18,15,15,15,15,15,15,1,0,0,3,30,1
0.600000,66.17,39.364,23.620,444,249,110.000,109,109,18.000,39.000,55.000,436,214,42,19,16,16,16,16,16,16,1,0,0,3,30,1
0.605000,69.47,38.376,23.030,445,257,110.000,109,109,18.000,39.000,55.000,425,222,45,20,17,17,17,17,17,17,1,0,0,3,30,1
0.610000,72.77,37.271,22.370,445,265,110.000,109,109,18.000,39.000,55.000,413,230,48,21,19,19,19,19,19,19,1,0,0,3,30,1
0.615000,76.07,36.064,21.610,443,272,110.000,109,109,18.000,39.000,55.000,399,237,51,21,20,20,20,20,20,20,1,0,0,3,30,1
0.620000,79.37,34.772,20.850,439,279,110.000,109,109,18.000,39.000,55.000,384,244,54,22,21,21,21,21,21,21,1,0,0,3,30,1
0.625000,82.67,33.413,20.030,434,285,110.000,109,109,18.000,39.000,55.000,369,250,57,22,22,22,22,22,22,22,1,0,0,3,30,1
0.630000,85.97,32.003,19.220,428,291,110.000,109,109,18.000,39.000,55.000,354,256,60,23,23,23,23,23,23,23,1,0,0,3,30,1
0.635000,89.27,30.563,18.350,420,296,110.000,109,109,18.000,39.000,55.000,338,261,62,23,24,24,24,24,24,24,1,0,0,3,30,1
0.640000,92.57,29.111,17.480,411,301,110.000,109,109,18.000,39.000,55.000,322,266,65,24,25,25,25,25,25,25,1,0,0,3,30,1
0.645000,95.87,27.667,16.610,402,305,110.000,109,109,18.000,39.000,55.000,306,270,67,24,26,26,26,26,26,26,1,0,0,3,30,1
0.650000,99.17,26.249,15.740,391,309,110.000,109,109,18.000,39.000,55.000,290,274,69,25,27,27,27,27,27,27,1,0,0,3,30,1
0.655000,102.47,24.876,14.920,380,312,110.000,109,109,18.000,39.000,55.000,275,277,70,25,27,27,27,27,27,27,1,0,0,3,30,1
0.660000,105.77,23.567,14.160,368,315,110.000,109,109,18.000,39.000,55.000,261,280,72,25,28,28,28,28,28,28,1,0,0,3,30,1
0.665000,109.07,22.337,13.400,356,317,110.000,109,109,18.000,39.000,55.000,247,282,73,25,28,28,28,28,28,28,1,0,0,3,30,1
0.670000,112.37,21.204,12.740,344,318,110.000,109,109,18.000,39.000,55.000,235,283,73,26,28,28,28,28,28,28,1,0,0,3,30,1
0.675000,115.67,20.181,12.090,332,319,110.000,109,109,18.000,39.000,55.000,223,284,74,26,29,29,29,29,29,29,1,0,0,3,30,1
0.680000,118.97,19.283,11.550,320,319,110.000,109,109,18.000,39.000,55.000,213,284,74,26,29,29,29,29,29,29,1,0,0,3,30,1
0.685000,122.27,18.519,11.110,309,319,110.000,109,109,18.000,39.000,55.000,205,284,74,26,29,29,29,29,29,29,1,0,0,3,30,1
0.690000,125.57,17.899,10.730,298,319,110.000,111,109,18.000,39.000,55.000,198,284,74,26,29,29,29,29,29,29,1,0,0,3,30,1
0.695000,128.87,17.432,10.460,287,318,110.000,111,109,18.000,39.000,55.000,193,283,73,26,28,28,28,28,28,28,1,0,0,3,30,1
0.700000,132.17,17.122,10.300,278,317,110.000,111,109,18.000,39.000,55.000,190,282,73,25,28,28,28,28,28,28,1,0,0,3,30,1
0.705000,135.47,16.973,10.190,269,317,110.000,111,109,18.000,39.000,55.000,188,282,73,25,28,28,28,28,28,28,1,0,0,3,30,1
0.710000,138.77,16.985,10.190,262,316,110.000,109,109,18.000,39.000,55.000,188,281,72,25,28,28,28,28,28,28,1,0,0,3,30,1
0.715000,142.07,17.158,10.300,255,314,110.000,109,109,18.000,39.000,55.000,190,279,71,25,28,28,28,28,28,28,1,0,0,3,30,1
0.720000,145.37,17.489,10.510,250,313,110.000,109,109,18.000,39.000,55.000,194,278,71,25,27,27,27,27,27,27,1,0,0,3,30,1
0.725000,148.67,17.971,10.790,246,312,110.000,109,109,18.000,39.000,55.000,199,277,70,25,27,27,27,27,27,27,1,0,0,3,30,1
0.730000,151.97,18.598,11.170,244,311,110.000,109,109,18.000,39.000,55.000,206,276,70,25,27,27,27,27,27,27,1,0,0,3,30,1
0.735000,155.27,19.360,11.600,243,309,110.000,109,109,18.000,39.000,55.000,214,274,69,25,27,27,27,27,27,27,1,0,0,3,30,1
0.740000,158.57,20.246,12.150,243,308,110.000,109,109,18.000,39.000,55.000,224,273,68,25,26,26,26,26,26,26,1,0,0,3,30,1
0.745000,161.87,21.243,12.740,245,307,110.000,109,109,18.000,39.000,55.000,235,272,68,24,26,26,26,26,26,26,1,0,0,3,30,1
0.750000,165.17,22.336,13.400,247,306,110.000,109,109,18.000,39.000,55.000,247,271,67,24,26,26,26,26,26,26,1,0,0,3,30,1
0.755000,168.47,23.511,14.100,252,305,110.000,109,109,18.000,39.000,55.000,260,270,67,24,26,26,26,26,26,26,1,0,0,3,30,1
0.760000,171.77,24.749,14.870,257,304,110.000,109,109,18.000,39.000,55.000,274,269,66,24,26,26,26,26,26,26,1,0,0,3,30,1
0.765000,175.07,26.033,15.630,264,303,110.000,109,109,18.000,39.000,55.000,288,268,66,24,25,25,25,25,25,25,1,0,0,3,30,1
0.770000,178.37,27.345,16.390,271,302,110.000,109,109,18.000,39.000,55.000,302,267,65,24,25,25,25,25,25,25,1,0,0,3,30,1
0.775000,181.67,28.667,17.210,280,302,110.000,109,109,18.000,39.000,55.000,317,267,65,24,25,25,25,25,25,25,1,0,0,3,30,1
0.780000,184.97,29.979,17.970,289,301,110.000,109,109,18.000,39.000,55.000,331,266,65,24,25,25,25,25,25,25,1,0,0,3,30,1
0.785000,188.27,31.263,18.730,299,301,110.000,109,109,18.000,39.000,55.000,345,266,65,24,25,25,25,25,25,25,1,0,0,3,30,1
0.790000,191.57,32.500,19.490,309,301,110.000,109,109,18.000,39.000,55.000,359,266,65,24,25,25,25,25,25,25,1,0,0,3,30,1
0.795000,194.87,33.674,20.200,320,302,110.000,109,109,18.000,39.000,55.000,372,267,65,24,25,25,25,25,25,25,1,0,0,3,30,1
0.800000,198.17,34.766,20.850,331,303,110.000,109,109,18.000,39.000,55.000,384,268,66,24,25,25,25,25,25,25,1,0,0,3,30,1
0.805000,201.47,35.762,21.450,342,304,110.000,109,109,18.000,39.000,55.000,396,269,66,24,26,26,26,26,26,26,1,0,0,3,30,1
0.810000,204.77,36.647,21.990,354,306,110.000,109,109,18.000,39.000,55.000,406,271,67,24,26,26,26,26,26,26,1,0,0,3,30,1
0.815000,208.07,37.408,22.430,364,308,110.000,109,109,18.000,39.000,55.000,414,273,68,25,26,26,26,26,26,26,1,0,0,3,30,1
0.820000,211.37,38.034,22.810,375,311,110.000,109,109,18.000,39.000,55.000,421,276,70,25,27,27,27,27,27,27,1,0,0,3,30,1
0.825000,214.67,38.515,23.080,384,313,110.000,109,109,18.000,39.000,55.000,426,278,71,25,27,27,27,27,27,27,1,0,0,3,30,1
0.830000,217.97,38.844,23.300,393,317,110.000,109,109,18.000,39.000,55.000,430,282,73,25,28,28,28,28,28,28,1,0,0,3,30,1
0.835000,221.27,39.016,23.410,402,320,110.000,109,109,18.000,39.000,55.000,432,285,74,26,29,29,29,29,29,29,1,0,0,3,30,1
0.840000,224.57,39.027,23.410,409,323,110.000,109,109,18.000,39.000,55.000,432,288,76,26,30,30,30,30,30,30,1,0,0,3,30,1
0.845000,227.87,38.876,23.300,415,327,110.000,109,109,18.000,39.000,55.000,430,292,78,26,30,30,30,30,30,30,1,0,0,3,30,1
0.850000,231.17,38.565,23.130,420,331,110.000,109,109,18.000,39.000,55.000,427,296,80,27,31,31,31,31,31,31,1,0,0,3,30,1
0.855000,234.47,38.096,22.860,424,334,110.000,109,109,18.000,39.000,55.000,422,299,82,27,32,32,32,32,32,32,1,0,0,3,30,1
0.860000,237.77,37.475,22.480,426,338,110.000,109,109,18.000,39.000,55.000,415,303,84,27,33,33,33,33,33,33,1,0,0,3,30,1
0.865000,241.07,36.710,22.050,427,342,110.000,109,109,18.000,39.000,55.000,407,307,86,28,34,34,34,34,34,34,1,0,0,3,30,1
0.870000,244.37,35.810,21.500,427,345,110.000,109,109,18.000,39.000,55.000,396,310,88,28,34,34,34,34,34,34,1,0,0,3,30,1
0.875000,247.67,34.786,20.850,425,348,110.000,109,109,18.000,39.000,55.000,384,313,90,28,35,35,35,35,35,35,1,0,0,3,30,1
0.880000,250.97,33.652,20.200,422,351,110.000,109,109,18.000,39.000,55.000,372,316,91,29,36,36,36,36,36,36,1,0,0,3,30,1
0.885000,254.27,32.422,19.440,418,354,110.000,109,109,18.000,39.000,55.000,358,319,93,29,36,36,36,36,36,36,1,0,0,3,30,1
0.890000,257.57,31.112,18.670,412,357,110.000,109,109,18.000,39.000,55.000,344,322,95,29,37,37,37,37,37,37,1,0,0,3,30,1
0.895000,260.87,29.738,17.860,406,359,110.000,109,109,18.000,39.000,55.000,329,324,96,29,38,38,38,38,38,38,1,0,0,3,30,1
0.900000,264.17,28.320,16.990,398,360,110.000,109,109,18.000,39.000,55.000,313,325,97,29,38,38,38,38,38,38,1,0,0,3,30,1
0.905000,267.47,26.876,16.120,388,362,110.000,109,109,18.000,39.000,55.000,297,327,98,30,38,38,38,38,38,38,1,0,0,3,30,1
0.910000,270.77,25.424,15.250,378,362,110.000,109,109,18.000,39.000,55.000,281,327,98,30,38,38,38,38,38,38,1,0,0,3,30,1
0.915000,274.07,23.984,14.380,368,363,110.000,109,109,18.000,39.000,55.000,265,328,99,30,38,38,38,38,38,38,1,0,0,3,30,1
0.920000,277.37,22.575,13.560,356,363,110.000,109,109,18.000,39.000,55.000,250,328,99,30,38,38,38,38,38,38,1,0,0,3,30,1
0.925000,280.67,21.216,12.740,344,363,110.000,109,109,18.000,39.000,55.000,235,328,99,30,38,38,38,38,38,38,1,0,0,3,30,1
0.930000,283.97,19.924,11.930,332,362,110.000,109,109,18.000,39.000,55.000,220,327,98,30,38,38,38,38,38,38,1,0,0,3,30,1
0.935000,287.27,18.719,11.220,320,362,110.000,109,109,18.000,39.000,55.000,207,327,98,30,38,38,38,38,38,38,1,0,0,3,30,1
0.940000,290.57,17.615,10.570,307,361,110.000,111,109,18.000,39.000,55.000,195,326,97,29,38,38,38,38,38,38,1,0,0,3,30,1
0.945000,293.87,16.628,9.970,295,359,110.000,111,109,18.000,39.000,55.000,184,324,96,29,38,38,38,38,38,38,1,0,0,3,30,1
0.950000,297.17,15.771,9.480,283,358,110.000,111,109,18.000,39.000,55.000,175,323,96,29,37,37,37,37,37,37,1,0,0,3,30,1
0.955000,300.47,15.057,9.050,271,356,110.000,111,109,18.000,39.000,55.000,167,321,94,29,37,37,37,37,37,37,1,0,0,3,30,1
0.960000,303.77,14.494,8.670,260,355,110.000,109,109,18.000,39.000,55.000,160,320,94,29,37,37,37,37,37,37,1,0,0,3,30,1
0.965000,307.07,14.093,8.450,250,353,110.000,109,109,18.000,39.000,55.000,156,318,93,29,36,36,36,36,36,36,1,0,0,3,30,1
0.970000,310.37,13.858,8.280,240,351,110.000,109,109,18.000,39.000,55.000,152,316,91,29,36,36,36,36,36,36,1,0,0,3,30,1
0.975000,313.67,13.793,8.280,232,348,110.000,109,109,18.000,39.000,55.000,152,313,90,28,35,35,35,35,35,35,1,0,0,3,30,1
0.980000,316.97,13.901,8.340,225,346,110.000,109,109,18.000,39.000,55.000,153,311,89,28,34,34,34,34,34,34,1,0,0,3,30,1
0.985000,320.27,14.180,8.500,219,344,110.000,109,109,18.000,39.000,55.000,156,309,87,28,34,34,34,34,34,34,1,0,0,3,30,1
0.990000,323.57,14.629,8.770,214,341,110.000,109,109,18.000,39.000,55.000,161,306,86,28,33,33,33,33,33,33,1,0,0,3,30,1
0.995000,326.87,15.241,9.150,211,339,110.000,109,109,18.000,39.000,55.000,168,304,85,27,33,33,33,33,33,33,1,0,0,3,30,1
1.000000,330.17,16.010,9.590,210,336,110.000,109,109,18.000,39.000,55.000,177,301,83,27,32,32,32,32,32,32,1,0,0,3,30,1
1.005000,333.47,16.927,10.130,209,334,110.000,109,109,18.000,39.000,55.000,187,299,82,27,32,32,32,32,32,32,1,0,0,3,30,1
1.010000,336.77,17.981,10.790,210,331,110.000,109,109,18.000,39.000,55.000,199,296,80,27,31,31,31,31,31,31,1,0,0,3,30,1
1.015000,340.07,19.159,11.490,213,329,110.000,109,109,18.000,39.000,55.000,212,294,79,27,31,31,31,31,31,31,1,0,0,3,30,1
1.020000,343.37,20.447,12.260,217,327,110.000,109,109,18.000,39.000,55.000,226,292,78,26,30,30,30,30,30,30,1,0,0,3,30,1
1.025000,346.67,21.828,13.070,223,325,110.000,109,109,18.000,39.000,55.000,241,290,77,26,30,30,30,30,30,30,1,0,0,3,30,1
1.030000,349.97,23.286,14.000,230,323,110.000,109,109,18.000,39.000,55.000,258,288,76,26,30,30,30,30,30,30,1,0,0,3,30,1
1.035000,353.27,24.802,14.870,238,321,110.000,109,109,18.000,39.000,55.000,274,286,75,26,29,29,29,29,29,29,1,0,0,3,30,1
1.040000,356.57,26.359,15.790,247,319,110.000,109,109,18.000,39.000,55.000,291,284,74,26,29,29,29,29,29,29,1,0,0,3,30,1
1.045000,359.87,27.935,16.770,258,318,110.000,109,109,18.000,39.000,55.000,309,283,73,26,28,28,28,28,28,28,1,0,0,3,30,1
1.050000,3.17,29.513,17.690,269,317,110.000,109,109,18.000,39.000,55.000,326,282,73,25,28,28,28,28,28,28,1,0,0,3,30,1
1.055000,6.47,31.072,18.620,281,316,110.000,109,109,18.000,39.000,55.000,343,281,72,25,28,28,28,28,28,28,1,0,0,3,30,1
1.060000,9.77,32.592,19.540,294,316,110.000,109,109,18.000,39.000,55.000,360,281,72,25,28,28,28,28,28,28,1,0,0,3,30,1
1.065000,13.07,34.056,20.410,307,316,110.000,109,109,18.000,39.000,55.000,376,281,72,25,28,28,28,28,28,28,1,0,0,3,30,1
1.070000,16.36,35.444,21.280,321,316,110.000,109,109,18.000,39.000,55.000,392,281,72,25,28,28,28,28,28,28,1,0,0,3,30,1
1.075000,19.66,36.740,22.050,335,316,110.000,109,109,18.000,39.000,55.000,407,281,72,25,28,28,28,28,28,28,1,0,0,3,30,1
1.080000,22.96,37.927,22.750,349,317,110.000,109,109,18.000,39.000,55.000,420,282,73,25,28,28,28,28,28,28,1,0,0,3,30,1
1.085000,26.26,38.992,23.410,362,319,110.000,109,109,18.000,39.000,55.000,432,284,74,26,29,29,29,29,29,29,1,0,0,3,30,1
1.090000,29.56,39.920,23.950,375,321,110.000,109,109,18.000,39.000,55.000,442,286,75,26,29,29,29,29,29,29,1,0,0,3,30,1
1.095000,32.86,40.702,24.380,388,323,110.000,109,109,18.000,39.000,55.000,450,288,76,26,30,30,30,30,30,30,1,0,0,3,30,1
1.100000,36.16,41.327,24.770,400,326,110.000,109,109,18.000,39.000,55.000,457,291,77,26,30,30,30,30,30,30,1,0,0,3,30,1
1.105000,39.46,41.789,25.090,411,329,110.000,109,109,18.000,39.000,55.000,463,294,79,27,31,31,31,31,31,31,1,0,0,3,30,1
1.110000,42.76,42.083,25.260,422,333,110.000,109,109,18.000,39.000,55.000,466,298,81,27,32,32,32,32,32,32,1,0,0,3,30,1
1.115000,46.06,42.204,25.310,431,337,110.000,109,109,18.000,39.000,55.000,467,302,83,27,32,32,32,32,32,32,1,0,0,3,30,1
1.120000,49.36,42.154,25.310,439,341,110.000,109,109,18.000,39.000,55.000,467,306,86,28,33,33,33,33,33,33,1,0,0,3,30,1
1.125000,52.66,41.933,25.150,445,345,110.000,109,109,18.000,39.000,55.000,464,310,88,28,34,34,34,34,34,34,1,0,0,3,30,1
1.130000,55.96,41.545,24.930,451,349,110.000,109,109,18.000,39.000,55.000,460,314,90,28,35,35,35,35,35,35,1,0,0,3,30,1
1.135000,59.26,40.995,24.600,455,353,110.000,109,109,18.000,39.000,55.000,454,318,93,29,36,36,36,36,36,36,1,0,0,3,30,1
1.140000,62.56,40.293,24.170,457,357,110.000,109,109,18.000,39.000,55.000,446,322,95,29,37,37,37,37,37,37,1,0,0,3,30,1
1.145000,65.86,39.447,23.680,458,361,110.000,109,109,18.000,39.000,55.000,437,326,97,29,38,38,38,38,38,38,1,0,0,3,30,1
1.150000,69.16,38.470,23.080,458,365,110.000,109,109,18.000,39.000,55.000,426,330,100,30,39,39,39,39,39,39,1,0,0,3,30,1
1.155000,72.46,37.376,22.430,456,369,110.000,109,109,18.000,39.000,55.000,414,334,102,30,40,40,40,40,40,40,1,0,0,3,30,1
1.160000,75.76,36.178,21.720,453,372,110.000,109,109,18.000,39.000,55.000,401,337,104,30,41,41,41,41,41,41,1,0,0,3,30,1
1.165000,79.06,34.893,20.900,448,376,110.000,109,109,18.000,39.000,55.000,385,341,107,31,42,42,42,42,42,42,1,0,0,3,30,1
1.170000,82.36,33.539,20.140,442,378,110.000,109,109,18.000,39.000,55.000,371,343,108,31,42,42,42,42,42,42,1,0,0,3,30,1
1.175000,85.66,32.133,19.270,435,381,110.000,109,109,18.000,39.000,55.000,355,346,110,31,43,43,43,43,43,43,1,0,0,3,30,1
1.180000,88.96,30.695,18.400,426,383,110.000,109,109,18.000,39.000,55.000,339,348,111,31,43,43,43,43,43,43,1,0,0,3,30,1
1.185000,92.26,29.243,17.530,417,384,110.000,109,109,18.000,39.000,55.000,323,349,112,32,44,44,44,44,44,44,1,0,0,3,30,1
1.190000,95.56,27.797,16.660,407,385,110.000,109,109,18.000,39.000,55.000,307,350,112,32,44,44,44,44,44,44,1,0,0,3,30,1
1.195000,98.86,26.376,15.850,396,386,110.000,109,109,18.000,39.000,55.000,292,351,113,32,44,44,44,44,44,44,1,0,0,3,30,1
1.200000,102.16,24.999,14.970,384,386,110.000,109,109,18.000,39.000,55.000,276,351,113,32,44,44,44,44,44,44,1,0,0,3,30,1
1.205000,105.46,23.683,14.210,372,386,110.000,109,109,18.000,39.000,55.000,262,351,113,32,44,44,44,44,44,44,1,0,0,3,30,1
1.210000,108.76,22.445,13.450,360,386,110.000,111,109,18.000,39.000,55.000,248,351,113,32,44,44,44,44,44,44,1,0,0,3,30,1
1.215000,112.06,21.303,12.800,347,385,110.000,111,109,18.000,39.000,55.000,236,350,112,32,44,44,44,44,44,44,1,0,0,3,30,1
1.220000,115.36,20.269,12.150,335,384,110.000,111,109,18.000,39.000,55.000,224,349,112,32,44,44,44,44,44,44,1,0,0,3,30,1
1.225000,118.66,19.359,11.600,323,383,110.000,111,109,18.000,39.000,55.000,214,348,111,31,43,43,43,43,43,43,1,0,0,3,30,1
1.230000,121.96,18.582,11.170,311,382,110.000,111,109,18.000,39.000,55.000,206,347,110,31,43,43,43,43,43,43,1,0,0,3,30,1
1.235000,125.26,17.949,10.790,300,380,110.000,109,109,18.000,39.000,55.000,199,345,109,31,43,43,43,43,43,43,1,0,0,3,30,1
1.240000,128.56,17.468,10.460,289,379,110.000,109,109,18.000,39.000,55.000,193,344,108,31,42,42,42,42,42,42,1,0,0,3,30,1
1.245000,131.86,17.144,10.300,279,377,110.000,109,109,18.000,39.000,55.000,190,342,107,31,42,42,42,42,42,42,1,0,0,3,30,1
1.250000,135.16,16.980,10.190,271,375,110.000,109,109,18.000,39.000,55.000,188,340,106,31,41,41,41,41,41,41,1,0,0,3,30,1
1.255000,138.46,16.977,10.190,263,373,110.000,109,109,18.000,39.000,55.000,188,338,105,31,41,41,41,41,41,41,1,0,0,3,30,1
1.260000,141.76,17.136,10.300,256,371,110.000,109,109,18.000,39.000,55.000,190,336,104,30,40,40,40,40,40,40,1,0,0,3,30,1
1.265000,145.06,17.452,10.460,251,368,110.000,109,109,18.000,39.000,55.000,193,333,102,30,40,40,40,40,40,40,1,0,0,3,30,1
1.270000,148.36,17.921,10.730,247,366,110.000,109,109,18.000,39.000,55.000,198,331,100,30,39,39,39,39,39,39,1,0,0,3,30,1
1.275000,151.66,18.536,11.110,244,364,110.000,109,109,18.000,39.000,55.000,205,329,99,30,39,39,39,39,39,39,1,0,0,3,30,1
1.280000,154.96,19.286,11.550,243,361,110.000,109,109,18.000,39.000,55.000,213,326,97,29,38,38,38,38,38,38,1,0,0,3,30,1
1.285000,158.26,20.161,12.090,243,359,110.000,109,109,18.000,39.000,55.000,223,324,96,29,38,38,38,38,38,38,1,0,0,3,30,1
1.290000,161.56,21.148,12.690,245,357,110.000,109,109,18.000,39.000,55.000,234,322,95,29,37,37,37,37,37,37,1,0,0,3,30,1
1.295000,164.86,22.234,13.340,247,355,110.000,109,109,18.000,39.000,55.000,246,320,94,29,37,37,37,37,37,37,1,0,0,3,30,1
1.300000,168.16,23.401,14.050,251,352,110.000,109,109,18.000,39.000,55.000,259,317,92,29,36,36,36,36,36,36,1,0,0,3,30,1
1.305000,171.46,24.634,14.760,257,351,110.000,109,109,18.000,39.000,55.000,272,316,91,29,36,36,36,36,36,36,1,0,0,3,30,1
1.310000,174.76,25.915,15.520,263,349,110.000,109,109,18.000,39.000,55.000,286,314,90,28,35,35,35,35,35,35,1,0,0,3,30,1
1.315000,178.06,27.225,16.330,270,347,110.000,109,109,18.000,39.000,55.000,301,312,89,28,35,35,35,35,35,35,1,0,0,3,30,1
1.320000,181.36,28.547,17.100,279,346,110.000,109,109,18.000,39.000,55.000,315,311,89,28,34,34,34,34,34,34,1,0,0,3,30,1
1.325000,184.66,29.861,17.910,288,345,110.000,109,109,18.000,39.000,55.000,330,310,88,28,34,34,34,34,34,34,1,0,0,3,30,1
1.330000,187.96,31.148,18.670,298,344,110.000,109,109,18.000,39.000,55.000,344,309,87,28,34,34,34,34,34,34,1,0,0,3,30,1
1.335000,191.26,32.390,19.440,309,343,110.000,109,109,18.000,39.000,55.000,358,308,87,28,34,34,34,34,34,34,1,0,0,3,30,1
1.340000,194.56,33.570,20.140,319,342,110.000,109,109,18.000,39.000,55.000,371,307,86,28,34,34,34,34,34,34,1,0,0,3,30,1
1.345000,197.86,34.671,20.790,330,342,110.000,109,109,18.000,39.000,55.000,383,307,86,28,34,34,34,34,34,34,1,0,0,3,30,1
1.350000,201.16,35.676,21.390,342,342,110.000,109,109,18.000,39.000,55.000,394,307,86,28,34,34,34,34,34,34,1,0,0,3,30,1
1.355000,204.46,36.572,21.940,353,342,110.000,109,109,18.000,39.000,55.000,405,307,86,28,34,34,34,34,34,34,1,0,0,3,30,1
1.360000,207.76,37.344,22.430,363,343,110.000,109,109,18.000,39.000,55.000,414,308,87,28,34,34,34,34,34,34,1,0,0,3,30,1
1.365000,211.06,37.983,22.750,374,344,110.000,109,109,18.000,39.000,55.000,420,309,87,28,34,34,34,34,34,34,1,0,0,3,30,1
1.370000,214.36,38.477,23.080,384,345,110.000,109,109,18.000,39.000,55.000,426,310,88,28,34,34,34,34,34,34,1,0,0,3,30,1
1.375000,217.66,38.821,23.300,393,347,110.000,109,109,18.000,39.000,55.000,430,312,89,28,35,35,35,35,35,35,1,0,0,3,30,1
1.380000,220.96,39.007,23.410,401,349,110.000,109,109,18.000,39.000,55.000,432,314,90,28,35,35,35,35,35,35,1,0,0,3,30,1
1.385000,224.26,39.032,23.410,408,351,110.000,109,109,18.000,39.000,55.000,432,316,91,29,36,36,36,36,36,36,1,0,0,3,30,1
1.390000,227.56,38.896,23.350,415,354,110.000,109,109,18.000,39.000,55.000,431,319,93,29,36,36,36,36,36,36,1,0,0,3,30,1
1.395000,230.86,38.599,23.130,420,356,110.000,109,109,18.000,39.000,55.000,427,321,94,29,37,37,37,37,37,37,1,0,0,3,30,1
1.400000,234.16,38.145,22.860,424,359,110.000,109,109,18.000,39.000,55.000,422,324,96,29,38,38,38,38,38,38,1,0,0,3,30,1
1.405000,237.46,37.538,22.540,426,362,110.000,109,109,18.000,39.000,55.000,416,327,98,30,38,38,38,38,38,38,1,0,0,3,30,1
1.410000,240.76,36.785,22.050,427,364,110.000,109,109,18.000,39.000,55.000,407,329,99,30,39,39,39,39,39,39,1,0,0,3,30,1
1.415000,244.06,35.897,21.560,427,367,110.000,109,109,18.000,39.000,55.000,398,332,101,30,39,39,39,39,39,39,1,0,0,3,30,1
1.420000,247.36,34.884,20.900,426,369,110.000,109,109,18.000,39.000,55.000,385,334,102,30,40,40,40,40,40,40,1,0,0,3,30,1
1.425000,250.66,33.759,20.250,423,371,110.000,109,109,18.000,39.000,55.000,373,336,104,30,40,40,40,40,40,40,1,0,0,3,30,1
1.430000,253.96,32.537,19.540,419,373,110.000,109,109,18.000,39.000,55.000,360,338,105,31,41,41,41,41,41,41,1,0,0,3,30,1
1.435000,257.26,31.234,18.730,413,375,110.000,109,109,18.000,39.000,55.000,345,340,106,31,41,41,41,41,41,41,1,0,0,3,30,1
1.440000,260.56,29.865,17.910,406,376,110.000,109,109,18.000,39.000,55.000,330,341,107,31,42,42,42,42,42,42,1,0,0,3,30,1
1.445000,263.86,28.451,17.100,398,377,110.000,109,109,18.000,39.000,55.000,315,342,107,31,42,42,42,42,42,42,1,0,0,3,30,1
1.450000,267.16,27.008,16.230,389,378,110.000,109,109,18.000,39.000,55.000,299,343,108,31,42,42,42,42,42,42,1,0,0,3,30,1
1.455000,270.46,25.556,15.360,379,378,110.000,109,109,18.000,39.000,55.000,283,343,108,31,42,42,42,42,42,42,1,0,0,3,30,1
1.460000,273.76,24.114,14.490,369,378,110.000,111,110,18.000,39.000,55.000,270,346,109,31,42,42,42,42,42,42,1,0,0,3,30,1
1.465000,277.06,22.701,13.620,357,378,110.000,111,110,18.000,39.000,55.000,253,346,109,31,42,42,42,42,42,42,1,0,0,3,30,1
1.470000,280.36,21.337,12.800,345,377,110.000,111,110,18.000,39.000,55.000,238,345,108,31,42,42,42,42,42,42,1,0,0,3,30,1
1.475000,283.66,20.039,12.040,333,377,110.000,111,110,18.000,39.000,55.000,224,345,108,31,42,42,42,42,42,42,1,0,0,3,30,1
1.480000,286.96,18.824,11.280,321,376,110.000,111,110,18.000,39.000,55.000,210,344,107,31,42,42,42,42,42,42,1,0,0,3,30,1
1.485000,290.26,17.711,10.620,308,374,110.000,109,109,18.000,39.000,55.000,196,339,105,31,41,41,41,41,41,41,1,0,0,3,30,1
1.490000,293.56,16.712,10.030,296,373,110.000,109,109,18.000,39.000,55.000,185,338,105,31,41,41,41,41,41,41,1,0,0,3,30,1
1.495000,296.86,15.843,9.480,284,371,110.000,109,109,18.000,39.000,55.000,175,336,104,30,40,40,40,40,40,40,1,0,0,3,30,1
1.500000,300.16,15.115,9.050,272,370,110.000,109,109,18.000,39.000,55.000,167,335,103,30,40,40,40,40,40,40,1,0,0,3,30,1
1.505000,303.46,14.539,8.720,261,368,110.000,109,109,18.000,39.000,55.000,161,333,102,30,40,40,40,40,40,40,1,0,0,3,30,1
1.510000,306.76,14.123,8.450,251,365,110.000,109,109,18.000,39.000,55.000,156,330,100,30,39,39,39,39,39,39,1,0,0,3,30,1
1.515000,310.06,13.872,8.340,241,363,110.000,109,109,18.000,39.000,55.000,153,328,99,30,38,38,38,38,38,38,1,0,0,3,30,1
1.520000,313.36,13.792,8.280,233,361,110.000,109,109,18.000,39.000,55.000,152,326,97,29,38,38,38,38,38,38,1,0,0,3,30,1
1.525000,316.66,13.884,8.340,226,358,110.000,109,109,18.000,39.000,55.000,153,323,96,29,37,37,37,37,37,37,1,0,0,3,30,1
1.530000,319.96,14.148,8.500,219,355,110.000,109,109,18.000,39.000,55.000,156,320,94,29,37,37,37,37,37,37,1,0,0,3,30,1
1.535000,323.26,14.581,8.770,215,353,110.000,109,109,18.000,39.000,55.000,161,318,93,29,36,36,36,36,36,36,1,0,0,3,30,1
1.540000,326.56,15.179,9.100,212,350,110.000,109,109,18.000,39.000,55.000,168,315,91,28,35,35,35,35,35,35,1,0,0,3,30,1
1.545000,329.86,15.934,9.540,210,347,110.000,109,109,18.000,39.000,55.000,176,312,89,28,35,35,35,35,35,35,1,0,0,3,30,1
1.550000,333.16,16.838,10.080,209,345,110.000,109,109,18.000,39.000,55.000,186,310,88,28,34,34,34,34,34,34,1,0,0,3,30,1
1.555000,336.46,17.880,10.730,210,342,110.000,109,109,18.000,39.000,55.000,198,307,86,28,34,34,34,34,34,34,1,0,0,3,30,1
1.560000,339.76,19.047,11.440,213,339,110.000,109,109,18.000,39.000,55.000,211,304,85,27,33,33,33,33,33,33,1,0,0,3,30,1
1.565000,343.06,20.325,12.200,217,337,110.000,109,109,18.000,39.000,55.000,225,302,83,27,32,32,32,32,32,32,1,0,0,3,30,1
1.570000,346.36,21.699,13.020,222,335,110.000,109,109,18.000,39.000,55.000,240,300,82,27,32,32,32,32,32,32,1,0,0,3,30,1
1.575000,349.66,23.151,13.890,229,333,110.000,109,109,18.000,39.000,55.000,256,298,81,27,32,32,32,32,32,32,1,0,0,3,30,1
1.580000,352.96,24.663,14.810,237,331,110.000,109,109,18.000,39.000,55.000,273,296,80,27,31,31,31,31,31,31,1,0,0,3,30,1
1.585000,356.26,26.216,15.740,246,329,110.000,109,109,18.000,39.000,55.000,290,294,79,27,31,31,31,31,31,31,1,0,0,3,30,1
1.590000,359.56,27.792,16.660,257,327,110.000,109,109,18.000,39.000,55.000,307,292,78,26,30,30,30,30,30,30,1,0,0,3,30,1
1.595000,2.86,29.370,17.640,268,326,110.000,109,109,18.000,39.000,55.000,325,291,77,26,30,30,30,30,30,30,1,0,0,3,30,1
1.600000,6.16,30.931,18.560,280,325,110.000,109,109,18.000,39.000,55.000,342,290,77,26,30,30,30,30,30,30,1,0,0,3,30,1
1.605000,9.46,32.456,19.490,293,324,110.000,109,109,18.000,39.000,55.000,359,289,76,26,30,30,30,30,30,30,1,0,0,3,30,1
1.610000,12.76,33.925,20.360,306,324,110.000,109,109,18.000,39.000,55.000,375,289,76,26,30,30,30,30,30,30,1,0,0,3,30,1
1.615000,16.06,35.321,21.180,320,324,110.000,109,109,18.000,39.000,55.000,391,289,76,26,30,30,30,30,30,30,1,0,0,3,30,1
1.620000,19.36,36.626,21.990,334,324,110.000,109,109,18.000,39.000,55.000,406,289,76,26,30,30,30,30,30,30,1,0,0,3,30,1
1.625000,22.66,37.824,22.700,347,325,110.000,109,109,18.000,39.000,55.000,419,290,77,26,30,30,30,30,30,30,1,0,0,3,30,1
1.630000,25.96,38.900,23.350,361,326,110.000,109,109,18.000,39.000,55.000,431,291,77,26,30,30,30,30,30,30,1,0,0,3,30,1
1.635000,29.26,39.842,23.900,374,327,110.000,109,109,18.000,39.000,55.000,441,292,78,26,30,30,30,30,30,30,1,0,0,3,30,1
1.640000,32.56,40.637,24.380,387,330,110.000,109,109,18.000,39.000,55.000,450,295,80,27,31,31,31,31,31,31,1,0,0,3,30,1
1.645000,35.86,41.277,24.770,399,332,110.000,109,109,18.000,39.000,55.000,457,297,81,27,31,31,31,31,31,31,1,0,0,3,30,1
1.650000,39.16,41.754,25.040,410,335,110.000,109,109,18.000,39.000,55.000,462,300,82,27,32,32,32,32,32,32,1,0,0,3,30,1
1.655000,42.46,42.063,25.260,421,338,110.000,109,109,18.000,39.000,55.000,466,303,84,27,33,33,33,33,33,33,1,0,0,3,30,1
1.660000,45.76,42.200,25.310,430,342,110.000,109,109,18.000,39.000,55.000,467,307,86,28,34,34,34,34,34,34,1,0,0,3,30,1
1.665000,49.06,42.166,25.310,438,346,110.000,109,109,18.000,39.000,55.000,467,311,89,28,34,34,34,34,34,34,1,0,0,3,30,1
1.670000,52.36,41.960,25.150,445,350,110.000,109,109,18.000,39.000,55.000,464,315,91,28,35,35,35,35,35,35,1,0,0,3,30,1
1.675000,55.66,41.587,24.930,450,354,110.000,109,109,18.000,39.000,55.000,460,319,93,29,36,36,36,36,36,36,1,0,0,3,30,1
1.680000,58.96,41.052,24.600,454,358,110.000,109,109,18.000,39.000,55.000,454,323,96,29,37,37,37,37,37,37,1,0,0,3,30,1
1.685000,62.26,40.363,24.220,457,362,110.000,109,109,18.000,39.000,55.000,447,327,98,30,38,38,38,38,38,38,1,0,0,3,30,1
1.690000,65.56,39.530,23.730,458,365,110.000,109,109,18.000,39.000,55.000,438,330,100,30,39,39,39,39,39,39,1,0,0,3,30,1
1.695000,68.86,38.564,23.130,458,369,110.000,109,109,18.000,39.000,55.000,427,334,102,30,40,40,40,40,40,40,1,0,0,3,30,1
1.700000,72.16,37.480,22.480,456,373,110.000,109,109,18.000,39.000,55.000,415,338,105,31,41,41,41,41,41,41,1,0,0,3,30,1
1.705000,75.46,36.290,21.770,453,376,110.000,109,109,18.000,39.000,55.000,401,341,107,31,42,42,42,42,42,42,1,0,0,3,30,1
1.710000,78.76,35.013,21.010,448,379,110.000,111,110,18.000,39.000,55.000,391,347,109,31,42,42,42,42,42,42,1,0,0,3,30,1
1.715000,82.06,33.664,20.200,443,382,110.000,111,110,18.000,39.000,55.000,376,351,111,31,43,43,43,43,43,43,1,0,0,3,30,1
1.720000,85.36,32.262,19.330,435,384,110.000,111,110,18.000,39.000,55.000,360,353,113,32,44,44,44,44,44,44,1,0,0,3,30,1
1.725000,88.66,30.826,18.510,427,386,110.000,111,110,18.000,39.000,55.000,344,354,114,32,44,44,44,44,44,44,1,0,0,3,30,1
1.730000,91.96,29.375,17.640,418,387,110.000,111,110,18.000,39.000,55.000,328,356,115,32,44,44,44,44,44,44,1,0,0,3,30,1
1.735000,95.26,27.928,16.770,408,388,110.000,109,110,18.000,39.000,55.000,312,357,115,32,45,45,45,45,45,45,1,0,0,3,30,1
1.740000,98.56,26.504,15.900,397,389,110.000,109,110,18.000,39.000,55.000,296,358,116,32,45,45,45,45,45,45,1,0,0,3,30,1
1.745000,101.86,25.122,15.080,385,389,110.000,109,110,18.000,39.000,55.000,281,358,116,32,45,45,45,45,45,45,1,0,0,3,30,1
1.750000,105.16,23.799,14.270,373,389,110.000,109,110,18.000,39.000,55.000,265,358,116,32,45,45,45,45,45,45,1,0,0,3,30,1
1.755000,108.46,22.554,13.510,361,388,110.000,109,110,18.000,39.000,55.000,251,357,115,32,45,45,45,45,45,45,1,0,0,3,30,1
1.760000,111.76,21.402,12.850,348,388,110.000,109,109,18.000,39.000,55.000,237,353,114,32,45,45,45,45,45,45,1,0,0,3,30,1
1.765000,115.06,20.359,12.200,336,387,110.000,109,109,18.000,39.000,55.000,225,352,114,32,44,44,44,44,44,44,1,0,0,3,30,1
1.770000,118.36,19.436,11.660,324,386,110.000,109,109,18.000,39.000,55.000,215,351,113,32,44,44,44,44,44,44,1,0,0,3,30,1
1.775000,121.66,18.647,11.170,312,384,110.000,109,109,18.000,39.000,55.000,206,349,112,32,44,44,44,44,44,44,1,0,0,3,30,1
1.780000,124.96,18.001,10.790,301,383,110.000,109,109,18.000,39.000,55.000,199,348,111,31,43,43,43,43,43,43,1,0,0,3,30,1
1.785000,128.26,17.505,10.510,290,381,110.000,109,109,18.000,39.000,55.000,194,346,110,31,43,43,43,43,43,43,1,0,0,3,30,1
1.790000,131.56,17.166,10.300,280,379,110.000,109,109,18.000,39.000,55.000,190,344,108,31,42,42,42,42,42,42,1,0,0,3,30,1
1.795000,134.86,16.988,10.190,271,377,110.000,109,109,18.000,39.000,55.000,188,342,107,31,42,42,42,42,42,42,1,0,0,3,30,1
1.800000,138.16,16.971,10.190,264,375,110.000,109,109,18.000,39.000,55.000,188,340,106,31,41,41,41,41,41,41,1,0,0,3,30,1
1.805000,141.46,17.115,10.300,257,373,110.000,109,109,18.000,39.000,55.000,190,338,105,31,41,41,41,41,41,41,1,0,0,3,30,1
1.810000,144.76,17.417,10.460,252,371,110.000,109,109,18.000,39.000,55.000,193,336,104,30,40,40,40,40,40,40,1,0,0,3,30,1
1.815000,148.06,17.873,10.730,247,368,110.000,109,109,18.000,39.000,55.000,198,333,102,30,40,40,40,40,40,40,1,0,0,3,30,1
1.820000,151.36,18.474,11.060,245,366,110.000,109,109,18.000,39.000,55.000,204,331,100,30,39,39,39,39,39,39,1,0,0,3,30,1
1.825000,154.66,19.212,11.490,243,364,110.000,109,109,18.000,39.000,55.000,212,329,99,30,39,39,39,39,39,39,1,0,0,3,30,1
1.830000,157.96,20.077,12.040,243,361,110.000,109,109,18.000,39.000,55.000,222,326,97,29,38,38,38,38,38,38,1,0,0,3,30,1
1.835000,161.26,21.054,12.640,244,359,110.000,109,109,18.000,39.000,55.000,233,324,96,29,38,38,38,38,38,38,1,0,0,3,30,1
1.840000,164.56,22.131,13.290,247,357,110.000,109,109,18.000,39.000,55.000,245,322,95,29,37,37,37,37,37,37,1,0,0,3,30,1
1.845000,167.86,23.292,14.000,251,355,110.000,109,109,18.000,39.000,55.000,258,320,94,29,37,37,37,37,37,37,1,0,0,3,30,1
1.850000,171.16,24.520,14.700,256,353,110.000,109,109,18.000,39.000,55.000,271,318,93,29,36,36,36,36,36,36,1,0,0,3,30,1
1.855000,174.46,25.797,15.460,262,351,110.000,109,109,18.000,39.000,55.000,285,316,91,29,36,36,36,36,36,36,1,0,0,3,30,1
1.860000,177.76,27.105,16.280,270,349,110.000,109,109,18.000,39.000,55.000,300,314,90,28,35,35,35,35,35,35,1,0,0,3,30,1
1.865000,181.06,28.427,17.040,278,348,110.000,109,109,18.000,39.000,55.000,314,313,90,28,35,35,35,35,35,35,1,0,0,3,30,1
1.870000,184.36,29.742,17.860,287,346,110.000,109,109,18.000,39.000,55.000,329,311,89,28,34,34,34,34,34,34,1,0,0,3,30,1
1.875000,187.66,31.032,18.620,297,345,110.000,109,109,18.000,39.000,55.000,343,310,88,28,34,34,34,34,34,34,1,0,0,3,30,1
1.880000,190.96,32.280,19.380,308,345,110.000,109,109,18.000,39.000,55.000,357,310,88,28,34,34,34,34,34,34,1,0,0,3,30,1
1.885000,194.26,33.466,20.090,318,344,110.000,109,109,18.000,39.000,55.000,370,309,87,28,34,34,34,34,34,34,1,0,0,3,30,1
1.890000,197.56,34.574,20.740,329,344,110.000,109,109,18.000,39.000,55.000,382,309,87,28,34,34,34,34,34,34,1,0,0,3,30,1
1.895000,200.86,35.589,21.340,341,344,110.000,109,109,18.000,39.000,55.000,394,309,87,28,34,34,34,34,34,34,1,0,0,3,30,1
1.900000,204.16,36.495,21.880,352,344,110.000,109,109,18.000,39.000,55.000,404,309,87,28,34,34,34,34,34,34,1,0,0,3,30,1
1.905000,207.46,37.279,22.370,362,344,110.000,109,109,18.000,39.000,55.000,413,309,87,28,34,34,34,34,34,34,1,0,0,3,30,1
1.910000,210.76,37.930,22.750,373,345,110.000,109,109,18.000,39.000,55.000,420,310,88,28,34,34,34,34,34,34,1,0,0,3,30,1
1.915000,214.06,38.438,23.080,383,346,110.000,109,109,18.000,39.000,55.000,426,311,89,28,34,34,34,34,34,34,1,0,0,3,30,1
1.920000,217.36,38.796,23.300,392,348,110.000,109,109,18.000,39.000,55.000,430,313,90,28,35,35,35,35,35,35,1,0,0,3,30,1
1.925000,220.66,38.996,23.410,400,350,110.000,109,109,18.000,39.000,55.000,432,315,91,28,35,35,35,35,35,35,1,0,0,3,30,1
1.930000,223.96,39.037,23.410,408,352,110.000,109,109,18.000,39.000,55.000,432,317,92,29,36,36,36,36,36,36,1,0,0,3,30,1
1.935000,227.26,38.915,23.350,414,355,110.000,109,109,18.000,39.000,55.000,431,320,94,29,37,37,37,37,37,37,1,0,0,3,30,1
1.940000,230.56,38.633,23.190,419,357,110.000,109,109,18.000,39.000,55.000,428,322,95,29,37,37,37,37,37,37,1,0,0,3,30,1
1.945000,233.86,38.192,22.920,423,360,110.000,109,109,18.000,39.000,55.000,423,325,97,29,38,38,38,38,38,38,1,0,0,3,30,1
1.950000,237.16,37.599,22.540,426,362,110.000,109,109,18.000,39.000,55.000,416,327,98,30,38,38,38,38,38,38,1,0,0,3,30,1
1.955000,240.46,36.859,22.100,427,365,110.000,109,109,18.000,39.000,55.000,408,330,100,30,39,39,39,39,39,39,1,0,0,3,30,1
1.960000,243.76,35.983,21.560,427,367,110.000,111,110,18.000,39.000,55.000,401,335,102,30,39,39,39,39,39,39,1,0,0,3,30,1
1.965000,247.06,34.981,20.960,426,370,110.000,111,110,18.000,39.000,55.000,390,338,104,30,40,40,40,40,40,40,1,0,0,3,30,1
1.970000,250.36,33.866,20.310,423,372,110.000,111,110,18.000,39.000,55.000,378,340,105,30,41,41,41,41,41,41,1,0,0,3,30,1
1.975000,253.66,32.652,19.600,419,374,110.000,111,110,18.000,39.000,55.000,365,342,106,31,41,41,41,41,41,41,1,0,0,3,30,1
1.980000,256.96,31.355,18.840,414,376,110.000,111,110,18.000,39.000,55.000,351,344,107,31,42,42,42,42,42,42,1,0,0,3,30,1
1.985000,260.26,29.992,17.970,407,377,110.000,109,110,18.000,39.000,55.000,334,345,108,31,42,42,42,42,42,42,1,0,0,3,30,1
1.990000,263.56,28.581,17.150,399,378,110.000,109,110,18.000,39.000,55.000,319,346,109,31,42,42,42,42,42,42,1,0,0,3,30,1
1.995000,266.86,27.139,16.280,390,379,110.000,109,110,18.000,39.000,55.000,303,347,109,31,42,42,42,42,42,42,1,0,0,3,30,1
2.000000,270.16,25.687,15.410,380,379,110.000,109,110,18.000,39.000,55.000,287,347,109,31,42,42,42,42,42,42,1,0,0,3,30,1
2.005000,273.46,24.244,14.540,370,379,110.000,109,110,18.000,39.000,55.000,270,347,109,31,42,42,42,42,42,42,1,0,0,3,30,1
2.010000,276.76,22.828,13.670,358,379,110.000,109,109,18.000,39.000,55.000,252,344,108,31,42,42,42,42,42,42,1,0,0,3,30,1
2.015000,280.06,21.458,12.850,347,378,110.000,109,109,18.000,39.000,55.000,237,343,108,31,42,42,42,42,42,42,1,0,0,3,30,1
2.020000,283.36,20.153,12.090,334,377,110.000,109,109,18.000,39.000,55.000,223,342,107,31,42,42,42,42,42,42,1,0,0,3,30,1
2.025000,286.66,18.931,11.380,322,376,110.000,109,109,18.000,39.000,55.000,210,341,107,31,42,42,42,42,42,42,1,0,0,3,30,1
2.030000,289.96,17.807,10.680,309,375,110.000,109,109,18.000,39.000,55.000,197,340,106,31,41,41,41,41,41,41,1,0,0,3,30,1
2.035000,293.26,16.798,10.080,297,374,110.000,109,109,18.000,39.000,55.000,186,339,105,31,41,41,41,41,41,41,1,0,0,3,30,1
2.040000,296.56,15.916,9.540,285,372,110.000,109,109,18.000,39.000,55.000,176,337,104,30,41,41,41,41,41,41,1,0,0,3,30,1
2.045000,299.86,15.175,9.100,273,370,110.000,109,109,18.000,39.000,55.000,168,335,103,30,40,40,40,40,40,40,1,0,0,3,30,1
2.050000,303.16,14.585,8.770,262,368,110.000,109,109,18.000,39.000,55.000,161,333,102,30,40,40,40,40,40,40,1,0,0,3,30,1
2.055000,306.46,14.154,8.500,251,366,110.000,109,109,18.000,39.000,55.000,156,331,100,30,39,39,39,39,39,39,1,0,0,3,30,1
2.060000,309.76,13.888,8.340,242,364,110.000,109,109,18.000,39.000,55.000,153,329,99,30,39,39,39,39,39,39,1,0,0,3,30,1
2.065000,313.06,13.792,8.280,233,361,110.000,109,109,18.000,39.000,55.000,152,326,97,29,38,38,38,38,38,38,1,0,0,3,30,1
2.070000,316.37,13.869,8.340,226,359,110.000,109,109,18.000,39.000,55.000,153,324,96,29,38,38,38,38,38,38,1,0,0,3,30,1
2.075000,319.67,14.117,8.450,220,356,110.000,109,109,18.000,39.000,55.000,156,321,94,29,37,37,37,37,37,37,1,0,0,3,30,1
2.080000,322.97,14.535,8.720,215,353,110.000,109,109,18.000,39.000,55.000,161,318,93,29,36,36,36,36,36,36,1,0,0,3,30,1
2.085000,326.27,15.118,9.050,212,351,110.000,109,109,18.000,39.000,55.000,167,316,91,29,36,36,36,36,36,36,1,0,0,3,30,1
2.090000,329.57,15.859,9.540,210,348,110.000,109,109,18.000,39.000,55.000,176,313,90,28,35,35,35,35,35,35,1,0,0,3,30,1
2.095000,332.87,16.750,10.030,209,345,110.000,109,109,18.000,39.000,55.000,185,310,88,28,34,34,34,34,34,34,1,0,0,3,30,1
2.100000,336.17,17.780,10.680,210,343,110.000,109,109,18.000,39.000,55.000,197,308,87,28,34,34,34,34,34,34,1,0,0,3,30,1
2.105000,339.47,18.936,11.380,213,340,110.000,109,109,18.000,39.000,55.000,210,305,85,28,33,33,33,33,33,33,1,0,0,3,30,1
2.110000,342.77,20.205,12.150,216,338,110.000,109,109,18.000,39.000,55.000,224,303,84,27,33,33,33,33,33,33,1,0,0,3,30,1
2.115000,346.07,21.570,12.960,222,335,110.000,109,109,18.000,39.000,55.000,239,300,82,27,32,32,32,32,32,32,1,0,0,3,30,1
2.120000,349.37,23.016,13.830,228,333,110.000,109,109,18.000,39.000,55.000,255,298,81,27,32,32,32,32,32,32,1,0,0,3,30,1
2.125000,352.67,24.523,14.700,236,331,110.000,109,109,18.000,39.000,55.000,271,296,80,27,31,31,31,31,31,31,1,0,0,3,30,1
2.130000,355.97,26.074,15.630,246,329,110.000,109,109,18.000,39.000,55.000,288,294,79,27,31,31,31,31,31,31,1,0,0,3,30,1
2.135000,359.27,27.648,16.610,256,328,110.000,109,109,18.000,39.000,55.000,306,293,79,26,31,31,31,31,31,31,1,0,0,3,30,1
2.140000,2.57,29.227,17.530,267,327,110.000,109,109,18.000,39.000,55.000,323,292,78,26,30,30,30,30,30,30,1,0,0,3,30,1
2.145000,5.87,30.790,18.460,279,326,110.000,109,109,18.000,39.000,55.000,340,291,77,26,30,30,30,30,30,30,1,0,0,3,30,1
2.150000,9.17,32.319,19.380,292,325,110.000,109,109,18.000,39.000,55.000,357,290,77,26,30,30,30,30,30,30,1,0,0,3,30,1
2.155000,12.47,33.795,20.250,305,324,110.000,109,109,18.000,39.000,55.000,373,289,76,26,30,30,30,30,30,30,1,0,0,3,30,1
2.160000,15.77,35.198,21.120,319,324,110.000,109,109,18.000,39.000,55.000,389,289,76,26,30,30,30,30,30,30,1,0,0,3,30,1
2.165000,19.07,36.512,21.880,332,324,110.000,109,109,18.000,39.000,55.000,404,289,76,26,30,30,30,30,30,30,1,0,0,3,30,1
2.170000,22.37,37.720,22.640,346,325,110.000,109,109,18.000,39.000,55.000,418,290,77,26,30,30,30,30,30,30,1,0,0,3,30,1
2.175000,25.67,38.808,23.300,360,326,110.000,109,109,18.000,39.000,55.000,430,291,77,26,30,30,30,30,30,30,1,0,0,3,30,1
2.180000,28.97,39.762,23.840,373,328,110.000,109,109,18.000,39.000,55.000,440,293,79,26,31,31,31,31,31,31,1,0,0,3,30,1
2.185000,32.27,40.571,24.330,386,330,110.000,109,109,18.000,39.000,55.000,449,295,80,27,31,31,31,31,31,31,1,0,0,3,30,1
2.190000,35.57,41.226,24.710,398,332,110.000,111,110,18.000,39.000,55.000,460,300,81,27,31,31,31,31,31,31,1,0,0,3,30,1
2.195000,38.87,41.718,25.040,409,335,110.000,111,110,18.000,39.000,55.000,466,303,83,27,32,32,32,32,32,32,1,0,0,3,30,1
2.200000,42.17,42.042,25.200,420,338,110.000,111,110,18.000,39.000,55.000,469,306,85,27,33,33,33,33,33,33,1,0,0,3,30,1
2.205000,45.47,42.195,25.310,429,342,110.000,111,110,18.000,39.000,55.000,471,310,87,28,34,34,34,34,34,34,1,0,0,3,30,1
2.210000,48.77,42.176,25.310,437,346,110.000,109,110,18.000,39.000,55.000,471,314,89,28,34,34,34,34,34,34,1,0,0,3,30,1
2.215000,52.07,41.985,25.200,444,349,110.000,109,110,18.000,39.000,55.000,469,317,91,28,35,35,35,35,35,35,1,0,0,3,30,1
2.220000,55.37,41.627,24.980,450,353,110.000,109,110,18.000,39.000,55.000,465,321,93,29,36,36,36,36,36,36,1,0,0,3,30,1
2.225000,58.67,41.107,24.660,454,357,110.000,109,110,18.000,39.000,55.000,459,325,96,29,37,37,37,37,37,37,1,0,0,3,30,1
2.230000,61.97,40.432,24.280,457,361,110.000,109,110,18.000,39.000,55.000,452,329,98,29,38,38,38,38,38,38,1,0,0,3,30,1
2.235000,65.27,39.611,23.790,458,365,110.000,109,109,18.000,39.000,55.000,439,330,100,30,39,39,39,39,39,39,1,0,0,3,30,1
2.240000,68.57,38.657,23.190,458,369,110.000,109,109,18.000,39.000,55.000,428,334,102,30,40,40,40,40,40,40,1,0,0,3,30,1
2.245000,71.87,37.583,22.540,456,373,110.000,109,109,18.000,39.000,55.000,416,338,105,31,41,41,41,41,41,41,1,0,0,3,30,1
2.250000,75.17,36.402,21.830,453,376,110.000,109,109,18.000,39.000,55.000,403,341,107,31,42,42,42,42,42,42,1,0,0,3,30,1
2.255000,78.47,35.132,21.070,449,379,110.000,109,109,18.000,39.000,55.000,389,344,108,31,42,42,42,42,42,42,1,0,0,3,30,1
2.260000,81.77,33.789,20.250,443,382,110.000,109,109,18.000,39.000,55.000,373,347,110,31,43,43,43,43,43,43,1,0,0,3,30,1
2.265000,85.07,32.392,19.440,436,384,110.000,109,109,18.000,39.000,55.000,358,349,112,32,44,44,44,44,44,44,1,0,0,3,30,1
2.270000,88.37,30.958,18.560,428,386,110.000,109,109,18.000,39.000,55.000,342,351,113,32,44,44,44,44,44,44,1,0,0,3,30,1
2.275000,91.67,29.507,17.690,419,387,110.000,109,109,18.000,39.000,55.000,326,352,114,32,44,44,44,44,44,44,1,0,0,3,30,1
2.280000,94.97,28.059,16.820,409,388,110.000,109,109,18.000,39.000,55.000,310,353,114,32,45,45,45,45,45,45,1,0,0,3,30,1
2.285000,98.27,26.632,15.950,398,389,110.000,109,109,18.000,39.000,55.000,294,354,115,32,45,45,45,45,45,45,1,0,0,3,30,1
2.290000,101.57,25.245,15.140,386,389,110.000,109,109,18.000,39.000,55.000,279,354,115,32,45,45,45,45,45,45,1,0,0,3,30,1
2.295000,104.87,23.917,14.380,374,389,110.000,109,109,18.000,39.000,55.000,265,354,115,32,45,45,45,45,45,45,1,0,0,3,30,1
2.300000,108.17,22.664,13.620,362,388,110.000,109,109,18.000,39.000,55.000,251,353,114,32,45,45,45,45,45,45,1,0,0,3,30,1
2.305000,111.47,21.503,12.910,349,388,110.000,109,109,18.000,39.000,55.000,238,353,114,32,45,45,45,45,45,45,1,0,0,3,30,1
2.310000,114.77,20.449,12.260,337,387,110.000,109,109,18.000,39.000,55.000,226,352,114,32,44,44,44,44,44,44,1,0,0,3,30,1
2.315000,118.07,19.515,11.710,325,386,110.000,109,109,18.000,39.000,55.000,216,351,113,32,44,44,44,44,44,44,1,0,0,3,30,1
2.320000,121.37,18.713,11.220,313,385,110.000,109,109,18.000,39.000,55.000,207,350,112,32,44,44,44,44,44,44,1,0,0,3,30,1
2.325000,124.67,18.053,10.840,302,383,110.000,109,109,18.000,39.000,55.000,200,348,111,31,43,43,43,43,43,43,1,0,0,3,30,1
2.330000,127.97,17.544,10.510,291,381,110.000,109,109,18.000,39.000,55.000,194,346,110,31,43,43,43,43,43,43,1,0,0,3,30,1
2.335000,131.27,17.191,10.300,281,380,110.000,109,109,18.000,39.000,55.000,190,345,109,31,43,43,43,43,43,43,1,0,0,3,30,1
2.340000,134.57,16.997,10.190,272,378,110.000,109,109,18.000,39.000,55.000,188,343,108,31,42,42,42,42,42,42,1,0,0,3,30,1
2.345000,137.87,16.966,10.190,264,375,110.000,109,109,18.000,39.000,55.000,188,340,106,31,41,41,41,41,41,41,1,0,0,3,30,1
2.350000,141.17,17.095,10.240,258,373,110.000,109,109,18.000,39.000,55.000,189,338,105,31,41,41,41,41,41,41,1,0,0,3,30,1
2.355000,144.47,17.383,10.410,252,371,110.000,109,109,18.000,39.000,55.000,192,336,104,30,40,40,40,40,40,40,1,0,0,3,30,1
2.360000,147.77,17.825,10.680,248,369,110.000,109,109,18.000,39.000,55.000,197,334,102,30,40,40,40,40,40,40,1,0,0,3,30,1
2.365000,151.07,18.414,11.060,245,366,110.000,109,109,18.000,39.000,55.000,204,331,100,30,39,39,39,39,39,39,1,0,0,3,30,1
2.370000,154.37,19.140,11.490,243,364,110.000,109,109,18.000,39.000,55.000,212,329,99,30,39,39,39,39,39,39,1,0,0,3,30,1
2.375000,157.67,19.993,11.980,243,361,110.000,109,109,18.000,39.000,55.000,221,326,97,29,38,38,38,38,38,38,1,0,0,3,30,1
2.380000,160.97,20.961,12.580,244,359,110.000,109,109,18.000,39.000,55.000,232,324,96,29,38,38,38,38,38,38,1,0,0,3,30,1
2.385000,164.27,22.030,13.230,247,357,110.000,109,109,18.000,39.000,55.000,244,322,95,29,37,37,37,37,37,37,1,0,0,3,30,1
2.390000,167.57,23.183,13.890,251,355,110.000,109,109,18.000,39.000,55.000,256,320,94,29,37,37,37,37,37,37,1,0,0,3,30,1
2.395000,170.87,24.406,14.650,256,353,110.000,109,109,18.000,39.000,55.000,270,318,93,29,36,36,36,36,36,36,1,0,0,3,30,1
2.400000,174.17,25.679,15.410,262,351,110.000,109,109,18.000,39.000,55.000,284,316,91,29,36,36,36,36,36,36,1,0,0,3,30,1
2.405000,177.47,26.986,16.170,269,349,110.000,109,109,18.000,39.000,55.000,298,314,90,28,35,35,35,35,35,35,1,0,0,3,30,1
2.410000,180.77,28.307,16.990,277,348,110.000,109,109,18.000,39.000,55.000,313,313,90,28,35,35,35,35,35,35,1,0,0,3,30,1
2.415000,184.07,29.623,17.750,286,347,110.000,109,109,18.000,39.000,55.000,327,312,89,28,35,35,35,35,35,35,1,0,0,3,30,1
2.420000,187.37,30.917,18.560,296,346,110.000,109,109,18.000,39.000,55.000,342,311,89,28,34,34,34,34,34,34,1,0,0,3,30,1
2.425000,190.67,32.169,19.330,307,345,110.000,109,109,18.000,39.000,55.000,356,310,88,28,34,34,34,34,34,34,1,0,0,3,30,1
2.430000,193.97,33.361,20.030,317,344,110.000,109,109,18.000,39.000,55.000,369,309,87,28,34,34,34,34,34,34,1,0,0,3,30,1
2.435000,197.27,34.477,20.690,328,344,110.000,109,109,18.000,39.000,55.000,382,309,87,28,34,34,34,34,34,34,1,0,0,3,30,1
2.440000,200.57,35.501,21.280,340,344,110.000,111,110,18.000,39.000,55.000,396,312,88,28,34,34,34,34,34,34,1,0,0,3,30,1
2.445000,203.87,36.418,21.830,351,344,110.000,111,110,18.000,39.000,55.000,406,312,88,28,34,34,34,34,34,34,1,0,0,3,30,1
2.450000,207.17,37.213,22.320,361,344,110.000,111,110,18.000,39.000,55.000,415,312,88,28,34,34,34,34,34,34,1,0,0,3,30,1
2.455000,210.47,37.877,22.700,372,345,110.000,111,110,18.000,39.000,55.000,422,313,89,28,34,34,34,34,34,34,1,0,0,3,30,1
2.460000,213.77,38.398,23.030,382,346,110.000,109,110,18.000,39.000,55.000,429,314,89,28,34,34,34,34,34,34,1,0,0,3,30,1
2.465000,217.07,38.770,23.240,391,348,110.000,109,110,18.000,39.000,55.000,433,316,90,28,35,35,35,35,35,35,1,0,0,3,30,1
2.470000,220.37,38.985,23.410,400,350,110.000,109,110,18.000,39.000,55.000,436,318,92,28,35,35,35,35,35,35,1,0,0,3,30,1
2.475000,223.67,39.040,23.410,407,352,110.000,109,110,18.000,39.000,55.000,436,320,93,29,36,36,36,36,36,36,1,0,0,3,30,1
2.480000,226.97,38.933,23.350,414,354,110.000,109,110,18.000,39.000,55.000,435,322,94,29,36,36,36,36,36,36,1,0,0,3,30,1
2.485000,230.27,38.665,23.190,419,357,110.000,109,109,18.000,39.000,55.000,428,322,95,29,37,37,37,37,37,37,1,0,0,3,30,1
2.490000,233.57,38.239,22.920,423,359,110.000,109,109,18.000,39.000,55.000,423,324,96,29,38,38,38,38,38,38,1,0,0,3,30,1
2.495000,236.87,37.659,22.590,426,362,110.000,109,109,18.000,39.000,55.000,417,327,98,30,38,38,38,38,38,38,1,0,0,3,30,1
2.500000,240.17,36.932,22.150,427,365,110.000,109,109,18.000,39.000,55.000,408,330,100,30,39,39,39,39,39,39,1,0,0,3,30,1
2.505000,243.47,36.068,21.610,427,367,110.000,109,109,18.000,39.000,55.000,399,332,101,30,39,39,39,39,39,39,1,0,0,3,30,1
2.510000,246.77,35.077,21.070,426,370,110.000,109,109,18.000,39.000,55.000,389,335,103,30,40,40,40,40,40,40,1,0,0,3,30,1
2.515000,250.07,33.971,20.360,423,372,110.000,109,109,18.000,39.000,55.000,375,337,104,30,41,41,41,41,41,41,1,0,0,3,30,1
2.520000,253.37,32.766,19.650,419,374,110.000,109,109,18.000,39.000,55.000,362,339,105,31,41,41,41,41,41,41,1,0,0,3,30,1
2.525000,256.67,31.476,18.890,414,375,110.000,109,109,18.000,39.000,55.000,348,340,106,31,41,41,41,41,41,41,1,0,0,3,30,1
2.530000,259.97,30.118,18.080,408,377,110.000,109,109,18.000,39.000,55.000,333,342,107,31,42,42,42,42,42,42,1,0,0,3,30,1
2.535000,263.27,28.710,17.210,400,378,110.000,109,109,18.000,39.000,55.000,317,343,108,31,42,42,42,42,42,42,1,0,0,3,30,1
2.540000,266.57,27.271,16.330,391,379,110.000,109,109,18.000,39.000,55.000,301,344,108,31,42,42,42,42,42,42,1,0,0,3,30,1
2.545000,269.87,25.819,15.460,381,379,110.000,109,109,18.000,39.000,55.000,285,344,108,31,42,42,42,42,42,42,1,0,0,3,30,1
2.550000,273.17,24.374,14.590,371,379,110.000,109,109,18.000,39.000,55.000,269,344,108,31,42,42,42,42,42,42,1,0,0,3,30,1
2.555000,276.47,22.955,13.780,359,379,110.000,109,109,18.000,39.000,55.000,254,344,108,31,42,42,42,42,42,42,1,0,0,3,30,1
2.560000,279.77,21.580,12.960,348,378,110.000,109,109,18.000,39.000,55.000,239,343,108,31,42,42,42,42,42,42,1,0,0,3,30,1
2.565000,283.07,20.269,12.150,335,377,110.000,109,109,18.000,39.000,55.000,224,342,107,31,42,42,42,42,42,42,1,0,0,3,30,1
2.570000,286.37,19.038,11.440,323,377,110.000,109,109,18.000,39.000,55.000,211,342,107,31,42,42,42,42,42,42,1,0,0,3,30,1
2.575000,289.67,17.905,10.730,310,375,110.000,109,109,18.000,39.000,55.000,198,340,106,31,41,41,41,41,41,41,1,0,0,3,30,1
2.580000,292.97,16.885,10.130,298,374,110.000,109,109,18.000,39.000,55.000,187,339,105,31,41,41,41,41,41,41,1,0,0,3,30,1
2.585000,296.27,15.991,9.590,286,372,110.000,109,109,18.000,39.000,55.000,177,337,104,30,41,41,41,41,41,41,1,0,0,3,30,1
2.590000,299.57,15.237,9.150,274,371,110.000,109,109,18.000,39.000,55.000,168,336,104,30,40,40,40,40,40,40,1,0,0,3,30,1
2.595000,302.87,14.632,8.770,263,369,110.000,109,109,18.000,39.000,55.000,161,334,102,30,40,40,40,40,40,40,1,0,0,3,30,1
2.600000,306.17,14.186,8.500,252,366,110.000,109,109,18.000,39.000,55.000,156,331,100,30,39,39,39,39,39,39,1,0,0,3,30,1
2.605000,309.47,13.905,8.340,243,364,110.000,109,109,18.000,39.000,55.000,153,329,99,30,39,39,39,39,39,39,1,0,0,3,30,1
2.610000,312.77,13.794,8.280,234,362,110.000,109,109,18.000,39.000,55.000,152,327,98,30,38,38,38,38,38,38,1,0,0,3,30,1
2.615000,316.07,13.854,8.280,227,359,110.000,109,109,18.000,39.000,55.000,152,324,96,29,38,38,38,38,38,38,1,0,0,3,30,1
2.620000,319.37,14.087,8.450,220,356,110.000,109,109,18.000,39.000,55.000,156,321,94,29,37,37,37,37,37,37,1,0,0,3,30,1
2.625000,322.67,14.490,8.670,216,354,110.000,109,109,18.000,39.000,55.000,160,319,93,29,36,36,36,36,36,36,1,0,0,3,30,1
2.630000,325.97,15.058,9.050,212,351,110.000,109,109,18.000,39.000,55.000,167,316,91,29,36,36,36,36,36,36,1,0,0,3,30,1
2.635000,329.27,15.785,9.480,210,348,110.000,109,109,18.000,39.000,55.000,175,313,90,28,35,35,35,35,35,35,1,0,0,3,30,1
2.640000,332.57,16.663,10.030,209,345,110.000,109,109,18.000,39.000,55.000,185,310,88,28,34,34,34,34,34,34,1,0,0,3,30,1
2.645000,335.87,17.681,10.620,210,343,110.000,109,109,18.000,39.000,55.000,196,308,87,28,34,34,34,34,34,34,1,0,0,3,30,1
2.650000,339.17,18.826,11.280,212,340,110.000,109,109,18.000,39.000,55.000,208,305,85,28,33,33,33,33,33,33,1,0,0,3,30,1
2.655000,342.47,20.085,12.040,216,338,110.000,109,109,18.000,39.000,55.000,222,303,84,27,33,33,33,33,33,33,1,0,0,3,30,1
2.660000,345.77,21.443,12.850,221,335,110.000,109,109,18.000,39.000,55.000,237,300,82,27,32,32,32,32,32,32,1,0,0,3,30,1
2.665000,349.07,22.882,13.720,228,333,110.000,109,109,18.000,39.000,55.000,253,298,81,27,32,32,32,32,32,32,1,0,0,3,30,1
2.670000,352.37,24.384,14.650,236,331,110.000,109,109,18.000,39.000,55.000,270,296,80,27,31,31,31,31,31,31,1,0,0,3,30,1
2.675000,355.67,25.931,15.570,245,330,110.000,109,109,18.000,39.000,55.000,287,295,80,27,31,31,31,31,31,31,1,0,0,3,30,1
2.680000,358.97,27.504,16.500,255,328,110.000,109,109,18.000,39.000,55.000,304,293,79,26,31,31,31,31,31,31,1,0,0,3,30,1
2.685000,2.27,29.084,17.480,266,327,110.000,109,109,18.000,39.000,55.000,322,292,78,26,30,30,30,30,30,30,1,0,0,3,30,1
2.690000,5.57,30.649,18.400,278,326,110.000,111,110,18.000,39.000,55.000,342,294,78,26,30,30,30,30,30,30,1,0,0,3,30,1
2.695000,8.87,32.182,19.330,291,325,110.000,111,110,18.000,39.000,55.000,360,293,78,26,30,30,30,30,30,30,1,0,0,3,30,1
2.700000,12.17,33.663,20.200,304,324,110.000,111,110,18.000,39.000,55.000,376,292,77,26,30,30,30,30,30,30,1,0,0,3,30,1
2.705000,15.47,35.074,21.070,317,324,110.000,111,110,18.000,39.000,55.000,392,292,77,26,30,30,30,30,30,30,1,0,0,3,30,1
2.710000,18.77,36.396,21.830,331,324,110.000,109,110,18.000,39.000,55.000,406,292,77,26,30,30,30,30,30,30,1,0,0,3,30,1
2.715000,22.07,37.615,22.540,345,325,110.000,109,110,18.000,39.000,55.000,420,293,78,26,30,30,30,30,30,30,1,0,0,3,30,1
2.720000,25.37,38.714,23.240,358,326,110.000,109,110,18.000,39.000,55.000,433,294,78,26,30,30,30,30,30,30,1,0,0,3,30,1
2.725000,28.67,39.681,23.790,372,327,110.000,109,110,18.000,39.000,55.000,443,295,79,26,30,30,30,30,30,30,1,0,0,3,30,1
2.730000,31.97,40.504,24.280,385,329,110.000,109,110,18.000,39.000,55.000,452,297,80,26,31,31,31,31,31,31,1,0,0,3,30,1
2.735000,35.27,41.173,24.710,397,332,110.000,109,109,18.000,39.000,55.000,456,297,81,27,31,31,31,31,31,31,1,0,0,3,30,1
2.740000,38.57,41.680,24.980,408,335,110.000,109,109,18.000,39.000,55.000,461,300,82,27,32,32,32,32,32,32,1,0,0,3,30,1
2.745000,41.87,42.020,25.200,419,338,110.000,109,109,18.000,39.000,55.000,465,303,84,27,33,33,33,33,33,33,1,0,0,3,30,1
2.750000,45.17,42.188,25.310,428,341,110.000,109,109,18.000,39.000,55.000,467,306,86,28,33,33,33,33,33,33,1,0,0,3,30,1
2.755000,48.47,42.185,25.310,437,345,110.000,109,109,18.000,39.000,55.000,467,310,88,28,34,34,34,34,34,34,1,0,0,3,30,1
2.760000,51.77,42.010,25.200,444,349,110.000,109,109,18.000,39.000,55.000,465,314,90,28,35,35,35,35,35,35,1,0,0,3,30,1
2.765000,55.07,41.667,24.980,450,353,110.000,109,109,18.000,39.000,55.000,461,318,93,29,36,36,36,36,36,36,1,0,0,3,30,1
2.770000,58.37,41.161,24.710,454,357,110.000,109,109,18.000,39.000,55.000,456,322,95,29,37,37,37,37,37,37,1,0,0,3,30,1
2.775000,61.67,40.499,24.280,457,361,110.000,109,109,18.000,39.000,55.000,448,326,97,29,38,38,38,38,38,38,1,0,0,3,30,1
2.780000,64.97,39.692,23.790,458,365,110.000,109,109,18.000,39.000,55.000,439,330,100,30,39,39,39,39,39,39,1,0,0,3,30,1
2.785000,68.27,38.749,23.240,458,369,110.000,109,109,18.000,39.000,55.000,429,334,102,30,40,40,40,40,40,40,1,0,0,3,30,1
2.790000,71.57,37.685,22.590,457,372,110.000,109,109,18.000,39.000,55.000,417,337,104,30,41,41,41,41,41,41,1,0,0,3,30,1
2.795000,74.87,36.514,21.880,454,376,110.000,109,109,18.000,39.000,55.000,404,341,107,31,42,42,42,42,42,42,1,0,0,3,30,1
2.800000,78.17,35.251,21.120,449,379,110.000,109,109,18.000,39.000,55.000,389,344,108,31,42,42,42,42,42,42,1,0,0,3,30,1
2.805000,81.47,33.914,20.360,444,381,110.000,109,109,18.000,39.000,55.000,375,346,110,31,43,43,43,43,43,43,1,0,0,3,30,1
2.810000,84.77,32.520,19.490,437,384,110.000,109,109,18.000,39.000,55.000,359,349,112,32,44,44,44,44,44,44,1,0,0,3,30,1
2.815000,88.07,31.089,18.670,429,386,110.000,109,109,18.000,39.000,55.000,344,351,113,32,44,44,44,44,44,44,1,0,0,3,30,1
2.820000,91.37,29.639,17.800,420,387,110.000,109,109,18.000,39.000,55.000,328,352,114,32,44,44,44,44,44,44,1,0,0,3,30,1
2.825000,94.67,28.190,16.930,409,388,110.000,109,109,18.000,39.000,55.000,312,353,114,32,45,45,45,45,45,45,1,0,0,3,30,1
2.830000,97.97,26.760,16.060,399,389,110.000,109,109,18.000,39.000,55.000,296,354,115,32,45,45,45,45,45,45,1,0,0,3,30,1
2.835000,101.27,25.369,15.250,387,389,110.000,109,109,18.000,39.000,55.000,281,354,115,32,45,45,45,45,45,45,1,0,0,3,30,1
2.840000,104.57,24.034,14.430,375,389,110.000,109,109,18.000,39.000,55.000,266,354,115,32,45,45,45,45,45,45,1,0,0,3,30,1
2.845000,107.87,22.774,13.670,363,389,110.000,109,109,18.000,39.000,55.000,252,354,115,32,45,45,45,45,45,45,1,0,0,3,30,1
2.850000,111.17,21.604,12.960,351,388,110.000,109,109,18.000,39.000,55.000,239,353,114,32,45,45,45,45,45,45,1,0,0,3,30,1
2.855000,114.47,20.540,12.310,338,387,110.000,109,109,18.000,39.000,55.000,227,352,114,32,44,44,44,44,44,44,1,0,0,3,30,1
2.860000,117.77,19.594,11.770,326,386,110.000,109,109,18.000,39.000,55.000,217,351,113,32,44,44,44,44,44,44,1,0,0,3,30,1
2.865000,121.07,18.780,11.280,314,385,110.000,109,109,18.000,39.000,55.000,208,350,112,32,44,44,44,44,44,44,1,0,0,3,30,1
2.870000,124.37,18.107,10.840,303,383,110.000,109,109,18.000,39.000,55.000,200,348,111,31,43,43,43,43,43,43,1,0,0,3,30,1
2.875000,127.67,17.584,10.570,292,382,110.000,109,109,18.000,39.000,55.000,195,347,110,31,43,43,43,43,43,43,1,0,0,3,30,1
2.880000,130.97,17.216,10.350,282,380,110.000,109,109,18.000,39.000,55.000,191,345,109,31,43,43,43,43,43,43,1,0,0,3,30,1
2.885000,134.27,17.008,10.190,273,378,110.000,109,109,18.000,39.000,55.000,188,343,108,31,42,42,42,42,42,42,1,0,0,3,30,1
2.890000,137.57,16.962,10.190,265,376,110.000,109,109,18.000,39.000,55.000,188,341,107,31,42,42,42,42,42,42,1,0,0,3,30,1
2.895000,140.87,17.077,10.240,258,373,110.000,109,109,18.000,39.000,55.000,189,338,105,31,41,41,41,41,41,41,1,0,0,3,30,1
2.900000,144.17,17.351,10.410,253,371,110.000,109,109,18.000,39.000,55.000,192,336,104,30,40,40,40,40,40,40,1,0,0,3,30,1
2.905000,147.47,17.779,10.680,248,369,110.000,109,109,18.000,39.000,55.000,197,334,102,30,40,40,40,40,40,40,1,0,0,3,30,1
2.910000,150.77,18.354,11.000,245,366,110.000,109,109,18.000,39.000,55.000,203,331,100,30,39,39,39,39,39,39,1,0,0,3,30,1
2.915000,154.07,19.068,11.440,243,364,110.000,109,109,18.000,39.000,55.000,211,329,99,30,39,39,39,39,39,39,1,0,0,3,30,1
2.920000,157.37,19.911,11.930,243,362,110.000,109,109,18.000,39.000,55.000,220,327,98,30,38,38,38,38,38,38,1,0,0,3,30,1
2.925000,160.67,20.869,12.530,244,359,110.000,109,109,18.000,39.000,55.000,231,324,96,29,38,38,38,38,38,38,1,0,0,3,30,1
2.930000,163.97,21.929,13.130,246,357,110.000,109,109,18.000,39.000,55.000,242,322,95,29,37,37,37,37,37,37,1,0,0,3,30,1
2.935000,167.27,23.075,13.830,250,355,110.000,109,109,18.000,39.000,55.000,255,320,94,29,37,37,37,37,37,37,1,0,0,3,30,1
2.940000,170.57,24.292,14.590,255,353,110.000,111,110,18.000,39.000,55.000,271,321,93,29,36,36,36,36,36,36,1,0,0,3,30,1
2.945000,173.87,25.562,15.360,261,351,110.000,111,110,18.000,39.000,55.000,286,319,92,28,36,36,36,36,36,36,1,0,0,3,30,1
2.950000,177.17,26.866,16.120,268,349,110.000,111,110,18.000,39.000,55.000,300,317,91,28,35,35,35,35,35,35,1,0,0,3,30,1
2.955000,180.47,28.186,16.930,277,348,110.000,111,110,18.000,39.000,55.000,315,316,90,28,35,35,35,35,35,35,1,0,0,3,30,1
2.960000,183.77,29.504,17.690,286,347,110.000,109,110,18.000,39.000,55.000,329,315,90,28,35,35,35,35,35,35,1,0,0,3,30,1
2.965000,187.07,30.800,18.460,295,346,110.000,109,110,18.000,39.000,55.000,343,314,89,28,34,34,34,34,34,34,1,0,0,3,30,1
2.970000,190.37,32.057,19.220,306,345,110.000,109,110,18.000,39.000,55.000,358,313,89,28,34,34,34,34,34,34,1,0,0,3,30,1
2.975000,193.67,33.256,19.920,316,344,110.000,109,110,18.000,39.000,55.000,371,312,88,28,34,34,34,34,34,34,1,0,0,3,30,1
2.980000,196.97,34.379,20.630,327,344,110.000,109,110,18.000,39.000,55.000,384,312,88,28,34,34,34,34,34,34,1,0,0,3,30,1
2.985000,200.27,35.412,21.230,338,344,110.000,109,109,18.000,39.000,55.000,392,309,87,28,34,34,34,34,34,34,1,0,0,3,30,1
2.990000,203.57,36.339,21.770,350,344,110.000,109,109,18.000,39.000,55.000,401,309,87,28,34,34,34,34,34,34,1,0,0,3,30,1
2.995000,206.87,37.146,22.260,360,344,110.000,109,109,18.000,39.000,55.000,411,309,87,28,34,34,34,34,34,34,1,0,0,3,30,1
3.000000,210.17,37.822,22.700,371,345,110.000,109,109,18.000,39.000,55.000,419,310,88,28,34,34,34,34,34,34,1,0,0,3,30,1
3.005000,213.47,38.357,23.030,381,346,110.000,109,109,18.000,39.000,55.000,425,311,89,28,34,34,34,34,34,34,1,0,0,3,30,1
3.010000,216.77,38.742,23.240,390,348,110.000,109,109,18.000,39.000,55.000,429,313,90,28,35,35,35,35,35,35,1,0,0,3,30,1
3.015000,220.07,38.972,23.410,399,350,110.000,109,109,18.000,39.000,55.000,432,315,91,28,35,35,35,35,35,35,1,0,0,3,30,1
3.020000,223.37,39.041,23.410,406,352,110.000,109,109,18.000,39.000,55.000,432,317,92,29,36,36,36,36,36,36,1,0,0,3,30,1
3.025000,226.67,38.949,23.350,413,354,110.000,109,109,18.000,39.000,55.000,431,319,93,29,36,36,36,36,36,36,1,0,0,3,30,1
3.030000,229.97,38.696,23.190,418,357,110.000,109,109,18.000,39.000,55.000,428,322,95,29,37,37,37,37,37,37,1,0,0,3,30,1
3.035000,233.27,38.284,22.970,423,359,110.000,109,109,18.000,39.000,55.000,424,324,96,29,38,38,38,38,38,38,1,0,0,3,30,1
3.040000,236.57,37.718,22.640,426,362,110.000,109,109,18.000,39.000,55.000,418,327,98,30,38,38,38,38,38,38,1,0,0,3,30,1
3.045000,239.87,37.004,22.210,427,364,110.000,109,109,18.000,39.000,55.000,410,329,99,30,39,39,39,39,39,39,1,0,0,3,30,1
3.050000,243.17,36.152,21.670,427,367,110.000,109,109,18.000,39.000,55.000,400,332,101,30,39,39,39,39,39,39,1,0,0,3,30,1
3.055000,246.47,35.172,21.120,426,369,110.000,109,109,18.000,39.000,55.000,389,334,102,30,40,40,40,40,40,40,1,0,0,3,30,1
3.060000,249.77,34.076,20.410,424,372,110.000,109,109,18.000,39.000,55.000,376,337,104,30,41,41,41,41,41,41,1,0,0,3,30,1
3.065000,253.07,32.879,19.710,420,374,110.000,109,109,18.000,39.000,55.000,363,339,105,31,41,41,41,41,41,41,1,0,0,3,30,1
3.070000,256.37,31.596,18.950,415,375,110.000,109,109,18.000,39.000,55.000,349,340,106,31,41,41,41,41,41,41,1,0,0,3,30,1
3.075000,259.67,30.244,18.130,408,377,110.000,109,109,18.000,39.000,55.000,334,342,107,31,42,42,42,42,42,42,1,0,0,3,30,1
3.080000,262.97,28.840,17.310,401,378,110.000,109,109,18.000,39.000,55.000,319,343,108,31,42,42,42,42,42,42,1,0,0,3,30,1
3.085000,266.27,27.403,16.440,392,379,110.000,109,109,18.000,39.000,55.000,303,344,108,31,42,42,42,42,42,42,1,0,0,3,30,1
3.090000,269.57,25.951,15.570,382,379,110.000,109,109,18.000,39.000,55.000,287,344,108,31,42,42,42,42,42,42,1,0,0,3,30,1
3.095000,272.87,24.505,14.700,372,379,110.000,109,109,18.000,39.000,55.000,271,344,108,31,42,42,42,42,42,42,1,0,0,3,30,1
3.100000,276.17,23.082,13.830,361,379,110.000,109,109,18.000,39.000,55.000,255,344,108,31,42,42,42,42,42,42,1,0,0,3,30,1
3.105000,279.47,21.703,13.020,349,378,110.000,109,109,18.000,39.000,55.000,240,343,108,31,42,42,42,42,42,42,1,0,0,3,30,1
3.110000,282.77,20.385,12.260,337,377,110.000,109,109,18.000,39.000,55.000,226,342,107,31,42,42,42,42,42,42,1,0,0,3,30,1
3.115000,286.07,19.146,11.490,324,377,110.000,109,109,18.000,39.000,55.000,212,342,107,31,42,42,42,42,42,42,1,0,0,3,30,1
3.120000,289.37,18.004,10.790,312,375,110.000,109,109,18.000,39.000,55.000,199,340,106,31,41,41,41,41,41,41,1,0,0,3,30,1
3.125000,292.67,16.972,10.190,299,374,110.000,109,109,18.000,39.000,55.000,188,339,105,31,41,41,41,41,41,41,1,0,0,3,30,1
3.130000,295.97,16.067,9.640,287,373,110.000,109,109,18.000,39.000,55.000,177,338,105,31,41,41,41,41,41,41,1,0,0,3,30,1
3.135000,299.27,15.299,9.150,275,371,110.000,109,109,18.000,39.000,55.000,168,336,104,30,40,40,40,40,40,40,1,0,0,3,30,1
3.140000,302.57,14.681,8.830,264,369,110.000,109,109,18.000,39.000,55.000,163,334,102,30,40,40,40,40,40,40,1,0,0,3,30,1
3.145000,305.87,14.220,8.560,253,367,110.000,109,109,18.000,39.000,55.000,158,332,101,30,39,39,39,39,39,39,1,0,0,3,30,1
3.150000,309.17,13.924,8.340,244,364,110.000,109,109,18.000,39.000,55.000,153,329,99,30,39,39,39,39,39,39,1,0,0,3,30,1
3.155000,312.47,13.797,8.280,235,362,110.000,109,109,18.000,39.000,55.000,152,327,98,30,38,38,38,38,38,38,1,0,0,3,30,1
3.160000,315.77,13.842,8.280,227,359,110.000,109,109,18.000,39.000,55.000,152,324,96,29,38,38,38,38,38,38,1,0,0,3,30,1
3.165000,319.07,14.059,8.450,221,357,110.000,109,109,18.000,39.000,55.000,156,322,95,29,37,37,37,37,37,37,1,0,0,3,30,1
3.170000,322.37,14.446,8.670,216,354,110.000,109,109,18.000,39.000,55.000,160,319,93,29,36,36,36,36,36,36,1,0,0,3,30,1
3.175000,325.67,15.000,8.990,212,351,110.000,109,109,18.000,39.000,55.000,165,316,91,29,36,36,36,36,36,36,1,0,0,3,30,1
3.180000,328.97,15.713,9.430,210,348,110.000,109,109,18.000,39.000,55.000,174,313,90,28,35,35,35,35,35,35,1,0,0,3,30,1
3.185000,332.27,16.577,9.920,209,346,110.000,109,109,18.000,39.000,55.000,183,311,89,28,34,34,34,34,34,34,1,0,0,3,30,1
3.190000,335.57,17.583,10.570,210,343,110.000,111,110,18.000,39.000,55.000,196,311,88,28,34,34,34,34,34,34,1,0,0,3,30,1
3.195000,338.87,18.717,11.220,212,341,110.000,111,110,18.000,39.000,55.000,209,309,86,28,33,33,33,33,33,33,1,0,0,3,30,1
3.200000,342.17,19.967,11.980,216,338,110.000,111,110,18.000,39.000,55.000,223,306,85,27,33,33,33,33,33,33,1,0,0,3,30,1
3.205000,345.47,21.316,12.800,221,336,110.000,111,110,18.000,39.000,55.000,238,304,84,27,32,32,32,32,32,32,1,0,0,3,30,1
3.210000,348.77,22.748,13.620,227,334,110.000,109,110,18.000,39.000,55.000,253,302,82,27,32,32,32,32,32,32,1,0,0,3,30,1
3.215000,352.07,24.245,14.540,235,332,110.000,109,110,18.000,39.000,55.000,270,300,81,27,31,31,31,31,31,31,1,0,0,3,30,1
3.220000,355.37,25.789,15.460,244,330,110.000,109,110,18.000,39.000,55.000,288,298,80,27,31,31,31,31,31,31,1,0,0,3,30,1
3.225000,358.67,27.361,16.390,254,328,110.000,109,110,18.000,39.000,55.000,305,296,79,26,31,31,31,31,31,31,1,0,0,3,30,1
3.230000,1.97,28.940,17.370,265,327,110.000,109,110,18.000,39.000,55.000,323,295,79,26,30,30,30,30,30,30,1,0,0,3,30,1
3.235000,5.27,30.508,18.290,277,326,110.000,109,109,18.000,39.000,55.000,337,291,77,26,30,30,30,30,30,30,1,0,0,3,30,1
3.240000,8.57,32.045,19.220,289,325,110.000,109,109,18.000,39.000,55.000,354,290,77,26,30,30,30,30,30,30,1,0,0,3,30,1
3.245000,11.87,33.531,20.090,302,324,110.000,109,109,18.000,39.000,55.000,370,289,76,26,30,30,30,30,30,30,1,0,0,3,30,1
3.250000,15.17,34.949,20.960,316,324,110.000,109,109,18.000,39.000,55.000,387,289,76,26,30,30,30,30,30,30,1,0,0,3,30,1
3.255000,18.47,36.280,21.770,330,324,110.000,109,109,18.000,39.000,55.000,401,289,76,26,30,30,30,30,30,30,1,0,0,3,30,1
3.260000,21.77,37.509,22.480,343,325,110.000,109,109,18.000,39.000,55.000,415,290,77,26,30,30,30,30,30,30,1,0,0,3,30,1
3.265000,25.07,38.619,23.190,357,326,110.000,109,109,18.000,39.000,55.000,428,291,77,26,30,30,30,30,30,30,1,0,0,3,30,1
3.270000,28.37,39.599,23.730,371,327,110.000,109,109,18.000,39.000,55.000,438,292,78,26,30,30,30,30,30,30,1,0,0,3,30,1
3.275000,31.67,40.435,24.280,383,329,110.000,109,109,18.000,39.000,55.000,448,294,79,27,31,31,31,31,31,31,1,0,0,3,30,1
3.280000,34.97,41.119,24.660,396,332,110.000,109,109,18.000,39.000,55.000,455,297,81,27,31,31,31,31,31,31,1,0,0,3,30,1
3.285000,38.27,41.641,24.980,407,335,110.000,109,109,18.000,39.000,55.000,461,300,82,27,32,32,32,32,32,32,1,0,0,3,30,1
3.290000,41.57,41.996,25.200,418,338,110.000,109,109,18.000,39.000,55.000,465,303,84,27,33,33,33,33,33,33,1,0,0,3,30,1
3.295000,44.87,42.180,25.310,427,341,110.000,109,109,18.000,39.000,55.000,467,306,86,28,33,33,33,33,33,33,1,0,0,3,30,1
3.300000,48.17,42.192,25.310,436,345,110.000,109,109,18.000,39.000,55.000,467,310,88,28,34,34,34,34,34,34,1,0,0,3,30,1
3.305000,51.47,42.033,25.200,443,349,110.000,109,109,18.000,39.000,55.000,465,314,90,28,35,35,35,35,35,35,1,0,0,3,30,1
3.310000,54.77,41.705,25.040,449,353,110.000,109,109,18.000,39.000,55.000,462,318,93,29,36,36,36,36,36,36,1,0,0,3,30,1
3.315000,58.07,41.213,24.710,454,357,110.000,109,109,18.000,39.000,55.000,456,322,95,29,37,37,37,37,37,37,1,0,0,3,30,1
3.320000,61.37,40.565,24.330,457,361,110.000,109,109,18.000,39.000,55.000,449,326,97,29,38,38,38,38,38,38,1,0,0,3,30,1
3.325000,64.67,39.771,23.840,458,365,110.000,109,109,18.000,39.000,55.000,440,330,100,30,39,39,39,39,39,39,1,0,0,3,30,1
3.330000,67.97,38.840,23.300,458,368,110.000,109,109,18.000,39.000,55.000,430,333,102,30,40,40,40,40,40,40,1,0,0,3,30,1
3.335000,71.27,37.786,22.640,457,372,110.000,109,109,18.000,39.000,55.000,418,337,104,30,41,41,41,41,41,41,1,0,0,3,30,1
3.340000,74.57,36.624,21.990,454,375,110.000,109,109,18.000,39.000,55.000,406,340,106,31,41,41,41,41,41,41,1,0,0,3,30,1
3.345000,77.87,35.369,21.230,450,378,110.000,109,109,18.000,39.000,55.000,392,343,108,31,42,42,42,42,42,42,1,0,0,3,30,1
3.350000,81.17,34.038,20.410,444,381,110.000,109,109,18.000,39.000,55.000,376,346,110,31,43,43,43,43,43,43,1,0,0,3,30,1
3.355000,84.47,32.649,19.600,437,384,110.000,109,109,18.000,39.000,55.000,361,349,112,32,44,44,44,44,44,44,1,0,0,3,30,1
3.360000,87.77,31.220,18.730,429,386,110.000,109,109,18.000,39.000,55.000,345,351,113,32,44,44,44,44,44,44,1,0,0,3,30,1
3.365000,91.07,29.771,17.860,420,387,110.000,109,109,18.000,39.000,55.000,329,352,114,32,44,44,44,44,44,44,1,0,0,3,30,1
3.370000,94.37,28.321,16.990,410,388,110.000,109,109,18.000,39.000,55.000,313,353,114,32,45,45,45,45,45,45,1,0,0,3,30,1
3.375000,97.67,26.889,16.120,400,389,110.000,109,109,18.000,39.000,55.000,297,354,115,32,45,45,45,45,45,45,1,0,0,3,30,1
3.380000,100.97,25.493,15.300,388,389,110.000,109,109,18.000,39.000,55.000,282,354,115,32,45,45,45,45,45,45,1,0,0,3,30,1
3.385000,104.27,24.153,14.490,376,389,110.000,109,109,18.000,39.000,55.000,267,354,115,32,45,45,45,45,45,45,1,0,0,3,30,1
3.390000,107.57,22.885,13.720,364,389,110.000,109,109,18.000,39.000,55.000,253,354,115,32,45,45,45,45,45,45,1,0,0,3,30,1
3.395000,110.87,21.706,13.020,352,388,110.000,109,109,18.000,39.000,55.000,240,353,114,32,45,45,45,45,45,45,1,0,0,3,30,1
3.400000,114.17,20.632,12.360,339,387,110.000,109,109,18.000,39.000,55.000,228,352,114,32,44,44,44,44,44,44,1,0,0,3,30,1
3.405000,117.47,19.675,11.820,327,386,110.000,109,109,18.000,39.000,55.000,218,351,113,32,44,44,44,44,44,44,1,0,0,3,30,1
3.410000,120.77,18.849,11.330,315,385,110.000,109,109,18.000,39.000,55.000,209,350,112,32,44,44,44,44,44,44,1,0,0,3,30,1
3.415000,124.07,18.162,10.900,304,383,110.000,109,109,18.000,39.000,55.000,201,348,111,31,43,43,43,43,43,43,1,0,0,3,30,1
3.420000,127.37,17.625,10.570,293,382,110.000,109,109,18.000,39.000,55.000,195,347,110,31,43,43,43,43,43,43,1,0,0,3,30,1
3.425000,130.67,17.243,10.350,283,380,110.000,109,109,18.000,39.000,55.000,191,345,109,31,43,43,43,43,43,43,1,0,0,3,30,1
3.430000,133.97,17.020,10.190,274,378,110.000,109,109,18.000,39.000,55.000,188,343,108,31,42,42,42,42,42,42,1,0,0,3,30,1
3.435000,137.27,16.959,10.190,266,376,110.000,109,109,18.000,39.000,55.000,188,341,107,31,42,42,42,42,42,42,1,0,0,3,30,1
3.440000,140.57,17.060,10.240,259,374,110.000,111,110,18.000,39.000,55.000,190,342,106,31,41,41,41,41,41,41,1,0,0,3,30,1
3.445000,143.87,17.319,10.410,253,371,110.000,111,110,18.000,39.000,55.000,193,339,104,30,40,40,40,40,40,40,1,0,0,3,30,1
3.450000,147.17,17.734,10.620,248,369,110.000,111,110,18.000,39.000,55.000,197,337,103,30,40,40,40,40,40,40,1,0,0,3,30,1
3.455000,150.47,18.296,10.950,245,367,110.000,111,110,18.000,39.000,55.000,204,335,102,30,39,39,39,39,39,39,1,0,0,3,30,1
3.460000,153.77,18.998,11.380,243,364,110.000,109,110,18.000,39.000,55.000,212,332,100,30,39,39,39,39,39,39,1,0,0,3,30,1
3.465000,157.07,19.829,11.870,243,362,110.000,109,110,18.000,39.000,55.000,221,330,99,30,38,38,38,38,38,38,1,0,0,3,30,1
3.470000,160.37,20.777,12.470,244,360,110.000,109,110,18.000,39.000,55.000,232,328,98,29,38,38,38,38,38,38,1,0,0,3,30,1
3.475000,163.67,21.829,13.070,246,357,110.000,109,110,18.000,39.000,55.000,243,325,96,29,37,37,37,37,37,37,1,0,0,3,30,1
3.480000,166.97,22.968,13.780,250,355,110.000,109,110,18.000,39.000,55.000,256,323,95,29,37,37,37,37,37,37,1,0,0,3,30,1
3.485000,170.27,24.179,14.490,255,353,110.000,109,109,18.000,39.000,55.000,267,318,93,29,36,36,36,36,36,36,1,0,0,3,30,1
3.490000,173.57,25.445,15.250,261,351,110.000,109,109,18.000,39.000,55.000,281,316,91,29,36,36,36,36,36,36,1,0,0,3,30,1
3.495000,176.87,26.746,16.060,268,350,110.000,109,109,18.000,39.000,55.000,296,315,91,28,35,35,35,35,35,35,1,0,0,3,30,1
3.500000,180.17,28.066,16.820,276,348,110.000,109,109,18.000,39.000,55.000,310,313,90,28,35,35,35,35,35,35,1,0,0,3,30,1
3.505000,183.47,29.385,17.640,285,347,110.000,109,109,18.000,39.000,55.000,325,312,89,28,35,35,35,35,35,35,1,0,0,3,30,1
3.510000,186.77,30.684,18.400,294,346,110.000,109,109,18.000,39.000,55.000,339,311,89,28,34,34,34,34,34,34,1,0,0,3,30,1
3.515000,190.07,31.945,19.160,305,345,110.000,109,109,18.000,39.000,55.000,353,310,88,28,34,34,34,34,34,34,1,0,0,3,30,1
3.520000,193.37,33.150,19.870,315,344,110.000,109,109,18.000,39.000,55.000,366,309,87,28,34,34,34,34,34,34,1,0,0,3,30,1
3.525000,196.67,34.281,20.580,326,344,110.000,109,109,18.000,39.000,55.000,380,309,87,28,34,34,34,34,34,34,1,0,0,3,30,1
3.530000,199.97,35.322,21.180,337,344,110.000,109,109,18.000,39.000,55.000,391,309,87,28,34,34,34,34,34,34,1,0,0,3,30,1
3.535000,203.27,36.259,21.770,349,344,110.000,109,109,18.000,39.000,55.000,401,309,87,28,34,34,34,34,34,34,1,0,0,3,30,1
3.540000,206.57,37.078,22.260,360,344,110.000,109,109,18.000,39.000,55.000,411,309,87,28,34,34,34,34,34,34,1,0,0,3,30,1
3.545000,209.87,37.767,22.640,370,345,110.000,109,109,18.000,39.000,55.000,418,310,88,28,34,34,34,34,34,34,1,0,0,3,30,1
3.550000,213.17,38.315,22.970,380,346,110.000,109,109,18.000,39.000,55.000,424,311,89,28,34,34,34,34,34,34,1,0,0,3,30,1
3.555000,216.47,38.714,23.240,389,348,110.000,109,109,18.000,39.000,55.000,429,313,90,28,35,35,35,35,35,35,1,0,0,3,30,1
3.560000,219.77,38.957,23.350,398,349,110.000,109,109,18.000,39.000,55.000,431,314,90,28,35,35,35,35,35,35,1,0,0,3,30,1
3.565000,223.07,39.042,23.410,406,352,110.000,109,109,18.000,39.000,55.000,432,317,92,29,36,36,36,36,36,36,1,0,0,3,30,1
3.570000,226.37,38.964,23.350,412,354,110.000,109,109,18.000,39.000,55.000,431,319,93,29,36,36,36,36,36,36,1,0,0,3,30,1
3.575000,229.67,38.726,23.240,418,356,110.000,109,109,18.000,39.000,55.000,429,321,94,29,37,37,37,37,37,37,1,0,0,3,30,1
3.580000,232.97,38.328,22.970,422,359,110.000,109,109,18.000,39.000,55.000,424,324,96,29,38,38,38,38,38,38,1,0,0,3,30,1
3.585000,236.27,37.776,22.640,425,362,110.000,109,109,18.000,39.000,55.000,418,327,98,30,38,38,38,38,38,38,1,0,0,3,30,1
3.590000,239.57,37.075,22.260,427,364,110.000,109,109,18.000,39.000,55.000,411,329,99,30,39,39,39,39,39,39,1,0,0,3,30,1
3.595000,242.87,36.235,21.720,427,367,110.000,109,109,18.000,39.000,55.000,401,332,101,30,39,39,39,39,39,39,1,0,0,3,30,1
3.600000,246.17,35.266,21.180,426,369,110.000,109,109,18.000,39.000,55.000,391,334,102,30,40,40,40,40,40,40,1,0,0,3,30,1
3.605000,249.47,34.180,20.520,424,371,110.000,109,109,18.000,39.000,55.000,378,336,104,30,40,40,40,40,40,40,1,0,0,3,30,1
3.610000,252.77,32.992,19.820,420,373,110.000,109,109,18.000,39.000,55.000,365,338,105,31,41,41,41,41,41,41,1,0,0,3,30,1
3.615000,256.07,31.716,19.000,415,375,110.000,109,109,18.000,39.000,55.000,350,340,106,31,41,41,41,41,41,41,1,0,0,3,30,1
3.620000,259.37,30.369,18.240,409,377,110.000,109,109,18.000,39.000,55.000,336,342,107,31,42,42,42,42,42,42,1,0,0,3,30,1
3.625000,262.67,28.969,17.370,401,378,110.000,109,109,18.000,39.000,55.000,320,343,108,31,42,42,42,42,42,42,1,0,0,3,30,1
3.630000,265.97,27.534,16.500,393,379,110.000,109,109,18.000,39.000,55.000,304,344,108,31,42,42,42,42,42,42,1,0,0,3,30,1
3.635000,269.27,26.083,15.630,383,379,110.000,109,109,18.000,39.000,55.000,288,344,108,31,42,42,42,42,42,42,1,0,0,3,30,1
3.640000,272.57,24.636,14.760,373,379,110.000,109,109,18.000,39.000,55.000,272,344,108,31,42,42,42,42,42,42,1,0,0,3,30,1
3.645000,275.87,23.210,13.940,362,379,110.000,109,109,18.000,39.000,55.000,257,344,108,31,42,42,42,42,42,42,1,0,0,3,30,1
3.650000,279.17,21.826,13.070,350,378,110.000,109,109,18.000,39.000,55.000,241,343,108,31,42,42,42,42,42,42,1,0,0,3,30,1
3.655000,282.47,20.502,12.310,338,378,110.000,109,109,18.000,39.000,55.000,227,343,108,31,42,42,42,42,42,42,1,0,0,3,30,1
3.660000,285.77,19.255,11.550,325,377,110.000,109,109,18.000,39.000,55.000,213,342,107,31,42,42,42,42,42,42,1,0,0,3,30,1
3.665000,289.07,18.103,10.840,313,376,110.000,109,109,18.000,39.000,55.000,200,341,107,31,42,42,42,42,42,42,1,0,0,3,30,1
3.670000,292.37,17.061,10.240,300,374,110.000,109,109,18.000,39.000,55.000,189,339,105,31,41,41,41,41,41,41,1,0,0,3,30,1
3.675000,295.67,16.143,9.700,288,373,110.000,109,109,18.000,39.000,55.000,179,338,105,31,41,41,41,41,41,41,1,0,0,3,30,1
3.680000,298.97,15.363,9.210,276,371,110.000,109,109,18.000,39.000,55.000,170,336,104,30,40,40,40,40,40,40,1,0,0,3,30,1
3.685000,302.27,14.730,8.830,265,369,110.000,109,109,18.000,39.000,55.000,163,334,102,30,40,40,40,40,40,40,1,0,0,3,30,1
3.690000,305.57,14.255,8.560,254,367,110.000,111,110,18.000,39.000,55.000,159,335,102,30,39,39,39,39,39,39,1,0,0,3,30,1
3.695000,308.87,13.944,8.340,244,365,110.000,111,110,18.000,39.000,55.000,155,333,101,30,39,39,39,39,39,39,1,0,0,3,30,1
3.700000,312.17,13.801,8.280,236,362,110.000,111,110,18.000,39.000,55.000,154,330,99,30,38,38,38,38,38,38,1,0,0,3,30,1
3.705000,315.47,13.831,8.280,228,360,110.000,111,110,18.000,39.000,55.000,154,328,98,29,38,38,38,38,38,38,1,0,0,3,30,1
3.710000,318.77,14.032,8.390,222,357,110.000,109,110,18.000,39.000,55.000,156,325,96,29,37,37,37,37,37,37,1,0,0,3,30,1
3.715000,322.07,14.404,8.670,216,354,110.000,109,110,18.000,39.000,55.000,161,322,94,29,36,36,36,36,36,36,1,0,0,3,30,1
3.720000,325.37,14.943,8.940,213,351,110.000,109,110,18.000,39.000,55.000,166,319,92,28,36,36,36,36,36,36,1,0,0,3,30,1
3.725000,328.67,15.642,9.370,210,349,110.000,109,110,18.000,39.000,55.000,174,317,91,28,35,35,35,35,35,35,1,0,0,3,30,1
3.730000,331.97,16.493,9.920,209,346,110.000,109,110,18.000,39.000,55.000,184,314,89,28,34,34,34,34,34,34,1,0,0,3,30,1
3.735000,335.27,17.486,10.510,210,343,110.000,109,109,18.000,39.000,55.000,194,308,87,28,34,34,34,34,34,34,1,0,0,3,30,1
3.740000,338.57,18.609,11.170,212,341,110.000,109,109,18.000,39.000,55.000,206,306,86,28,33,33,33,33,33,33,1,0,0,3,30,1
3.745000,341.87,19.849,11.930,215,338,110.000,109,109,18.000,39.000,55.000,220,303,84,27,33,33,33,33,33,33,1,0,0,3,30,1
3.750000,345.17,21.189,12.690,220,336,110.000,109,109,18.000,39.000,55.000,234,301,83,27,32,32,32,32,32,32,1,0,0,3,30,1
3.755000,348.47,22.615,13.560,227,334,110.000,109,109,18.000,39.000,55.000,250,299,82,27,32,32,32,32,32,32,1,0,0,3,30,1
3.760000,351.77,24.107,14.490,234,332,110.000,109,109,18.000,39.000,55.000,267,297,81,27,31,31,31,31,31,31,1,0,0,3,30,1
3.765000,355.07,25.647,15.360,243,330,110.000,109,109,18.000,39.000,55.000,283,295,80,27,31,31,31,31,31,31,1,0,0,3,30,1
3.770000,358.37,27.217,16.330,253,328,110.000,109,109,18.000,39.000,55.000,301,293,79,26,31,31,31,31,31,31,1,0,0,3,30,1
3.775000,1.67,28.797,17.260,264,327,110.000,109,109,18.000,39.000,55.000,318,292,78,26,30,30,30,30,30,30,1,0,0,3,30,1
3.780000,4.97,30.367,18.180,276,326,110.000,109,109,18.000,39.000,55.000,335,291,77,26,30,30,30,30,30,30,1,0,0,3,30,1
3.785000,8.27,31.907,19.160,288,325,110.000,109,109,18.000,39.000,55.000,353,290,77,26,30,30,30,30,30,30,1,0,0,3,30,1
3.790000,11.57,33.399,20.030,301,325,110.000,109,109,18.000,39.000,55.000,369,290,77,26,30,30,30,30,30,30,1,0,0,3,30,1
3.795000,14.87,34.823,20.900,315,324,110.000,109,109,18.000,39.000,55.000,385,289,76,26,30,30,30,30,30,30,1,0,0,3,30,1
3.800000,18.17,36.163,21.670,328,324,110.000,109,109,18.000,39.000,55.000,400,289,76,26,30,30,30,30,30,30,1,0,0,3,30,1
3.805000,21.47,37.402,22.430,342,325,110.000,109,109,18.000,39.000,55.000,414,290,77,26,30,30,30,30,30,30,1,0,0,3,30,1
3.810000,24.77,38.524,23.130,356,326,110.000,109,109,18.000,39.000,55.000,427,291,77,26,30,30,30,30,30,30,1,0,0,3,30,1
3.815000,28.07,39.516,23.680,369,327,110.000,109,109,18.000,39.000,55.000,437,292,78,26,30,30,30,30,30,30,1,0,0,3,30,1
3.820000,31.37,40.365,24.220,382,329,110.000,109,109,18.000,39.000,55.000,447,294,79,27,31,31,31,31,31,31,1,0,0,3,30,1
3.825000,34.67,41.063,24.660,395,331,110.000,109,109,18.000,39.000,55.000,455,296,80,27,31,31,31,31,31,31,1,0,0,3,30,1
3.830000,37.97,41.600,24.930,406,334,110.000,109,109,18.000,39.000,55.000,460,299,82,27,32,32,32,32,32,32,1,0,0,3,30,1
3.835000,41.27,41.970,25.200,417,337,110.000,109,109,18.000,39.000,55.000,465,302,83,27,32,32,32,32,32,32,1,0,0,3,30,1
3.840000,44.57,42.170,25.310,427,341,110.000,109,109,18.000,39.000,55.000,467,306,86,28,33,33,33,33,33,33,1,0,0,3,30,1
3.845000,47.87,42.198,25.310,435,345,110.000,109,109,18.000,39.000,55.000,467,310,88,28,34,34,34,34,34,34,1,0,0,3,30,1
3.850000,51.17,42.054,25.260,443,348,110.000,109,109,18.000,39.000,55.000,466,313,90,28,35,35,35,35,35,35,1,0,0,3,30,1
3.855000,54.47,41.741,25.040,449,352,110.000,109,109,18.000,39.000,55.000,462,317,92,29,36,36,36,36,36,36,1,0,0,3,30,1
3.860000,57.77,41.264,24.770,453,356,110.000,109,109,18.000,39.000,55.000,457,321,94,29,37,37,37,37,37,37,1,0,0,3,30,1
3.865000,61.07,40.631,24.380,456,360,110.000,109,109,18.000,39.000,55.000,450,325,97,29,38,38,38,38,38,38,1,0,0,3,30,1
3.870000,64.37,39.849,23.900,458,364,110.000,109,109,18.000,39.000,55.000,441,329,99,30,39,39,39,39,39,39,1,0,0,3,30,1
3.875000,67.67,38.930,23.350,458,368,110.000,109,109,18.000,39.000,55.000,431,333,102,30,40,40,40,40,40,40,1,0,0,3,30,1
3.880000,70.97,37.887,22.750,457,372,110.000,109,109,18.000,39.000,55.000,420,337,104,30,41,41,41,41,41,41,1,0,0,3,30,1
3.885000,74.27,36.734,22.050,454,375,110.000,109,109,18.000,39.000,55.000,407,340,106,31,41,41,41,41,41,41,1,0,0,3,30,1
3.890000,77.57,35.487,21.280,450,378,110.000,109,109,18.000,39.000,55.000,392,343,108,31,42,42,42,42,42,42,1,0,0,3,30,1
3.895000,80.87,34.162,20.470,445,381,110.000,109,109,18.000,39.000,55.000,377,346,110,31,43,43,43,43,43,43,1,0,0,3,30,1
3.900000,84.17,32.777,19.650,438,383,110.000,109,109,18.000,39.000,55.000,362,348,111,31,43,43,43,43,43,43,1,0,0,3,30,1
3.905000,87.47,31.351,18.840,430,385,110.000,109,109,18.000,39.000,55.000,347,350,112,32,44,44,44,44,44,44,1,0,0,3,30,1
3.910000,90.77,29.903,17.970,421,387,110.000,109,109,18.000,39.000,55.000,331,352,114,32,44,44,44,44,44,44,1,0,0,3,30,1
3.915000,94.07,28.452,17.100,411,388,110.000,109,109,18.000,39.000,55.000,315,353,114,32,45,45,45,45,45,45,1,0,0,3,30,1
3.920000,97.37,27.018,16.230,401,389,110.000,109,109,18.000,39.000,55.000,299,354,115,32,45,45,45,45,45,45,1,0,0,3,30,1
3.925000,100.67,25.618,15.360,389,389,110.000,109,109,18.000,39.000,55.000,283,354,115,32,45,45,45,45,45,45,1,0,0,3,30,1
3.930000,103.97,24.272,14.540,377,389,110.000,109,109,18.000,39.000,55.000,268,354,115,32,45,45,45,45,45,45,1,0,0,3,30,1
3.935000,107.27,22.997,13.780,365,389,110.000,109,109,18.000,39.000,55.000,254,354,115,32,45,45,45,45,45,45,1,0,0,3,30,1
3.940000,110.57,21.809,13.070,353,388,110.000,111,110,18.000,39.000,55.000,243,357,115,32,45,45,45,45,45,45,1,0,0,3,30,1
3.945000,113.87,20.725,12.420,340,387,110.000,111,110,18.000,39.000,55.000,231,356,115,32,44,44,44,44,44,44,1,0,0,3,30,1
3.950000,117.17,19.757,11.870,328,386,110.000,111,110,18.000,39.000,55.000,221,354,114,32,44,44,44,44,44,44,1,0,0,3,30,1
3.955000,120.47,18.918,11.330,316,385,110.000,111,110,18.000,39.000,55.000,211,354,113,32,44,44,44,44,44,44,1,0,0,3,30,1
3.960000,123.77,18.219,10.950,305,384,110.000,109,110,18.000,39.000,55.000,204,353,113,32,44,44,44,44,44,44,1,0,0,3,30,1
3.965000,127.07,17.668,10.620,294,382,110.000,109,110,18.000,39.000,55.000,197,351,111,31,43,43,43,43,43,43,1,0,0,3,30,1
3.970000,130.37,17.271,10.350,284,380,110.000,109,110,18.000,39.000,55.000,192,349,110,31,43,43,43,43,43,43,1,0,0,3,30,1
3.975000,133.67,17.034,10.240,275,378,110.000,109,110,18.000,39.000,55.000,190,346,109,31,42,42,42,42,42,42,1,0,0,3,30,1
3.980000,136.97,16.958,10.190,266,376,110.000,109,110,18.000,39.000,55.000,189,344,107,31,42,42,42,42,42,42,1,0,0,3,30,1
3.985000,140.27,17.044,10.240,259,374,110.000,109,109,18.000,39.000,55.000,189,339,105,31,41,41,41,41,41,41,1,0,0,3,30,1
3.990000,143.57,17.289,10.350,253,372,110.000,109,109,18.000,39.000,55.000,191,337,104,30,41,41,41,41,41,41,1,0,0,3,30,1
3.995000,146.87,17.690,10.620,249,369,110.000,109,109,18.000,39.000,55.000,196,334,102,30,40,40,40,40,40,40,1,0,0,3,30,1
4.000000,150.17,18.239,10.950,246,367,110.000,109,109,18.000,39.000,55.000,202,332,101,30,39,39,39,39,39,39,1,0,0,3,30,1
4.005000,153.47,18.929,11.330,244,364,110.000,109,109,18.000,39.000,55.000,209,329,99,30,39,39,39,39,39,39,1,0,0,3,30,1
4.010000,156.77,19.749,11.870,243,362,110.000,109,109,18.000,39.000,55.000,219,327,98,30,38,38,38,38,38,38,1,0,0,3,30,1
4.015000,160.07,20.687,12.420,244,360,110.000,109,109,18.000,39.000,55.000,229,325,97,29,38,38,38,38,38,38,1,0,0,3,30,1
4.020000,163.37,21.729,13.020,246,358,110.000,109,109,18.000,39.000,55.000,240,323,96,29,37,37,37,37,37,37,1,0,0,3,30,1
4.025000,166.67,22.861,13.720,249,355,110.000,109,109,18.000,39.000,55.000,253,320,94,29,37,37,37,37,37,37,1,0,0,3,30,1
4.030000,169.97,24.066,14.430,254,353,110.000,109,109,18.000,39.000,55.000,266,318,93,29,36,36,36,36,36,36,1,0,0,3,30,1
4.035000,173.27,25.328,15.190,260,351,110.000,109,109,18.000,39.000,55.000,280,316,91,29,36,36,36,36,36,36,1,0,0,3,30,1
4.040000,176.57,26.627,15.950,267,350,110.000,109,109,18.000,39.000,55.000,294,315,91,28,35,35,35,35,35,35,1,0,0,3,30,1
4.045000,179.87,27.946,16.770,275,348,110.000,109,109,18.000,39.000,55.000,309,313,90,28,35,35,35,35,35,35,1,0,0,3,30,1
4.050000,183.17,29.266,17.530,284,347,110.000,109,109,18.000,39.000,55.000,323,312,89,28,35,35,35,35,35,35,1,0,0,3,30,1
4.055000,186.47,30.567,18.350,293,346,110.000,109,109,18.000,39.000,55.000,338,311,89,28,34,34,34,34,34,34,1,0,0,3,30,1
4.060000,189.77,31.832,19.110,304,345,110.000,109,109,18.000,39.000,55.000,352,310,88,28,34,34,34,34,34,34,1,0,0,3,30,1
4.065000,193.07,33.043,19.820,314,344,110.000,109,109,18.000,39.000,55.000,365,309,87,28,34,34,34,34,34,34,1,0,0,3,30,1
4.070000,196.37,34.181,20.520,325,344,110.000,109,109,18.000,39.000,55.000,378,309,87,28,34,34,34,34,34,34,1,0,0,3,30,1
4.075000,199.67,35.232,21.120,336,344,110.000,109,109,18.000,39.000,55.000,389,309,87,28,34,34,34,34,34,34,1,0,0,3,30,1
4.080000,202.97,36.179,21.720,348,344,110.000,109,109,18.000,39.000,55.000,401,309,87,28,34,34,34,34,34,34,1,0,0,3,30,1
4.085000,206.27,37.009,22.210,359,344,110.000,109,109,18.000,39.000,55.000,410,309,87,28,34,34,34,34,34,34,1,0,0,3,30,1
4.090000,209.57,37.710,22.640,369,345,110.000,109,109,18.000,39.000,55.000,418,310,88,28,34,34,34,34,34,34,1,0,0,3,30,1
4.095000,212.87,38.271,22.970,379,346,110.000,109,109,18.000,39.000,55.000,424,311,89,28,34,34,34,34,34,34,1,0,0,3,30,1
4.100000,216.17,38.684,23.190,389,347,110.000,109,109,18.000,39.000,55.000,428,312,89,28,35,35,35,35,35,35,1,0,0,3,30,1
4.105000,219.47,38.942,23.350,397,349,110.000,109,109,18.000,39.000,55.000,431,314,90,28,35,35,35,35,35,35,1,0,0,3,30,1
4.110000,222.77,39.041,23.410,405,351,110.000,109,109,18.000,39.000,55.000,432,316,91,29,36,36,36,36,36,36,1,0,0,3,30,1
4.115000,226.07,38.978,23.410,412,354,110.000,109,109,18.000,39.000,55.000,432,319,93,29,36,36,36,36,36,36,1,0,0,3,30,1
4.120000,229.37,38.754,23.240,418,356,110.000,109,109,18.000,39.000,55.000,429,321,94,29,37,37,37,37,37,37,1,0,0,3,30,1
4.125000,232.67,38.371,23.030,422,359,110.000,109,109,18.000,39.000,55.000,425,324,96,29,38,38,38,38,38,38,1,0,0,3,30,1
4.130000,235.97,37.832,22.700,425,361,110.000,109,109,18.000,39.000,55.000,419,326,97,29,38,38,38,38,38,38,1,0,0,3,30,1
4.135000,239.27,37.145,22.260,427,364,110.000,109,109,18.000,39.000,55.000,411,329,99,30,39,39,39,39,39,39,1,0,0,3,30,1
4.140000,242.57,36.317,21.770,427,367,110.000,109,109,18.000,39.000,55.000,401,332,101,30,39,39,39,39,39,39,1,0,0,3,30,1
4.145000,245.87,35.359,21.230,427,369,110.000,109,109,18.000,39.000,55.000,392,334,102,30,40,40,40,40,40,40,1,0,0,3,30,1
4.150000,249.17,34.283,20.580,424,371,110.000,109,109,18.000,39.000,55.000,380,336,104,30,40,40,40,40,40,40,1,0,0,3,30,1
4.155000,252.47,33.104,19.870,421,373,110.000,109,109,18.000,39.000,55.000,366,338,105,31,41,41,41,41,41,41,1,0,0,3,30,1
4.160000,255.77,31.835,19.110,416,375,110.000,109,109,18.000,39.000,55.000,352,340,106,31,41,41,41,41,41,41,1,0,0,3,30,1
4.165000,259.07,30.494,18.290,409,377,110.000,109,109,18.000,39.000,55.000,337,342,107,31,42,42,42,42,42,42,1,0,0,3,30,1
4.170000,262.37,29.098,17.480,402,378,110.000,109,109,18.000,39.000,55.000,322,343,108,31,42,42,42,42,42,42,1,0,0,3,30,1
4.175000,265.67,27.666,16.610,394,378,110.000,109,109,18.000,39.000,55.000,306,343,108,31,42,42,42,42,42,42,1,0,0,3,30,1
4.180000,268.97,26.215,15.740,384,379,110.000,109,109,18.000,39.000,55.000,290,344,108,31,42,42,42,42,42,42,1,0,0,3,30,1
4.185000,272.27,24.767,14.870,374,379,110.000,109,109,18.000,39.000,55.000,274,344,108,31,42,42,42,42,42,42,1,0,0,3,30,1
4.190000,275.57,23.338,14.000,363,379,110.000,111,110,18.000,39.000,55.000,260,347,109,31,42,42,42,42,42,42,1,0,0,3,30,1
4.195000,278.87,21.950,13.180,351,378,110.000,111,110,18.000,39.000,55.000,245,346,109,31,42,42,42,42,42,42,1,0,0,3,30,1
4.200000,282.17,20.619,12.360,339,378,110.000,111,110,18.000,39.000,55.000,230,346,109,31,42,42,42,42,42,42,1,0,0,3,30,1
4.205000,285.47,19.365,11.600,326,377,110.000,111,110,18.000,39.000,55.000,216,345,108,31,42,42,42,42,42,42,1,0,0,3,30,1
4.210000,288.77,18.203,10.900,314,376,110.000,109,110,18.000,39.000,55.000,203,344,107,31,42,42,42,42,42,42,1,0,0,3,30,1
4.215000,292.07,17.151,10.300,301,374,110.000,109,110,18.000,39.000,55.000,191,342,106,31,41,41,41,41,41,41,1,0,0,3,30,1
4.220000,295.37,16.221,9.750,289,373,110.000,109,110,18.000,39.000,55.000,181,341,106,31,41,41,41,41,41,41,1,0,0,3,30,1
4.225000,298.67,15.428,9.260,277,371,110.000,109,110,18.000,39.000,55.000,172,339,104,30,40,40,40,40,40,40,1,0,0,3,30,1
4.230000,301.97,14.782,8.880,266,369,110.000,109,110,18.000,39.000,55.000,165,337,103,30,40,40,40,40,40,40,1,0,0,3,30,1
4.235000,305.27,14.292,8.560,255,367,110.000,109,109,18.000,39.000,55.000,158,332,101,30,39,39,39,39,39,39,1,0,0,3,30,1
4.240000,308.57,13.965,8.390,245,365,110.000,109,109,18.000,39.000,55.000,154,330,100,30,39,39,39,39,39,39,1,0,0,3,30,1
4.245000,311.87,13.807,8.280,236,362,110.000,109,109,18.000,39.000,55.000,152,327,98,30,38,38,38,38,38,38,1,0,0,3,30,1
4.250000,315.17,13.821,8.280,229,360,110.000,109,109,18.000,39.000,55.000,152,325,97,29,38,38,38,38,38,38,1,0,0,3,30,1
4.255000,318.47,14.007,8.390,222,357,110.000,109,109,18.000,39.000,55.000,154,322,95,29,37,37,37,37,37,37,1,0,0,3,30,1
4.260000,321.77,14.363,8.610,217,354,110.000,109,109,18.000,39.000,55.000,158,319,93,29,36,36,36,36,36,36,1,0,0,3,30,1
4.265000,325.07,14.887,8.940,213,352,110.000,109,109,18.000,39.000,55.000,165,317,92,29,36,36,36,36,36,36,1,0,0,3,30,1
4.270000,328.37,15.572,9.320,210,349,110.000,109,109,18.000,39.000,55.000,172,314,90,28,35,35,35,35,35,35,1,0,0,3,30,1
4.275000,331.67,16.409,9.860,209,346,110.000,109,109,18.000,39.000,55.000,182,311,89,28,34,34,34,34,34,34,1,0,0,3,30,1
4.280000,334.97,17.390,10.410,210,344,110.000,109,109,18.000,39.000,55.000,192,309,87,28,34,34,34,34,34,34,1,0,0,3,30,1
4.285000,338.27,18.502,11.110,212,341,110.000,109,109,18.000,39.000,55.000,205,306,86,28,33,33,33,33,33,33,1,0,0,3,30,1
4.290000,341.57,19.732,11.820,215,339,110.000,109,109,18.000,39.000,55.000,218,304,85,27,33,33,33,33,33,33,1,0,0,3,30,1
4.295000,344.87,21.064,12.640,220,336,110.000,109,109,18.000,39.000,55.000,233,301,83,27,32,32,32,32,32,32,1,0,0,3,30,1
4.300000,348.17,22.482,13.510,226,334,110.000,109,109,18.000,39.000,55.000,249,299,82,27,32,32,32,32,32,32,1,0,0,3,30,1
4.305000,351.47,23.969,14.380,233,332,110.000,109,109,18.000,39.000,55.000,265,297,81,27,31,31,31,31,31,31,1,0,0,3,30,1
4.310000,354.77,25.506,15.300,242,330,110.000,109,109,18.000,39.000,55.000,282,295,80,27,31,31,31,31,31,31,1,0,0,3,30,1
4.315000,358.07,27.074,16.230,252,328,110.000,109,109,18.000,39.000,55.000,299,293,79,26,31,31,31,31,31,31,1,0,0,3,30,1
4.320000,1.37,28.653,17.210,263,327,110.000,109,109,18.000,39.000,55.000,317,292,78,26,30,30,30,30,30,30,1,0,0,3,30,1
4.325000,4.67,30.225,18.130,275,326,110.000,109,109,18.000,39.000,55.000,334,291,77,26,30,30,30,30,30,30,1,0,0,3,30,1
4.330000,7.97,31.769,19.050,287,325,110.000,109,109,18.000,39.000,55.000,351,290,77,26,30,30,30,30,30,30,1,0,0,3,30,1
4.335000,11.27,33.265,19.920,300,325,110.000,109,109,18.000,39.000,55.000,367,290,77,26,30,30,30,30,30,30,1,0,0,3,30,1
4.340000,14.57,34.697,20.790,314,324,110.000,109,109,18.000,39.000,55.000,383,289,76,26,30,30,30,30,30,30,1,0,0,3,30,1
4.345000,17.87,36.045,21.610,327,324,110.000,109,109,18.000,39.000,55.000,399,289,76,26,30,30,30,30,30,30,1,0,0,3,30,1
4.350000,21.17,37.294,22.370,341,325,110.000,109,109,18.000,39.000,55.000,413,290,77,26,30,30,30,30,30,30,1,0,0,3,30,1
4.355000,24.47,38.427,23.030,355,326,110.000,109,109,18.000,39.000,55.000,425,291,77,26,30,30,30,30,30,30,1,0,0,3,30,1
4.360000,27.77,39.431,23.620,368,327,110.000,109,109,18.000,39.000,55.000,436,292,78,26,30,30,30,30,30,30,1,0,0,3,30,1
4.365000,31.07,40.294,24.170,381,329,110.000,109,109,18.000,39.000,55.000,446,294,79,27,31,31,31,31,31,31,1,0,0,3,30,1
4.370000,34.37,41.006,24.600,394,331,110.000,109,109,18.000,39.000,55.000,454,296,80,27,31,31,31,31,31,31,1,0,0,3,30,1
4.375000,37.67,41.558,24.930,405,334,110.000,109,109,18.000,39.000,55.000,460,299,82,27,32,32,32,32,32,32,1,0,0,3,30,1
4.380000,40.97,41.944,25.150,416,337,110.000,109,109,18.000,39.000,55.000,464,302,83,27,32,32,32,32,32,32,1,0,0,3,30,1
4.385000,44.27,42.159,25.310,426,341,110.000,109,109,18.000,39.000,55.000,467,306,86,28,33,33,33,33,33,33,1,0,0,3,30,1
4.390000,47.57,42.203,25.310,435,344,110.000,109,109,18.000,39.000,55.000,467,309,87,28,34,34,34,34,34,34,1,0,0,3,30,1
4.395000,50.87,42.074,25.260,442,348,110.000,109,109,18.000,39.000,55.000,466,313,90,28,35,35,35,35,35,35,1,0,0,3,30,1
4.400000,54.17,41.777,25.040,448,352,110.000,109,109,18.000,39.000,55.000,462,317,92,29,36,36,36,36,36,36,1,0,0,3,30,1
4.405000,57.47,41.314,24.770,453,356,110.000,109,109,18.000,39.000,55.000,457,321,94,29,37,37,37,37,37,37,1,0,0,3,30,1
4.410000,60.77,40.694,24.380,456,360,110.000,109,109,18.000,39.000,55.000,450,325,97,29,38,38,38,38,38,38,1,0,0,3,30,1
4.415000,64.07,39.926,23.950,458,364,110.000,109,109,18.000,39.000,55.000,442,329,99,30,39,39,39,39,39,39,1,0,0,3,30,1
4.420000,67.37,39.019,23.410,458,368,110.000,109,109,18.000,39.000,55.000,432,333,102,30,40,40,40,40,40,40,1,0,0,3,30,1
4.425000,70.67,37.987,22.810,457,371,110.000,109,109,18.000,39.000,55.000,421,336,104,30,40,40,40,40,40,40,1,0,0,3,30,1
4.430000,73.97,36.843,22.100,455,375,110.000,109,109,18.000,39.000,55.000,408,340,106,31,41,41,41,41,41,41,1,0,0,3,30,1
4.435000,77.27,35.603,21.340,451,378,110.000,109,109,18.000,39.000,55.000,394,343,108,31,42,42,42,42,42,42,1,0,0,3,30,1
4.440000,80.57,34.285,20.580,445,381,110.000,111,110,18.000,39.000,55.000,383,349,111,31,43,43,43,43,43,43,1,0,0,3,30,1
4.445000,83.87,32.905,19.760,439,383,110.000,111,110,18.000,39.000,55.000,368,351,112,31,43,43,43,43,43,43,1,0,0,3,30,1
4.450000,87.17,31.482,18.890,431,385,110.000,111,110,18.000,39.000,55.000,351,354,113,32,44,44,44,44,44,44,1,0,0,3,30,1
4.455000,90.47,30.035,18.020,422,387,110.000,111,110,18.000,39.000,55.000,335,356,115,32,44,44,44,44,44,44,1,0,0,3,30,1
4.460000,93.77,28.584,17.150,412,388,110.000,109,110,18.000,39.000,55.000,319,357,115,32,45,45,45,45,45,45,1,0,0,3,30,1
4.465000,97.07,27.147,16.280,402,389,110.000,109,110,18.000,39.000,55.000,303,358,116,32,45,45,45,45,45,45,1,0,0,3,30,1
4.470000,100.37,25.743,15.460,390,389,110.000,109,110,18.000,39.000,55.000,288,358,116,32,45,45,45,45,45,45,1,0,0,3,30,1
4.475000,103.67,24.392,14.650,379,389,110.000,109,110,18.000,39.000,55.000,272,358,116,32,45,45,45,45,45,45,1,0,0,3,30,1
4.480000,106.97,23.109,13.890,366,389,110.000,109,110,18.000,39.000,55.000,258,358,116,32,45,45,45,45,45,45,1,0,0,3,30,1
4.485000,110.27,21.913,13.130,354,388,110.000,109,109,18.000,39.000,55.000,242,353,114,32,45,45,45,45,45,45,1,0,0,3,30,1
4.490000,113.57,20.819,12.470,342,387,110.000,109,109,18.000,39.000,55.000,230,352,114,32,44,44,44,44,44,44,1,0,0,3,30,1
4.495000,116.87,19.840,11.870,329,386,110.000,109,109,18.000,39.000,55.000,219,351,113,32,44,44,44,44,44,44,1,0,0,3,30,1
4.500000,120.17,18.989,11.380,317,385,110.000,109,109,18.000,39.000,55.000,210,350,112,32,44,44,44,44,44,44,1,0,0,3,30,1
4.505000,123.47,18.276,10.950,306,384,110.000,109,109,18.000,39.000,55.000,202,349,112,32,44,44,44,44,44,44,1,0,0,3,30,1
4.510000,126.77,17.711,10.620,295,382,110.000,109,109,18.000,39.000,55.000,196,347,110,31,43,43,43,43,43,43,1,0,0,3,30,1
4.515000,130.07,17.301,10.410,285,380,110.000,109,109,18.000,39.000,55.000,192,345,109,31,43,43,43,43,43,43,1,0,0,3,30,1
4.520000,133.37,17.049,10.240,275,378,110.000,109,109,18.000,39.000,55.000,189,343,108,31,42,42,42,42,42,42,1,0,0,3,30,1
4.525000,136.67,16.959,10.190,267,376,110.000,109,109,18.000,39.000,55.000,188,341,107,31,42,42,42,42,42,42,1,0,0,3,30,1
4.530000,139.97,17.030,10.190,260,374,110.000,109,109,18.000,39.000,55.000,188,339,105,31,41,41,41,41,41,41,1,0,0,3,30,1
4.535000,143.27,17.261,10.350,254,372,110.000,109,109,18.000,39.000,55.000,191,337,104,30,41,41,41,41,41,41,1,0,0,3,30,1
4.540000,146.57,17.647,10.570,249,369,110.000,109,109,18.000,39.000,55.000,195,334,102,30,40,40,40,40,40,40,1,0,0,3,30,1
4.545000,149.87,18.183,10.900,246,367,110.000,109,109,18.000,39.000,55.000,201,332,101,30,39,39,39,39,39,39,1,0,0,3,30,1
4.550000,153.17,18.860,11.330,244,365,110.000,109,109,18.000,39.000,55.000,209,330,100,30,39,39,39,39,39,39,1,0,0,3,30,1
4.555000,156.47,19.669,11.820,243,362,110.000,109,109,18.000,39.000,55.000,218,327,98,30,38,38,38,38,38,38,1,0,0,3,30,1
4.560000,159.77,20.597,12.360,244,360,110.000,109,109,18.000,39.000,55.000,228,325,97,29,38,38,38,38,38,38,1,0,0,3,30,1
4.565000,163.07,21.630,12.960,246,358,110.000,109,109,18.000,39.000,55.000,239,323,96,29,37,37,37,37,37,37,1,0,0,3,30,1
4.570000,166.37,22.755,13.670,249,356,110.000,109,109,18.000,39.000,55.000,252,321,94,29,37,37,37,37,37,37,1,0,0,3,30,1
4.575000,169.67,23.954,14.380,254,354,110.000,109,109,18.000,39.000,55.000,265,319,93,29,36,36,36,36,36,36,1,0,0,3,30,1
4.580000,172.97,25.211,15.140,259,352,110.000,109,109,18.000,39.000,55.000,279,317,92,29,36,36,36,36,36,36,1,0,0,3,30,1
4.585000,176.27,26.508,15.900,266,350,110.000,109,109,18.000,39.000,55.000,293,315,91,28,35,35,35,35,35,35,1,0,0,3,30,1
4.590000,179.57,27.826,16.720,274,348,110.000,109,109,18.000,39.000,55.000,308,313,90,28,35,35,35,35,35,35,1,0,0,3,30,1
4.595000,182.87,29.146,17.480,283,347,110.000,109,109,18.000,39.000,55.000,322,312,89,28,35,35,35,35,35,35,1,0,0,3,30,1
4.600000,186.17,30.450,18.240,293,346,110.000,109,109,18.000,39.000,55.000,336,311,89,28,34,34,34,34,34,34,1,0,0,3,30,1
4.605000,189.47,31.719,19.050,303,345,110.000,109,109,18.000,39.000,55.000,351,310,88,28,34,34,34,34,34,34,1,0,0,3,30,1
4.610000,192.77,32.935,19.760,313,344,110.000,109,109,18.000,39.000,55.000,364,309,87,28,34,34,34,34,34,34,1,0,0,3,30,1
4.615000,196.07,34.081,20.410,324,344,110.000,109,109,18.000,39.000,55.000,376,309,87,28,34,34,34,34,34,34,1,0,0,3,30,1
4.620000,199.37,35.140,21.070,335,344,110.000,109,109,18.000,39.000,55.000,389,309,87,28,34,34,34,34,34,34,1,0,0,3,30,1
4.625000,202.67,36.098,21.670,347,344,110.000,109,109,18.000,39.000,55.000,400,309,87,28,34,34,34,34,34,34,1,0,0,3,30,1
4.630000,205.97,36.939,22.150,358,344,110.000,109,109,18.000,39.000,55.000,408,309,87,28,34,34,34,34,34,34,1,0,0,3,30,1
4.635000,209.27,37.652,22.590,368,345,110.000,109,109,18.000,39.000,55.000,417,310,88,28,34,34,34,34,34,34,1,0,0,3,30,1
4.640000,212.57,38.226,22.920,378,346,110.000,109,109,18.000,39.000,55.000,423,311,89,28,34,34,34,34,34,34,1,0,0,3,30,1
4.645000,215.87,38.652,23.190,388,347,110.000,109,109,18.000,39.000,55.000,428,312,89,28,35,35,35,35,35,35,1,0,0,3,30,1
4.650000,219.17,38.925,23.350,397,349,110.000,109,109,18.000,39.000,55.000,431,314,90,28,35,35,35,35,35,35,1,0,0,3,30,1
4.655000,222.47,39.038,23.410,404,351,110.000,109,109,18.000,39.000,55.000,432,316,91,29,36,36,36,36,36,36,1,0,0,3,30,1
4.660000,225.77,38.991,23.410,411,353,110.000,109,109,18.000,39.000,55.000,432,318,93,29,36,36,36,36,36,36,1,0,0,3,30,1
4.665000,229.07,38.781,23.240,417,356,110.000,109,109,18.000,39.000,55.000,429,321,94,29,37,37,37,37,37,37,1,0,0,3,30,1
4.670000,232.37,38.412,23.030,422,358,110.000,109,109,18.000,39.000,55.000,425,323,96,29,37,37,37,37,37,37,1,0,0,3,30,1
4.675000,235.67,37.887,22.750,425,361,110.000,109,109,18.000,39.000,55.000,420,326,97,29,38,38,38,38,38,38,1,0,0,3,30,1
4.680000,238.97,37.213,22.320,427,364,110.000,109,109,18.000,39.000,55.000,412,329,99,30,39,39,39,39,39,39,1,0,0,3,30,1
4.685000,242.27,36.398,21.830,427,366,110.000,109,109,18.000,39.000,55.000,403,331,100,30,39,39,39,39,39,39,1,0,0,3,30,1
4.690000,245.57,35.451,21.280,427,369,110.000,111,110,18.000,39.000,55.000,396,337,103,30,40,40,40,40,40,40,1,0,0,3,30,1
4.695000,248.87,34.386,20.630,425,371,110.000,111,110,18.000,39.000,55.000,384,339,104,30,40,40,40,40,40,40,1,0,0,3,30,1
4.700000,252.17,33.215,19.920,421,373,110.000,111,110,18.000,39.000,55.000,371,341,106,31,41,41,41,41,41,41,1,0,0,3,30,1
4.705000,255.47,31.954,19.160,416,375,110.000,111,110,18.000,39.000,55.000,357,343,107,31,41,41,41,41,41,41,1,0,0,3,30,1
4.710000,258.77,30.619,18.350,410,376,110.000,109,110,18.000,39.000,55.000,341,344,107,31,42,42,42,42,42,42,1,0,0,3,30,1
4.715000,262.07,29.227,17.530,403,378,110.000,109,110,18.000,39.000,55.000,326,346,109,31,42,42,42,42,42,42,1,0,0,3,30,1
4.720000,265.37,27.797,16.660,394,378,110.000,109,110,18.000,39.000,55.000,310,346,109,31,42,42,42,42,42,42,1,0,0,3,30,1
4.725000,268.67,26.348,15.790,385,379,110.000,109,110,18.000,39.000,55.000,294,347,109,31,42,42,42,42,42,42,1,0,0,3,30,1
4.730000,271.97,24.898,14.920,375,379,110.000,109,110,18.000,39.000,55.000,278,347,109,31,42,42,42,42,42,42,1,0,0,3,30,1
4.735000,275.27,23.467,14.100,364,379,110.000,109,109,18.000,39.000,55.000,260,344,108,31,42,42,42,42,42,42,1,0,0,3,30,1
4.740000,278.57,22.074,13.230,352,378,110.000,109,109,18.000,39.000,55.000,244,343,108,31,42,42,42,42,42,42,1,0,0,3,30,1
4.745000,281.87,20.737,12.420,340,378,110.000,109,109,18.000,39.000,55.000,229,343,108,31,42,42,42,42,42,42,1,0,0,3,30,1
4.750000,285.17,19.475,11.660,327,377,110.000,109,109,18.000,39.000,55.000,215,342,107,31,42,42,42,42,42,42,1,0,0,3,30,1
4.755000,288.47,18.305,11.000,315,376,110.000,109,109,18.000,39.000,55.000,203,341,107,31,42,42,42,42,42,42,1,0,0,3,30,1
4.760000,291.77,17.242,10.350,302,374,110.000,109,109,18.000,39.000,55.000,191,339,105,31,41,41,41,41,41,41,1,0,0,3,30,1
4.765000,295.07,16.300,9.750,290,373,110.000,109,109,18.000,39.000,55.000,180,338,105,31,41,41,41,41,41,41,1,0,0,3,30,1
4.770000,298.37,15.494,9.260,278,371,110.000,109,109,18.000,39.000,55.000,170,336,104,30,40,40,40,40,40,40,1,0,0,3,30,1
4.775000,301.67,14.834,8.880,267,369,110.000,109,109,18.000,39.000,55.000,163,334,102,30,40,40,40,40,40,40,1,0,0,3,30,1
4.780000,304.97,14.329,8.610,256,367,110.000,109,109,18.000,39.000,55.000,158,332,101,30,39,39,39,39,39,39,1,0,0,3,30,1
4.785000,308.27,13.988,8.390,246,365,110.000,109,109,18.000,39.000,55.000,154,330,100,30,39,39,39,39,39,39,1,0,0,3,30,1
4.790000,311.57,13.814,8.280,237,363,110.000,109,109,18.000,39.000,55.000,152,328,99,30,38,38,38,38,38,38,1,0,0,3,30,1
4.795000,314.87,13.812,8.280,229,360,110.000,109,109,18.000,39.000,55.000,152,325,97,29,38,38,38,38,38,38,1,0,0,3,30,1
4.800000,318.17,13.983,8.390,223,357,110.000,109,109,18.000,39.000,55.000,154,322,95,29,37,37,37,37,37,37,1,0,0,3,30,1
4.805000,321.47,14.324,8.610,217,355,110.000,109,109,18.000,39.000,55.000,158,320,94,29,37,37,37,37,37,37,1,0,0,3,30,1
4.810000,324.77,14.833,8.880,213,352,110.000,109,109,18.000,39.000,55.000,163,317,92,29,36,36,36,36,36,36,1,0,0,3,30,1
4.815000,328.07,15.503,9.320,210,349,110.000,109,109,18.000,39.000,55.000,172,314,90,28,35,35,35,35,35,35,1,0,0,3,30,1
4.820000,331.37,16.327,9.810,209,346,110.000,109,109,18.000,39.000,55.000,181,311,89,28,34,34,34,34,34,34,1,0,0,3,30,1
4.825000,334.67,17.295,10.350,210,344,110.000,109,109,18.000,39.000,55.000,191,309,87,28,34,34,34,34,34,34,1,0,0,3,30,1
4.830000,337.97,18.396,11.000,211,341,110.000,109,109,18.000,39.000,55.000,203,306,86,28,33,33,33,33,33,33,1,0,0,3,30,1
4.835000,341.27,19.615,11.770,215,339,110.000,109,109,18.000,39.000,55.000,217,304,85,27,33,33,33,33,33,33,1,0,0,3,30,1
4.840000,344.57,20.939,12.580,219,336,110.000,109,109,18.000,39.000,55.000,232,301,83,27,32,32,32,32,32,32,1,0,0,3,30,1
4.845000,347.87,22.350,13.400,225,334,110.000,109,109,18.000,39.000,55.000,247,299,82,27,32,32,32,32,32,32,1,0,0,3,30,1
4.850000,351.17,23.831,14.270,233,332,110.000,109,109,18.000,39.000,55.000,263,297,81,27,31,31,31,31,31,31,1,0,0,3,30,1
4.855000,354.47,25.365,15.190,241,330,110.000,109,109,18.000,39.000,55.000,280,295,80,27,31,31,31,31,31,31,1,0,0,3,30,1
4.860000,357.77,26.931,16.170,251,329,110.000,109,109,18.000,39.000,55.000,298,294,79,27,31,31,31,31,31,31,1,0,0,3,30,1
4.865000,1.07,28.510,17.100,262,327,110.000,109,109,18.000,39.000,55.000,315,292,78,26,30,30,30,30,30,30,1,0,0,3,30,1
4.870000,4.37,30.083,18.020,273,326,110.000,109,109,18.000,39.000,55.000,332,291,77,26,30,30,30,30,30,30,1,0,0,3,30,1
4.875000,7.67,31.630,18.950,286,325,110.000,109,109,18.000,39.000,55.000,349,290,77,26,30,30,30,30,30,30,1,0,0,3,30,1
4.880000,10.97,33.132,19.870,299,325,110.000,109,109,18.000,39.000,55.000,366,290,77,26,30,30,30,30,30,30,1,0,0,3,30,1
4.885000,14.27,34.570,20.740,312,324,110.000,109,109,18.000,39.000,55.000,382,289,76,26,30,30,30,30,30,30,1,0,0,3,30,1
4.890000,17.57,35.926,21.560,326,324,110.000,109,109,18.000,39.000,55.000,398,289,76,26,30,30,30,30,30,30,1,0,0,3,30,1
4.895000,20.87,37.185,22.320,340,325,110.000,109,109,18.000,39.000,55.000,412,290,77,26,30,30,30,30,30,30,1,0,0,3,30,1
4.900000,24.17,38.329,22.970,353,325,110.000,109,109,18.000,39.000,55.000,424,290,77,26,30,30,30,30,30,30,1,0,0,3,30,1
4.905000,27.47,39.346,23.620,367,327,110.000,109,109,18.000,39.000,55.000,436,292,78,26,30,30,30,30,30,30,1,0,0,3,30,1
4.910000,30.77,40.222,24.110,380,329,110.000,109,109,18.000,39.000,55.000,445,294,79,27,31,31,31,31,31,31,1,0,0,3,30,1
4.915000,34.07,40.948,24.550,392,331,110.000,109,109,18.000,39.000,55.000,453,296,80,27,31,31,31,31,31,31,1,0,0,3,30,1
4.920000,37.37,41.515,24.870,404,334,110.000,109,109,18.000,39.000,55.000,459,299,82,27,32,32,32,32,32,32,1,0,0,3,30,1
4.925000,40.67,41.916,25.150,415,337,110.000,109,109,18.000,39.000,55.000,464,302,83,27,32,32,32,32,32,32,1,0,0,3,30,1
4.930000,43.97,42.147,25.260,425,340,110.000,109,109,18.000,39.000,55.000,466,305,85,28,33,33,33,33,33,33,1,0,0,3,30,1
4.935000,47.27,42.206,25.310,434,344,110.000,109,109,18.000,39.000,55.000,467,309,87,28,34,34,34,34,34,34,1,0,0,3,30,1
4.940000,50.57,42.093,25.260,441,348,110.000,111,110,18.000,39.000,55.000,470,316,90,28,35,35,35,35,35,35,1,0,0,3,30,1
4.945000,53.87,41.811,25.090,448,352,110.000,111,110,18.000,39.000,55.000,467,320,93,29,36,36,36,36,36,36,1,0,0,3,30,1
4.950000,57.17,41.363,24.820,452,356,110.000,111,110,18.000,39.000,55.000,462,324,95,29,37,37,37,37,37,37,1,0,0,3,30,1
4.955000,60.47,40.757,24.440,456,360,110.000,111,110,18.000,39.000,55.000,455,328,98,29,38,38,38,38,38,38,1,0,0,3,30,1
4.960000,63.77,40.001,24.000,458,363,110.000,109,110,18.000,39.000,55.000,447,331,99,30,38,38,38,38,38,38,1,0,0,3,30,1
4.965000,67.07,39.107,23.460,458,367,110.000,109,110,18.000,39.000,55.000,437,335,102,30,39,39,39,39,39,39,1,0,0,3,30,1
4.970000,70.37,38.085,22.860,457,371,110.000,109,110,18.000,39.000,55.000,425,339,104,30,40,40,40,40,40,40,1,0,0,3,30,1
4.975000,73.67,36.951,22.150,455,374,110.000,109,110,18.000,39.000,55.000,412,342,106,31,41,41,41,41,41,41,1,0,0,3,30,1
4.980000,76.97,35.720,21.450,451,378,110.000,109,110,18.000,39.000,55.000,399,346,109,31,42,42,42,42,42,42,1,0,0,3,30,1
4.985000,80.27,34.407,20.630,446,380,110.000,109,109,18.000,39.000,55.000,380,345,109,31,43,43,43,43,43,43,1,0,0,3,30,1
4.990000,83.57,33.032,19.820,439,383,110.000,109,109,18.000,39.000,55.000,365,348,111,31,43,43,43,43,43,43,1,0,0,3,30,1
4.995000,86.87,31.613,18.950,432,385,110.000,109,109,18.000,39.000,55.000,349,350,112,32,44,44,44,44,44,44,1,0,0,3,30,1
5.000000,90.17,30.167,18.080,423,387,110.000,109,109,18.000,39.000,55.000,333,352,114,32,44,44,44,44,44,44,1,0,0,3,30,1
5.005000,93.47,28.716,17.210,413,388,110.000,109,109,18.000,39.000,55.000,317,353,114,32,45,45,45,45,45,45,1,0,0,3,30,1
5.010000,96.77,27.277,16.330,403,389,110.000,109,109,18.000,39.000,55.000,301,354,115,32,45,45,45,45,45,45,1,0,0,3,30,1
5.015000,100.07,25.869,15.520,391,389,110.000,109,109,18.000,39.000,55.000,286,354,115,32,45,45,45,45,45,45,1,0,0,3,30,1
5.020000,103.37,24.512,14.700,380,389,110.000,109,109,18.000,39.000,55.000,271,354,115,32,45,45,45,45,45,45,1,0,0,3,30,1
5.025000,106.67,23.223,13.940,367,389,110.000,109,109,18.000,39.000,55.000,257,354,115,32,45,45,45,45,45,45,1,0,0,3,30,1
5.030000,109.97,22.018,13.230,355,388,110.000,109,109,18.000,39.000,55.000,244,353,114,32,45,45,45,45,45,45,1,0,0,3,30,1
5.035000,113.27,20.914,12.530,343,387,110.000,109,109,18.000,39.000,55.000,231,352,114,32,44,44,44,44,44,44,1,0,0,3,30,1
5.040000,116.57,19.924,11.930,330,386,110.000,109,109,18.000,39.000,55.000,220,351,113,32,44,44,44,44,44,44,1,0,0,3,30,1
5.045000,119.87,19.060,11.440,318,385,110.000,109,109,18.000,39.000,55.000,211,350,112,32,44,44,44,44,44,44,1,0,0,3,30,1
5.050000,123.17,18.335,11.000,307,384,110.000,109,109,18.000,39.000,55.000,203,349,112,32,44,44,44,44,44,44,1,0,0,3,30,1
5.055000,126.47,17.757,10.620,296,382,110.000,109,109,18.000,39.000,55.000,196,347,110,31,43,43,43,43,43,43,1,0,0,3,30,1
5.060000,129.77,17.332,10.410,286,380,110.000,109,109,18.000,39.000,55.000,192,345,109,31,43,43,43,43,43,43,1,0,0,3,30,1
5.065000,133.07,17.065,10.240,276,379,110.000,109,109,18.000,39.000,55.000,189,344,108,31,42,42,42,42,42,42,1,0,0,3,30,1
5.070000,136.37,16.960,10.190,268,376,110.000,109,109,18.000,39.000,55.000,188,341,107,31,42,42,42,42,42,42,1,0,0,3,30,1
5.075000,139.67,17.017,10.190,261,374,110.000,109,109,18.000,39.000,55.000,188,339,105,31,41,41,41,41,41,41,1,0,0,3,30,1
5.080000,142.97,17.233,10.350,254,372,110.000,109,109,18.000,39.000,55.000,191,337,104,30,41,41,41,41,41,41,1,0,0,3,30,1
5.085000,146.27,17.606,10.570,250,370,110.000,109,109,18.000,39.000,55.000,195,335,103,30,40,40,40,40,40,40,1,0,0,3,30,1
5.090000,149.57,18.128,10.900,246,367,110.000,109,109,18.000,39.000,55.000,201,332,101,30,39,39,39,39,39,39,1,0,0,3,30,1
5.095000,152.87,18.793,11.280,244,365,110.000,109,109,18.000,39.000,55.000,208,330,100,30,39,39,39,39,39,39,1,0,0,3,30,1
5.100000,156.17,19.590,11.770,243,362,110.000,109,109,18.000,39.000,55.000,217,327,98,30,38,38,38,38,38,38,1,0,0,3,30,1
5.105000,159.47,20.508,12.310,244,360,110.000,109,109,18.000,39.000,55.000,227,325,97,29,38,38,38,38,38,38,1,0,0,3,30,1
5.110000,162.77,21.532,12.910,245,358,110.000,109,109,18.000,39.000,55.000,238,323,96,29,37,37,37,37,37,37,1,0,0,3,30,1
5.115000,166.07,22.649,13.620,249,356,110.000,109,109,18.000,39.000,55.000,251,321,94,29,37,37,37,37,37,37,1,0,0,3,30,1
5.120000,169.37,23.843,14.320,253,354,110.000,109,109,18.000,39.000,55.000,264,319,93,29,36,36,36,36,36,36,1,0,0,3,30,1
5.125000,172.67,25.095,15.030,259,352,110.000,109,109,18.000,39.000,55.000,277,317,92,29,36,36,36,36,36,36,1,0,0,3,30,1
5.130000,175.97,26.389,15.850,266,350,110.000,109,109,18.000,39.000,55.000,292,315,91,28,35,35,35,35,35,35,1,0,0,3,30,1
5.135000,179.27,27.705,16.610,273,349,110.000,109,109,18.000,39.000,55.000,306,314,90,28,35,35,35,35,35,35,1,0,0,3,30,1
5.140000,182.57,29.026,17.420,282,347,110.000,109,109,18.000,39.000,55.000,321,312,89,28,35,35,35,35,35,35,1,0,0,3,30,1
5.145000,185.87,30.333,18.180,292,346,110.000,109,109,18.000,39.000,55.000,335,311,89,28,34,34,34,34,34,34,1,0,0,3,30,1
5.150000,189.17,31.606,18.950,302,345,110.000,109,109,18.000,39.000,55.000,349,310,88,28,34,34,34,34,34,34,1,0,0,3,30,1
5.155000,192.47,32.828,19.710,312,344,110.000,109,109,18.000,39.000,55.000,363,309,87,28,34,34,34,34,34,34,1,0,0,3,30,1
5.160000,195.77,33.981,20.360,323,344,110.000,109,109,18.000,39.000,55.000,375,309,87,28,34,34,34,34,34,34,1,0,0,3,30,1
5.165000,199.07,35.048,21.010,334,344,110.000,109,109,18.000,39.000,55.000,387,309,87,28,34,34,34,34,34,34,1,0,0,3,30,1
5.170000,202.37,36.015,21.610,346,344,110.000,109,109,18.000,39.000,55.000,399,309,87,28,34,34,34,34,34,34,1,0,0,3,30,1
5.175000,205.67,36.867,22.100,357,344,110.000,109,109,18.000,39.000,55.000,408,309,87,28,34,34,34,34,34,34,1,0,0,3,30,1
5.180000,208.97,37.592,22.540,367,345,110.000,109,109,18.000,39.000,55.000,416,310,88,28,34,34,34,34,34,34,1,0,0,3,30,1
5.185000,212.27,38.180,22.920,377,346,110.000,109,109,18.000,39.000,55.000,423,311,89,28,34,34,34,34,34,34,1,0,0,3,30,1
5.190000,215.57,38.620,23.190,387,347,110.000,111,110,18.000,39.000,55.000,432,315,90,28,35,35,35,35,35,35,1,0,0,3,30,1
5.195000,218.87,38.907,23.350,396,349,110.000,111,110,18.000,39.000,55.000,435,317,91,28,35,35,35,35,35,35,1,0,0,3,30,1
5.200000,222.17,39.035,23.410,404,351,110.000,111,110,18.000,39.000,55.000,436,319,92,28,36,36,36,36,36,36,1,0,0,3,30,1
5.205000,225.47,39.002,23.410,411,353,110.000,111,110,18.000,39.000,55.000,436,321,93,29,36,36,36,36,36,36,1,0,0,3,30,1
5.210000,228.77,38.807,23.300,417,356,110.000,109,110,18.000,39.000,55.000,434,324,95,29,37,37,37,37,37,37,1,0,0,3,30,1
5.215000,232.07,38.452,23.080,421,358,110.000,109,110,18.000,39.000,55.000,430,326,96,29,37,37,37,37,37,37,1,0,0,3,30,1
5.220000,235.37,37.941,22.750,425,361,110.000,109,110,18.000,39.000,55.000,423,329,98,29,38,38,38,38,38,38,1,0,0,3,30,1
5.225000,238.67,37.280,22.370,427,363,110.000,109,110,18.000,39.000,55.000,416,331,99,30,38,38,38,38,38,38,1,0,0,3,30,1
5.230000,241.97,36.477,21.880,427,366,110.000,109,110,18.000,39.000,55.000,407,334,101,30,39,39,39,39,39,39,1,0,0,3,30,1
5.235000,245.27,35.542,21.340,427,368,110.000,109,109,18.000,39.000,55.000,394,333,102,30,40,40,40,40,40,40,1,0,0,3,30,1
5.240000,248.57,34.487,20.690,425,371,110.000,109,109,18.000,39.000,55.000,382,336,104,30,40,40,40,40,40,40,1,0,0,3,30,1
5.245000,251.87,33.325,19.980,421,373,110.000,109,109,18.000,39.000,55.000,368,338,105,31,41,41,41,41,41,41,1,0,0,3,30,1
5.250000,255.17,32.072,19.220,417,375,110.000,109,109,18.000,39.000,55.000,354,340,106,31,41,41,41,41,41,41,1,0,0,3,30,1
5.255000,258.47,30.743,18.460,411,376,110.000,109,109,18.000,39.000,55.000,340,341,107,31,42,42,42,42,42,42,1,0,0,3,30,1
5.260000,261.77,29.355,17.590,403,378,110.000,109,109,18.000,39.000,55.000,324,343,108,31,42,42,42,42,42,42,1,0,0,3,30,1
5.265000,265.07,27.928,16.770,395,378,110.000,109,109,18.000,39.000,55.000,309,343,108,31,42,42,42,42,42,42,1,0,0,3,30,1
5.270000,268.37,26.480,15.900,386,379,110.000,109,109,18.000,39.000,55.000,293,344,108,31,42,42,42,42,42,42,1,0,0,3,30,1
5.275000,271.67,25.029,15.030,376,379,110.000,109,109,18.000,39.000,55.000,277,344,108,31,42,42,42,42,42,42,1,0,0,3,30,1
5.280000,274.97,23.596,14.160,365,379,110.000,109,109,18.000,39.000,55.000,261,344,108,31,42,42,42,42,42,42,1,0,0,3,30,1
5.285000,278.26,22.198,13.340,353,378,110.000,109,109,18.000,39.000,55.000,246,343,108,31,42,42,42,42,42,42,1,0,0,3,30,1
5.290000,281.56,20.856,12.530,341,378,110.000,109,109,18.000,39.000,55.000,231,343,108,31,42,42,42,42,42,42,1,0,0,3,30,1
5.295000,284.86,19.586,11.770,329,377,110.000,109,109,18.000,39.000,55.000,217,342,107,31,42,42,42,42,42,42,1,0,0,3,30,1
5.300000,288.16,18.407,11.060,316,376,110.000,109,109,18.000,39.000,55.000,204,341,107,31,42,42,42,42,42,42,1,0,0,3,30,1
5.305000,291.46,17.333,10.410,304,375,110.000,109,109,18.000,39.000,55.000,192,340,106,31,41,41,41,41,41,41,1,0,0,3,30,1
5.310000,294.76,16.381,9.810,291,373,110.000,109,109,18.000,39.000,55.000,181,338,105,31,41,41,41,41,41,41,1,0,0,3,30,1
5.315000,298.06,15.562,9.320,279,371,110.000,109,109,18.000,39.000,55.000,172,336,104,30,40,40,40,40,40,40,1,0,0,3,30,1
5.320000,301.36,14.888,8.940,268,370,110.000,109,109,18.000,39.000,55.000,165,335,103,30,40,40,40,40,40,40,1,0,0,3,30,1
5.325000,304.66,14.369,8.610,257,367,110.000,109,109,18.000,39.000,55.000,158,332,101,30,39,39,39,39,39,39,1,0,0,3,30,1
5.330000,307.96,14.012,8.390,247,365,110.000,109,109,18.000,39.000,55.000,154,330,100,30,39,39,39,39,39,39,1,0,0,3,30,1
5.335000,311.26,13.823,8.280,238,363,110.000,109,109,18.000,39.000,55.000,152,328,99,30,38,38,38,38,38,38,1,0,0,3,30,1
5.340000,314.56,13.806,8.280,230,360,110.000,109,109,18.000,39.000,55.000,152,325,97,29,38,38,38,38,38,38,1,0,0,3,30,1
5.345000,317.86,13.960,8.390,223,358,110.000,109,109,18.000,39.000,55.000,154,323,96,29,37,37,37,37,37,37,1,0,0,3,30,1
5.350000,321.16,14.286,8.560,218,355,110.000,109,109,18.000,39.000,55.000,158,320,94,29,37,37,37,37,37,37,1,0,0,3,30,1
5.355000,324.46,14.780,8.880,213,352,110.000,109,109,18.000,39.000,55.000,163,317,92,29,36,36,36,36,36,36,1,0,0,3,30,1
5.360000,327.76,15.435,9.260,211,349,110.000,109,109,18.000,39.000,55.000,170,314,90,28,35,35,35,35,35,35,1,0,0,3,30,1
5.365000,331.06,16.246,9.750,209,347,110.000,109,109,18.000,39.000,55.000,180,312,89,28,35,35,35,35,35,35,1,0,0,3,30,1
5.370000,334.36,17.202,10.300,209,344,110.000,109,109,18.000,39.000,55.000,190,309,87,28,34,34,34,34,34,34,1,0,0,3,30,1
5.375000,337.66,18.291,10.950,211,341,110.000,109,109,18.000,39.000,55.000,202,306,86,28,33,33,33,33,33,33,1,0,0,3,30,1
5.380000,340.96,19.500,11.710,214,339,110.000,109,109,18.000,39.000,55.000,216,304,85,27,33,33,33,33,33,33,1,0,0,3,30,1
5.385000,344.26,20.815,12.470,219,337,110.000,109,109,18.000,39.000,55.000,230,302,83,27,32,32,32,32,32,32,1,0,0,3,30,1
5.390000,347.56,22.219,13.340,225,334,110.000,109,109,18.000,39.000,55.000,246,299,82,27,32,32,32,32,32,32,1,0,0,3,30,1
5.395000,350.86,23.694,14.210,232,332,110.000,109,109,18.000,39.000,55.000,262,297,81,27,31,31,31,31,31,31,1,0,0,3,30,1
5.400000,354.16,25.224,15.140,240,330,110.000,109,109,18.000,39.000,55.000,279,295,80,27,31,31,31,31,31,31,1,0,0,3,30,1
5.405000,357.46,26.787,16.060,250,329,110.000,109,109,18.000,39.000,55.000,296,294,79,27,31,31,31,31,31,31,1,0,0,3,30,1
5.410000,0.76,28.366,17.040,261,327,110.000,109,109,18.000,39.000,55.000,314,292,78,26,30,30,30,30,30,30,1,0,0,3,30,1
5.415000,4.06,29.941,17.970,272,326,110.000,109,109,18.000,39.000,55.000,331,291,77,26,30,30,30,30,30,30,1,0,0,3,30,1
5.420000,7.36,31.491,18.890,285,325,110.000,109,109,18.000,39.000,55.000,348,290,77,26,30,30,30,30,30,30,1,0,0,3,30,1
5.425000,10.66,32.998,19.820,298,325,110.000,109,109,18.000,39.000,55.000,365,290,77,26,30,30,30,30,30,30,1,0,0,3,30,1
5.430000,13.96,34.442,20.690,311,324,110.000,109,109,18.000,39.000,55.000,382,289,76,26,30,30,30,30,30,30,1,0,0,3,30,1
5.435000,17.26,35.807,21.500,325,324,110.000,109,109,18.000,39.000,55.000,396,289,76,26,30,30,30,30,30,30,1,0,0,3,30,1
5.440000,20.56,37.075,22.260,339,324,110.000,109,109,18.000,39.000,55.000,411,289,76,26,30,30,30,30,30,30,1,0,0,3,30,1
5.445000,23.86,38.230,22.920,352,325,110.000,109,109,18.000,39.000,55.000,423,290,77,26,30,30,30,30,30,30,1,0,0,3,30,1
5.450000,27.16,39.259,23.570,366,327,110.000,109,109,18.000,39.000,55.000,435,292,78,26,30,30,30,30,30,30,1,0,0,3,30,1
5.455000,30.46,40.148,24.060,379,328,110.000,109,109,18.000,39.000,55.000,444,293,79,26,31,31,31,31,31,31,1,0,0,3,30,1
5.460000,33.76,40.888,24.550,391,331,110.000,111,110,18.000,39.000,55.000,457,299,81,27,31,31,31,31,31,31,1,0,0,3,30,1
5.465000,37.06,41.470,24.870,403,333,110.000,111,110,18.000,39.000,55.000,463,301,82,27,32,32,32,32,32,32,1,0,0,3,30,1
5.470000,40.36,41.886,25.150,414,337,110.000,111,110,18.000,39.000,55.000,468,305,84,27,32,32,32,32,32,32,1,0,0,3,30,1
5.475000,43.66,42.133,25.260,424,340,110.000,111,110,18.000,39.000,55.000,470,308,86,27,33,33,33,33,33,33,1,0,0,3,30,1
5.480000,46.96,42.208,25.310,433,343,110.000,111,110,18.000,39.000,55.000,471,311,88,28,34,34,34,34,34,34,1,0,0,3,30,1
5.485000,50.26,42.110,25.260,441,347,110.000,109,110,18.000,39.000,55.000,470,315,90,28,35,35,35,35,35,35,1,0,0,3,30,1
5.490000,53.56,41.843,25.090,447,351,110.000,109,110,18.000,39.000,55.000,467,319,92,28,36,36,36,36,36,36,1,0,0,3,30,1
5.495000,56.86,41.410,24.820,452,355,110.000,109,110,18.000,39.000,55.000,462,323,95,29,37,37,37,37,37,37,1,0,0,3,30,1
5.500000,60.16,40.819,24.490,456,359,110.000,109,110,18.000,39.000,55.000,456,327,97,29,38,38,38,38,38,38,1,0,0,3,30,1
5.505000,63.46,40.076,24.060,458,363,110.000,109,110,18.000,39.000,55.000,448,331,99,30,38,38,38,38,38,38,1,0,0,3,30,1
5.510000,66.76,39.193,23.510,458,367,110.000,109,109,18.000,39.000,55.000,434,332,101,30,39,39,39,39,39,39,1,0,0,3,30,1
5.515000,70.06,38.183,22.920,458,371,110.000,109,109,18.000,39.000,55.000,423,336,104,30,40,40,40,40,40,40,1,0,0,3,30,1
5.520000,73.36,37.058,22.210,455,374,110.000,109,109,18.000,39.000,55.000,410,339,105,31,41,41,41,41,41,41,1,0,0,3,30,1
5.525000,76.66,35.835,21.500,452,377,110.000,109,109,18.000,39.000,55.000,396,342,107,31,42,42,42,42,42,42,1,0,0,3,30,1
5.530000,79.96,34.530,20.690,446,380,110.000,109,109,18.000,39.000,55.000,382,345,109,31,43,43,43,43,43,43,1,0,0,3,30,1
5.535000,83.26,33.160,19.870,440,383,110.000,109,109,18.000,39.000,55.000,366,348,111,31,43,43,43,43,43,43,1,0,0,3,30,1
5.540000,86.56,31.743,19.050,432,385,110.000,109,109,18.000,39.000,55.000,351,350,112,32,44,44,44,44,44,44,1,0,0,3,30,1
5.545000,89.86,30.299,18.180,424,387,110.000,109,109,18.000,39.000,55.000,335,352,114,32,44,44,44,44,44,44,1,0,0,3,30,1
5.550000,93.16,28.847,17.310,414,388,110.000,109,109,18.000,39.000,55.000,319,353,114,32,45,45,45,45,45,45,1,0,0,3,30,1
5.555000,96.46,27.406,16.440,404,389,110.000,109,109,18.000,39.000,55.000,303,354,115,32,45,45,45,45,45,45,1,0,0,3,30,1
5.560000,99.76,25.995,15.570,392,389,110.000,109,109,18.000,39.000,55.000,287,354,115,32,45,45,45,45,45,45,1,0,0,3,30,1
5.565000,103.06,24.633,14.760,381,389,110.000,109,109,18.000,39.000,55.000,272,354,115,32,45,45,45,45,45,45,1,0,0,3,30,1
5.570000,106.36,23.337,14.000,369,389,110.000,109,109,18.000,39.000,55.000,258,354,115,32,45,45,45,45,45,45,1,0,0,3,30,1
5.575000,109.66,22.124,13.290,356,388,110.000,109,109,18.000,39.000,55.000,245,353,114,32,45,45,45,45,45,45,1,0,0,3,30,1
5.580000,112.96,21.009,12.580,344,387,110.000,109,109,18.000,39.000,55.000,232,352,114,32,44,44,44,44,44,44,1,0,0,3,30,1
5.585000,116.26,20.008,11.980,332,387,110.000,109,109,18.000,39.000,55.000,221,352,114,32,44,44,44,44,44,44,1,0,0,3,30,1
5.590000,119.56,19.133,11.490,319,385,110.000,109,109,18.000,39.000,55.000,212,350,112,32,44,44,44,44,44,44,1,0,0,3,30,1
5.595000,122.86,18.395,11.000,308,384,110.000,109,109,18.000,39.000,55.000,203,349,112,32,44,44,44,44,44,44,1,0,0,3,30,1
5.600000,126.16,17.803,10.680,297,382,110.000,109,109,18.000,39.000,55.000,197,347,110,31,43,43,43,43,43,43,1,0,0,3,30,1
5.605000,129.46,17.364,10.410,286,381,110.000,109,109,18.000,39.000,55.000,192,346,110,31,43,43,43,43,43,43,1,0,0,3,30,1
5.610000,132.76,17.083,10.240,277,379,110.000,109,109,18.000,39.000,55.000,189,344,108,31,42,42,42,42,42,42,1,0,0,3,30,1
5.615000,136.06,16.963,10.190,269,377,110.000,109,109,18.000,39.000,55.000,188,342,107,31,42,42,42,42,42,42,1,0,0,3,30,1
5.620000,139.36,17.005,10.190,261,374,110.000,109,109,18.000,39.000,55.000,188,339,105,31,41,41,41,41,41,41,1,0,0,3,30,1
5.625000,142.66,17.207,10.300,255,372,110.000,109,109,18.000,39.000,55.000,190,337,104,30,41,41,41,41,41,41,1,0,0,3,30,1
5.630000,145.96,17.565,10.510,250,370,110.000,109,109,18.000,39.000,55.000,194,335,103,30,40,40,40,40,40,40,1,0,0,3,30,1
5.635000,149.26,18.075,10.840,246,367,110.000,109,109,18.000,39.000,55.000,200,332,101,30,39,39,39,39,39,39,1,0,0,3,30,1
5.640000,152.56,18.727,11.220,244,365,110.000,109,109,18.000,39.000,55.000,207,330,100,30,39,39,39,39,39,39,1,0,0,3,30,1
5.645000,155.86,19.513,11.710,243,363,110.000,109,109,18.000,39.000,55.000,216,328,99,30,38,38,38,38,38,38,1,0,0,3,30,1
5.650000,159.16,20.420,12.260,243,360,110.000,109,109,18.000,39.000,55.000,226,325,97,29,38,38,38,38,38,38,1,0,0,3,30,1
5.655000,162.46,21.435,12.850,245,358,110.000,109,109,18.000,39.000,55.000,237,323,96,29,37,37,37,37,37,37,1,0,0,3,30,1
5.660000,165.76,22.544,13.510,248,356,110.000,109,109,18.000,39.000,55.000,249,321,94,29,37,37,37,37,37,37,1,0,0,3,30,1
5.665000,169.06,23.731,14.210,253,354,110.000,109,109,18.000,39.000,55.000,262,319,93,29,36,36,36,36,36,36,1,0,0,3,30,1
5.670000,172.36,24.979,14.970,258,352,110.000,109,109,18.000,39.000,55.000,276,317,92,29,36,36,36,36,36,36,1,0,0,3,30,1
5.675000,175.66,26.270,15.740,265,350,110.000,109,109,18.000,39.000,55.000,290,315,91,28,35,35,35,35,35,35,1,0,0,3,30,1
5.680000,178.96,27.585,16.550,273,349,110.000,109,109,18.000,39.000,55.000,305,314,90,28,35,35,35,35,35,35,1,0,0,3,30,1
5.685000,182.26,28.907,17.310,281,347,110.000,109,109,18.000,39.000,55.000,319,312,89,28,35,35,35,35,35,35,1,0,0,3,30,1
5.690000,185.56,30.215,18.130,291,346,110.000,109,109,18.000,39.000,55.000,334,311,89,28,34,34,34,34,34,34,1,0,0,3,30,1
5.695000,188.86,31.492,18.890,301,345,110.000,109,109,18.000,39.000,55.000,348,310,88,28,34,34,34,34,34,34,1,0,0,3,30,1
5.700000,192.16,32.719,19.650,311,344,110.000,109,109,18.000,39.000,55.000,362,309,87,28,34,34,34,34,34,34,1,0,0,3,30,1
5.705000,195.46,33.879,20.310,322,344,110.000,109,109,18.000,39.000,55.000,375,309,87,28,34,34,34,34,34,34,1,0,0,3,30,1
5.710000,198.76,34.955,20.960,333,344,110.000,111,110,18.000,39.000,55.000,390,312,88,28,34,34,34,34,34,34,1,0,0,3,30,1
5.715000,202.06,35.932,21.560,345,344,110.000,111,110,18.000,39.000,55.000,401,312,88,28,34,34,34,34,34,34,1,0,0,3,30,1
5.720000,205.36,36.795,22.050,356,344,110.000,111,110,18.000,39.000,55.000,410,312,88,28,34,34,34,34,34,34,1,0,0,3,30,1
5.725000,208.66,37.532,22.540,366,345,110.000,111,110,18.000,39.000,55.000,420,313,89,28,34,34,34,34,34,34,1,0,0,3,30,1
5.730000,211.96,38.132,22.860,376,346,110.000,111,110,18.000,39.000,55.000,425,314,89,28,34,34,34,34,34,34,1,0,0,3,30,1
5.735000,215.26,38.586,23.130,386,347,110.000,109,110,18.000,39.000,55.000,431,315,90,28,35,35,35,35,35,35,1,0,0,3,30,1
5.740000,218.56,38.887,23.350,395,349,110.000,109,110,18.000,39.000,55.000,435,317,91,28,35,35,35,35,35,35,1,0,0,3,30,1
5.745000,221.86,39.030,23.410,403,351,110.000,109,110,18.000,39.000,55.000,436,319,92,28,36,36,36,36,36,36,1,0,0,3,30,1
5.750000,225.16,39.011,23.410,410,353,110.000,109,110,18.000,39.000,55.000,436,321,93,29,36,36,36,36,36,36,1,0,0,3,30,1
5.755000,228.46,38.831,23.300,416,355,110.000,109,110,18.000,39.000,55.000,434,323,95,29,37,37,37,37,37,37,1,0,0,3,30,1
5.760000,231.76,38.491,23.080,421,358,110.000,109,109,18.000,39.000,55.000,426,323,96,29,37,37,37,37,37,37,1,0,0,3,30,1
5.765000,235.06,37.994,22.810,424,361,110.000,109,109,18.000,39.000,55.000,421,326,97,29,38,38,38,38,38,38,1,0,0,3,30,1
5.770000,238.36,37.346,22.430,427,363,110.000,109,109,18.000,39.000,55.000,414,328,99,30,38,38,38,38,38,38,1,0,0,3,30,1
5.775000,241.66,36.556,21.940,427,366,110.000,109,109,18.000,39.000,55.000,405,331,100,30,39,39,39,39,39,39,1,0,0,3,30,1
5.780000,244.96,35.632,21.390,427,368,110.000,109,109,18.000,39.000,55.000,394,333,102,30,40,40,40,40,40,40,1,0,0,3,30,1
5.785000,248.26,34.588,20.740,425,371,110.000,109,109,18.000,39.000,55.000,382,336,104,30,40,40,40,40,40,40,1,0,0,3,30,1
5.790000,251.56,33.435,20.030,422,373,110.000,109,109,18.000,39.000,55.000,369,338,105,31,41,41,41,41,41,41,1,0,0,3,30,1
5.795000,254.86,32.189,19.330,417,375,110.000,109,109,18.000,39.000,55.000,356,340,106,31,41,41,41,41,41,41,1,0,0,3,30,1
5.800000,258.16,30.866,18.510,411,376,110.000,109,109,18.000,39.000,55.000,341,341,107,31,42,42,42,42,42,42,1,0,0,3,30,1
5.805000,261.46,29.483,17.690,404,377,110.000,109,109,18.000,39.000,55.000,326,342,107,31,42,42,42,42,42,42,1,0,0,3,30,1
5.810000,264.76,28.059,16.820,396,378,110.000,109,109,18.000,39.000,55.000,310,343,108,31,42,42,42,42,42,42,1,0,0,3,30,1
5.815000,268.06,26.612,15.950,387,379,110.000,109,109,18.000,39.000,55.000,294,344,108,31,42,42,42,42,42,42,1,0,0,3,30,1
5.820000,271.36,25.161,15.080,377,379,110.000,109,109,18.000,39.000,55.000,278,344,108,31,42,42,42,42,42,42,1,0,0,3,30,1
5.825000,274.66,23.725,14.210,366,379,110.000,109,109,18.000,39.000,55.000,262,344,108,31,42,42,42,42,42,42,1,0,0,3,30,1
5.830000,277.96,22.323,13.400,354,378,110.000,109,109,18.000,39.000,55.000,247,343,108,31,42,42,42,42,42,42,1,0,0,3,30,1
5.835000,281.26,20.975,12.580,342,378,110.000,109,109,18.000,39.000,55.000,232,343,108,31,42,42,42,42,42,42,1,0,0,3,30,1
5.840000,284.56,19.698,11.820,330,377,110.000,109,109,18.000,39.000,55.000,218,342,107,31,42,42,42,42,42,42,1,0,0,3,30,1
5.845000,287.86,18.510,11.110,317,376,110.000,109,109,18.000,39.000,55.000,205,341,107,31,42,42,42,42,42,42,1,0,0,3,30,1
5.850000,291.16,17.426,10.460,305,375,110.000,109,109,18.000,39.000,55.000,193,340,106,31,41,41,41,41,41,41,1,0,0,3,30,1
5.855000,294.46,16.462,9.860,292,373,110.000,109,109,18.000,39.000,55.000,182,338,105,31,41,41,41,41,41,41,1,0,0,3,30,1
5.860000,297.76,15.630,9.370,280,372,110.000,109,109,18.000,39.000,55.000,173,337,104,30,41,41,41,41,41,41,1,0,0,3,30,1
5.865000,301.06,14.943,8.940,269,370,110.000,109,109,18.000,39.000,55.000,165,335,103,30,40,40,40,40,40,40,1,0,0,3,30,1
5.870000,304.36,14.409,8.670,258,368,110.000,109,109,18.000,39.000,55.000,160,333,102,30,40,40,40,40,40,40,1,0,0,3,30,1
5.875000,307.66,14.038,8.390,248,365,110.000,109,109,18.000,39.000,55.000,154,330,100,30,39,39,39,39,39,39,1,0,0,3,30,1
5.880000,310.96,13.833,8.280,239,363,110.000,109,109,18.000,39.000,55.000,152,328,99,30,38,38,38,38,38,38,1,0,0,3,30,1
5.885000,314.26,13.800,8.280,231,360,110.000,109,109,18.000,39.000,55.000,152,325,97,29,38,38,38,38,38,38,1,0,0,3,30,1
5.890000,317.56,13.939,8.340,224,358,110.000,109,109,18.000,39.000,55.000,153,323,96,29,37,37,37,37,37,37,1,0,0,3,30,1
5.895000,320.86,14.249,8.560,218,355,110.000,109,109,18.000,39.000,55.000,158,320,94,29,37,37,37,37,37,37,1,0,0,3,30,1
5.900000,324.16,14.728,8.830,214,352,110.000,109,109,18.000,39.000,55.000,163,317,92,29,36,36,36,36,36,36,1,0,0,3,30,1
5.905000,327.46,15.369,9.210,211,350,110.000,109,109,18.000,39.000,55.000,170,315,91,28,35,35,35,35,35,35,1,0,0,3,30,1
5.910000,330.76,16.166,9.700,209,347,110.000,109,109,18.000,39.000,55.000,179,312,89,28,35,35,35,35,35,35,1,0,0,3,30,1
5.915000,334.06,17.109,10.240,209,344,110.000,109,109,18.000,39.000,55.000,189,309,87,28,34,34,34,34,34,34,1,0,0,3,30,1
5.920000,337.36,18.186,10.900,211,342,110.000,109,109,18.000,39.000,55.000,201,307,86,28,34,34,34,34,34,34,1,0,0,3,30,1
5.925000,340.66,19.385,11.660,214,339,110.000,109,109,18.000,39.000,55.000,215,304,85,27,33,33,33,33,33,33,1,0,0,3,30,1
5.930000,343.96,20.691,12.420,218,337,110.000,109,109,18.000,39.000,55.000,229,302,83,27,32,32,32,32,32,32,1,0,0,3,30,1
5.935000,347.26,22.088,13.230,224,334,110.000,109,109,18.000,39.000,55.000,244,299,82,27,32,32,32,32,32,32,1,0,0,3,30,1
5.940000,350.56,23.558,14.100,231,332,110.000,109,109,18.000,39.000,55.000,260,297,81,27,31,31,31,31,31,31,1,0,0,3,30,1
5.945000,353.86,25.083,15.030,240,331,110.000,109,109,18.000,39.000,55.000,277,296,80,27,31,31,31,31,31,31,1,0,0,3,30,1
5.950000,357.16,26.644,15.950,249,329,110.000,109,109,18.000,39.000,55.000,294,294,79,27,31,31,31,31,31,31,1,0,0,3,30,1
5.955000,0.46,28.223,16.930,260,327,110.000,109,109,18.000,39.000,55.000,312,292,78,26,30,30,30,30,30,30,1,0,0,3,30,1
5.960000,3.76,29.798,17.860,271,326,110.000,111,110,18.000,39.000,55.000,332,294,78,26,30,30,30,30,30,30,1,0,0,3,30,1
5.965000,7.06,31.351,18.840,284,325,110.000,111,110,18.000,39.000,55.000,351,293,78,26,30,30,30,30,30,30,1,0,0,3,30,1
5.970000,10.36,32.863,19.710,296,325,110.000,111,110,18.000,39.000,55.000,367,293,78,26,30,30,30,30,30,30,1,0,0,3,30,1
5.975000,13.66,34.314,20.580,310,324,110.000,111,110,18.000,39.000,55.000,383,292,77,26,30,30,30,30,30,30,1,0,0,3,30,1
5.980000,16.96,35.687,21.390,324,324,110.000,111,110,18.000,39.000,55.000,398,292,77,26,30,30,30,30,30,30,1,0,0,3,30,1
5.985000,20.26,36.964,22.150,337,324,110.000,109,110,18.000,39.000,55.000,412,292,77,26,30,30,30,30,30,30,1,0,0,3,30,1
5.990000,23.56,38.130,22.860,351,325,110.000,109,110,18.000,39.000,55.000,425,293,78,26,30,30,30,30,30,30,1,0,0,3,30,1
5.995000,26.86,39.171,23.510,365,327,110.000,109,110,18.000,39.000,55.000,438,295,79,26,30,30,30,30,30,30,1,0,0,3,30,1
6.000000,30.16,40.074,24.060,378,328,110.000,109,110,18.000,39.000,55.000,448,296,79,26,31,31,31,31,31,31,1,0,0,3,30,1
6.005000,33.46,40.828,24.490,390,331,110.000,109,110,18.000,39.000,55.000,456,299,81,27,31,31,31,31,31,31,1,0,0,3,30,1
6.010000,36.76,41.424,24.870,402,333,110.000,109,109,18.000,39.000,55.000,459,298,81,27,32,32,32,32,32,32,1,0,0,3,30,1
6.015000,40.06,41.855,25.090,413,336,110.000,109,109,18.000,39.000,55.000,463,301,83,27,32,32,32,32,32,32,1,0,0,3,30,1
6.020000,43.36,42.118,25.260,423,340,110.000,109,109,18.000,39.000,55.000,466,305,85,28,33,33,33,33,33,33,1,0,0,3,30,1
6.025000,46.66,42.208,25.310,432,343,110.000,109,109,18.000,39.000,55.000,467,308,87,28,34,34,34,34,34,34,1,0,0,3,30,1
6.030000,49.96,42.126,25.260,440,347,110.000,109,109,18.000,39.000,55.000,466,312,89,28,35,35,35,35,35,35,1,0,0,3,30,1
6.035000,53.26,41.874,25.150,447,351,110.000,109,109,18.000,39.000,55.000,464,316,91,29,36,36,36,36,36,36,1,0,0,3,30,1
6.040000,56.56,41.456,24.870,452,355,110.000,109,109,18.000,39.000,55.000,459,320,94,29,37,37,37,37,37,37,1,0,0,3,30,1
6.045000,59.86,40.879,24.490,455,359,110.000,109,109,18.000,39.000,55.000,452,324,96,29,38,38,38,38,38,38,1,0,0,3,30,1
6.050000,63.16,40.150,24.060,458,363,110.000,109,109,18.000,39.000,55.000,444,328,99,30,38,38,38,38,38,38,1,0,0,3,30,1
6.055000,66.46,39.279,23.570,458,367,110.000,109,109,18.000,39.000,55.000,435,332,101,30,39,39,39,39,39,39,1,0,0,3,30,1
6.060000,69.76,38.280,22.970,458,370,110.000,109,109,18.000,39.000,55.000,424,335,103,30,40,40,40,40,40,40,1,0,0,3,30,1
6.065000,73.06,37.165,22.260,456,374,110.000,109,109,18.000,39.000,55.000,411,339,105,31,41,41,41,41,41,41,1,0,0,3,30,1
6.070000,76.36,35.950,21.560,452,377,110.000,109,109,18.000,39.000,55.000,398,342,107,31,42,42,42,42,42,42,1,0,0,3,30,1
6.075000,79.66,34.651,20.790,447,380,110.000,109,109,18.000,39.000,55.000,383,345,109,31,43,43,43,43,43,43,1,0,0,3,30,1
6.080000,82.96,33.286,19.980,441,383,110.000,109,109,18.000,39.000,55.000,368,348,111,31,43,43,43,43,43,43,1,0,0,3,30,1
6.085000,86.26,31.873,19.110,433,385,110.000,109,109,18.000,39.000,55.000,352,350,112,32,44,44,44,44,44,44,1,0,0,3,30,1
6.090000,89.56,30.431,18.240,425,386,110.000,109,109,18.000,39.000,55.000,336,351,113,32,44,44,44,44,44,44,1,0,0,3,30,1
6.095000,92.86,28.979,17.370,415,388,110.000,109,109,18.000,39.000,55.000,320,353,114,32,45,45,45,45,45,45,1,0,0,3,30,1
6.100000,96.16,27.536,16.500,405,389,110.000,109,109,18.000,39.000,55.000,304,354,115,32,45,45,45,45,45,45,1,0,0,3,30,1
6.105000,99.46,26.122,15.680,393,389,110.000,109,109,18.000,39.000,55.000,289,354,115,32,45,45,45,45,45,45,1,0,0,3,30,1
6.110000,102.76,24.754,14.870,382,389,110.000,109,109,18.000,39.000,55.000,274,354,115,32,45,45,45,45,45,45,1,0,0,3,30,1
6.115000,106.06,23.451,14.050,370,389,110.000,109,109,18.000,39.000,55.000,259,354,115,32,45,45,45,45,45,45,1,0,0,3,30,1
6.120000,109.36,22.230,13.340,357,388,110.000,109,109,18.000,39.000,55.000,246,353,114,32,45,45,45,45,45,45,1,0,0,3,30,1
6.125000,112.66,21.106,12.640,345,388,110.000,109,109,18.000,39.000,55.000,233,353,114,32,45,45,45,45,45,45,1,0,0,3,30,1
6.130000,115.96,20.094,12.040,333,387,110.000,109,109,18.000,39.000,55.000,222,352,114,32,44,44,44,44,44,44,1,0,0,3,30,1
6.135000,119.26,19.207,11.490,320,385,110.000,109,109,18.000,39.000,55.000,212,350,112,32,44,44,44,44,44,44,1,0,0,3,30,1
6.140000,122.56,18.456,11.060,309,384,110.000,109,109,18.000,39.000,55.000,204,349,112,32,44,44,44,44,44,44,1,0,0,3,30,1
6.145000,125.86,17.850,10.730,298,383,110.000,109,109,18.000,39.000,55.000,198,348,111,31,43,43,43,43,43,43,1,0,0,3,30,1
6.150000,129.16,17.397,10.460,287,381,110.000,109,109,18.000,39.000,55.000,193,346,110,31,43,43,43,43,43,43,1,0,0,3,30,1
6.155000,132.46,17.102,10.240,278,379,110.000,109,109,18.000,39.000,55.000,189,344,108,31,42,42,42,42,42,42,1,0,0,3,30,1
6.160000,135.76,16.967,10.190,269,377,110.000,109,109,18.000,39.000,55.000,188,342,107,31,42,42,42,42,42,42,1,0,0,3,30,1
6.165000,139.06,16.994,10.190,262,375,110.000,109,109,18.000,39.000,55.000,188,340,106,31,41,41,41,41,41,41,1,0,0,3,30,1
6.170000,142.36,17.182,10.300,255,372,110.000,109,109,18.000,39.000,55.000,190,337,104,30,41,41,41,41,41,41,1,0,0,3,30,1
6.175000,145.66,17.527,10.510,250,370,110.000,109,109,18.000,39.000,55.000,194,335,103,30,40,40,40,40,40,40,1,0,0,3,30,1
6.180000,148.96,18.022,10.790,247,368,110.000,109,109,18.000,39.000,55.000,199,333,102,30,40,40,40,40,40,40,1,0,0,3,30,1
6.185000,152.26,18.662,11.170,244,365,110.000,109,109,18.000,39.000,55.000,206,330,100,30,39,39,39,39,39,39,1,0,0,3,30,1
6.190000,155.56,19.436,11.660,243,363,110.000,109,109,18.000,39.000,55.000,215,328,99,30,38,38,38,38,38,38,1,0,0,3,30,1
6.195000,158.86,20.333,12.200,243,361,110.000,109,109,18.000,39.000,55.000,225,326,97,29,38,38,38,38,38,38,1,0,0,3,30,1
6.200000,162.16,21.339,12.800,245,358,110.000,109,109,18.000,39.000,55.000,236,323,96,29,37,37,37,37,37,37,1,0,0,3,30,1
6.205000,165.46,22.440,13.450,248,356,110.000,109,109,18.000,39.000,55.000,248,321,94,29,37,37,37,37,37,37,1,0,0,3,30,1
6.210000,168.76,23.621,14.160,252,354,110.000,111,110,18.000,39.000,55.000,263,322,94,29,36,36,36,36,36,36,1,0,0,3,30,1
6.215000,172.06,24.864,14.920,258,352,110.000,111,110,18.000,39.000,55.000,278,320,93,29,36,36,36,36,36,36,1,0,0,3,30,1
6.220000,175.36,26.151,15.680,264,350,110.000,111,110,18.000,39.000,55.000,292,318,92,28,35,35,35,35,35,35,1,0,0,3,30,1
6.225000,178.66,27.465,16.440,272,349,110.000,111,110,18.000,39.000,55.000,306,317,91,28,35,35,35,35,35,35,1,0,0,3,30,1
6.230000,181.96,28.787,17.260,280,347,110.000,111,110,18.000,39.000,55.000,321,315,90,28,35,35,35,35,35,35,1,0,0,3,30,1
6.235000,185.26,30.097,18.080,290,346,110.000,109,110,18.000,39.000,55.000,336,314,89,28,34,34,34,34,34,34,1,0,0,3,30,1
6.240000,188.56,31.378,18.840,300,345,110.000,109,110,18.000,39.000,55.000,351,313,89,28,34,34,34,34,34,34,1,0,0,3,30,1
6.245000,191.86,32.610,19.540,310,344,110.000,109,110,18.000,39.000,55.000,364,312,88,28,34,34,34,34,34,34,1,0,0,3,30,1
6.250000,195.16,33.777,20.250,321,344,110.000,109,110,18.000,39.000,55.000,377,312,88,28,34,34,34,34,34,34,1,0,0,3,30,1
6.255000,198.46,34.861,20.900,332,344,110.000,109,110,18.000,39.000,55.000,389,312,88,28,34,34,34,34,34,34,1,0,0,3,30,1
6.260000,201.76,35.847,21.500,344,344,110.000,109,109,18.000,39.000,55.000,396,309,87,28,34,34,34,34,34,34,1,0,0,3,30,1
6.265000,205.06,36.722,22.050,355,344,110.000,109,109,18.000,39.000,55.000,407,309,87,28,34,34,34,34,34,34,1,0,0,3,30,1
6.270000,208.36,37.471,22.480,365,344,110.000,109,109,18.000,39.000,55.000,415,309,87,28,34,34,34,34,34,34,1,0,0,3,30,1
6.275000,211.66,38.084,22.860,376,345,110.000,109,109,18.000,39.000,55.000,422,310,88,28,34,34,34,34,34,34,1,0,0,3,30,1
6.280000,214.96,38.551,23.130,385,347,110.000,109,109,18.000,39.000,55.000,427,312,89,28,35,35,35,35,35,35,1,0,0,3,30,1
6.285000,218.26,38.866,23.300,394,349,110.000,109,109,18.000,39.000,55.000,430,314,90,28,35,35,35,35,35,35,1,0,0,3,30,1
6.290000,221.56,39.023,23.410,402,351,110.000,109,109,18.000,39.000,55.000,432,316,91,29,36,36,36,36,36,36,1,0,0,3,30,1
6.295000,224.86,39.020,23.410,410,353,110.000,109,109,18.000,39.000,55.000,432,318,93,29,36,36,36,36,36,36,1,0,0,3,30,1
6.300000,228.16,38.854,23.300,416,355,110.000,109,109,18.000,39.000,55.000,430,320,94,29,37,37,37,37,37,37,1,0,0,3,30,1
6.305000,231.46,38.528,23.130,420,358,110.000,109,109,18.000,39.000,55.000,427,323,96,29,37,37,37,37,37,37,1,0,0,3,30,1
6.310000,234.76,38.045,22.810,424,360,110.000,109,109,18.000,39.000,55.000,421,325,97,29,38,38,38,38,38,38,1,0,0,3,30,1
6.315000,238.06,37.411,22.430,426,363,110.000,109,109,18.000,39.000,55.000,414,328,99,30,38,38,38,38,38,38,1,0,0,3,30,1
6.320000,241.36,36.633,21.990,427,366,110.000,109,109,18.000,39.000,55.000,406,331,100,30,39,39,39,39,39,39,1,0,0,3,30,1
6.325000,244.66,35.722,21.450,427,368,110.000,109,109,18.000,39.000,55.000,396,333,102,30,40,40,40,40,40,40,1,0,0,3,30,1
6.330000,247.96,34.687,20.790,425,370,110.000,109,109,18.000,39.000,55.000,383,335,103,30,40,40,40,40,40,40,1,0,0,3,30,1
6.335000,251.26,33.544,20.140,422,373,110.000,109,109,18.000,39.000,55.000,371,338,105,31,41,41,41,41,41,41,1,0,0,3,30,1
6.340000,254.56,32.306,19.380,418,374,110.000,109,109,18.000,39.000,55.000,357,339,105,31,41,41,41,41,41,41,1,0,0,3,30,1
6.345000,257.86,30.989,18.560,412,376,110.000,109,109,18.000,39.000,55.000,342,341,107,31,42,42,42,42,42,42,1,0,0,3,30,1
6.350000,261.16,29.611,17.750,405,377,110.000,109,109,18.000,39.000,55.000,327,342,107,31,42,42,42,42,42,42,1,0,0,3,30,1
6.355000,264.46,28.190,16.930,397,378,110.000,109,109,18.000,39.000,55.000,312,343,108,31,42,42,42,42,42,42,1,0,0,3,30,1
6.360000,267.76,26.744,16.060,388,379,110.000,109,109,18.000,39.000,55.000,296,344,108,31,42,42,42,42,42,42,1,0,0,3,30,1
6.365000,271.06,25.292,15.190,378,379,110.000,109,109,18.000,39.000,55.000,280,344,108,31,42,42,42,42,42,42,1,0,0,3,30,1
6.370000,274.36,23.854,14.320,367,379,110.000,109,109,18.000,39.000,55.000,264,344,108,31,42,42,42,42,42,42,1,0,0,3,30,1
6.375000,277.66,22.449,13.450,355,378,110.000,109,109,18.000,39.000,55.000,248,343,108,31,42,42,42,42,42,42,1,0,0,3,30,1
6.380000,280.96,21.095,12.640,343,378,110.000,109,109,18.000,39.000,55.000,233,343,108,31,42,42,42,42,42,42,1,0,0,3,30,1
6.385000,284.26,19.811,11.870,331,377,110.000,109,109,18.000,39.000,55.000,219,342,107,31,42,42,42,42,42,42,1,0,0,3,30,1
6.390000,287.56,18.614,11.170,318,376,110.000,109,109,18.000,39.000,55.000,206,341,107,31,42,42,42,42,42,42,1,0,0,3,30,1
6.395000,290.86,17.520,10.510,306,375,110.000,109,109,18.000,39.000,55.000,194,340,106,31,41,41,41,41,41,41,1,0,0,3,30,1
6.400000,294.16,16.544,9.920,294,373,110.000,109,109,18.000,39.000,55.000,183,338,105,31,41,41,41,41,41,41,1,0,0,3,30,1
6.405000,297.46,15.700,9.430,281,372,110.000,109,109,18.000,39.000,55.000,174,337,104,30,41,41,41,41,41,41,1,0,0,3,30,1
6.410000,300.76,14.999,8.990,270,370,110.000,109,109,18.000,39.000,55.000,165,335,103,30,40,40,40,40,40,40,1,0,0,3,30,1
6.415000,304.06,14.451,8.670,259,368,110.000,109,109,18.000,39.000,55.000,160,333,102,30,40,40,40,40,40,40,1,0,0,3,30,1
6.420000,307.36,14.065,8.450,249,366,110.000,109,109,18.000,39.000,55.000,156,331,100,30,39,39,39,39,39,39,1,0,0,3,30,1
6.425000,310.66,13.845,8.280,240,363,110.000,109,109,18.000,39.000,55.000,152,328,99,30,38,38,38,38,38,38,1,0,0,3,30,1
6.430000,313.96,13.796,8.280,231,361,110.000,109,109,18.000,39.000,55.000,152,326,97,29,38,38,38,38,38,38,1,0,0,3,30,1
6.435000,317.26,13.919,8.340,224,358,110.000,109,109,18.000,39.000,55.000,153,323,96,29,37,37,37,37,37,37,1,0,0,3,30,1
6.440000,320.56,14.214,8.560,219,355,110.000,109,109,18.000,39.000,55.000,158,320,94,29,37,37,37,37,37,37,1,0,0,3,30,1
6.445000,323.86,14.678,8.770,214,353,110.000,109,109,18.000,39.000,55.000,161,318,93,29,36,36,36,36,36,36,1,0,0,3,30,1
6.450000,327.16,15.304,9.150,211,350,110.000,109,109,18.000,39.000,55.000,168,315,91,28,35,35,35,35,35,35,1,0,0,3,30,1
6.455000,330.46,16.088,9.640,209,347,110.000,109,109,18.000,39.000,55.000,177,312,89,28,35,35,35,35,35,35,1,0,0,3,30,1
6.460000,333.76,17.018,10.190,209,345,110.000,111,110,18.000,39.000,55.000,189,313,89,28,34,34,34,34,34,34,1,0,0,3,30,1
6.465000,337.06,18.083,10.840,211,342,110.000,111,110,18.000,39.000,55.000,201,310,87,28,34,34,34,34,34,34,1,0,0,3,30,1
6.470000,340.36,19.272,11.550,213,339,110.000,111,110,18.000,39.000,55.000,215,307,85,27,33,33,33,33,33,33,1,0,0,3,30,1
6.475000,343.66,20.569,12.360,218,337,110.000,111,110,18.000,39.000,55.000,230,305,84,27,32,32,32,32,32,32,1,0,0,3,30,1
6.480000,346.96,21.957,13.180,223,335,110.000,111,110,18.000,39.000,55.000,245,303,83,27,32,32,32,32,32,32,1,0,0,3,30,1
6.485000,350.26,23.421,14.050,230,333,110.000,109,110,18.000,39.000,55.000,261,301,82,27,32,32,32,32,32,32,1,0,0,3,30,1
6.490000,353.56,24.942,14.970,239,331,110.000,109,110,18.000,39.000,55.000,278,299,81,27,31,31,31,31,31,31,1,0,0,3,30,1
6.495000,356.86,26.501,15.900,248,329,110.000,109,110,18.000,39.000,55.000,296,297,80,26,31,31,31,31,31,31,1,0,0,3,30,1
6.500000,0.16,28.079,16.820,259,328,110.000,109,110,18.000,39.000,55.000,313,296,79,26,31,31,31,31,31,31,1,0,0,3,30,1
6.505000,3.46,29.656,17.800,270,326,110.000,109,110,18.000,39.000,55.000,331,294,78,26,30,30,30,30,30,30,1,0,0,3,30,1
6.510000,6.76,31.212,18.730,282,325,110.000,109,109,18.000,39.000,55.000,345,290,77,26,30,30,30,30,30,30,1,0,0,3,30,1
6.515000,10.06,32.728,19.650,295,325,110.000,109,109,18.000,39.000,55.000,362,290,77,26,30,30,30,30,30,30,1,0,0,3,30,1
6.520000,13.36,34.185,20.520,309,324,110.000,109,109,18.000,39.000,55.000,378,289,76,26,30,30,30,30,30,30,1,0,0,3,30,1
6.525000,16.66,35.566,21.340,322,324,110.000,109,109,18.000,39.000,55.000,394,289,76,26,30,30,30,30,30,30,1,0,0,3,30,1
6.530000,19.96,36.852,22.100,336,324,110.000,109,109,18.000,39.000,55.000,408,289,76,26,30,30,30,30,30,30,1,0,0,3,30,1
6.535000,23.26,38.029,22.810,350,325,110.000,109,109,18.000,39.000,55.000,421,290,77,26,30,30,30,30,30,30,1,0,0,3,30,1
6.540000,26.56,39.082,23.460,363,326,110.000,109,109,18.000,39.000,55.000,433,291,77,26,30,30,30,30,30,30,1,0,0,3,30,1
6.545000,29.86,39.998,24.000,376,328,110.000,109,109,18.000,39.000,55.000,443,293,79,26,31,31,31,31,31,31,1,0,0,3,30,1
6.550000,33.16,40.765,24.440,389,330,110.000,109,109,18.000,39.000,55.000,451,295,80,27,31,31,31,31,31,31,1,0,0,3,30,1
6.555000,36.46,41.376,24.820,401,333,110.000,109,109,18.000,39.000,55.000,458,298,81,27,32,32,32,32,32,32,1,0,0,3,30,1
6.560000,39.76,41.823,25.090,412,336,110.000,109,109,18.000,39.000,55.000,463,301,83,27,32,32,32,32,32,32,1,0,0,3,30,1
6.565000,43.06,42.101,25.260,422,339,110.000,109,109,18.000,39.000,55.000,466,304,85,27,33,33,33,33,33,33,1,0,0,3,30,1
6.570000,46.36,42.207,25.310,431,343,110.000,109,109,18.000,39.000,55.000,467,308,87,28,34,34,34,34,34,34,1,0,0,3,30,1
6.575000,49.66,42.141,25.260,439,347,110.000,109,109,18.000,39.000,55.000,466,312,89,28,35,35,35,35,35,35,1,0,0,3,30,1
6.580000,52.96,41.904,25.150,446,350,110.000,109,109,18.000,39.000,55.000,464,315,91,28,35,35,35,35,35,35,1,0,0,3,30,1
6.585000,56.26,41.501,24.870,451,354,110.000,109,109,18.000,39.000,55.000,459,319,93,29,36,36,36,36,36,36,1,0,0,3,30,1
6.590000,59.56,40.938,24.550,455,358,110.000,109,109,18.000,39.000,55.000,453,323,96,29,37,37,37,37,37,37,1,0,0,3,30,1
6.595000,62.86,40.222,24.110,457,362,110.000,109,109,18.000,39.000,55.000,445,327,98,30,38,38,38,38,38,38,1,0,0,3,30,1
6.600000,66.16,39.364,23.620,458,366,110.000,109,109,18.000,39.000,55.000,436,331,100,30,39,39,39,39,39,39,1,0,0,3,30,1
6.605000,69.46,38.376,23.030,458,370,110.000,109,109,18.000,39.000,55.000,425,335,103,30,40,40,40,40,40,40,1,0,0,3,30,1
6.610000,72.76,37.271,22.370,456,373,110.000,109,109,18.000,39.000,55.000,413,338,105,31,41,41,41,41,41,41,1,0,0,3,30,1
6.615000,76.06,36.064,21.610,452,377,110.000,109,109,18.000,39.000,55.000,399,342,107,31,42,42,42,42,42,42,1,0,0,3,30,1
6.620000,79.36,34.772,20.850,447,380,110.000,109,109,18.000,39.000,55.000,384,345,109,31,43,43,43,43,43,43,1,0,0,3,30,1
6.625000,82.66,33.413,20.030,441,382,110.000,109,109,18.000,39.000,55.000,369,347,110,31,43,43,43,43,43,43,1,0,0,3,30,1
6.630000,85.96,32.003,19.220,434,385,110.000,109,109,18.000,39.000,55.000,354,350,112,32,44,44,44,44,44,44,1,0,0,3,30,1
6.635000,89.26,30.563,18.350,425,386,110.000,109,109,18.000,39.000,55.000,338,351,113,32,44,44,44,44,44,44,1,0,0,3,30,1
6.640000,92.56,29.111,17.480,416,388,110.000,109,109,18.000,39.000,55.000,322,353,114,32,45,45,45,45,45,45,1,0,0,3,30,1
6.645000,95.86,27.667,16.610,406,389,110.000,109,109,18.000,39.000,55.000,306,354,115,32,45,45,45,45,45,45,1,0,0,3,30,1
6.650000,99.16,26.249,15.740,395,389,110.000,109,109,18.000,39.000,55.000,290,354,115,32,45,45,45,45,45,45,1,0,0,3,30,1
6.655000,102.46,24.876,14.920,383,389,110.000,109,109,18.000,39.000,55.000,275,354,115,32,45,45,45,45,45,45,1,0,0,3,30,1
6.660000,105.76,23.567,14.160,371,389,110.000,109,109,18.000,39.000,55.000,261,354,115,32,45,45,45,45,45,45,1,0,0,3,30,1
6.665000,109.06,22.337,13.400,358,388,110.000,109,109,18.000,39.000,55.000,247,353,114,32,45,45,45,45,45,45,1,0,0,3,30,1
6.670000,112.36,21.204,12.740,346,388,110.000,109,109,18.000,39.000,55.000,235,353,114,32,45,45,45,45,45,45,1,0,0,3,30,1
6.675000,115.66,20.181,12.090,334,387,110.000,109,109,18.000,39.000,55.000,223,352,114,32,44,44,44,44,44,44,1,0,0,3,30,1
6.680000,118.96,19.283,11.550,322,386,110.000,109,109,18.000,39.000,55.000,213,351,113,32,44,44,44,44,44,44,1,0,0,3,30,1
6.685000,122.26,18.519,11.110,310,384,110.000,109,109,18.000,39.000,55.000,205,349,112,32,44,44,44,44,44,44,1,0,0,3,30,1
6.690000,125.56,17.899,10.730,299,383,110.000,109,109,18.000,39.000,55.000,198,348,111,31,43,43,43,43,43,43,1,0,0,3,30,1
6.695000,128.86,17.432,10.460,288,381,110.000,109,109,18.000,39.000,55.000,193,346,110,31,43,43,43,43,43,43,1,0,0,3,30,1
6.700000,132.16,17.122,10.300,279,379,110.000,109,109,18.000,39.000,55.000,190,344,108,31,42,42,42,42,42,42,1,0,0,3,30,1
6.705000,135.46,16.973,10.190,270,377,110.000,109,109,18.000,39.000,55.000,188,342,107,31,42,42,42,42,42,42,1,0,0,3,30,1
6.710000,138.76,16.985,10.190,262,375,110.000,111,110,18.000,39.000,55.000,189,343,107,31,41,41,41,41,41,41,1,0,0,3,30,1
6.715000,142.06,17.158,10.300,256,373,110.000,111,110,18.000,39.000,55.000,191,341,106,31,41,41,41,41,41,41,1,0,0,3,30,1
6.720000,145.36,17.489,10.510,251,370,110.000,111,110,18.000,39.000,55.000,195,338,104,30,40,40,40,40,40,40,1,0,0,3,30,1
6.725000,148.66,17.971,10.790,247,368,110.000,111,110,18.000,39.000,55.000,201,336,102,30,40,40,40,40,40,40,1,0,0,3,30,1
6.730000,151.96,18.598,11.170,244,365,110.000,111,110,18.000,39.000,55.000,208,333,101,30,39,39,39,39,39,39,1,0,0,3,30,1
6.735000,155.26,19.360,11.600,243,363,110.000,109,110,18.000,39.000,55.000,216,331,99,30,38,38,38,38,38,38,1,0,0,3,30,1
6.740000,158.56,20.246,12.150,243,361,110.000,109,110,18.000,39.000,55.000,226,329,98,29,38,38,38,38,38,38,1,0,0,3,30,1
6.745000,161.86,21.243,12.740,245,359,110.000,109,110,18.000,39.000,55.000,237,327,97,29,38,38,38,38,38,38,1,0,0,3,30,1
6.750000,165.16,22.336,13.400,248,356,110.000,109,110,18.000,39.000,55.000,249,324,95,29,37,37,37,37,37,37,1,0,0,3,30,1
6.755000,168.46,23.511,14.100,252,354,110.000,109,110,18.000,39.000,55.000,262,322,94,29,36,36,36,36,36,36,1,0,0,3,30,1
6.760000,171.76,24.749,14.870,257,352,110.000,109,109,18.000,39.000,55.000,274,317,92,29,36,36,36,36,36,36,1,0,0,3,30,1
6.765000,175.06,26.033,15.630,264,351,110.000,109,109,18.000,39.000,55.000,288,316,91,29,36,36,36,36,36,36,1,0,0,3,30,1
6.770000,178.36,27.345,16.390,271,349,110.000,109,109,18.000,39.000,55.000,302,314,90,28,35,35,35,35,35,35,1,0,0,3,30,1
6.775000,181.66,28.667,17.210,280,347,110.000,109,109,18.000,39.000,55.000,317,312,89,28,35,35,35,35,35,35,1,0,0,3,30,1
6.780000,184.96,29.979,17.970,289,346,110.000,109,109,18.000,39.000,55.000,331,311,89,28,34,34,34,34,34,34,1,0,0,3,30,1
6.785000,188.26,31.263,18.730,299,345,110.000,109,109,18.000,39.000,55.000,345,310,88,28,34,34,34,34,34,34,1,0,0,3,30,1
6.790000,191.56,32.500,19.490,309,345,110.000,109,109,18.000,39.000,55.000,359,310,88,28,34,34,34,34,34,34,1,0,0,3,30,1
6.795000,194.86,33.674,20.200,320,344,110.000,109,109,18.000,39.000,55.000,372,309,87,28,34,34,34,34,34,34,1,0,0,3,30,1
6.800000,198.16,34.766,20.850,331,344,110.000,109,109,18.000,39.000,55.000,384,309,87,28,34,34,34,34,34,34,1,0,0,3,30,1
6.805000,201.46,35.762,21.450,343,344,110.000,109,109,18.000,39.000,55.000,396,309,87,28,34,34,34,34,34,34,1,0,0,3,30,1
6.810000,204.76,36.647,21.990,354,344,110.000,109,109,18.000,39.000,55.000,406,309,87,28,34,34,34,34,34,34,1,0,0,3,30,1
6.815000,208.06,37.408,22.430,364,344,110.000,109,109,18.000,39.000,55.000,414,309,87,28,34,34,34,34,34,34,1,0,0,3,30,1
6.820000,211.36,38.034,22.810,375,345,110.000,109,109,18.000,39.000,55.000,421,310,88,28,34,34,34,34,34,34,1,0,0,3,30,1
6.825000,214.66,38.515,23.080,384,347,110.000,109,109,18.000,39.000,55.000,426,312,89,28,35,35,35,35,35,35,1,0,0,3,30,1
6.830000,217.96,38.844,23.300,394,348,110.000,109,109,18.000,39.000,55.000,430,313,90,28,35,35,35,35,35,35,1,0,0,3,30,1
6.835000,221.26,39.016,23.410,402,350,110.000,109,109,18.000,39.000,55.000,432,315,91,28,35,35,35,35,35,35,1,0,0,3,30,1
6.840000,224.56,39.027,23.410,409,353,110.000,109,109,18.000,39.000,55.000,432,318,93,29,36,36,36,36,36,36,1,0,0,3,30,1
6.845000,227.86,38.876,23.300,415,355,110.000,109,109,18.000,39.000,55.000,430,320,94,29,37,37,37,37,37,37,1,0,0,3,30,1
6.850000,231.16,38.565,23.130,420,358,110.000,109,109,18.000,39.000,55.000,427,323,96,29,37,37,37,37,37,37,1,0,0,3,30,1
6.855000,234.46,38.096,22.860,424,360,110.000,109,109,18.000,39.000,55.000,422,325,97,29,38,38,38,38,38,38,1,0,0,3,30,1
6.860000,237.76,37.475,22.480,426,363,110.000,109,109,18.000,39.000,55.000,415,328,99,30,38,38,38,38,38,38,1,0,0,3,30,1
6.865000,241.06,36.710,22.050,427,365,110.000,109,109,18.000,39.000,55.000,407,330,100,30,39,39,39,39,39,39,1,0,0,3,30,1
6.870000,244.36,35.810,21.500,427,368,110.000,109,109,18.000,39.000,55.000,396,333,102,30,40,40,40,40,40,40,1,0,0,3,30,1
6.875000,247.66,34.786,20.850,425,370,110.000,109,109,18.000,39.000,55.000,384,335,103,30,40,40,40,40,40,40,1,0,0,3,30,1
6.880000,250.96,33.652,20.200,422,372,110.000,109,109,18.000,39.000,55.000,372,337,104,30,41,41,41,41,41,41,1,0,0,3,30,1
6.885000,254.26,32.422,19.440,418,374,110.000,109,109,18.000,39.000,55.000,358,339,105,31,41,41,41,41,41,41,1,0,0,3,30,1
6.890000,257.56,31.112,18.670,412,376,110.000,109,109,18.000,39.000,55.000,344,341,107,31,42,42,42,42,42,42,1,0,0,3,30,1
6.895000,260.86,29.738,17.860,406,377,110.000,109,109,18.000,39.000,55.000,329,342,107,31,42,42,42,42,42,42,1,0,0,3,30,1
6.900000,264.16,28.320,16.990,398,378,110.000,109,109,18.000,39.000,55.000,313,343,108,31,42,42,42,42,42,42,1,0,0,3,30,1
6.905000,267.46,26.876,16.120,388,379,110.000,109,109,18.000,39.000,55.000,297,344,108,31,42,42,42,42,42,42,1,0,0,3,30,1
6.910000,270.76,25.424,15.250,379,379,110.000,109,109,18.000,39.000,55.000,281,344,108,31,42,42,42,42,42,42,1,0,0,3,30,1
6.915000,274.06,23.984,14.380,368,379,110.000,109,109,18.000,39.000,55.000,265,344,108,31,42,42,42,42,42,42,1,0,0,3,30,1
6.920000,277.36,22.575,13.560,356,378,110.000,109,109,18.000,39.000,55.000,250,343,108,31,42,42,42,42,42,42,1,0,0,3,30,1
6.925000,280.66,21.216,12.740,344,378,110.000,109,109,18.000,39.000,55.000,235,343,108,31,42,42,42,42,42,42,1,0,0,3,30,1
6.930000,283.96,19.924,11.930,332,377,110.000,109,109,18.000,39.000,55.000,220,342,107,31,42,42,42,42,42,42,1,0,0,3,30,1
6.935000,287.26,18.719,11.220,320,376,110.000,109,109,18.000,39.000,55.000,207,341,107,31,42,42,42,42,42,42,1,0,0,3,30,1
6.940000,290.56,17.615,10.570,307,375,110.000,109,109,18.000,39.000,55.000,195,340,106,31,41,41,41,41,41,41,1,0,0,3,30,1
6.945000,293.86,16.628,9.970,295,374,110.000,109,109,18.000,39.000,55.000,184,339,105,31,41,41,41,41,41,41,1,0,0,3,30,1
6.950000,297.16,15.771,9.480,283,372,110.000,109,109,18.000,39.000,55.000,175,337,104,30,41,41,41,41,41,41,1,0,0,3,30,1
6.955000,300.46,15.057,9.050,271,370,110.000,109,109,18.000,39.000,55.000,167,335,103,30,40,40,40,40,40,40,1,0,0,3,30,1
6.960000,303.76,14.494,8.670,260,368,110.000,111,110,18.000,39.000,55.000,161,336,102,30,40,40,40,40,40,40,1,0,0,3,30,1
6.965000,307.06,14.093,8.450,250,366,110.000,111,110,18.000,39.000,55.000,157,334,101,30,39,39,39,39,39,39,1,0,0,3,30,1
6.970000,310.36,13.858,8.280,240,363,110.000,111,110,18.000,39.000,55.000,154,331,99,30,38,38,38,38,38,38,1,0,0,3,30,1
6.975000,313.66,13.793,8.280,232,361,110.000,111,110,18.000,39.000,55.000,154,329,98,29,38,38,38,38,38,38,1,0,0,3,30,1
6.980000,316.96,13.901,8.340,225,358,110.000,111,110,18.000,39.000,55.000,155,326,96,29,37,37,37,37,37,37,1,0,0,3,30,1
6.985000,320.26,14.180,8.500,219,356,110.000,109,110,18.000,39.000,55.000,158,324,95,29,37,37,37,37,37,37,1,0,0,3,30,1
6.990000,323.56,14.629,8.770,214,353,110.000,109,110,18.000,39.000,55.000,163,321,93,29,36,36,36,36,36,36,1,0,0,3,30,1
6.995000,326.86,15.241,9.150,211,350,110.000,109,110,18.000,39.000,55.000,170,318,92,28,35,35,35,35,35,35,1,0,0,3,30,1
7.000000,330.16,16.010,9.590,210,348,110.000,109,110,18.000,39.000,55.000,178,316,90,28,35,35,35,35,35,35,1,0,0,3,30,1
7.005000,333.46,16.927,10.130,209,345,110.000,109,110,18.000,39.000,55.000,188,313,89,28,34,34,34,34,34,34,1,0,0,3,30,1
7.010000,336.76,17.981,10.790,210,342,110.000,109,109,18.000,39.000,55.000,199,307,86,28,34,34,34,34,34,34,1,0,0,3,30,1
7.015000,340.06,19.159,11.490,213,340,110.000,109,109,18.000,39.000,55.000,212,305,85,28,33,33,33,33,33,33,1,0,0,3,30,1
7.020000,343.36,20.447,12.260,217,337,110.000,109,109,18.000,39.000,55.000,226,302,83,27,32,32,32,32,32,32,1,0,0,3,30,1
7.025000,346.66,21.828,13.070,223,335,110.000,109,109,18.000,39.000,55.000,241,300,82,27,32,32,32,32,32,32,1,0,0,3,30,1
7.030000,349.96,23.286,14.000,230,333,110.000,109,109,18.000,39.000,55.000,258,298,81,27,32,32,32,32,32,32,1,0,0,3,30,1
7.035000,353.26,24.802,14.870,238,331,110.000,109,109,18.000,39.000,55.000,274,296,80,27,31,31,31,31,31,31,1,0,0,3,30,1
7.040000,356.56,26.359,15.790,247,329,110.000,109,109,18.000,39.000,55.000,291,294,79,27,31,31,31,31,31,31,1,0,0,3,30,1
7.045000,359.86,27.935,16.770,258,328,110.000,109,109,18.000,39.000,55.000,309,293,79,26,31,31,31,31,31,31,1,0,0,3,30,1
7.050000,3.16,29.513,17.690,269,326,110.000,109,109,18.000,39.000,55.000,326,291,77,26,30,30,30,30,30,30,1,0,0,3,30,1
7.055000,6.46,31.072,18.620,281,325,110.000,109,109,18.000,39.000,55.000,343,290,77,26,30,30,30,30,30,30,1,0,0,3,30,1
7.060000,9.76,32.592,19.540,294,325,110.000,109,109,18.000,39.000,55.000,360,290,77,26,30,30,30,30,30,30,1,0,0,3,30,1
7.065000,13.06,34.056,20.410,307,324,110.000,109,109,18.000,39.000,55.000,376,289,76,26,30,30,30,30,30,30,1,0,0,3,30,1
7.070000,16.36,35.444,21.280,321,324,110.000,109,109,18.000,39.000,55.000,392,289,76,26,30,30,30,30,30,30,1,0,0,3,30,1
7.075000,19.66,36.740,22.050,335,324,110.000,109,109,18.000,39.000,55.000,407,289,76,26,30,30,30,30,30,30,1,0,0,3,30,1
7.080000,22.96,37.927,22.750,349,325,110.000,109,109,18.000,39.000,55.000,420,290,77,26,30,30,30,30,30,30,1,0,0,3,30,1
7.085000,26.26,38.992,23.410,362,326,110.000,109,109,18.000,39.000,55.000,432,291,77,26,30,30,30,30,30,30,1,0,0,3,30,1
7.090000,29.56,39.920,23.950,375,328,110.000,109,109,18.000,39.000,55.000,442,293,79,26,31,31,31,31,31,31,1,0,0,3,30,1
7.095000,32.86,40.702,24.380,388,330,110.000,109,109,18.000,39.000,55.000,450,295,80,27,31,31,31,31,31,31,1,0,0,3,30,1
7.100000,36.16,41.327,24.770,400,333,110.000,109,109,18.000,39.000,55.000,457,298,81,27,32,32,32,32,32,32,1,0,0,3,30,1
7.105000,39.46,41.789,25.090,411,336,110.000,109,109,18.000,39.000,55.000,463,301,83,27,32,32,32,32,32,32,1,0,0,3,30,1
7.110000,42.76,42.083,25.260,422,339,110.000,109,109,18.000,39.000,55.000,466,304,85,27,33,33,33,33,33,33,1,0,0,3,30,1
7.115000,46.06,42.204,25.310,431,342,110.000,109,109,18.000,39.000,55.000,467,307,86,28,34,34,34,34,34,34,1,0,0,3,30,1
7.120000,49.36,42.154,25.310,439,346,110.000,109,109,18.000,39.000,55.000,467,311,89,28,34,34,34,34,34,34,1,0,0,3,30,1
7.125000,52.66,41.933,25.150,445,350,110.000,109,109,18.000,39.000,55.000,464,315,91,28,35,35,35,35,35,35,1,0,0,3,30,1
7.130000,55.96,41.545,24.930,451,354,110.000,109,109,18.000,39.000,55.000,460,319,93,29,36,36,36,36,36,36,1,0,0,3,30,1
7.135000,59.26,40.995,24.600,455,358,110.000,109,109,18.000,39.000,55.000,454,323,96,29,37,37,37,37,37,37,1,0,0,3,30,1
7.140000,62.56,40.293,24.170,457,362,110.000,109,109,18.000,39.000,55.000,446,327,98,30,38,38,38,38,38,38,1,0,0,3,30,1
7.145000,65.86,39.447,23.680,458,366,110.000,109,109,18.000,39.000,55.000,437,331,100,30,39,39,39,39,39,39,1,0,0,3,30,1
7.150000,69.16,38.470,23.080,458,370,110.000,109,109,18.000,39.000,55.000,426,335,103,30,40,40,40,40,40,40,1,0,0,3,30,1
7.155000,72.46,37.376,22.430,456,373,110.000,109,109,18.000,39.000,55.000,414,338,105,31,41,41,41,41,41,41,1,0,0,3,30,1
7.160000,75.76,36.178,21.720,453,376,110.000,109,109,18.000,39.000,55.000,401,341,107,31,42,42,42,42,42,42,1,0,0,3,30,1
7.165000,79.06,34.893,20.900,448,379,110.000,109,109,18.000,39.000,55.000,385,344,108,31,42,42,42,42,42,42,1,0,0,3,30,1
7.170000,82.36,33.539,20.140,442,382,110.000,109,109,18.000,39.000,55.000,371,347,110,31,43,43,43,43,43,43,1,0,0,3,30,1
7.175000,85.66,32.133,19.270,435,384,110.000,109,109,18.000,39.000,55.000,355,349,112,32,44,44,44,44,44,44,1,0,0,3,30,1
7.180000,88.96,30.695,18.400,426,386,110.000,109,109,18.000,39.000,55.000,339,351,113,32,44,44,44,44,44,44,1,0,0,3,30,1
7.185000,92.26,29.243,17.530,417,388,110.000,109,109,18.000,39.000,55.000,323,353,114,32,45,45,45,45,45,45,1,0,0,3,30,1
7.190000,95.56,27.797,16.660,407,389,110.000,109,109,18.000,39.000,55.000,307,354,115,32,45,45,45,45,45,45,1,0,0,3,30,1
7.195000,98.86,26.376,15.850,396,389,110.000,109,109,18.000,39.000,55.000,292,354,115,32,45,45,45,45,45,45,1,0,0,3,30,1
7.200000,102.16,24.999,14.970,384,389,110.000,109,109,18.000,39.000,55.000,276,354,115,32,45,45,45,45,45,45,1,0,0,3,30,1
7.205000,105.46,23.683,14.210,372,389,110.000,109,109,18.000,39.000,55.000,262,354,115,32,45,45,45,45,45,45,1,0,0,3,30,1
7.210000,108.76,22.445,13.450,360,388,110.000,111,110,18.000,39.000,55.000,250,357,115,32,45,45,45,45,45,45,1,0,0,3,30,1
7.215000,112.06,21.303,12.800,347,388,110.000,111,110,18.000,39.000,55.000,238,357,115,32,45,45,45,45,45,45,1,0,0,3,30,1
7.220000,115.36,20.269,12.150,335,387,110.000,111,110,18.000,39.000,55.000,226,356,115,32,44,44,44,44,44,44,1,0,0,3,30,1
7.225000,118.66,19.359,11.600,323,386,110.000,111,110,18.000,39.000,55.000,216,354,114,32,44,44,44,44,44,44,1,0,0,3,30,1
7.230000,121.96,18.582,11.170,311,384,110.000,111,110,18.000,39.000,55.000,208,353,113,32,44,44,44,44,44,44,1,0,0,3,30,1
7.235000,125.26,17.949,10.790,300,383,110.000,109,110,18.000,39.000,55.000,201,351,112,31,43,43,43,43,43,43,1,0,0,3,30,1
7.240000,128.56,17.468,10.460,289,381,110.000,109,110,18.000,39.000,55.000,194,349,111,31,43,43,43,43,43,43,1,0,0,3,30,1
7.245000,131.86,17.144,10.300,279,379,110.000,109,110,18.000,39.000,55.000,191,347,109,31,42,42,42,42,42,42,1,0,0,3,30,1
7.250000,135.16,16.980,10.190,271,377,110.000,109,110,18.000,39.000,55.000,189,345,108,31,42,42,42,42,42,42,1,0,0,3,30,1
7.255000,138.46,16.977,10.190,263,375,110.000,109,110,18.000,39.000,55.000,189,343,107,31,41,41,41,41,41,41,1,0,0,3,30,1
7.260000,141.76,17.136,10.300,256,373,110.000,109,109,18.000,39.000,55.000,190,338,105,31,41,41,41,41,41,41,1,0,0,3,30,1
7.265000,145.06,17.452,10.460,251,370,110.000,109,109,18.000,39.000,55.000,193,335,103,30,40,40,40,40,40,40,1,0,0,3,30,1
7.270000,148.36,17.921,10.730,247,368,110.000,109,109,18.000,39.000,55.000,198,333,102,30,40,40,40,40,40,40,1,0,0,3,30,1
7.275000,151.66,18.536,11.110,244,366,110.000,109,109,18.000,39.000,55.000,205,331,100,30,39,39,39,39,39,39,1,0,0,3,30,1
7.280000,154.96,19.286,11.550,243,363,110.000,109,109,18.000,39.000,55.000,213,328,99,30,38,38,38,38,38,38,1,0,0,3,30,1
7.285000,158.26,20.161,12.090,243,361,110.000,109,109,18.000,39.000,55.000,223,326,97,29,38,38,38,38,38,38,1,0,0,3,30,1
7.290000,161.56,21.148,12.690,245,359,110.000,109,109,18.000,39.000,55.000,234,324,96,29,38,38,38,38,38,38,1,0,0,3,30,1
7.295000,164.86,22.234,13.340,247,357,110.000,109,109,18.000,39.000,55.000,246,322,95,29,37,37,37,37,37,37,1,0,0,3,30,1
7.300000,168.16,23.401,14.050,251,354,110.000,109,109,18.000,39.000,55.000,259,319,93,29,36,36,36,36,36,36,1,0,0,3,30,1
7.305000,171.46,24.634,14.760,257,352,110.000,109,109,18.000,39.000,55.000,272,317,92,29,36,36,36,36,36,36,1,0,0,3,30,1
7.310000,174.76,25.915,15.520,263,351,110.000,109,109,18.000,39.000,55.000,286,316,91,29,36,36,36,36,36,36,1,0,0,3,30,1
7.315000,178.06,27.225,16.330,270,349,110.000,109,109,18.000,39.000,55.000,301,314,90,28,35,35,35,35,35,35,1,0,0,3,30,1
7.320000,181.36,28.547,17.100,279,348,110.000,109,109,18.000,39.000,55.000,315,313,90,28,35,35,35,35,35,35,1,0,0,3,30,1
7.325000,184.66,29.861,17.910,288,346,110.000,109,109,18.000,39.000,55.000,330,311,89,28,34,34,34,34,34,34,1,0,0,3,30,1
7.330000,187.96,31.148,18.670,298,345,110.000,109,109,18.000,39.000,55.000,344,310,88,28,34,34,34,34,34,34,1,0,0,3,30,1
7.335000,191.26,32.390,19.440,309,345,110.000,109,109,18.000,39.000,55.000,358,310,88,28,34,34,34,34,34,34,1,0,0,3,30,1
7.340000,194.56,33.570,20.140,319,344,110.000,109,109,18.000,39.000,55.000,371,309,87,28,34,34,34,34,34,34,1,0,0,3,30,1
7.345000,197.86,34.671,20.790,330,344,110.000,109,109,18.000,39.000,55.000,383,309,87,28,34,34,34,34,34,34,1,0,0,3,30,1
7.350000,201.16,35.676,21.390,342,344,110.000,109,109,18.000,39.000,55.000,394,309,87,28,34,34,34,34,34,34,1,0,0,3,30,1
7.355000,204.46,36.572,21.940,353,344,110.000,109,109,18.000,39.000,55.000,405,309,87,28,34,34,34,34,34,34,1,0,0,3,30,1
7.360000,207.76,37.344,22.430,363,344,110.000,109,109,18.000,39.000,55.000,414,309,87,28,34,34,34,34,34,34,1,0,0,3,30,1
7.365000,211.06,37.983,22.750,374,345,110.000,109,109,18.000,39.000,55.000,420,310,88,28,34,34,34,34,34,34,1,0,0,3,30,1
7.370000,214.36,38.477,23.080,384,347,110.000,109,109,18.000,39.000,55.000,426,312,89,28,35,35,35,35,35,35,1,0,0,3,30,1
7.375000,217.66,38.821,23.300,393,348,110.000,109,109,18.000,39.000,55.000,430,313,90,28,35,35,35,35,35,35,1,0,0,3,30,1
7.380000,220.96,39.007,23.410,401,350,110.000,109,109,18.000,39.000,55.000,432,315,91,28,35,35,35,35,35,35,1,0,0,3,30,1
7.385000,224.26,39.032,23.410,408,352,110.000,109,109,18.000,39.000,55.000,432,317,92,29,36,36,36,36,36,36,1,0,0,3,30,1
7.390000,227.56,38.896,23.350,415,355,110.000,109,109,18.000,39.000,55.000,431,320,94,29,37,37,37,37,37,37,1,0,0,3,30,1
7.395000,230.86,38.599,23.130,420,357,110.000,109,109,18.000,39.000,55.000,427,322,95,29,37,37,37,37,37,37,1,0,0,3,30,1
7.400000,234.16,38.145,22.860,424,360,110.000,109,109,18.000,39.000,55.000,422,325,97,29,38,38,38,38,38,38,1,0,0,3,30,1
7.405000,237.46,37.538,22.540,426,363,110.000,109,109,18.000,39.000,55.000,416,328,99,30,38,38,38,38,38,38,1,0,0,3,30,1
7.410000,240.76,36.785,22.050,427,365,110.000,109,109,18.000,39.000,55.000,407,330,100,30,39,39,39,39,39,39,1,0,0,3,30,1
7.415000,244.06,35.897,21.560,427,368,110.000,109,109,18.000,39.000,55.000,398,333,102,30,40,40,40,40,40,40,1,0,0,3,30,1
7.420000,247.36,34.884,20.900,426,370,110.000,109,109,18.000,39.000,55.000,385,335,103,30,40,40,40,40,40,40,1,0,0,3,30,1
7.425000,250.66,33.759,20.250,423,372,110.000,109,109,18.000,39.000,55.000,373,337,104,30,41,41,41,41,41,41,1,0,0,3,30,1
7.430000,253.96,32.537,19.540,419,374,110.000,109,109,18.000,39.000,55.000,360,339,105,31,41,41,41,41,41,41,1,0,0,3,30,1
7.435000,257.26,31.234,18.730,413,376,110.000,109,109,18.000,39.000,55.000,345,341,107,31,42,42,42,42,42,42,1,0,0,3,30,1
7.440000,260.56,29.865,17.910,406,377,110.000,109,109,18.000,39.000,55.000,330,342,107,31,42,42,42,42,42,42,1,0,0,3,30,1
7.445000,263.86,28.451,17.100,398,378,110.000,109,109,18.000,39.000,55.000,315,343,108,31,42,42,42,42,42,42,1,0,0,3,30,1
7.450000,267.16,27.008,16.230,389,379,110.000,109,109,18.000,39.000,55.000,299,344,108,31,42,42,42,42,42,42,1,0,0,3,30,1
7.455000,270.46,25.556,15.360,379,379,110.000,109,109,18.000,39.000,55.000,283,344,108,31,42,42,42,42,42,42,1,0,0,3,30,1
7.460000,273.76,24.114,14.490,369,379,110.000,111,110,18.000,39.000,55.000,270,347,109,31,42,42,42,42,42,42,1,0,0,3,30,1
7.465000,277.06,22.701,13.620,357,379,110.000,111,110,18.000,39.000,55.000,253,347,109,31,42,42,42,42,42,42,1,0,0,3,30,1
7.470000,280.36,21.337,12.800,345,378,110.000,111,110,18.000,39.000,55.000,238,346,109,31,42,42,42,42,42,42,1,0,0,3,30,1
7.475000,283.66,20.039,12.040,333,377,110.000,111,110,18.000,39.000,55.000,224,345,108,31,42,42,42,42,42,42,1,0,0,3,30,1
7.480000,286.96,18.824,11.280,321,376,110.000,111,110,18.000,39.000,55.000,210,344,107,31,42,42,42,42,42,42,1,0,0,3,30,1
7.485000,290.26,17.711,10.620,308,375,110.000,109,110,18.000,39.000,55.000,197,343,107,31,41,41,41,41,41,41,1,0,0,3,30,1
7.490000,293.56,16.712,10.030,296,374,110.000,109,110,18.000,39.000,55.000,186,342,106,31,41,41,41,41,41,41,1,0,0,3,30,1
7.495000,296.86,15.843,9.480,284,372,110.000,109,110,18.000,39.000,55.000,176,340,105,30,41,41,41,41,41,41,1,0,0,3,30,1
7.500000,300.16,15.115,9.050,272,370,110.000,109,110,18.000,39.000,55.000,168,338,104,30,40,40,40,40,40,40,1,0,0,3,30,1
7.505000,303.46,14.539,8.720,261,368,110.000,109,110,18.000,39.000,55.000,162,336,102,30,40,40,40,40,40,40,1,0,0,3,30,1
7.510000,306.76,14.123,8.450,251,366,110.000,109,109,18.000,39.000,55.000,156,331,100,30,39,39,39,39,39,39,1,0,0,3,30,1
7.515000,310.06,13.872,8.340,241,364,110.000,109,109,18.000,39.000,55.000,153,329,99,30,39,39,39,39,39,39,1,0,0,3,30,1
7.520000,313.36,13.792,8.280,233,361,110.000,109,109,18.000,39.000,55.000,152,326,97,29,38,38,38,38,38,38,1,0,0,3,30,1
7.525000,316.66,13.884,8.340,226,359,110.000,109,109,18.000,39.000,55.000,153,324,96,29,38,38,38,38,38,38,1,0,0,3,30,1
7.530000,319.96,14.148,8.500,219,356,110.000,109,109,18.000,39.000,55.000,156,321,94,29,37,37,37,37,37,37,1,0,0,3,30,1
7.535000,323.26,14.581,8.770,215,353,110.000,109,109,18.000,39.000,55.000,161,318,93,29,36,36,36,36,36,36,1,0,0,3,30,1
7.540000,326.56,15.179,9.100,212,350,110.000,109,109,18.000,39.000,55.000,168,315,91,28,35,35,35,35,35,35,1,0,0,3,30,1
7.545000,329.86,15.934,9.540,210,348,110.000,109,109,18.000,39.000,55.000,176,313,90,28,35,35,35,35,35,35,1,0,0,3,30,1
7.550000,333.16,16.838,10.080,209,345,110.000,109,109,18.000,39.000,55.000,186,310,88,28,34,34,34,34,34,34,1,0,0,3,30,1
7.555000,336.46,17.880,10.730,210,342,110.000,109,109,18.000,39.000,55.000,198,307,86,28,34,34,34,34,34,34,1,0,0,3,30,1
7.560000,339.76,19.047,11.440,213,340,110.000,109,109,18.000,39.000,55.000,211,305,85,28,33,33,33,33,33,33,1,0,0,3,30,1
7.565000,343.06,20.325,12.200,217,337,110.000,109,109,18.000,39.000,55.000,225,302,83,27,32,32,32,32,32,32,1,0,0,3,30,1
7.570000,346.36,21.699,13.020,222,335,110.000,109,109,18.000,39.000,55.000,240,300,82,27,32,32,32,32,32,32,1,0,0,3,30,1
7.575000,349.66,23.151,13.890,229,333,110.000,109,109,18.000,39.000,55.000,256,298,81,27,32,32,32,32,32,32,1,0,0,3,30,1
7.580000,352.96,24.663,14.810,237,331,110.000,109,109,18.000,39.000,55.000,273,296,80,27,31,31,31,31,31,31,1,0,0,3,30,1
7.585000,356.26,26.216,15.740,246,329,110.000,109,109,18.000,39.000,55.000,290,294,79,27,31,31,31,31,31,31,1,0,0,3,30,1
7.590000,359.56,27.792,16.660,257,328,110.000,109,109,18.000,39.000,55.000,307,293,79,26,31,31,31,31,31,31,1,0,0,3,30,1
7.595000,2.86,29.370,17.640,268,327,110.000,109,109,18.000,39.000,55.000,325,292,78,26,30,30,30,30,30,30,1,0,0,3,30,1
7.600000,6.16,30.931,18.560,280,326,110.000,109,109,18.000,39.000,55.000,342,291,77,26,30,30,30,30,30,30,1,0,0,3,30,1
7.605000,9.46,32.456,19.490,293,325,110.000,109,109,18.000,39.000,55.000,359,290,77,26,30,30,30,30,30,30,1,0,0,3,30,1
7.610000,12.76,33.925,20.360,306,324,110.000,109,109,18.000,39.000,55.000,375,289,76,26,30,30,30,30,30,30,1,0,0,3,30,1
7.615000,16.06,35.321,21.180,320,324,110.000,109,109,18.000,39.000,55.000,391,289,76,26,30,30,30,30,30,30,1,0,0,3,30,1
7.620000,19.36,36.626,21.990,334,324,110.000,109,109,18.000,39.000,55.000,406,289,76,26,30,30,30,30,30,30,1,0,0,3,30,1
7.625000,22.66,37.824,22.700,347,325,110.000,109,109,18.000,39.000,55.000,419,290,77,26,30,30,30,30,30,30,1,0,0,3,30,1
7.630000,25.96,38.900,23.350,361,326,110.000,109,109,18.000,39.000,55.000,431,291,77,26,30,30,30,30,30,30,1,0,0,3,30,1
7.635000,29.26,39.842,23.900,374,328,110.000,109,109,18.000,39.000,55.000,441,293,79,26,31,31,31,31,31,31,1,0,0,3,30,1
7.640000,32.56,40.637,24.380,387,330,110.000,109,109,18.000,39.000,55.000,450,295,80,27,31,31,31,31,31,31,1,0,0,3,30,1
7.645000,35.86,41.277,24.770,399,332,110.000,109,109,18.000,39.000,55.000,457,297,81,27,31,31,31,31,31,31,1,0,0,3,30,1
7.650000,39.16,41.754,25.040,410,335,110.000,109,109,18.000,39.000,55.000,462,300,82,27,32,32,32,32,32,32,1,0,0,3,30,1
7.655000,42.46,42.063,25.260,421,339,110.000,109,109,18.000,39.000,55.000,466,304,85,27,33,33,33,33,33,33,1,0,0,3,30,1
7.660000,45.76,42.200,25.310,430,342,110.000,109,109,18.000,39.000,55.000,467,307,86,28,34,34,34,34,34,34,1,0,0,3,30,1
7.665000,49.06,42.166,25.310,438,346,110.000,109,109,18.000,39.000,55.000,467,311,89,28,34,34,34,34,34,34,1,0,0,3,30,1
7.670000,52.36,41.960,25.150,445,350,110.000,109,109,18.000,39.000,55.000,464,315,91,28,35,35,35,35,35,35,1,0,0,3,30,1
7.675000,55.66,41.587,24.930,450,354,110.000,109,109,18.000,39.000,55.000,460,319,93,29,36,36,36,36,36,36,1,0,0,3,30,1
7.680000,58.96,41.052,24.600,454,358,110.000,109,109,18.000,39.000,55.000,454,323,96,29,37,37,37,37,37,37,1,0,0,3,30,1
7.685000,62.26,40.363,24.220,457,362,110.000,109,109,18.000,39.000,55.000,447,327,98,30,38,38,38,38,38,38,1,0,0,3,30,1
7.690000,65.56,39.530,23.730,458,366,110.000,109,109,18.000,39.000,55.000,438,331,100,30,39,39,39,39,39,39,1,0,0,3,30,1
7.695000,68.86,38.564,23.130,458,369,110.000,109,109,18.000,39.000,55.000,427,334,102,30,40,40,40,40,40,40,1,0,0,3,30,1
7.700000,72.16,37.480,22.480,456,373,110.000,109,109,18.000,39.000,55.000,415,338,105,31,41,41,41,41,41,41,1,0,0,3,30,1
7.705000,75.46,36.290,21.770,453,376,110.000,109,109,18.000,39.000,55.000,401,341,107,31,42,42,42,42,42,42,1,0,0,3,30,1
7.710000,78.76,35.013,21.010,448,379,110.000,111,110,18.000,39.000,55.000,391,347,109,31,42,42,42,42,42,42,1,0,0,3,30,1
7.715000,82.06,33.664,20.200,443,382,110.000,111,110,18.000,39.000,55.000,376,351,111,31,43,43,43,43,43,43,1,0,0,3,30,1
7.720000,85.36,32.262,19.330,435,384,110.000,111,110,18.000,39.000,55.000,360,353,113,32,44,44,44,44,44,44,1,0,0,3,30,1
7.725000,88.66,30.826,18.510,427,386,110.000,111,110,18.000,39.000,55.000,344,354,114,32,44,44,44,44,44,44,1,0,0,3,30,1
7.730000,91.96,29.375,17.640,418,387,110.000,111,110,18.000,39.000,55.000,328,356,115,32,44,44,44,44,44,44,1,0,0,3,30,1
7.735000,95.26,27.928,16.770,408,388,110.000,109,110,18.000,39.000,55.000,312,357,115,32,45,45,45,45,45,45,1,0,0,3,30,1
7.740000,98.56,26.504,15.900,397,389,110.000,109,110,18.000,39.000,55.000,296,358,116,32,45,45,45,45,45,45,1,0,0,3,30,1
7.745000,101.86,25.122,15.080,385,389,110.000,109,110,18.000,39.000,55.000,281,358,116,32,45,45,45,45,45,45,1,0,0,3,30,1
7.750000,105.16,23.799,14.270,373,389,110.000,109,110,18.000,39.000,55.000,265,358,116,32,45,45,45,45,45,45,1,0,0,3,30,1
7.755000,108.46,22.554,13.510,361,388,110.000,109,110,18.000,39.000,55.000,251,357,115,32,45,45,45,45,45,45,1,0,0,3,30,1
7.760000,111.76,21.402,12.850,348,388,110.000,109,109,18.000,39.000,55.000,237,353,114,32,45,45,45,45,45,45,1,0,0,3,30,1
7.765000,115.06,20.359,12.200,336,387,110.000,109,109,18.000,39.000,55.000,225,352,114,32,44,44,44,44,44,44,1,0,0,3,30,1
7.770000,118.36,19.436,11.660,324,386,110.000,109,109,18.000,39.000,55.000,215,351,113,32,44,44,44,44,44,44,1,0,0,3,30,1
7.775000,121.66,18.647,11.170,312,385,110.000,109,109,18.000,39.000,55.000,206,350,112,32,44,44,44,44,44,44,1,0,0,3,30,1
7.780000,124.96,18.001,10.790,301,383,110.000,109,109,18.000,39.000,55.000,199,348,111,31,43,43,43,43,43,43,1,0,0,3,30,1
7.785000,128.26,17.505,10.510,290,381,110.000,109,109,18.000,39.000,55.000,194,346,110,31,43,43,43,43,43,43,1,0,0,3,30,1
7.790000,131.56,17.166,10.300,280,379,110.000,109,109,18.000,39.000,55.000,190,344,108,31,42,42,42,42,42,42,1,0,0,3,30,1
7.795000,134.86,16.988,10.190,271,377,110.000,109,109,18.000,39.000,55.000,188,342,107,31,42,42,42,42,42,42,1,0,0,3,30,1
7.800000,138.16,16.971,10.190,264,375,110.000,109,109,18.000,39.000,55.000,188,340,106,31,41,41,41,41,41,41,1,0,0,3,30,1
7.805000,141.46,17.115,10.300,257,373,110.000,109,109,18.000,39.000,55.000,190,338,105,31,41,41,41,41,41,41,1,0,0,3,30,1
7.810000,144.76,17.417,10.460,252,371,110.000,109,109,18.000,39.000,55.000,193,336,104,30,40,40,40,40,40,40,1,0,0,3,30,1
7.815000,148.06,17.873,10.730,247,368,110.000,109,109,18.000,39.000,55.000,198,333,102,30,40,40,40,40,40,40,1,0,0,3,30,1
7.820000,151.36,18.474,11.060,245,366,110.000,109,109,18.000,39.000,55.000,204,331,100,30,39,39,39,39,39,39,1,0,0,3,30,1
7.825000,154.66,19.212,11.490,243,364,110.000,109,109,18.000,39.000,55.000,212,329,99,30,39,39,39,39,39,39,1,0,0,3,30,1
7.830000,157.96,20.077,12.040,243,361,110.000,109,109,18.000,39.000,55.000,222,326,97,29,38,38,38,38,38,38,1,0,0,3,30,1
7.835000,161.26,21.054,12.640,244,359,110.000,109,109,18.000,39.000,55.000,233,324,96,29,38,38,38,38,38,38,1,0,0,3,30,1
7.840000,164.56,22.131,13.290,247,357,110.000,109,109,18.000,39.000,55.000,245,322,95,29,37,37,37,37,37,37,1,0,0,3,30,1
7.845000,167.86,23.292,14.000,251,355,110.000,109,109,18.000,39.000,55.000,258,320,94,29,37,37,37,37,37,37,1,0,0,3,30,1
7.850000,171.16,24.520,14.700,256,353,110.000,109,109,18.000,39.000,55.000,271,318,93,29,36,36,36,36,36,36,1,0,0,3,30,1
7.855000,174.46,25.797,15.460,262,351,110.000,109,109,18.000,39.000,55.000,285,316,91,29,36,36,36,36,36,36,1,0,0,3,30,1
7.860000,177.76,27.105,16.280,270,349,110.000,109,109,18.000,39.000,55.000,300,314,90,28,35,35,35,35,35,35,1,0,0,3,30,1
7.865000,181.06,28.427,17.040,278,348,110.000,109,109,18.000,39.000,55.000,314,313,90,28,35,35,35,35,35,35,1,0,0,3,30,1
7.870000,184.36,29.742,17.860,287,347,110.000,109,109,18.000,39.000,55.000,329,312,89,28,35,35,35,35,35,35,1,0,0,3,30,1
7.875000,187.66,31.032,18.620,297,345,110.000,109,109,18.000,39.000,55.000,343,310,88,28,34,34,34,34,34,34,1,0,0,3,30,1
7.880000,190.96,32.280,19.380,308,345,110.000,109,109,18.000,39.000,55.000,357,310,88,28,34,34,34,34,34,34,1,0,0,3,30,1
7.885000,194.26,33.466,20.090,318,344,110.000,109,109,18.000,39.000,55.000,370,309,87,28,34,34,34,34,34,34,1,0,0,3,30,1
7.890000,197.56,34.574,20.740,329,344,110.000,109,109,18.000,39.000,55.000,382,309,87,28,34,34,34,34,34,34,1,0,0,3,30,1
7.895000,200.86,35.589,21.340,341,344,110.000,109,109,18.000,39.000,55.000,394,309,87,28,34,34,34,34,34,34,1,0,0,3,30,1
7.900000,204.16,36.495,21.880,352,344,110.000,109,109,18.000,39.000,55.000,404,309,87,28,34,34,34,34,34,34,1,0,0,3,30,1
7.905000,207.46,37.279,22.370,362,344,110.000,109,109,18.000,39.000,55.000,413,309,87,28,34,34,34,34,34,34,1,0,0,3,30,1
7.910000,210.76,37.930,22.750,373,345,110.000,109,109,18.000,39.000,55.000,420,310,88,28,34,34,34,34,34,34,1,0,0,3,30,1
7.915000,214.06,38.438,23.080,383,346,110.000,109,109,18.000,39.000,55.000,426,311,89,28,34,34,34,34,34,34,1,0,0,3,30,1
7.920000,217.36,38.796,23.300,392,348,110.000,109,109,18.000,39.000,55.000,430,313,90,28,35,35,35,35,35,35,1,0,0,3,30,1
7.925000,220.66,38.996,23.410,400,350,110.000,109,109,18.000,39.000,55.000,432,315,91,28,35,35,35,35,35,35,1,0,0,3,30,1
7.930000,223.96,39.037,23.410,408,352,110.000,109,109,18.000,39.000,55.000,432,317,92,29,36,36,36,36,36,36,1,0,0,3,30,1
7.935000,227.26,38.915,23.350,414,355,110.000,109,109,18.000,39.000,55.000,431,320,94,29,37,37,37,37,37,37,1,0,0,3,30,1
7.940000,230.56,38.633,23.190,419,357,110.000,109,109,18.000,39.000,55.000,428,322,95,29,37,37,37,37,37,37,1,0,0,3,30,1
7.945000,233.86,38.192,22.920,423,360,110.000,109,109,18.000,39.000,55.000,423,325,97,29,38,38,38,38,38,38,1,0,0,3,30,1
7.950000,237.16,37.599,22.540,426,362,110.000,109,109,18.000,39.000,55.000,416,327,98,30,38,38,38,38,38,38,1,0,0,3,30,1
7.955000,240.46,36.859,22.100,427,365,110.000,109,109,18.000,39.000,55.000,408,330,100,30,39,39,39,39,39,39,1,0,0,3,30,1
7.960000,243.76,35.983,21.560,427,367,110.000,111,110,18.000,39.000,55.000,401,335,102,30,39,39,39,39,39,39,1,0,0,3,30,1
7.965000,247.06,34.981,20.960,426,370,110.000,111,110,18.000,39.000,55.000,390,338,104,30,40,40,40,40,40,40,1,0,0,3,30,1
7.970000,250.36,33.866,20.310,423,372,110.000,111,110,18.000,39.000,55.000,378,340,105,30,41,41,41,41,41,41,1,0,0,3,30,1
7.975000,253.66,32.652,19.600,419,374,110.000,111,110,18.000,39.000,55.000,365,342,106,31,41,41,41,41,41,41,1,0,0,3,30,1
7.980000,256.96,31.355,18.840,414,376,110.000,111,110,18.000,39.000,55.000,351,344,107,31,42,42,42,42,42,42,1,0,0,3,30,1
7.985000,260.26,29.992,17.970,407,377,110.000,109,110,18.000,39.000,55.000,334,345,108,31,42,42,42,42,42,42,1,0,0,3,30,1
7.990000,263.56,28.581,17.150,399,378,110.000,109,110,18.000,39.000,55.000,319,346,109,31,42,42,42,42,42,42,1,0,0,3,30,1
7.995000,266.86,27.139,16.280,390,379,110.000,109,110,18.000,39.000,55.000,303,347,109,31,42,42,42,42,42,42,1,0,0,3,30,1
8.000000,270.00,0.000,0.000,378,379,0.000,109,110,18.000,39.000,55.000,0,347,109,31,42,42,42,42,42,42,1,0,0,3,30,0
8.005000,270.00,0.000,0.000,328,378,0.000,109,110,18.000,39.000,55.000,0,346,109,31,42,42,42,42,42,42,1,0,0,3,30,0
8.010000,270.00,0.000,0.000,284,377,0.000,109,110,18.000,39.000,55.000,0,345,108,31,42,42,42,42,42,42,1,0,0,3,30,0
8.015000,270.00,0.000,0.000,246,375,0.000,109,110,18.000,39.000,55.000,0,343,107,31,41,41,41,41,41,41,1,0,0,3,30,0
8.020000,270.00,0.000,0.000,213,372,0.000,109,110,18.000,39.000,55.000,0,340,105,30,41,41,41,41,41,41,1,0,0,3,30,0
8.025000,270.00,0.000,0.000,185,368,0.000,109,110,18.000,39.000,55.000,0,336,102,30,40,40,40,40,40,40,1,0,0,3,30,0
8.030000,270.00,0.000,0.000,160,365,0.000,109,110,18.000,39.000,55.000,0,333,101,30,39,39,39,39,39,39,1,0,0,3,30,0
8.035000,270.00,0.000,0.000,139,360,0.000,109,110,18.000,39.000,55.000,0,328,98,29,38,38,38,38,38,38,1,0,0,3,30,0
8.040000,270.00,0.000,0.000,120,356,0.000,109,110,18.000,39.000,55.000,0,324,95,29,37,37,37,37,37,37,1,0,0,3,30,0
8.045000,270.00,0.000,0.000,104,351,0.000,109,110,18.000,39.000,55.000,0,319,92,28,36,36,36,36,36,36,1,0,0,3,30,0
8.050000,270.00,0.000,0.000,90,346,0.000,109,110,18.000,39.000,55.000,0,314,89,28,34,34,34,34,34,34,1,0,0,3,30,0
8.055000,270.00,0.000,0.000,78,341,0.000,109,110,18.000,39.000,55.000,0,309,86,28,33,33,33,33,33,33,1,0,0,3,30,0
8.060000,270.00,0.000,0.000,68,336,0.000,109,110,18.000,39.000,55.000,0,304,84,27,32,32,32,32,32,32,1,0,0,3,30,0
8.065000,270.00,0.000,0.000,59,330,0.000,109,110,18.000,39.000,55.000,0,298,80,27,31,31,31,31,31,31,1,0,0,3,30,0
8.070000,270.00,0.000,0.000,51,325,0.000,109,110,18.000,39.000,55.000,0,293,78,26,30,30,30,30,30,30,1,0,0,3,30,0
8.075000,270.00,0.000,0.000,44,319,0.000,109,110,18.000,39.000,55.000,0,287,74,26,29,29,29,29,29,29,1,0,0,3,30,0
8.080000,270.00,0.000,0.000,38,314,0.000,109,110,18.000,39.000,55.000,0,282,72,25,28,28,28,28,28,28,1,0,0,3,30,0
8.085000,270.00,0.000,0.000,33,308,0.000,109,110,18.000,39.000,55.000,0,275,69,25,26,26,26,26,26,26,1,0,0,3,30,0
8.090000,270.00,0.000,0.000,29,303,0.000,109,110,18.000,39.000,55.000,0,270,66,24,25,25,25,25,25,25,1,0,0,3,30,0
8.095000,270.00,0.000,0.000,25,297,0.000,109,110,18.000,39.000,55.000,0,264,63,24,24,24,24,24,24,24,1,0,0,3,30,0
8.100000,270.00,0.000,0.000,22,292,0.000,109,110,18.000,39.000,55.000,0,259,61,23,23,23,23,23,23,23,1,0,0,3,30,0
8.105000,270.00,0.000,0.000,19,287,0.000,109,110,18.000,39.000,55.000,0,254,58,23,22,22,22,22,22,22,1,0,0,3,30,0
8.110000,270.00,0.000,0.000,16,281,0.000,109,110,18.000,39.000,55.000,0,248,56,22,21,21,21,21,21,21,1,0,0,3,30,0
8.115000,270.00,0.000,0.000,14,276,0.000,109,110,18.000,39.000,55.000,0,243,53,22,20,20,20,20,20,20,1,0,0,3,30,0
8.120000,270.00,0.000,0.000,12,271,0.000,109,110,18.000,39.000,55.000,0,238,51,21,20,20,20,20,20,20,1,0,0,3,30,0
8.125000,270.00,0.000,0.000,11,266,0.000,109,110,18.000,39.000,55.000,0,233,49,21,19,19,19,19,19,19,1,0,0,3,30,0
8.130000,270.00,0.000,0.000,9,261,0.000,109,110,18.000,39.000,55.000,0,228,47,20,18,18,18,18,18,18,1,0,0,3,30,0
8.135000,270.00,0.000,0.000,8,256,0.000,109,110,18.000,39.000,55.000,0,223,45,20,17,17,17,17,17,17,1,0,0,3,30,0
8.140000,270.00,0.000,0.000,7,251,0.000,109,110,18.000,39.000,55.000,0,218,43,19,16,16,16,16,16,16,1,0,0,3,30,0
8.145000,270.00,0.000,0.000,6,246,0.000,109,110,18.000,39.000,55.000,0,213,41,19,16,16,16,16,16,16,1,0,0,3,30,0
8.150000,270.00,0.000,0.000,5,242,0.000,109,110,18.000,39.000,55.000,0,209,39,18,15,15,15,15,15,15,1,0,0,3,30,0
8.155000,270.00,0.000,0.000,5,237,0.000,109,110,18.000,39.000,55.000,0,204,37,18,14,14,14,14,14,14,1,0,0,3,30,0
8.160000,270.00,0.000,0.000,4,232,0.000,109,110,18.000,39.000,55.000,0,199,35,18,14,14,14,14,14,14,1,0,0,3,30,0
8.165000,270.00,0.000,0.000,4,228,0.000,109,110,18.000,39.000,55.000,0,194,34,17,13,13,14,14,14,14,1,0,0,3,30,0
8.170000,270.00,0.000,0.000,3,223,0.000,109,110,18.000,39.000,55.000,0,189,32,17,12,12,14,14,14,14,1,0,0,3,30,0
8.175000,270.00,0.000,0.000,3,219,0.000,109,110,18.000,39.000,55.000,0,185,31,16,12,12,14,14,14,14,1,0,0,3,30,0
8.180000,270.00,0.000,0.000,2,215,0.000,109,110,18.000,39.000,55.000,0,181,29,16,11,11,14,14,14,14,1,0,0,3,30,0
8.185000,270.00,0.000,0.000,2,211,0.000,109,110,18.000,39.000,55.000,0,177,28,16,11,11,14,14,14,14,1,0,0,3,30,0
8.190000,270.00,0.000,0.000,2,207,0.000,109,110,18.000,39.000,55.000,0,173,27,15,10,10,14,14,14,14,1,0,0,3,30,0
8.195000,270.00,0.000,0.000,2,203,0.000,0,0,18.000,39.000,55.000,0,0,0,0,0,0,0,0,0,0,2,144,0,3,70,0
8.200000,270.00,0.000,0.000,2,199,0.000,0,0,18.000,39.000,55.000,0,0,0,0,0,0,0,0,0,0,2,144,0,3,70,0
8.205000,270.00,0.000,0.000,1,195,0.000,0,0,18.000,39.000,55.000,0,0,0,0,0,0,0,0,0,0,2,144,0,3,70,0
8.210000,270.00,0.000,0.000,1,191,0.000,0,0,18.000,39.000,55.000,0,0,0,0,0,0,0,0,0,0,2,144,0,3,70,0
8.215000,270.00,0.000,0.000,1,187,0.000,0,0,18.000,39.000,55.000,0,0,0,0,0,0,0,0,0,0,2,144,0,3,70,0
8.220000,270.00,0.000,0.000,1,184,0.000,0,0,18.000,39.000,55.000,0,0,0,0,0,0,0,0,0,0,2,144,0,3,70,0
8.225000,270.00,0.000,0.000,1,180,0.000,0,0,18.000,39.000,55.000,0,0,0,0,0,0,0,0,0,0,2,144,0,3,70,0
8.230000,270.00,0.000,0.000,1,177,0.000,0,0,18.000,39.000,55.000,0,0,0,0,0,0,0,0,0,0,2,144,0,3,70,0
8.235000,270.00,0.000,0.000,1,173,0.000,0,0,18.000,39.000,55.000,0,0,0,0,0,0,0,0,0,0,2,144,0,3,70,0
8.240000,270.00,0.000,0.000,1,170,0.000,0,0,18.000,39.000,55.000,0,0,0,0,0,0,0,0,0,0,2,144,0,3,70,0
8.245000,270.00,0.000,0.000,1,166,0.000,0,0,18.000,39.000,55.000,0,0,0,0,0,0,0,0,0,0,2,144,0,3,70,0
8.250000,270.00,0.000,0.000,1,163,0.000,0,0,18.000,39.000,55.000,0,0,0,0,0,0,0,0,0,0,2,144,0,3,70,0
8.255000,270.00,0.000,0.000,0,160,0.000,0,0,18.000,39.000,55.000,0,0,0,0,0,0,0,0,0,0,2,144,0,3,70,0
8.260000,270.00,0.000,0.000,0,157,0.000,0,0,18.000,39.000,55.000,0,0,0,0,0,0,0,0,0,0,2,144,0,3,70,0
8.265000,270.00,0.000,0.000,0,154,0.000,0,0,18.000,39.000,55.000,0,0,0,0,0,0,0,0,0,0,2,144,0,3,70,0
8.270000,270.00,0.000,0.000,0,151,0.000,0,0,18.000,39.000,55.000,0,0,0,0,0,0,0,0,0,0,2,144,0,3,70,0
8.275000,270.00,0.000,0.000,0,148,0.000,0,0,18.000,39.000,55.000,0,0,0,0,0,0,0,0,0,0,2,144,0,3,70,0
8.280000,270.00,0.000,0.000,0,145,0.000,0,0,18.000,39.000,55.000,0,0,0,0,0,0,0,0,0,0,2,144,0,3,70,0
8.285000,270.00,0.000,0.000,0,142,0.000,0,0,18.000,39.000,55.000,0,0,0,0,0,0,0,0,0,0,2,144,0,3,70,0
8.290000,270.00,0.000,0.000,0,139,0.000,0,0,18.000,39.000,55.000,0,0,0,0,0,0,0,0,0,0,2,144,0,3,70,0
8.295000,270.00,0.000,0.000,0,137,0.000,0,0,18.000,39.000,55.000,0,0,0,0,0,0,0,0,0,0,2,144,0,3,70,0
8.300000,270.00,0.000,0.000,0,134,0.000,0,0,18.000,39.000,55.000,0,0,0,0,0,0,0,0,0,0,2,144,0,3,70,0
8.305000,270.00,0.000,0.000,0,131,0.000,0,0,18.000,39.000,55.000,0,0,0,0,0,0,0,0,0,0,2,144,0,3,70,0
8.310000,270.00,0.000,0.000,0,129,0.000,0,0,18.000,39.000,55.000,0,0,0,0,0,0,0,0,0,0,2,144,0,3,70,0
8.315000,270.00,0.000,0.000,0,126,0.000,0,0,18.000,39.000,55.000,0,0,0,0,0,0,0,0,0,0,2,144,0,3,70,0
8.320000,270.00,0.000,0.000,0,124,0.000,0,0,18.000,39.000,55.000,0,0,0,0,0,0,0,0,0,0,2,144,0,3,70,0
8.325000,270.00,0.000,0.000,0,121,0.000,0,0,18.000,39.000,55.000,0,0,0,0,0,0,0,0,0,0,2,144,0,3,70,0
8.330000,270.00,0.000,0.000,0,119,0.000,0,0,18.000,39.000,55.000,0,0,0,0,0,0,0,0,0,0,2,144,0,3,70,0
8.335000,270.00,0.000,0.000,0,117,0.000,0,0,18.000,39.000,55.000,0,0,0,0,0,0,0,0,0,0,2,144,0,3,70,0
8.340000,270.00,0.000,0.000,0,114,0.000,0,0,18.000,39.000,55.000,0,0,0,0,0,0,0,0,0,0,2,144,0,3,70,0
8.345000,270.00,0.000,0.000,0,112,0.000,0,0,18.000,39.000,55.000,0,0,0,0,0,0,0,0,0,0,2,144,0,3,70,0
8.350000,270.00,0.000,0.000,0,110,0.000,0,0,18.000,39.000,55.000,0,0,0,0,0,0,0,0,0,0,2,144,0,3,70,0
8.355000,270.00,0.000,0.000,0,108,0.000,0,0,18.000,39.000,55.000,0,0,0,0,0,0,0,0,0,0,2,144,0,3,70,0
8.360000,270.00,0.000,0.000,0,106,0.000,0,0,18.000,39.000,55.000,0,0,0,0,0,0,0,0,0,0,2,144,0,3,70,0
8.365000,270.00,0.000,0.000,0,104,0.000,0,0,18.000,39.000,55.000,0,0,0,0,0,0,0,0,0,0,2,144,0,3,70,0
8.370000,270.00,0.000,0.000,0,102,0.000,0,0,18.000,39.000,55.000,0,0,0,0,0,0,0,0,0,0,2,144,0,3,70,0
8.375000,270.00,0.000,0.000,0,100,0.000,0,0,18.000,39.000,55.000,0,0,0,0,0,0,0,0,0,0,2,144,0,3,70,0
8.380000,270.00,0.000,0.000,0,98,0.000,0,0,18.000,39.000,55.000,0,0,0,0,0,0,0,0,0,0,2,144,0,3,70,0
8.385000,270.00,0.000,0.000,0,96,0.000,0,0,18.000,39.000,55.000,0,0,0,0,0,0,0,0,0,0,2,144,0,3,70,0
8.390000,270.00,0.000,0.000,0,94,0.000,0,0,18.000,39.000,55.000,0,0,0,0,0,0,0,0,0,0,2,144,0,3,70,0
8.395000,270.00,0.000,0.000,0,92,0.000,0,0,18.000,39.000,55.000,0,0,0,0,0,0,0,0,0,0,2,144,0,3,70,0
8.400000,270.00,0.000,0.000,0,90,0.000,0,0,18.000,39.000,55.000,0,0,0,0,0,0,0,0,0,0,2,144,0,3,70,0
8.405000,270.00,0.000,0.000,0,89,0.000,0,0,18.000,39.000,55.000,0,0,0,0,0,0,0,0,0,0,2,144,0,3,70,0
8.410000,270.00,0.000,0.000,0,87,0.000,0,0,18.000,39.000,55.000,0,0,0,0,0,0,0,0,0,0,2,144,0,3,70,0
8.415000,270.00,0.000,0.000,0,85,0.000,0,0,18.000,39.000,55.000,0,0,0,0,0,0,0,0,0,0,2,144,0,3,70,0
8.420000,270.00,0.000,0.000,0,84,0.000,0,0,18.000,39.000,55.000,0,0,0,0,0,0,0,0,0,0,2,144,0,3,70,0
8.425000,270.00,0.000,0.000,0,82,0.000,0,0,18.000,39.000,55.000,0,0,0,0,0,0,0,0,0,0,2,144,0,3,70,0
8.430000,270.00,0.000,0.000,0,80,0.000,0,0,18.000,39.000,55.000,0,0,0,0,0,0,0,0,0,0,2,144,0,3,70,0
8.435000,270.00,0.000,0.000,0,79,0.000,0,0,18.000,39.000,55.000,0,0,0,0,0,0,0,0,0,0,2,144,0,3,70,0
8.440000,270.00,0.000,0.000,0,77,0.000,0,0,18.000,39.000,55.000,0,0,0,0,0,0,0,0,0,0,2,144,0,3,70,0
8.445000,270.00,0.000,0.000,0,76,0.000,0,0,18.000,39.000,55.000,0,0,0,0,0,0,0,0,0,0,2,144,0,3,70,0
8.450000,270.00,0.000,0.000,0,74,0.000,0,0,18.000,39.000,55.000,0,0,0,0,0,0,0,0,0,0,2,144,0,3,70,0
8.455000,270.00,0.000,0.000,0,73,0.000,0,0,18.000,39.000,55.000,0,0,0,0,0,0,0,0,0,0,2,144,0,3,70,0
8.460000,270.00,0.000,0.000,0,72,0.000,0,0,18.000,39.000,55.000,0,0,0,0,0,0,0,0,0,0,2,144,0,3,70,0
8.465000,270.00,0.000,0.000,0,70,0.000,0,0,18.000,39.000,55.000,0,0,0,0,0,0,0,0,0,0,2,144,0,3,70,0
8.470000,270.00,0.000,0.000,0,69,0.000,0,0,18.000,39.000,55.000,0,0,0,0,0,0,0,0,0,0,2,144,0,3,70,0
8.475000,270.00,0.000,0.000,0,67,0.000,0,0,18.000,39.000,55.000,0,0,0,0,0,0,0,0,0,0,2,144,0,3,70,0
8.480000,270.00,0.000,0.000,0,66,0.000,0,0,18.000,39.000,55.000,0,0,0,0,0,0,0,0,0,0,2,144,0,3,70,0
8.485000,270.00,0.000,0.000,0,65,0.000,0,0,18.000,39.000,55.000,0,0,0,0,0,0,0,0,0,0,2,144,0,3,70,0
8.490000,270.00,0.000,0.000,0,64,0.000,0,0,18.000,39.000,55.000,0,0,0,0,0,0,0,0,0,0,2,144,0,3,70,0
8.495000,270.00,0.000,0.000,0,62,0.000,0,0,18.000,39.000,55.000,0,0,0,0,0,0,0,0,0,0,2,144,0,3,70,0
8.500000,270.00,0.000,0.000,0,61,0.000,0,0,18.000,39.000,55.000,0,0,0,0,0,0,0,0,0,0,2,144,0,3,70,0
8.505000,270.00,0.000,0.000,0,60,0.000,0,0,18.000,39.000,55.000,0,0,0,0,0,0,0,0,0,0,2,144,0,3,70,0
8.510000,270.00,0.000,0.000,0,59,0.000,0,0,18.000,39.000,55.000,0,0,0,0,0,0,0,0,0,0,2,144,0,3,70,0
8.515000,270.00,0.000,0.000,0,58,0.000,0,0,18.000,39.000,55.000,0,0,0,0,0,0,0,0,0,0,2,144,0,3,70,0
8.520000,270.00,0.000,0.000,0,57,0.000,0,0,18.000,39.000,55.000,0,0,0,0,0,0,0,0,0,0,2,144,0,3,70,0
8.525000,270.00,0.000,0.000,0,56,0.000,0,0,18.000,39.000,55.000,0,0,0,0,0,0,0,0,0,0,2,144,0,3,70,0
8.530000,270.00,0.000,0.000,0,55,0.000,0,0,18.000,39.000,55.000,0,0,0,0,0,0,0,0,0,0,2,144,0,3,70,0
8.535000,270.00,0.000,0.000,0,53,0.000,0,0,18.000,39.000,55.000,0,0,0,0,0,0,0,0,0,0,2,144,0,3,70,0
8.540000,270.00,0.000,0.000,0,52,0.000,0,0,18.000,39.000,55.000,0,0,0,0,0,0,0,0,0,0,2,144,0,3,70,0
8.545000,270.00,0.000,0.000,0,51,0.000,0,0,18.000,39.000,55.000,0,0,0,0,0,0,0,0,0,0,2,144,0,3,70,0
8.550000,270.00,0.000,0.000,0,50,0.000,0,0,18.000,39.000,55.000,0,0,0,0,0,0,0,0,0,0,2,144,0,3,70,0
8.555000,270.00,0.000,0.000,0,50,0.000,0,0,18.000,39.000,55.000,0,0,0,0,0,0,0,0,0,0,2,144,0,3,70,0
8.560000,270.00,0.000,0.000,0,49,0.000,0,0,18.000,39.000,55.000,0,0,0,0,0,0,0,0,0,0,2,144,0,3,70,0
8.565000,270.00,0.000,0.000,0,48,0.000,0,0,18.000,39.000,55.000,0,0,0,0,0,0,0,0,0,0,2,144,0,3,70,0
8.570000,270.00,0.000,0.000,0,47,0.000,0,0,18.000,39.000,55.000,0,0,0,0,0,0,0,0,0,0,2,144,0,3,70,0
8.575000,270.00,0.000,0.000,0,46,0.000,0,0,18.000,39.000,55.000,0,0,0,0,0,0,0,0,0,0,2,144,0,3,70,0
8.580000,270.00,0.000,0.000,0,45,0.000,0,0,18.000,39.000,55.000,0,0,0,0,0,0,0,0,0,0,2,144,0,3,70,0
8.585000,270.00,0.000,0.000,0,44,0.000,0,0,18.000,39.000,55.000,0,0,0,0,0,0,0,0,0,0,2,144,0,3,70,0
8.590000,270.00,0.000,0.000,0,43,0.000,0,0,18.000,39.000,55.000,0,0,0,0,0,0,0,0,0,0,2,144,0,3,70,0
8.595000,270.00,0.000,0.000,0,42,0.000,0,0,18.000,39.000,55.000,0,0,0,0,0,0,0,0,0,0,2,144,0,3,70,0
8.600000,270.00,0.000,0.000,0,42,0.000,0,0,18.000,39.000,55.000,0,0,0,0,0,0,0,0,0,0,2,144,0,3,70,0
8.605000,270.00,0.000,0.000,0,41,0.000,0,0,18.000,39.000,55.000,0,0,0,0,0,0,0,0,0,0,2,144,0,3,70,0
8.610000,270.00,0.000,0.000,0,40,0.000,0,0,18.000,39.000,55.000,0,0,0,0,0,0,0,0,0,0,2,144,0,3,70,0
8.615000,270.00,0.000,0.000,0,39,0.000,0,0,18.000,39.000,55.000,0,0,0,0,0,0,0,0,0,0,2,144,0,3,70,0
8.620000,270.00,0.000,0.000,0,39,0.000,0,0,18.000,39.000,55.000,0,0,0,0,0,0,0,0,0,0,2,144,0,3,70,0
8.625000,270.00,0.000,0.000,0,38,0.000,0,0,18.000,39.000,55.000,0,0,0,0,0,0,0,0,0,0,2,144,0,3,70,0
8.630000,270.00,0.000,0.000,0,37,0.000,0,0,18.000,39.000,55.000,0,0,0,0,0,0,0,0,0,0,2,144,0,3,70,0
8.635000,270.00,0.000,0.000,0,37,0.000,0,0,18.000,39.000,55.000,0,0,0,0,0,0,0,0,0,0,2,144,0,3,70,0
8.640000,270.00,0.000,0.000,0,36,0.000,0,0,18.000,39.000,55.000,0,0,0,0,0,0,0,0,0,0,2,144,0,3,70,0
8.645000,270.00,0.000,0.000,0,35,0.000,0,0,18.000,39.000,55.000,0,0,0,0,0,0,0,0,0,0,2,144,0,3,70,0
8.650000,270.00,0.000,0.000,0,34,0.000,0,0,18.000,39.000,55.000,0,0,0,0,0,0,0,0,0,0,2,144,0,3,70,0
8.655000,270.00,0.000,0.000,0,34,0.000,0,0,18.000,39.000,55.000,0,0,0,0,0,0,0,0,0,0,2,144,0,3,70,0
8.660000,270.00,0.000,0.000,0,33,0.000,0,0,18.000,39.000,55.000,0,0,0,0,0,0,0,0,0,0,2,144,0,3,70,0
8.665000,270.00,0.000,0.000,0,33,0.000,0,0,18.000,39.000,55.000,0,0,0,0,0,0,0,0,0,0,2,144,0,3,70,0
8.670000,270.00,0.000,0.000,0,32,0.000,0,0,18.000,39.000,55.000,0,0,0,0,0,0,0,0,0,0,2,144,0,3,70,0
8.675000,270.00,0.000,0.000,0,31,0.000,0,0,18.000,39.000,55.000,0,0,0,0,0,0,0,0,0,0,2,144,0,3,70,0
8.680000,270.00,0.000,0.000,0,31,0.000,0,0,18.000,39.000,55.000,0,0,0,0,0,0,0,0,0,0,2,144,0,3,70,0
8.685000,270.00,0.000,0.000,0,30,0.000,0,0,18.000,39.000,55.000,0,0,0,0,0,0,0,0,0,0,2,144,0,3,70,0
8.690000,270.00,0.000,0.000,0,30,0.000,0,0,18.000,39.000,55.000,0,0,0,0,0,0,0,0,0,0,2,144,0,3,70,0
8.695000,270.00,0.000,0.000,0,29,0.000,0,0,18.000,39.000,55.000,0,0,0,0,0,0,0,0,0,0,2,144,0,3,70,0
8.700000,270.00,0.000,0.000,0,29,0.000,0,0,18.000,39.000,55.000,0,0,0,0,0,0,0,0,0,0,2,144,0,3,70,0
8.705000,270.00,0.000,0.000,0,28,0.000,0,0,18.000,39.000,55.000,0,0,0,0,0,0,0,0,0,0,2,144,0,3,70,0
8.710000,270.00,0.000,0.000,0,28,0.000,0,0,18.000,39.000,55.000,0,0,0,0,0,0,0,0,0,0,2,144,0,3,70,0
8.715000,270.00,0.000,0.000,0,27,0.000,0,0,18.000,39.000,55.000,0,0,0,0,0,0,0,0,0,0,2,144,0,3,70,0
8.720000,270.00,0.000,0.000,0,27,0.000,0,0,18.000,39.000,55.000,0,0,0,0,0,0,0,0,0,0,2,144,0,3,70,0
8.725000,270.00,0.000,0.000,0,26,0.000,0,0,18.000,39.000,55.000,0,0,0,0,0,0,0,0,0,0,2,144,0,3,70,0
8.730000,270.00,0.000,0.000,0,26,0.000,0,0,18.000,39.000,55.000,0,0,0,0,0,0,0,0,0,0,2,144,0,3,70,0
8.735000,270.00,0.000,0.000,0,25,0.000,0,0,18.000,39.000,55.000,0,0,0,0,0,0,0,0,0,0,2,144,0,3,70,0
8.740000,270.00,0.000,0.000,0,25,0.000,0,0,18.000,39.000,55.000,0,0,0,0,0,0,0,0,0,0,2,144,0,3,70,0
8.745000,270.00,0.000,0.000,0,24,0.000,0,0,18.000,39.000,55.000,0,0,0,0,0,0,0,0,0,0,2,144,0,3,70,0
8.750000,270.00,0.000,0.000,0,24,0.000,0,0,18.000,39.000,55.000,0,0,0,0,0,0,0,0,0,0,2,144,0,3,70,0
8.755000,270.00,0.000,0.000,0,23,0.000,0,0,18.000,39.000,55.000,0,0,0,0,0,0,0,0,0,0,2,144,0,3,70,0
8.760000,270.00,0.000,0.000,0,23,0.000,0,0,18.000,39.000,55.000,0,0,0,0,0,0,0,0,0,0,2,144,0,3,70,0
8.765000,270.00,0.000,0.000,0,23,0.000,0,0,18.000,39.000,55.000,0,0,0,0,0,0,0,0,0,0,2,144,0,3,70,0
8.770000,270.00,0.000,0.000,0,22,0.000,0,0,18.000,39.000,55.000,0,0,0,0,0,0,0,0,0,0,2,144,0,3,70,0
8.775000,270.00,0.000,0.000,0,22,0.000,0,0,18.000,39.000,55.000,0,0,0,0,0,0,0,0,0,0,2,144,0,3,70,0
8.780000,270.00,0.000,0.000,0,21,0.000,0,0,18.000,39.000,55.000,0,0,0,0,0,0,0,0,0,0,2,144,0,3,70,0
8.785000,270.00,0.000,0.000,0,21,0.000,0,0,18.000,39.000,55.000,0,0,0,0,0,0,0,0,0,0,2,144,0,3,70,0
8.790000,270.00,0.000,0.000,0,21,0.000,0,0,18.000,39.000,55.000,0,0,0,0,0,0,0,0,0,0,2,144,0,3,70,0
8.795000,270.00,0.000,0.000,0,20,0.000,0,0,18.000,39.000,55.000,0,0,0,0,0,0,0,0,0,0,2,144,0,3,70,0
8.800000,270.00,0.000,0.000,0,20,0.000,0,0,18.000,39.000,55.000,0,0,0,0,0,0,0,0,0,0,2,144,0,3,70,0
8.805000,270.00,0.000,0.000,0,19,0.000,0,0,18.000,39.000,55.000,0,0,0,0,0,0,0,0,0,0,2,144,0,3,70,0
8.810000,270.00,0.000,0.000,0,19,0.000,0,0,18.000,39.000,55.000,0,0,0,0,0,0,0,0,0,0,2,144,0,3,70,0
8.815000,270.00,0.000,0.000,0,19,0.000,0,0,18.000,39.000,55.000,0,0,0,0,0,0,0,0,0,0,2,144,0,3,70,0
8.820000,270.00,0.000,0.000,0,18,0.000,0,0,18.000,39.000,55.000,0,0,0,0,0,0,0,0,0,0,2,144,0,3,70,0
8.825000,270.00,0.000,0.000,0,18,0.000,0,0,18.000,39.000,55.000,0,0,0,0,0,0,0,0,0,0,2,144,0,3,70,0
8.830000,270.00,0.000,0.000,0,18,0.000,0,0,18.000,39.000,55.000,0,0,0,0,0,0,0,0,0,0,2,144,0,3,70,0
8.835000,270.00,0.000,0.000,0,18,0.000,0,0,18.000,39.000,55.000,0,0,0,0,0,0,0,0,0,0,2,144,0,3,70,0
8.840000,270.00,0.000,0.000,0,17,0.000,0,0,18.000,39.000,55.000,0,0,0,0,0,0,0,0,0,0,2,144,0,3,70,0
8.845000,270.00,0.000,0.000,0,17,0.000,0,0,18.000,39.000,55.000,0,0,0,0,0,0,0,0,0,0,2,144,0,3,70,0
8.850000,270.00,0.000,0.000,0,17,0.000,0,0,18.000,39.000,55.000,0,0,0,0,0,0,0,0,0,0,2,144,0,3,70,0
8.855000,270.00,0.000,0.000,0,16,0.000,0,0,18.000,39.000,55.000,0,0,0,0,0,0,0,0,0,0,2,144,0,3,70,0
8.860000,270.00,0.000,0.000,0,16,0.000,0,0,18.000,39.000,55.000,0,0,0,0,0,0,0,0,0,0,2,144,0,3,70,0
8.865000,270.00,0.000,0.000,0,16,0.000,0,0,18.000,39.000,55.000,0,0,0,0,0,0,0,0,0,0,2,144,0,3,70,0
8.870000,270.00,0.000,0.000,0,15,0.000,0,0,18.000,39.000,55.000,0,0,0,0,0,0,0,0,0,0,2,144,0,3,70,0
8.875000,270.00,0.000,0.000,0,15,0.000,0,0,18.000,39.000,55.000,0,0,0,0,0,0,0,0,0,0,2,144,0,3,70,0
8.880000,270.00,0.000,0.000,0,15,0.000,0,0,18.000,39.000,55.000,0,0,0,0,0,0,0,0,0,0,2,144,0,3,70,0
8.885000,270.00,0.000,0.000,0,15,0.000,0,0,18.000,39.000,55.000,0,0,0,0,0,0,0,0,0,0,2,144,0,3,70,0
8.890000,270.00,0.000,0.000,0,14,0.000,0,0,18.000,39.000,55.000,0,0,0,0,0,0,0,0,0,0,2,144,0,3,70,0
8.895000,270.00,0.000,0.000,0,14,0.000,0,0,18.000,39.000,55.000,0,0,0,0,0,0,0,0,0,0,2,144,0,3,70,0
8.900000,270.00,0.000,0.000,0,14,0.000,0,0,18.000,39.000,55.000,0,0,0,0,0,0,0,0,0,0,2,144,0,3,70,0
8.905000,270.00,0.000,0.000,0,14,0.000,0,0,18.000,39.000,55.000,0,0,0,0,0,0,0,0,0,0,2,144,0,3,70,0
8.910000,270.00,0.000,0.000,0,14,0.000,0,0,18.000,39.000,55.000,0,0,0,0,0,0,0,0,0,0,2,144,0,3,70,0
8.915000,270.00,0.000,0.000,0,13,0.000,0,0,18.000,39.000,55.000,0,0,0,0,0,0,0,0,0,0,2,144,0,3,70,0
8.920000,270.00,0.000,0.000,0,13,0.000,0,0,18.000,39.000,55.000,0,0,0,0,0,0,0,0,0,0,2,144,0,3,70,0
8.925000,270.00,0.000,0.000,0,13,0.000,0,0,18.000,39.000,55.000,0,0,0,0,0,0,0,0,0,0,2,144,0,3,70,0
8.930000,270.00,0.000,0.000,0,13,0.000,0,0,18.000,39.000,55.000,0,0,0,0,0,0,0,0,0,0,2,144,0,3,70,0
8.935000,270.00,0.000,0.000,0,12,0.000,0,0,18.000,39.000,55.000,0,0,0,0,0,0,0,0,0,0,2,144,0,3,70,0
8.940000,270.00,0.000,0.000,0,12,0.000,0,0,18.000,39.000,55.000,0,0,0,0,0,0,0,0,0,0,2,144,0,3,70,0
8.945000,270.00,0.000,0.000,0,12,0.000,0,0,18.000,39.000,55.000,0,0,0,0,0,0,0,0,0,0,2,144,0,3,70,0
8.950000,270.00,0.000,0.000,0,12,0.000,0,0,18.000,39.000,55.000,0,0,0,0,0,0,0,0,0,0,2,144,0,3,70,0
8.955000,270.00,0.000,0.000,0,12,0.000,0,0,18.000,39.000,55.000,0,0,0,0,0,0,0,0,0,0,2,144,0,3,70,0
8.960000,270.00,0.000,0.000,0,11,0.000,0,0,18.000,39.000,55.000,0,0,0,0,0,0,0,0,0,0,2,144,0,3,70,0
8.965000,270.00,0.000,0.000,0,11,0.000,0,0,18.000,39.000,55.000,0,0,0,0,0,0,0,0,0,0,2,144,0,3,70,0
8.970000,270.00,0.000,0.000,0,11,0.000,0,0,18.000,39.000,55.000,0,0,0,0,0,0,0,0,0,0,2,144,0,3,70,0
8.975000,270.00,0.000,0.000,0,11,0.000,0,0,18.000,39.000,55.000,0,0,0,0,0,0,0,0,0,0,2,144,0,3,70,0
8.980000,270.00,0.000,0.000,0,11,0.000,0,0,18.000,39.000,55.000,0,0,0,0,0,0,0,0,0,0,2,144,0,3,70,0
8.985000,270.00,0.000,0.000,0,11,0.000,0,0,18.000,39.000,55.000,0,0,0,0,0,0,0,0,0,0,2,144,0,3,70,0
8.990000,270.00,0.000,0.000,0,10,0.000,0,0,18.000,39.000,55.000,0,0,0,0,0,0,0,0,0,0,2,144,0,3,70,0
8.995000,270.00,0.000,0.000,0,10,0.000,0,0,18.000,39.000,55.000,0,0,0,0,0,0,0,0,0,0,2,144,0,3,70,0
9.000000,270.00,0.000,0.000,0,10,0.000,0,0,18.000,39.000,55.000,0,0,0,0,0,0,0,0,0,0,2,144,0,3,70,0
9.005000,270.00,0.000,0.000,0,10,0.000,0,0,18.000,39.000,55.000,0,0,0,0,0,0,0,0,0,0,2,144,0,3,70,0
9.010000,270.00,0.000,0.000,0,10,0.000,0,0,18.000,39.000,55.000,0,0,0,0,0,0,0,0,0,0,2,144,0,3,70,0
9.015000,270.00,0.000,0.000,0,10,0.000,0,0,18.000,39.000,55.000,0,0,0,0,0,0,0,0,0,0,2,144,0,3,70,0
9.020000,270.00,0.000,0.000,0,9,0.000,0,0,18.000,39.000,55.000,0,0,0,0,0,0,0,0,0,0,2,144,0,3,70,0
9.025000,270.00,0.000,0.000,0,9,0.000,0,0,18.000,39.000,55.000,0,0,0,0,0,0,0,0,0,0,2,144,0,3,70,0
9.030000,270.00,0.000,0.000,0,9,0.000,0,0,18.000,39.000,55.000,0,0,0,0,0,0,0,0,0,0,2,144,0,3,70,0
9.035000,270.00,0.000,0.000,0,9,0.000,0,0,18.000,39.000,55.000,0,0,0,0,0,0,0,0,0,0,2,144,0,3,70,0
9.040000,270.00,0.000,0.000,0,9,0.000,0,0,18.000,39.000,55.000,0,0,0,0,0,0,0,0,0,0,2,144,0,3,70,0
9.045000,270.00,0.000,0.000,0,9,0.000,0,0,18.000,39.000,55.000,0,0,0,0,0,0,0,0,0,0,2,144,0,3,70,0
9.050000,270.00,0.000,0.000,0,9,0.000,0,0,18.000,39.000,55.000,0,0,0,0,0,0,0,0,0,0,2,144,0,3,70,0
9.055000,270.00,0.000,0.000,0,8,0.000,0,0,18.000,39.000,55.000,0,0,0,0,0,0,0,0,0,0,2,144,0,3,70,0
9.060000,270.00,0.000,0.000,0,8,0.000,0,0,18.000,39.000,55.000,0,0,0,0,0,0,0,0,0,0,2,144,0,3,70,0
9.065000,270.00,0.000,0.000,0,8,0.000,0,0,18.000,39.000,55.000,0,0,0,0,0,0,0,0,0,0,2,144,0,3,70,0
9.070000,270.00,0.000,0.000,0,8,0.000,0,0,18.000,39.000,55.000,0,0,0,0,0,0,0,0,0,0,2,144,0,3,70,0
9.075000,270.00,0.000,0.000,0,8,0.000,0,0,18.000,39.000,55.000,0,0,0,0,0,0,0,0,0,0,2,144,0,3,70,0
9.080000,270.00,0.000,0.000,0,8,0.000,0,0,18.000,39.000,55.000,0,0,0,0,0,0,0,0,0,0,2,144,0,3,70,0
9.085000,270.00,0.000,0.000,0,8,0.000,0,0,18.000,39.000,55.000,0,0,0,0,0,0,0,0,0,0,2,144,0,3,70,0
9.090000,270.00,0.000,0.000,0,8,0.000,0,0,18.000,39.000,55.000,0,0,0,0,0,0,0,0,0,0,2,144,0,3,70,0
9.095000,270.00,0.000,0.000,0,7,0.000,0,0,18.000,39.000,55.000,0,0,0,0,0,0,0,0,0,0,2,144,0,3,70,0
9.100000,270.00,0.000,0.000,0,7,0.000,0,0,18.000,39.000,55.000,0,0,0,0,0,0,0,0,0,0,2,144,0,3,70,0
9.105000,270.00,0.000,0.000,0,7,0.000,0,0,18.000,39.000,55.000,0,0,0,0,0,0,0,0,0,0,2,144,0,3,70,0
9.110000,270.00,0.000,0.000,0,7,0.000,0,0,18.000,39.000,55.000,0,0,0,0,0,0,0,0,0,0,2,144,0,3,70,0
9.115000,270.00,0.000,0.000,0,7,0.000,0,0,18.000,39.000,55.000,0,0,0,0,0,0,0,0,0,0,2,144,0,3,70,0
9.120000,270.00,0.000,0.000,0,7,0.000,0,0,18.000,39.000,55.000,0,0,0,0,0,0,0,0,0,0,2,144,0,3,70,0
9.125000,270.00,0.000,0.000,0,7,0.000,0,0,18.000,39.000,55.000,0,0,0,0,0,0,0,0,0,0,2,144,0,3,70,0
9.130000,270.00,0.000,0.000,0,7,0.000,0,0,18.000,39.000,55.000,0,0,0,0,0,0,0,0,0,0,2,144,0,3,70,0
9.135000,270.00,0.000,0.000,0,7,0.000,0,0,18.000,39.000,55.000,0,0,0,0,0,0,0,0,0,0,2,144,0,3,70,0
9.140000,270.00,0.000,0.000,0,7,0.000,0,0,18.000,39.000,55.000,0,0,0,0,0,0,0,0,0,0,2,144,0,3,70,0
9.145000,270.00,0.000,0.000,0,7,0.000,0,0,18.000,39.000,55.000,0,0,0,0,0,0,0,0,0,0,2,144,0,3,70,0
9.150000,270.00,0.000,0.000,0,7,0.000,0,0,18.000,39.000,55.000,0,0,0,0,0,0,0,0,0,0,2,144,0,3,70,0
9.155000,270.00,0.000,0.000,0,7,0.000,0,0,18.000,39.000,55.000,0,0,0,0,0,0,0,0,0,0,2,144,0,3,70,0
9.160000,270.00,0.000,0.000,0,6,0.000,0,0,18.000,39.000,55.000,0,0,0,0,0,0,0,0,0,0,2,144,0,3,70,0
9.165000,270.00,0.000,0.000,0,6,0.000,0,0,18.000,39.000,55.000,0,0,0,0,0,0,0,0,0,0,2,144,0,3,70,0
9.170000,270.00,0.000,0.000,0,6,0.000,0,0,18.000,39.000,55.000,0,0,0,0,0,0,0,0,0,0,2,144,0,3,70,0
9.175000,270.00,0.000,0.000,0,6,0.000,0,0,18.000,39.000,55.000,0,0,0,0,0,0,0,0,0,0,2,144,0,3,70,0
9.180000,270.00,0.000,0.000,0,6,0.000,0,0,18.000,39.000,55.000,0,0,0,0,0,0,0,0,0,0,2,144,0,3,70,0
9.185000,270.00,0.000,0.000,0,6,0.000,0,0,18.000,39.000,55.000,0,0,0,0,0,0,0,0,0,0,2,144,0,3,70,0
9.190000,270.00,0.000,0.000,0,6,0.000,0,0,18.000,39.000,55.000,0,0,0,0,0,0,0,0,0,0,2,144,0,3,70,0
9.195000,270.00,0.000,0.000,0,6,0.000,0,0,18.000,39.000,55.000,0,0,0,0,0,0,0,0,0,0,2,144,0,3,70,0
9.200000,270.00,0.000,0.000,0,6,0.000,0,0,18.000,39.000,55.000,0,0,0,0,0,0,0,0,0,0,2,144,0,3,70,0
9.205000,270.00,0.000,0.000,0,6,0.000,0,0,18.000,39.000,55.000,0,0,0,0,0,0,0,0,0,0,2,144,0,3,70,0
9.210000,270.00,0.000,0.000,0,6,0.000,0,0,18.000,39.000,55.000,0,0,0,0,0,0,0,0,0,0,2,144,0,3,70,0
9.215000,270.00,0.000,0.000,0,6,0.000,0,0,18.000,39.000,55.000,0,0,0,0,0,0,0,0,0,0,2,144,0,3,70,0
9.220000,270.00,0.000,0.000,0,6,0.000,0,0,18.000,39.000,55.000,0,0,0,0,0,0,0,0,0,0,2,144,0,3,70,0
9.225000,270.00,0.000,0.000,0,5,0.000,0,0,18.000,39.000,55.000,0,0,0,0,0,0,0,0,0,0,2,144,0,3,70,0
9.230000,270.00,0.000,0.000,0,5,0.000,0,0,18.000,39.000,55.000,0,0,0,0,0,0,0,0,0,0,2,144,0,3,70,0
9.235000,270.00,0.000,0.000,0,5,0.000,0,0,18.000,39.000,55.000,0,0,0,0,0,0,0,0,0,0,2,144,0,3,70,0
9.240000,270.00,0.000,0.000,0,5,0.000,0,0,18.000,39.000,55.000,0,0,0,0,0,0,0,0,0,0,2,144,0,3,70,0
9.245000,270.00,0.000,0.000,0,5,0.000,0,0,18.000,39.000,55.000,0,0,0,0,0,0,0,0,0,0,2,144,0,3,70,0
9.250000,270.00,0.000,0.000,0,5,0.000,0,0,18.000,39.000,55.000,0,0,0,0,0,0,0,0,0,0,2,144,0,3,70,0
9.255000,270.00,0.000,0.000,0,5,0.000,0,0,18.000,39.000,55.000,0,0,0,0,0,0,0,0,0,0,2,144,0,3,70,0
9.260000,270.00,0.000,0.000,0,5,0.000,0,0,18.000,39.000,55.000,0,0,0,0,0,0,0,0,0,0,2,144,0,3,70,0
9.265000,270.00,0.000,0.000,0,5,0.000,0,0,18.000,39.000,55.000,0,0,0,0,0,0,0,0,0,0,2,144,0,3,70,0
9.270000,270.00,0.000,0.000,0,5,0.000,0,0,18.000,39.000,55.000,0,0,0,0,0,0,0,0,0,0,2,144,0,3,70,0
9.275000,270.00,0.000,0.000,0,5,0.000,0,0,18.000,39.000,55.000,0,0,0,0,0,0,0,0,0,0,2,144,0,3,70,0
9.280000,270.00,0.000,0.000,0,5,0.000,0,0,18.000,39.000,55.000,0,0,0,0,0,0,0,0,0,0,2,144,0,3,70,0
9.285000,270.00,0.000,0.000,0,5,0.000,0,0,18.000,39.000,55.000,0,0,0,0,0,0,0,0,0,0,2,144,0,3,70,0
9.290000,270.00,0.000,0.000,0,4,0.000,0,0,18.000,39.000,55.000,0,0,0,0,0,0,0,0,0,0,2,144,0,3,70,0
9.295000,270.00,0.000,0.000,0,4,0.000,0,0,18.000,39.000,55.000,0,0,0,0,0,0,0,0,0,0,2,144,0,3,70,0
9.300000,270.00,0.000,0.000,0,4,0.000,0,0,18.000,39.000,55.000,0,0,0,0,0,0,0,0,0,0,2,144,0,3,70,0
9.305000,270.00,0.000,0.000,0,4,0.000,0,0,18.000,39.000,55.000,0,0,0,0,0,0,0,0,0,0,2,144,0,3,70,0
9.310000,270.00,0.000,0.000,0,4,0.000,0,0,18.000,39.000,55.000,0,0,0,0,0,0,0,0,0,0,2,144,0,3,70,0
9.315000,270.00,0.000,0.000,0,4,0.000,0,0,18.000,39.000,55.000,0,0,0,0,0,0,0,0,0,0,2,144,0,3,70,0
9.320000,270.00,0.000,0.000,0,4,0.000,0,0,18.000,39.000,55.000,0,0,0,0,0,0,0,0,0,0,2,144,0,3,70,0
9.325000,270.00,0.000,0.000,0,0,0.000,0,0,18.000,39.000,55.000,0,0,0,0,0,0,0,0,0,0,2,144,0,3,70,0
9.330000,270.00,0.000,0.000,0,0,0.000,0,0,18.000,39.000,55.000,0,0,0,0,0,0,0,0,0,0,2,144,0,3,70,0
9.335000,270.00,0.000,0.000,0,0,0.000,0,0,18.000,39.000,55.000,0,0,0,0,0,0,0,0,0,0,2,144,0,3,70,0
9.340000,270.00,0.000,0.000,0,0,0.000,0,0,18.000,39.000,55.000,0,0,0,0,0,0,0,0,0,0,2,144,0,3,70,0
9.345000,270.00,0.000,0.000,0,0,0.000,0,0,18.000,39.000,55.000,0,0,0,0,0,0,0,0,0,0,2,144,0,3,70,0
9.350000,270.00,0.000,0.000,0,0,0.000,0,0,18.000,39.000,55.000,0,0,0,0,0,0,0,0,0,0,2,144,0,3,70,0
9.355000,270.00,0.000,0.000,0,0,0.000,0,0,18.000,39.000,55.000,0,0,0,0,0,0,0,0,0,0,2,144,0,3,70,0
9.360000,270.00,0.000,0.000,0,0,0.000,0,0,18.000,39.000,55.000,0,0,0,0,0,0,0,0,0,0,2,144,0,3,70,0
9.365000,270.00,0.000,0.000,0,0,0.000,0,0,18.000,39.000,55.000,0,0,0,0,0,0,0,0,0,0,2,144,0,3,70,0
9.370000,270.00,0.000,0.000,0,0,0.000,0,0,18.000,39.000,55.000,0,0,0,0,0,0,0,0,0,0,2,144,0,3,70,0
9.375000,270.00,0.000,0.000,0,0,0.000,0,0,18.000,39.000,55.000,0,0,0,0,0,0,0,0,0,0,2,144,0,3,70,0
9.380000,270.00,0.000,0.000,0,0,0.000,0,0,18.000,39.000,55.000,0,0,0,0,0,0,0,0,0,0,2,144,0,3,70,0
9.385000,270.00,0.000,0.000,0,0,0.000,0,0,18.000,39.000,55.000,0,0,0,0,0,0,0,0,0,0,2,144,0,3,70,0
9.390000,270.00,0.000,0.000,0,0,0.000,0,0,18.000,39.000,55.000,0,0,0,0,0,0,0,0,0,0,2,144,0,3,70,0
9.395000,270.00,0.000,0.000,0,0,0.000,0,0,18.000,39.000,55.000,0,0,0,0,0,0,0,0,0,0,2,144,0,3,70,0
9.400000,270.00,0.000,0.000,0,0,0.000,0,0,18.000,39.000,55.000,0,0,0,0,0,0,0,0,0,0,2,144,0,3,70,0
9.405000,270.00,0.000,0.000,0,0,0.000,0,0,18.000,39.000,55.000,0,0,0,0,0,0,0,0,0,0,2,144,0,3,70,0
9.410000,270.00,0.000,0.000,0,0,0.000,0,0,18.000,39.000,55.000,0,0,0,0,0,0,0,0,0,0,2,144,0,3,70,0
9.415000,270.00,0.000,0.000,0,0,0.000,0,0,18.000,39.000,55.000,0,0,0,0,0,0,0,0,0,0,2,144,0,3,70,0
9.420000,270.00,0.000,0.000,0,0,0.000,0,0,18.000,39.000,55.000,0,0,0,0,0,0,0,0,0,0,2,144,0,3,70,0
9.425000,270.00,0.000,0.000,0,0,0.000,0,0,18.000,39.000,55.000,0,0,0,0,0,0,0,0,0,0,2,144,0,3,70,0
9.430000,270.00,0.000,0.000,0,0,0.000,0,0,18.000,39.000,55.000,0,0,0,0,0,0,0,0,0,0,2,144,0,3,70,0
9.435000,270.00,0.000,0.000,0,0,0.000,0,0,18.000,39.000,55.000,0,0,0,0,0,0,0,0,0,0,2,144,0,3,70,0
9.440000,270.00,0.000,0.000,0,0,0.000,0,0,18.000,39.000,55.000,0,0,0,0,0,0,0,0,0,0,2,144,0,3,70,0
9.445000,270.00,0.000,0.000,0,0,0.000,0,0,18.000,39.000,55.000,0,0,0,0,0,0,0,0,0,0,2,144,0,3,70,0
9.450000,270.00,0.000,0.000,0,0,0.000,0,0,18.000,39.000,55.000,0,0,0,0,0,0,0,0,0,0,2,144,0,3,70,0
9.455000,270.00,0.000,0.000,0,0,0.000,0,0,18.000,39.000,55.000,0,0,0,0,0,0,0,0,0,0,2,144,0,3,70,0
9.460000,270.00,0.000,0.000,0,0,0.000,0,0,18.000,39.000,55.000,0,0,0,0,0,0,0,0,0,0,2,144,0,3,70,0
9.465000,270.00,0.000,0.000,0,0,0.000,0,0,18.000,39.000,55.000,0,0,0,0,0,0,0,0,0,0,2,144,0,3,70,0
9.470000,270.00,0.000,0.000,0,0,0.000,0,0,18.000,39.000,55.000,0,0,0,0,0,0,0,0,0,0,2,144,0,3,70,0
9.475000,270.00,0.000,0.000,0,0,0.000,0,0,18.000,39.000,55.000,0,0,0,0,0,0,0,0,0,0,2,144,0,3,70,0
9.480000,270.00,0.000,0.000,0,0,0.000,0,0,18.000,39.000,55.000,0,0,0,0,0,0,0,0,0,0,2,144,0,3,70,0
9.485000,270.00,0.000,0.000,0,0,0.000,0,0,18.000,39.000,55.000,0,0,0,0,0,0,0,0,0,0,2,144,0,3,70,0
9.490000,270.00,0.000,0.000,0,0,0.000,0,0,18.000,39.000,55.000,0,0,0,0,0,0,0,0,0,0,2,144,0,3,70,0
9.495000,270.00,0.000,0.000,0,0,0.000,0,0,18.000,39.000,55.000,0,0,0,0,0,0,0,0,0,0,2,144,0,3,70,0
9.500000,270.00,0.000,0.000,0,0,0.000,0,0,18.000,39.000,55.000,0,0,0,0,0,0,0,0,0,0,2,144,0,3,70,0
9.505000,270.00,0.000,0.000,0,0,0.000,0,0,18.000,39.000,55.000,0,0,0,0,0,0,0,0,0,0,2,144,0,3,70,0
9.510000,270.00,0.000,0.000,0,0,0.000,0,0,18.000,39.000,55.000,0,0,0,0,0,0,0,0,0,0,2,144,0,3,70,0
9.515000,270.00,0.000,0.000,0,0,0.000,0,0,18.000,39.000,55.000,0,0,0,0,0,0,0,0,0,0,2,144,0,3,70,0
9.520000,270.00,0.000,0.000,0,0,0.000,0,0,18.000,39.000,55.000,0,0,0,0,0,0,0,0,0,0,2,144,0,3,70,0
9.525000,270.00,0.000,0.000,0,0,0.000,0,0,18.000,39.000,55.000,0,0,0,0,0,0,0,0,0,0,2,144,0,3,70,0
9.530000,270.00,0.000,0.000,0,0,0.000,0,0,18.000,39.000,55.000,0,0,0,0,0,0,0,0,0,0,2,144,0,3,70,0
9.535000,270.00,0.000,0.000,0,0,0.000,0,0,18.000,39.000,55.000,0,0,0,0,0,0,0,0,0,0,2,144,0,3,70,0
9.540000,270.00,0.000,0.000,0,0,0.000,0,0,18.000,39.000,55.000,0,0,0,0,0,0,0,0,0,0,2,144,0,3,70,0
9.545000,270.00,0.000,0.000,0,0,0.000,0,0,18.000,39.000,55.000,0,0,0,0,0,0,0,0,0,0,2,144,0,3,70,0
9.550000,270.00,0.000,0.000,0,0,0.000,0,0,18.000,39.000,55.000,0,0,0,0,0,0,0,0,0,0,2,144,0,3,70,0
9.555000,270.00,0.000,0.000,0,0,0.000,0,0,18.000,39.000,55.000,0,0,0,0,0,0,0,0,0,0,2,144,0,3,70,0
9.560000,270.00,0.000,0.000,0,0,0.000,0,0,18.000,39.000,55.000,0,0,0,0,0,0,0,0,0,0,2,144,0,3,70,0
9.565000,270.00,0.000,0.000,0,0,0.000,0,0,18.000,39.000,55.000,0,0,0,0,0,0,0,0,0,0,2,144,0,3,70,0
9.570000,270.00,0.000,0.000,0,0,0.000,0,0,18.000,39.000,55.000,0,0,0,0,0,0,0,0,0,0,2,144,0,3,70,0
9.575000,270.00,0.000,0.000,0,0,0.000,0,0,18.000,39.000,55.000,0,0,0,0,0,0,0,0,0,0,2,144,0,3,70,0
9.580000,270.00,0.000,0.000,0,0,0.000,0,0,18.000,39.000,55.000,0,0,0,0,0,0,0,0,0,0,2,144,0,3,70,0
9.585000,270.00,0.000,0.000,0,0,0.000,0,0,18.000,39.000,55.000,0,0,0,0,0,0,0,0,0,0,2,144,0,3,70,0
9.590000,270.00,0.000,0.000,0,0,0.000,0,0,18.000,39.000,55.000,0,0,0,0,0,0,0,0,0,0,2,144,0,3,70,0
9.595000,270.00,0.000,0.000,0,0,0.000,0,0,18.000,39.000,55.000,0,0,0,0,0,0,0,0,0,0,2,144,0,3,70,0
9.600000,270.00,0.000,0.000,0,0,0.000,0,0,18.000,39.000,55.000,0,0,0,0,0,0,0,0,0,0,2,144,0,3,70,0
9.605000,270.00,0.000,0.000,0,0,0.000,0,0,18.000,39.000,55.000,0,0,0,0,0,0,0,0,0,0,2,144,0,3,70,0
9.610000,270.00,0.000,0.000,0,0,0.000,0,0,18.000,39.000,55.000,0,0,0,0,0,0,0,0,0,0,2,144,0,3,70,0
9.615000,270.00,0.000,0.000,0,0,0.000,0,0,18.000,39.000,55.000,0,0,0,0,0,0,0,0,0,0,2,144,0,3,70,0
9.620000,270.00,0.000,0.000,0,0,0.000,0,0,18.000,39.000,55.000,0,0,0,0,0,0,0,0,0,0,2,144,0,3,70,0
9.625000,270.00,0.000,0.000,0,0,0.000,0,0,18.000,39.000,55.000,0,0,0,0,0,0,0,0,0,0,2,144,0,3,70,0
9.630000,270.00,0.000,0.000,0,0,0.000,0,0,18.000,39.000,55.000,0,0,0,0,0,0,0,0,0,0,2,144,0,3,70,0
9.635000,270.00,0.000,0.000,0,0,0.000,0,0,18.000,39.000,55.000,0,0,0,0,0,0,0,0,0,0,2,144,0,3,70,0
9.640000,270.00,0.000,0.000,0,0,0.000,0,0,18.000,39.000,55.000,0,0,0,0,0,0,0,0,0,0,2,144,0,3,70,0
9.645000,270.00,0.000,0.000,0,0,0.000,0,0,18.000,39.000,55.000,0,0,0,0,0,0,0,0,0,0,2,144,0,3,70,0
9.650000,270.00,0.000,0.000,0,0,0.000,0,0,18.000,39.000,55.000,0,0,0,0,0,0,0,0,0,0,2,144,0,3,70,0
9.655000,270.00,0.000,0.000,0,0,0.000,0,0,18.000,39.000,55.000,0,0,0,0,0,0,0,0,0,0,2,144,0,3,70,0
9.660000,270.00,0.000,0.000,0,0,0.000,0,0,18.000,39.000,55.000,0,0,0,0,0,0,0,0,0,0,2,144,0,3,70,0
9.665000,270.00,0.000,0.000,0,0,0.000,0,0,18.000,39.000,55.000,0,0,0,0,0,0,0,0,0,0,2,144,0,3,70,0
9.670000,270.00,0.000,0.000,0,0,0.000,0,0,18.000,39.000,55.000,0,0,0,0,0,0,0,0,0,0,2,144,0,3,70,0
9.675000,270.00,0.000,0.000,0,0,0.000,0,0,18.000,39.000,55.000,0,0,0,0,0,0,0,0,0,0,2,144,0,3,70,0
9.680000,270.00,0.000,0.000,0,0,0.000,0,0,18.000,39.000,55.000,0,0,0,0,0,0,0,0,0,0,2,144,0,3,70,0
9.685000,270.00,0.000,0.000,0,0,0.000,0,0,18.000,39.000,55.000,0,0,0,0,0,0,0,0,0,0,2,144,0,3,70,0
9.690000,270.00,0.000,0.000,0,0,0.000,0,0,18.000,39.000,55.000,0,0,0,0,0,0,0,0,0,0,2,144,0,3,70,0
9.695000,270.00,0.000,0.000,0,0,0.000,0,0,18.000,39.000,55.000,0,0,0,0,0,0,0,0,0,0,2,144,0,3,70,0
9.700000,270.00,0.000,0.000,0,0,0.000,0,0,18.000,39.000,55.000,0,0,0,0,0,0,0,0,0,0,2,144,0,3,70,0
9.705000,270.00,0.000,0.000,0,0,0.000,0,0,18.000,39.000,55.000,0,0,0,0,0,0,0,0,0,0,2,144,0,3,70,0
9.710000,270.00,0.000,0.000,0,0,0.000,0,0,18.000,39.000,55.000,0,0,0,0,0,0,0,0,0,0,2,144,0,3,70,0
9.715000,270.00,0.000,0.000,0,0,0.000,0,0,18.000,39.000,55.000,0,0,0,0,0,0,0,0,0,0,2,144,0,3,70,0
9.720000,270.00,0.000,0.000,0,0,0.000,0,0,18.000,39.000,55.000,0,0,0,0,0,0,0,0,0,0,2,144,0,3,70,0
9.725000,270.00,0.000,0.000,0,0,0.000,0,0,18.000,39.000,55.000,0,0,0,0,0,0,0,0,0,0,2,144,0,3,70,0
9.730000,270.00,0.000,0.000,0,0,0.000,0,0,18.000,39.000,55.000,0,0,0,0,0,0,0,0,0,0,2,144,0,3,70,0
9.735000,270.00,0.000,0.000,0,0,0.000,0,0,18.000,39.000,55.000,0,0,0,0,0,0,0,0,0,0,2,144,0,3,70,0
9.740000,270.00,0.000,0.000,0,0,0.000,0,0,18.000,39.000,55.000,0,0,0,0,0,0,0,0,0,0,2,144,0,3,70,0
9.745000,270.00,0.000,0.000,0,0,0.000,0,0,18.000,39.000,55.000,0,0,0,0,0,0,0,0,0,0,2,144,0,3,70,0
9.750000,270.00,0.000,0.000,0,0,0.000,0,0,18.000,39.000,55.000,0,0,0,0,0,0,0,0,0,0,2,144,0,3,70,0
9.755000,270.00,0.000,0.000,0,0,0.000,0,0,18.000,39.000,55.000,0,0,0,0,0,0,0,0,0,0,2,144,0,3,70,0
9.760000,270.00,0.000,0.000,0,0,0.000,0,0,18.000,39.000,55.000,0,0,0,0,0,0,0,0,0,0,2,144,0,3,70,0
9.765000,270.00,0.000,0.000,0,0,0.000,0,0,18.000,39.000,55.000,0,0,0,0,0,0,0,0,0,0,2,144,0,3,70,0
9.770000,270.00,0.000,0.000,0,0,0.000,0,0,18.000,39.000,55.000,0,0,0,0,0,0,0,0,0,0,2,144,0,3,70,0
9.775000,270.00,0.000,0.000,0,0,0.000,0,0,18.000,39.000,55.000,0,0,0,0,0,0,0,0,0,0,2,144,0,3,70,0
9.780000,270.00,0.000,0.000,0,0,0.000,0,0,18.000,39.000,55.000,0,0,0,0,0,0,0,0,0,0,2,144,0,3,70,0
9.785000,270.00,0.000,0.000,0,0,0.000,0,0,18.000,39.000,55.000,0,0,0,0,0,0,0,0,0,0,2,144,0,3,70,0
9.790000,270.00,0.000,0.000,0,0,0.000,0,0,18.000,39.000,55.000,0,0,0,0,0,0,0,0,0,0,2,144,0,3,70,0
9.795000,270.00,0.000,0.000,0,0,0.000,0,0,18.000,39.000,55.000,0,0,0,0,0,0,0,0,0,0,2,144,0,3,70,0
9.800000,270.00,0.000,0.000,0,0,0.000,0,0,18.000,39.000,55.000,0,0,0,0,0,0,0,0,0,0,2,144,0,3,70,0
9.805000,270.00,0.000,0.000,0,0,0.000,0,0,18.000,39.000,55.000,0,0,0,0,0,0,0,0,0,0,2,144,0,3,70,0
9.810000,270.00,0.000,0.000,0,0,0.000,0,0,18.000,39.000,55.000,0,0,0,0,0,0,0,0,0,0,2,144,0,3,70,0
9.815000,270.00,0.000,0.000,0,0,0.000,0,0,18.000,39.000,55.000,0,0,0,0,0,0,0,0,0,0,2,144,0,3,70,0
9.820000,270.00,0.000,0.000,0,0,0.000,0,0,18.000,39.000,55.000,0,0,0,0,0,0,0,0,0,0,2,144,0,3,70,0
9.825000,270.00,0.000,0.000,0,0,0.000,0,0,18.000,39.000,55.000,0,0,0,0,0,0,0,0,0,0,2,144,0,3,70,0
9.830000,270.00,0.000,0.000,0,0,0.000,0,0,18.000,39.000,55.000,0,0,0,0,0,0,0,0,0,0,2,144,0,3,70,0
9.835000,270.00,0.000,0.000,0,0,0.000,0,0,18.000,39.000,55.000,0,0,0,0,0,0,0,0,0,0,2,144,0,3,70,0
9.840000,270.00,0.000,0.000,0,0,0.000,0,0,18.000,39.000,55.000,0,0,0,0,0,0,0,0,0,0,2,144,0,3,70,0
9.845000,270.00,0.000,0.000,0,0,0.000,0,0,18.000,39.000,55.000,0,0,0,0,0,0,0,0,0,0,2,144,0,3,70,0
9.850000,270.00,0.000,0.000,0,0,0.000,0,0,18.000,39.000,55.000,0,0,0,0,0,0,0,0,0,0,2,144,0,3,70,0
9.855000,270.00,0.000,0.000,0,0,0.000,0,0,18.000,39.000,55.000,0,0,0,0,0,0,0,0,0,0,2,144,0,3,70,0
9.860000,270.00,0.000,0.000,0,0,0.000,0,0,18.000,39.000,55.000,0,0,0,0,0,0,0,0,0,0,2,144,0,3,70,0
9.865000,270.00,0.000,0.000,0,0,0.000,0,0,18.000,39.000,55.000,0,0,0,0,0,0,0,0,0,0,2,144,0,3,70,0
9.870000,270.00,0.000,0.000,0,0,0.000,0,0,18.000,39.000,55.000,0,0,0,0,0,0,0,0,0,0,2,144,0,3,70,0
9.875000,270.00,0.000,0.000,0,0,0.000,0,0,18.000,39.000,55.000,0,0,0,0,0,0,0,0,0,0,2,144,0,3,70,0
9.880000,270.00,0.000,0.000,0,0,0.000,0,0,18.000,39.000,55.000,0,0,0,0,0,0,0,0,0,0,2,144,0,3,70,0
9.885000,270.00,0.000,0.000,0,0,0.000,0,0,18.000,39.000,55.000,0,0,0,0,0,0,0,0,0,0,2,144,0,3,70,0
9.890000,270.00,0.000,0.000,0,0,0.000,0,0,18.000,39.000,55.000,0,0,0,0,0,0,0,0,0,0,2,144,0,3,70,0
9.895000,270.00,0.000,0.000,0,0,0.000,0,0,18.000,39.000,55.000,0,0,0,0,0,0,0,0,0,0,2,144,0,3,70,0
9.900000,270.00,0.000,0.000,0,0,0.000,0,0,18.000,39.000,55.000,0,0,0,0,0,0,0,0,0,0,2,144,0,3,70,0
9.905000,270.00,0.000,0.000,0,0,0.000,0,0,18.000,39.000,55.000,0,0,0,0,0,0,0,0,0,0,2,144,0,3,70,0
9.910000,270.00,0.000,0.000,0,0,0.000,0,0,18.000,39.000,55.000,0,0,0,0,0,0,0,0,0,0,2,144,0,3,70,0
9.915000,270.00,0.000,0.000,0,0,0.000,0,0,18.000,39.000,55.000,0,0,0,0,0,0,0,0,0,0,2,144,0,3,70,0
9.920000,270.00,0.000,0.000,0,0,0.000,0,0,18.000,39.000,55.000,0,0,0,0,0,0,0,0,0,0,2,144,0,3,70,0
9.925000,270.00,0.000,0.000,0,0,0.000,0,0,18.000,39.000,55.000,0,0,0,0,0,0,0,0,0,0,2,144,0,3,70,0
9.930000,270.00,0.000,0.000,0,0,0.000,0,0,18.000,39.000,55.000,0,0,0,0,0,0,0,0,0,0,2,144,0,3,70,0
9.935000,270.00,0.000,0.000,0,0,0.000,0,0,18.000,39.000,55.000,0,0,0,0,0,0,0,0,0,0,2,144,0,3,70,0
9.940000,270.00,0.000,0.000,0,0,0.000,0,0,18.000,39.000,55.000,0,0,0,0,0,0,0,0,0,0,2,144,0,3,70,0
9.945000,270.00,0.000,0.000,0,0,0.000,0,0,18.000,39.000,55.000,0,0,0,0,0,0,0,0,0,0,2,144,0,3,70,0
9.950000,270.00,0.000,0.000,0,0,0.000,0,0,18.000,39.000,55.000,0,0,0,0,0,0,0,0,0,0,2,144,0,3,70,0
9.955000,270.00,0.000,0.000,0,0,0.000,0,0,18.000,39.000,55.000,0,0,0,0,0,0,0,0,0,0,2,144,0,3,70,0
9.960000,270.00,0.000,0.000,0,0,0.000,0,0,18.000,39.000,55.000,0,0,0,0,0,0,0,0,0,0,2,144,0,3,70,0
9.965000,270.00,0.000,0.000,0,0,0.000,0,0,18.000,39.000,55.000,0,0,0,0,0,0,0,0,0,0,2,144,0,3,70,0
9.970000,270.00,0.000,0.000,0,0,0.000,0,0,18.000,39.000,55.000,0,0,0,0,0,0,0,0,0,0,2,144,0,3,70,0
9.975000,270.00,0.000,0.000,0,0,0.000,0,0,18.000,39.000,55.000,0,0,0,0,0,0,0,0,0,0,2,144,0,3,70,0
9.980000,270.00,0.000,0.000,0,0,0.000,0,0,18.000,39.000,55.000,0,0,0,0,0,0,0,0,0,0,2,144,0,3,70,0
9.985000,270.00,0.000,0.000,0,0,0.000,0,0,18.000,39.000,55.000,0,0,0,0,0,0,0,0,0,0,2,144,0,3,70,0
9.990000,270.00,0.000,0.000,0,0,0.000,0,0,18.000,39.000,55.000,0,0,0,0,0,0,0,0,0,0,2,144,0,3,70,0
9.995000,270.00,0.000,0.000,0,0,0.000,0,0,18.000,39.000,55.000,0,0,0,0,0,0,0,0,0,0,2,144,0,3,70,0
10.000000,270.00,0.000,0.000,0,0,0.000,0,0,18.000,39.000,55.000,0,0,0,0,0,0,0,0,0,0,2,144,0,3,70,0
