time_s,crank_angle_deg,torque_gen_nm,torque_load_kg,torque_fast_native,torque_run_native,cadence_gen_rpm,cadence_raw_rpm,cadence_control_rpm,speed_kph,battery_v,soc_pct,human_power_w,assist_basis_power_w,motor_power_w,support_pct,iq_mode_request,iq_before_profile_limit,iq_requested,iq_allowed,iq_pre_ramp,iq_ref,session,debug_flags,battery_limit,gate_steps,gate_load_ckg,pedalling
0.005000,0.00,0.000,0.000,0,0,0.000,0,0,0.000,39.000,55.000,0,0,0,0,0,0,0,0,0,0,0,144,0,4,70,0
0.010000,0.00,0.000,0.000,0,0,0.000,0,0,0.000,39.000,55.000,0,0,0,0,0,0,0,0,0,0,0,144,0,4,70,0
0.015000,0.00,0.000,0.000,0,0,0.000,0,0,0.000,39.000,55.000,0,0,0,0,0,0,0,0,0,0,0,144,0,4,70,0
0.020000,0.00,0.000,0.000,0,0,0.000,0,0,0.000,39.000,55.000,0,0,0,0,0,0,0,0,0,0,0,144,0,4,70,0
0.025000,0.00,0.000,0.000,0,0,0.000,0,0,0.000,39.000,55.000,0,0,0,0,0,0,0,0,0,0,0,144,0,4,70,0
0.030000,0.00,0.000,0.000,0,0,0.000,0,0,0.000,39.000,55.000,0,0,0,0,0,0,0,0,0,0,0,144,0,4,70,0
0.035000,0.00,0.000,0.000,0,0,0.000,0,0,0.000,39.000,55.000,0,0,0,0,0,0,0,0,0,0,0,144,0,4,70,0
0.040000,0.00,0.000,0.000,0,0,0.000,0,0,0.000,39.000,55.000,0,0,0,0,0,0,0,0,0,0,0,144,0,4,70,0
0.045000,0.00,0.000,0.000,0,0,0.000,0,0,0.000,39.000,55.000,0,0,0,0,0,0,0,0,0,0,0,144,0,4,70,0
0.050000,0.00,0.000,0.000,0,0,0.000,0,0,0.000,39.000,55.000,0,0,0,0,0,0,0,0,0,0,0,144,0,4,70,0
0.055000,0.00,0.000,0.000,0,0,0.000,0,0,0.000,39.000,55.000,0,0,0,0,0,0,0,0,0,0,0,144,0,4,70,0
0.060000,0.00,0.000,0.000,0,0,0.000,0,0,0.000,39.000,55.000,0,0,0,0,0,0,0,0,0,0,0,144,0,4,70,0
0.065000,0.00,0.000,0.000,0,0,0.000,0,0,0.000,39.000,55.000,0,0,0,0,0,0,0,0,0,0,0,144,0,4,70,0
0.070000,0.00,0.000,0.000,0,0,0.000,0,0,0.000,39.000,55.000,0,0,0,0,0,0,0,0,0,0,0,144,0,4,70,0
0.075000,0.00,0.000,0.000,0,0,0.000,0,0,0.000,39.000,55.000,0,0,0,0,0,0,0,0,0,0,0,144,0,4,70,0
0.080000,0.00,0.000,0.000,0,0,0.000,0,0,0.000,39.000,55.000,0,0,0,0,0,0,0,0,0,0,0,144,0,4,70,0
0.085000,0.00,0.000,0.000,0,0,0.000,0,0,0.000,39.000,55.000,0,0,0,0,0,0,0,0,0,0,0,144,0,4,70,0
0.090000,0.00,0.000,0.000,0,0,0.000,0,0,0.000,39.000,55.000,0,0,0,0,0,0,0,0,0,0,0,144,0,4,70,0
0.095000,0.00,0.000,0.000,0,0,0.000,0,0,0.000,39.000,55.000,0,0,0,0,0,0,0,0,0,0,0,144,0,4,70,0
0.100000,0.00,0.000,0.000,0,0,0.000,0,0,0.000,39.000,55.000,0,0,0,0,0,0,0,0,0,0,0,144,0,4,70,0
0.105000,0.00,0.000,0.000,0,0,0.000,0,0,0.000,39.000,55.000,0,0,0,0,0,0,0,0,0,0,0,144,0,4,70,0
0.110000,0.00,0.000,0.000,0,0,0.000,0,0,0.000,39.000,55.000,0,0,0,0,0,0,0,0,0,0,0,144,0,4,70,0
0.115000,0.00,0.000,0.000,0,0,0.000,0,0,0.000,39.000,55.000,0,0,0,0,0,0,0,0,0,0,0,144,0,4,70,0
0.120000,0.00,0.000,0.000,0,0,0.000,0,0,0.000,39.000,55.000,0,0,0,0,0,0,0,0,0,0,0,144,0,4,70,0
0.125000,0.00,0.000,0.000,0,0,0.000,0,0,0.000,39.000,55.000,0,0,0,0,0,0,0,0,0,0,0,144,0,4,70,0
0.130000,0.00,0.000,0.000,0,0,0.000,0,0,0.000,39.000,55.000,0,0,0,0,0,0,0,0,0,0,0,144,0,4,70,0
0.135000,0.00,0.000,0.000,0,0,0.000,0,0,0.000,39.000,55.000,0,0,0,0,0,0,0,0,0,0,0,144,0,4,70,0
0.140000,0.00,0.000,0.000,0,0,0.000,0,0,0.000,39.000,55.000,0,0,0,0,0,0,0,0,0,0,0,144,0,4,70,0
0.145000,0.00,0.000,0.000,0,0,0.000,0,0,0.000,39.000,55.000,0,0,0,0,0,0,0,0,0,0,0,144,0,4,70,0
0.150000,0.00,0.000,0.000,0,0,0.000,0,0,0.000,39.000,55.000,0,0,0,0,0,0,0,0,0,0,0,144,0,4,70,0
0.155000,0.00,0.000,0.000,0,0,0.000,0,0,0.000,39.000,55.000,0,0,0,0,0,0,0,0,0,0,0,144,0,4,70,0
0.160000,0.00,0.000,0.000,0,0,0.000,0,0,0.000,39.000,55.000,0,0,0,0,0,0,0,0,0,0,0,144,0,4,70,0
0.165000,0.00,0.000,0.000,0,0,0.000,0,0,0.000,39.000,55.000,0,0,0,0,0,0,0,0,0,0,0,144,0,4,70,0
0.170000,0.00,0.000,0.000,0,0,0.000,0,0,0.000,39.000,55.000,0,0,0,0,0,0,0,0,0,0,0,144,0,4,70,0
0.175000,0.00,0.000,0.000,0,0,0.000,0,0,0.000,39.000,55.000,0,0,0,0,0,0,0,0,0,0,0,144,0,4,70,0
0.180000,0.00,0.000,0.000,0,0,0.000,0,0,0.000,39.000,55.000,0,0,0,0,0,0,0,0,0,0,0,144,0,4,70,0
0.185000,0.00,0.000,0.000,0,0,0.000,0,0,0.000,39.000,55.000,0,0,0,0,0,0,0,0,0,0,0,144,0,4,70,0
0.190000,0.00,0.000,0.000,0,0,0.000,0,0,0.000,39.000,55.000,0,0,0,0,0,0,0,0,0,0,0,144,0,4,70,0
0.195000,0.00,0.000,0.000,0,0,0.000,0,0,0.000,39.000,55.000,0,0,0,0,0,0,0,0,0,0,0,144,0,4,70,0
0.200000,0.00,0.000,0.000,0,0,0.000,0,0,0.000,39.000,55.000,0,0,0,0,0,0,0,0,0,0,0,144,0,4,70,0
0.205000,0.00,0.000,0.000,0,0,0.000,0,0,0.000,39.000,55.000,0,0,0,0,0,0,0,0,0,0,0,144,0,4,70,0
0.210000,0.00,0.000,0.000,0,0,0.000,0,0,0.000,39.000,55.000,0,0,0,0,0,0,0,0,0,0,0,144,0,4,70,0
0.215000,0.00,0.000,0.000,0,0,0.000,0,0,0.000,39.000,55.000,0,0,0,0,0,0,0,0,0,0,0,144,0,4,70,0
0.220000,0.00,0.000,0.000,0,0,0.000,0,0,0.000,39.000,55.000,0,0,0,0,0,0,0,0,0,0,0,144,0,4,70,0
0.225000,0.00,0.000,0.000,0,0,0.000,0,0,0.000,39.000,55.000,0,0,0,0,0,0,0,0,0,0,0,144,0,4,70,0
0.230000,0.00,0.000,0.000,0,0,0.000,0,0,0.000,39.000,55.000,0,0,0,0,0,0,0,0,0,0,0,144,0,4,70,0
0.235000,0.00,0.000,0.000,0,0,0.000,0,0,0.000,39.000,55.000,0,0,0,0,0,0,0,0,0,0,0,144,0,4,70,0
0.240000,0.00,0.000,0.000,0,0,0.000,0,0,0.000,39.000,55.000,0,0,0,0,0,0,0,0,0,0,0,144,0,4,70,0
0.245000,0.00,0.000,0.000,0,0,0.000,0,0,0.000,39.000,55.000,0,0,0,0,0,0,0,0,0,0,0,144,0,4,70,0
0.250000,0.00,0.000,0.000,0,0,0.000,0,0,0.000,39.000,55.000,0,0,0,0,0,0,0,0,0,0,0,144,0,4,70,0
0.255000,0.00,0.000,0.000,0,0,0.000,0,0,0.000,39.000,55.000,0,0,0,0,0,0,0,0,0,0,0,144,0,4,70,0
0.260000,0.00,0.000,0.000,0,0,0.000,0,0,0.000,39.000,55.000,0,0,0,0,0,0,0,0,0,0,0,144,0,4,70,0
0.265000,0.00,0.000,0.000,0,0,0.000,0,0,0.000,39.000,55.000,0,0,0,0,0,0,0,0,0,0,0,144,0,4,70,0
0.270000,0.00,0.000,0.000,0,0,0.000,0,0,0.000,39.000,55.000,0,0,0,0,0,0,0,0,0,0,0,144,0,4,70,0
0.275000,0.00,0.000,0.000,0,0,0.000,0,0,0.000,39.000,55.000,0,0,0,0,0,0,0,0,0,0,0,144,0,4,70,0
0.280000,0.00,0.000,0.000,0,0,0.000,0,0,0.000,39.000,55.000,0,0,0,0,0,0,0,0,0,0,0,144,0,4,70,0
0.285000,0.00,0.000,0.000,0,0,0.000,0,0,0.000,39.000,55.000,0,0,0,0,0,0,0,0,0,0,0,144,0,4,70,0
0.290000,0.00,0.000,0.000,0,0,0.000,0,0,0.000,39.000,55.000,0,0,0,0,0,0,0,0,0,0,0,144,0,4,70,0
0.295000,0.00,0.000,0.000,0,0,0.000,0,0,0.000,39.000,55.000,0,0,0,0,0,0,0,0,0,0,0,144,0,4,70,0
0.300000,0.00,0.000,0.000,0,0,0.000,0,0,0.000,39.000,55.000,0,0,0,0,0,0,0,0,0,0,0,144,0,4,70,0
0.305000,0.00,0.000,0.000,0,0,0.000,0,0,0.000,39.000,55.000,0,0,0,0,0,0,0,0,0,0,0,144,0,4,70,0
0.310000,0.00,0.000,0.000,0,0,0.000,0,0,0.000,39.000,55.000,0,0,0,0,0,0,0,0,0,0,0,144,0,4,70,0
0.315000,0.00,0.000,0.000,0,0,0.000,0,0,0.000,39.000,55.000,0,0,0,0,0,0,0,0,0,0,0,144,0,4,70,0
0.320000,0.00,0.000,0.000,0,0,0.000,0,0,0.000,39.000,55.000,0,0,0,0,0,0,0,0,0,0,0,144,0,4,70,0
0.325000,0.00,0.000,0.000,0,0,0.000,0,0,0.000,39.000,55.000,0,0,0,0,0,0,0,0,0,0,0,144,0,4,70,0
0.330000,0.00,0.000,0.000,0,0,0.000,0,0,0.000,39.000,55.000,0,0,0,0,0,0,0,0,0,0,0,144,0,4,70,0
0.335000,0.00,0.000,0.000,0,0,0.000,0,0,0.000,39.000,55.000,0,0,0,0,0,0,0,0,0,0,0,144,0,4,70,0
0.340000,0.00,0.000,0.000,0,0,0.000,0,0,0.000,39.000,55.000,0,0,0,0,0,0,0,0,0,0,0,144,0,4,70,0
0.345000,0.00,0.000,0.000,0,0,0.000,0,0,0.000,39.000,55.000,0,0,0,0,0,0,0,0,0,0,0,144,0,4,70,0
0.350000,0.00,0.000,0.000,0,0,0.000,0,0,0.000,39.000,55.000,0,0,0,0,0,0,0,0,0,0,0,144,0,4,70,0
0.355000,0.00,0.000,0.000,0,0,0.000,0,0,0.000,39.000,55.000,0,0,0,0,0,0,0,0,0,0,0,144,0,4,70,0
0.360000,0.00,0.000,0.000,0,0,0.000,0,0,0.000,39.000,55.000,0,0,0,0,0,0,0,0,0,0,0,144,0,4,70,0
0.365000,0.00,0.000,0.000,0,0,0.000,0,0,0.000,39.000,55.000,0,0,0,0,0,0,0,0,0,0,0,144,0,4,70,0
0.370000,0.00,0.000,0.000,0,0,0.000,0,0,0.000,39.000,55.000,0,0,0,0,0,0,0,0,0,0,0,144,0,4,70,0
0.375000,0.00,0.000,0.000,0,0,0.000,0,0,0.000,39.000,55.000,0,0,0,0,0,0,0,0,0,0,0,144,0,4,70,0
0.380000,0.00,0.000,0.000,0,0,0.000,0,0,0.000,39.000,55.000,0,0,0,0,0,0,0,0,0,0,0,144,0,4,70,0
0.385000,0.00,0.000,0.000,0,0,0.000,0,0,0.000,39.000,55.000,0,0,0,0,0,0,0,0,0,0,0,144,0,4,70,0
0.390000,0.00,0.000,0.000,0,0,0.000,0,0,0.000,39.000,55.000,0,0,0,0,0,0,0,0,0,0,0,144,0,4,70,0
0.395000,0.00,0.000,0.000,0,0,0.000,0,0,0.000,39.000,55.000,0,0,0,0,0,0,0,0,0,0,0,144,0,4,70,0
0.400000,0.00,0.000,0.000,0,0,0.000,0,0,0.000,39.000,55.000,0,0,0,0,0,0,0,0,0,0,0,144,0,4,70,0
0.405000,0.00,0.000,0.000,0,0,0.000,0,0,0.000,39.000,55.000,0,0,0,0,0,0,0,0,0,0,0,144,0,4,70,0
0.410000,0.00,0.000,0.000,0,0,0.000,0,0,0.000,39.000,55.000,0,0,0,0,0,0,0,0,0,0,0,144,0,4,70,0
0.415000,0.00,0.000,0.000,0,0,0.000,0,0,0.000,39.000,55.000,0,0,0,0,0,0,0,0,0,0,0,144,0,4,70,0
0.420000,0.00,0.000,0.000,0,0,0.000,0,0,0.000,39.000,55.000,0,0,0,0,0,0,0,0,0,0,0,144,0,4,70,0
0.425000,0.00,0.000,0.000,0,0,0.000,0,0,0.000,39.000,55.000,0,0,0,0,0,0,0,0,0,0,0,144,0,4,70,0
0.430000,0.00,0.000,0.000,0,0,0.000,0,0,0.000,39.000,55.000,0,0,0,0,0,0,0,0,0,0,0,144,0,4,70,0
0.435000,0.00,0.000,0.000,0,0,0.000,0,0,0.000,39.000,55.000,0,0,0,0,0,0,0,0,0,0,0,144,0,4,70,0
0.440000,0.00,0.000,0.000,0,0,0.000,0,0,0.000,39.000,55.000,0,0,0,0,0,0,0,0,0,0,0,144,0,4,70,0
0.445000,0.00,0.000,0.000,0,0,0.000,0,0,0.000,39.000,55.000,0,0,0,0,0,0,0,0,0,0,0,144,0,4,70,0
0.450000,0.00,0.000,0.000,0,0,0.000,0,0,0.000,39.000,55.000,0,0,0,0,0,0,0,0,0,0,0,144,0,4,70,0
0.455000,0.00,0.000,0.000,0,0,0.000,0,0,0.000,39.000,55.000,0,0,0,0,0,0,0,0,0,0,0,144,0,4,70,0
0.460000,0.00,0.000,0.000,0,0,0.000,0,0,0.000,39.000,55.000,0,0,0,0,0,0,0,0,0,0,0,144,0,4,70,0
0.465000,0.00,0.000,0.000,0,0,0.000,0,0,0.000,39.000,55.000,0,0,0,0,0,0,0,0,0,0,0,144,0,4,70,0
0.470000,0.00,0.000,0.000,0,0,0.000,0,0,0.000,39.000,55.000,0,0,0,0,0,0,0,0,0,0,0,144,0,4,70,0
0.475000,0.00,0.000,0.000,0,0,0.000,0,0,0.000,39.000,55.000,0,0,0,0,0,0,0,0,0,0,0,144,0,4,70,0
0.480000,0.00,0.000,0.000,0,0,0.000,0,0,0.000,39.000,55.000,0,0,0,0,0,0,0,0,0,0,0,144,0,4,70,0
0.485000,0.00,0.000,0.000,0,0,0.000,0,0,0.000,39.000,55.000,0,0,0,0,0,0,0,0,0,0,0,144,0,4,70,0
0.490000,0.00,0.000,0.000,0,0,0.000,0,0,0.000,39.000,55.000,0,0,0,0,0,0,0,0,0,0,0,144,0,4,70,0
0.495000,0.00,0.000,0.000,0,0,0.000,0,0,0.000,39.000,55.000,0,0,0,0,0,0,0,0,0,0,0,144,0,4,70,0
0.500000,0.00,28.000,16.820,2,0,0.000,0,0,0.000,39.000,55.000,0,0,0,0,0,0,0,0,0,0,0,144,0,4,70,1
0.505000,0.00,28.000,16.820,47,1,0.000,0,0,0.000,39.000,55.000,0,0,0,160,33,33,0,0,0,0,0,144,0,4,70,1
0.510000,0.00,28.000,16.820,85,4,0.000,0,0,0.000,39.000,55.000,0,0,0,160,61,61,0,0,0,0,0,144,0,4,70,1
0.515000,0.00,28.000,16.820,119,8,0.000,0,0,0.000,39.000,55.000,0,0,0,160,85,85,0,0,0,0,0,144,0,4,70,1
0.520000,0.00,28.000,16.820,147,13,0.000,0,0,0.000,39.000,55.000,0,0,0,160,106,106,0,0,0,0,0,144,0,4,70,1
0.525000,0.00,28.000,16.820,172,19,0.000,0,0,0.000,39.000,55.000,0,0,0,160,130,130,0,0,0,0,0,144,0,4,70,1
0.530000,0.00,28.000,16.820,194,26,0.000,0,0,0.000,39.000,55.000,0,0,0,160,151,151,0,0,0,0,0,144,0,4,70,1
0.535000,0.00,28.000,16.820,213,33,0.000,0,0,0.000,39.000,55.000,0,0,0,160,169,169,0,0,0,0,0,144,0,4,70,1
0.540000,0.00,28.000,16.820,229,41,0.000,0,0,0.000,39.000,55.000,0,0,0,160,184,184,0,0,0,0,0,144,0,4,70,1
0.545000,0.00,28.000,16.820,243,49,0.000,0,0,0.000,39.000,55.000,0,0,0,160,198,198,0,0,0,0,0,144,0,4,70,1
0.550000,0.00,28.000,16.820,255,57,0.000,0,0,0.000,39.000,55.000,0,0,0,160,209,209,0,0,0,0,0,144,0,4,70,1
0.555000,0.00,28.000,16.820,266,65,0.000,0,0,0.000,39.000,55.000,0,0,0,160,219,219,0,0,0,0,0,144,0,4,70,1
0.560000,0.00,28.000,16.820,275,73,0.000,0,0,0.000,39.000,55.000,0,0,0,160,228,228,0,0,0,0,0,144,0,4,70,1
0.565000,0.00,28.000,16.820,283,82,0.000,0,0,0.000,39.000,55.000,0,0,0,160,236,236,0,0,0,0,0,144,0,4,70,1
0.570000,0.00,28.000,16.820,290,90,0.000,0,0,0.000,39.000,55.000,0,0,0,160,242,242,0,0,0,0,0,144,0,4,70,1
0.575000,0.00,28.000,16.820,296,98,0.000,0,0,0.000,39.000,55.000,0,0,0,160,248,248,0,0,0,0,0,144,0,4,70,1
0.580000,0.00,28.000,16.820,301,107,0.000,0,0,0.000,39.000,55.000,0,0,0,160,253,253,0,0,0,0,0,144,0,4,70,1
0.585000,0.00,28.000,16.820,306,115,0.000,0,0,0.000,39.000,55.000,0,0,0,160,258,258,0,0,0,0,0,144,0,4,70,1
0.590000,0.00,28.000,16.820,310,122,0.000,0,0,0.000,39.000,55.000,0,0,0,160,261,261,0,0,0,0,0,144,0,4,70,1
0.595000,0.00,28.000,16.820,313,130,0.000,0,0,0.000,39.000,55.000,0,0,0,160,264,264,0,0,0,0,0,144,0,4,70,1
0.600000,0.00,28.000,16.820,316,138,0.000,0,0,0.000,39.000,55.000,0,0,0,160,267,267,0,0,0,0,0,144,0,4,70,1
0.605000,0.00,28.000,16.820,318,145,0.000,0,0,0.000,39.000,55.000,0,0,0,160,269,269,0,0,0,0,0,144,0,4,70,1
0.610000,0.00,28.000,16.820,321,152,0.000,0,0,0.000,39.000,55.000,0,0,0,160,272,272,0,0,0,0,0,144,0,4,70,1
0.615000,0.00,28.000,16.820,322,159,0.000,0,0,0.000,39.000,55.000,0,0,0,160,273,273,0,0,0,0,0,144,0,4,70,1
0.620000,0.00,28.000,16.820,324,166,0.000,0,0,0.000,39.000,55.000,0,0,0,160,275,275,0,0,0,0,0,144,0,4,70,1
0.625000,0.00,28.000,16.820,325,172,0.000,0,0,0.000,39.000,55.000,0,0,0,160,276,276,0,0,0,0,0,144,0,4,70,1
0.630000,0.00,28.000,16.820,327,178,0.000,0,0,0.000,39.000,55.000,0,0,0,160,278,278,0,0,0,0,0,144,0,4,70,1
0.635000,0.00,28.000,16.820,328,184,0.000,0,0,0.000,39.000,55.000,0,0,0,160,279,279,0,0,0,0,0,144,0,4,70,1
0.640000,0.00,28.000,16.820,329,190,0.000,0,0,0.000,39.000,55.000,0,0,0,160,280,280,0,0,0,0,0,144,0,4,70,1
0.645000,0.00,28.000,16.820,330,196,0.000,0,0,0.000,39.000,55.000,0,0,0,160,281,281,0,0,0,0,0,144,0,4,70,1
0.650000,0.00,28.000,16.820,330,201,0.000,0,0,0.000,39.000,55.000,0,0,0,160,281,281,0,0,0,0,0,144,0,4,70,1
0.655000,0.00,28.000,16.820,331,206,0.000,0,0,0.000,39.000,55.000,0,0,0,160,281,281,0,0,0,0,0,144,0,4,70,1
0.660000,0.00,28.000,16.820,331,212,0.000,0,0,0.000,39.000,55.000,0,0,0,160,281,281,0,0,0,0,0,144,0,4,70,1
0.665000,0.00,28.000,16.820,332,216,0.000,0,0,0.000,39.000,55.000,0,0,0,160,283,283,0,0,0,0,0,144,0,4,70,1
0.670000,0.00,28.000,16.820,332,221,0.000,0,0,0.000,39.000,55.000,0,0,0,160,283,283,0,0,0,0,0,144,0,4,70,1
0.675000,0.00,28.000,16.820,333,226,0.000,0,0,0.000,39.000,55.000,0,0,0,160,283,283,0,0,0,0,0,144,0,4,70,1
0.680000,0.00,28.000,16.820,333,230,0.000,0,0,0.000,39.000,55.000,0,0,0,160,283,283,0,0,0,0,0,144,0,4,70,1
0.685000,0.00,28.000,16.820,333,234,0.000,0,0,0.000,39.000,55.000,0,0,0,160,283,283,0,0,0,0,0,144,0,4,70,1
0.690000,0.00,28.000,16.820,333,238,0.000,0,0,0.000,39.000,55.000,0,0,0,160,283,283,0,0,0,0,0,144,0,4,70,1
0.695000,0.00,28.000,16.820,333,242,0.000,0,0,0.000,39.000,55.000,0,0,0,160,283,283,0,0,0,0,0,144,0,4,70,1
0.700000,0.00,28.000,16.820,334,246,0.000,0,0,0.000,39.000,55.000,0,0,0,160,284,284,0,0,0,0,0,144,0,4,70,1
0.705000,0.00,28.000,16.820,334,249,0.000,0,0,0.000,39.000,55.000,0,0,0,160,284,284,0,0,0,0,0,144,0,4,70,1
0.710000,0.00,28.000,16.820,334,253,0.000,0,0,0.000,39.000,55.000,0,0,0,160,284,284,0,0,0,0,0,144,0,4,70,1
0.715000,0.00,28.000,16.820,334,256,0.000,0,0,0.000,39.000,55.000,0,0,0,160,284,284,0,0,0,0,0,144,0,4,70,1
0.720000,0.00,28.000,16.820,334,259,0.000,0,0,0.000,39.000,55.000,0,0,0,160,284,284,0,0,0,0,0,144,0,4,70,1
0.725000,0.00,28.000,16.820,334,262,0.000,0,0,0.000,39.000,55.000,0,0,0,160,284,284,0,0,0,0,0,144,0,4,70,1
0.730000,0.00,28.000,16.820,334,265,0.000,0,0,0.000,39.000,55.000,0,0,0,160,284,284,0,0,0,0,0,144,0,4,70,1
0.735000,0.00,28.000,16.820,334,268,0.000,0,0,0.000,39.000,55.000,0,0,0,160,284,284,0,0,0,0,0,144,0,4,70,1
0.740000,0.00,28.000,16.820,334,270,0.000,0,0,0.000,39.000,55.000,0,0,0,160,284,284,0,0,0,0,0,144,0,4,70,1
0.745000,0.00,28.000,16.820,334,273,0.000,0,0,0.000,39.000,55.000,0,0,0,160,284,284,0,0,0,0,0,144,0,4,70,1
0.750000,0.00,28.000,16.820,335,275,0.000,0,0,0.000,39.000,55.000,0,0,0,160,285,285,0,0,0,0,0,144,0,4,70,1
0.755000,0.00,28.000,16.820,335,278,0.000,0,0,0.000,39.000,55.000,0,0,0,160,285,285,0,0,0,0,0,144,0,4,70,1
0.760000,0.00,28.000,16.820,335,280,0.000,0,0,0.000,39.000,55.000,0,0,0,160,285,285,0,0,0,0,0,144,0,4,70,1
0.765000,0.00,28.000,16.820,335,282,0.000,0,0,0.000,39.000,55.000,0,0,0,160,285,285,0,0,0,0,0,144,0,4,70,1
0.770000,0.00,28.000,16.820,335,285,0.000,0,0,0.000,39.000,55.000,0,0,0,160,285,285,0,0,0,0,0,144,0,4,70,1
0.775000,0.00,28.000,16.820,335,287,0.000,0,0,0.000,39.000,55.000,0,0,0,160,285,285,0,0,0,0,0,144,0,4,70,1
0.780000,0.00,28.000,16.820,335,288,0.000,0,0,0.000,39.000,55.000,0,0,0,160,285,285,0,0,0,0,0,144,0,4,70,1
0.785000,0.00,28.000,16.820,335,290,0.000,0,0,0.000,39.000,55.000,0,0,0,160,285,285,0,0,0,0,0,144,0,4,70,1
0.790000,0.00,28.000,16.820,335,292,0.000,0,0,0.000,39.000,55.000,0,0,0,160,285,285,0,0,0,0,0,144,0,4,70,1
0.795000,0.00,28.000,16.820,335,294,0.000,0,0,0.000,39.000,55.000,0,0,0,160,285,285,0,0,0,0,0,144,0,4,70,1
0.800000,0.00,28.000,16.820,335,295,0.000,0,0,0.000,39.000,55.000,0,0,0,160,285,285,0,0,0,0,0,144,0,4,70,1
0.805000,0.00,28.000,16.820,335,297,0.000,0,0,0.000,39.000,55.000,0,0,0,160,285,285,0,0,0,0,0,144,0,4,70,1
0.810000,0.00,28.000,16.820,335,299,0.000,0,0,0.000,39.000,55.000,0,0,0,160,285,285,0,0,0,0,0,144,0,4,70,1
0.815000,0.00,28.000,16.820,335,300,0.000,0,0,0.000,39.000,55.000,0,0,0,160,285,285,0,0,0,0,0,144,0,4,70,1
0.820000,0.00,28.000,16.820,335,301,0.000,0,0,0.000,39.000,55.000,0,0,0,160,285,285,0,0,0,0,0,144,0,4,70,1
0.825000,0.00,28.000,16.820,335,303,0.000,0,0,0.000,39.000,55.000,0,0,0,160,285,285,0,0,0,0,0,144,0,4,70,1
0.830000,0.00,28.000,16.820,335,304,0.000,0,0,0.000,39.000,55.000,0,0,0,160,285,285,0,0,0,0,0,144,0,4,70,1
0.835000,0.00,28.000,16.820,335,305,0.000,0,0,0.000,39.000,55.000,0,0,0,160,285,285,0,0,0,0,0,144,0,4,70,1
0.840000,0.00,28.000,16.820,335,306,0.000,0,0,0.000,39.000,55.000,0,0,0,160,285,285,0,0,0,0,0,144,0,4,70,1
0.845000,0.00,28.000,16.820,335,308,0.000,0,0,0.000,39.000,55.000,0,0,0,160,285,285,0,0,0,0,0,144,0,4,70,1
0.850000,0.00,28.000,16.820,335,309,0.000,0,0,0.000,39.000,55.000,0,0,0,160,285,285,0,0,0,0,0,144,0,4,70,1
0.855000,0.00,28.000,16.820,335,310,0.000,0,0,0.000,39.000,55.000,0,0,0,160,285,285,0,0,0,0,0,144,0,4,70,1
0.860000,0.00,28.000,16.820,335,311,0.000,0,0,0.000,39.000,55.000,0,0,0,160,285,285,0,0,0,0,0,144,0,4,70,1
0.865000,0.00,28.000,16.820,335,312,0.000,0,0,0.000,39.000,55.000,0,0,0,160,285,285,0,0,0,0,0,144,0,4,70,1
0.870000,0.00,28.000,16.820,335,313,0.000,0,0,0.000,39.000,55.000,0,0,0,160,285,285,0,0,0,0,0,144,0,4,70,1
0.875000,0.00,28.000,16.820,335,313,0.000,0,0,0.000,39.000,55.000,0,0,0,160,285,285,0,0,0,0,0,144,0,4,70,1
0.880000,0.00,28.000,16.820,335,314,0.000,0,0,0.000,39.000,55.000,0,0,0,160,285,285,0,0,0,0,0,144,0,4,70,1
0.885000,0.00,28.000,16.820,335,315,0.000,0,0,0.000,39.000,55.000,0,0,0,160,285,285,0,0,0,0,0,144,0,4,70,1
0.890000,0.00,28.000,16.820,335,316,0.000,0,0,0.000,39.000,55.000,0,0,0,160,285,285,0,0,0,0,0,144,0,4,70,1
0.895000,0.00,28.000,16.820,335,317,0.000,0,0,0.000,39.000,55.000,0,0,0,160,285,285,0,0,0,0,0,144,0,4,70,1
0.900000,0.00,28.000,16.820,335,317,0.000,0,0,0.000,39.000,55.000,0,0,0,160,285,285,0,0,0,0,0,144,0,4,70,1
0.905000,0.00,28.000,16.820,335,318,0.000,0,0,0.000,39.000,55.000,0,0,0,160,285,285,0,0,0,0,0,144,0,4,70,1
0.910000,0.00,28.000,16.820,335,319,0.000,0,0,0.000,39.000,55.000,0,0,0,160,285,285,0,0,0,0,0,144,0,4,70,1
0.915000,0.00,28.000,16.820,335,319,0.000,0,0,0.000,39.000,55.000,0,0,0,160,285,285,0,0,0,0,0,144,0,4,70,1
0.920000,0.00,28.000,16.820,335,320,0.000,0,0,0.000,39.000,55.000,0,0,0,160,285,285,0,0,0,0,0,144,0,4,70,1
0.925000,0.00,28.000,16.820,335,320,0.000,0,0,0.000,39.000,55.000,0,0,0,160,285,285,0,0,0,0,0,144,0,4,70,1
0.930000,0.00,28.000,16.820,335,321,0.000,0,0,0.000,39.000,55.000,0,0,0,160,285,285,0,0,0,0,0,144,0,4,70,1
0.935000,0.00,28.000,16.820,335,322,0.000,0,0,0.000,39.000,55.000,0,0,0,160,285,285,0,0,0,0,0,144,0,4,70,1
0.940000,0.00,28.000,16.820,335,322,0.000,0,0,0.000,39.000,55.000,0,0,0,160,285,285,0,0,0,0,0,144,0,4,70,1
0.945000,0.00,28.000,16.820,335,323,0.000,0,0,0.000,39.000,55.000,0,0,0,160,285,285,0,0,0,0,0,144,0,4,70,1
0.950000,0.00,28.000,16.820,335,323,0.000,0,0,0.000,39.000,55.000,0,0,0,160,285,285,0,0,0,0,0,144,0,4,70,1
0.955000,0.00,28.000,16.820,335,323,0.000,0,0,0.000,39.000,55.000,0,0,0,160,285,285,0,0,0,0,0,144,0,4,70,1
0.960000,0.00,28.000,16.820,335,324,0.000,0,0,0.000,39.000,55.000,0,0,0,160,285,285,0,0,0,0,0,144,0,4,70,1
0.965000,0.00,28.000,16.820,335,324,0.000,0,0,0.000,39.000,55.000,0,0,0,160,285,285,0,0,0,0,0,144,0,4,70,1
0.970000,0.00,28.000,16.820,335,325,0.000,0,0,0.000,39.000,55.000,0,0,0,160,285,285,0,0,0,0,0,144,0,4,70,1
0.975000,0.00,28.000,16.820,335,325,0.000,0,0,0.000,39.000,55.000,0,0,0,160,285,285,0,0,0,0,0,144,0,4,70,1
0.980000,0.00,28.000,16.820,335,325,0.000,0,0,0.000,39.000,55.000,0,0,0,160,285,285,0,0,0,0,0,144,0,4,70,1
0.985000,0.00,28.000,16.820,335,326,0.000,0,0,0.000,39.000,55.000,0,0,0,160,285,285,0,0,0,0,0,144,0,4,70,1
0.990000,0.00,28.000,16.820,335,326,0.000,0,0,0.000,39.000,55.000,0,0,0,160,285,285,0,0,0,0,0,144,0,4,70,1
0.995000,0.00,28.000,16.820,335,326,0.000,0,0,0.000,39.000,55.000,0,0,0,160,285,285,0,0,0,0,0,144,0,4,70,1
1.000000,0.00,28.000,16.820,335,327,0.000,0,0,0.000,39.000,55.000,0,0,0,160,285,285,0,0,0,0,0,144,0,4,70,1
1.005000,0.00,28.000,16.820,335,327,0.000,0,0,0.000,39.000,55.000,0,0,0,160,285,285,0,0,0,0,0,144,0,4,70,1
1.010000,0.00,28.000,16.820,335,327,0.000,0,0,0.000,39.000,55.000,0,0,0,160,285,285,0,0,0,0,0,144,0,4,70,1
1.015000,0.00,28.000,16.820,335,328,0.000,0,0,0.000,39.000,55.000,0,0,0,160,285,285,0,0,0,0,0,144,0,4,70,1
1.020000,0.00,28.000,16.820,335,328,0.000,0,0,0.000,39.000,55.000,0,0,0,160,285,285,0,0,0,0,0,144,0,4,70,1
1.025000,0.00,28.000,16.820,335,328,0.000,0,0,0.000,39.000,55.000,0,0,0,160,285,285,0,0,0,0,0,144,0,4,70,1
1.030000,0.00,28.000,16.820,335,328,0.000,0,0,0.000,39.000,55.000,0,0,0,160,285,285,0,0,0,0,0,144,0,4,70,1
1.035000,0.00,28.000,16.820,335,329,0.000,0,0,0.000,39.000,55.000,0,0,0,160,285,285,0,0,0,0,0,144,0,4,70,1
1.040000,0.00,28.000,16.820,335,329,0.000,0,0,0.000,39.000,55.000,0,0,0,160,285,285,0,0,0,0,0,144,0,4,70,1
1.045000,0.00,28.000,16.820,335,329,0.000,0,0,0.000,39.000,55.000,0,0,0,160,285,285,0,0,0,0,0,144,0,4,70,1
1.050000,0.00,28.000,16.820,335,329,0.000,0,0,0.000,39.000,55.000,0,0,0,160,285,285,0,0,0,0,0,144,0,4,70,1
1.055000,0.00,28.000,16.820,335,329,0.000,0,0,0.000,39.000,55.000,0,0,0,160,285,285,0,0,0,0,0,144,0,4,70,1
1.060000,0.00,28.000,16.820,335,330,0.000,0,0,0.000,39.000,55.000,0,0,0,160,285,285,0,0,0,0,0,144,0,4,70,1
1.065000,0.00,28.000,16.820,335,330,0.000,0,0,0.000,39.000,55.000,0,0,0,160,285,285,0,0,0,0,0,144,0,4,70,1
1.070000,0.00,28.000,16.820,335,330,0.000,0,0,0.000,39.000,55.000,0,0,0,160,285,285,0,0,0,0,0,144,0,4,70,1
1.075000,0.00,28.000,16.820,335,330,0.000,0,0,0.000,39.000,55.000,0,0,0,160,285,285,0,0,0,0,0,144,0,4,70,1
1.080000,0.00,28.000,16.820,335,330,0.000,0,0,0.000,39.000,55.000,0,0,0,160,285,285,0,0,0,0,0,144,0,4,70,1
1.085000,0.00,28.000,16.820,335,330,0.000,0,0,0.000,39.000,55.000,0,0,0,160,285,285,0,0,0,0,0,144,0,4,70,1
1.090000,0.00,28.000,16.820,335,331,0.000,0,0,0.000,39.000,55.000,0,0,0,160,285,285,0,0,0,0,0,144,0,4,70,1
1.095000,0.00,28.000,16.820,335,331,0.000,0,0,0.000,39.000,55.000,0,0,0,160,285,285,0,0,0,0,0,144,0,4,70,1
1.100000,0.00,28.000,16.820,335,331,0.000,0,0,0.000,39.000,55.000,0,0,0,160,285,285,0,0,0,0,0,144,0,4,70,1
1.105000,0.00,28.000,16.820,335,331,0.000,0,0,0.000,39.000,55.000,0,0,0,160,285,285,0,0,0,0,0,144,0,4,70,1
1.110000,0.00,28.000,16.820,335,331,0.000,0,0,0.000,39.000,55.000,0,0,0,160,285,285,0,0,0,0,0,144,0,4,70,1
1.115000,0.00,28.000,16.820,335,331,0.000,0,0,0.000,39.000,55.000,0,0,0,160,285,285,0,0,0,0,0,144,0,4,70,1
1.120000,0.00,28.000,16.820,335,331,0.000,0,0,0.000,39.000,55.000,0,0,0,160,285,285,0,0,0,0,0,144,0,4,70,1
1.125000,0.00,28.000,16.820,335,331,0.000,0,0,0.000,39.000,55.000,0,0,0,160,285,285,0,0,0,0,0,144,0,4,70,1
1.130000,0.00,28.000,16.820,335,332,0.000,0,0,0.000,39.000,55.000,0,0,0,160,285,285,0,0,0,0,0,144,0,4,70,1
1.135000,0.00,28.000,16.820,335,332,0.000,0,0,0.000,39.000,55.000,0,0,0,160,285,285,0,0,0,0,0,144,0,4,70,1
1.140000,0.00,28.000,16.820,335,332,0.000,0,0,0.000,39.000,55.000,0,0,0,160,285,285,0,0,0,0,0,144,0,4,70,1
1.145000,0.00,28.000,16.820,335,332,0.000,0,0,0.000,39.000,55.000,0,0,0,160,285,285,0,0,0,0,0,144,0,4,70,1
1.150000,0.00,28.000,16.820,335,332,0.000,0,0,0.000,39.000,55.000,0,0,0,160,285,285,0,0,0,0,0,144,0,4,70,1
1.155000,0.00,28.000,16.820,335,332,0.000,0,0,0.000,39.000,55.000,0,0,0,160,285,285,0,0,0,0,0,144,0,4,70,1
1.160000,0.00,28.000,16.820,335,332,0.000,0,0,0.000,39.000,55.000,0,0,0,160,285,285,0,0,0,0,0,144,0,4,70,1
1.165000,0.00,28.000,16.820,335,332,0.000,0,0,0.000,39.000,55.000,0,0,0,160,285,285,0,0,0,0,0,144,0,4,70,1
1.170000,0.00,28.000,16.820,335,332,0.000,0,0,0.000,39.000,55.000,0,0,0,160,285,285,0,0,0,0,0,144,0,4,70,1
1.175000,0.00,28.000,16.820,335,332,0.000,0,0,0.000,39.000,55.000,0,0,0,160,285,285,0,0,0,0,0,144,0,4,70,1
1.180000,0.00,28.000,16.820,335,332,0.000,0,0,0.000,39.000,55.000,0,0,0,160,285,285,0,0,0,0,0,144,0,4,70,1
1.185000,0.00,28.000,16.820,335,332,0.000,0,0,0.000,39.000,55.000,0,0,0,160,285,285,0,0,0,0,0,144,0,4,70,1
1.190000,0.00,28.000,16.820,335,332,0.000,0,0,0.000,39.000,55.000,0,0,0,160,285,285,0,0,0,0,0,144,0,4,70,1
1.195000,0.00,28.000,16.820,335,333,0.000,0,0,0.000,39.000,55.000,0,0,0,160,285,285,0,0,0,0,0,144,0,4,70,1
1.200000,0.00,28.000,16.820,335,333,0.000,0,0,0.000,39.000,55.000,0,0,0,160,285,285,0,0,0,0,0,144,0,4,70,1
1.205000,0.00,28.000,16.820,335,333,0.000,0,0,0.000,39.000,55.000,0,0,0,160,285,285,0,0,0,0,0,144,0,4,70,1
1.210000,0.00,28.000,16.820,335,333,0.000,0,0,0.000,39.000,55.000,0,0,0,160,285,285,0,0,0,0,0,144,0,4,70,1
1.215000,0.00,28.000,16.820,335,333,0.000,0,0,0.000,39.000,55.000,0,0,0,160,285,285,0,0,0,0,0,144,0,4,70,1
1.220000,0.00,28.000,16.820,335,333,0.000,0,0,0.000,39.000,55.000,0,0,0,160,285,285,0,0,0,0,0,144,0,4,70,1
1.225000,0.00,28.000,16.820,335,333,0.000,0,0,0.000,39.000,55.000,0,0,0,160,285,285,0,0,0,0,0,144,0,4,70,1
1.230000,0.00,28.000,16.820,335,333,0.000,0,0,0.000,39.000,55.000,0,0,0,160,285,285,0,0,0,0,0,144,0,4,70,1
1.235000,0.00,28.000,16.820,335,333,0.000,0,0,0.000,39.000,55.000,0,0,0,160,285,285,0,0,0,0,0,144,0,4,70,1
1.240000,0.00,28.000,16.820,335,333,0.000,0,0,0.000,39.000,55.000,0,0,0,160,285,285,0,0,0,0,0,144,0,4,70,1
1.245000,0.00,28.000,16.820,335,333,0.000,0,0,0.000,39.000,55.000,0,0,0,160,285,285,0,0,0,0,0,144,0,4,70,1
1.250000,0.00,28.000,16.820,335,333,0.000,0,0,0.000,39.000,55.000,0,0,0,160,285,285,0,0,0,0,0,144,0,4,70,1
1.255000,0.00,28.000,16.820,335,333,0.000,0,0,0.000,39.000,55.000,0,0,0,160,285,285,0,0,0,0,0,144,0,4,70,1
1.260000,0.00,28.000,16.820,335,334,0.000,0,0,0.000,39.000,55.000,0,0,0,160,285,285,0,0,0,0,0,144,0,4,70,1
1.265000,0.00,28.000,16.820,335,334,0.000,0,0,0.000,39.000,55.000,0,0,0,160,285,285,0,0,0,0,0,144,0,4,70,1
1.270000,0.00,28.000,16.820,335,334,0.000,0,0,0.000,39.000,55.000,0,0,0,160,285,285,0,0,0,0,0,144,0,4,70,1
1.275000,0.00,28.000,16.820,335,334,0.000,0,0,0.000,39.000,55.000,0,0,0,160,285,285,0,0,0,0,0,144,0,4,70,1
1.280000,0.00,28.000,16.820,335,334,0.000,0,0,0.000,39.000,55.000,0,0,0,160,285,285,0,0,0,0,0,144,0,4,70,1
1.285000,0.00,28.000,16.820,335,334,0.000,0,0,0.000,39.000,55.000,0,0,0,160,285,285,0,0,0,0,0,144,0,4,70,1
1.290000,0.00,28.000,16.820,335,334,0.000,0,0,0.000,39.000,55.000,0,0,0,160,285,285,0,0,0,0,0,144,0,4,70,1
1.295000,0.00,28.000,16.820,335,334,0.000,0,0,0.000,39.000,55.000,0,0,0,160,285,285,0,0,0,0,0,144,0,4,70,1
1.300000,0.00,28.000,16.820,335,334,0.000,0,0,0.000,39.000,55.000,0,0,0,160,285,285,0,0,0,0,0,144,0,4,70,1
1.305000,0.00,28.000,16.820,335,334,0.000,0,0,0.000,39.000,55.000,0,0,0,160,285,285,0,0,0,0,0,144,0,4,70,1
1.310000,0.00,28.000,16.820,335,334,0.000,0,0,0.000,39.000,55.000,0,0,0,160,285,285,0,0,0,0,0,144,0,4,70,1
1.315000,0.00,28.000,16.820,335,334,0.000,0,0,0.000,39.000,55.000,0,0,0,160,285,285,0,0,0,0,0,144,0,4,70,1
1.320000,0.00,28.000,16.820,335,335,0.000,0,0,0.000,39.000,55.000,0,0,0,160,285,285,0,0,0,0,0,144,0,4,70,1
1.325000,0.00,28.000,16.820,335,335,0.000,0,0,0.000,39.000,55.000,0,0,0,160,285,285,0,0,0,0,0,144,0,4,70,1
1.330000,0.00,28.000,16.820,335,335,0.000,0,0,0.000,39.000,55.000,0,0,0,160,285,285,0,0,0,0,0,144,0,4,70,1
1.335000,0.00,28.000,16.820,335,335,0.000,0,0,0.000,39.000,55.000,0,0,0,160,285,285,0,0,0,0,0,144,0,4,70,1
1.340000,0.00,28.000,16.820,335,335,0.000,0,0,0.000,39.000,55.000,0,0,0,160,285,285,0,0,0,0,0,144,0,4,70,1
1.345000,0.00,28.000,16.820,335,335,0.000,0,0,0.000,39.000,55.000,0,0,0,160,285,285,0,0,0,0,0,144,0,4,70,1
1.350000,0.00,28.000,16.820,335,335,0.000,0,0,0.000,39.000,55.000,0,0,0,160,285,285,0,0,0,0,0,144,0,4,70,1
1.355000,0.00,28.000,16.820,335,335,0.000,0,0,0.000,39.000,55.000,0,0,0,160,285,285,0,0,0,0,0,144,0,4,70,1
1.360000,0.00,28.000,16.820,335,335,0.000,0,0,0.000,39.000,55.000,0,0,0,160,285,285,0,0,0,0,0,144,0,4,70,1
1.365000,0.00,28.000,16.820,335,335,0.000,0,0,0.000,39.000,55.000,0,0,0,160,285,285,0,0,0,0,0,144,0,4,70,1
1.370000,0.00,28.000,16.820,335,335,0.000,0,0,0.000,39.000,55.000,0,0,0,160,285,285,0,0,0,0,0,144,0,4,70,1
1.375000,0.00,28.000,16.820,335,335,0.000,0,0,0.000,39.000,55.000,0,0,0,160,285,285,0,0,0,0,0,144,0,4,70,1
1.380000,0.00,28.000,16.820,335,335,0.000,0,0,0.000,39.000,55.000,0,0,0,160,285,285,0,0,0,0,0,144,0,4,70,1
1.385000,0.00,28.000,16.820,335,335,0.000,0,0,0.000,39.000,55.000,0,0,0,160,285,285,0,0,0,0,0,144,0,4,70,1
1.390000,0.00,28.000,16.820,335,335,0.000,0,0,0.000,39.000,55.000,0,0,0,160,285,285,0,0,0,0,0,144,0,4,70,1
1.395000,0.00,28.000,16.820,335,335,0.000,0,0,0.000,39.000,55.000,0,0,0,160,285,285,0,0,0,0,0,144,0,4,70,1
1.400000,0.00,28.000,16.820,335,335,0.000,0,0,0.000,39.000,55.000,0,0,0,160,285,285,0,0,0,0,0,144,0,4,70,1
1.405000,0.00,28.000,16.820,335,335,0.000,0,0,0.000,39.000,55.000,0,0,0,160,285,285,0,0,0,0,0,144,0,4,70,1
1.410000,0.00,28.000,16.820,335,335,0.000,0,0,0.000,39.000,55.000,0,0,0,160,285,285,0,0,0,0,0,144,0,4,70,1
1.415000,0.00,28.000,16.820,335,335,0.000,0,0,0.000,39.000,55.000,0,0,0,160,285,285,0,0,0,0,0,144,0,4,70,1
1.420000,0.00,28.000,16.820,335,335,0.000,0,0,0.000,39.000,55.000,0,0,0,160,285,285,0,0,0,0,0,144,0,4,70,1
1.425000,0.00,28.000,16.820,335,335,0.000,0,0,0.000,39.000,55.000,0,0,0,160,285,285,0,0,0,0,0,144,0,4,70,1
1.430000,0.00,28.000,16.820,335,335,0.000,0,0,0.000,39.000,55.000,0,0,0,160,285,285,0,0,0,0,0,144,0,4,70,1
1.435000,0.00,28.000,16.820,335,335,0.000,0,0,0.000,39.000,55.000,0,0,0,160,285,285,0,0,0,0,0,144,0,4,70,1
1.440000,0.00,28.000,16.820,335,335,0.000,0,0,0.000,39.000,55.000,0,0,0,160,285,285,0,0,0,0,0,144,0,4,70,1
1.445000,0.00,28.000,16.820,335,335,0.000,0,0,0.000,39.000,55.000,0,0,0,160,285,285,0,0,0,0,0,144,0,4,70,1
1.450000,0.00,28.000,16.820,335,335,0.000,0,0,0.000,39.000,55.000,0,0,0,160,285,285,0,0,0,0,0,144,0,4,70,1
1.455000,0.00,28.000,16.820,335,335,0.000,0,0,0.000,39.000,55.000,0,0,0,160,285,285,0,0,0,0,0,144,0,4,70,1
1.460000,0.00,28.000,16.820,335,335,0.000,0,0,0.000,39.000,55.000,0,0,0,160,285,285,0,0,0,0,0,144,0,4,70,1
1.465000,0.00,28.000,16.820,335,335,0.000,0,0,0.000,39.000,55.000,0,0,0,160,285,285,0,0,0,0,0,144,0,4,70,1
1.470000,0.00,28.000,16.820,335,335,0.000,0,0,0.000,39.000,55.000,0,0,0,160,285,285,0,0,0,0,0,144,0,4,70,1
1.475000,0.00,28.000,16.820,335,335,0.000,0,0,0.000,39.000,55.000,0,0,0,160,285,285,0,0,0,0,0,144,0,4,70,1
1.480000,0.00,28.000,16.820,335,335,0.000,0,0,0.000,39.000,55.000,0,0,0,160,285,285,0,0,0,0,0,144,0,4,70,1
1.485000,0.00,28.000,16.820,335,335,0.000,0,0,0.000,39.000,55.000,0,0,0,160,285,285,0,0,0,0,0,144,0,4,70,1
1.490000,0.00,28.000,16.820,335,335,0.000,0,0,0.000,39.000,55.000,0,0,0,160,285,285,0,0,0,0,0,144,0,4,70,1
1.495000,0.00,28.000,16.820,335,335,0.000,0,0,0.000,39.000,55.000,0,0,0,160,285,285,0,0,0,0,0,144,0,4,70,1
1.500000,0.00,28.000,16.820,335,335,0.000,0,0,0.000,39.000,55.000,0,0,0,160,285,285,0,0,0,0,0,144,0,4,70,1
1.505000,0.00,28.000,16.820,335,335,0.000,0,0,0.000,39.000,55.000,0,0,0,160,285,285,0,0,0,0,0,144,0,4,70,1
1.510000,0.00,28.000,16.820,335,335,0.000,0,0,0.000,39.000,55.000,0,0,0,160,285,285,0,0,0,0,0,144,0,4,70,1
1.515000,0.00,28.000,16.820,335,335,0.000,0,0,0.000,39.000,55.000,0,0,0,160,285,285,0,0,0,0,0,144,0,4,70,1
1.520000,0.00,28.000,16.820,335,335,0.000,0,0,0.000,39.000,55.000,0,0,0,160,285,285,0,0,0,0,0,144,0,4,70,1
1.525000,0.00,28.000,16.820,335,335,0.000,0,0,0.000,39.000,55.000,0,0,0,160,285,285,0,0,0,0,0,144,0,4,70,1
1.530000,0.00,28.000,16.820,335,335,0.000,0,0,0.000,39.000,55.000,0,0,0,160,285,285,0,0,0,0,0,144,0,4,70,1
1.535000,0.00,28.000,16.820,335,335,0.000,0,0,0.000,39.000,55.000,0,0,0,160,285,285,0,0,0,0,0,144,0,4,70,1
1.540000,0.00,28.000,16.820,335,335,0.000,0,0,0.000,39.000,55.000,0,0,0,160,285,285,0,0,0,0,0,144,0,4,70,1
1.545000,0.00,28.000,16.820,335,335,0.000,0,0,0.000,39.000,55.000,0,0,0,160,285,285,0,0,0,0,0,144,0,4,70,1
1.550000,0.00,28.000,16.820,335,335,0.000,0,0,0.000,39.000,55.000,0,0,0,160,285,285,0,0,0,0,0,144,0,4,70,1
1.555000,0.00,28.000,16.820,335,335,0.000,0,0,0.000,39.000,55.000,0,0,0,160,285,285,0,0,0,0,0,144,0,4,70,1
1.560000,0.00,28.000,16.820,335,335,0.000,0,0,0.000,39.000,55.000,0,0,0,160,285,285,0,0,0,0,0,144,0,4,70,1
1.565000,0.00,28.000,16.820,335,335,0.000,0,0,0.000,39.000,55.000,0,0,0,160,285,285,0,0,0,0,0,144,0,4,70,1
1.570000,0.00,28.000,16.820,335,335,0.000,0,0,0.000,39.000,55.000,0,0,0,160,285,285,0,0,0,0,0,144,0,4,70,1
1.575000,0.00,28.000,16.820,335,335,0.000,0,0,0.000,39.000,55.000,0,0,0,160,285,285,0,0,0,0,0,144,0,4,70,1
1.580000,0.00,28.000,16.820,335,335,0.000,0,0,0.000,39.000,55.000,0,0,0,160,285,285,0,0,0,0,0,144,0,4,70,1
1.585000,0.00,28.000,16.820,335,335,0.000,0,0,0.000,39.000,55.000,0,0,0,160,285,285,0,0,0,0,0,144,0,4,70,1
1.590000,0.00,28.000,16.820,335,335,0.000,0,0,0.000,39.000,55.000,0,0,0,160,285,285,0,0,0,0,0,144,0,4,70,1
1.595000,0.00,28.000,16.820,335,335,0.000,0,0,0.000,39.000,55.000,0,0,0,160,285,285,0,0,0,0,0,144,0,4,70,1
1.600000,0.00,28.000,16.820,335,335,0.000,0,0,0.000,39.000,55.000,0,0,0,160,285,285,0,0,0,0,0,144,0,4,70,1
1.605000,0.00,28.000,16.820,335,335,0.000,0,0,0.000,39.000,55.000,0,0,0,160,285,285,0,0,0,0,0,144,0,4,70,1
1.610000,0.00,28.000,16.820,335,335,0.000,0,0,0.000,39.000,55.000,0,0,0,160,285,285,0,0,0,0,0,144,0,4,70,1
1.615000,0.00,28.000,16.820,335,335,0.000,0,0,0.000,39.000,55.000,0,0,0,160,285,285,0,0,0,0,0,144,0,4,70,1
1.620000,0.00,28.000,16.820,335,335,0.000,0,0,0.000,39.000,55.000,0,0,0,160,285,285,0,0,0,0,0,144,0,4,70,1
1.625000,0.00,28.000,16.820,335,335,0.000,0,0,0.000,39.000,55.000,0,0,0,160,285,285,0,0,0,0,0,144,0,4,70,1
1.630000,0.00,28.000,16.820,335,335,0.000,0,0,0.000,39.000,55.000,0,0,0,160,285,285,0,0,0,0,0,144,0,4,70,1
1.635000,0.00,28.000,16.820,335,335,0.000,0,0,0.000,39.000,55.000,0,0,0,160,285,285,0,0,0,0,0,144,0,4,70,1
1.640000,0.00,28.000,16.820,335,335,0.000,0,0,0.000,39.000,55.000,0,0,0,160,285,285,0,0,0,0,0,144,0,4,70,1
1.645000,0.00,28.000,16.820,335,335,0.000,0,0,0.000,39.000,55.000,0,0,0,160,285,285,0,0,0,0,0,144,0,4,70,1
1.650000,0.00,28.000,16.820,335,335,0.000,0,0,0.000,39.000,55.000,0,0,0,160,285,285,0,0,0,0,0,144,0,4,70,1
1.655000,0.00,28.000,16.820,335,335,0.000,0,0,0.000,39.000,55.000,0,0,0,160,285,285,0,0,0,0,0,144,0,4,70,1
1.660000,0.00,28.000,16.820,335,335,0.000,0,0,0.000,39.000,55.000,0,0,0,160,285,285,0,0,0,0,0,144,0,4,70,1
1.665000,0.00,28.000,16.820,335,335,0.000,0,0,0.000,39.000,55.000,0,0,0,160,285,285,0,0,0,0,0,144,0,4,70,1
1.670000,0.00,28.000,16.820,335,335,0.000,0,0,0.000,39.000,55.000,0,0,0,160,285,285,0,0,0,0,0,144,0,4,70,1
1.675000,0.00,28.000,16.820,335,335,0.000,0,0,0.000,39.000,55.000,0,0,0,160,285,285,0,0,0,0,0,144,0,4,70,1
1.680000,0.00,28.000,16.820,335,335,0.000,0,0,0.000,39.000,55.000,0,0,0,160,285,285,0,0,0,0,0,144,0,4,70,1
1.685000,0.00,28.000,16.820,335,335,0.000,0,0,0.000,39.000,55.000,0,0,0,160,285,285,0,0,0,0,0,144,0,4,70,1
1.690000,0.00,28.000,16.820,335,335,0.000,0,0,0.000,39.000,55.000,0,0,0,160,285,285,0,0,0,0,0,144,0,4,70,1
1.695000,0.00,28.000,16.820,335,335,0.000,0,0,0.000,39.000,55.000,0,0,0,160,285,285,0,0,0,0,0,144,0,4,70,1
1.700000,0.00,28.000,16.820,335,335,0.000,0,0,0.000,39.000,55.000,0,0,0,160,285,285,0,0,0,0,0,144,0,4,70,1
1.705000,0.00,28.000,16.820,335,335,0.000,0,0,0.000,39.000,55.000,0,0,0,160,285,285,0,0,0,0,0,144,0,4,70,1
1.710000,0.00,28.000,16.820,335,335,0.000,0,0,0.000,39.000,55.000,0,0,0,160,285,285,0,0,0,0,0,144,0,4,70,1
1.715000,0.00,28.000,16.820,335,335,0.000,0,0,0.000,39.000,55.000,0,0,0,160,285,285,0,0,0,0,0,144,0,4,70,1
1.720000,0.00,28.000,16.820,335,335,0.000,0,0,0.000,39.000,55.000,0,0,0,160,285,285,0,0,0,0,0,144,0,4,70,1
1.725000,0.00,28.000,16.820,335,335,0.000,0,0,0.000,39.000,55.000,0,0,0,160,285,285,0,0,0,0,0,144,0,4,70,1
1.730000,0.00,28.000,16.820,335,335,0.000,0,0,0.000,39.000,55.000,0,0,0,160,285,285,0,0,0,0,0,144,0,4,70,1
1.735000,0.00,28.000,16.820,335,335,0.000,0,0,0.000,39.000,55.000,0,0,0,160,285,285,0,0,0,0,0,144,0,4,70,1
1.740000,0.00,28.000,16.820,335,335,0.000,0,0,0.000,39.000,55.000,0,0,0,160,285,285,0,0,0,0,0,144,0,4,70,1
1.745000,0.00,28.000,16.820,335,335,0.000,0,0,0.000,39.000,55.000,0,0,0,160,285,285,0,0,0,0,0,144,0,4,70,1
1.750000,0.00,28.000,16.820,335,335,0.000,0,0,0.000,39.000,55.000,0,0,0,160,285,285,0,0,0,0,0,144,0,4,70,1
1.755000,0.00,28.000,16.820,335,335,0.000,0,0,0.000,39.000,55.000,0,0,0,160,285,285,0,0,0,0,0,144,0,4,70,1
1.760000,0.00,28.000,16.820,335,335,0.000,0,0,0.000,39.000,55.000,0,0,0,160,285,285,0,0,0,0,0,144,0,4,70,1
1.765000,0.00,28.000,16.820,335,335,0.000,0,0,0.000,39.000,55.000,0,0,0,160,285,285,0,0,0,0,0,144,0,4,70,1
1.770000,0.00,28.000,16.820,335,335,0.000,0,0,0.000,39.000,55.000,0,0,0,160,285,285,0,0,0,0,0,144,0,4,70,1
1.775000,0.00,28.000,16.820,335,335,0.000,0,0,0.000,39.000,55.000,0,0,0,160,285,285,0,0,0,0,0,144,0,4,70,1
1.780000,0.00,28.000,16.820,335,335,0.000,0,0,0.000,39.000,55.000,0,0,0,160,285,285,0,0,0,0,0,144,0,4,70,1
1.785000,0.00,28.000,16.820,335,335,0.000,0,0,0.000,39.000,55.000,0,0,0,160,285,285,0,0,0,0,0,144,0,4,70,1
1.790000,0.00,28.000,16.820,335,335,0.000,0,0,0.000,39.000,55.000,0,0,0,160,285,285,0,0,0,0,0,144,0,4,70,1
1.795000,0.00,28.000,16.820,335,335,0.000,0,0,0.000,39.000,55.000,0,0,0,160,285,285,0,0,0,0,0,144,0,4,70,1
1.800000,0.00,28.000,16.820,335,335,0.000,0,0,0.000,39.000,55.000,0,0,0,160,285,285,0,0,0,0,0,144,0,4,70,1
1.805000,0.00,28.000,16.820,335,335,0.000,0,0,0.000,39.000,55.000,0,0,0,160,285,285,0,0,0,0,0,144,0,4,70,1
1.810000,0.00,28.000,16.820,335,335,0.000,0,0,0.000,39.000,55.000,0,0,0,160,285,285,0,0,0,0,0,144,0,4,70,1
1.815000,0.00,28.000,16.820,335,335,0.000,0,0,0.000,39.000,55.000,0,0,0,160,285,285,0,0,0,0,0,144,0,4,70,1
1.820000,0.00,28.000,16.820,335,335,0.000,0,0,0.000,39.000,55.000,0,0,0,160,285,285,0,0,0,0,0,144,0,4,70,1
1.825000,0.00,28.000,16.820,335,335,0.000,0,0,0.000,39.000,55.000,0,0,0,160,285,285,0,0,0,0,0,144,0,4,70,1
1.830000,0.00,28.000,16.820,335,335,0.000,0,0,0.000,39.000,55.000,0,0,0,160,285,285,0,0,0,0,0,144,0,4,70,1
1.835000,0.00,28.000,16.820,335,335,0.000,0,0,0.000,39.000,55.000,0,0,0,160,285,285,0,0,0,0,0,144,0,4,70,1
1.840000,0.00,28.000,16.820,335,335,0.000,0,0,0.000,39.000,55.000,0,0,0,160,285,285,0,0,0,0,0,144,0,4,70,1
1.845000,0.00,28.000,16.820,335,335,0.000,0,0,0.000,39.000,55.000,0,0,0,160,285,285,0,0,0,0,0,144,0,4,70,1
1.850000,0.00,28.000,16.820,335,335,0.000,0,0,0.000,39.000,55.000,0,0,0,160,285,285,0,0,0,0,0,144,0,4,70,1
1.855000,0.00,28.000,16.820,335,335,0.000,0,0,0.000,39.000,55.000,0,0,0,160,285,285,0,0,0,0,0,144,0,4,70,1
1.860000,0.00,28.000,16.820,335,335,0.000,0,0,0.000,39.000,55.000,0,0,0,160,285,285,0,0,0,0,0,144,0,4,70,1
1.865000,0.00,28.000,16.820,335,335,0.000,0,0,0.000,39.000,55.000,0,0,0,160,285,285,0,0,0,0,0,144,0,4,70,1
1.870000,0.00,28.000,16.820,335,335,0.000,0,0,0.000,39.000,55.000,0,0,0,160,285,285,0,0,0,0,0,144,0,4,70,1
1.875000,0.00,28.000,16.820,335,335,0.000,0,0,0.000,39.000,55.000,0,0,0,160,285,285,0,0,0,0,0,144,0,4,70,1
1.880000,0.00,28.000,16.820,335,335,0.000,0,0,0.000,39.000,55.000,0,0,0,160,285,285,0,0,0,0,0,144,0,4,70,1
1.885000,0.00,28.000,16.820,335,335,0.000,0,0,0.000,39.000,55.000,0,0,0,160,285,285,0,0,0,0,0,144,0,4,70,1
1.890000,0.00,28.000,16.820,335,335,0.000,0,0,0.000,39.000,55.000,0,0,0,160,285,285,0,0,0,0,0,144,0,4,70,1
1.895000,0.00,28.000,16.820,335,335,0.000,0,0,0.000,39.000,55.000,0,0,0,160,285,285,0,0,0,0,0,144,0,4,70,1
1.900000,0.00,28.000,16.820,335,335,0.000,0,0,0.000,39.000,55.000,0,0,0,160,285,285,0,0,0,0,0,144,0,4,70,1
1.905000,0.00,28.000,16.820,335,335,0.000,0,0,0.000,39.000,55.000,0,0,0,160,285,285,0,0,0,0,0,144,0,4,70,1
1.910000,0.00,28.000,16.820,335,335,0.000,0,0,0.000,39.000,55.000,0,0,0,160,285,285,0,0,0,0,0,144,0,4,70,1
1.915000,0.00,28.000,16.820,335,335,0.000,0,0,0.000,39.000,55.000,0,0,0,160,285,285,0,0,0,0,0,144,0,4,70,1
1.920000,0.00,28.000,16.820,335,335,0.000,0,0,0.000,39.000,55.000,0,0,0,160,285,285,0,0,0,0,0,144,0,4,70,1
1.925000,0.00,28.000,16.820,335,335,0.000,0,0,0.000,39.000,55.000,0,0,0,160,285,285,0,0,0,0,0,144,0,4,70,1
1.930000,0.00,28.000,16.820,335,335,0.000,0,0,0.000,39.000,55.000,0,0,0,160,285,285,0,0,0,0,0,144,0,4,70,1
1.935000,0.00,28.000,16.820,335,335,0.000,0,0,0.000,39.000,55.000,0,0,0,160,285,285,0,0,0,0,0,144,0,4,70,1
1.940000,0.00,28.000,16.820,335,335,0.000,0,0,0.000,39.000,55.000,0,0,0,160,285,285,0,0,0,0,0,144,0,4,70,1
1.945000,0.00,28.000,16.820,335,335,0.000,0,0,0.000,39.000,55.000,0,0,0,160,285,285,0,0,0,0,0,144,0,4,70,1
1.950000,0.00,28.000,16.820,335,335,0.000,0,0,0.000,39.000,55.000,0,0,0,160,285,285,0,0,0,0,0,144,0,4,70,1
1.955000,0.00,28.000,16.820,335,335,0.000,0,0,0.000,39.000,55.000,0,0,0,160,285,285,0,0,0,0,0,144,0,4,70,1
1.960000,0.00,28.000,16.820,335,335,0.000,0,0,0.000,39.000,55.000,0,0,0,160,285,285,0,0,0,0,0,144,0,4,70,1
1.965000,0.00,28.000,16.820,335,335,0.000,0,0,0.000,39.000,55.000,0,0,0,160,285,285,0,0,0,0,0,144,0,4,70,1
1.970000,0.00,28.000,16.820,335,335,0.000,0,0,0.000,39.000,55.000,0,0,0,160,285,285,0,0,0,0,0,144,0,4,70,1
1.975000,0.00,28.000,16.820,335,335,0.000,0,0,0.000,39.000,55.000,0,0,0,160,285,285,0,0,0,0,0,144,0,4,70,1
1.980000,0.00,28.000,16.820,335,335,0.000,0,0,0.000,39.000,55.000,0,0,0,160,285,285,0,0,0,0,0,144,0,4,70,1
1.985000,0.00,28.000,16.820,335,335,0.000,0,0,0.000,39.000,55.000,0,0,0,160,285,285,0,0,0,0,0,144,0,4,70,1
1.990000,0.00,28.000,16.820,335,335,0.000,0,0,0.000,39.000,55.000,0,0,0,160,285,285,0,0,0,0,0,144,0,4,70,1
1.995000,0.00,28.000,16.820,335,335,0.000,0,0,0.000,39.000,55.000,0,0,0,160,285,285,0,0,0,0,0,144,0,4,70,1
2.000000,0.00,28.000,16.820,335,335,0.000,0,0,0.000,39.000,55.000,0,0,0,160,285,285,0,0,0,0,0,144,0,4,70,1
2.005000,0.00,28.000,16.820,335,335,0.000,0,0,0.000,39.000,55.000,0,0,0,160,285,285,0,0,0,0,0,144,0,4,70,1
2.010000,0.00,28.000,16.820,335,335,0.000,0,0,0.000,39.000,55.000,0,0,0,160,285,285,0,0,0,0,0,144,0,4,70,1
2.015000,0.00,28.000,16.820,335,335,0.000,0,0,0.000,39.000,55.000,0,0,0,160,285,285,0,0,0,0,0,144,0,4,70,1
2.020000,0.00,28.000,16.820,335,335,0.000,0,0,0.000,39.000,55.000,0,0,0,160,285,285,0,0,0,0,0,144,0,4,70,1
2.025000,0.00,28.000,16.820,335,335,0.000,0,0,0.000,39.000,55.000,0,0,0,160,285,285,0,0,0,0,0,144,0,4,70,1
2.030000,0.00,28.000,16.820,335,335,0.000,0,0,0.000,39.000,55.000,0,0,0,160,285,285,0,0,0,0,0,144,0,4,70,1
2.035000,0.00,28.000,16.820,335,335,0.000,0,0,0.000,39.000,55.000,0,0,0,160,285,285,0,0,0,0,0,144,0,4,70,1
2.040000,0.00,28.000,16.820,335,335,0.000,0,0,0.000,39.000,55.000,0,0,0,160,285,285,0,0,0,0,0,144,0,4,70,1
2.045000,0.00,28.000,16.820,335,335,0.000,0,0,0.000,39.000,55.000,0,0,0,160,285,285,0,0,0,0,0,144,0,4,70,1
2.050000,0.00,28.000,16.820,335,335,0.000,0,0,0.000,39.000,55.000,0,0,0,160,285,285,0,0,0,0,0,144,0,4,70,1
2.055000,0.00,28.000,16.820,335,335,0.000,0,0,0.000,39.000,55.000,0,0,0,160,285,285,0,0,0,0,0,144,0,4,70,1
2.060000,0.00,28.000,16.820,335,335,0.000,0,0,0.000,39.000,55.000,0,0,0,160,285,285,0,0,0,0,0,144,0,4,70,1
2.065000,0.00,28.000,16.820,335,335,0.000,0,0,0.000,39.000,55.000,0,0,0,160,285,285,0,0,0,0,0,144,0,4,70,1
2.070000,0.00,28.000,16.820,335,335,0.000,0,0,0.000,39.000,55.000,0,0,0,160,285,285,0,0,0,0,0,144,0,4,70,1
2.075000,0.00,28.000,16.820,335,335,0.000,0,0,0.000,39.000,55.000,0,0,0,160,285,285,0,0,0,0,0,144,0,4,70,1
2.080000,0.00,28.000,16.820,335,335,0.000,0,0,0.000,39.000,55.000,0,0,0,160,285,285,0,0,0,0,0,144,0,4,70,1
2.085000,0.00,28.000,16.820,335,335,0.000,0,0,0.000,39.000,55.000,0,0,0,160,285,285,0,0,0,0,0,144,0,4,70,1
2.090000,0.00,28.000,16.820,335,335,0.000,0,0,0.000,39.000,55.000,0,0,0,160,285,285,0,0,0,0,0,144,0,4,70,1
2.095000,0.00,28.000,16.820,335,335,0.000,0,0,0.000,39.000,55.000,0,0,0,160,285,285,0,0,0,0,0,144,0,4,70,1
2.100000,0.00,28.000,16.820,335,335,0.000,0,0,0.000,39.000,55.000,0,0,0,160,285,285,0,0,0,0,0,144,0,4,70,1
2.105000,0.00,28.000,16.820,335,335,0.000,0,0,0.000,39.000,55.000,0,0,0,160,285,285,0,0,0,0,0,144,0,4,70,1
2.110000,0.00,28.000,16.820,335,335,0.000,0,0,0.000,39.000,55.000,0,0,0,160,285,285,0,0,0,0,0,144,0,4,70,1
2.115000,0.00,28.000,16.820,335,335,0.000,0,0,0.000,39.000,55.000,0,0,0,160,285,285,0,0,0,0,0,144,0,4,70,1
2.120000,0.00,28.000,16.820,335,335,0.000,0,0,0.000,39.000,55.000,0,0,0,160,285,285,0,0,0,0,0,144,0,4,70,1
2.125000,0.00,28.000,16.820,335,335,0.000,0,0,0.000,39.000,55.000,0,0,0,160,285,285,0,0,0,0,0,144,0,4,70,1
2.130000,0.00,28.000,16.820,335,335,0.000,0,0,0.000,39.000,55.000,0,0,0,160,285,285,0,0,0,0,0,144,0,4,70,1
2.135000,0.00,28.000,16.820,335,335,0.000,0,0,0.000,39.000,55.000,0,0,0,160,285,285,0,0,0,0,0,144,0,4,70,1
2.140000,0.00,28.000,16.820,335,335,0.000,0,0,0.000,39.000,55.000,0,0,0,160,285,285,0,0,0,0,0,144,0,4,70,1
2.145000,0.00,28.000,16.820,335,335,0.000,0,0,0.000,39.000,55.000,0,0,0,160,285,285,0,0,0,0,0,144,0,4,70,1
2.150000,0.00,28.000,16.820,335,335,0.000,0,0,0.000,39.000,55.000,0,0,0,160,285,285,0,0,0,0,0,144,0,4,70,1
2.155000,0.00,28.000,16.820,335,335,0.000,0,0,0.000,39.000,55.000,0,0,0,160,285,285,0,0,0,0,0,144,0,4,70,1
2.160000,0.00,28.000,16.820,335,335,0.000,0,0,0.000,39.000,55.000,0,0,0,160,285,285,0,0,0,0,0,144,0,4,70,1
2.165000,0.00,28.000,16.820,335,335,0.000,0,0,0.000,39.000,55.000,0,0,0,160,285,285,0,0,0,0,0,144,0,4,70,1
2.170000,0.00,28.000,16.820,335,335,0.000,0,0,0.000,39.000,55.000,0,0,0,160,285,285,0,0,0,0,0,144,0,4,70,1
2.175000,0.00,28.000,16.820,335,335,0.000,0,0,0.000,39.000,55.000,0,0,0,160,285,285,0,0,0,0,0,144,0,4,70,1
2.180000,0.00,28.000,16.820,335,335,0.000,0,0,0.000,39.000,55.000,0,0,0,160,285,285,0,0,0,0,0,144,0,4,70,1
2.185000,0.00,28.000,16.820,335,335,0.000,0,0,0.000,39.000,55.000,0,0,0,160,285,285,0,0,0,0,0,144,0,4,70,1
2.190000,0.00,28.000,16.820,335,335,0.000,0,0,0.000,39.000,55.000,0,0,0,160,285,285,0,0,0,0,0,144,0,4,70,1
2.195000,0.00,28.000,16.820,335,335,0.000,0,0,0.000,39.000,55.000,0,0,0,160,285,285,0,0,0,0,0,144,0,4,70,1
2.200000,0.00,28.000,16.820,335,335,0.000,0,0,0.000,39.000,55.000,0,0,0,160,285,285,0,0,0,0,0,144,0,4,70,1
2.205000,0.00,28.000,16.820,335,335,0.000,0,0,0.000,39.000,55.000,0,0,0,160,285,285,0,0,0,0,0,144,0,4,70,1
2.210000,0.00,28.000,16.820,335,335,0.000,0,0,0.000,39.000,55.000,0,0,0,160,285,285,0,0,0,0,0,144,0,4,70,1
2.215000,0.00,28.000,16.820,335,335,0.000,0,0,0.000,39.000,55.000,0,0,0,160,285,285,0,0,0,0,0,144,0,4,70,1
2.220000,0.00,28.000,16.820,335,335,0.000,0,0,0.000,39.000,55.000,0,0,0,160,285,285,0,0,0,0,0,144,0,4,70,1
2.225000,0.00,28.000,16.820,335,335,0.000,0,0,0.000,39.000,55.000,0,0,0,160,285,285,0,0,0,0,0,144,0,4,70,1
2.230000,0.00,28.000,16.820,335,335,0.000,0,0,0.000,39.000,55.000,0,0,0,160,285,285,0,0,0,0,0,144,0,4,70,1
2.235000,0.00,28.000,16.820,335,335,0.000,0,0,0.000,39.000,55.000,0,0,0,160,285,285,0,0,0,0,0,144,0,4,70,1
2.240000,0.00,28.000,16.820,335,335,0.000,0,0,0.000,39.000,55.000,0,0,0,160,285,285,0,0,0,0,0,144,0,4,70,1
2.245000,0.00,28.000,16.820,335,335,0.000,0,0,0.000,39.000,55.000,0,0,0,160,285,285,0,0,0,0,0,144,0,4,70,1
2.250000,0.00,28.000,16.820,335,335,0.000,0,0,0.000,39.000,55.000,0,0,0,160,285,285,0,0,0,0,0,144,0,4,70,1
2.255000,0.00,28.000,16.820,335,335,0.000,0,0,0.000,39.000,55.000,0,0,0,160,285,285,0,0,0,0,0,144,0,4,70,1
2.260000,0.00,28.000,16.820,335,335,0.000,0,0,0.000,39.000,55.000,0,0,0,160,285,285,0,0,0,0,0,144,0,4,70,1
2.265000,0.00,28.000,16.820,335,335,0.000,0,0,0.000,39.000,55.000,0,0,0,160,285,285,0,0,0,0,0,144,0,4,70,1
2.270000,0.00,28.000,16.820,335,335,0.000,0,0,0.000,39.000,55.000,0,0,0,160,285,285,0,0,0,0,0,144,0,4,70,1
2.275000,0.00,28.000,16.820,335,335,0.000,0,0,0.000,39.000,55.000,0,0,0,160,285,285,0,0,0,0,0,144,0,4,70,1
2.280000,0.00,28.000,16.820,335,335,0.000,0,0,0.000,39.000,55.000,0,0,0,160,285,285,0,0,0,0,0,144,0,4,70,1
2.285000,0.00,28.000,16.820,335,335,0.000,0,0,0.000,39.000,55.000,0,0,0,160,285,285,0,0,0,0,0,144,0,4,70,1
2.290000,0.00,28.000,16.820,335,335,0.000,0,0,0.000,39.000,55.000,0,0,0,160,285,285,0,0,0,0,0,144,0,4,70,1
2.295000,0.00,28.000,16.820,335,335,0.000,0,0,0.000,39.000,55.000,0,0,0,160,285,285,0,0,0,0,0,144,0,4,70,1
2.300000,0.00,28.000,16.820,335,335,0.000,0,0,0.000,39.000,55.000,0,0,0,160,285,285,0,0,0,0,0,144,0,4,70,1
2.305000,0.00,28.000,16.820,335,335,0.000,0,0,0.000,39.000,55.000,0,0,0,160,285,285,0,0,0,0,0,144,0,4,70,1
2.310000,0.00,28.000,16.820,335,335,0.000,0,0,0.000,39.000,55.000,0,0,0,160,285,285,0,0,0,0,0,144,0,4,70,1
2.315000,0.00,28.000,16.820,335,335,0.000,0,0,0.000,39.000,55.000,0,0,0,160,285,285,0,0,0,0,0,144,0,4,70,1
2.320000,0.00,28.000,16.820,335,335,0.000,0,0,0.000,39.000,55.000,0,0,0,160,285,285,0,0,0,0,0,144,0,4,70,1
2.325000,0.00,28.000,16.820,335,335,0.000,0,0,0.000,39.000,55.000,0,0,0,160,285,285,0,0,0,0,0,144,0,4,70,1
2.330000,0.00,28.000,16.820,335,335,0.000,0,0,0.000,39.000,55.000,0,0,0,160,285,285,0,0,0,0,0,144,0,4,70,1
2.335000,0.00,28.000,16.820,335,335,0.000,0,0,0.000,39.000,55.000,0,0,0,160,285,285,0,0,0,0,0,144,0,4,70,1
2.340000,0.00,28.000,16.820,335,335,0.000,0,0,0.000,39.000,55.000,0,0,0,160,285,285,0,0,0,0,0,144,0,4,70,1
2.345000,0.00,28.000,16.820,335,335,0.000,0,0,0.000,39.000,55.000,0,0,0,160,285,285,0,0,0,0,0,144,0,4,70,1
2.350000,0.00,28.000,16.820,335,335,0.000,0,0,0.000,39.000,55.000,0,0,0,160,285,285,0,0,0,0,0,144,0,4,70,1
2.355000,0.00,28.000,16.820,335,335,0.000,0,0,0.000,39.000,55.000,0,0,0,160,285,285,0,0,0,0,0,144,0,4,70,1
2.360000,0.00,28.000,16.820,335,335,0.000,0,0,0.000,39.000,55.000,0,0,0,160,285,285,0,0,0,0,0,144,0,4,70,1
2.365000,0.00,28.000,16.820,335,335,0.000,0,0,0.000,39.000,55.000,0,0,0,160,285,285,0,0,0,0,0,144,0,4,70,1
2.370000,0.00,28.000,16.820,335,335,0.000,0,0,0.000,39.000,55.000,0,0,0,160,285,285,0,0,0,0,0,144,0,4,70,1
2.375000,0.00,28.000,16.820,335,335,0.000,0,0,0.000,39.000,55.000,0,0,0,160,285,285,0,0,0,0,0,144,0,4,70,1
2.380000,0.00,28.000,16.820,335,335,0.000,0,0,0.000,39.000,55.000,0,0,0,160,285,285,0,0,0,0,0,144,0,4,70,1
2.385000,0.00,28.000,16.820,335,335,0.000,0,0,0.000,39.000,55.000,0,0,0,160,285,285,0,0,0,0,0,144,0,4,70,1
2.390000,0.00,28.000,16.820,335,335,0.000,0,0,0.000,39.000,55.000,0,0,0,160,285,285,0,0,0,0,0,144,0,4,70,1
2.395000,0.00,28.000,16.820,335,335,0.000,0,0,0.000,39.000,55.000,0,0,0,160,285,285,0,0,0,0,0,144,0,4,70,1
2.400000,0.00,28.000,16.820,335,335,0.000,0,0,0.000,39.000,55.000,0,0,0,160,285,285,0,0,0,0,0,144,0,4,70,1
2.405000,0.00,28.000,16.820,335,335,0.000,0,0,0.000,39.000,55.000,0,0,0,160,285,285,0,0,0,0,0,144,0,4,70,1
2.410000,0.00,28.000,16.820,335,335,0.000,0,0,0.000,39.000,55.000,0,0,0,160,285,285,0,0,0,0,0,144,0,4,70,1
2.415000,0.00,28.000,16.820,335,335,0.000,0,0,0.000,39.000,55.000,0,0,0,160,285,285,0,0,0,0,0,144,0,4,70,1
2.420000,0.00,28.000,16.820,335,335,0.000,0,0,0.000,39.000,55.000,0,0,0,160,285,285,0,0,0,0,0,144,0,4,70,1
2.425000,0.00,28.000,16.820,335,335,0.000,0,0,0.000,39.000,55.000,0,0,0,160,285,285,0,0,0,0,0,144,0,4,70,1
2.430000,0.00,28.000,16.820,335,335,0.000,0,0,0.000,39.000,55.000,0,0,0,160,285,285,0,0,0,0,0,144,0,4,70,1
2.435000,0.00,28.000,16.820,335,335,0.000,0,0,0.000,39.000,55.000,0,0,0,160,285,285,0,0,0,0,0,144,0,4,70,1
2.440000,0.00,28.000,16.820,335,335,0.000,0,0,0.000,39.000,55.000,0,0,0,160,285,285,0,0,0,0,0,144,0,4,70,1
2.445000,0.00,28.000,16.820,335,335,0.000,0,0,0.000,39.000,55.000,0,0,0,160,285,285,0,0,0,0,0,144,0,4,70,1
2.450000,0.00,28.000,16.820,335,335,0.000,0,0,0.000,39.000,55.000,0,0,0,160,285,285,0,0,0,0,0,144,0,4,70,1
2.455000,0.00,28.000,16.820,335,335,0.000,0,0,0.000,39.000,55.000,0,0,0,160,285,285,0,0,0,0,0,144,0,4,70,1
2.460000,0.00,28.000,16.820,335,335,0.000,0,0,0.000,39.000,55.000,0,0,0,160,285,285,0,0,0,0,0,144,0,4,70,1
2.465000,0.00,28.000,16.820,335,335,0.000,0,0,0.000,39.000,55.000,0,0,0,160,285,285,0,0,0,0,0,144,0,4,70,1
2.470000,0.00,28.000,16.820,335,335,0.000,0,0,0.000,39.000,55.000,0,0,0,160,285,285,0,0,0,0,0,144,0,4,70,1
2.475000,0.00,28.000,16.820,335,335,0.000,0,0,0.000,39.000,55.000,0,0,0,160,285,285,0,0,0,0,0,144,0,4,70,1
2.480000,0.00,28.000,16.820,335,335,0.000,0,0,0.000,39.000,55.000,0,0,0,160,285,285,0,0,0,0,0,144,0,4,70,1
2.485000,0.00,28.000,16.820,335,335,0.000,0,0,0.000,39.000,55.000,0,0,0,160,285,285,0,0,0,0,0,144,0,4,70,1
2.490000,0.00,28.000,16.820,335,335,0.000,0,0,0.000,39.000,55.000,0,0,0,160,285,285,0,0,0,0,0,144,0,4,70,1
2.495000,0.00,28.000,16.820,335,335,0.000,0,0,0.000,39.000,55.000,0,0,0,160,285,285,0,0,0,0,0,144,0,4,70,1
2.500000,0.00,28.000,16.820,335,335,0.000,0,0,0.000,39.000,55.000,0,0,0,160,285,285,0,0,0,0,0,144,0,4,70,1
2.505000,0.00,28.000,16.820,335,335,0.000,0,0,0.000,39.000,55.000,0,0,0,160,285,285,0,0,0,0,0,144,0,4,70,1
2.510000,0.00,28.000,16.820,335,335,0.000,0,0,0.000,39.000,55.000,0,0,0,160,285,285,0,0,0,0,0,144,0,4,70,1
2.515000,0.00,28.000,16.820,335,335,0.000,0,0,0.000,39.000,55.000,0,0,0,160,285,285,0,0,0,0,0,144,0,4,70,1
2.520000,0.00,28.000,16.820,335,335,0.000,0,0,0.000,39.000,55.000,0,0,0,160,285,285,0,0,0,0,0,144,0,4,70,1
2.525000,0.00,28.000,16.820,335,335,0.000,0,0,0.000,39.000,55.000,0,0,0,160,285,285,0,0,0,0,0,144,0,4,70,1
2.530000,0.00,28.000,16.820,335,335,0.000,0,0,0.000,39.000,55.000,0,0,0,160,285,285,0,0,0,0,0,144,0,4,70,1
2.535000,0.00,28.000,16.820,335,335,0.000,0,0,0.000,39.000,55.000,0,0,0,160,285,285,0,0,0,0,0,144,0,4,70,1
2.540000,0.00,28.000,16.820,335,335,0.000,0,0,0.000,39.000,55.000,0,0,0,160,285,285,0,0,0,0,0,144,0,4,70,1
2.545000,0.00,28.000,16.820,335,335,0.000,0,0,0.000,39.000,55.000,0,0,0,160,285,285,0,0,0,0,0,144,0,4,70,1
2.550000,0.00,28.000,16.820,335,335,0.000,0,0,0.000,39.000,55.000,0,0,0,160,285,285,0,0,0,0,0,144,0,4,70,1
2.555000,0.00,28.000,16.820,335,335,0.000,0,0,0.000,39.000,55.000,0,0,0,160,285,285,0,0,0,0,0,144,0,4,70,1
2.560000,0.00,28.000,16.820,335,335,0.000,0,0,0.000,39.000,55.000,0,0,0,160,285,285,0,0,0,0,0,144,0,4,70,1
2.565000,0.00,28.000,16.820,335,335,0.000,0,0,0.000,39.000,55.000,0,0,0,160,285,285,0,0,0,0,0,144,0,4,70,1
2.570000,0.00,28.000,16.820,335,335,0.000,0,0,0.000,39.000,55.000,0,0,0,160,285,285,0,0,0,0,0,144,0,4,70,1
2.575000,0.00,28.000,16.820,335,335,0.000,0,0,0.000,39.000,55.000,0,0,0,160,285,285,0,0,0,0,0,144,0,4,70,1
2.580000,0.00,28.000,16.820,335,335,0.000,0,0,0.000,39.000,55.000,0,0,0,160,285,285,0,0,0,0,0,144,0,4,70,1
2.585000,0.00,28.000,16.820,335,335,0.000,0,0,0.000,39.000,55.000,0,0,0,160,285,285,0,0,0,0,0,144,0,4,70,1
2.590000,0.00,28.000,16.820,335,335,0.000,0,0,0.000,39.000,55.000,0,0,0,160,285,285,0,0,0,0,0,144,0,4,70,1
2.595000,0.00,28.000,16.820,335,335,0.000,0,0,0.000,39.000,55.000,0,0,0,160,285,285,0,0,0,0,0,144,0,4,70,1
2.600000,0.00,28.000,16.820,335,335,0.000,0,0,0.000,39.000,55.000,0,0,0,160,285,285,0,0,0,0,0,144,0,4,70,1
2.605000,0.00,28.000,16.820,335,335,0.000,0,0,0.000,39.000,55.000,0,0,0,160,285,285,0,0,0,0,0,144,0,4,70,1
2.610000,0.00,28.000,16.820,335,335,0.000,0,0,0.000,39.000,55.000,0,0,0,160,285,285,0,0,0,0,0,144,0,4,70,1
2.615000,0.00,28.000,16.820,335,335,0.000,0,0,0.000,39.000,55.000,0,0,0,160,285,285,0,0,0,0,0,144,0,4,70,1
2.620000,0.00,28.000,16.820,335,335,0.000,0,0,0.000,39.000,55.000,0,0,0,160,285,285,0,0,0,0,0,144,0,4,70,1
2.625000,0.00,28.000,16.820,335,335,0.000,0,0,0.000,39.000,55.000,0,0,0,160,285,285,0,0,0,0,0,144,0,4,70,1
2.630000,0.00,28.000,16.820,335,335,0.000,0,0,0.000,39.000,55.000,0,0,0,160,285,285,0,0,0,0,0,144,0,4,70,1
2.635000,0.00,28.000,16.820,335,335,0.000,0,0,0.000,39.000,55.000,0,0,0,160,285,285,0,0,0,0,0,144,0,4,70,1
2.640000,0.00,28.000,16.820,335,335,0.000,0,0,0.000,39.000,55.000,0,0,0,160,285,285,0,0,0,0,0,144,0,4,70,1
2.645000,0.00,28.000,16.820,335,335,0.000,0,0,0.000,39.000,55.000,0,0,0,160,285,285,0,0,0,0,0,144,0,4,70,1
2.650000,0.00,28.000,16.820,335,335,0.000,0,0,0.000,39.000,55.000,0,0,0,160,285,285,0,0,0,0,0,144,0,4,70,1
2.655000,0.00,28.000,16.820,335,335,0.000,0,0,0.000,39.000,55.000,0,0,0,160,285,285,0,0,0,0,0,144,0,4,70,1
2.660000,0.00,28.000,16.820,335,335,0.000,0,0,0.000,39.000,55.000,0,0,0,160,285,285,0,0,0,0,0,144,0,4,70,1
2.665000,0.00,28.000,16.820,335,335,0.000,0,0,0.000,39.000,55.000,0,0,0,160,285,285,0,0,0,0,0,144,0,4,70,1
2.670000,0.00,28.000,16.820,335,335,0.000,0,0,0.000,39.000,55.000,0,0,0,160,285,285,0,0,0,0,0,144,0,4,70,1
2.675000,0.00,28.000,16.820,335,335,0.000,0,0,0.000,39.000,55.000,0,0,0,160,285,285,0,0,0,0,0,144,0,4,70,1
2.680000,0.00,28.000,16.820,335,335,0.000,0,0,0.000,39.000,55.000,0,0,0,160,285,285,0,0,0,0,0,144,0,4,70,1
2.685000,0.00,28.000,16.820,335,335,0.000,0,0,0.000,39.000,55.000,0,0,0,160,285,285,0,0,0,0,0,144,0,4,70,1
2.690000,0.00,28.000,16.820,335,335,0.000,0,0,0.000,39.000,55.000,0,0,0,160,285,285,0,0,0,0,0,144,0,4,70,1
2.695000,0.00,28.000,16.820,335,335,0.000,0,0,0.000,39.000,55.000,0,0,0,160,285,285,0,0,0,0,0,144,0,4,70,1
2.700000,0.00,28.000,16.820,335,335,0.000,0,0,0.000,39.000,55.000,0,0,0,160,285,285,0,0,0,0,0,144,0,4,70,1
2.705000,0.00,28.000,16.820,335,335,0.000,0,0,0.000,39.000,55.000,0,0,0,160,285,285,0,0,0,0,0,144,0,4,70,1
2.710000,0.00,28.000,16.820,335,335,0.000,0,0,0.000,39.000,55.000,0,0,0,160,285,285,0,0,0,0,0,144,0,4,70,1
2.715000,0.00,28.000,16.820,335,335,0.000,0,0,0.000,39.000,55.000,0,0,0,160,285,285,0,0,0,0,0,144,0,4,70,1
2.720000,0.00,28.000,16.820,335,335,0.000,0,0,0.000,39.000,55.000,0,0,0,160,285,285,0,0,0,0,0,144,0,4,70,1
2.725000,0.00,28.000,16.820,335,335,0.000,0,0,0.000,39.000,55.000,0,0,0,160,285,285,0,0,0,0,0,144,0,4,70,1
2.730000,0.00,28.000,16.820,335,335,0.000,0,0,0.000,39.000,55.000,0,0,0,160,285,285,0,0,0,0,0,144,0,4,70,1
2.735000,0.00,28.000,16.820,335,335,0.000,0,0,0.000,39.000,55.000,0,0,0,160,285,285,0,0,0,0,0,144,0,4,70,1
2.740000,0.00,28.000,16.820,335,335,0.000,0,0,0.000,39.000,55.000,0,0,0,160,285,285,0,0,0,0,0,144,0,4,70,1
2.745000,0.00,28.000,16.820,335,335,0.000,0,0,0.000,39.000,55.000,0,0,0,160,285,285,0,0,0,0,0,144,0,4,70,1
2.750000,0.00,28.000,16.820,335,335,0.000,0,0,0.000,39.000,55.000,0,0,0,160,285,285,0,0,0,0,0,144,0,4,70,1
2.755000,0.00,28.000,16.820,335,335,0.000,0,0,0.000,39.000,55.000,0,0,0,160,285,285,0,0,0,0,0,144,0,4,70,1
2.760000,0.00,28.000,16.820,335,335,0.000,0,0,0.000,39.000,55.000,0,0,0,160,285,285,0,0,0,0,0,144,0,4,70,1
2.765000,0.00,28.000,16.820,335,335,0.000,0,0,0.000,39.000,55.000,0,0,0,160,285,285,0,0,0,0,0,144,0,4,70,1
2.770000,0.00,28.000,16.820,335,335,0.000,0,0,0.000,39.000,55.000,0,0,0,160,285,285,0,0,0,0,0,144,0,4,70,1
2.775000,0.00,28.000,16.820,335,335,0.000,0,0,0.000,39.000,55.000,0,0,0,160,285,285,0,0,0,0,0,144,0,4,70,1
2.780000,0.00,28.000,16.820,335,335,0.000,0,0,0.000,39.000,55.000,0,0,0,160,285,285,0,0,0,0,0,144,0,4,70,1
2.785000,0.00,28.000,16.820,335,335,0.000,0,0,0.000,39.000,55.000,0,0,0,160,285,285,0,0,0,0,0,144,0,4,70,1
2.790000,0.00,28.000,16.820,335,335,0.000,0,0,0.000,39.000,55.000,0,0,0,160,285,285,0,0,0,0,0,144,0,4,70,1
2.795000,0.00,28.000,16.820,335,335,0.000,0,0,0.000,39.000,55.000,0,0,0,160,285,285,0,0,0,0,0,144,0,4,70,1
2.800000,0.00,28.000,16.820,335,335,0.000,0,0,0.000,39.000,55.000,0,0,0,160,285,285,0,0,0,0,0,144,0,4,70,1
2.805000,0.00,28.000,16.820,335,335,0.000,0,0,0.000,39.000,55.000,0,0,0,160,285,285,0,0,0,0,0,144,0,4,70,1
2.810000,0.00,28.000,16.820,335,335,0.000,0,0,0.000,39.000,55.000,0,0,0,160,285,285,0,0,0,0,0,144,0,4,70,1
2.815000,0.00,28.000,16.820,335,335,0.000,0,0,0.000,39.000,55.000,0,0,0,160,285,285,0,0,0,0,0,144,0,4,70,1
2.820000,0.00,28.000,16.820,335,335,0.000,0,0,0.000,39.000,55.000,0,0,0,160,285,285,0,0,0,0,0,144,0,4,70,1
2.825000,0.00,28.000,16.820,335,335,0.000,0,0,0.000,39.000,55.000,0,0,0,160,285,285,0,0,0,0,0,144,0,4,70,1
2.830000,0.00,28.000,16.820,335,335,0.000,0,0,0.000,39.000,55.000,0,0,0,160,285,285,0,0,0,0,0,144,0,4,70,1
2.835000,0.00,28.000,16.820,335,335,0.000,0,0,0.000,39.000,55.000,0,0,0,160,285,285,0,0,0,0,0,144,0,4,70,1
2.840000,0.00,28.000,16.820,335,335,0.000,0,0,0.000,39.000,55.000,0,0,0,160,285,285,0,0,0,0,0,144,0,4,70,1
2.845000,0.00,28.000,16.820,335,335,0.000,0,0,0.000,39.000,55.000,0,0,0,160,285,285,0,0,0,0,0,144,0,4,70,1
2.850000,0.00,28.000,16.820,335,335,0.000,0,0,0.000,39.000,55.000,0,0,0,160,285,285,0,0,0,0,0,144,0,4,70,1
2.855000,0.00,28.000,16.820,335,335,0.000,0,0,0.000,39.000,55.000,0,0,0,160,285,285,0,0,0,0,0,144,0,4,70,1
2.860000,0.00,28.000,16.820,335,335,0.000,0,0,0.000,39.000,55.000,0,0,0,160,285,285,0,0,0,0,0,144,0,4,70,1
2.865000,0.00,28.000,16.820,335,335,0.000,0,0,0.000,39.000,55.000,0,0,0,160,285,285,0,0,0,0,0,144,0,4,70,1
2.870000,0.00,28.000,16.820,335,335,0.000,0,0,0.000,39.000,55.000,0,0,0,160,285,285,0,0,0,0,0,144,0,4,70,1
2.875000,0.00,28.000,16.820,335,335,0.000,0,0,0.000,39.000,55.000,0,0,0,160,285,285,0,0,0,0,0,144,0,4,70,1
2.880000,0.00,28.000,16.820,335,335,0.000,0,0,0.000,39.000,55.000,0,0,0,160,285,285,0,0,0,0,0,144,0,4,70,1
2.885000,0.00,28.000,16.820,335,335,0.000,0,0,0.000,39.000,55.000,0,0,0,160,285,285,0,0,0,0,0,144,0,4,70,1
2.890000,0.00,28.000,16.820,335,335,0.000,0,0,0.000,39.000,55.000,0,0,0,160,285,285,0,0,0,0,0,144,0,4,70,1
2.895000,0.00,28.000,16.820,335,335,0.000,0,0,0.000,39.000,55.000,0,0,0,160,285,285,0,0,0,0,0,144,0,4,70,1
2.900000,0.00,28.000,16.820,335,335,0.000,0,0,0.000,39.000,55.000,0,0,0,160,285,285,0,0,0,0,0,144,0,4,70,1
2.905000,0.00,28.000,16.820,335,335,0.000,0,0,0.000,39.000,55.000,0,0,0,160,285,285,0,0,0,0,0,144,0,4,70,1
2.910000,0.00,28.000,16.820,335,335,0.000,0,0,0.000,39.000,55.000,0,0,0,160,285,285,0,0,0,0,0,144,0,4,70,1
2.915000,0.00,28.000,16.820,335,335,0.000,0,0,0.000,39.000,55.000,0,0,0,160,285,285,0,0,0,0,0,144,0,4,70,1
2.920000,0.00,28.000,16.820,335,335,0.000,0,0,0.000,39.000,55.000,0,0,0,160,285,285,0,0,0,0,0,144,0,4,70,1
2.925000,0.00,28.000,16.820,335,335,0.000,0,0,0.000,39.000,55.000,0,0,0,160,285,285,0,0,0,0,0,144,0,4,70,1
2.930000,0.00,28.000,16.820,335,335,0.000,0,0,0.000,39.000,55.000,0,0,0,160,285,285,0,0,0,0,0,144,0,4,70,1
2.935000,0.00,28.000,16.820,335,335,0.000,0,0,0.000,39.000,55.000,0,0,0,160,285,285,0,0,0,0,0,144,0,4,70,1
2.940000,0.00,28.000,16.820,335,335,0.000,0,0,0.000,39.000,55.000,0,0,0,160,285,285,0,0,0,0,0,144,0,4,70,1
2.945000,0.00,28.000,16.820,335,335,0.000,0,0,0.000,39.000,55.000,0,0,0,160,285,285,0,0,0,0,0,144,0,4,70,1
2.950000,0.00,28.000,16.820,335,335,0.000,0,0,0.000,39.000,55.000,0,0,0,160,285,285,0,0,0,0,0,144,0,4,70,1
2.955000,0.00,28.000,16.820,335,335,0.000,0,0,0.000,39.000,55.000,0,0,0,160,285,285,0,0,0,0,0,144,0,4,70,1
2.960000,0.00,28.000,16.820,335,335,0.000,0,0,0.000,39.000,55.000,0,0,0,160,285,285,0,0,0,0,0,144,0,4,70,1
2.965000,0.00,28.000,16.820,335,335,0.000,0,0,0.000,39.000,55.000,0,0,0,160,285,285,0,0,0,0,0,144,0,4,70,1
2.970000,0.00,28.000,16.820,335,335,0.000,0,0,0.000,39.000,55.000,0,0,0,160,285,285,0,0,0,0,0,144,0,4,70,1
2.975000,0.00,28.000,16.820,335,335,0.000,0,0,0.000,39.000,55.000,0,0,0,160,285,285,0,0,0,0,0,144,0,4,70,1
2.980000,0.00,28.000,16.820,335,335,0.000,0,0,0.000,39.000,55.000,0,0,0,160,285,285,0,0,0,0,0,144,0,4,70,1
2.985000,0.00,28.000,16.820,335,335,0.000,0,0,0.000,39.000,55.000,0,0,0,160,285,285,0,0,0,0,0,144,0,4,70,1
2.990000,0.00,28.000,16.820,335,335,0.000,0,0,0.000,39.000,55.000,0,0,0,160,285,285,0,0,0,0,0,144,0,4,70,1
2.995000,0.00,28.000,16.820,335,335,0.000,0,0,0.000,39.000,55.000,0,0,0,160,285,285,0,0,0,0,0,144,0,4,70,1
3.000000,0.00,28.000,16.820,335,335,0.000,0,0,0.000,39.000,55.000,0,0,0,160,285,285,0,0,0,0,0,144,0,4,70,1
3.005000,0.00,28.000,16.820,335,335,0.000,0,0,0.000,39.000,55.000,0,0,0,160,285,285,0,0,0,0,0,144,0,4,70,1
3.010000,0.00,28.000,16.820,335,335,0.000,0,0,0.000,39.000,55.000,0,0,0,160,285,285,0,0,0,0,0,144,0,4,70,1
3.015000,0.00,28.000,16.820,335,335,0.000,0,0,0.000,39.000,55.000,0,0,0,160,285,285,0,0,0,0,0,144,0,4,70,1
3.020000,0.00,28.000,16.820,335,335,0.000,0,0,0.000,39.000,55.000,0,0,0,160,285,285,0,0,0,0,0,144,0,4,70,1
3.025000,0.00,28.000,16.820,335,335,0.000,0,0,0.000,39.000,55.000,0,0,0,160,285,285,0,0,0,0,0,144,0,4,70,1
3.030000,0.00,28.000,16.820,335,335,0.000,0,0,0.000,39.000,55.000,0,0,0,160,285,285,0,0,0,0,0,144,0,4,70,1
3.035000,0.00,28.000,16.820,335,335,0.000,0,0,0.000,39.000,55.000,0,0,0,160,285,285,0,0,0,0,0,144,0,4,70,1
3.040000,0.00,28.000,16.820,335,335,0.000,0,0,0.000,39.000,55.000,0,0,0,160,285,285,0,0,0,0,0,144,0,4,70,1
3.045000,0.00,28.000,16.820,335,335,0.000,0,0,0.000,39.000,55.000,0,0,0,160,285,285,0,0,0,0,0,144,0,4,70,1
3.050000,0.00,28.000,16.820,335,335,0.000,0,0,0.000,39.000,55.000,0,0,0,160,285,285,0,0,0,0,0,144,0,4,70,1
3.055000,0.00,28.000,16.820,335,335,0.000,0,0,0.000,39.000,55.000,0,0,0,160,285,285,0,0,0,0,0,144,0,4,70,1
3.060000,0.00,28.000,16.820,335,335,0.000,0,0,0.000,39.000,55.000,0,0,0,160,285,285,0,0,0,0,0,144,0,4,70,1
3.065000,0.00,28.000,16.820,335,335,0.000,0,0,0.000,39.000,55.000,0,0,0,160,285,285,0,0,0,0,0,144,0,4,70,1
3.070000,0.00,28.000,16.820,335,335,0.000,0,0,0.000,39.000,55.000,0,0,0,160,285,285,0,0,0,0,0,144,0,4,70,1
3.075000,0.00,28.000,16.820,335,335,0.000,0,0,0.000,39.000,55.000,0,0,0,160,285,285,0,0,0,0,0,144,0,4,70,1
3.080000,0.00,28.000,16.820,335,335,0.000,0,0,0.000,39.000,55.000,0,0,0,160,285,285,0,0,0,0,0,144,0,4,70,1
3.085000,0.00,28.000,16.820,335,335,0.000,0,0,0.000,39.000,55.000,0,0,0,160,285,285,0,0,0,0,0,144,0,4,70,1
3.090000,0.00,28.000,16.820,335,335,0.000,0,0,0.000,39.000,55.000,0,0,0,160,285,285,0,0,0,0,0,144,0,4,70,1
3.095000,0.00,28.000,16.820,335,335,0.000,0,0,0.000,39.000,55.000,0,0,0,160,285,285,0,0,0,0,0,144,0,4,70,1
3.100000,0.00,28.000,16.820,335,335,0.000,0,0,0.000,39.000,55.000,0,0,0,160,285,285,0,0,0,0,0,144,0,4,70,1
3.105000,0.00,28.000,16.820,335,335,0.000,0,0,0.000,39.000,55.000,0,0,0,160,285,285,0,0,0,0,0,144,0,4,70,1
3.110000,0.00,28.000,16.820,335,335,0.000,0,0,0.000,39.000,55.000,0,0,0,160,285,285,0,0,0,0,0,144,0,4,70,1
3.115000,0.00,28.000,16.820,335,335,0.000,0,0,0.000,39.000,55.000,0,0,0,160,285,285,0,0,0,0,0,144,0,4,70,1
3.120000,0.00,28.000,16.820,335,335,0.000,0,0,0.000,39.000,55.000,0,0,0,160,285,285,0,0,0,0,0,144,0,4,70,1
3.125000,0.00,28.000,16.820,335,335,0.000,0,0,0.000,39.000,55.000,0,0,0,160,285,285,0,0,0,0,0,144,0,4,70,1
3.130000,0.00,28.000,16.820,335,335,0.000,0,0,0.000,39.000,55.000,0,0,0,160,285,285,0,0,0,0,0,144,0,4,70,1
3.135000,0.00,28.000,16.820,335,335,0.000,0,0,0.000,39.000,55.000,0,0,0,160,285,285,0,0,0,0,0,144,0,4,70,1
3.140000,0.00,28.000,16.820,335,335,0.000,0,0,0.000,39.000,55.000,0,0,0,160,285,285,0,0,0,0,0,144,0,4,70,1
3.145000,0.00,28.000,16.820,335,335,0.000,0,0,0.000,39.000,55.000,0,0,0,160,285,285,0,0,0,0,0,144,0,4,70,1
3.150000,0.00,28.000,16.820,335,335,0.000,0,0,0.000,39.000,55.000,0,0,0,160,285,285,0,0,0,0,0,144,0,4,70,1
3.155000,0.00,28.000,16.820,335,335,0.000,0,0,0.000,39.000,55.000,0,0,0,160,285,285,0,0,0,0,0,144,0,4,70,1
3.160000,0.00,28.000,16.820,335,335,0.000,0,0,0.000,39.000,55.000,0,0,0,160,285,285,0,0,0,0,0,144,0,4,70,1
3.165000,0.00,28.000,16.820,335,335,0.000,0,0,0.000,39.000,55.000,0,0,0,160,285,285,0,0,0,0,0,144,0,4,70,1
3.170000,0.00,28.000,16.820,335,335,0.000,0,0,0.000,39.000,55.000,0,0,0,160,285,285,0,0,0,0,0,144,0,4,70,1
3.175000,0.00,28.000,16.820,335,335,0.000,0,0,0.000,39.000,55.000,0,0,0,160,285,285,0,0,0,0,0,144,0,4,70,1
3.180000,0.00,28.000,16.820,335,335,0.000,0,0,0.000,39.000,55.000,0,0,0,160,285,285,0,0,0,0,0,144,0,4,70,1
3.185000,0.00,28.000,16.820,335,335,0.000,0,0,0.000,39.000,55.000,0,0,0,160,285,285,0,0,0,0,0,144,0,4,70,1
3.190000,0.00,28.000,16.820,335,335,0.000,0,0,0.000,39.000,55.000,0,0,0,160,285,285,0,0,0,0,0,144,0,4,70,1
3.195000,0.00,28.000,16.820,335,335,0.000,0,0,0.000,39.000,55.000,0,0,0,160,285,285,0,0,0,0,0,144,0,4,70,1
3.200000,0.00,28.000,16.820,335,335,0.000,0,0,0.000,39.000,55.000,0,0,0,160,285,285,0,0,0,0,0,144,0,4,70,1
3.205000,0.00,28.000,16.820,335,335,0.000,0,0,0.000,39.000,55.000,0,0,0,160,285,285,0,0,0,0,0,144,0,4,70,1
3.210000,0.00,28.000,16.820,335,335,0.000,0,0,0.000,39.000,55.000,0,0,0,160,285,285,0,0,0,0,0,144,0,4,70,1
3.215000,0.00,28.000,16.820,335,335,0.000,0,0,0.000,39.000,55.000,0,0,0,160,285,285,0,0,0,0,0,144,0,4,70,1
3.220000,0.00,28.000,16.820,335,335,0.000,0,0,0.000,39.000,55.000,0,0,0,160,285,285,0,0,0,0,0,144,0,4,70,1
3.225000,0.00,28.000,16.820,335,335,0.000,0,0,0.000,39.000,55.000,0,0,0,160,285,285,0,0,0,0,0,144,0,4,70,1
3.230000,0.00,28.000,16.820,335,335,0.000,0,0,0.000,39.000,55.000,0,0,0,160,285,285,0,0,0,0,0,144,0,4,70,1
3.235000,0.00,28.000,16.820,335,335,0.000,0,0,0.000,39.000,55.000,0,0,0,160,285,285,0,0,0,0,0,144,0,4,70,1
3.240000,0.00,28.000,16.820,335,335,0.000,0,0,0.000,39.000,55.000,0,0,0,160,285,285,0,0,0,0,0,144,0,4,70,1
3.245000,0.00,28.000,16.820,335,335,0.000,0,0,0.000,39.000,55.000,0,0,0,160,285,285,0,0,0,0,0,144,0,4,70,1
3.250000,0.00,28.000,16.820,335,335,0.000,0,0,0.000,39.000,55.000,0,0,0,160,285,285,0,0,0,0,0,144,0,4,70,1
3.255000,0.00,28.000,16.820,335,335,0.000,0,0,0.000,39.000,55.000,0,0,0,160,285,285,0,0,0,0,0,144,0,4,70,1
3.260000,0.00,28.000,16.820,335,335,0.000,0,0,0.000,39.000,55.000,0,0,0,160,285,285,0,0,0,0,0,144,0,4,70,1
3.265000,0.00,28.000,16.820,335,335,0.000,0,0,0.000,39.000,55.000,0,0,0,160,285,285,0,0,0,0,0,144,0,4,70,1
3.270000,0.00,28.000,16.820,335,335,0.000,0,0,0.000,39.000,55.000,0,0,0,160,285,285,0,0,0,0,0,144,0,4,70,1
3.275000,0.00,28.000,16.820,335,335,0.000,0,0,0.000,39.000,55.000,0,0,0,160,285,285,0,0,0,0,0,144,0,4,70,1
3.280000,0.00,28.000,16.820,335,335,0.000,0,0,0.000,39.000,55.000,0,0,0,160,285,285,0,0,0,0,0,144,0,4,70,1
3.285000,0.00,28.000,16.820,335,335,0.000,0,0,0.000,39.000,55.000,0,0,0,160,285,285,0,0,0,0,0,144,0,4,70,1
3.290000,0.00,28.000,16.820,335,335,0.000,0,0,0.000,39.000,55.000,0,0,0,160,285,285,0,0,0,0,0,144,0,4,70,1
3.295000,0.00,28.000,16.820,335,335,0.000,0,0,0.000,39.000,55.000,0,0,0,160,285,285,0,0,0,0,0,144,0,4,70,1
3.300000,0.00,28.000,16.820,335,335,0.000,0,0,0.000,39.000,55.000,0,0,0,160,285,285,0,0,0,0,0,144,0,4,70,1
3.305000,0.00,28.000,16.820,335,335,0.000,0,0,0.000,39.000,55.000,0,0,0,160,285,285,0,0,0,0,0,144,0,4,70,1
3.310000,0.00,28.000,16.820,335,335,0.000,0,0,0.000,39.000,55.000,0,0,0,160,285,285,0,0,0,0,0,144,0,4,70,1
3.315000,0.00,28.000,16.820,335,335,0.000,0,0,0.000,39.000,55.000,0,0,0,160,285,285,0,0,0,0,0,144,0,4,70,1
3.320000,0.00,28.000,16.820,335,335,0.000,0,0,0.000,39.000,55.000,0,0,0,160,285,285,0,0,0,0,0,144,0,4,70,1
3.325000,0.00,28.000,16.820,335,335,0.000,0,0,0.000,39.000,55.000,0,0,0,160,285,285,0,0,0,0,0,144,0,4,70,1
3.330000,0.00,28.000,16.820,335,335,0.000,0,0,0.000,39.000,55.000,0,0,0,160,285,285,0,0,0,0,0,144,0,4,70,1
3.335000,0.00,28.000,16.820,335,335,0.000,0,0,0.000,39.000,55.000,0,0,0,160,285,285,0,0,0,0,0,144,0,4,70,1
3.340000,0.00,28.000,16.820,335,335,0.000,0,0,0.000,39.000,55.000,0,0,0,160,285,285,0,0,0,0,0,144,0,4,70,1
3.345000,0.00,28.000,16.820,335,335,0.000,0,0,0.000,39.000,55.000,0,0,0,160,285,285,0,0,0,0,0,144,0,4,70,1
3.350000,0.00,28.000,16.820,335,335,0.000,0,0,0.000,39.000,55.000,0,0,0,160,285,285,0,0,0,0,0,144,0,4,70,1
3.355000,0.00,28.000,16.820,335,335,0.000,0,0,0.000,39.000,55.000,0,0,0,160,285,285,0,0,0,0,0,144,0,4,70,1
3.360000,0.00,28.000,16.820,335,335,0.000,0,0,0.000,39.000,55.000,0,0,0,160,285,285,0,0,0,0,0,144,0,4,70,1
3.365000,0.00,28.000,16.820,335,335,0.000,0,0,0.000,39.000,55.000,0,0,0,160,285,285,0,0,0,0,0,144,0,4,70,1
3.370000,0.00,28.000,16.820,335,335,0.000,0,0,0.000,39.000,55.000,0,0,0,160,285,285,0,0,0,0,0,144,0,4,70,1
3.375000,0.00,28.000,16.820,335,335,0.000,0,0,0.000,39.000,55.000,0,0,0,160,285,285,0,0,0,0,0,144,0,4,70,1
3.380000,0.00,28.000,16.820,335,335,0.000,0,0,0.000,39.000,55.000,0,0,0,160,285,285,0,0,0,0,0,144,0,4,70,1
3.385000,0.00,28.000,16.820,335,335,0.000,0,0,0.000,39.000,55.000,0,0,0,160,285,285,0,0,0,0,0,144,0,4,70,1
3.390000,0.00,28.000,16.820,335,335,0.000,0,0,0.000,39.000,55.000,0,0,0,160,285,285,0,0,0,0,0,144,0,4,70,1
3.395000,0.00,28.000,16.820,335,335,0.000,0,0,0.000,39.000,55.000,0,0,0,160,285,285,0,0,0,0,0,144,0,4,70,1
3.400000,0.00,28.000,16.820,335,335,0.000,0,0,0.000,39.000,55.000,0,0,0,160,285,285,0,0,0,0,0,144,0,4,70,1
3.405000,0.00,28.000,16.820,335,335,0.000,0,0,0.000,39.000,55.000,0,0,0,160,285,285,0,0,0,0,0,144,0,4,70,1
3.410000,0.00,28.000,16.820,335,335,0.000,0,0,0.000,39.000,55.000,0,0,0,160,285,285,0,0,0,0,0,144,0,4,70,1
3.415000,0.00,28.000,16.820,335,335,0.000,0,0,0.000,39.000,55.000,0,0,0,160,285,285,0,0,0,0,0,144,0,4,70,1
3.420000,0.00,28.000,16.820,335,335,0.000,0,0,0.000,39.000,55.000,0,0,0,160,285,285,0,0,0,0,0,144,0,4,70,1
3.425000,0.00,28.000,16.820,335,335,0.000,0,0,0.000,39.000,55.000,0,0,0,160,285,285,0,0,0,0,0,144,0,4,70,1
3.430000,0.00,28.000,16.820,335,335,0.000,0,0,0.000,39.000,55.000,0,0,0,160,285,285,0,0,0,0,0,144,0,4,70,1
3.435000,0.00,28.000,16.820,335,335,0.000,0,0,0.000,39.000,55.000,0,0,0,160,285,285,0,0,0,0,0,144,0,4,70,1
3.440000,0.00,28.000,16.820,335,335,0.000,0,0,0.000,39.000,55.000,0,0,0,160,285,285,0,0,0,0,0,144,0,4,70,1
3.445000,0.00,28.000,16.820,335,335,0.000,0,0,0.000,39.000,55.000,0,0,0,160,285,285,0,0,0,0,0,144,0,4,70,1
3.450000,0.00,28.000,16.820,335,335,0.000,0,0,0.000,39.000,55.000,0,0,0,160,285,285,0,0,0,0,0,144,0,4,70,1
3.455000,0.00,28.000,16.820,335,335,0.000,0,0,0.000,39.000,55.000,0,0,0,160,285,285,0,0,0,0,0,144,0,4,70,1
3.460000,0.00,28.000,16.820,335,335,0.000,0,0,0.000,39.000,55.000,0,0,0,160,285,285,0,0,0,0,0,144,0,4,70,1
3.465000,0.00,28.000,16.820,335,335,0.000,0,0,0.000,39.000,55.000,0,0,0,160,285,285,0,0,0,0,0,144,0,4,70,1
3.470000,0.00,28.000,16.820,335,335,0.000,0,0,0.000,39.000,55.000,0,0,0,160,285,285,0,0,0,0,0,144,0,4,70,1
3.475000,0.00,28.000,16.820,335,335,0.000,0,0,0.000,39.000,55.000,0,0,0,160,285,285,0,0,0,0,0,144,0,4,70,1
3.480000,0.00,28.000,16.820,335,335,0.000,0,0,0.000,39.000,55.000,0,0,0,160,285,285,0,0,0,0,0,144,0,4,70,1
3.485000,0.00,28.000,16.820,335,335,0.000,0,0,0.000,39.000,55.000,0,0,0,160,285,285,0,0,0,0,0,144,0,4,70,1
3.490000,0.00,28.000,16.820,335,335,0.000,0,0,0.000,39.000,55.000,0,0,0,160,285,285,0,0,0,0,0,144,0,4,70,1
3.495000,0.00,28.000,16.820,335,335,0.000,0,0,0.000,39.000,55.000,0,0,0,160,285,285,0,0,0,0,0,144,0,4,70,1
3.500000,0.00,28.000,16.820,335,335,0.000,0,0,0.000,39.000,55.000,0,0,0,160,285,285,0,0,0,0,0,144,0,4,70,1
3.505000,0.00,28.000,16.820,335,335,0.000,0,0,0.000,39.000,55.000,0,0,0,160,285,285,0,0,0,0,0,144,0,4,70,1
3.510000,0.00,28.000,16.820,335,335,0.000,0,0,0.000,39.000,55.000,0,0,0,160,285,285,0,0,0,0,0,144,0,4,70,1
3.515000,0.00,28.000,16.820,335,335,0.000,0,0,0.000,39.000,55.000,0,0,0,160,285,285,0,0,0,0,0,144,0,4,70,1
3.520000,0.00,28.000,16.820,335,335,0.000,0,0,0.000,39.000,55.000,0,0,0,160,285,285,0,0,0,0,0,144,0,4,70,1
3.525000,0.00,28.000,16.820,335,335,0.000,0,0,0.000,39.000,55.000,0,0,0,160,285,285,0,0,0,0,0,144,0,4,70,1
3.530000,0.00,28.000,16.820,335,335,0.000,0,0,0.000,39.000,55.000,0,0,0,160,285,285,0,0,0,0,0,144,0,4,70,1
3.535000,0.00,28.000,16.820,335,335,0.000,0,0,0.000,39.000,55.000,0,0,0,160,285,285,0,0,0,0,0,144,0,4,70,1
3.540000,0.00,28.000,16.820,335,335,0.000,0,0,0.000,39.000,55.000,0,0,0,160,285,285,0,0,0,0,0,144,0,4,70,1
3.545000,0.00,28.000,16.820,335,335,0.000,0,0,0.000,39.000,55.000,0,0,0,160,285,285,0,0,0,0,0,144,0,4,70,1
3.550000,0.00,28.000,16.820,335,335,0.000,0,0,0.000,39.000,55.000,0,0,0,160,285,285,0,0,0,0,0,144,0,4,70,1
3.555000,0.00,28.000,16.820,335,335,0.000,0,0,0.000,39.000,55.000,0,0,0,160,285,285,0,0,0,0,0,144,0,4,70,1
3.560000,0.00,28.000,16.820,335,335,0.000,0,0,0.000,39.000,55.000,0,0,0,160,285,285,0,0,0,0,0,144,0,4,70,1
3.565000,0.00,28.000,16.820,335,335,0.000,0,0,0.000,39.000,55.000,0,0,0,160,285,285,0,0,0,0,0,144,0,4,70,1
3.570000,0.00,28.000,16.820,335,335,0.000,0,0,0.000,39.000,55.000,0,0,0,160,285,285,0,0,0,0,0,144,0,4,70,1
3.575000,0.00,28.000,16.820,335,335,0.000,0,0,0.000,39.000,55.000,0,0,0,160,285,285,0,0,0,0,0,144,0,4,70,1
3.580000,0.00,28.000,16.820,335,335,0.000,0,0,0.000,39.000,55.000,0,0,0,160,285,285,0,0,0,0,0,144,0,4,70,1
3.585000,0.00,28.000,16.820,335,335,0.000,0,0,0.000,39.000,55.000,0,0,0,160,285,285,0,0,0,0,0,144,0,4,70,1
3.590000,0.00,28.000,16.820,335,335,0.000,0,0,0.000,39.000,55.000,0,0,0,160,285,285,0,0,0,0,0,144,0,4,70,1
3.595000,0.00,28.000,16.820,335,335,0.000,0,0,0.000,39.000,55.000,0,0,0,160,285,285,0,0,0,0,0,144,0,4,70,1
3.600000,0.00,28.000,16.820,335,335,0.000,0,0,0.000,39.000,55.000,0,0,0,160,285,285,0,0,0,0,0,144,0,4,70,1
3.605000,0.00,28.000,16.820,335,335,0.000,0,0,0.000,39.000,55.000,0,0,0,160,285,285,0,0,0,0,0,144,0,4,70,1
3.610000,0.00,28.000,16.820,335,335,0.000,0,0,0.000,39.000,55.000,0,0,0,160,285,285,0,0,0,0,0,144,0,4,70,1
3.615000,0.00,28.000,16.820,335,335,0.000,0,0,0.000,39.000,55.000,0,0,0,160,285,285,0,0,0,0,0,144,0,4,70,1
3.620000,0.00,28.000,16.820,335,335,0.000,0,0,0.000,39.000,55.000,0,0,0,160,285,285,0,0,0,0,0,144,0,4,70,1
3.625000,0.00,28.000,16.820,335,335,0.000,0,0,0.000,39.000,55.000,0,0,0,160,285,285,0,0,0,0,0,144,0,4,70,1
3.630000,0.00,28.000,16.820,335,335,0.000,0,0,0.000,39.000,55.000,0,0,0,160,285,285,0,0,0,0,0,144,0,4,70,1
3.635000,0.00,28.000,16.820,335,335,0.000,0,0,0.000,39.000,55.000,0,0,0,160,285,285,0,0,0,0,0,144,0,4,70,1
3.640000,0.00,28.000,16.820,335,335,0.000,0,0,0.000,39.000,55.000,0,0,0,160,285,285,0,0,0,0,0,144,0,4,70,1
3.645000,0.00,28.000,16.820,335,335,0.000,0,0,0.000,39.000,55.000,0,0,0,160,285,285,0,0,0,0,0,144,0,4,70,1
3.650000,0.00,28.000,16.820,335,335,0.000,0,0,0.000,39.000,55.000,0,0,0,160,285,285,0,0,0,0,0,144,0,4,70,1
3.655000,0.00,28.000,16.820,335,335,0.000,0,0,0.000,39.000,55.000,0,0,0,160,285,285,0,0,0,0,0,144,0,4,70,1
3.660000,0.00,28.000,16.820,335,335,0.000,0,0,0.000,39.000,55.000,0,0,0,160,285,285,0,0,0,0,0,144,0,4,70,1
3.665000,0.00,28.000,16.820,335,335,0.000,0,0,0.000,39.000,55.000,0,0,0,160,285,285,0,0,0,0,0,144,0,4,70,1
3.670000,0.00,28.000,16.820,335,335,0.000,0,0,0.000,39.000,55.000,0,0,0,160,285,285,0,0,0,0,0,144,0,4,70,1
3.675000,0.00,28.000,16.820,335,335,0.000,0,0,0.000,39.000,55.000,0,0,0,160,285,285,0,0,0,0,0,144,0,4,70,1
3.680000,0.00,28.000,16.820,335,335,0.000,0,0,0.000,39.000,55.000,0,0,0,160,285,285,0,0,0,0,0,144,0,4,70,1
3.685000,0.00,28.000,16.820,335,335,0.000,0,0,0.000,39.000,55.000,0,0,0,160,285,285,0,0,0,0,0,144,0,4,70,1
3.690000,0.00,28.000,16.820,335,335,0.000,0,0,0.000,39.000,55.000,0,0,0,160,285,285,0,0,0,0,0,144,0,4,70,1
3.695000,0.00,28.000,16.820,335,335,0.000,0,0,0.000,39.000,55.000,0,0,0,160,285,285,0,0,0,0,0,144,0,4,70,1
3.700000,0.00,28.000,16.820,335,335,0.000,0,0,0.000,39.000,55.000,0,0,0,160,285,285,0,0,0,0,0,144,0,4,70,1
3.705000,0.00,28.000,16.820,335,335,0.000,0,0,0.000,39.000,55.000,0,0,0,160,285,285,0,0,0,0,0,144,0,4,70,1
3.710000,0.00,28.000,16.820,335,335,0.000,0,0,0.000,39.000,55.000,0,0,0,160,285,285,0,0,0,0,0,144,0,4,70,1
3.715000,0.00,28.000,16.820,335,335,0.000,0,0,0.000,39.000,55.000,0,0,0,160,285,285,0,0,0,0,0,144,0,4,70,1
3.720000,0.00,28.000,16.820,335,335,0.000,0,0,0.000,39.000,55.000,0,0,0,160,285,285,0,0,0,0,0,144,0,4,70,1
3.725000,0.00,28.000,16.820,335,335,0.000,0,0,0.000,39.000,55.000,0,0,0,160,285,285,0,0,0,0,0,144,0,4,70,1
3.730000,0.00,28.000,16.820,335,335,0.000,0,0,0.000,39.000,55.000,0,0,0,160,285,285,0,0,0,0,0,144,0,4,70,1
3.735000,0.00,28.000,16.820,335,335,0.000,0,0,0.000,39.000,55.000,0,0,0,160,285,285,0,0,0,0,0,144,0,4,70,1
3.740000,0.00,28.000,16.820,335,335,0.000,0,0,0.000,39.000,55.000,0,0,0,160,285,285,0,0,0,0,0,144,0,4,70,1
3.745000,0.00,28.000,16.820,335,335,0.000,0,0,0.000,39.000,55.000,0,0,0,160,285,285,0,0,0,0,0,144,0,4,70,1
3.750000,0.00,28.000,16.820,335,335,0.000,0,0,0.000,39.000,55.000,0,0,0,160,285,285,0,0,0,0,0,144,0,4,70,1
3.755000,0.00,28.000,16.820,335,335,0.000,0,0,0.000,39.000,55.000,0,0,0,160,285,285,0,0,0,0,0,144,0,4,70,1
3.760000,0.00,28.000,16.820,335,335,0.000,0,0,0.000,39.000,55.000,0,0,0,160,285,285,0,0,0,0,0,144,0,4,70,1
3.765000,0.00,28.000,16.820,335,335,0.000,0,0,0.000,39.000,55.000,0,0,0,160,285,285,0,0,0,0,0,144,0,4,70,1
3.770000,0.00,28.000,16.820,335,335,0.000,0,0,0.000,39.000,55.000,0,0,0,160,285,285,0,0,0,0,0,144,0,4,70,1
3.775000,0.00,28.000,16.820,335,335,0.000,0,0,0.000,39.000,55.000,0,0,0,160,285,285,0,0,0,0,0,144,0,4,70,1
3.780000,0.00,28.000,16.820,335,335,0.000,0,0,0.000,39.000,55.000,0,0,0,160,285,285,0,0,0,0,0,144,0,4,70,1
3.785000,0.00,28.000,16.820,335,335,0.000,0,0,0.000,39.000,55.000,0,0,0,160,285,285,0,0,0,0,0,144,0,4,70,1
3.790000,0.00,28.000,16.820,335,335,0.000,0,0,0.000,39.000,55.000,0,0,0,160,285,285,0,0,0,0,0,144,0,4,70,1
3.795000,0.00,28.000,16.820,335,335,0.000,0,0,0.000,39.000,55.000,0,0,0,160,285,285,0,0,0,0,0,144,0,4,70,1
3.800000,0.00,28.000,16.820,335,335,0.000,0,0,0.000,39.000,55.000,0,0,0,160,285,285,0,0,0,0,0,144,0,4,70,1
3.805000,0.00,28.000,16.820,335,335,0.000,0,0,0.000,39.000,55.000,0,0,0,160,285,285,0,0,0,0,0,144,0,4,70,1
3.810000,0.00,28.000,16.820,335,335,0.000,0,0,0.000,39.000,55.000,0,0,0,160,285,285,0,0,0,0,0,144,0,4,70,1
3.815000,0.00,28.000,16.820,335,335,0.000,0,0,0.000,39.000,55.000,0,0,0,160,285,285,0,0,0,0,0,144,0,4,70,1
3.820000,0.00,28.000,16.820,335,335,0.000,0,0,0.000,39.000,55.000,0,0,0,160,285,285,0,0,0,0,0,144,0,4,70,1
3.825000,0.00,28.000,16.820,335,335,0.000,0,0,0.000,39.000,55.000,0,0,0,160,285,285,0,0,0,0,0,144,0,4,70,1
3.830000,0.00,28.000,16.820,335,335,0.000,0,0,0.000,39.000,55.000,0,0,0,160,285,285,0,0,0,0,0,144,0,4,70,1
3.835000,0.00,28.000,16.820,335,335,0.000,0,0,0.000,39.000,55.000,0,0,0,160,285,285,0,0,0,0,0,144,0,4,70,1
3.840000,0.00,28.000,16.820,335,335,0.000,0,0,0.000,39.000,55.000,0,0,0,160,285,285,0,0,0,0,0,144,0,4,70,1
3.845000,0.00,28.000,16.820,335,335,0.000,0,0,0.000,39.000,55.000,0,0,0,160,285,285,0,0,0,0,0,144,0,4,70,1
3.850000,0.00,28.000,16.820,335,335,0.000,0,0,0.000,39.000,55.000,0,0,0,160,285,285,0,0,0,0,0,144,0,4,70,1
3.855000,0.00,28.000,16.820,335,335,0.000,0,0,0.000,39.000,55.000,0,0,0,160,285,285,0,0,0,0,0,144,0,4,70,1
3.860000,0.00,28.000,16.820,335,335,0.000,0,0,0.000,39.000,55.000,0,0,0,160,285,285,0,0,0,0,0,144,0,4,70,1
3.865000,0.00,28.000,16.820,335,335,0.000,0,0,0.000,39.000,55.000,0,0,0,160,285,285,0,0,0,0,0,144,0,4,70,1
3.870000,0.00,28.000,16.820,335,335,0.000,0,0,0.000,39.000,55.000,0,0,0,160,285,285,0,0,0,0,0,144,0,4,70,1
3.875000,0.00,28.000,16.820,335,335,0.000,0,0,0.000,39.000,55.000,0,0,0,160,285,285,0,0,0,0,0,144,0,4,70,1
3.880000,0.00,28.000,16.820,335,335,0.000,0,0,0.000,39.000,55.000,0,0,0,160,285,285,0,0,0,0,0,144,0,4,70,1
3.885000,0.00,28.000,16.820,335,335,0.000,0,0,0.000,39.000,55.000,0,0,0,160,285,285,0,0,0,0,0,144,0,4,70,1
3.890000,0.00,28.000,16.820,335,335,0.000,0,0,0.000,39.000,55.000,0,0,0,160,285,285,0,0,0,0,0,144,0,4,70,1
3.895000,0.00,28.000,16.820,335,335,0.000,0,0,0.000,39.000,55.000,0,0,0,160,285,285,0,0,0,0,0,144,0,4,70,1
3.900000,0.00,28.000,16.820,335,335,0.000,0,0,0.000,39.000,55.000,0,0,0,160,285,285,0,0,0,0,0,144,0,4,70,1
3.905000,0.00,28.000,16.820,335,335,0.000,0,0,0.000,39.000,55.000,0,0,0,160,285,285,0,0,0,0,0,144,0,4,70,1
3.910000,0.00,28.000,16.820,335,335,0.000,0,0,0.000,39.000,55.000,0,0,0,160,285,285,0,0,0,0,0,144,0,4,70,1
3.915000,0.00,28.000,16.820,335,335,0.000,0,0,0.000,39.000,55.000,0,0,0,160,285,285,0,0,0,0,0,144,0,4,70,1
3.920000,0.00,28.000,16.820,335,335,0.000,0,0,0.000,39.000,55.000,0,0,0,160,285,285,0,0,0,0,0,144,0,4,70,1
3.925000,0.00,28.000,16.820,335,335,0.000,0,0,0.000,39.000,55.000,0,0,0,160,285,285,0,0,0,0,0,144,0,4,70,1
3.930000,0.00,28.000,16.820,335,335,0.000,0,0,0.000,39.000,55.000,0,0,0,160,285,285,0,0,0,0,0,144,0,4,70,1
3.935000,0.00,28.000,16.820,335,335,0.000,0,0,0.000,39.000,55.000,0,0,0,160,285,285,0,0,0,0,0,144,0,4,70,1
3.940000,0.00,28.000,16.820,335,335,0.000,0,0,0.000,39.000,55.000,0,0,0,160,285,285,0,0,0,0,0,144,0,4,70,1
3.945000,0.00,28.000,16.820,335,335,0.000,0,0,0.000,39.000,55.000,0,0,0,160,285,285,0,0,0,0,0,144,0,4,70,1
3.950000,0.00,28.000,16.820,335,335,0.000,0,0,0.000,39.000,55.000,0,0,0,160,285,285,0,0,0,0,0,144,0,4,70,1
3.955000,0.00,28.000,16.820,335,335,0.000,0,0,0.000,39.000,55.000,0,0,0,160,285,285,0,0,0,0,0,144,0,4,70,1
3.960000,0.00,28.000,16.820,335,335,0.000,0,0,0.000,39.000,55.000,0,0,0,160,285,285,0,0,0,0,0,144,0,4,70,1
3.965000,0.00,28.000,16.820,335,335,0.000,0,0,0.000,39.000,55.000,0,0,0,160,285,285,0,0,0,0,0,144,0,4,70,1
3.970000,0.00,28.000,16.820,335,335,0.000,0,0,0.000,39.000,55.000,0,0,0,160,285,285,0,0,0,0,0,144,0,4,70,1
3.975000,0.00,28.000,16.820,335,335,0.000,0,0,0.000,39.000,55.000,0,0,0,160,285,285,0,0,0,0,0,144,0,4,70,1
3.980000,0.00,28.000,16.820,335,335,0.000,0,0,0.000,39.000,55.000,0,0,0,160,285,285,0,0,0,0,0,144,0,4,70,1
3.985000,0.00,28.000,16.820,335,335,0.000,0,0,0.000,39.000,55.000,0,0,0,160,285,285,0,0,0,0,0,144,0,4,70,1
3.990000,0.00,28.000,16.820,335,335,0.000,0,0,0.000,39.000,55.000,0,0,0,160,285,285,0,0,0,0,0,144,0,4,70,1
3.995000,0.00,28.000,16.820,335,335,0.000,0,0,0.000,39.000,55.000,0,0,0,160,285,285,0,0,0,0,0,144,0,4,70,1
4.000000,0.00,28.000,16.820,335,335,0.000,0,0,0.000,39.000,55.000,0,0,0,160,285,285,0,0,0,0,0,144,0,4,70,1
4.005000,0.00,28.000,16.820,335,335,0.000,0,0,0.000,39.000,55.000,0,0,0,160,285,285,0,0,0,0,0,144,0,4,70,1
4.010000,0.00,28.000,16.820,335,335,0.000,0,0,0.000,39.000,55.000,0,0,0,160,285,285,0,0,0,0,0,144,0,4,70,1
4.015000,0.00,28.000,16.820,335,335,0.000,0,0,0.000,39.000,55.000,0,0,0,160,285,285,0,0,0,0,0,144,0,4,70,1
4.020000,0.00,28.000,16.820,335,335,0.000,0,0,0.000,39.000,55.000,0,0,0,160,285,285,0,0,0,0,0,144,0,4,70,1
4.025000,0.00,28.000,16.820,335,335,0.000,0,0,0.000,39.000,55.000,0,0,0,160,285,285,0,0,0,0,0,144,0,4,70,1
4.030000,0.00,28.000,16.820,335,335,0.000,0,0,0.000,39.000,55.000,0,0,0,160,285,285,0,0,0,0,0,144,0,4,70,1
4.035000,0.00,28.000,16.820,335,335,0.000,0,0,0.000,39.000,55.000,0,0,0,160,285,285,0,0,0,0,0,144,0,4,70,1
4.040000,0.00,28.000,16.820,335,335,0.000,0,0,0.000,39.000,55.000,0,0,0,160,285,285,0,0,0,0,0,144,0,4,70,1
4.045000,0.00,28.000,16.820,335,335,0.000,0,0,0.000,39.000,55.000,0,0,0,160,285,285,0,0,0,0,0,144,0,4,70,1
4.050000,0.00,28.000,16.820,335,335,0.000,0,0,0.000,39.000,55.000,0,0,0,160,285,285,0,0,0,0,0,144,0,4,70,1
4.055000,0.00,28.000,16.820,335,335,0.000,0,0,0.000,39.000,55.000,0,0,0,160,285,285,0,0,0,0,0,144,0,4,70,1
4.060000,0.00,28.000,16.820,335,335,0.000,0,0,0.000,39.000,55.000,0,0,0,160,285,285,0,0,0,0,0,144,0,4,70,1
4.065000,0.00,28.000,16.820,335,335,0.000,0,0,0.000,39.000,55.000,0,0,0,160,285,285,0,0,0,0,0,144,0,4,70,1
4.070000,0.00,28.000,16.820,335,335,0.000,0,0,0.000,39.000,55.000,0,0,0,160,285,285,0,0,0,0,0,144,0,4,70,1
4.075000,0.00,28.000,16.820,335,335,0.000,0,0,0.000,39.000,55.000,0,0,0,160,285,285,0,0,0,0,0,144,0,4,70,1
4.080000,0.00,28.000,16.820,335,335,0.000,0,0,0.000,39.000,55.000,0,0,0,160,285,285,0,0,0,0,0,144,0,4,70,1
4.085000,0.00,28.000,16.820,335,335,0.000,0,0,0.000,39.000,55.000,0,0,0,160,285,285,0,0,0,0,0,144,0,4,70,1
4.090000,0.00,28.000,16.820,335,335,0.000,0,0,0.000,39.000,55.000,0,0,0,160,285,285,0,0,0,0,0,144,0,4,70,1
4.095000,0.00,28.000,16.820,335,335,0.000,0,0,0.000,39.000,55.000,0,0,0,160,285,285,0,0,0,0,0,144,0,4,70,1
4.100000,0.00,28.000,16.820,335,335,0.000,0,0,0.000,39.000,55.000,0,0,0,160,285,285,0,0,0,0,0,144,0,4,70,1
4.105000,0.00,28.000,16.820,335,335,0.000,0,0,0.000,39.000,55.000,0,0,0,160,285,285,0,0,0,0,0,144,0,4,70,1
4.110000,0.00,28.000,16.820,335,335,0.000,0,0,0.000,39.000,55.000,0,0,0,160,285,285,0,0,0,0,0,144,0,4,70,1
4.115000,0.00,28.000,16.820,335,335,0.000,0,0,0.000,39.000,55.000,0,0,0,160,285,285,0,0,0,0,0,144,0,4,70,1
4.120000,0.00,28.000,16.820,335,335,0.000,0,0,0.000,39.000,55.000,0,0,0,160,285,285,0,0,0,0,0,144,0,4,70,1
4.125000,0.00,28.000,16.820,335,335,0.000,0,0,0.000,39.000,55.000,0,0,0,160,285,285,0,0,0,0,0,144,0,4,70,1
4.130000,0.00,28.000,16.820,335,335,0.000,0,0,0.000,39.000,55.000,0,0,0,160,285,285,0,0,0,0,0,144,0,4,70,1
4.135000,0.00,28.000,16.820,335,335,0.000,0,0,0.000,39.000,55.000,0,0,0,160,285,285,0,0,0,0,0,144,0,4,70,1
4.140000,0.00,28.000,16.820,335,335,0.000,0,0,0.000,39.000,55.000,0,0,0,160,285,285,0,0,0,0,0,144,0,4,70,1
4.145000,0.00,28.000,16.820,335,335,0.000,0,0,0.000,39.000,55.000,0,0,0,160,285,285,0,0,0,0,0,144,0,4,70,1
4.150000,0.00,28.000,16.820,335,335,0.000,0,0,0.000,39.000,55.000,0,0,0,160,285,285,0,0,0,0,0,144,0,4,70,1
4.155000,0.00,28.000,16.820,335,335,0.000,0,0,0.000,39.000,55.000,0,0,0,160,285,285,0,0,0,0,0,144,0,4,70,1
4.160000,0.00,28.000,16.820,335,335,0.000,0,0,0.000,39.000,55.000,0,0,0,160,285,285,0,0,0,0,0,144,0,4,70,1
4.165000,0.00,28.000,16.820,335,335,0.000,0,0,0.000,39.000,55.000,0,0,0,160,285,285,0,0,0,0,0,144,0,4,70,1
4.170000,0.00,28.000,16.820,335,335,0.000,0,0,0.000,39.000,55.000,0,0,0,160,285,285,0,0,0,0,0,144,0,4,70,1
4.175000,0.00,28.000,16.820,335,335,0.000,0,0,0.000,39.000,55.000,0,0,0,160,285,285,0,0,0,0,0,144,0,4,70,1
4.180000,0.00,28.000,16.820,335,335,0.000,0,0,0.000,39.000,55.000,0,0,0,160,285,285,0,0,0,0,0,144,0,4,70,1
4.185000,0.00,28.000,16.820,335,335,0.000,0,0,0.000,39.000,55.000,0,0,0,160,285,285,0,0,0,0,0,144,0,4,70,1
4.190000,0.00,28.000,16.820,335,335,0.000,0,0,0.000,39.000,55.000,0,0,0,160,285,285,0,0,0,0,0,144,0,4,70,1
4.195000,0.00,28.000,16.820,335,335,0.000,0,0,0.000,39.000,55.000,0,0,0,160,285,285,0,0,0,0,0,144,0,4,70,1
4.200000,0.00,28.000,16.820,335,335,0.000,0,0,0.000,39.000,55.000,0,0,0,160,285,285,0,0,0,0,0,144,0,4,70,1
4.205000,0.00,28.000,16.820,335,335,0.000,0,0,0.000,39.000,55.000,0,0,0,160,285,285,0,0,0,0,0,144,0,4,70,1
4.210000,0.00,28.000,16.820,335,335,0.000,0,0,0.000,39.000,55.000,0,0,0,160,285,285,0,0,0,0,0,144,0,4,70,1
4.215000,0.00,28.000,16.820,335,335,0.000,0,0,0.000,39.000,55.000,0,0,0,160,285,285,0,0,0,0,0,144,0,4,70,1
4.220000,0.00,28.000,16.820,335,335,0.000,0,0,0.000,39.000,55.000,0,0,0,160,285,285,0,0,0,0,0,144,0,4,70,1
4.225000,0.00,28.000,16.820,335,335,0.000,0,0,0.000,39.000,55.000,0,0,0,160,285,285,0,0,0,0,0,144,0,4,70,1
4.230000,0.00,28.000,16.820,335,335,0.000,0,0,0.000,39.000,55.000,0,0,0,160,285,285,0,0,0,0,0,144,0,4,70,1
4.235000,0.00,28.000,16.820,335,335,0.000,0,0,0.000,39.000,55.000,0,0,0,160,285,285,0,0,0,0,0,144,0,4,70,1
4.240000,0.00,28.000,16.820,335,335,0.000,0,0,0.000,39.000,55.000,0,0,0,160,285,285,0,0,0,0,0,144,0,4,70,1
4.245000,0.00,28.000,16.820,335,335,0.000,0,0,0.000,39.000,55.000,0,0,0,160,285,285,0,0,0,0,0,144,0,4,70,1
4.250000,0.00,28.000,16.820,335,335,0.000,0,0,0.000,39.000,55.000,0,0,0,160,285,285,0,0,0,0,0,144,0,4,70,1
4.255000,0.00,28.000,16.820,335,335,0.000,0,0,0.000,39.000,55.000,0,0,0,160,285,285,0,0,0,0,0,144,0,4,70,1
4.260000,0.00,28.000,16.820,335,335,0.000,0,0,0.000,39.000,55.000,0,0,0,160,285,285,0,0,0,0,0,144,0,4,70,1
4.265000,0.00,28.000,16.820,335,335,0.000,0,0,0.000,39.000,55.000,0,0,0,160,285,285,0,0,0,0,0,144,0,4,70,1
4.270000,0.00,28.000,16.820,335,335,0.000,0,0,0.000,39.000,55.000,0,0,0,160,285,285,0,0,0,0,0,144,0,4,70,1
4.275000,0.00,28.000,16.820,335,335,0.000,0,0,0.000,39.000,55.000,0,0,0,160,285,285,0,0,0,0,0,144,0,4,70,1
4.280000,0.00,28.000,16.820,335,335,0.000,0,0,0.000,39.000,55.000,0,0,0,160,285,285,0,0,0,0,0,144,0,4,70,1
4.285000,0.00,28.000,16.820,335,335,0.000,0,0,0.000,39.000,55.000,0,0,0,160,285,285,0,0,0,0,0,144,0,4,70,1
4.290000,0.00,28.000,16.820,335,335,0.000,0,0,0.000,39.000,55.000,0,0,0,160,285,285,0,0,0,0,0,144,0,4,70,1
4.295000,0.00,28.000,16.820,335,335,0.000,0,0,0.000,39.000,55.000,0,0,0,160,285,285,0,0,0,0,0,144,0,4,70,1
4.300000,0.00,28.000,16.820,335,335,0.000,0,0,0.000,39.000,55.000,0,0,0,160,285,285,0,0,0,0,0,144,0,4,70,1
4.305000,0.00,28.000,16.820,335,335,0.000,0,0,0.000,39.000,55.000,0,0,0,160,285,285,0,0,0,0,0,144,0,4,70,1
4.310000,0.00,28.000,16.820,335,335,0.000,0,0,0.000,39.000,55.000,0,0,0,160,285,285,0,0,0,0,0,144,0,4,70,1
4.315000,0.00,28.000,16.820,335,335,0.000,0,0,0.000,39.000,55.000,0,0,0,160,285,285,0,0,0,0,0,144,0,4,70,1
4.320000,0.00,28.000,16.820,335,335,0.000,0,0,0.000,39.000,55.000,0,0,0,160,285,285,0,0,0,0,0,144,0,4,70,1
4.325000,0.00,28.000,16.820,335,335,0.000,0,0,0.000,39.000,55.000,0,0,0,160,285,285,0,0,0,0,0,144,0,4,70,1
4.330000,0.00,28.000,16.820,335,335,0.000,0,0,0.000,39.000,55.000,0,0,0,160,285,285,0,0,0,0,0,144,0,4,70,1
4.335000,0.00,28.000,16.820,335,335,0.000,0,0,0.000,39.000,55.000,0,0,0,160,285,285,0,0,0,0,0,144,0,4,70,1
4.340000,0.00,28.000,16.820,335,335,0.000,0,0,0.000,39.000,55.000,0,0,0,160,285,285,0,0,0,0,0,144,0,4,70,1
4.345000,0.00,28.000,16.820,335,335,0.000,0,0,0.000,39.000,55.000,0,0,0,160,285,285,0,0,0,0,0,144,0,4,70,1
4.350000,0.00,28.000,16.820,335,335,0.000,0,0,0.000,39.000,55.000,0,0,0,160,285,285,0,0,0,0,0,144,0,4,70,1
4.355000,0.00,28.000,16.820,335,335,0.000,0,0,0.000,39.000,55.000,0,0,0,160,285,285,0,0,0,0,0,144,0,4,70,1
4.360000,0.00,28.000,16.820,335,335,0.000,0,0,0.000,39.000,55.000,0,0,0,160,285,285,0,0,0,0,0,144,0,4,70,1
4.365000,0.00,28.000,16.820,335,335,0.000,0,0,0.000,39.000,55.000,0,0,0,160,285,285,0,0,0,0,0,144,0,4,70,1
4.370000,0.00,28.000,16.820,335,335,0.000,0,0,0.000,39.000,55.000,0,0,0,160,285,285,0,0,0,0,0,144,0,4,70,1
4.375000,0.00,28.000,16.820,335,335,0.000,0,0,0.000,39.000,55.000,0,0,0,160,285,285,0,0,0,0,0,144,0,4,70,1
4.380000,0.00,28.000,16.820,335,335,0.000,0,0,0.000,39.000,55.000,0,0,0,160,285,285,0,0,0,0,0,144,0,4,70,1
4.385000,0.00,28.000,16.820,335,335,0.000,0,0,0.000,39.000,55.000,0,0,0,160,285,285,0,0,0,0,0,144,0,4,70,1
4.390000,0.00,28.000,16.820,335,335,0.000,0,0,0.000,39.000,55.000,0,0,0,160,285,285,0,0,0,0,0,144,0,4,70,1
4.395000,0.00,28.000,16.820,335,335,0.000,0,0,0.000,39.000,55.000,0,0,0,160,285,285,0,0,0,0,0,144,0,4,70,1
4.400000,0.00,28.000,16.820,335,335,0.000,0,0,0.000,39.000,55.000,0,0,0,160,285,285,0,0,0,0,0,144,0,4,70,1
4.405000,0.00,28.000,16.820,335,335,0.000,0,0,0.000,39.000,55.000,0,0,0,160,285,285,0,0,0,0,0,144,0,4,70,1
4.410000,0.00,28.000,16.820,335,335,0.000,0,0,0.000,39.000,55.000,0,0,0,160,285,285,0,0,0,0,0,144,0,4,70,1
4.415000,0.00,28.000,16.820,335,335,0.000,0,0,0.000,39.000,55.000,0,0,0,160,285,285,0,0,0,0,0,144,0,4,70,1
4.420000,0.00,28.000,16.820,335,335,0.000,0,0,0.000,39.000,55.000,0,0,0,160,285,285,0,0,0,0,0,144,0,4,70,1
4.425000,0.00,28.000,16.820,335,335,0.000,0,0,0.000,39.000,55.000,0,0,0,160,285,285,0,0,0,0,0,144,0,4,70,1
4.430000,0.00,28.000,16.820,335,335,0.000,0,0,0.000,39.000,55.000,0,0,0,160,285,285,0,0,0,0,0,144,0,4,70,1
4.435000,0.00,28.000,16.820,335,335,0.000,0,0,0.000,39.000,55.000,0,0,0,160,285,285,0,0,0,0,0,144,0,4,70,1
4.440000,0.00,28.000,16.820,335,335,0.000,0,0,0.000,39.000,55.000,0,0,0,160,285,285,0,0,0,0,0,144,0,4,70,1
4.445000,0.00,28.000,16.820,335,335,0.000,0,0,0.000,39.000,55.000,0,0,0,160,285,285,0,0,0,0,0,144,0,4,70,1
4.450000,0.00,28.000,16.820,335,335,0.000,0,0,0.000,39.000,55.000,0,0,0,160,285,285,0,0,0,0,0,144,0,4,70,1
4.455000,0.00,28.000,16.820,335,335,0.000,0,0,0.000,39.000,55.000,0,0,0,160,285,285,0,0,0,0,0,144,0,4,70,1
4.460000,0.00,28.000,16.820,335,335,0.000,0,0,0.000,39.000,55.000,0,0,0,160,285,285,0,0,0,0,0,144,0,4,70,1
4.465000,0.00,28.000,16.820,335,335,0.000,0,0,0.000,39.000,55.000,0,0,0,160,285,285,0,0,0,0,0,144,0,4,70,1
4.470000,0.00,28.000,16.820,335,335,0.000,0,0,0.000,39.000,55.000,0,0,0,160,285,285,0,0,0,0,0,144,0,4,70,1
4.475000,0.00,28.000,16.820,335,335,0.000,0,0,0.000,39.000,55.000,0,0,0,160,285,285,0,0,0,0,0,144,0,4,70,1
4.480000,0.00,28.000,16.820,335,335,0.000,0,0,0.000,39.000,55.000,0,0,0,160,285,285,0,0,0,0,0,144,0,4,70,1
4.485000,0.00,28.000,16.820,335,335,0.000,0,0,0.000,39.000,55.000,0,0,0,160,285,285,0,0,0,0,0,144,0,4,70,1
4.490000,0.00,28.000,16.820,335,335,0.000,0,0,0.000,39.000,55.000,0,0,0,160,285,285,0,0,0,0,0,144,0,4,70,1
4.495000,0.00,28.000,16.820,335,335,0.000,0,0,0.000,39.000,55.000,0,0,0,160,285,285,0,0,0,0,0,144,0,4,70,1
4.500000,0.00,28.000,16.820,335,335,0.000,0,0,0.000,39.000,55.000,0,0,0,160,285,285,0,0,0,0,0,144,0,4,70,1
4.505000,0.00,28.000,16.820,335,335,0.000,0,0,0.000,39.000,55.000,0,0,0,160,285,285,0,0,0,0,0,144,0,4,70,1
4.510000,0.00,28.000,16.820,335,335,0.000,0,0,0.000,39.000,55.000,0,0,0,160,285,285,0,0,0,0,0,144,0,4,70,1
4.515000,0.00,28.000,16.820,335,335,0.000,0,0,0.000,39.000,55.000,0,0,0,160,285,285,0,0,0,0,0,144,0,4,70,1
4.520000,0.00,28.000,16.820,335,335,0.000,0,0,0.000,39.000,55.000,0,0,0,160,285,285,0,0,0,0,0,144,0,4,70,1
4.525000,0.00,28.000,16.820,335,335,0.000,0,0,0.000,39.000,55.000,0,0,0,160,285,285,0,0,0,0,0,144,0,4,70,1
4.530000,0.00,28.000,16.820,335,335,0.000,0,0,0.000,39.000,55.000,0,0,0,160,285,285,0,0,0,0,0,144,0,4,70,1
4.535000,0.00,28.000,16.820,335,335,0.000,0,0,0.000,39.000,55.000,0,0,0,160,285,285,0,0,0,0,0,144,0,4,70,1
4.540000,0.00,28.000,16.820,335,335,0.000,0,0,0.000,39.000,55.000,0,0,0,160,285,285,0,0,0,0,0,144,0,4,70,1
4.545000,0.00,28.000,16.820,335,335,0.000,0,0,0.000,39.000,55.000,0,0,0,160,285,285,0,0,0,0,0,144,0,4,70,1
4.550000,0.00,28.000,16.820,335,335,0.000,0,0,0.000,39.000,55.000,0,0,0,160,285,285,0,0,0,0,0,144,0,4,70,1
4.555000,0.00,28.000,16.820,335,335,0.000,0,0,0.000,39.000,55.000,0,0,0,160,285,285,0,0,0,0,0,144,0,4,70,1
4.560000,0.00,28.000,16.820,335,335,0.000,0,0,0.000,39.000,55.000,0,0,0,160,285,285,0,0,0,0,0,144,0,4,70,1
4.565000,0.00,28.000,16.820,335,335,0.000,0,0,0.000,39.000,55.000,0,0,0,160,285,285,0,0,0,0,0,144,0,4,70,1
4.570000,0.00,28.000,16.820,335,335,0.000,0,0,0.000,39.000,55.000,0,0,0,160,285,285,0,0,0,0,0,144,0,4,70,1
4.575000,0.00,28.000,16.820,335,335,0.000,0,0,0.000,39.000,55.000,0,0,0,160,285,285,0,0,0,0,0,144,0,4,70,1
4.580000,0.00,28.000,16.820,335,335,0.000,0,0,0.000,39.000,55.000,0,0,0,160,285,285,0,0,0,0,0,144,0,4,70,1
4.585000,0.00,28.000,16.820,335,335,0.000,0,0,0.000,39.000,55.000,0,0,0,160,285,285,0,0,0,0,0,144,0,4,70,1
4.590000,0.00,28.000,16.820,335,335,0.000,0,0,0.000,39.000,55.000,0,0,0,160,285,285,0,0,0,0,0,144,0,4,70,1
4.595000,0.00,28.000,16.820,335,335,0.000,0,0,0.000,39.000,55.000,0,0,0,160,285,285,0,0,0,0,0,144,0,4,70,1
4.600000,0.00,28.000,16.820,335,335,0.000,0,0,0.000,39.000,55.000,0,0,0,160,285,285,0,0,0,0,0,144,0,4,70,1
4.605000,0.00,28.000,16.820,335,335,0.000,0,0,0.000,39.000,55.000,0,0,0,160,285,285,0,0,0,0,0,144,0,4,70,1
4.610000,0.00,28.000,16.820,335,335,0.000,0,0,0.000,39.000,55.000,0,0,0,160,285,285,0,0,0,0,0,144,0,4,70,1
4.615000,0.00,28.000,16.820,335,335,0.000,0,0,0.000,39.000,55.000,0,0,0,160,285,285,0,0,0,0,0,144,0,4,70,1
4.620000,0.00,28.000,16.820,335,335,0.000,0,0,0.000,39.000,55.000,0,0,0,160,285,285,0,0,0,0,0,144,0,4,70,1
4.625000,0.00,28.000,16.820,335,335,0.000,0,0,0.000,39.000,55.000,0,0,0,160,285,285,0,0,0,0,0,144,0,4,70,1
4.630000,0.00,28.000,16.820,335,335,0.000,0,0,0.000,39.000,55.000,0,0,0,160,285,285,0,0,0,0,0,144,0,4,70,1
4.635000,0.00,28.000,16.820,335,335,0.000,0,0,0.000,39.000,55.000,0,0,0,160,285,285,0,0,0,0,0,144,0,4,70,1
4.640000,0.00,28.000,16.820,335,335,0.000,0,0,0.000,39.000,55.000,0,0,0,160,285,285,0,0,0,0,0,144,0,4,70,1
4.645000,0.00,28.000,16.820,335,335,0.000,0,0,0.000,39.000,55.000,0,0,0,160,285,285,0,0,0,0,0,144,0,4,70,1
4.650000,0.00,28.000,16.820,335,335,0.000,0,0,0.000,39.000,55.000,0,0,0,160,285,285,0,0,0,0,0,144,0,4,70,1
4.655000,0.00,28.000,16.820,335,335,0.000,0,0,0.000,39.000,55.000,0,0,0,160,285,285,0,0,0,0,0,144,0,4,70,1
4.660000,0.00,28.000,16.820,335,335,0.000,0,0,0.000,39.000,55.000,0,0,0,160,285,285,0,0,0,0,0,144,0,4,70,1
4.665000,0.00,28.000,16.820,335,335,0.000,0,0,0.000,39.000,55.000,0,0,0,160,285,285,0,0,0,0,0,144,0,4,70,1
4.670000,0.00,28.000,16.820,335,335,0.000,0,0,0.000,39.000,55.000,0,0,0,160,285,285,0,0,0,0,0,144,0,4,70,1
4.675000,0.00,28.000,16.820,335,335,0.000,0,0,0.000,39.000,55.000,0,0,0,160,285,285,0,0,0,0,0,144,0,4,70,1
4.680000,0.00,28.000,16.820,335,335,0.000,0,0,0.000,39.000,55.000,0,0,0,160,285,285,0,0,0,0,0,144,0,4,70,1
4.685000,0.00,28.000,16.820,335,335,0.000,0,0,0.000,39.000,55.000,0,0,0,160,285,285,0,0,0,0,0,144,0,4,70,1
4.690000,0.00,28.000,16.820,335,335,0.000,0,0,0.000,39.000,55.000,0,0,0,160,285,285,0,0,0,0,0,144,0,4,70,1
4.695000,0.00,28.000,16.820,335,335,0.000,0,0,0.000,39.000,55.000,0,0,0,160,285,285,0,0,0,0,0,144,0,4,70,1
4.700000,0.00,28.000,16.820,335,335,0.000,0,0,0.000,39.000,55.000,0,0,0,160,285,285,0,0,0,0,0,144,0,4,70,1
4.705000,0.00,28.000,16.820,335,335,0.000,0,0,0.000,39.000,55.000,0,0,0,160,285,285,0,0,0,0,0,144,0,4,70,1
4.710000,0.00,28.000,16.820,335,335,0.000,0,0,0.000,39.000,55.000,0,0,0,160,285,285,0,0,0,0,0,144,0,4,70,1
4.715000,0.00,28.000,16.820,335,335,0.000,0,0,0.000,39.000,55.000,0,0,0,160,285,285,0,0,0,0,0,144,0,4,70,1
4.720000,0.00,28.000,16.820,335,335,0.000,0,0,0.000,39.000,55.000,0,0,0,160,285,285,0,0,0,0,0,144,0,4,70,1
4.725000,0.00,28.000,16.820,335,335,0.000,0,0,0.000,39.000,55.000,0,0,0,160,285,285,0,0,0,0,0,144,0,4,70,1
4.730000,0.00,28.000,16.820,335,335,0.000,0,0,0.000,39.000,55.000,0,0,0,160,285,285,0,0,0,0,0,144,0,4,70,1
4.735000,0.00,28.000,16.820,335,335,0.000,0,0,0.000,39.000,55.000,0,0,0,160,285,285,0,0,0,0,0,144,0,4,70,1
4.740000,0.00,28.000,16.820,335,335,0.000,0,0,0.000,39.000,55.000,0,0,0,160,285,285,0,0,0,0,0,144,0,4,70,1
4.745000,0.00,28.000,16.820,335,335,0.000,0,0,0.000,39.000,55.000,0,0,0,160,285,285,0,0,0,0,0,144,0,4,70,1
4.750000,0.00,28.000,16.820,335,335,0.000,0,0,0.000,39.000,55.000,0,0,0,160,285,285,0,0,0,0,0,144,0,4,70,1
4.755000,0.00,28.000,16.820,335,335,0.000,0,0,0.000,39.000,55.000,0,0,0,160,285,285,0,0,0,0,0,144,0,4,70,1
4.760000,0.00,28.000,16.820,335,335,0.000,0,0,0.000,39.000,55.000,0,0,0,160,285,285,0,0,0,0,0,144,0,4,70,1
4.765000,0.00,28.000,16.820,335,335,0.000,0,0,0.000,39.000,55.000,0,0,0,160,285,285,0,0,0,0,0,144,0,4,70,1
4.770000,0.00,28.000,16.820,335,335,0.000,0,0,0.000,39.000,55.000,0,0,0,160,285,285,0,0,0,0,0,144,0,4,70,1
4.775000,0.00,28.000,16.820,335,335,0.000,0,0,0.000,39.000,55.000,0,0,0,160,285,285,0,0,0,0,0,144,0,4,70,1
4.780000,0.00,28.000,16.820,335,335,0.000,0,0,0.000,39.000,55.000,0,0,0,160,285,285,0,0,0,0,0,144,0,4,70,1
4.785000,0.00,28.000,16.820,335,335,0.000,0,0,0.000,39.000,55.000,0,0,0,160,285,285,0,0,0,0,0,144,0,4,70,1
4.790000,0.00,28.000,16.820,335,335,0.000,0,0,0.000,39.000,55.000,0,0,0,160,285,285,0,0,0,0,0,144,0,4,70,1
4.795000,0.00,28.000,16.820,335,335,0.000,0,0,0.000,39.000,55.000,0,0,0,160,285,285,0,0,0,0,0,144,0,4,70,1
4.800000,0.00,28.000,16.820,335,335,0.000,0,0,0.000,39.000,55.000,0,0,0,160,285,285,0,0,0,0,0,144,0,4,70,1
4.805000,0.00,28.000,16.820,335,335,0.000,0,0,0.000,39.000,55.000,0,0,0,160,285,285,0,0,0,0,0,144,0,4,70,1
4.810000,0.00,28.000,16.820,335,335,0.000,0,0,0.000,39.000,55.000,0,0,0,160,285,285,0,0,0,0,0,144,0,4,70,1
4.815000,0.00,28.000,16.820,335,335,0.000,0,0,0.000,39.000,55.000,0,0,0,160,285,285,0,0,0,0,0,144,0,4,70,1
4.820000,0.00,28.000,16.820,335,335,0.000,0,0,0.000,39.000,55.000,0,0,0,160,285,285,0,0,0,0,0,144,0,4,70,1
4.825000,0.00,28.000,16.820,335,335,0.000,0,0,0.000,39.000,55.000,0,0,0,160,285,285,0,0,0,0,0,144,0,4,70,1
4.830000,0.00,28.000,16.820,335,335,0.000,0,0,0.000,39.000,55.000,0,0,0,160,285,285,0,0,0,0,0,144,0,4,70,1
4.835000,0.00,28.000,16.820,335,335,0.000,0,0,0.000,39.000,55.000,0,0,0,160,285,285,0,0,0,0,0,144,0,4,70,1
4.840000,0.00,28.000,16.820,335,335,0.000,0,0,0.000,39.000,55.000,0,0,0,160,285,285,0,0,0,0,0,144,0,4,70,1
4.845000,0.00,28.000,16.820,335,335,0.000,0,0,0.000,39.000,55.000,0,0,0,160,285,285,0,0,0,0,0,144,0,4,70,1
4.850000,0.00,28.000,16.820,335,335,0.000,0,0,0.000,39.000,55.000,0,0,0,160,285,285,0,0,0,0,0,144,0,4,70,1
4.855000,0.00,28.000,16.820,335,335,0.000,0,0,0.000,39.000,55.000,0,0,0,160,285,285,0,0,0,0,0,144,0,4,70,1
4.860000,0.00,28.000,16.820,335,335,0.000,0,0,0.000,39.000,55.000,0,0,0,160,285,285,0,0,0,0,0,144,0,4,70,1
4.865000,0.00,28.000,16.820,335,335,0.000,0,0,0.000,39.000,55.000,0,0,0,160,285,285,0,0,0,0,0,144,0,4,70,1
4.870000,0.00,28.000,16.820,335,335,0.000,0,0,0.000,39.000,55.000,0,0,0,160,285,285,0,0,0,0,0,144,0,4,70,1
4.875000,0.00,28.000,16.820,335,335,0.000,0,0,0.000,39.000,55.000,0,0,0,160,285,285,0,0,0,0,0,144,0,4,70,1
4.880000,0.00,28.000,16.820,335,335,0.000,0,0,0.000,39.000,55.000,0,0,0,160,285,285,0,0,0,0,0,144,0,4,70,1
4.885000,0.00,28.000,16.820,335,335,0.000,0,0,0.000,39.000,55.000,0,0,0,160,285,285,0,0,0,0,0,144,0,4,70,1
4.890000,0.00,28.000,16.820,335,335,0.000,0,0,0.000,39.000,55.000,0,0,0,160,285,285,0,0,0,0,0,144,0,4,70,1
4.895000,0.00,28.000,16.820,335,335,0.000,0,0,0.000,39.000,55.000,0,0,0,160,285,285,0,0,0,0,0,144,0,4,70,1
4.900000,0.00,28.000,16.820,335,335,0.000,0,0,0.000,39.000,55.000,0,0,0,160,285,285,0,0,0,0,0,144,0,4,70,1
4.905000,0.00,28.000,16.820,335,335,0.000,0,0,0.000,39.000,55.000,0,0,0,160,285,285,0,0,0,0,0,144,0,4,70,1
4.910000,0.00,28.000,16.820,335,335,0.000,0,0,0.000,39.000,55.000,0,0,0,160,285,285,0,0,0,0,0,144,0,4,70,1
4.915000,0.00,28.000,16.820,335,335,0.000,0,0,0.000,39.000,55.000,0,0,0,160,285,285,0,0,0,0,0,144,0,4,70,1
4.920000,0.00,28.000,16.820,335,335,0.000,0,0,0.000,39.000,55.000,0,0,0,160,285,285,0,0,0,0,0,144,0,4,70,1
4.925000,0.00,28.000,16.820,335,335,0.000,0,0,0.000,39.000,55.000,0,0,0,160,285,285,0,0,0,0,0,144,0,4,70,1
4.930000,0.00,28.000,16.820,335,335,0.000,0,0,0.000,39.000,55.000,0,0,0,160,285,285,0,0,0,0,0,144,0,4,70,1
4.935000,0.00,28.000,16.820,335,335,0.000,0,0,0.000,39.000,55.000,0,0,0,160,285,285,0,0,0,0,0,144,0,4,70,1
4.940000,0.00,28.000,16.820,335,335,0.000,0,0,0.000,39.000,55.000,0,0,0,160,285,285,0,0,0,0,0,144,0,4,70,1
4.945000,0.00,28.000,16.820,335,335,0.000,0,0,0.000,39.000,55.000,0,0,0,160,285,285,0,0,0,0,0,144,0,4,70,1
4.950000,0.00,28.000,16.820,335,335,0.000,0,0,0.000,39.000,55.000,0,0,0,160,285,285,0,0,0,0,0,144,0,4,70,1
4.955000,0.00,28.000,16.820,335,335,0.000,0,0,0.000,39.000,55.000,0,0,0,160,285,285,0,0,0,0,0,144,0,4,70,1
4.960000,0.00,28.000,16.820,335,335,0.000,0,0,0.000,39.000,55.000,0,0,0,160,285,285,0,0,0,0,0,144,0,4,70,1
4.965000,0.00,28.000,16.820,335,335,0.000,0,0,0.000,39.000,55.000,0,0,0,160,285,285,0,0,0,0,0,144,0,4,70,1
4.970000,0.00,28.000,16.820,335,335,0.000,0,0,0.000,39.000,55.000,0,0,0,160,285,285,0,0,0,0,0,144,0,4,70,1
4.975000,0.00,28.000,16.820,335,335,0.000,0,0,0.000,39.000,55.000,0,0,0,160,285,285,0,0,0,0,0,144,0,4,70,1
4.980000,0.00,28.000,16.820,335,335,0.000,0,0,0.000,39.000,55.000,0,0,0,160,285,285,0,0,0,0,0,144,0,4,70,1
4.985000,0.00,28.000,16.820,335,335,0.000,0,0,0.000,39.000,55.000,0,0,0,160,285,285,0,0,0,0,0,144,0,4,70,1
4.990000,0.00,28.000,16.820,335,335,0.000,0,0,0.000,39.000,55.000,0,0,0,160,285,285,0,0,0,0,0,144,0,4,70,1
4.995000,0.00,28.000,16.820,335,335,0.000,0,0,0.000,39.000,55.000,0,0,0,160,285,285,0,0,0,0,0,144,0,4,70,1
5.000000,0.00,28.000,16.820,335,335,0.000,0,0,0.000,39.000,55.000,0,0,0,160,285,285,0,0,0,0,0,144,0,4,70,1
5.005000,0.00,28.000,16.820,335,335,0.000,0,0,0.000,39.000,55.000,0,0,0,160,285,285,0,0,0,0,0,144,0,4,70,1
5.010000,0.00,28.000,16.820,335,335,0.000,0,0,0.000,39.000,55.000,0,0,0,160,285,285,0,0,0,0,0,144,0,4,70,1
5.015000,0.00,28.000,16.820,335,335,0.000,0,0,0.000,39.000,55.000,0,0,0,160,285,285,0,0,0,0,0,144,0,4,70,1
5.020000,0.00,28.000,16.820,335,335,0.000,0,0,0.000,39.000,55.000,0,0,0,160,285,285,0,0,0,0,0,144,0,4,70,1
5.025000,0.00,28.000,16.820,335,335,0.000,0,0,0.000,39.000,55.000,0,0,0,160,285,285,0,0,0,0,0,144,0,4,70,1
5.030000,0.00,28.000,16.820,335,335,0.000,0,0,0.000,39.000,55.000,0,0,0,160,285,285,0,0,0,0,0,144,0,4,70,1
5.035000,0.00,28.000,16.820,335,335,0.000,0,0,0.000,39.000,55.000,0,0,0,160,285,285,0,0,0,0,0,144,0,4,70,1
5.040000,0.00,28.000,16.820,335,335,0.000,0,0,0.000,39.000,55.000,0,0,0,160,285,285,0,0,0,0,0,144,0,4,70,1
5.045000,0.00,28.000,16.820,335,335,0.000,0,0,0.000,39.000,55.000,0,0,0,160,285,285,0,0,0,0,0,144,0,4,70,1
5.050000,0.00,28.000,16.820,335,335,0.000,0,0,0.000,39.000,55.000,0,0,0,160,285,285,0,0,0,0,0,144,0,4,70,1
5.055000,0.00,28.000,16.820,335,335,0.000,0,0,0.000,39.000,55.000,0,0,0,160,285,285,0,0,0,0,0,144,0,4,70,1
5.060000,0.00,28.000,16.820,335,335,0.000,0,0,0.000,39.000,55.000,0,0,0,160,285,285,0,0,0,0,0,144,0,4,70,1
5.065000,0.00,28.000,16.820,335,335,0.000,0,0,0.000,39.000,55.000,0,0,0,160,285,285,0,0,0,0,0,144,0,4,70,1
5.070000,0.00,28.000,16.820,335,335,0.000,0,0,0.000,39.000,55.000,0,0,0,160,285,285,0,0,0,0,0,144,0,4,70,1
5.075000,0.00,28.000,16.820,335,335,0.000,0,0,0.000,39.000,55.000,0,0,0,160,285,285,0,0,0,0,0,144,0,4,70,1
5.080000,0.00,28.000,16.820,335,335,0.000,0,0,0.000,39.000,55.000,0,0,0,160,285,285,0,0,0,0,0,144,0,4,70,1
5.085000,0.00,28.000,16.820,335,335,0.000,0,0,0.000,39.000,55.000,0,0,0,160,285,285,0,0,0,0,0,144,0,4,70,1
5.090000,0.00,28.000,16.820,335,335,0.000,0,0,0.000,39.000,55.000,0,0,0,160,285,285,0,0,0,0,0,144,0,4,70,1
5.095000,0.00,28.000,16.820,335,335,0.000,0,0,0.000,39.000,55.000,0,0,0,160,285,285,0,0,0,0,0,144,0,4,70,1
5.100000,0.00,28.000,16.820,335,335,0.000,0,0,0.000,39.000,55.000,0,0,0,160,285,285,0,0,0,0,0,144,0,4,70,1
5.105000,0.00,28.000,16.820,335,335,0.000,0,0,0.000,39.000,55.000,0,0,0,160,285,285,0,0,0,0,0,144,0,4,70,1
5.110000,0.00,28.000,16.820,335,335,0.000,0,0,0.000,39.000,55.000,0,0,0,160,285,285,0,0,0,0,0,144,0,4,70,1
5.115000,0.00,28.000,16.820,335,335,0.000,0,0,0.000,39.000,55.000,0,0,0,160,285,285,0,0,0,0,0,144,0,4,70,1
5.120000,0.00,28.000,16.820,335,335,0.000,0,0,0.000,39.000,55.000,0,0,0,160,285,285,0,0,0,0,0,144,0,4,70,1
5.125000,0.00,28.000,16.820,335,335,0.000,0,0,0.000,39.000,55.000,0,0,0,160,285,285,0,0,0,0,0,144,0,4,70,1
5.130000,0.00,28.000,16.820,335,335,0.000,0,0,0.000,39.000,55.000,0,0,0,160,285,285,0,0,0,0,0,144,0,4,70,1
5.135000,0.00,28.000,16.820,335,335,0.000,0,0,0.000,39.000,55.000,0,0,0,160,285,285,0,0,0,0,0,144,0,4,70,1
5.140000,0.00,28.000,16.820,335,335,0.000,0,0,0.000,39.000,55.000,0,0,0,160,285,285,0,0,0,0,0,144,0,4,70,1
5.145000,0.00,28.000,16.820,335,335,0.000,0,0,0.000,39.000,55.000,0,0,0,160,285,285,0,0,0,0,0,144,0,4,70,1
5.150000,0.00,28.000,16.820,335,335,0.000,0,0,0.000,39.000,55.000,0,0,0,160,285,285,0,0,0,0,0,144,0,4,70,1
5.155000,0.00,28.000,16.820,335,335,0.000,0,0,0.000,39.000,55.000,0,0,0,160,285,285,0,0,0,0,0,144,0,4,70,1
5.160000,0.00,28.000,16.820,335,335,0.000,0,0,0.000,39.000,55.000,0,0,0,160,285,285,0,0,0,0,0,144,0,4,70,1
5.165000,0.00,28.000,16.820,335,335,0.000,0,0,0.000,39.000,55.000,0,0,0,160,285,285,0,0,0,0,0,144,0,4,70,1
5.170000,0.00,28.000,16.820,335,335,0.000,0,0,0.000,39.000,55.000,0,0,0,160,285,285,0,0,0,0,0,144,0,4,70,1
5.175000,0.00,28.000,16.820,335,335,0.000,0,0,0.000,39.000,55.000,0,0,0,160,285,285,0,0,0,0,0,144,0,4,70,1
5.180000,0.00,28.000,16.820,335,335,0.000,0,0,0.000,39.000,55.000,0,0,0,160,285,285,0,0,0,0,0,144,0,4,70,1
5.185000,0.00,28.000,16.820,335,335,0.000,0,0,0.000,39.000,55.000,0,0,0,160,285,285,0,0,0,0,0,144,0,4,70,1
5.190000,0.00,28.000,16.820,335,335,0.000,0,0,0.000,39.000,55.000,0,0,0,160,285,285,0,0,0,0,0,144,0,4,70,1
5.195000,0.00,28.000,16.820,335,335,0.000,0,0,0.000,39.000,55.000,0,0,0,160,285,285,0,0,0,0,0,144,0,4,70,1
5.200000,0.00,28.000,16.820,335,335,0.000,0,0,0.000,39.000,55.000,0,0,0,160,285,285,0,0,0,0,0,144,0,4,70,1
5.205000,0.00,28.000,16.820,335,335,0.000,0,0,0.000,39.000,55.000,0,0,0,160,285,285,0,0,0,0,0,144,0,4,70,1
5.210000,0.00,28.000,16.820,335,335,0.000,0,0,0.000,39.000,55.000,0,0,0,160,285,285,0,0,0,0,0,144,0,4,70,1
5.215000,0.00,28.000,16.820,335,335,0.000,0,0,0.000,39.000,55.000,0,0,0,160,285,285,0,0,0,0,0,144,0,4,70,1
5.220000,0.00,28.000,16.820,335,335,0.000,0,0,0.000,39.000,55.000,0,0,0,160,285,285,0,0,0,0,0,144,0,4,70,1
5.225000,0.00,28.000,16.820,335,335,0.000,0,0,0.000,39.000,55.000,0,0,0,160,285,285,0,0,0,0,0,144,0,4,70,1
5.230000,0.00,28.000,16.820,335,335,0.000,0,0,0.000,39.000,55.000,0,0,0,160,285,285,0,0,0,0,0,144,0,4,70,1
5.235000,0.00,28.000,16.820,335,335,0.000,0,0,0.000,39.000,55.000,0,0,0,160,285,285,0,0,0,0,0,144,0,4,70,1
5.240000,0.00,28.000,16.820,335,335,0.000,0,0,0.000,39.000,55.000,0,0,0,160,285,285,0,0,0,0,0,144,0,4,70,1
5.245000,0.00,28.000,16.820,335,335,0.000,0,0,0.000,39.000,55.000,0,0,0,160,285,285,0,0,0,0,0,144,0,4,70,1
5.250000,0.00,28.000,16.820,335,335,0.000,0,0,0.000,39.000,55.000,0,0,0,160,285,285,0,0,0,0,0,144,0,4,70,1
5.255000,0.00,28.000,16.820,335,335,0.000,0,0,0.000,39.000,55.000,0,0,0,160,285,285,0,0,0,0,0,144,0,4,70,1
5.260000,0.00,28.000,16.820,335,335,0.000,0,0,0.000,39.000,55.000,0,0,0,160,285,285,0,0,0,0,0,144,0,4,70,1
5.265000,0.00,28.000,16.820,335,335,0.000,0,0,0.000,39.000,55.000,0,0,0,160,285,285,0,0,0,0,0,144,0,4,70,1
5.270000,0.00,28.000,16.820,335,335,0.000,0,0,0.000,39.000,55.000,0,0,0,160,285,285,0,0,0,0,0,144,0,4,70,1
5.275000,0.00,28.000,16.820,335,335,0.000,0,0,0.000,39.000,55.000,0,0,0,160,285,285,0,0,0,0,0,144,0,4,70,1
5.280000,0.00,28.000,16.820,335,335,0.000,0,0,0.000,39.000,55.000,0,0,0,160,285,285,0,0,0,0,0,144,0,4,70,1
5.285000,0.00,28.000,16.820,335,335,0.000,0,0,0.000,39.000,55.000,0,0,0,160,285,285,0,0,0,0,0,144,0,4,70,1
5.290000,0.00,28.000,16.820,335,335,0.000,0,0,0.000,39.000,55.000,0,0,0,160,285,285,0,0,0,0,0,144,0,4,70,1
5.295000,0.00,28.000,16.820,335,335,0.000,0,0,0.000,39.000,55.000,0,0,0,160,285,285,0,0,0,0,0,144,0,4,70,1
5.300000,0.00,28.000,16.820,335,335,0.000,0,0,0.000,39.000,55.000,0,0,0,160,285,285,0,0,0,0,0,144,0,4,70,1
5.305000,0.00,28.000,16.820,335,335,0.000,0,0,0.000,39.000,55.000,0,0,0,160,285,285,0,0,0,0,0,144,0,4,70,1
5.310000,0.00,28.000,16.820,335,335,0.000,0,0,0.000,39.000,55.000,0,0,0,160,285,285,0,0,0,0,0,144,0,4,70,1
5.315000,0.00,28.000,16.820,335,335,0.000,0,0,0.000,39.000,55.000,0,0,0,160,285,285,0,0,0,0,0,144,0,4,70,1
5.320000,0.00,28.000,16.820,335,335,0.000,0,0,0.000,39.000,55.000,0,0,0,160,285,285,0,0,0,0,0,144,0,4,70,1
5.325000,0.00,28.000,16.820,335,335,0.000,0,0,0.000,39.000,55.000,0,0,0,160,285,285,0,0,0,0,0,144,0,4,70,1
5.330000,0.00,28.000,16.820,335,335,0.000,0,0,0.000,39.000,55.000,0,0,0,160,285,285,0,0,0,0,0,144,0,4,70,1
5.335000,0.00,28.000,16.820,335,335,0.000,0,0,0.000,39.000,55.000,0,0,0,160,285,285,0,0,0,0,0,144,0,4,70,1
5.340000,0.00,28.000,16.820,335,335,0.000,0,0,0.000,39.000,55.000,0,0,0,160,285,285,0,0,0,0,0,144,0,4,70,1
5.345000,0.00,28.000,16.820,335,335,0.000,0,0,0.000,39.000,55.000,0,0,0,160,285,285,0,0,0,0,0,144,0,4,70,1
5.350000,0.00,28.000,16.820,335,335,0.000,0,0,0.000,39.000,55.000,0,0,0,160,285,285,0,0,0,0,0,144,0,4,70,1
5.355000,0.00,28.000,16.820,335,335,0.000,0,0,0.000,39.000,55.000,0,0,0,160,285,285,0,0,0,0,0,144,0,4,70,1
5.360000,0.00,28.000,16.820,335,335,0.000,0,0,0.000,39.000,55.000,0,0,0,160,285,285,0,0,0,0,0,144,0,4,70,1
5.365000,0.00,28.000,16.820,335,335,0.000,0,0,0.000,39.000,55.000,0,0,0,160,285,285,0,0,0,0,0,144,0,4,70,1
5.370000,0.00,28.000,16.820,335,335,0.000,0,0,0.000,39.000,55.000,0,0,0,160,285,285,0,0,0,0,0,144,0,4,70,1
5.375000,0.00,28.000,16.820,335,335,0.000,0,0,0.000,39.000,55.000,0,0,0,160,285,285,0,0,0,0,0,144,0,4,70,1
5.380000,0.00,28.000,16.820,335,335,0.000,0,0,0.000,39.000,55.000,0,0,0,160,285,285,0,0,0,0,0,144,0,4,70,1
5.385000,0.00,28.000,16.820,335,335,0.000,0,0,0.000,39.000,55.000,0,0,0,160,285,285,0,0,0,0,0,144,0,4,70,1
5.390000,0.00,28.000,16.820,335,335,0.000,0,0,0.000,39.000,55.000,0,0,0,160,285,285,0,0,0,0,0,144,0,4,70,1
5.395000,0.00,28.000,16.820,335,335,0.000,0,0,0.000,39.000,55.000,0,0,0,160,285,285,0,0,0,0,0,144,0,4,70,1
5.400000,0.00,28.000,16.820,335,335,0.000,0,0,0.000,39.000,55.000,0,0,0,160,285,285,0,0,0,0,0,144,0,4,70,1
5.405000,0.00,28.000,16.820,335,335,0.000,0,0,0.000,39.000,55.000,0,0,0,160,285,285,0,0,0,0,0,144,0,4,70,1
5.410000,0.00,28.000,16.820,335,335,0.000,0,0,0.000,39.000,55.000,0,0,0,160,285,285,0,0,0,0,0,144,0,4,70,1
5.415000,0.00,28.000,16.820,335,335,0.000,0,0,0.000,39.000,55.000,0,0,0,160,285,285,0,0,0,0,0,144,0,4,70,1
5.420000,0.00,28.000,16.820,335,335,0.000,0,0,0.000,39.000,55.000,0,0,0,160,285,285,0,0,0,0,0,144,0,4,70,1
5.425000,0.00,28.000,16.820,335,335,0.000,0,0,0.000,39.000,55.000,0,0,0,160,285,285,0,0,0,0,0,144,0,4,70,1
5.430000,0.00,28.000,16.820,335,335,0.000,0,0,0.000,39.000,55.000,0,0,0,160,285,285,0,0,0,0,0,144,0,4,70,1
5.435000,0.00,28.000,16.820,335,335,0.000,0,0,0.000,39.000,55.000,0,0,0,160,285,285,0,0,0,0,0,144,0,4,70,1
5.440000,0.00,28.000,16.820,335,335,0.000,0,0,0.000,39.000,55.000,0,0,0,160,285,285,0,0,0,0,0,144,0,4,70,1
5.445000,0.00,28.000,16.820,335,335,0.000,0,0,0.000,39.000,55.000,0,0,0,160,285,285,0,0,0,0,0,144,0,4,70,1
5.450000,0.00,28.000,16.820,335,335,0.000,0,0,0.000,39.000,55.000,0,0,0,160,285,285,0,0,0,0,0,144,0,4,70,1
5.455000,0.00,28.000,16.820,335,335,0.000,0,0,0.000,39.000,55.000,0,0,0,160,285,285,0,0,0,0,0,144,0,4,70,1
5.460000,0.00,28.000,16.820,335,335,0.000,0,0,0.000,39.000,55.000,0,0,0,160,285,285,0,0,0,0,0,144,0,4,70,1
5.465000,0.00,28.000,16.820,335,335,0.000,0,0,0.000,39.000,55.000,0,0,0,160,285,285,0,0,0,0,0,144,0,4,70,1
5.470000,0.00,28.000,16.820,335,335,0.000,0,0,0.000,39.000,55.000,0,0,0,160,285,285,0,0,0,0,0,144,0,4,70,1
5.475000,0.00,28.000,16.820,335,335,0.000,0,0,0.000,39.000,55.000,0,0,0,160,285,285,0,0,0,0,0,144,0,4,70,1
5.480000,0.00,28.000,16.820,335,335,0.000,0,0,0.000,39.000,55.000,0,0,0,160,285,285,0,0,0,0,0,144,0,4,70,1
5.485000,0.00,28.000,16.820,335,335,0.000,0,0,0.000,39.000,55.000,0,0,0,160,285,285,0,0,0,0,0,144,0,4,70,1
5.490000,0.00,28.000,16.820,335,335,0.000,0,0,0.000,39.000,55.000,0,0,0,160,285,285,0,0,0,0,0,144,0,4,70,1
5.495000,0.00,28.000,16.820,335,335,0.000,0,0,0.000,39.000,55.000,0,0,0,160,285,285,0,0,0,0,0,144,0,4,70,1
5.500000,0.00,28.000,16.820,335,335,0.000,0,0,0.000,39.000,55.000,0,0,0,160,285,285,0,0,0,0,0,144,0,4,70,1
5.505000,0.00,28.000,16.820,335,335,0.000,0,0,0.000,39.000,55.000,0,0,0,160,285,285,0,0,0,0,0,144,0,4,70,1
5.510000,0.00,28.000,16.820,335,335,0.000,0,0,0.000,39.000,55.000,0,0,0,160,285,285,0,0,0,0,0,144,0,4,70,1
5.515000,0.00,28.000,16.820,335,335,0.000,0,0,0.000,39.000,55.000,0,0,0,160,285,285,0,0,0,0,0,144,0,4,70,1
5.520000,0.00,28.000,16.820,335,335,0.000,0,0,0.000,39.000,55.000,0,0,0,160,285,285,0,0,0,0,0,144,0,4,70,1
5.525000,0.00,28.000,16.820,335,335,0.000,0,0,0.000,39.000,55.000,0,0,0,160,285,285,0,0,0,0,0,144,0,4,70,1
5.530000,0.00,28.000,16.820,335,335,0.000,0,0,0.000,39.000,55.000,0,0,0,160,285,285,0,0,0,0,0,144,0,4,70,1
5.535000,0.00,28.000,16.820,335,335,0.000,0,0,0.000,39.000,55.000,0,0,0,160,285,285,0,0,0,0,0,144,0,4,70,1
5.540000,0.00,28.000,16.820,335,335,0.000,0,0,0.000,39.000,55.000,0,0,0,160,285,285,0,0,0,0,0,144,0,4,70,1
5.545000,0.00,28.000,16.820,335,335,0.000,0,0,0.000,39.000,55.000,0,0,0,160,285,285,0,0,0,0,0,144,0,4,70,1
5.550000,0.00,28.000,16.820,335,335,0.000,0,0,0.000,39.000,55.000,0,0,0,160,285,285,0,0,0,0,0,144,0,4,70,1
5.555000,0.00,28.000,16.820,335,335,0.000,0,0,0.000,39.000,55.000,0,0,0,160,285,285,0,0,0,0,0,144,0,4,70,1
5.560000,0.00,28.000,16.820,335,335,0.000,0,0,0.000,39.000,55.000,0,0,0,160,285,285,0,0,0,0,0,144,0,4,70,1
5.565000,0.00,28.000,16.820,335,335,0.000,0,0,0.000,39.000,55.000,0,0,0,160,285,285,0,0,0,0,0,144,0,4,70,1
5.570000,0.00,28.000,16.820,335,335,0.000,0,0,0.000,39.000,55.000,0,0,0,160,285,285,0,0,0,0,0,144,0,4,70,1
5.575000,0.00,28.000,16.820,335,335,0.000,0,0,0.000,39.000,55.000,0,0,0,160,285,285,0,0,0,0,0,144,0,4,70,1
5.580000,0.00,28.000,16.820,335,335,0.000,0,0,0.000,39.000,55.000,0,0,0,160,285,285,0,0,0,0,0,144,0,4,70,1
5.585000,0.00,28.000,16.820,335,335,0.000,0,0,0.000,39.000,55.000,0,0,0,160,285,285,0,0,0,0,0,144,0,4,70,1
5.590000,0.00,28.000,16.820,335,335,0.000,0,0,0.000,39.000,55.000,0,0,0,160,285,285,0,0,0,0,0,144,0,4,70,1
5.595000,0.00,28.000,16.820,335,335,0.000,0,0,0.000,39.000,55.000,0,0,0,160,285,285,0,0,0,0,0,144,0,4,70,1
5.600000,0.00,28.000,16.820,335,335,0.000,0,0,0.000,39.000,55.000,0,0,0,160,285,285,0,0,0,0,0,144,0,4,70,1
5.605000,0.00,28.000,16.820,335,335,0.000,0,0,0.000,39.000,55.000,0,0,0,160,285,285,0,0,0,0,0,144,0,4,70,1
5.610000,0.00,28.000,16.820,335,335,0.000,0,0,0.000,39.000,55.000,0,0,0,160,285,285,0,0,0,0,0,144,0,4,70,1
5.615000,0.00,28.000,16.820,335,335,0.000,0,0,0.000,39.000,55.000,0,0,0,160,285,285,0,0,0,0,0,144,0,4,70,1
5.620000,0.00,28.000,16.820,335,335,0.000,0,0,0.000,39.000,55.000,0,0,0,160,285,285,0,0,0,0,0,144,0,4,70,1
5.625000,0.00,28.000,16.820,335,335,0.000,0,0,0.000,39.000,55.000,0,0,0,160,285,285,0,0,0,0,0,144,0,4,70,1
5.630000,0.00,28.000,16.820,335,335,0.000,0,0,0.000,39.000,55.000,0,0,0,160,285,285,0,0,0,0,0,144,0,4,70,1
5.635000,0.00,28.000,16.820,335,335,0.000,0,0,0.000,39.000,55.000,0,0,0,160,285,285,0,0,0,0,0,144,0,4,70,1
5.640000,0.00,28.000,16.820,335,335,0.000,0,0,0.000,39.000,55.000,0,0,0,160,285,285,0,0,0,0,0,144,0,4,70,1
5.645000,0.00,28.000,16.820,335,335,0.000,0,0,0.000,39.000,55.000,0,0,0,160,285,285,0,0,0,0,0,144,0,4,70,1
5.650000,0.00,28.000,16.820,335,335,0.000,0,0,0.000,39.000,55.000,0,0,0,160,285,285,0,0,0,0,0,144,0,4,70,1
5.655000,0.00,28.000,16.820,335,335,0.000,0,0,0.000,39.000,55.000,0,0,0,160,285,285,0,0,0,0,0,144,0,4,70,1
5.660000,0.00,28.000,16.820,335,335,0.000,0,0,0.000,39.000,55.000,0,0,0,160,285,285,0,0,0,0,0,144,0,4,70,1
5.665000,0.00,28.000,16.820,335,335,0.000,0,0,0.000,39.000,55.000,0,0,0,160,285,285,0,0,0,0,0,144,0,4,70,1
5.670000,0.00,28.000,16.820,335,335,0.000,0,0,0.000,39.000,55.000,0,0,0,160,285,285,0,0,0,0,0,144,0,4,70,1
5.675000,0.00,28.000,16.820,335,335,0.000,0,0,0.000,39.000,55.000,0,0,0,160,285,285,0,0,0,0,0,144,0,4,70,1
5.680000,0.00,28.000,16.820,335,335,0.000,0,0,0.000,39.000,55.000,0,0,0,160,285,285,0,0,0,0,0,144,0,4,70,1
5.685000,0.00,28.000,16.820,335,335,0.000,0,0,0.000,39.000,55.000,0,0,0,160,285,285,0,0,0,0,0,144,0,4,70,1
5.690000,0.00,28.000,16.820,335,335,0.000,0,0,0.000,39.000,55.000,0,0,0,160,285,285,0,0,0,0,0,144,0,4,70,1
5.695000,0.00,28.000,16.820,335,335,0.000,0,0,0.000,39.000,55.000,0,0,0,160,285,285,0,0,0,0,0,144,0,4,70,1
5.700000,0.00,28.000,16.820,335,335,0.000,0,0,0.000,39.000,55.000,0,0,0,160,285,285,0,0,0,0,0,144,0,4,70,1
5.705000,0.00,28.000,16.820,335,335,0.000,0,0,0.000,39.000,55.000,0,0,0,160,285,285,0,0,0,0,0,144,0,4,70,1
5.710000,0.00,28.000,16.820,335,335,0.000,0,0,0.000,39.000,55.000,0,0,0,160,285,285,0,0,0,0,0,144,0,4,70,1
5.715000,0.00,28.000,16.820,335,335,0.000,0,0,0.000,39.000,55.000,0,0,0,160,285,285,0,0,0,0,0,144,0,4,70,1
5.720000,0.00,28.000,16.820,335,335,0.000,0,0,0.000,39.000,55.000,0,0,0,160,285,285,0,0,0,0,0,144,0,4,70,1
5.725000,0.00,28.000,16.820,335,335,0.000,0,0,0.000,39.000,55.000,0,0,0,160,285,285,0,0,0,0,0,144,0,4,70,1
5.730000,0.00,28.000,16.820,335,335,0.000,0,0,0.000,39.000,55.000,0,0,0,160,285,285,0,0,0,0,0,144,0,4,70,1
5.735000,0.00,28.000,16.820,335,335,0.000,0,0,0.000,39.000,55.000,0,0,0,160,285,285,0,0,0,0,0,144,0,4,70,1
5.740000,0.00,28.000,16.820,335,335,0.000,0,0,0.000,39.000,55.000,0,0,0,160,285,285,0,0,0,0,0,144,0,4,70,1
5.745000,0.00,28.000,16.820,335,335,0.000,0,0,0.000,39.000,55.000,0,0,0,160,285,285,0,0,0,0,0,144,0,4,70,1
5.750000,0.00,28.000,16.820,335,335,0.000,0,0,0.000,39.000,55.000,0,0,0,160,285,285,0,0,0,0,0,144,0,4,70,1
5.755000,0.00,28.000,16.820,335,335,0.000,0,0,0.000,39.000,55.000,0,0,0,160,285,285,0,0,0,0,0,144,0,4,70,1
5.760000,0.00,28.000,16.820,335,335,0.000,0,0,0.000,39.000,55.000,0,0,0,160,285,285,0,0,0,0,0,144,0,4,70,1
5.765000,0.00,28.000,16.820,335,335,0.000,0,0,0.000,39.000,55.000,0,0,0,160,285,285,0,0,0,0,0,144,0,4,70,1
5.770000,0.00,28.000,16.820,335,335,0.000,0,0,0.000,39.000,55.000,0,0,0,160,285,285,0,0,0,0,0,144,0,4,70,1
5.775000,0.00,28.000,16.820,335,335,0.000,0,0,0.000,39.000,55.000,0,0,0,160,285,285,0,0,0,0,0,144,0,4,70,1
5.780000,0.00,28.000,16.820,335,335,0.000,0,0,0.000,39.000,55.000,0,0,0,160,285,285,0,0,0,0,0,144,0,4,70,1
5.785000,0.00,28.000,16.820,335,335,0.000,0,0,0.000,39.000,55.000,0,0,0,160,285,285,0,0,0,0,0,144,0,4,70,1
5.790000,0.00,28.000,16.820,335,335,0.000,0,0,0.000,39.000,55.000,0,0,0,160,285,285,0,0,0,0,0,144,0,4,70,1
5.795000,0.00,28.000,16.820,335,335,0.000,0,0,0.000,39.000,55.000,0,0,0,160,285,285,0,0,0,0,0,144,0,4,70,1
5.800000,0.00,28.000,16.820,335,335,0.000,0,0,0.000,39.000,55.000,0,0,0,160,285,285,0,0,0,0,0,144,0,4,70,1
5.805000,0.00,28.000,16.820,335,335,0.000,0,0,0.000,39.000,55.000,0,0,0,160,285,285,0,0,0,0,0,144,0,4,70,1
5.810000,0.00,28.000,16.820,335,335,0.000,0,0,0.000,39.000,55.000,0,0,0,160,285,285,0,0,0,0,0,144,0,4,70,1
5.815000,0.00,28.000,16.820,335,335,0.000,0,0,0.000,39.000,55.000,0,0,0,160,285,285,0,0,0,0,0,144,0,4,70,1
5.820000,0.00,28.000,16.820,335,335,0.000,0,0,0.000,39.000,55.000,0,0,0,160,285,285,0,0,0,0,0,144,0,4,70,1
5.825000,0.00,28.000,16.820,335,335,0.000,0,0,0.000,39.000,55.000,0,0,0,160,285,285,0,0,0,0,0,144,0,4,70,1
5.830000,0.00,28.000,16.820,335,335,0.000,0,0,0.000,39.000,55.000,0,0,0,160,285,285,0,0,0,0,0,144,0,4,70,1
5.835000,0.00,28.000,16.820,335,335,0.000,0,0,0.000,39.000,55.000,0,0,0,160,285,285,0,0,0,0,0,144,0,4,70,1
5.840000,0.00,28.000,16.820,335,335,0.000,0,0,0.000,39.000,55.000,0,0,0,160,285,285,0,0,0,0,0,144,0,4,70,1
5.845000,0.00,28.000,16.820,335,335,0.000,0,0,0.000,39.000,55.000,0,0,0,160,285,285,0,0,0,0,0,144,0,4,70,1
5.850000,0.00,28.000,16.820,335,335,0.000,0,0,0.000,39.000,55.000,0,0,0,160,285,285,0,0,0,0,0,144,0,4,70,1
5.855000,0.00,28.000,16.820,335,335,0.000,0,0,0.000,39.000,55.000,0,0,0,160,285,285,0,0,0,0,0,144,0,4,70,1
5.860000,0.00,28.000,16.820,335,335,0.000,0,0,0.000,39.000,55.000,0,0,0,160,285,285,0,0,0,0,0,144,0,4,70,1
5.865000,0.00,28.000,16.820,335,335,0.000,0,0,0.000,39.000,55.000,0,0,0,160,285,285,0,0,0,0,0,144,0,4,70,1
5.870000,0.00,28.000,16.820,335,335,0.000,0,0,0.000,39.000,55.000,0,0,0,160,285,285,0,0,0,0,0,144,0,4,70,1
5.875000,0.00,28.000,16.820,335,335,0.000,0,0,0.000,39.000,55.000,0,0,0,160,285,285,0,0,0,0,0,144,0,4,70,1
5.880000,0.00,28.000,16.820,335,335,0.000,0,0,0.000,39.000,55.000,0,0,0,160,285,285,0,0,0,0,0,144,0,4,70,1
5.885000,0.00,28.000,16.820,335,335,0.000,0,0,0.000,39.000,55.000,0,0,0,160,285,285,0,0,0,0,0,144,0,4,70,1
5.890000,0.00,28.000,16.820,335,335,0.000,0,0,0.000,39.000,55.000,0,0,0,160,285,285,0,0,0,0,0,144,0,4,70,1
5.895000,0.00,28.000,16.820,335,335,0.000,0,0,0.000,39.000,55.000,0,0,0,160,285,285,0,0,0,0,0,144,0,4,70,1
5.900000,0.00,28.000,16.820,335,335,0.000,0,0,0.000,39.000,55.000,0,0,0,160,285,285,0,0,0,0,0,144,0,4,70,1
5.905000,0.00,28.000,16.820,335,335,0.000,0,0,0.000,39.000,55.000,0,0,0,160,285,285,0,0,0,0,0,144,0,4,70,1
5.910000,0.00,28.000,16.820,335,335,0.000,0,0,0.000,39.000,55.000,0,0,0,160,285,285,0,0,0,0,0,144,0,4,70,1
5.915000,0.00,28.000,16.820,335,335,0.000,0,0,0.000,39.000,55.000,0,0,0,160,285,285,0,0,0,0,0,144,0,4,70,1
5.920000,0.00,28.000,16.820,335,335,0.000,0,0,0.000,39.000,55.000,0,0,0,160,285,285,0,0,0,0,0,144,0,4,70,1
5.925000,0.00,28.000,16.820,335,335,0.000,0,0,0.000,39.000,55.000,0,0,0,160,285,285,0,0,0,0,0,144,0,4,70,1
5.930000,0.00,28.000,16.820,335,335,0.000,0,0,0.000,39.000,55.000,0,0,0,160,285,285,0,0,0,0,0,144,0,4,70,1
5.935000,0.00,28.000,16.820,335,335,0.000,0,0,0.000,39.000,55.000,0,0,0,160,285,285,0,0,0,0,0,144,0,4,70,1
5.940000,0.00,28.000,16.820,335,335,0.000,0,0,0.000,39.000,55.000,0,0,0,160,285,285,0,0,0,0,0,144,0,4,70,1
5.945000,0.00,28.000,16.820,335,335,0.000,0,0,0.000,39.000,55.000,0,0,0,160,285,285,0,0,0,0,0,144,0,4,70,1
5.950000,0.00,28.000,16.820,335,335,0.000,0,0,0.000,39.000,55.000,0,0,0,160,285,285,0,0,0,0,0,144,0,4,70,1
5.955000,0.00,28.000,16.820,335,335,0.000,0,0,0.000,39.000,55.000,0,0,0,160,285,285,0,0,0,0,0,144,0,4,70,1
5.960000,0.00,28.000,16.820,335,335,0.000,0,0,0.000,39.000,55.000,0,0,0,160,285,285,0,0,0,0,0,144,0,4,70,1
5.965000,0.00,28.000,16.820,335,335,0.000,0,0,0.000,39.000,55.000,0,0,0,160,285,285,0,0,0,0,0,144,0,4,70,1
5.970000,0.00,28.000,16.820,335,335,0.000,0,0,0.000,39.000,55.000,0,0,0,160,285,285,0,0,0,0,0,144,0,4,70,1
5.975000,0.00,28.000,16.820,335,335,0.000,0,0,0.000,39.000,55.000,0,0,0,160,285,285,0,0,0,0,0,144,0,4,70,1
5.980000,0.00,28.000,16.820,335,335,0.000,0,0,0.000,39.000,55.000,0,0,0,160,285,285,0,0,0,0,0,144,0,4,70,1
5.985000,0.00,28.000,16.820,335,335,0.000,0,0,0.000,39.000,55.000,0,0,0,160,285,285,0,0,0,0,0,144,0,4,70,1
5.990000,0.00,28.000,16.820,335,335,0.000,0,0,0.000,39.000,55.000,0,0,0,160,285,285,0,0,0,0,0,144,0,4,70,1
5.995000,0.00,28.000,16.820,335,335,0.000,0,0,0.000,39.000,55.000,0,0,0,160,285,285,0,0,0,0,0,144,0,4,70,1
6.000000,0.00,28.000,16.820,335,335,0.000,0,0,0.000,39.000,55.000,0,0,0,160,285,285,0,0,0,0,0,144,0,4,70,1
6.005000,0.00,28.000,16.820,335,335,0.000,0,0,0.000,39.000,55.000,0,0,0,160,285,285,0,0,0,0,0,144,0,4,70,1
6.010000,0.00,28.000,16.820,335,335,0.000,0,0,0.000,39.000,55.000,0,0,0,160,285,285,0,0,0,0,0,144,0,4,70,1
6.015000,0.00,28.000,16.820,335,335,0.000,0,0,0.000,39.000,55.000,0,0,0,160,285,285,0,0,0,0,0,144,0,4,70,1
6.020000,0.00,28.000,16.820,335,335,0.000,0,0,0.000,39.000,55.000,0,0,0,160,285,285,0,0,0,0,0,144,0,4,70,1
6.025000,0.00,28.000,16.820,335,335,0.000,0,0,0.000,39.000,55.000,0,0,0,160,285,285,0,0,0,0,0,144,0,4,70,1
6.030000,0.00,28.000,16.820,335,335,0.000,0,0,0.000,39.000,55.000,0,0,0,160,285,285,0,0,0,0,0,144,0,4,70,1
6.035000,0.00,28.000,16.820,335,335,0.000,0,0,0.000,39.000,55.000,0,0,0,160,285,285,0,0,0,0,0,144,0,4,70,1
6.040000,0.00,28.000,16.820,335,335,0.000,0,0,0.000,39.000,55.000,0,0,0,160,285,285,0,0,0,0,0,144,0,4,70,1
6.045000,0.00,28.000,16.820,335,335,0.000,0,0,0.000,39.000,55.000,0,0,0,160,285,285,0,0,0,0,0,144,0,4,70,1
6.050000,0.00,28.000,16.820,335,335,0.000,0,0,0.000,39.000,55.000,0,0,0,160,285,285,0,0,0,0,0,144,0,4,70,1
6.055000,0.00,28.000,16.820,335,335,0.000,0,0,0.000,39.000,55.000,0,0,0,160,285,285,0,0,0,0,0,144,0,4,70,1
6.060000,0.00,28.000,16.820,335,335,0.000,0,0,0.000,39.000,55.000,0,0,0,160,285,285,0,0,0,0,0,144,0,4,70,1
6.065000,0.00,28.000,16.820,335,335,0.000,0,0,0.000,39.000,55.000,0,0,0,160,285,285,0,0,0,0,0,144,0,4,70,1
6.070000,0.00,28.000,16.820,335,335,0.000,0,0,0.000,39.000,55.000,0,0,0,160,285,285,0,0,0,0,0,144,0,4,70,1
6.075000,0.00,28.000,16.820,335,335,0.000,0,0,0.000,39.000,55.000,0,0,0,160,285,285,0,0,0,0,0,144,0,4,70,1
6.080000,0.00,28.000,16.820,335,335,0.000,0,0,0.000,39.000,55.000,0,0,0,160,285,285,0,0,0,0,0,144,0,4,70,1
6.085000,0.00,28.000,16.820,335,335,0.000,0,0,0.000,39.000,55.000,0,0,0,160,285,285,0,0,0,0,0,144,0,4,70,1
6.090000,0.00,28.000,16.820,335,335,0.000,0,0,0.000,39.000,55.000,0,0,0,160,285,285,0,0,0,0,0,144,0,4,70,1
6.095000,0.00,28.000,16.820,335,335,0.000,0,0,0.000,39.000,55.000,0,0,0,160,285,285,0,0,0,0,0,144,0,4,70,1
6.100000,0.00,28.000,16.820,335,335,0.000,0,0,0.000,39.000,55.000,0,0,0,160,285,285,0,0,0,0,0,144,0,4,70,1
6.105000,0.00,28.000,16.820,335,335,0.000,0,0,0.000,39.000,55.000,0,0,0,160,285,285,0,0,0,0,0,144,0,4,70,1
6.110000,0.00,28.000,16.820,335,335,0.000,0,0,0.000,39.000,55.000,0,0,0,160,285,285,0,0,0,0,0,144,0,4,70,1
6.115000,0.00,28.000,16.820,335,335,0.000,0,0,0.000,39.000,55.000,0,0,0,160,285,285,0,0,0,0,0,144,0,4,70,1
6.120000,0.00,28.000,16.820,335,335,0.000,0,0,0.000,39.000,55.000,0,0,0,160,285,285,0,0,0,0,0,144,0,4,70,1
6.125000,0.00,28.000,16.820,335,335,0.000,0,0,0.000,39.000,55.000,0,0,0,160,285,285,0,0,0,0,0,144,0,4,70,1
6.130000,0.00,28.000,16.820,335,335,0.000,0,0,0.000,39.000,55.000,0,0,0,160,285,285,0,0,0,0,0,144,0,4,70,1
6.135000,0.00,28.000,16.820,335,335,0.000,0,0,0.000,39.000,55.000,0,0,0,160,285,285,0,0,0,0,0,144,0,4,70,1
6.140000,0.00,28.000,16.820,335,335,0.000,0,0,0.000,39.000,55.000,0,0,0,160,285,285,0,0,0,0,0,144,0,4,70,1
6.145000,0.00,28.000,16.820,335,335,0.000,0,0,0.000,39.000,55.000,0,0,0,160,285,285,0,0,0,0,0,144,0,4,70,1
6.150000,0.00,28.000,16.820,335,335,0.000,0,0,0.000,39.000,55.000,0,0,0,160,285,285,0,0,0,0,0,144,0,4,70,1
6.155000,0.00,28.000,16.820,335,335,0.000,0,0,0.000,39.000,55.000,0,0,0,160,285,285,0,0,0,0,0,144,0,4,70,1
6.160000,0.00,28.000,16.820,335,335,0.000,0,0,0.000,39.000,55.000,0,0,0,160,285,285,0,0,0,0,0,144,0,4,70,1
6.165000,0.00,28.000,16.820,335,335,0.000,0,0,0.000,39.000,55.000,0,0,0,160,285,285,0,0,0,0,0,144,0,4,70,1
6.170000,0.00,28.000,16.820,335,335,0.000,0,0,0.000,39.000,55.000,0,0,0,160,285,285,0,0,0,0,0,144,0,4,70,1
6.175000,0.00,28.000,16.820,335,335,0.000,0,0,0.000,39.000,55.000,0,0,0,160,285,285,0,0,0,0,0,144,0,4,70,1
6.180000,0.00,28.000,16.820,335,335,0.000,0,0,0.000,39.000,55.000,0,0,0,160,285,285,0,0,0,0,0,144,0,4,70,1
6.185000,0.00,28.000,16.820,335,335,0.000,0,0,0.000,39.000,55.000,0,0,0,160,285,285,0,0,0,0,0,144,0,4,70,1
6.190000,0.00,28.000,16.820,335,335,0.000,0,0,0.000,39.000,55.000,0,0,0,160,285,285,0,0,0,0,0,144,0,4,70,1
6.195000,0.00,28.000,16.820,335,335,0.000,0,0,0.000,39.000,55.000,0,0,0,160,285,285,0,0,0,0,0,144,0,4,70,1
6.200000,0.00,28.000,16.820,335,335,0.000,0,0,0.000,39.000,55.000,0,0,0,160,285,285,0,0,0,0,0,144,0,4,70,1
6.205000,0.00,28.000,16.820,335,335,0.000,0,0,0.000,39.000,55.000,0,0,0,160,285,285,0,0,0,0,0,144,0,4,70,1
6.210000,0.00,28.000,16.820,335,335,0.000,0,0,0.000,39.000,55.000,0,0,0,160,285,285,0,0,0,0,0,144,0,4,70,1
6.215000,0.00,28.000,16.820,335,335,0.000,0,0,0.000,39.000,55.000,0,0,0,160,285,285,0,0,0,0,0,144,0,4,70,1
6.220000,0.00,28.000,16.820,335,335,0.000,0,0,0.000,39.000,55.000,0,0,0,160,285,285,0,0,0,0,0,144,0,4,70,1
6.225000,0.00,28.000,16.820,335,335,0.000,0,0,0.000,39.000,55.000,0,0,0,160,285,285,0,0,0,0,0,144,0,4,70,1
6.230000,0.00,28.000,16.820,335,335,0.000,0,0,0.000,39.000,55.000,0,0,0,160,285,285,0,0,0,0,0,144,0,4,70,1
6.235000,0.00,28.000,16.820,335,335,0.000,0,0,0.000,39.000,55.000,0,0,0,160,285,285,0,0,0,0,0,144,0,4,70,1
6.240000,0.00,28.000,16.820,335,335,0.000,0,0,0.000,39.000,55.000,0,0,0,160,285,285,0,0,0,0,0,144,0,4,70,1
6.245000,0.00,28.000,16.820,335,335,0.000,0,0,0.000,39.000,55.000,0,0,0,160,285,285,0,0,0,0,0,144,0,4,70,1
6.250000,0.00,28.000,16.820,335,335,0.000,0,0,0.000,39.000,55.000,0,0,0,160,285,285,0,0,0,0,0,144,0,4,70,1
6.255000,0.00,28.000,16.820,335,335,0.000,0,0,0.000,39.000,55.000,0,0,0,160,285,285,0,0,0,0,0,144,0,4,70,1
6.260000,0.00,28.000,16.820,335,335,0.000,0,0,0.000,39.000,55.000,0,0,0,160,285,285,0,0,0,0,0,144,0,4,70,1
6.265000,0.00,28.000,16.820,335,335,0.000,0,0,0.000,39.000,55.000,0,0,0,160,285,285,0,0,0,0,0,144,0,4,70,1
6.270000,0.00,28.000,16.820,335,335,0.000,0,0,0.000,39.000,55.000,0,0,0,160,285,285,0,0,0,0,0,144,0,4,70,1
6.275000,0.00,28.000,16.820,335,335,0.000,0,0,0.000,39.000,55.000,0,0,0,160,285,285,0,0,0,0,0,144,0,4,70,1
6.280000,0.00,28.000,16.820,335,335,0.000,0,0,0.000,39.000,55.000,0,0,0,160,285,285,0,0,0,0,0,144,0,4,70,1
6.285000,0.00,28.000,16.820,335,335,0.000,0,0,0.000,39.000,55.000,0,0,0,160,285,285,0,0,0,0,0,144,0,4,70,1
6.290000,0.00,28.000,16.820,335,335,0.000,0,0,0.000,39.000,55.000,0,0,0,160,285,285,0,0,0,0,0,144,0,4,70,1
6.295000,0.00,28.000,16.820,335,335,0.000,0,0,0.000,39.000,55.000,0,0,0,160,285,285,0,0,0,0,0,144,0,4,70,1
6.300000,0.00,28.000,16.820,335,335,0.000,0,0,0.000,39.000,55.000,0,0,0,160,285,285,0,0,0,0,0,144,0,4,70,1
6.305000,0.00,28.000,16.820,335,335,0.000,0,0,0.000,39.000,55.000,0,0,0,160,285,285,0,0,0,0,0,144,0,4,70,1
6.310000,0.00,28.000,16.820,335,335,0.000,0,0,0.000,39.000,55.000,0,0,0,160,285,285,0,0,0,0,0,144,0,4,70,1
6.315000,0.00,28.000,16.820,335,335,0.000,0,0,0.000,39.000,55.000,0,0,0,160,285,285,0,0,0,0,0,144,0,4,70,1
6.320000,0.00,28.000,16.820,335,335,0.000,0,0,0.000,39.000,55.000,0,0,0,160,285,285,0,0,0,0,0,144,0,4,70,1
6.325000,0.00,28.000,16.820,335,335,0.000,0,0,0.000,39.000,55.000,0,0,0,160,285,285,0,0,0,0,0,144,0,4,70,1
6.330000,0.00,28.000,16.820,335,335,0.000,0,0,0.000,39.000,55.000,0,0,0,160,285,285,0,0,0,0,0,144,0,4,70,1
6.335000,0.00,28.000,16.820,335,335,0.000,0,0,0.000,39.000,55.000,0,0,0,160,285,285,0,0,0,0,0,144,0,4,70,1
6.340000,0.00,28.000,16.820,335,335,0.000,0,0,0.000,39.000,55.000,0,0,0,160,285,285,0,0,0,0,0,144,0,4,70,1
6.345000,0.00,28.000,16.820,335,335,0.000,0,0,0.000,39.000,55.000,0,0,0,160,285,285,0,0,0,0,0,144,0,4,70,1
6.350000,0.00,28.000,16.820,335,335,0.000,0,0,0.000,39.000,55.000,0,0,0,160,285,285,0,0,0,0,0,144,0,4,70,1
6.355000,0.00,28.000,16.820,335,335,0.000,0,0,0.000,39.000,55.000,0,0,0,160,285,285,0,0,0,0,0,144,0,4,70,1
6.360000,0.00,28.000,16.820,335,335,0.000,0,0,0.000,39.000,55.000,0,0,0,160,285,285,0,0,0,0,0,144,0,4,70,1
6.365000,0.00,28.000,16.820,335,335,0.000,0,0,0.000,39.000,55.000,0,0,0,160,285,285,0,0,0,0,0,144,0,4,70,1
6.370000,0.00,28.000,16.820,335,335,0.000,0,0,0.000,39.000,55.000,0,0,0,160,285,285,0,0,0,0,0,144,0,4,70,1
6.375000,0.00,28.000,16.820,335,335,0.000,0,0,0.000,39.000,55.000,0,0,0,160,285,285,0,0,0,0,0,144,0,4,70,1
6.380000,0.00,28.000,16.820,335,335,0.000,0,0,0.000,39.000,55.000,0,0,0,160,285,285,0,0,0,0,0,144,0,4,70,1
6.385000,0.00,28.000,16.820,335,335,0.000,0,0,0.000,39.000,55.000,0,0,0,160,285,285,0,0,0,0,0,144,0,4,70,1
6.390000,0.00,28.000,16.820,335,335,0.000,0,0,0.000,39.000,55.000,0,0,0,160,285,285,0,0,0,0,0,144,0,4,70,1
6.395000,0.00,28.000,16.820,335,335,0.000,0,0,0.000,39.000,55.000,0,0,0,160,285,285,0,0,0,0,0,144,0,4,70,1
6.400000,0.00,28.000,16.820,335,335,0.000,0,0,0.000,39.000,55.000,0,0,0,160,285,285,0,0,0,0,0,144,0,4,70,1
6.405000,0.00,28.000,16.820,335,335,0.000,0,0,0.000,39.000,55.000,0,0,0,160,285,285,0,0,0,0,0,144,0,4,70,1
6.410000,0.00,28.000,16.820,335,335,0.000,0,0,0.000,39.000,55.000,0,0,0,160,285,285,0,0,0,0,0,144,0,4,70,1
6.415000,0.00,28.000,16.820,335,335,0.000,0,0,0.000,39.000,55.000,0,0,0,160,285,285,0,0,0,0,0,144,0,4,70,1
6.420000,0.00,28.000,16.820,335,335,0.000,0,0,0.000,39.000,55.000,0,0,0,160,285,285,0,0,0,0,0,144,0,4,70,1
6.425000,0.00,28.000,16.820,335,335,0.000,0,0,0.000,39.000,55.000,0,0,0,160,285,285,0,0,0,0,0,144,0,4,70,1
6.430000,0.00,28.000,16.820,335,335,0.000,0,0,0.000,39.000,55.000,0,0,0,160,285,285,0,0,0,0,0,144,0,4,70,1
6.435000,0.00,28.000,16.820,335,335,0.000,0,0,0.000,39.000,55.000,0,0,0,160,285,285,0,0,0,0,0,144,0,4,70,1
6.440000,0.00,28.000,16.820,335,335,0.000,0,0,0.000,39.000,55.000,0,0,0,160,285,285,0,0,0,0,0,144,0,4,70,1
6.445000,0.00,28.000,16.820,335,335,0.000,0,0,0.000,39.000,55.000,0,0,0,160,285,285,0,0,0,0,0,144,0,4,70,1
6.450000,0.00,28.000,16.820,335,335,0.000,0,0,0.000,39.000,55.000,0,0,0,160,285,285,0,0,0,0,0,144,0,4,70,1
6.455000,0.00,28.000,16.820,335,335,0.000,0,0,0.000,39.000,55.000,0,0,0,160,285,285,0,0,0,0,0,144,0,4,70,1
6.460000,0.00,28.000,16.820,335,335,0.000,0,0,0.000,39.000,55.000,0,0,0,160,285,285,0,0,0,0,0,144,0,4,70,1
6.465000,0.00,28.000,16.820,335,335,0.000,0,0,0.000,39.000,55.000,0,0,0,160,285,285,0,0,0,0,0,144,0,4,70,1
6.470000,0.00,28.000,16.820,335,335,0.000,0,0,0.000,39.000,55.000,0,0,0,160,285,285,0,0,0,0,0,144,0,4,70,1
6.475000,0.00,28.000,16.820,335,335,0.000,0,0,0.000,39.000,55.000,0,0,0,160,285,285,0,0,0,0,0,144,0,4,70,1
6.480000,0.00,28.000,16.820,335,335,0.000,0,0,0.000,39.000,55.000,0,0,0,160,285,285,0,0,0,0,0,144,0,4,70,1
6.485000,0.00,28.000,16.820,335,335,0.000,0,0,0.000,39.000,55.000,0,0,0,160,285,285,0,0,0,0,0,144,0,4,70,1
6.490000,0.00,28.000,16.820,335,335,0.000,0,0,0.000,39.000,55.000,0,0,0,160,285,285,0,0,0,0,0,144,0,4,70,1
6.495000,0.00,28.000,16.820,335,335,0.000,0,0,0.000,39.000,55.000,0,0,0,160,285,285,0,0,0,0,0,144,0,4,70,1
6.500000,0.00,28.000,16.820,335,335,0.000,0,0,0.000,39.000,55.000,0,0,0,160,285,285,0,0,0,0,0,144,0,4,70,1
6.505000,0.00,28.000,16.820,335,335,0.000,0,0,0.000,39.000,55.000,0,0,0,160,285,285,0,0,0,0,0,144,0,4,70,1
6.510000,0.00,28.000,16.820,335,335,0.000,0,0,0.000,39.000,55.000,0,0,0,160,285,285,0,0,0,0,0,144,0,4,70,1
6.515000,0.00,28.000,16.820,335,335,0.000,0,0,0.000,39.000,55.000,0,0,0,160,285,285,0,0,0,0,0,144,0,4,70,1
6.520000,0.00,28.000,16.820,335,335,0.000,0,0,0.000,39.000,55.000,0,0,0,160,285,285,0,0,0,0,0,144,0,4,70,1
6.525000,0.00,28.000,16.820,335,335,0.000,0,0,0.000,39.000,55.000,0,0,0,160,285,285,0,0,0,0,0,144,0,4,70,1
6.530000,0.00,28.000,16.820,335,335,0.000,0,0,0.000,39.000,55.000,0,0,0,160,285,285,0,0,0,0,0,144,0,4,70,1
6.535000,0.00,28.000,16.820,335,335,0.000,0,0,0.000,39.000,55.000,0,0,0,160,285,285,0,0,0,0,0,144,0,4,70,1
6.540000,0.00,28.000,16.820,335,335,0.000,0,0,0.000,39.000,55.000,0,0,0,160,285,285,0,0,0,0,0,144,0,4,70,1
6.545000,0.00,28.000,16.820,335,335,0.000,0,0,0.000,39.000,55.000,0,0,0,160,285,285,0,0,0,0,0,144,0,4,70,1
6.550000,0.00,28.000,16.820,335,335,0.000,0,0,0.000,39.000,55.000,0,0,0,160,285,285,0,0,0,0,0,144,0,4,70,1
6.555000,0.00,28.000,16.820,335,335,0.000,0,0,0.000,39.000,55.000,0,0,0,160,285,285,0,0,0,0,0,144,0,4,70,1
6.560000,0.00,28.000,16.820,335,335,0.000,0,0,0.000,39.000,55.000,0,0,0,160,285,285,0,0,0,0,0,144,0,4,70,1
6.565000,0.00,28.000,16.820,335,335,0.000,0,0,0.000,39.000,55.000,0,0,0,160,285,285,0,0,0,0,0,144,0,4,70,1
6.570000,0.00,28.000,16.820,335,335,0.000,0,0,0.000,39.000,55.000,0,0,0,160,285,285,0,0,0,0,0,144,0,4,70,1
6.575000,0.00,28.000,16.820,335,335,0.000,0,0,0.000,39.000,55.000,0,0,0,160,285,285,0,0,0,0,0,144,0,4,70,1
6.580000,0.00,28.000,16.820,335,335,0.000,0,0,0.000,39.000,55.000,0,0,0,160,285,285,0,0,0,0,0,144,0,4,70,1
6.585000,0.00,28.000,16.820,335,335,0.000,0,0,0.000,39.000,55.000,0,0,0,160,285,285,0,0,0,0,0,144,0,4,70,1
6.590000,0.00,28.000,16.820,335,335,0.000,0,0,0.000,39.000,55.000,0,0,0,160,285,285,0,0,0,0,0,144,0,4,70,1
6.595000,0.00,28.000,16.820,335,335,0.000,0,0,0.000,39.000,55.000,0,0,0,160,285,285,0,0,0,0,0,144,0,4,70,1
6.600000,0.00,28.000,16.820,335,335,0.000,0,0,0.000,39.000,55.000,0,0,0,160,285,285,0,0,0,0,0,144,0,4,70,1
6.605000,0.00,28.000,16.820,335,335,0.000,0,0,0.000,39.000,55.000,0,0,0,160,285,285,0,0,0,0,0,144,0,4,70,1
6.610000,0.00,28.000,16.820,335,335,0.000,0,0,0.000,39.000,55.000,0,0,0,160,285,285,0,0,0,0,0,144,0,4,70,1
6.615000,0.00,28.000,16.820,335,335,0.000,0,0,0.000,39.000,55.000,0,0,0,160,285,285,0,0,0,0,0,144,0,4,70,1
6.620000,0.00,28.000,16.820,335,335,0.000,0,0,0.000,39.000,55.000,0,0,0,160,285,285,0,0,0,0,0,144,0,4,70,1
6.625000,0.00,28.000,16.820,335,335,0.000,0,0,0.000,39.000,55.000,0,0,0,160,285,285,0,0,0,0,0,144,0,4,70,1
6.630000,0.00,28.000,16.820,335,335,0.000,0,0,0.000,39.000,55.000,0,0,0,160,285,285,0,0,0,0,0,144,0,4,70,1
6.635000,0.00,28.000,16.820,335,335,0.000,0,0,0.000,39.000,55.000,0,0,0,160,285,285,0,0,0,0,0,144,0,4,70,1
6.640000,0.00,28.000,16.820,335,335,0.000,0,0,0.000,39.000,55.000,0,0,0,160,285,285,0,0,0,0,0,144,0,4,70,1
6.645000,0.00,28.000,16.820,335,335,0.000,0,0,0.000,39.000,55.000,0,0,0,160,285,285,0,0,0,0,0,144,0,4,70,1
6.650000,0.00,28.000,16.820,335,335,0.000,0,0,0.000,39.000,55.000,0,0,0,160,285,285,0,0,0,0,0,144,0,4,70,1
6.655000,0.00,28.000,16.820,335,335,0.000,0,0,0.000,39.000,55.000,0,0,0,160,285,285,0,0,0,0,0,144,0,4,70,1
6.660000,0.00,28.000,16.820,335,335,0.000,0,0,0.000,39.000,55.000,0,0,0,160,285,285,0,0,0,0,0,144,0,4,70,1
6.665000,0.00,28.000,16.820,335,335,0.000,0,0,0.000,39.000,55.000,0,0,0,160,285,285,0,0,0,0,0,144,0,4,70,1
6.670000,0.00,28.000,16.820,335,335,0.000,0,0,0.000,39.000,55.000,0,0,0,160,285,285,0,0,0,0,0,144,0,4,70,1
6.675000,0.00,28.000,16.820,335,335,0.000,0,0,0.000,39.000,55.000,0,0,0,160,285,285,0,0,0,0,0,144,0,4,70,1
6.680000,0.00,28.000,16.820,335,335,0.000,0,0,0.000,39.000,55.000,0,0,0,160,285,285,0,0,0,0,0,144,0,4,70,1
6.685000,0.00,28.000,16.820,335,335,0.000,0,0,0.000,39.000,55.000,0,0,0,160,285,285,0,0,0,0,0,144,0,4,70,1
6.690000,0.00,28.000,16.820,335,335,0.000,0,0,0.000,39.000,55.000,0,0,0,160,285,285,0,0,0,0,0,144,0,4,70,1
6.695000,0.00,28.000,16.820,335,335,0.000,0,0,0.000,39.000,55.000,0,0,0,160,285,285,0,0,0,0,0,144,0,4,70,1
6.700000,0.00,28.000,16.820,335,335,0.000,0,0,0.000,39.000,55.000,0,0,0,160,285,285,0,0,0,0,0,144,0,4,70,1
6.705000,0.00,28.000,16.820,335,335,0.000,0,0,0.000,39.000,55.000,0,0,0,160,285,285,0,0,0,0,0,144,0,4,70,1
6.710000,0.00,28.000,16.820,335,335,0.000,0,0,0.000,39.000,55.000,0,0,0,160,285,285,0,0,0,0,0,144,0,4,70,1
6.715000,0.00,28.000,16.820,335,335,0.000,0,0,0.000,39.000,55.000,0,0,0,160,285,285,0,0,0,0,0,144,0,4,70,1
6.720000,0.00,28.000,16.820,335,335,0.000,0,0,0.000,39.000,55.000,0,0,0,160,285,285,0,0,0,0,0,144,0,4,70,1
6.725000,0.00,28.000,16.820,335,335,0.000,0,0,0.000,39.000,55.000,0,0,0,160,285,285,0,0,0,0,0,144,0,4,70,1
6.730000,0.00,28.000,16.820,335,335,0.000,0,0,0.000,39.000,55.000,0,0,0,160,285,285,0,0,0,0,0,144,0,4,70,1
6.735000,0.00,28.000,16.820,335,335,0.000,0,0,0.000,39.000,55.000,0,0,0,160,285,285,0,0,0,0,0,144,0,4,70,1
6.740000,0.00,28.000,16.820,335,335,0.000,0,0,0.000,39.000,55.000,0,0,0,160,285,285,0,0,0,0,0,144,0,4,70,1
6.745000,0.00,28.000,16.820,335,335,0.000,0,0,0.000,39.000,55.000,0,0,0,160,285,285,0,0,0,0,0,144,0,4,70,1
6.750000,0.00,28.000,16.820,335,335,0.000,0,0,0.000,39.000,55.000,0,0,0,160,285,285,0,0,0,0,0,144,0,4,70,1
6.755000,0.00,28.000,16.820,335,335,0.000,0,0,0.000,39.000,55.000,0,0,0,160,285,285,0,0,0,0,0,144,0,4,70,1
6.760000,0.00,28.000,16.820,335,335,0.000,0,0,0.000,39.000,55.000,0,0,0,160,285,285,0,0,0,0,0,144,0,4,70,1
6.765000,0.00,28.000,16.820,335,335,0.000,0,0,0.000,39.000,55.000,0,0,0,160,285,285,0,0,0,0,0,144,0,4,70,1
6.770000,0.00,28.000,16.820,335,335,0.000,0,0,0.000,39.000,55.000,0,0,0,160,285,285,0,0,0,0,0,144,0,4,70,1
6.775000,0.00,28.000,16.820,335,335,0.000,0,0,0.000,39.000,55.000,0,0,0,160,285,285,0,0,0,0,0,144,0,4,70,1
6.780000,0.00,28.000,16.820,335,335,0.000,0,0,0.000,39.000,55.000,0,0,0,160,285,285,0,0,0,0,0,144,0,4,70,1
6.785000,0.00,28.000,16.820,335,335,0.000,0,0,0.000,39.000,55.000,0,0,0,160,285,285,0,0,0,0,0,144,0,4,70,1
6.790000,0.00,28.000,16.820,335,335,0.000,0,0,0.000,39.000,55.000,0,0,0,160,285,285,0,0,0,0,0,144,0,4,70,1
6.795000,0.00,28.000,16.820,335,335,0.000,0,0,0.000,39.000,55.000,0,0,0,160,285,285,0,0,0,0,0,144,0,4,70,1
6.800000,0.00,28.000,16.820,335,335,0.000,0,0,0.000,39.000,55.000,0,0,0,160,285,285,0,0,0,0,0,144,0,4,70,1
6.805000,0.00,28.000,16.820,335,335,0.000,0,0,0.000,39.000,55.000,0,0,0,160,285,285,0,0,0,0,0,144,0,4,70,1
6.810000,0.00,28.000,16.820,335,335,0.000,0,0,0.000,39.000,55.000,0,0,0,160,285,285,0,0,0,0,0,144,0,4,70,1
6.815000,0.00,28.000,16.820,335,335,0.000,0,0,0.000,39.000,55.000,0,0,0,160,285,285,0,0,0,0,0,144,0,4,70,1
6.820000,0.00,28.000,16.820,335,335,0.000,0,0,0.000,39.000,55.000,0,0,0,160,285,285,0,0,0,0,0,144,0,4,70,1
6.825000,0.00,28.000,16.820,335,335,0.000,0,0,0.000,39.000,55.000,0,0,0,160,285,285,0,0,0,0,0,144,0,4,70,1
6.830000,0.00,28.000,16.820,335,335,0.000,0,0,0.000,39.000,55.000,0,0,0,160,285,285,0,0,0,0,0,144,0,4,70,1
6.835000,0.00,28.000,16.820,335,335,0.000,0,0,0.000,39.000,55.000,0,0,0,160,285,285,0,0,0,0,0,144,0,4,70,1
6.840000,0.00,28.000,16.820,335,335,0.000,0,0,0.000,39.000,55.000,0,0,0,160,285,285,0,0,0,0,0,144,0,4,70,1
6.845000,0.00,28.000,16.820,335,335,0.000,0,0,0.000,39.000,55.000,0,0,0,160,285,285,0,0,0,0,0,144,0,4,70,1
6.850000,0.00,28.000,16.820,335,335,0.000,0,0,0.000,39.000,55.000,0,0,0,160,285,285,0,0,0,0,0,144,0,4,70,1
6.855000,0.00,28.000,16.820,335,335,0.000,0,0,0.000,39.000,55.000,0,0,0,160,285,285,0,0,0,0,0,144,0,4,70,1
6.860000,0.00,28.000,16.820,335,335,0.000,0,0,0.000,39.000,55.000,0,0,0,160,285,285,0,0,0,0,0,144,0,4,70,1
6.865000,0.00,28.000,16.820,335,335,0.000,0,0,0.000,39.000,55.000,0,0,0,160,285,285,0,0,0,0,0,144,0,4,70,1
6.870000,0.00,28.000,16.820,335,335,0.000,0,0,0.000,39.000,55.000,0,0,0,160,285,285,0,0,0,0,0,144,0,4,70,1
6.875000,0.00,28.000,16.820,335,335,0.000,0,0,0.000,39.000,55.000,0,0,0,160,285,285,0,0,0,0,0,144,0,4,70,1
6.880000,0.00,28.000,16.820,335,335,0.000,0,0,0.000,39.000,55.000,0,0,0,160,285,285,0,0,0,0,0,144,0,4,70,1
6.885000,0.00,28.000,16.820,335,335,0.000,0,0,0.000,39.000,55.000,0,0,0,160,285,285,0,0,0,0,0,144,0,4,70,1
6.890000,0.00,28.000,16.820,335,335,0.000,0,0,0.000,39.000,55.000,0,0,0,160,285,285,0,0,0,0,0,144,0,4,70,1
6.895000,0.00,28.000,16.820,335,335,0.000,0,0,0.000,39.000,55.000,0,0,0,160,285,285,0,0,0,0,0,144,0,4,70,1
6.900000,0.00,28.000,16.820,335,335,0.000,0,0,0.000,39.000,55.000,0,0,0,160,285,285,0,0,0,0,0,144,0,4,70,1
6.905000,0.00,28.000,16.820,335,335,0.000,0,0,0.000,39.000,55.000,0,0,0,160,285,285,0,0,0,0,0,144,0,4,70,1
6.910000,0.00,28.000,16.820,335,335,0.000,0,0,0.000,39.000,55.000,0,0,0,160,285,285,0,0,0,0,0,144,0,4,70,1
6.915000,0.00,28.000,16.820,335,335,0.000,0,0,0.000,39.000,55.000,0,0,0,160,285,285,0,0,0,0,0,144,0,4,70,1
6.920000,0.00,28.000,16.820,335,335,0.000,0,0,0.000,39.000,55.000,0,0,0,160,285,285,0,0,0,0,0,144,0,4,70,1
6.925000,0.00,28.000,16.820,335,335,0.000,0,0,0.000,39.000,55.000,0,0,0,160,285,285,0,0,0,0,0,144,0,4,70,1
6.930000,0.00,28.000,16.820,335,335,0.000,0,0,0.000,39.000,55.000,0,0,0,160,285,285,0,0,0,0,0,144,0,4,70,1
6.935000,0.00,28.000,16.820,335,335,0.000,0,0,0.000,39.000,55.000,0,0,0,160,285,285,0,0,0,0,0,144,0,4,70,1
6.940000,0.00,28.000,16.820,335,335,0.000,0,0,0.000,39.000,55.000,0,0,0,160,285,285,0,0,0,0,0,144,0,4,70,1
6.945000,0.00,28.000,16.820,335,335,0.000,0,0,0.000,39.000,55.000,0,0,0,160,285,285,0,0,0,0,0,144,0,4,70,1
6.950000,0.00,28.000,16.820,335,335,0.000,0,0,0.000,39.000,55.000,0,0,0,160,285,285,0,0,0,0,0,144,0,4,70,1
6.955000,0.00,28.000,16.820,335,335,0.000,0,0,0.000,39.000,55.000,0,0,0,160,285,285,0,0,0,0,0,144,0,4,70,1
6.960000,0.00,28.000,16.820,335,335,0.000,0,0,0.000,39.000,55.000,0,0,0,160,285,285,0,0,0,0,0,144,0,4,70,1
6.965000,0.00,28.000,16.820,335,335,0.000,0,0,0.000,39.000,55.000,0,0,0,160,285,285,0,0,0,0,0,144,0,4,70,1
6.970000,0.00,28.000,16.820,335,335,0.000,0,0,0.000,39.000,55.000,0,0,0,160,285,285,0,0,0,0,0,144,0,4,70,1
6.975000,0.00,28.000,16.820,335,335,0.000,0,0,0.000,39.000,55.000,0,0,0,160,285,285,0,0,0,0,0,144,0,4,70,1
6.980000,0.00,28.000,16.820,335,335,0.000,0,0,0.000,39.000,55.000,0,0,0,160,285,285,0,0,0,0,0,144,0,4,70,1
6.985000,0.00,28.000,16.820,335,335,0.000,0,0,0.000,39.000,55.000,0,0,0,160,285,285,0,0,0,0,0,144,0,4,70,1
6.990000,0.00,28.000,16.820,335,335,0.000,0,0,0.000,39.000,55.000,0,0,0,160,285,285,0,0,0,0,0,144,0,4,70,1
6.995000,0.00,28.000,16.820,335,335,0.000,0,0,0.000,39.000,55.000,0,0,0,160,285,285,0,0,0,0,0,144,0,4,70,1
7.000000,0.00,28.000,16.820,335,335,0.000,0,0,0.000,39.000,55.000,0,0,0,160,285,285,0,0,0,0,0,144,0,4,70,1
7.005000,0.00,28.000,16.820,335,335,0.000,0,0,0.000,39.000,55.000,0,0,0,160,285,285,0,0,0,0,0,144,0,4,70,1
7.010000,0.00,28.000,16.820,335,335,0.000,0,0,0.000,39.000,55.000,0,0,0,160,285,285,0,0,0,0,0,144,0,4,70,1
7.015000,0.00,28.000,16.820,335,335,0.000,0,0,0.000,39.000,55.000,0,0,0,160,285,285,0,0,0,0,0,144,0,4,70,1
7.020000,0.00,28.000,16.820,335,335,0.000,0,0,0.000,39.000,55.000,0,0,0,160,285,285,0,0,0,0,0,144,0,4,70,1
7.025000,0.00,28.000,16.820,335,335,0.000,0,0,0.000,39.000,55.000,0,0,0,160,285,285,0,0,0,0,0,144,0,4,70,1
7.030000,0.00,28.000,16.820,335,335,0.000,0,0,0.000,39.000,55.000,0,0,0,160,285,285,0,0,0,0,0,144,0,4,70,1
7.035000,0.00,28.000,16.820,335,335,0.000,0,0,0.000,39.000,55.000,0,0,0,160,285,285,0,0,0,0,0,144,0,4,70,1
7.040000,0.00,28.000,16.820,335,335,0.000,0,0,0.000,39.000,55.000,0,0,0,160,285,285,0,0,0,0,0,144,0,4,70,1
7.045000,0.00,28.000,16.820,335,335,0.000,0,0,0.000,39.000,55.000,0,0,0,160,285,285,0,0,0,0,0,144,0,4,70,1
7.050000,0.00,28.000,16.820,335,335,0.000,0,0,0.000,39.000,55.000,0,0,0,160,285,285,0,0,0,0,0,144,0,4,70,1
7.055000,0.00,28.000,16.820,335,335,0.000,0,0,0.000,39.000,55.000,0,0,0,160,285,285,0,0,0,0,0,144,0,4,70,1
7.060000,0.00,28.000,16.820,335,335,0.000,0,0,0.000,39.000,55.000,0,0,0,160,285,285,0,0,0,0,0,144,0,4,70,1
7.065000,0.00,28.000,16.820,335,335,0.000,0,0,0.000,39.000,55.000,0,0,0,160,285,285,0,0,0,0,0,144,0,4,70,1
7.070000,0.00,28.000,16.820,335,335,0.000,0,0,0.000,39.000,55.000,0,0,0,160,285,285,0,0,0,0,0,144,0,4,70,1
7.075000,0.00,28.000,16.820,335,335,0.000,0,0,0.000,39.000,55.000,0,0,0,160,285,285,0,0,0,0,0,144,0,4,70,1
7.080000,0.00,28.000,16.820,335,335,0.000,0,0,0.000,39.000,55.000,0,0,0,160,285,285,0,0,0,0,0,144,0,4,70,1
7.085000,0.00,28.000,16.820,335,335,0.000,0,0,0.000,39.000,55.000,0,0,0,160,285,285,0,0,0,0,0,144,0,4,70,1
7.090000,0.00,28.000,16.820,335,335,0.000,0,0,0.000,39.000,55.000,0,0,0,160,285,285,0,0,0,0,0,144,0,4,70,1
7.095000,0.00,28.000,16.820,335,335,0.000,0,0,0.000,39.000,55.000,0,0,0,160,285,285,0,0,0,0,0,144,0,4,70,1
7.100000,0.00,28.000,16.820,335,335,0.000,0,0,0.000,39.000,55.000,0,0,0,160,285,285,0,0,0,0,0,144,0,4,70,1
7.105000,0.00,28.000,16.820,335,335,0.000,0,0,0.000,39.000,55.000,0,0,0,160,285,285,0,0,0,0,0,144,0,4,70,1
7.110000,0.00,28.000,16.820,335,335,0.000,0,0,0.000,39.000,55.000,0,0,0,160,285,285,0,0,0,0,0,144,0,4,70,1
7.115000,0.00,28.000,16.820,335,335,0.000,0,0,0.000,39.000,55.000,0,0,0,160,285,285,0,0,0,0,0,144,0,4,70,1
7.120000,0.00,28.000,16.820,335,335,0.000,0,0,0.000,39.000,55.000,0,0,0,160,285,285,0,0,0,0,0,144,0,4,70,1
7.125000,0.00,28.000,16.820,335,335,0.000,0,0,0.000,39.000,55.000,0,0,0,160,285,285,0,0,0,0,0,144,0,4,70,1
7.130000,0.00,28.000,16.820,335,335,0.000,0,0,0.000,39.000,55.000,0,0,0,160,285,285,0,0,0,0,0,144,0,4,70,1
7.135000,0.00,28.000,16.820,335,335,0.000,0,0,0.000,39.000,55.000,0,0,0,160,285,285,0,0,0,0,0,144,0,4,70,1
7.140000,0.00,28.000,16.820,335,335,0.000,0,0,0.000,39.000,55.000,0,0,0,160,285,285,0,0,0,0,0,144,0,4,70,1
7.145000,0.00,28.000,16.820,335,335,0.000,0,0,0.000,39.000,55.000,0,0,0,160,285,285,0,0,0,0,0,144,0,4,70,1
7.150000,0.00,28.000,16.820,335,335,0.000,0,0,0.000,39.000,55.000,0,0,0,160,285,285,0,0,0,0,0,144,0,4,70,1
7.155000,0.00,28.000,16.820,335,335,0.000,0,0,0.000,39.000,55.000,0,0,0,160,285,285,0,0,0,0,0,144,0,4,70,1
7.160000,0.00,28.000,16.820,335,335,0.000,0,0,0.000,39.000,55.000,0,0,0,160,285,285,0,0,0,0,0,144,0,4,70,1
7.165000,0.00,28.000,16.820,335,335,0.000,0,0,0.000,39.000,55.000,0,0,0,160,285,285,0,0,0,0,0,144,0,4,70,1
7.170000,0.00,28.000,16.820,335,335,0.000,0,0,0.000,39.000,55.000,0,0,0,160,285,285,0,0,0,0,0,144,0,4,70,1
7.175000,0.00,28.000,16.820,335,335,0.000,0,0,0.000,39.000,55.000,0,0,0,160,285,285,0,0,0,0,0,144,0,4,70,1
7.180000,0.00,28.000,16.820,335,335,0.000,0,0,0.000,39.000,55.000,0,0,0,160,285,285,0,0,0,0,0,144,0,4,70,1
7.185000,0.00,28.000,16.820,335,335,0.000,0,0,0.000,39.000,55.000,0,0,0,160,285,285,0,0,0,0,0,144,0,4,70,1
7.190000,0.00,28.000,16.820,335,335,0.000,0,0,0.000,39.000,55.000,0,0,0,160,285,285,0,0,0,0,0,144,0,4,70,1
7.195000,0.00,28.000,16.820,335,335,0.000,0,0,0.000,39.000,55.000,0,0,0,160,285,285,0,0,0,0,0,144,0,4,70,1
7.200000,0.00,28.000,16.820,335,335,0.000,0,0,0.000,39.000,55.000,0,0,0,160,285,285,0,0,0,0,0,144,0,4,70,1
7.205000,0.00,28.000,16.820,335,335,0.000,0,0,0.000,39.000,55.000,0,0,0,160,285,285,0,0,0,0,0,144,0,4,70,1
7.210000,0.00,28.000,16.820,335,335,0.000,0,0,0.000,39.000,55.000,0,0,0,160,285,285,0,0,0,0,0,144,0,4,70,1
7.215000,0.00,28.000,16.820,335,335,0.000,0,0,0.000,39.000,55.000,0,0,0,160,285,285,0,0,0,0,0,144,0,4,70,1
7.220000,0.00,28.000,16.820,335,335,0.000,0,0,0.000,39.000,55.000,0,0,0,160,285,285,0,0,0,0,0,144,0,4,70,1
7.225000,0.00,28.000,16.820,335,335,0.000,0,0,0.000,39.000,55.000,0,0,0,160,285,285,0,0,0,0,0,144,0,4,70,1
7.230000,0.00,28.000,16.820,335,335,0.000,0,0,0.000,39.000,55.000,0,0,0,160,285,285,0,0,0,0,0,144,0,4,70,1
7.235000,0.00,28.000,16.820,335,335,0.000,0,0,0.000,39.000,55.000,0,0,0,160,285,285,0,0,0,0,0,144,0,4,70,1
7.240000,0.00,28.000,16.820,335,335,0.000,0,0,0.000,39.000,55.000,0,0,0,160,285,285,0,0,0,0,0,144,0,4,70,1
7.245000,0.00,28.000,16.820,335,335,0.000,0,0,0.000,39.000,55.000,0,0,0,160,285,285,0,0,0,0,0,144,0,4,70,1
7.250000,0.00,28.000,16.820,335,335,0.000,0,0,0.000,39.000,55.000,0,0,0,160,285,285,0,0,0,0,0,144,0,4,70,1
7.255000,0.00,28.000,16.820,335,335,0.000,0,0,0.000,39.000,55.000,0,0,0,160,285,285,0,0,0,0,0,144,0,4,70,1
7.260000,0.00,28.000,16.820,335,335,0.000,0,0,0.000,39.000,55.000,0,0,0,160,285,285,0,0,0,0,0,144,0,4,70,1
7.265000,0.00,28.000,16.820,335,335,0.000,0,0,0.000,39.000,55.000,0,0,0,160,285,285,0,0,0,0,0,144,0,4,70,1
7.270000,0.00,28.000,16.820,335,335,0.000,0,0,0.000,39.000,55.000,0,0,0,160,285,285,0,0,0,0,0,144,0,4,70,1
7.275000,0.00,28.000,16.820,335,335,0.000,0,0,0.000,39.000,55.000,0,0,0,160,285,285,0,0,0,0,0,144,0,4,70,1
7.280000,0.00,28.000,16.820,335,335,0.000,0,0,0.000,39.000,55.000,0,0,0,160,285,285,0,0,0,0,0,144,0,4,70,1
7.285000,0.00,28.000,16.820,335,335,0.000,0,0,0.000,39.000,55.000,0,0,0,160,285,285,0,0,0,0,0,144,0,4,70,1
7.290000,0.00,28.000,16.820,335,335,0.000,0,0,0.000,39.000,55.000,0,0,0,160,285,285,0,0,0,0,0,144,0,4,70,1
7.295000,0.00,28.000,16.820,335,335,0.000,0,0,0.000,39.000,55.000,0,0,0,160,285,285,0,0,0,0,0,144,0,4,70,1
7.300000,0.00,28.000,16.820,335,335,0.000,0,0,0.000,39.000,55.000,0,0,0,160,285,285,0,0,0,0,0,144,0,4,70,1
7.305000,0.00,28.000,16.820,335,335,0.000,0,0,0.000,39.000,55.000,0,0,0,160,285,285,0,0,0,0,0,144,0,4,70,1
7.310000,0.00,28.000,16.820,335,335,0.000,0,0,0.000,39.000,55.000,0,0,0,160,285,285,0,0,0,0,0,144,0,4,70,1
7.315000,0.00,28.000,16.820,335,335,0.000,0,0,0.000,39.000,55.000,0,0,0,160,285,285,0,0,0,0,0,144,0,4,70,1
7.320000,0.00,28.000,16.820,335,335,0.000,0,0,0.000,39.000,55.000,0,0,0,160,285,285,0,0,0,0,0,144,0,4,70,1
7.325000,0.00,28.000,16.820,335,335,0.000,0,0,0.000,39.000,55.000,0,0,0,160,285,285,0,0,0,0,0,144,0,4,70,1
7.330000,0.00,28.000,16.820,335,335,0.000,0,0,0.000,39.000,55.000,0,0,0,160,285,285,0,0,0,0,0,144,0,4,70,1
7.335000,0.00,28.000,16.820,335,335,0.000,0,0,0.000,39.000,55.000,0,0,0,160,285,285,0,0,0,0,0,144,0,4,70,1
7.340000,0.00,28.000,16.820,335,335,0.000,0,0,0.000,39.000,55.000,0,0,0,160,285,285,0,0,0,0,0,144,0,4,70,1
7.345000,0.00,28.000,16.820,335,335,0.000,0,0,0.000,39.000,55.000,0,0,0,160,285,285,0,0,0,0,0,144,0,4,70,1
7.350000,0.00,28.000,16.820,335,335,0.000,0,0,0.000,39.000,55.000,0,0,0,160,285,285,0,0,0,0,0,144,0,4,70,1
7.355000,0.00,28.000,16.820,335,335,0.000,0,0,0.000,39.000,55.000,0,0,0,160,285,285,0,0,0,0,0,144,0,4,70,1
7.360000,0.00,28.000,16.820,335,335,0.000,0,0,0.000,39.000,55.000,0,0,0,160,285,285,0,0,0,0,0,144,0,4,70,1
7.365000,0.00,28.000,16.820,335,335,0.000,0,0,0.000,39.000,55.000,0,0,0,160,285,285,0,0,0,0,0,144,0,4,70,1
7.370000,0.00,28.000,16.820,335,335,0.000,0,0,0.000,39.000,55.000,0,0,0,160,285,285,0,0,0,0,0,144,0,4,70,1
7.375000,0.00,28.000,16.820,335,335,0.000,0,0,0.000,39.000,55.000,0,0,0,160,285,285,0,0,0,0,0,144,0,4,70,1
7.380000,0.00,28.000,16.820,335,335,0.000,0,0,0.000,39.000,55.000,0,0,0,160,285,285,0,0,0,0,0,144,0,4,70,1
7.385000,0.00,28.000,16.820,335,335,0.000,0,0,0.000,39.000,55.000,0,0,0,160,285,285,0,0,0,0,0,144,0,4,70,1
7.390000,0.00,28.000,16.820,335,335,0.000,0,0,0.000,39.000,55.000,0,0,0,160,285,285,0,0,0,0,0,144,0,4,70,1
7.395000,0.00,28.000,16.820,335,335,0.000,0,0,0.000,39.000,55.000,0,0,0,160,285,285,0,0,0,0,0,144,0,4,70,1
7.400000,0.00,28.000,16.820,335,335,0.000,0,0,0.000,39.000,55.000,0,0,0,160,285,285,0,0,0,0,0,144,0,4,70,1
7.405000,0.00,28.000,16.820,335,335,0.000,0,0,0.000,39.000,55.000,0,0,0,160,285,285,0,0,0,0,0,144,0,4,70,1
7.410000,0.00,28.000,16.820,335,335,0.000,0,0,0.000,39.000,55.000,0,0,0,160,285,285,0,0,0,0,0,144,0,4,70,1
7.415000,0.00,28.000,16.820,335,335,0.000,0,0,0.000,39.000,55.000,0,0,0,160,285,285,0,0,0,0,0,144,0,4,70,1
7.420000,0.00,28.000,16.820,335,335,0.000,0,0,0.000,39.000,55.000,0,0,0,160,285,285,0,0,0,0,0,144,0,4,70,1
7.425000,0.00,28.000,16.820,335,335,0.000,0,0,0.000,39.000,55.000,0,0,0,160,285,285,0,0,0,0,0,144,0,4,70,1
7.430000,0.00,28.000,16.820,335,335,0.000,0,0,0.000,39.000,55.000,0,0,0,160,285,285,0,0,0,0,0,144,0,4,70,1
7.435000,0.00,28.000,16.820,335,335,0.000,0,0,0.000,39.000,55.000,0,0,0,160,285,285,0,0,0,0,0,144,0,4,70,1
7.440000,0.00,28.000,16.820,335,335,0.000,0,0,0.000,39.000,55.000,0,0,0,160,285,285,0,0,0,0,0,144,0,4,70,1
7.445000,0.00,28.000,16.820,335,335,0.000,0,0,0.000,39.000,55.000,0,0,0,160,285,285,0,0,0,0,0,144,0,4,70,1
7.450000,0.00,28.000,16.820,335,335,0.000,0,0,0.000,39.000,55.000,0,0,0,160,285,285,0,0,0,0,0,144,0,4,70,1
7.455000,0.00,28.000,16.820,335,335,0.000,0,0,0.000,39.000,55.000,0,0,0,160,285,285,0,0,0,0,0,144,0,4,70,1
7.460000,0.00,28.000,16.820,335,335,0.000,0,0,0.000,39.000,55.000,0,0,0,160,285,285,0,0,0,0,0,144,0,4,70,1
7.465000,0.00,28.000,16.820,335,335,0.000,0,0,0.000,39.000,55.000,0,0,0,160,285,285,0,0,0,0,0,144,0,4,70,1
7.470000,0.00,28.000,16.820,335,335,0.000,0,0,0.000,39.000,55.000,0,0,0,160,285,285,0,0,0,0,0,144,0,4,70,1
7.475000,0.00,28.000,16.820,335,335,0.000,0,0,0.000,39.000,55.000,0,0,0,160,285,285,0,0,0,0,0,144,0,4,70,1
7.480000,0.00,28.000,16.820,335,335,0.000,0,0,0.000,39.000,55.000,0,0,0,160,285,285,0,0,0,0,0,144,0,4,70,1
7.485000,0.00,28.000,16.820,335,335,0.000,0,0,0.000,39.000,55.000,0,0,0,160,285,285,0,0,0,0,0,144,0,4,70,1
7.490000,0.00,28.000,16.820,335,335,0.000,0,0,0.000,39.000,55.000,0,0,0,160,285,285,0,0,0,0,0,144,0,4,70,1
7.495000,0.00,28.000,16.820,335,335,0.000,0,0,0.000,39.000,55.000,0,0,0,160,285,285,0,0,0,0,0,144,0,4,70,1
7.500000,0.00,28.000,16.820,335,335,0.000,0,0,0.000,39.000,55.000,0,0,0,160,285,285,0,0,0,0,0,144,0,4,70,1
7.505000,0.00,28.000,16.820,335,335,0.000,0,0,0.000,39.000,55.000,0,0,0,160,285,285,0,0,0,0,0,144,0,4,70,1
7.510000,0.00,28.000,16.820,335,335,0.000,0,0,0.000,39.000,55.000,0,0,0,160,285,285,0,0,0,0,0,144,0,4,70,1
7.515000,0.00,28.000,16.820,335,335,0.000,0,0,0.000,39.000,55.000,0,0,0,160,285,285,0,0,0,0,0,144,0,4,70,1
7.520000,0.00,28.000,16.820,335,335,0.000,0,0,0.000,39.000,55.000,0,0,0,160,285,285,0,0,0,0,0,144,0,4,70,1
7.525000,0.00,28.000,16.820,335,335,0.000,0,0,0.000,39.000,55.000,0,0,0,160,285,285,0,0,0,0,0,144,0,4,70,1
7.530000,0.00,28.000,16.820,335,335,0.000,0,0,0.000,39.000,55.000,0,0,0,160,285,285,0,0,0,0,0,144,0,4,70,1
7.535000,0.00,28.000,16.820,335,335,0.000,0,0,0.000,39.000,55.000,0,0,0,160,285,285,0,0,0,0,0,144,0,4,70,1
7.540000,0.00,28.000,16.820,335,335,0.000,0,0,0.000,39.000,55.000,0,0,0,160,285,285,0,0,0,0,0,144,0,4,70,1
7.545000,0.00,28.000,16.820,335,335,0.000,0,0,0.000,39.000,55.000,0,0,0,160,285,285,0,0,0,0,0,144,0,4,70,1
7.550000,0.00,28.000,16.820,335,335,0.000,0,0,0.000,39.000,55.000,0,0,0,160,285,285,0,0,0,0,0,144,0,4,70,1
7.555000,0.00,28.000,16.820,335,335,0.000,0,0,0.000,39.000,55.000,0,0,0,160,285,285,0,0,0,0,0,144,0,4,70,1
7.560000,0.00,28.000,16.820,335,335,0.000,0,0,0.000,39.000,55.000,0,0,0,160,285,285,0,0,0,0,0,144,0,4,70,1
7.565000,0.00,28.000,16.820,335,335,0.000,0,0,0.000,39.000,55.000,0,0,0,160,285,285,0,0,0,0,0,144,0,4,70,1
7.570000,0.00,28.000,16.820,335,335,0.000,0,0,0.000,39.000,55.000,0,0,0,160,285,285,0,0,0,0,0,144,0,4,70,1
7.575000,0.00,28.000,16.820,335,335,0.000,0,0,0.000,39.000,55.000,0,0,0,160,285,285,0,0,0,0,0,144,0,4,70,1
7.580000,0.00,28.000,16.820,335,335,0.000,0,0,0.000,39.000,55.000,0,0,0,160,285,285,0,0,0,0,0,144,0,4,70,1
7.585000,0.00,28.000,16.820,335,335,0.000,0,0,0.000,39.000,55.000,0,0,0,160,285,285,0,0,0,0,0,144,0,4,70,1
7.590000,0.00,28.000,16.820,335,335,0.000,0,0,0.000,39.000,55.000,0,0,0,160,285,285,0,0,0,0,0,144,0,4,70,1
7.595000,0.00,28.000,16.820,335,335,0.000,0,0,0.000,39.000,55.000,0,0,0,160,285,285,0,0,0,0,0,144,0,4,70,1
7.600000,0.00,28.000,16.820,335,335,0.000,0,0,0.000,39.000,55.000,0,0,0,160,285,285,0,0,0,0,0,144,0,4,70,1
7.605000,0.00,28.000,16.820,335,335,0.000,0,0,0.000,39.000,55.000,0,0,0,160,285,285,0,0,0,0,0,144,0,4,70,1
7.610000,0.00,28.000,16.820,335,335,0.000,0,0,0.000,39.000,55.000,0,0,0,160,285,285,0,0,0,0,0,144,0,4,70,1
7.615000,0.00,28.000,16.820,335,335,0.000,0,0,0.000,39.000,55.000,0,0,0,160,285,285,0,0,0,0,0,144,0,4,70,1
7.620000,0.00,28.000,16.820,335,335,0.000,0,0,0.000,39.000,55.000,0,0,0,160,285,285,0,0,0,0,0,144,0,4,70,1
7.625000,0.00,28.000,16.820,335,335,0.000,0,0,0.000,39.000,55.000,0,0,0,160,285,285,0,0,0,0,0,144,0,4,70,1
7.630000,0.00,28.000,16.820,335,335,0.000,0,0,0.000,39.000,55.000,0,0,0,160,285,285,0,0,0,0,0,144,0,4,70,1
7.635000,0.00,28.000,16.820,335,335,0.000,0,0,0.000,39.000,55.000,0,0,0,160,285,285,0,0,0,0,0,144,0,4,70,1
7.640000,0.00,28.000,16.820,335,335,0.000,0,0,0.000,39.000,55.000,0,0,0,160,285,285,0,0,0,0,0,144,0,4,70,1
7.645000,0.00,28.000,16.820,335,335,0.000,0,0,0.000,39.000,55.000,0,0,0,160,285,285,0,0,0,0,0,144,0,4,70,1
7.650000,0.00,28.000,16.820,335,335,0.000,0,0,0.000,39.000,55.000,0,0,0,160,285,285,0,0,0,0,0,144,0,4,70,1
7.655000,0.00,28.000,16.820,335,335,0.000,0,0,0.000,39.000,55.000,0,0,0,160,285,285,0,0,0,0,0,144,0,4,70,1
7.660000,0.00,28.000,16.820,335,335,0.000,0,0,0.000,39.000,55.000,0,0,0,160,285,285,0,0,0,0,0,144,0,4,70,1
7.665000,0.00,28.000,16.820,335,335,0.000,0,0,0.000,39.000,55.000,0,0,0,160,285,285,0,0,0,0,0,144,0,4,70,1
7.670000,0.00,28.000,16.820,335,335,0.000,0,0,0.000,39.000,55.000,0,0,0,160,285,285,0,0,0,0,0,144,0,4,70,1
7.675000,0.00,28.000,16.820,335,335,0.000,0,0,0.000,39.000,55.000,0,0,0,160,285,285,0,0,0,0,0,144,0,4,70,1
7.680000,0.00,28.000,16.820,335,335,0.000,0,0,0.000,39.000,55.000,0,0,0,160,285,285,0,0,0,0,0,144,0,4,70,1
7.685000,0.00,28.000,16.820,335,335,0.000,0,0,0.000,39.000,55.000,0,0,0,160,285,285,0,0,0,0,0,144,0,4,70,1
7.690000,0.00,28.000,16.820,335,335,0.000,0,0,0.000,39.000,55.000,0,0,0,160,285,285,0,0,0,0,0,144,0,4,70,1
7.695000,0.00,28.000,16.820,335,335,0.000,0,0,0.000,39.000,55.000,0,0,0,160,285,285,0,0,0,0,0,144,0,4,70,1
7.700000,0.00,28.000,16.820,335,335,0.000,0,0,0.000,39.000,55.000,0,0,0,160,285,285,0,0,0,0,0,144,0,4,70,1
7.705000,0.00,28.000,16.820,335,335,0.000,0,0,0.000,39.000,55.000,0,0,0,160,285,285,0,0,0,0,0,144,0,4,70,1
7.710000,0.00,28.000,16.820,335,335,0.000,0,0,0.000,39.000,55.000,0,0,0,160,285,285,0,0,0,0,0,144,0,4,70,1
7.715000,0.00,28.000,16.820,335,335,0.000,0,0,0.000,39.000,55.000,0,0,0,160,285,285,0,0,0,0,0,144,0,4,70,1
7.720000,0.00,28.000,16.820,335,335,0.000,0,0,0.000,39.000,55.000,0,0,0,160,285,285,0,0,0,0,0,144,0,4,70,1
7.725000,0.00,28.000,16.820,335,335,0.000,0,0,0.000,39.000,55.000,0,0,0,160,285,285,0,0,0,0,0,144,0,4,70,1
7.730000,0.00,28.000,16.820,335,335,0.000,0,0,0.000,39.000,55.000,0,0,0,160,285,285,0,0,0,0,0,144,0,4,70,1
7.735000,0.00,28.000,16.820,335,335,0.000,0,0,0.000,39.000,55.000,0,0,0,160,285,285,0,0,0,0,0,144,0,4,70,1
7.740000,0.00,28.000,16.820,335,335,0.000,0,0,0.000,39.000,55.000,0,0,0,160,285,285,0,0,0,0,0,144,0,4,70,1
7.745000,0.00,28.000,16.820,335,335,0.000,0,0,0.000,39.000,55.000,0,0,0,160,285,285,0,0,0,0,0,144,0,4,70,1
7.750000,0.00,28.000,16.820,335,335,0.000,0,0,0.000,39.000,55.000,0,0,0,160,285,285,0,0,0,0,0,144,0,4,70,1
7.755000,0.00,28.000,16.820,335,335,0.000,0,0,0.000,39.000,55.000,0,0,0,160,285,285,0,0,0,0,0,144,0,4,70,1
7.760000,0.00,28.000,16.820,335,335,0.000,0,0,0.000,39.000,55.000,0,0,0,160,285,285,0,0,0,0,0,144,0,4,70,1
7.765000,0.00,28.000,16.820,335,335,0.000,0,0,0.000,39.000,55.000,0,0,0,160,285,285,0,0,0,0,0,144,0,4,70,1
7.770000,0.00,28.000,16.820,335,335,0.000,0,0,0.000,39.000,55.000,0,0,0,160,285,285,0,0,0,0,0,144,0,4,70,1
7.775000,0.00,28.000,16.820,335,335,0.000,0,0,0.000,39.000,55.000,0,0,0,160,285,285,0,0,0,0,0,144,0,4,70,1
7.780000,0.00,28.000,16.820,335,335,0.000,0,0,0.000,39.000,55.000,0,0,0,160,285,285,0,0,0,0,0,144,0,4,70,1
7.785000,0.00,28.000,16.820,335,335,0.000,0,0,0.000,39.000,55.000,0,0,0,160,285,285,0,0,0,0,0,144,0,4,70,1
7.790000,0.00,28.000,16.820,335,335,0.000,0,0,0.000,39.000,55.000,0,0,0,160,285,285,0,0,0,0,0,144,0,4,70,1
7.795000,0.00,28.000,16.820,335,335,0.000,0,0,0.000,39.000,55.000,0,0,0,160,285,285,0,0,0,0,0,144,0,4,70,1
7.800000,0.00,28.000,16.820,335,335,0.000,0,0,0.000,39.000,55.000,0,0,0,160,285,285,0,0,0,0,0,144,0,4,70,1
7.805000,0.00,28.000,16.820,335,335,0.000,0,0,0.000,39.000,55.000,0,0,0,160,285,285,0,0,0,0,0,144,0,4,70,1
7.810000,0.00,28.000,16.820,335,335,0.000,0,0,0.000,39.000,55.000,0,0,0,160,285,285,0,0,0,0,0,144,0,4,70,1
7.815000,0.00,28.000,16.820,335,335,0.000,0,0,0.000,39.000,55.000,0,0,0,160,285,285,0,0,0,0,0,144,0,4,70,1
7.820000,0.00,28.000,16.820,335,335,0.000,0,0,0.000,39.000,55.000,0,0,0,160,285,285,0,0,0,0,0,144,0,4,70,1
7.825000,0.00,28.000,16.820,335,335,0.000,0,0,0.000,39.000,55.000,0,0,0,160,285,285,0,0,0,0,0,144,0,4,70,1
7.830000,0.00,28.000,16.820,335,335,0.000,0,0,0.000,39.000,55.000,0,0,0,160,285,285,0,0,0,0,0,144,0,4,70,1
7.835000,0.00,28.000,16.820,335,335,0.000,0,0,0.000,39.000,55.000,0,0,0,160,285,285,0,0,0,0,0,144,0,4,70,1
7.840000,0.00,28.000,16.820,335,335,0.000,0,0,0.000,39.000,55.000,0,0,0,160,285,285,0,0,0,0,0,144,0,4,70,1
7.845000,0.00,28.000,16.820,335,335,0.000,0,0,0.000,39.000,55.000,0,0,0,160,285,285,0,0,0,0,0,144,0,4,70,1
7.850000,0.00,28.000,16.820,335,335,0.000,0,0,0.000,39.000,55.000,0,0,0,160,285,285,0,0,0,0,0,144,0,4,70,1
7.855000,0.00,28.000,16.820,335,335,0.000,0,0,0.000,39.000,55.000,0,0,0,160,285,285,0,0,0,0,0,144,0,4,70,1
7.860000,0.00,28.000,16.820,335,335,0.000,0,0,0.000,39.000,55.000,0,0,0,160,285,285,0,0,0,0,0,144,0,4,70,1
7.865000,0.00,28.000,16.820,335,335,0.000,0,0,0.000,39.000,55.000,0,0,0,160,285,285,0,0,0,0,0,144,0,4,70,1
7.870000,0.00,28.000,16.820,335,335,0.000,0,0,0.000,39.000,55.000,0,0,0,160,285,285,0,0,0,0,0,144,0,4,70,1
7.875000,0.00,28.000,16.820,335,335,0.000,0,0,0.000,39.000,55.000,0,0,0,160,285,285,0,0,0,0,0,144,0,4,70,1
7.880000,0.00,28.000,16.820,335,335,0.000,0,0,0.000,39.000,55.000,0,0,0,160,285,285,0,0,0,0,0,144,0,4,70,1
7.885000,0.00,28.000,16.820,335,335,0.000,0,0,0.000,39.000,55.000,0,0,0,160,285,285,0,0,0,0,0,144,0,4,70,1
7.890000,0.00,28.000,16.820,335,335,0.000,0,0,0.000,39.000,55.000,0,0,0,160,285,285,0,0,0,0,0,144,0,4,70,1
7.895000,0.00,28.000,16.820,335,335,0.000,0,0,0.000,39.000,55.000,0,0,0,160,285,285,0,0,0,0,0,144,0,4,70,1
7.900000,0.00,28.000,16.820,335,335,0.000,0,0,0.000,39.000,55.000,0,0,0,160,285,285,0,0,0,0,0,144,0,4,70,1
7.905000,0.00,28.000,16.820,335,335,0.000,0,0,0.000,39.000,55.000,0,0,0,160,285,285,0,0,0,0,0,144,0,4,70,1
7.910000,0.00,28.000,16.820,335,335,0.000,0,0,0.000,39.000,55.000,0,0,0,160,285,285,0,0,0,0,0,144,0,4,70,1
7.915000,0.00,28.000,16.820,335,335,0.000,0,0,0.000,39.000,55.000,0,0,0,160,285,285,0,0,0,0,0,144,0,4,70,1
7.920000,0.00,28.000,16.820,335,335,0.000,0,0,0.000,39.000,55.000,0,0,0,160,285,285,0,0,0,0,0,144,0,4,70,1
7.925000,0.00,28.000,16.820,335,335,0.000,0,0,0.000,39.000,55.000,0,0,0,160,285,285,0,0,0,0,0,144,0,4,70,1
7.930000,0.00,28.000,16.820,335,335,0.000,0,0,0.000,39.000,55.000,0,0,0,160,285,285,0,0,0,0,0,144,0,4,70,1
7.935000,0.00,28.000,16.820,335,335,0.000,0,0,0.000,39.000,55.000,0,0,0,160,285,285,0,0,0,0,0,144,0,4,70,1
7.940000,0.00,28.000,16.820,335,335,0.000,0,0,0.000,39.000,55.000,0,0,0,160,285,285,0,0,0,0,0,144,0,4,70,1
7.945000,0.00,28.000,16.820,335,335,0.000,0,0,0.000,39.000,55.000,0,0,0,160,285,285,0,0,0,0,0,144,0,4,70,1
7.950000,0.00,28.000,16.820,335,335,0.000,0,0,0.000,39.000,55.000,0,0,0,160,285,285,0,0,0,0,0,144,0,4,70,1
7.955000,0.00,28.000,16.820,335,335,0.000,0,0,0.000,39.000,55.000,0,0,0,160,285,285,0,0,0,0,0,144,0,4,70,1
7.960000,0.00,28.000,16.820,335,335,0.000,0,0,0.000,39.000,55.000,0,0,0,160,285,285,0,0,0,0,0,144,0,4,70,1
7.965000,0.00,28.000,16.820,335,335,0.000,0,0,0.000,39.000,55.000,0,0,0,160,285,285,0,0,0,0,0,144,0,4,70,1
7.970000,0.00,28.000,16.820,335,335,0.000,0,0,0.000,39.000,55.000,0,0,0,160,285,285,0,0,0,0,0,144,0,4,70,1
7.975000,0.00,28.000,16.820,335,335,0.000,0,0,0.000,39.000,55.000,0,0,0,160,285,285,0,0,0,0,0,144,0,4,70,1
7.980000,0.00,28.000,16.820,335,335,0.000,0,0,0.000,39.000,55.000,0,0,0,160,285,285,0,0,0,0,0,144,0,4,70,1
7.985000,0.00,28.000,16.820,335,335,0.000,0,0,0.000,39.000,55.000,0,0,0,160,285,285,0,0,0,0,0,144,0,4,70,1
7.990000,0.00,28.000,16.820,335,335,0.000,0,0,0.000,39.000,55.000,0,0,0,160,285,285,0,0,0,0,0,144,0,4,70,1
7.995000,0.00,28.000,16.820,335,335,0.000,0,0,0.000,39.000,55.000,0,0,0,160,285,285,0,0,0,0,0,144,0,4,70,1
8.000000,0.00,0.000,0.000,333,335,0.000,0,0,0.000,39.000,55.000,0,0,0,160,283,283,0,0,0,0,0,144,0,4,70,0
8.005000,0.00,0.000,0.000,288,335,0.000,0,0,0.000,39.000,55.000,0,0,0,160,240,240,0,0,0,0,0,144,0,4,70,0
8.010000,0.00,0.000,0.000,250,333,0.000,0,0,0.000,39.000,55.000,0,0,0,160,204,204,0,0,0,0,0,144,0,4,70,0
8.015000,0.00,0.000,0.000,216,331,0.000,0,0,0.000,39.000,55.000,0,0,0,160,172,172,0,0,0,0,0,144,0,4,70,0
8.020000,0.00,0.000,0.000,188,329,0.000,0,0,0.000,39.000,55.000,0,0,0,160,145,145,0,0,0,0,0,144,0,4,70,0
8.025000,0.00,0.000,0.000,163,326,0.000,0,0,0.000,39.000,55.000,0,0,0,160,121,121,0,0,0,0,0,144,0,4,70,0
8.030000,0.00,0.000,0.000,141,322,0.000,0,0,0.000,39.000,55.000,0,0,0,160,101,101,0,0,0,0,0,144,0,4,70,0
8.035000,0.00,0.000,0.000,122,319,0.000,0,0,0.000,39.000,55.000,0,0,0,160,87,87,0,0,0,0,0,144,0,4,70,0
8.040000,0.00,0.000,0.000,106,314,0.000,0,0,0.000,39.000,55.000,0,0,0,160,76,76,0,0,0,0,0,144,0,4,70,0
8.045000,0.00,0.000,0.000,92,310,0.000,0,0,0.000,39.000,55.000,0,0,0,160,66,66,0,0,0,0,0,144,0,4,70,0
8.050000,0.00,0.000,0.000,80,306,0.000,0,0,0.000,39.000,55.000,0,0,0,160,57,57,0,0,0,0,0,144,0,4,70,0
8.055000,0.00,0.000,0.000,69,301,0.000,0,0,0.000,39.000,55.000,0,0,0,160,49,49,0,0,0,0,0,144,0,4,70,0
8.060000,0.00,0.000,0.000,60,297,0.000,0,0,0.000,39.000,55.000,0,0,0,160,43,43,0,0,0,0,0,144,0,4,70,0
8.065000,0.00,0.000,0.000,52,292,0.000,0,0,0.000,39.000,55.000,0,0,0,160,37,37,0,0,0,0,0,144,0,4,70,0
8.070000,0.00,0.000,0.000,45,287,0.000,0,0,0.000,39.000,55.000,0,0,0,160,32,32,0,0,0,0,0,144,0,4,70,0
8.075000,0.00,0.000,0.000,39,282,0.000,0,0,0.000,39.000,55.000,0,0,0,160,28,28,0,0,0,0,0,144,0,4,70,0
8.080000,0.00,0.000,0.000,34,277,0.000,0,0,0.000,39.000,55.000,0,0,0,160,24,24,0,0,0,0,0,144,0,4,70,0
8.085000,0.00,0.000,0.000,29,273,0.000,0,0,0.000,39.000,55.000,0,0,0,160,20,20,0,0,0,0,0,144,0,4,70,0
8.090000,0.00,0.000,0.000,25,268,0.000,0,0,0.000,39.000,55.000,0,0,0,160,18,18,0,0,0,0,0,144,0,4,70,0
8.095000,0.00,0.000,0.000,22,263,0.000,0,0,0.000,39.000,55.000,0,0,0,160,15,15,0,0,0,0,0,144,0,4,70,0
8.100000,0.00,0.000,0.000,19,258,0.000,0,0,0.000,39.000,55.000,0,0,0,160,13,13,0,0,0,0,0,144,0,4,70,0
8.105000,0.00,0.000,0.000,17,253,0.000,0,0,0.000,39.000,55.000,0,0,0,0,0,0,0,0,0,0,0,144,0,4,70,0
8.110000,0.00,0.000,0.000,14,249,0.000,0,0,0.000,39.000,55.000,0,0,0,0,0,0,0,0,0,0,0,144,0,4,70,0
8.115000,0.00,0.000,0.000,13,244,0.000,0,0,0.000,39.000,55.000,0,0,0,0,0,0,0,0,0,0,0,144,0,4,70,0
8.120000,0.00,0.000,0.000,11,240,0.000,0,0,0.000,39.000,55.000,0,0,0,0,0,0,0,0,0,0,0,144,0,4,70,0
8.125000,0.00,0.000,0.000,10,235,0.000,0,0,0.000,39.000,55.000,0,0,0,0,0,0,0,0,0,0,0,144,0,4,70,0
8.130000,0.00,0.000,0.000,8,231,0.000,0,0,0.000,39.000,55.000,0,0,0,0,0,0,0,0,0,0,0,144,0,4,70,0
8.135000,0.00,0.000,0.000,7,226,0.000,0,0,0.000,39.000,55.000,0,0,0,0,0,0,0,0,0,0,0,144,0,4,70,0
8.140000,0.00,0.000,0.000,6,222,0.000,0,0,0.000,39.000,55.000,0,0,0,0,0,0,0,0,0,0,0,144,0,4,70,0
8.145000,0.00,0.000,0.000,5,218,0.000,0,0,0.000,39.000,55.000,0,0,0,0,0,0,0,0,0,0,0,144,0,4,70,0
8.150000,0.00,0.000,0.000,5,214,0.000,0,0,0.000,39.000,55.000,0,0,0,0,0,0,0,0,0,0,0,144,0,4,70,0
8.155000,0.00,0.000,0.000,4,209,0.000,0,0,0.000,39.000,55.000,0,0,0,0,0,0,0,0,0,0,0,144,0,4,70,0
8.160000,0.00,0.000,0.000,4,205,0.000,0,0,0.000,39.000,55.000,0,0,0,0,0,0,0,0,0,0,0,144,0,4,70,0
8.165000,0.00,0.000,0.000,3,201,0.000,0,0,0.000,39.000,55.000,0,0,0,0,0,0,0,0,0,0,0,144,0,4,70,0
8.170000,0.00,0.000,0.000,3,198,0.000,0,0,0.000,39.000,55.000,0,0,0,0,0,0,0,0,0,0,0,144,0,4,70,0
8.175000,0.00,0.000,0.000,2,194,0.000,0,0,0.000,39.000,55.000,0,0,0,0,0,0,0,0,0,0,0,144,0,4,70,0
8.180000,0.00,0.000,0.000,2,190,0.000,0,0,0.000,39.000,55.000,0,0,0,0,0,0,0,0,0,0,0,144,0,4,70,0
8.185000,0.00,0.000,0.000,2,186,0.000,0,0,0.000,39.000,55.000,0,0,0,0,0,0,0,0,0,0,0,144,0,4,70,0
8.190000,0.00,0.000,0.000,2,183,0.000,0,0,0.000,39.000,55.000,0,0,0,0,0,0,0,0,0,0,0,144,0,4,70,0
8.195000,0.00,0.000,0.000,2,179,0.000,0,0,0.000,39.000,55.000,0,0,0,0,0,0,0,0,0,0,0,144,0,4,70,0
8.200000,0.00,0.000,0.000,1,176,0.000,0,0,0.000,39.000,55.000,0,0,0,0,0,0,0,0,0,0,0,144,0,4,70,0
8.205000,0.00,0.000,0.000,1,172,0.000,0,0,0.000,39.000,55.000,0,0,0,0,0,0,0,0,0,0,0,144,0,4,70,0
8.210000,0.00,0.000,0.000,1,169,0.000,0,0,0.000,39.000,55.000,0,0,0,0,0,0,0,0,0,0,0,144,0,4,70,0
8.215000,0.00,0.000,0.000,1,166,0.000,0,0,0.000,39.000,55.000,0,0,0,0,0,0,0,0,0,0,0,144,0,4,70,0
8.220000,0.00,0.000,0.000,1,162,0.000,0,0,0.000,39.000,55.000,0,0,0,0,0,0,0,0,0,0,0,144,0,4,70,0
8.225000,0.00,0.000,0.000,1,159,0.000,0,0,0.000,39.000,55.000,0,0,0,0,0,0,0,0,0,0,0,144,0,4,70,0
8.230000,0.00,0.000,0.000,1,156,0.000,0,0,0.000,39.000,55.000,0,0,0,0,0,0,0,0,0,0,0,144,0,4,70,0
8.235000,0.00,0.000,0.000,1,153,0.000,0,0,0.000,39.000,55.000,0,0,0,0,0,0,0,0,0,0,0,144,0,4,70,0
8.240000,0.00,0.000,0.000,1,150,0.000,0,0,0.000,39.000,55.000,0,0,0,0,0,0,0,0,0,0,0,144,0,4,70,0
8.245000,0.00,0.000,0.000,1,147,0.000,0,0,0.000,39.000,55.000,0,0,0,0,0,0,0,0,0,0,0,144,0,4,70,0
8.250000,0.00,0.000,0.000,0,144,0.000,0,0,0.000,39.000,55.000,0,0,0,0,0,0,0,0,0,0,0,144,0,4,70,0
8.255000,0.00,0.000,0.000,0,141,0.000,0,0,0.000,39.000,55.000,0,0,0,0,0,0,0,0,0,0,0,144,0,4,70,0
8.260000,0.00,0.000,0.000,0,139,0.000,0,0,0.000,39.000,55.000,0,0,0,0,0,0,0,0,0,0,0,144,0,4,70,0
8.265000,0.00,0.000,0.000,0,136,0.000,0,0,0.000,39.000,55.000,0,0,0,0,0,0,0,0,0,0,0,144,0,4,70,0
8.270000,0.00,0.000,0.000,0,133,0.000,0,0,0.000,39.000,55.000,0,0,0,0,0,0,0,0,0,0,0,144,0,4,70,0
8.275000,0.00,0.000,0.000,0,131,0.000,0,0,0.000,39.000,55.000,0,0,0,0,0,0,0,0,0,0,0,144,0,4,70,0
8.280000,0.00,0.000,0.000,0,128,0.000,0,0,0.000,39.000,55.000,0,0,0,0,0,0,0,0,0,0,0,144,0,4,70,0
8.285000,0.00,0.000,0.000,0,126,0.000,0,0,0.000,39.000,55.000,0,0,0,0,0,0,0,0,0,0,0,144,0,4,70,0
8.290000,0.00,0.000,0.000,0,123,0.000,0,0,0.000,39.000,55.000,0,0,0,0,0,0,0,0,0,0,0,144,0,4,70,0
8.295000,0.00,0.000,0.000,0,121,0.000,0,0,0.000,39.000,55.000,0,0,0,0,0,0,0,0,0,0,0,144,0,4,70,0
8.300000,0.00,0.000,0.000,0,118,0.000,0,0,0.000,39.000,55.000,0,0,0,0,0,0,0,0,0,0,0,144,0,4,70,0
8.305000,0.00,0.000,0.000,0,116,0.000,0,0,0.000,39.000,55.000,0,0,0,0,0,0,0,0,0,0,0,144,0,4,70,0
8.310000,0.00,0.000,0.000,0,114,0.000,0,0,0.000,39.000,55.000,0,0,0,0,0,0,0,0,0,0,0,144,0,4,70,0
8.315000,0.00,0.000,0.000,0,112,0.000,0,0,0.000,39.000,55.000,0,0,0,0,0,0,0,0,0,0,0,144,0,4,70,0
8.320000,0.00,0.000,0.000,0,110,0.000,0,0,0.000,39.000,55.000,0,0,0,0,0,0,0,0,0,0,0,144,0,4,70,0
8.325000,0.00,0.000,0.000,0,107,0.000,0,0,0.000,39.000,55.000,0,0,0,0,0,0,0,0,0,0,0,144,0,4,70,0
8.330000,0.00,0.000,0.000,0,105,0.000,0,0,0.000,39.000,55.000,0,0,0,0,0,0,0,0,0,0,0,144,0,4,70,0
8.335000,0.00,0.000,0.000,0,103,0.000,0,0,0.000,39.000,55.000,0,0,0,0,0,0,0,0,0,0,0,144,0,4,70,0
8.340000,0.00,0.000,0.000,0,101,0.000,0,0,0.000,39.000,55.000,0,0,0,0,0,0,0,0,0,0,0,144,0,4,70,0
8.345000,0.00,0.000,0.000,0,99,0.000,0,0,0.000,39.000,55.000,0,0,0,0,0,0,0,0,0,0,0,144,0,4,70,0
8.350000,0.00,0.000,0.000,0,97,0.000,0,0,0.000,39.000,55.000,0,0,0,0,0,0,0,0,0,0,0,144,0,4,70,0
8.355000,0.00,0.000,0.000,0,95,0.000,0,0,0.000,39.000,55.000,0,0,0,0,0,0,0,0,0,0,0,144,0,4,70,0
8.360000,0.00,0.000,0.000,0,94,0.000,0,0,0.000,39.000,55.000,0,0,0,0,0,0,0,0,0,0,0,144,0,4,70,0
8.365000,0.00,0.000,0.000,0,92,0.000,0,0,0.000,39.000,55.000,0,0,0,0,0,0,0,0,0,0,0,144,0,4,70,0
8.370000,0.00,0.000,0.000,0,90,0.000,0,0,0.000,39.000,55.000,0,0,0,0,0,0,0,0,0,0,0,144,0,4,70,0
8.375000,0.00,0.000,0.000,0,88,0.000,0,0,0.000,39.000,55.000,0,0,0,0,0,0,0,0,0,0,0,144,0,4,70,0
8.380000,0.00,0.000,0.000,0,87,0.000,0,0,0.000,39.000,55.000,0,0,0,0,0,0,0,0,0,0,0,144,0,4,70,0
8.385000,0.00,0.000,0.000,0,85,0.000,0,0,0.000,39.000,55.000,0,0,0,0,0,0,0,0,0,0,0,144,0,4,70,0
8.390000,0.00,0.000,0.000,0,83,0.000,0,0,0.000,39.000,55.000,0,0,0,0,0,0,0,0,0,0,0,144,0,4,70,0
8.395000,0.00,0.000,0.000,0,82,0.000,0,0,0.000,39.000,55.000,0,0,0,0,0,0,0,0,0,0,0,144,0,4,70,0
8.400000,0.00,0.000,0.000,0,80,0.000,0,0,0.000,39.000,55.000,0,0,0,0,0,0,0,0,0,0,0,144,0,4,70,0
8.405000,0.00,0.000,0.000,0,78,0.000,0,0,0.000,39.000,55.000,0,0,0,0,0,0,0,0,0,0,0,144,0,4,70,0
8.410000,0.00,0.000,0.000,0,77,0.000,0,0,0.000,39.000,55.000,0,0,0,0,0,0,0,0,0,0,0,144,0,4,70,0
8.415000,0.00,0.000,0.000,0,76,0.000,0,0,0.000,39.000,55.000,0,0,0,0,0,0,0,0,0,0,0,144,0,4,70,0
8.420000,0.00,0.000,0.000,0,74,0.000,0,0,0.000,39.000,55.000,0,0,0,0,0,0,0,0,0,0,0,144,0,4,70,0
8.425000,0.00,0.000,0.000,0,73,0.000,0,0,0.000,39.000,55.000,0,0,0,0,0,0,0,0,0,0,0,144,0,4,70,0
8.430000,0.00,0.000,0.000,0,71,0.000,0,0,0.000,39.000,55.000,0,0,0,0,0,0,0,0,0,0,0,144,0,4,70,0
8.435000,0.00,0.000,0.000,0,70,0.000,0,0,0.000,39.000,55.000,0,0,0,0,0,0,0,0,0,0,0,144,0,4,70,0
8.440000,0.00,0.000,0.000,0,69,0.000,0,0,0.000,39.000,55.000,0,0,0,0,0,0,0,0,0,0,0,144,0,4,70,0
8.445000,0.00,0.000,0.000,0,67,0.000,0,0,0.000,39.000,55.000,0,0,0,0,0,0,0,0,0,0,0,144,0,4,70,0
8.450000,0.00,0.000,0.000,0,66,0.000,0,0,0.000,39.000,55.000,0,0,0,0,0,0,0,0,0,0,0,144,0,4,70,0
8.455000,0.00,0.000,0.000,0,65,0.000,0,0,0.000,39.000,55.000,0,0,0,0,0,0,0,0,0,0,0,144,0,4,70,0
8.460000,0.00,0.000,0.000,0,63,0.000,0,0,0.000,39.000,55.000,0,0,0,0,0,0,0,0,0,0,0,144,0,4,70,0
8.465000,0.00,0.000,0.000,0,62,0.000,0,0,0.000,39.000,55.000,0,0,0,0,0,0,0,0,0,0,0,144,0,4,70,0
8.470000,0.00,0.000,0.000,0,61,0.000,0,0,0.000,39.000,55.000,0,0,0,0,0,0,0,0,0,0,0,144,0,4,70,0
8.475000,0.00,0.000,0.000,0,60,0.000,0,0,0.000,39.000,55.000,0,0,0,0,0,0,0,0,0,0,0,144,0,4,70,0
8.480000,0.00,0.000,0.000,0,59,0.000,0,0,0.000,39.000,55.000,0,0,0,0,0,0,0,0,0,0,0,144,0,4,70,0
8.485000,0.00,0.000,0.000,0,58,0.000,0,0,0.000,39.000,55.000,0,0,0,0,0,0,0,0,0,0,0,144,0,4,70,0
8.490000,0.00,0.000,0.000,0,56,0.000,0,0,0.000,39.000,55.000,0,0,0,0,0,0,0,0,0,0,0,144,0,4,70,0
8.495000,0.00,0.000,0.000,0,55,0.000,0,0,0.000,39.000,55.000,0,0,0,0,0,0,0,0,0,0,0,144,0,4,70,0
8.500000,0.00,0.000,0.000,0,54,0.000,0,0,0.000,39.000,55.000,0,0,0,0,0,0,0,0,0,0,0,144,0,4,70,0
8.505000,0.00,0.000,0.000,0,53,0.000,0,0,0.000,39.000,55.000,0,0,0,0,0,0,0,0,0,0,0,144,0,4,70,0
8.510000,0.00,0.000,0.000,0,52,0.000,0,0,0.000,39.000,55.000,0,0,0,0,0,0,0,0,0,0,0,144,0,4,70,0
8.515000,0.00,0.000,0.000,0,51,0.000,0,0,0.000,39.000,55.000,0,0,0,0,0,0,0,0,0,0,0,144,0,4,70,0
8.520000,0.00,0.000,0.000,0,50,0.000,0,0,0.000,39.000,55.000,0,0,0,0,0,0,0,0,0,0,0,144,0,4,70,0
8.525000,0.00,0.000,0.000,0,49,0.000,0,0,0.000,39.000,55.000,0,0,0,0,0,0,0,0,0,0,0,144,0,4,70,0
8.530000,0.00,0.000,0.000,0,48,0.000,0,0,0.000,39.000,55.000,0,0,0,0,0,0,0,0,0,0,0,144,0,4,70,0
8.535000,0.00,0.000,0.000,0,47,0.000,0,0,0.000,39.000,55.000,0,0,0,0,0,0,0,0,0,0,0,144,0,4,70,0
8.540000,0.00,0.000,0.000,0,47,0.000,0,0,0.000,39.000,55.000,0,0,0,0,0,0,0,0,0,0,0,144,0,4,70,0
8.545000,0.00,0.000,0.000,0,46,0.000,0,0,0.000,39.000,55.000,0,0,0,0,0,0,0,0,0,0,0,144,0,4,70,0
8.550000,0.00,0.000,0.000,0,45,0.000,0,0,0.000,39.000,55.000,0,0,0,0,0,0,0,0,0,0,0,144,0,4,70,0
8.555000,0.00,0.000,0.000,0,44,0.000,0,0,0.000,39.000,55.000,0,0,0,0,0,0,0,0,0,0,0,144,0,4,70,0
8.560000,0.00,0.000,0.000,0,43,0.000,0,0,0.000,39.000,55.000,0,0,0,0,0,0,0,0,0,0,0,144,0,4,70,0
8.565000,0.00,0.000,0.000,0,42,0.000,0,0,0.000,39.000,55.000,0,0,0,0,0,0,0,0,0,0,0,144,0,4,70,0
8.570000,0.00,0.000,0.000,0,42,0.000,0,0,0.000,39.000,55.000,0,0,0,0,0,0,0,0,0,0,0,144,0,4,70,0
8.575000,0.00,0.000,0.000,0,41,0.000,0,0,0.000,39.000,55.000,0,0,0,0,0,0,0,0,0,0,0,144,0,4,70,0
8.580000,0.00,0.000,0.000,0,40,0.000,0,0,0.000,39.000,55.000,0,0,0,0,0,0,0,0,0,0,0,144,0,4,70,0
8.585000,0.00,0.000,0.000,0,39,0.000,0,0,0.000,39.000,55.000,0,0,0,0,0,0,0,0,0,0,0,144,0,4,70,0
8.590000,0.00,0.000,0.000,0,38,0.000,0,0,0.000,39.000,55.000,0,0,0,0,0,0,0,0,0,0,0,144,0,4,70,0
8.595000,0.00,0.000,0.000,0,38,0.000,0,0,0.000,39.000,55.000,0,0,0,0,0,0,0,0,0,0,0,144,0,4,70,0
8.600000,0.00,0.000,0.000,0,37,0.000,0,0,0.000,39.000,55.000,0,0,0,0,0,0,0,0,0,0,0,144,0,4,70,0
8.605000,0.00,0.000,0.000,0,36,0.000,0,0,0.000,39.000,55.000,0,0,0,0,0,0,0,0,0,0,0,144,0,4,70,0
8.610000,0.00,0.000,0.000,0,36,0.000,0,0,0.000,39.000,55.000,0,0,0,0,0,0,0,0,0,0,0,144,0,4,70,0
8.615000,0.00,0.000,0.000,0,35,0.000,0,0,0.000,39.000,55.000,0,0,0,0,0,0,0,0,0,0,0,144,0,4,70,0
8.620000,0.00,0.000,0.000,0,34,0.000,0,0,0.000,39.000,55.000,0,0,0,0,0,0,0,0,0,0,0,144,0,4,70,0
8.625000,0.00,0.000,0.000,0,34,0.000,0,0,0.000,39.000,55.000,0,0,0,0,0,0,0,0,0,0,0,144,0,4,70,0
8.630000,0.00,0.000,0.000,0,33,0.000,0,0,0.000,39.000,55.000,0,0,0,0,0,0,0,0,0,0,0,144,0,4,70,0
8.635000,0.00,0.000,0.000,0,32,0.000,0,0,0.000,39.000,55.000,0,0,0,0,0,0,0,0,0,0,0,144,0,4,70,0
8.640000,0.00,0.000,0.000,0,32,0.000,0,0,0.000,39.000,55.000,0,0,0,0,0,0,0,0,0,0,0,144,0,4,70,0
8.645000,0.00,0.000,0.000,0,31,0.000,0,0,0.000,39.000,55.000,0,0,0,0,0,0,0,0,0,0,0,144,0,4,70,0
8.650000,0.00,0.000,0.000,0,31,0.000,0,0,0.000,39.000,55.000,0,0,0,0,0,0,0,0,0,0,0,144,0,4,70,0
8.655000,0.00,0.000,0.000,0,30,0.000,0,0,0.000,39.000,55.000,0,0,0,0,0,0,0,0,0,0,0,144,0,4,70,0
8.660000,0.00,0.000,0.000,0,30,0.000,0,0,0.000,39.000,55.000,0,0,0,0,0,0,0,0,0,0,0,144,0,4,70,0
8.665000,0.00,0.000,0.000,0,29,0.000,0,0,0.000,39.000,55.000,0,0,0,0,0,0,0,0,0,0,0,144,0,4,70,0
8.670000,0.00,0.000,0.000,0,28,0.000,0,0,0.000,39.000,55.000,0,0,0,0,0,0,0,0,0,0,0,144,0,4,70,0
8.675000,0.00,0.000,0.000,0,28,0.000,0,0,0.000,39.000,55.000,0,0,0,0,0,0,0,0,0,0,0,144,0,4,70,0
8.680000,0.00,0.000,0.000,0,27,0.000,0,0,0.000,39.000,55.000,0,0,0,0,0,0,0,0,0,0,0,144,0,4,70,0
8.685000,0.00,0.000,0.000,0,27,0.000,0,0,0.000,39.000,55.000,0,0,0,0,0,0,0,0,0,0,0,144,0,4,70,0
8.690000,0.00,0.000,0.000,0,26,0.000,0,0,0.000,39.000,55.000,0,0,0,0,0,0,0,0,0,0,0,144,0,4,70,0
8.695000,0.00,0.000,0.000,0,26,0.000,0,0,0.000,39.000,55.000,0,0,0,0,0,0,0,0,0,0,0,144,0,4,70,0
8.700000,0.00,0.000,0.000,0,26,0.000,0,0,0.000,39.000,55.000,0,0,0,0,0,0,0,0,0,0,0,144,0,4,70,0
8.705000,0.00,0.000,0.000,0,25,0.000,0,0,0.000,39.000,55.000,0,0,0,0,0,0,0,0,0,0,0,144,0,4,70,0
8.710000,0.00,0.000,0.000,0,25,0.000,0,0,0.000,39.000,55.000,0,0,0,0,0,0,0,0,0,0,0,144,0,4,70,0
8.715000,0.00,0.000,0.000,0,24,0.000,0,0,0.000,39.000,55.000,0,0,0,0,0,0,0,0,0,0,0,144,0,4,70,0
8.720000,0.00,0.000,0.000,0,24,0.000,0,0,0.000,39.000,55.000,0,0,0,0,0,0,0,0,0,0,0,144,0,4,70,0
8.725000,0.00,0.000,0.000,0,23,0.000,0,0,0.000,39.000,55.000,0,0,0,0,0,0,0,0,0,0,0,144,0,4,70,0
8.730000,0.00,0.000,0.000,0,23,0.000,0,0,0.000,39.000,55.000,0,0,0,0,0,0,0,0,0,0,0,144,0,4,70,0
8.735000,0.00,0.000,0.000,0,22,0.000,0,0,0.000,39.000,55.000,0,0,0,0,0,0,0,0,0,0,0,144,0,4,70,0
8.740000,0.00,0.000,0.000,0,22,0.000,0,0,0.000,39.000,55.000,0,0,0,0,0,0,0,0,0,0,0,144,0,4,70,0
8.745000,0.00,0.000,0.000,0,22,0.000,0,0,0.000,39.000,55.000,0,0,0,0,0,0,0,0,0,0,0,144,0,4,70,0
8.750000,0.00,0.000,0.000,0,21,0.000,0,0,0.000,39.000,55.000,0,0,0,0,0,0,0,0,0,0,0,144,0,4,70,0
8.755000,0.00,0.000,0.000,0,21,0.000,0,0,0.000,39.000,55.000,0,0,0,0,0,0,0,0,0,0,0,144,0,4,70,0
8.760000,0.00,0.000,0.000,0,20,0.000,0,0,0.000,39.000,55.000,0,0,0,0,0,0,0,0,0,0,0,144,0,4,70,0
8.765000,0.00,0.000,0.000,0,20,0.000,0,0,0.000,39.000,55.000,0,0,0,0,0,0,0,0,0,0,0,144,0,4,70,0
8.770000,0.00,0.000,0.000,0,20,0.000,0,0,0.000,39.000,55.000,0,0,0,0,0,0,0,0,0,0,0,144,0,4,70,0
8.775000,0.00,0.000,0.000,0,19,0.000,0,0,0.000,39.000,55.000,0,0,0,0,0,0,0,0,0,0,0,144,0,4,70,0
8.780000,0.00,0.000,0.000,0,19,0.000,0,0,0.000,39.000,55.000,0,0,0,0,0,0,0,0,0,0,0,144,0,4,70,0
8.785000,0.00,0.000,0.000,0,19,0.000,0,0,0.000,39.000,55.000,0,0,0,0,0,0,0,0,0,0,0,144,0,4,70,0
8.790000,0.00,0.000,0.000,0,18,0.000,0,0,0.000,39.000,55.000,0,0,0,0,0,0,0,0,0,0,0,144,0,4,70,0
8.795000,0.00,0.000,0.000,0,18,0.000,0,0,0.000,39.000,55.000,0,0,0,0,0,0,0,0,0,0,0,144,0,4,70,0
8.800000,0.00,0.000,0.000,0,18,0.000,0,0,0.000,39.000,55.000,0,0,0,0,0,0,0,0,0,0,0,144,0,4,70,0
8.805000,0.00,0.000,0.000,0,17,0.000,0,0,0.000,39.000,55.000,0,0,0,0,0,0,0,0,0,0,0,144,0,4,70,0
8.810000,0.00,0.000,0.000,0,17,0.000,0,0,0.000,39.000,55.000,0,0,0,0,0,0,0,0,0,0,0,144,0,4,70,0
8.815000,0.00,0.000,0.000,0,17,0.000,0,0,0.000,39.000,55.000,0,0,0,0,0,0,0,0,0,0,0,144,0,4,70,0
8.820000,0.00,0.000,0.000,0,17,0.000,0,0,0.000,39.000,55.000,0,0,0,0,0,0,0,0,0,0,0,144,0,4,70,0
8.825000,0.00,0.000,0.000,0,16,0.000,0,0,0.000,39.000,55.000,0,0,0,0,0,0,0,0,0,0,0,144,0,4,70,0
8.830000,0.00,0.000,0.000,0,16,0.000,0,0,0.000,39.000,55.000,0,0,0,0,0,0,0,0,0,0,0,144,0,4,70,0
8.835000,0.00,0.000,0.000,0,16,0.000,0,0,0.000,39.000,55.000,0,0,0,0,0,0,0,0,0,0,0,144,0,4,70,0
8.840000,0.00,0.000,0.000,0,15,0.000,0,0,0.000,39.000,55.000,0,0,0,0,0,0,0,0,0,0,0,144,0,4,70,0
8.845000,0.00,0.000,0.000,0,15,0.000,0,0,0.000,39.000,55.000,0,0,0,0,0,0,0,0,0,0,0,144,0,4,70,0
8.850000,0.00,0.000,0.000,0,15,0.000,0,0,0.000,39.000,55.000,0,0,0,0,0,0,0,0,0,0,0,144,0,4,70,0
8.855000,0.00,0.000,0.000,0,15,0.000,0,0,0.000,39.000,55.000,0,0,0,0,0,0,0,0,0,0,0,144,0,4,70,0
8.860000,0.00,0.000,0.000,0,14,0.000,0,0,0.000,39.000,55.000,0,0,0,0,0,0,0,0,0,0,0,144,0,4,70,0
8.865000,0.00,0.000,0.000,0,14,0.000,0,0,0.000,39.000,55.000,0,0,0,0,0,0,0,0,0,0,0,144,0,4,70,0
8.870000,0.00,0.000,0.000,0,14,0.000,0,0,0.000,39.000,55.000,0,0,0,0,0,0,0,0,0,0,0,144,0,4,70,0
8.875000,0.00,0.000,0.000,0,14,0.000,0,0,0.000,39.000,55.000,0,0,0,0,0,0,0,0,0,0,0,144,0,4,70,0
8.880000,0.00,0.000,0.000,0,13,0.000,0,0,0.000,39.000,55.000,0,0,0,0,0,0,0,0,0,0,0,144,0,4,70,0
8.885000,0.00,0.000,0.000,0,13,0.000,0,0,0.000,39.000,55.000,0,0,0,0,0,0,0,0,0,0,0,144,0,4,70,0
8.890000,0.00,0.000,0.000,0,13,0.000,0,0,0.000,39.000,55.000,0,0,0,0,0,0,0,0,0,0,0,144,0,4,70,0
8.895000,0.00,0.000,0.000,0,13,0.000,0,0,0.000,39.000,55.000,0,0,0,0,0,0,0,0,0,0,0,144,0,4,70,0
8.900000,0.00,0.000,0.000,0,13,0.000,0,0,0.000,39.000,55.000,0,0,0,0,0,0,0,0,0,0,0,144,0,4,70,0
8.905000,0.00,0.000,0.000,0,12,0.000,0,0,0.000,39.000,55.000,0,0,0,0,0,0,0,0,0,0,0,144,0,4,70,0
8.910000,0.00,0.000,0.000,0,12,0.000,0,0,0.000,39.000,55.000,0,0,0,0,0,0,0,0,0,0,0,144,0,4,70,0
8.915000,0.00,0.000,0.000,0,12,0.000,0,0,0.000,39.000,55.000,0,0,0,0,0,0,0,0,0,0,0,144,0,4,70,0
8.920000,0.00,0.000,0.000,0,12,0.000,0,0,0.000,39.000,55.000,0,0,0,0,0,0,0,0,0,0,0,144,0,4,70,0
8.925000,0.00,0.000,0.000,0,11,0.000,0,0,0.000,39.000,55.000,0,0,0,0,0,0,0,0,0,0,0,144,0,4,70,0
8.930000,0.00,0.000,0.000,0,11,0.000,0,0,0.000,39.000,55.000,0,0,0,0,0,0,0,0,0,0,0,144,0,4,70,0
8.935000,0.00,0.000,0.000,0,11,0.000,0,0,0.000,39.000,55.000,0,0,0,0,0,0,0,0,0,0,0,144,0,4,70,0
8.940000,0.00,0.000,0.000,0,11,0.000,0,0,0.000,39.000,55.000,0,0,0,0,0,0,0,0,0,0,0,144,0,4,70,0
8.945000,0.00,0.000,0.000,0,11,0.000,0,0,0.000,39.000,55.000,0,0,0,0,0,0,0,0,0,0,0,144,0,4,70,0
8.950000,0.00,0.000,0.000,0,11,0.000,0,0,0.000,39.000,55.000,0,0,0,0,0,0,0,0,0,0,0,144,0,4,70,0
8.955000,0.00,0.000,0.000,0,11,0.000,0,0,0.000,39.000,55.000,0,0,0,0,0,0,0,0,0,0,0,144,0,4,70,0
8.960000,0.00,0.000,0.000,0,10,0.000,0,0,0.000,39.000,55.000,0,0,0,0,0,0,0,0,0,0,0,144,0,4,70,0
8.965000,0.00,0.000,0.000,0,10,0.000,0,0,0.000,39.000,55.000,0,0,0,0,0,0,0,0,0,0,0,144,0,4,70,0
8.970000,0.00,0.000,0.000,0,10,0.000,0,0,0.000,39.000,55.000,0,0,0,0,0,0,0,0,0,0,0,144,0,4,70,0
8.975000,0.00,0.000,0.000,0,10,0.000,0,0,0.000,39.000,55.000,0,0,0,0,0,0,0,0,0,0,0,144,0,4,70,0
8.980000,0.00,0.000,0.000,0,10,0.000,0,0,0.000,39.000,55.000,0,0,0,0,0,0,0,0,0,0,0,144,0,4,70,0
8.985000,0.00,0.000,0.000,0,10,0.000,0,0,0.000,39.000,55.000,0,0,0,0,0,0,0,0,0,0,0,144,0,4,70,0
8.990000,0.00,0.000,0.000,0,9,0.000,0,0,0.000,39.000,55.000,0,0,0,0,0,0,0,0,0,0,0,144,0,4,70,0
8.995000,0.00,0.000,0.000,0,9,0.000,0,0,0.000,39.000,55.000,0,0,0,0,0,0,0,0,0,0,0,144,0,4,70,0
9.000000,0.00,0.000,0.000,0,9,0.000,0,0,0.000,39.000,55.000,0,0,0,0,0,0,0,0,0,0,0,144,0,4,70,0
9.005000,0.00,0.000,0.000,0,9,0.000,0,0,0.000,39.000,55.000,0,0,0,0,0,0,0,0,0,0,0,144,0,4,70,0
9.010000,0.00,0.000,0.000,0,9,0.000,0,0,0.000,39.000,55.000,0,0,0,0,0,0,0,0,0,0,0,144,0,4,70,0
9.015000,0.00,0.000,0.000,0,9,0.000,0,0,0.000,39.000,55.000,0,0,0,0,0,0,0,0,0,0,0,144,0,4,70,0
9.020000,0.00,0.000,0.000,0,9,0.000,0,0,0.000,39.000,55.000,0,0,0,0,0,0,0,0,0,0,0,144,0,4,70,0
9.025000,0.00,0.000,0.000,0,8,0.000,0,0,0.000,39.000,55.000,0,0,0,0,0,0,0,0,0,0,0,144,0,4,70,0
9.030000,0.00,0.000,0.000,0,8,0.000,0,0,0.000,39.000,55.000,0,0,0,0,0,0,0,0,0,0,0,144,0,4,70,0
9.035000,0.00,0.000,0.000,0,8,0.000,0,0,0.000,39.000,55.000,0,0,0,0,0,0,0,0,0,0,0,144,0,4,70,0
9.040000,0.00,0.000,0.000,0,8,0.000,0,0,0.000,39.000,55.000,0,0,0,0,0,0,0,0,0,0,0,144,0,4,70,0
9.045000,0.00,0.000,0.000,0,8,0.000,0,0,0.000,39.000,55.000,0,0,0,0,0,0,0,0,0,0,0,144,0,4,70,0
9.050000,0.00,0.000,0.000,0,8,0.000,0,0,0.000,39.000,55.000,0,0,0,0,0,0,0,0,0,0,0,144,0,4,70,0
9.055000,0.00,0.000,0.000,0,8,0.000,0,0,0.000,39.000,55.000,0,0,0,0,0,0,0,0,0,0,0,144,0,4,70,0
9.060000,0.00,0.000,0.000,0,8,0.000,0,0,0.000,39.000,55.000,0,0,0,0,0,0,0,0,0,0,0,144,0,4,70,0
9.065000,0.00,0.000,0.000,0,7,0.000,0,0,0.000,39.000,55.000,0,0,0,0,0,0,0,0,0,0,0,144,0,4,70,0
9.070000,0.00,0.000,0.000,0,7,0.000,0,0,0.000,39.000,55.000,0,0,0,0,0,0,0,0,0,0,0,144,0,4,70,0
9.075000,0.00,0.000,0.000,0,7,0.000,0,0,0.000,39.000,55.000,0,0,0,0,0,0,0,0,0,0,0,144,0,4,70,0
9.080000,0.00,0.000,0.000,0,7,0.000,0,0,0.000,39.000,55.000,0,0,0,0,0,0,0,0,0,0,0,144,0,4,70,0
9.085000,0.00,0.000,0.000,0,7,0.000,0,0,0.000,39.000,55.000,0,0,0,0,0,0,0,0,0,0,0,144,0,4,70,0
9.090000,0.00,0.000,0.000,0,7,0.000,0,0,0.000,39.000,55.000,0,0,0,0,0,0,0,0,0,0,0,144,0,4,70,0
9.095000,0.00,0.000,0.000,0,7,0.000,0,0,0.000,39.000,55.000,0,0,0,0,0,0,0,0,0,0,0,144,0,4,70,0
9.100000,0.00,0.000,0.000,0,7,0.000,0,0,0.000,39.000,55.000,0,0,0,0,0,0,0,0,0,0,0,144,0,4,70,0
9.105000,0.00,0.000,0.000,0,7,0.000,0,0,0.000,39.000,55.000,0,0,0,0,0,0,0,0,0,0,0,144,0,4,70,0
9.110000,0.00,0.000,0.000,0,7,0.000,0,0,0.000,39.000,55.000,0,0,0,0,0,0,0,0,0,0,0,144,0,4,70,0
9.115000,0.00,0.000,0.000,0,7,0.000,0,0,0.000,39.000,55.000,0,0,0,0,0,0,0,0,0,0,0,144,0,4,70,0
9.120000,0.00,0.000,0.000,0,7,0.000,0,0,0.000,39.000,55.000,0,0,0,0,0,0,0,0,0,0,0,144,0,4,70,0
9.125000,0.00,0.000,0.000,0,7,0.000,0,0,0.000,39.000,55.000,0,0,0,0,0,0,0,0,0,0,0,144,0,4,70,0
9.130000,0.00,0.000,0.000,0,6,0.000,0,0,0.000,39.000,55.000,0,0,0,0,0,0,0,0,0,0,0,144,0,4,70,0
9.135000,0.00,0.000,0.000,0,6,0.000,0,0,0.000,39.000,55.000,0,0,0,0,0,0,0,0,0,0,0,144,0,4,70,0
9.140000,0.00,0.000,0.000,0,6,0.000,0,0,0.000,39.000,55.000,0,0,0,0,0,0,0,0,0,0,0,144,0,4,70,0
9.145000,0.00,0.000,0.000,0,6,0.000,0,0,0.000,39.000,55.000,0,0,0,0,0,0,0,0,0,0,0,144,0,4,70,0
9.150000,0.00,0.000,0.000,0,6,0.000,0,0,0.000,39.000,55.000,0,0,0,0,0,0,0,0,0,0,0,144,0,4,70,0
9.155000,0.00,0.000,0.000,0,6,0.000,0,0,0.000,39.000,55.000,0,0,0,0,0,0,0,0,0,0,0,144,0,4,70,0
9.160000,0.00,0.000,0.000,0,6,0.000,0,0,0.000,39.000,55.000,0,0,0,0,0,0,0,0,0,0,0,144,0,4,70,0
9.165000,0.00,0.000,0.000,0,6,0.000,0,0,0.000,39.000,55.000,0,0,0,0,0,0,0,0,0,0,0,144,0,4,70,0
9.170000,0.00,0.000,0.000,0,6,0.000,0,0,0.000,39.000,55.000,0,0,0,0,0,0,0,0,0,0,0,144,0,4,70,0
9.175000,0.00,0.000,0.000,0,6,0.000,0,0,0.000,39.000,55.000,0,0,0,0,0,0,0,0,0,0,0,144,0,4,70,0
9.180000,0.00,0.000,0.000,0,6,0.000,0,0,0.000,39.000,55.000,0,0,0,0,0,0,0,0,0,0,0,144,0,4,70,0
9.185000,0.00,0.000,0.000,0,6,0.000,0,0,0.000,39.000,55.000,0,0,0,0,0,0,0,0,0,0,0,144,0,4,70,0
9.190000,0.00,0.000,0.000,0,6,0.000,0,0,0.000,39.000,55.000,0,0,0,0,0,0,0,0,0,0,0,144,0,4,70,0
9.195000,0.00,0.000,0.000,0,5,0.000,0,0,0.000,39.000,55.000,0,0,0,0,0,0,0,0,0,0,0,144,0,4,70,0
9.200000,0.00,0.000,0.000,0,5,0.000,0,0,0.000,39.000,55.000,0,0,0,0,0,0,0,0,0,0,0,144,0,4,70,0
9.205000,0.00,0.000,0.000,0,5,0.000,0,0,0.000,39.000,55.000,0,0,0,0,0,0,0,0,0,0,0,144,0,4,70,0
9.210000,0.00,0.000,0.000,0,5,0.000,0,0,0.000,39.000,55.000,0,0,0,0,0,0,0,0,0,0,0,144,0,4,70,0
9.215000,0.00,0.000,0.000,0,5,0.000,0,0,0.000,39.000,55.000,0,0,0,0,0,0,0,0,0,0,0,144,0,4,70,0
9.220000,0.00,0.000,0.000,0,5,0.000,0,0,0.000,39.000,55.000,0,0,0,0,0,0,0,0,0,0,0,144,0,4,70,0
9.225000,0.00,0.000,0.000,0,5,0.000,0,0,0.000,39.000,55.000,0,0,0,0,0,0,0,0,0,0,0,144,0,4,70,0
9.230000,0.00,0.000,0.000,0,5,0.000,0,0,0.000,39.000,55.000,0,0,0,0,0,0,0,0,0,0,0,144,0,4,70,0
9.235000,0.00,0.000,0.000,0,5,0.000,0,0,0.000,39.000,55.000,0,0,0,0,0,0,0,0,0,0,0,144,0,4,70,0
9.240000,0.00,0.000,0.000,0,5,0.000,0,0,0.000,39.000,55.000,0,0,0,0,0,0,0,0,0,0,0,144,0,4,70,0
9.245000,0.00,0.000,0.000,0,5,0.000,0,0,0.000,39.000,55.000,0,0,0,0,0,0,0,0,0,0,0,144,0,4,70,0
9.250000,0.00,0.000,0.000,0,5,0.000,0,0,0.000,39.000,55.000,0,0,0,0,0,0,0,0,0,0,0,144,0,4,70,0
9.255000,0.00,0.000,0.000,0,4,0.000,0,0,0.000,39.000,55.000,0,0,0,0,0,0,0,0,0,0,0,144,0,4,70,0
9.260000,0.00,0.000,0.000,0,4,0.000,0,0,0.000,39.000,55.000,0,0,0,0,0,0,0,0,0,0,0,144,0,4,70,0
9.265000,0.00,0.000,0.000,0,4,0.000,0,0,0.000,39.000,55.000,0,0,0,0,0,0,0,0,0,0,0,144,0,4,70,0
9.270000,0.00,0.000,0.000,0,4,0.000,0,0,0.000,39.000,55.000,0,0,0,0,0,0,0,0,0,0,0,144,0,4,70,0
9.275000,0.00,0.000,0.000,0,4,0.000,0,0,0.000,39.000,55.000,0,0,0,0,0,0,0,0,0,0,0,144,0,4,70,0
9.280000,0.00,0.000,0.000,0,4,0.000,0,0,0.000,39.000,55.000,0,0,0,0,0,0,0,0,0,0,0,144,0,4,70,0
9.285000,0.00,0.000,0.000,0,4,0.000,0,0,0.000,39.000,55.000,0,0,0,0,0,0,0,0,0,0,0,144,0,4,70,0
9.290000,0.00,0.000,0.000,0,4,0.000,0,0,0.000,39.000,55.000,0,0,0,0,0,0,0,0,0,0,0,144,0,4,70,0
9.295000,0.00,0.000,0.000,0,0,0.000,0,0,0.000,39.000,55.000,0,0,0,0,0,0,0,0,0,0,0,144,0,4,70,0
9.300000,0.00,0.000,0.000,0,0,0.000,0,0,0.000,39.000,55.000,0,0,0,0,0,0,0,0,0,0,0,144,0,4,70,0
9.305000,0.00,0.000,0.000,0,0,0.000,0,0,0.000,39.000,55.000,0,0,0,0,0,0,0,0,0,0,0,144,0,4,70,0
9.310000,0.00,0.000,0.000,0,0,0.000,0,0,0.000,39.000,55.000,0,0,0,0,0,0,0,0,0,0,0,144,0,4,70,0
9.315000,0.00,0.000,0.000,0,0,0.000,0,0,0.000,39.000,55.000,0,0,0,0,0,0,0,0,0,0,0,144,0,4,70,0
9.320000,0.00,0.000,0.000,0,0,0.000,0,0,0.000,39.000,55.000,0,0,0,0,0,0,0,0,0,0,0,144,0,4,70,0
9.325000,0.00,0.000,0.000,0,0,0.000,0,0,0.000,39.000,55.000,0,0,0,0,0,0,0,0,0,0,0,144,0,4,70,0
9.330000,0.00,0.000,0.000,0,0,0.000,0,0,0.000,39.000,55.000,0,0,0,0,0,0,0,0,0,0,0,144,0,4,70,0
9.335000,0.00,0.000,0.000,0,0,0.000,0,0,0.000,39.000,55.000,0,0,0,0,0,0,0,0,0,0,0,144,0,4,70,0
9.340000,0.00,0.000,0.000,0,0,0.000,0,0,0.000,39.000,55.000,0,0,0,0,0,0,0,0,0,0,0,144,0,4,70,0
9.345000,0.00,0.000,0.000,0,0,0.000,0,0,0.000,39.000,55.000,0,0,0,0,0,0,0,0,0,0,0,144,0,4,70,0
9.350000,0.00,0.000,0.000,0,0,0.000,0,0,0.000,39.000,55.000,0,0,0,0,0,0,0,0,0,0,0,144,0,4,70,0
9.355000,0.00,0.000,0.000,0,0,0.000,0,0,0.000,39.000,55.000,0,0,0,0,0,0,0,0,0,0,0,144,0,4,70,0
9.360000,0.00,0.000,0.000,0,0,0.000,0,0,0.000,39.000,55.000,0,0,0,0,0,0,0,0,0,0,0,144,0,4,70,0
9.365000,0.00,0.000,0.000,0,0,0.000,0,0,0.000,39.000,55.000,0,0,0,0,0,0,0,0,0,0,0,144,0,4,70,0
9.370000,0.00,0.000,0.000,0,0,0.000,0,0,0.000,39.000,55.000,0,0,0,0,0,0,0,0,0,0,0,144,0,4,70,0
9.375000,0.00,0.000,0.000,0,0,0.000,0,0,0.000,39.000,55.000,0,0,0,0,0,0,0,0,0,0,0,144,0,4,70,0
9.380000,0.00,0.000,0.000,0,0,0.000,0,0,0.000,39.000,55.000,0,0,0,0,0,0,0,0,0,0,0,144,0,4,70,0
9.385000,0.00,0.000,0.000,0,0,0.000,0,0,0.000,39.000,55.000,0,0,0,0,0,0,0,0,0,0,0,144,0,4,70,0
9.390000,0.00,0.000,0.000,0,0,0.000,0,0,0.000,39.000,55.000,0,0,0,0,0,0,0,0,0,0,0,144,0,4,70,0
9.395000,0.00,0.000,0.000,0,0,0.000,0,0,0.000,39.000,55.000,0,0,0,0,0,0,0,0,0,0,0,144,0,4,70,0
9.400000,0.00,0.000,0.000,0,0,0.000,0,0,0.000,39.000,55.000,0,0,0,0,0,0,0,0,0,0,0,144,0,4,70,0
9.405000,0.00,0.000,0.000,0,0,0.000,0,0,0.000,39.000,55.000,0,0,0,0,0,0,0,0,0,0,0,144,0,4,70,0
9.410000,0.00,0.000,0.000,0,0,0.000,0,0,0.000,39.000,55.000,0,0,0,0,0,0,0,0,0,0,0,144,0,4,70,0
9.415000,0.00,0.000,0.000,0,0,0.000,0,0,0.000,39.000,55.000,0,0,0,0,0,0,0,0,0,0,0,144,0,4,70,0
9.420000,0.00,0.000,0.000,0,0,0.000,0,0,0.000,39.000,55.000,0,0,0,0,0,0,0,0,0,0,0,144,0,4,70,0
9.425000,0.00,0.000,0.000,0,0,0.000,0,0,0.000,39.000,55.000,0,0,0,0,0,0,0,0,0,0,0,144,0,4,70,0
9.430000,0.00,0.000,0.000,0,0,0.000,0,0,0.000,39.000,55.000,0,0,0,0,0,0,0,0,0,0,0,144,0,4,70,0
9.435000,0.00,0.000,0.000,0,0,0.000,0,0,0.000,39.000,55.000,0,0,0,0,0,0,0,0,0,0,0,144,0,4,70,0
9.440000,0.00,0.000,0.000,0,0,0.000,0,0,0.000,39.000,55.000,0,0,0,0,0,0,0,0,0,0,0,144,0,4,70,0
9.445000,0.00,0.000,0.000,0,0,0.000,0,0,0.000,39.000,55.000,0,0,0,0,0,0,0,0,0,0,0,144,0,4,70,0
9.450000,0.00,0.000,0.000,0,0,0.000,0,0,0.000,39.000,55.000,0,0,0,0,0,0,0,0,0,0,0,144,0,4,70,0
9.455000,0.00,0.000,0.000,0,0,0.000,0,0,0.000,39.000,55.000,0,0,0,0,0,0,0,0,0,0,0,144,0,4,70,0
9.460000,0.00,0.000,0.000,0,0,0.000,0,0,0.000,39.000,55.000,0,0,0,0,0,0,0,0,0,0,0,144,0,4,70,0
9.465000,0.00,0.000,0.000,0,0,0.000,0,0,0.000,39.000,55.000,0,0,0,0,0,0,0,0,0,0,0,144,0,4,70,0
9.470000,0.00,0.000,0.000,0,0,0.000,0,0,0.000,39.000,55.000,0,0,0,0,0,0,0,0,0,0,0,144,0,4,70,0
9.475000,0.00,0.000,0.000,0,0,0.000,0,0,0.000,39.000,55.000,0,0,0,0,0,0,0,0,0,0,0,144,0,4,70,0
9.480000,0.00,0.000,0.000,0,0,0.000,0,0,0.000,39.000,55.000,0,0,0,0,0,0,0,0,0,0,0,144,0,4,70,0
9.485000,0.00,0.000,0.000,0,0,0.000,0,0,0.000,39.000,55.000,0,0,0,0,0,0,0,0,0,0,0,144,0,4,70,0
9.490000,0.00,0.000,0.000,0,0,0.000,0,0,0.000,39.000,55.000,0,0,0,0,0,0,0,0,0,0,0,144,0,4,70,0
9.495000,0.00,0.000,0.000,0,0,0.000,0,0,0.000,39.000,55.000,0,0,0,0,0,0,0,0,0,0,0,144,0,4,70,0
9.500000,0.00,0.000,0.000,0,0,0.000,0,0,0.000,39.000,55.000,0,0,0,0,0,0,0,0,0,0,0,144,0,4,70,0
9.505000,0.00,0.000,0.000,0,0,0.000,0,0,0.000,39.000,55.000,0,0,0,0,0,0,0,0,0,0,0,144,0,4,70,0
9.510000,0.00,0.000,0.000,0,0,0.000,0,0,0.000,39.000,55.000,0,0,0,0,0,0,0,0,0,0,0,144,0,4,70,0
9.515000,0.00,0.000,0.000,0,0,0.000,0,0,0.000,39.000,55.000,0,0,0,0,0,0,0,0,0,0,0,144,0,4,70,0
9.520000,0.00,0.000,0.000,0,0,0.000,0,0,0.000,39.000,55.000,0,0,0,0,0,0,0,0,0,0,0,144,0,4,70,0
9.525000,0.00,0.000,0.000,0,0,0.000,0,0,0.000,39.000,55.000,0,0,0,0,0,0,0,0,0,0,0,144,0,4,70,0
9.530000,0.00,0.000,0.000,0,0,0.000,0,0,0.000,39.000,55.000,0,0,0,0,0,0,0,0,0,0,0,144,0,4,70,0
9.535000,0.00,0.000,0.000,0,0,0.000,0,0,0.000,39.000,55.000,0,0,0,0,0,0,0,0,0,0,0,144,0,4,70,0
9.540000,0.00,0.000,0.000,0,0,0.000,0,0,0.000,39.000,55.000,0,0,0,0,0,0,0,0,0,0,0,144,0,4,70,0
9.545000,0.00,0.000,0.000,0,0,0.000,0,0,0.000,39.000,55.000,0,0,0,0,0,0,0,0,0,0,0,144,0,4,70,0
9.550000,0.00,0.000,0.000,0,0,0.000,0,0,0.000,39.000,55.000,0,0,0,0,0,0,0,0,0,0,0,144,0,4,70,0
9.555000,0.00,0.000,0.000,0,0,0.000,0,0,0.000,39.000,55.000,0,0,0,0,0,0,0,0,0,0,0,144,0,4,70,0
9.560000,0.00,0.000,0.000,0,0,0.000,0,0,0.000,39.000,55.000,0,0,0,0,0,0,0,0,0,0,0,144,0,4,70,0
9.565000,0.00,0.000,0.000,0,0,0.000,0,0,0.000,39.000,55.000,0,0,0,0,0,0,0,0,0,0,0,144,0,4,70,0
9.570000,0.00,0.000,0.000,0,0,0.000,0,0,0.000,39.000,55.000,0,0,0,0,0,0,0,0,0,0,0,144,0,4,70,0
9.575000,0.00,0.000,0.000,0,0,0.000,0,0,0.000,39.000,55.000,0,0,0,0,0,0,0,0,0,0,0,144,0,4,70,0
9.580000,0.00,0.000,0.000,0,0,0.000,0,0,0.000,39.000,55.000,0,0,0,0,0,0,0,0,0,0,0,144,0,4,70,0
9.585000,0.00,0.000,0.000,0,0,0.000,0,0,0.000,39.000,55.000,0,0,0,0,0,0,0,0,0,0,0,144,0,4,70,0
9.590000,0.00,0.000,0.000,0,0,0.000,0,0,0.000,39.000,55.000,0,0,0,0,0,0,0,0,0,0,0,144,0,4,70,0
9.595000,0.00,0.000,0.000,0,0,0.000,0,0,0.000,39.000,55.000,0,0,0,0,0,0,0,0,0,0,0,144,0,4,70,0
9.600000,0.00,0.000,0.000,0,0,0.000,0,0,0.000,39.000,55.000,0,0,0,0,0,0,0,0,0,0,0,144,0,4,70,0
9.605000,0.00,0.000,0.000,0,0,0.000,0,0,0.000,39.000,55.000,0,0,0,0,0,0,0,0,0,0,0,144,0,4,70,0
9.610000,0.00,0.000,0.000,0,0,0.000,0,0,0.000,39.000,55.000,0,0,0,0,0,0,0,0,0,0,0,144,0,4,70,0
9.615000,0.00,0.000,0.000,0,0,0.000,0,0,0.000,39.000,55.000,0,0,0,0,0,0,0,0,0,0,0,144,0,4,70,0
9.620000,0.00,0.000,0.000,0,0,0.000,0,0,0.000,39.000,55.000,0,0,0,0,0,0,0,0,0,0,0,144,0,4,70,0
9.625000,0.00,0.000,0.000,0,0,0.000,0,0,0.000,39.000,55.000,0,0,0,0,0,0,0,0,0,0,0,144,0,4,70,0
9.630000,0.00,0.000,0.000,0,0,0.000,0,0,0.000,39.000,55.000,0,0,0,0,0,0,0,0,0,0,0,144,0,4,70,0
9.635000,0.00,0.000,0.000,0,0,0.000,0,0,0.000,39.000,55.000,0,0,0,0,0,0,0,0,0,0,0,144,0,4,70,0
9.640000,0.00,0.000,0.000,0,0,0.000,0,0,0.000,39.000,55.000,0,0,0,0,0,0,0,0,0,0,0,144,0,4,70,0
9.645000,0.00,0.000,0.000,0,0,0.000,0,0,0.000,39.000,55.000,0,0,0,0,0,0,0,0,0,0,0,144,0,4,70,0
9.650000,0.00,0.000,0.000,0,0,0.000,0,0,0.000,39.000,55.000,0,0,0,0,0,0,0,0,0,0,0,144,0,4,70,0
9.655000,0.00,0.000,0.000,0,0,0.000,0,0,0.000,39.000,55.000,0,0,0,0,0,0,0,0,0,0,0,144,0,4,70,0
9.660000,0.00,0.000,0.000,0,0,0.000,0,0,0.000,39.000,55.000,0,0,0,0,0,0,0,0,0,0,0,144,0,4,70,0
9.665000,0.00,0.000,0.000,0,0,0.000,0,0,0.000,39.000,55.000,0,0,0,0,0,0,0,0,0,0,0,144,0,4,70,0
9.670000,0.00,0.000,0.000,0,0,0.000,0,0,0.000,39.000,55.000,0,0,0,0,0,0,0,0,0,0,0,144,0,4,70,0
9.675000,0.00,0.000,0.000,0,0,0.000,0,0,0.000,39.000,55.000,0,0,0,0,0,0,0,0,0,0,0,144,0,4,70,0
9.680000,0.00,0.000,0.000,0,0,0.000,0,0,0.000,39.000,55.000,0,0,0,0,0,0,0,0,0,0,0,144,0,4,70,0
9.685000,0.00,0.000,0.000,0,0,0.000,0,0,0.000,39.000,55.000,0,0,0,0,0,0,0,0,0,0,0,144,0,4,70,0
9.690000,0.00,0.000,0.000,0,0,0.000,0,0,0.000,39.000,55.000,0,0,0,0,0,0,0,0,0,0,0,144,0,4,70,0
9.695000,0.00,0.000,0.000,0,0,0.000,0,0,0.000,39.000,55.000,0,0,0,0,0,0,0,0,0,0,0,144,0,4,70,0
9.700000,0.00,0.000,0.000,0,0,0.000,0,0,0.000,39.000,55.000,0,0,0,0,0,0,0,0,0,0,0,144,0,4,70,0
9.705000,0.00,0.000,0.000,0,0,0.000,0,0,0.000,39.000,55.000,0,0,0,0,0,0,0,0,0,0,0,144,0,4,70,0
9.710000,0.00,0.000,0.000,0,0,0.000,0,0,0.000,39.000,55.000,0,0,0,0,0,0,0,0,0,0,0,144,0,4,70,0
9.715000,0.00,0.000,0.000,0,0,0.000,0,0,0.000,39.000,55.000,0,0,0,0,0,0,0,0,0,0,0,144,0,4,70,0
9.720000,0.00,0.000,0.000,0,0,0.000,0,0,0.000,39.000,55.000,0,0,0,0,0,0,0,0,0,0,0,144,0,4,70,0
9.725000,0.00,0.000,0.000,0,0,0.000,0,0,0.000,39.000,55.000,0,0,0,0,0,0,0,0,0,0,0,144,0,4,70,0
9.730000,0.00,0.000,0.000,0,0,0.000,0,0,0.000,39.000,55.000,0,0,0,0,0,0,0,0,0,0,0,144,0,4,70,0
9.735000,0.00,0.000,0.000,0,0,0.000,0,0,0.000,39.000,55.000,0,0,0,0,0,0,0,0,0,0,0,144,0,4,70,0
9.740000,0.00,0.000,0.000,0,0,0.000,0,0,0.000,39.000,55.000,0,0,0,0,0,0,0,0,0,0,0,144,0,4,70,0
9.745000,0.00,0.000,0.000,0,0,0.000,0,0,0.000,39.000,55.000,0,0,0,0,0,0,0,0,0,0,0,144,0,4,70,0
9.750000,0.00,0.000,0.000,0,0,0.000,0,0,0.000,39.000,55.000,0,0,0,0,0,0,0,0,0,0,0,144,0,4,70,0
9.755000,0.00,0.000,0.000,0,0,0.000,0,0,0.000,39.000,55.000,0,0,0,0,0,0,0,0,0,0,0,144,0,4,70,0
9.760000,0.00,0.000,0.000,0,0,0.000,0,0,0.000,39.000,55.000,0,0,0,0,0,0,0,0,0,0,0,144,0,4,70,0
9.765000,0.00,0.000,0.000,0,0,0.000,0,0,0.000,39.000,55.000,0,0,0,0,0,0,0,0,0,0,0,144,0,4,70,0
9.770000,0.00,0.000,0.000,0,0,0.000,0,0,0.000,39.000,55.000,0,0,0,0,0,0,0,0,0,0,0,144,0,4,70,0
9.775000,0.00,0.000,0.000,0,0,0.000,0,0,0.000,39.000,55.000,0,0,0,0,0,0,0,0,0,0,0,144,0,4,70,0
9.780000,0.00,0.000,0.000,0,0,0.000,0,0,0.000,39.000,55.000,0,0,0,0,0,0,0,0,0,0,0,144,0,4,70,0
9.785000,0.00,0.000,0.000,0,0,0.000,0,0,0.000,39.000,55.000,0,0,0,0,0,0,0,0,0,0,0,144,0,4,70,0
9.790000,0.00,0.000,0.000,0,0,0.000,0,0,0.000,39.000,55.000,0,0,0,0,0,0,0,0,0,0,0,144,0,4,70,0
9.795000,0.00,0.000,0.000,0,0,0.000,0,0,0.000,39.000,55.000,0,0,0,0,0,0,0,0,0,0,0,144,0,4,70,0
9.800000,0.00,0.000,0.000,0,0,0.000,0,0,0.000,39.000,55.000,0,0,0,0,0,0,0,0,0,0,0,144,0,4,70,0
9.805000,0.00,0.000,0.000,0,0,0.000,0,0,0.000,39.000,55.000,0,0,0,0,0,0,0,0,0,0,0,144,0,4,70,0
9.810000,0.00,0.000,0.000,0,0,0.000,0,0,0.000,39.000,55.000,0,0,0,0,0,0,0,0,0,0,0,144,0,4,70,0
9.815000,0.00,0.000,0.000,0,0,0.000,0,0,0.000,39.000,55.000,0,0,0,0,0,0,0,0,0,0,0,144,0,4,70,0
9.820000,0.00,0.000,0.000,0,0,0.000,0,0,0.000,39.000,55.000,0,0,0,0,0,0,0,0,0,0,0,144,0,4,70,0
9.825000,0.00,0.000,0.000,0,0,0.000,0,0,0.000,39.000,55.000,0,0,0,0,0,0,0,0,0,0,0,144,0,4,70,0
9.830000,0.00,0.000,0.000,0,0,0.000,0,0,0.000,39.000,55.000,0,0,0,0,0,0,0,0,0,0,0,144,0,4,70,0
9.835000,0.00,0.000,0.000,0,0,0.000,0,0,0.000,39.000,55.000,0,0,0,0,0,0,0,0,0,0,0,144,0,4,70,0
9.840000,0.00,0.000,0.000,0,0,0.000,0,0,0.000,39.000,55.000,0,0,0,0,0,0,0,0,0,0,0,144,0,4,70,0
9.845000,0.00,0.000,0.000,0,0,0.000,0,0,0.000,39.000,55.000,0,0,0,0,0,0,0,0,0,0,0,144,0,4,70,0
9.850000,0.00,0.000,0.000,0,0,0.000,0,0,0.000,39.000,55.000,0,0,0,0,0,0,0,0,0,0,0,144,0,4,70,0
9.855000,0.00,0.000,0.000,0,0,0.000,0,0,0.000,39.000,55.000,0,0,0,0,0,0,0,0,0,0,0,144,0,4,70,0
9.860000,0.00,0.000,0.000,0,0,0.000,0,0,0.000,39.000,55.000,0,0,0,0,0,0,0,0,0,0,0,144,0,4,70,0
9.865000,0.00,0.000,0.000,0,0,0.000,0,0,0.000,39.000,55.000,0,0,0,0,0,0,0,0,0,0,0,144,0,4,70,0
9.870000,0.00,0.000,0.000,0,0,0.000,0,0,0.000,39.000,55.000,0,0,0,0,0,0,0,0,0,0,0,144,0,4,70,0
9.875000,0.00,0.000,0.000,0,0,0.000,0,0,0.000,39.000,55.000,0,0,0,0,0,0,0,0,0,0,0,144,0,4,70,0
9.880000,0.00,0.000,0.000,0,0,0.000,0,0,0.000,39.000,55.000,0,0,0,0,0,0,0,0,0,0,0,144,0,4,70,0
9.885000,0.00,0.000,0.000,0,0,0.000,0,0,0.000,39.000,55.000,0,0,0,0,0,0,0,0,0,0,0,144,0,4,70,0
9.890000,0.00,0.000,0.000,0,0,0.000,0,0,0.000,39.000,55.000,0,0,0,0,0,0,0,0,0,0,0,144,0,4,70,0
9.895000,0.00,0.000,0.000,0,0,0.000,0,0,0.000,39.000,55.000,0,0,0,0,0,0,0,0,0,0,0,144,0,4,70,0
9.900000,0.00,0.000,0.000,0,0,0.000,0,0,0.000,39.000,55.000,0,0,0,0,0,0,0,0,0,0,0,144,0,4,70,0
9.905000,0.00,0.000,0.000,0,0,0.000,0,0,0.000,39.000,55.000,0,0,0,0,0,0,0,0,0,0,0,144,0,4,70,0
9.910000,0.00,0.000,0.000,0,0,0.000,0,0,0.000,39.000,55.000,0,0,0,0,0,0,0,0,0,0,0,144,0,4,70,0
9.915000,0.00,0.000,0.000,0,0,0.000,0,0,0.000,39.000,55.000,0,0,0,0,0,0,0,0,0,0,0,144,0,4,70,0
9.920000,0.00,0.000,0.000,0,0,0.000,0,0,0.000,39.000,55.000,0,0,0,0,0,0,0,0,0,0,0,144,0,4,70,0
9.925000,0.00,0.000,0.000,0,0,0.000,0,0,0.000,39.000,55.000,0,0,0,0,0,0,0,0,0,0,0,144,0,4,70,0
9.930000,0.00,0.000,0.000,0,0,0.000,0,0,0.000,39.000,55.000,0,0,0,0,0,0,0,0,0,0,0,144,0,4,70,0
9.935000,0.00,0.000,0.000,0,0,0.000,0,0,0.000,39.000,55.000,0,0,0,0,0,0,0,0,0,0,0,144,0,4,70,0
9.940000,0.00,0.000,0.000,0,0,0.000,0,0,0.000,39.000,55.000,0,0,0,0,0,0,0,0,0,0,0,144,0,4,70,0
9.945000,0.00,0.000,0.000,0,0,0.000,0,0,0.000,39.000,55.000,0,0,0,0,0,0,0,0,0,0,0,144,0,4,70,0
9.950000,0.00,0.000,0.000,0,0,0.000,0,0,0.000,39.000,55.000,0,0,0,0,0,0,0,0,0,0,0,144,0,4,70,0
9.955000,0.00,0.000,0.000,0,0,0.000,0,0,0.000,39.000,55.000,0,0,0,0,0,0,0,0,0,0,0,144,0,4,70,0
9.960000,0.00,0.000,0.000,0,0,0.000,0,0,0.000,39.000,55.000,0,0,0,0,0,0,0,0,0,0,0,144,0,4,70,0
9.965000,0.00,0.000,0.000,0,0,0.000,0,0,0.000,39.000,55.000,0,0,0,0,0,0,0,0,0,0,0,144,0,4,70,0
9.970000,0.00,0.000,0.000,0,0,0.000,0,0,0.000,39.000,55.000,0,0,0,0,0,0,0,0,0,0,0,144,0,4,70,0
9.975000,0.00,0.000,0.000,0,0,0.000,0,0,0.000,39.000,55.000,0,0,0,0,0,0,0,0,0,0,0,144,0,4,70,0
9.980000,0.00,0.000,0.000,0,0,0.000,0,0,0.000,39.000,55.000,0,0,0,0,0,0,0,0,0,0,0,144,0,4,70,0
9.985000,0.00,0.000,0.000,0,0,0.000,0,0,0.000,39.000,55.000,0,0,0,0,0,0,0,0,0,0,0,144,0,4,70,0
9.990000,0.00,0.000,0.000,0,0,0.000,0,0,0.000,39.000,55.000,0,0,0,0,0,0,0,0,0,0,0,144,0,4,70,0
9.995000,0.00,0.000,0.000,0,0,0.000,0,0,0.000,39.000,55.000,0,0,0,0,0,0,0,0,0,0,0,144,0,4,70,0
10.000000,0.00,0.000,0.000,0,0,0.000,0,0,0.000,39.000,55.000,0,0,0,0,0,0,0,0,0,0,0,144,0,4,70,0
