time_s,crank_angle_deg,torque_gen_nm,torque_load_kg,torque_fast_native,torque_run_native,cadence_gen_rpm,cadence_raw_rpm,cadence_control_rpm,speed_kph,battery_v,soc_pct,human_power_w,assist_basis_power_w,motor_power_w,support_pct,iq_mode_request,iq_before_profile_limit,iq_requested,iq_allowed,iq_pre_ramp,iq_ref,session,debug_flags,battery_limit,gate_steps,gate_load_ckg,pedalling
0.005000,0.00,0.000,0.000,0,0,0.000,0,0,18.000,39.000,55.000,0,0,0,0,0,0,0,0,0,0,0,144,0,3,70,0
0.010000,0.00,0.000,0.000,0,0,0.000,0,0,18.000,39.000,55.000,0,0,0,0,0,0,0,0,0,0,0,144,0,3,70,0
0.015000,0.00,0.000,0.000,0,0,0.000,0,0,18.000,39.000,55.000,0,0,0,0,0,0,0,0,0,0,0,144,0,3,70,0
0.020000,0.00,0.000,0.000,0,0,0.000,0,0,18.000,39.000,55.000,0,0,0,0,0,0,0,0,0,0,0,144,0,3,70,0
0.025000,0.00,0.000,0.000,0,0,0.000,0,0,18.000,39.000,55.000,0,0,0,0,0,0,0,0,0,0,0,144,0,3,70,0
0.030000,0.00,0.000,0.000,0,0,0.000,0,0,18.000,39.000,55.000,0,0,0,0,0,0,0,0,0,0,0,144,0,3,70,0
0.035000,0.00,0.000,0.000,0,0,0.000,0,0,18.000,39.000,55.000,0,0,0,0,0,0,0,0,0,0,0,144,0,3,70,0
0.040000,0.00,0.000,0.000,0,0,0.000,0,0,18.000,39.000,55.000,0,0,0,0,0,0,0,0,0,0,0,144,0,3,70,0
0.045000,0.00,0.000,0.000,0,0,0.000,0,0,18.000,39.000,55.000,0,0,0,0,0,0,0,0,0,0,0,144,0,3,70,0
0.050000,0.00,0.000,0.000,0,0,0.000,0,0,18.000,39.000,55.000,0,0,0,0,0,0,0,0,0,0,0,144,0,3,70,0
0.055000,0.00,0.000,0.000,0,0,0.000,0,0,18.000,39.000,55.000,0,0,0,0,0,0,0,0,0,0,0,144,0,3,70,0
0.060000,0.00,0.000,0.000,0,0,0.000,0,0,18.000,39.000,55.000,0,0,0,0,0,0,0,0,0,0,0,144,0,3,70,0
0.065000,0.00,0.000,0.000,0,0,0.000,0,0,18.000,39.000,55.000,0,0,0,0,0,0,0,0,0,0,0,144,0,3,70,0
0.070000,0.00,0.000,0.000,0,0,0.000,0,0,18.000,39.000,55.000,0,0,0,0,0,0,0,0,0,0,0,144,0,3,70,0
0.075000,0.00,0.000,0.000,0,0,0.000,0,0,18.000,39.000,55.000,0,0,0,0,0,0,0,0,0,0,0,144,0,3,70,0
0.080000,0.00,0.000,0.000,0,0,0.000,0,0,18.000,39.000,55.000,0,0,0,0,0,0,0,0,0,0,0,144,0,3,70,0
0.085000,0.00,0.000,0.000,0,0,0.000,0,0,18.000,39.000,55.000,0,0,0,0,0,0,0,0,0,0,0,144,0,3,70,0
0.090000,0.00,0.000,0.000,0,0,0.000,0,0,18.000,39.000,55.000,0,0,0,0,0,0,0,0,0,0,0,144,0,3,70,0
0.095000,0.00,0.000,0.000,0,0,0.000,0,0,18.000,39.000,55.000,0,0,0,0,0,0,0,0,0,0,0,144,0,3,70,0
0.100000,0.00,0.000,0.000,0,0,0.000,0,0,18.000,39.000,55.000,0,0,0,0,0,0,0,0,0,0,0,144,0,3,70,0
0.105000,0.00,0.000,0.000,0,0,0.000,0,0,18.000,39.000,55.000,0,0,0,0,0,0,0,0,0,0,0,144,0,3,70,0
0.110000,0.00,0.000,0.000,0,0,0.000,0,0,18.000,39.000,55.000,0,0,0,0,0,0,0,0,0,0,0,144,0,3,70,0
0.115000,0.00,0.000,0.000,0,0,0.000,0,0,18.000,39.000,55.000,0,0,0,0,0,0,0,0,0,0,0,144,0,3,70,0
0.120000,0.00,0.000,0.000,0,0,0.000,0,0,18.000,39.000,55.000,0,0,0,0,0,0,0,0,0,0,0,144,0,3,70,0
0.125000,0.00,0.000,0.000,0,0,0.000,0,0,18.000,39.000,55.000,0,0,0,0,0,0,0,0,0,0,0,144,0,3,70,0
0.130000,0.00,0.000,0.000,0,0,0.000,0,0,18.000,39.000,55.000,0,0,0,0,0,0,0,0,0,0,0,144,0,3,70,0
0.135000,0.00,0.000,0.000,0,0,0.000,0,0,18.000,39.000,55.000,0,0,0,0,0,0,0,0,0,0,0,144,0,3,70,0
0.140000,0.00,0.000,0.000,0,0,0.000,0,0,18.000,39.000,55.000,0,0,0,0,0,0,0,0,0,0,0,144,0,3,70,0
0.145000,0.00,0.000,0.000,0,0,0.000,0,0,18.000,39.000,55.000,0,0,0,0,0,0,0,0,0,0,0,144,0,3,70,0
0.150000,0.00,0.000,0.000,0,0,0.000,0,0,18.000,39.000,55.000,0,0,0,0,0,0,0,0,0,0,0,144,0,3,70,0
0.155000,0.00,0.000,0.000,0,0,0.000,0,0,18.000,39.000,55.000,0,0,0,0,0,0,0,0,0,0,0,144,0,3,70,0
0.160000,0.00,0.000,0.000,0,0,0.000,0,0,18.000,39.000,55.000,0,0,0,0,0,0,0,0,0,0,0,144,0,3,70,0
0.165000,0.00,0.000,0.000,0,0,0.000,0,0,18.000,39.000,55.000,0,0,0,0,0,0,0,0,0,0,0,144,0,3,70,0
0.170000,0.00,0.000,0.000,0,0,0.000,0,0,18.000,39.000,55.000,0,0,0,0,0,0,0,0,0,0,0,144,0,3,70,0
0.175000,0.00,0.000,0.000,0,0,0.000,0,0,18.000,39.000,55.000,0,0,0,0,0,0,0,0,0,0,0,144,0,3,70,0
0.180000,0.00,0.000,0.000,0,0,0.000,0,0,18.000,39.000,55.000,0,0,0,0,0,0,0,0,0,0,0,144,0,3,70,0
0.185000,0.00,0.000,0.000,0,0,0.000,0,0,18.000,39.000,55.000,0,0,0,0,0,0,0,0,0,0,0,144,0,3,70,0
0.190000,0.00,0.000,0.000,0,0,0.000,0,0,18.000,39.000,55.000,0,0,0,0,0,0,0,0,0,0,0,144,0,3,70,0
0.195000,0.00,0.000,0.000,0,0,0.000,0,0,18.000,39.000,55.000,0,0,0,0,0,0,0,0,0,0,0,144,0,3,70,0
0.200000,0.00,0.000,0.000,0,0,0.000,0,0,18.000,39.000,55.000,0,0,0,0,0,0,0,0,0,0,0,144,0,3,70,0
0.205000,0.00,0.000,0.000,0,0,0.000,0,0,18.000,39.000,55.000,0,0,0,0,0,0,0,0,0,0,0,144,0,3,70,0
0.210000,0.00,0.000,0.000,0,0,0.000,0,0,18.000,39.000,55.000,0,0,0,0,0,0,0,0,0,0,0,144,0,3,70,0
0.215000,0.00,0.000,0.000,0,0,0.000,0,0,18.000,39.000,55.000,0,0,0,0,0,0,0,0,0,0,0,144,0,3,70,0
0.220000,0.00,0.000,0.000,0,0,0.000,0,0,18.000,39.000,55.000,0,0,0,0,0,0,0,0,0,0,0,144,0,3,70,0
0.225000,0.00,0.000,0.000,0,0,0.000,0,0,18.000,39.000,55.000,0,0,0,0,0,0,0,0,0,0,0,144,0,3,70,0
0.230000,0.00,0.000,0.000,0,0,0.000,0,0,18.000,39.000,55.000,0,0,0,0,0,0,0,0,0,0,0,144,0,3,70,0
0.235000,0.00,0.000,0.000,0,0,0.000,0,0,18.000,39.000,55.000,0,0,0,0,0,0,0,0,0,0,0,144,0,3,70,0
0.240000,0.00,0.000,0.000,0,0,0.000,0,0,18.000,39.000,55.000,0,0,0,0,0,0,0,0,0,0,0,144,0,3,70,0
0.245000,0.00,0.000,0.000,0,0,0.000,0,0,18.000,39.000,55.000,0,0,0,0,0,0,0,0,0,0,0,144,0,3,70,0
0.250000,0.00,0.000,0.000,0,0,0.000,0,0,18.000,39.000,55.000,0,0,0,0,0,0,0,0,0,0,0,144,0,3,70,0
0.255000,0.00,0.000,0.000,0,0,0.000,0,0,18.000,39.000,55.000,0,0,0,0,0,0,0,0,0,0,0,144,0,3,70,0
0.260000,0.00,0.000,0.000,0,0,0.000,0,0,18.000,39.000,55.000,0,0,0,0,0,0,0,0,0,0,0,144,0,3,70,0
0.265000,0.00,0.000,0.000,0,0,0.000,0,0,18.000,39.000,55.000,0,0,0,0,0,0,0,0,0,0,0,144,0,3,70,0
0.270000,0.00,0.000,0.000,0,0,0.000,0,0,18.000,39.000,55.000,0,0,0,0,0,0,0,0,0,0,0,144,0,3,70,0
0.275000,0.00,0.000,0.000,0,0,0.000,0,0,18.000,39.000,55.000,0,0,0,0,0,0,0,0,0,0,0,144,0,3,70,0
0.280000,0.00,0.000,0.000,0,0,0.000,0,0,18.000,39.000,55.000,0,0,0,0,0,0,0,0,0,0,0,144,0,3,70,0
0.285000,0.00,0.000,0.000,0,0,0.000,0,0,18.000,39.000,55.000,0,0,0,0,0,0,0,0,0,0,0,144,0,3,70,0
0.290000,0.00,0.000,0.000,0,0,0.000,0,0,18.000,39.000,55.000,0,0,0,0,0,0,0,0,0,0,0,144,0,3,70,0
0.295000,0.00,0.000,0.000,0,0,0.000,0,0,18.000,39.000,55.000,0,0,0,0,0,0,0,0,0,0,0,144,0,3,70,0
0.300000,0.00,0.000,0.000,0,0,0.000,0,0,18.000,39.000,55.000,0,0,0,0,0,0,0,0,0,0,0,144,0,3,70,0
0.305000,0.00,0.000,0.000,0,0,0.000,0,0,18.000,39.000,55.000,0,0,0,0,0,0,0,0,0,0,0,144,0,3,70,0
0.310000,0.00,0.000,0.000,0,0,0.000,0,0,18.000,39.000,55.000,0,0,0,0,0,0,0,0,0,0,0,144,0,3,70,0
0.315000,0.00,0.000,0.000,0,0,0.000,0,0,18.000,39.000,55.000,0,0,0,0,0,0,0,0,0,0,0,144,0,3,70,0
0.320000,0.00,0.000,0.000,0,0,0.000,0,0,18.000,39.000,55.000,0,0,0,0,0,0,0,0,0,0,0,144,0,3,70,0
0.325000,0.00,0.000,0.000,0,0,0.000,0,0,18.000,39.000,55.000,0,0,0,0,0,0,0,0,0,0,0,144,0,3,70,0
0.330000,0.00,0.000,0.000,0,0,0.000,0,0,18.000,39.000,55.000,0,0,0,0,0,0,0,0,0,0,0,144,0,3,70,0
0.335000,0.00,0.000,0.000,0,0,0.000,0,0,18.000,39.000,55.000,0,0,0,0,0,0,0,0,0,0,0,144,0,3,70,0
0.340000,0.00,0.000,0.000,0,0,0.000,0,0,18.000,39.000,55.000,0,0,0,0,0,0,0,0,0,0,0,144,0,3,70,0
0.345000,0.00,0.000,0.000,0,0,0.000,0,0,18.000,39.000,55.000,0,0,0,0,0,0,0,0,0,0,0,144,0,3,70,0
0.350000,0.00,0.000,0.000,0,0,0.000,0,0,18.000,39.000,55.000,0,0,0,0,0,0,0,0,0,0,0,144,0,3,70,0
0.355000,0.00,0.000,0.000,0,0,0.000,0,0,18.000,39.000,55.000,0,0,0,0,0,0,0,0,0,0,0,144,0,3,70,0
0.360000,0.00,0.000,0.000,0,0,0.000,0,0,18.000,39.000,55.000,0,0,0,0,0,0,0,0,0,0,0,144,0,3,70,0
0.365000,0.00,0.000,0.000,0,0,0.000,0,0,18.000,39.000,55.000,0,0,0,0,0,0,0,0,0,0,0,144,0,3,70,0
0.370000,0.00,0.000,0.000,0,0,0.000,0,0,18.000,39.000,55.000,0,0,0,0,0,0,0,0,0,0,0,144,0,3,70,0
0.375000,0.00,0.000,0.000,0,0,0.000,0,0,18.000,39.000,55.000,0,0,0,0,0,0,0,0,0,0,0,144,0,3,70,0
0.380000,0.00,0.000,0.000,0,0,0.000,0,0,18.000,39.000,55.000,0,0,0,0,0,0,0,0,0,0,0,144,0,3,70,0
0.385000,0.00,0.000,0.000,0,0,0.000,0,0,18.000,39.000,55.000,0,0,0,0,0,0,0,0,0,0,0,144,0,3,70,0
0.390000,0.00,0.000,0.000,0,0,0.000,0,0,18.000,39.000,55.000,0,0,0,0,0,0,0,0,0,0,0,144,0,3,70,0
0.395000,0.00,0.000,0.000,0,0,0.000,0,0,18.000,39.000,55.000,0,0,0,0,0,0,0,0,0,0,0,144,0,3,70,0
0.400000,0.00,0.000,0.000,0,0,0.000,0,0,18.000,39.000,55.000,0,0,0,0,0,0,0,0,0,0,0,144,0,3,70,0
0.405000,0.00,0.000,0.000,0,0,0.000,0,0,18.000,39.000,55.000,0,0,0,0,0,0,0,0,0,0,0,144,0,3,70,0
0.410000,0.00,0.000,0.000,0,0,0.000,0,0,18.000,39.000,55.000,0,0,0,0,0,0,0,0,0,0,0,144,0,3,70,0
0.415000,0.00,0.000,0.000,0,0,0.000,0,0,18.000,39.000,55.000,0,0,0,0,0,0,0,0,0,0,0,144,0,3,70,0
0.420000,0.00,0.000,0.000,0,0,0.000,0,0,18.000,39.000,55.000,0,0,0,0,0,0,0,0,0,0,0,144,0,3,70,0
0.425000,0.00,0.000,0.000,0,0,0.000,0,0,18.000,39.000,55.000,0,0,0,0,0,0,0,0,0,0,0,144,0,3,70,0
0.430000,0.00,0.000,0.000,0,0,0.000,0,0,18.000,39.000,55.000,0,0,0,0,0,0,0,0,0,0,0,144,0,3,70,0
0.435000,0.00,0.000,0.000,0,0,0.000,0,0,18.000,39.000,55.000,0,0,0,0,0,0,0,0,0,0,0,144,0,3,70,0
0.440000,0.00,0.000,0.000,0,0,0.000,0,0,18.000,39.000,55.000,0,0,0,0,0,0,0,0,0,0,0,144,0,3,70,0
0.445000,0.00,0.000,0.000,0,0,0.000,0,0,18.000,39.000,55.000,0,0,0,0,0,0,0,0,0,0,0,144,0,3,70,0
0.450000,0.00,0.000,0.000,0,0,0.000,0,0,18.000,39.000,55.000,0,0,0,0,0,0,0,0,0,0,0,144,0,3,70,0
0.455000,0.00,0.000,0.000,0,0,0.000,0,0,18.000,39.000,55.000,0,0,0,0,0,0,0,0,0,0,0,144,0,3,70,0
0.460000,0.00,0.000,0.000,0,0,0.000,0,0,18.000,39.000,55.000,0,0,0,0,0,0,0,0,0,0,0,144,0,3,70,0
0.465000,0.00,0.000,0.000,0,0,0.000,0,0,18.000,39.000,55.000,0,0,0,0,0,0,0,0,0,0,0,144,0,3,70,0
0.470000,0.00,0.000,0.000,0,0,0.000,0,0,18.000,39.000,55.000,0,0,0,0,0,0,0,0,0,0,0,144,0,3,70,0
0.475000,0.00,0.000,0.000,0,0,0.000,0,0,18.000,39.000,55.000,0,0,0,0,0,0,0,0,0,0,0,144,0,3,70,0
0.480000,0.00,0.000,0.000,0,0,0.000,0,0,18.000,39.000,55.000,0,0,0,0,0,0,0,0,0,0,0,144,0,3,70,0
0.485000,0.00,0.000,0.000,0,0,0.000,0,0,18.000,39.000,55.000,0,0,0,0,0,0,0,0,0,0,0,144,0,3,70,0
0.490000,0.00,0.000,0.000,0,0,0.000,0,0,18.000,39.000,55.000,0,0,0,0,0,0,0,0,0,0,0,144,0,3,70,0
0.495000,0.00,0.000,0.000,0,0,0.000,0,0,18.000,39.000,55.000,0,0,0,0,0,0,0,0,0,0,0,144,0,3,70,0
0.500000,0.04,28.022,16.820,2,0,30.000,0,0,18.000,39.000,55.000,0,0,0,0,0,0,0,0,0,0,0,16,0,3,70,1
0.505000,0.95,28.453,17.100,47,1,30.000,0,0,18.000,39.000,55.000,0,0,0,0,0,0,0,0,0,0,0,16,0,3,70,1
0.510000,1.85,28.883,17.310,86,4,30.000,0,0,18.000,39.000,55.000,0,0,0,0,0,0,0,0,0,0,0,16,0,3,70,1
0.515000,2.75,29.313,17.590,121,8,30.000,0,0,18.000,39.000,55.000,0,0,0,0,0,0,0,0,0,0,0,16,0,3,70,1
0.520000,3.65,29.741,17.860,152,13,30.000,0,0,18.000,39.000,55.000,0,0,0,0,0,0,0,0,0,0,0,16,0,3,70,1
0.525000,4.55,30.168,18.080,179,19,30.000,0,0,18.000,39.000,55.000,0,0,0,0,0,0,0,0,0,0,0,16,0,3,70,1
0.530000,5.45,30.593,18.350,203,26,30.000,0,0,18.000,39.000,55.000,0,0,0,0,0,0,0,0,0,0,0,16,0,3,70,1
0.535000,6.35,31.015,18.620,225,34,30.000,0,0,18.000,39.000,55.000,0,0,0,0,0,0,0,0,0,0,0,16,0,3,70,1
0.540000,7.25,31.435,18.840,244,42,30.000,0,0,18.000,39.000,55.000,0,0,0,0,0,0,0,0,0,0,0,16,0,3,70,1
0.545000,8.15,31.852,19.110,262,51,30.000,0,0,18.000,39.000,55.000,0,0,0,160,36,36,0,0,0,0,0,16,0,3,30,1
0.550000,9.05,32.265,19.330,277,60,30.000,0,0,18.000,39.000,55.000,0,0,0,160,43,43,0,0,0,0,0,16,0,3,30,1
0.555000,9.95,32.674,19.600,292,69,30.000,0,0,18.000,39.000,55.000,0,0,0,160,49,49,0,0,0,0,0,16,0,3,30,1
0.560000,10.85,33.078,19.820,304,78,30.000,0,0,18.000,39.000,55.000,0,0,0,160,56,56,0,0,0,0,0,16,0,3,30,1
0.565000,11.75,33.478,20.090,316,310,30.000,0,0,18.000,39.000,55.000,0,0,0,160,261,261,261,261,261,10,1,0,0,3,30,1
0.570000,12.65,33.873,20.310,327,311,30.000,0,0,18.000,39.000,55.000,0,0,0,160,262,262,262,262,262,27,1,0,0,3,30,1
0.575000,13.55,34.263,20.520,337,311,30.000,0,0,18.000,39.000,55.000,0,0,0,160,262,262,262,262,262,44,1,0,0,3,30,1
0.580000,14.45,34.646,20.790,346,313,30.000,0,0,18.000,39.000,55.000,0,0,0,160,264,264,264,264,264,61,1,0,0,3,30,1
0.585000,15.35,35.024,21.010,355,314,30.000,0,0,18.000,39.000,55.000,0,0,0,160,265,265,265,265,265,78,1,0,0,3,30,1
0.590000,16.25,35.395,21.230,363,316,30.000,0,0,18.000,39.000,55.000,0,0,0,160,267,267,267,267,267,95,1,0,0,3,30,1
0.595000,17.15,35.759,21.450,370,318,30.000,0,0,18.000,39.000,55.000,0,0,0,160,269,269,269,269,269,112,1,0,0,3,30,1
0.600000,18.05,36.116,21.670,377,320,30.000,0,0,18.000,39.000,55.000,0,0,0,160,271,271,271,271,271,129,1,0,0,3,30,1
0.605000,18.95,36.465,21.880,383,323,30.000,30,30,18.000,39.000,55.000,111,81,130,160,141,141,141,141,141,141,1,0,0,3,30,1
0.610000,19.85,36.807,22.100,390,325,30.000,30,30,18.000,39.000,55.000,112,82,131,160,142,142,142,142,142,142,1,0,0,3,30,1
0.615000,20.75,37.141,22.260,395,328,30.000,30,30,18.000,39.000,55.000,113,83,133,160,143,143,143,143,143,143,1,0,0,3,30,1
0.620000,21.65,37.466,22.480,401,331,30.000,30,30,18.000,39.000,55.000,114,84,134,160,145,145,145,145,145,145,1,0,0,3,30,1
0.625000,22.55,37.782,22.640,406,334,30.000,30,30,18.000,39.000,55.000,115,84,135,160,146,146,146,146,146,146,1,0,0,3,30,1
0.630000,23.45,38.090,22.860,411,337,30.000,30,30,18.000,39.000,55.000,116,85,137,160,148,148,148,148,148,148,1,0,0,3,30,1
0.635000,24.35,38.388,23.030,416,340,30.000,30,30,18.000,39.000,55.000,117,86,138,160,149,149,149,149,149,149,1,0,0,3,30,1
0.640000,25.25,38.676,23.190,421,343,30.000,30,30,18.000,39.000,55.000,117,87,140,160,151,151,151,151,151,151,1,0,0,3,30,1
0.645000,26.15,38.955,23.350,425,346,30.000,30,30,18.000,39.000,55.000,118,88,141,160,152,152,152,152,152,152,1,0,0,3,30,1
0.650000,27.05,39.224,23.510,429,349,30.000,30,30,18.000,39.000,55.000,119,89,142,160,154,154,154,154,154,154,1,0,0,3,30,1
0.655000,27.95,39.482,23.680,433,353,30.000,30,30,18.000,39.000,55.000,120,90,144,160,155,155,155,155,155,155,1,0,0,3,30,1
0.660000,28.85,39.730,23.840,437,356,30.000,30,30,18.000,39.000,55.000,121,91,145,160,157,157,157,157,157,157,1,0,0,3,30,1
0.665000,29.75,39.967,23.950,441,360,30.000,30,30,18.000,39.000,55.000,121,92,147,160,159,159,159,159,159,159,1,0,0,3,30,1
0.670000,30.65,40.193,24.110,444,363,30.000,30,30,18.000,39.000,55.000,122,93,149,160,160,160,160,160,160,160,1,0,0,3,30,1
0.675000,31.55,40.408,24.220,448,366,30.000,30,30,18.000,39.000,55.000,123,94,150,160,162,162,162,162,162,162,1,0,0,3,30,1
0.680000,32.45,40.611,24.380,451,370,30.000,30,30,18.000,39.000,55.000,123,95,152,160,164,164,164,164,164,164,1,0,0,3,30,1
0.685000,33.35,40.803,24.490,454,373,30.000,30,30,18.000,39.000,55.000,124,96,153,160,165,165,165,165,165,165,1,0,0,3,30,1
0.690000,34.25,40.983,24.600,457,376,30.000,30,30,18.000,39.000,55.000,125,96,154,160,167,167,167,167,167,167,1,0,0,3,30,1
0.695000,35.15,41.151,24.660,460,380,30.000,30,30,18.000,39.000,55.000,125,98,156,160,169,169,169,169,169,169,1,0,0,3,30,1
0.700000,36.05,41.307,24.770,463,383,30.000,30,30,18.000,39.000,55.000,125,98,158,160,170,170,170,170,170,170,1,0,0,3,30,1
0.705000,36.95,41.452,24.870,465,386,30.000,30,30,18.000,39.000,55.000,126,99,159,160,172,172,172,172,172,172,1,0,0,3,30,1
0.710000,37.85,41.583,24.930,468,389,30.000,30,30,18.000,39.000,55.000,126,100,160,160,173,173,173,173,173,173,1,0,0,3,30,1
0.715000,38.75,41.703,24.980,470,393,30.000,30,30,18.000,39.000,55.000,126,101,162,160,175,175,175,175,175,175,1,0,0,3,30,1
0.720000,39.65,41.810,25.090,472,396,30.000,30,30,18.000,39.000,55.000,127,102,164,160,177,177,177,177,177,177,1,0,0,3,30,1
0.725000,40.55,41.904,25.150,474,399,30.000,30,30,18.000,39.000,55.000,127,103,165,160,178,178,178,178,178,178,1,0,0,3,30,1
0.730000,41.45,41.986,25.200,476,402,30.000,30,30,18.000,39.000,55.000,128,104,166,160,180,180,180,180,180,180,1,0,0,3,30,1
0.735000,42.35,42.055,25.260,478,405,30.000,30,30,18.000,39.000,55.000,128,105,168,160,181,181,181,181,181,181,1,0,0,3,30,1
0.740000,43.25,42.111,25.260,479,408,30.000,30,30,18.000,39.000,55.000,128,105,169,160,183,183,183,183,183,183,1,0,0,3,30,1
0.745000,44.15,42.154,25.310,481,411,30.000,30,30,18.000,39.000,55.000,128,106,170,160,184,184,184,184,184,184,1,0,0,3,30,1
0.750000,45.05,42.185,25.310,482,414,30.000,30,30,18.000,39.000,55.000,128,107,172,160,186,186,186,186,186,186,1,0,0,3,30,1
0.755000,45.94,42.203,25.310,483,417,30.000,30,30,18.000,39.000,55.000,128,108,173,160,187,187,187,187,187,187,1,0,0,3,30,1
0.760000,46.84,42.208,25.310,484,419,30.000,30,30,18.000,39.000,55.000,128,109,174,160,188,188,188,188,188,188,1,0,0,3,30,1
0.765000,47.74,42.200,25.310,485,422,30.000,30,30,18.000,39.000,55.000,128,109,175,160,189,189,189,189,189,189,1,0,0,3,30,1
0.770000,48.64,42.180,25.310,486,424,30.000,30,30,18.000,39.000,55.000,128,110,176,160,190,190,190,190,190,190,1,0,0,3,30,1
0.775000,49.54,42.146,25.260,486,427,30.000,29,29,18.000,39.000,55.000,124,108,173,160,194,194,194,194,194,194,1,0,0,3,30,1
0.780000,50.44,42.100,25.260,487,429,30.000,29,29,18.000,39.000,55.000,124,109,174,160,195,195,195,195,195,195,1,0,0,3,30,1
0.785000,51.34,42.041,25.200,487,432,30.000,29,29,18.000,39.000,55.000,123,110,176,160,196,196,196,196,196,196,1,0,0,3,30,1
0.790000,52.24,41.970,25.200,487,434,30.000,29,29,18.000,39.000,55.000,123,110,177,160,197,197,197,197,197,197,1,0,0,3,30,1
0.795000,53.14,41.887,25.150,488,436,30.000,29,29,18.000,39.000,55.000,123,111,177,160,198,198,198,198,198,198,1,0,0,3,30,1
0.800000,54.04,41.790,25.090,487,438,30.000,29,29,18.000,39.000,55.000,123,111,178,160,199,199,199,199,199,199,1,0,0,3,30,1
0.805000,54.94,41.682,24.980,487,440,30.000,29,29,18.000,39.000,55.000,122,112,179,160,200,200,200,200,200,200,1,0,0,3,30,1
0.810000,55.84,41.562,24.930,487,442,30.000,29,29,18.000,39.000,55.000,122,112,180,160,201,201,201,201,201,201,1,0,0,3,30,1
0.815000,56.74,41.429,24.870,487,444,30.000,29,29,18.000,39.000,55.000,122,113,181,160,202,202,202,202,202,202,1,0,0,3,30,1
0.820000,57.64,41.285,24.770,486,445,30.000,29,29,18.000,39.000,55.000,121,113,181,160,203,203,203,203,203,203,1,0,0,3,30,1
0.825000,58.54,41.129,24.660,485,447,30.000,29,29,18.000,39.000,55.000,121,114,182,160,204,204,204,204,204,204,1,0,0,3,30,1
0.830000,59.44,40.961,24.550,484,449,30.000,29,29,18.000,39.000,55.000,120,114,183,160,205,205,205,205,205,205,1,0,0,3,30,1
0.835000,60.34,40.782,24.440,483,450,30.000,29,29,18.000,39.000,55.000,120,115,184,160,205,205,205,205,205,205,1,0,0,3,30,1
0.840000,61.24,40.592,24.330,482,451,30.000,29,29,18.000,39.000,55.000,119,115,184,160,206,206,206,206,206,206,1,0,0,3,30,1
0.845000,62.14,40.391,24.220,481,452,30.000,29,29,18.000,39.000,55.000,118,115,185,160,206,206,206,206,206,206,1,0,0,3,30,1
0.850000,63.04,40.179,24.110,479,454,30.000,29,29,18.000,39.000,55.000,118,116,185,160,207,207,207,207,207,207,1,0,0,3,30,1
0.855000,63.94,39.956,23.950,478,454,30.000,30,30,18.000,39.000,55.000,121,119,190,160,205,205,205,205,205,205,1,0,0,3,30,1
0.860000,64.84,39.723,23.840,476,455,30.000,30,30,18.000,39.000,55.000,121,119,191,160,206,206,206,206,206,206,1,0,0,3,30,1
0.865000,65.74,39.481,23.680,474,456,30.000,30,30,18.000,39.000,55.000,120,119,191,160,206,206,206,206,206,206,1,0,0,3,30,1
0.870000,66.64,39.228,23.510,472,457,30.000,30,30,18.000,39.000,55.000,119,119,191,160,207,207,207,207,207,207,1,0,0,3,30,1
0.875000,67.54,38.966,23.350,470,457,30.000,30,30,18.000,39.000,55.000,118,119,191,160,207,207,207,207,207,207,1,0,0,3,30,1
0.880000,68.44,38.694,23.190,468,458,30.000,30,30,18.000,39.000,55.000,117,120,192,160,207,207,207,207,207,207,1,0,0,3,30,1
0.885000,69.34,38.414,23.030,466,458,30.000,30,30,18.000,39.000,55.000,117,120,192,160,207,207,207,207,207,207,1,0,0,3,30,1
0.890000,70.24,38.124,22.860,463,458,30.000,30,30,18.000,39.000,55.000,116,120,192,160,207,207,207,207,207,207,1,0,0,3,30,1
0.895000,71.14,37.827,22.700,461,459,30.000,30,30,18.000,39.000,55.000,115,120,192,160,208,208,208,208,208,208,1,0,0,3,30,1
0.900000,72.04,37.521,22.540,458,459,30.000,30,30,18.000,39.000,55.000,114,120,192,160,208,208,208,208,208,208,1,0,0,3,30,1
0.905000,72.94,37.207,22.320,456,458,30.000,30,30,18.000,39.000,55.000,113,120,192,160,207,207,207,207,207,207,1,0,0,3,30,1
0.910000,73.84,36.886,22.150,453,458,30.000,30,30,18.000,39.000,55.000,112,120,192,160,207,207,207,207,207,207,1,0,0,3,30,1
0.915000,74.74,36.558,21.940,450,458,30.000,30,30,18.000,39.000,55.000,111,120,192,160,207,207,207,207,207,207,1,0,0,3,30,1
0.920000,75.64,36.223,21.720,447,458,30.000,30,30,18.000,39.000,55.000,110,120,192,160,207,207,207,207,207,207,1,0,0,3,30,1
0.925000,76.54,35.881,21.500,444,458,30.000,30,30,18.000,39.000,55.000,109,120,192,160,207,207,207,207,207,207,1,0,0,3,30,1
0.930000,77.44,35.533,21.280,440,458,30.000,30,30,18.000,39.000,55.000,108,120,192,160,207,207,207,207,207,207,1,0,0,3,30,1
0.935000,78.34,35.180,21.120,437,457,30.000,30,30,18.000,39.000,55.000,107,119,191,160,207,207,207,207,207,207,1,0,0,3,30,1
0.940000,79.24,34.821,20.900,434,457,30.000,29,29,18.000,39.000,55.000,102,117,187,160,209,209,209,209,209,209,1,0,0,3,30,1
0.945000,80.14,34.456,20.690,430,456,30.000,29,29,18.000,39.000,55.000,101,116,186,160,208,208,208,208,208,208,1,0,0,3,30,1
0.950000,81.04,34.087,20.470,427,456,30.000,29,29,18.000,39.000,55.000,100,116,186,160,208,208,208,208,208,208,1,0,0,3,30,1
0.955000,81.94,33.714,20.200,423,455,30.000,29,29,18.000,39.000,55.000,99,116,186,160,208,208,208,208,208,208,1,0,0,3,30,1
0.960000,82.84,33.337,19.980,419,455,30.000,29,29,18.000,39.000,55.000,98,116,186,160,208,208,208,208,208,208,1,0,0,3,30,1
0.965000,83.74,32.956,19.760,416,454,30.000,29,29,18.000,39.000,55.000,97,116,185,160,207,207,207,207,207,207,1,0,0,3,30,1
0.970000,84.64,32.572,19.540,412,453,30.000,29,29,18.000,39.000,55.000,95,115,185,160,207,207,207,207,207,207,1,0,0,3,30,1
0.975000,85.54,32.185,19.330,408,452,30.000,29,29,18.000,39.000,55.000,94,115,185,160,206,206,206,206,206,206,1,0,0,3,30,1
0.980000,86.44,31.795,19.050,404,452,30.000,29,29,18.000,39.000,55.000,93,115,185,160,206,206,206,206,206,206,1,0,0,3,30,1
0.985000,87.34,31.404,18.840,400,451,30.000,29,29,18.000,39.000,55.000,92,115,184,160,206,206,206,206,206,206,1,0,0,3,30,1
0.990000,88.24,31.010,18.620,396,450,30.000,29,29,18.000,39.000,55.000,91,115,184,160,205,205,205,205,205,205,1,0,0,3,30,1
0.995000,89.14,30.616,18.350,392,449,30.000,29,29,18.000,39.000,55.000,90,114,183,160,205,205,205,205,205,205,1,0,0,3,30,1
1.000000,90.04,30.220,18.130,388,447,30.000,29,29,18.000,39.000,55.000,89,114,182,160,204,204,204,204,204,204,1,0,0,3,30,1
1.005000,90.94,29.824,17.910,384,446,30.000,29,29,18.000,39.000,55.000,87,114,182,160,203,203,203,203,203,203,1,0,0,3,30,1
1.010000,91.84,29.428,17.640,380,445,30.000,29,29,18.000,39.000,55.000,86,113,181,160,203,203,203,203,203,203,1,0,0,3,30,1
1.015000,92.74,29.032,17.420,375,444,30.000,29,29,18.000,39.000,55.000,85,113,181,160,202,202,202,202,202,202,1,0,0,3,30,1
1.020000,93.64,28.637,17.210,371,442,30.000,29,29,18.000,39.000,55.000,84,112,180,160,201,201,201,201,201,201,1,0,0,3,30,1
1.025000,94.54,28.242,16.930,367,441,30.000,30,30,18.000,39.000,55.000,86,115,184,160,199,199,199,199,199,199,1,0,0,3,30,1
1.030000,95.44,27.849,16.720,363,439,30.000,30,30,18.000,39.000,55.000,84,114,183,160,198,198,198,198,198,198,1,0,0,3,30,1
1.035000,96.34,27.458,16.440,358,438,30.000,30,30,18.000,39.000,55.000,83,114,183,160,197,197,197,197,197,197,1,0,0,3,30,1
1.040000,97.24,27.069,16.230,354,436,30.000,30,30,18.000,39.000,55.000,82,113,182,160,196,196,196,196,196,196,1,0,0,3,30,1
1.045000,98.14,26.683,16.010,350,435,30.000,30,30,18.000,39.000,55.000,81,113,181,160,196,196,196,196,196,196,1,0,0,3,30,1
1.050000,99.04,26.300,15.790,346,433,30.000,30,30,18.000,39.000,55.000,80,113,180,160,195,195,195,195,195,195,1,0,0,3,30,1
1.055000,99.94,25.920,15.570,341,431,30.000,30,30,18.000,39.000,55.000,79,112,180,160,194,194,194,194,194,194,1,0,0,3,30,1
1.060000,100.84,25.543,15.300,337,430,30.000,30,30,18.000,39.000,55.000,77,112,179,160,193,193,193,193,193,193,1,0,0,3,30,1
1.065000,101.74,25.171,15.080,333,428,30.000,30,30,18.000,39.000,55.000,76,111,178,160,192,192,192,192,192,192,1,0,0,3,30,1
1.070000,102.64,24.803,14.870,329,426,30.000,30,30,18.000,39.000,55.000,75,111,177,160,191,191,191,191,191,191,1,0,0,3,30,1
1.075000,103.54,24.440,14.650,324,424,30.000,30,30,18.000,39.000,55.000,74,110,176,160,190,190,190,190,190,190,1,0,0,3,30,1
1.080000,104.44,24.082,14.430,320,422,30.000,30,30,18.000,39.000,55.000,73,109,175,160,189,189,189,189,189,189,1,0,0,3,30,1
1.085000,105.34,23.729,14.210,316,420,30.000,30,30,18.000,39.000,55.000,72,109,174,160,188,188,188,188,188,188,1,0,0,3,30,1
1.090000,106.24,23.382,14.050,312,418,30.000,30,30,18.000,39.000,55.000,71,108,174,160,187,187,187,187,187,187,1,0,0,3,30,1
1.095000,107.14,23.042,13.830,308,416,30.000,30,30,18.000,39.000,55.000,70,108,173,160,187,187,187,187,187,187,1,0,0,3,30,1
1.100000,108.04,22.708,13.620,304,414,30.000,30,30,18.000,39.000,55.000,69,107,172,160,186,186,186,186,186,186,1,0,0,3,30,1
1.105000,108.94,22.380,13.400,300,411,30.000,30,30,18.000,39.000,55.000,68,106,170,160,184,184,184,184,184,184,1,0,0,3,30,1
1.110000,109.84,22.060,13.230,296,409,30.000,30,30,18.000,39.000,55.000,67,106,170,160,183,183,183,183,183,183,1,0,0,3,30,1
1.115000,110.74,21.747,13.020,292,407,30.000,30,30,18.000,39.000,55.000,66,105,169,160,182,182,182,182,182,182,1,0,0,3,30,1
1.120000,111.64,21.442,12.850,289,405,30.000,30,30,18.000,39.000,55.000,65,105,168,160,181,181,181,181,181,181,1,0,0,3,30,1
1.125000,112.54,21.145,12.690,285,402,30.000,30,30,18.000,39.000,55.000,64,104,166,160,180,180,180,180,180,180,1,0,0,3,30,1
1.130000,113.44,20.857,12.530,281,400,30.000,30,30,18.000,39.000,55.000,63,103,165,160,179,179,179,179,179,179,1,0,0,3,30,1
1.135000,114.34,20.576,12.360,278,398,30.000,30,30,18.000,39.000,55.000,62,103,165,160,178,178,178,178,178,178,1,0,0,3,30,1
1.140000,115.24,20.305,12.200,274,395,30.000,30,30,18.000,39.000,55.000,62,102,163,160,176,176,176,176,176,176,1,0,0,3,30,1
1.145000,116.14,20.043,12.040,271,393,30.000,30,30,18.000,39.000,55.000,61,101,162,160,175,175,175,175,175,175,1,0,0,3,30,1
1.150000,117.04,19.790,11.870,267,391,30.000,30,30,18.000,39.000,55.000,60,101,161,160,174,174,174,174,174,174,1,0,0,3,30,1
1.155000,117.94,19.546,11.710,264,388,30.000,30,30,18.000,39.000,55.000,59,100,160,160,173,173,173,173,173,173,1,0,0,3,30,1
1.160000,118.84,19.313,11.600,261,386,30.000,30,30,18.000,39.000,55.000,58,99,159,160,172,172,172,172,172,172,1,0,0,3,30,1
1.165000,119.74,19.089,11.440,258,383,30.000,30,30,18.000,39.000,55.000,58,98,158,160,170,170,170,170,170,170,1,0,0,3,30,1
1.170000,120.64,18.876,11.330,255,381,30.000,30,30,18.000,39.000,55.000,57,98,157,160,169,169,169,169,169,169,1,0,0,3,30,1
1.175000,121.54,18.673,11.220,252,378,30.000,30,30,18.000,39.000,55.000,57,97,155,160,168,168,168,168,168,168,1,0,0,3,30,1
1.180000,122.44,18.481,11.110,249,376,30.000,30,30,18.000,39.000,55.000,56,96,154,160,167,167,167,167,167,167,1,0,0,3,30,1
1.185000,123.34,18.300,11.000,246,373,30.000,30,30,18.000,39.000,55.000,55,96,153,160,165,165,165,165,165,165,1,0,0,3,30,1
1.190000,124.24,18.129,10.900,244,371,30.000,29,29,18.000,39.000,55.000,53,93,149,160,166,166,166,166,166,166,1,0,0,3,30,1
1.195000,125.14,17.970,10.790,241,368,30.000,29,29,18.000,39.000,55.000,53,92,147,160,165,165,165,165,165,165,1,0,0,3,30,1
1.200000,126.04,17.822,10.680,239,366,30.000,29,29,18.000,39.000,55.000,52,91,146,160,163,163,163,163,163,163,1,0,0,3,30,1
1.205000,126.94,17.685,10.620,236,363,30.000,29,29,18.000,39.000,55.000,52,90,145,160,162,162,162,162,162,162,1,0,0,3,30,1
1.210000,127.84,17.560,10.510,234,361,30.000,29,29,18.000,39.000,55.000,51,90,144,160,161,161,161,161,161,161,1,0,0,3,30,1
1.215000,128.74,17.446,10.460,232,358,30.000,29,29,18.000,39.000,55.000,51,89,143,160,160,160,160,160,160,160,1,0,0,3,30,1
1.220000,129.64,17.344,10.410,230,356,30.000,29,29,18.000,39.000,55.000,51,88,142,160,158,158,158,158,158,158,1,0,0,3,30,1
1.225000,130.54,17.254,10.350,228,353,30.000,29,29,18.000,39.000,55.000,50,88,141,160,157,157,157,157,157,157,1,0,0,3,30,1
1.230000,131.44,17.176,10.300,227,351,30.000,29,29,18.000,39.000,55.000,50,87,140,160,156,156,156,156,156,156,1,0,0,3,30,1
1.235000,132.34,17.110,10.240,225,348,30.000,29,29,18.000,39.000,55.000,50,86,138,160,155,155,155,155,155,155,1,0,0,3,30,1
1.240000,133.24,17.055,10.240,224,346,30.000,29,29,18.000,39.000,55.000,50,86,137,160,154,154,154,154,154,154,1,0,0,3,30,1
1.245000,134.14,17.013,10.190,222,344,30.000,29,29,18.000,39.000,55.000,50,85,137,160,153,153,153,153,153,153,1,0,0,3,30,1
1.250000,135.04,16.983,10.190,221,341,30.000,29,29,18.000,39.000,55.000,50,84,135,160,151,151,151,151,151,151,1,0,0,3,30,1
1.255000,135.94,16.964,10.190,220,339,30.000,29,29,18.000,39.000,55.000,50,84,134,160,150,150,150,150,150,150,1,0,0,3,30,1
1.260000,136.84,16.958,10.190,219,336,30.000,29,29,18.000,39.000,55.000,50,83,133,160,149,149,149,149,149,149,1,0,0,3,30,1
1.265000,137.74,16.964,10.190,218,334,30.000,29,29,18.000,39.000,55.000,50,82,132,160,148,148,148,148,148,148,1,0,0,3,30,1
1.270000,138.64,16.982,10.190,218,332,30.000,29,29,18.000,39.000,55.000,50,82,131,160,147,147,147,147,147,147,1,0,0,3,30,1
1.275000,139.54,17.012,10.190,217,330,30.000,30,30,18.000,39.000,55.000,51,83,134,160,144,144,144,144,144,144,1,0,0,3,30,1
1.280000,140.44,17.053,10.240,217,327,30.000,30,30,18.000,39.000,55.000,52,82,132,160,143,143,143,143,143,143,1,0,0,3,30,1
1.285000,141.34,17.107,10.240,216,325,30.000,30,30,18.000,39.000,55.000,52,82,131,160,142,142,142,142,142,142,1,0,0,3,30,1
1.290000,142.24,17.172,10.300,216,323,30.000,30,30,18.000,39.000,55.000,52,81,130,160,141,141,141,141,141,141,1,0,0,3,30,1
1.295000,143.14,17.249,10.350,216,321,30.000,30,30,18.000,39.000,55.000,52,81,129,160,140,140,140,140,140,140,1,0,0,3,30,1
1.300000,144.04,17.338,10.410,216,319,30.000,30,30,18.000,39.000,55.000,52,80,129,160,139,139,139,139,139,139,1,0,0,3,30,1
1.305000,144.94,17.438,10.460,216,317,30.000,30,30,18.000,39.000,55.000,53,80,128,160,138,138,138,138,138,138,1,0,0,3,30,1
1.310000,145.84,17.550,10.510,217,315,30.000,30,30,18.000,39.000,55.000,53,79,127,160,137,137,137,137,137,137,1,0,0,3,30,1
1.315000,146.74,17.673,10.620,217,313,30.000,30,30,18.000,39.000,55.000,53,78,126,160,136,136,136,136,136,136,1,0,0,3,30,1
1.320000,147.64,17.806,10.680,217,311,30.000,30,30,18.000,39.000,55.000,54,78,125,160,135,135,135,135,135,135,1,0,0,3,30,1
1.325000,148.54,17.951,10.790,218,310,30.000,30,30,18.000,39.000,55.000,54,78,124,160,134,134,134,134,134,134,1,0,0,3,30,1
1.330000,149.44,18.107,10.840,219,308,30.000,30,30,18.000,39.000,55.000,55,77,124,160,133,133,133,133,133,133,1,0,0,3,30,1
1.335000,150.34,18.273,10.950,220,306,30.000,30,30,18.000,39.000,55.000,55,76,123,160,132,132,132,132,132,132,1,0,0,3,30,1
1.340000,151.24,18.450,11.060,221,304,30.000,30,30,18.000,39.000,55.000,56,76,122,160,131,131,131,131,131,131,1,0,0,3,30,1
1.345000,152.14,18.637,11.170,222,303,30.000,30,30,18.000,39.000,55.000,56,76,121,160,131,131,131,131,131,131,1,0,0,3,30,1
1.350000,153.04,18.833,11.280,224,301,30.000,30,30,18.000,39.000,55.000,57,75,120,160,130,130,130,130,130,130,1,0,0,3,30,1
1.355000,153.94,19.040,11.440,225,300,30.000,30,30,18.000,39.000,55.000,58,75,120,160,130,130,130,130,130,130,1,0,0,3,30,1
1.360000,154.84,19.256,11.550,227,298,30.000,30,30,18.000,39.000,55.000,58,74,119,160,128,128,128,128,128,128,1,0,0,3,30,1
1.365000,155.74,19.482,11.710,228,297,30.000,30,30,18.000,39.000,55.000,59,74,118,160,128,128,128,128,128,128,1,0,0,3,30,1
1.370000,156.64,19.717,11.820,230,296,30.000,30,30,18.000,39.000,55.000,60,74,118,160,127,127,127,127,127,127,1,0,0,3,30,1
1.375000,157.54,19.960,11.980,232,294,30.000,30,30,18.000,39.000,55.000,60,73,117,160,127,127,127,127,127,127,1,0,0,3,30,1
1.380000,158.44,20.212,12.150,234,293,30.000,30,30,18.000,39.000,55.000,61,73,117,160,126,126,126,126,126,126,1,0,0,3,30,1
1.385000,159.34,20.472,12.260,236,292,30.000,30,30,18.000,39.000,55.000,62,72,116,160,125,125,125,125,125,125,1,0,0,3,30,1
1.390000,160.24,20.741,12.420,238,291,30.000,30,30,18.000,39.000,55.000,63,72,116,160,125,125,125,125,125,125,1,0,0,3,30,1
1.395000,161.14,21.017,12.640,241,290,30.000,30,30,18.000,39.000,55.000,64,72,115,160,124,124,124,124,124,124,1,0,0,3,30,1
1.400000,162.04,21.300,12.800,243,289,30.000,30,30,18.000,39.000,55.000,65,72,115,160,124,124,124,124,124,124,1,0,0,3,30,1
1.405000,162.94,21.591,12.960,246,288,30.000,30,30,18.000,39.000,55.000,65,71,114,160,124,124,124,124,124,124,1,0,0,3,30,1
1.410000,163.84,21.889,13.130,248,288,30.000,30,30,18.000,39.000,55.000,66,71,114,160,124,124,124,124,124,124,1,0,0,3,30,1
1.415000,164.74,22.193,13.290,251,287,30.000,30,30,18.000,39.000,55.000,67,71,114,160,123,123,123,123,123,123,1,0,0,3,30,1
1.420000,165.64,22.503,13.510,254,286,30.000,30,30,18.000,39.000,55.000,68,71,114,160,123,123,123,123,123,123,1,0,0,3,30,1
1.425000,166.54,22.819,13.670,257,286,30.000,30,30,18.000,39.000,55.000,69,71,114,160,123,123,123,123,123,123,1,0,0,3,30,1
1.430000,167.44,23.140,13.890,260,285,30.000,30,30,18.000,39.000,55.000,70,70,113,160,122,122,122,122,122,122,1,0,0,3,30,1
1.435000,168.34,23.467,14.100,263,285,30.000,30,30,18.000,39.000,55.000,71,70,113,160,122,122,122,122,122,122,1,0,0,3,30,1
1.440000,169.24,23.798,14.270,266,284,30.000,29,29,18.000,39.000,55.000,70,69,110,160,123,123,123,123,123,123,1,0,0,3,30,1
1.445000,170.14,24.134,14.490,269,284,30.000,29,29,18.000,39.000,55.000,71,69,110,160,123,123,123,123,123,123,1,0,0,3,30,1
1.450000,171.04,24.474,14.700,272,284,30.000,29,29,18.000,39.000,55.000,72,69,110,160,123,123,123,123,123,123,1,0,0,3,30,1
1.455000,171.94,24.818,14.870,276,284,30.000,29,29,18.000,39.000,55.000,73,69,110,160,123,123,123,123,123,123,1,0,0,3,30,1
1.460000,172.84,25.165,15.080,279,284,30.000,29,29,18.000,39.000,55.000,74,69,110,160,123,123,123,123,123,123,1,0,0,3,30,1
1.465000,173.74,25.515,15.300,283,284,30.000,29,29,18.000,39.000,55.000,75,69,110,160,123,123,123,123,123,123,1,0,0,3,30,1
1.470000,174.64,25.867,15.520,286,284,30.000,29,29,18.000,39.000,55.000,76,69,110,160,123,123,123,123,123,123,1,0,0,3,30,1
1.475000,175.54,26.222,15.740,290,284,30.000,29,29,18.000,39.000,55.000,77,69,110,160,123,123,123,123,123,123,1,0,0,3,30,1
1.480000,176.44,26.579,15.950,293,284,30.000,29,29,18.000,39.000,55.000,78,69,110,160,123,123,123,123,123,123,1,0,0,3,30,1
1.485000,177.34,26.938,16.170,297,284,30.000,29,29,18.000,39.000,55.000,79,69,110,160,123,123,123,123,123,123,1,0,0,3,30,1
1.490000,178.24,27.297,16.390,301,285,30.000,29,29,18.000,39.000,55.000,80,69,110,160,123,123,123,123,123,123,1,0,0,3,30,1
1.495000,179.14,27.657,16.610,304,286,30.000,29,29,18.000,39.000,55.000,81,69,111,160,124,124,124,124,124,124,1,0,0,3,30,1
1.500000,180.04,28.018,16.820,308,286,30.000,29,29,18.000,39.000,55.000,82,69,111,160,124,124,124,124,124,124,1,0,0,3,30,1
1.505000,180.94,28.379,17.040,312,287,30.000,29,29,18.000,39.000,55.000,83,69,111,160,124,124,124,124,124,124,1,0,0,3,30,1
1.510000,181.84,28.739,17.260,316,288,30.000,29,29,18.000,39.000,55.000,84,70,112,160,125,125,125,125,125,125,1,0,0,3,30,1
1.515000,182.74,29.098,17.480,320,290,30.000,29,29,18.000,39.000,55.000,85,70,113,160,126,126,126,126,126,126,1,0,0,3,30,1
1.520000,183.64,29.456,17.690,323,291,30.000,29,29,18.000,39.000,55.000,86,70,113,160,126,126,126,126,126,126,1,0,0,3,30,1
1.525000,184.54,29.813,17.860,327,292,30.000,30,30,18.000,39.000,55.000,90,72,116,160,125,125,125,125,125,125,1,0,0,3,30,1
1.530000,185.44,30.168,18.080,331,294,30.000,30,30,18.000,39.000,55.000,91,73,117,160,127,127,127,127,127,127,1,0,0,3,30,1
1.535000,186.34,30.520,18.290,335,295,30.000,30,30,18.000,39.000,55.000,92,73,118,160,127,127,127,127,127,127,1,0,0,3,30,1
1.540000,187.24,30.870,18.510,339,297,30.000,30,30,18.000,39.000,55.000,94,74,118,160,128,128,128,128,128,128,1,0,0,3,30,1
1.545000,188.14,31.217,18.730,343,299,30.000,30,30,18.000,39.000,55.000,95,74,119,160,129,129,129,129,129,129,1,0,0,3,30,1
1.550000,189.04,31.560,18.950,347,301,30.000,30,30,18.000,39.000,55.000,96,75,120,160,130,130,130,130,130,130,1,0,0,3,30,1
1.555000,189.94,31.900,19.110,350,302,30.000,30,30,18.000,39.000,55.000,97,75,121,160,130,130,130,130,130,130,1,0,0,3,30,1
1.560000,190.84,32.235,19.330,354,304,30.000,30,30,18.000,39.000,55.000,98,76,122,160,131,131,131,131,131,131,1,0,0,3,30,1
1.565000,191.74,32.566,19.540,358,307,30.000,30,30,18.000,39.000,55.000,99,77,123,160,133,133,133,133,133,133,1,0,0,3,30,1
1.570000,192.64,32.892,19.710,362,309,30.000,30,30,18.000,39.000,55.000,100,77,124,160,134,134,134,134,134,134,1,0,0,3,30,1
1.575000,193.54,33.213,19.920,366,311,30.000,30,30,18.000,39.000,55.000,101,78,125,160,135,135,135,135,135,135,1,0,0,3,30,1
1.580000,194.44,33.529,20.090,369,313,30.000,30,30,18.000,39.000,55.000,102,78,126,160,136,136,136,136,136,136,1,0,0,3,30,1
1.585000,195.34,33.838,20.310,373,316,30.000,30,30,18.000,39.000,55.000,103,79,127,160,137,137,137,137,137,137,1,0,0,3,30,1
1.590000,196.24,34.141,20.470,377,318,30.000,30,30,18.000,39.000,55.000,104,80,128,160,138,138,138,138,138,138,1,0,0,3,30,1
1.595000,197.14,34.438,20.690,380,320,30.000,30,30,18.000,39.000,55.000,105,80,129,160,139,139,139,139,139,139,1,0,0,3,30,1
1.600000,198.04,34.728,20.850,384,323,30.000,30,30,18.000,39.000,55.000,105,81,130,160,141,141,141,141,141,141,1,0,0,3,30,1
1.605000,198.94,35.011,21.010,387,325,30.000,30,30,18.000,39.000,55.000,106,82,131,160,142,142,142,142,142,142,1,0,0,3,30,1
1.610000,199.84,35.286,21.180,391,328,30.000,30,30,18.000,39.000,55.000,107,83,133,160,143,143,143,143,143,143,1,0,0,3,30,1
1.615000,200.74,35.554,21.340,394,331,30.000,30,30,18.000,39.000,55.000,108,84,134,160,145,145,145,145,145,145,1,0,0,3,30,1
1.620000,201.64,35.813,21.500,398,333,30.000,30,30,18.000,39.000,55.000,109,84,135,160,146,146,146,146,146,146,1,0,0,3,30,1
1.625000,202.54,36.065,21.610,401,336,30.000,30,30,18.000,39.000,55.000,109,85,136,160,147,147,147,147,147,147,1,0,0,3,30,1
1.630000,203.44,36.307,21.770,404,339,30.000,30,30,18.000,39.000,55.000,110,86,138,160,149,149,149,149,149,149,1,0,0,3,30,1
1.635000,204.34,36.541,21.940,407,341,30.000,30,30,18.000,39.000,55.000,111,86,139,160,150,150,150,150,150,150,1,0,0,3,30,1
1.640000,205.24,36.766,22.050,410,344,30.000,30,30,18.000,39.000,55.000,112,87,140,160,151,151,151,151,151,151,1,0,0,3,30,1
1.645000,206.14,36.981,22.150,413,347,30.000,30,30,18.000,39.000,55.000,112,88,141,160,153,153,153,153,153,153,1,0,0,3,30,1
1.650000,207.04,37.187,22.320,416,349,30.000,30,30,18.000,39.000,55.000,113,89,142,160,154,154,154,154,154,154,1,0,0,3,30,1
1.655000,207.94,37.383,22.430,419,352,30.000,30,30,18.000,39.000,55.000,113,90,144,160,155,155,155,155,155,155,1,0,0,3,30,1
1.660000,208.84,37.568,22.540,421,355,30.000,30,30,18.000,39.000,55.000,114,90,145,160,157,157,157,157,157,157,1,0,0,3,30,1
1.665000,209.74,37.744,22.640,424,358,30.000,30,30,18.000,39.000,55.000,115,91,146,160,158,158,158,158,158,158,1,0,0,3,30,1
1.670000,210.64,37.909,22.750,426,360,30.000,30,30,18.000,39.000,55.000,115,92,147,160,159,159,159,159,159,159,1,0,0,3,30,1
1.675000,211.54,38.064,22.810,429,363,30.000,30,30,18.000,39.000,55.000,115,93,149,160,160,160,160,160,160,160,1,0,0,3,30,1
1.680000,212.44,38.207,22.920,431,366,30.000,30,30,18.000,39.000,55.000,116,94,150,160,162,162,162,162,162,162,1,0,0,3,30,1
1.685000,213.34,38.340,23.030,433,368,30.000,30,30,18.000,39.000,55.000,117,94,151,160,163,163,163,163,163,163,1,0,0,3,30,1
1.690000,214.24,38.462,23.080,435,371,30.000,29,29,18.000,39.000,55.000,113,93,149,160,166,166,166,166,166,166,1,0,0,3,30,1
1.695000,215.14,38.572,23.130,437,374,30.000,29,29,18.000,39.000,55.000,113,93,150,160,167,167,167,167,167,167,1,0,0,3,30,1
1.700000,216.04,38.671,23.190,439,376,30.000,29,29,18.000,39.000,55.000,113,94,151,160,168,168,168,168,168,168,1,0,0,3,30,1
1.705000,216.94,38.759,23.240,441,379,30.000,29,29,18.000,39.000,55.000,114,95,152,160,170,170,170,170,170,170,1,0,0,3,30,1
1.710000,217.84,38.835,23.300,443,381,30.000,29,29,18.000,39.000,55.000,114,95,153,160,171,171,171,171,171,171,1,0,0,3,30,1
1.715000,218.74,38.899,23.350,444,384,30.000,29,29,18.000,39.000,55.000,114,96,154,160,172,172,172,172,172,172,1,0,0,3,30,1
1.720000,219.64,38.951,23.350,446,386,30.000,29,29,18.000,39.000,55.000,114,97,155,160,173,173,173,173,173,173,1,0,0,3,30,1
1.725000,220.54,38.992,23.410,447,389,30.000,29,29,18.000,39.000,55.000,115,98,157,160,175,175,175,175,175,175,1,0,0,3,30,1
1.730000,221.44,39.020,23.410,448,391,30.000,29,29,18.000,39.000,55.000,115,98,157,160,176,176,176,176,176,176,1,0,0,3,30,1
1.735000,222.34,39.037,23.410,449,393,30.000,29,29,18.000,39.000,55.000,115,99,158,160,177,177,177,177,177,177,1,0,0,3,30,1
1.740000,223.24,39.042,23.410,450,396,30.000,29,29,18.000,39.000,55.000,115,100,160,160,178,178,178,178,178,178,1,0,0,3,30,1
1.745000,224.14,39.034,23.410,451,398,30.000,29,29,18.000,39.000,55.000,115,100,161,160,179,179,179,179,179,179,1,0,0,3,30,1
1.750000,225.05,39.015,23.410,451,400,30.000,29,29,18.000,39.000,55.000,115,101,161,160,180,180,180,180,180,180,1,0,0,3,30,1
1.755000,225.95,38.983,23.410,452,402,30.000,29,29,18.000,39.000,55.000,115,101,162,160,181,181,181,181,181,181,1,0,0,3,30,1
1.760000,226.85,38.940,23.350,452,404,30.000,29,29,18.000,39.000,55.000,114,102,163,160,182,182,182,182,182,182,1,0,0,3,30,1
1.765000,227.75,38.884,23.300,453,406,30.000,29,29,18.000,39.000,55.000,114,102,164,160,183,183,183,183,183,183,1,0,0,3,30,1
1.770000,228.65,38.817,23.300,453,408,30.000,29,29,18.000,39.000,55.000,114,103,165,160,184,184,184,184,184,184,1,0,0,3,30,1
1.775000,229.55,38.737,23.240,453,410,30.000,30,30,18.000,39.000,55.000,118,106,170,160,184,184,184,184,184,184,1,0,0,3,30,1
1.780000,230.45,38.646,23.190,453,412,30.000,30,30,18.000,39.000,55.000,117,107,171,160,185,185,185,185,185,185,1,0,0,3,30,1
1.785000,231.35,38.543,23.130,453,413,30.000,30,30,18.000,39.000,55.000,117,107,171,160,185,185,185,185,185,185,1,0,0,3,30,1
1.790000,232.25,38.428,23.030,452,415,30.000,30,30,18.000,39.000,55.000,117,107,172,160,186,186,186,186,186,186,1,0,0,3,30,1
1.795000,233.15,38.302,22.970,452,416,30.000,30,30,18.000,39.000,55.000,116,108,173,160,187,187,187,187,187,187,1,0,0,3,30,1
1.800000,234.05,38.164,22.920,451,418,30.000,30,30,18.000,39.000,55.000,116,108,174,160,187,187,187,187,187,187,1,0,0,3,30,1
1.805000,234.95,38.015,22.810,451,419,30.000,30,30,18.000,39.000,55.000,115,109,174,160,188,188,188,188,188,188,1,0,0,3,30,1
1.810000,235.85,37.854,22.700,450,420,30.000,30,30,18.000,39.000,55.000,115,109,174,160,188,188,188,188,188,188,1,0,0,3,30,1
1.815000,236.75,37.683,22.590,449,421,30.000,30,30,18.000,39.000,55.000,114,109,175,160,189,189,189,189,189,189,1,0,0,3,30,1
1.820000,237.65,37.500,22.480,448,422,30.000,30,30,18.000,39.000,55.000,114,109,175,160,189,189,189,189,189,189,1,0,0,3,30,1
1.825000,238.55,37.307,22.370,446,423,30.000,30,30,18.000,39.000,55.000,113,110,176,160,190,190,190,190,190,190,1,0,0,3,30,1
1.830000,239.45,37.103,22.260,445,424,30.000,30,30,18.000,39.000,55.000,113,110,176,160,190,190,190,190,190,190,1,0,0,3,30,1
1.835000,240.35,36.889,22.150,444,425,30.000,30,30,18.000,39.000,55.000,112,110,177,160,191,191,191,191,191,191,1,0,0,3,30,1
1.840000,241.25,36.664,21.990,442,426,30.000,30,30,18.000,39.000,55.000,111,111,177,160,191,191,191,191,191,191,1,0,0,3,30,1
1.845000,242.15,36.430,21.830,440,426,30.000,30,30,18.000,39.000,55.000,110,111,177,160,191,191,191,191,191,191,1,0,0,3,30,1
1.850000,243.05,36.185,21.720,438,427,30.000,30,30,18.000,39.000,55.000,110,111,178,160,192,192,192,192,192,192,1,0,0,3,30,1
1.855000,243.95,35.931,21.560,436,427,30.000,30,30,18.000,39.000,55.000,109,111,178,160,192,192,192,192,192,192,1,0,0,3,30,1
1.860000,244.85,35.668,21.390,434,427,30.000,30,30,18.000,39.000,55.000,108,111,178,160,192,192,192,192,192,192,1,0,0,3,30,1
1.865000,245.75,35.396,21.230,432,428,30.000,30,30,18.000,39.000,55.000,107,111,178,160,192,192,192,192,192,192,1,0,0,3,30,1
1.870000,246.65,35.115,21.070,430,428,30.000,30,30,18.000,39.000,55.000,107,111,178,160,192,192,192,192,192,192,1,0,0,3,30,1
1.875000,247.55,34.825,20.900,427,428,30.000,30,30,18.000,39.000,55.000,106,111,178,160,192,192,192,192,192,192,1,0,0,3,30,1
1.880000,248.45,34.528,20.690,425,428,30.000,30,30,18.000,39.000,55.000,105,111,178,160,192,192,192,192,192,192,1,0,0,3,30,1
1.885000,249.35,34.222,20.520,422,428,30.000,30,30,18.000,39.000,55.000,104,111,178,160,192,192,192,192,192,192,1,0,0,3,30,1
1.890000,250.25,33.908,20.360,419,428,30.000,30,30,18.000,39.000,55.000,103,111,178,160,192,192,192,192,192,192,1,0,0,3,30,1
1.895000,251.15,33.587,20.140,417,427,30.000,30,30,18.000,39.000,55.000,102,111,178,160,192,192,192,192,192,192,1,0,0,3,30,1
1.900000,252.05,33.259,19.920,414,427,30.000,30,30,18.000,39.000,55.000,101,111,178,160,192,192,192,192,192,192,1,0,0,3,30,1
1.905000,252.95,32.924,19.760,411,427,30.000,30,30,18.000,39.000,55.000,100,111,178,160,192,192,192,192,192,192,1,0,0,3,30,1
1.910000,253.85,32.583,19.540,407,427,30.000,30,30,18.000,39.000,55.000,99,111,178,160,192,192,192,192,192,192,1,0,0,3,30,1
1.915000,254.75,32.236,19.330,404,426,30.000,30,30,18.000,39.000,55.000,98,111,177,160,191,191,191,191,191,191,1,0,0,3,30,1
1.920000,255.65,31.883,19.110,401,426,30.000,30,30,18.000,39.000,55.000,97,111,177,160,191,191,191,191,191,191,1,0,0,3,30,1
1.925000,256.55,31.524,18.890,397,425,30.000,30,30,18.000,39.000,55.000,95,110,177,160,191,191,191,191,191,191,1,0,0,3,30,1
1.930000,257.45,31.160,18.670,394,425,30.000,30,30,18.000,39.000,55.000,94,110,177,160,191,191,191,191,191,191,1,0,0,3,30,1
1.935000,258.35,30.792,18.460,390,424,30.000,30,30,18.000,39.000,55.000,93,110,176,160,190,190,190,190,190,190,1,0,0,3,30,1
1.940000,259.25,30.419,18.240,387,423,30.000,30,30,18.000,39.000,55.000,92,110,176,160,190,190,190,190,190,190,1,0,0,3,30,1
1.945000,260.15,30.043,18.020,383,423,30.000,30,30,18.000,39.000,55.000,91,110,176,160,190,190,190,190,190,190,1,0,0,3,30,1
1.950000,261.05,29.662,17.800,379,422,30.000,30,30,18.000,39.000,55.000,90,109,175,160,189,189,189,189,189,189,1,0,0,3,30,1
1.955000,261.95,29.278,17.590,376,421,30.000,30,30,18.000,39.000,55.000,89,109,175,160,189,189,189,189,189,189,1,0,0,3,30,1
1.960000,262.85,28.892,17.310,372,420,30.000,30,30,18.000,39.000,55.000,87,109,174,160,188,188,188,188,188,188,1,0,0,3,30,1
1.965000,263.75,28.503,17.100,368,419,30.000,30,30,18.000,39.000,55.000,86,109,174,160,188,188,188,188,188,188,1,0,0,3,30,1
1.970000,264.65,28.111,16.880,364,418,30.000,30,30,18.000,39.000,55.000,85,108,174,160,187,187,187,187,187,187,1,0,0,3,30,1
1.975000,265.55,27.718,16.610,360,417,30.000,30,30,18.000,39.000,55.000,84,108,173,160,187,187,187,187,187,187,1,0,0,3,30,1
1.980000,266.45,27.324,16.390,356,416,30.000,30,30,18.000,39.000,55.000,83,108,173,160,187,187,187,187,187,187,1,0,0,3,30,1
1.985000,267.35,26.928,16.170,352,415,30.000,30,30,18.000,39.000,55.000,82,107,172,160,186,186,186,186,186,186,1,0,0,3,30,1
1.990000,268.25,26.532,15.900,347,414,30.000,30,30,18.000,39.000,55.000,80,107,172,160,186,186,186,186,186,186,1,0,0,3,30,1
1.995000,269.15,26.136,15.680,343,412,30.000,30,30,18.000,39.000,55.000,79,107,171,160,185,185,185,185,185,185,1,0,0,3,30,1
2.000000,270.05,25.740,15.460,339,411,30.000,30,30,18.000,39.000,55.000,78,106,170,160,184,184,184,184,184,184,1,0,0,3,30,1
2.005000,270.95,25.345,15.190,335,409,30.000,30,30,18.000,39.000,55.000,77,106,170,160,183,183,183,183,183,183,1,0,0,3,30,1
2.010000,271.85,24.950,14.970,331,408,30.000,30,30,18.000,39.000,55.000,76,105,169,160,183,183,183,183,183,183,1,0,0,3,30,1
2.015000,272.75,24.557,14.700,326,406,30.000,30,30,18.000,39.000,55.000,74,105,168,160,182,182,182,182,182,182,1,0,0,3,30,1
2.020000,273.65,24.166,14.490,322,405,30.000,30,30,18.000,39.000,55.000,73,105,168,160,181,181,181,181,181,181,1,0,0,3,30,1
2.025000,274.55,23.776,14.270,318,403,30.000,29,29,18.000,39.000,55.000,70,102,163,160,182,182,182,182,182,182,1,0,0,3,30,1
2.030000,275.45,23.390,14.050,314,401,30.000,29,29,18.000,39.000,55.000,69,101,162,160,181,181,181,181,181,181,1,0,0,3,30,1
2.035000,276.35,23.006,13.780,309,400,30.000,29,29,18.000,39.000,55.000,67,101,161,160,180,180,180,180,180,180,1,0,0,3,30,1
2.040000,277.25,22.625,13.560,305,398,30.000,29,29,18.000,39.000,55.000,66,100,161,160,179,179,179,179,179,179,1,0,0,3,30,1
2.045000,278.15,22.248,13.340,301,396,30.000,29,29,18.000,39.000,55.000,65,100,160,160,178,178,178,178,178,178,1,0,0,3,30,1
2.050000,279.05,21.875,13.130,297,394,30.000,29,29,18.000,39.000,55.000,64,99,159,160,177,177,177,177,177,177,1,0,0,3,30,1
2.055000,279.95,21.507,12.910,292,392,30.000,29,29,18.000,39.000,55.000,63,98,158,160,176,176,176,176,176,176,1,0,0,3,30,1
2.060000,280.85,21.143,12.690,288,390,30.000,29,29,18.000,39.000,55.000,62,98,157,160,175,175,175,175,175,175,1,0,0,3,30,1
2.065000,281.75,20.785,12.470,284,388,30.000,29,29,18.000,39.000,55.000,61,97,156,160,174,174,174,174,174,174,1,0,0,3,30,1
2.070000,282.65,20.432,12.260,280,386,30.000,29,29,18.000,39.000,55.000,60,97,155,160,173,173,173,173,173,173,1,0,0,3,30,1
2.075000,283.55,20.084,12.040,276,384,30.000,29,29,18.000,39.000,55.000,59,96,154,160,172,172,172,172,172,172,1,0,0,3,30,1
2.080000,284.45,19.743,11.820,272,382,30.000,29,29,18.000,39.000,55.000,58,96,153,160,171,171,171,171,171,171,1,0,0,3,30,1
2.085000,285.35,19.409,11.660,268,380,30.000,29,29,18.000,39.000,55.000,57,95,153,160,170,170,170,170,170,170,1,0,0,3,30,1
2.090000,286.25,19.081,11.440,264,378,30.000,29,29,18.000,39.000,55.000,56,95,152,160,169,169,169,169,169,169,1,0,0,3,30,1
2.095000,287.15,18.761,11.280,260,375,30.000,29,29,18.000,39.000,55.000,55,94,150,160,168,168,168,168,168,168,1,0,0,3,30,1
2.100000,288.05,18.448,11.060,256,373,30.000,29,29,18.000,39.000,55.000,54,93,149,160,167,167,167,167,167,167,1,0,0,3,30,1
2.105000,288.95,18.143,10.900,252,371,30.000,30,30,18.000,39.000,55.000,55,95,152,160,164,164,164,164,164,164,1,0,0,3,30,1
2.110000,289.85,17.846,10.680,248,368,30.000,30,30,18.000,39.000,55.000,54,94,151,160,163,163,163,163,163,163,1,0,0,3,30,1
2.115000,290.75,17.558,10.510,245,366,30.000,30,30,18.000,39.000,55.000,53,94,150,160,162,162,162,162,162,162,1,0,0,3,30,1
2.120000,291.65,17.278,10.350,241,364,30.000,30,30,18.000,39.000,55.000,52,93,149,160,161,161,161,161,161,161,1,0,0,3,30,1
2.125000,292.55,17.008,10.190,238,361,30.000,30,30,18.000,39.000,55.000,51,92,148,160,159,159,159,159,159,159,1,0,0,3,30,1
2.130000,293.45,16.746,10.030,234,359,30.000,30,30,18.000,39.000,55.000,50,92,147,160,158,158,158,158,158,158,1,0,0,3,30,1
2.135000,294.35,16.495,9.920,231,356,30.000,30,30,18.000,39.000,55.000,50,91,145,160,157,157,157,157,157,157,1,0,0,3,30,1
2.140000,295.25,16.253,9.750,228,354,30.000,30,30,18.000,39.000,55.000,49,90,144,160,156,156,156,156,156,156,1,0,0,3,30,1
2.145000,296.15,16.021,9.590,224,351,30.000,30,30,18.000,39.000,55.000,48,89,143,160,155,155,155,155,155,155,1,0,0,3,30,1
2.150000,297.05,15.800,9.480,221,349,30.000,30,30,18.000,39.000,55.000,48,89,142,160,154,154,154,154,154,154,1,0,0,3,30,1
2.155000,297.95,15.589,9.370,218,346,30.000,30,30,18.000,39.000,55.000,47,88,141,160,152,152,152,152,152,152,1,0,0,3,30,1
2.160000,298.85,15.389,9.210,215,344,30.000,30,30,18.000,39.000,55.000,46,87,140,160,151,151,151,151,151,151,1,0,0,3,30,1
2.165000,299.75,15.200,9.100,213,341,30.000,30,30,18.000,39.000,55.000,46,86,139,160,150,150,150,150,150,150,1,0,0,3,30,1
2.170000,300.65,15.022,8.990,210,339,30.000,30,30,18.000,39.000,55.000,45,86,138,160,149,149,149,149,149,149,1,0,0,3,30,1
2.175000,301.55,14.855,8.880,207,336,30.000,30,30,18.000,39.000,55.000,45,85,136,160,147,147,147,147,147,147,1,0,0,3,30,1
2.180000,302.45,14.700,8.830,205,334,30.000,30,30,18.000,39.000,55.000,44,84,135,160,146,146,146,146,146,146,1,0,0,3,30,1
2.185000,303.35,14.557,8.720,203,331,30.000,30,30,18.000,39.000,55.000,44,84,134,160,145,145,145,145,145,145,1,0,0,3,30,1
2.190000,304.25,14.426,8.670,200,329,30.000,30,30,18.000,39.000,55.000,44,83,133,160,144,144,144,144,144,144,1,0,0,3,30,1
2.195000,305.15,14.307,8.560,198,326,30.000,30,30,18.000,39.000,55.000,43,82,132,160,142,142,142,142,142,142,1,0,0,3,30,1
2.200000,306.05,14.199,8.500,196,324,30.000,30,30,18.000,39.000,55.000,43,82,131,160,141,141,141,141,141,141,1,0,0,3,30,1
2.205000,306.95,14.105,8.450,194,321,30.000,30,30,18.000,39.000,55.000,42,81,129,160,140,140,140,140,140,140,1,0,0,3,30,1
2.210000,307.85,14.022,8.390,192,319,30.000,30,30,18.000,39.000,55.000,42,80,129,160,139,139,139,139,139,139,1,0,0,3,30,1
2.215000,308.75,13.952,8.390,191,316,30.000,30,30,18.000,39.000,55.000,42,79,127,160,137,137,137,137,137,137,1,0,0,3,30,1
2.220000,309.65,13.895,8.340,189,314,30.000,30,30,18.000,39.000,55.000,42,79,126,160,136,136,136,136,136,136,1,0,0,3,30,1
2.225000,310.55,13.850,8.280,188,311,30.000,30,30,18.000,39.000,55.000,42,78,125,160,135,135,135,135,135,135,1,0,0,3,30,1
2.230000,311.45,13.818,8.280,187,309,30.000,30,30,18.000,39.000,55.000,42,77,124,160,134,134,134,134,134,134,1,0,0,3,30,1
2.235000,312.35,13.798,8.280,186,306,30.000,30,30,18.000,39.000,55.000,42,76,123,160,132,132,132,132,132,132,1,0,0,3,30,1
2.240000,313.25,13.792,8.280,185,304,30.000,30,30,18.000,39.000,55.000,42,76,122,160,131,131,131,131,131,131,1,0,0,3,30,1
2.245000,314.15,13.798,8.280,184,302,30.000,30,30,18.000,39.000,55.000,42,75,121,160,130,130,130,130,130,130,1,0,0,3,30,1
2.250000,315.05,13.817,8.280,183,299,30.000,30,30,18.000,39.000,55.000,42,74,119,160,129,129,129,129,129,129,1,0,0,3,30,1
2.255000,315.95,13.849,8.280,182,297,30.000,30,30,18.000,39.000,55.000,42,74,118,160,128,128,128,128,128,128,1,0,0,3,30,1
2.260000,316.85,13.894,8.340,182,295,30.000,30,30,18.000,39.000,55.000,42,73,118,160,127,127,127,127,127,127,1,0,0,3,30,1
2.265000,317.75,13.952,8.390,182,293,30.000,30,30,18.000,39.000,55.000,42,73,117,160,126,126,126,126,126,126,1,0,0,3,30,1
2.270000,318.65,14.022,8.390,181,290,30.000,30,30,18.000,39.000,55.000,42,72,115,160,124,124,124,124,124,124,1,0,0,3,30,1
2.275000,319.55,14.105,8.450,181,288,30.000,29,29,18.000,39.000,55.000,41,70,112,160,125,125,125,125,125,125,1,0,0,3,30,1
2.280000,320.45,14.200,8.500,181,286,30.000,29,29,18.000,39.000,55.000,41,69,111,160,124,124,124,124,124,124,1,0,0,3,30,1
2.285000,321.35,14.309,8.560,182,284,30.000,29,29,18.000,39.000,55.000,42,69,110,160,123,123,123,123,123,123,1,0,0,3,30,1
2.290000,322.25,14.429,8.670,182,282,30.000,29,29,18.000,39.000,55.000,42,68,109,160,122,122,122,122,122,122,1,0,0,3,30,1
2.295000,323.15,14.562,8.720,182,280,30.000,29,29,18.000,39.000,55.000,42,67,108,160,121,121,121,121,121,121,1,0,0,3,30,1
2.300000,324.05,14.708,8.830,183,278,30.000,29,29,18.000,39.000,55.000,43,67,107,160,120,120,120,120,120,120,1,0,0,3,30,1
2.305000,324.95,14.865,8.940,184,277,30.000,29,29,18.000,39.000,55.000,43,67,107,160,119,119,119,119,119,119,1,0,0,3,30,1
2.310000,325.85,15.035,9.050,185,275,30.000,29,29,18.000,39.000,55.000,44,66,106,160,118,118,118,118,118,118,1,0,0,3,30,1
2.315000,326.75,15.216,9.150,186,273,30.000,29,29,18.000,39.000,55.000,44,65,105,160,117,117,117,117,117,117,1,0,0,3,30,1
2.320000,327.65,15.409,9.260,187,271,30.000,29,29,18.000,39.000,55.000,45,65,104,160,116,116,116,116,116,116,1,0,0,3,30,1
2.325000,328.55,15.613,9.370,188,270,30.000,29,29,18.000,39.000,55.000,46,65,104,160,116,116,116,116,116,116,1,0,0,3,30,1
2.330000,329.45,15.829,9.480,190,268,30.000,29,29,18.000,39.000,55.000,46,64,103,160,115,115,115,115,115,115,1,0,0,3,30,1
2.335000,330.35,16.056,9.640,191,267,30.000,29,29,18.000,39.000,55.000,47,64,102,160,114,114,114,114,114,114,1,0,0,3,30,1
2.340000,331.25,16.295,9.750,193,265,30.000,29,29,18.000,39.000,55.000,47,63,101,160,113,113,113,113,113,113,1,0,0,3,30,1
2.345000,332.15,16.543,9.920,195,264,30.000,29,29,18.000,39.000,55.000,48,63,101,160,113,113,113,113,113,113,1,0,0,3,30,1
2.350000,333.05,16.803,10.080,197,263,30.000,29,29,18.000,39.000,55.000,49,63,101,160,112,112,112,112,112,112,1,0,0,3,30,1
2.355000,333.95,17.072,10.240,199,261,30.000,30,30,18.000,39.000,55.000,52,64,102,160,110,110,110,110,110,110,1,0,0,3,30,1
2.360000,334.85,17.352,10.410,201,260,30.000,30,30,18.000,39.000,55.000,52,63,102,160,110,110,110,110,110,110,1,0,0,3,30,1
2.365000,335.75,17.642,10.570,203,259,30.000,30,30,18.000,39.000,55.000,53,63,101,160,109,109,109,109,109,109,1,0,0,3,30,1
2.370000,336.65,17.941,10.790,206,258,30.000,30,30,18.000,39.000,55.000,54,63,101,160,109,109,109,109,109,109,1,0,0,3,30,1
2.375000,337.55,18.249,10.950,208,257,30.000,30,30,18.000,39.000,55.000,55,63,100,160,108,108,108,108,108,108,1,0,0,3,30,1
2.380000,338.45,18.566,11.110,211,256,30.000,30,30,18.000,39.000,55.000,56,62,100,160,108,108,108,108,108,108,1,0,0,3,30,1
2.385000,339.35,18.892,11.330,214,255,30.000,30,30,18.000,39.000,55.000,57,62,99,160,107,107,107,107,107,107,1,0,0,3,30,1
2.390000,340.25,19.227,11.550,217,255,30.000,30,30,18.000,39.000,55.000,58,62,99,160,107,107,107,107,107,107,1,0,0,3,30,1
2.395000,341.15,19.569,11.770,220,254,30.000,30,30,18.000,39.000,55.000,59,62,99,160,107,107,107,107,107,107,1,0,0,3,30,1
2.400000,342.05,19.919,11.930,223,253,30.000,30,30,18.000,39.000,55.000,60,61,98,160,106,106,106,106,106,106,1,0,0,3,30,1
2.405000,342.95,20.277,12.150,226,253,30.000,30,30,18.000,39.000,55.000,61,61,98,160,106,106,106,106,106,106,1,0,0,3,30,1
2.410000,343.85,20.642,12.360,230,252,30.000,30,30,18.000,39.000,55.000,62,61,98,160,106,106,106,106,106,106,1,0,0,3,30,1
2.415000,344.75,21.014,12.580,233,252,30.000,30,30,18.000,39.000,55.000,63,61,98,160,106,106,106,106,106,106,1,0,0,3,30,1
2.420000,345.65,21.392,12.850,236,252,30.000,30,30,18.000,39.000,55.000,65,61,98,160,106,106,106,106,106,106,1,0,0,3,30,1
2.425000,346.55,21.776,13.070,240,251,30.000,30,30,18.000,39.000,55.000,66,61,98,160,105,105,105,105,105,105,1,0,0,3,30,1
2.430000,347.45,22.166,13.290,244,251,30.000,30,30,18.000,39.000,55.000,67,61,98,160,105,105,105,105,105,105,1,0,0,3,30,1
2.435000,348.35,22.562,13.510,248,251,30.000,30,30,18.000,39.000,55.000,68,61,98,160,105,105,105,105,105,105,1,0,0,3,30,1
2.440000,349.25,22.962,13.780,251,251,30.000,30,30,18.000,39.000,55.000,70,61,98,160,105,105,105,105,105,105,1,0,0,3,30,1
2.445000,350.15,23.367,14.000,255,251,30.000,30,30,18.000,39.000,55.000,71,61,98,160,105,105,105,105,105,105,1,0,0,3,30,1
2.450000,351.05,23.777,14.270,259,251,30.000,30,30,18.000,39.000,55.000,72,61,98,160,105,105,105,105,105,105,1,0,0,3,30,1
2.455000,351.95,24.190,14.490,264,252,30.000,30,30,18.000,39.000,55.000,73,61,98,160,106,106,106,106,106,106,1,0,0,3,30,1
2.460000,352.85,24.607,14.760,268,252,30.000,30,30,18.000,39.000,55.000,75,61,98,160,106,106,106,106,106,106,1,0,0,3,30,1
2.465000,353.75,25.027,15.030,272,253,30.000,30,30,18.000,39.000,55.000,76,61,98,160,106,106,106,106,106,106,1,0,0,3,30,1
2.470000,354.65,25.449,15.250,276,254,30.000,30,30,18.000,39.000,55.000,77,62,99,160,107,107,107,107,107,107,1,0,0,3,30,1
2.475000,355.55,25.874,15.520,281,255,30.000,30,30,18.000,39.000,55.000,78,62,99,160,107,107,107,107,107,107,1,0,0,3,30,1
2.480000,356.45,26.302,15.790,285,256,30.000,30,30,18.000,39.000,55.000,80,62,100,160,108,108,108,108,108,108,1,0,0,3,30,1
2.485000,357.35,26.730,16.010,289,257,30.000,30,30,18.000,39.000,55.000,81,63,100,160,108,108,108,108,108,108,1,0,0,3,30,1
2.490000,358.25,27.160,16.280,294,259,30.000,30,30,18.000,39.000,55.000,82,63,101,160,109,109,109,109,109,109,1,0,0,3,30,1
2.495000,359.15,27.591,16.550,298,260,30.000,30,30,18.000,39.000,55.000,84,63,102,160,110,110,110,110,110,110,1,0,0,3,30,1
2.500000,0.05,28.022,16.820,303,262,30.000,30,30,18.000,39.000,55.000,85,64,103,160,111,111,111,111,111,111,1,0,0,3,30,1
2.505000,0.95,28.453,17.100,307,263,30.000,30,30,18.000,39.000,55.000,86,64,103,160,111,111,111,111,111,111,1,0,0,3,30,1
2.510000,1.85,28.883,17.310,312,265,30.000,30,30,18.000,39.000,55.000,87,65,104,160,112,112,112,112,112,112,1,0,0,3,30,1
2.515000,2.75,29.313,17.590,317,267,30.000,30,30,18.000,39.000,55.000,89,65,105,160,113,113,113,113,113,113,1,0,0,3,30,1
2.520000,3.65,29.741,17.860,321,269,30.000,30,30,18.000,39.000,55.000,90,66,106,160,114,114,114,114,114,114,1,0,0,3,30,1
2.525000,4.55,30.168,18.080,326,271,30.000,29,29,18.000,39.000,55.000,88,65,104,160,116,116,116,116,116,116,1,0,0,3,30,1
2.530000,5.45,30.593,18.350,330,274,30.000,29,29,18.000,39.000,55.000,90,66,105,160,118,118,118,118,118,118,1,0,0,3,30,1
2.535000,6.35,31.015,18.620,335,276,30.000,29,29,18.000,39.000,55.000,91,66,106,160,119,119,119,119,119,119,1,0,0,3,30,1
2.540000,7.25,31.435,18.840,340,279,30.000,29,29,18.000,39.000,55.000,92,67,108,160,120,120,120,120,120,120,1,0,0,3,30,1
2.545000,8.15,31.852,19.110,344,281,30.000,29,29,18.000,39.000,55.000,93,68,109,160,121,121,121,121,121,121,1,0,0,3,30,1
2.550000,9.05,32.265,19.330,349,284,30.000,29,29,18.000,39.000,55.000,94,69,110,160,123,123,123,123,123,123,1,0,0,3,30,1
2.555000,9.95,32.674,19.600,354,287,30.000,29,29,18.000,39.000,55.000,96,69,111,160,124,124,124,124,124,124,1,0,0,3,30,1
2.560000,10.85,33.078,19.820,358,289,30.000,29,29,18.000,39.000,55.000,97,70,112,160,125,125,125,125,125,125,1,0,0,3,30,1
2.565000,11.75,33.478,20.090,363,292,30.000,29,29,18.000,39.000,55.000,98,71,113,160,127,127,127,127,127,127,1,0,0,3,30,1
2.570000,12.65,33.873,20.310,367,295,30.000,29,29,18.000,39.000,55.000,99,72,115,160,128,128,128,128,128,128,1,0,0,3,30,1
2.575000,13.55,34.263,20.520,372,298,30.000,29,29,18.000,39.000,55.000,100,72,116,160,130,130,130,130,130,130,1,0,0,3,30,1
2.580000,14.45,34.646,20.790,376,301,30.000,29,29,18.000,39.000,55.000,102,73,117,160,131,131,131,131,131,131,1,0,0,3,30,1
2.585000,15.35,35.024,21.010,381,304,30.000,29,29,18.000,39.000,55.000,103,74,119,160,133,133,133,133,133,133,1,0,0,3,30,1
2.590000,16.25,35.395,21.230,385,308,30.000,29,29,18.000,39.000,55.000,104,75,121,160,135,135,135,135,135,135,1,0,0,3,30,1
2.595000,17.15,35.759,21.450,390,311,30.000,29,29,18.000,39.000,55.000,105,76,122,160,136,136,136,136,136,136,1,0,0,3,30,1
2.600000,18.05,36.116,21.670,394,314,30.000,29,29,18.000,39.000,55.000,106,77,123,160,138,138,138,138,138,138,1,0,0,3,30,1
2.605000,18.95,36.465,21.880,398,317,30.000,30,30,18.000,39.000,55.000,111,80,128,160,138,138,138,138,138,138,1,0,0,3,30,1
2.610000,19.85,36.807,22.100,402,321,30.000,30,30,18.000,39.000,55.000,112,81,129,160,140,140,140,140,140,140,1,0,0,3,30,1
2.615000,20.75,37.141,22.260,407,324,30.000,30,30,18.000,39.000,55.000,113,82,131,160,141,141,141,141,141,141,1,0,0,3,30,1
2.620000,21.65,37.466,22.480,411,328,30.000,30,30,18.000,39.000,55.000,114,83,133,160,143,143,143,143,143,143,1,0,0,3,30,1
2.625000,22.55,37.782,22.640,415,331,30.000,30,30,18.000,39.000,55.000,115,84,134,160,145,145,145,145,145,145,1,0,0,3,30,1
2.630000,23.45,38.090,22.860,418,334,30.000,30,30,18.000,39.000,55.000,116,84,135,160,146,146,146,146,146,146,1,0,0,3,30,1
2.635000,24.35,38.388,23.030,422,338,30.000,30,30,18.000,39.000,55.000,117,86,137,160,148,148,148,148,148,148,1,0,0,3,30,1
2.640000,25.25,38.676,23.190,426,341,30.000,30,30,18.000,39.000,55.000,117,86,139,160,150,150,150,150,150,150,1,0,0,3,30,1
2.645000,26.15,38.955,23.350,430,345,30.000,30,30,18.000,39.000,55.000,118,88,140,160,152,152,152,152,152,152,1,0,0,3,30,1
2.650000,27.05,39.224,23.510,433,348,30.000,30,30,18.000,39.000,55.000,119,88,142,160,153,153,153,153,153,153,1,0,0,3,30,1
2.655000,27.95,39.482,23.680,437,352,30.000,30,30,18.000,39.000,55.000,120,90,144,160,155,155,155,155,155,155,1,0,0,3,30,1
2.660000,28.85,39.730,23.840,440,355,30.000,30,30,18.000,39.000,55.000,121,90,145,160,157,157,157,157,157,157,1,0,0,3,30,1
2.665000,29.75,39.967,23.950,444,359,30.000,30,30,18.000,39.000,55.000,121,92,147,160,158,158,158,158,158,158,1,0,0,3,30,1
2.670000,30.65,40.193,24.110,447,362,30.000,30,30,18.000,39.000,55.000,122,92,148,160,160,160,160,160,160,160,1,0,0,3,30,1
2.675000,31.55,40.408,24.220,450,366,30.000,30,30,18.000,39.000,55.000,123,94,150,160,162,162,162,162,162,162,1,0,0,3,30,1
2.680000,32.45,40.611,24.380,453,369,30.000,30,30,18.000,39.000,55.000,123,94,151,160,163,163,163,163,163,163,1,0,0,3,30,1
2.685000,33.35,40.803,24.490,456,373,30.000,30,30,18.000,39.000,55.000,124,96,153,160,165,165,165,165,165,165,1,0,0,3,30,1
2.690000,34.25,40.983,24.600,458,376,30.000,30,30,18.000,39.000,55.000,125,96,154,160,167,167,167,167,167,167,1,0,0,3,30,1
2.695000,35.15,41.151,24.660,461,380,30.000,30,30,18.000,39.000,55.000,125,98,156,160,169,169,169,169,169,169,1,0,0,3,30,1
2.700000,36.05,41.307,24.770,464,383,30.000,30,30,18.000,39.000,55.000,125,98,158,160,170,170,170,170,170,170,1,0,0,3,30,1
2.705000,36.95,41.452,24.870,466,386,30.000,30,30,18.000,39.000,55.000,126,99,159,160,172,172,172,172,172,172,1,0,0,3,30,1
2.710000,37.85,41.583,24.930,468,390,30.000,30,30,18.000,39.000,55.000,126,100,161,160,174,174,174,174,174,174,1,0,0,3,30,1
2.715000,38.75,41.703,24.980,471,393,30.000,30,30,18.000,39.000,55.000,126,101,162,160,175,175,175,175,175,175,1,0,0,3,30,1
2.720000,39.65,41.810,25.090,473,396,30.000,30,30,18.000,39.000,55.000,127,102,164,160,177,177,177,177,177,177,1,0,0,3,30,1
2.725000,40.55,41.904,25.150,475,399,30.000,30,30,18.000,39.000,55.000,127,103,165,160,178,178,178,178,178,178,1,0,0,3,30,1
2.730000,41.45,41.986,25.200,476,402,30.000,30,30,18.000,39.000,55.000,128,104,166,160,180,180,180,180,180,180,1,0,0,3,30,1
2.735000,42.35,42.055,25.260,478,405,30.000,30,30,18.000,39.000,55.000,128,105,168,160,181,181,181,181,181,181,1,0,0,3,30,1
2.740000,43.25,42.111,25.260,480,408,30.000,30,30,18.000,39.000,55.000,128,105,169,160,183,183,183,183,183,183,1,0,0,3,30,1
2.745000,44.15,42.154,25.310,481,411,30.000,30,30,18.000,39.000,55.000,128,106,170,160,184,184,184,184,184,184,1,0,0,3,30,1
2.750000,45.05,42.185,25.310,482,414,30.000,30,30,18.000,39.000,55.000,128,107,172,160,186,186,186,186,186,186,1,0,0,3,30,1
2.755000,45.95,42.203,25.310,483,417,30.000,30,30,18.000,39.000,55.000,128,108,173,160,187,187,187,187,187,187,1,0,0,3,30,1
2.760000,46.85,42.208,25.310,484,419,30.000,30,30,18.000,39.000,55.000,128,109,174,160,188,188,188,188,188,188,1,0,0,3,30,1
2.765000,47.75,42.200,25.310,485,422,30.000,30,30,18.000,39.000,55.000,128,109,175,160,189,189,189,189,189,189,1,0,0,3,30,1
2.770000,48.65,42.180,25.310,486,425,30.000,30,30,18.000,39.000,55.000,128,110,177,160,191,191,191,191,191,191,1,0,0,3,30,1
2.775000,49.55,42.146,25.260,487,427,30.000,29,29,18.000,39.000,55.000,124,108,173,160,194,194,194,194,194,194,1,0,0,3,30,1
2.780000,50.45,42.100,25.260,487,430,30.000,29,29,18.000,39.000,55.000,124,109,175,160,195,195,195,195,195,195,1,0,0,3,30,1
2.785000,51.35,42.041,25.200,487,432,30.000,29,29,18.000,39.000,55.000,123,110,176,160,196,196,196,196,196,196,1,0,0,3,30,1
2.790000,52.25,41.970,25.200,488,434,30.000,29,29,18.000,39.000,55.000,123,110,177,160,197,197,197,197,197,197,1,0,0,3,30,1
2.795000,53.15,41.887,25.150,488,436,30.000,29,29,18.000,39.000,55.000,123,111,177,160,198,198,198,198,198,198,1,0,0,3,30,1
2.800000,54.05,41.790,25.090,488,438,30.000,29,29,18.000,39.000,55.000,123,111,178,160,199,199,199,199,199,199,1,0,0,3,30,1
2.805000,54.95,41.682,24.980,487,440,30.000,29,29,18.000,39.000,55.000,122,112,179,160,200,200,200,200,200,200,1,0,0,3,30,1
2.810000,55.85,41.562,24.930,487,442,30.000,29,29,18.000,39.000,55.000,122,112,180,160,201,201,201,201,201,201,1,0,0,3,30,1
2.815000,56.75,41.429,24.870,487,444,30.000,29,29,18.000,39.000,55.000,122,113,181,160,202,202,202,202,202,202,1,0,0,3,30,1
2.820000,57.65,41.285,24.770,486,446,30.000,29,29,18.000,39.000,55.000,121,114,182,160,203,203,203,203,203,203,1,0,0,3,30,1
2.825000,58.55,41.129,24.660,485,447,30.000,29,29,18.000,39.000,55.000,121,114,182,160,204,204,204,204,204,204,1,0,0,3,30,1
2.830000,59.45,40.961,24.550,484,449,30.000,29,29,18.000,39.000,55.000,120,114,183,160,205,205,205,205,205,205,1,0,0,3,30,1
2.835000,60.35,40.782,24.440,483,450,30.000,29,29,18.000,39.000,55.000,120,115,184,160,205,205,205,205,205,205,1,0,0,3,30,1
2.840000,61.25,40.592,24.330,482,451,30.000,29,29,18.000,39.000,55.000,119,115,184,160,206,206,206,206,206,206,1,0,0,3,30,1
2.845000,62.15,40.391,24.220,481,453,30.000,29,29,18.000,39.000,55.000,118,115,185,160,207,207,207,207,207,207,1,0,0,3,30,1
2.850000,63.05,40.179,24.110,479,454,30.000,29,29,18.000,39.000,55.000,118,116,185,160,207,207,207,207,207,207,1,0,0,3,30,1
2.855000,63.95,39.956,23.950,478,455,30.000,30,30,18.000,39.000,55.000,121,119,191,160,206,206,206,206,206,206,1,0,0,3,30,1
2.860000,64.85,39.723,23.840,476,456,30.000,30,30,18.000,39.000,55.000,121,119,191,160,206,206,206,206,206,206,1,0,0,3,30,1
2.865000,65.75,39.481,23.680,474,456,30.000,30,30,18.000,39.000,55.000,120,119,191,160,206,206,206,206,206,206,1,0,0,3,30,1
2.870000,66.65,39.228,23.510,472,457,30.000,30,30,18.000,39.000,55.000,119,119,191,160,207,207,207,207,207,207,1,0,0,3,30,1
2.875000,67.55,38.966,23.350,470,457,30.000,30,30,18.000,39.000,55.000,118,119,191,160,207,207,207,207,207,207,1,0,0,3,30,1
2.880000,68.45,38.694,23.190,468,458,30.000,30,30,18.000,39.000,55.000,117,120,192,160,207,207,207,207,207,207,1,0,0,3,30,1
2.885000,69.35,38.414,23.030,466,458,30.000,30,30,18.000,39.000,55.000,117,120,192,160,207,207,207,207,207,207,1,0,0,3,30,1
2.890000,70.25,38.124,22.860,463,458,30.000,30,30,18.000,39.000,55.000,116,120,192,160,207,207,207,207,207,207,1,0,0,3,30,1
2.895000,71.15,37.827,22.700,461,459,30.000,30,30,18.000,39.000,55.000,115,120,192,160,208,208,208,208,208,208,1,0,0,3,30,1
2.900000,72.05,37.521,22.540,458,459,30.000,30,30,18.000,39.000,55.000,114,120,192,160,208,208,208,208,208,208,1,0,0,3,30,1
2.905000,72.95,37.207,22.320,456,459,30.000,30,30,18.000,39.000,55.000,113,120,192,160,208,208,208,208,208,208,1,0,0,3,30,1
2.910000,73.85,36.886,22.150,453,458,30.000,30,30,18.000,39.000,55.000,112,120,192,160,207,207,207,207,207,207,1,0,0,3,30,1
2.915000,74.75,36.558,21.940,450,458,30.000,30,30,18.000,39.000,55.000,111,120,192,160,207,207,207,207,207,207,1,0,0,3,30,1
2.920000,75.65,36.223,21.720,447,458,30.000,30,30,18.000,39.000,55.000,110,120,192,160,207,207,207,207,207,207,1,0,0,3,30,1
2.925000,76.55,35.881,21.500,444,458,30.000,30,30,18.000,39.000,55.000,109,120,192,160,207,207,207,207,207,207,1,0,0,3,30,1
2.930000,77.45,35.533,21.280,440,458,30.000,30,30,18.000,39.000,55.000,108,120,192,160,207,207,207,207,207,207,1,0,0,3,30,1
2.935000,78.35,35.180,21.120,437,457,30.000,30,30,18.000,39.000,55.000,107,119,191,160,207,207,207,207,207,207,1,0,0,3,30,1
2.940000,79.25,34.821,20.900,434,457,30.000,30,30,18.000,39.000,55.000,106,119,191,160,207,207,207,207,207,207,1,0,0,3,30,1
2.945000,80.15,34.456,20.690,430,457,30.000,30,30,18.000,39.000,55.000,105,119,191,160,207,207,207,207,207,207,1,0,0,3,30,1
2.950000,81.05,34.087,20.470,427,456,30.000,30,30,18.000,39.000,55.000,104,119,191,160,206,206,206,206,206,206,1,0,0,3,30,1
2.955000,81.94,33.714,20.200,423,455,30.000,30,30,18.000,39.000,55.000,102,119,191,160,206,206,206,206,206,206,1,0,0,3,30,1
2.960000,82.84,33.337,19.980,419,455,30.000,30,30,18.000,39.000,55.000,101,119,191,160,206,206,206,206,206,206,1,0,0,3,30,1
2.965000,83.74,32.956,19.760,416,454,30.000,30,30,18.000,39.000,55.000,100,119,190,160,205,205,205,205,205,205,1,0,0,3,30,1
2.970000,84.64,32.572,19.540,412,453,30.000,30,30,18.000,39.000,55.000,99,118,190,160,205,205,205,205,205,205,1,0,0,3,30,1
2.975000,85.54,32.185,19.330,408,453,30.000,30,30,18.000,39.000,55.000,98,118,190,160,205,205,205,205,205,205,1,0,0,3,30,1
2.980000,86.44,31.795,19.050,404,452,30.000,30,30,18.000,39.000,55.000,96,118,189,160,204,204,204,204,204,204,1,0,0,3,30,1
2.985000,87.34,31.404,18.840,400,451,30.000,30,30,18.000,39.000,55.000,95,118,189,160,204,204,204,204,204,204,1,0,0,3,30,1
2.990000,88.24,31.010,18.620,396,450,30.000,30,30,18.000,39.000,55.000,94,117,188,160,203,203,203,203,203,203,1,0,0,3,30,1
2.995000,89.14,30.616,18.350,392,449,30.000,30,30,18.000,39.000,55.000,93,117,188,160,203,203,203,203,203,203,1,0,0,3,30,1
3.000000,90.04,30.220,18.130,388,447,30.000,30,30,18.000,39.000,55.000,92,117,187,160,202,202,202,202,202,202,1,0,0,3,30,1
3.005000,90.94,29.824,17.910,384,446,30.000,30,30,18.000,39.000,55.000,91,116,186,160,201,201,201,201,201,201,1,0,0,3,30,1
3.010000,91.84,29.428,17.640,380,445,30.000,30,30,18.000,39.000,55.000,89,116,186,160,201,201,201,201,201,201,1,0,0,3,30,1
3.015000,92.74,29.032,17.420,375,444,30.000,30,30,18.000,39.000,55.000,88,116,185,160,200,200,200,200,200,200,1,0,0,3,30,1
3.020000,93.64,28.637,17.210,371,442,30.000,30,30,18.000,39.000,55.000,87,115,185,160,199,199,199,199,199,199,1,0,0,3,30,1
3.025000,94.54,28.242,16.930,367,441,30.000,29,29,18.000,39.000,55.000,83,112,180,160,201,201,201,201,201,201,1,0,0,3,30,1
3.030000,95.44,27.849,16.720,363,440,30.000,29,29,18.000,39.000,55.000,82,112,179,160,200,200,200,200,200,200,1,0,0,3,30,1
3.035000,96.34,27.458,16.440,358,438,30.000,29,29,18.000,39.000,55.000,80,111,178,160,199,199,199,199,199,199,1,0,0,3,30,1
3.040000,97.24,27.069,16.230,354,436,30.000,29,29,18.000,39.000,55.000,79,111,177,160,198,198,198,198,198,198,1,0,0,3,30,1
3.045000,98.14,26.683,16.010,350,435,30.000,29,29,18.000,39.000,55.000,78,110,177,160,198,198,198,198,198,198,1,0,0,3,30,1
3.050000,99.04,26.300,15.790,346,433,30.000,29,29,18.000,39.000,55.000,77,110,176,160,197,197,197,197,197,197,1,0,0,3,30,1
3.055000,99.94,25.920,15.570,341,431,30.000,29,29,18.000,39.000,55.000,76,109,175,160,196,196,196,196,196,196,1,0,0,3,30,1
3.060000,100.84,25.543,15.300,337,430,30.000,29,29,18.000,39.000,55.000,75,109,175,160,195,195,195,195,195,195,1,0,0,3,30,1
3.065000,101.74,25.171,15.080,333,428,30.000,29,29,18.000,39.000,55.000,74,109,174,160,194,194,194,194,194,194,1,0,0,3,30,1
3.070000,102.64,24.803,14.870,329,426,30.000,29,29,18.000,39.000,55.000,73,108,173,160,193,193,193,193,193,193,1,0,0,3,30,1
3.075000,103.54,24.440,14.650,324,424,30.000,29,29,18.000,39.000,55.000,71,107,172,160,192,192,192,192,192,192,1,0,0,3,30,1
3.080000,104.44,24.082,14.430,320,422,30.000,29,29,18.000,39.000,55.000,70,107,171,160,191,191,191,191,191,191,1,0,0,3,30,1
3.085000,105.34,23.729,14.210,316,420,30.000,29,29,18.000,39.000,55.000,69,106,170,160,190,190,190,190,190,190,1,0,0,3,30,1
3.090000,106.24,23.382,14.050,312,418,30.000,29,29,18.000,39.000,55.000,69,106,169,160,189,189,189,189,189,189,1,0,0,3,30,1
3.095000,107.14,23.042,13.830,308,416,30.000,29,29,18.000,39.000,55.000,67,105,169,160,188,188,188,188,188,188,1,0,0,3,30,1
3.100000,108.04,22.708,13.620,304,414,30.000,29,29,18.000,39.000,55.000,66,105,168,160,187,187,187,187,187,187,1,0,0,3,30,1
3.105000,108.94,22.380,13.400,300,411,30.000,30,30,18.000,39.000,55.000,68,106,170,160,184,184,184,184,184,184,1,0,0,3,30,1
3.110000,109.84,22.060,13.230,296,409,30.000,30,30,18.000,39.000,55.000,67,106,170,160,183,183,183,183,183,183,1,0,0,3,30,1
3.115000,110.74,21.747,13.020,292,407,30.000,30,30,18.000,39.000,55.000,66,105,169,160,182,182,182,182,182,182,1,0,0,3,30,1
3.120000,111.64,21.442,12.850,289,405,30.000,30,30,18.000,39.000,55.000,65,105,168,160,181,181,181,181,181,181,1,0,0,3,30,1
3.125000,112.54,21.145,12.690,285,402,30.000,30,30,18.000,39.000,55.000,64,104,166,160,180,180,180,180,180,180,1,0,0,3,30,1
3.130000,113.44,20.857,12.530,281,400,30.000,30,30,18.000,39.000,55.000,63,103,165,160,179,179,179,179,179,179,1,0,0,3,30,1
3.135000,114.34,20.576,12.360,278,398,30.000,30,30,18.000,39.000,55.000,62,103,165,160,178,178,178,178,178,178,1,0,0,3,30,1
3.140000,115.24,20.305,12.200,274,395,30.000,30,30,18.000,39.000,55.000,62,102,163,160,176,176,176,176,176,176,1,0,0,3,30,1
3.145000,116.14,20.043,12.040,271,393,30.000,30,30,18.000,39.000,55.000,61,101,162,160,175,175,175,175,175,175,1,0,0,3,30,1
3.150000,117.04,19.790,11.870,267,391,30.000,30,30,18.000,39.000,55.000,60,101,161,160,174,174,174,174,174,174,1,0,0,3,30,1
3.155000,117.94,19.546,11.710,264,388,30.000,30,30,18.000,39.000,55.000,59,100,160,160,173,173,173,173,173,173,1,0,0,3,30,1
3.160000,118.84,19.313,11.600,261,386,30.000,30,30,18.000,39.000,55.000,58,99,159,160,172,172,172,172,172,172,1,0,0,3,30,1
3.165000,119.74,19.089,11.440,258,383,30.000,30,30,18.000,39.000,55.000,58,98,158,160,170,170,170,170,170,170,1,0,0,3,30,1
3.170000,120.64,18.876,11.330,255,381,30.000,30,30,18.000,39.000,55.000,57,98,157,160,169,169,169,169,169,169,1,0,0,3,30,1
3.175000,121.54,18.673,11.220,252,378,30.000,30,30,18.000,39.000,55.000,57,97,155,160,168,168,168,168,168,168,1,0,0,3,30,1
3.180000,122.44,18.481,11.110,249,376,30.000,30,30,18.000,39.000,55.000,56,96,154,160,167,167,167,167,167,167,1,0,0,3,30,1
3.185000,123.34,18.300,11.000,246,373,30.000,30,30,18.000,39.000,55.000,55,96,153,160,165,165,165,165,165,165,1,0,0,3,30,1
3.190000,124.24,18.129,10.900,244,371,30.000,29,29,18.000,39.000,55.000,53,93,149,160,166,166,166,166,166,166,1,0,0,3,30,1
3.195000,125.14,17.970,10.790,241,368,30.000,29,29,18.000,39.000,55.000,53,92,147,160,165,165,165,165,165,165,1,0,0,3,30,1
3.200000,126.04,17.822,10.680,239,366,30.000,29,29,18.000,39.000,55.000,52,91,146,160,163,163,163,163,163,163,1,0,0,3,30,1
3.205000,126.94,17.685,10.620,236,363,30.000,29,29,18.000,39.000,55.000,52,90,145,160,162,162,162,162,162,162,1,0,0,3,30,1
3.210000,127.84,17.560,10.510,234,361,30.000,29,29,18.000,39.000,55.000,51,90,144,160,161,161,161,161,161,161,1,0,0,3,30,1
3.215000,128.74,17.446,10.460,232,358,30.000,29,29,18.000,39.000,55.000,51,89,143,160,160,160,160,160,160,160,1,0,0,3,30,1
3.220000,129.64,17.344,10.410,230,356,30.000,29,29,18.000,39.000,55.000,51,88,142,160,158,158,158,158,158,158,1,0,0,3,30,1
3.225000,130.54,17.254,10.350,228,353,30.000,29,29,18.000,39.000,55.000,50,88,141,160,157,157,157,157,157,157,1,0,0,3,30,1
3.230000,131.44,17.176,10.300,227,351,30.000,29,29,18.000,39.000,55.000,50,87,140,160,156,156,156,156,156,156,1,0,0,3,30,1
3.235000,132.34,17.110,10.240,225,348,30.000,29,29,18.000,39.000,55.000,50,86,138,160,155,155,155,155,155,155,1,0,0,3,30,1
3.240000,133.24,17.055,10.240,224,346,30.000,29,29,18.000,39.000,55.000,50,86,137,160,154,154,154,154,154,154,1,0,0,3,30,1
3.245000,134.14,17.013,10.190,222,344,30.000,29,29,18.000,39.000,55.000,50,85,137,160,153,153,153,153,153,153,1,0,0,3,30,1
3.250000,135.04,16.983,10.190,221,341,30.000,29,29,18.000,39.000,55.000,50,84,135,160,151,151,151,151,151,151,1,0,0,3,30,1
3.255000,135.94,16.964,10.190,220,339,30.000,29,29,18.000,39.000,55.000,50,84,134,160,150,150,150,150,150,150,1,0,0,3,30,1
3.260000,136.84,16.958,10.190,219,336,30.000,29,29,18.000,39.000,55.000,50,83,133,160,149,149,149,149,149,149,1,0,0,3,30,1
3.265000,137.74,16.964,10.190,218,334,30.000,29,29,18.000,39.000,55.000,50,82,132,160,148,148,148,148,148,148,1,0,0,3,30,1
3.270000,138.64,16.982,10.190,218,332,30.000,29,29,18.000,39.000,55.000,50,82,131,160,147,147,147,147,147,147,1,0,0,3,30,1
3.275000,139.54,17.012,10.190,217,330,30.000,30,30,18.000,39.000,55.000,51,83,134,160,144,144,144,144,144,144,1,0,0,3,30,1
3.280000,140.44,17.053,10.240,217,328,30.000,30,30,18.000,39.000,55.000,52,83,133,160,143,143,143,143,143,143,1,0,0,3,30,1
3.285000,141.34,17.107,10.240,216,325,30.000,30,30,18.000,39.000,55.000,52,82,131,160,142,142,142,142,142,142,1,0,0,3,30,1
3.290000,142.24,17.172,10.300,216,323,30.000,30,30,18.000,39.000,55.000,52,81,130,160,141,141,141,141,141,141,1,0,0,3,30,1
3.295000,143.14,17.249,10.350,216,321,30.000,30,30,18.000,39.000,55.000,52,81,129,160,140,140,140,140,140,140,1,0,0,3,30,1
3.300000,144.04,17.338,10.410,216,319,30.000,30,30,18.000,39.000,55.000,52,80,129,160,139,139,139,139,139,139,1,0,0,3,30,1
3.305000,144.94,17.438,10.460,216,317,30.000,30,30,18.000,39.000,55.000,53,80,128,160,138,138,138,138,138,138,1,0,0,3,30,1
3.310000,145.84,17.550,10.510,217,315,30.000,30,30,18.000,39.000,55.000,53,79,127,160,137,137,137,137,137,137,1,0,0,3,30,1
3.315000,146.74,17.673,10.620,217,313,30.000,30,30,18.000,39.000,55.000,53,78,126,160,136,136,136,136,136,136,1,0,0,3,30,1
3.320000,147.64,17.806,10.680,217,311,30.000,30,30,18.000,39.000,55.000,54,78,125,160,135,135,135,135,135,135,1,0,0,3,30,1
3.325000,148.54,17.951,10.790,218,310,30.000,30,30,18.000,39.000,55.000,54,78,124,160,134,134,134,134,134,134,1,0,0,3,30,1
3.330000,149.44,18.107,10.840,219,308,30.000,30,30,18.000,39.000,55.000,55,77,124,160,133,133,133,133,133,133,1,0,0,3,30,1
3.335000,150.34,18.273,10.950,220,306,30.000,30,30,18.000,39.000,55.000,55,76,123,160,132,132,132,132,132,132,1,0,0,3,30,1
3.340000,151.24,18.450,11.060,221,304,30.000,30,30,18.000,39.000,55.000,56,76,122,160,131,131,131,131,131,131,1,0,0,3,30,1
3.345000,152.14,18.637,11.170,222,303,30.000,30,30,18.000,39.000,55.000,56,76,121,160,131,131,131,131,131,131,1,0,0,3,30,1
3.350000,153.04,18.833,11.280,224,301,30.000,30,30,18.000,39.000,55.000,57,75,120,160,130,130,130,130,130,130,1,0,0,3,30,1
3.355000,153.94,19.040,11.440,225,300,30.000,30,30,18.000,39.000,55.000,58,75,120,160,130,130,130,130,130,130,1,0,0,3,30,1
3.360000,154.84,19.256,11.550,227,298,30.000,30,30,18.000,39.000,55.000,58,74,119,160,128,128,128,128,128,128,1,0,0,3,30,1
3.365000,155.74,19.482,11.710,228,297,30.000,30,30,18.000,39.000,55.000,59,74,118,160,128,128,128,128,128,128,1,0,0,3,30,1
3.370000,156.64,19.717,11.820,230,296,30.000,30,30,18.000,39.000,55.000,60,74,118,160,127,127,127,127,127,127,1,0,0,3,30,1
3.375000,157.54,19.960,11.980,232,294,30.000,30,30,18.000,39.000,55.000,60,73,117,160,127,127,127,127,127,127,1,0,0,3,30,1
3.380000,158.44,20.212,12.150,234,293,30.000,30,30,18.000,39.000,55.000,61,73,117,160,126,126,126,126,126,126,1,0,0,3,30,1
3.385000,159.34,20.472,12.260,236,292,30.000,30,30,18.000,39.000,55.000,62,72,116,160,125,125,125,125,125,125,1,0,0,3,30,1
3.390000,160.24,20.741,12.420,238,291,30.000,30,30,18.000,39.000,55.000,63,72,116,160,125,125,125,125,125,125,1,0,0,3,30,1
3.395000,161.14,21.017,12.640,241,290,30.000,30,30,18.000,39.000,55.000,64,72,115,160,124,124,124,124,124,124,1,0,0,3,30,1
3.400000,162.04,21.300,12.800,243,289,30.000,30,30,18.000,39.000,55.000,65,72,115,160,124,124,124,124,124,124,1,0,0,3,30,1
3.405000,162.94,21.591,12.960,246,288,30.000,30,30,18.000,39.000,55.000,65,71,114,160,124,124,124,124,124,124,1,0,0,3,30,1
3.410000,163.84,21.889,13.130,248,288,30.000,30,30,18.000,39.000,55.000,66,71,114,160,124,124,124,124,124,124,1,0,0,3,30,1
3.415000,164.74,22.193,13.290,251,287,30.000,30,30,18.000,39.000,55.000,67,71,114,160,123,123,123,123,123,123,1,0,0,3,30,1
3.420000,165.64,22.503,13.510,254,286,30.000,30,30,18.000,39.000,55.000,68,71,114,160,123,123,123,123,123,123,1,0,0,3,30,1
3.425000,166.54,22.819,13.670,257,286,30.000,30,30,18.000,39.000,55.000,69,71,114,160,123,123,123,123,123,123,1,0,0,3,30,1
3.430000,167.44,23.140,13.890,260,285,30.000,30,30,18.000,39.000,55.000,70,70,113,160,122,122,122,122,122,122,1,0,0,3,30,1
3.435000,168.34,23.467,14.100,263,285,30.000,30,30,18.000,39.000,55.000,71,70,113,160,122,122,122,122,122,122,1,0,0,3,30,1
3.440000,169.24,23.798,14.270,266,284,30.000,29,29,18.000,39.000,55.000,70,69,110,160,123,123,123,123,123,123,1,0,0,3,30,1
3.445000,170.14,24.134,14.490,269,284,30.000,29,29,18.000,39.000,55.000,71,69,110,160,123,123,123,123,123,123,1,0,0,3,30,1
3.450000,171.04,24.474,14.700,272,284,30.000,29,29,18.000,39.000,55.000,72,69,110,160,123,123,123,123,123,123,1,0,0,3,30,1
3.455000,171.94,24.818,14.870,276,284,30.000,29,29,18.000,39.000,55.000,73,69,110,160,123,123,123,123,123,123,1,0,0,3,30,1
3.460000,172.84,25.165,15.080,279,284,30.000,29,29,18.000,39.000,55.000,74,69,110,160,123,123,123,123,123,123,1,0,0,3,30,1
3.465000,173.74,25.515,15.300,283,284,30.000,29,29,18.000,39.000,55.000,75,69,110,160,123,123,123,123,123,123,1,0,0,3,30,1
3.470000,174.64,25.867,15.520,286,284,30.000,29,29,18.000,39.000,55.000,76,69,110,160,123,123,123,123,123,123,1,0,0,3,30,1
3.475000,175.54,26.222,15.740,290,284,30.000,29,29,18.000,39.000,55.000,77,69,110,160,123,123,123,123,123,123,1,0,0,3,30,1
3.480000,176.44,26.579,15.950,293,284,30.000,29,29,18.000,39.000,55.000,78,69,110,160,123,123,123,123,123,123,1,0,0,3,30,1
3.485000,177.34,26.938,16.170,297,284,30.000,29,29,18.000,39.000,55.000,79,69,110,160,123,123,123,123,123,123,1,0,0,3,30,1
3.490000,178.24,27.297,16.390,301,285,30.000,29,29,18.000,39.000,55.000,80,69,110,160,123,123,123,123,123,123,1,0,0,3,30,1
3.495000,179.14,27.657,16.610,304,286,30.000,29,29,18.000,39.000,55.000,81,69,111,160,124,124,124,124,124,124,1,0,0,3,30,1
3.500000,180.04,28.018,16.820,308,286,30.000,29,29,18.000,39.000,55.000,82,69,111,160,124,124,124,124,124,124,1,0,0,3,30,1
3.505000,180.94,28.379,17.040,312,287,30.000,29,29,18.000,39.000,55.000,83,69,111,160,124,124,124,124,124,124,1,0,0,3,30,1
3.510000,181.84,28.739,17.260,316,288,30.000,29,29,18.000,39.000,55.000,84,70,112,160,125,125,125,125,125,125,1,0,0,3,30,1
3.515000,182.74,29.098,17.480,320,290,30.000,29,29,18.000,39.000,55.000,85,70,113,160,126,126,126,126,126,126,1,0,0,3,30,1
3.520000,183.64,29.456,17.690,323,291,30.000,29,29,18.000,39.000,55.000,86,70,113,160,126,126,126,126,126,126,1,0,0,3,30,1
3.525000,184.54,29.813,17.860,327,292,30.000,30,30,18.000,39.000,55.000,90,72,116,160,125,125,125,125,125,125,1,0,0,3,30,1
3.530000,185.44,30.168,18.080,331,294,30.000,30,30,18.000,39.000,55.000,91,73,117,160,127,127,127,127,127,127,1,0,0,3,30,1
3.535000,186.34,30.520,18.290,335,295,30.000,30,30,18.000,39.000,55.000,92,73,118,160,127,127,127,127,127,127,1,0,0,3,30,1
3.540000,187.24,30.870,18.510,339,297,30.000,30,30,18.000,39.000,55.000,94,74,118,160,128,128,128,128,128,128,1,0,0,3,30,1
3.545000,188.14,31.217,18.730,343,299,30.000,30,30,18.000,39.000,55.000,95,74,119,160,129,129,129,129,129,129,1,0,0,3,30,1
3.550000,189.04,31.560,18.950,347,301,30.000,30,30,18.000,39.000,55.000,96,75,120,160,130,130,130,130,130,130,1,0,0,3,30,1
3.555000,189.94,31.900,19.110,350,302,30.000,30,30,18.000,39.000,55.000,97,75,121,160,130,130,130,130,130,130,1,0,0,3,30,1
3.560000,190.84,32.235,19.330,354,304,30.000,30,30,18.000,39.000,55.000,98,76,122,160,131,131,131,131,131,131,1,0,0,3,30,1
3.565000,191.74,32.566,19.540,358,307,30.000,30,30,18.000,39.000,55.000,99,77,123,160,133,133,133,133,133,133,1,0,0,3,30,1
3.570000,192.64,32.892,19.710,362,309,30.000,30,30,18.000,39.000,55.000,100,77,124,160,134,134,134,134,134,134,1,0,0,3,30,1
3.575000,193.54,33.213,19.920,366,311,30.000,30,30,18.000,39.000,55.000,101,78,125,160,135,135,135,135,135,135,1,0,0,3,30,1
3.580000,194.44,33.529,20.090,369,313,30.000,30,30,18.000,39.000,55.000,102,78,126,160,136,136,136,136,136,136,1,0,0,3,30,1
3.585000,195.34,33.838,20.310,373,316,30.000,30,30,18.000,39.000,55.000,103,79,127,160,137,137,137,137,137,137,1,0,0,3,30,1
3.590000,196.24,34.141,20.470,377,318,30.000,30,30,18.000,39.000,55.000,104,80,128,160,138,138,138,138,138,138,1,0,0,3,30,1
3.595000,197.14,34.438,20.690,380,320,30.000,30,30,18.000,39.000,55.000,105,80,129,160,139,139,139,139,139,139,1,0,0,3,30,1
3.600000,198.04,34.728,20.850,384,323,30.000,30,30,18.000,39.000,55.000,105,81,130,160,141,141,141,141,141,141,1,0,0,3,30,1
3.605000,198.94,35.011,21.010,387,325,30.000,30,30,18.000,39.000,55.000,106,82,131,160,142,142,142,142,142,142,1,0,0,3,30,1
3.610000,199.84,35.286,21.180,391,328,30.000,30,30,18.000,39.000,55.000,107,83,133,160,143,143,143,143,143,143,1,0,0,3,30,1
3.615000,200.74,35.554,21.340,394,331,30.000,30,30,18.000,39.000,55.000,108,84,134,160,145,145,145,145,145,145,1,0,0,3,30,1
3.620000,201.64,35.813,21.500,398,333,30.000,30,30,18.000,39.000,55.000,109,84,135,160,146,146,146,146,146,146,1,0,0,3,30,1
3.625000,202.54,36.065,21.610,401,336,30.000,30,30,18.000,39.000,55.000,109,85,136,160,147,147,147,147,147,147,1,0,0,3,30,1
3.630000,203.44,36.307,21.770,404,339,30.000,30,30,18.000,39.000,55.000,110,86,138,160,149,149,149,149,149,149,1,0,0,3,30,1
3.635000,204.34,36.541,21.940,407,341,30.000,30,30,18.000,39.000,55.000,111,86,139,160,150,150,150,150,150,150,1,0,0,3,30,1
3.640000,205.24,36.766,22.050,410,344,30.000,30,30,18.000,39.000,55.000,112,87,140,160,151,151,151,151,151,151,1,0,0,3,30,1
3.645000,206.14,36.981,22.150,413,347,30.000,30,30,18.000,39.000,55.000,112,88,141,160,153,153,153,153,153,153,1,0,0,3,30,1
3.650000,207.04,37.187,22.320,416,349,30.000,30,30,18.000,39.000,55.000,113,89,142,160,154,154,154,154,154,154,1,0,0,3,30,1
3.655000,207.94,37.383,22.430,419,352,30.000,30,30,18.000,39.000,55.000,113,90,144,160,155,155,155,155,155,155,1,0,0,3,30,1
3.660000,208.84,37.568,22.540,421,355,30.000,30,30,18.000,39.000,55.000,114,90,145,160,157,157,157,157,157,157,1,0,0,3,30,1
3.665000,209.74,37.744,22.640,424,358,30.000,30,30,18.000,39.000,55.000,115,91,146,160,158,158,158,158,158,158,1,0,0,3,30,1
3.670000,210.64,37.909,22.750,426,360,30.000,30,30,18.000,39.000,55.000,115,92,147,160,159,159,159,159,159,159,1,0,0,3,30,1
3.675000,211.54,38.064,22.810,429,363,30.000,30,30,18.000,39.000,55.000,115,93,149,160,160,160,160,160,160,160,1,0,0,3,30,1
3.680000,212.44,38.207,22.920,431,366,30.000,30,30,18.000,39.000,55.000,116,94,150,160,162,162,162,162,162,162,1,0,0,3,30,1
3.685000,213.34,38.340,23.030,433,368,30.000,30,30,18.000,39.000,55.000,117,94,151,160,163,163,163,163,163,163,1,0,0,3,30,1
3.690000,214.24,38.462,23.080,435,371,30.000,29,29,18.000,39.000,55.000,113,93,149,160,166,166,166,166,166,166,1,0,0,3,30,1
3.695000,215.14,38.572,23.130,437,374,30.000,29,29,18.000,39.000,55.000,113,93,150,160,167,167,167,167,167,167,1,0,0,3,30,1
3.700000,216.04,38.671,23.190,439,376,30.000,29,29,18.000,39.000,55.000,113,94,151,160,168,168,168,168,168,168,1,0,0,3,30,1
3.705000,216.94,38.759,23.240,441,379,30.000,29,29,18.000,39.000,55.000,114,95,152,160,170,170,170,170,170,170,1,0,0,3,30,1
3.710000,217.84,38.835,23.300,443,381,30.000,29,29,18.000,39.000,55.000,114,95,153,160,171,171,171,171,171,171,1,0,0,3,30,1
3.715000,218.74,38.899,23.350,444,384,30.000,29,29,18.000,39.000,55.000,114,96,154,160,172,172,172,172,172,172,1,0,0,3,30,1
3.720000,219.64,38.951,23.350,446,386,30.000,29,29,18.000,39.000,55.000,114,97,155,160,173,173,173,173,173,173,1,0,0,3,30,1
3.725000,220.54,38.992,23.410,447,389,30.000,29,29,18.000,39.000,55.000,115,98,157,160,175,175,175,175,175,175,1,0,0,3,30,1
3.730000,221.44,39.020,23.410,448,391,30.000,29,29,18.000,39.000,55.000,115,98,157,160,176,176,176,176,176,176,1,0,0,3,30,1
3.735000,222.34,39.037,23.410,449,393,30.000,29,29,18.000,39.000,55.000,115,99,158,160,177,177,177,177,177,177,1,0,0,3,30,1
3.740000,223.24,39.042,23.410,450,396,30.000,29,29,18.000,39.000,55.000,115,100,160,160,178,178,178,178,178,178,1,0,0,3,30,1
3.745000,224.14,39.034,23.410,451,398,30.000,29,29,18.000,39.000,55.000,115,100,161,160,179,179,179,179,179,179,1,0,0,3,30,1
3.750000,225.04,39.015,23.410,451,400,30.000,29,29,18.000,39.000,55.000,115,101,161,160,180,180,180,180,180,180,1,0,0,3,30,1
3.755000,225.94,38.983,23.410,452,402,30.000,29,29,18.000,39.000,55.000,115,101,162,160,181,181,181,181,181,181,1,0,0,3,30,1
3.760000,226.84,38.940,23.350,452,404,30.000,29,29,18.000,39.000,55.000,114,102,163,160,182,182,182,182,182,182,1,0,0,3,30,1
3.765000,227.74,38.884,23.300,453,406,30.000,29,29,18.000,39.000,55.000,114,102,164,160,183,183,183,183,183,183,1,0,0,3,30,1
3.770000,228.64,38.817,23.300,453,408,30.000,29,29,18.000,39.000,55.000,114,103,165,160,184,184,184,184,184,184,1,0,0,3,30,1
3.775000,229.54,38.737,23.240,453,410,30.000,30,30,18.000,39.000,55.000,118,106,170,160,184,184,184,184,184,184,1,0,0,3,30,1
3.780000,230.44,38.646,23.190,453,412,30.000,30,30,18.000,39.000,55.000,117,107,171,160,185,185,185,185,185,185,1,0,0,3,30,1
3.785000,231.34,38.543,23.130,453,413,30.000,30,30,18.000,39.000,55.000,117,107,171,160,185,185,185,185,185,185,1,0,0,3,30,1
3.790000,232.24,38.428,23.030,452,415,30.000,30,30,18.000,39.000,55.000,117,107,172,160,186,186,186,186,186,186,1,0,0,3,30,1
3.795000,233.14,38.302,22.970,452,416,30.000,30,30,18.000,39.000,55.000,116,108,173,160,187,187,187,187,187,187,1,0,0,3,30,1
3.800000,234.04,38.164,22.920,451,418,30.000,30,30,18.000,39.000,55.000,116,108,174,160,187,187,187,187,187,187,1,0,0,3,30,1
3.805000,234.94,38.015,22.810,451,419,30.000,30,30,18.000,39.000,55.000,115,109,174,160,188,188,188,188,188,188,1,0,0,3,30,1
3.810000,235.84,37.854,22.700,450,420,30.000,30,30,18.000,39.000,55.000,115,109,174,160,188,188,188,188,188,188,1,0,0,3,30,1
3.815000,236.74,37.683,22.590,449,421,30.000,30,30,18.000,39.000,55.000,114,109,175,160,189,189,189,189,189,189,1,0,0,3,30,1
3.820000,237.64,37.500,22.480,448,422,30.000,30,30,18.000,39.000,55.000,114,109,175,160,189,189,189,189,189,189,1,0,0,3,30,1
3.825000,238.54,37.307,22.370,446,423,30.000,30,30,18.000,39.000,55.000,113,110,176,160,190,190,190,190,190,190,1,0,0,3,30,1
3.830000,239.44,37.103,22.260,445,424,30.000,30,30,18.000,39.000,55.000,113,110,176,160,190,190,190,190,190,190,1,0,0,3,30,1
3.835000,240.34,36.889,22.150,444,425,30.000,30,30,18.000,39.000,55.000,112,110,177,160,191,191,191,191,191,191,1,0,0,3,30,1
3.840000,241.24,36.664,21.990,442,426,30.000,30,30,18.000,39.000,55.000,111,111,177,160,191,191,191,191,191,191,1,0,0,3,30,1
3.845000,242.14,36.430,21.830,440,426,30.000,30,30,18.000,39.000,55.000,110,111,177,160,191,191,191,191,191,191,1,0,0,3,30,1
3.850000,243.04,36.185,21.720,438,427,30.000,30,30,18.000,39.000,55.000,110,111,178,160,192,192,192,192,192,192,1,0,0,3,30,1
3.855000,243.94,35.931,21.560,436,427,30.000,30,30,18.000,39.000,55.000,109,111,178,160,192,192,192,192,192,192,1,0,0,3,30,1
3.860000,244.84,35.668,21.390,434,427,30.000,30,30,18.000,39.000,55.000,108,111,178,160,192,192,192,192,192,192,1,0,0,3,30,1
3.865000,245.74,35.396,21.230,432,428,30.000,30,30,18.000,39.000,55.000,107,111,178,160,192,192,192,192,192,192,1,0,0,3,30,1
3.870000,246.64,35.115,21.070,430,428,30.000,30,30,18.000,39.000,55.000,107,111,178,160,192,192,192,192,192,192,1,0,0,3,30,1
3.875000,247.54,34.825,20.900,427,428,30.000,30,30,18.000,39.000,55.000,106,111,178,160,192,192,192,192,192,192,1,0,0,3,30,1
3.880000,248.44,34.528,20.690,425,428,30.000,30,30,18.000,39.000,55.000,105,111,178,160,192,192,192,192,192,192,1,0,0,3,30,1
3.885000,249.34,34.222,20.520,422,428,30.000,30,30,18.000,39.000,55.000,104,111,178,160,192,192,192,192,192,192,1,0,0,3,30,1
3.890000,250.24,33.908,20.360,419,428,30.000,30,30,18.000,39.000,55.000,103,111,178,160,192,192,192,192,192,192,1,0,0,3,30,1
3.895000,251.14,33.587,20.140,417,427,30.000,30,30,18.000,39.000,55.000,102,111,178,160,192,192,192,192,192,192,1,0,0,3,30,1
3.900000,252.04,33.259,19.920,414,427,30.000,30,30,18.000,39.000,55.000,101,111,178,160,192,192,192,192,192,192,1,0,0,3,30,1
3.905000,252.94,32.924,19.760,411,427,30.000,30,30,18.000,39.000,55.000,100,111,178,160,192,192,192,192,192,192,1,0,0,3,30,1
3.910000,253.84,32.583,19.540,407,427,30.000,30,30,18.000,39.000,55.000,99,111,178,160,192,192,192,192,192,192,1,0,0,3,30,1
3.915000,254.74,32.236,19.330,404,426,30.000,30,30,18.000,39.000,55.000,98,111,177,160,191,191,191,191,191,191,1,0,0,3,30,1
3.920000,255.64,31.883,19.110,401,426,30.000,30,30,18.000,39.000,55.000,97,111,177,160,191,191,191,191,191,191,1,0,0,3,30,1
3.925000,256.54,31.524,18.890,397,425,30.000,30,30,18.000,39.000,55.000,95,110,177,160,191,191,191,191,191,191,1,0,0,3,30,1
3.930000,257.44,31.160,18.670,394,425,30.000,30,30,18.000,39.000,55.000,94,110,177,160,191,191,191,191,191,191,1,0,0,3,30,1
3.935000,258.34,30.792,18.460,390,424,30.000,30,30,18.000,39.000,55.000,93,110,176,160,190,190,190,190,190,190,1,0,0,3,30,1
3.940000,259.24,30.419,18.240,387,423,30.000,29,29,18.000,39.000,55.000,89,107,172,160,192,192,192,192,192,192,1,0,0,3,30,1
3.945000,260.14,30.043,18.020,383,423,30.000,29,29,18.000,39.000,55.000,88,107,172,160,192,192,192,192,192,192,1,0,0,3,30,1
3.950000,261.04,29.662,17.800,379,422,30.000,29,29,18.000,39.000,55.000,87,107,171,160,191,191,191,191,191,191,1,0,0,3,30,1
3.955000,261.94,29.278,17.590,376,421,30.000,29,29,18.000,39.000,55.000,86,107,171,160,191,191,191,191,191,191,1,0,0,3,30,1
3.960000,262.84,28.892,17.310,372,420,30.000,29,29,18.000,39.000,55.000,85,106,170,160,190,190,190,190,190,190,1,0,0,3,30,1
3.965000,263.74,28.503,17.100,368,419,30.000,29,29,18.000,39.000,55.000,84,106,170,160,190,190,190,190,190,190,1,0,0,3,30,1
3.970000,264.64,28.111,16.880,364,418,30.000,29,29,18.000,39.000,55.000,82,106,169,160,189,189,189,189,189,189,1,0,0,3,30,1
3.975000,265.54,27.718,16.610,360,417,30.000,29,29,18.000,39.000,55.000,81,105,169,160,189,189,189,189,189,189,1,0,0,3,30,1
3.980000,266.44,27.324,16.390,356,416,30.000,29,29,18.000,39.000,55.000,80,105,169,160,188,188,188,188,188,188,1,0,0,3,30,1
3.985000,267.34,26.928,16.170,352,415,30.000,29,29,18.000,39.000,55.000,79,105,168,160,188,188,188,188,188,188,1,0,0,3,30,1
3.990000,268.24,26.532,15.900,347,414,30.000,29,29,18.000,39.000,55.000,78,105,168,160,187,187,187,187,187,187,1,0,0,3,30,1
3.995000,269.14,26.136,15.680,343,412,30.000,29,29,18.000,39.000,55.000,77,104,167,160,186,186,186,186,186,186,1,0,0,3,30,1
4.000000,270.04,25.740,15.460,339,411,30.000,29,29,18.000,39.000,55.000,75,104,166,160,186,186,186,186,186,186,1,0,0,3,30,1
4.005000,270.94,25.345,15.190,335,409,30.000,29,29,18.000,39.000,55.000,74,103,166,160,185,185,185,185,185,185,1,0,0,3,30,1
4.010000,271.84,24.950,14.970,331,408,30.000,29,29,18.000,39.000,55.000,73,103,165,160,184,184,184,184,184,184,1,0,0,3,30,1
4.015000,272.74,24.557,14.700,326,406,30.000,29,29,18.000,39.000,55.000,72,102,164,160,183,183,183,183,183,183,1,0,0,3,30,1
4.020000,273.64,24.166,14.490,322,405,30.000,29,29,18.000,39.000,55.000,71,102,164,160,183,183,183,183,183,183,1,0,0,3,30,1
4.025000,274.54,23.776,14.270,318,403,30.000,30,30,18.000,39.000,55.000,72,104,167,160,180,180,180,180,180,180,1,0,0,3,30,1
4.030000,275.44,23.390,14.050,314,401,30.000,30,30,18.000,39.000,55.000,71,103,166,160,179,179,179,179,179,179,1,0,0,3,30,1
4.035000,276.34,23.006,13.780,309,400,30.000,30,30,18.000,39.000,55.000,70,103,165,160,179,179,179,179,179,179,1,0,0,3,30,1
4.040000,277.24,22.625,13.560,305,398,30.000,30,30,18.000,39.000,55.000,68,103,165,160,178,178,178,178,178,178,1,0,0,3,30,1
4.045000,278.14,22.248,13.340,301,396,30.000,30,30,18.000,39.000,55.000,67,102,164,160,177,177,177,177,177,177,1,0,0,3,30,1
4.050000,279.04,21.875,13.130,297,394,30.000,30,30,18.000,39.000,55.000,66,101,163,160,176,176,176,176,176,176,1,0,0,3,30,1
4.055000,279.94,21.507,12.910,292,392,30.000,30,30,18.000,39.000,55.000,65,101,162,160,175,175,175,175,175,175,1,0,0,3,30,1
4.060000,280.84,21.143,12.690,288,390,30.000,30,30,18.000,39.000,55.000,64,100,161,160,174,174,174,174,174,174,1,0,0,3,30,1
4.065000,281.74,20.785,12.470,284,388,30.000,30,30,18.000,39.000,55.000,63,100,160,160,173,173,173,173,173,173,1,0,0,3,30,1
4.070000,282.64,20.432,12.260,280,386,30.000,30,30,18.000,39.000,55.000,62,99,159,160,172,172,172,172,172,172,1,0,0,3,30,1
4.075000,283.54,20.084,12.040,276,384,30.000,30,30,18.000,39.000,55.000,61,99,158,160,171,171,171,171,171,171,1,0,0,3,30,1
4.080000,284.44,19.743,11.820,272,382,30.000,30,30,18.000,39.000,55.000,60,98,157,160,170,170,170,170,170,170,1,0,0,3,30,1
4.085000,285.34,19.409,11.660,268,380,30.000,30,30,18.000,39.000,55.000,59,98,156,160,169,169,169,169,169,169,1,0,0,3,30,1
4.090000,286.24,19.081,11.440,264,378,30.000,30,30,18.000,39.000,55.000,58,97,155,160,168,168,168,168,168,168,1,0,0,3,30,1
4.095000,287.14,18.761,11.280,260,375,30.000,30,30,18.000,39.000,55.000,57,96,154,160,166,166,166,166,166,166,1,0,0,3,30,1
4.100000,288.04,18.448,11.060,256,373,30.000,30,30,18.000,39.000,55.000,56,96,153,160,165,165,165,165,165,165,1,0,0,3,30,1
4.105000,288.94,18.143,10.900,252,371,30.000,30,30,18.000,39.000,55.000,55,95,152,160,164,164,164,164,164,164,1,0,0,3,30,1
4.110000,289.84,17.846,10.680,248,368,30.000,30,30,18.000,39.000,55.000,54,94,151,160,163,163,163,163,163,163,1,0,0,3,30,1
4.115000,290.74,17.558,10.510,245,366,30.000,30,30,18.000,39.000,55.000,53,94,150,160,162,162,162,162,162,162,1,0,0,3,30,1
4.120000,291.64,17.278,10.350,241,364,30.000,30,30,18.000,39.000,55.000,52,93,149,160,161,161,161,161,161,161,1,0,0,3,30,1
4.125000,292.54,17.008,10.190,238,361,30.000,30,30,18.000,39.000,55.000,51,92,148,160,159,159,159,159,159,159,1,0,0,3,30,1
4.130000,293.44,16.746,10.030,234,359,30.000,30,30,18.000,39.000,55.000,50,92,147,160,158,158,158,158,158,158,1,0,0,3,30,1
4.135000,294.34,16.495,9.920,231,356,30.000,30,30,18.000,39.000,55.000,50,91,145,160,157,157,157,157,157,157,1,0,0,3,30,1
4.140000,295.24,16.253,9.750,228,354,30.000,30,30,18.000,39.000,55.000,49,90,144,160,156,156,156,156,156,156,1,0,0,3,30,1
4.145000,296.14,16.021,9.590,224,351,30.000,30,30,18.000,39.000,55.000,48,89,143,160,155,155,155,155,155,155,1,0,0,3,30,1
4.150000,297.04,15.800,9.480,221,349,30.000,30,30,18.000,39.000,55.000,48,89,142,160,154,154,154,154,154,154,1,0,0,3,30,1
4.155000,297.94,15.589,9.370,218,346,30.000,30,30,18.000,39.000,55.000,47,88,141,160,152,152,152,152,152,152,1,0,0,3,30,1
4.160000,298.84,15.389,9.210,215,344,30.000,30,30,18.000,39.000,55.000,46,87,140,160,151,151,151,151,151,151,1,0,0,3,30,1
4.165000,299.74,15.200,9.100,213,341,30.000,30,30,18.000,39.000,55.000,46,86,139,160,150,150,150,150,150,150,1,0,0,3,30,1
4.170000,300.64,15.022,8.990,210,339,30.000,30,30,18.000,39.000,55.000,45,86,138,160,149,149,149,149,149,149,1,0,0,3,30,1
4.175000,301.54,14.855,8.880,207,336,30.000,30,30,18.000,39.000,55.000,45,85,136,160,147,147,147,147,147,147,1,0,0,3,30,1
4.180000,302.44,14.700,8.830,205,334,30.000,30,30,18.000,39.000,55.000,44,84,135,160,146,146,146,146,146,146,1,0,0,3,30,1
4.185000,303.34,14.557,8.720,203,331,30.000,30,30,18.000,39.000,55.000,44,84,134,160,145,145,145,145,145,145,1,0,0,3,30,1
4.190000,304.24,14.426,8.670,200,329,30.000,29,29,18.000,39.000,55.000,42,81,130,160,145,145,145,145,145,145,1,0,0,3,30,1
4.195000,305.14,14.307,8.560,198,326,30.000,29,29,18.000,39.000,55.000,42,80,129,160,144,144,144,144,144,144,1,0,0,3,30,1
4.200000,306.04,14.199,8.500,196,324,30.000,29,29,18.000,39.000,55.000,41,80,128,160,143,143,143,143,143,143,1,0,0,3,30,1
4.205000,306.94,14.105,8.450,194,321,30.000,29,29,18.000,39.000,55.000,41,79,126,160,141,141,141,141,141,141,1,0,0,3,30,1
4.210000,307.84,14.022,8.390,192,319,30.000,29,29,18.000,39.000,55.000,41,78,125,160,140,140,140,140,140,140,1,0,0,3,30,1
4.215000,308.74,13.952,8.390,191,316,30.000,29,29,18.000,39.000,55.000,41,77,124,160,139,139,139,139,139,139,1,0,0,3,30,1
4.220000,309.64,13.895,8.340,189,314,30.000,29,29,18.000,39.000,55.000,40,77,123,160,138,138,138,138,138,138,1,0,0,3,30,1
4.225000,310.54,13.850,8.280,188,311,30.000,29,29,18.000,39.000,55.000,40,76,122,160,136,136,136,136,136,136,1,0,0,3,30,1
4.230000,311.44,13.818,8.280,187,309,30.000,29,29,18.000,39.000,55.000,40,75,121,160,135,135,135,135,135,135,1,0,0,3,30,1
4.235000,312.34,13.798,8.280,186,306,30.000,29,29,18.000,39.000,55.000,40,75,120,160,134,134,134,134,134,134,1,0,0,3,30,1
4.240000,313.24,13.792,8.280,185,304,30.000,29,29,18.000,39.000,55.000,40,74,119,160,133,133,133,133,133,133,1,0,0,3,30,1
4.245000,314.14,13.798,8.280,184,302,30.000,29,29,18.000,39.000,55.000,40,73,118,160,132,132,132,132,132,132,1,0,0,3,30,1
4.250000,315.04,13.817,8.280,183,299,30.000,29,29,18.000,39.000,55.000,40,73,117,160,130,130,130,130,130,130,1,0,0,3,30,1
4.255000,315.94,13.849,8.280,182,297,30.000,29,29,18.000,39.000,55.000,40,72,116,160,129,129,129,129,129,129,1,0,0,3,30,1
4.260000,316.84,13.894,8.340,182,295,30.000,29,29,18.000,39.000,55.000,40,72,115,160,128,128,128,128,128,128,1,0,0,3,30,1
4.265000,317.74,13.952,8.390,182,293,30.000,29,29,18.000,39.000,55.000,41,71,114,160,127,127,127,127,127,127,1,0,0,3,30,1
4.270000,318.64,14.022,8.390,181,290,30.000,29,29,18.000,39.000,55.000,41,70,113,160,126,126,126,126,126,126,1,0,0,3,30,1
4.275000,319.54,14.105,8.450,181,288,30.000,30,30,18.000,39.000,55.000,42,71,114,160,124,124,124,124,124,124,1,0,0,3,30,1
4.280000,320.44,14.200,8.500,181,286,30.000,30,30,18.000,39.000,55.000,43,71,114,160,123,123,123,123,123,123,1,0,0,3,30,1
4.285000,321.34,14.309,8.560,182,284,30.000,30,30,18.000,39.000,55.000,43,70,113,160,122,122,122,122,122,122,1,0,0,3,30,1
4.290000,322.24,14.429,8.670,182,282,30.000,30,30,18.000,39.000,55.000,44,70,112,160,121,121,121,121,121,121,1,0,0,3,30,1
4.295000,323.14,14.562,8.720,182,280,30.000,30,30,18.000,39.000,55.000,44,69,111,160,120,120,120,120,120,120,1,0,0,3,30,1
4.300000,324.04,14.708,8.830,183,278,30.000,30,30,18.000,39.000,55.000,44,68,110,160,119,119,119,119,119,119,1,0,0,3,30,1
4.305000,324.94,14.865,8.940,184,277,30.000,30,30,18.000,39.000,55.000,45,68,109,160,118,118,118,118,118,118,1,0,0,3,30,1
4.310000,325.84,15.035,9.050,185,275,30.000,30,30,18.000,39.000,55.000,45,68,109,160,117,117,117,117,117,117,1,0,0,3,30,1
4.315000,326.74,15.216,9.150,186,273,30.000,30,30,18.000,39.000,55.000,46,67,108,160,116,116,116,116,116,116,1,0,0,3,30,1
4.320000,327.64,15.409,9.260,187,271,30.000,30,30,18.000,39.000,55.000,47,66,107,160,115,115,115,115,115,115,1,0,0,3,30,1
4.325000,328.54,15.613,9.370,188,270,30.000,30,30,18.000,39.000,55.000,47,66,106,160,115,115,115,115,115,115,1,0,0,3,30,1
4.330000,329.44,15.829,9.480,190,268,30.000,30,30,18.000,39.000,55.000,48,66,105,160,114,114,114,114,114,114,1,0,0,3,30,1
4.335000,330.34,16.056,9.640,191,267,30.000,30,30,18.000,39.000,55.000,48,65,105,160,113,113,113,113,113,113,1,0,0,3,30,1
4.340000,331.24,16.295,9.750,193,265,30.000,30,30,18.000,39.000,55.000,49,65,104,160,112,112,112,112,112,112,1,0,0,3,30,1
4.345000,332.14,16.543,9.920,195,264,30.000,30,30,18.000,39.000,55.000,50,64,103,160,112,112,112,112,112,112,1,0,0,3,30,1
4.350000,333.04,16.803,10.080,197,263,30.000,30,30,18.000,39.000,55.000,51,64,103,160,111,111,111,111,111,111,1,0,0,3,30,1
4.355000,333.94,17.072,10.240,199,261,30.000,30,30,18.000,39.000,55.000,52,64,102,160,110,110,110,110,110,110,1,0,0,3,30,1
4.360000,334.84,17.352,10.410,201,260,30.000,30,30,18.000,39.000,55.000,52,63,102,160,110,110,110,110,110,110,1,0,0,3,30,1
4.365000,335.74,17.642,10.570,203,259,30.000,30,30,18.000,39.000,55.000,53,63,101,160,109,109,109,109,109,109,1,0,0,3,30,1
4.370000,336.64,17.941,10.790,206,258,30.000,30,30,18.000,39.000,55.000,54,63,101,160,109,109,109,109,109,109,1,0,0,3,30,1
4.375000,337.54,18.249,10.950,208,257,30.000,30,30,18.000,39.000,55.000,55,63,100,160,108,108,108,108,108,108,1,0,0,3,30,1
4.380000,338.44,18.566,11.110,211,256,30.000,30,30,18.000,39.000,55.000,56,62,100,160,108,108,108,108,108,108,1,0,0,3,30,1
4.385000,339.34,18.892,11.330,214,255,30.000,30,30,18.000,39.000,55.000,57,62,99,160,107,107,107,107,107,107,1,0,0,3,30,1
4.390000,340.24,19.227,11.550,217,255,30.000,30,30,18.000,39.000,55.000,58,62,99,160,107,107,107,107,107,107,1,0,0,3,30,1
4.395000,341.14,19.569,11.770,220,254,30.000,30,30,18.000,39.000,55.000,59,62,99,160,107,107,107,107,107,107,1,0,0,3,30,1
4.400000,342.04,19.919,11.930,223,253,30.000,30,30,18.000,39.000,55.000,60,61,98,160,106,106,106,106,106,106,1,0,0,3,30,1
4.405000,342.94,20.277,12.150,226,253,30.000,30,30,18.000,39.000,55.000,61,61,98,160,106,106,106,106,106,106,1,0,0,3,30,1
4.410000,343.84,20.642,12.360,230,252,30.000,30,30,18.000,39.000,55.000,62,61,98,160,106,106,106,106,106,106,1,0,0,3,30,1
4.415000,344.74,21.014,12.580,233,252,30.000,30,30,18.000,39.000,55.000,63,61,98,160,106,106,106,106,106,106,1,0,0,3,30,1
4.420000,345.64,21.392,12.850,236,252,30.000,30,30,18.000,39.000,55.000,65,61,98,160,106,106,106,106,106,106,1,0,0,3,30,1
4.425000,346.54,21.776,13.070,240,251,30.000,30,30,18.000,39.000,55.000,66,61,98,160,105,105,105,105,105,105,1,0,0,3,30,1
4.430000,347.44,22.166,13.290,244,251,30.000,30,30,18.000,39.000,55.000,67,61,98,160,105,105,105,105,105,105,1,0,0,3,30,1
4.435000,348.34,22.562,13.510,248,251,30.000,30,30,18.000,39.000,55.000,68,61,98,160,105,105,105,105,105,105,1,0,0,3,30,1
4.440000,349.24,22.962,13.780,251,251,30.000,29,29,18.000,39.000,55.000,67,59,95,160,106,106,106,106,106,106,1,0,0,3,30,1
4.445000,350.14,23.367,14.000,255,251,30.000,29,29,18.000,39.000,55.000,68,59,95,160,106,106,106,106,106,106,1,0,0,3,30,1
4.450000,351.04,23.777,14.270,259,251,30.000,29,29,18.000,39.000,55.000,70,59,95,160,106,106,106,106,106,106,1,0,0,3,30,1
4.455000,351.94,24.190,14.490,264,252,30.000,29,29,18.000,39.000,55.000,71,60,96,160,107,107,107,107,107,107,1,0,0,3,30,1
4.460000,352.84,24.607,14.760,268,252,30.000,29,29,18.000,39.000,55.000,72,60,96,160,107,107,107,107,107,107,1,0,0,3,30,1
4.465000,353.74,25.027,15.030,272,253,30.000,29,29,18.000,39.000,55.000,73,60,96,160,107,107,107,107,107,107,1,0,0,3,30,1
4.470000,354.64,25.449,15.250,276,254,30.000,29,29,18.000,39.000,55.000,74,60,96,160,108,108,108,108,108,108,1,0,0,3,30,1
4.475000,355.54,25.874,15.520,281,255,30.000,29,29,18.000,39.000,55.000,76,60,97,160,108,108,108,108,108,108,1,0,0,3,30,1
4.480000,356.44,26.302,15.790,285,256,30.000,29,29,18.000,39.000,55.000,77,61,97,160,109,109,109,109,109,109,1,0,0,3,30,1
4.485000,357.34,26.730,16.010,289,257,30.000,29,29,18.000,39.000,55.000,78,61,98,160,109,109,109,109,109,109,1,0,0,3,30,1
4.490000,358.24,27.160,16.280,294,259,30.000,29,29,18.000,39.000,55.000,79,62,99,160,110,110,110,110,110,110,1,0,0,3,30,1
4.495000,359.14,27.591,16.550,298,260,30.000,29,29,18.000,39.000,55.000,81,62,99,160,111,111,111,111,111,111,1,0,0,3,30,1
4.500000,0.04,28.022,16.820,303,262,30.000,29,29,18.000,39.000,55.000,82,62,100,160,112,112,112,112,112,112,1,0,0,3,30,1
4.505000,0.94,28.453,17.100,307,263,30.000,29,29,18.000,39.000,55.000,84,63,101,160,112,112,112,112,112,112,1,0,0,3,30,1
4.510000,1.84,28.883,17.310,312,265,30.000,29,29,18.000,39.000,55.000,85,63,101,160,113,113,113,113,113,113,1,0,0,3,30,1
4.515000,2.74,29.313,17.590,317,267,30.000,29,29,18.000,39.000,55.000,86,64,102,160,114,114,114,114,114,114,1,0,0,3,30,1
4.520000,3.64,29.741,17.860,321,269,30.000,29,29,18.000,39.000,55.000,87,64,103,160,115,115,115,115,115,115,1,0,0,3,30,1
4.525000,4.54,30.168,18.080,326,271,30.000,30,30,18.000,39.000,55.000,91,66,107,160,115,115,115,115,115,115,1,0,0,3,30,1
4.530000,5.44,30.593,18.350,330,274,30.000,30,30,18.000,39.000,55.000,93,67,108,160,117,117,117,117,117,117,1,0,0,3,30,1
4.535000,6.34,31.015,18.620,335,276,30.000,30,30,18.000,39.000,55.000,94,68,109,160,118,118,118,118,118,118,1,0,0,3,30,1
4.540000,7.24,31.435,18.840,340,279,30.000,30,30,18.000,39.000,55.000,95,69,110,160,119,119,119,119,119,119,1,0,0,3,30,1
4.545000,8.14,31.852,19.110,344,281,30.000,30,30,18.000,39.000,55.000,97,69,111,160,120,120,120,120,120,120,1,0,0,3,30,1
4.550000,9.04,32.265,19.330,349,284,30.000,30,30,18.000,39.000,55.000,98,70,113,160,122,122,122,122,122,122,1,0,0,3,30,1
4.555000,9.94,32.674,19.600,354,287,30.000,30,30,18.000,39.000,55.000,99,71,114,160,123,123,123,123,123,123,1,0,0,3,30,1
4.560000,10.84,33.078,19.820,358,289,30.000,30,30,18.000,39.000,55.000,100,72,115,160,124,124,124,124,124,124,1,0,0,3,30,1
4.565000,11.74,33.478,20.090,363,292,30.000,30,30,18.000,39.000,55.000,102,72,116,160,125,125,125,125,125,125,1,0,0,3,30,1
4.570000,12.64,33.873,20.310,367,295,30.000,30,30,18.000,39.000,55.000,103,73,118,160,127,127,127,127,127,127,1,0,0,3,30,1
4.575000,13.54,34.263,20.520,372,298,30.000,30,30,18.000,39.000,55.000,104,74,119,160,128,128,128,128,128,128,1,0,0,3,30,1
4.580000,14.44,34.646,20.790,376,301,30.000,30,30,18.000,39.000,55.000,105,75,120,160,130,130,130,130,130,130,1,0,0,3,30,1
4.585000,15.34,35.024,21.010,381,304,30.000,30,30,18.000,39.000,55.000,106,76,122,160,131,131,131,131,131,131,1,0,0,3,30,1
4.590000,16.24,35.395,21.230,385,308,30.000,30,30,18.000,39.000,55.000,107,77,124,160,133,133,133,133,133,133,1,0,0,3,30,1
4.595000,17.14,35.759,21.450,390,311,30.000,30,30,18.000,39.000,55.000,109,78,125,160,135,135,135,135,135,135,1,0,0,3,30,1
4.600000,18.04,36.116,21.670,394,314,30.000,30,30,18.000,39.000,55.000,110,79,126,160,136,136,136,136,136,136,1,0,0,3,30,1
4.605000,18.94,36.465,21.880,398,317,30.000,30,30,18.000,39.000,55.000,111,80,128,160,138,138,138,138,138,138,1,0,0,3,30,1
4.610000,19.84,36.807,22.100,402,321,30.000,30,30,18.000,39.000,55.000,112,81,129,160,140,140,140,140,140,140,1,0,0,3,30,1
4.615000,20.74,37.141,22.260,407,324,30.000,30,30,18.000,39.000,55.000,113,82,131,160,141,141,141,141,141,141,1,0,0,3,30,1
4.620000,21.64,37.466,22.480,411,328,30.000,30,30,18.000,39.000,55.000,114,83,133,160,143,143,143,143,143,143,1,0,0,3,30,1
4.625000,22.54,37.782,22.640,415,331,30.000,30,30,18.000,39.000,55.000,115,84,134,160,145,145,145,145,145,145,1,0,0,3,30,1
4.630000,23.44,38.090,22.860,418,334,30.000,30,30,18.000,39.000,55.000,116,84,135,160,146,146,146,146,146,146,1,0,0,3,30,1
4.635000,24.34,38.388,23.030,422,338,30.000,30,30,18.000,39.000,55.000,117,86,137,160,148,148,148,148,148,148,1,0,0,3,30,1
4.640000,25.24,38.676,23.190,426,341,30.000,30,30,18.000,39.000,55.000,117,86,139,160,150,150,150,150,150,150,1,0,0,3,30,1
4.645000,26.14,38.955,23.350,430,345,30.000,30,30,18.000,39.000,55.000,118,88,140,160,152,152,152,152,152,152,1,0,0,3,30,1
4.650000,27.04,39.224,23.510,433,348,30.000,30,30,18.000,39.000,55.000,119,88,142,160,153,153,153,153,153,153,1,0,0,3,30,1
4.655000,27.94,39.482,23.680,437,352,30.000,30,30,18.000,39.000,55.000,120,90,144,160,155,155,155,155,155,155,1,0,0,3,30,1
4.660000,28.84,39.730,23.840,440,355,30.000,30,30,18.000,39.000,55.000,121,90,145,160,157,157,157,157,157,157,1,0,0,3,30,1
4.665000,29.74,39.967,23.950,444,359,30.000,30,30,18.000,39.000,55.000,121,92,147,160,158,158,158,158,158,158,1,0,0,3,30,1
4.670000,30.64,40.193,24.110,447,362,30.000,30,30,18.000,39.000,55.000,122,92,148,160,160,160,160,160,160,160,1,0,0,3,30,1
4.675000,31.54,40.408,24.220,450,366,30.000,30,30,18.000,39.000,55.000,123,94,150,160,162,162,162,162,162,162,1,0,0,3,30,1
4.680000,32.44,40.611,24.380,453,369,30.000,30,30,18.000,39.000,55.000,123,94,151,160,163,163,163,163,163,163,1,0,0,3,30,1
4.685000,33.34,40.803,24.490,456,373,30.000,30,30,18.000,39.000,55.000,124,96,153,160,165,165,165,165,165,165,1,0,0,3,30,1
4.690000,34.24,40.983,24.600,458,376,30.000,29,29,18.000,39.000,55.000,120,94,151,160,168,168,168,168,168,168,1,0,0,3,30,1
4.695000,35.14,41.151,24.660,461,380,30.000,29,29,18.000,39.000,55.000,121,95,153,160,170,170,170,170,170,170,1,0,0,3,30,1
4.700000,36.04,41.307,24.770,464,383,30.000,29,29,18.000,39.000,55.000,121,96,154,160,172,172,172,172,172,172,1,0,0,3,30,1
4.705000,36.94,41.452,24.870,466,386,30.000,29,29,18.000,39.000,55.000,122,97,155,160,173,173,173,173,173,173,1,0,0,3,30,1
4.710000,37.84,41.583,24.930,468,390,30.000,29,29,18.000,39.000,55.000,122,98,157,160,175,175,175,175,175,175,1,0,0,3,30,1
4.715000,38.74,41.703,24.980,471,393,30.000,29,29,18.000,39.000,55.000,122,99,158,160,177,177,177,177,177,177,1,0,0,3,30,1
4.720000,39.64,41.810,25.090,473,396,30.000,29,29,18.000,39.000,55.000,123,100,160,160,178,178,178,178,178,178,1,0,0,3,30,1
4.725000,40.54,41.904,25.150,475,399,30.000,29,29,18.000,39.000,55.000,123,100,161,160,180,180,180,180,180,180,1,0,0,3,30,1
4.730000,41.44,41.986,25.200,476,402,30.000,29,29,18.000,39.000,55.000,123,101,162,160,181,181,181,181,181,181,1,0,0,3,30,1
4.735000,42.34,42.055,25.260,478,405,30.000,29,29,18.000,39.000,55.000,124,102,164,160,183,183,183,183,183,183,1,0,0,3,30,1
4.740000,43.24,42.111,25.260,480,408,30.000,29,29,18.000,39.000,55.000,124,103,165,160,184,184,184,184,184,184,1,0,0,3,30,1
4.745000,44.14,42.154,25.310,481,411,30.000,29,29,18.000,39.000,55.000,124,104,166,160,186,186,186,186,186,186,1,0,0,3,30,1
4.750000,45.04,42.185,25.310,482,414,30.000,29,29,18.000,39.000,55.000,124,105,168,160,187,187,187,187,187,187,1,0,0,3,30,1
4.755000,45.94,42.203,25.310,483,417,30.000,29,29,18.000,39.000,55.000,124,105,169,160,189,189,189,189,189,189,1,0,0,3,30,1
4.760000,46.84,42.208,25.310,484,419,30.000,29,29,18.000,39.000,55.000,124,106,170,160,190,190,190,190,190,190,1,0,0,3,30,1
4.765000,47.74,42.200,25.310,485,422,30.000,29,29,18.000,39.000,55.000,124,107,171,160,191,191,191,191,191,191,1,0,0,3,30,1
4.770000,48.64,42.180,25.310,486,425,30.000,29,29,18.000,39.000,55.000,124,108,173,160,193,193,193,193,193,193,1,0,0,3,30,1
4.775000,49.54,42.146,25.260,487,427,30.000,30,30,18.000,39.000,55.000,128,111,178,160,192,192,192,192,192,192,1,0,0,3,30,1
4.780000,50.44,42.100,25.260,487,430,30.000,30,30,18.000,39.000,55.000,128,112,179,160,193,193,193,193,193,193,1,0,0,3,30,1
4.785000,51.34,42.041,25.200,487,432,30.000,30,30,18.000,39.000,55.000,128,112,180,160,194,194,194,194,194,194,1,0,0,3,30,1
4.790000,52.24,41.970,25.200,488,434,30.000,30,30,18.000,39.000,55.000,128,113,181,160,195,195,195,195,195,195,1,0,0,3,30,1
4.795000,53.14,41.887,25.150,488,436,30.000,30,30,18.000,39.000,55.000,127,113,182,160,196,196,196,196,196,196,1,0,0,3,30,1
4.800000,54.04,41.790,25.090,488,438,30.000,30,30,18.000,39.000,55.000,127,114,183,160,197,197,197,197,197,197,1,0,0,3,30,1
4.805000,54.94,41.682,24.980,487,440,30.000,30,30,18.000,39.000,55.000,126,115,184,160,198,198,198,198,198,198,1,0,0,3,30,1
4.810000,55.84,41.562,24.930,487,442,30.000,30,30,18.000,39.000,55.000,126,115,185,160,199,199,199,199,199,199,1,0,0,3,30,1
4.815000,56.74,41.429,24.870,487,444,30.000,30,30,18.000,39.000,55.000,126,116,185,160,200,200,200,200,200,200,1,0,0,3,30,1
4.820000,57.64,41.285,24.770,486,446,30.000,30,30,18.000,39.000,55.000,125,116,186,160,201,201,201,201,201,201,1,0,0,3,30,1
4.825000,58.54,41.129,24.660,485,447,30.000,30,30,18.000,39.000,55.000,125,117,187,160,202,202,202,202,202,202,1,0,0,3,30,1
4.830000,59.44,40.961,24.550,484,449,30.000,30,30,18.000,39.000,55.000,124,117,188,160,203,203,203,203,203,203,1,0,0,3,30,1
4.835000,60.34,40.782,24.440,483,450,30.000,30,30,18.000,39.000,55.000,124,117,188,160,203,203,203,203,203,203,1,0,0,3,30,1
4.840000,61.24,40.592,24.330,482,451,30.000,30,30,18.000,39.000,55.000,123,118,189,160,204,204,204,204,204,204,1,0,0,3,30,1
4.845000,62.14,40.391,24.220,481,453,30.000,30,30,18.000,39.000,55.000,123,118,190,160,205,205,205,205,205,205,1,0,0,3,30,1
4.850000,63.04,40.179,24.110,479,454,30.000,30,30,18.000,39.000,55.000,122,119,190,160,205,205,205,205,205,205,1,0,0,3,30,1
4.855000,63.94,39.956,23.950,478,455,30.000,30,30,18.000,39.000,55.000,121,119,191,160,206,206,206,206,206,206,1,0,0,3,30,1
4.860000,64.84,39.723,23.840,476,456,30.000,30,30,18.000,39.000,55.000,121,119,191,160,206,206,206,206,206,206,1,0,0,3,30,1
4.865000,65.74,39.481,23.680,474,456,30.000,30,30,18.000,39.000,55.000,120,119,191,160,206,206,206,206,206,206,1,0,0,3,30,1
4.870000,66.64,39.228,23.510,472,457,30.000,30,30,18.000,39.000,55.000,119,119,191,160,207,207,207,207,207,207,1,0,0,3,30,1
4.875000,67.54,38.966,23.350,470,457,30.000,30,30,18.000,39.000,55.000,118,119,191,160,207,207,207,207,207,207,1,0,0,3,30,1
4.880000,68.44,38.694,23.190,468,458,30.000,30,30,18.000,39.000,55.000,117,120,192,160,207,207,207,207,207,207,1,0,0,3,30,1
4.885000,69.34,38.414,23.030,466,458,30.000,30,30,18.000,39.000,55.000,117,120,192,160,207,207,207,207,207,207,1,0,0,3,30,1
4.890000,70.24,38.124,22.860,463,458,30.000,30,30,18.000,39.000,55.000,116,120,192,160,207,207,207,207,207,207,1,0,0,3,30,1
4.895000,71.14,37.827,22.700,461,459,30.000,30,30,18.000,39.000,55.000,115,120,192,160,208,208,208,208,208,208,1,0,0,3,30,1
4.900000,72.04,37.521,22.540,458,459,30.000,30,30,18.000,39.000,55.000,114,120,192,160,208,208,208,208,208,208,1,0,0,3,30,1
4.905000,72.94,37.207,22.320,456,459,30.000,30,30,18.000,39.000,55.000,113,120,192,160,208,208,208,208,208,208,1,0,0,3,30,1
4.910000,73.84,36.886,22.150,453,458,30.000,30,30,18.000,39.000,55.000,112,120,192,160,207,207,207,207,207,207,1,0,0,3,30,1
4.915000,74.74,36.558,21.940,450,458,30.000,30,30,18.000,39.000,55.000,111,120,192,160,207,207,207,207,207,207,1,0,0,3,30,1
4.920000,75.64,36.223,21.720,447,458,30.000,30,30,18.000,39.000,55.000,110,120,192,160,207,207,207,207,207,207,1,0,0,3,30,1
4.925000,76.54,35.881,21.500,444,458,30.000,30,30,18.000,39.000,55.000,109,120,192,160,207,207,207,207,207,207,1,0,0,3,30,1
4.930000,77.44,35.533,21.280,440,458,30.000,30,30,18.000,39.000,55.000,108,120,192,160,207,207,207,207,207,207,1,0,0,3,30,1
4.935000,78.34,35.180,21.120,437,457,30.000,30,30,18.000,39.000,55.000,107,119,191,160,207,207,207,207,207,207,1,0,0,3,30,1
4.940000,79.24,34.821,20.900,434,457,30.000,29,29,18.000,39.000,55.000,102,117,187,160,209,209,209,209,209,209,1,0,0,3,30,1
4.945000,80.14,34.456,20.690,430,457,30.000,29,29,18.000,39.000,55.000,101,117,187,160,209,209,209,209,209,209,1,0,0,3,30,1
4.950000,81.04,34.087,20.470,427,456,30.000,29,29,18.000,39.000,55.000,100,116,186,160,208,208,208,208,208,208,1,0,0,3,30,1
4.955000,81.94,33.714,20.200,423,455,30.000,29,29,18.000,39.000,55.000,99,116,186,160,208,208,208,208,208,208,1,0,0,3,30,1
4.960000,82.84,33.337,19.980,419,455,30.000,29,29,18.000,39.000,55.000,98,116,186,160,208,208,208,208,208,208,1,0,0,3,30,1
4.965000,83.74,32.956,19.760,416,454,30.000,29,29,18.000,39.000,55.000,97,116,185,160,207,207,207,207,207,207,1,0,0,3,30,1
4.970000,84.64,32.572,19.540,412,453,30.000,29,29,18.000,39.000,55.000,95,115,185,160,207,207,207,207,207,207,1,0,0,3,30,1
4.975000,85.54,32.185,19.330,408,453,30.000,29,29,18.000,39.000,55.000,94,115,185,160,207,207,207,207,207,207,1,0,0,3,30,1
4.980000,86.44,31.795,19.050,404,452,30.000,29,29,18.000,39.000,55.000,93,115,185,160,206,206,206,206,206,206,1,0,0,3,30,1
4.985000,87.34,31.404,18.840,400,451,30.000,29,29,18.000,39.000,55.000,92,115,184,160,206,206,206,206,206,206,1,0,0,3,30,1
4.990000,88.24,31.010,18.620,396,450,30.000,29,29,18.000,39.000,55.000,91,115,184,160,205,205,205,205,205,205,1,0,0,3,30,1
4.995000,89.14,30.616,18.350,392,449,30.000,29,29,18.000,39.000,55.000,90,114,183,160,205,205,205,205,205,205,1,0,0,3,30,1
5.000000,90.04,30.220,18.130,388,447,30.000,29,29,18.000,39.000,55.000,89,114,182,160,204,204,204,204,204,204,1,0,0,3,30,1
5.005000,90.94,29.824,17.910,384,446,30.000,29,29,18.000,39.000,55.000,87,114,182,160,203,203,203,203,203,203,1,0,0,3,30,1
5.010000,91.84,29.428,17.640,380,445,30.000,29,29,18.000,39.000,55.000,86,113,181,160,203,203,203,203,203,203,1,0,0,3,30,1
5.015000,92.74,29.032,17.420,375,444,30.000,29,29,18.000,39.000,55.000,85,113,181,160,202,202,202,202,202,202,1,0,0,3,30,1
5.020000,93.64,28.637,17.210,371,442,30.000,29,29,18.000,39.000,55.000,84,112,180,160,201,201,201,201,201,201,1,0,0,3,30,1
5.025000,94.54,28.242,16.930,367,441,30.000,30,30,18.000,39.000,55.000,86,115,184,160,199,199,199,199,199,199,1,0,0,3,30,1
5.030000,95.44,27.849,16.720,363,440,30.000,30,30,18.000,39.000,55.000,84,115,184,160,198,198,198,198,198,198,1,0,0,3,30,1
5.035000,96.34,27.458,16.440,358,438,30.000,30,30,18.000,39.000,55.000,83,114,183,160,197,197,197,197,197,197,1,0,0,3,30,1
5.040000,97.24,27.069,16.230,354,436,30.000,30,30,18.000,39.000,55.000,82,113,182,160,196,196,196,196,196,196,1,0,0,3,30,1
5.045000,98.14,26.683,16.010,350,435,30.000,30,30,18.000,39.000,55.000,81,113,181,160,196,196,196,196,196,196,1,0,0,3,30,1
5.050000,99.04,26.300,15.790,346,433,30.000,30,30,18.000,39.000,55.000,80,113,180,160,195,195,195,195,195,195,1,0,0,3,30,1
5.055000,99.94,25.920,15.570,341,431,30.000,30,30,18.000,39.000,55.000,79,112,180,160,194,194,194,194,194,194,1,0,0,3,30,1
5.060000,100.84,25.543,15.300,337,430,30.000,30,30,18.000,39.000,55.000,77,112,179,160,193,193,193,193,193,193,1,0,0,3,30,1
5.065000,101.74,25.171,15.080,333,428,30.000,30,30,18.000,39.000,55.000,76,111,178,160,192,192,192,192,192,192,1,0,0,3,30,1
5.070000,102.64,24.803,14.870,329,426,30.000,30,30,18.000,39.000,55.000,75,111,177,160,191,191,191,191,191,191,1,0,0,3,30,1
5.075000,103.54,24.440,14.650,324,424,30.000,30,30,18.000,39.000,55.000,74,110,176,160,190,190,190,190,190,190,1,0,0,3,30,1
5.080000,104.44,24.082,14.430,320,422,30.000,30,30,18.000,39.000,55.000,73,109,175,160,189,189,189,189,189,189,1,0,0,3,30,1
5.085000,105.34,23.729,14.210,316,420,30.000,30,30,18.000,39.000,55.000,72,109,174,160,188,188,188,188,188,188,1,0,0,3,30,1
5.090000,106.24,23.382,14.050,312,418,30.000,30,30,18.000,39.000,55.000,71,108,174,160,187,187,187,187,187,187,1,0,0,3,30,1
5.095000,107.14,23.042,13.830,308,416,30.000,30,30,18.000,39.000,55.000,70,108,173,160,187,187,187,187,187,187,1,0,0,3,30,1
5.100000,108.04,22.708,13.620,304,414,30.000,30,30,18.000,39.000,55.000,69,107,172,160,186,186,186,186,186,186,1,0,0,3,30,1
5.105000,108.94,22.380,13.400,300,411,30.000,30,30,18.000,39.000,55.000,68,106,170,160,184,184,184,184,184,184,1,0,0,3,30,1
5.110000,109.84,22.060,13.230,296,409,30.000,30,30,18.000,39.000,55.000,67,106,170,160,183,183,183,183,183,183,1,0,0,3,30,1
5.115000,110.74,21.747,13.020,292,407,30.000,30,30,18.000,39.000,55.000,66,105,169,160,182,182,182,182,182,182,1,0,0,3,30,1
5.120000,111.64,21.442,12.850,289,405,30.000,30,30,18.000,39.000,55.000,65,105,168,160,181,181,181,181,181,181,1,0,0,3,30,1
5.125000,112.54,21.145,12.690,285,402,30.000,30,30,18.000,39.000,55.000,64,104,166,160,180,180,180,180,180,180,1,0,0,3,30,1
5.130000,113.44,20.857,12.530,281,400,30.000,30,30,18.000,39.000,55.000,63,103,165,160,179,179,179,179,179,179,1,0,0,3,30,1
5.135000,114.34,20.576,12.360,278,398,30.000,30,30,18.000,39.000,55.000,62,103,165,160,178,178,178,178,178,178,1,0,0,3,30,1
5.140000,115.24,20.305,12.200,274,395,30.000,30,30,18.000,39.000,55.000,62,102,163,160,176,176,176,176,176,176,1,0,0,3,30,1
5.145000,116.14,20.043,12.040,271,393,30.000,30,30,18.000,39.000,55.000,61,101,162,160,175,175,175,175,175,175,1,0,0,3,30,1
5.150000,117.04,19.790,11.870,267,391,30.000,30,30,18.000,39.000,55.000,60,101,161,160,174,174,174,174,174,174,1,0,0,3,30,1
5.155000,117.94,19.546,11.710,264,388,30.000,30,30,18.000,39.000,55.000,59,100,160,160,173,173,173,173,173,173,1,0,0,3,30,1
5.160000,118.84,19.313,11.600,261,386,30.000,30,30,18.000,39.000,55.000,58,99,159,160,172,172,172,172,172,172,1,0,0,3,30,1
5.165000,119.74,19.089,11.440,258,383,30.000,30,30,18.000,39.000,55.000,58,98,158,160,170,170,170,170,170,170,1,0,0,3,30,1
5.170000,120.64,18.876,11.330,255,381,30.000,30,30,18.000,39.000,55.000,57,98,157,160,169,169,169,169,169,169,1,0,0,3,30,1
5.175000,121.54,18.673,11.220,252,378,30.000,30,30,18.000,39.000,55.000,57,97,155,160,168,168,168,168,168,168,1,0,0,3,30,1
5.180000,122.44,18.481,11.110,249,376,30.000,30,30,18.000,39.000,55.000,56,96,154,160,167,167,167,167,167,167,1,0,0,3,30,1
5.185000,123.34,18.300,11.000,246,373,30.000,30,30,18.000,39.000,55.000,55,96,153,160,165,165,165,165,165,165,1,0,0,3,30,1
5.190000,124.24,18.129,10.900,244,371,30.000,29,29,18.000,39.000,55.000,53,93,149,160,166,166,166,166,166,166,1,0,0,3,30,1
5.195000,125.14,17.970,10.790,241,368,30.000,29,29,18.000,39.000,55.000,53,92,147,160,165,165,165,165,165,165,1,0,0,3,30,1
5.200000,126.04,17.822,10.680,239,366,30.000,29,29,18.000,39.000,55.000,52,91,146,160,163,163,163,163,163,163,1,0,0,3,30,1
5.205000,126.95,17.685,10.620,236,363,30.000,29,29,18.000,39.000,55.000,52,90,145,160,162,162,162,162,162,162,1,0,0,3,30,1
5.210000,127.85,17.560,10.510,234,361,30.000,29,29,18.000,39.000,55.000,51,90,144,160,161,161,161,161,161,161,1,0,0,3,30,1
5.215000,128.75,17.446,10.460,232,358,30.000,29,29,18.000,39.000,55.000,51,89,143,160,160,160,160,160,160,160,1,0,0,3,30,1
5.220000,129.65,17.344,10.410,230,356,30.000,29,29,18.000,39.000,55.000,51,88,142,160,158,158,158,158,158,158,1,0,0,3,30,1
5.225000,130.55,17.254,10.350,228,353,30.000,29,29,18.000,39.000,55.000,50,88,141,160,157,157,157,157,157,157,1,0,0,3,30,1
5.230000,131.45,17.176,10.300,227,351,30.000,29,29,18.000,39.000,55.000,50,87,140,160,156,156,156,156,156,156,1,0,0,3,30,1
5.235000,132.35,17.110,10.240,225,348,30.000,29,29,18.000,39.000,55.000,50,86,138,160,155,155,155,155,155,155,1,0,0,3,30,1
5.240000,133.25,17.055,10.240,224,346,30.000,29,29,18.000,39.000,55.000,50,86,137,160,154,154,154,154,154,154,1,0,0,3,30,1
5.245000,134.15,17.013,10.190,222,344,30.000,29,29,18.000,39.000,55.000,50,85,137,160,153,153,153,153,153,153,1,0,0,3,30,1
5.250000,135.05,16.983,10.190,221,341,30.000,29,29,18.000,39.000,55.000,50,84,135,160,151,151,151,151,151,151,1,0,0,3,30,1
5.255000,135.95,16.964,10.190,220,339,30.000,29,29,18.000,39.000,55.000,50,84,134,160,150,150,150,150,150,150,1,0,0,3,30,1
5.260000,136.85,16.958,10.190,219,336,30.000,29,29,18.000,39.000,55.000,50,83,133,160,149,149,149,149,149,149,1,0,0,3,30,1
5.265000,137.75,16.964,10.190,218,334,30.000,29,29,18.000,39.000,55.000,50,82,132,160,148,148,148,148,148,148,1,0,0,3,30,1
5.270000,138.65,16.982,10.190,218,332,30.000,29,29,18.000,39.000,55.000,50,82,131,160,147,147,147,147,147,147,1,0,0,3,30,1
5.275000,139.55,17.012,10.190,217,330,30.000,30,30,18.000,39.000,55.000,51,83,134,160,144,144,144,144,144,144,1,0,0,3,30,1
5.280000,140.45,17.053,10.240,217,328,30.000,30,30,18.000,39.000,55.000,52,83,133,160,143,143,143,143,143,143,1,0,0,3,30,1
5.285000,141.35,17.107,10.240,216,325,30.000,30,30,18.000,39.000,55.000,52,82,131,160,142,142,142,142,142,142,1,0,0,3,30,1
5.290000,142.25,17.172,10.300,216,323,30.000,30,30,18.000,39.000,55.000,52,81,130,160,141,141,141,141,141,141,1,0,0,3,30,1
5.295000,143.15,17.249,10.350,216,321,30.000,30,30,18.000,39.000,55.000,52,81,129,160,140,140,140,140,140,140,1,0,0,3,30,1
5.300000,144.05,17.338,10.410,216,319,30.000,30,30,18.000,39.000,55.000,52,80,129,160,139,139,139,139,139,139,1,0,0,3,30,1
5.305000,144.95,17.438,10.460,216,317,30.000,30,30,18.000,39.000,55.000,53,80,128,160,138,138,138,138,138,138,1,0,0,3,30,1
5.310000,145.85,17.550,10.510,217,315,30.000,30,30,18.000,39.000,55.000,53,79,127,160,137,137,137,137,137,137,1,0,0,3,30,1
5.315000,146.75,17.673,10.620,217,313,30.000,30,30,18.000,39.000,55.000,53,78,126,160,136,136,136,136,136,136,1,0,0,3,30,1
5.320000,147.65,17.806,10.680,217,311,30.000,30,30,18.000,39.000,55.000,54,78,125,160,135,135,135,135,135,135,1,0,0,3,30,1
5.325000,148.55,17.951,10.790,218,310,30.000,30,30,18.000,39.000,55.000,54,78,124,160,134,134,134,134,134,134,1,0,0,3,30,1
5.330000,149.45,18.107,10.840,219,308,30.000,30,30,18.000,39.000,55.000,55,77,124,160,133,133,133,133,133,133,1,0,0,3,30,1
5.335000,150.35,18.273,10.950,220,306,30.000,30,30,18.000,39.000,55.000,55,76,123,160,132,132,132,132,132,132,1,0,0,3,30,1
5.340000,151.25,18.450,11.060,221,304,30.000,30,30,18.000,39.000,55.000,56,76,122,160,131,131,131,131,131,131,1,0,0,3,30,1
5.345000,152.15,18.637,11.170,222,303,30.000,30,30,18.000,39.000,55.000,56,76,121,160,131,131,131,131,131,131,1,0,0,3,30,1
5.350000,153.05,18.833,11.280,224,301,30.000,30,30,18.000,39.000,55.000,57,75,120,160,130,130,130,130,130,130,1,0,0,3,30,1
5.355000,153.95,19.040,11.440,225,300,30.000,30,30,18.000,39.000,55.000,58,75,120,160,130,130,130,130,130,130,1,0,0,3,30,1
5.360000,154.85,19.256,11.550,227,298,30.000,30,30,18.000,39.000,55.000,58,74,119,160,128,128,128,128,128,128,1,0,0,3,30,1
5.365000,155.75,19.482,11.710,228,297,30.000,30,30,18.000,39.000,55.000,59,74,118,160,128,128,128,128,128,128,1,0,0,3,30,1
5.370000,156.65,19.717,11.820,230,296,30.000,30,30,18.000,39.000,55.000,60,74,118,160,127,127,127,127,127,127,1,0,0,3,30,1
5.375000,157.55,19.960,11.980,232,294,30.000,30,30,18.000,39.000,55.000,60,73,117,160,127,127,127,127,127,127,1,0,0,3,30,1
5.380000,158.45,20.212,12.150,234,293,30.000,30,30,18.000,39.000,55.000,61,73,117,160,126,126,126,126,126,126,1,0,0,3,30,1
5.385000,159.35,20.472,12.260,236,292,30.000,30,30,18.000,39.000,55.000,62,72,116,160,125,125,125,125,125,125,1,0,0,3,30,1
5.390000,160.25,20.741,12.420,238,291,30.000,30,30,18.000,39.000,55.000,63,72,116,160,125,125,125,125,125,125,1,0,0,3,30,1
5.395000,161.15,21.017,12.640,241,290,30.000,30,30,18.000,39.000,55.000,64,72,115,160,124,124,124,124,124,124,1,0,0,3,30,1
5.400000,162.05,21.300,12.800,243,289,30.000,30,30,18.000,39.000,55.000,65,72,115,160,124,124,124,124,124,124,1,0,0,3,30,1
5.405000,162.95,21.591,12.960,246,288,30.000,30,30,18.000,39.000,55.000,65,71,114,160,124,124,124,124,124,124,1,0,0,3,30,1
5.410000,163.85,21.889,13.130,248,288,30.000,30,30,18.000,39.000,55.000,66,71,114,160,124,124,124,124,124,124,1,0,0,3,30,1
5.415000,164.75,22.193,13.290,251,287,30.000,30,30,18.000,39.000,55.000,67,71,114,160,123,123,123,123,123,123,1,0,0,3,30,1
5.420000,165.65,22.503,13.510,254,286,30.000,30,30,18.000,39.000,55.000,68,71,114,160,123,123,123,123,123,123,1,0,0,3,30,1
5.425000,166.55,22.819,13.670,257,286,30.000,30,30,18.000,39.000,55.000,69,71,114,160,123,123,123,123,123,123,1,0,0,3,30,1
5.430000,167.45,23.140,13.890,260,285,30.000,30,30,18.000,39.000,55.000,70,70,113,160,122,122,122,122,122,122,1,0,0,3,30,1
5.435000,168.35,23.467,14.100,263,285,30.000,30,30,18.000,39.000,55.000,71,70,113,160,122,122,122,122,122,122,1,0,0,3,30,1
5.440000,169.25,23.798,14.270,266,284,30.000,30,30,18.000,39.000,55.000,72,70,113,160,122,122,122,122,122,122,1,0,0,3,30,1
5.445000,170.15,24.134,14.490,269,284,30.000,30,30,18.000,39.000,55.000,73,70,113,160,122,122,122,122,122,122,1,0,0,3,30,1
5.450000,171.05,24.474,14.700,272,284,30.000,30,30,18.000,39.000,55.000,74,70,113,160,122,122,122,122,122,122,1,0,0,3,30,1
5.455000,171.95,24.818,14.870,276,284,30.000,30,30,18.000,39.000,55.000,75,70,113,160,122,122,122,122,122,122,1,0,0,3,30,1
5.460000,172.85,25.165,15.080,279,284,30.000,30,30,18.000,39.000,55.000,76,70,113,160,122,122,122,122,122,122,1,0,0,3,30,1
5.465000,173.75,25.515,15.300,283,284,30.000,30,30,18.000,39.000,55.000,77,70,113,160,122,122,122,122,122,122,1,0,0,3,30,1
5.470000,174.65,25.867,15.520,286,284,30.000,30,30,18.000,39.000,55.000,78,70,113,160,122,122,122,122,122,122,1,0,0,3,30,1
5.475000,175.55,26.222,15.740,290,284,30.000,30,30,18.000,39.000,55.000,79,70,113,160,122,122,122,122,122,122,1,0,0,3,30,1
5.480000,176.45,26.579,15.950,293,284,30.000,30,30,18.000,39.000,55.000,81,70,113,160,122,122,122,122,122,122,1,0,0,3,30,1
5.485000,177.35,26.938,16.170,297,284,30.000,30,30,18.000,39.000,55.000,82,70,113,160,122,122,122,122,122,122,1,0,0,3,30,1
5.490000,178.25,27.297,16.390,301,285,30.000,30,30,18.000,39.000,55.000,83,70,113,160,122,122,122,122,122,122,1,0,0,3,30,1
5.495000,179.15,27.657,16.610,304,286,30.000,30,30,18.000,39.000,55.000,84,71,114,160,123,123,123,123,123,123,1,0,0,3,30,1
5.500000,180.05,28.018,16.820,308,286,30.000,30,30,18.000,39.000,55.000,85,71,114,160,123,123,123,123,123,123,1,0,0,3,30,1
5.505000,180.95,28.379,17.040,312,287,30.000,30,30,18.000,39.000,55.000,86,71,114,160,123,123,123,123,123,123,1,0,0,3,30,1
5.510000,181.85,28.739,17.260,316,288,30.000,30,30,18.000,39.000,55.000,87,71,114,160,124,124,124,124,124,124,1,0,0,3,30,1
5.515000,182.75,29.098,17.480,320,290,30.000,30,30,18.000,39.000,55.000,88,72,115,160,124,124,124,124,124,124,1,0,0,3,30,1
5.520000,183.65,29.456,17.690,323,291,30.000,30,30,18.000,39.000,55.000,89,72,116,160,125,125,125,125,125,125,1,0,0,3,30,1
5.525000,184.55,29.813,17.860,327,292,30.000,29,29,18.000,39.000,55.000,87,71,113,160,127,127,127,127,127,127,1,0,0,3,30,1
5.530000,185.45,30.168,18.080,331,294,30.000,29,29,18.000,39.000,55.000,88,71,114,160,128,128,128,128,128,128,1,0,0,3,30,1
5.535000,186.35,30.520,18.290,335,295,30.000,29,29,18.000,39.000,55.000,89,72,115,160,128,128,128,128,128,128,1,0,0,3,30,1
5.540000,187.25,30.870,18.510,339,297,30.000,29,29,18.000,39.000,55.000,90,72,116,160,129,129,129,129,129,129,1,0,0,3,30,1
5.545000,188.15,31.217,18.730,343,299,30.000,29,29,18.000,39.000,55.000,92,73,117,160,130,130,130,130,130,130,1,0,0,3,30,1
5.550000,189.05,31.560,18.950,347,301,30.000,29,29,18.000,39.000,55.000,93,73,117,160,131,131,131,131,131,131,1,0,0,3,30,1
5.555000,189.95,31.900,19.110,350,302,30.000,29,29,18.000,39.000,55.000,93,73,118,160,132,132,132,132,132,132,1,0,0,3,30,1
5.560000,190.85,32.235,19.330,354,304,30.000,29,29,18.000,39.000,55.000,94,74,119,160,133,133,133,133,133,133,1,0,0,3,30,1
5.565000,191.75,32.566,19.540,358,307,30.000,29,29,18.000,39.000,55.000,95,75,120,160,134,134,134,134,134,134,1,0,0,3,30,1
5.570000,192.65,32.892,19.710,362,309,30.000,29,29,18.000,39.000,55.000,96,75,121,160,135,135,135,135,135,135,1,0,0,3,30,1
5.575000,193.55,33.213,19.920,366,311,30.000,29,29,18.000,39.000,55.000,97,76,122,160,136,136,136,136,136,136,1,0,0,3,30,1
5.580000,194.45,33.529,20.090,369,313,30.000,29,29,18.000,39.000,55.000,98,77,123,160,137,137,137,137,137,137,1,0,0,3,30,1
5.585000,195.35,33.838,20.310,373,316,30.000,29,29,18.000,39.000,55.000,99,77,124,160,139,139,139,139,139,139,1,0,0,3,30,1
5.590000,196.25,34.141,20.470,377,318,30.000,29,29,18.000,39.000,55.000,100,78,125,160,140,140,140,140,140,140,1,0,0,3,30,1
5.595000,197.15,34.438,20.690,380,320,30.000,29,29,18.000,39.000,55.000,101,78,126,160,141,141,141,141,141,141,1,0,0,3,30,1
5.600000,198.05,34.728,20.850,384,323,30.000,29,29,18.000,39.000,55.000,102,79,127,160,142,142,142,142,142,142,1,0,0,3,30,1
5.605000,198.95,35.011,21.010,387,325,30.000,30,30,18.000,39.000,55.000,106,82,131,160,142,142,142,142,142,142,1,0,0,3,30,1
5.610000,199.85,35.286,21.180,391,328,30.000,30,30,18.000,39.000,55.000,107,83,133,160,143,143,143,143,143,143,1,0,0,3,30,1
5.615000,200.75,35.554,21.340,394,331,30.000,30,30,18.000,39.000,55.000,108,84,134,160,145,145,145,145,145,145,1,0,0,3,30,1
5.620000,201.65,35.813,21.500,398,333,30.000,30,30,18.000,39.000,55.000,109,84,135,160,146,146,146,146,146,146,1,0,0,3,30,1
5.625000,202.55,36.065,21.610,401,336,30.000,30,30,18.000,39.000,55.000,109,85,136,160,147,147,147,147,147,147,1,0,0,3,30,1
5.630000,203.45,36.307,21.770,404,339,30.000,30,30,18.000,39.000,55.000,110,86,138,160,149,149,149,149,149,149,1,0,0,3,30,1
5.635000,204.35,36.541,21.940,407,341,30.000,30,30,18.000,39.000,55.000,111,86,139,160,150,150,150,150,150,150,1,0,0,3,30,1
5.640000,205.25,36.766,22.050,410,344,30.000,30,30,18.000,39.000,55.000,112,87,140,160,151,151,151,151,151,151,1,0,0,3,30,1
5.645000,206.15,36.981,22.150,413,347,30.000,30,30,18.000,39.000,55.000,112,88,141,160,153,153,153,153,153,153,1,0,0,3,30,1
5.650000,207.05,37.187,22.320,416,349,30.000,30,30,18.000,39.000,55.000,113,89,142,160,154,154,154,154,154,154,1,0,0,3,30,1
5.655000,207.95,37.383,22.430,419,352,30.000,30,30,18.000,39.000,55.000,113,90,144,160,155,155,155,155,155,155,1,0,0,3,30,1
5.660000,208.85,37.568,22.540,421,355,30.000,30,30,18.000,39.000,55.000,114,90,145,160,157,157,157,157,157,157,1,0,0,3,30,1
5.665000,209.75,37.744,22.640,424,358,30.000,30,30,18.000,39.000,55.000,115,91,146,160,158,158,158,158,158,158,1,0,0,3,30,1
5.670000,210.65,37.909,22.750,426,360,30.000,30,30,18.000,39.000,55.000,115,92,147,160,159,159,159,159,159,159,1,0,0,3,30,1
5.675000,211.55,38.064,22.810,429,363,30.000,30,30,18.000,39.000,55.000,115,93,149,160,160,160,160,160,160,160,1,0,0,3,30,1
5.680000,212.45,38.207,22.920,431,366,30.000,30,30,18.000,39.000,55.000,116,94,150,160,162,162,162,162,162,162,1,0,0,3,30,1
5.685000,213.35,38.340,23.030,433,368,30.000,30,30,18.000,39.000,55.000,117,94,151,160,163,163,163,163,163,163,1,0,0,3,30,1
5.690000,214.25,38.462,23.080,435,371,30.000,30,30,18.000,39.000,55.000,117,95,152,160,164,164,164,164,164,164,1,0,0,3,30,1
5.695000,215.15,38.572,23.130,437,374,30.000,30,30,18.000,39.000,55.000,117,96,154,160,166,166,166,166,166,166,1,0,0,3,30,1
5.700000,216.05,38.671,23.190,439,376,30.000,30,30,18.000,39.000,55.000,117,96,154,160,167,167,167,167,167,167,1,0,0,3,30,1
5.705000,216.95,38.759,23.240,441,379,30.000,30,30,18.000,39.000,55.000,118,97,156,160,168,168,168,168,168,168,1,0,0,3,30,1
5.710000,217.85,38.835,23.300,443,381,30.000,30,30,18.000,39.000,55.000,118,98,157,160,169,169,169,169,169,169,1,0,0,3,30,1
5.715000,218.75,38.899,23.350,444,384,30.000,30,30,18.000,39.000,55.000,118,99,158,160,171,171,171,171,171,171,1,0,0,3,30,1
5.720000,219.65,38.951,23.350,446,386,30.000,30,30,18.000,39.000,55.000,118,99,159,160,172,172,172,172,172,172,1,0,0,3,30,1
5.725000,220.55,38.992,23.410,447,389,30.000,30,30,18.000,39.000,55.000,118,100,160,160,173,173,173,173,173,173,1,0,0,3,30,1
5.730000,221.45,39.020,23.410,448,391,30.000,30,30,18.000,39.000,55.000,118,101,161,160,174,174,174,174,174,174,1,0,0,3,30,1
5.735000,222.35,39.037,23.410,449,393,30.000,30,30,18.000,39.000,55.000,118,101,162,160,175,175,175,175,175,175,1,0,0,3,30,1
5.740000,223.25,39.042,23.410,450,396,30.000,30,30,18.000,39.000,55.000,118,102,164,160,177,177,177,177,177,177,1,0,0,3,30,1
5.745000,224.15,39.034,23.410,451,398,30.000,30,30,18.000,39.000,55.000,118,103,165,160,178,178,178,178,178,178,1,0,0,3,30,1
5.750000,225.05,39.015,23.410,451,400,30.000,30,30,18.000,39.000,55.000,118,103,165,160,179,179,179,179,179,179,1,0,0,3,30,1
5.755000,225.95,38.983,23.410,452,402,30.000,30,30,18.000,39.000,55.000,118,104,166,160,180,180,180,180,180,180,1,0,0,3,30,1
5.760000,226.85,38.940,23.350,452,404,30.000,30,30,18.000,39.000,55.000,118,104,167,160,181,181,181,181,181,181,1,0,0,3,30,1
5.765000,227.75,38.884,23.300,453,406,30.000,30,30,18.000,39.000,55.000,118,105,168,160,182,182,182,182,182,182,1,0,0,3,30,1
5.770000,228.65,38.817,23.300,453,408,30.000,30,30,18.000,39.000,55.000,118,105,169,160,183,183,183,183,183,183,1,0,0,3,30,1
5.775000,229.55,38.737,23.240,453,410,30.000,29,29,18.000,39.000,55.000,114,104,166,160,185,185,185,185,185,185,1,0,0,3,30,1
5.780000,230.45,38.646,23.190,453,412,30.000,29,29,18.000,39.000,55.000,113,104,167,160,186,186,186,186,186,186,1,0,0,3,30,1
5.785000,231.35,38.543,23.130,453,413,30.000,29,29,18.000,39.000,55.000,113,104,167,160,187,187,187,187,187,187,1,0,0,3,30,1
5.790000,232.25,38.428,23.030,452,415,30.000,29,29,18.000,39.000,55.000,113,105,168,160,188,188,188,188,188,188,1,0,0,3,30,1
5.795000,233.15,38.302,22.970,452,416,30.000,29,29,18.000,39.000,55.000,112,105,169,160,188,188,188,188,188,188,1,0,0,3,30,1
5.800000,234.05,38.164,22.920,451,418,30.000,29,29,18.000,39.000,55.000,112,106,169,160,189,189,189,189,189,189,1,0,0,3,30,1
5.805000,234.95,38.015,22.810,451,419,30.000,29,29,18.000,39.000,55.000,112,106,170,160,190,190,190,190,190,190,1,0,0,3,30,1
5.810000,235.85,37.854,22.700,450,420,30.000,29,29,18.000,39.000,55.000,111,106,170,160,190,190,190,190,190,190,1,0,0,3,30,1
5.815000,236.75,37.683,22.590,449,421,30.000,29,29,18.000,39.000,55.000,110,107,171,160,191,191,191,191,191,191,1,0,0,3,30,1
5.820000,237.65,37.500,22.480,448,422,30.000,29,29,18.000,39.000,55.000,110,107,171,160,191,191,191,191,191,191,1,0,0,3,30,1
5.825000,238.55,37.307,22.370,446,423,30.000,29,29,18.000,39.000,55.000,109,107,172,160,192,192,192,192,192,192,1,0,0,3,30,1
5.830000,239.45,37.103,22.260,445,424,30.000,29,29,18.000,39.000,55.000,109,107,172,160,192,192,192,192,192,192,1,0,0,3,30,1
5.835000,240.35,36.889,22.150,444,425,30.000,29,29,18.000,39.000,55.000,108,108,173,160,193,193,193,193,193,193,1,0,0,3,30,1
5.840000,241.25,36.664,21.990,442,426,30.000,29,29,18.000,39.000,55.000,108,108,173,160,193,193,193,193,193,193,1,0,0,3,30,1
5.845000,242.15,36.430,21.830,440,426,30.000,29,29,18.000,39.000,55.000,107,108,173,160,193,193,193,193,193,193,1,0,0,3,30,1
5.850000,243.05,36.185,21.720,438,427,30.000,29,29,18.000,39.000,55.000,106,108,173,160,194,194,194,194,194,194,1,0,0,3,30,1
5.855000,243.95,35.931,21.560,436,427,30.000,30,30,18.000,39.000,55.000,109,111,178,160,192,192,192,192,192,192,1,0,0,3,30,1
5.860000,244.85,35.668,21.390,434,427,30.000,30,30,18.000,39.000,55.000,108,111,178,160,192,192,192,192,192,192,1,0,0,3,30,1
5.865000,245.75,35.396,21.230,432,428,30.000,30,30,18.000,39.000,55.000,107,111,178,160,192,192,192,192,192,192,1,0,0,3,30,1
5.870000,246.65,35.115,21.070,430,428,30.000,30,30,18.000,39.000,55.000,107,111,178,160,192,192,192,192,192,192,1,0,0,3,30,1
5.875000,247.55,34.825,20.900,427,428,30.000,30,30,18.000,39.000,55.000,106,111,178,160,192,192,192,192,192,192,1,0,0,3,30,1
5.880000,248.45,34.528,20.690,425,428,30.000,30,30,18.000,39.000,55.000,105,111,178,160,192,192,192,192,192,192,1,0,0,3,30,1
5.885000,249.35,34.222,20.520,422,428,30.000,30,30,18.000,39.000,55.000,104,111,178,160,192,192,192,192,192,192,1,0,0,3,30,1
5.890000,250.25,33.908,20.360,419,428,30.000,30,30,18.000,39.000,55.000,103,111,178,160,192,192,192,192,192,192,1,0,0,3,30,1
5.895000,251.15,33.587,20.140,417,427,30.000,30,30,18.000,39.000,55.000,102,111,178,160,192,192,192,192,192,192,1,0,0,3,30,1
5.900000,252.05,33.259,19.920,414,427,30.000,30,30,18.000,39.000,55.000,101,111,178,160,192,192,192,192,192,192,1,0,0,3,30,1
5.905000,252.95,32.924,19.760,411,427,30.000,30,30,18.000,39.000,55.000,100,111,178,160,192,192,192,192,192,192,1,0,0,3,30,1
5.910000,253.85,32.583,19.540,407,427,30.000,30,30,18.000,39.000,55.000,99,111,178,160,192,192,192,192,192,192,1,0,0,3,30,1
5.915000,254.75,32.236,19.330,404,426,30.000,30,30,18.000,39.000,55.000,98,111,177,160,191,191,191,191,191,191,1,0,0,3,30,1
5.920000,255.65,31.883,19.110,401,426,30.000,30,30,18.000,39.000,55.000,97,111,177,160,191,191,191,191,191,191,1,0,0,3,30,1
5.925000,256.55,31.524,18.890,397,425,30.000,30,30,18.000,39.000,55.000,95,110,177,160,191,191,191,191,191,191,1,0,0,3,30,1
5.930000,257.45,31.160,18.670,394,425,30.000,30,30,18.000,39.000,55.000,94,110,177,160,191,191,191,191,191,191,1,0,0,3,30,1
5.935000,258.35,30.792,18.460,390,424,30.000,30,30,18.000,39.000,55.000,93,110,176,160,190,190,190,190,190,190,1,0,0,3,30,1
5.940000,259.25,30.419,18.240,387,423,30.000,30,30,18.000,39.000,55.000,92,110,176,160,190,190,190,190,190,190,1,0,0,3,30,1
5.945000,260.15,30.043,18.020,383,423,30.000,30,30,18.000,39.000,55.000,91,110,176,160,190,190,190,190,190,190,1,0,0,3,30,1
5.950000,261.05,29.662,17.800,379,422,30.000,30,30,18.000,39.000,55.000,90,109,175,160,189,189,189,189,189,189,1,0,0,3,30,1
5.955000,261.95,29.278,17.590,376,421,30.000,30,30,18.000,39.000,55.000,89,109,175,160,189,189,189,189,189,189,1,0,0,3,30,1
5.960000,262.85,28.892,17.310,372,420,30.000,30,30,18.000,39.000,55.000,87,109,174,160,188,188,188,188,188,188,1,0,0,3,30,1
5.965000,263.75,28.503,17.100,368,419,30.000,30,30,18.000,39.000,55.000,86,109,174,160,188,188,188,188,188,188,1,0,0,3,30,1
5.970000,264.65,28.111,16.880,364,418,30.000,30,30,18.000,39.000,55.000,85,108,174,160,187,187,187,187,187,187,1,0,0,3,30,1
5.975000,265.55,27.718,16.610,360,417,30.000,30,30,18.000,39.000,55.000,84,108,173,160,187,187,187,187,187,187,1,0,0,3,30,1
5.980000,266.45,27.324,16.390,356,416,30.000,30,30,18.000,39.000,55.000,83,108,173,160,187,187,187,187,187,187,1,0,0,3,30,1
5.985000,267.35,26.928,16.170,352,415,30.000,30,30,18.000,39.000,55.000,82,107,172,160,186,186,186,186,186,186,1,0,0,3,30,1
5.990000,268.25,26.532,15.900,347,414,30.000,30,30,18.000,39.000,55.000,80,107,172,160,186,186,186,186,186,186,1,0,0,3,30,1
5.995000,269.15,26.136,15.680,343,412,30.000,30,30,18.000,39.000,55.000,79,107,171,160,185,185,185,185,185,185,1,0,0,3,30,1
6.000000,270.05,25.740,15.460,339,411,30.000,30,30,18.000,39.000,55.000,78,106,170,160,184,184,184,184,184,184,1,0,0,3,30,1
6.005000,270.95,25.345,15.190,335,409,30.000,30,30,18.000,39.000,55.000,77,106,170,160,183,183,183,183,183,183,1,0,0,3,30,1
6.010000,271.85,24.950,14.970,331,408,30.000,30,30,18.000,39.000,55.000,76,105,169,160,183,183,183,183,183,183,1,0,0,3,30,1
6.015000,272.75,24.557,14.700,326,406,30.000,30,30,18.000,39.000,55.000,74,105,168,160,182,182,182,182,182,182,1,0,0,3,30,1
6.020000,273.65,24.166,14.490,322,405,30.000,30,30,18.000,39.000,55.000,73,105,168,160,181,181,181,181,181,181,1,0,0,3,30,1
6.025000,274.55,23.776,14.270,318,403,30.000,29,29,18.000,39.000,55.000,70,102,163,160,182,182,182,182,182,182,1,0,0,3,30,1
6.030000,275.45,23.390,14.050,314,401,30.000,29,29,18.000,39.000,55.000,69,101,162,160,181,181,181,181,181,181,1,0,0,3,30,1
6.035000,276.35,23.006,13.780,309,400,30.000,29,29,18.000,39.000,55.000,67,101,161,160,180,180,180,180,180,180,1,0,0,3,30,1
6.040000,277.25,22.625,13.560,305,398,30.000,29,29,18.000,39.000,55.000,66,100,161,160,179,179,179,179,179,179,1,0,0,3,30,1
6.045000,278.15,22.248,13.340,301,396,30.000,29,29,18.000,39.000,55.000,65,100,160,160,178,178,178,178,178,178,1,0,0,3,30,1
6.050000,279.05,21.875,13.130,297,394,30.000,29,29,18.000,39.000,55.000,64,99,159,160,177,177,177,177,177,177,1,0,0,3,30,1
6.055000,279.95,21.507,12.910,292,392,30.000,29,29,18.000,39.000,55.000,63,98,158,160,176,176,176,176,176,176,1,0,0,3,30,1
6.060000,280.85,21.143,12.690,288,390,30.000,29,29,18.000,39.000,55.000,62,98,157,160,175,175,175,175,175,175,1,0,0,3,30,1
6.065000,281.75,20.785,12.470,284,388,30.000,29,29,18.000,39.000,55.000,61,97,156,160,174,174,174,174,174,174,1,0,0,3,30,1
6.070000,282.65,20.432,12.260,280,386,30.000,29,29,18.000,39.000,55.000,60,97,155,160,173,173,173,173,173,173,1,0,0,3,30,1
6.075000,283.55,20.084,12.040,276,384,30.000,29,29,18.000,39.000,55.000,59,96,154,160,172,172,172,172,172,172,1,0,0,3,30,1
6.080000,284.45,19.743,11.820,272,382,30.000,29,29,18.000,39.000,55.000,58,96,153,160,171,171,171,171,171,171,1,0,0,3,30,1
6.085000,285.35,19.409,11.660,268,380,30.000,29,29,18.000,39.000,55.000,57,95,153,160,170,170,170,170,170,170,1,0,0,3,30,1
6.090000,286.25,19.081,11.440,264,378,30.000,29,29,18.000,39.000,55.000,56,95,152,160,169,169,169,169,169,169,1,0,0,3,30,1
6.095000,287.15,18.761,11.280,260,375,30.000,29,29,18.000,39.000,55.000,55,94,150,160,168,168,168,168,168,168,1,0,0,3,30,1
6.100000,288.05,18.448,11.060,256,373,30.000,29,29,18.000,39.000,55.000,54,93,149,160,167,167,167,167,167,167,1,0,0,3,30,1
6.105000,288.95,18.143,10.900,252,371,30.000,30,30,18.000,39.000,55.000,55,95,152,160,164,164,164,164,164,164,1,0,0,3,30,1
6.110000,289.85,17.846,10.680,248,368,30.000,30,30,18.000,39.000,55.000,54,94,151,160,163,163,163,163,163,163,1,0,0,3,30,1
6.115000,290.75,17.558,10.510,245,366,30.000,30,30,18.000,39.000,55.000,53,94,150,160,162,162,162,162,162,162,1,0,0,3,30,1
6.120000,291.65,17.278,10.350,241,364,30.000,30,30,18.000,39.000,55.000,52,93,149,160,161,161,161,161,161,161,1,0,0,3,30,1
6.125000,292.55,17.008,10.190,238,361,30.000,30,30,18.000,39.000,55.000,51,92,148,160,159,159,159,159,159,159,1,0,0,3,30,1
6.130000,293.45,16.746,10.030,234,359,30.000,30,30,18.000,39.000,55.000,50,92,147,160,158,158,158,158,158,158,1,0,0,3,30,1
6.135000,294.35,16.495,9.920,231,356,30.000,30,30,18.000,39.000,55.000,50,91,145,160,157,157,157,157,157,157,1,0,0,3,30,1
6.140000,295.25,16.253,9.750,228,354,30.000,30,30,18.000,39.000,55.000,49,90,144,160,156,156,156,156,156,156,1,0,0,3,30,1
6.145000,296.15,16.021,9.590,224,351,30.000,30,30,18.000,39.000,55.000,48,89,143,160,155,155,155,155,155,155,1,0,0,3,30,1
6.150000,297.05,15.800,9.480,221,349,30.000,30,30,18.000,39.000,55.000,48,89,142,160,154,154,154,154,154,154,1,0,0,3,30,1
6.155000,297.95,15.589,9.370,218,346,30.000,30,30,18.000,39.000,55.000,47,88,141,160,152,152,152,152,152,152,1,0,0,3,30,1
6.160000,298.85,15.389,9.210,215,344,30.000,30,30,18.000,39.000,55.000,46,87,140,160,151,151,151,151,151,151,1,0,0,3,30,1
6.165000,299.75,15.200,9.100,213,341,30.000,30,30,18.000,39.000,55.000,46,86,139,160,150,150,150,150,150,150,1,0,0,3,30,1
6.170000,300.65,15.022,8.990,210,339,30.000,30,30,18.000,39.000,55.000,45,86,138,160,149,149,149,149,149,149,1,0,0,3,30,1
6.175000,301.55,14.855,8.880,207,336,30.000,30,30,18.000,39.000,55.000,45,85,136,160,147,147,147,147,147,147,1,0,0,3,30,1
6.180000,302.45,14.700,8.830,205,334,30.000,30,30,18.000,39.000,55.000,44,84,135,160,146,146,146,146,146,146,1,0,0,3,30,1
6.185000,303.35,14.557,8.720,203,331,30.000,30,30,18.000,39.000,55.000,44,84,134,160,145,145,145,145,145,145,1,0,0,3,30,1
6.190000,304.25,14.426,8.670,200,329,30.000,30,30,18.000,39.000,55.000,44,83,133,160,144,144,144,144,144,144,1,0,0,3,30,1
6.195000,305.15,14.307,8.560,198,326,30.000,30,30,18.000,39.000,55.000,43,82,132,160,142,142,142,142,142,142,1,0,0,3,30,1
6.200000,306.05,14.199,8.500,196,324,30.000,30,30,18.000,39.000,55.000,43,82,131,160,141,141,141,141,141,141,1,0,0,3,30,1
6.205000,306.95,14.105,8.450,194,321,30.000,30,30,18.000,39.000,55.000,42,81,129,160,140,140,140,140,140,140,1,0,0,3,30,1
6.210000,307.85,14.022,8.390,192,319,30.000,30,30,18.000,39.000,55.000,42,80,129,160,139,139,139,139,139,139,1,0,0,3,30,1
6.215000,308.75,13.952,8.390,191,316,30.000,30,30,18.000,39.000,55.000,42,79,127,160,137,137,137,137,137,137,1,0,0,3,30,1
6.220000,309.65,13.895,8.340,189,314,30.000,30,30,18.000,39.000,55.000,42,79,126,160,136,136,136,136,136,136,1,0,0,3,30,1
6.225000,310.55,13.850,8.280,188,311,30.000,30,30,18.000,39.000,55.000,42,78,125,160,135,135,135,135,135,135,1,0,0,3,30,1
6.230000,311.45,13.818,8.280,187,309,30.000,30,30,18.000,39.000,55.000,42,77,124,160,134,134,134,134,134,134,1,0,0,3,30,1
6.235000,312.35,13.798,8.280,186,306,30.000,30,30,18.000,39.000,55.000,42,76,123,160,132,132,132,132,132,132,1,0,0,3,30,1
6.240000,313.25,13.792,8.280,185,304,30.000,30,30,18.000,39.000,55.000,42,76,122,160,131,131,131,131,131,131,1,0,0,3,30,1
6.245000,314.15,13.798,8.280,184,302,30.000,30,30,18.000,39.000,55.000,42,75,121,160,130,130,130,130,130,130,1,0,0,3,30,1
6.250000,315.05,13.817,8.280,183,299,30.000,30,30,18.000,39.000,55.000,42,74,119,160,129,129,129,129,129,129,1,0,0,3,30,1
6.255000,315.95,13.849,8.280,182,297,30.000,30,30,18.000,39.000,55.000,42,74,118,160,128,128,128,128,128,128,1,0,0,3,30,1
6.260000,316.85,13.894,8.340,182,295,30.000,30,30,18.000,39.000,55.000,42,73,118,160,127,127,127,127,127,127,1,0,0,3,30,1
6.265000,317.75,13.952,8.390,182,293,30.000,30,30,18.000,39.000,55.000,42,73,117,160,126,126,126,126,126,126,1,0,0,3,30,1
6.270000,318.65,14.022,8.390,181,290,30.000,30,30,18.000,39.000,55.000,42,72,115,160,124,124,124,124,124,124,1,0,0,3,30,1
6.275000,319.55,14.105,8.450,181,288,30.000,29,29,18.000,39.000,55.000,41,70,112,160,125,125,125,125,125,125,1,0,0,3,30,1
6.280000,320.45,14.200,8.500,181,286,30.000,29,29,18.000,39.000,55.000,41,69,111,160,124,124,124,124,124,124,1,0,0,3,30,1
6.285000,321.35,14.309,8.560,182,284,30.000,29,29,18.000,39.000,55.000,42,69,110,160,123,123,123,123,123,123,1,0,0,3,30,1
6.290000,322.25,14.429,8.670,182,282,30.000,29,29,18.000,39.000,55.000,42,68,109,160,122,122,122,122,122,122,1,0,0,3,30,1
6.295000,323.15,14.562,8.720,182,280,30.000,29,29,18.000,39.000,55.000,42,67,108,160,121,121,121,121,121,121,1,0,0,3,30,1
6.300000,324.05,14.708,8.830,183,278,30.000,29,29,18.000,39.000,55.000,43,67,107,160,120,120,120,120,120,120,1,0,0,3,30,1
6.305000,324.95,14.865,8.940,184,277,30.000,29,29,18.000,39.000,55.000,43,67,107,160,119,119,119,119,119,119,1,0,0,3,30,1
6.310000,325.85,15.035,9.050,185,275,30.000,29,29,18.000,39.000,55.000,44,66,106,160,118,118,118,118,118,118,1,0,0,3,30,1
6.315000,326.75,15.216,9.150,186,273,30.000,29,29,18.000,39.000,55.000,44,65,105,160,117,117,117,117,117,117,1,0,0,3,30,1
6.320000,327.65,15.409,9.260,187,271,30.000,29,29,18.000,39.000,55.000,45,65,104,160,116,116,116,116,116,116,1,0,0,3,30,1
6.325000,328.55,15.613,9.370,188,270,30.000,29,29,18.000,39.000,55.000,46,65,104,160,116,116,116,116,116,116,1,0,0,3,30,1
6.330000,329.45,15.829,9.480,190,268,30.000,29,29,18.000,39.000,55.000,46,64,103,160,115,115,115,115,115,115,1,0,0,3,30,1
6.335000,330.35,16.056,9.640,191,267,30.000,29,29,18.000,39.000,55.000,47,64,102,160,114,114,114,114,114,114,1,0,0,3,30,1
6.340000,331.25,16.295,9.750,193,265,30.000,29,29,18.000,39.000,55.000,47,63,101,160,113,113,113,113,113,113,1,0,0,3,30,1
6.345000,332.15,16.543,9.920,195,264,30.000,29,29,18.000,39.000,55.000,48,63,101,160,113,113,113,113,113,113,1,0,0,3,30,1
6.350000,333.05,16.803,10.080,197,263,30.000,29,29,18.000,39.000,55.000,49,63,101,160,112,112,112,112,112,112,1,0,0,3,30,1
6.355000,333.95,17.072,10.240,199,261,30.000,30,30,18.000,39.000,55.000,52,64,102,160,110,110,110,110,110,110,1,0,0,3,30,1
6.360000,334.85,17.352,10.410,201,260,30.000,30,30,18.000,39.000,55.000,52,63,102,160,110,110,110,110,110,110,1,0,0,3,30,1
6.365000,335.75,17.642,10.570,203,259,30.000,30,30,18.000,39.000,55.000,53,63,101,160,109,109,109,109,109,109,1,0,0,3,30,1
6.370000,336.65,17.941,10.790,206,258,30.000,30,30,18.000,39.000,55.000,54,63,101,160,109,109,109,109,109,109,1,0,0,3,30,1
6.375000,337.55,18.249,10.950,208,257,30.000,30,30,18.000,39.000,55.000,55,63,100,160,108,108,108,108,108,108,1,0,0,3,30,1
6.380000,338.45,18.566,11.110,211,256,30.000,30,30,18.000,39.000,55.000,56,62,100,160,108,108,108,108,108,108,1,0,0,3,30,1
6.385000,339.35,18.892,11.330,214,255,30.000,30,30,18.000,39.000,55.000,57,62,99,160,107,107,107,107,107,107,1,0,0,3,30,1
6.390000,340.25,19.227,11.550,217,255,30.000,30,30,18.000,39.000,55.000,58,62,99,160,107,107,107,107,107,107,1,0,0,3,30,1
6.395000,341.15,19.569,11.770,220,254,30.000,30,30,18.000,39.000,55.000,59,62,99,160,107,107,107,107,107,107,1,0,0,3,30,1
6.400000,342.05,19.919,11.930,223,253,30.000,30,30,18.000,39.000,55.000,60,61,98,160,106,106,106,106,106,106,1,0,0,3,30,1
6.405000,342.95,20.277,12.150,226,253,30.000,30,30,18.000,39.000,55.000,61,61,98,160,106,106,106,106,106,106,1,0,0,3,30,1
6.410000,343.85,20.642,12.360,230,252,30.000,30,30,18.000,39.000,55.000,62,61,98,160,106,106,106,106,106,106,1,0,0,3,30,1
6.415000,344.75,21.014,12.580,233,252,30.000,30,30,18.000,39.000,55.000,63,61,98,160,106,106,106,106,106,106,1,0,0,3,30,1
6.420000,345.65,21.392,12.850,236,252,30.000,30,30,18.000,39.000,55.000,65,61,98,160,106,106,106,106,106,106,1,0,0,3,30,1
6.425000,346.55,21.776,13.070,240,251,30.000,30,30,18.000,39.000,55.000,66,61,98,160,105,105,105,105,105,105,1,0,0,3,30,1
6.430000,347.45,22.166,13.290,244,251,30.000,30,30,18.000,39.000,55.000,67,61,98,160,105,105,105,105,105,105,1,0,0,3,30,1
6.435000,348.35,22.562,13.510,248,251,30.000,30,30,18.000,39.000,55.000,68,61,98,160,105,105,105,105,105,105,1,0,0,3,30,1
6.440000,349.25,22.962,13.780,251,251,30.000,30,30,18.000,39.000,55.000,70,61,98,160,105,105,105,105,105,105,1,0,0,3,30,1
6.445000,350.15,23.367,14.000,255,251,30.000,30,30,18.000,39.000,55.000,71,61,98,160,105,105,105,105,105,105,1,0,0,3,30,1
6.450000,351.05,23.777,14.270,259,251,30.000,30,30,18.000,39.000,55.000,72,61,98,160,105,105,105,105,105,105,1,0,0,3,30,1
6.455000,351.95,24.190,14.490,264,252,30.000,30,30,18.000,39.000,55.000,73,61,98,160,106,106,106,106,106,106,1,0,0,3,30,1
6.460000,352.85,24.607,14.760,268,252,30.000,30,30,18.000,39.000,55.000,75,61,98,160,106,106,106,106,106,106,1,0,0,3,30,1
6.465000,353.75,25.027,15.030,272,253,30.000,30,30,18.000,39.000,55.000,76,61,98,160,106,106,106,106,106,106,1,0,0,3,30,1
6.470000,354.65,25.449,15.250,276,254,30.000,30,30,18.000,39.000,55.000,77,62,99,160,107,107,107,107,107,107,1,0,0,3,30,1
6.475000,355.55,25.874,15.520,281,255,30.000,30,30,18.000,39.000,55.000,78,62,99,160,107,107,107,107,107,107,1,0,0,3,30,1
6.480000,356.45,26.302,15.790,285,256,30.000,30,30,18.000,39.000,55.000,80,62,100,160,108,108,108,108,108,108,1,0,0,3,30,1
6.485000,357.35,26.730,16.010,289,257,30.000,30,30,18.000,39.000,55.000,81,63,100,160,108,108,108,108,108,108,1,0,0,3,30,1
6.490000,358.25,27.160,16.280,294,259,30.000,30,30,18.000,39.000,55.000,82,63,101,160,109,109,109,109,109,109,1,0,0,3,30,1
6.495000,359.15,27.591,16.550,298,260,30.000,30,30,18.000,39.000,55.000,84,63,102,160,110,110,110,110,110,110,1,0,0,3,30,1
6.500000,0.05,28.022,16.820,303,262,30.000,30,30,18.000,39.000,55.000,85,64,103,160,111,111,111,111,111,111,1,0,0,3,30,1
6.505000,0.95,28.453,17.100,307,263,30.000,30,30,18.000,39.000,55.000,86,64,103,160,111,111,111,111,111,111,1,0,0,3,30,1
6.510000,1.85,28.883,17.310,312,265,30.000,30,30,18.000,39.000,55.000,87,65,104,160,112,112,112,112,112,112,1,0,0,3,30,1
6.515000,2.75,29.313,17.590,317,267,30.000,30,30,18.000,39.000,55.000,89,65,105,160,113,113,113,113,113,113,1,0,0,3,30,1
6.520000,3.65,29.741,17.860,321,269,30.000,30,30,18.000,39.000,55.000,90,66,106,160,114,114,114,114,114,114,1,0,0,3,30,1
6.525000,4.55,30.168,18.080,326,271,30.000,29,29,18.000,39.000,55.000,88,65,104,160,116,116,116,116,116,116,1,0,0,3,30,1
6.530000,5.45,30.593,18.350,330,274,30.000,29,29,18.000,39.000,55.000,90,66,105,160,118,118,118,118,118,118,1,0,0,3,30,1
6.535000,6.35,31.015,18.620,335,276,30.000,29,29,18.000,39.000,55.000,91,66,106,160,119,119,119,119,119,119,1,0,0,3,30,1
6.540000,7.25,31.435,18.840,340,279,30.000,29,29,18.000,39.000,55.000,92,67,108,160,120,120,120,120,120,120,1,0,0,3,30,1
6.545000,8.15,31.852,19.110,344,281,30.000,29,29,18.000,39.000,55.000,93,68,109,160,121,121,121,121,121,121,1,0,0,3,30,1
6.550000,9.05,32.265,19.330,349,284,30.000,29,29,18.000,39.000,55.000,94,69,110,160,123,123,123,123,123,123,1,0,0,3,30,1
6.555000,9.95,32.674,19.600,354,287,30.000,29,29,18.000,39.000,55.000,96,69,111,160,124,124,124,124,124,124,1,0,0,3,30,1
6.560000,10.85,33.078,19.820,358,289,30.000,29,29,18.000,39.000,55.000,97,70,112,160,125,125,125,125,125,125,1,0,0,3,30,1
6.565000,11.75,33.478,20.090,363,292,30.000,29,29,18.000,39.000,55.000,98,71,113,160,127,127,127,127,127,127,1,0,0,3,30,1
6.570000,12.65,33.873,20.310,367,295,30.000,29,29,18.000,39.000,55.000,99,72,115,160,128,128,128,128,128,128,1,0,0,3,30,1
6.575000,13.55,34.263,20.520,372,298,30.000,29,29,18.000,39.000,55.000,100,72,116,160,130,130,130,130,130,130,1,0,0,3,30,1
6.580000,14.45,34.646,20.790,376,301,30.000,29,29,18.000,39.000,55.000,102,73,117,160,131,131,131,131,131,131,1,0,0,3,30,1
6.585000,15.35,35.024,21.010,381,304,30.000,29,29,18.000,39.000,55.000,103,74,119,160,133,133,133,133,133,133,1,0,0,3,30,1
6.590000,16.25,35.395,21.230,385,308,30.000,29,29,18.000,39.000,55.000,104,75,121,160,135,135,135,135,135,135,1,0,0,3,30,1
6.595000,17.15,35.759,21.450,390,311,30.000,29,29,18.000,39.000,55.000,105,76,122,160,136,136,136,136,136,136,1,0,0,3,30,1
6.600000,18.05,36.116,21.670,394,314,30.000,29,29,18.000,39.000,55.000,106,77,123,160,138,138,138,138,138,138,1,0,0,3,30,1
6.605000,18.95,36.465,21.880,398,317,30.000,30,30,18.000,39.000,55.000,111,80,128,160,138,138,138,138,138,138,1,0,0,3,30,1
6.610000,19.85,36.807,22.100,402,321,30.000,30,30,18.000,39.000,55.000,112,81,129,160,140,140,140,140,140,140,1,0,0,3,30,1
6.615000,20.75,37.141,22.260,407,324,30.000,30,30,18.000,39.000,55.000,113,82,131,160,141,141,141,141,141,141,1,0,0,3,30,1
6.620000,21.65,37.466,22.480,411,328,30.000,30,30,18.000,39.000,55.000,114,83,133,160,143,143,143,143,143,143,1,0,0,3,30,1
6.625000,22.55,37.782,22.640,415,331,30.000,30,30,18.000,39.000,55.000,115,84,134,160,145,145,145,145,145,145,1,0,0,3,30,1
6.630000,23.45,38.090,22.860,418,334,30.000,30,30,18.000,39.000,55.000,116,84,135,160,146,146,146,146,146,146,1,0,0,3,30,1
6.635000,24.35,38.388,23.030,422,338,30.000,30,30,18.000,39.000,55.000,117,86,137,160,148,148,148,148,148,148,1,0,0,3,30,1
6.640000,25.25,38.676,23.190,426,341,30.000,30,30,18.000,39.000,55.000,117,86,139,160,150,150,150,150,150,150,1,0,0,3,30,1
6.645000,26.15,38.955,23.350,430,345,30.000,30,30,18.000,39.000,55.000,118,88,140,160,152,152,152,152,152,152,1,0,0,3,30,1
6.650000,27.05,39.224,23.510,433,348,30.000,30,30,18.000,39.000,55.000,119,88,142,160,153,153,153,153,153,153,1,0,0,3,30,1
6.655000,27.95,39.482,23.680,437,352,30.000,30,30,18.000,39.000,55.000,120,90,144,160,155,155,155,155,155,155,1,0,0,3,30,1
6.660000,28.85,39.730,23.840,440,355,30.000,30,30,18.000,39.000,55.000,121,90,145,160,157,157,157,157,157,157,1,0,0,3,30,1
6.665000,29.75,39.967,23.950,444,359,30.000,30,30,18.000,39.000,55.000,121,92,147,160,158,158,158,158,158,158,1,0,0,3,30,1
6.670000,30.65,40.193,24.110,447,362,30.000,30,30,18.000,39.000,55.000,122,92,148,160,160,160,160,160,160,160,1,0,0,3,30,1
6.675000,31.55,40.408,24.220,450,366,30.000,30,30,18.000,39.000,55.000,123,94,150,160,162,162,162,162,162,162,1,0,0,3,30,1
6.680000,32.45,40.611,24.380,453,369,30.000,30,30,18.000,39.000,55.000,123,94,151,160,163,163,163,163,163,163,1,0,0,3,30,1
6.685000,33.35,40.803,24.490,456,373,30.000,30,30,18.000,39.000,55.000,124,96,153,160,165,165,165,165,165,165,1,0,0,3,30,1
6.690000,34.25,40.983,24.600,458,376,30.000,30,30,18.000,39.000,55.000,125,96,154,160,167,167,167,167,167,167,1,0,0,3,30,1
6.695000,35.15,41.151,24.660,461,380,30.000,30,30,18.000,39.000,55.000,125,98,156,160,169,169,169,169,169,169,1,0,0,3,30,1
6.700000,36.05,41.307,24.770,464,383,30.000,30,30,18.000,39.000,55.000,125,98,158,160,170,170,170,170,170,170,1,0,0,3,30,1
6.705000,36.95,41.452,24.870,466,386,30.000,30,30,18.000,39.000,55.000,126,99,159,160,172,172,172,172,172,172,1,0,0,3,30,1
6.710000,37.85,41.583,24.930,468,390,30.000,30,30,18.000,39.000,55.000,126,100,161,160,174,174,174,174,174,174,1,0,0,3,30,1
6.715000,38.75,41.703,24.980,471,393,30.000,30,30,18.000,39.000,55.000,126,101,162,160,175,175,175,175,175,175,1,0,0,3,30,1
6.720000,39.65,41.810,25.090,473,396,30.000,30,30,18.000,39.000,55.000,127,102,164,160,177,177,177,177,177,177,1,0,0,3,30,1
6.725000,40.55,41.904,25.150,475,399,30.000,30,30,18.000,39.000,55.000,127,103,165,160,178,178,178,178,178,178,1,0,0,3,30,1
6.730000,41.45,41.986,25.200,476,402,30.000,30,30,18.000,39.000,55.000,128,104,166,160,180,180,180,180,180,180,1,0,0,3,30,1
6.735000,42.35,42.055,25.260,478,405,30.000,30,30,18.000,39.000,55.000,128,105,168,160,181,181,181,181,181,181,1,0,0,3,30,1
6.740000,43.25,42.111,25.260,480,408,30.000,30,30,18.000,39.000,55.000,128,105,169,160,183,183,183,183,183,183,1,0,0,3,30,1
6.745000,44.15,42.154,25.310,481,411,30.000,30,30,18.000,39.000,55.000,128,106,170,160,184,184,184,184,184,184,1,0,0,3,30,1
6.750000,45.05,42.185,25.310,482,414,30.000,30,30,18.000,39.000,55.000,128,107,172,160,186,186,186,186,186,186,1,0,0,3,30,1
6.755000,45.95,42.203,25.310,483,417,30.000,30,30,18.000,39.000,55.000,128,108,173,160,187,187,187,187,187,187,1,0,0,3,30,1
6.760000,46.85,42.208,25.310,484,419,30.000,30,30,18.000,39.000,55.000,128,109,174,160,188,188,188,188,188,188,1,0,0,3,30,1
6.765000,47.75,42.200,25.310,485,422,30.000,30,30,18.000,39.000,55.000,128,109,175,160,189,189,189,189,189,189,1,0,0,3,30,1
6.770000,48.65,42.180,25.310,486,425,30.000,30,30,18.000,39.000,55.000,128,110,177,160,191,191,191,191,191,191,1,0,0,3,30,1
6.775000,49.55,42.146,25.260,487,427,30.000,29,29,18.000,39.000,55.000,124,108,173,160,194,194,194,194,194,194,1,0,0,3,30,1
6.780000,50.45,42.100,25.260,487,430,30.000,29,29,18.000,39.000,55.000,124,109,175,160,195,195,195,195,195,195,1,0,0,3,30,1
6.785000,51.35,42.041,25.200,487,432,30.000,29,29,18.000,39.000,55.000,123,110,176,160,196,196,196,196,196,196,1,0,0,3,30,1
6.790000,52.25,41.970,25.200,488,434,30.000,29,29,18.000,39.000,55.000,123,110,177,160,197,197,197,197,197,197,1,0,0,3,30,1
6.795000,53.15,41.887,25.150,488,436,30.000,29,29,18.000,39.000,55.000,123,111,177,160,198,198,198,198,198,198,1,0,0,3,30,1
6.800000,54.05,41.790,25.090,488,438,30.000,29,29,18.000,39.000,55.000,123,111,178,160,199,199,199,199,199,199,1,0,0,3,30,1
6.805000,54.95,41.682,24.980,487,440,30.000,29,29,18.000,39.000,55.000,122,112,179,160,200,200,200,200,200,200,1,0,0,3,30,1
6.810000,55.85,41.562,24.930,487,442,30.000,29,29,18.000,39.000,55.000,122,112,180,160,201,201,201,201,201,201,1,0,0,3,30,1
6.815000,56.75,41.429,24.870,487,444,30.000,29,29,18.000,39.000,55.000,122,113,181,160,202,202,202,202,202,202,1,0,0,3,30,1
6.820000,57.65,41.285,24.770,486,446,30.000,29,29,18.000,39.000,55.000,121,114,182,160,203,203,203,203,203,203,1,0,0,3,30,1
6.825000,58.55,41.129,24.660,485,447,30.000,29,29,18.000,39.000,55.000,121,114,182,160,204,204,204,204,204,204,1,0,0,3,30,1
6.830000,59.45,40.961,24.550,484,449,30.000,29,29,18.000,39.000,55.000,120,114,183,160,205,205,205,205,205,205,1,0,0,3,30,1
6.835000,60.35,40.782,24.440,483,450,30.000,29,29,18.000,39.000,55.000,120,115,184,160,205,205,205,205,205,205,1,0,0,3,30,1
6.840000,61.25,40.592,24.330,482,451,30.000,29,29,18.000,39.000,55.000,119,115,184,160,206,206,206,206,206,206,1,0,0,3,30,1
6.845000,62.15,40.391,24.220,481,453,30.000,29,29,18.000,39.000,55.000,118,115,185,160,207,207,207,207,207,207,1,0,0,3,30,1
6.850000,63.05,40.179,24.110,479,454,30.000,29,29,18.000,39.000,55.000,118,116,185,160,207,207,207,207,207,207,1,0,0,3,30,1
6.855000,63.95,39.956,23.950,478,455,30.000,30,30,18.000,39.000,55.000,121,119,191,160,206,206,206,206,206,206,1,0,0,3,30,1
6.860000,64.85,39.723,23.840,476,456,30.000,30,30,18.000,39.000,55.000,121,119,191,160,206,206,206,206,206,206,1,0,0,3,30,1
6.865000,65.75,39.481,23.680,474,456,30.000,30,30,18.000,39.000,55.000,120,119,191,160,206,206,206,206,206,206,1,0,0,3,30,1
6.870000,66.65,39.228,23.510,472,457,30.000,30,30,18.000,39.000,55.000,119,119,191,160,207,207,207,207,207,207,1,0,0,3,30,1
6.875000,67.55,38.966,23.350,470,457,30.000,30,30,18.000,39.000,55.000,118,119,191,160,207,207,207,207,207,207,1,0,0,3,30,1
6.880000,68.45,38.694,23.190,468,458,30.000,30,30,18.000,39.000,55.000,117,120,192,160,207,207,207,207,207,207,1,0,0,3,30,1
6.885000,69.35,38.414,23.030,466,458,30.000,30,30,18.000,39.000,55.000,117,120,192,160,207,207,207,207,207,207,1,0,0,3,30,1
6.890000,70.25,38.124,22.860,463,458,30.000,30,30,18.000,39.000,55.000,116,120,192,160,207,207,207,207,207,207,1,0,0,3,30,1
6.895000,71.15,37.827,22.700,461,459,30.000,30,30,18.000,39.000,55.000,115,120,192,160,208,208,208,208,208,208,1,0,0,3,30,1
6.900000,72.05,37.521,22.540,458,459,30.000,30,30,18.000,39.000,55.000,114,120,192,160,208,208,208,208,208,208,1,0,0,3,30,1
6.905000,72.95,37.207,22.320,456,459,30.000,30,30,18.000,39.000,55.000,113,120,192,160,208,208,208,208,208,208,1,0,0,3,30,1
6.910000,73.85,36.886,22.150,453,458,30.000,30,30,18.000,39.000,55.000,112,120,192,160,207,207,207,207,207,207,1,0,0,3,30,1
6.915000,74.75,36.558,21.940,450,458,30.000,30,30,18.000,39.000,55.000,111,120,192,160,207,207,207,207,207,207,1,0,0,3,30,1
6.920000,75.65,36.223,21.720,447,458,30.000,30,30,18.000,39.000,55.000,110,120,192,160,207,207,207,207,207,207,1,0,0,3,30,1
6.925000,76.55,35.881,21.500,444,458,30.000,30,30,18.000,39.000,55.000,109,120,192,160,207,207,207,207,207,207,1,0,0,3,30,1
6.930000,77.45,35.533,21.280,440,458,30.000,30,30,18.000,39.000,55.000,108,120,192,160,207,207,207,207,207,207,1,0,0,3,30,1
6.935000,78.35,35.180,21.120,437,457,30.000,30,30,18.000,39.000,55.000,107,119,191,160,207,207,207,207,207,207,1,0,0,3,30,1
6.940000,79.25,34.821,20.900,434,457,30.000,30,30,18.000,39.000,55.000,106,119,191,160,207,207,207,207,207,207,1,0,0,3,30,1
6.945000,80.15,34.456,20.690,430,457,30.000,30,30,18.000,39.000,55.000,105,119,191,160,207,207,207,207,207,207,1,0,0,3,30,1
6.950000,81.05,34.087,20.470,427,456,30.000,30,30,18.000,39.000,55.000,104,119,191,160,206,206,206,206,206,206,1,0,0,3,30,1
6.955000,81.95,33.714,20.200,423,455,30.000,30,30,18.000,39.000,55.000,102,119,191,160,206,206,206,206,206,206,1,0,0,3,30,1
6.960000,82.85,33.337,19.980,419,455,30.000,30,30,18.000,39.000,55.000,101,119,191,160,206,206,206,206,206,206,1,0,0,3,30,1
6.965000,83.75,32.956,19.760,416,454,30.000,30,30,18.000,39.000,55.000,100,119,190,160,205,205,205,205,205,205,1,0,0,3,30,1
6.970000,84.65,32.572,19.540,412,453,30.000,30,30,18.000,39.000,55.000,99,118,190,160,205,205,205,205,205,205,1,0,0,3,30,1
6.975000,85.55,32.185,19.330,408,453,30.000,30,30,18.000,39.000,55.000,98,118,190,160,205,205,205,205,205,205,1,0,0,3,30,1
6.980000,86.45,31.795,19.050,404,452,30.000,30,30,18.000,39.000,55.000,96,118,189,160,204,204,204,204,204,204,1,0,0,3,30,1
6.985000,87.35,31.404,18.840,400,451,30.000,30,30,18.000,39.000,55.000,95,118,189,160,204,204,204,204,204,204,1,0,0,3,30,1
6.990000,88.25,31.010,18.620,396,450,30.000,30,30,18.000,39.000,55.000,94,117,188,160,203,203,203,203,203,203,1,0,0,3,30,1
6.995000,89.15,30.616,18.350,392,449,30.000,30,30,18.000,39.000,55.000,93,117,188,160,203,203,203,203,203,203,1,0,0,3,30,1
7.000000,90.05,30.220,18.130,388,447,30.000,30,30,18.000,39.000,55.000,92,117,187,160,202,202,202,202,202,202,1,0,0,3,30,1
7.005000,90.95,29.824,17.910,384,446,30.000,30,30,18.000,39.000,55.000,91,116,186,160,201,201,201,201,201,201,1,0,0,3,30,1
7.010000,91.85,29.428,17.640,380,445,30.000,30,30,18.000,39.000,55.000,89,116,186,160,201,201,201,201,201,201,1,0,0,3,30,1
7.015000,92.75,29.032,17.420,375,444,30.000,30,30,18.000,39.000,55.000,88,116,185,160,200,200,200,200,200,200,1,0,0,3,30,1
7.020000,93.65,28.637,17.210,371,442,30.000,30,30,18.000,39.000,55.000,87,115,185,160,199,199,199,199,199,199,1,0,0,3,30,1
7.025000,94.55,28.242,16.930,367,441,30.000,29,29,18.000,39.000,55.000,83,112,180,160,201,201,201,201,201,201,1,0,0,3,30,1
7.030000,95.45,27.849,16.720,363,440,30.000,29,29,18.000,39.000,55.000,82,112,179,160,200,200,200,200,200,200,1,0,0,3,30,1
7.035000,96.35,27.458,16.440,358,438,30.000,29,29,18.000,39.000,55.000,80,111,178,160,199,199,199,199,199,199,1,0,0,3,30,1
7.040000,97.25,27.069,16.230,354,436,30.000,29,29,18.000,39.000,55.000,79,111,177,160,198,198,198,198,198,198,1,0,0,3,30,1
7.045000,98.15,26.683,16.010,350,435,30.000,29,29,18.000,39.000,55.000,78,110,177,160,198,198,198,198,198,198,1,0,0,3,30,1
7.050000,99.05,26.300,15.790,346,433,30.000,29,29,18.000,39.000,55.000,77,110,176,160,197,197,197,197,197,197,1,0,0,3,30,1
7.055000,99.95,25.920,15.570,341,431,30.000,29,29,18.000,39.000,55.000,76,109,175,160,196,196,196,196,196,196,1,0,0,3,30,1
7.060000,100.85,25.543,15.300,337,430,30.000,29,29,18.000,39.000,55.000,75,109,175,160,195,195,195,195,195,195,1,0,0,3,30,1
7.065000,101.75,25.171,15.080,333,428,30.000,29,29,18.000,39.000,55.000,74,109,174,160,194,194,194,194,194,194,1,0,0,3,30,1
7.070000,102.65,24.803,14.870,329,426,30.000,29,29,18.000,39.000,55.000,73,108,173,160,193,193,193,193,193,193,1,0,0,3,30,1
7.075000,103.55,24.440,14.650,324,424,30.000,29,29,18.000,39.000,55.000,71,107,172,160,192,192,192,192,192,192,1,0,0,3,30,1
7.080000,104.45,24.082,14.430,320,422,30.000,29,29,18.000,39.000,55.000,70,107,171,160,191,191,191,191,191,191,1,0,0,3,30,1
7.085000,105.35,23.729,14.210,316,420,30.000,29,29,18.000,39.000,55.000,69,106,170,160,190,190,190,190,190,190,1,0,0,3,30,1
7.090000,106.25,23.382,14.050,312,418,30.000,29,29,18.000,39.000,55.000,69,106,169,160,189,189,189,189,189,189,1,0,0,3,30,1
7.095000,107.15,23.042,13.830,308,416,30.000,29,29,18.000,39.000,55.000,67,105,169,160,188,188,188,188,188,188,1,0,0,3,30,1
7.100000,108.05,22.708,13.620,304,414,30.000,29,29,18.000,39.000,55.000,66,105,168,160,187,187,187,187,187,187,1,0,0,3,30,1
7.105000,108.95,22.380,13.400,300,411,30.000,30,30,18.000,39.000,55.000,68,106,170,160,184,184,184,184,184,184,1,0,0,3,30,1
7.110000,109.85,22.060,13.230,296,409,30.000,30,30,18.000,39.000,55.000,67,106,170,160,183,183,183,183,183,183,1,0,0,3,30,1
7.115000,110.75,21.747,13.020,292,407,30.000,30,30,18.000,39.000,55.000,66,105,169,160,182,182,182,182,182,182,1,0,0,3,30,1
7.120000,111.65,21.442,12.850,289,405,30.000,30,30,18.000,39.000,55.000,65,105,168,160,181,181,181,181,181,181,1,0,0,3,30,1
7.125000,112.55,21.145,12.690,285,402,30.000,30,30,18.000,39.000,55.000,64,104,166,160,180,180,180,180,180,180,1,0,0,3,30,1
7.130000,113.45,20.857,12.530,281,400,30.000,30,30,18.000,39.000,55.000,63,103,165,160,179,179,179,179,179,179,1,0,0,3,30,1
7.135000,114.35,20.576,12.360,278,398,30.000,30,30,18.000,39.000,55.000,62,103,165,160,178,178,178,178,178,178,1,0,0,3,30,1
7.140000,115.25,20.305,12.200,274,395,30.000,30,30,18.000,39.000,55.000,62,102,163,160,176,176,176,176,176,176,1,0,0,3,30,1
7.145000,116.15,20.043,12.040,271,393,30.000,30,30,18.000,39.000,55.000,61,101,162,160,175,175,175,175,175,175,1,0,0,3,30,1
7.150000,117.05,19.790,11.870,267,391,30.000,30,30,18.000,39.000,55.000,60,101,161,160,174,174,174,174,174,174,1,0,0,3,30,1
7.155000,117.95,19.546,11.710,264,388,30.000,30,30,18.000,39.000,55.000,59,100,160,160,173,173,173,173,173,173,1,0,0,3,30,1
7.160000,118.85,19.313,11.600,261,386,30.000,30,30,18.000,39.000,55.000,58,99,159,160,172,172,172,172,172,172,1,0,0,3,30,1
7.165000,119.75,19.089,11.440,258,383,30.000,30,30,18.000,39.000,55.000,58,98,158,160,170,170,170,170,170,170,1,0,0,3,30,1
7.170000,120.65,18.876,11.330,255,381,30.000,30,30,18.000,39.000,55.000,57,98,157,160,169,169,169,169,169,169,1,0,0,3,30,1
7.175000,121.55,18.673,11.220,252,378,30.000,30,30,18.000,39.000,55.000,57,97,155,160,168,168,168,168,168,168,1,0,0,3,30,1
7.180000,122.45,18.481,11.110,249,376,30.000,30,30,18.000,39.000,55.000,56,96,154,160,167,167,167,167,167,167,1,0,0,3,30,1
7.185000,123.35,18.300,11.000,246,373,30.000,30,30,18.000,39.000,55.000,55,96,153,160,165,165,165,165,165,165,1,0,0,3,30,1
7.190000,124.25,18.129,10.900,244,371,30.000,30,30,18.000,39.000,55.000,55,95,152,160,164,164,164,164,164,164,1,0,0,3,30,1
7.195000,125.15,17.970,10.790,241,368,30.000,30,30,18.000,39.000,55.000,54,94,151,160,163,163,163,163,163,163,1,0,0,3,30,1
7.200000,126.05,17.822,10.680,239,366,30.000,30,30,18.000,39.000,55.000,54,94,150,160,162,162,162,162,162,162,1,0,0,3,30,1
7.205000,126.95,17.685,10.620,236,363,30.000,30,30,18.000,39.000,55.000,53,93,149,160,160,160,160,160,160,160,1,0,0,3,30,1
7.210000,127.85,17.560,10.510,234,361,30.000,30,30,18.000,39.000,55.000,53,92,148,160,159,159,159,159,159,159,1,0,0,3,30,1
7.215000,128.75,17.446,10.460,232,358,30.000,30,30,18.000,39.000,55.000,53,91,146,160,158,158,158,158,158,158,1,0,0,3,30,1
7.220000,129.65,17.344,10.410,230,356,30.000,30,30,18.000,39.000,55.000,52,91,145,160,157,157,157,157,157,157,1,0,0,3,30,1
7.225000,130.55,17.254,10.350,228,353,30.000,30,30,18.000,39.000,55.000,52,90,144,160,155,155,155,155,155,155,1,0,0,3,30,1
7.230000,131.45,17.176,10.300,227,351,30.000,30,30,18.000,39.000,55.000,52,89,143,160,155,155,155,155,155,155,1,0,0,3,30,1
7.235000,132.35,17.110,10.240,225,348,30.000,30,30,18.000,39.000,55.000,52,88,142,160,153,153,153,153,153,153,1,0,0,3,30,1
7.240000,133.25,17.055,10.240,224,346,30.000,30,30,18.000,39.000,55.000,52,88,141,160,152,152,152,152,152,152,1,0,0,3,30,1
7.245000,134.15,17.013,10.190,222,344,30.000,30,30,18.000,39.000,55.000,51,87,140,160,151,151,151,151,151,151,1,0,0,3,30,1
7.250000,135.05,16.983,10.190,221,341,30.000,30,30,18.000,39.000,55.000,51,86,139,160,150,150,150,150,150,150,1,0,0,3,30,1
7.255000,135.95,16.964,10.190,220,339,30.000,30,30,18.000,39.000,55.000,51,86,138,160,149,149,149,149,149,149,1,0,0,3,30,1
7.260000,136.85,16.958,10.190,219,336,30.000,30,30,18.000,39.000,55.000,51,85,136,160,147,147,147,147,147,147,1,0,0,3,30,1
7.265000,137.75,16.964,10.190,218,334,30.000,30,30,18.000,39.000,55.000,51,84,135,160,146,146,146,146,146,146,1,0,0,3,30,1
7.270000,138.65,16.982,10.190,218,332,30.000,30,30,18.000,39.000,55.000,51,84,134,160,145,145,145,145,145,145,1,0,0,3,30,1
7.275000,139.55,17.012,10.190,217,330,30.000,29,29,18.000,39.000,55.000,50,81,130,160,146,146,146,146,146,146,1,0,0,3,30,1
7.280000,140.45,17.053,10.240,217,328,30.000,29,29,18.000,39.000,55.000,50,81,129,160,145,145,145,145,145,145,1,0,0,3,30,1
7.285000,141.35,17.107,10.240,216,325,30.000,29,29,18.000,39.000,55.000,50,80,128,160,143,143,143,143,143,143,1,0,0,3,30,1
7.290000,142.25,17.172,10.300,216,323,30.000,29,29,18.000,39.000,55.000,50,79,127,160,142,142,142,142,142,142,1,0,0,3,30,1
7.295000,143.15,17.249,10.350,216,321,30.000,29,29,18.000,39.000,55.000,50,79,126,160,141,141,141,141,141,141,1,0,0,3,30,1
7.300000,144.05,17.338,10.410,216,319,30.000,29,29,18.000,39.000,55.000,51,78,125,160,140,140,140,140,140,140,1,0,0,3,30,1
7.305000,144.95,17.438,10.460,216,317,30.000,29,29,18.000,39.000,55.000,51,78,125,160,139,139,139,139,139,139,1,0,0,3,30,1
7.310000,145.85,17.550,10.510,217,315,30.000,29,29,18.000,39.000,55.000,51,77,124,160,138,138,138,138,138,138,1,0,0,3,30,1
7.315000,146.75,17.673,10.620,217,313,30.000,29,29,18.000,39.000,55.000,52,77,123,160,137,137,137,137,137,137,1,0,0,3,30,1
7.320000,147.65,17.806,10.680,217,311,30.000,29,29,18.000,39.000,55.000,52,76,122,160,136,136,136,136,136,136,1,0,0,3,30,1
7.325000,148.55,17.951,10.790,218,310,30.000,29,29,18.000,39.000,55.000,53,76,121,160,136,136,136,136,136,136,1,0,0,3,30,1
7.330000,149.45,18.107,10.840,219,308,30.000,29,29,18.000,39.000,55.000,53,75,121,160,135,135,135,135,135,135,1,0,0,3,30,1
7.335000,150.35,18.273,10.950,220,306,30.000,29,29,18.000,39.000,55.000,53,75,120,160,134,134,134,134,134,134,1,0,0,3,30,1
7.340000,151.25,18.450,11.060,221,304,30.000,29,29,18.000,39.000,55.000,54,74,119,160,133,133,133,133,133,133,1,0,0,3,30,1
7.345000,152.15,18.637,11.170,222,303,30.000,29,29,18.000,39.000,55.000,54,74,118,160,132,132,132,132,132,132,1,0,0,3,30,1
7.350000,153.05,18.833,11.280,224,301,30.000,29,29,18.000,39.000,55.000,55,73,117,160,131,131,131,131,131,131,1,0,0,3,30,1
7.355000,153.95,19.040,11.440,225,300,30.000,30,30,18.000,39.000,55.000,58,75,120,160,130,130,130,130,130,130,1,0,0,3,30,1
7.360000,154.85,19.256,11.550,227,298,30.000,30,30,18.000,39.000,55.000,58,74,119,160,128,128,128,128,128,128,1,0,0,3,30,1
7.365000,155.75,19.482,11.710,228,297,30.000,30,30,18.000,39.000,55.000,59,74,118,160,128,128,128,128,128,128,1,0,0,3,30,1
7.370000,156.65,19.717,11.820,230,296,30.000,30,30,18.000,39.000,55.000,60,74,118,160,127,127,127,127,127,127,1,0,0,3,30,1
7.375000,157.55,19.960,11.980,232,294,30.000,30,30,18.000,39.000,55.000,60,73,117,160,127,127,127,127,127,127,1,0,0,3,30,1
7.380000,158.45,20.212,12.150,234,293,30.000,30,30,18.000,39.000,55.000,61,73,117,160,126,126,126,126,126,126,1,0,0,3,30,1
7.385000,159.35,20.472,12.260,236,292,30.000,30,30,18.000,39.000,55.000,62,72,116,160,125,125,125,125,125,125,1,0,0,3,30,1
7.390000,160.25,20.741,12.420,238,291,30.000,30,30,18.000,39.000,55.000,63,72,116,160,125,125,125,125,125,125,1,0,0,3,30,1
7.395000,161.15,21.017,12.640,241,290,30.000,30,30,18.000,39.000,55.000,64,72,115,160,124,124,124,124,124,124,1,0,0,3,30,1
7.400000,162.05,21.300,12.800,243,289,30.000,30,30,18.000,39.000,55.000,65,72,115,160,124,124,124,124,124,124,1,0,0,3,30,1
7.405000,162.95,21.591,12.960,246,288,30.000,30,30,18.000,39.000,55.000,65,71,114,160,124,124,124,124,124,124,1,0,0,3,30,1
7.410000,163.85,21.889,13.130,248,288,30.000,30,30,18.000,39.000,55.000,66,71,114,160,124,124,124,124,124,124,1,0,0,3,30,1
7.415000,164.75,22.193,13.290,251,287,30.000,30,30,18.000,39.000,55.000,67,71,114,160,123,123,123,123,123,123,1,0,0,3,30,1
7.420000,165.65,22.503,13.510,254,286,30.000,30,30,18.000,39.000,55.000,68,71,114,160,123,123,123,123,123,123,1,0,0,3,30,1
7.425000,166.55,22.819,13.670,257,286,30.000,30,30,18.000,39.000,55.000,69,71,114,160,123,123,123,123,123,123,1,0,0,3,30,1
7.430000,167.45,23.140,13.890,260,285,30.000,30,30,18.000,39.000,55.000,70,70,113,160,122,122,122,122,122,122,1,0,0,3,30,1
7.435000,168.35,23.467,14.100,263,285,30.000,30,30,18.000,39.000,55.000,71,70,113,160,122,122,122,122,122,122,1,0,0,3,30,1
7.440000,169.25,23.798,14.270,266,284,30.000,30,30,18.000,39.000,55.000,72,70,113,160,122,122,122,122,122,122,1,0,0,3,30,1
7.445000,170.15,24.134,14.490,269,284,30.000,30,30,18.000,39.000,55.000,73,70,113,160,122,122,122,122,122,122,1,0,0,3,30,1
7.450000,171.05,24.474,14.700,272,284,30.000,30,30,18.000,39.000,55.000,74,70,113,160,122,122,122,122,122,122,1,0,0,3,30,1
7.455000,171.95,24.818,14.870,276,284,30.000,30,30,18.000,39.000,55.000,75,70,113,160,122,122,122,122,122,122,1,0,0,3,30,1
7.460000,172.85,25.165,15.080,279,284,30.000,30,30,18.000,39.000,55.000,76,70,113,160,122,122,122,122,122,122,1,0,0,3,30,1
7.465000,173.75,25.515,15.300,283,284,30.000,30,30,18.000,39.000,55.000,77,70,113,160,122,122,122,122,122,122,1,0,0,3,30,1
7.470000,174.65,25.867,15.520,286,284,30.000,30,30,18.000,39.000,55.000,78,70,113,160,122,122,122,122,122,122,1,0,0,3,30,1
7.475000,175.55,26.222,15.740,290,284,30.000,30,30,18.000,39.000,55.000,79,70,113,160,122,122,122,122,122,122,1,0,0,3,30,1
7.480000,176.45,26.579,15.950,293,284,30.000,30,30,18.000,39.000,55.000,81,70,113,160,122,122,122,122,122,122,1,0,0,3,30,1
7.485000,177.35,26.938,16.170,297,284,30.000,30,30,18.000,39.000,55.000,82,70,113,160,122,122,122,122,122,122,1,0,0,3,30,1
7.490000,178.25,27.297,16.390,301,285,30.000,30,30,18.000,39.000,55.000,83,70,113,160,122,122,122,122,122,122,1,0,0,3,30,1
7.495000,179.15,27.657,16.610,304,286,30.000,30,30,18.000,39.000,55.000,84,71,114,160,123,123,123,123,123,123,1,0,0,3,30,1
7.500000,180.05,28.018,16.820,308,286,30.000,30,30,18.000,39.000,55.000,85,71,114,160,123,123,123,123,123,123,1,0,0,3,30,1
7.505000,180.95,28.379,17.040,312,287,30.000,30,30,18.000,39.000,55.000,86,71,114,160,123,123,123,123,123,123,1,0,0,3,30,1
7.510000,181.85,28.739,17.260,316,288,30.000,30,30,18.000,39.000,55.000,87,71,114,160,124,124,124,124,124,124,1,0,0,3,30,1
7.515000,182.75,29.098,17.480,320,290,30.000,30,30,18.000,39.000,55.000,88,72,115,160,124,124,124,124,124,124,1,0,0,3,30,1
7.520000,183.65,29.456,17.690,323,291,30.000,30,30,18.000,39.000,55.000,89,72,116,160,125,125,125,125,125,125,1,0,0,3,30,1
7.525000,184.55,29.813,17.860,327,292,30.000,29,29,18.000,39.000,55.000,87,71,113,160,127,127,127,127,127,127,1,0,0,3,30,1
7.530000,185.45,30.168,18.080,331,294,30.000,29,29,18.000,39.000,55.000,88,71,114,160,128,128,128,128,128,128,1,0,0,3,30,1
7.535000,186.35,30.520,18.290,335,295,30.000,29,29,18.000,39.000,55.000,89,72,115,160,128,128,128,128,128,128,1,0,0,3,30,1
7.540000,187.25,30.870,18.510,339,297,30.000,29,29,18.000,39.000,55.000,90,72,116,160,129,129,129,129,129,129,1,0,0,3,30,1
7.545000,188.15,31.217,18.730,343,299,30.000,29,29,18.000,39.000,55.000,92,73,117,160,130,130,130,130,130,130,1,0,0,3,30,1
7.550000,189.05,31.560,18.950,347,301,30.000,29,29,18.000,39.000,55.000,93,73,117,160,131,131,131,131,131,131,1,0,0,3,30,1
7.555000,189.95,31.900,19.110,350,302,30.000,29,29,18.000,39.000,55.000,93,73,118,160,132,132,132,132,132,132,1,0,0,3,30,1
7.560000,190.85,32.235,19.330,354,304,30.000,29,29,18.000,39.000,55.000,94,74,119,160,133,133,133,133,133,133,1,0,0,3,30,1
7.565000,191.75,32.566,19.540,358,307,30.000,29,29,18.000,39.000,55.000,95,75,120,160,134,134,134,134,134,134,1,0,0,3,30,1
7.570000,192.65,32.892,19.710,362,309,30.000,29,29,18.000,39.000,55.000,96,75,121,160,135,135,135,135,135,135,1,0,0,3,30,1
7.575000,193.55,33.213,19.920,366,311,30.000,29,29,18.000,39.000,55.000,97,76,122,160,136,136,136,136,136,136,1,0,0,3,30,1
7.580000,194.45,33.529,20.090,369,313,30.000,29,29,18.000,39.000,55.000,98,77,123,160,137,137,137,137,137,137,1,0,0,3,30,1
7.585000,195.35,33.838,20.310,373,316,30.000,29,29,18.000,39.000,55.000,99,77,124,160,139,139,139,139,139,139,1,0,0,3,30,1
7.590000,196.25,34.141,20.470,377,318,30.000,29,29,18.000,39.000,55.000,100,78,125,160,140,140,140,140,140,140,1,0,0,3,30,1
7.595000,197.15,34.438,20.690,380,320,30.000,29,29,18.000,39.000,55.000,101,78,126,160,141,141,141,141,141,141,1,0,0,3,30,1
7.600000,198.05,34.728,20.850,384,323,30.000,29,29,18.000,39.000,55.000,102,79,127,160,142,142,142,142,142,142,1,0,0,3,30,1
7.605000,198.95,35.011,21.010,387,325,30.000,30,30,18.000,39.000,55.000,106,82,131,160,142,142,142,142,142,142,1,0,0,3,30,1
7.610000,199.85,35.286,21.180,391,328,30.000,30,30,18.000,39.000,55.000,107,83,133,160,143,143,143,143,143,143,1,0,0,3,30,1
7.615000,200.75,35.554,21.340,394,331,30.000,30,30,18.000,39.000,55.000,108,84,134,160,145,145,145,145,145,145,1,0,0,3,30,1
7.620000,201.65,35.813,21.500,398,333,30.000,30,30,18.000,39.000,55.000,109,84,135,160,146,146,146,146,146,146,1,0,0,3,30,1
7.625000,202.55,36.065,21.610,401,336,30.000,30,30,18.000,39.000,55.000,109,85,136,160,147,147,147,147,147,147,1,0,0,3,30,1
7.630000,203.45,36.307,21.770,404,339,30.000,30,30,18.000,39.000,55.000,110,86,138,160,149,149,149,149,149,149,1,0,0,3,30,1
7.635000,204.35,36.541,21.940,407,341,30.000,30,30,18.000,39.000,55.000,111,86,139,160,150,150,150,150,150,150,1,0,0,3,30,1
7.640000,205.25,36.766,22.050,410,344,30.000,30,30,18.000,39.000,55.000,112,87,140,160,151,151,151,151,151,151,1,0,0,3,30,1
7.645000,206.15,36.981,22.150,413,347,30.000,30,30,18.000,39.000,55.000,112,88,141,160,153,153,153,153,153,153,1,0,0,3,30,1
7.650000,207.05,37.187,22.320,416,349,30.000,30,30,18.000,39.000,55.000,113,89,142,160,154,154,154,154,154,154,1,0,0,3,30,1
7.655000,207.95,37.383,22.430,419,352,30.000,30,30,18.000,39.000,55.000,113,90,144,160,155,155,155,155,155,155,1,0,0,3,30,1
7.660000,208.85,37.568,22.540,421,355,30.000,30,30,18.000,39.000,55.000,114,90,145,160,157,157,157,157,157,157,1,0,0,3,30,1
7.665000,209.75,37.744,22.640,424,358,30.000,30,30,18.000,39.000,55.000,115,91,146,160,158,158,158,158,158,158,1,0,0,3,30,1
7.670000,210.65,37.909,22.750,426,360,30.000,30,30,18.000,39.000,55.000,115,92,147,160,159,159,159,159,159,159,1,0,0,3,30,1
7.675000,211.55,38.064,22.810,429,363,30.000,30,30,18.000,39.000,55.000,115,93,149,160,160,160,160,160,160,160,1,0,0,3,30,1
7.680000,212.45,38.207,22.920,431,366,30.000,30,30,18.000,39.000,55.000,116,94,150,160,162,162,162,162,162,162,1,0,0,3,30,1
7.685000,213.35,38.340,23.030,433,368,30.000,30,30,18.000,39.000,55.000,117,94,151,160,163,163,163,163,163,163,1,0,0,3,30,1
7.690000,214.25,38.462,23.080,435,371,30.000,30,30,18.000,39.000,55.000,117,95,152,160,164,164,164,164,164,164,1,0,0,3,30,1
7.695000,215.15,38.572,23.130,437,374,30.000,30,30,18.000,39.000,55.000,117,96,154,160,166,166,166,166,166,166,1,0,0,3,30,1
7.700000,216.05,38.671,23.190,439,376,30.000,30,30,18.000,39.000,55.000,117,96,154,160,167,167,167,167,167,167,1,0,0,3,30,1
7.705000,216.95,38.759,23.240,441,379,30.000,30,30,18.000,39.000,55.000,118,97,156,160,168,168,168,168,168,168,1,0,0,3,30,1
7.710000,217.85,38.835,23.300,443,381,30.000,30,30,18.000,39.000,55.000,118,98,157,160,169,169,169,169,169,169,1,0,0,3,30,1
7.715000,218.75,38.899,23.350,444,384,30.000,30,30,18.000,39.000,55.000,118,99,158,160,171,171,171,171,171,171,1,0,0,3,30,1
7.720000,219.65,38.951,23.350,446,386,30.000,30,30,18.000,39.000,55.000,118,99,159,160,172,172,172,172,172,172,1,0,0,3,30,1
7.725000,220.55,38.992,23.410,447,389,30.000,30,30,18.000,39.000,55.000,118,100,160,160,173,173,173,173,173,173,1,0,0,3,30,1
7.730000,221.45,39.020,23.410,448,391,30.000,30,30,18.000,39.000,55.000,118,101,161,160,174,174,174,174,174,174,1,0,0,3,30,1
7.735000,222.35,39.037,23.410,449,393,30.000,30,30,18.000,39.000,55.000,118,101,162,160,175,175,175,175,175,175,1,0,0,3,30,1
7.740000,223.25,39.042,23.410,450,396,30.000,30,30,18.000,39.000,55.000,118,102,164,160,177,177,177,177,177,177,1,0,0,3,30,1
7.745000,224.15,39.034,23.410,451,398,30.000,30,30,18.000,39.000,55.000,118,103,165,160,178,178,178,178,178,178,1,0,0,3,30,1
7.750000,225.05,39.015,23.410,451,400,30.000,30,30,18.000,39.000,55.000,118,103,165,160,179,179,179,179,179,179,1,0,0,3,30,1
7.755000,225.95,38.983,23.410,452,402,30.000,30,30,18.000,39.000,55.000,118,104,166,160,180,180,180,180,180,180,1,0,0,3,30,1
7.760000,226.85,38.940,23.350,452,404,30.000,30,30,18.000,39.000,55.000,118,104,167,160,181,181,181,181,181,181,1,0,0,3,30,1
7.765000,227.75,38.884,23.300,453,406,30.000,30,30,18.000,39.000,55.000,118,105,168,160,182,182,182,182,182,182,1,0,0,3,30,1
7.770000,228.65,38.817,23.300,453,408,30.000,30,30,18.000,39.000,55.000,118,105,169,160,183,183,183,183,183,183,1,0,0,3,30,1
7.775000,229.55,38.737,23.240,453,410,30.000,29,29,18.000,39.000,55.000,114,104,166,160,185,185,185,185,185,185,1,0,0,3,30,1
7.780000,230.45,38.646,23.190,453,412,30.000,29,29,18.000,39.000,55.000,113,104,167,160,186,186,186,186,186,186,1,0,0,3,30,1
7.785000,231.35,38.543,23.130,453,413,30.000,29,29,18.000,39.000,55.000,113,104,167,160,187,187,187,187,187,187,1,0,0,3,30,1
7.790000,232.25,38.428,23.030,452,415,30.000,29,29,18.000,39.000,55.000,113,105,168,160,188,188,188,188,188,188,1,0,0,3,30,1
7.795000,233.15,38.302,22.970,452,416,30.000,29,29,18.000,39.000,55.000,112,105,169,160,188,188,188,188,188,188,1,0,0,3,30,1
7.800000,234.05,38.164,22.920,451,418,30.000,29,29,18.000,39.000,55.000,112,106,169,160,189,189,189,189,189,189,1,0,0,3,30,1
7.805000,234.95,38.015,22.810,451,419,30.000,29,29,18.000,39.000,55.000,112,106,170,160,190,190,190,190,190,190,1,0,0,3,30,1
7.810000,235.85,37.854,22.700,450,420,30.000,29,29,18.000,39.000,55.000,111,106,170,160,190,190,190,190,190,190,1,0,0,3,30,1
7.815000,236.75,37.683,22.590,449,421,30.000,29,29,18.000,39.000,55.000,110,107,171,160,191,191,191,191,191,191,1,0,0,3,30,1
7.820000,237.65,37.500,22.480,448,422,30.000,29,29,18.000,39.000,55.000,110,107,171,160,191,191,191,191,191,191,1,0,0,3,30,1
7.825000,238.55,37.307,22.370,446,423,30.000,29,29,18.000,39.000,55.000,109,107,172,160,192,192,192,192,192,192,1,0,0,3,30,1
7.830000,239.45,37.103,22.260,445,424,30.000,29,29,18.000,39.000,55.000,109,107,172,160,192,192,192,192,192,192,1,0,0,3,30,1
7.835000,240.35,36.889,22.150,444,425,30.000,29,29,18.000,39.000,55.000,108,108,173,160,193,193,193,193,193,193,1,0,0,3,30,1
7.840000,241.25,36.664,21.990,442,426,30.000,29,29,18.000,39.000,55.000,108,108,173,160,193,193,193,193,193,193,1,0,0,3,30,1
7.845000,242.15,36.430,21.830,440,426,30.000,29,29,18.000,39.000,55.000,107,108,173,160,193,193,193,193,193,193,1,0,0,3,30,1
7.850000,243.05,36.185,21.720,438,427,30.000,29,29,18.000,39.000,55.000,106,108,173,160,194,194,194,194,194,194,1,0,0,3,30,1
7.855000,243.95,35.931,21.560,436,427,30.000,30,30,18.000,39.000,55.000,109,111,178,160,192,192,192,192,192,192,1,0,0,3,30,1
7.860000,244.85,35.668,21.390,434,427,30.000,30,30,18.000,39.000,55.000,108,111,178,160,192,192,192,192,192,192,1,0,0,3,30,1
7.865000,245.75,35.396,21.230,432,428,30.000,30,30,18.000,39.000,55.000,107,111,178,160,192,192,192,192,192,192,1,0,0,3,30,1
7.870000,246.65,35.115,21.070,430,428,30.000,30,30,18.000,39.000,55.000,107,111,178,160,192,192,192,192,192,192,1,0,0,3,30,1
7.875000,247.55,34.825,20.900,427,428,30.000,30,30,18.000,39.000,55.000,106,111,178,160,192,192,192,192,192,192,1,0,0,3,30,1
7.880000,248.45,34.528,20.690,425,428,30.000,30,30,18.000,39.000,55.000,105,111,178,160,192,192,192,192,192,192,1,0,0,3,30,1
7.885000,249.35,34.222,20.520,422,428,30.000,30,30,18.000,39.000,55.000,104,111,178,160,192,192,192,192,192,192,1,0,0,3,30,1
7.890000,250.25,33.908,20.360,419,428,30.000,30,30,18.000,39.000,55.000,103,111,178,160,192,192,192,192,192,192,1,0,0,3,30,1
7.895000,251.15,33.587,20.140,417,427,30.000,30,30,18.000,39.000,55.000,102,111,178,160,192,192,192,192,192,192,1,0,0,3,30,1
7.900000,252.05,33.259,19.920,414,427,30.000,30,30,18.000,39.000,55.000,101,111,178,160,192,192,192,192,192,192,1,0,0,3,30,1
7.905000,252.95,32.924,19.760,411,427,30.000,30,30,18.000,39.000,55.000,100,111,178,160,192,192,192,192,192,192,1,0,0,3,30,1
7.910000,253.85,32.583,19.540,407,427,30.000,30,30,18.000,39.000,55.000,99,111,178,160,192,192,192,192,192,192,1,0,0,3,30,1
7.915000,254.75,32.236,19.330,404,426,30.000,30,30,18.000,39.000,55.000,98,111,177,160,191,191,191,191,191,191,1,0,0,3,30,1
7.920000,255.65,31.883,19.110,401,426,30.000,30,30,18.000,39.000,55.000,97,111,177,160,191,191,191,191,191,191,1,0,0,3,30,1
7.925000,256.55,31.524,18.890,397,425,30.000,30,30,18.000,39.000,55.000,95,110,177,160,191,191,191,191,191,191,1,0,0,3,30,1
7.930000,257.45,31.160,18.670,394,425,30.000,30,30,18.000,39.000,55.000,94,110,177,160,191,191,191,191,191,191,1,0,0,3,30,1
7.935000,258.35,30.792,18.460,390,424,30.000,30,30,18.000,39.000,55.000,93,110,176,160,190,190,190,190,190,190,1,0,0,3,30,1
7.940000,259.25,30.419,18.240,387,423,30.000,30,30,18.000,39.000,55.000,92,110,176,160,190,190,190,190,190,190,1,0,0,3,30,1
7.945000,260.15,30.043,18.020,383,423,30.000,30,30,18.000,39.000,55.000,91,110,176,160,190,190,190,190,190,190,1,0,0,3,30,1
7.950000,261.05,29.662,17.800,379,422,30.000,30,30,18.000,39.000,55.000,90,109,175,160,189,189,189,189,189,189,1,0,0,3,30,1
7.955000,261.95,29.278,17.590,376,421,30.000,30,30,18.000,39.000,55.000,89,109,175,160,189,189,189,189,189,189,1,0,0,3,30,1
7.960000,262.85,28.892,17.310,372,420,30.000,30,30,18.000,39.000,55.000,87,109,174,160,188,188,188,188,188,188,1,0,0,3,30,1
7.965000,263.75,28.503,17.100,368,419,30.000,30,30,18.000,39.000,55.000,86,109,174,160,188,188,188,188,188,188,1,0,0,3,30,1
7.970000,264.65,28.111,16.880,364,418,30.000,30,30,18.000,39.000,55.000,85,108,174,160,187,187,187,187,187,187,1,0,0,3,30,1
7.975000,265.55,27.718,16.610,360,417,30.000,30,30,18.000,39.000,55.000,84,108,173,160,187,187,187,187,187,187,1,0,0,3,30,1
7.980000,266.45,27.324,16.390,356,416,30.000,30,30,18.000,39.000,55.000,83,108,173,160,187,187,187,187,187,187,1,0,0,3,30,1
7.985000,267.35,26.928,16.170,352,415,30.000,30,30,18.000,39.000,55.000,82,107,172,160,186,186,186,186,186,186,1,0,0,3,30,1
7.990000,268.25,26.532,15.900,347,414,30.000,30,30,18.000,39.000,55.000,80,107,172,160,186,186,186,186,186,186,1,0,0,3,30,1
7.995000,269.15,26.136,15.680,343,412,30.000,30,30,18.000,39.000,55.000,79,107,171,160,185,185,185,185,185,185,1,0,0,3,30,1
8.000000,270.00,0.000,0.000,337,411,0.000,30,30,18.000,39.000,55.000,0,106,170,160,184,184,184,184,184,184,1,0,0,3,30,0
8.005000,270.00,0.000,0.000,292,409,0.000,30,30,18.000,39.000,55.000,0,106,170,160,183,183,183,183,183,183,1,0,0,3,30,0
8.010000,270.00,0.000,0.000,253,406,0.000,30,30,18.000,39.000,55.000,0,105,168,160,182,182,182,182,182,182,1,0,0,3,30,0
8.015000,270.00,0.000,0.000,219,403,0.000,30,30,18.000,39.000,55.000,0,104,167,160,180,180,180,180,180,180,1,0,0,3,30,0
8.020000,270.00,0.000,0.000,190,399,0.000,30,30,18.000,39.000,55.000,0,103,165,160,178,178,178,178,178,178,1,0,0,3,30,0
8.025000,270.00,0.000,0.000,165,395,0.000,30,30,18.000,39.000,55.000,0,102,163,160,176,176,176,176,176,176,1,0,0,3,30,0
8.030000,270.00,0.000,0.000,143,390,0.000,30,30,18.000,39.000,55.000,0,100,161,160,174,174,174,174,174,174,1,0,0,3,30,0
8.035000,270.00,0.000,0.000,124,385,0.000,30,30,18.000,39.000,55.000,0,99,159,160,171,171,171,171,171,171,1,0,0,3,30,0
8.040000,270.00,0.000,0.000,107,380,0.000,30,30,18.000,39.000,55.000,0,98,156,160,169,169,169,169,169,169,1,0,0,3,30,0
8.045000,270.00,0.000,0.000,93,374,0.000,30,30,18.000,39.000,55.000,0,96,154,160,166,166,166,166,166,166,1,0,0,3,30,0
8.050000,270.00,0.000,0.000,81,368,0.000,30,30,18.000,39.000,55.000,0,94,151,160,163,163,163,163,163,163,1,0,0,3,30,0
8.055000,270.00,0.000,0.000,70,363,0.000,30,30,18.000,39.000,55.000,0,93,149,160,160,160,160,160,160,160,1,0,0,3,30,0
8.060000,270.00,0.000,0.000,60,357,0.000,30,30,18.000,39.000,55.000,0,91,146,160,158,158,158,158,158,158,1,0,0,3,30,0
8.065000,270.00,0.000,0.000,52,351,0.000,30,30,18.000,39.000,55.000,0,89,143,160,155,155,155,155,155,155,1,0,0,3,30,0
8.070000,270.00,0.000,0.000,45,345,0.000,30,30,18.000,39.000,55.000,0,88,140,160,152,152,152,152,152,152,1,0,0,3,30,0
8.075000,270.00,0.000,0.000,39,339,0.000,30,30,18.000,39.000,55.000,0,86,138,160,149,149,149,149,149,149,1,0,0,3,30,0
8.080000,270.00,0.000,0.000,34,333,0.000,30,30,18.000,39.000,55.000,0,84,135,160,146,146,146,146,146,146,1,0,0,3,30,0
8.085000,270.00,0.000,0.000,30,327,0.000,30,30,18.000,39.000,55.000,0,82,132,160,143,143,143,143,143,143,1,0,0,3,30,0
8.090000,270.00,0.000,0.000,26,321,0.000,30,30,18.000,39.000,55.000,0,81,129,160,140,140,140,140,140,140,1,0,0,3,30,0
8.095000,270.00,0.000,0.000,22,315,0.000,30,30,18.000,39.000,55.000,0,79,127,160,137,137,137,137,137,137,1,0,0,3,30,0
8.100000,270.00,0.000,0.000,19,309,0.000,30,30,18.000,39.000,55.000,0,77,124,160,134,134,134,134,134,134,1,0,0,3,30,0
8.105000,270.00,0.000,0.000,17,304,0.000,30,30,18.000,39.000,55.000,0,76,122,160,131,131,131,131,131,131,1,0,0,3,30,0
8.110000,270.00,0.000,0.000,15,298,0.000,30,30,18.000,39.000,55.000,0,74,119,160,128,128,128,128,128,128,1,0,0,3,30,0
8.115000,270.00,0.000,0.000,13,292,0.000,30,30,18.000,39.000,55.000,0,72,116,160,125,125,125,125,125,125,1,0,0,3,30,0
8.120000,270.00,0.000,0.000,11,287,0.000,30,30,18.000,39.000,55.000,0,71,114,160,123,123,123,123,123,123,1,0,0,3,30,0
8.125000,270.00,0.000,0.000,10,282,0.000,30,30,18.000,39.000,55.000,0,70,112,160,121,121,121,121,121,121,1,0,0,3,30,0
8.130000,270.00,0.000,0.000,8,276,0.000,30,30,18.000,39.000,55.000,0,68,109,160,118,118,118,118,118,118,1,0,0,3,30,0
8.135000,270.00,0.000,0.000,7,271,0.000,30,30,18.000,39.000,55.000,0,66,107,160,115,115,115,115,115,115,1,0,0,3,30,0
8.140000,270.00,0.000,0.000,6,266,0.000,30,30,18.000,39.000,55.000,0,65,104,160,113,113,113,113,113,113,1,0,0,3,30,0
8.145000,270.00,0.000,0.000,6,261,0.000,30,30,18.000,39.000,55.000,0,64,102,160,110,110,110,110,110,110,1,0,0,3,30,0
8.150000,270.00,0.000,0.000,5,256,0.000,30,30,18.000,39.000,55.000,0,62,100,160,108,108,108,108,108,108,1,0,0,3,30,0
8.155000,270.00,0.000,0.000,4,251,0.000,30,30,18.000,39.000,55.000,0,61,98,160,105,105,105,105,105,105,1,0,0,3,30,0
8.160000,270.00,0.000,0.000,4,246,0.000,30,30,18.000,39.000,55.000,0,59,95,160,103,103,103,103,103,103,1,0,0,3,30,0
8.165000,270.00,0.000,0.000,3,241,0.000,30,30,18.000,39.000,55.000,0,58,93,160,100,100,100,100,100,100,1,0,0,3,30,0
8.170000,270.00,0.000,0.000,3,236,0.000,30,30,18.000,39.000,55.000,0,57,91,160,98,98,98,98,98,98,1,0,0,3,30,0
8.175000,270.00,0.000,0.000,3,232,0.000,30,30,18.000,39.000,55.000,0,55,89,160,96,96,96,96,96,96,1,0,0,3,30,0
8.180000,270.00,0.000,0.000,2,227,0.000,30,30,18.000,39.000,55.000,0,54,87,160,94,94,94,94,94,94,1,0,0,3,30,0
8.185000,270.00,0.000,0.000,2,223,0.000,30,30,18.000,39.000,55.000,0,53,85,160,92,92,92,92,92,92,1,0,0,3,30,0
8.190000,270.00,0.000,0.000,2,218,0.000,30,30,18.000,39.000,55.000,0,51,83,160,89,89,89,89,89,89,1,0,0,3,30,0
8.195000,270.00,0.000,0.000,2,214,0.000,30,30,18.000,39.000,55.000,0,50,81,160,87,87,87,87,87,87,1,0,0,3,30,0
8.200000,270.00,0.000,0.000,1,210,0.000,0,0,18.000,39.000,55.000,0,0,0,0,0,0,0,0,0,0,2,144,0,3,70,0
8.205000,270.00,0.000,0.000,1,206,0.000,0,0,18.000,39.000,55.000,0,0,0,0,0,0,0,0,0,0,2,144,0,3,70,0
8.210000,270.00,0.000,0.000,1,202,0.000,0,0,18.000,39.000,55.000,0,0,0,0,0,0,0,0,0,0,2,144,0,3,70,0
8.215000,270.00,0.000,0.000,1,198,0.000,0,0,18.000,39.000,55.000,0,0,0,0,0,0,0,0,0,0,2,144,0,3,70,0
8.220000,270.00,0.000,0.000,1,194,0.000,0,0,18.000,39.000,55.000,0,0,0,0,0,0,0,0,0,0,2,144,0,3,70,0
8.225000,270.00,0.000,0.000,1,190,0.000,0,0,18.000,39.000,55.000,0,0,0,0,0,0,0,0,0,0,2,144,0,3,70,0
8.230000,270.00,0.000,0.000,1,187,0.000,0,0,18.000,39.000,55.000,0,0,0,0,0,0,0,0,0,0,2,144,0,3,70,0
8.235000,270.00,0.000,0.000,1,183,0.000,0,0,18.000,39.000,55.000,0,0,0,0,0,0,0,0,0,0,2,144,0,3,70,0
8.240000,270.00,0.000,0.000,1,179,0.000,0,0,18.000,39.000,55.000,0,0,0,0,0,0,0,0,0,0,2,144,0,3,70,0
8.245000,270.00,0.000,0.000,1,176,0.000,0,0,18.000,39.000,55.000,0,0,0,0,0,0,0,0,0,0,2,144,0,3,70,0
8.250000,270.00,0.000,0.000,0,172,0.000,0,0,18.000,39.000,55.000,0,0,0,0,0,0,0,0,0,0,2,144,0,3,70,0
8.255000,270.00,0.000,0.000,0,169,0.000,0,0,18.000,39.000,55.000,0,0,0,0,0,0,0,0,0,0,2,144,0,3,70,0
8.260000,270.00,0.000,0.000,0,166,0.000,0,0,18.000,39.000,55.000,0,0,0,0,0,0,0,0,0,0,2,144,0,3,70,0
8.265000,270.00,0.000,0.000,0,163,0.000,0,0,18.000,39.000,55.000,0,0,0,0,0,0,0,0,0,0,2,144,0,3,70,0
8.270000,270.00,0.000,0.000,0,159,0.000,0,0,18.000,39.000,55.000,0,0,0,0,0,0,0,0,0,0,2,144,0,3,70,0
8.275000,270.00,0.000,0.000,0,156,0.000,0,0,18.000,39.000,55.000,0,0,0,0,0,0,0,0,0,0,2,144,0,3,70,0
8.280000,270.00,0.000,0.000,0,153,0.000,0,0,18.000,39.000,55.000,0,0,0,0,0,0,0,0,0,0,2,144,0,3,70,0
8.285000,270.00,0.000,0.000,0,150,0.000,0,0,18.000,39.000,55.000,0,0,0,0,0,0,0,0,0,0,2,144,0,3,70,0
8.290000,270.00,0.000,0.000,0,147,0.000,0,0,18.000,39.000,55.000,0,0,0,0,0,0,0,0,0,0,2,144,0,3,70,0
8.295000,270.00,0.000,0.000,0,144,0.000,0,0,18.000,39.000,55.000,0,0,0,0,0,0,0,0,0,0,2,144,0,3,70,0
8.300000,270.00,0.000,0.000,0,142,0.000,0,0,18.000,39.000,55.000,0,0,0,0,0,0,0,0,0,0,2,144,0,3,70,0
8.305000,270.00,0.000,0.000,0,139,0.000,0,0,18.000,39.000,55.000,0,0,0,0,0,0,0,0,0,0,2,144,0,3,70,0
8.310000,270.00,0.000,0.000,0,136,0.000,0,0,18.000,39.000,55.000,0,0,0,0,0,0,0,0,0,0,2,144,0,3,70,0
8.315000,270.00,0.000,0.000,0,133,0.000,0,0,18.000,39.000,55.000,0,0,0,0,0,0,0,0,0,0,2,144,0,3,70,0
8.320000,270.00,0.000,0.000,0,131,0.000,0,0,18.000,39.000,55.000,0,0,0,0,0,0,0,0,0,0,2,144,0,3,70,0
8.325000,270.00,0.000,0.000,0,128,0.000,0,0,18.000,39.000,55.000,0,0,0,0,0,0,0,0,0,0,2,144,0,3,70,0
8.330000,270.00,0.000,0.000,0,126,0.000,0,0,18.000,39.000,55.000,0,0,0,0,0,0,0,0,0,0,2,144,0,3,70,0
8.335000,270.00,0.000,0.000,0,123,0.000,0,0,18.000,39.000,55.000,0,0,0,0,0,0,0,0,0,0,2,144,0,3,70,0
8.340000,270.00,0.000,0.000,0,121,0.000,0,0,18.000,39.000,55.000,0,0,0,0,0,0,0,0,0,0,2,144,0,3,70,0
8.345000,270.00,0.000,0.000,0,119,0.000,0,0,18.000,39.000,55.000,0,0,0,0,0,0,0,0,0,0,2,144,0,3,70,0
8.350000,270.00,0.000,0.000,0,116,0.000,0,0,18.000,39.000,55.000,0,0,0,0,0,0,0,0,0,0,2,144,0,3,70,0
8.355000,270.00,0.000,0.000,0,114,0.000,0,0,18.000,39.000,55.000,0,0,0,0,0,0,0,0,0,0,2,144,0,3,70,0
8.360000,270.00,0.000,0.000,0,112,0.000,0,0,18.000,39.000,55.000,0,0,0,0,0,0,0,0,0,0,2,144,0,3,70,0
8.365000,270.00,0.000,0.000,0,110,0.000,0,0,18.000,39.000,55.000,0,0,0,0,0,0,0,0,0,0,2,144,0,3,70,0
8.370000,270.00,0.000,0.000,0,107,0.000,0,0,18.000,39.000,55.000,0,0,0,0,0,0,0,0,0,0,2,144,0,3,70,0
8.375000,270.00,0.000,0.000,0,105,0.000,0,0,18.000,39.000,55.000,0,0,0,0,0,0,0,0,0,0,2,144,0,3,70,0
8.380000,270.00,0.000,0.000,0,103,0.000,0,0,18.000,39.000,55.000,0,0,0,0,0,0,0,0,0,0,2,144,0,3,70,0
8.385000,270.00,0.000,0.000,0,101,0.000,0,0,18.000,39.000,55.000,0,0,0,0,0,0,0,0,0,0,2,144,0,3,70,0
8.390000,270.00,0.000,0.000,0,99,0.000,0,0,18.000,39.000,55.000,0,0,0,0,0,0,0,0,0,0,2,144,0,3,70,0
8.395000,270.00,0.000,0.000,0,97,0.000,0,0,18.000,39.000,55.000,0,0,0,0,0,0,0,0,0,0,2,144,0,3,70,0
8.400000,270.00,0.000,0.000,0,96,0.000,0,0,18.000,39.000,55.000,0,0,0,0,0,0,0,0,0,0,2,144,0,3,70,0
8.405000,270.00,0.000,0.000,0,94,0.000,0,0,18.000,39.000,55.000,0,0,0,0,0,0,0,0,0,0,2,144,0,3,70,0
8.410000,270.00,0.000,0.000,0,92,0.000,0,0,18.000,39.000,55.000,0,0,0,0,0,0,0,0,0,0,2,144,0,3,70,0
8.415000,270.00,0.000,0.000,0,90,0.000,0,0,18.000,39.000,55.000,0,0,0,0,0,0,0,0,0,0,2,144,0,3,70,0
8.420000,270.00,0.000,0.000,0,88,0.000,0,0,18.000,39.000,55.000,0,0,0,0,0,0,0,0,0,0,2,144,0,3,70,0
8.425000,270.00,0.000,0.000,0,87,0.000,0,0,18.000,39.000,55.000,0,0,0,0,0,0,0,0,0,0,2,144,0,3,70,0
8.430000,270.00,0.000,0.000,0,85,0.000,0,0,18.000,39.000,55.000,0,0,0,0,0,0,0,0,0,0,2,144,0,3,70,0
8.435000,270.00,0.000,0.000,0,83,0.000,0,0,18.000,39.000,55.000,0,0,0,0,0,0,0,0,0,0,2,144,0,3,70,0
8.440000,270.00,0.000,0.000,0,82,0.000,0,0,18.000,39.000,55.000,0,0,0,0,0,0,0,0,0,0,2,144,0,3,70,0
8.445000,270.00,0.000,0.000,0,80,0.000,0,0,18.000,39.000,55.000,0,0,0,0,0,0,0,0,0,0,2,144,0,3,70,0
8.450000,270.00,0.000,0.000,0,79,0.000,0,0,18.000,39.000,55.000,0,0,0,0,0,0,0,0,0,0,2,144,0,3,70,0
8.455000,270.00,0.000,0.000,0,77,0.000,0,0,18.000,39.000,55.000,0,0,0,0,0,0,0,0,0,0,2,144,0,3,70,0
8.460000,270.00,0.000,0.000,0,76,0.000,0,0,18.000,39.000,55.000,0,0,0,0,0,0,0,0,0,0,2,144,0,3,70,0
8.465000,270.00,0.000,0.000,0,74,0.000,0,0,18.000,39.000,55.000,0,0,0,0,0,0,0,0,0,0,2,144,0,3,70,0
8.470000,270.00,0.000,0.000,0,73,0.000,0,0,18.000,39.000,55.000,0,0,0,0,0,0,0,0,0,0,2,144,0,3,70,0
8.475000,270.00,0.000,0.000,0,71,0.000,0,0,18.000,39.000,55.000,0,0,0,0,0,0,0,0,0,0,2,144,0,3,70,0
8.480000,270.00,0.000,0.000,0,70,0.000,0,0,18.000,39.000,55.000,0,0,0,0,0,0,0,0,0,0,2,144,0,3,70,0
8.485000,270.00,0.000,0.000,0,69,0.000,0,0,18.000,39.000,55.000,0,0,0,0,0,0,0,0,0,0,2,144,0,3,70,0
8.490000,270.00,0.000,0.000,0,67,0.000,0,0,18.000,39.000,55.000,0,0,0,0,0,0,0,0,0,0,2,144,0,3,70,0
8.495000,270.00,0.000,0.000,0,66,0.000,0,0,18.000,39.000,55.000,0,0,0,0,0,0,0,0,0,0,2,144,0,3,70,0
8.500000,270.00,0.000,0.000,0,65,0.000,0,0,18.000,39.000,55.000,0,0,0,0,0,0,0,0,0,0,2,144,0,3,70,0
8.505000,270.00,0.000,0.000,0,63,0.000,0,0,18.000,39.000,55.000,0,0,0,0,0,0,0,0,0,0,2,144,0,3,70,0
8.510000,270.00,0.000,0.000,0,62,0.000,0,0,18.000,39.000,55.000,0,0,0,0,0,0,0,0,0,0,2,144,0,3,70,0
8.515000,270.00,0.000,0.000,0,61,0.000,0,0,18.000,39.000,55.000,0,0,0,0,0,0,0,0,0,0,2,144,0,3,70,0
8.520000,270.00,0.000,0.000,0,60,0.000,0,0,18.000,39.000,55.000,0,0,0,0,0,0,0,0,0,0,2,144,0,3,70,0
8.525000,270.00,0.000,0.000,0,59,0.000,0,0,18.000,39.000,55.000,0,0,0,0,0,0,0,0,0,0,2,144,0,3,70,0
8.530000,270.00,0.000,0.000,0,58,0.000,0,0,18.000,39.000,55.000,0,0,0,0,0,0,0,0,0,0,2,144,0,3,70,0
8.535000,270.00,0.000,0.000,0,56,0.000,0,0,18.000,39.000,55.000,0,0,0,0,0,0,0,0,0,0,2,144,0,3,70,0
8.540000,270.00,0.000,0.000,0,55,0.000,0,0,18.000,39.000,55.000,0,0,0,0,0,0,0,0,0,0,2,144,0,3,70,0
8.545000,270.00,0.000,0.000,0,54,0.000,0,0,18.000,39.000,55.000,0,0,0,0,0,0,0,0,0,0,2,144,0,3,70,0
8.550000,270.00,0.000,0.000,0,53,0.000,0,0,18.000,39.000,55.000,0,0,0,0,0,0,0,0,0,0,2,144,0,3,70,0
8.555000,270.00,0.000,0.000,0,52,0.000,0,0,18.000,39.000,55.000,0,0,0,0,0,0,0,0,0,0,2,144,0,3,70,0
8.560000,270.00,0.000,0.000,0,51,0.000,0,0,18.000,39.000,55.000,0,0,0,0,0,0,0,0,0,0,2,144,0,3,70,0
8.565000,270.00,0.000,0.000,0,50,0.000,0,0,18.000,39.000,55.000,0,0,0,0,0,0,0,0,0,0,2,144,0,3,70,0
8.570000,270.00,0.000,0.000,0,49,0.000,0,0,18.000,39.000,55.000,0,0,0,0,0,0,0,0,0,0,2,144,0,3,70,0
8.575000,270.00,0.000,0.000,0,48,0.000,0,0,18.000,39.000,55.000,0,0,0,0,0,0,0,0,0,0,2,144,0,3,70,0
8.580000,270.00,0.000,0.000,0,47,0.000,0,0,18.000,39.000,55.000,0,0,0,0,0,0,0,0,0,0,2,144,0,3,70,0
8.585000,270.00,0.000,0.000,0,47,0.000,0,0,18.000,39.000,55.000,0,0,0,0,0,0,0,0,0,0,2,144,0,3,70,0
8.590000,270.00,0.000,0.000,0,46,0.000,0,0,18.000,39.000,55.000,0,0,0,0,0,0,0,0,0,0,2,144,0,3,70,0
8.595000,270.00,0.000,0.000,0,45,0.000,0,0,18.000,39.000,55.000,0,0,0,0,0,0,0,0,0,0,2,144,0,3,70,0
8.600000,270.00,0.000,0.000,0,44,0.000,0,0,18.000,39.000,55.000,0,0,0,0,0,0,0,0,0,0,2,144,0,3,70,0
8.605000,270.00,0.000,0.000,0,43,0.000,0,0,18.000,39.000,55.000,0,0,0,0,0,0,0,0,0,0,2,144,0,3,70,0
8.610000,270.00,0.000,0.000,0,42,0.000,0,0,18.000,39.000,55.000,0,0,0,0,0,0,0,0,0,0,2,144,0,3,70,0
8.615000,270.00,0.000,0.000,0,42,0.000,0,0,18.000,39.000,55.000,0,0,0,0,0,0,0,0,0,0,2,144,0,3,70,0
8.620000,270.00,0.000,0.000,0,41,0.000,0,0,18.000,39.000,55.000,0,0,0,0,0,0,0,0,0,0,2,144,0,3,70,0
8.625000,270.00,0.000,0.000,0,40,0.000,0,0,18.000,39.000,55.000,0,0,0,0,0,0,0,0,0,0,2,144,0,3,70,0
8.630000,270.00,0.000,0.000,0,39,0.000,0,0,18.000,39.000,55.000,0,0,0,0,0,0,0,0,0,0,2,144,0,3,70,0
8.635000,270.00,0.000,0.000,0,38,0.000,0,0,18.000,39.000,55.000,0,0,0,0,0,0,0,0,0,0,2,144,0,3,70,0
8.640000,270.00,0.000,0.000,0,38,0.000,0,0,18.000,39.000,55.000,0,0,0,0,0,0,0,0,0,0,2,144,0,3,70,0
8.645000,270.00,0.000,0.000,0,37,0.000,0,0,18.000,39.000,55.000,0,0,0,0,0,0,0,0,0,0,2,144,0,3,70,0
8.650000,270.00,0.000,0.000,0,36,0.000,0,0,18.000,39.000,55.000,0,0,0,0,0,0,0,0,0,0,2,144,0,3,70,0
8.655000,270.00,0.000,0.000,0,36,0.000,0,0,18.000,39.000,55.000,0,0,0,0,0,0,0,0,0,0,2,144,0,3,70,0
8.660000,270.00,0.000,0.000,0,35,0.000,0,0,18.000,39.000,55.000,0,0,0,0,0,0,0,0,0,0,2,144,0,3,70,0
8.665000,270.00,0.000,0.000,0,34,0.000,0,0,18.000,39.000,55.000,0,0,0,0,0,0,0,0,0,0,2,144,0,3,70,0
8.670000,270.00,0.000,0.000,0,34,0.000,0,0,18.000,39.000,55.000,0,0,0,0,0,0,0,0,0,0,2,144,0,3,70,0
8.675000,270.00,0.000,0.000,0,33,0.000,0,0,18.000,39.000,55.000,0,0,0,0,0,0,0,0,0,0,2,144,0,3,70,0
8.680000,270.00,0.000,0.000,0,32,0.000,0,0,18.000,39.000,55.000,0,0,0,0,0,0,0,0,0,0,2,144,0,3,70,0
8.685000,270.00,0.000,0.000,0,32,0.000,0,0,18.000,39.000,55.000,0,0,0,0,0,0,0,0,0,0,2,144,0,3,70,0
8.690000,270.00,0.000,0.000,0,31,0.000,0,0,18.000,39.000,55.000,0,0,0,0,0,0,0,0,0,0,2,144,0,3,70,0
8.695000,270.00,0.000,0.000,0,31,0.000,0,0,18.000,39.000,55.000,0,0,0,0,0,0,0,0,0,0,2,144,0,3,70,0
8.700000,270.00,0.000,0.000,0,30,0.000,0,0,18.000,39.000,55.000,0,0,0,0,0,0,0,0,0,0,2,144,0,3,70,0
8.705000,270.00,0.000,0.000,0,30,0.000,0,0,18.000,39.000,55.000,0,0,0,0,0,0,0,0,0,0,2,144,0,3,70,0
8.710000,270.00,0.000,0.000,0,29,0.000,0,0,18.000,39.000,55.000,0,0,0,0,0,0,0,0,0,0,2,144,0,3,70,0
8.715000,270.00,0.000,0.000,0,29,0.000,0,0,18.000,39.000,55.000,0,0,0,0,0,0,0,0,0,0,2,144,0,3,70,0
8.720000,270.00,0.000,0.000,0,28,0.000,0,0,18.000,39.000,55.000,0,0,0,0,0,0,0,0,0,0,2,144,0,3,70,0
8.725000,270.00,0.000,0.000,0,27,0.000,0,0,18.000,39.000,55.000,0,0,0,0,0,0,0,0,0,0,2,144,0,3,70,0
8.730000,270.00,0.000,0.000,0,27,0.000,0,0,18.000,39.000,55.000,0,0,0,0,0,0,0,0,0,0,2,144,0,3,70,0
8.735000,270.00,0.000,0.000,0,26,0.000,0,0,18.000,39.000,55.000,0,0,0,0,0,0,0,0,0,0,2,144,0,3,70,0
8.740000,270.00,0.000,0.000,0,26,0.000,0,0,18.000,39.000,55.000,0,0,0,0,0,0,0,0,0,0,2,144,0,3,70,0
8.745000,270.00,0.000,0.000,0,26,0.000,0,0,18.000,39.000,55.000,0,0,0,0,0,0,0,0,0,0,2,144,0,3,70,0
8.750000,270.00,0.000,0.000,0,25,0.000,0,0,18.000,39.000,55.000,0,0,0,0,0,0,0,0,0,0,2,144,0,3,70,0
8.755000,270.00,0.000,0.000,0,25,0.000,0,0,18.000,39.000,55.000,0,0,0,0,0,0,0,0,0,0,2,144,0,3,70,0
8.760000,270.00,0.000,0.000,0,24,0.000,0,0,18.000,39.000,55.000,0,0,0,0,0,0,0,0,0,0,2,144,0,3,70,0
8.765000,270.00,0.000,0.000,0,24,0.000,0,0,18.000,39.000,55.000,0,0,0,0,0,0,0,0,0,0,2,144,0,3,70,0
8.770000,270.00,0.000,0.000,0,23,0.000,0,0,18.000,39.000,55.000,0,0,0,0,0,0,0,0,0,0,2,144,0,3,70,0
8.775000,270.00,0.000,0.000,0,23,0.000,0,0,18.000,39.000,55.000,0,0,0,0,0,0,0,0,0,0,2,144,0,3,70,0
8.780000,270.00,0.000,0.000,0,22,0.000,0,0,18.000,39.000,55.000,0,0,0,0,0,0,0,0,0,0,2,144,0,3,70,0
8.785000,270.00,0.000,0.000,0,22,0.000,0,0,18.000,39.000,55.000,0,0,0,0,0,0,0,0,0,0,2,144,0,3,70,0
8.790000,270.00,0.000,0.000,0,22,0.000,0,0,18.000,39.000,55.000,0,0,0,0,0,0,0,0,0,0,2,144,0,3,70,0
8.795000,270.00,0.000,0.000,0,21,0.000,0,0,18.000,39.000,55.000,0,0,0,0,0,0,0,0,0,0,2,144,0,3,70,0
8.800000,270.00,0.000,0.000,0,21,0.000,0,0,18.000,39.000,55.000,0,0,0,0,0,0,0,0,0,0,2,144,0,3,70,0
8.805000,270.00,0.000,0.000,0,20,0.000,0,0,18.000,39.000,55.000,0,0,0,0,0,0,0,0,0,0,2,144,0,3,70,0
8.810000,270.00,0.000,0.000,0,20,0.000,0,0,18.000,39.000,55.000,0,0,0,0,0,0,0,0,0,0,2,144,0,3,70,0
8.815000,270.00,0.000,0.000,0,20,0.000,0,0,18.000,39.000,55.000,0,0,0,0,0,0,0,0,0,0,2,144,0,3,70,0
8.820000,270.00,0.000,0.000,0,19,0.000,0,0,18.000,39.000,55.000,0,0,0,0,0,0,0,0,0,0,2,144,0,3,70,0
8.825000,270.00,0.000,0.000,0,19,0.000,0,0,18.000,39.000,55.000,0,0,0,0,0,0,0,0,0,0,2,144,0,3,70,0
8.830000,270.00,0.000,0.000,0,19,0.000,0,0,18.000,39.000,55.000,0,0,0,0,0,0,0,0,0,0,2,144,0,3,70,0
8.835000,270.00,0.000,0.000,0,18,0.000,0,0,18.000,39.000,55.000,0,0,0,0,0,0,0,0,0,0,2,144,0,3,70,0
8.840000,270.00,0.000,0.000,0,18,0.000,0,0,18.000,39.000,55.000,0,0,0,0,0,0,0,0,0,0,2,144,0,3,70,0
8.845000,270.00,0.000,0.000,0,18,0.000,0,0,18.000,39.000,55.000,0,0,0,0,0,0,0,0,0,0,2,144,0,3,70,0
8.850000,270.00,0.000,0.000,0,17,0.000,0,0,18.000,39.000,55.000,0,0,0,0,0,0,0,0,0,0,2,144,0,3,70,0
8.855000,270.00,0.000,0.000,0,17,0.000,0,0,18.000,39.000,55.000,0,0,0,0,0,0,0,0,0,0,2,144,0,3,70,0
8.860000,270.00,0.000,0.000,0,17,0.000,0,0,18.000,39.000,55.000,0,0,0,0,0,0,0,0,0,0,2,144,0,3,70,0
8.865000,270.00,0.000,0.000,0,17,0.000,0,0,18.000,39.000,55.000,0,0,0,0,0,0,0,0,0,0,2,144,0,3,70,0
8.870000,270.00,0.000,0.000,0,16,0.000,0,0,18.000,39.000,55.000,0,0,0,0,0,0,0,0,0,0,2,144,0,3,70,0
8.875000,270.00,0.000,0.000,0,16,0.000,0,0,18.000,39.000,55.000,0,0,0,0,0,0,0,0,0,0,2,144,0,3,70,0
8.880000,270.00,0.000,0.000,0,16,0.000,0,0,18.000,39.000,55.000,0,0,0,0,0,0,0,0,0,0,2,144,0,3,70,0
8.885000,270.00,0.000,0.000,0,15,0.000,0,0,18.000,39.000,55.000,0,0,0,0,0,0,0,0,0,0,2,144,0,3,70,0
8.890000,270.00,0.000,0.000,0,15,0.000,0,0,18.000,39.000,55.000,0,0,0,0,0,0,0,0,0,0,2,144,0,3,70,0
8.895000,270.00,0.000,0.000,0,15,0.000,0,0,18.000,39.000,55.000,0,0,0,0,0,0,0,0,0,0,2,144,0,3,70,0
8.900000,270.00,0.000,0.000,0,15,0.000,0,0,18.000,39.000,55.000,0,0,0,0,0,0,0,0,0,0,2,144,0,3,70,0
8.905000,270.00,0.000,0.000,0,14,0.000,0,0,18.000,39.000,55.000,0,0,0,0,0,0,0,0,0,0,2,144,0,3,70,0
8.910000,270.00,0.000,0.000,0,14,0.000,0,0,18.000,39.000,55.000,0,0,0,0,0,0,0,0,0,0,2,144,0,3,70,0
8.915000,270.00,0.000,0.000,0,14,0.000,0,0,18.000,39.000,55.000,0,0,0,0,0,0,0,0,0,0,2,144,0,3,70,0
8.920000,270.00,0.000,0.000,0,14,0.000,0,0,18.000,39.000,55.000,0,0,0,0,0,0,0,0,0,0,2,144,0,3,70,0
8.925000,270.00,0.000,0.000,0,14,0.000,0,0,18.000,39.000,55.000,0,0,0,0,0,0,0,0,0,0,2,144,0,3,70,0
8.930000,270.00,0.000,0.000,0,13,0.000,0,0,18.000,39.000,55.000,0,0,0,0,0,0,0,0,0,0,2,144,0,3,70,0
8.935000,270.00,0.000,0.000,0,13,0.000,0,0,18.000,39.000,55.000,0,0,0,0,0,0,0,0,0,0,2,144,0,3,70,0
8.940000,270.00,0.000,0.000,0,13,0.000,0,0,18.000,39.000,55.000,0,0,0,0,0,0,0,0,0,0,2,144,0,3,70,0
8.945000,270.00,0.000,0.000,0,13,0.000,0,0,18.000,39.000,55.000,0,0,0,0,0,0,0,0,0,0,2,144,0,3,70,0
8.950000,270.00,0.000,0.000,0,12,0.000,0,0,18.000,39.000,55.000,0,0,0,0,0,0,0,0,0,0,2,144,0,3,70,0
8.955000,270.00,0.000,0.000,0,12,0.000,0,0,18.000,39.000,55.000,0,0,0,0,0,0,0,0,0,0,2,144,0,3,70,0
8.960000,270.00,0.000,0.000,0,12,0.000,0,0,18.000,39.000,55.000,0,0,0,0,0,0,0,0,0,0,2,144,0,3,70,0
8.965000,270.00,0.000,0.000,0,12,0.000,0,0,18.000,39.000,55.000,0,0,0,0,0,0,0,0,0,0,2,144,0,3,70,0
8.970000,270.00,0.000,0.000,0,11,0.000,0,0,18.000,39.000,55.000,0,0,0,0,0,0,0,0,0,0,2,144,0,3,70,0
8.975000,270.00,0.000,0.000,0,11,0.000,0,0,18.000,39.000,55.000,0,0,0,0,0,0,0,0,0,0,2,144,0,3,70,0
8.980000,270.00,0.000,0.000,0,11,0.000,0,0,18.000,39.000,55.000,0,0,0,0,0,0,0,0,0,0,2,144,0,3,70,0
8.985000,270.00,0.000,0.000,0,11,0.000,0,0,18.000,39.000,55.000,0,0,0,0,0,0,0,0,0,0,2,144,0,3,70,0
8.990000,270.00,0.000,0.000,0,11,0.000,0,0,18.000,39.000,55.000,0,0,0,0,0,0,0,0,0,0,2,144,0,3,70,0
8.995000,270.00,0.000,0.000,0,11,0.000,0,0,18.000,39.000,55.000,0,0,0,0,0,0,0,0,0,0,2,144,0,3,70,0
9.000000,270.00,0.000,0.000,0,11,0.000,0,0,18.000,39.000,55.000,0,0,0,0,0,0,0,0,0,0,2,144,0,3,70,0
9.005000,270.00,0.000,0.000,0,10,0.000,0,0,18.000,39.000,55.000,0,0,0,0,0,0,0,0,0,0,2,144,0,3,70,0
9.010000,270.00,0.000,0.000,0,10,0.000,0,0,18.000,39.000,55.000,0,0,0,0,0,0,0,0,0,0,2,144,0,3,70,0
9.015000,270.00,0.000,0.000,0,10,0.000,0,0,18.000,39.000,55.000,0,0,0,0,0,0,0,0,0,0,2,144,0,3,70,0
9.020000,270.00,0.000,0.000,0,10,0.000,0,0,18.000,39.000,55.000,0,0,0,0,0,0,0,0,0,0,2,144,0,3,70,0
9.025000,270.00,0.000,0.000,0,10,0.000,0,0,18.000,39.000,55.000,0,0,0,0,0,0,0,0,0,0,2,144,0,3,70,0
9.030000,270.00,0.000,0.000,0,10,0.000,0,0,18.000,39.000,55.000,0,0,0,0,0,0,0,0,0,0,2,144,0,3,70,0
9.035000,270.00,0.000,0.000,0,9,0.000,0,0,18.000,39.000,55.000,0,0,0,0,0,0,0,0,0,0,2,144,0,3,70,0
9.040000,270.00,0.000,0.000,0,9,0.000,0,0,18.000,39.000,55.000,0,0,0,0,0,0,0,0,0,0,2,144,0,3,70,0
9.045000,270.00,0.000,0.000,0,9,0.000,0,0,18.000,39.000,55.000,0,0,0,0,0,0,0,0,0,0,2,144,0,3,70,0
9.050000,270.00,0.000,0.000,0,9,0.000,0,0,18.000,39.000,55.000,0,0,0,0,0,0,0,0,0,0,2,144,0,3,70,0
9.055000,270.00,0.000,0.000,0,9,0.000,0,0,18.000,39.000,55.000,0,0,0,0,0,0,0,0,0,0,2,144,0,3,70,0
9.060000,270.00,0.000,0.000,0,9,0.000,0,0,18.000,39.000,55.000,0,0,0,0,0,0,0,0,0,0,2,144,0,3,70,0
9.065000,270.00,0.000,0.000,0,9,0.000,0,0,18.000,39.000,55.000,0,0,0,0,0,0,0,0,0,0,2,144,0,3,70,0
9.070000,270.00,0.000,0.000,0,8,0.000,0,0,18.000,39.000,55.000,0,0,0,0,0,0,0,0,0,0,2,144,0,3,70,0
9.075000,270.00,0.000,0.000,0,8,0.000,0,0,18.000,39.000,55.000,0,0,0,0,0,0,0,0,0,0,2,144,0,3,70,0
9.080000,270.00,0.000,0.000,0,8,0.000,0,0,18.000,39.000,55.000,0,0,0,0,0,0,0,0,0,0,2,144,0,3,70,0
9.085000,270.00,0.000,0.000,0,8,0.000,0,0,18.000,39.000,55.000,0,0,0,0,0,0,0,0,0,0,2,144,0,3,70,0
9.090000,270.00,0.000,0.000,0,8,0.000,0,0,18.000,39.000,55.000,0,0,0,0,0,0,0,0,0,0,2,144,0,3,70,0
9.095000,270.00,0.000,0.000,0,8,0.000,0,0,18.000,39.000,55.000,0,0,0,0,0,0,0,0,0,0,2,144,0,3,70,0
9.100000,270.00,0.000,0.000,0,8,0.000,0,0,18.000,39.000,55.000,0,0,0,0,0,0,0,0,0,0,2,144,0,3,70,0
9.105000,270.00,0.000,0.000,0,8,0.000,0,0,18.000,39.000,55.000,0,0,0,0,0,0,0,0,0,0,2,144,0,3,70,0
9.110000,270.00,0.000,0.000,0,7,0.000,0,0,18.000,39.000,55.000,0,0,0,0,0,0,0,0,0,0,2,144,0,3,70,0
9.115000,270.00,0.000,0.000,0,7,0.000,0,0,18.000,39.000,55.000,0,0,0,0,0,0,0,0,0,0,2,144,0,3,70,0
9.120000,270.00,0.000,0.000,0,7,0.000,0,0,18.000,39.000,55.000,0,0,0,0,0,0,0,0,0,0,2,144,0,3,70,0
9.125000,270.00,0.000,0.000,0,7,0.000,0,0,18.000,39.000,55.000,0,0,0,0,0,0,0,0,0,0,2,144,0,3,70,0
9.130000,270.00,0.000,0.000,0,7,0.000,0,0,18.000,39.000,55.000,0,0,0,0,0,0,0,0,0,0,2,144,0,3,70,0
9.135000,270.00,0.000,0.000,0,7,0.000,0,0,18.000,39.000,55.000,0,0,0,0,0,0,0,0,0,0,2,144,0,3,70,0
9.140000,270.00,0.000,0.000,0,7,0.000,0,0,18.000,39.000,55.000,0,0,0,0,0,0,0,0,0,0,2,144,0,3,70,0
9.145000,270.00,0.000,0.000,0,7,0.000,0,0,18.000,39.000,55.000,0,0,0,0,0,0,0,0,0,0,2,144,0,3,70,0
9.150000,270.00,0.000,0.000,0,7,0.000,0,0,18.000,39.000,55.000,0,0,0,0,0,0,0,0,0,0,2,144,0,3,70,0
9.155000,270.00,0.000,0.000,0,7,0.000,0,0,18.000,39.000,55.000,0,0,0,0,0,0,0,0,0,0,2,144,0,3,70,0
9.160000,270.00,0.000,0.000,0,7,0.000,0,0,18.000,39.000,55.000,0,0,0,0,0,0,0,0,0,0,2,144,0,3,70,0
9.165000,270.00,0.000,0.000,0,7,0.000,0,0,18.000,39.000,55.000,0,0,0,0,0,0,0,0,0,0,2,144,0,3,70,0
9.170000,270.00,0.000,0.000,0,7,0.000,0,0,18.000,39.000,55.000,0,0,0,0,0,0,0,0,0,0,2,144,0,3,70,0
9.175000,270.00,0.000,0.000,0,6,0.000,0,0,18.000,39.000,55.000,0,0,0,0,0,0,0,0,0,0,2,144,0,3,70,0
9.180000,270.00,0.000,0.000,0,6,0.000,0,0,18.000,39.000,55.000,0,0,0,0,0,0,0,0,0,0,2,144,0,3,70,0
9.185000,270.00,0.000,0.000,0,6,0.000,0,0,18.000,39.000,55.000,0,0,0,0,0,0,0,0,0,0,2,144,0,3,70,0
9.190000,270.00,0.000,0.000,0,6,0.000,0,0,18.000,39.000,55.000,0,0,0,0,0,0,0,0,0,0,2,144,0,3,70,0
9.195000,270.00,0.000,0.000,0,6,0.000,0,0,18.000,39.000,55.000,0,0,0,0,0,0,0,0,0,0,2,144,0,3,70,0
9.200000,270.00,0.000,0.000,0,6,0.000,0,0,18.000,39.000,55.000,0,0,0,0,0,0,0,0,0,0,2,144,0,3,70,0
9.205000,270.00,0.000,0.000,0,6,0.000,0,0,18.000,39.000,55.000,0,0,0,0,0,0,0,0,0,0,2,144,0,3,70,0
9.210000,270.00,0.000,0.000,0,6,0.000,0,0,18.000,39.000,55.000,0,0,0,0,0,0,0,0,0,0,2,144,0,3,70,0
9.215000,270.00,0.000,0.000,0,6,0.000,0,0,18.000,39.000,55.000,0,0,0,0,0,0,0,0,0,0,2,144,0,3,70,0
9.220000,270.00,0.000,0.000,0,6,0.000,0,0,18.000,39.000,55.000,0,0,0,0,0,0,0,0,0,0,2,144,0,3,70,0
9.225000,270.00,0.000,0.000,0,6,0.000,0,0,18.000,39.000,55.000,0,0,0,0,0,0,0,0,0,0,2,144,0,3,70,0
9.230000,270.00,0.000,0.000,0,6,0.000,0,0,18.000,39.000,55.000,0,0,0,0,0,0,0,0,0,0,2,144,0,3,70,0
9.235000,270.00,0.000,0.000,0,6,0.000,0,0,18.000,39.000,55.000,0,0,0,0,0,0,0,0,0,0,2,144,0,3,70,0
9.240000,270.00,0.000,0.000,0,5,0.000,0,0,18.000,39.000,55.000,0,0,0,0,0,0,0,0,0,0,2,144,0,3,70,0
9.245000,270.00,0.000,0.000,0,5,0.000,0,0,18.000,39.000,55.000,0,0,0,0,0,0,0,0,0,0,2,144,0,3,70,0
9.250000,270.00,0.000,0.000,0,5,0.000,0,0,18.000,39.000,55.000,0,0,0,0,0,0,0,0,0,0,2,144,0,3,70,0
9.255000,270.00,0.000,0.000,0,5,0.000,0,0,18.000,39.000,55.000,0,0,0,0,0,0,0,0,0,0,2,144,0,3,70,0
9.260000,270.00,0.000,0.000,0,5,0.000,0,0,18.000,39.000,55.000,0,0,0,0,0,0,0,0,0,0,2,144,0,3,70,0
9.265000,270.00,0.000,0.000,0,5,0.000,0,0,18.000,39.000,55.000,0,0,0,0,0,0,0,0,0,0,2,144,0,3,70,0
9.270000,270.00,0.000,0.000,0,5,0.000,0,0,18.000,39.000,55.000,0,0,0,0,0,0,0,0,0,0,2,144,0,3,70,0
9.275000,270.00,0.000,0.000,0,5,0.000,0,0,18.000,39.000,55.000,0,0,0,0,0,0,0,0,0,0,2,144,0,3,70,0
9.280000,270.00,0.000,0.000,0,5,0.000,0,0,18.000,39.000,55.000,0,0,0,0,0,0,0,0,0,0,2,144,0,3,70,0
9.285000,270.00,0.000,0.000,0,5,0.000,0,0,18.000,39.000,55.000,0,0,0,0,0,0,0,0,0,0,2,144,0,3,70,0
9.290000,270.00,0.000,0.000,0,5,0.000,0,0,18.000,39.000,55.000,0,0,0,0,0,0,0,0,0,0,2,144,0,3,70,0
9.295000,270.00,0.000,0.000,0,5,0.000,0,0,18.000,39.000,55.000,0,0,0,0,0,0,0,0,0,0,2,144,0,3,70,0
9.300000,270.00,0.000,0.000,0,4,0.000,0,0,18.000,39.000,55.000,0,0,0,0,0,0,0,0,0,0,2,144,0,3,70,0
9.305000,270.00,0.000,0.000,0,4,0.000,0,0,18.000,39.000,55.000,0,0,0,0,0,0,0,0,0,0,2,144,0,3,70,0
9.310000,270.00,0.000,0.000,0,4,0.000,0,0,18.000,39.000,55.000,0,0,0,0,0,0,0,0,0,0,2,144,0,3,70,0
9.315000,270.00,0.000,0.000,0,4,0.000,0,0,18.000,39.000,55.000,0,0,0,0,0,0,0,0,0,0,2,144,0,3,70,0
9.320000,270.00,0.000,0.000,0,4,0.000,0,0,18.000,39.000,55.000,0,0,0,0,0,0,0,0,0,0,2,144,0,3,70,0
9.325000,270.00,0.000,0.000,0,4,0.000,0,0,18.000,39.000,55.000,0,0,0,0,0,0,0,0,0,0,2,144,0,3,70,0
9.330000,270.00,0.000,0.000,0,4,0.000,0,0,18.000,39.000,55.000,0,0,0,0,0,0,0,0,0,0,2,144,0,3,70,0
9.335000,270.00,0.000,0.000,0,4,0.000,0,0,18.000,39.000,55.000,0,0,0,0,0,0,0,0,0,0,2,144,0,3,70,0
9.340000,270.00,0.000,0.000,0,0,0.000,0,0,18.000,39.000,55.000,0,0,0,0,0,0,0,0,0,0,2,144,0,3,70,0
9.345000,270.00,0.000,0.000,0,0,0.000,0,0,18.000,39.000,55.000,0,0,0,0,0,0,0,0,0,0,2,144,0,3,70,0
9.350000,270.00,0.000,0.000,0,0,0.000,0,0,18.000,39.000,55.000,0,0,0,0,0,0,0,0,0,0,2,144,0,3,70,0
9.355000,270.00,0.000,0.000,0,0,0.000,0,0,18.000,39.000,55.000,0,0,0,0,0,0,0,0,0,0,2,144,0,3,70,0
9.360000,270.00,0.000,0.000,0,0,0.000,0,0,18.000,39.000,55.000,0,0,0,0,0,0,0,0,0,0,2,144,0,3,70,0
9.365000,270.00,0.000,0.000,0,0,0.000,0,0,18.000,39.000,55.000,0,0,0,0,0,0,0,0,0,0,2,144,0,3,70,0
9.370000,270.00,0.000,0.000,0,0,0.000,0,0,18.000,39.000,55.000,0,0,0,0,0,0,0,0,0,0,2,144,0,3,70,0
9.375000,270.00,0.000,0.000,0,0,0.000,0,0,18.000,39.000,55.000,0,0,0,0,0,0,0,0,0,0,2,144,0,3,70,0
9.380000,270.00,0.000,0.000,0,0,0.000,0,0,18.000,39.000,55.000,0,0,0,0,0,0,0,0,0,0,2,144,0,3,70,0
9.385000,270.00,0.000,0.000,0,0,0.000,0,0,18.000,39.000,55.000,0,0,0,0,0,0,0,0,0,0,2,144,0,3,70,0
9.390000,270.00,0.000,0.000,0,0,0.000,0,0,18.000,39.000,55.000,0,0,0,0,0,0,0,0,0,0,2,144,0,3,70,0
9.395000,270.00,0.000,0.000,0,0,0.000,0,0,18.000,39.000,55.000,0,0,0,0,0,0,0,0,0,0,2,144,0,3,70,0
9.400000,270.00,0.000,0.000,0,0,0.000,0,0,18.000,39.000,55.000,0,0,0,0,0,0,0,0,0,0,2,144,0,3,70,0
9.405000,270.00,0.000,0.000,0,0,0.000,0,0,18.000,39.000,55.000,0,0,0,0,0,0,0,0,0,0,2,144,0,3,70,0
9.410000,270.00,0.000,0.000,0,0,0.000,0,0,18.000,39.000,55.000,0,0,0,0,0,0,0,0,0,0,2,144,0,3,70,0
9.415000,270.00,0.000,0.000,0,0,0.000,0,0,18.000,39.000,55.000,0,0,0,0,0,0,0,0,0,0,2,144,0,3,70,0
9.420000,270.00,0.000,0.000,0,0,0.000,0,0,18.000,39.000,55.000,0,0,0,0,0,0,0,0,0,0,2,144,0,3,70,0
9.425000,270.00,0.000,0.000,0,0,0.000,0,0,18.000,39.000,55.000,0,0,0,0,0,0,0,0,0,0,2,144,0,3,70,0
9.430000,270.00,0.000,0.000,0,0,0.000,0,0,18.000,39.000,55.000,0,0,0,0,0,0,0,0,0,0,2,144,0,3,70,0
9.435000,270.00,0.000,0.000,0,0,0.000,0,0,18.000,39.000,55.000,0,0,0,0,0,0,0,0,0,0,2,144,0,3,70,0
9.440000,270.00,0.000,0.000,0,0,0.000,0,0,18.000,39.000,55.000,0,0,0,0,0,0,0,0,0,0,2,144,0,3,70,0
9.445000,270.00,0.000,0.000,0,0,0.000,0,0,18.000,39.000,55.000,0,0,0,0,0,0,0,0,0,0,2,144,0,3,70,0
9.450000,270.00,0.000,0.000,0,0,0.000,0,0,18.000,39.000,55.000,0,0,0,0,0,0,0,0,0,0,2,144,0,3,70,0
9.455000,270.00,0.000,0.000,0,0,0.000,0,0,18.000,39.000,55.000,0,0,0,0,0,0,0,0,0,0,2,144,0,3,70,0
9.460000,270.00,0.000,0.000,0,0,0.000,0,0,18.000,39.000,55.000,0,0,0,0,0,0,0,0,0,0,2,144,0,3,70,0
9.465000,270.00,0.000,0.000,0,0,0.000,0,0,18.000,39.000,55.000,0,0,0,0,0,0,0,0,0,0,2,144,0,3,70,0
9.470000,270.00,0.000,0.000,0,0,0.000,0,0,18.000,39.000,55.000,0,0,0,0,0,0,0,0,0,0,2,144,0,3,70,0
9.475000,270.00,0.000,0.000,0,0,0.000,0,0,18.000,39.000,55.000,0,0,0,0,0,0,0,0,0,0,2,144,0,3,70,0
9.480000,270.00,0.000,0.000,0,0,0.000,0,0,18.000,39.000,55.000,0,0,0,0,0,0,0,0,0,0,2,144,0,3,70,0
9.485000,270.00,0.000,0.000,0,0,0.000,0,0,18.000,39.000,55.000,0,0,0,0,0,0,0,0,0,0,2,144,0,3,70,0
9.490000,270.00,0.000,0.000,0,0,0.000,0,0,18.000,39.000,55.000,0,0,0,0,0,0,0,0,0,0,2,144,0,3,70,0
9.495000,270.00,0.000,0.000,0,0,0.000,0,0,18.000,39.000,55.000,0,0,0,0,0,0,0,0,0,0,2,144,0,3,70,0
9.500000,270.00,0.000,0.000,0,0,0.000,0,0,18.000,39.000,55.000,0,0,0,0,0,0,0,0,0,0,2,144,0,3,70,0
9.505000,270.00,0.000,0.000,0,0,0.000,0,0,18.000,39.000,55.000,0,0,0,0,0,0,0,0,0,0,2,144,0,3,70,0
9.510000,270.00,0.000,0.000,0,0,0.000,0,0,18.000,39.000,55.000,0,0,0,0,0,0,0,0,0,0,2,144,0,3,70,0
9.515000,270.00,0.000,0.000,0,0,0.000,0,0,18.000,39.000,55.000,0,0,0,0,0,0,0,0,0,0,2,144,0,3,70,0
9.520000,270.00,0.000,0.000,0,0,0.000,0,0,18.000,39.000,55.000,0,0,0,0,0,0,0,0,0,0,2,144,0,3,70,0
9.525000,270.00,0.000,0.000,0,0,0.000,0,0,18.000,39.000,55.000,0,0,0,0,0,0,0,0,0,0,2,144,0,3,70,0
9.530000,270.00,0.000,0.000,0,0,0.000,0,0,18.000,39.000,55.000,0,0,0,0,0,0,0,0,0,0,2,144,0,3,70,0
9.535000,270.00,0.000,0.000,0,0,0.000,0,0,18.000,39.000,55.000,0,0,0,0,0,0,0,0,0,0,2,144,0,3,70,0
9.540000,270.00,0.000,0.000,0,0,0.000,0,0,18.000,39.000,55.000,0,0,0,0,0,0,0,0,0,0,2,144,0,3,70,0
9.545000,270.00,0.000,0.000,0,0,0.000,0,0,18.000,39.000,55.000,0,0,0,0,0,0,0,0,0,0,2,144,0,3,70,0
9.550000,270.00,0.000,0.000,0,0,0.000,0,0,18.000,39.000,55.000,0,0,0,0,0,0,0,0,0,0,2,144,0,3,70,0
9.555000,270.00,0.000,0.000,0,0,0.000,0,0,18.000,39.000,55.000,0,0,0,0,0,0,0,0,0,0,2,144,0,3,70,0
9.560000,270.00,0.000,0.000,0,0,0.000,0,0,18.000,39.000,55.000,0,0,0,0,0,0,0,0,0,0,2,144,0,3,70,0
9.565000,270.00,0.000,0.000,0,0,0.000,0,0,18.000,39.000,55.000,0,0,0,0,0,0,0,0,0,0,2,144,0,3,70,0
9.570000,270.00,0.000,0.000,0,0,0.000,0,0,18.000,39.000,55.000,0,0,0,0,0,0,0,0,0,0,2,144,0,3,70,0
9.575000,270.00,0.000,0.000,0,0,0.000,0,0,18.000,39.000,55.000,0,0,0,0,0,0,0,0,0,0,2,144,0,3,70,0
9.580000,270.00,0.000,0.000,0,0,0.000,0,0,18.000,39.000,55.000,0,0,0,0,0,0,0,0,0,0,2,144,0,3,70,0
9.585000,270.00,0.000,0.000,0,0,0.000,0,0,18.000,39.000,55.000,0,0,0,0,0,0,0,0,0,0,2,144,0,3,70,0
9.590000,270.00,0.000,0.000,0,0,0.000,0,0,18.000,39.000,55.000,0,0,0,0,0,0,0,0,0,0,2,144,0,3,70,0
9.595000,270.00,0.000,0.000,0,0,0.000,0,0,18.000,39.000,55.000,0,0,0,0,0,0,0,0,0,0,2,144,0,3,70,0
9.600000,270.00,0.000,0.000,0,0,0.000,0,0,18.000,39.000,55.000,0,0,0,0,0,0,0,0,0,0,2,144,0,3,70,0
9.605000,270.00,0.000,0.000,0,0,0.000,0,0,18.000,39.000,55.000,0,0,0,0,0,0,0,0,0,0,2,144,0,3,70,0
9.610000,270.00,0.000,0.000,0,0,0.000,0,0,18.000,39.000,55.000,0,0,0,0,0,0,0,0,0,0,2,144,0,3,70,0
9.615000,270.00,0.000,0.000,0,0,0.000,0,0,18.000,39.000,55.000,0,0,0,0,0,0,0,0,0,0,2,144,0,3,70,0
9.620000,270.00,0.000,0.000,0,0,0.000,0,0,18.000,39.000,55.000,0,0,0,0,0,0,0,0,0,0,2,144,0,3,70,0
9.625000,270.00,0.000,0.000,0,0,0.000,0,0,18.000,39.000,55.000,0,0,0,0,0,0,0,0,0,0,2,144,0,3,70,0
9.630000,270.00,0.000,0.000,0,0,0.000,0,0,18.000,39.000,55.000,0,0,0,0,0,0,0,0,0,0,2,144,0,3,70,0
9.635000,270.00,0.000,0.000,0,0,0.000,0,0,18.000,39.000,55.000,0,0,0,0,0,0,0,0,0,0,2,144,0,3,70,0
9.640000,270.00,0.000,0.000,0,0,0.000,0,0,18.000,39.000,55.000,0,0,0,0,0,0,0,0,0,0,2,144,0,3,70,0
9.645000,270.00,0.000,0.000,0,0,0.000,0,0,18.000,39.000,55.000,0,0,0,0,0,0,0,0,0,0,2,144,0,3,70,0
9.650000,270.00,0.000,0.000,0,0,0.000,0,0,18.000,39.000,55.000,0,0,0,0,0,0,0,0,0,0,2,144,0,3,70,0
9.655000,270.00,0.000,0.000,0,0,0.000,0,0,18.000,39.000,55.000,0,0,0,0,0,0,0,0,0,0,2,144,0,3,70,0
9.660000,270.00,0.000,0.000,0,0,0.000,0,0,18.000,39.000,55.000,0,0,0,0,0,0,0,0,0,0,2,144,0,3,70,0
9.665000,270.00,0.000,0.000,0,0,0.000,0,0,18.000,39.000,55.000,0,0,0,0,0,0,0,0,0,0,2,144,0,3,70,0
9.670000,270.00,0.000,0.000,0,0,0.000,0,0,18.000,39.000,55.000,0,0,0,0,0,0,0,0,0,0,2,144,0,3,70,0
9.675000,270.00,0.000,0.000,0,0,0.000,0,0,18.000,39.000,55.000,0,0,0,0,0,0,0,0,0,0,2,144,0,3,70,0
9.680000,270.00,0.000,0.000,0,0,0.000,0,0,18.000,39.000,55.000,0,0,0,0,0,0,0,0,0,0,2,144,0,3,70,0
9.685000,270.00,0.000,0.000,0,0,0.000,0,0,18.000,39.000,55.000,0,0,0,0,0,0,0,0,0,0,2,144,0,3,70,0
9.690000,270.00,0.000,0.000,0,0,0.000,0,0,18.000,39.000,55.000,0,0,0,0,0,0,0,0,0,0,2,144,0,3,70,0
9.695000,270.00,0.000,0.000,0,0,0.000,0,0,18.000,39.000,55.000,0,0,0,0,0,0,0,0,0,0,2,144,0,3,70,0
9.700000,270.00,0.000,0.000,0,0,0.000,0,0,18.000,39.000,55.000,0,0,0,0,0,0,0,0,0,0,2,144,0,3,70,0
9.705000,270.00,0.000,0.000,0,0,0.000,0,0,18.000,39.000,55.000,0,0,0,0,0,0,0,0,0,0,2,144,0,3,70,0
9.710000,270.00,0.000,0.000,0,0,0.000,0,0,18.000,39.000,55.000,0,0,0,0,0,0,0,0,0,0,2,144,0,3,70,0
9.715000,270.00,0.000,0.000,0,0,0.000,0,0,18.000,39.000,55.000,0,0,0,0,0,0,0,0,0,0,2,144,0,3,70,0
9.720000,270.00,0.000,0.000,0,0,0.000,0,0,18.000,39.000,55.000,0,0,0,0,0,0,0,0,0,0,2,144,0,3,70,0
9.725000,270.00,0.000,0.000,0,0,0.000,0,0,18.000,39.000,55.000,0,0,0,0,0,0,0,0,0,0,2,144,0,3,70,0
9.730000,270.00,0.000,0.000,0,0,0.000,0,0,18.000,39.000,55.000,0,0,0,0,0,0,0,0,0,0,2,144,0,3,70,0
9.735000,270.00,0.000,0.000,0,0,0.000,0,0,18.000,39.000,55.000,0,0,0,0,0,0,0,0,0,0,2,144,0,3,70,0
9.740000,270.00,0.000,0.000,0,0,0.000,0,0,18.000,39.000,55.000,0,0,0,0,0,0,0,0,0,0,2,144,0,3,70,0
9.745000,270.00,0.000,0.000,0,0,0.000,0,0,18.000,39.000,55.000,0,0,0,0,0,0,0,0,0,0,2,144,0,3,70,0
9.750000,270.00,0.000,0.000,0,0,0.000,0,0,18.000,39.000,55.000,0,0,0,0,0,0,0,0,0,0,2,144,0,3,70,0
9.755000,270.00,0.000,0.000,0,0,0.000,0,0,18.000,39.000,55.000,0,0,0,0,0,0,0,0,0,0,2,144,0,3,70,0
9.760000,270.00,0.000,0.000,0,0,0.000,0,0,18.000,39.000,55.000,0,0,0,0,0,0,0,0,0,0,2,144,0,3,70,0
9.765000,270.00,0.000,0.000,0,0,0.000,0,0,18.000,39.000,55.000,0,0,0,0,0,0,0,0,0,0,2,144,0,3,70,0
9.770000,270.00,0.000,0.000,0,0,0.000,0,0,18.000,39.000,55.000,0,0,0,0,0,0,0,0,0,0,2,144,0,3,70,0
9.775000,270.00,0.000,0.000,0,0,0.000,0,0,18.000,39.000,55.000,0,0,0,0,0,0,0,0,0,0,2,144,0,3,70,0
9.780000,270.00,0.000,0.000,0,0,0.000,0,0,18.000,39.000,55.000,0,0,0,0,0,0,0,0,0,0,2,144,0,3,70,0
9.785000,270.00,0.000,0.000,0,0,0.000,0,0,18.000,39.000,55.000,0,0,0,0,0,0,0,0,0,0,2,144,0,3,70,0
9.790000,270.00,0.000,0.000,0,0,0.000,0,0,18.000,39.000,55.000,0,0,0,0,0,0,0,0,0,0,2,144,0,3,70,0
9.795000,270.00,0.000,0.000,0,0,0.000,0,0,18.000,39.000,55.000,0,0,0,0,0,0,0,0,0,0,2,144,0,3,70,0
9.800000,270.00,0.000,0.000,0,0,0.000,0,0,18.000,39.000,55.000,0,0,0,0,0,0,0,0,0,0,2,144,0,3,70,0
9.805000,270.00,0.000,0.000,0,0,0.000,0,0,18.000,39.000,55.000,0,0,0,0,0,0,0,0,0,0,2,144,0,3,70,0
9.810000,270.00,0.000,0.000,0,0,0.000,0,0,18.000,39.000,55.000,0,0,0,0,0,0,0,0,0,0,2,144,0,3,70,0
9.815000,270.00,0.000,0.000,0,0,0.000,0,0,18.000,39.000,55.000,0,0,0,0,0,0,0,0,0,0,2,144,0,3,70,0
9.820000,270.00,0.000,0.000,0,0,0.000,0,0,18.000,39.000,55.000,0,0,0,0,0,0,0,0,0,0,2,144,0,3,70,0
9.825000,270.00,0.000,0.000,0,0,0.000,0,0,18.000,39.000,55.000,0,0,0,0,0,0,0,0,0,0,2,144,0,3,70,0
9.830000,270.00,0.000,0.000,0,0,0.000,0,0,18.000,39.000,55.000,0,0,0,0,0,0,0,0,0,0,2,144,0,3,70,0
9.835000,270.00,0.000,0.000,0,0,0.000,0,0,18.000,39.000,55.000,0,0,0,0,0,0,0,0,0,0,2,144,0,3,70,0
9.840000,270.00,0.000,0.000,0,0,0.000,0,0,18.000,39.000,55.000,0,0,0,0,0,0,0,0,0,0,2,144,0,3,70,0
9.845000,270.00,0.000,0.000,0,0,0.000,0,0,18.000,39.000,55.000,0,0,0,0,0,0,0,0,0,0,2,144,0,3,70,0
9.850000,270.00,0.000,0.000,0,0,0.000,0,0,18.000,39.000,55.000,0,0,0,0,0,0,0,0,0,0,2,144,0,3,70,0
9.855000,270.00,0.000,0.000,0,0,0.000,0,0,18.000,39.000,55.000,0,0,0,0,0,0,0,0,0,0,2,144,0,3,70,0
9.860000,270.00,0.000,0.000,0,0,0.000,0,0,18.000,39.000,55.000,0,0,0,0,0,0,0,0,0,0,2,144,0,3,70,0
9.865000,270.00,0.000,0.000,0,0,0.000,0,0,18.000,39.000,55.000,0,0,0,0,0,0,0,0,0,0,2,144,0,3,70,0
9.870000,270.00,0.000,0.000,0,0,0.000,0,0,18.000,39.000,55.000,0,0,0,0,0,0,0,0,0,0,2,144,0,3,70,0
9.875000,270.00,0.000,0.000,0,0,0.000,0,0,18.000,39.000,55.000,0,0,0,0,0,0,0,0,0,0,2,144,0,3,70,0
9.880000,270.00,0.000,0.000,0,0,0.000,0,0,18.000,39.000,55.000,0,0,0,0,0,0,0,0,0,0,2,144,0,3,70,0
9.885000,270.00,0.000,0.000,0,0,0.000,0,0,18.000,39.000,55.000,0,0,0,0,0,0,0,0,0,0,2,144,0,3,70,0
9.890000,270.00,0.000,0.000,0,0,0.000,0,0,18.000,39.000,55.000,0,0,0,0,0,0,0,0,0,0,2,144,0,3,70,0
9.895000,270.00,0.000,0.000,0,0,0.000,0,0,18.000,39.000,55.000,0,0,0,0,0,0,0,0,0,0,2,144,0,3,70,0
9.900000,270.00,0.000,0.000,0,0,0.000,0,0,18.000,39.000,55.000,0,0,0,0,0,0,0,0,0,0,2,144,0,3,70,0
9.905000,270.00,0.000,0.000,0,0,0.000,0,0,18.000,39.000,55.000,0,0,0,0,0,0,0,0,0,0,2,144,0,3,70,0
9.910000,270.00,0.000,0.000,0,0,0.000,0,0,18.000,39.000,55.000,0,0,0,0,0,0,0,0,0,0,2,144,0,3,70,0
9.915000,270.00,0.000,0.000,0,0,0.000,0,0,18.000,39.000,55.000,0,0,0,0,0,0,0,0,0,0,2,144,0,3,70,0
9.920000,270.00,0.000,0.000,0,0,0.000,0,0,18.000,39.000,55.000,0,0,0,0,0,0,0,0,0,0,2,144,0,3,70,0
9.925000,270.00,0.000,0.000,0,0,0.000,0,0,18.000,39.000,55.000,0,0,0,0,0,0,0,0,0,0,2,144,0,3,70,0
9.930000,270.00,0.000,0.000,0,0,0.000,0,0,18.000,39.000,55.000,0,0,0,0,0,0,0,0,0,0,2,144,0,3,70,0
9.935000,270.00,0.000,0.000,0,0,0.000,0,0,18.000,39.000,55.000,0,0,0,0,0,0,0,0,0,0,2,144,0,3,70,0
9.940000,270.00,0.000,0.000,0,0,0.000,0,0,18.000,39.000,55.000,0,0,0,0,0,0,0,0,0,0,2,144,0,3,70,0
9.945000,270.00,0.000,0.000,0,0,0.000,0,0,18.000,39.000,55.000,0,0,0,0,0,0,0,0,0,0,2,144,0,3,70,0
9.950000,270.00,0.000,0.000,0,0,0.000,0,0,18.000,39.000,55.000,0,0,0,0,0,0,0,0,0,0,2,144,0,3,70,0
9.955000,270.00,0.000,0.000,0,0,0.000,0,0,18.000,39.000,55.000,0,0,0,0,0,0,0,0,0,0,2,144,0,3,70,0
9.960000,270.00,0.000,0.000,0,0,0.000,0,0,18.000,39.000,55.000,0,0,0,0,0,0,0,0,0,0,2,144,0,3,70,0
9.965000,270.00,0.000,0.000,0,0,0.000,0,0,18.000,39.000,55.000,0,0,0,0,0,0,0,0,0,0,2,144,0,3,70,0
9.970000,270.00,0.000,0.000,0,0,0.000,0,0,18.000,39.000,55.000,0,0,0,0,0,0,0,0,0,0,2,144,0,3,70,0
9.975000,270.00,0.000,0.000,0,0,0.000,0,0,18.000,39.000,55.000,0,0,0,0,0,0,0,0,0,0,2,144,0,3,70,0
9.980000,270.00,0.000,0.000,0,0,0.000,0,0,18.000,39.000,55.000,0,0,0,0,0,0,0,0,0,0,2,144,0,3,70,0
9.985000,270.00,0.000,0.000,0,0,0.000,0,0,18.000,39.000,55.000,0,0,0,0,0,0,0,0,0,0,2,144,0,3,70,0
9.990000,270.00,0.000,0.000,0,0,0.000,0,0,18.000,39.000,55.000,0,0,0,0,0,0,0,0,0,0,2,144,0,3,70,0
9.995000,270.00,0.000,0.000,0,0,0.000,0,0,18.000,39.000,55.000,0,0,0,0,0,0,0,0,0,0,2,144,0,3,70,0
10.000000,270.00,0.000,0.000,0,0,0.000,0,0,18.000,39.000,55.000,0,0,0,0,0,0,0,0,0,0,2,144,0,3,70,0
