time_s,crank_angle_deg,torque_gen_nm,torque_load_kg,torque_fast_native,torque_run_native,cadence_gen_rpm,cadence_raw_rpm,cadence_control_rpm,speed_kph,battery_v,soc_pct,human_power_w,assist_basis_power_w,motor_power_w,support_pct,iq_mode_request,iq_before_profile_limit,iq_requested,iq_allowed,iq_pre_ramp,iq_ref,session,debug_flags,battery_limit,gate_steps,gate_load_ckg,pedalling
0.005000,0.00,0.000,0.000,0,0,0.000,0,0,18.000,39.000,55.000,0,0,0,0,0,0,0,0,0,0,0,144,0,3,70,0
0.010000,0.00,0.000,0.000,0,0,0.000,0,0,18.000,39.000,55.000,0,0,0,0,0,0,0,0,0,0,0,144,0,3,70,0
0.015000,0.00,0.000,0.000,0,0,0.000,0,0,18.000,39.000,55.000,0,0,0,0,0,0,0,0,0,0,0,144,0,3,70,0
0.020000,0.00,0.000,0.000,0,0,0.000,0,0,18.000,39.000,55.000,0,0,0,0,0,0,0,0,0,0,0,144,0,3,70,0
0.025000,0.00,0.000,0.000,0,0,0.000,0,0,18.000,39.000,55.000,0,0,0,0,0,0,0,0,0,0,0,144,0,3,70,0
0.030000,0.00,0.000,0.000,0,0,0.000,0,0,18.000,39.000,55.000,0,0,0,0,0,0,0,0,0,0,0,144,0,3,70,0
0.035000,0.00,0.000,0.000,0,0,0.000,0,0,18.000,39.000,55.000,0,0,0,0,0,0,0,0,0,0,0,144,0,3,70,0
0.040000,0.00,0.000,0.000,0,0,0.000,0,0,18.000,39.000,55.000,0,0,0,0,0,0,0,0,0,0,0,144,0,3,70,0
0.045000,0.00,0.000,0.000,0,0,0.000,0,0,18.000,39.000,55.000,0,0,0,0,0,0,0,0,0,0,0,144,0,3,70,0
0.050000,0.00,0.000,0.000,0,0,0.000,0,0,18.000,39.000,55.000,0,0,0,0,0,0,0,0,0,0,0,144,0,3,70,0
0.055000,0.00,0.000,0.000,0,0,0.000,0,0,18.000,39.000,55.000,0,0,0,0,0,0,0,0,0,0,0,144,0,3,70,0
0.060000,0.00,0.000,0.000,0,0,0.000,0,0,18.000,39.000,55.000,0,0,0,0,0,0,0,0,0,0,0,144,0,3,70,0
0.065000,0.00,0.000,0.000,0,0,0.000,0,0,18.000,39.000,55.000,0,0,0,0,0,0,0,0,0,0,0,144,0,3,70,0
0.070000,0.00,0.000,0.000,0,0,0.000,0,0,18.000,39.000,55.000,0,0,0,0,0,0,0,0,0,0,0,144,0,3,70,0
0.075000,0.00,0.000,0.000,0,0,0.000,0,0,18.000,39.000,55.000,0,0,0,0,0,0,0,0,0,0,0,144,0,3,70,0
0.080000,0.00,0.000,0.000,0,0,0.000,0,0,18.000,39.000,55.000,0,0,0,0,0,0,0,0,0,0,0,144,0,3,70,0
0.085000,0.00,0.000,0.000,0,0,0.000,0,0,18.000,39.000,55.000,0,0,0,0,0,0,0,0,0,0,0,144,0,3,70,0
0.090000,0.00,0.000,0.000,0,0,0.000,0,0,18.000,39.000,55.000,0,0,0,0,0,0,0,0,0,0,0,144,0,3,70,0
0.095000,0.00,0.000,0.000,0,0,0.000,0,0,18.000,39.000,55.000,0,0,0,0,0,0,0,0,0,0,0,144,0,3,70,0
0.100000,0.00,0.000,0.000,0,0,0.000,0,0,18.000,39.000,55.000,0,0,0,0,0,0,0,0,0,0,0,144,0,3,70,0
0.105000,0.00,0.000,0.000,0,0,0.000,0,0,18.000,39.000,55.000,0,0,0,0,0,0,0,0,0,0,0,144,0,3,70,0
0.110000,0.00,0.000,0.000,0,0,0.000,0,0,18.000,39.000,55.000,0,0,0,0,0,0,0,0,0,0,0,144,0,3,70,0
0.115000,0.00,0.000,0.000,0,0,0.000,0,0,18.000,39.000,55.000,0,0,0,0,0,0,0,0,0,0,0,144,0,3,70,0
0.120000,0.00,0.000,0.000,0,0,0.000,0,0,18.000,39.000,55.000,0,0,0,0,0,0,0,0,0,0,0,144,0,3,70,0
0.125000,0.00,0.000,0.000,0,0,0.000,0,0,18.000,39.000,55.000,0,0,0,0,0,0,0,0,0,0,0,144,0,3,70,0
0.130000,0.00,0.000,0.000,0,0,0.000,0,0,18.000,39.000,55.000,0,0,0,0,0,0,0,0,0,0,0,144,0,3,70,0
0.135000,0.00,0.000,0.000,0,0,0.000,0,0,18.000,39.000,55.000,0,0,0,0,0,0,0,0,0,0,0,144,0,3,70,0
0.140000,0.00,0.000,0.000,0,0,0.000,0,0,18.000,39.000,55.000,0,0,0,0,0,0,0,0,0,0,0,144,0,3,70,0
0.145000,0.00,0.000,0.000,0,0,0.000,0,0,18.000,39.000,55.000,0,0,0,0,0,0,0,0,0,0,0,144,0,3,70,0
0.150000,0.00,0.000,0.000,0,0,0.000,0,0,18.000,39.000,55.000,0,0,0,0,0,0,0,0,0,0,0,144,0,3,70,0
0.155000,0.00,0.000,0.000,0,0,0.000,0,0,18.000,39.000,55.000,0,0,0,0,0,0,0,0,0,0,0,144,0,3,70,0
0.160000,0.00,0.000,0.000,0,0,0.000,0,0,18.000,39.000,55.000,0,0,0,0,0,0,0,0,0,0,0,144,0,3,70,0
0.165000,0.00,0.000,0.000,0,0,0.000,0,0,18.000,39.000,55.000,0,0,0,0,0,0,0,0,0,0,0,144,0,3,70,0
0.170000,0.00,0.000,0.000,0,0,0.000,0,0,18.000,39.000,55.000,0,0,0,0,0,0,0,0,0,0,0,144,0,3,70,0
0.175000,0.00,0.000,0.000,0,0,0.000,0,0,18.000,39.000,55.000,0,0,0,0,0,0,0,0,0,0,0,144,0,3,70,0
0.180000,0.00,0.000,0.000,0,0,0.000,0,0,18.000,39.000,55.000,0,0,0,0,0,0,0,0,0,0,0,144,0,3,70,0
0.185000,0.00,0.000,0.000,0,0,0.000,0,0,18.000,39.000,55.000,0,0,0,0,0,0,0,0,0,0,0,144,0,3,70,0
0.190000,0.00,0.000,0.000,0,0,0.000,0,0,18.000,39.000,55.000,0,0,0,0,0,0,0,0,0,0,0,144,0,3,70,0
0.195000,0.00,0.000,0.000,0,0,0.000,0,0,18.000,39.000,55.000,0,0,0,0,0,0,0,0,0,0,0,144,0,3,70,0
0.200000,0.00,0.000,0.000,0,0,0.000,0,0,18.000,39.000,55.000,0,0,0,0,0,0,0,0,0,0,0,144,0,3,70,0
0.205000,0.00,0.000,0.000,0,0,0.000,0,0,18.000,39.000,55.000,0,0,0,0,0,0,0,0,0,0,0,144,0,3,70,0
0.210000,0.00,0.000,0.000,0,0,0.000,0,0,18.000,39.000,55.000,0,0,0,0,0,0,0,0,0,0,0,144,0,3,70,0
0.215000,0.00,0.000,0.000,0,0,0.000,0,0,18.000,39.000,55.000,0,0,0,0,0,0,0,0,0,0,0,144,0,3,70,0
0.220000,0.00,0.000,0.000,0,0,0.000,0,0,18.000,39.000,55.000,0,0,0,0,0,0,0,0,0,0,0,144,0,3,70,0
0.225000,0.00,0.000,0.000,0,0,0.000,0,0,18.000,39.000,55.000,0,0,0,0,0,0,0,0,0,0,0,144,0,3,70,0
0.230000,0.00,0.000,0.000,0,0,0.000,0,0,18.000,39.000,55.000,0,0,0,0,0,0,0,0,0,0,0,144,0,3,70,0
0.235000,0.00,0.000,0.000,0,0,0.000,0,0,18.000,39.000,55.000,0,0,0,0,0,0,0,0,0,0,0,144,0,3,70,0
0.240000,0.00,0.000,0.000,0,0,0.000,0,0,18.000,39.000,55.000,0,0,0,0,0,0,0,0,0,0,0,144,0,3,70,0
0.245000,0.00,0.000,0.000,0,0,0.000,0,0,18.000,39.000,55.000,0,0,0,0,0,0,0,0,0,0,0,144,0,3,70,0
0.250000,0.00,0.000,0.000,0,0,0.000,0,0,18.000,39.000,55.000,0,0,0,0,0,0,0,0,0,0,0,144,0,3,70,0
0.255000,0.00,0.000,0.000,0,0,0.000,0,0,18.000,39.000,55.000,0,0,0,0,0,0,0,0,0,0,0,144,0,3,70,0
0.260000,0.00,0.000,0.000,0,0,0.000,0,0,18.000,39.000,55.000,0,0,0,0,0,0,0,0,0,0,0,144,0,3,70,0
0.265000,0.00,0.000,0.000,0,0,0.000,0,0,18.000,39.000,55.000,0,0,0,0,0,0,0,0,0,0,0,144,0,3,70,0
0.270000,0.00,0.000,0.000,0,0,0.000,0,0,18.000,39.000,55.000,0,0,0,0,0,0,0,0,0,0,0,144,0,3,70,0
0.275000,0.00,0.000,0.000,0,0,0.000,0,0,18.000,39.000,55.000,0,0,0,0,0,0,0,0,0,0,0,144,0,3,70,0
0.280000,0.00,0.000,0.000,0,0,0.000,0,0,18.000,39.000,55.000,0,0,0,0,0,0,0,0,0,0,0,144,0,3,70,0
0.285000,0.00,0.000,0.000,0,0,0.000,0,0,18.000,39.000,55.000,0,0,0,0,0,0,0,0,0,0,0,144,0,3,70,0
0.290000,0.00,0.000,0.000,0,0,0.000,0,0,18.000,39.000,55.000,0,0,0,0,0,0,0,0,0,0,0,144,0,3,70,0
0.295000,0.00,0.000,0.000,0,0,0.000,0,0,18.000,39.000,55.000,0,0,0,0,0,0,0,0,0,0,0,144,0,3,70,0
0.300000,0.00,0.000,0.000,0,0,0.000,0,0,18.000,39.000,55.000,0,0,0,0,0,0,0,0,0,0,0,144,0,3,70,0
0.305000,0.00,0.000,0.000,0,0,0.000,0,0,18.000,39.000,55.000,0,0,0,0,0,0,0,0,0,0,0,144,0,3,70,0
0.310000,0.00,0.000,0.000,0,0,0.000,0,0,18.000,39.000,55.000,0,0,0,0,0,0,0,0,0,0,0,144,0,3,70,0
0.315000,0.00,0.000,0.000,0,0,0.000,0,0,18.000,39.000,55.000,0,0,0,0,0,0,0,0,0,0,0,144,0,3,70,0
0.320000,0.00,0.000,0.000,0,0,0.000,0,0,18.000,39.000,55.000,0,0,0,0,0,0,0,0,0,0,0,144,0,3,70,0
0.325000,0.00,0.000,0.000,0,0,0.000,0,0,18.000,39.000,55.000,0,0,0,0,0,0,0,0,0,0,0,144,0,3,70,0
0.330000,0.00,0.000,0.000,0,0,0.000,0,0,18.000,39.000,55.000,0,0,0,0,0,0,0,0,0,0,0,144,0,3,70,0
0.335000,0.00,0.000,0.000,0,0,0.000,0,0,18.000,39.000,55.000,0,0,0,0,0,0,0,0,0,0,0,144,0,3,70,0
0.340000,0.00,0.000,0.000,0,0,0.000,0,0,18.000,39.000,55.000,0,0,0,0,0,0,0,0,0,0,0,144,0,3,70,0
0.345000,0.00,0.000,0.000,0,0,0.000,0,0,18.000,39.000,55.000,0,0,0,0,0,0,0,0,0,0,0,144,0,3,70,0
0.350000,0.00,0.000,0.000,0,0,0.000,0,0,18.000,39.000,55.000,0,0,0,0,0,0,0,0,0,0,0,144,0,3,70,0
0.355000,0.00,0.000,0.000,0,0,0.000,0,0,18.000,39.000,55.000,0,0,0,0,0,0,0,0,0,0,0,144,0,3,70,0
0.360000,0.00,0.000,0.000,0,0,0.000,0,0,18.000,39.000,55.000,0,0,0,0,0,0,0,0,0,0,0,144,0,3,70,0
0.365000,0.00,0.000,0.000,0,0,0.000,0,0,18.000,39.000,55.000,0,0,0,0,0,0,0,0,0,0,0,144,0,3,70,0
0.370000,0.00,0.000,0.000,0,0,0.000,0,0,18.000,39.000,55.000,0,0,0,0,0,0,0,0,0,0,0,144,0,3,70,0
0.375000,0.00,0.000,0.000,0,0,0.000,0,0,18.000,39.000,55.000,0,0,0,0,0,0,0,0,0,0,0,144,0,3,70,0
0.380000,0.00,0.000,0.000,0,0,0.000,0,0,18.000,39.000,55.000,0,0,0,0,0,0,0,0,0,0,0,144,0,3,70,0
0.385000,0.00,0.000,0.000,0,0,0.000,0,0,18.000,39.000,55.000,0,0,0,0,0,0,0,0,0,0,0,144,0,3,70,0
0.390000,0.00,0.000,0.000,0,0,0.000,0,0,18.000,39.000,55.000,0,0,0,0,0,0,0,0,0,0,0,144,0,3,70,0
0.395000,0.00,0.000,0.000,0,0,0.000,0,0,18.000,39.000,55.000,0,0,0,0,0,0,0,0,0,0,0,144,0,3,70,0
0.400000,0.00,0.000,0.000,0,0,0.000,0,0,18.000,39.000,55.000,0,0,0,0,0,0,0,0,0,0,0,144,0,3,70,0
0.405000,0.00,0.000,0.000,0,0,0.000,0,0,18.000,39.000,55.000,0,0,0,0,0,0,0,0,0,0,0,144,0,3,70,0
0.410000,0.00,0.000,0.000,0,0,0.000,0,0,18.000,39.000,55.000,0,0,0,0,0,0,0,0,0,0,0,144,0,3,70,0
0.415000,0.00,0.000,0.000,0,0,0.000,0,0,18.000,39.000,55.000,0,0,0,0,0,0,0,0,0,0,0,144,0,3,70,0
0.420000,0.00,0.000,0.000,0,0,0.000,0,0,18.000,39.000,55.000,0,0,0,0,0,0,0,0,0,0,0,144,0,3,70,0
0.425000,0.00,0.000,0.000,0,0,0.000,0,0,18.000,39.000,55.000,0,0,0,0,0,0,0,0,0,0,0,144,0,3,70,0
0.430000,0.00,0.000,0.000,0,0,0.000,0,0,18.000,39.000,55.000,0,0,0,0,0,0,0,0,0,0,0,144,0,3,70,0
0.435000,0.00,0.000,0.000,0,0,0.000,0,0,18.000,39.000,55.000,0,0,0,0,0,0,0,0,0,0,0,144,0,3,70,0
0.440000,0.00,0.000,0.000,0,0,0.000,0,0,18.000,39.000,55.000,0,0,0,0,0,0,0,0,0,0,0,144,0,3,70,0
0.445000,0.00,0.000,0.000,0,0,0.000,0,0,18.000,39.000,55.000,0,0,0,0,0,0,0,0,0,0,0,144,0,3,70,0
0.450000,0.00,0.000,0.000,0,0,0.000,0,0,18.000,39.000,55.000,0,0,0,0,0,0,0,0,0,0,0,144,0,3,70,0
0.455000,0.00,0.000,0.000,0,0,0.000,0,0,18.000,39.000,55.000,0,0,0,0,0,0,0,0,0,0,0,144,0,3,70,0
0.460000,0.00,0.000,0.000,0,0,0.000,0,0,18.000,39.000,55.000,0,0,0,0,0,0,0,0,0,0,0,144,0,3,70,0
0.465000,0.00,0.000,0.000,0,0,0.000,0,0,18.000,39.000,55.000,0,0,0,0,0,0,0,0,0,0,0,144,0,3,70,0
0.470000,0.00,0.000,0.000,0,0,0.000,0,0,18.000,39.000,55.000,0,0,0,0,0,0,0,0,0,0,0,144,0,3,70,0
0.475000,0.00,0.000,0.000,0,0,0.000,0,0,18.000,39.000,55.000,0,0,0,0,0,0,0,0,0,0,0,144,0,3,70,0
0.480000,0.00,0.000,0.000,0,0,0.000,0,0,18.000,39.000,55.000,0,0,0,0,0,0,0,0,0,0,0,144,0,3,70,0
0.485000,0.00,0.000,0.000,0,0,0.000,0,0,18.000,39.000,55.000,0,0,0,0,0,0,0,0,0,0,0,144,0,3,70,0
0.490000,0.00,0.000,0.000,0,0,0.000,0,0,18.000,39.000,55.000,0,0,0,0,0,0,0,0,0,0,0,144,0,3,70,0
0.495000,0.00,0.000,0.000,0,0,0.000,0,0,18.000,39.000,55.000,0,0,0,0,0,0,0,0,0,0,0,144,0,3,70,0
0.500000,0.14,28.065,16.820,2,0,90.000,0,0,18.000,39.000,55.000,0,0,0,0,0,0,0,0,0,0,0,16,0,3,70,1
0.505000,2.84,29.356,17.590,48,1,90.000,0,0,18.000,39.000,55.000,0,0,0,0,0,0,0,0,0,0,0,16,0,3,70,1
0.510000,5.54,30.635,18.400,89,4,90.000,0,0,18.000,39.000,55.000,0,0,0,0,0,0,0,0,0,0,0,16,0,3,70,1
0.515000,8.24,31.893,19.110,127,8,90.000,0,0,18.000,39.000,55.000,0,0,0,160,5,5,0,0,0,0,0,16,0,3,30,1
0.520000,10.94,33.118,19.870,161,14,90.000,0,0,18.000,39.000,55.000,0,0,0,160,10,10,0,0,0,0,0,16,0,3,30,1
0.525000,13.64,34.301,20.580,193,166,90.000,0,0,18.000,39.000,55.000,0,0,0,160,124,124,124,124,124,15,1,0,0,3,30,1
0.530000,16.34,35.431,21.230,222,168,90.000,0,0,18.000,39.000,55.000,0,0,0,160,126,126,126,126,126,32,1,0,0,3,30,1
0.535000,19.04,36.500,21.880,249,171,90.000,90,90,18.000,39.000,55.000,333,112,179,160,64,64,64,64,64,49,1,0,0,3,30,1
0.540000,21.74,37.498,22.480,273,175,90.000,90,90,18.000,39.000,55.000,342,115,184,160,66,66,66,66,66,66,1,0,0,3,30,1
0.545000,24.44,38.417,23.030,296,179,90.000,90,90,18.000,39.000,55.000,351,118,190,160,68,68,68,68,68,68,1,0,0,3,30,1
0.550000,27.14,39.250,23.510,317,184,90.000,90,90,18.000,39.000,55.000,358,123,196,160,70,70,70,70,70,70,1,0,0,3,30,1
0.555000,29.84,39.990,24.000,337,190,90.000,90,90,18.000,39.000,55.000,365,127,204,160,73,73,73,73,73,73,1,0,0,3,30,1
0.560000,32.54,40.631,24.380,355,196,90.000,90,90,18.000,39.000,55.000,371,132,212,160,76,76,76,76,76,76,1,0,0,3,30,1
0.565000,35.24,41.167,24.710,371,203,90.000,90,90,18.000,39.000,55.000,376,138,221,160,79,79,79,79,79,79,1,0,0,3,30,1
0.570000,37.94,41.596,24.930,386,210,90.000,90,90,18.000,39.000,55.000,380,144,231,160,83,83,83,83,83,83,1,0,0,3,30,1
0.575000,40.64,41.913,25.150,399,218,90.000,90,90,18.000,39.000,55.000,383,151,241,160,87,87,87,87,87,87,1,0,0,3,30,1
0.580000,43.34,42.116,25.260,411,225,90.000,90,90,18.000,39.000,55.000,385,157,251,160,90,90,90,90,90,90,1,0,0,3,30,1
0.585000,46.03,42.204,25.310,422,233,90.000,90,90,18.000,39.000,55.000,385,163,261,160,94,94,94,94,94,94,1,0,0,3,30,1
0.590000,48.73,42.177,25.310,431,241,90.000,90,90,18.000,39.000,55.000,385,170,272,160,98,98,98,98,98,98,1,0,0,3,30,1
0.595000,51.43,42.035,25.200,439,249,90.000,89,89,18.000,39.000,55.000,379,174,279,160,101,101,101,101,101,101,1,0,0,3,30,1
0.600000,54.13,41.780,25.040,445,257,90.000,89,89,18.000,39.000,55.000,377,181,290,160,105,105,105,105,105,105,1,0,0,3,30,1
0.605000,56.83,41.415,24.820,451,265,90.000,89,89,18.000,39.000,55.000,374,188,300,160,109,109,109,109,109,109,1,0,0,3,30,1
0.610000,59.53,40.943,24.550,454,272,90.000,89,89,18.000,39.000,55.000,370,193,309,160,112,112,112,112,112,112,1,0,0,3,30,1
0.615000,62.23,40.370,24.220,457,280,90.000,89,89,18.000,39.000,55.000,365,200,320,160,116,116,116,116,116,116,1,0,0,3,30,1
0.620000,64.93,39.700,23.790,458,287,90.000,90,90,18.000,39.000,55.000,362,208,333,160,120,120,120,120,120,120,1,0,0,3,30,1
0.625000,67.63,38.939,23.350,458,294,90.000,90,90,18.000,39.000,55.000,355,214,342,160,123,123,123,123,123,123,1,0,0,3,30,1
0.630000,70.33,38.095,22.860,457,301,90.000,90,90,18.000,39.000,55.000,348,220,352,160,126,126,126,126,126,126,1,0,0,3,30,1
0.635000,73.03,37.176,22.320,455,307,90.000,90,90,18.000,39.000,55.000,340,225,360,160,129,129,129,129,129,129,1,0,0,3,30,1
0.640000,75.73,36.189,21.720,452,313,90.000,90,90,18.000,39.000,55.000,331,229,367,160,132,132,132,132,132,132,1,0,0,3,30,1
0.645000,78.43,35.144,21.070,447,318,90.000,90,90,18.000,39.000,55.000,321,234,374,160,134,134,134,134,134,134,1,0,0,3,30,1
0.650000,81.13,34.050,20.410,442,323,90.000,90,90,18.000,39.000,55.000,311,238,381,160,137,137,137,137,137,137,1,0,0,3,30,1
0.655000,83.83,32.918,19.760,436,328,90.000,90,90,18.000,39.000,55.000,301,242,387,160,139,139,139,139,139,139,1,0,0,3,30,1
0.660000,86.53,31.756,19.050,429,332,90.000,90,90,18.000,39.000,55.000,290,245,393,160,141,141,141,141,141,141,1,0,0,3,30,1
0.665000,89.23,30.576,18.350,421,336,90.000,90,90,18.000,39.000,55.000,279,248,398,160,143,143,143,143,143,143,1,0,0,3,30,1
0.670000,91.93,29.388,17.640,412,339,90.000,90,90,18.000,39.000,55.000,268,251,402,160,144,144,144,144,144,144,1,0,0,3,30,1
0.675000,94.63,28.203,16.930,403,342,90.000,90,90,18.000,39.000,55.000,258,253,406,160,146,146,146,146,146,146,1,0,0,3,30,1
0.680000,97.33,27.031,16.230,393,344,90.000,90,90,18.000,39.000,55.000,247,255,409,160,147,147,147,147,147,147,1,0,0,3,30,1
0.685000,100.03,25.882,15.520,383,346,90.000,90,90,18.000,39.000,55.000,236,257,411,160,148,148,148,148,148,148,1,0,0,3,30,1
0.690000,102.73,24.766,14.870,372,347,90.000,90,90,18.000,39.000,55.000,226,258,412,160,148,148,148,148,148,148,1,0,0,3,30,1
0.695000,105.43,23.694,14.210,362,348,90.000,90,90,18.000,39.000,55.000,216,259,414,160,149,149,149,149,149,149,1,0,0,3,30,1
0.700000,108.13,22.675,13.620,351,348,90.000,90,90,18.000,39.000,55.000,207,259,414,160,149,149,149,149,149,149,1,0,0,3,30,1
0.705000,110.83,21.717,13.020,340,348,90.000,90,90,18.000,39.000,55.000,198,259,414,160,149,149,149,149,149,149,1,0,0,3,30,1
0.710000,113.53,20.828,12.470,330,348,90.000,90,90,18.000,39.000,55.000,190,259,414,160,149,149,149,149,149,149,1,0,0,3,30,1
0.715000,116.23,20.017,11.980,319,348,90.000,90,90,18.000,39.000,55.000,182,259,414,160,149,149,149,149,149,149,1,0,0,3,30,1
0.720000,118.93,19.290,11.550,309,347,90.000,90,90,18.000,39.000,55.000,176,258,412,160,148,148,148,148,148,148,1,0,0,3,30,1
0.725000,121.63,18.654,11.170,299,346,90.000,90,90,18.000,39.000,55.000,170,257,411,160,148,148,148,148,148,148,1,0,0,3,30,1
0.730000,124.33,18.113,10.840,289,345,90.000,90,90,18.000,39.000,55.000,165,256,410,160,147,147,147,147,147,147,1,0,0,3,30,1
0.735000,127.03,17.672,10.620,281,344,90.000,90,90,18.000,39.000,55.000,161,255,409,160,147,147,147,147,147,147,1,0,0,3,30,1
0.740000,129.73,17.335,10.410,272,343,90.000,90,90,18.000,39.000,55.000,158,254,407,160,146,146,146,146,146,146,1,0,0,3,30,1
0.745000,132.44,17.104,10.240,265,341,90.000,90,90,18.000,39.000,55.000,156,253,405,160,145,145,145,145,145,145,1,0,0,3,30,1
0.750000,135.14,16.980,10.190,258,340,90.000,90,90,18.000,39.000,55.000,155,252,403,160,145,145,145,145,145,145,1,0,0,3,30,1
0.755000,137.84,16.965,10.190,252,338,90.000,90,90,18.000,39.000,55.000,155,250,401,160,144,144,144,144,144,144,1,0,0,3,30,1
0.760000,140.54,17.058,10.240,247,336,90.000,90,90,18.000,39.000,55.000,156,248,398,160,143,143,143,143,143,143,1,0,0,3,30,1
0.765000,143.24,17.258,10.350,243,335,90.000,90,90,18.000,39.000,55.000,157,248,397,160,142,142,142,142,142,142,1,0,0,3,30,1
0.770000,145.94,17.562,10.510,239,333,90.000,90,90,18.000,39.000,55.000,160,246,394,160,141,141,141,141,141,141,1,0,0,3,30,1
0.775000,148.64,17.966,10.790,237,331,90.000,90,90,18.000,39.000,55.000,164,244,391,160,140,140,140,140,140,140,1,0,0,3,30,1
0.780000,151.34,18.468,11.060,236,329,90.000,90,90,18.000,39.000,55.000,168,243,389,160,140,140,140,140,140,140,1,0,0,3,30,1
0.785000,154.04,19.061,11.440,235,327,90.000,90,90,18.000,39.000,55.000,174,241,386,160,139,139,139,139,139,139,1,0,0,3,30,1
0.790000,156.74,19.741,11.820,236,325,90.000,90,90,18.000,39.000,55.000,180,239,383,160,138,138,138,138,138,138,1,0,0,3,30,1
0.795000,159.44,20.499,12.310,237,324,90.000,90,90,18.000,39.000,55.000,187,239,382,160,137,137,137,137,137,137,1,0,0,3,30,1
0.800000,162.14,21.329,12.800,240,322,90.000,90,90,18.000,39.000,55.000,195,237,379,160,136,136,136,136,136,136,1,0,0,3,30,1
0.805000,164.84,22.223,13.340,243,321,90.000,90,90,18.000,39.000,55.000,203,236,378,160,136,136,136,136,136,136,1,0,0,3,30,1
0.810000,167.54,23.172,13.890,248,319,90.000,90,90,18.000,39.000,55.000,211,234,375,160,135,135,135,135,135,135,1,0,0,3,30,1
0.815000,170.24,24.168,14.490,253,318,90.000,90,90,18.000,39.000,55.000,220,234,374,160,134,134,134,134,134,134,1,0,0,3,30,1
0.820000,172.94,25.200,15.140,259,317,90.000,90,90,18.000,39.000,55.000,230,233,373,160,134,134,134,134,134,134,1,0,0,3,30,1
0.825000,175.64,26.258,15.740,266,316,90.000,90,90,18.000,39.000,55.000,239,232,372,160,133,133,133,133,133,133,1,0,0,3,30,1
0.830000,178.34,27.333,16.390,273,315,90.000,90,90,18.000,39.000,55.000,249,231,370,160,133,133,133,133,133,133,1,0,0,3,30,1
0.835000,181.04,28.415,17.040,281,314,90.000,90,90,18.000,39.000,55.000,259,230,369,160,132,132,132,132,132,132,1,0,0,3,30,1
0.840000,183.74,29.492,17.690,290,313,90.000,90,90,18.000,39.000,55.000,269,229,367,160,132,132,132,132,132,132,1,0,0,3,30,1
0.845000,186.44,30.555,18.350,299,313,90.000,89,89,18.000,39.000,55.000,276,227,363,160,132,132,132,132,132,132,1,0,0,3,30,1
0.850000,189.14,31.594,18.950,308,313,90.000,89,89,18.000,39.000,55.000,285,227,363,160,132,132,132,132,132,132,1,0,0,3,30,1
0.855000,191.84,32.599,19.540,318,313,90.000,89,89,18.000,39.000,55.000,294,227,363,160,132,132,132,132,132,132,1,0,0,3,30,1
0.860000,194.54,33.560,20.140,327,313,90.000,89,89,18.000,39.000,55.000,303,227,363,160,132,132,132,132,132,132,1,0,0,3,30,1
0.865000,197.24,34.468,20.690,337,314,90.000,89,89,18.000,39.000,55.000,311,228,365,160,132,132,132,132,132,132,1,0,0,3,30,1
0.870000,199.94,35.313,21.180,347,315,90.000,90,90,18.000,39.000,55.000,322,231,370,160,133,133,133,133,133,133,1,0,0,3,30,1
0.875000,202.64,36.089,21.670,357,317,90.000,90,90,18.000,39.000,55.000,330,233,373,160,134,134,134,134,134,134,1,0,0,3,30,1
0.880000,205.34,36.788,22.050,366,319,90.000,90,90,18.000,39.000,55.000,336,234,375,160,135,135,135,135,135,135,1,0,0,3,30,1
0.885000,208.04,37.402,22.430,375,321,90.000,90,90,18.000,39.000,55.000,341,236,378,160,136,136,136,136,136,136,1,0,0,3,30,1
0.890000,210.74,37.925,22.750,384,323,90.000,90,90,18.000,39.000,55.000,346,238,381,160,137,137,137,137,137,137,1,0,0,3,30,1
0.895000,213.44,38.353,23.030,392,326,90.000,90,90,18.000,39.000,55.000,351,240,385,160,138,138,138,138,138,138,1,0,0,3,30,1
0.900000,216.14,38.681,23.190,400,329,90.000,90,90,18.000,39.000,55.000,353,243,389,160,140,140,140,140,140,140,1,0,0,3,30,1
0.905000,218.84,38.905,23.350,407,332,90.000,90,90,18.000,39.000,55.000,355,245,393,160,141,141,141,141,141,141,1,0,0,3,30,1
0.910000,221.54,39.023,23.410,414,335,90.000,90,90,18.000,39.000,55.000,356,248,397,160,142,142,142,142,142,142,1,0,0,3,30,1
0.915000,224.24,39.033,23.410,419,338,90.000,90,90,18.000,39.000,55.000,356,250,401,160,144,144,144,144,144,144,1,0,0,3,30,1
0.920000,226.94,38.935,23.350,424,341,90.000,90,90,18.000,39.000,55.000,355,253,405,160,145,145,145,145,145,145,1,0,0,3,30,1
0.925000,229.64,38.729,23.240,428,345,90.000,90,90,18.000,39.000,55.000,354,256,410,160,147,147,147,147,147,147,1,0,0,3,30,1
0.930000,232.34,38.416,23.030,431,348,90.000,90,90,18.000,39.000,55.000,351,259,414,160,149,149,149,149,149,149,1,0,0,3,30,1
0.935000,235.04,37.999,22.810,433,352,90.000,90,90,18.000,39.000,55.000,347,262,419,160,151,151,151,151,151,151,1,0,0,3,30,1
0.940000,237.74,37.481,22.480,434,355,90.000,90,90,18.000,39.000,55.000,342,264,423,160,152,152,152,152,152,152,1,0,0,3,30,1
0.945000,240.44,36.867,22.100,434,358,90.000,90,90,18.000,39.000,55.000,336,267,427,160,153,153,153,153,153,153,1,0,0,3,30,1
0.950000,243.14,36.160,21.670,434,361,90.000,90,90,18.000,39.000,55.000,330,269,431,160,155,155,155,155,155,155,1,0,0,3,30,1
0.955000,245.84,35.368,21.230,432,364,90.000,90,90,18.000,39.000,55.000,323,272,435,160,156,156,156,156,156,156,1,0,0,3,30,1
0.960000,248.54,34.497,20.690,429,367,90.000,90,90,18.000,39.000,55.000,315,274,439,160,158,158,158,158,158,158,1,0,0,3,30,1
0.965000,251.24,33.555,20.140,425,369,90.000,90,90,18.000,39.000,55.000,307,276,442,160,159,159,159,159,159,159,1,0,0,3,30,1
0.970000,253.94,32.549,19.540,421,371,90.000,90,90,18.000,39.000,55.000,297,278,444,160,160,160,160,160,160,160,1,0,0,3,30,1
0.975000,256.64,31.488,18.890,415,373,90.000,90,90,18.000,39.000,55.000,287,279,447,160,161,161,161,161,161,161,1,0,0,3,30,1
0.980000,259.34,30.382,18.240,409,375,90.000,90,90,18.000,39.000,55.000,278,281,450,160,162,162,162,162,162,162,1,0,0,3,30,1
0.985000,262.04,29.240,17.530,401,376,90.000,90,90,18.000,39.000,55.000,267,282,451,160,162,162,162,162,162,162,1,0,0,3,30,1
0.990000,264.74,28.072,16.820,393,377,90.000,90,90,18.000,39.000,55.000,256,282,452,160,162,162,162,162,162,162,1,0,0,3,30,1
0.995000,267.44,26.889,16.120,385,377,90.000,90,90,18.000,39.000,55.000,245,282,452,160,162,162,162,162,162,162,1,0,0,3,30,1
1.000000,270.14,25.701,15.410,375,377,90.000,90,90,18.000,39.000,55.000,234,282,452,160,162,162,162,162,162,162,1,0,0,3,30,1
1.005000,272.84,24.518,14.700,366,377,90.000,90,90,18.000,39.000,55.000,224,282,452,160,162,162,162,162,162,162,1,0,0,3,30,1
1.010000,275.54,23.351,14.000,355,377,90.000,90,90,18.000,39.000,55.000,213,282,452,160,162,162,162,162,162,162,1,0,0,3,30,1
1.015000,278.24,22.211,13.340,345,376,90.000,90,90,18.000,39.000,55.000,203,282,451,160,162,162,162,162,162,162,1,0,0,3,30,1
1.020000,280.94,21.107,12.640,334,376,90.000,90,90,18.000,39.000,55.000,192,282,451,160,162,162,162,162,162,162,1,0,0,3,30,1
1.025000,283.64,20.050,12.040,323,375,90.000,90,90,18.000,39.000,55.000,183,281,450,160,162,162,162,162,162,162,1,0,0,3,30,1
1.030000,286.34,19.049,11.440,312,374,90.000,90,90,18.000,39.000,55.000,174,280,448,160,161,161,161,161,161,161,1,0,0,3,30,1
1.035000,289.04,18.113,10.840,301,372,90.000,90,90,18.000,39.000,55.000,165,278,446,160,160,160,160,160,160,160,1,0,0,3,30,1
1.040000,291.74,17.251,10.350,291,371,90.000,90,90,18.000,39.000,55.000,157,278,444,160,160,160,160,160,160,160,1,0,0,3,30,1
1.045000,294.44,16.470,9.860,280,369,90.000,90,90,18.000,39.000,55.000,150,276,442,160,159,159,159,159,159,159,1,0,0,3,30,1
1.050000,297.14,15.778,9.480,270,367,90.000,90,90,18.000,39.000,55.000,144,274,439,160,158,158,158,158,158,158,1,0,0,3,30,1
1.055000,299.84,15.181,9.100,260,365,90.000,90,90,18.000,39.000,55.000,138,273,436,160,157,157,157,157,157,157,1,0,0,3,30,1
1.060000,302.54,14.686,8.830,251,363,90.000,90,90,18.000,39.000,55.000,134,271,434,160,156,156,156,156,156,156,1,0,0,3,30,1
1.065000,305.24,14.295,8.560,242,361,90.000,90,90,18.000,39.000,55.000,130,269,431,160,155,155,155,155,155,155,1,0,0,3,30,1
1.070000,307.94,14.015,8.390,234,359,90.000,90,90,18.000,39.000,55.000,127,268,429,160,154,154,154,154,154,154,1,0,0,3,30,1
1.075000,310.64,13.846,8.280,227,356,90.000,90,90,18.000,39.000,55.000,126,265,424,160,152,152,152,152,152,152,1,0,0,3,30,1
1.080000,313.34,13.792,8.280,220,354,90.000,90,90,18.000,39.000,55.000,126,263,422,160,151,151,151,151,151,151,1,0,0,3,30,1
1.085000,316.04,13.853,8.280,215,351,90.000,90,90,18.000,39.000,55.000,126,261,418,160,150,150,150,150,150,150,1,0,0,3,30,1
1.090000,318.74,14.030,8.390,210,348,90.000,90,90,18.000,39.000,55.000,127,259,414,160,149,149,149,149,149,149,1,0,0,3,30,1
1.095000,321.44,14.320,8.610,206,345,90.000,89,89,18.000,39.000,55.000,129,253,405,160,147,147,147,147,147,147,1,0,0,3,30,1
1.100000,324.14,14.723,8.830,204,343,90.000,89,89,18.000,39.000,55.000,133,252,403,160,146,146,146,146,146,146,1,0,0,3,30,1
1.105000,326.84,15.235,9.150,202,340,90.000,89,89,18.000,39.000,55.000,137,249,399,160,145,145,145,145,145,145,1,0,0,3,30,1
1.110000,329.54,15.852,9.540,201,337,90.000,89,89,18.000,39.000,55.000,143,247,395,160,143,143,143,143,143,143,1,0,0,3,30,1
1.115000,332.24,16.569,9.920,202,335,90.000,89,89,18.000,39.000,55.000,149,245,392,160,142,142,142,142,142,142,1,0,0,3,30,1
1.120000,334.94,17.381,10.410,203,332,90.000,90,90,18.000,39.000,55.000,158,245,393,160,141,141,141,141,141,141,1,0,0,3,30,1
1.125000,337.64,18.280,10.950,206,329,90.000,90,90,18.000,39.000,55.000,166,243,389,160,140,140,140,140,140,140,1,0,0,3,30,1
1.130000,340.34,19.260,11.550,209,327,90.000,90,90,18.000,39.000,55.000,176,241,386,160,139,139,139,139,139,139,1,0,0,3,30,1
1.135000,343.04,20.313,12.200,214,325,90.000,90,90,18.000,39.000,55.000,186,239,383,160,138,138,138,138,138,138,1,0,0,3,30,1
1.140000,345.74,21.430,12.850,220,323,90.000,90,90,18.000,39.000,55.000,195,238,381,160,137,137,137,137,137,137,1,0,0,3,30,1
1.145000,348.44,22.601,13.560,226,321,90.000,90,90,18.000,39.000,55.000,206,236,378,160,136,136,136,136,136,136,1,0,0,3,30,1
1.150000,351.14,23.818,14.270,234,319,90.000,90,90,18.000,39.000,55.000,217,234,375,160,135,135,135,135,135,135,1,0,0,3,30,1
1.155000,353.84,25.069,15.030,242,317,90.000,90,90,18.000,39.000,55.000,229,233,373,160,134,134,134,134,134,134,1,0,0,3,30,1
1.160000,356.54,26.344,15.790,251,316,90.000,90,90,18.000,39.000,55.000,240,232,372,160,133,133,133,133,133,133,1,0,0,3,30,1
1.165000,359.24,27.634,16.610,261,315,90.000,90,90,18.000,39.000,55.000,253,231,370,160,133,133,133,133,133,133,1,0,0,3,30,1
1.170000,1.94,28.926,17.370,271,314,90.000,90,90,18.000,39.000,55.000,264,230,369,160,132,132,132,132,132,132,1,0,0,3,30,1
1.175000,4.64,30.211,18.130,282,313,90.000,90,90,18.000,39.000,55.000,276,229,367,160,132,132,132,132,132,132,1,0,0,3,30,1
1.180000,7.34,31.477,18.890,293,313,90.000,90,90,18.000,39.000,55.000,287,229,367,160,132,132,132,132,132,132,1,0,0,3,30,1
1.185000,10.04,32.714,19.600,305,313,90.000,90,90,18.000,39.000,55.000,298,229,367,160,132,132,132,132,132,132,1,0,0,3,30,1
1.190000,12.74,33.912,20.360,316,313,90.000,90,90,18.000,39.000,55.000,310,229,367,160,132,132,132,132,132,132,1,0,0,3,30,1
1.195000,15.44,35.061,21.010,328,313,90.000,90,90,18.000,39.000,55.000,320,229,367,160,132,132,132,132,132,132,1,0,0,3,30,1
1.200000,18.14,36.151,21.670,340,314,90.000,90,90,18.000,39.000,55.000,330,230,369,160,132,132,132,132,132,132,1,0,0,3,30,1
1.205000,20.84,37.174,22.320,352,315,90.000,90,90,18.000,39.000,55.000,340,231,370,160,133,133,133,133,133,133,1,0,0,3,30,1
1.210000,23.54,38.120,22.860,364,317,90.000,90,90,18.000,39.000,55.000,348,233,373,160,134,134,134,134,134,134,1,0,0,3,30,1
1.215000,26.24,38.982,23.410,376,319,90.000,90,90,18.000,39.000,55.000,356,234,375,160,135,135,135,135,135,135,1,0,0,3,30,1
1.220000,28.94,39.754,23.840,387,322,90.000,90,90,18.000,39.000,55.000,363,237,379,160,136,136,136,136,136,136,1,0,0,3,30,1
1.225000,31.64,40.428,24.280,398,324,90.000,90,90,18.000,39.000,55.000,370,239,382,160,137,137,137,137,137,137,1,0,0,3,30,1
1.230000,34.34,41.000,24.600,408,328,90.000,90,90,18.000,39.000,55.000,375,242,387,160,139,139,139,139,139,139,1,0,0,3,30,1
1.235000,37.04,41.465,24.870,418,331,90.000,90,90,18.000,39.000,55.000,379,244,391,160,140,140,140,140,140,140,1,0,0,3,30,1
1.240000,39.74,41.820,25.090,427,335,90.000,90,90,18.000,39.000,55.000,382,248,397,160,142,142,142,142,142,142,1,0,0,3,30,1
1.245000,42.44,42.061,25.260,435,339,90.000,90,90,18.000,39.000,55.000,385,251,402,160,144,144,144,144,144,144,1,0,0,3,30,1
1.250000,45.14,42.188,25.310,442,343,90.000,90,90,18.000,39.000,55.000,385,254,407,160,146,146,146,146,146,146,1,0,0,3,30,1
1.255000,47.84,42.199,25.310,449,347,90.000,90,90,18.000,39.000,55.000,385,258,412,160,148,148,148,148,148,148,1,0,0,3,30,1
1.260000,50.54,42.095,25.260,454,351,90.000,90,90,18.000,39.000,55.000,385,261,418,160,150,150,150,150,150,150,1,0,0,3,30,1
1.265000,53.24,41.877,25.150,459,355,90.000,90,90,18.000,39.000,55.000,383,264,423,160,152,152,152,152,152,152,1,0,0,3,30,1
1.270000,55.94,41.549,24.930,462,360,90.000,90,90,18.000,39.000,55.000,380,268,430,160,154,154,154,154,154,154,1,0,0,3,30,1
1.275000,58.64,41.112,24.660,465,364,90.000,90,90,18.000,39.000,55.000,375,272,435,160,156,156,156,156,156,156,1,0,0,3,30,1
1.280000,61.34,40.572,24.330,466,368,90.000,90,90,18.000,39.000,55.000,370,275,441,160,158,158,158,158,158,158,1,0,0,3,30,1
1.285000,64.04,39.933,23.950,467,372,90.000,90,90,18.000,39.000,55.000,365,278,446,160,160,160,160,160,160,160,1,0,0,3,30,1
1.290000,66.74,39.202,23.510,466,376,90.000,90,90,18.000,39.000,55.000,358,282,451,160,162,162,162,162,162,162,1,0,0,3,30,1
1.295000,69.44,38.385,23.030,464,380,90.000,90,90,18.000,39.000,55.000,351,285,456,160,164,164,164,164,164,164,1,0,0,3,30,1
1.300000,72.14,37.490,22.480,462,383,90.000,90,90,18.000,39.000,55.000,342,287,460,160,165,165,165,165,165,165,1,0,0,3,30,1
1.305000,74.84,36.525,21.880,458,386,90.000,90,90,18.000,39.000,55.000,333,290,464,160,167,167,167,167,167,167,1,0,0,3,30,1
1.310000,77.54,35.498,21.280,453,389,90.000,90,90,18.000,39.000,55.000,324,293,468,160,168,168,168,168,168,168,1,0,0,3,30,1
1.315000,80.24,34.420,20.630,448,391,90.000,90,90,18.000,39.000,55.000,314,294,471,160,169,169,169,169,169,169,1,0,0,3,30,1
1.320000,82.94,33.299,19.980,441,393,90.000,90,90,18.000,39.000,55.000,304,296,474,160,170,170,170,170,170,170,1,0,0,3,30,1
1.325000,85.64,32.146,19.270,434,395,90.000,90,90,18.000,39.000,55.000,293,297,476,160,171,171,171,171,171,171,1,0,0,3,30,1
1.330000,88.34,30.971,18.560,426,397,90.000,90,90,18.000,39.000,55.000,282,299,479,160,172,172,172,172,172,172,1,0,0,3,30,1
1.335000,91.04,29.785,17.860,417,398,90.000,90,90,18.000,39.000,55.000,272,300,480,160,173,173,173,173,173,173,1,0,0,3,30,1
1.340000,93.74,28.597,17.150,408,398,90.000,90,90,18.000,39.000,55.000,261,300,480,160,173,173,173,173,173,173,1,0,0,3,30,1
1.345000,96.44,27.419,16.440,398,398,90.000,89,89,18.000,39.000,55.000,247,297,475,160,173,173,173,173,173,173,1,0,0,3,30,1
1.350000,99.14,26.262,15.740,388,398,90.000,89,89,18.000,39.000,55.000,237,297,475,160,173,173,173,173,173,173,1,0,0,3,30,1
1.355000,101.84,25.134,15.080,377,398,90.000,89,89,18.000,39.000,55.000,227,297,475,160,173,173,173,173,173,173,1,0,0,3,30,1
1.360000,104.54,24.046,14.430,366,397,90.000,89,89,18.000,39.000,55.000,217,296,474,160,172,172,172,172,172,172,1,0,0,3,30,1
1.365000,107.24,23.008,13.780,356,397,90.000,89,89,18.000,39.000,55.000,207,296,474,160,172,172,172,172,172,172,1,0,0,3,30,1
1.370000,109.94,22.029,13.230,345,396,90.000,90,90,18.000,39.000,55.000,201,298,478,160,172,172,172,172,172,172,1,0,0,3,30,1
1.375000,112.64,21.116,12.690,334,395,90.000,90,90,18.000,39.000,55.000,193,297,476,160,171,171,171,171,171,171,1,0,0,3,30,1
1.380000,115.34,20.278,12.150,323,393,90.000,90,90,18.000,39.000,55.000,185,296,474,160,170,170,170,170,170,170,1,0,0,3,30,1
1.385000,118.04,19.523,11.710,313,392,90.000,90,90,18.000,39.000,55.000,178,295,472,160,170,170,170,170,170,170,1,0,0,3,30,1
1.390000,120.74,18.855,11.330,303,390,90.000,90,90,18.000,39.000,55.000,172,293,470,160,169,169,169,169,169,169,1,0,0,3,30,1
1.395000,123.44,18.282,10.950,293,389,90.000,90,90,18.000,39.000,55.000,166,293,468,160,168,168,168,168,168,168,1,0,0,3,30,1
1.400000,126.14,17.808,10.680,284,387,90.000,90,90,18.000,39.000,55.000,162,291,466,160,167,167,167,167,167,167,1,0,0,3,30,1
1.405000,128.84,17.435,10.460,275,384,90.000,90,90,18.000,39.000,55.000,159,288,462,160,166,166,166,166,166,166,1,0,0,3,30,1
1.410000,131.54,17.169,10.300,267,382,90.000,90,90,18.000,39.000,55.000,157,287,459,160,165,165,165,165,165,165,1,0,0,3,30,1
1.415000,134.24,17.009,10.190,260,380,90.000,90,90,18.000,39.000,55.000,155,285,456,160,164,164,164,164,164,164,1,0,0,3,30,1
1.420000,136.94,16.958,10.190,254,378,90.000,90,90,18.000,39.000,55.000,155,283,454,160,163,163,163,163,163,163,1,0,0,3,30,1
1.425000,139.64,17.015,10.190,249,375,90.000,90,90,18.000,39.000,55.000,155,281,450,160,162,162,162,162,162,162,1,0,0,3,30,1
1.430000,142.34,17.179,10.300,244,373,90.000,90,90,18.000,39.000,55.000,157,279,447,160,161,161,161,161,161,161,1,0,0,3,30,1
1.435000,145.04,17.449,10.460,240,370,90.000,90,90,18.000,39.000,55.000,159,277,443,160,159,159,159,159,159,159,1,0,0,3,30,1
1.440000,147.74,17.820,10.680,238,367,90.000,90,90,18.000,39.000,55.000,162,274,439,160,158,158,158,158,158,158,1,0,0,3,30,1
1.445000,150.44,18.290,10.950,236,365,90.000,90,90,18.000,39.000,55.000,166,273,436,160,157,157,157,157,157,157,1,0,0,3,30,1
1.450000,153.14,18.854,11.330,235,362,90.000,90,90,18.000,39.000,55.000,172,270,432,160,155,155,155,155,155,155,1,0,0,3,30,1
1.455000,155.84,19.505,11.710,236,360,90.000,90,90,18.000,39.000,55.000,178,268,430,160,154,154,154,154,154,154,1,0,0,3,30,1
1.460000,158.54,20.238,12.150,237,357,90.000,90,90,18.000,39.000,55.000,185,266,426,160,153,153,153,153,153,153,1,0,0,3,30,1
1.465000,161.24,21.045,12.640,239,355,90.000,90,90,18.000,39.000,55.000,192,264,423,160,152,152,152,152,152,152,1,0,0,3,30,1
1.470000,163.94,21.919,13.130,242,353,90.000,90,90,18.000,39.000,55.000,200,263,421,160,151,151,151,151,151,151,1,0,0,3,30,1
1.475000,166.64,22.850,13.720,246,351,90.000,90,90,18.000,39.000,55.000,209,261,418,160,150,150,150,150,150,150,1,0,0,3,30,1
1.480000,169.34,23.831,14.270,251,349,90.000,90,90,18.000,39.000,55.000,217,259,415,160,149,149,149,149,149,149,1,0,0,3,30,1
1.485000,172.04,24.852,14.920,257,347,90.000,90,90,18.000,39.000,55.000,227,258,412,160,148,148,148,148,148,148,1,0,0,3,30,1
1.490000,174.74,25.903,15.520,263,345,90.000,90,90,18.000,39.000,55.000,236,256,410,160,147,147,147,147,147,147,1,0,0,3,30,1
1.495000,177.44,26.974,16.170,271,344,90.000,90,90,18.000,39.000,55.000,246,255,409,160,147,147,147,147,147,147,1,0,0,3,30,1
1.500000,180.14,28.054,16.820,278,342,90.000,90,90,18.000,39.000,55.000,256,253,406,160,146,146,146,146,146,146,1,0,0,3,30,1
1.505000,182.84,29.134,17.480,287,341,90.000,90,90,18.000,39.000,55.000,266,253,405,160,145,145,145,145,145,145,1,0,0,3,30,1
1.510000,185.54,30.203,18.130,296,340,90.000,90,90,18.000,39.000,55.000,276,252,403,160,145,145,145,145,145,145,1,0,0,3,30,1
1.515000,188.24,31.251,18.730,305,340,90.000,90,90,18.000,39.000,55.000,285,252,403,160,145,145,145,145,145,145,1,0,0,3,30,1
1.520000,190.94,32.269,19.380,314,339,90.000,90,90,18.000,39.000,55.000,295,251,402,160,144,144,144,144,144,144,1,0,0,3,30,1
1.525000,193.64,33.245,19.920,324,339,90.000,90,90,18.000,39.000,55.000,303,251,402,160,144,144,144,144,144,144,1,0,0,3,30,1
1.530000,196.34,34.171,20.520,334,339,90.000,90,90,18.000,39.000,55.000,312,251,402,160,144,144,144,144,144,144,1,0,0,3,30,1
1.535000,199.04,35.039,21.010,344,339,90.000,90,90,18.000,39.000,55.000,320,251,402,160,144,144,144,144,144,144,1,0,0,3,30,1
1.540000,201.74,35.839,21.500,353,339,90.000,90,90,18.000,39.000,55.000,327,251,402,160,144,144,144,144,144,144,1,0,0,3,30,1
1.545000,204.44,36.564,21.940,363,340,90.000,90,90,18.000,39.000,55.000,334,252,403,160,145,145,145,145,145,145,1,0,0,3,30,1
1.550000,207.14,37.207,22.320,372,341,90.000,90,90,18.000,39.000,55.000,340,253,405,160,145,145,145,145,145,145,1,0,0,3,30,1
1.555000,209.84,37.761,22.640,381,342,90.000,90,90,18.000,39.000,55.000,345,253,406,160,146,146,146,146,146,146,1,0,0,3,30,1
1.560000,212.54,38.221,22.920,390,344,90.000,90,90,18.000,39.000,55.000,349,255,409,160,147,147,147,147,147,147,1,0,0,3,30,1
1.565000,215.24,38.583,23.130,398,346,90.000,90,90,18.000,39.000,55.000,352,257,411,160,148,148,148,148,148,148,1,0,0,3,30,1
1.570000,217.94,38.842,23.300,405,348,90.000,90,90,18.000,39.000,55.000,355,259,414,160,149,149,149,149,149,149,1,0,0,3,30,1
1.575000,220.64,38.995,23.410,412,351,90.000,90,90,18.000,39.000,55.000,356,261,418,160,150,150,150,150,150,150,1,0,0,3,30,1
1.580000,223.34,39.041,23.410,418,353,90.000,90,90,18.000,39.000,55.000,356,263,421,160,151,151,151,151,151,151,1,0,0,3,30,1
1.585000,226.04,38.980,23.410,423,356,90.000,90,90,18.000,39.000,55.000,356,265,424,160,152,152,152,152,152,152,1,0,0,3,30,1
1.590000,228.74,38.809,23.300,427,359,90.000,90,90,18.000,39.000,55.000,355,268,429,160,154,154,154,154,154,154,1,0,0,3,30,1
1.595000,231.44,38.532,23.130,430,362,90.000,89,89,18.000,39.000,55.000,348,267,428,160,155,155,155,155,155,155,1,0,0,3,30,1
1.600000,234.14,38.150,22.860,433,364,90.000,89,89,18.000,39.000,55.000,344,269,430,160,156,156,156,156,156,156,1,0,0,3,30,1
1.605000,236.84,37.665,22.590,434,367,90.000,89,89,18.000,39.000,55.000,340,271,434,160,158,158,158,158,158,158,1,0,0,3,30,1
1.610000,239.54,37.082,22.260,434,370,90.000,89,89,18.000,39.000,55.000,335,274,438,160,159,159,159,159,159,159,1,0,0,3,30,1
1.615000,242.24,36.406,21.830,434,372,90.000,89,89,18.000,39.000,55.000,329,275,441,160,160,160,160,160,160,160,1,0,0,3,30,1
1.620000,244.94,35.641,21.390,433,375,90.000,90,90,18.000,39.000,55.000,326,281,450,160,162,162,162,162,162,162,1,0,0,3,30,1
1.625000,247.64,34.796,20.850,430,377,90.000,90,90,18.000,39.000,55.000,317,282,452,160,162,162,162,162,162,162,1,0,0,3,30,1
1.630000,250.34,33.876,20.310,427,379,90.000,90,90,18.000,39.000,55.000,309,284,455,160,163,163,163,163,163,163,1,0,0,3,30,1
1.635000,253.04,32.891,19.710,422,381,90.000,90,90,18.000,39.000,55.000,300,286,458,160,164,164,164,164,164,164,1,0,0,3,30,1
1.640000,255.74,31.847,19.110,417,383,90.000,90,90,18.000,39.000,55.000,291,287,460,160,165,165,165,165,165,165,1,0,0,3,30,1
1.645000,258.44,30.755,18.460,411,384,90.000,90,90,18.000,39.000,55.000,281,288,462,160,166,166,166,166,166,166,1,0,0,3,30,1
1.650000,261.14,29.624,17.750,404,385,90.000,90,90,18.000,39.000,55.000,270,289,463,160,166,166,166,166,166,166,1,0,0,3,30,1
1.655000,263.84,28.464,17.100,396,385,90.000,90,90,18.000,39.000,55.000,260,289,463,160,166,166,166,166,166,166,1,0,0,3,30,1
1.660000,266.54,27.284,16.390,388,386,90.000,90,90,18.000,39.000,55.000,249,290,464,160,167,167,167,167,167,167,1,0,0,3,30,1
1.665000,269.24,26.097,15.630,379,385,90.000,90,90,18.000,39.000,55.000,238,289,463,160,166,166,166,166,166,166,1,0,0,3,30,1
1.670000,271.94,24.911,14.920,369,385,90.000,90,90,18.000,39.000,55.000,227,289,463,160,166,166,166,166,166,166,1,0,0,3,30,1
1.675000,274.64,23.738,14.210,359,385,90.000,90,90,18.000,39.000,55.000,216,289,463,160,166,166,166,166,166,166,1,0,0,3,30,1
1.680000,277.34,22.587,13.560,348,384,90.000,90,90,18.000,39.000,55.000,206,288,462,160,166,166,166,166,166,166,1,0,0,3,30,1
1.685000,280.04,21.470,12.850,338,384,90.000,90,90,18.000,39.000,55.000,195,288,462,160,166,166,166,166,166,166,1,0,0,3,30,1
1.690000,282.74,20.397,12.260,327,383,90.000,90,90,18.000,39.000,55.000,186,287,460,160,165,165,165,165,165,165,1,0,0,3,30,1
1.695000,285.44,19.376,11.600,316,381,90.000,90,90,18.000,39.000,55.000,176,286,458,160,164,164,164,164,164,164,1,0,0,3,30,1
1.700000,288.14,18.417,11.060,305,380,90.000,90,90,18.000,39.000,55.000,168,285,456,160,164,164,164,164,164,164,1,0,0,3,30,1
1.705000,290.84,17.530,10.510,294,378,90.000,90,90,18.000,39.000,55.000,160,283,454,160,163,163,163,163,163,163,1,0,0,3,30,1
1.710000,293.54,16.721,10.030,283,377,90.000,90,90,18.000,39.000,55.000,152,282,452,160,162,162,162,162,162,162,1,0,0,3,30,1
1.715000,296.24,15.999,9.590,273,375,90.000,90,90,18.000,39.000,55.000,146,281,450,160,162,162,162,162,162,162,1,0,0,3,30,1
1.720000,298.94,15.369,9.210,263,373,90.000,90,90,18.000,39.000,55.000,140,279,447,160,161,161,161,161,161,161,1,0,0,3,30,1
1.725000,301.64,14.839,8.880,254,370,90.000,90,90,18.000,39.000,55.000,135,277,443,160,159,159,159,159,159,159,1,0,0,3,30,1
1.730000,304.34,14.413,8.670,245,368,90.000,90,90,18.000,39.000,55.000,132,275,441,160,158,158,158,158,158,158,1,0,0,3,30,1
1.735000,307.04,14.096,8.450,236,366,90.000,90,90,18.000,39.000,55.000,128,273,438,160,157,157,157,157,157,157,1,0,0,3,30,1
1.740000,309.74,13.890,8.340,229,363,90.000,90,90,18.000,39.000,55.000,127,271,434,160,156,156,156,156,156,156,1,0,0,3,30,1
1.745000,312.44,13.797,8.280,222,360,90.000,90,90,18.000,39.000,55.000,126,268,430,160,154,154,154,154,154,154,1,0,0,3,30,1
1.750000,315.14,13.820,8.280,216,358,90.000,90,90,18.000,39.000,55.000,126,267,427,160,153,153,153,153,153,153,1,0,0,3,30,1
1.755000,317.84,13.958,8.390,211,355,90.000,90,90,18.000,39.000,55.000,127,264,423,160,152,152,152,152,152,152,1,0,0,3,30,1
1.760000,320.54,14.211,8.500,207,352,90.000,90,90,18.000,39.000,55.000,129,262,419,160,151,151,151,151,151,151,1,0,0,3,30,1
1.765000,323.24,14.576,8.720,204,349,90.000,90,90,18.000,39.000,55.000,132,259,415,160,149,149,149,149,149,149,1,0,0,3,30,1
1.770000,325.94,15.052,9.050,202,346,90.000,90,90,18.000,39.000,55.000,137,257,411,160,148,148,148,148,148,148,1,0,0,3,30,1
1.775000,328.64,15.635,9.370,201,343,90.000,90,90,18.000,39.000,55.000,142,254,407,160,146,146,146,146,146,146,1,0,0,3,30,1
1.780000,331.34,16.319,9.810,201,341,90.000,90,90,18.000,39.000,55.000,149,253,405,160,145,145,145,145,145,145,1,0,0,3,30,1
1.785000,334.04,17.100,10.240,203,338,90.000,90,90,18.000,39.000,55.000,156,250,401,160,144,144,144,144,144,144,1,0,0,3,30,1
1.790000,336.74,17.971,10.790,205,335,90.000,90,90,18.000,39.000,55.000,164,248,397,160,142,142,142,142,142,142,1,0,0,3,30,1
1.795000,339.44,18.925,11.330,208,333,90.000,90,90,18.000,39.000,55.000,172,246,394,160,141,141,141,141,141,141,1,0,0,3,30,1
1.800000,342.14,19.955,11.980,212,330,90.000,90,90,18.000,39.000,55.000,182,244,390,160,140,140,140,140,140,140,1,0,0,3,30,1
1.805000,344.84,21.051,12.640,218,328,90.000,90,90,18.000,39.000,55.000,192,242,387,160,139,139,139,139,139,139,1,0,0,3,30,1
1.810000,347.54,22.205,13.340,224,326,90.000,90,90,18.000,39.000,55.000,203,240,385,160,138,138,138,138,138,138,1,0,0,3,30,1
1.815000,350.24,23.408,14.050,231,324,90.000,90,90,18.000,39.000,55.000,214,239,382,160,137,137,137,137,137,137,1,0,0,3,30,1
1.820000,352.94,24.649,14.810,239,322,90.000,90,90,18.000,39.000,55.000,225,237,379,160,136,136,136,136,136,136,1,0,0,3,30,1
1.825000,355.64,25.917,15.570,248,321,90.000,90,90,18.000,39.000,55.000,237,236,378,160,136,136,136,136,136,136,1,0,0,3,30,1
1.830000,358.34,27.203,16.330,257,320,90.000,90,90,18.000,39.000,55.000,248,235,377,160,135,135,135,135,135,135,1,0,0,3,30,1
1.835000,1.04,28.496,17.100,267,318,90.000,90,90,18.000,39.000,55.000,260,234,374,160,134,134,134,134,134,134,1,0,0,3,30,1
1.840000,3.74,29.784,17.860,278,318,90.000,90,90,18.000,39.000,55.000,272,234,374,160,134,134,134,134,134,134,1,0,0,3,30,1
1.845000,6.44,31.058,18.620,289,317,90.000,89,89,18.000,39.000,55.000,280,230,369,160,134,134,134,134,134,134,1,0,0,3,30,1
1.850000,9.14,32.306,19.380,301,317,90.000,89,89,18.000,39.000,55.000,292,230,369,160,134,134,134,134,134,134,1,0,0,3,30,1
1.855000,11.84,33.518,20.090,312,316,90.000,89,89,18.000,39.000,55.000,302,229,367,160,133,133,133,133,133,133,1,0,0,3,30,1
1.860000,14.54,34.684,20.790,324,316,90.000,89,89,18.000,39.000,55.000,313,229,367,160,133,133,133,133,133,133,1,0,0,3,30,1
1.865000,17.24,35.795,21.450,336,317,90.000,89,89,18.000,39.000,55.000,323,230,369,160,134,134,134,134,134,134,1,0,0,3,30,1
1.870000,19.94,36.841,22.100,348,318,90.000,90,90,18.000,39.000,55.000,336,234,374,160,134,134,134,134,134,134,1,0,0,3,30,1
1.875000,22.64,37.814,22.700,360,320,90.000,90,90,18.000,39.000,55.000,346,235,377,160,135,135,135,135,135,135,1,0,0,3,30,1
1.880000,25.34,38.705,23.240,372,321,90.000,90,90,18.000,39.000,55.000,354,236,378,160,136,136,136,136,136,136,1,0,0,3,30,1
1.885000,28.04,39.507,23.680,383,324,90.000,90,90,18.000,39.000,55.000,361,239,382,160,137,137,137,137,137,137,1,0,0,3,30,1
1.890000,30.74,40.215,24.110,394,326,90.000,90,90,18.000,39.000,55.000,367,240,385,160,138,138,138,138,138,138,1,0,0,3,30,1
1.895000,33.44,40.821,24.490,405,329,90.000,90,90,18.000,39.000,55.000,373,243,389,160,140,140,140,140,140,140,1,0,0,3,30,1
1.900000,36.14,41.322,24.770,415,333,90.000,90,90,18.000,39.000,55.000,377,246,394,160,141,141,141,141,141,141,1,0,0,3,30,1
1.905000,38.84,41.714,25.040,424,336,90.000,90,90,18.000,39.000,55.000,381,248,398,160,143,143,143,143,143,143,1,0,0,3,30,1
1.910000,41.54,41.993,25.200,432,340,90.000,90,90,18.000,39.000,55.000,384,252,403,160,145,145,145,145,145,145,1,0,0,3,30,1
1.915000,44.24,42.158,25.310,440,344,90.000,90,90,18.000,39.000,55.000,385,255,409,160,147,147,147,147,147,147,1,0,0,3,30,1
1.920000,46.94,42.208,25.310,447,348,90.000,90,90,18.000,39.000,55.000,385,259,414,160,149,149,149,149,149,149,1,0,0,3,30,1
1.925000,49.64,42.142,25.260,453,352,90.000,90,90,18.000,39.000,55.000,385,262,419,160,151,151,151,151,151,151,1,0,0,3,30,1
1.930000,52.34,41.962,25.150,458,356,90.000,90,90,18.000,39.000,55.000,383,265,424,160,152,152,152,152,152,152,1,0,0,3,30,1
1.935000,55.04,41.671,24.980,461,360,90.000,90,90,18.000,39.000,55.000,380,268,430,160,154,154,154,154,154,154,1,0,0,3,30,1
1.940000,57.74,41.270,24.770,464,364,90.000,90,90,18.000,39.000,55.000,377,272,435,160,156,156,156,156,156,156,1,0,0,3,30,1
1.945000,60.44,40.763,24.440,466,369,90.000,90,90,18.000,39.000,55.000,372,276,442,160,159,159,159,159,159,159,1,0,0,3,30,1
1.950000,63.14,40.157,24.110,467,372,90.000,90,90,18.000,39.000,55.000,367,278,446,160,160,160,160,160,160,160,1,0,0,3,30,1
1.955000,65.84,39.456,23.680,467,376,90.000,90,90,18.000,39.000,55.000,361,282,451,160,162,162,162,162,162,162,1,0,0,3,30,1
1.960000,68.54,38.667,23.190,465,380,90.000,90,90,18.000,39.000,55.000,353,285,456,160,164,164,164,164,164,164,1,0,0,3,30,1
1.965000,71.24,37.797,22.640,463,383,90.000,90,90,18.000,39.000,55.000,345,287,460,160,165,165,165,165,165,165,1,0,0,3,30,1
1.970000,73.94,36.854,22.100,459,386,90.000,90,90,18.000,39.000,55.000,336,290,464,160,167,167,167,167,167,167,1,0,0,3,30,1
1.975000,76.64,35.847,21.500,455,389,90.000,90,90,18.000,39.000,55.000,327,293,468,160,168,168,168,168,168,168,1,0,0,3,30,1
1.980000,79.34,34.784,20.850,450,392,90.000,90,90,18.000,39.000,55.000,317,295,472,160,170,170,170,170,170,170,1,0,0,3,30,1
1.985000,82.04,33.677,20.200,443,394,90.000,90,90,18.000,39.000,55.000,307,297,475,160,171,171,171,171,171,171,1,0,0,3,30,1
1.990000,84.74,32.533,19.490,436,396,90.000,90,90,18.000,39.000,55.000,297,298,478,160,172,172,172,172,172,172,1,0,0,3,30,1
1.995000,87.44,31.364,18.840,429,397,90.000,90,90,18.000,39.000,55.000,287,299,479,160,172,172,172,172,172,172,1,0,0,3,30,1
2.000000,90.14,30.181,18.080,420,398,90.000,90,90,18.000,39.000,55.000,275,300,480,160,173,173,173,173,173,173,1,0,0,3,30,1
2.005000,92.84,28.992,17.370,411,399,90.000,90,90,18.000,39.000,55.000,264,301,482,160,173,173,173,173,173,173,1,0,0,3,30,1
2.010000,95.54,27.810,16.660,401,399,90.000,90,90,18.000,39.000,55.000,253,301,482,160,173,173,173,173,173,173,1,0,0,3,30,1
2.015000,98.24,26.645,15.950,391,399,90.000,90,90,18.000,39.000,55.000,243,301,482,160,173,173,173,173,173,173,1,0,0,3,30,1
2.020000,100.94,25.506,15.300,381,399,90.000,90,90,18.000,39.000,55.000,233,301,482,160,173,173,173,173,173,173,1,0,0,3,30,1
2.025000,103.64,24.404,14.650,370,399,90.000,90,90,18.000,39.000,55.000,223,301,482,160,173,173,173,173,173,173,1,0,0,3,30,1
2.030000,106.34,23.348,14.000,359,398,90.000,90,90,18.000,39.000,55.000,213,300,480,160,173,173,173,173,173,173,1,0,0,3,30,1
2.035000,109.04,22.348,13.400,348,397,90.000,90,90,18.000,39.000,55.000,204,299,479,160,172,172,172,172,172,172,1,0,0,3,30,1
2.040000,111.74,21.412,12.850,337,396,90.000,90,90,18.000,39.000,55.000,195,298,478,160,172,172,172,172,172,172,1,0,0,3,30,1
2.045000,114.44,20.549,12.310,327,395,90.000,90,90,18.000,39.000,55.000,187,297,476,160,171,171,171,171,171,171,1,0,0,3,30,1
2.050000,117.14,19.765,11.870,316,393,90.000,90,90,18.000,39.000,55.000,180,296,474,160,170,170,170,170,170,170,1,0,0,3,30,1
2.055000,119.84,19.068,11.440,306,392,90.000,90,90,18.000,39.000,55.000,174,295,472,160,170,170,170,170,170,170,1,0,0,3,30,1
2.060000,122.54,18.462,11.060,296,390,90.000,90,90,18.000,39.000,55.000,168,293,470,160,169,169,169,169,169,169,1,0,0,3,30,1
2.065000,125.24,17.955,10.790,287,388,90.000,90,90,18.000,39.000,55.000,164,292,467,160,168,168,168,168,168,168,1,0,0,3,30,1
2.070000,127.94,17.548,10.510,278,386,90.000,90,90,18.000,39.000,55.000,160,290,464,160,167,167,167,167,167,167,1,0,0,3,30,1
2.075000,130.64,17.246,10.350,270,384,90.000,90,90,18.000,39.000,55.000,157,288,462,160,166,166,166,166,166,166,1,0,0,3,30,1
2.080000,133.34,17.051,10.240,263,382,90.000,90,90,18.000,39.000,55.000,156,287,459,160,165,165,165,165,165,165,1,0,0,3,30,1
2.085000,136.04,16.963,10.190,256,379,90.000,90,90,18.000,39.000,55.000,155,284,455,160,163,163,163,163,163,163,1,0,0,3,30,1
2.090000,138.74,16.984,10.190,250,377,90.000,90,90,18.000,39.000,55.000,155,282,452,160,162,162,162,162,162,162,1,0,0,3,30,1
2.095000,141.44,17.113,10.240,245,374,90.000,89,89,18.000,39.000,55.000,154,277,443,160,161,161,161,161,161,161,1,0,0,3,30,1
2.100000,144.14,17.348,10.410,242,372,90.000,89,89,18.000,39.000,55.000,156,275,441,160,160,160,160,160,160,160,1,0,0,3,30,1
2.105000,146.84,17.685,10.620,239,369,90.000,89,89,18.000,39.000,55.000,160,273,437,160,159,159,159,159,159,159,1,0,0,3,30,1
2.110000,149.54,18.123,10.900,237,366,90.000,89,89,18.000,39.000,55.000,164,270,433,160,157,157,157,157,157,157,1,0,0,3,30,1
2.115000,152.24,18.656,11.170,236,364,90.000,89,89,18.000,39.000,55.000,168,269,430,160,156,156,156,156,156,156,1,0,0,3,30,1
2.120000,154.94,19.278,11.550,235,361,90.000,90,90,18.000,39.000,55.000,176,269,431,160,155,155,155,155,155,155,1,0,0,3,30,1
2.125000,157.64,19.985,11.980,236,359,90.000,90,90,18.000,39.000,55.000,182,268,429,160,154,154,154,154,154,154,1,0,0,3,30,1
2.130000,160.34,20.768,12.470,238,357,90.000,90,90,18.000,39.000,55.000,190,266,426,160,153,153,153,153,153,153,1,0,0,3,30,1
2.135000,163.04,21.621,12.960,241,354,90.000,90,90,18.000,39.000,55.000,197,263,422,160,151,151,151,151,151,151,1,0,0,3,30,1
2.140000,165.74,22.534,13.510,245,352,90.000,90,90,18.000,39.000,55.000,205,262,419,160,151,151,151,151,151,151,1,0,0,3,30,1
2.145000,168.44,23.500,14.100,249,350,90.000,90,90,18.000,39.000,55.000,214,260,417,160,150,150,150,150,150,150,1,0,0,3,30,1
2.150000,171.14,24.508,14.700,255,348,90.000,90,90,18.000,39.000,55.000,224,259,414,160,149,149,149,149,149,149,1,0,0,3,30,1
2.155000,173.84,25.550,15.360,261,346,90.000,90,90,18.000,39.000,55.000,234,257,411,160,148,148,148,148,148,148,1,0,0,3,30,1
2.160000,176.54,26.615,15.950,268,345,90.000,90,90,18.000,39.000,55.000,243,256,410,160,147,147,147,147,147,147,1,0,0,3,30,1
2.165000,179.24,27.693,16.610,276,343,90.000,90,90,18.000,39.000,55.000,253,254,407,160,146,146,146,146,146,146,1,0,0,3,30,1
2.170000,181.94,28.775,17.260,284,342,90.000,90,90,18.000,39.000,55.000,263,253,406,160,146,146,146,146,146,146,1,0,0,3,30,1
2.175000,184.64,29.849,17.910,293,341,90.000,90,90,18.000,39.000,55.000,273,253,405,160,145,145,145,145,145,145,1,0,0,3,30,1
2.180000,187.34,30.905,18.560,302,340,90.000,90,90,18.000,39.000,55.000,282,252,403,160,145,145,145,145,145,145,1,0,0,3,30,1
2.185000,190.04,31.934,19.160,311,340,90.000,90,90,18.000,39.000,55.000,292,252,403,160,145,145,145,145,145,145,1,0,0,3,30,1
2.190000,192.74,32.925,19.760,321,339,90.000,90,90,18.000,39.000,55.000,301,251,402,160,144,144,144,144,144,144,1,0,0,3,30,1
2.195000,195.44,33.869,20.310,331,339,90.000,90,90,18.000,39.000,55.000,309,251,402,160,144,144,144,144,144,144,1,0,0,3,30,1
2.200000,198.14,34.757,20.850,341,339,90.000,90,90,18.000,39.000,55.000,317,251,402,160,144,144,144,144,144,144,1,0,0,3,30,1
2.205000,200.84,35.580,21.340,350,339,90.000,90,90,18.000,39.000,55.000,325,251,402,160,144,144,144,144,144,144,1,0,0,3,30,1
2.210000,203.54,36.331,21.770,360,340,90.000,90,90,18.000,39.000,55.000,331,252,403,160,145,145,145,145,145,145,1,0,0,3,30,1
2.215000,206.24,37.002,22.210,369,341,90.000,90,90,18.000,39.000,55.000,338,253,405,160,145,145,145,145,145,145,1,0,0,3,30,1
2.220000,208.94,37.586,22.540,378,342,90.000,90,90,18.000,39.000,55.000,343,253,406,160,146,146,146,146,146,146,1,0,0,3,30,1
2.225000,211.64,38.079,22.860,387,344,90.000,90,90,18.000,39.000,55.000,348,255,409,160,147,147,147,147,147,147,1,0,0,3,30,1
2.230000,214.34,38.473,23.080,395,346,90.000,90,90,18.000,39.000,55.000,351,257,411,160,148,148,148,148,148,148,1,0,0,3,30,1
2.235000,217.04,38.767,23.240,403,348,90.000,90,90,18.000,39.000,55.000,354,259,414,160,149,149,149,149,149,149,1,0,0,3,30,1
2.240000,219.74,38.956,23.350,410,350,90.000,90,90,18.000,39.000,55.000,355,260,417,160,150,150,150,150,150,150,1,0,0,3,30,1
2.245000,222.44,39.038,23.410,416,353,90.000,90,90,18.000,39.000,55.000,356,263,421,160,151,151,151,151,151,151,1,0,0,3,30,1
2.250000,225.14,39.012,23.410,421,355,90.000,90,90,18.000,39.000,55.000,356,264,423,160,152,152,152,152,152,152,1,0,0,3,30,1
2.255000,227.84,38.878,23.300,426,358,90.000,90,90,18.000,39.000,55.000,355,267,427,160,153,153,153,153,153,153,1,0,0,3,30,1
2.260000,230.54,38.636,23.190,429,361,90.000,90,90,18.000,39.000,55.000,353,269,431,160,155,155,155,155,155,155,1,0,0,3,30,1
2.265000,233.24,38.289,22.970,432,364,90.000,90,90,18.000,39.000,55.000,350,272,435,160,156,156,156,156,156,156,1,0,0,3,30,1
2.270000,235.94,37.838,22.700,434,367,90.000,90,90,18.000,39.000,55.000,346,274,439,160,158,158,158,158,158,158,1,0,0,3,30,1
2.275000,238.64,37.287,22.370,434,369,90.000,90,90,18.000,39.000,55.000,341,276,442,160,159,159,159,159,159,159,1,0,0,3,30,1
2.280000,241.34,36.641,21.990,434,372,90.000,90,90,18.000,39.000,55.000,335,278,446,160,160,160,160,160,160,160,1,0,0,3,30,1
2.285000,244.04,35.906,21.560,433,374,90.000,90,90,18.000,39.000,55.000,328,280,448,160,161,161,161,161,161,161,1,0,0,3,30,1
2.290000,246.74,35.086,21.070,431,377,90.000,90,90,18.000,39.000,55.000,321,282,452,160,162,162,162,162,162,162,1,0,0,3,30,1
2.295000,249.44,34.191,20.520,428,379,90.000,90,90,18.000,39.000,55.000,312,284,455,160,163,163,163,163,163,163,1,0,0,3,30,1
2.300000,252.14,33.226,19.920,424,381,90.000,90,90,18.000,39.000,55.000,303,286,458,160,164,164,164,164,164,164,1,0,0,3,30,1
2.305000,254.84,32.201,19.330,419,382,90.000,90,90,18.000,39.000,55.000,294,287,459,160,165,165,165,165,165,165,1,0,0,3,30,1
2.310000,257.54,31.124,18.670,413,384,90.000,90,90,18.000,39.000,55.000,284,288,462,160,166,166,166,166,166,166,1,0,0,3,30,1
2.315000,260.24,30.005,18.020,406,385,90.000,90,90,18.000,39.000,55.000,274,289,463,160,166,166,166,166,166,166,1,0,0,3,30,1
2.320000,262.94,28.853,17.310,399,385,90.000,90,90,18.000,39.000,55.000,263,289,463,160,166,166,166,166,166,166,1,0,0,3,30,1
2.325000,265.64,27.679,16.610,390,386,90.000,90,90,18.000,39.000,55.000,253,290,464,160,167,167,167,167,167,167,1,0,0,3,30,1
2.330000,268.34,26.493,15.900,382,386,90.000,90,90,18.000,39.000,55.000,242,290,464,160,167,167,167,167,167,167,1,0,0,3,30,1
2.335000,271.04,25.305,15.190,372,386,90.000,90,90,18.000,39.000,55.000,231,290,464,160,167,167,167,167,167,167,1,0,0,3,30,1
2.340000,273.74,24.127,14.490,362,385,90.000,90,90,18.000,39.000,55.000,220,289,463,160,166,166,166,166,166,166,1,0,0,3,30,1
2.345000,276.44,22.968,13.780,352,385,90.000,89,89,18.000,39.000,55.000,207,286,458,160,166,166,166,166,166,166,1,0,0,3,30,1
2.350000,279.14,21.838,13.130,341,384,90.000,89,89,18.000,39.000,55.000,197,285,457,160,166,166,166,166,166,166,1,0,0,3,30,1
2.355000,281.84,20.749,12.470,331,383,90.000,89,89,18.000,39.000,55.000,188,284,455,160,165,165,165,165,165,165,1,0,0,3,30,1
2.360000,284.54,19.710,11.820,320,382,90.000,89,89,18.000,39.000,55.000,178,284,454,160,165,165,165,165,165,165,1,0,0,3,30,1
2.365000,287.24,18.729,11.220,309,381,90.000,89,89,18.000,39.000,55.000,169,283,453,160,164,164,164,164,164,164,1,0,0,3,30,1
2.370000,289.94,17.817,10.680,298,379,90.000,90,90,18.000,39.000,55.000,162,284,455,160,163,163,163,163,163,163,1,0,0,3,30,1
2.375000,292.64,16.981,10.190,287,377,90.000,90,90,18.000,39.000,55.000,155,282,452,160,162,162,162,162,162,162,1,0,0,3,30,1
2.380000,295.34,16.229,9.750,277,376,90.000,90,90,18.000,39.000,55.000,148,282,451,160,162,162,162,162,162,162,1,0,0,3,30,1
2.385000,298.04,15.568,9.320,266,374,90.000,90,90,18.000,39.000,55.000,142,280,448,160,161,161,161,161,161,161,1,0,0,3,30,1
2.390000,300.74,15.005,8.990,257,371,90.000,90,90,18.000,39.000,55.000,137,278,444,160,160,160,160,160,160,160,1,0,0,3,30,1
2.395000,303.44,14.544,8.720,248,369,90.000,90,90,18.000,39.000,55.000,132,276,442,160,159,159,159,159,159,159,1,0,0,3,30,1
2.400000,306.14,14.189,8.500,239,367,90.000,90,90,18.000,39.000,55.000,129,274,439,160,158,158,158,158,158,158,1,0,0,3,30,1
2.405000,308.84,13.946,8.390,231,364,90.000,90,90,18.000,39.000,55.000,127,272,435,160,156,156,156,156,156,156,1,0,0,3,30,1
2.410000,311.54,13.815,8.280,224,361,90.000,90,90,18.000,39.000,55.000,126,269,431,160,155,155,155,155,155,155,1,0,0,3,30,1
2.415000,314.24,13.800,8.280,218,359,90.000,90,90,18.000,39.000,55.000,126,268,429,160,154,154,154,154,154,154,1,0,0,3,30,1
2.420000,316.94,13.899,8.340,213,356,90.000,90,90,18.000,39.000,55.000,127,265,424,160,152,152,152,152,152,152,1,0,0,3,30,1
2.425000,319.64,14.114,8.450,209,353,90.000,90,90,18.000,39.000,55.000,128,263,421,160,151,151,151,151,151,151,1,0,0,3,30,1
2.430000,322.34,14.442,8.670,205,350,90.000,90,90,18.000,39.000,55.000,132,260,417,160,150,150,150,150,150,150,1,0,0,3,30,1
2.435000,325.04,14.881,8.940,203,347,90.000,90,90,18.000,39.000,55.000,136,258,412,160,148,148,148,148,148,148,1,0,0,3,30,1
2.440000,327.74,15.429,9.260,202,344,90.000,90,90,18.000,39.000,55.000,141,255,409,160,147,147,147,147,147,147,1,0,0,3,30,1
2.445000,330.44,16.080,9.640,201,342,90.000,90,90,18.000,39.000,55.000,146,253,406,160,146,146,146,146,146,146,1,0,0,3,30,1
2.450000,333.14,16.829,10.080,202,339,90.000,90,90,18.000,39.000,55.000,153,251,402,160,144,144,144,144,144,144,1,0,0,3,30,1
2.455000,335.84,17.671,10.620,204,336,90.000,90,90,18.000,39.000,55.000,161,248,398,160,143,143,143,143,143,143,1,0,0,3,30,1
2.460000,338.54,18.598,11.170,207,334,90.000,90,90,18.000,39.000,55.000,170,247,395,160,142,142,142,142,142,142,1,0,0,3,30,1
2.465000,341.24,19.604,11.770,211,331,90.000,90,90,18.000,39.000,55.000,179,244,391,160,140,140,140,140,140,140,1,0,0,3,30,1
2.470000,343.94,20.679,12.420,216,329,90.000,90,90,18.000,39.000,55.000,189,243,389,160,140,140,140,140,140,140,1,0,0,3,30,1
2.475000,346.64,21.815,13.070,222,327,90.000,90,90,18.000,39.000,55.000,199,241,386,160,139,139,139,139,139,139,1,0,0,3,30,1
2.480000,349.34,23.002,13.780,229,325,90.000,90,90,18.000,39.000,55.000,210,239,383,160,138,138,138,138,138,138,1,0,0,3,30,1
2.485000,352.04,24.231,14.540,236,323,90.000,90,90,18.000,39.000,55.000,221,238,381,160,137,137,137,137,137,137,1,0,0,3,30,1
2.490000,354.74,25.492,15.300,245,321,90.000,90,90,18.000,39.000,55.000,233,236,378,160,136,136,136,136,136,136,1,0,0,3,30,1
2.495000,357.44,26.773,16.060,254,320,90.000,90,90,18.000,39.000,55.000,244,235,377,160,135,135,135,135,135,135,1,0,0,3,30,1
2.500000,0.14,28.065,16.820,264,319,90.000,90,90,18.000,39.000,55.000,256,234,375,160,135,135,135,135,135,135,1,0,0,3,30,1
2.505000,2.84,29.356,17.590,274,318,90.000,90,90,18.000,39.000,55.000,268,234,374,160,134,134,134,134,134,134,1,0,0,3,30,1
2.510000,5.54,30.635,18.400,285,317,90.000,90,90,18.000,39.000,55.000,280,233,373,160,134,134,134,134,134,134,1,0,0,3,30,1
2.515000,8.24,31.893,19.110,297,317,90.000,90,90,18.000,39.000,55.000,291,233,373,160,134,134,134,134,134,134,1,0,0,3,30,1
2.520000,10.94,33.118,19.870,309,317,90.000,90,90,18.000,39.000,55.000,302,233,373,160,134,134,134,134,134,134,1,0,0,3,30,1
2.525000,13.64,34.301,20.580,320,317,90.000,90,90,18.000,39.000,55.000,313,233,373,160,134,134,134,134,134,134,1,0,0,3,30,1
2.530000,16.34,35.431,21.230,332,317,90.000,90,90,18.000,39.000,55.000,323,233,373,160,134,134,134,134,134,134,1,0,0,3,30,1
2.535000,19.04,36.500,21.880,344,318,90.000,90,90,18.000,39.000,55.000,333,234,374,160,134,134,134,134,134,134,1,0,0,3,30,1
2.540000,21.74,37.498,22.480,356,319,90.000,90,90,18.000,39.000,55.000,342,234,375,160,135,135,135,135,135,135,1,0,0,3,30,1
2.545000,24.44,38.417,23.030,368,321,90.000,90,90,18.000,39.000,55.000,351,236,378,160,136,136,136,136,136,136,1,0,0,3,30,1
2.550000,27.14,39.250,23.510,380,323,90.000,90,90,18.000,39.000,55.000,358,238,381,160,137,137,137,137,137,137,1,0,0,3,30,1
2.555000,29.84,39.990,24.000,391,325,90.000,90,90,18.000,39.000,55.000,365,239,383,160,138,138,138,138,138,138,1,0,0,3,30,1
2.560000,32.54,40.631,24.380,401,328,90.000,90,90,18.000,39.000,55.000,371,242,387,160,139,139,139,139,139,139,1,0,0,3,30,1
2.565000,35.24,41.167,24.710,411,332,90.000,90,90,18.000,39.000,55.000,376,245,393,160,141,141,141,141,141,141,1,0,0,3,30,1
2.570000,37.94,41.596,24.930,421,335,90.000,90,90,18.000,39.000,55.000,380,248,397,160,142,142,142,142,142,142,1,0,0,3,30,1
2.575000,40.64,41.913,25.150,430,339,90.000,90,90,18.000,39.000,55.000,383,251,402,160,144,144,144,144,144,144,1,0,0,3,30,1
2.580000,43.34,42.116,25.260,437,342,90.000,90,90,18.000,39.000,55.000,385,253,406,160,146,146,146,146,146,146,1,0,0,3,30,1
2.585000,46.04,42.204,25.310,445,346,90.000,90,90,18.000,39.000,55.000,385,257,411,160,148,148,148,148,148,148,1,0,0,3,30,1
2.590000,48.74,42.177,25.310,451,351,90.000,90,90,18.000,39.000,55.000,385,261,418,160,150,150,150,150,150,150,1,0,0,3,30,1
2.595000,51.44,42.035,25.200,456,355,90.000,89,89,18.000,39.000,55.000,379,261,419,160,152,152,152,152,152,152,1,0,0,3,30,1
2.600000,54.14,41.780,25.040,460,359,90.000,89,89,18.000,39.000,55.000,377,265,424,160,154,154,154,154,154,154,1,0,0,3,30,1
2.605000,56.84,41.415,24.820,463,363,90.000,89,89,18.000,39.000,55.000,374,268,429,160,156,156,156,156,156,156,1,0,0,3,30,1
2.610000,59.54,40.943,24.550,466,367,90.000,89,89,18.000,39.000,55.000,370,271,434,160,158,158,158,158,158,158,1,0,0,3,30,1
2.615000,62.24,40.370,24.220,467,371,90.000,89,89,18.000,39.000,55.000,365,274,439,160,160,160,160,160,160,160,1,0,0,3,30,1
2.620000,64.94,39.700,23.790,467,375,90.000,90,90,18.000,39.000,55.000,362,281,450,160,162,162,162,162,162,162,1,0,0,3,30,1
2.625000,67.64,38.939,23.350,466,379,90.000,90,90,18.000,39.000,55.000,355,284,455,160,163,163,163,163,163,163,1,0,0,3,30,1
2.630000,70.34,38.095,22.860,464,382,90.000,90,90,18.000,39.000,55.000,348,287,459,160,165,165,165,165,165,165,1,0,0,3,30,1
2.635000,73.04,37.176,22.320,461,385,90.000,90,90,18.000,39.000,55.000,340,289,463,160,166,166,166,166,166,166,1,0,0,3,30,1
2.640000,75.74,36.189,21.720,457,388,90.000,90,90,18.000,39.000,55.000,331,292,467,160,168,168,168,168,168,168,1,0,0,3,30,1
2.645000,78.44,35.144,21.070,451,391,90.000,90,90,18.000,39.000,55.000,321,294,471,160,169,169,169,169,169,169,1,0,0,3,30,1
2.650000,81.14,34.050,20.410,446,393,90.000,90,90,18.000,39.000,55.000,311,296,474,160,170,170,170,170,170,170,1,0,0,3,30,1
2.655000,83.84,32.918,19.760,439,395,90.000,90,90,18.000,39.000,55.000,301,297,476,160,171,171,171,171,171,171,1,0,0,3,30,1
2.660000,86.54,31.756,19.050,431,397,90.000,90,90,18.000,39.000,55.000,290,299,479,160,172,172,172,172,172,172,1,0,0,3,30,1
2.665000,89.24,30.576,18.350,423,398,90.000,90,90,18.000,39.000,55.000,279,300,480,160,173,173,173,173,173,173,1,0,0,3,30,1
2.670000,91.94,29.388,17.640,414,399,90.000,90,90,18.000,39.000,55.000,268,301,482,160,173,173,173,173,173,173,1,0,0,3,30,1
2.675000,94.64,28.203,16.930,405,399,90.000,90,90,18.000,39.000,55.000,258,301,482,160,173,173,173,173,173,173,1,0,0,3,30,1
2.680000,97.34,27.031,16.230,395,399,90.000,90,90,18.000,39.000,55.000,247,301,482,160,173,173,173,173,173,173,1,0,0,3,30,1
2.685000,100.04,25.882,15.520,384,399,90.000,90,90,18.000,39.000,55.000,236,301,482,160,173,173,173,173,173,173,1,0,0,3,30,1
2.690000,102.74,24.766,14.870,374,399,90.000,90,90,18.000,39.000,55.000,226,301,482,160,173,173,173,173,173,173,1,0,0,3,30,1
2.695000,105.44,23.694,14.210,363,398,90.000,90,90,18.000,39.000,55.000,216,300,480,160,173,173,173,173,173,173,1,0,0,3,30,1
2.700000,108.14,22.675,13.620,352,397,90.000,90,90,18.000,39.000,55.000,207,299,479,160,172,172,172,172,172,172,1,0,0,3,30,1
2.705000,110.84,21.717,13.020,341,396,90.000,90,90,18.000,39.000,55.000,198,298,478,160,172,172,172,172,172,172,1,0,0,3,30,1
2.710000,113.54,20.828,12.470,330,395,90.000,90,90,18.000,39.000,55.000,190,297,476,160,171,171,171,171,171,171,1,0,0,3,30,1
2.715000,116.24,20.017,11.980,320,394,90.000,90,90,18.000,39.000,55.000,182,297,475,160,171,171,171,171,171,171,1,0,0,3,30,1
2.720000,118.94,19.290,11.550,309,392,90.000,90,90,18.000,39.000,55.000,176,295,472,160,170,170,170,170,170,170,1,0,0,3,30,1
2.725000,121.64,18.654,11.170,299,391,90.000,90,90,18.000,39.000,55.000,170,294,471,160,169,169,169,169,169,169,1,0,0,3,30,1
2.730000,124.34,18.113,10.840,290,389,90.000,90,90,18.000,39.000,55.000,165,293,468,160,168,168,168,168,168,168,1,0,0,3,30,1
2.735000,127.04,17.672,10.620,281,387,90.000,90,90,18.000,39.000,55.000,161,291,466,160,167,167,167,167,167,167,1,0,0,3,30,1
2.740000,129.74,17.335,10.410,273,385,90.000,90,90,18.000,39.000,55.000,158,289,463,160,166,166,166,166,166,166,1,0,0,3,30,1
2.745000,132.44,17.104,10.240,265,382,90.000,90,90,18.000,39.000,55.000,156,287,459,160,165,165,165,165,165,165,1,0,0,3,30,1
2.750000,135.14,16.980,10.190,258,380,90.000,90,90,18.000,39.000,55.000,155,285,456,160,164,164,164,164,164,164,1,0,0,3,30,1
2.755000,137.84,16.965,10.190,252,377,90.000,90,90,18.000,39.000,55.000,155,282,452,160,162,162,162,162,162,162,1,0,0,3,30,1
2.760000,140.54,17.058,10.240,247,375,90.000,90,90,18.000,39.000,55.000,156,281,450,160,162,162,162,162,162,162,1,0,0,3,30,1
2.765000,143.24,17.258,10.350,243,372,90.000,90,90,18.000,39.000,55.000,157,278,446,160,160,160,160,160,160,160,1,0,0,3,30,1
2.770000,145.94,17.562,10.510,239,370,90.000,90,90,18.000,39.000,55.000,160,277,443,160,159,159,159,159,159,159,1,0,0,3,30,1
2.775000,148.64,17.966,10.790,237,367,90.000,90,90,18.000,39.000,55.000,164,274,439,160,158,158,158,158,158,158,1,0,0,3,30,1
2.780000,151.34,18.468,11.060,236,365,90.000,90,90,18.000,39.000,55.000,168,273,436,160,157,157,157,157,157,157,1,0,0,3,30,1
2.785000,154.04,19.061,11.440,235,362,90.000,90,90,18.000,39.000,55.000,174,270,432,160,155,155,155,155,155,155,1,0,0,3,30,1
2.790000,156.74,19.741,11.820,236,360,90.000,90,90,18.000,39.000,55.000,180,268,430,160,154,154,154,154,154,154,1,0,0,3,30,1
2.795000,159.44,20.499,12.310,237,357,90.000,90,90,18.000,39.000,55.000,187,266,426,160,153,153,153,153,153,153,1,0,0,3,30,1
2.800000,162.14,21.329,12.800,240,355,90.000,90,90,18.000,39.000,55.000,195,264,423,160,152,152,152,152,152,152,1,0,0,3,30,1
2.805000,164.84,22.223,13.340,243,353,90.000,90,90,18.000,39.000,55.000,203,263,421,160,151,151,151,151,151,151,1,0,0,3,30,1
2.810000,167.54,23.172,13.890,248,351,90.000,90,90,18.000,39.000,55.000,211,261,418,160,150,150,150,150,150,150,1,0,0,3,30,1
2.815000,170.24,24.168,14.490,253,349,90.000,90,90,18.000,39.000,55.000,220,259,415,160,149,149,149,149,149,149,1,0,0,3,30,1
2.820000,172.94,25.200,15.140,259,347,90.000,90,90,18.000,39.000,55.000,230,258,412,160,148,148,148,148,148,148,1,0,0,3,30,1
2.825000,175.64,26.258,15.740,266,345,90.000,90,90,18.000,39.000,55.000,239,256,410,160,147,147,147,147,147,147,1,0,0,3,30,1
2.830000,178.34,27.333,16.390,273,344,90.000,90,90,18.000,39.000,55.000,249,255,409,160,147,147,147,147,147,147,1,0,0,3,30,1
2.835000,181.04,28.415,17.040,281,343,90.000,90,90,18.000,39.000,55.000,259,254,407,160,146,146,146,146,146,146,1,0,0,3,30,1
2.840000,183.74,29.492,17.690,290,342,90.000,90,90,18.000,39.000,55.000,269,253,406,160,146,146,146,146,146,146,1,0,0,3,30,1
2.845000,186.44,30.555,18.350,299,341,90.000,89,89,18.000,39.000,55.000,276,250,400,160,145,145,145,145,145,145,1,0,0,3,30,1
2.850000,189.14,31.594,18.950,308,340,90.000,89,89,18.000,39.000,55.000,285,249,399,160,145,145,145,145,145,145,1,0,0,3,30,1
2.855000,191.84,32.599,19.540,318,339,90.000,89,89,18.000,39.000,55.000,294,248,398,160,144,144,144,144,144,144,1,0,0,3,30,1
2.860000,194.54,33.560,20.140,327,339,90.000,89,89,18.000,39.000,55.000,303,248,398,160,144,144,144,144,144,144,1,0,0,3,30,1
2.865000,197.24,34.468,20.690,337,339,90.000,89,89,18.000,39.000,55.000,311,248,398,160,144,144,144,144,144,144,1,0,0,3,30,1
2.870000,199.94,35.313,21.180,347,339,90.000,90,90,18.000,39.000,55.000,322,251,402,160,144,144,144,144,144,144,1,0,0,3,30,1
2.875000,202.64,36.089,21.670,357,340,90.000,90,90,18.000,39.000,55.000,330,252,403,160,145,145,145,145,145,145,1,0,0,3,30,1
2.880000,205.34,36.788,22.050,366,341,90.000,90,90,18.000,39.000,55.000,336,253,405,160,145,145,145,145,145,145,1,0,0,3,30,1
2.885000,208.04,37.402,22.430,375,342,90.000,90,90,18.000,39.000,55.000,341,253,406,160,146,146,146,146,146,146,1,0,0,3,30,1
2.890000,210.74,37.925,22.750,384,343,90.000,90,90,18.000,39.000,55.000,346,254,407,160,146,146,146,146,146,146,1,0,0,3,30,1
2.895000,213.44,38.353,23.030,392,345,90.000,90,90,18.000,39.000,55.000,351,256,410,160,147,147,147,147,147,147,1,0,0,3,30,1
2.900000,216.14,38.681,23.190,400,347,90.000,90,90,18.000,39.000,55.000,353,258,412,160,148,148,148,148,148,148,1,0,0,3,30,1
2.905000,218.84,38.905,23.350,407,349,90.000,90,90,18.000,39.000,55.000,355,259,415,160,149,149,149,149,149,149,1,0,0,3,30,1
2.910000,221.54,39.023,23.410,414,352,90.000,90,90,18.000,39.000,55.000,356,262,419,160,151,151,151,151,151,151,1,0,0,3,30,1
2.915000,224.24,39.033,23.410,419,355,90.000,90,90,18.000,39.000,55.000,356,264,423,160,152,152,152,152,152,152,1,0,0,3,30,1
2.920000,226.94,38.935,23.350,424,357,90.000,90,90,18.000,39.000,55.000,355,266,426,160,153,153,153,153,153,153,1,0,0,3,30,1
2.925000,229.64,38.729,23.240,428,360,90.000,90,90,18.000,39.000,55.000,354,268,430,160,154,154,154,154,154,154,1,0,0,3,30,1
2.930000,232.34,38.416,23.030,431,363,90.000,90,90,18.000,39.000,55.000,351,271,434,160,156,156,156,156,156,156,1,0,0,3,30,1
2.935000,235.04,37.999,22.810,433,366,90.000,90,90,18.000,39.000,55.000,347,273,438,160,157,157,157,157,157,157,1,0,0,3,30,1
2.940000,237.74,37.481,22.480,434,368,90.000,90,90,18.000,39.000,55.000,342,275,441,160,158,158,158,158,158,158,1,0,0,3,30,1
2.945000,240.44,36.867,22.100,434,371,90.000,90,90,18.000,39.000,55.000,336,278,444,160,160,160,160,160,160,160,1,0,0,3,30,1
2.950000,243.14,36.160,21.670,434,374,90.000,90,90,18.000,39.000,55.000,330,280,448,160,161,161,161,161,161,161,1,0,0,3,30,1
2.955000,245.84,35.368,21.230,432,376,90.000,90,90,18.000,39.000,55.000,323,282,451,160,162,162,162,162,162,162,1,0,0,3,30,1
2.960000,248.54,34.497,20.690,429,378,90.000,90,90,18.000,39.000,55.000,315,283,454,160,163,163,163,163,163,163,1,0,0,3,30,1
2.965000,251.24,33.555,20.140,425,380,90.000,90,90,18.000,39.000,55.000,307,285,456,160,164,164,164,164,164,164,1,0,0,3,30,1
2.970000,253.94,32.549,19.540,421,382,90.000,90,90,18.000,39.000,55.000,297,287,459,160,165,165,165,165,165,165,1,0,0,3,30,1
2.975000,256.64,31.488,18.890,415,383,90.000,90,90,18.000,39.000,55.000,287,287,460,160,165,165,165,165,165,165,1,0,0,3,30,1
2.980000,259.34,30.382,18.240,409,384,90.000,90,90,18.000,39.000,55.000,278,288,462,160,166,166,166,166,166,166,1,0,0,3,30,1
2.985000,262.04,29.240,17.530,401,385,90.000,90,90,18.000,39.000,55.000,267,289,463,160,166,166,166,166,166,166,1,0,0,3,30,1
2.990000,264.74,28.072,16.820,393,386,90.000,90,90,18.000,39.000,55.000,256,290,464,160,167,167,167,167,167,167,1,0,0,3,30,1
2.995000,267.44,26.889,16.120,385,386,90.000,90,90,18.000,39.000,55.000,245,290,464,160,167,167,167,167,167,167,1,0,0,3,30,1
3.000000,270.14,25.701,15.410,375,386,90.000,90,90,18.000,39.000,55.000,234,290,464,160,167,167,167,167,167,167,1,0,0,3,30,1
3.005000,272.84,24.518,14.700,366,385,90.000,90,90,18.000,39.000,55.000,224,289,463,160,166,166,166,166,166,166,1,0,0,3,30,1
3.010000,275.54,23.351,14.000,355,385,90.000,90,90,18.000,39.000,55.000,213,289,463,160,166,166,166,166,166,166,1,0,0,3,30,1
3.015000,278.24,22.211,13.340,345,384,90.000,90,90,18.000,39.000,55.000,203,288,462,160,166,166,166,166,166,166,1,0,0,3,30,1
3.020000,280.94,21.107,12.640,334,383,90.000,90,90,18.000,39.000,55.000,192,287,460,160,165,165,165,165,165,165,1,0,0,3,30,1
3.025000,283.64,20.050,12.040,323,382,90.000,90,90,18.000,39.000,55.000,183,287,459,160,165,165,165,165,165,165,1,0,0,3,30,1
3.030000,286.34,19.049,11.440,312,381,90.000,90,90,18.000,39.000,55.000,174,286,458,160,164,164,164,164,164,164,1,0,0,3,30,1
3.035000,289.04,18.113,10.840,301,380,90.000,90,90,18.000,39.000,55.000,165,285,456,160,164,164,164,164,164,164,1,0,0,3,30,1
3.040000,291.74,17.251,10.350,291,378,90.000,90,90,18.000,39.000,55.000,157,283,454,160,163,163,163,163,163,163,1,0,0,3,30,1
3.045000,294.44,16.470,9.860,280,376,90.000,90,90,18.000,39.000,55.000,150,282,451,160,162,162,162,162,162,162,1,0,0,3,30,1
3.050000,297.14,15.778,9.480,270,374,90.000,90,90,18.000,39.000,55.000,144,280,448,160,161,161,161,161,161,161,1,0,0,3,30,1
3.055000,299.84,15.181,9.100,260,372,90.000,90,90,18.000,39.000,55.000,138,278,446,160,160,160,160,160,160,160,1,0,0,3,30,1
3.060000,302.54,14.686,8.830,251,370,90.000,90,90,18.000,39.000,55.000,134,277,443,160,159,159,159,159,159,159,1,0,0,3,30,1
3.065000,305.24,14.295,8.560,242,367,90.000,90,90,18.000,39.000,55.000,130,274,439,160,158,158,158,158,158,158,1,0,0,3,30,1
3.070000,307.94,14.015,8.390,234,365,90.000,90,90,18.000,39.000,55.000,127,273,436,160,157,157,157,157,157,157,1,0,0,3,30,1
3.075000,310.64,13.846,8.280,227,362,90.000,90,90,18.000,39.000,55.000,126,270,432,160,155,155,155,155,155,155,1,0,0,3,30,1
3.080000,313.34,13.792,8.280,220,360,90.000,90,90,18.000,39.000,55.000,126,268,430,160,154,154,154,154,154,154,1,0,0,3,30,1
3.085000,316.04,13.853,8.280,215,357,90.000,90,90,18.000,39.000,55.000,126,266,426,160,153,153,153,153,153,153,1,0,0,3,30,1
3.090000,318.74,14.030,8.390,210,354,90.000,90,90,18.000,39.000,55.000,127,263,422,160,151,151,151,151,151,151,1,0,0,3,30,1
3.095000,321.44,14.320,8.610,206,351,90.000,89,89,18.000,39.000,55.000,129,258,413,160,150,150,150,150,150,150,1,0,0,3,30,1
3.100000,324.14,14.723,8.830,204,348,90.000,89,89,18.000,39.000,55.000,133,256,409,160,149,149,149,149,149,149,1,0,0,3,30,1
3.105000,326.84,15.235,9.150,202,345,90.000,89,89,18.000,39.000,55.000,137,253,405,160,147,147,147,147,147,147,1,0,0,3,30,1
3.110000,329.54,15.852,9.540,201,343,90.000,89,89,18.000,39.000,55.000,143,252,403,160,146,146,146,146,146,146,1,0,0,3,30,1
3.115000,332.24,16.569,9.920,202,340,90.000,89,89,18.000,39.000,55.000,149,249,399,160,145,145,145,145,145,145,1,0,0,3,30,1
3.120000,334.94,17.381,10.410,203,337,90.000,90,90,18.000,39.000,55.000,158,249,399,160,143,143,143,143,143,143,1,0,0,3,30,1
3.125000,337.64,18.280,10.950,206,335,90.000,90,90,18.000,39.000,55.000,166,248,397,160,142,142,142,142,142,142,1,0,0,3,30,1
3.130000,340.34,19.260,11.550,209,332,90.000,90,90,18.000,39.000,55.000,176,245,393,160,141,141,141,141,141,141,1,0,0,3,30,1
3.135000,343.04,20.313,12.200,214,330,90.000,90,90,18.000,39.000,55.000,186,244,390,160,140,140,140,140,140,140,1,0,0,3,30,1
3.140000,345.74,21.430,12.850,220,328,90.000,90,90,18.000,39.000,55.000,195,242,387,160,139,139,139,139,139,139,1,0,0,3,30,1
3.145000,348.44,22.601,13.560,226,325,90.000,90,90,18.000,39.000,55.000,206,239,383,160,138,138,138,138,138,138,1,0,0,3,30,1
3.150000,351.14,23.818,14.270,234,324,90.000,90,90,18.000,39.000,55.000,217,239,382,160,137,137,137,137,137,137,1,0,0,3,30,1
3.155000,353.84,25.069,15.030,242,322,90.000,90,90,18.000,39.000,55.000,229,237,379,160,136,136,136,136,136,136,1,0,0,3,30,1
3.160000,356.54,26.344,15.790,251,321,90.000,90,90,18.000,39.000,55.000,240,236,378,160,136,136,136,136,136,136,1,0,0,3,30,1
3.165000,359.24,27.634,16.610,261,319,90.000,90,90,18.000,39.000,55.000,253,234,375,160,135,135,135,135,135,135,1,0,0,3,30,1
3.170000,1.94,28.926,17.370,271,318,90.000,90,90,18.000,39.000,55.000,264,234,374,160,134,134,134,134,134,134,1,0,0,3,30,1
3.175000,4.64,30.211,18.130,282,317,90.000,90,90,18.000,39.000,55.000,276,233,373,160,134,134,134,134,134,134,1,0,0,3,30,1
3.180000,7.34,31.477,18.890,293,317,90.000,90,90,18.000,39.000,55.000,287,233,373,160,134,134,134,134,134,134,1,0,0,3,30,1
3.185000,10.04,32.714,19.600,305,317,90.000,90,90,18.000,39.000,55.000,298,233,373,160,134,134,134,134,134,134,1,0,0,3,30,1
3.190000,12.74,33.912,20.360,316,317,90.000,90,90,18.000,39.000,55.000,310,233,373,160,134,134,134,134,134,134,1,0,0,3,30,1
3.195000,15.44,35.061,21.010,328,317,90.000,90,90,18.000,39.000,55.000,320,233,373,160,134,134,134,134,134,134,1,0,0,3,30,1
3.200000,18.14,36.151,21.670,340,317,90.000,90,90,18.000,39.000,55.000,330,233,373,160,134,134,134,134,134,134,1,0,0,3,30,1
3.205000,20.84,37.174,22.320,352,319,90.000,90,90,18.000,39.000,55.000,340,234,375,160,135,135,135,135,135,135,1,0,0,3,30,1
3.210000,23.54,38.120,22.860,364,320,90.000,90,90,18.000,39.000,55.000,348,235,377,160,135,135,135,135,135,135,1,0,0,3,30,1
3.215000,26.24,38.982,23.410,376,322,90.000,90,90,18.000,39.000,55.000,356,237,379,160,136,136,136,136,136,136,1,0,0,3,30,1
3.220000,28.94,39.754,23.840,387,325,90.000,90,90,18.000,39.000,55.000,363,239,383,160,138,138,138,138,138,138,1,0,0,3,30,1
3.225000,31.64,40.428,24.280,398,327,90.000,90,90,18.000,39.000,55.000,370,241,386,160,139,139,139,139,139,139,1,0,0,3,30,1
3.230000,34.34,41.000,24.600,408,330,90.000,90,90,18.000,39.000,55.000,375,244,390,160,140,140,140,140,140,140,1,0,0,3,30,1
3.235000,37.04,41.465,24.870,418,334,90.000,90,90,18.000,39.000,55.000,379,247,395,160,142,142,142,142,142,142,1,0,0,3,30,1
3.240000,39.74,41.820,25.090,427,337,90.000,90,90,18.000,39.000,55.000,382,249,399,160,143,143,143,143,143,143,1,0,0,3,30,1
3.245000,42.44,42.061,25.260,435,341,90.000,90,90,18.000,39.000,55.000,385,253,405,160,145,145,145,145,145,145,1,0,0,3,30,1
3.250000,45.14,42.188,25.310,442,345,90.000,90,90,18.000,39.000,55.000,385,256,410,160,147,147,147,147,147,147,1,0,0,3,30,1
3.255000,47.84,42.199,25.310,449,349,90.000,90,90,18.000,39.000,55.000,385,259,415,160,149,149,149,149,149,149,1,0,0,3,30,1
3.260000,50.54,42.095,25.260,454,353,90.000,90,90,18.000,39.000,55.000,385,263,421,160,151,151,151,151,151,151,1,0,0,3,30,1
3.265000,53.24,41.877,25.150,459,358,90.000,90,90,18.000,39.000,55.000,383,267,427,160,153,153,153,153,153,153,1,0,0,3,30,1
3.270000,55.94,41.549,24.930,462,362,90.000,90,90,18.000,39.000,55.000,380,270,432,160,155,155,155,155,155,155,1,0,0,3,30,1
3.275000,58.64,41.112,24.660,465,366,90.000,90,90,18.000,39.000,55.000,375,273,438,160,157,157,157,157,157,157,1,0,0,3,30,1
3.280000,61.34,40.572,24.330,466,370,90.000,90,90,18.000,39.000,55.000,370,277,443,160,159,159,159,159,159,159,1,0,0,3,30,1
3.285000,64.04,39.933,23.950,467,374,90.000,90,90,18.000,39.000,55.000,365,280,448,160,161,161,161,161,161,161,1,0,0,3,30,1
3.290000,66.74,39.202,23.510,466,378,90.000,90,90,18.000,39.000,55.000,358,283,454,160,163,163,163,163,163,163,1,0,0,3,30,1
3.295000,69.44,38.385,23.030,464,381,90.000,90,90,18.000,39.000,55.000,351,286,458,160,164,164,164,164,164,164,1,0,0,3,30,1
3.300000,72.14,37.490,22.480,462,384,90.000,90,90,18.000,39.000,55.000,342,288,462,160,166,166,166,166,166,166,1,0,0,3,30,1
3.305000,74.84,36.525,21.880,458,387,90.000,90,90,18.000,39.000,55.000,333,291,466,160,167,167,167,167,167,167,1,0,0,3,30,1
3.310000,77.54,35.498,21.280,453,390,90.000,90,90,18.000,39.000,55.000,324,293,470,160,169,169,169,169,169,169,1,0,0,3,30,1
3.315000,80.24,34.420,20.630,448,393,90.000,90,90,18.000,39.000,55.000,314,296,474,160,170,170,170,170,170,170,1,0,0,3,30,1
3.320000,82.94,33.299,19.980,441,395,90.000,90,90,18.000,39.000,55.000,304,297,476,160,171,171,171,171,171,171,1,0,0,3,30,1
3.325000,85.64,32.146,19.270,434,396,90.000,90,90,18.000,39.000,55.000,293,298,478,160,172,172,172,172,172,172,1,0,0,3,30,1
3.330000,88.34,30.971,18.560,426,398,90.000,90,90,18.000,39.000,55.000,282,300,480,160,173,173,173,173,173,173,1,0,0,3,30,1
3.335000,91.04,29.785,17.860,417,399,90.000,90,90,18.000,39.000,55.000,272,301,482,160,173,173,173,173,173,173,1,0,0,3,30,1
3.340000,93.74,28.597,17.150,408,399,90.000,90,90,18.000,39.000,55.000,261,301,482,160,173,173,173,173,173,173,1,0,0,3,30,1
3.345000,96.44,27.419,16.440,398,399,90.000,89,89,18.000,39.000,55.000,247,297,476,160,173,173,173,173,173,173,1,0,0,3,30,1
3.350000,99.14,26.262,15.740,388,399,90.000,89,89,18.000,39.000,55.000,237,297,476,160,173,173,173,173,173,173,1,0,0,3,30,1
3.355000,101.84,25.134,15.080,377,399,90.000,89,89,18.000,39.000,55.000,227,297,476,160,173,173,173,173,173,173,1,0,0,3,30,1
3.360000,104.54,24.046,14.430,366,398,90.000,89,89,18.000,39.000,55.000,217,297,475,160,173,173,173,173,173,173,1,0,0,3,30,1
3.365000,107.24,23.008,13.780,356,398,90.000,89,89,18.000,39.000,55.000,207,297,475,160,173,173,173,173,173,173,1,0,0,3,30,1
3.370000,109.94,22.029,13.230,345,397,90.000,90,90,18.000,39.000,55.000,201,299,479,160,172,172,172,172,172,172,1,0,0,3,30,1
3.375000,112.64,21.116,12.690,334,396,90.000,90,90,18.000,39.000,55.000,193,298,478,160,172,172,172,172,172,172,1,0,0,3,30,1
3.380000,115.34,20.278,12.150,323,394,90.000,90,90,18.000,39.000,55.000,185,297,475,160,171,171,171,171,171,171,1,0,0,3,30,1
3.385000,118.04,19.523,11.710,313,393,90.000,90,90,18.000,39.000,55.000,178,296,474,160,170,170,170,170,170,170,1,0,0,3,30,1
3.390000,120.74,18.855,11.330,303,391,90.000,90,90,18.000,39.000,55.000,172,294,471,160,169,169,169,169,169,169,1,0,0,3,30,1
3.395000,123.44,18.282,10.950,293,389,90.000,90,90,18.000,39.000,55.000,166,293,468,160,168,168,168,168,168,168,1,0,0,3,30,1
3.400000,126.14,17.808,10.680,284,387,90.000,90,90,18.000,39.000,55.000,162,291,466,160,167,167,167,167,167,167,1,0,0,3,30,1
3.405000,128.84,17.435,10.460,275,385,90.000,90,90,18.000,39.000,55.000,159,289,463,160,166,166,166,166,166,166,1,0,0,3,30,1
3.410000,131.54,17.169,10.300,267,383,90.000,90,90,18.000,39.000,55.000,157,287,460,160,165,165,165,165,165,165,1,0,0,3,30,1
3.415000,134.24,17.009,10.190,260,381,90.000,90,90,18.000,39.000,55.000,155,286,458,160,164,164,164,164,164,164,1,0,0,3,30,1
3.420000,136.94,16.958,10.190,254,378,90.000,90,90,18.000,39.000,55.000,155,283,454,160,163,163,163,163,163,163,1,0,0,3,30,1
3.425000,139.64,17.015,10.190,249,376,90.000,90,90,18.000,39.000,55.000,155,282,451,160,162,162,162,162,162,162,1,0,0,3,30,1
3.430000,142.34,17.179,10.300,244,373,90.000,90,90,18.000,39.000,55.000,157,279,447,160,161,161,161,161,161,161,1,0,0,3,30,1
3.435000,145.04,17.449,10.460,240,371,90.000,90,90,18.000,39.000,55.000,159,278,444,160,160,160,160,160,160,160,1,0,0,3,30,1
3.440000,147.74,17.820,10.680,238,368,90.000,90,90,18.000,39.000,55.000,162,275,441,160,158,158,158,158,158,158,1,0,0,3,30,1
3.445000,150.44,18.290,10.950,236,366,90.000,90,90,18.000,39.000,55.000,166,273,438,160,157,157,157,157,157,157,1,0,0,3,30,1
3.450000,153.14,18.854,11.330,235,363,90.000,90,90,18.000,39.000,55.000,172,271,434,160,156,156,156,156,156,156,1,0,0,3,30,1
3.455000,155.84,19.505,11.710,236,361,90.000,90,90,18.000,39.000,55.000,178,269,431,160,155,155,155,155,155,155,1,0,0,3,30,1
3.460000,158.54,20.238,12.150,237,358,90.000,90,90,18.000,39.000,55.000,185,267,427,160,153,153,153,153,153,153,1,0,0,3,30,1
3.465000,161.24,21.045,12.640,239,356,90.000,90,90,18.000,39.000,55.000,192,265,424,160,152,152,152,152,152,152,1,0,0,3,30,1
3.470000,163.94,21.919,13.130,242,354,90.000,90,90,18.000,39.000,55.000,200,263,422,160,151,151,151,151,151,151,1,0,0,3,30,1
3.475000,166.64,22.850,13.720,246,351,90.000,90,90,18.000,39.000,55.000,209,261,418,160,150,150,150,150,150,150,1,0,0,3,30,1
3.480000,169.34,23.831,14.270,251,349,90.000,90,90,18.000,39.000,55.000,217,259,415,160,149,149,149,149,149,149,1,0,0,3,30,1
3.485000,172.04,24.852,14.920,257,348,90.000,90,90,18.000,39.000,55.000,227,259,414,160,149,149,149,149,149,149,1,0,0,3,30,1
3.490000,174.74,25.903,15.520,263,346,90.000,90,90,18.000,39.000,55.000,236,257,411,160,148,148,148,148,148,148,1,0,0,3,30,1
3.495000,177.44,26.974,16.170,271,344,90.000,90,90,18.000,39.000,55.000,246,255,409,160,147,147,147,147,147,147,1,0,0,3,30,1
3.500000,180.14,28.054,16.820,278,343,90.000,90,90,18.000,39.000,55.000,256,254,407,160,146,146,146,146,146,146,1,0,0,3,30,1
3.505000,182.84,29.134,17.480,287,342,90.000,90,90,18.000,39.000,55.000,266,253,406,160,146,146,146,146,146,146,1,0,0,3,30,1
3.510000,185.54,30.203,18.130,296,341,90.000,90,90,18.000,39.000,55.000,276,253,405,160,145,145,145,145,145,145,1,0,0,3,30,1
3.515000,188.24,31.251,18.730,305,340,90.000,90,90,18.000,39.000,55.000,285,252,403,160,145,145,145,145,145,145,1,0,0,3,30,1
3.520000,190.94,32.269,19.380,314,340,90.000,90,90,18.000,39.000,55.000,295,252,403,160,145,145,145,145,145,145,1,0,0,3,30,1
3.525000,193.64,33.245,19.920,324,339,90.000,90,90,18.000,39.000,55.000,303,251,402,160,144,144,144,144,144,144,1,0,0,3,30,1
3.530000,196.34,34.171,20.520,334,339,90.000,90,90,18.000,39.000,55.000,312,251,402,160,144,144,144,144,144,144,1,0,0,3,30,1
3.535000,199.04,35.039,21.010,344,339,90.000,90,90,18.000,39.000,55.000,320,251,402,160,144,144,144,144,144,144,1,0,0,3,30,1
3.540000,201.74,35.839,21.500,353,339,90.000,90,90,18.000,39.000,55.000,327,251,402,160,144,144,144,144,144,144,1,0,0,3,30,1
3.545000,204.44,36.564,21.940,363,340,90.000,90,90,18.000,39.000,55.000,334,252,403,160,145,145,145,145,145,145,1,0,0,3,30,1
3.550000,207.14,37.207,22.320,372,341,90.000,90,90,18.000,39.000,55.000,340,253,405,160,145,145,145,145,145,145,1,0,0,3,30,1
3.555000,209.84,37.761,22.640,381,343,90.000,90,90,18.000,39.000,55.000,345,254,407,160,146,146,146,146,146,146,1,0,0,3,30,1
3.560000,212.54,38.221,22.920,390,344,90.000,90,90,18.000,39.000,55.000,349,255,409,160,147,147,147,147,147,147,1,0,0,3,30,1
3.565000,215.24,38.583,23.130,398,346,90.000,90,90,18.000,39.000,55.000,352,257,411,160,148,148,148,148,148,148,1,0,0,3,30,1
3.570000,217.94,38.842,23.300,405,349,90.000,90,90,18.000,39.000,55.000,355,259,415,160,149,149,149,149,149,149,1,0,0,3,30,1
3.575000,220.64,38.995,23.410,412,351,90.000,90,90,18.000,39.000,55.000,356,261,418,160,150,150,150,150,150,150,1,0,0,3,30,1
3.580000,223.34,39.041,23.410,418,354,90.000,90,90,18.000,39.000,55.000,356,263,422,160,151,151,151,151,151,151,1,0,0,3,30,1
3.585000,226.04,38.980,23.410,423,356,90.000,90,90,18.000,39.000,55.000,356,265,424,160,152,152,152,152,152,152,1,0,0,3,30,1
3.590000,228.74,38.809,23.300,427,359,90.000,90,90,18.000,39.000,55.000,355,268,429,160,154,154,154,154,154,154,1,0,0,3,30,1
3.595000,231.44,38.532,23.130,430,362,90.000,89,89,18.000,39.000,55.000,348,267,428,160,155,155,155,155,155,155,1,0,0,3,30,1
3.600000,234.14,38.150,22.860,433,365,90.000,89,89,18.000,39.000,55.000,344,270,432,160,157,157,157,157,157,157,1,0,0,3,30,1
3.605000,236.84,37.665,22.590,434,367,90.000,89,89,18.000,39.000,55.000,340,271,434,160,158,158,158,158,158,158,1,0,0,3,30,1
3.610000,239.54,37.082,22.260,434,370,90.000,89,89,18.000,39.000,55.000,335,274,438,160,159,159,159,159,159,159,1,0,0,3,30,1
3.615000,242.24,36.406,21.830,434,373,90.000,89,89,18.000,39.000,55.000,329,276,442,160,161,161,161,161,161,161,1,0,0,3,30,1
3.620000,244.94,35.641,21.390,433,375,90.000,90,90,18.000,39.000,55.000,326,281,450,160,162,162,162,162,162,162,1,0,0,3,30,1
3.625000,247.64,34.796,20.850,430,377,90.000,90,90,18.000,39.000,55.000,317,282,452,160,162,162,162,162,162,162,1,0,0,3,30,1
3.630000,250.34,33.876,20.310,427,379,90.000,90,90,18.000,39.000,55.000,309,284,455,160,163,163,163,163,163,163,1,0,0,3,30,1
3.635000,253.04,32.891,19.710,422,381,90.000,90,90,18.000,39.000,55.000,300,286,458,160,164,164,164,164,164,164,1,0,0,3,30,1
3.640000,255.74,31.847,19.110,417,383,90.000,90,90,18.000,39.000,55.000,291,287,460,160,165,165,165,165,165,165,1,0,0,3,30,1
3.645000,258.44,30.755,18.460,411,384,90.000,90,90,18.000,39.000,55.000,281,288,462,160,166,166,166,166,166,166,1,0,0,3,30,1
3.650000,261.14,29.624,17.750,404,385,90.000,90,90,18.000,39.000,55.000,270,289,463,160,166,166,166,166,166,166,1,0,0,3,30,1
3.655000,263.84,28.464,17.100,396,385,90.000,90,90,18.000,39.000,55.000,260,289,463,160,166,166,166,166,166,166,1,0,0,3,30,1
3.660000,266.54,27.284,16.390,388,386,90.000,90,90,18.000,39.000,55.000,249,290,464,160,167,167,167,167,167,167,1,0,0,3,30,1
3.665000,269.24,26.097,15.630,379,386,90.000,90,90,18.000,39.000,55.000,238,290,464,160,167,167,167,167,167,167,1,0,0,3,30,1
3.670000,271.94,24.911,14.920,369,385,90.000,90,90,18.000,39.000,55.000,227,289,463,160,166,166,166,166,166,166,1,0,0,3,30,1
3.675000,274.64,23.738,14.210,359,385,90.000,90,90,18.000,39.000,55.000,216,289,463,160,166,166,166,166,166,166,1,0,0,3,30,1
3.680000,277.34,22.587,13.560,348,384,90.000,90,90,18.000,39.000,55.000,206,288,462,160,166,166,166,166,166,166,1,0,0,3,30,1
3.685000,280.04,21.470,12.850,338,384,90.000,90,90,18.000,39.000,55.000,195,288,462,160,166,166,166,166,166,166,1,0,0,3,30,1
3.690000,282.74,20.397,12.260,327,383,90.000,90,90,18.000,39.000,55.000,186,287,460,160,165,165,165,165,165,165,1,0,0,3,30,1
3.695000,285.44,19.376,11.600,316,382,90.000,90,90,18.000,39.000,55.000,176,287,459,160,165,165,165,165,165,165,1,0,0,3,30,1
3.700000,288.14,18.417,11.060,305,380,90.000,90,90,18.000,39.000,55.000,168,285,456,160,164,164,164,164,164,164,1,0,0,3,30,1
3.705000,290.84,17.530,10.510,294,379,90.000,90,90,18.000,39.000,55.000,160,284,455,160,163,163,163,163,163,163,1,0,0,3,30,1
3.710000,293.54,16.721,10.030,283,377,90.000,90,90,18.000,39.000,55.000,152,282,452,160,162,162,162,162,162,162,1,0,0,3,30,1
3.715000,296.24,15.999,9.590,273,375,90.000,90,90,18.000,39.000,55.000,146,281,450,160,162,162,162,162,162,162,1,0,0,3,30,1
3.720000,298.94,15.369,9.210,263,373,90.000,90,90,18.000,39.000,55.000,140,279,447,160,161,161,161,161,161,161,1,0,0,3,30,1
3.725000,301.64,14.839,8.880,254,371,90.000,90,90,18.000,39.000,55.000,135,278,444,160,160,160,160,160,160,160,1,0,0,3,30,1
3.730000,304.34,14.413,8.670,245,368,90.000,90,90,18.000,39.000,55.000,132,275,441,160,158,158,158,158,158,158,1,0,0,3,30,1
3.735000,307.04,14.096,8.450,236,366,90.000,90,90,18.000,39.000,55.000,128,273,438,160,157,157,157,157,157,157,1,0,0,3,30,1
3.740000,309.74,13.890,8.340,229,363,90.000,90,90,18.000,39.000,55.000,127,271,434,160,156,156,156,156,156,156,1,0,0,3,30,1
3.745000,312.44,13.797,8.280,222,360,90.000,90,90,18.000,39.000,55.000,126,268,430,160,154,154,154,154,154,154,1,0,0,3,30,1
3.750000,315.14,13.820,8.280,216,358,90.000,90,90,18.000,39.000,55.000,126,267,427,160,153,153,153,153,153,153,1,0,0,3,30,1
3.755000,317.84,13.958,8.390,211,355,90.000,90,90,18.000,39.000,55.000,127,264,423,160,152,152,152,152,152,152,1,0,0,3,30,1
3.760000,320.54,14.211,8.500,207,352,90.000,90,90,18.000,39.000,55.000,129,262,419,160,151,151,151,151,151,151,1,0,0,3,30,1
3.765000,323.24,14.576,8.720,204,349,90.000,90,90,18.000,39.000,55.000,132,259,415,160,149,149,149,149,149,149,1,0,0,3,30,1
3.770000,325.94,15.052,9.050,202,346,90.000,90,90,18.000,39.000,55.000,137,257,411,160,148,148,148,148,148,148,1,0,0,3,30,1
3.775000,328.64,15.635,9.370,201,343,90.000,90,90,18.000,39.000,55.000,142,254,407,160,146,146,146,146,146,146,1,0,0,3,30,1
3.780000,331.34,16.319,9.810,201,341,90.000,90,90,18.000,39.000,55.000,149,253,405,160,145,145,145,145,145,145,1,0,0,3,30,1
3.785000,334.04,17.100,10.240,203,338,90.000,90,90,18.000,39.000,55.000,156,250,401,160,144,144,144,144,144,144,1,0,0,3,30,1
3.790000,336.74,17.971,10.790,205,335,90.000,90,90,18.000,39.000,55.000,164,248,397,160,142,142,142,142,142,142,1,0,0,3,30,1
3.795000,339.44,18.925,11.330,208,333,90.000,90,90,18.000,39.000,55.000,172,246,394,160,141,141,141,141,141,141,1,0,0,3,30,1
3.800000,342.14,19.955,11.980,212,330,90.000,90,90,18.000,39.000,55.000,182,244,390,160,140,140,140,140,140,140,1,0,0,3,30,1
3.805000,344.84,21.051,12.640,218,328,90.000,90,90,18.000,39.000,55.000,192,242,387,160,139,139,139,139,139,139,1,0,0,3,30,1
3.810000,347.54,22.205,13.340,224,326,90.000,90,90,18.000,39.000,55.000,203,240,385,160,138,138,138,138,138,138,1,0,0,3,30,1
3.815000,350.24,23.408,14.050,231,324,90.000,90,90,18.000,39.000,55.000,214,239,382,160,137,137,137,137,137,137,1,0,0,3,30,1
3.820000,352.94,24.649,14.810,239,322,90.000,90,90,18.000,39.000,55.000,225,237,379,160,136,136,136,136,136,136,1,0,0,3,30,1
3.825000,355.64,25.917,15.570,248,321,90.000,90,90,18.000,39.000,55.000,237,236,378,160,136,136,136,136,136,136,1,0,0,3,30,1
3.830000,358.34,27.203,16.330,257,320,90.000,90,90,18.000,39.000,55.000,248,235,377,160,135,135,135,135,135,135,1,0,0,3,30,1
3.835000,1.04,28.496,17.100,267,319,90.000,90,90,18.000,39.000,55.000,260,234,375,160,135,135,135,135,135,135,1,0,0,3,30,1
3.840000,3.74,29.784,17.860,278,318,90.000,90,90,18.000,39.000,55.000,272,234,374,160,134,134,134,134,134,134,1,0,0,3,30,1
3.845000,6.44,31.058,18.620,289,317,90.000,89,89,18.000,39.000,55.000,280,230,369,160,134,134,134,134,134,134,1,0,0,3,30,1
3.850000,9.14,32.306,19.380,301,317,90.000,89,89,18.000,39.000,55.000,292,230,369,160,134,134,134,134,134,134,1,0,0,3,30,1
3.855000,11.84,33.518,20.090,312,317,90.000,89,89,18.000,39.000,55.000,302,230,369,160,134,134,134,134,134,134,1,0,0,3,30,1
3.860000,14.54,34.684,20.790,324,317,90.000,89,89,18.000,39.000,55.000,313,230,369,160,134,134,134,134,134,134,1,0,0,3,30,1
3.865000,17.24,35.795,21.450,336,317,90.000,89,89,18.000,39.000,55.000,323,230,369,160,134,134,134,134,134,134,1,0,0,3,30,1
3.870000,19.94,36.841,22.100,348,318,90.000,90,90,18.000,39.000,55.000,336,234,374,160,134,134,134,134,134,134,1,0,0,3,30,1
3.875000,22.64,37.814,22.700,360,320,90.000,90,90,18.000,39.000,55.000,346,235,377,160,135,135,135,135,135,135,1,0,0,3,30,1
3.880000,25.34,38.705,23.240,372,321,90.000,90,90,18.000,39.000,55.000,354,236,378,160,136,136,136,136,136,136,1,0,0,3,30,1
3.885000,28.04,39.507,23.680,383,324,90.000,90,90,18.000,39.000,55.000,361,239,382,160,137,137,137,137,137,137,1,0,0,3,30,1
3.890000,30.74,40.215,24.110,394,326,90.000,90,90,18.000,39.000,55.000,367,240,385,160,138,138,138,138,138,138,1,0,0,3,30,1
3.895000,33.44,40.821,24.490,405,329,90.000,90,90,18.000,39.000,55.000,373,243,389,160,140,140,140,140,140,140,1,0,0,3,30,1
3.900000,36.14,41.322,24.770,415,333,90.000,90,90,18.000,39.000,55.000,377,246,394,160,141,141,141,141,141,141,1,0,0,3,30,1
3.905000,38.84,41.714,25.040,424,336,90.000,90,90,18.000,39.000,55.000,381,248,398,160,143,143,143,143,143,143,1,0,0,3,30,1
3.910000,41.54,41.993,25.200,432,340,90.000,90,90,18.000,39.000,55.000,384,252,403,160,145,145,145,145,145,145,1,0,0,3,30,1
3.915000,44.24,42.158,25.310,440,344,90.000,90,90,18.000,39.000,55.000,385,255,409,160,147,147,147,147,147,147,1,0,0,3,30,1
3.920000,46.94,42.208,25.310,447,348,90.000,90,90,18.000,39.000,55.000,385,259,414,160,149,149,149,149,149,149,1,0,0,3,30,1
3.925000,49.64,42.142,25.260,453,352,90.000,90,90,18.000,39.000,55.000,385,262,419,160,151,151,151,151,151,151,1,0,0,3,30,1
3.930000,52.34,41.962,25.150,458,356,90.000,90,90,18.000,39.000,55.000,383,265,424,160,152,152,152,152,152,152,1,0,0,3,30,1
3.935000,55.04,41.671,24.980,461,360,90.000,90,90,18.000,39.000,55.000,380,268,430,160,154,154,154,154,154,154,1,0,0,3,30,1
3.940000,57.74,41.270,24.770,464,364,90.000,90,90,18.000,39.000,55.000,377,272,435,160,156,156,156,156,156,156,1,0,0,3,30,1
3.945000,60.44,40.763,24.440,466,369,90.000,90,90,18.000,39.000,55.000,372,276,442,160,159,159,159,159,159,159,1,0,0,3,30,1
3.950000,63.14,40.157,24.110,467,373,90.000,90,90,18.000,39.000,55.000,367,279,447,160,161,161,161,161,161,161,1,0,0,3,30,1
3.955000,65.84,39.456,23.680,467,376,90.000,90,90,18.000,39.000,55.000,361,282,451,160,162,162,162,162,162,162,1,0,0,3,30,1
3.960000,68.54,38.667,23.190,465,380,90.000,90,90,18.000,39.000,55.000,353,285,456,160,164,164,164,164,164,164,1,0,0,3,30,1
3.965000,71.24,37.797,22.640,463,383,90.000,90,90,18.000,39.000,55.000,345,287,460,160,165,165,165,165,165,165,1,0,0,3,30,1
3.970000,73.94,36.854,22.100,459,386,90.000,90,90,18.000,39.000,55.000,336,290,464,160,167,167,167,167,167,167,1,0,0,3,30,1
3.975000,76.64,35.847,21.500,455,389,90.000,90,90,18.000,39.000,55.000,327,293,468,160,168,168,168,168,168,168,1,0,0,3,30,1
3.980000,79.34,34.784,20.850,450,392,90.000,90,90,18.000,39.000,55.000,317,295,472,160,170,170,170,170,170,170,1,0,0,3,30,1
3.985000,82.04,33.677,20.200,443,394,90.000,90,90,18.000,39.000,55.000,307,297,475,160,171,171,171,171,171,171,1,0,0,3,30,1
3.990000,84.74,32.533,19.490,436,396,90.000,90,90,18.000,39.000,55.000,297,298,478,160,172,172,172,172,172,172,1,0,0,3,30,1
3.995000,87.44,31.364,18.840,429,397,90.000,90,90,18.000,39.000,55.000,287,299,479,160,172,172,172,172,172,172,1,0,0,3,30,1
4.000000,90.14,30.181,18.080,420,398,90.000,90,90,18.000,39.000,55.000,275,300,480,160,173,173,173,173,173,173,1,0,0,3,30,1
4.005000,92.84,28.992,17.370,411,399,90.000,90,90,18.000,39.000,55.000,264,301,482,160,173,173,173,173,173,173,1,0,0,3,30,1
4.010000,95.54,27.810,16.660,401,399,90.000,90,90,18.000,39.000,55.000,253,301,482,160,173,173,173,173,173,173,1,0,0,3,30,1
4.015000,98.24,26.645,15.950,391,399,90.000,90,90,18.000,39.000,55.000,243,301,482,160,173,173,173,173,173,173,1,0,0,3,30,1
4.020000,100.94,25.506,15.300,381,399,90.000,90,90,18.000,39.000,55.000,233,301,482,160,173,173,173,173,173,173,1,0,0,3,30,1
4.025000,103.64,24.404,14.650,370,399,90.000,90,90,18.000,39.000,55.000,223,301,482,160,173,173,173,173,173,173,1,0,0,3,30,1
4.030000,106.34,23.348,14.000,359,398,90.000,90,90,18.000,39.000,55.000,213,300,480,160,173,173,173,173,173,173,1,0,0,3,30,1
4.035000,109.04,22.348,13.400,348,397,90.000,90,90,18.000,39.000,55.000,204,299,479,160,172,172,172,172,172,172,1,0,0,3,30,1
4.040000,111.74,21.412,12.850,337,396,90.000,90,90,18.000,39.000,55.000,195,298,478,160,172,172,172,172,172,172,1,0,0,3,30,1
4.045000,114.44,20.549,12.310,327,395,90.000,90,90,18.000,39.000,55.000,187,297,476,160,171,171,171,171,171,171,1,0,0,3,30,1
4.050000,117.14,19.765,11.870,316,393,90.000,90,90,18.000,39.000,55.000,180,296,474,160,170,170,170,170,170,170,1,0,0,3,30,1
4.055000,119.84,19.068,11.440,306,392,90.000,90,90,18.000,39.000,55.000,174,295,472,160,170,170,170,170,170,170,1,0,0,3,30,1
4.060000,122.54,18.462,11.060,296,390,90.000,90,90,18.000,39.000,55.000,168,293,470,160,169,169,169,169,169,169,1,0,0,3,30,1
4.065000,125.24,17.955,10.790,287,388,90.000,90,90,18.000,39.000,55.000,164,292,467,160,168,168,168,168,168,168,1,0,0,3,30,1
4.070000,127.94,17.548,10.510,278,386,90.000,90,90,18.000,39.000,55.000,160,290,464,160,167,167,167,167,167,167,1,0,0,3,30,1
4.075000,130.64,17.246,10.350,270,384,90.000,90,90,18.000,39.000,55.000,157,288,462,160,166,166,166,166,166,166,1,0,0,3,30,1
4.080000,133.34,17.051,10.240,263,382,90.000,90,90,18.000,39.000,55.000,156,287,459,160,165,165,165,165,165,165,1,0,0,3,30,1
4.085000,136.04,16.963,10.190,256,379,90.000,90,90,18.000,39.000,55.000,155,284,455,160,163,163,163,163,163,163,1,0,0,3,30,1
4.090000,138.74,16.984,10.190,250,377,90.000,90,90,18.000,39.000,55.000,155,282,452,160,162,162,162,162,162,162,1,0,0,3,30,1
4.095000,141.44,17.113,10.240,245,374,90.000,89,89,18.000,39.000,55.000,154,277,443,160,161,161,161,161,161,161,1,0,0,3,30,1
4.100000,144.14,17.348,10.410,242,372,90.000,89,89,18.000,39.000,55.000,156,275,441,160,160,160,160,160,160,160,1,0,0,3,30,1
4.105000,146.84,17.685,10.620,239,369,90.000,89,89,18.000,39.000,55.000,160,273,437,160,159,159,159,159,159,159,1,0,0,3,30,1
4.110000,149.54,18.123,10.900,237,366,90.000,89,89,18.000,39.000,55.000,164,270,433,160,157,157,157,157,157,157,1,0,0,3,30,1
4.115000,152.24,18.656,11.170,236,364,90.000,89,89,18.000,39.000,55.000,168,269,430,160,156,156,156,156,156,156,1,0,0,3,30,1
4.120000,154.94,19.278,11.550,235,361,90.000,90,90,18.000,39.000,55.000,176,269,431,160,155,155,155,155,155,155,1,0,0,3,30,1
4.125000,157.64,19.985,11.980,236,359,90.000,90,90,18.000,39.000,55.000,182,268,429,160,154,154,154,154,154,154,1,0,0,3,30,1
4.130000,160.34,20.768,12.470,238,357,90.000,90,90,18.000,39.000,55.000,190,266,426,160,153,153,153,153,153,153,1,0,0,3,30,1
4.135000,163.04,21.621,12.960,241,354,90.000,90,90,18.000,39.000,55.000,197,263,422,160,151,151,151,151,151,151,1,0,0,3,30,1
4.140000,165.74,22.534,13.510,245,352,90.000,90,90,18.000,39.000,55.000,205,262,419,160,151,151,151,151,151,151,1,0,0,3,30,1
4.145000,168.44,23.500,14.100,249,350,90.000,90,90,18.000,39.000,55.000,214,260,417,160,150,150,150,150,150,150,1,0,0,3,30,1
4.150000,171.14,24.508,14.700,255,348,90.000,90,90,18.000,39.000,55.000,224,259,414,160,149,149,149,149,149,149,1,0,0,3,30,1
4.155000,173.84,25.550,15.360,261,346,90.000,90,90,18.000,39.000,55.000,234,257,411,160,148,148,148,148,148,148,1,0,0,3,30,1
4.160000,176.54,26.615,15.950,268,345,90.000,90,90,18.000,39.000,55.000,243,256,410,160,147,147,147,147,147,147,1,0,0,3,30,1
4.165000,179.24,27.693,16.610,276,343,90.000,90,90,18.000,39.000,55.000,253,254,407,160,146,146,146,146,146,146,1,0,0,3,30,1
4.170000,181.94,28.775,17.260,284,342,90.000,90,90,18.000,39.000,55.000,263,253,406,160,146,146,146,146,146,146,1,0,0,3,30,1
4.175000,184.64,29.849,17.910,293,341,90.000,90,90,18.000,39.000,55.000,273,253,405,160,145,145,145,145,145,145,1,0,0,3,30,1
4.180000,187.34,30.905,18.560,302,340,90.000,90,90,18.000,39.000,55.000,282,252,403,160,145,145,145,145,145,145,1,0,0,3,30,1
4.185000,190.04,31.934,19.160,311,340,90.000,90,90,18.000,39.000,55.000,292,252,403,160,145,145,145,145,145,145,1,0,0,3,30,1
4.190000,192.74,32.925,19.760,321,339,90.000,90,90,18.000,39.000,55.000,301,251,402,160,144,144,144,144,144,144,1,0,0,3,30,1
4.195000,195.44,33.869,20.310,331,339,90.000,90,90,18.000,39.000,55.000,309,251,402,160,144,144,144,144,144,144,1,0,0,3,30,1
4.200000,198.14,34.757,20.850,341,339,90.000,90,90,18.000,39.000,55.000,317,251,402,160,144,144,144,144,144,144,1,0,0,3,30,1
4.205000,200.84,35.580,21.340,350,339,90.000,90,90,18.000,39.000,55.000,325,251,402,160,144,144,144,144,144,144,1,0,0,3,30,1
4.210000,203.54,36.331,21.770,360,340,90.000,90,90,18.000,39.000,55.000,331,252,403,160,145,145,145,145,145,145,1,0,0,3,30,1
4.215000,206.24,37.002,22.210,369,341,90.000,90,90,18.000,39.000,55.000,338,253,405,160,145,145,145,145,145,145,1,0,0,3,30,1
4.220000,208.94,37.586,22.540,378,342,90.000,90,90,18.000,39.000,55.000,343,253,406,160,146,146,146,146,146,146,1,0,0,3,30,1
4.225000,211.64,38.079,22.860,387,344,90.000,90,90,18.000,39.000,55.000,348,255,409,160,147,147,147,147,147,147,1,0,0,3,30,1
4.230000,214.34,38.473,23.080,395,346,90.000,90,90,18.000,39.000,55.000,351,257,411,160,148,148,148,148,148,148,1,0,0,3,30,1
4.235000,217.04,38.767,23.240,403,348,90.000,90,90,18.000,39.000,55.000,354,259,414,160,149,149,149,149,149,149,1,0,0,3,30,1
4.240000,219.74,38.956,23.350,410,350,90.000,90,90,18.000,39.000,55.000,355,260,417,160,150,150,150,150,150,150,1,0,0,3,30,1
4.245000,222.44,39.038,23.410,416,353,90.000,90,90,18.000,39.000,55.000,356,263,421,160,151,151,151,151,151,151,1,0,0,3,30,1
4.250000,225.14,39.012,23.410,421,355,90.000,90,90,18.000,39.000,55.000,356,264,423,160,152,152,152,152,152,152,1,0,0,3,30,1
4.255000,227.84,38.878,23.300,426,358,90.000,90,90,18.000,39.000,55.000,355,267,427,160,153,153,153,153,153,153,1,0,0,3,30,1
4.260000,230.54,38.636,23.190,429,361,90.000,90,90,18.000,39.000,55.000,353,269,431,160,155,155,155,155,155,155,1,0,0,3,30,1
4.265000,233.24,38.289,22.970,432,364,90.000,90,90,18.000,39.000,55.000,350,272,435,160,156,156,156,156,156,156,1,0,0,3,30,1
4.270000,235.94,37.838,22.700,434,367,90.000,90,90,18.000,39.000,55.000,346,274,439,160,158,158,158,158,158,158,1,0,0,3,30,1
4.275000,238.64,37.287,22.370,434,369,90.000,90,90,18.000,39.000,55.000,341,276,442,160,159,159,159,159,159,159,1,0,0,3,30,1
4.280000,241.34,36.641,21.990,434,372,90.000,90,90,18.000,39.000,55.000,335,278,446,160,160,160,160,160,160,160,1,0,0,3,30,1
4.285000,244.04,35.906,21.560,433,374,90.000,90,90,18.000,39.000,55.000,328,280,448,160,161,161,161,161,161,161,1,0,0,3,30,1
4.290000,246.74,35.086,21.070,431,377,90.000,90,90,18.000,39.000,55.000,321,282,452,160,162,162,162,162,162,162,1,0,0,3,30,1
4.295000,249.44,34.191,20.520,428,379,90.000,90,90,18.000,39.000,55.000,312,284,455,160,163,163,163,163,163,163,1,0,0,3,30,1
4.300000,252.14,33.226,19.920,424,381,90.000,90,90,18.000,39.000,55.000,303,286,458,160,164,164,164,164,164,164,1,0,0,3,30,1
4.305000,254.84,32.201,19.330,419,382,90.000,90,90,18.000,39.000,55.000,294,287,459,160,165,165,165,165,165,165,1,0,0,3,30,1
4.310000,257.54,31.124,18.670,413,384,90.000,90,90,18.000,39.000,55.000,284,288,462,160,166,166,166,166,166,166,1,0,0,3,30,1
4.315000,260.24,30.005,18.020,406,385,90.000,90,90,18.000,39.000,55.000,274,289,463,160,166,166,166,166,166,166,1,0,0,3,30,1
4.320000,262.94,28.853,17.310,399,385,90.000,90,90,18.000,39.000,55.000,263,289,463,160,166,166,166,166,166,166,1,0,0,3,30,1
4.325000,265.64,27.679,16.610,390,386,90.000,90,90,18.000,39.000,55.000,253,290,464,160,167,167,167,167,167,167,1,0,0,3,30,1
4.330000,268.34,26.493,15.900,382,386,90.000,90,90,18.000,39.000,55.000,242,290,464,160,167,167,167,167,167,167,1,0,0,3,30,1
4.335000,271.04,25.305,15.190,372,386,90.000,90,90,18.000,39.000,55.000,231,290,464,160,167,167,167,167,167,167,1,0,0,3,30,1
4.340000,273.74,24.127,14.490,362,385,90.000,90,90,18.000,39.000,55.000,220,289,463,160,166,166,166,166,166,166,1,0,0,3,30,1
4.345000,276.44,22.968,13.780,352,385,90.000,89,89,18.000,39.000,55.000,207,286,458,160,166,166,166,166,166,166,1,0,0,3,30,1
4.350000,279.14,21.838,13.130,341,384,90.000,89,89,18.000,39.000,55.000,197,285,457,160,166,166,166,166,166,166,1,0,0,3,30,1
4.355000,281.84,20.749,12.470,331,383,90.000,89,89,18.000,39.000,55.000,188,284,455,160,165,165,165,165,165,165,1,0,0,3,30,1
4.360000,284.54,19.710,11.820,320,382,90.000,89,89,18.000,39.000,55.000,178,284,454,160,165,165,165,165,165,165,1,0,0,3,30,1
4.365000,287.24,18.729,11.220,309,381,90.000,89,89,18.000,39.000,55.000,169,283,453,160,164,164,164,164,164,164,1,0,0,3,30,1
4.370000,289.94,17.817,10.680,298,379,90.000,90,90,18.000,39.000,55.000,162,284,455,160,163,163,163,163,163,163,1,0,0,3,30,1
4.375000,292.64,16.981,10.190,287,377,90.000,90,90,18.000,39.000,55.000,155,282,452,160,162,162,162,162,162,162,1,0,0,3,30,1
4.380000,295.34,16.229,9.750,277,376,90.000,90,90,18.000,39.000,55.000,148,282,451,160,162,162,162,162,162,162,1,0,0,3,30,1
4.385000,298.04,15.568,9.320,266,374,90.000,90,90,18.000,39.000,55.000,142,280,448,160,161,161,161,161,161,161,1,0,0,3,30,1
4.390000,300.74,15.005,8.990,257,371,90.000,90,90,18.000,39.000,55.000,137,278,444,160,160,160,160,160,160,160,1,0,0,3,30,1
4.395000,303.44,14.544,8.720,248,369,90.000,90,90,18.000,39.000,55.000,132,276,442,160,159,159,159,159,159,159,1,0,0,3,30,1
4.400000,306.14,14.189,8.500,239,367,90.000,90,90,18.000,39.000,55.000,129,274,439,160,158,158,158,158,158,158,1,0,0,3,30,1
4.405000,308.84,13.946,8.390,231,364,90.000,90,90,18.000,39.000,55.000,127,272,435,160,156,156,156,156,156,156,1,0,0,3,30,1
4.410000,311.54,13.815,8.280,224,361,90.000,90,90,18.000,39.000,55.000,126,269,431,160,155,155,155,155,155,155,1,0,0,3,30,1
4.415000,314.24,13.800,8.280,218,359,90.000,90,90,18.000,39.000,55.000,126,268,429,160,154,154,154,154,154,154,1,0,0,3,30,1
4.420000,316.94,13.899,8.340,213,356,90.000,90,90,18.000,39.000,55.000,127,265,424,160,152,152,152,152,152,152,1,0,0,3,30,1
4.425000,319.64,14.114,8.450,209,353,90.000,90,90,18.000,39.000,55.000,128,263,421,160,151,151,151,151,151,151,1,0,0,3,30,1
4.430000,322.34,14.442,8.670,205,350,90.000,90,90,18.000,39.000,55.000,132,260,417,160,150,150,150,150,150,150,1,0,0,3,30,1
4.435000,325.04,14.881,8.940,203,347,90.000,90,90,18.000,39.000,55.000,136,258,412,160,148,148,148,148,148,148,1,0,0,3,30,1
4.440000,327.74,15.429,9.260,202,344,90.000,90,90,18.000,39.000,55.000,141,255,409,160,147,147,147,147,147,147,1,0,0,3,30,1
4.445000,330.44,16.080,9.640,201,342,90.000,90,90,18.000,39.000,55.000,146,253,406,160,146,146,146,146,146,146,1,0,0,3,30,1
4.450000,333.14,16.829,10.080,202,339,90.000,90,90,18.000,39.000,55.000,153,251,402,160,144,144,144,144,144,144,1,0,0,3,30,1
4.455000,335.84,17.671,10.620,204,336,90.000,90,90,18.000,39.000,55.000,161,248,398,160,143,143,143,143,143,143,1,0,0,3,30,1
4.460000,338.54,18.598,11.170,207,334,90.000,90,90,18.000,39.000,55.000,170,247,395,160,142,142,142,142,142,142,1,0,0,3,30,1
4.465000,341.24,19.604,11.770,211,331,90.000,90,90,18.000,39.000,55.000,179,244,391,160,140,140,140,140,140,140,1,0,0,3,30,1
4.470000,343.94,20.679,12.420,216,329,90.000,90,90,18.000,39.000,55.000,189,243,389,160,140,140,140,140,140,140,1,0,0,3,30,1
4.475000,346.64,21.815,13.070,222,327,90.000,90,90,18.000,39.000,55.000,199,241,386,160,139,139,139,139,139,139,1,0,0,3,30,1
4.480000,349.34,23.002,13.780,229,325,90.000,90,90,18.000,39.000,55.000,210,239,383,160,138,138,138,138,138,138,1,0,0,3,30,1
4.485000,352.04,24.231,14.540,236,323,90.000,90,90,18.000,39.000,55.000,221,238,381,160,137,137,137,137,137,137,1,0,0,3,30,1
4.490000,354.74,25.492,15.300,245,321,90.000,90,90,18.000,39.000,55.000,233,236,378,160,136,136,136,136,136,136,1,0,0,3,30,1
4.495000,357.44,26.773,16.060,254,320,90.000,90,90,18.000,39.000,55.000,244,235,377,160,135,135,135,135,135,135,1,0,0,3,30,1
4.500000,0.14,28.065,16.820,264,319,90.000,90,90,18.000,39.000,55.000,256,234,375,160,135,135,135,135,135,135,1,0,0,3,30,1
4.505000,2.84,29.356,17.590,274,318,90.000,90,90,18.000,39.000,55.000,268,234,374,160,134,134,134,134,134,134,1,0,0,3,30,1
4.510000,5.54,30.635,18.400,285,317,90.000,90,90,18.000,39.000,55.000,280,233,373,160,134,134,134,134,134,134,1,0,0,3,30,1
4.515000,8.24,31.893,19.110,297,317,90.000,90,90,18.000,39.000,55.000,291,233,373,160,134,134,134,134,134,134,1,0,0,3,30,1
4.520000,10.94,33.118,19.870,309,317,90.000,90,90,18.000,39.000,55.000,302,233,373,160,134,134,134,134,134,134,1,0,0,3,30,1
4.525000,13.64,34.301,20.580,320,317,90.000,90,90,18.000,39.000,55.000,313,233,373,160,134,134,134,134,134,134,1,0,0,3,30,1
4.530000,16.34,35.431,21.230,332,317,90.000,90,90,18.000,39.000,55.000,323,233,373,160,134,134,134,134,134,134,1,0,0,3,30,1
4.535000,19.04,36.500,21.880,344,318,90.000,90,90,18.000,39.000,55.000,333,234,374,160,134,134,134,134,134,134,1,0,0,3,30,1
4.540000,21.74,37.498,22.480,356,319,90.000,90,90,18.000,39.000,55.000,342,234,375,160,135,135,135,135,135,135,1,0,0,3,30,1
4.545000,24.44,38.417,23.030,368,321,90.000,90,90,18.000,39.000,55.000,351,236,378,160,136,136,136,136,136,136,1,0,0,3,30,1
4.550000,27.14,39.250,23.510,380,323,90.000,90,90,18.000,39.000,55.000,358,238,381,160,137,137,137,137,137,137,1,0,0,3,30,1
4.555000,29.84,39.990,24.000,391,325,90.000,90,90,18.000,39.000,55.000,365,239,383,160,138,138,138,138,138,138,1,0,0,3,30,1
4.560000,32.54,40.631,24.380,401,328,90.000,90,90,18.000,39.000,55.000,371,242,387,160,139,139,139,139,139,139,1,0,0,3,30,1
4.565000,35.24,41.167,24.710,411,332,90.000,90,90,18.000,39.000,55.000,376,245,393,160,141,141,141,141,141,141,1,0,0,3,30,1
4.570000,37.94,41.596,24.930,421,335,90.000,90,90,18.000,39.000,55.000,380,248,397,160,142,142,142,142,142,142,1,0,0,3,30,1
4.575000,40.64,41.913,25.150,430,339,90.000,90,90,18.000,39.000,55.000,383,251,402,160,144,144,144,144,144,144,1,0,0,3,30,1
4.580000,43.34,42.116,25.260,437,342,90.000,90,90,18.000,39.000,55.000,385,253,406,160,146,146,146,146,146,146,1,0,0,3,30,1
4.585000,46.04,42.204,25.310,445,346,90.000,90,90,18.000,39.000,55.000,385,257,411,160,148,148,148,148,148,148,1,0,0,3,30,1
4.590000,48.74,42.177,25.310,451,351,90.000,90,90,18.000,39.000,55.000,385,261,418,160,150,150,150,150,150,150,1,0,0,3,30,1
4.595000,51.44,42.035,25.200,456,355,90.000,89,89,18.000,39.000,55.000,379,261,419,160,152,152,152,152,152,152,1,0,0,3,30,1
4.600000,54.14,41.780,25.040,460,359,90.000,89,89,18.000,39.000,55.000,377,265,424,160,154,154,154,154,154,154,1,0,0,3,30,1
4.605000,56.84,41.415,24.820,463,363,90.000,89,89,18.000,39.000,55.000,374,268,429,160,156,156,156,156,156,156,1,0,0,3,30,1
4.610000,59.54,40.943,24.550,466,367,90.000,89,89,18.000,39.000,55.000,370,271,434,160,158,158,158,158,158,158,1,0,0,3,30,1
4.615000,62.24,40.370,24.220,467,371,90.000,89,89,18.000,39.000,55.000,365,274,439,160,160,160,160,160,160,160,1,0,0,3,30,1
4.620000,64.94,39.700,23.790,467,375,90.000,90,90,18.000,39.000,55.000,362,281,450,160,162,162,162,162,162,162,1,0,0,3,30,1
4.625000,67.64,38.939,23.350,466,379,90.000,90,90,18.000,39.000,55.000,355,284,455,160,163,163,163,163,163,163,1,0,0,3,30,1
4.630000,70.34,38.095,22.860,464,382,90.000,90,90,18.000,39.000,55.000,348,287,459,160,165,165,165,165,165,165,1,0,0,3,30,1
4.635000,73.04,37.176,22.320,461,385,90.000,90,90,18.000,39.000,55.000,340,289,463,160,166,166,166,166,166,166,1,0,0,3,30,1
4.640000,75.74,36.189,21.720,457,388,90.000,90,90,18.000,39.000,55.000,331,292,467,160,168,168,168,168,168,168,1,0,0,3,30,1
4.645000,78.44,35.144,21.070,451,391,90.000,90,90,18.000,39.000,55.000,321,294,471,160,169,169,169,169,169,169,1,0,0,3,30,1
4.650000,81.14,34.050,20.410,446,393,90.000,90,90,18.000,39.000,55.000,311,296,474,160,170,170,170,170,170,170,1,0,0,3,30,1
4.655000,83.84,32.918,19.760,439,395,90.000,90,90,18.000,39.000,55.000,301,297,476,160,171,171,171,171,171,171,1,0,0,3,30,1
4.660000,86.54,31.756,19.050,431,397,90.000,90,90,18.000,39.000,55.000,290,299,479,160,172,172,172,172,172,172,1,0,0,3,30,1
4.665000,89.24,30.576,18.350,423,398,90.000,90,90,18.000,39.000,55.000,279,300,480,160,173,173,173,173,173,173,1,0,0,3,30,1
4.670000,91.94,29.388,17.640,414,399,90.000,90,90,18.000,39.000,55.000,268,301,482,160,173,173,173,173,173,173,1,0,0,3,30,1
4.675000,94.64,28.203,16.930,405,399,90.000,90,90,18.000,39.000,55.000,258,301,482,160,173,173,173,173,173,173,1,0,0,3,30,1
4.680000,97.34,27.031,16.230,395,399,90.000,90,90,18.000,39.000,55.000,247,301,482,160,173,173,173,173,173,173,1,0,0,3,30,1
4.685000,100.04,25.882,15.520,384,399,90.000,90,90,18.000,39.000,55.000,236,301,482,160,173,173,173,173,173,173,1,0,0,3,30,1
4.690000,102.74,24.766,14.870,374,399,90.000,90,90,18.000,39.000,55.000,226,301,482,160,173,173,173,173,173,173,1,0,0,3,30,1
4.695000,105.44,23.694,14.210,363,398,90.000,90,90,18.000,39.000,55.000,216,300,480,160,173,173,173,173,173,173,1,0,0,3,30,1
4.700000,108.14,22.675,13.620,352,397,90.000,90,90,18.000,39.000,55.000,207,299,479,160,172,172,172,172,172,172,1,0,0,3,30,1
4.705000,110.84,21.717,13.020,341,396,90.000,90,90,18.000,39.000,55.000,198,298,478,160,172,172,172,172,172,172,1,0,0,3,30,1
4.710000,113.54,20.828,12.470,330,395,90.000,90,90,18.000,39.000,55.000,190,297,476,160,171,171,171,171,171,171,1,0,0,3,30,1
4.715000,116.24,20.017,11.980,320,394,90.000,90,90,18.000,39.000,55.000,182,297,475,160,171,171,171,171,171,171,1,0,0,3,30,1
4.720000,118.94,19.290,11.550,309,392,90.000,90,90,18.000,39.000,55.000,176,295,472,160,170,170,170,170,170,170,1,0,0,3,30,1
4.725000,121.64,18.654,11.170,299,391,90.000,90,90,18.000,39.000,55.000,170,294,471,160,169,169,169,169,169,169,1,0,0,3,30,1
4.730000,124.34,18.113,10.840,290,389,90.000,90,90,18.000,39.000,55.000,165,293,468,160,168,168,168,168,168,168,1,0,0,3,30,1
4.735000,127.04,17.672,10.620,281,387,90.000,90,90,18.000,39.000,55.000,161,291,466,160,167,167,167,167,167,167,1,0,0,3,30,1
4.740000,129.74,17.335,10.410,273,385,90.000,90,90,18.000,39.000,55.000,158,289,463,160,166,166,166,166,166,166,1,0,0,3,30,1
4.745000,132.44,17.104,10.240,265,382,90.000,90,90,18.000,39.000,55.000,156,287,459,160,165,165,165,165,165,165,1,0,0,3,30,1
4.750000,135.14,16.980,10.190,258,380,90.000,90,90,18.000,39.000,55.000,155,285,456,160,164,164,164,164,164,164,1,0,0,3,30,1
4.755000,137.84,16.965,10.190,252,377,90.000,90,90,18.000,39.000,55.000,155,282,452,160,162,162,162,162,162,162,1,0,0,3,30,1
4.760000,140.54,17.058,10.240,247,375,90.000,90,90,18.000,39.000,55.000,156,281,450,160,162,162,162,162,162,162,1,0,0,3,30,1
4.765000,143.24,17.258,10.350,243,372,90.000,90,90,18.000,39.000,55.000,157,278,446,160,160,160,160,160,160,160,1,0,0,3,30,1
4.770000,145.94,17.562,10.510,239,370,90.000,90,90,18.000,39.000,55.000,160,277,443,160,159,159,159,159,159,159,1,0,0,3,30,1
4.775000,148.64,17.966,10.790,237,367,90.000,90,90,18.000,39.000,55.000,164,274,439,160,158,158,158,158,158,158,1,0,0,3,30,1
4.780000,151.34,18.468,11.060,236,365,90.000,90,90,18.000,39.000,55.000,168,273,436,160,157,157,157,157,157,157,1,0,0,3,30,1
4.785000,154.04,19.061,11.440,235,362,90.000,90,90,18.000,39.000,55.000,174,270,432,160,155,155,155,155,155,155,1,0,0,3,30,1
4.790000,156.74,19.741,11.820,236,360,90.000,90,90,18.000,39.000,55.000,180,268,430,160,154,154,154,154,154,154,1,0,0,3,30,1
4.795000,159.44,20.499,12.310,237,357,90.000,90,90,18.000,39.000,55.000,187,266,426,160,153,153,153,153,153,153,1,0,0,3,30,1
4.800000,162.14,21.329,12.800,240,355,90.000,90,90,18.000,39.000,55.000,195,264,423,160,152,152,152,152,152,152,1,0,0,3,30,1
4.805000,164.84,22.223,13.340,243,353,90.000,90,90,18.000,39.000,55.000,203,263,421,160,151,151,151,151,151,151,1,0,0,3,30,1
4.810000,167.54,23.172,13.890,248,351,90.000,90,90,18.000,39.000,55.000,211,261,418,160,150,150,150,150,150,150,1,0,0,3,30,1
4.815000,170.24,24.168,14.490,253,349,90.000,90,90,18.000,39.000,55.000,220,259,415,160,149,149,149,149,149,149,1,0,0,3,30,1
4.820000,172.94,25.200,15.140,259,347,90.000,90,90,18.000,39.000,55.000,230,258,412,160,148,148,148,148,148,148,1,0,0,3,30,1
4.825000,175.64,26.258,15.740,266,345,90.000,90,90,18.000,39.000,55.000,239,256,410,160,147,147,147,147,147,147,1,0,0,3,30,1
4.830000,178.34,27.333,16.390,273,344,90.000,90,90,18.000,39.000,55.000,249,255,409,160,147,147,147,147,147,147,1,0,0,3,30,1
4.835000,181.04,28.415,17.040,281,343,90.000,90,90,18.000,39.000,55.000,259,254,407,160,146,146,146,146,146,146,1,0,0,3,30,1
4.840000,183.74,29.492,17.690,290,342,90.000,90,90,18.000,39.000,55.000,269,253,406,160,146,146,146,146,146,146,1,0,0,3,30,1
4.845000,186.44,30.555,18.350,299,341,90.000,89,89,18.000,39.000,55.000,276,250,400,160,145,145,145,145,145,145,1,0,0,3,30,1
4.850000,189.14,31.594,18.950,308,340,90.000,89,89,18.000,39.000,55.000,285,249,399,160,145,145,145,145,145,145,1,0,0,3,30,1
4.855000,191.84,32.599,19.540,318,339,90.000,89,89,18.000,39.000,55.000,294,248,398,160,144,144,144,144,144,144,1,0,0,3,30,1
4.860000,194.54,33.560,20.140,327,339,90.000,89,89,18.000,39.000,55.000,303,248,398,160,144,144,144,144,144,144,1,0,0,3,30,1
4.865000,197.24,34.468,20.690,337,339,90.000,89,89,18.000,39.000,55.000,311,248,398,160,144,144,144,144,144,144,1,0,0,3,30,1
4.870000,199.94,35.313,21.180,347,339,90.000,90,90,18.000,39.000,55.000,322,251,402,160,144,144,144,144,144,144,1,0,0,3,30,1
4.875000,202.64,36.089,21.670,357,340,90.000,90,90,18.000,39.000,55.000,330,252,403,160,145,145,145,145,145,145,1,0,0,3,30,1
4.880000,205.34,36.788,22.050,366,341,90.000,90,90,18.000,39.000,55.000,336,253,405,160,145,145,145,145,145,145,1,0,0,3,30,1
4.885000,208.04,37.402,22.430,375,342,90.000,90,90,18.000,39.000,55.000,341,253,406,160,146,146,146,146,146,146,1,0,0,3,30,1
4.890000,210.74,37.925,22.750,384,343,90.000,90,90,18.000,39.000,55.000,346,254,407,160,146,146,146,146,146,146,1,0,0,3,30,1
4.895000,213.44,38.353,23.030,392,345,90.000,90,90,18.000,39.000,55.000,351,256,410,160,147,147,147,147,147,147,1,0,0,3,30,1
4.900000,216.14,38.681,23.190,400,347,90.000,90,90,18.000,39.000,55.000,353,258,412,160,148,148,148,148,148,148,1,0,0,3,30,1
4.905000,218.84,38.905,23.350,407,349,90.000,90,90,18.000,39.000,55.000,355,259,415,160,149,149,149,149,149,149,1,0,0,3,30,1
4.910000,221.54,39.023,23.410,414,352,90.000,90,90,18.000,39.000,55.000,356,262,419,160,151,151,151,151,151,151,1,0,0,3,30,1
4.915000,224.24,39.033,23.410,419,355,90.000,90,90,18.000,39.000,55.000,356,264,423,160,152,152,152,152,152,152,1,0,0,3,30,1
4.920000,226.94,38.935,23.350,424,357,90.000,90,90,18.000,39.000,55.000,355,266,426,160,153,153,153,153,153,153,1,0,0,3,30,1
4.925000,229.64,38.729,23.240,428,360,90.000,90,90,18.000,39.000,55.000,354,268,430,160,154,154,154,154,154,154,1,0,0,3,30,1
4.930000,232.34,38.416,23.030,431,363,90.000,90,90,18.000,39.000,55.000,351,271,434,160,156,156,156,156,156,156,1,0,0,3,30,1
4.935000,235.04,37.999,22.810,433,366,90.000,90,90,18.000,39.000,55.000,347,273,438,160,157,157,157,157,157,157,1,0,0,3,30,1
4.940000,237.74,37.481,22.480,434,368,90.000,90,90,18.000,39.000,55.000,342,275,441,160,158,158,158,158,158,158,1,0,0,3,30,1
4.945000,240.44,36.867,22.100,434,371,90.000,90,90,18.000,39.000,55.000,336,278,444,160,160,160,160,160,160,160,1,0,0,3,30,1
4.950000,243.14,36.160,21.670,434,374,90.000,90,90,18.000,39.000,55.000,330,280,448,160,161,161,161,161,161,161,1,0,0,3,30,1
4.955000,245.84,35.368,21.230,432,376,90.000,90,90,18.000,39.000,55.000,323,282,451,160,162,162,162,162,162,162,1,0,0,3,30,1
4.960000,248.54,34.497,20.690,429,378,90.000,90,90,18.000,39.000,55.000,315,283,454,160,163,163,163,163,163,163,1,0,0,3,30,1
4.965000,251.24,33.555,20.140,425,380,90.000,90,90,18.000,39.000,55.000,307,285,456,160,164,164,164,164,164,164,1,0,0,3,30,1
4.970000,253.94,32.549,19.540,421,382,90.000,90,90,18.000,39.000,55.000,297,287,459,160,165,165,165,165,165,165,1,0,0,3,30,1
4.975000,256.64,31.488,18.890,415,383,90.000,90,90,18.000,39.000,55.000,287,287,460,160,165,165,165,165,165,165,1,0,0,3,30,1
4.980000,259.34,30.382,18.240,409,384,90.000,90,90,18.000,39.000,55.000,278,288,462,160,166,166,166,166,166,166,1,0,0,3,30,1
4.985000,262.04,29.240,17.530,401,385,90.000,90,90,18.000,39.000,55.000,267,289,463,160,166,166,166,166,166,166,1,0,0,3,30,1
4.990000,264.74,28.072,16.820,393,386,90.000,90,90,18.000,39.000,55.000,256,290,464,160,167,167,167,167,167,167,1,0,0,3,30,1
4.995000,267.44,26.889,16.120,385,386,90.000,90,90,18.000,39.000,55.000,245,290,464,160,167,167,167,167,167,167,1,0,0,3,30,1
5.000000,270.14,25.701,15.410,375,386,90.000,90,90,18.000,39.000,55.000,234,290,464,160,167,167,167,167,167,167,1,0,0,3,30,1
5.005000,272.84,24.518,14.700,366,385,90.000,90,90,18.000,39.000,55.000,224,289,463,160,166,166,166,166,166,166,1,0,0,3,30,1
5.010000,275.54,23.351,14.000,355,385,90.000,90,90,18.000,39.000,55.000,213,289,463,160,166,166,166,166,166,166,1,0,0,3,30,1
5.015000,278.24,22.211,13.340,345,384,90.000,90,90,18.000,39.000,55.000,203,288,462,160,166,166,166,166,166,166,1,0,0,3,30,1
5.020000,280.94,21.107,12.640,334,383,90.000,90,90,18.000,39.000,55.000,192,287,460,160,165,165,165,165,165,165,1,0,0,3,30,1
5.025000,283.64,20.050,12.040,323,382,90.000,90,90,18.000,39.000,55.000,183,287,459,160,165,165,165,165,165,165,1,0,0,3,30,1
5.030000,286.34,19.049,11.440,312,381,90.000,90,90,18.000,39.000,55.000,174,286,458,160,164,164,164,164,164,164,1,0,0,3,30,1
5.035000,289.04,18.113,10.840,301,380,90.000,90,90,18.000,39.000,55.000,165,285,456,160,164,164,164,164,164,164,1,0,0,3,30,1
5.040000,291.74,17.251,10.350,291,378,90.000,90,90,18.000,39.000,55.000,157,283,454,160,163,163,163,163,163,163,1,0,0,3,30,1
5.045000,294.44,16.470,9.860,280,376,90.000,90,90,18.000,39.000,55.000,150,282,451,160,162,162,162,162,162,162,1,0,0,3,30,1
5.050000,297.14,15.778,9.480,270,374,90.000,90,90,18.000,39.000,55.000,144,280,448,160,161,161,161,161,161,161,1,0,0,3,30,1
5.055000,299.84,15.181,9.100,260,372,90.000,90,90,18.000,39.000,55.000,138,278,446,160,160,160,160,160,160,160,1,0,0,3,30,1
5.060000,302.54,14.686,8.830,251,370,90.000,90,90,18.000,39.000,55.000,134,277,443,160,159,159,159,159,159,159,1,0,0,3,30,1
5.065000,305.24,14.295,8.560,242,367,90.000,90,90,18.000,39.000,55.000,130,274,439,160,158,158,158,158,158,158,1,0,0,3,30,1
5.070000,307.94,14.015,8.390,234,365,90.000,90,90,18.000,39.000,55.000,127,273,436,160,157,157,157,157,157,157,1,0,0,3,30,1
5.075000,310.64,13.846,8.280,227,362,90.000,90,90,18.000,39.000,55.000,126,270,432,160,155,155,155,155,155,155,1,0,0,3,30,1
5.080000,313.34,13.792,8.280,220,360,90.000,90,90,18.000,39.000,55.000,126,268,430,160,154,154,154,154,154,154,1,0,0,3,30,1
5.085000,316.04,13.853,8.280,215,357,90.000,90,90,18.000,39.000,55.000,126,266,426,160,153,153,153,153,153,153,1,0,0,3,30,1
5.090000,318.74,14.030,8.390,210,354,90.000,90,90,18.000,39.000,55.000,127,263,422,160,151,151,151,151,151,151,1,0,0,3,30,1
5.095000,321.44,14.320,8.610,206,351,90.000,89,89,18.000,39.000,55.000,129,258,413,160,150,150,150,150,150,150,1,0,0,3,30,1
5.100000,324.14,14.723,8.830,204,348,90.000,89,89,18.000,39.000,55.000,133,256,409,160,149,149,149,149,149,149,1,0,0,3,30,1
5.105000,326.84,15.235,9.150,202,345,90.000,89,89,18.000,39.000,55.000,137,253,405,160,147,147,147,147,147,147,1,0,0,3,30,1
5.110000,329.54,15.852,9.540,201,343,90.000,89,89,18.000,39.000,55.000,143,252,403,160,146,146,146,146,146,146,1,0,0,3,30,1
5.115000,332.24,16.569,9.920,202,340,90.000,89,89,18.000,39.000,55.000,149,249,399,160,145,145,145,145,145,145,1,0,0,3,30,1
5.120000,334.94,17.381,10.410,203,337,90.000,90,90,18.000,39.000,55.000,158,249,399,160,143,143,143,143,143,143,1,0,0,3,30,1
5.125000,337.64,18.280,10.950,206,335,90.000,90,90,18.000,39.000,55.000,166,248,397,160,142,142,142,142,142,142,1,0,0,3,30,1
5.130000,340.34,19.260,11.550,209,332,90.000,90,90,18.000,39.000,55.000,176,245,393,160,141,141,141,141,141,141,1,0,0,3,30,1
5.135000,343.04,20.313,12.200,214,330,90.000,90,90,18.000,39.000,55.000,186,244,390,160,140,140,140,140,140,140,1,0,0,3,30,1
5.140000,345.74,21.430,12.850,220,328,90.000,90,90,18.000,39.000,55.000,195,242,387,160,139,139,139,139,139,139,1,0,0,3,30,1
5.145000,348.44,22.601,13.560,226,325,90.000,90,90,18.000,39.000,55.000,206,239,383,160,138,138,138,138,138,138,1,0,0,3,30,1
5.150000,351.14,23.818,14.270,234,324,90.000,90,90,18.000,39.000,55.000,217,239,382,160,137,137,137,137,137,137,1,0,0,3,30,1
5.155000,353.84,25.069,15.030,242,322,90.000,90,90,18.000,39.000,55.000,229,237,379,160,136,136,136,136,136,136,1,0,0,3,30,1
5.160000,356.54,26.344,15.790,251,321,90.000,90,90,18.000,39.000,55.000,240,236,378,160,136,136,136,136,136,136,1,0,0,3,30,1
5.165000,359.24,27.634,16.610,261,319,90.000,90,90,18.000,39.000,55.000,253,234,375,160,135,135,135,135,135,135,1,0,0,3,30,1
5.170000,1.94,28.926,17.370,271,318,90.000,90,90,18.000,39.000,55.000,264,234,374,160,134,134,134,134,134,134,1,0,0,3,30,1
5.175000,4.64,30.211,18.130,282,317,90.000,90,90,18.000,39.000,55.000,276,233,373,160,134,134,134,134,134,134,1,0,0,3,30,1
5.180000,7.34,31.477,18.890,293,317,90.000,90,90,18.000,39.000,55.000,287,233,373,160,134,134,134,134,134,134,1,0,0,3,30,1
5.185000,10.04,32.714,19.600,305,317,90.000,90,90,18.000,39.000,55.000,298,233,373,160,134,134,134,134,134,134,1,0,0,3,30,1
5.190000,12.74,33.912,20.360,316,317,90.000,90,90,18.000,39.000,55.000,310,233,373,160,134,134,134,134,134,134,1,0,0,3,30,1
5.195000,15.44,35.061,21.010,328,317,90.000,90,90,18.000,39.000,55.000,320,233,373,160,134,134,134,134,134,134,1,0,0,3,30,1
5.200000,18.14,36.151,21.670,340,317,90.000,90,90,18.000,39.000,55.000,330,233,373,160,134,134,134,134,134,134,1,0,0,3,30,1
5.205000,20.84,37.174,22.320,352,319,90.000,90,90,18.000,39.000,55.000,340,234,375,160,135,135,135,135,135,135,1,0,0,3,30,1
5.210000,23.54,38.120,22.860,364,320,90.000,90,90,18.000,39.000,55.000,348,235,377,160,135,135,135,135,135,135,1,0,0,3,30,1
5.215000,26.24,38.982,23.410,376,322,90.000,90,90,18.000,39.000,55.000,356,237,379,160,136,136,136,136,136,136,1,0,0,3,30,1
5.220000,28.94,39.754,23.840,387,325,90.000,90,90,18.000,39.000,55.000,363,239,383,160,138,138,138,138,138,138,1,0,0,3,30,1
5.225000,31.64,40.428,24.280,398,327,90.000,90,90,18.000,39.000,55.000,370,241,386,160,139,139,139,139,139,139,1,0,0,3,30,1
5.230000,34.34,41.000,24.600,408,330,90.000,90,90,18.000,39.000,55.000,375,244,390,160,140,140,140,140,140,140,1,0,0,3,30,1
5.235000,37.04,41.465,24.870,418,334,90.000,90,90,18.000,39.000,55.000,379,247,395,160,142,142,142,142,142,142,1,0,0,3,30,1
5.240000,39.74,41.820,25.090,427,337,90.000,90,90,18.000,39.000,55.000,382,249,399,160,143,143,143,143,143,143,1,0,0,3,30,1
5.245000,42.44,42.061,25.260,435,341,90.000,90,90,18.000,39.000,55.000,385,253,405,160,145,145,145,145,145,145,1,0,0,3,30,1
5.250000,45.14,42.188,25.310,442,345,90.000,90,90,18.000,39.000,55.000,385,256,410,160,147,147,147,147,147,147,1,0,0,3,30,1
5.255000,47.84,42.199,25.310,449,349,90.000,90,90,18.000,39.000,55.000,385,259,415,160,149,149,149,149,149,149,1,0,0,3,30,1
5.260000,50.54,42.095,25.260,454,353,90.000,90,90,18.000,39.000,55.000,385,263,421,160,151,151,151,151,151,151,1,0,0,3,30,1
5.265000,53.24,41.877,25.150,459,358,90.000,90,90,18.000,39.000,55.000,383,267,427,160,153,153,153,153,153,153,1,0,0,3,30,1
5.270000,55.94,41.549,24.930,462,362,90.000,90,90,18.000,39.000,55.000,380,270,432,160,155,155,155,155,155,155,1,0,0,3,30,1
5.275000,58.64,41.112,24.660,465,366,90.000,90,90,18.000,39.000,55.000,375,273,438,160,157,157,157,157,157,157,1,0,0,3,30,1
5.280000,61.34,40.572,24.330,466,370,90.000,90,90,18.000,39.000,55.000,370,277,443,160,159,159,159,159,159,159,1,0,0,3,30,1
5.285000,64.04,39.933,23.950,467,374,90.000,90,90,18.000,39.000,55.000,365,280,448,160,161,161,161,161,161,161,1,0,0,3,30,1
5.290000,66.74,39.202,23.510,466,378,90.000,90,90,18.000,39.000,55.000,358,283,454,160,163,163,163,163,163,163,1,0,0,3,30,1
5.295000,69.44,38.385,23.030,464,381,90.000,90,90,18.000,39.000,55.000,351,286,458,160,164,164,164,164,164,164,1,0,0,3,30,1
5.300000,72.14,37.490,22.480,462,384,90.000,90,90,18.000,39.000,55.000,342,288,462,160,166,166,166,166,166,166,1,0,0,3,30,1
5.305000,74.84,36.525,21.880,458,387,90.000,90,90,18.000,39.000,55.000,333,291,466,160,167,167,167,167,167,167,1,0,0,3,30,1
5.310000,77.54,35.498,21.280,453,390,90.000,90,90,18.000,39.000,55.000,324,293,470,160,169,169,169,169,169,169,1,0,0,3,30,1
5.315000,80.24,34.420,20.630,448,393,90.000,90,90,18.000,39.000,55.000,314,296,474,160,170,170,170,170,170,170,1,0,0,3,30,1
5.320000,82.94,33.299,19.980,441,395,90.000,90,90,18.000,39.000,55.000,304,297,476,160,171,171,171,171,171,171,1,0,0,3,30,1
5.325000,85.64,32.146,19.270,434,396,90.000,90,90,18.000,39.000,55.000,293,298,478,160,172,172,172,172,172,172,1,0,0,3,30,1
5.330000,88.34,30.971,18.560,426,398,90.000,90,90,18.000,39.000,55.000,282,300,480,160,173,173,173,173,173,173,1,0,0,3,30,1
5.335000,91.04,29.785,17.860,417,399,90.000,90,90,18.000,39.000,55.000,272,301,482,160,173,173,173,173,173,173,1,0,0,3,30,1
5.340000,93.74,28.597,17.150,408,399,90.000,90,90,18.000,39.000,55.000,261,301,482,160,173,173,173,173,173,173,1,0,0,3,30,1
5.345000,96.44,27.419,16.440,398,399,90.000,89,89,18.000,39.000,55.000,247,297,476,160,173,173,173,173,173,173,1,0,0,3,30,1
5.350000,99.14,26.262,15.740,388,399,90.000,89,89,18.000,39.000,55.000,237,297,476,160,173,173,173,173,173,173,1,0,0,3,30,1
5.355000,101.84,25.134,15.080,377,399,90.000,89,89,18.000,39.000,55.000,227,297,476,160,173,173,173,173,173,173,1,0,0,3,30,1
5.360000,104.54,24.046,14.430,366,398,90.000,89,89,18.000,39.000,55.000,217,297,475,160,173,173,173,173,173,173,1,0,0,3,30,1
5.365000,107.24,23.008,13.780,356,398,90.000,89,89,18.000,39.000,55.000,207,297,475,160,173,173,173,173,173,173,1,0,0,3,30,1
5.370000,109.94,22.029,13.230,345,397,90.000,90,90,18.000,39.000,55.000,201,299,479,160,172,172,172,172,172,172,1,0,0,3,30,1
5.375000,112.64,21.116,12.690,334,396,90.000,90,90,18.000,39.000,55.000,193,298,478,160,172,172,172,172,172,172,1,0,0,3,30,1
5.380000,115.34,20.278,12.150,323,394,90.000,90,90,18.000,39.000,55.000,185,297,475,160,171,171,171,171,171,171,1,0,0,3,30,1
5.385000,118.04,19.523,11.710,313,393,90.000,90,90,18.000,39.000,55.000,178,296,474,160,170,170,170,170,170,170,1,0,0,3,30,1
5.390000,120.74,18.855,11.330,303,391,90.000,90,90,18.000,39.000,55.000,172,294,471,160,169,169,169,169,169,169,1,0,0,3,30,1
5.395000,123.44,18.282,10.950,293,389,90.000,90,90,18.000,39.000,55.000,166,293,468,160,168,168,168,168,168,168,1,0,0,3,30,1
5.400000,126.14,17.808,10.680,284,387,90.000,90,90,18.000,39.000,55.000,162,291,466,160,167,167,167,167,167,167,1,0,0,3,30,1
5.405000,128.84,17.435,10.460,275,385,90.000,90,90,18.000,39.000,55.000,159,289,463,160,166,166,166,166,166,166,1,0,0,3,30,1
5.410000,131.54,17.169,10.300,267,383,90.000,90,90,18.000,39.000,55.000,157,287,460,160,165,165,165,165,165,165,1,0,0,3,30,1
5.415000,134.24,17.009,10.190,260,381,90.000,90,90,18.000,39.000,55.000,155,286,458,160,164,164,164,164,164,164,1,0,0,3,30,1
5.420000,136.94,16.958,10.190,254,378,90.000,90,90,18.000,39.000,55.000,155,283,454,160,163,163,163,163,163,163,1,0,0,3,30,1
5.425000,139.64,17.015,10.190,249,376,90.000,90,90,18.000,39.000,55.000,155,282,451,160,162,162,162,162,162,162,1,0,0,3,30,1
5.430000,142.34,17.179,10.300,244,373,90.000,90,90,18.000,39.000,55.000,157,279,447,160,161,161,161,161,161,161,1,0,0,3,30,1
5.435000,145.04,17.449,10.460,240,371,90.000,90,90,18.000,39.000,55.000,159,278,444,160,160,160,160,160,160,160,1,0,0,3,30,1
5.440000,147.74,17.820,10.680,238,368,90.000,90,90,18.000,39.000,55.000,162,275,441,160,158,158,158,158,158,158,1,0,0,3,30,1
5.445000,150.44,18.290,10.950,236,366,90.000,90,90,18.000,39.000,55.000,166,273,438,160,157,157,157,157,157,157,1,0,0,3,30,1
5.450000,153.14,18.854,11.330,235,363,90.000,90,90,18.000,39.000,55.000,172,271,434,160,156,156,156,156,156,156,1,0,0,3,30,1
5.455000,155.84,19.505,11.710,236,361,90.000,90,90,18.000,39.000,55.000,178,269,431,160,155,155,155,155,155,155,1,0,0,3,30,1
5.460000,158.54,20.238,12.150,237,358,90.000,90,90,18.000,39.000,55.000,185,267,427,160,153,153,153,153,153,153,1,0,0,3,30,1
5.465000,161.24,21.045,12.640,239,356,90.000,90,90,18.000,39.000,55.000,192,265,424,160,152,152,152,152,152,152,1,0,0,3,30,1
5.470000,163.94,21.919,13.130,242,354,90.000,90,90,18.000,39.000,55.000,200,263,422,160,151,151,151,151,151,151,1,0,0,3,30,1
5.475000,166.64,22.850,13.720,246,351,90.000,90,90,18.000,39.000,55.000,209,261,418,160,150,150,150,150,150,150,1,0,0,3,30,1
5.480000,169.34,23.831,14.270,251,349,90.000,90,90,18.000,39.000,55.000,217,259,415,160,149,149,149,149,149,149,1,0,0,3,30,1
5.485000,172.04,24.852,14.920,257,348,90.000,90,90,18.000,39.000,55.000,227,259,414,160,149,149,149,149,149,149,1,0,0,3,30,1
5.490000,174.74,25.903,15.520,263,346,90.000,90,90,18.000,39.000,55.000,236,257,411,160,148,148,148,148,148,148,1,0,0,3,30,1
5.495000,177.44,26.974,16.170,271,344,90.000,90,90,18.000,39.000,55.000,246,255,409,160,147,147,147,147,147,147,1,0,0,3,30,1
5.500000,180.14,28.054,16.820,278,343,90.000,90,90,18.000,39.000,55.000,256,254,407,160,146,146,146,146,146,146,1,0,0,3,30,1
5.505000,182.84,29.134,17.480,287,342,90.000,90,90,18.000,39.000,55.000,266,253,406,160,146,146,146,146,146,146,1,0,0,3,30,1
5.510000,185.54,30.203,18.130,296,341,90.000,90,90,18.000,39.000,55.000,276,253,405,160,145,145,145,145,145,145,1,0,0,3,30,1
5.515000,188.24,31.251,18.730,305,340,90.000,90,90,18.000,39.000,55.000,285,252,403,160,145,145,145,145,145,145,1,0,0,3,30,1
5.520000,190.94,32.269,19.380,314,340,90.000,90,90,18.000,39.000,55.000,295,252,403,160,145,145,145,145,145,145,1,0,0,3,30,1
5.525000,193.64,33.245,19.920,324,339,90.000,90,90,18.000,39.000,55.000,303,251,402,160,144,144,144,144,144,144,1,0,0,3,30,1
5.530000,196.34,34.171,20.520,334,339,90.000,90,90,18.000,39.000,55.000,312,251,402,160,144,144,144,144,144,144,1,0,0,3,30,1
5.535000,199.04,35.039,21.010,344,339,90.000,90,90,18.000,39.000,55.000,320,251,402,160,144,144,144,144,144,144,1,0,0,3,30,1
5.540000,201.74,35.839,21.500,353,339,90.000,90,90,18.000,39.000,55.000,327,251,402,160,144,144,144,144,144,144,1,0,0,3,30,1
5.545000,204.44,36.564,21.940,363,340,90.000,90,90,18.000,39.000,55.000,334,252,403,160,145,145,145,145,145,145,1,0,0,3,30,1
5.550000,207.14,37.207,22.320,372,341,90.000,90,90,18.000,39.000,55.000,340,253,405,160,145,145,145,145,145,145,1,0,0,3,30,1
5.555000,209.84,37.761,22.640,381,343,90.000,90,90,18.000,39.000,55.000,345,254,407,160,146,146,146,146,146,146,1,0,0,3,30,1
5.560000,212.54,38.221,22.920,390,344,90.000,90,90,18.000,39.000,55.000,349,255,409,160,147,147,147,147,147,147,1,0,0,3,30,1
5.565000,215.24,38.583,23.130,398,346,90.000,90,90,18.000,39.000,55.000,352,257,411,160,148,148,148,148,148,148,1,0,0,3,30,1
5.570000,217.94,38.842,23.300,405,349,90.000,90,90,18.000,39.000,55.000,355,259,415,160,149,149,149,149,149,149,1,0,0,3,30,1
5.575000,220.64,38.995,23.410,412,351,90.000,90,90,18.000,39.000,55.000,356,261,418,160,150,150,150,150,150,150,1,0,0,3,30,1
5.580000,223.34,39.041,23.410,418,354,90.000,90,90,18.000,39.000,55.000,356,263,422,160,151,151,151,151,151,151,1,0,0,3,30,1
5.585000,226.04,38.980,23.410,423,356,90.000,90,90,18.000,39.000,55.000,356,265,424,160,152,152,152,152,152,152,1,0,0,3,30,1
5.590000,228.74,38.809,23.300,427,359,90.000,90,90,18.000,39.000,55.000,355,268,429,160,154,154,154,154,154,154,1,0,0,3,30,1
5.595000,231.44,38.532,23.130,430,362,90.000,89,89,18.000,39.000,55.000,348,267,428,160,155,155,155,155,155,155,1,0,0,3,30,1
5.600000,234.14,38.150,22.860,433,365,90.000,89,89,18.000,39.000,55.000,344,270,432,160,157,157,157,157,157,157,1,0,0,3,30,1
5.605000,236.84,37.665,22.590,434,367,90.000,89,89,18.000,39.000,55.000,340,271,434,160,158,158,158,158,158,158,1,0,0,3,30,1
5.610000,239.54,37.082,22.260,434,370,90.000,89,89,18.000,39.000,55.000,335,274,438,160,159,159,159,159,159,159,1,0,0,3,30,1
5.615000,242.24,36.406,21.830,434,373,90.000,89,89,18.000,39.000,55.000,329,276,442,160,161,161,161,161,161,161,1,0,0,3,30,1
5.620000,244.94,35.641,21.390,433,375,90.000,90,90,18.000,39.000,55.000,326,281,450,160,162,162,162,162,162,162,1,0,0,3,30,1
5.625000,247.64,34.796,20.850,430,377,90.000,90,90,18.000,39.000,55.000,317,282,452,160,162,162,162,162,162,162,1,0,0,3,30,1
5.630000,250.34,33.876,20.310,427,379,90.000,90,90,18.000,39.000,55.000,309,284,455,160,163,163,163,163,163,163,1,0,0,3,30,1
5.635000,253.04,32.891,19.710,422,381,90.000,90,90,18.000,39.000,55.000,300,286,458,160,164,164,164,164,164,164,1,0,0,3,30,1
5.640000,255.74,31.847,19.110,417,383,90.000,90,90,18.000,39.000,55.000,291,287,460,160,165,165,165,165,165,165,1,0,0,3,30,1
5.645000,258.44,30.755,18.460,411,384,90.000,90,90,18.000,39.000,55.000,281,288,462,160,166,166,166,166,166,166,1,0,0,3,30,1
5.650000,261.14,29.624,17.750,404,385,90.000,90,90,18.000,39.000,55.000,270,289,463,160,166,166,166,166,166,166,1,0,0,3,30,1
5.655000,263.84,28.464,17.100,396,385,90.000,90,90,18.000,39.000,55.000,260,289,463,160,166,166,166,166,166,166,1,0,0,3,30,1
5.660000,266.54,27.284,16.390,388,386,90.000,90,90,18.000,39.000,55.000,249,290,464,160,167,167,167,167,167,167,1,0,0,3,30,1
5.665000,269.24,26.097,15.630,379,386,90.000,90,90,18.000,39.000,55.000,238,290,464,160,167,167,167,167,167,167,1,0,0,3,30,1
5.670000,271.94,24.911,14.920,369,385,90.000,90,90,18.000,39.000,55.000,227,289,463,160,166,166,166,166,166,166,1,0,0,3,30,1
5.675000,274.64,23.738,14.210,359,385,90.000,90,90,18.000,39.000,55.000,216,289,463,160,166,166,166,166,166,166,1,0,0,3,30,1
5.680000,277.34,22.587,13.560,348,384,90.000,90,90,18.000,39.000,55.000,206,288,462,160,166,166,166,166,166,166,1,0,0,3,30,1
5.685000,280.04,21.470,12.850,338,384,90.000,90,90,18.000,39.000,55.000,195,288,462,160,166,166,166,166,166,166,1,0,0,3,30,1
5.690000,282.74,20.397,12.260,327,383,90.000,90,90,18.000,39.000,55.000,186,287,460,160,165,165,165,165,165,165,1,0,0,3,30,1
5.695000,285.44,19.376,11.600,316,382,90.000,90,90,18.000,39.000,55.000,176,287,459,160,165,165,165,165,165,165,1,0,0,3,30,1
5.700000,288.14,18.417,11.060,305,380,90.000,90,90,18.000,39.000,55.000,168,285,456,160,164,164,164,164,164,164,1,0,0,3,30,1
5.705000,290.84,17.530,10.510,294,379,90.000,90,90,18.000,39.000,55.000,160,284,455,160,163,163,163,163,163,163,1,0,0,3,30,1
5.710000,293.54,16.721,10.030,283,377,90.000,90,90,18.000,39.000,55.000,152,282,452,160,162,162,162,162,162,162,1,0,0,3,30,1
5.715000,296.24,15.999,9.590,273,375,90.000,90,90,18.000,39.000,55.000,146,281,450,160,162,162,162,162,162,162,1,0,0,3,30,1
5.720000,298.94,15.369,9.210,263,373,90.000,90,90,18.000,39.000,55.000,140,279,447,160,161,161,161,161,161,161,1,0,0,3,30,1
5.725000,301.64,14.839,8.880,254,371,90.000,90,90,18.000,39.000,55.000,135,278,444,160,160,160,160,160,160,160,1,0,0,3,30,1
5.730000,304.34,14.413,8.670,245,368,90.000,90,90,18.000,39.000,55.000,132,275,441,160,158,158,158,158,158,158,1,0,0,3,30,1
5.735000,307.04,14.096,8.450,236,366,90.000,90,90,18.000,39.000,55.000,128,273,438,160,157,157,157,157,157,157,1,0,0,3,30,1
5.740000,309.74,13.890,8.340,229,363,90.000,90,90,18.000,39.000,55.000,127,271,434,160,156,156,156,156,156,156,1,0,0,3,30,1
5.745000,312.44,13.797,8.280,222,360,90.000,90,90,18.000,39.000,55.000,126,268,430,160,154,154,154,154,154,154,1,0,0,3,30,1
5.750000,315.14,13.820,8.280,216,358,90.000,90,90,18.000,39.000,55.000,126,267,427,160,153,153,153,153,153,153,1,0,0,3,30,1
5.755000,317.84,13.958,8.390,211,355,90.000,90,90,18.000,39.000,55.000,127,264,423,160,152,152,152,152,152,152,1,0,0,3,30,1
5.760000,320.54,14.211,8.500,207,352,90.000,90,90,18.000,39.000,55.000,129,262,419,160,151,151,151,151,151,151,1,0,0,3,30,1
5.765000,323.24,14.576,8.720,204,349,90.000,90,90,18.000,39.000,55.000,132,259,415,160,149,149,149,149,149,149,1,0,0,3,30,1
5.770000,325.94,15.052,9.050,202,346,90.000,90,90,18.000,39.000,55.000,137,257,411,160,148,148,148,148,148,148,1,0,0,3,30,1
5.775000,328.64,15.635,9.370,201,343,90.000,90,90,18.000,39.000,55.000,142,254,407,160,146,146,146,146,146,146,1,0,0,3,30,1
5.780000,331.34,16.319,9.810,201,341,90.000,90,90,18.000,39.000,55.000,149,253,405,160,145,145,145,145,145,145,1,0,0,3,30,1
5.785000,334.04,17.100,10.240,203,338,90.000,90,90,18.000,39.000,55.000,156,250,401,160,144,144,144,144,144,144,1,0,0,3,30,1
5.790000,336.74,17.971,10.790,205,335,90.000,90,90,18.000,39.000,55.000,164,248,397,160,142,142,142,142,142,142,1,0,0,3,30,1
5.795000,339.44,18.925,11.330,208,333,90.000,90,90,18.000,39.000,55.000,172,246,394,160,141,141,141,141,141,141,1,0,0,3,30,1
5.800000,342.14,19.955,11.980,212,330,90.000,90,90,18.000,39.000,55.000,182,244,390,160,140,140,140,140,140,140,1,0,0,3,30,1
5.805000,344.84,21.051,12.640,218,328,90.000,90,90,18.000,39.000,55.000,192,242,387,160,139,139,139,139,139,139,1,0,0,3,30,1
5.810000,347.54,22.205,13.340,224,326,90.000,90,90,18.000,39.000,55.000,203,240,385,160,138,138,138,138,138,138,1,0,0,3,30,1
5.815000,350.24,23.408,14.050,231,324,90.000,90,90,18.000,39.000,55.000,214,239,382,160,137,137,137,137,137,137,1,0,0,3,30,1
5.820000,352.94,24.649,14.810,239,322,90.000,90,90,18.000,39.000,55.000,225,237,379,160,136,136,136,136,136,136,1,0,0,3,30,1
5.825000,355.64,25.917,15.570,248,321,90.000,90,90,18.000,39.000,55.000,237,236,378,160,136,136,136,136,136,136,1,0,0,3,30,1
5.830000,358.34,27.203,16.330,257,320,90.000,90,90,18.000,39.000,55.000,248,235,377,160,135,135,135,135,135,135,1,0,0,3,30,1
5.835000,1.04,28.496,17.100,267,319,90.000,90,90,18.000,39.000,55.000,260,234,375,160,135,135,135,135,135,135,1,0,0,3,30,1
5.840000,3.74,29.784,17.860,278,318,90.000,90,90,18.000,39.000,55.000,272,234,374,160,134,134,134,134,134,134,1,0,0,3,30,1
5.845000,6.44,31.058,18.620,289,317,90.000,89,89,18.000,39.000,55.000,280,230,369,160,134,134,134,134,134,134,1,0,0,3,30,1
5.850000,9.14,32.306,19.380,301,317,90.000,89,89,18.000,39.000,55.000,292,230,369,160,134,134,134,134,134,134,1,0,0,3,30,1
5.855000,11.84,33.518,20.090,312,317,90.000,89,89,18.000,39.000,55.000,302,230,369,160,134,134,134,134,134,134,1,0,0,3,30,1
5.860000,14.54,34.684,20.790,324,317,90.000,89,89,18.000,39.000,55.000,313,230,369,160,134,134,134,134,134,134,1,0,0,3,30,1
5.865000,17.24,35.795,21.450,336,317,90.000,89,89,18.000,39.000,55.000,323,230,369,160,134,134,134,134,134,134,1,0,0,3,30,1
5.870000,19.94,36.841,22.100,348,318,90.000,90,90,18.000,39.000,55.000,336,234,374,160,134,134,134,134,134,134,1,0,0,3,30,1
5.875000,22.64,37.814,22.700,360,320,90.000,90,90,18.000,39.000,55.000,346,235,377,160,135,135,135,135,135,135,1,0,0,3,30,1
5.880000,25.34,38.705,23.240,372,321,90.000,90,90,18.000,39.000,55.000,354,236,378,160,136,136,136,136,136,136,1,0,0,3,30,1
5.885000,28.04,39.507,23.680,383,324,90.000,90,90,18.000,39.000,55.000,361,239,382,160,137,137,137,137,137,137,1,0,0,3,30,1
5.890000,30.74,40.215,24.110,394,326,90.000,90,90,18.000,39.000,55.000,367,240,385,160,138,138,138,138,138,138,1,0,0,3,30,1
5.895000,33.44,40.821,24.490,405,329,90.000,90,90,18.000,39.000,55.000,373,243,389,160,140,140,140,140,140,140,1,0,0,3,30,1
5.900000,36.14,41.322,24.770,415,333,90.000,90,90,18.000,39.000,55.000,377,246,394,160,141,141,141,141,141,141,1,0,0,3,30,1
5.905000,38.84,41.714,25.040,424,336,90.000,90,90,18.000,39.000,55.000,381,248,398,160,143,143,143,143,143,143,1,0,0,3,30,1
5.910000,41.54,41.993,25.200,432,340,90.000,90,90,18.000,39.000,55.000,384,252,403,160,145,145,145,145,145,145,1,0,0,3,30,1
5.915000,44.24,42.158,25.310,440,344,90.000,90,90,18.000,39.000,55.000,385,255,409,160,147,147,147,147,147,147,1,0,0,3,30,1
5.920000,46.94,42.208,25.310,447,348,90.000,90,90,18.000,39.000,55.000,385,259,414,160,149,149,149,149,149,149,1,0,0,3,30,1
5.925000,49.64,42.142,25.260,453,352,90.000,90,90,18.000,39.000,55.000,385,262,419,160,151,151,151,151,151,151,1,0,0,3,30,1
5.930000,52.34,41.962,25.150,458,356,90.000,90,90,18.000,39.000,55.000,383,265,424,160,152,152,152,152,152,152,1,0,0,3,30,1
5.935000,55.04,41.671,24.980,461,360,90.000,90,90,18.000,39.000,55.000,380,268,430,160,154,154,154,154,154,154,1,0,0,3,30,1
5.940000,57.74,41.270,24.770,464,364,90.000,90,90,18.000,39.000,55.000,377,272,435,160,156,156,156,156,156,156,1,0,0,3,30,1
5.945000,60.44,40.763,24.440,466,369,90.000,90,90,18.000,39.000,55.000,372,276,442,160,159,159,159,159,159,159,1,0,0,3,30,1
5.950000,63.14,40.157,24.110,467,373,90.000,90,90,18.000,39.000,55.000,367,279,447,160,161,161,161,161,161,161,1,0,0,3,30,1
5.955000,65.84,39.456,23.680,467,376,90.000,90,90,18.000,39.000,55.000,361,282,451,160,162,162,162,162,162,162,1,0,0,3,30,1
5.960000,68.54,38.667,23.190,465,380,90.000,90,90,18.000,39.000,55.000,353,285,456,160,164,164,164,164,164,164,1,0,0,3,30,1
5.965000,71.24,37.797,22.640,463,383,90.000,90,90,18.000,39.000,55.000,345,287,460,160,165,165,165,165,165,165,1,0,0,3,30,1
5.970000,73.94,36.854,22.100,459,386,90.000,90,90,18.000,39.000,55.000,336,290,464,160,167,167,167,167,167,167,1,0,0,3,30,1
5.975000,76.64,35.847,21.500,455,389,90.000,90,90,18.000,39.000,55.000,327,293,468,160,168,168,168,168,168,168,1,0,0,3,30,1
5.980000,79.34,34.784,20.850,450,392,90.000,90,90,18.000,39.000,55.000,317,295,472,160,170,170,170,170,170,170,1,0,0,3,30,1
5.985000,82.04,33.677,20.200,443,394,90.000,90,90,18.000,39.000,55.000,307,297,475,160,171,171,171,171,171,171,1,0,0,3,30,1
5.990000,84.74,32.533,19.490,436,396,90.000,90,90,18.000,39.000,55.000,297,298,478,160,172,172,172,172,172,172,1,0,0,3,30,1
5.995000,87.44,31.364,18.840,429,397,90.000,90,90,18.000,39.000,55.000,287,299,479,160,172,172,172,172,172,172,1,0,0,3,30,1
6.000000,90.14,30.181,18.080,420,398,90.000,90,90,18.000,39.000,55.000,275,300,480,160,173,173,173,173,173,173,1,0,0,3,30,1
6.005000,92.84,28.992,17.370,411,399,90.000,90,90,18.000,39.000,55.000,264,301,482,160,173,173,173,173,173,173,1,0,0,3,30,1
6.010000,95.54,27.810,16.660,401,399,90.000,90,90,18.000,39.000,55.000,253,301,482,160,173,173,173,173,173,173,1,0,0,3,30,1
6.015000,98.24,26.645,15.950,391,399,90.000,90,90,18.000,39.000,55.000,243,301,482,160,173,173,173,173,173,173,1,0,0,3,30,1
6.020000,100.94,25.506,15.300,381,399,90.000,90,90,18.000,39.000,55.000,233,301,482,160,173,173,173,173,173,173,1,0,0,3,30,1
6.025000,103.64,24.404,14.650,370,399,90.000,90,90,18.000,39.000,55.000,223,301,482,160,173,173,173,173,173,173,1,0,0,3,30,1
6.030000,106.34,23.348,14.000,359,398,90.000,90,90,18.000,39.000,55.000,213,300,480,160,173,173,173,173,173,173,1,0,0,3,30,1
6.035000,109.04,22.348,13.400,348,397,90.000,90,90,18.000,39.000,55.000,204,299,479,160,172,172,172,172,172,172,1,0,0,3,30,1
6.040000,111.74,21.412,12.850,337,396,90.000,90,90,18.000,39.000,55.000,195,298,478,160,172,172,172,172,172,172,1,0,0,3,30,1
6.045000,114.44,20.549,12.310,327,395,90.000,90,90,18.000,39.000,55.000,187,297,476,160,171,171,171,171,171,171,1,0,0,3,30,1
6.050000,117.14,19.765,11.870,316,393,90.000,90,90,18.000,39.000,55.000,180,296,474,160,170,170,170,170,170,170,1,0,0,3,30,1
6.055000,119.84,19.068,11.440,306,392,90.000,90,90,18.000,39.000,55.000,174,295,472,160,170,170,170,170,170,170,1,0,0,3,30,1
6.060000,122.54,18.462,11.060,296,390,90.000,90,90,18.000,39.000,55.000,168,293,470,160,169,169,169,169,169,169,1,0,0,3,30,1
6.065000,125.24,17.955,10.790,287,388,90.000,90,90,18.000,39.000,55.000,164,292,467,160,168,168,168,168,168,168,1,0,0,3,30,1
6.070000,127.94,17.548,10.510,278,386,90.000,90,90,18.000,39.000,55.000,160,290,464,160,167,167,167,167,167,167,1,0,0,3,30,1
6.075000,130.64,17.246,10.350,270,384,90.000,90,90,18.000,39.000,55.000,157,288,462,160,166,166,166,166,166,166,1,0,0,3,30,1
6.080000,133.34,17.051,10.240,263,382,90.000,90,90,18.000,39.000,55.000,156,287,459,160,165,165,165,165,165,165,1,0,0,3,30,1
6.085000,136.04,16.963,10.190,256,379,90.000,90,90,18.000,39.000,55.000,155,284,455,160,163,163,163,163,163,163,1,0,0,3,30,1
6.090000,138.74,16.984,10.190,250,377,90.000,90,90,18.000,39.000,55.000,155,282,452,160,162,162,162,162,162,162,1,0,0,3,30,1
6.095000,141.44,17.113,10.240,245,374,90.000,89,89,18.000,39.000,55.000,154,277,443,160,161,161,161,161,161,161,1,0,0,3,30,1
6.100000,144.14,17.348,10.410,242,372,90.000,89,89,18.000,39.000,55.000,156,275,441,160,160,160,160,160,160,160,1,0,0,3,30,1
6.105000,146.84,17.685,10.620,239,369,90.000,89,89,18.000,39.000,55.000,160,273,437,160,159,159,159,159,159,159,1,0,0,3,30,1
6.110000,149.54,18.123,10.900,237,366,90.000,89,89,18.000,39.000,55.000,164,270,433,160,157,157,157,157,157,157,1,0,0,3,30,1
6.115000,152.24,18.656,11.170,236,364,90.000,89,89,18.000,39.000,55.000,168,269,430,160,156,156,156,156,156,156,1,0,0,3,30,1
6.120000,154.94,19.278,11.550,235,361,90.000,90,90,18.000,39.000,55.000,176,269,431,160,155,155,155,155,155,155,1,0,0,3,30,1
6.125000,157.64,19.985,11.980,236,359,90.000,90,90,18.000,39.000,55.000,182,268,429,160,154,154,154,154,154,154,1,0,0,3,30,1
6.130000,160.34,20.768,12.470,238,357,90.000,90,90,18.000,39.000,55.000,190,266,426,160,153,153,153,153,153,153,1,0,0,3,30,1
6.135000,163.04,21.621,12.960,241,354,90.000,90,90,18.000,39.000,55.000,197,263,422,160,151,151,151,151,151,151,1,0,0,3,30,1
6.140000,165.74,22.534,13.510,245,352,90.000,90,90,18.000,39.000,55.000,205,262,419,160,151,151,151,151,151,151,1,0,0,3,30,1
6.145000,168.44,23.500,14.100,249,350,90.000,90,90,18.000,39.000,55.000,214,260,417,160,150,150,150,150,150,150,1,0,0,3,30,1
6.150000,171.14,24.508,14.700,255,348,90.000,90,90,18.000,39.000,55.000,224,259,414,160,149,149,149,149,149,149,1,0,0,3,30,1
6.155000,173.84,25.550,15.360,261,346,90.000,90,90,18.000,39.000,55.000,234,257,411,160,148,148,148,148,148,148,1,0,0,3,30,1
6.160000,176.54,26.615,15.950,268,345,90.000,90,90,18.000,39.000,55.000,243,256,410,160,147,147,147,147,147,147,1,0,0,3,30,1
6.165000,179.24,27.693,16.610,276,343,90.000,90,90,18.000,39.000,55.000,253,254,407,160,146,146,146,146,146,146,1,0,0,3,30,1
6.170000,181.94,28.775,17.260,284,342,90.000,90,90,18.000,39.000,55.000,263,253,406,160,146,146,146,146,146,146,1,0,0,3,30,1
6.175000,184.64,29.849,17.910,293,341,90.000,90,90,18.000,39.000,55.000,273,253,405,160,145,145,145,145,145,145,1,0,0,3,30,1
6.180000,187.34,30.905,18.560,302,340,90.000,90,90,18.000,39.000,55.000,282,252,403,160,145,145,145,145,145,145,1,0,0,3,30,1
6.185000,190.04,31.934,19.160,311,340,90.000,90,90,18.000,39.000,55.000,292,252,403,160,145,145,145,145,145,145,1,0,0,3,30,1
6.190000,192.74,32.925,19.760,321,339,90.000,90,90,18.000,39.000,55.000,301,251,402,160,144,144,144,144,144,144,1,0,0,3,30,1
6.195000,195.44,33.869,20.310,331,339,90.000,90,90,18.000,39.000,55.000,309,251,402,160,144,144,144,144,144,144,1,0,0,3,30,1
6.200000,198.14,34.757,20.850,341,339,90.000,90,90,18.000,39.000,55.000,317,251,402,160,144,144,144,144,144,144,1,0,0,3,30,1
6.205000,200.84,35.580,21.340,350,339,90.000,90,90,18.000,39.000,55.000,325,251,402,160,144,144,144,144,144,144,1,0,0,3,30,1
6.210000,203.54,36.331,21.770,360,340,90.000,90,90,18.000,39.000,55.000,331,252,403,160,145,145,145,145,145,145,1,0,0,3,30,1
6.215000,206.24,37.002,22.210,369,341,90.000,90,90,18.000,39.000,55.000,338,253,405,160,145,145,145,145,145,145,1,0,0,3,30,1
6.220000,208.94,37.586,22.540,378,342,90.000,90,90,18.000,39.000,55.000,343,253,406,160,146,146,146,146,146,146,1,0,0,3,30,1
6.225000,211.64,38.079,22.860,387,344,90.000,90,90,18.000,39.000,55.000,348,255,409,160,147,147,147,147,147,147,1,0,0,3,30,1
6.230000,214.34,38.473,23.080,395,346,90.000,90,90,18.000,39.000,55.000,351,257,411,160,148,148,148,148,148,148,1,0,0,3,30,1
6.235000,217.04,38.767,23.240,403,348,90.000,90,90,18.000,39.000,55.000,354,259,414,160,149,149,149,149,149,149,1,0,0,3,30,1
6.240000,219.74,38.956,23.350,410,350,90.000,90,90,18.000,39.000,55.000,355,260,417,160,150,150,150,150,150,150,1,0,0,3,30,1
6.245000,222.44,39.038,23.410,416,353,90.000,90,90,18.000,39.000,55.000,356,263,421,160,151,151,151,151,151,151,1,0,0,3,30,1
6.250000,225.14,39.012,23.410,421,355,90.000,90,90,18.000,39.000,55.000,356,264,423,160,152,152,152,152,152,152,1,0,0,3,30,1
6.255000,227.84,38.878,23.300,426,358,90.000,90,90,18.000,39.000,55.000,355,267,427,160,153,153,153,153,153,153,1,0,0,3,30,1
6.260000,230.54,38.636,23.190,429,361,90.000,90,90,18.000,39.000,55.000,353,269,431,160,155,155,155,155,155,155,1,0,0,3,30,1
6.265000,233.24,38.289,22.970,432,364,90.000,90,90,18.000,39.000,55.000,350,272,435,160,156,156,156,156,156,156,1,0,0,3,30,1
6.270000,235.94,37.838,22.700,434,367,90.000,90,90,18.000,39.000,55.000,346,274,439,160,158,158,158,158,158,158,1,0,0,3,30,1
6.275000,238.64,37.287,22.370,434,369,90.000,90,90,18.000,39.000,55.000,341,276,442,160,159,159,159,159,159,159,1,0,0,3,30,1
6.280000,241.34,36.641,21.990,434,372,90.000,90,90,18.000,39.000,55.000,335,278,446,160,160,160,160,160,160,160,1,0,0,3,30,1
6.285000,244.04,35.906,21.560,433,374,90.000,90,90,18.000,39.000,55.000,328,280,448,160,161,161,161,161,161,161,1,0,0,3,30,1
6.290000,246.74,35.086,21.070,431,377,90.000,90,90,18.000,39.000,55.000,321,282,452,160,162,162,162,162,162,162,1,0,0,3,30,1
6.295000,249.44,34.191,20.520,428,379,90.000,90,90,18.000,39.000,55.000,312,284,455,160,163,163,163,163,163,163,1,0,0,3,30,1
6.300000,252.14,33.226,19.920,424,381,90.000,90,90,18.000,39.000,55.000,303,286,458,160,164,164,164,164,164,164,1,0,0,3,30,1
6.305000,254.84,32.201,19.330,419,382,90.000,90,90,18.000,39.000,55.000,294,287,459,160,165,165,165,165,165,165,1,0,0,3,30,1
6.310000,257.54,31.124,18.670,413,384,90.000,90,90,18.000,39.000,55.000,284,288,462,160,166,166,166,166,166,166,1,0,0,3,30,1
6.315000,260.24,30.005,18.020,406,385,90.000,90,90,18.000,39.000,55.000,274,289,463,160,166,166,166,166,166,166,1,0,0,3,30,1
6.320000,262.94,28.853,17.310,399,385,90.000,90,90,18.000,39.000,55.000,263,289,463,160,166,166,166,166,166,166,1,0,0,3,30,1
6.325000,265.64,27.679,16.610,390,386,90.000,90,90,18.000,39.000,55.000,253,290,464,160,167,167,167,167,167,167,1,0,0,3,30,1
6.330000,268.34,26.493,15.900,382,386,90.000,90,90,18.000,39.000,55.000,242,290,464,160,167,167,167,167,167,167,1,0,0,3,30,1
6.335000,271.04,25.305,15.190,372,386,90.000,90,90,18.000,39.000,55.000,231,290,464,160,167,167,167,167,167,167,1,0,0,3,30,1
6.340000,273.74,24.127,14.490,362,385,90.000,90,90,18.000,39.000,55.000,220,289,463,160,166,166,166,166,166,166,1,0,0,3,30,1
6.345000,276.44,22.968,13.780,352,385,90.000,89,89,18.000,39.000,55.000,207,286,458,160,166,166,166,166,166,166,1,0,0,3,30,1
6.350000,279.14,21.838,13.130,341,384,90.000,89,89,18.000,39.000,55.000,197,285,457,160,166,166,166,166,166,166,1,0,0,3,30,1
6.355000,281.84,20.749,12.470,331,383,90.000,89,89,18.000,39.000,55.000,188,284,455,160,165,165,165,165,165,165,1,0,0,3,30,1
6.360000,284.54,19.710,11.820,320,382,90.000,89,89,18.000,39.000,55.000,178,284,454,160,165,165,165,165,165,165,1,0,0,3,30,1
6.365000,287.24,18.729,11.220,309,381,90.000,89,89,18.000,39.000,55.000,169,283,453,160,164,164,164,164,164,164,1,0,0,3,30,1
6.370000,289.94,17.817,10.680,298,379,90.000,90,90,18.000,39.000,55.000,162,284,455,160,163,163,163,163,163,163,1,0,0,3,30,1
6.375000,292.64,16.981,10.190,287,377,90.000,90,90,18.000,39.000,55.000,155,282,452,160,162,162,162,162,162,162,1,0,0,3,30,1
6.380000,295.34,16.229,9.750,277,376,90.000,90,90,18.000,39.000,55.000,148,282,451,160,162,162,162,162,162,162,1,0,0,3,30,1
6.385000,298.04,15.568,9.320,266,374,90.000,90,90,18.000,39.000,55.000,142,280,448,160,161,161,161,161,161,161,1,0,0,3,30,1
6.390000,300.74,15.005,8.990,257,371,90.000,90,90,18.000,39.000,55.000,137,278,444,160,160,160,160,160,160,160,1,0,0,3,30,1
6.395000,303.44,14.544,8.720,248,369,90.000,90,90,18.000,39.000,55.000,132,276,442,160,159,159,159,159,159,159,1,0,0,3,30,1
6.400000,306.14,14.189,8.500,239,367,90.000,90,90,18.000,39.000,55.000,129,274,439,160,158,158,158,158,158,158,1,0,0,3,30,1
6.405000,308.84,13.946,8.390,231,364,90.000,90,90,18.000,39.000,55.000,127,272,435,160,156,156,156,156,156,156,1,0,0,3,30,1
6.410000,311.54,13.815,8.280,224,361,90.000,90,90,18.000,39.000,55.000,126,269,431,160,155,155,155,155,155,155,1,0,0,3,30,1
6.415000,314.24,13.800,8.280,218,359,90.000,90,90,18.000,39.000,55.000,126,268,429,160,154,154,154,154,154,154,1,0,0,3,30,1
6.420000,316.94,13.899,8.340,213,356,90.000,90,90,18.000,39.000,55.000,127,265,424,160,152,152,152,152,152,152,1,0,0,3,30,1
6.425000,319.64,14.114,8.450,209,353,90.000,90,90,18.000,39.000,55.000,128,263,421,160,151,151,151,151,151,151,1,0,0,3,30,1
6.430000,322.34,14.442,8.670,205,350,90.000,90,90,18.000,39.000,55.000,132,260,417,160,150,150,150,150,150,150,1,0,0,3,30,1
6.435000,325.04,14.881,8.940,203,347,90.000,90,90,18.000,39.000,55.000,136,258,412,160,148,148,148,148,148,148,1,0,0,3,30,1
6.440000,327.74,15.429,9.260,202,344,90.000,90,90,18.000,39.000,55.000,141,255,409,160,147,147,147,147,147,147,1,0,0,3,30,1
6.445000,330.44,16.080,9.640,201,342,90.000,90,90,18.000,39.000,55.000,146,253,406,160,146,146,146,146,146,146,1,0,0,3,30,1
6.450000,333.14,16.829,10.080,202,339,90.000,90,90,18.000,39.000,55.000,153,251,402,160,144,144,144,144,144,144,1,0,0,3,30,1
6.455000,335.84,17.671,10.620,204,336,90.000,90,90,18.000,39.000,55.000,161,248,398,160,143,143,143,143,143,143,1,0,0,3,30,1
6.460000,338.54,18.598,11.170,207,334,90.000,90,90,18.000,39.000,55.000,170,247,395,160,142,142,142,142,142,142,1,0,0,3,30,1
6.465000,341.24,19.604,11.770,211,331,90.000,90,90,18.000,39.000,55.000,179,244,391,160,140,140,140,140,140,140,1,0,0,3,30,1
6.470000,343.94,20.679,12.420,216,329,90.000,90,90,18.000,39.000,55.000,189,243,389,160,140,140,140,140,140,140,1,0,0,3,30,1
6.475000,346.64,21.815,13.070,222,327,90.000,90,90,18.000,39.000,55.000,199,241,386,160,139,139,139,139,139,139,1,0,0,3,30,1
6.480000,349.34,23.002,13.780,229,325,90.000,90,90,18.000,39.000,55.000,210,239,383,160,138,138,138,138,138,138,1,0,0,3,30,1
6.485000,352.04,24.231,14.540,236,323,90.000,90,90,18.000,39.000,55.000,221,238,381,160,137,137,137,137,137,137,1,0,0,3,30,1
6.490000,354.74,25.492,15.300,245,321,90.000,90,90,18.000,39.000,55.000,233,236,378,160,136,136,136,136,136,136,1,0,0,3,30,1
6.495000,357.44,26.773,16.060,254,320,90.000,90,90,18.000,39.000,55.000,244,235,377,160,135,135,135,135,135,135,1,0,0,3,30,1
6.500000,0.14,28.065,16.820,264,319,90.000,90,90,18.000,39.000,55.000,256,234,375,160,135,135,135,135,135,135,1,0,0,3,30,1
6.505000,2.84,29.356,17.590,274,318,90.000,90,90,18.000,39.000,55.000,268,234,374,160,134,134,134,134,134,134,1,0,0,3,30,1
6.510000,5.54,30.635,18.400,285,317,90.000,90,90,18.000,39.000,55.000,280,233,373,160,134,134,134,134,134,134,1,0,0,3,30,1
6.515000,8.24,31.893,19.110,297,317,90.000,90,90,18.000,39.000,55.000,291,233,373,160,134,134,134,134,134,134,1,0,0,3,30,1
6.520000,10.94,33.118,19.870,309,317,90.000,90,90,18.000,39.000,55.000,302,233,373,160,134,134,134,134,134,134,1,0,0,3,30,1
6.525000,13.64,34.301,20.580,320,317,90.000,90,90,18.000,39.000,55.000,313,233,373,160,134,134,134,134,134,134,1,0,0,3,30,1
6.530000,16.34,35.431,21.230,332,317,90.000,90,90,18.000,39.000,55.000,323,233,373,160,134,134,134,134,134,134,1,0,0,3,30,1
6.535000,19.04,36.500,21.880,344,318,90.000,90,90,18.000,39.000,55.000,333,234,374,160,134,134,134,134,134,134,1,0,0,3,30,1
6.540000,21.74,37.498,22.480,356,319,90.000,90,90,18.000,39.000,55.000,342,234,375,160,135,135,135,135,135,135,1,0,0,3,30,1
6.545000,24.44,38.417,23.030,368,321,90.000,90,90,18.000,39.000,55.000,351,236,378,160,136,136,136,136,136,136,1,0,0,3,30,1
6.550000,27.14,39.250,23.510,380,323,90.000,90,90,18.000,39.000,55.000,358,238,381,160,137,137,137,137,137,137,1,0,0,3,30,1
6.555000,29.84,39.990,24.000,391,325,90.000,90,90,18.000,39.000,55.000,365,239,383,160,138,138,138,138,138,138,1,0,0,3,30,1
6.560000,32.54,40.631,24.380,401,328,90.000,90,90,18.000,39.000,55.000,371,242,387,160,139,139,139,139,139,139,1,0,0,3,30,1
6.565000,35.24,41.167,24.710,411,332,90.000,90,90,18.000,39.000,55.000,376,245,393,160,141,141,141,141,141,141,1,0,0,3,30,1
6.570000,37.94,41.596,24.930,421,335,90.000,90,90,18.000,39.000,55.000,380,248,397,160,142,142,142,142,142,142,1,0,0,3,30,1
6.575000,40.64,41.913,25.150,430,339,90.000,90,90,18.000,39.000,55.000,383,251,402,160,144,144,144,144,144,144,1,0,0,3,30,1
6.580000,43.34,42.116,25.260,437,342,90.000,90,90,18.000,39.000,55.000,385,253,406,160,146,146,146,146,146,146,1,0,0,3,30,1
6.585000,46.04,42.204,25.310,445,346,90.000,90,90,18.000,39.000,55.000,385,257,411,160,148,148,148,148,148,148,1,0,0,3,30,1
6.590000,48.74,42.177,25.310,451,351,90.000,90,90,18.000,39.000,55.000,385,261,418,160,150,150,150,150,150,150,1,0,0,3,30,1
6.595000,51.44,42.035,25.200,456,355,90.000,89,89,18.000,39.000,55.000,379,261,419,160,152,152,152,152,152,152,1,0,0,3,30,1
6.600000,54.14,41.780,25.040,460,359,90.000,89,89,18.000,39.000,55.000,377,265,424,160,154,154,154,154,154,154,1,0,0,3,30,1
6.605000,56.84,41.415,24.820,463,363,90.000,89,89,18.000,39.000,55.000,374,268,429,160,156,156,156,156,156,156,1,0,0,3,30,1
6.610000,59.54,40.943,24.550,466,367,90.000,89,89,18.000,39.000,55.000,370,271,434,160,158,158,158,158,158,158,1,0,0,3,30,1
6.615000,62.24,40.370,24.220,467,371,90.000,89,89,18.000,39.000,55.000,365,274,439,160,160,160,160,160,160,160,1,0,0,3,30,1
6.620000,64.94,39.700,23.790,467,375,90.000,90,90,18.000,39.000,55.000,362,281,450,160,162,162,162,162,162,162,1,0,0,3,30,1
6.625000,67.64,38.939,23.350,466,379,90.000,90,90,18.000,39.000,55.000,355,284,455,160,163,163,163,163,163,163,1,0,0,3,30,1
6.630000,70.34,38.095,22.860,464,382,90.000,90,90,18.000,39.000,55.000,348,287,459,160,165,165,165,165,165,165,1,0,0,3,30,1
6.635000,73.04,37.176,22.320,461,385,90.000,90,90,18.000,39.000,55.000,340,289,463,160,166,166,166,166,166,166,1,0,0,3,30,1
6.640000,75.74,36.189,21.720,457,388,90.000,90,90,18.000,39.000,55.000,331,292,467,160,168,168,168,168,168,168,1,0,0,3,30,1
6.645000,78.44,35.144,21.070,451,391,90.000,90,90,18.000,39.000,55.000,321,294,471,160,169,169,169,169,169,169,1,0,0,3,30,1
6.650000,81.14,34.050,20.410,446,393,90.000,90,90,18.000,39.000,55.000,311,296,474,160,170,170,170,170,170,170,1,0,0,3,30,1
6.655000,83.84,32.918,19.760,439,395,90.000,90,90,18.000,39.000,55.000,301,297,476,160,171,171,171,171,171,171,1,0,0,3,30,1
6.660000,86.54,31.756,19.050,431,397,90.000,90,90,18.000,39.000,55.000,290,299,479,160,172,172,172,172,172,172,1,0,0,3,30,1
6.665000,89.24,30.576,18.350,423,398,90.000,90,90,18.000,39.000,55.000,279,300,480,160,173,173,173,173,173,173,1,0,0,3,30,1
6.670000,91.94,29.388,17.640,414,399,90.000,90,90,18.000,39.000,55.000,268,301,482,160,173,173,173,173,173,173,1,0,0,3,30,1
6.675000,94.64,28.203,16.930,405,399,90.000,90,90,18.000,39.000,55.000,258,301,482,160,173,173,173,173,173,173,1,0,0,3,30,1
6.680000,97.34,27.031,16.230,395,399,90.000,90,90,18.000,39.000,55.000,247,301,482,160,173,173,173,173,173,173,1,0,0,3,30,1
6.685000,100.04,25.882,15.520,384,399,90.000,90,90,18.000,39.000,55.000,236,301,482,160,173,173,173,173,173,173,1,0,0,3,30,1
6.690000,102.74,24.766,14.870,374,399,90.000,90,90,18.000,39.000,55.000,226,301,482,160,173,173,173,173,173,173,1,0,0,3,30,1
6.695000,105.44,23.694,14.210,363,398,90.000,90,90,18.000,39.000,55.000,216,300,480,160,173,173,173,173,173,173,1,0,0,3,30,1
6.700000,108.14,22.675,13.620,352,397,90.000,90,90,18.000,39.000,55.000,207,299,479,160,172,172,172,172,172,172,1,0,0,3,30,1
6.705000,110.84,21.717,13.020,341,396,90.000,90,90,18.000,39.000,55.000,198,298,478,160,172,172,172,172,172,172,1,0,0,3,30,1
6.710000,113.54,20.828,12.470,330,395,90.000,90,90,18.000,39.000,55.000,190,297,476,160,171,171,171,171,171,171,1,0,0,3,30,1
6.715000,116.24,20.017,11.980,320,394,90.000,90,90,18.000,39.000,55.000,182,297,475,160,171,171,171,171,171,171,1,0,0,3,30,1
6.720000,118.94,19.290,11.550,309,392,90.000,90,90,18.000,39.000,55.000,176,295,472,160,170,170,170,170,170,170,1,0,0,3,30,1
6.725000,121.64,18.654,11.170,299,391,90.000,90,90,18.000,39.000,55.000,170,294,471,160,169,169,169,169,169,169,1,0,0,3,30,1
6.730000,124.34,18.113,10.840,290,389,90.000,90,90,18.000,39.000,55.000,165,293,468,160,168,168,168,168,168,168,1,0,0,3,30,1
6.735000,127.04,17.672,10.620,281,387,90.000,90,90,18.000,39.000,55.000,161,291,466,160,167,167,167,167,167,167,1,0,0,3,30,1
6.740000,129.74,17.335,10.410,273,385,90.000,90,90,18.000,39.000,55.000,158,289,463,160,166,166,166,166,166,166,1,0,0,3,30,1
6.745000,132.44,17.104,10.240,265,382,90.000,90,90,18.000,39.000,55.000,156,287,459,160,165,165,165,165,165,165,1,0,0,3,30,1
6.750000,135.14,16.980,10.190,258,380,90.000,90,90,18.000,39.000,55.000,155,285,456,160,164,164,164,164,164,164,1,0,0,3,30,1
6.755000,137.84,16.965,10.190,252,377,90.000,90,90,18.000,39.000,55.000,155,282,452,160,162,162,162,162,162,162,1,0,0,3,30,1
6.760000,140.54,17.058,10.240,247,375,90.000,90,90,18.000,39.000,55.000,156,281,450,160,162,162,162,162,162,162,1,0,0,3,30,1
6.765000,143.24,17.258,10.350,243,372,90.000,90,90,18.000,39.000,55.000,157,278,446,160,160,160,160,160,160,160,1,0,0,3,30,1
6.770000,145.94,17.562,10.510,239,370,90.000,90,90,18.000,39.000,55.000,160,277,443,160,159,159,159,159,159,159,1,0,0,3,30,1
6.775000,148.64,17.966,10.790,237,367,90.000,90,90,18.000,39.000,55.000,164,274,439,160,158,158,158,158,158,158,1,0,0,3,30,1
6.780000,151.34,18.468,11.060,236,365,90.000,90,90,18.000,39.000,55.000,168,273,436,160,157,157,157,157,157,157,1,0,0,3,30,1
6.785000,154.04,19.061,11.440,235,362,90.000,90,90,18.000,39.000,55.000,174,270,432,160,155,155,155,155,155,155,1,0,0,3,30,1
6.790000,156.74,19.741,11.820,236,360,90.000,90,90,18.000,39.000,55.000,180,268,430,160,154,154,154,154,154,154,1,0,0,3,30,1
6.795000,159.44,20.499,12.310,237,357,90.000,90,90,18.000,39.000,55.000,187,266,426,160,153,153,153,153,153,153,1,0,0,3,30,1
6.800000,162.14,21.329,12.800,240,355,90.000,90,90,18.000,39.000,55.000,195,264,423,160,152,152,152,152,152,152,1,0,0,3,30,1
6.805000,164.84,22.223,13.340,243,353,90.000,90,90,18.000,39.000,55.000,203,263,421,160,151,151,151,151,151,151,1,0,0,3,30,1
6.810000,167.54,23.172,13.890,248,351,90.000,90,90,18.000,39.000,55.000,211,261,418,160,150,150,150,150,150,150,1,0,0,3,30,1
6.815000,170.24,24.168,14.490,253,349,90.000,90,90,18.000,39.000,55.000,220,259,415,160,149,149,149,149,149,149,1,0,0,3,30,1
6.820000,172.94,25.200,15.140,259,347,90.000,90,90,18.000,39.000,55.000,230,258,412,160,148,148,148,148,148,148,1,0,0,3,30,1
6.825000,175.64,26.258,15.740,266,345,90.000,90,90,18.000,39.000,55.000,239,256,410,160,147,147,147,147,147,147,1,0,0,3,30,1
6.830000,178.34,27.333,16.390,273,344,90.000,90,90,18.000,39.000,55.000,249,255,409,160,147,147,147,147,147,147,1,0,0,3,30,1
6.835000,181.04,28.415,17.040,281,343,90.000,90,90,18.000,39.000,55.000,259,254,407,160,146,146,146,146,146,146,1,0,0,3,30,1
6.840000,183.74,29.492,17.690,290,342,90.000,90,90,18.000,39.000,55.000,269,253,406,160,146,146,146,146,146,146,1,0,0,3,30,1
6.845000,186.44,30.555,18.350,299,341,90.000,89,89,18.000,39.000,55.000,276,250,400,160,145,145,145,145,145,145,1,0,0,3,30,1
6.850000,189.14,31.594,18.950,308,340,90.000,89,89,18.000,39.000,55.000,285,249,399,160,145,145,145,145,145,145,1,0,0,3,30,1
6.855000,191.84,32.599,19.540,318,339,90.000,89,89,18.000,39.000,55.000,294,248,398,160,144,144,144,144,144,144,1,0,0,3,30,1
6.860000,194.54,33.560,20.140,327,339,90.000,89,89,18.000,39.000,55.000,303,248,398,160,144,144,144,144,144,144,1,0,0,3,30,1
6.865000,197.24,34.468,20.690,337,339,90.000,89,89,18.000,39.000,55.000,311,248,398,160,144,144,144,144,144,144,1,0,0,3,30,1
6.870000,199.94,35.313,21.180,347,339,90.000,90,90,18.000,39.000,55.000,322,251,402,160,144,144,144,144,144,144,1,0,0,3,30,1
6.875000,202.64,36.089,21.670,357,340,90.000,90,90,18.000,39.000,55.000,330,252,403,160,145,145,145,145,145,145,1,0,0,3,30,1
6.880000,205.34,36.788,22.050,366,341,90.000,90,90,18.000,39.000,55.000,336,253,405,160,145,145,145,145,145,145,1,0,0,3,30,1
6.885000,208.04,37.402,22.430,375,342,90.000,90,90,18.000,39.000,55.000,341,253,406,160,146,146,146,146,146,146,1,0,0,3,30,1
6.890000,210.74,37.925,22.750,384,343,90.000,90,90,18.000,39.000,55.000,346,254,407,160,146,146,146,146,146,146,1,0,0,3,30,1
6.895000,213.44,38.353,23.030,392,345,90.000,90,90,18.000,39.000,55.000,351,256,410,160,147,147,147,147,147,147,1,0,0,3,30,1
6.900000,216.14,38.681,23.190,400,347,90.000,90,90,18.000,39.000,55.000,353,258,412,160,148,148,148,148,148,148,1,0,0,3,30,1
6.905000,218.84,38.905,23.350,407,349,90.000,90,90,18.000,39.000,55.000,355,259,415,160,149,149,149,149,149,149,1,0,0,3,30,1
6.910000,221.54,39.023,23.410,414,352,90.000,90,90,18.000,39.000,55.000,356,262,419,160,151,151,151,151,151,151,1,0,0,3,30,1
6.915000,224.24,39.033,23.410,419,355,90.000,90,90,18.000,39.000,55.000,356,264,423,160,152,152,152,152,152,152,1,0,0,3,30,1
6.920000,226.94,38.935,23.350,424,357,90.000,90,90,18.000,39.000,55.000,355,266,426,160,153,153,153,153,153,153,1,0,0,3,30,1
6.925000,229.64,38.729,23.240,428,360,90.000,90,90,18.000,39.000,55.000,354,268,430,160,154,154,154,154,154,154,1,0,0,3,30,1
6.930000,232.34,38.416,23.030,431,363,90.000,90,90,18.000,39.000,55.000,351,271,434,160,156,156,156,156,156,156,1,0,0,3,30,1
6.935000,235.04,37.999,22.810,433,366,90.000,90,90,18.000,39.000,55.000,347,273,438,160,157,157,157,157,157,157,1,0,0,3,30,1
6.940000,237.74,37.481,22.480,434,368,90.000,90,90,18.000,39.000,55.000,342,275,441,160,158,158,158,158,158,158,1,0,0,3,30,1
6.945000,240.44,36.867,22.100,434,371,90.000,90,90,18.000,39.000,55.000,336,278,444,160,160,160,160,160,160,160,1,0,0,3,30,1
6.950000,243.14,36.160,21.670,434,374,90.000,90,90,18.000,39.000,55.000,330,280,448,160,161,161,161,161,161,161,1,0,0,3,30,1
6.955000,245.84,35.368,21.230,432,376,90.000,90,90,18.000,39.000,55.000,323,282,451,160,162,162,162,162,162,162,1,0,0,3,30,1
6.960000,248.54,34.497,20.690,429,378,90.000,90,90,18.000,39.000,55.000,315,283,454,160,163,163,163,163,163,163,1,0,0,3,30,1
6.965000,251.24,33.555,20.140,425,380,90.000,90,90,18.000,39.000,55.000,307,285,456,160,164,164,164,164,164,164,1,0,0,3,30,1
6.970000,253.94,32.549,19.540,421,382,90.000,90,90,18.000,39.000,55.000,297,287,459,160,165,165,165,165,165,165,1,0,0,3,30,1
6.975000,256.64,31.488,18.890,415,383,90.000,90,90,18.000,39.000,55.000,287,287,460,160,165,165,165,165,165,165,1,0,0,3,30,1
6.980000,259.34,30.382,18.240,409,384,90.000,90,90,18.000,39.000,55.000,278,288,462,160,166,166,166,166,166,166,1,0,0,3,30,1
6.985000,262.04,29.240,17.530,401,385,90.000,90,90,18.000,39.000,55.000,267,289,463,160,166,166,166,166,166,166,1,0,0,3,30,1
6.990000,264.74,28.072,16.820,393,386,90.000,90,90,18.000,39.000,55.000,256,290,464,160,167,167,167,167,167,167,1,0,0,3,30,1
6.995000,267.44,26.889,16.120,385,386,90.000,90,90,18.000,39.000,55.000,245,290,464,160,167,167,167,167,167,167,1,0,0,3,30,1
7.000000,270.14,25.701,15.410,375,386,90.000,90,90,18.000,39.000,55.000,234,290,464,160,167,167,167,167,167,167,1,0,0,3,30,1
7.005000,272.84,24.518,14.700,366,385,90.000,90,90,18.000,39.000,55.000,224,289,463,160,166,166,166,166,166,166,1,0,0,3,30,1
7.010000,275.54,23.351,14.000,355,385,90.000,90,90,18.000,39.000,55.000,213,289,463,160,166,166,166,166,166,166,1,0,0,3,30,1
7.015000,278.24,22.211,13.340,345,384,90.000,90,90,18.000,39.000,55.000,203,288,462,160,166,166,166,166,166,166,1,0,0,3,30,1
7.020000,280.94,21.107,12.640,334,383,90.000,90,90,18.000,39.000,55.000,192,287,460,160,165,165,165,165,165,165,1,0,0,3,30,1
7.025000,283.64,20.050,12.040,323,382,90.000,90,90,18.000,39.000,55.000,183,287,459,160,165,165,165,165,165,165,1,0,0,3,30,1
7.030000,286.34,19.049,11.440,312,381,90.000,90,90,18.000,39.000,55.000,174,286,458,160,164,164,164,164,164,164,1,0,0,3,30,1
7.035000,289.04,18.113,10.840,301,380,90.000,90,90,18.000,39.000,55.000,165,285,456,160,164,164,164,164,164,164,1,0,0,3,30,1
7.040000,291.74,17.251,10.350,291,378,90.000,90,90,18.000,39.000,55.000,157,283,454,160,163,163,163,163,163,163,1,0,0,3,30,1
7.045000,294.44,16.470,9.860,280,376,90.000,90,90,18.000,39.000,55.000,150,282,451,160,162,162,162,162,162,162,1,0,0,3,30,1
7.050000,297.14,15.778,9.480,270,374,90.000,90,90,18.000,39.000,55.000,144,280,448,160,161,161,161,161,161,161,1,0,0,3,30,1
7.055000,299.84,15.181,9.100,260,372,90.000,90,90,18.000,39.000,55.000,138,278,446,160,160,160,160,160,160,160,1,0,0,3,30,1
7.060000,302.54,14.686,8.830,251,370,90.000,90,90,18.000,39.000,55.000,134,277,443,160,159,159,159,159,159,159,1,0,0,3,30,1
7.065000,305.24,14.295,8.560,242,367,90.000,90,90,18.000,39.000,55.000,130,274,439,160,158,158,158,158,158,158,1,0,0,3,30,1
7.070000,307.94,14.015,8.390,234,365,90.000,90,90,18.000,39.000,55.000,127,273,436,160,157,157,157,157,157,157,1,0,0,3,30,1
7.075000,310.64,13.846,8.280,227,362,90.000,90,90,18.000,39.000,55.000,126,270,432,160,155,155,155,155,155,155,1,0,0,3,30,1
7.080000,313.34,13.792,8.280,220,360,90.000,90,90,18.000,39.000,55.000,126,268,430,160,154,154,154,154,154,154,1,0,0,3,30,1
7.085000,316.04,13.853,8.280,215,357,90.000,90,90,18.000,39.000,55.000,126,266,426,160,153,153,153,153,153,153,1,0,0,3,30,1
7.090000,318.74,14.030,8.390,210,354,90.000,90,90,18.000,39.000,55.000,127,263,422,160,151,151,151,151,151,151,1,0,0,3,30,1
7.095000,321.44,14.320,8.610,206,351,90.000,89,89,18.000,39.000,55.000,129,258,413,160,150,150,150,150,150,150,1,0,0,3,30,1
7.100000,324.14,14.723,8.830,204,348,90.000,89,89,18.000,39.000,55.000,133,256,409,160,149,149,149,149,149,149,1,0,0,3,30,1
7.105000,326.84,15.235,9.150,202,345,90.000,89,89,18.000,39.000,55.000,137,253,405,160,147,147,147,147,147,147,1,0,0,3,30,1
7.110000,329.54,15.852,9.540,201,343,90.000,89,89,18.000,39.000,55.000,143,252,403,160,146,146,146,146,146,146,1,0,0,3,30,1
7.115000,332.24,16.569,9.920,202,340,90.000,89,89,18.000,39.000,55.000,149,249,399,160,145,145,145,145,145,145,1,0,0,3,30,1
7.120000,334.94,17.381,10.410,203,337,90.000,90,90,18.000,39.000,55.000,158,249,399,160,143,143,143,143,143,143,1,0,0,3,30,1
7.125000,337.64,18.280,10.950,206,335,90.000,90,90,18.000,39.000,55.000,166,248,397,160,142,142,142,142,142,142,1,0,0,3,30,1
7.130000,340.34,19.260,11.550,209,332,90.000,90,90,18.000,39.000,55.000,176,245,393,160,141,141,141,141,141,141,1,0,0,3,30,1
7.135000,343.04,20.313,12.200,214,330,90.000,90,90,18.000,39.000,55.000,186,244,390,160,140,140,140,140,140,140,1,0,0,3,30,1
7.140000,345.74,21.430,12.850,220,328,90.000,90,90,18.000,39.000,55.000,195,242,387,160,139,139,139,139,139,139,1,0,0,3,30,1
7.145000,348.44,22.601,13.560,226,325,90.000,90,90,18.000,39.000,55.000,206,239,383,160,138,138,138,138,138,138,1,0,0,3,30,1
7.150000,351.14,23.818,14.270,234,324,90.000,90,90,18.000,39.000,55.000,217,239,382,160,137,137,137,137,137,137,1,0,0,3,30,1
7.155000,353.84,25.069,15.030,242,322,90.000,90,90,18.000,39.000,55.000,229,237,379,160,136,136,136,136,136,136,1,0,0,3,30,1
7.160000,356.54,26.344,15.790,251,321,90.000,90,90,18.000,39.000,55.000,240,236,378,160,136,136,136,136,136,136,1,0,0,3,30,1
7.165000,359.24,27.634,16.610,261,319,90.000,90,90,18.000,39.000,55.000,253,234,375,160,135,135,135,135,135,135,1,0,0,3,30,1
7.170000,1.94,28.926,17.370,271,318,90.000,90,90,18.000,39.000,55.000,264,234,374,160,134,134,134,134,134,134,1,0,0,3,30,1
7.175000,4.64,30.211,18.130,282,317,90.000,90,90,18.000,39.000,55.000,276,233,373,160,134,134,134,134,134,134,1,0,0,3,30,1
7.180000,7.34,31.477,18.890,293,317,90.000,90,90,18.000,39.000,55.000,287,233,373,160,134,134,134,134,134,134,1,0,0,3,30,1
7.185000,10.04,32.714,19.600,305,317,90.000,90,90,18.000,39.000,55.000,298,233,373,160,134,134,134,134,134,134,1,0,0,3,30,1
7.190000,12.74,33.912,20.360,316,317,90.000,90,90,18.000,39.000,55.000,310,233,373,160,134,134,134,134,134,134,1,0,0,3,30,1
7.195000,15.44,35.061,21.010,328,317,90.000,90,90,18.000,39.000,55.000,320,233,373,160,134,134,134,134,134,134,1,0,0,3,30,1
7.200000,18.14,36.151,21.670,340,317,90.000,90,90,18.000,39.000,55.000,330,233,373,160,134,134,134,134,134,134,1,0,0,3,30,1
7.205000,20.84,37.174,22.320,352,319,90.000,90,90,18.000,39.000,55.000,340,234,375,160,135,135,135,135,135,135,1,0,0,3,30,1
7.210000,23.54,38.120,22.860,364,320,90.000,90,90,18.000,39.000,55.000,348,235,377,160,135,135,135,135,135,135,1,0,0,3,30,1
7.215000,26.24,38.982,23.410,376,322,90.000,90,90,18.000,39.000,55.000,356,237,379,160,136,136,136,136,136,136,1,0,0,3,30,1
7.220000,28.94,39.754,23.840,387,325,90.000,90,90,18.000,39.000,55.000,363,239,383,160,138,138,138,138,138,138,1,0,0,3,30,1
7.225000,31.64,40.428,24.280,398,327,90.000,90,90,18.000,39.000,55.000,370,241,386,160,139,139,139,139,139,139,1,0,0,3,30,1
7.230000,34.34,41.000,24.600,408,330,90.000,90,90,18.000,39.000,55.000,375,244,390,160,140,140,140,140,140,140,1,0,0,3,30,1
7.235000,37.04,41.465,24.870,418,334,90.000,90,90,18.000,39.000,55.000,379,247,395,160,142,142,142,142,142,142,1,0,0,3,30,1
7.240000,39.74,41.820,25.090,427,337,90.000,90,90,18.000,39.000,55.000,382,249,399,160,143,143,143,143,143,143,1,0,0,3,30,1
7.245000,42.44,42.061,25.260,435,341,90.000,90,90,18.000,39.000,55.000,385,253,405,160,145,145,145,145,145,145,1,0,0,3,30,1
7.250000,45.14,42.188,25.310,442,345,90.000,90,90,18.000,39.000,55.000,385,256,410,160,147,147,147,147,147,147,1,0,0,3,30,1
7.255000,47.84,42.199,25.310,449,349,90.000,90,90,18.000,39.000,55.000,385,259,415,160,149,149,149,149,149,149,1,0,0,3,30,1
7.260000,50.54,42.095,25.260,454,353,90.000,90,90,18.000,39.000,55.000,385,263,421,160,151,151,151,151,151,151,1,0,0,3,30,1
7.265000,53.24,41.877,25.150,459,358,90.000,90,90,18.000,39.000,55.000,383,267,427,160,153,153,153,153,153,153,1,0,0,3,30,1
7.270000,55.94,41.549,24.930,462,362,90.000,90,90,18.000,39.000,55.000,380,270,432,160,155,155,155,155,155,155,1,0,0,3,30,1
7.275000,58.64,41.112,24.660,465,366,90.000,90,90,18.000,39.000,55.000,375,273,438,160,157,157,157,157,157,157,1,0,0,3,30,1
7.280000,61.34,40.572,24.330,466,370,90.000,90,90,18.000,39.000,55.000,370,277,443,160,159,159,159,159,159,159,1,0,0,3,30,1
7.285000,64.04,39.933,23.950,467,374,90.000,90,90,18.000,39.000,55.000,365,280,448,160,161,161,161,161,161,161,1,0,0,3,30,1
7.290000,66.74,39.202,23.510,466,378,90.000,90,90,18.000,39.000,55.000,358,283,454,160,163,163,163,163,163,163,1,0,0,3,30,1
7.295000,69.44,38.385,23.030,464,381,90.000,90,90,18.000,39.000,55.000,351,286,458,160,164,164,164,164,164,164,1,0,0,3,30,1
7.300000,72.14,37.490,22.480,462,384,90.000,90,90,18.000,39.000,55.000,342,288,462,160,166,166,166,166,166,166,1,0,0,3,30,1
7.305000,74.84,36.525,21.880,458,387,90.000,90,90,18.000,39.000,55.000,333,291,466,160,167,167,167,167,167,167,1,0,0,3,30,1
7.310000,77.54,35.498,21.280,453,390,90.000,90,90,18.000,39.000,55.000,324,293,470,160,169,169,169,169,169,169,1,0,0,3,30,1
7.315000,80.24,34.420,20.630,448,393,90.000,90,90,18.000,39.000,55.000,314,296,474,160,170,170,170,170,170,170,1,0,0,3,30,1
7.320000,82.94,33.299,19.980,441,395,90.000,90,90,18.000,39.000,55.000,304,297,476,160,171,171,171,171,171,171,1,0,0,3,30,1
7.325000,85.64,32.146,19.270,434,396,90.000,90,90,18.000,39.000,55.000,293,298,478,160,172,172,172,172,172,172,1,0,0,3,30,1
7.330000,88.34,30.971,18.560,426,398,90.000,90,90,18.000,39.000,55.000,282,300,480,160,173,173,173,173,173,173,1,0,0,3,30,1
7.335000,91.04,29.785,17.860,417,399,90.000,90,90,18.000,39.000,55.000,272,301,482,160,173,173,173,173,173,173,1,0,0,3,30,1
7.340000,93.74,28.597,17.150,408,399,90.000,90,90,18.000,39.000,55.000,261,301,482,160,173,173,173,173,173,173,1,0,0,3,30,1
7.345000,96.44,27.419,16.440,398,399,90.000,89,89,18.000,39.000,55.000,247,297,476,160,173,173,173,173,173,173,1,0,0,3,30,1
7.350000,99.14,26.262,15.740,388,399,90.000,89,89,18.000,39.000,55.000,237,297,476,160,173,173,173,173,173,173,1,0,0,3,30,1
7.355000,101.84,25.134,15.080,377,399,90.000,89,89,18.000,39.000,55.000,227,297,476,160,173,173,173,173,173,173,1,0,0,3,30,1
7.360000,104.54,24.046,14.430,366,398,90.000,89,89,18.000,39.000,55.000,217,297,475,160,173,173,173,173,173,173,1,0,0,3,30,1
7.365000,107.24,23.008,13.780,356,398,90.000,89,89,18.000,39.000,55.000,207,297,475,160,173,173,173,173,173,173,1,0,0,3,30,1
7.370000,109.94,22.029,13.230,345,397,90.000,90,90,18.000,39.000,55.000,201,299,479,160,172,172,172,172,172,172,1,0,0,3,30,1
7.375000,112.64,21.116,12.690,334,396,90.000,90,90,18.000,39.000,55.000,193,298,478,160,172,172,172,172,172,172,1,0,0,3,30,1
7.380000,115.34,20.278,12.150,323,394,90.000,90,90,18.000,39.000,55.000,185,297,475,160,171,171,171,171,171,171,1,0,0,3,30,1
7.385000,118.04,19.523,11.710,313,393,90.000,90,90,18.000,39.000,55.000,178,296,474,160,170,170,170,170,170,170,1,0,0,3,30,1
7.390000,120.74,18.855,11.330,303,391,90.000,90,90,18.000,39.000,55.000,172,294,471,160,169,169,169,169,169,169,1,0,0,3,30,1
7.395000,123.44,18.282,10.950,293,389,90.000,90,90,18.000,39.000,55.000,166,293,468,160,168,168,168,168,168,168,1,0,0,3,30,1
7.400000,126.14,17.808,10.680,284,387,90.000,90,90,18.000,39.000,55.000,162,291,466,160,167,167,167,167,167,167,1,0,0,3,30,1
7.405000,128.84,17.435,10.460,275,385,90.000,90,90,18.000,39.000,55.000,159,289,463,160,166,166,166,166,166,166,1,0,0,3,30,1
7.410000,131.54,17.169,10.300,267,383,90.000,90,90,18.000,39.000,55.000,157,287,460,160,165,165,165,165,165,165,1,0,0,3,30,1
7.415000,134.24,17.009,10.190,260,381,90.000,90,90,18.000,39.000,55.000,155,286,458,160,164,164,164,164,164,164,1,0,0,3,30,1
7.420000,136.94,16.958,10.190,254,378,90.000,90,90,18.000,39.000,55.000,155,283,454,160,163,163,163,163,163,163,1,0,0,3,30,1
7.425000,139.64,17.015,10.190,249,376,90.000,90,90,18.000,39.000,55.000,155,282,451,160,162,162,162,162,162,162,1,0,0,3,30,1
7.430000,142.34,17.179,10.300,244,373,90.000,90,90,18.000,39.000,55.000,157,279,447,160,161,161,161,161,161,161,1,0,0,3,30,1
7.435000,145.04,17.449,10.460,240,371,90.000,90,90,18.000,39.000,55.000,159,278,444,160,160,160,160,160,160,160,1,0,0,3,30,1
7.440000,147.74,17.820,10.680,238,368,90.000,90,90,18.000,39.000,55.000,162,275,441,160,158,158,158,158,158,158,1,0,0,3,30,1
7.445000,150.44,18.290,10.950,236,366,90.000,90,90,18.000,39.000,55.000,166,273,438,160,157,157,157,157,157,157,1,0,0,3,30,1
7.450000,153.14,18.854,11.330,235,363,90.000,90,90,18.000,39.000,55.000,172,271,434,160,156,156,156,156,156,156,1,0,0,3,30,1
7.455000,155.84,19.505,11.710,236,361,90.000,90,90,18.000,39.000,55.000,178,269,431,160,155,155,155,155,155,155,1,0,0,3,30,1
7.460000,158.54,20.238,12.150,237,358,90.000,90,90,18.000,39.000,55.000,185,267,427,160,153,153,153,153,153,153,1,0,0,3,30,1
7.465000,161.24,21.045,12.640,239,356,90.000,90,90,18.000,39.000,55.000,192,265,424,160,152,152,152,152,152,152,1,0,0,3,30,1
7.470000,163.94,21.919,13.130,242,354,90.000,90,90,18.000,39.000,55.000,200,263,422,160,151,151,151,151,151,151,1,0,0,3,30,1
7.475000,166.64,22.850,13.720,246,351,90.000,90,90,18.000,39.000,55.000,209,261,418,160,150,150,150,150,150,150,1,0,0,3,30,1
7.480000,169.34,23.831,14.270,251,349,90.000,90,90,18.000,39.000,55.000,217,259,415,160,149,149,149,149,149,149,1,0,0,3,30,1
7.485000,172.04,24.852,14.920,257,348,90.000,90,90,18.000,39.000,55.000,227,259,414,160,149,149,149,149,149,149,1,0,0,3,30,1
7.490000,174.74,25.903,15.520,263,346,90.000,90,90,18.000,39.000,55.000,236,257,411,160,148,148,148,148,148,148,1,0,0,3,30,1
7.495000,177.44,26.974,16.170,271,344,90.000,90,90,18.000,39.000,55.000,246,255,409,160,147,147,147,147,147,147,1,0,0,3,30,1
7.500000,180.14,28.054,16.820,278,343,90.000,90,90,18.000,39.000,55.000,256,254,407,160,146,146,146,146,146,146,1,0,0,3,30,1
7.505000,182.84,29.134,17.480,287,342,90.000,90,90,18.000,39.000,55.000,266,253,406,160,146,146,146,146,146,146,1,0,0,3,30,1
7.510000,185.54,30.203,18.130,296,341,90.000,90,90,18.000,39.000,55.000,276,253,405,160,145,145,145,145,145,145,1,0,0,3,30,1
7.515000,188.24,31.251,18.730,305,340,90.000,90,90,18.000,39.000,55.000,285,252,403,160,145,145,145,145,145,145,1,0,0,3,30,1
7.520000,190.94,32.269,19.380,314,340,90.000,90,90,18.000,39.000,55.000,295,252,403,160,145,145,145,145,145,145,1,0,0,3,30,1
7.525000,193.64,33.245,19.920,324,339,90.000,90,90,18.000,39.000,55.000,303,251,402,160,144,144,144,144,144,144,1,0,0,3,30,1
7.530000,196.34,34.171,20.520,334,339,90.000,90,90,18.000,39.000,55.000,312,251,402,160,144,144,144,144,144,144,1,0,0,3,30,1
7.535000,199.04,35.039,21.010,344,339,90.000,90,90,18.000,39.000,55.000,320,251,402,160,144,144,144,144,144,144,1,0,0,3,30,1
7.540000,201.74,35.839,21.500,353,339,90.000,90,90,18.000,39.000,55.000,327,251,402,160,144,144,144,144,144,144,1,0,0,3,30,1
7.545000,204.44,36.564,21.940,363,340,90.000,90,90,18.000,39.000,55.000,334,252,403,160,145,145,145,145,145,145,1,0,0,3,30,1
7.550000,207.14,37.207,22.320,372,341,90.000,90,90,18.000,39.000,55.000,340,253,405,160,145,145,145,145,145,145,1,0,0,3,30,1
7.555000,209.84,37.761,22.640,381,343,90.000,90,90,18.000,39.000,55.000,345,254,407,160,146,146,146,146,146,146,1,0,0,3,30,1
7.560000,212.54,38.221,22.920,390,344,90.000,90,90,18.000,39.000,55.000,349,255,409,160,147,147,147,147,147,147,1,0,0,3,30,1
7.565000,215.24,38.583,23.130,398,346,90.000,90,90,18.000,39.000,55.000,352,257,411,160,148,148,148,148,148,148,1,0,0,3,30,1
7.570000,217.94,38.842,23.300,405,349,90.000,90,90,18.000,39.000,55.000,355,259,415,160,149,149,149,149,149,149,1,0,0,3,30,1
7.575000,220.64,38.995,23.410,412,351,90.000,90,90,18.000,39.000,55.000,356,261,418,160,150,150,150,150,150,150,1,0,0,3,30,1
7.580000,223.34,39.041,23.410,418,354,90.000,90,90,18.000,39.000,55.000,356,263,422,160,151,151,151,151,151,151,1,0,0,3,30,1
7.585000,226.04,38.980,23.410,423,356,90.000,90,90,18.000,39.000,55.000,356,265,424,160,152,152,152,152,152,152,1,0,0,3,30,1
7.590000,228.74,38.809,23.300,427,359,90.000,90,90,18.000,39.000,55.000,355,268,429,160,154,154,154,154,154,154,1,0,0,3,30,1
7.595000,231.44,38.532,23.130,430,362,90.000,89,89,18.000,39.000,55.000,348,267,428,160,155,155,155,155,155,155,1,0,0,3,30,1
7.600000,234.14,38.150,22.860,433,365,90.000,89,89,18.000,39.000,55.000,344,270,432,160,157,157,157,157,157,157,1,0,0,3,30,1
7.605000,236.84,37.665,22.590,434,367,90.000,89,89,18.000,39.000,55.000,340,271,434,160,158,158,158,158,158,158,1,0,0,3,30,1
7.610000,239.54,37.082,22.260,434,370,90.000,89,89,18.000,39.000,55.000,335,274,438,160,159,159,159,159,159,159,1,0,0,3,30,1
7.615000,242.24,36.406,21.830,434,373,90.000,89,89,18.000,39.000,55.000,329,276,442,160,161,161,161,161,161,161,1,0,0,3,30,1
7.620000,244.94,35.641,21.390,433,375,90.000,90,90,18.000,39.000,55.000,326,281,450,160,162,162,162,162,162,162,1,0,0,3,30,1
7.625000,247.64,34.796,20.850,430,377,90.000,90,90,18.000,39.000,55.000,317,282,452,160,162,162,162,162,162,162,1,0,0,3,30,1
7.630000,250.34,33.876,20.310,427,379,90.000,90,90,18.000,39.000,55.000,309,284,455,160,163,163,163,163,163,163,1,0,0,3,30,1
7.635000,253.04,32.891,19.710,422,381,90.000,90,90,18.000,39.000,55.000,300,286,458,160,164,164,164,164,164,164,1,0,0,3,30,1
7.640000,255.74,31.847,19.110,417,383,90.000,90,90,18.000,39.000,55.000,291,287,460,160,165,165,165,165,165,165,1,0,0,3,30,1
7.645000,258.44,30.755,18.460,411,384,90.000,90,90,18.000,39.000,55.000,281,288,462,160,166,166,166,166,166,166,1,0,0,3,30,1
7.650000,261.14,29.624,17.750,404,385,90.000,90,90,18.000,39.000,55.000,270,289,463,160,166,166,166,166,166,166,1,0,0,3,30,1
7.655000,263.84,28.464,17.100,396,385,90.000,90,90,18.000,39.000,55.000,260,289,463,160,166,166,166,166,166,166,1,0,0,3,30,1
7.660000,266.54,27.284,16.390,388,386,90.000,90,90,18.000,39.000,55.000,249,290,464,160,167,167,167,167,167,167,1,0,0,3,30,1
7.665000,269.24,26.097,15.630,379,386,90.000,90,90,18.000,39.000,55.000,238,290,464,160,167,167,167,167,167,167,1,0,0,3,30,1
7.670000,271.94,24.911,14.920,369,385,90.000,90,90,18.000,39.000,55.000,227,289,463,160,166,166,166,166,166,166,1,0,0,3,30,1
7.675000,274.64,23.738,14.210,359,385,90.000,90,90,18.000,39.000,55.000,216,289,463,160,166,166,166,166,166,166,1,0,0,3,30,1
7.680000,277.34,22.587,13.560,348,384,90.000,90,90,18.000,39.000,55.000,206,288,462,160,166,166,166,166,166,166,1,0,0,3,30,1
7.685000,280.04,21.470,12.850,338,384,90.000,90,90,18.000,39.000,55.000,195,288,462,160,166,166,166,166,166,166,1,0,0,3,30,1
7.690000,282.74,20.397,12.260,327,383,90.000,90,90,18.000,39.000,55.000,186,287,460,160,165,165,165,165,165,165,1,0,0,3,30,1
7.695000,285.44,19.376,11.600,316,382,90.000,90,90,18.000,39.000,55.000,176,287,459,160,165,165,165,165,165,165,1,0,0,3,30,1
7.700000,288.14,18.417,11.060,305,380,90.000,90,90,18.000,39.000,55.000,168,285,456,160,164,164,164,164,164,164,1,0,0,3,30,1
7.705000,290.84,17.530,10.510,294,379,90.000,90,90,18.000,39.000,55.000,160,284,455,160,163,163,163,163,163,163,1,0,0,3,30,1
7.710000,293.54,16.721,10.030,283,377,90.000,90,90,18.000,39.000,55.000,152,282,452,160,162,162,162,162,162,162,1,0,0,3,30,1
7.715000,296.24,15.999,9.590,273,375,90.000,90,90,18.000,39.000,55.000,146,281,450,160,162,162,162,162,162,162,1,0,0,3,30,1
7.720000,298.94,15.369,9.210,263,373,90.000,90,90,18.000,39.000,55.000,140,279,447,160,161,161,161,161,161,161,1,0,0,3,30,1
7.725000,301.64,14.839,8.880,254,371,90.000,90,90,18.000,39.000,55.000,135,278,444,160,160,160,160,160,160,160,1,0,0,3,30,1
7.730000,304.34,14.413,8.670,245,368,90.000,90,90,18.000,39.000,55.000,132,275,441,160,158,158,158,158,158,158,1,0,0,3,30,1
7.735000,307.04,14.096,8.450,236,366,90.000,90,90,18.000,39.000,55.000,128,273,438,160,157,157,157,157,157,157,1,0,0,3,30,1
7.740000,309.74,13.890,8.340,229,363,90.000,90,90,18.000,39.000,55.000,127,271,434,160,156,156,156,156,156,156,1,0,0,3,30,1
7.745000,312.44,13.797,8.280,222,360,90.000,90,90,18.000,39.000,55.000,126,268,430,160,154,154,154,154,154,154,1,0,0,3,30,1
7.750000,315.14,13.820,8.280,216,358,90.000,90,90,18.000,39.000,55.000,126,267,427,160,153,153,153,153,153,153,1,0,0,3,30,1
7.755000,317.84,13.958,8.390,211,355,90.000,90,90,18.000,39.000,55.000,127,264,423,160,152,152,152,152,152,152,1,0,0,3,30,1
7.760000,320.54,14.211,8.500,207,352,90.000,90,90,18.000,39.000,55.000,129,262,419,160,151,151,151,151,151,151,1,0,0,3,30,1
7.765000,323.24,14.576,8.720,204,349,90.000,90,90,18.000,39.000,55.000,132,259,415,160,149,149,149,149,149,149,1,0,0,3,30,1
7.770000,325.94,15.052,9.050,202,346,90.000,90,90,18.000,39.000,55.000,137,257,411,160,148,148,148,148,148,148,1,0,0,3,30,1
7.775000,328.64,15.635,9.370,201,343,90.000,90,90,18.000,39.000,55.000,142,254,407,160,146,146,146,146,146,146,1,0,0,3,30,1
7.780000,331.34,16.319,9.810,201,341,90.000,90,90,18.000,39.000,55.000,149,253,405,160,145,145,145,145,145,145,1,0,0,3,30,1
7.785000,334.04,17.100,10.240,203,338,90.000,90,90,18.000,39.000,55.000,156,250,401,160,144,144,144,144,144,144,1,0,0,3,30,1
7.790000,336.74,17.971,10.790,205,335,90.000,90,90,18.000,39.000,55.000,164,248,397,160,142,142,142,142,142,142,1,0,0,3,30,1
7.795000,339.44,18.925,11.330,208,333,90.000,90,90,18.000,39.000,55.000,172,246,394,160,141,141,141,141,141,141,1,0,0,3,30,1
7.800000,342.14,19.955,11.980,212,330,90.000,90,90,18.000,39.000,55.000,182,244,390,160,140,140,140,140,140,140,1,0,0,3,30,1
7.805000,344.84,21.051,12.640,218,328,90.000,90,90,18.000,39.000,55.000,192,242,387,160,139,139,139,139,139,139,1,0,0,3,30,1
7.810000,347.54,22.205,13.340,224,326,90.000,90,90,18.000,39.000,55.000,203,240,385,160,138,138,138,138,138,138,1,0,0,3,30,1
7.815000,350.24,23.408,14.050,231,324,90.000,90,90,18.000,39.000,55.000,214,239,382,160,137,137,137,137,137,137,1,0,0,3,30,1
7.820000,352.94,24.649,14.810,239,322,90.000,90,90,18.000,39.000,55.000,225,237,379,160,136,136,136,136,136,136,1,0,0,3,30,1
7.825000,355.64,25.917,15.570,248,321,90.000,90,90,18.000,39.000,55.000,237,236,378,160,136,136,136,136,136,136,1,0,0,3,30,1
7.830000,358.34,27.203,16.330,257,320,90.000,90,90,18.000,39.000,55.000,248,235,377,160,135,135,135,135,135,135,1,0,0,3,30,1
7.835000,1.04,28.496,17.100,267,319,90.000,90,90,18.000,39.000,55.000,260,234,375,160,135,135,135,135,135,135,1,0,0,3,30,1
7.840000,3.74,29.784,17.860,278,318,90.000,90,90,18.000,39.000,55.000,272,234,374,160,134,134,134,134,134,134,1,0,0,3,30,1
7.845000,6.44,31.058,18.620,289,317,90.000,89,89,18.000,39.000,55.000,280,230,369,160,134,134,134,134,134,134,1,0,0,3,30,1
7.850000,9.14,32.306,19.380,301,317,90.000,89,89,18.000,39.000,55.000,292,230,369,160,134,134,134,134,134,134,1,0,0,3,30,1
7.855000,11.84,33.518,20.090,312,317,90.000,89,89,18.000,39.000,55.000,302,230,369,160,134,134,134,134,134,134,1,0,0,3,30,1
7.860000,14.54,34.684,20.790,324,317,90.000,89,89,18.000,39.000,55.000,313,230,369,160,134,134,134,134,134,134,1,0,0,3,30,1
7.865000,17.24,35.795,21.450,336,317,90.000,89,89,18.000,39.000,55.000,323,230,369,160,134,134,134,134,134,134,1,0,0,3,30,1
7.870000,19.94,36.841,22.100,348,318,90.000,90,90,18.000,39.000,55.000,336,234,374,160,134,134,134,134,134,134,1,0,0,3,30,1
7.875000,22.64,37.814,22.700,360,320,90.000,90,90,18.000,39.000,55.000,346,235,377,160,135,135,135,135,135,135,1,0,0,3,30,1
7.880000,25.34,38.705,23.240,372,321,90.000,90,90,18.000,39.000,55.000,354,236,378,160,136,136,136,136,136,136,1,0,0,3,30,1
7.885000,28.04,39.507,23.680,383,324,90.000,90,90,18.000,39.000,55.000,361,239,382,160,137,137,137,137,137,137,1,0,0,3,30,1
7.890000,30.74,40.215,24.110,394,326,90.000,90,90,18.000,39.000,55.000,367,240,385,160,138,138,138,138,138,138,1,0,0,3,30,1
7.895000,33.44,40.821,24.490,405,329,90.000,90,90,18.000,39.000,55.000,373,243,389,160,140,140,140,140,140,140,1,0,0,3,30,1
7.900000,36.14,41.322,24.770,415,333,90.000,90,90,18.000,39.000,55.000,377,246,394,160,141,141,141,141,141,141,1,0,0,3,30,1
7.905000,38.84,41.714,25.040,424,336,90.000,90,90,18.000,39.000,55.000,381,248,398,160,143,143,143,143,143,143,1,0,0,3,30,1
7.910000,41.54,41.993,25.200,432,340,90.000,90,90,18.000,39.000,55.000,384,252,403,160,145,145,145,145,145,145,1,0,0,3,30,1
7.915000,44.24,42.158,25.310,440,344,90.000,90,90,18.000,39.000,55.000,385,255,409,160,147,147,147,147,147,147,1,0,0,3,30,1
7.920000,46.94,42.208,25.310,447,348,90.000,90,90,18.000,39.000,55.000,385,259,414,160,149,149,149,149,149,149,1,0,0,3,30,1
7.925000,49.64,42.142,25.260,453,352,90.000,90,90,18.000,39.000,55.000,385,262,419,160,151,151,151,151,151,151,1,0,0,3,30,1
7.930000,52.34,41.962,25.150,458,356,90.000,90,90,18.000,39.000,55.000,383,265,424,160,152,152,152,152,152,152,1,0,0,3,30,1
7.935000,55.04,41.671,24.980,461,360,90.000,90,90,18.000,39.000,55.000,380,268,430,160,154,154,154,154,154,154,1,0,0,3,30,1
7.940000,57.74,41.270,24.770,464,364,90.000,90,90,18.000,39.000,55.000,377,272,435,160,156,156,156,156,156,156,1,0,0,3,30,1
7.945000,60.44,40.763,24.440,466,369,90.000,90,90,18.000,39.000,55.000,372,276,442,160,159,159,159,159,159,159,1,0,0,3,30,1
7.950000,63.14,40.157,24.110,467,373,90.000,90,90,18.000,39.000,55.000,367,279,447,160,161,161,161,161,161,161,1,0,0,3,30,1
7.955000,65.84,39.456,23.680,467,376,90.000,90,90,18.000,39.000,55.000,361,282,451,160,162,162,162,162,162,162,1,0,0,3,30,1
7.960000,68.54,38.667,23.190,465,380,90.000,90,90,18.000,39.000,55.000,353,285,456,160,164,164,164,164,164,164,1,0,0,3,30,1
7.965000,71.24,37.797,22.640,463,383,90.000,90,90,18.000,39.000,55.000,345,287,460,160,165,165,165,165,165,165,1,0,0,3,30,1
7.970000,73.94,36.854,22.100,459,386,90.000,90,90,18.000,39.000,55.000,336,290,464,160,167,167,167,167,167,167,1,0,0,3,30,1
7.975000,76.64,35.847,21.500,455,389,90.000,90,90,18.000,39.000,55.000,327,293,468,160,168,168,168,168,168,168,1,0,0,3,30,1
7.980000,79.34,34.784,20.850,450,392,90.000,90,90,18.000,39.000,55.000,317,295,472,160,170,170,170,170,170,170,1,0,0,3,30,1
7.985000,82.04,33.677,20.200,443,394,90.000,90,90,18.000,39.000,55.000,307,297,475,160,171,171,171,171,171,171,1,0,0,3,30,1
7.990000,84.74,32.533,19.490,436,396,90.000,90,90,18.000,39.000,55.000,297,298,478,160,172,172,172,172,172,172,1,0,0,3,30,1
7.995000,87.44,31.364,18.840,429,397,90.000,90,90,18.000,39.000,55.000,287,299,479,160,172,172,172,172,172,172,1,0,0,3,30,1
8.000000,90.00,0.000,0.000,417,398,0.000,90,90,18.000,39.000,55.000,0,300,480,160,173,173,173,173,173,173,1,0,0,3,30,0
8.005000,90.00,0.000,0.000,362,398,0.000,90,90,18.000,39.000,55.000,0,300,480,160,173,173,173,173,173,173,1,0,0,3,30,0
8.010000,90.00,0.000,0.000,313,397,0.000,90,90,18.000,39.000,55.000,0,299,479,160,172,172,172,172,172,172,1,0,0,3,30,0
8.015000,90.00,0.000,0.000,272,395,0.000,90,90,18.000,39.000,55.000,0,297,476,160,171,171,171,171,171,171,1,0,0,3,30,0
8.020000,90.00,0.000,0.000,235,392,0.000,90,90,18.000,39.000,55.000,0,295,472,160,170,170,170,170,170,170,1,0,0,3,30,0
8.025000,90.00,0.000,0.000,204,389,0.000,90,90,18.000,39.000,55.000,0,293,468,160,168,168,168,168,168,168,1,0,0,3,30,0
8.030000,90.00,0.000,0.000,177,385,0.000,90,90,18.000,39.000,55.000,0,289,463,160,166,166,166,166,166,166,1,0,0,3,30,0
8.035000,90.00,0.000,0.000,153,381,0.000,90,90,18.000,39.000,55.000,0,286,458,160,164,164,164,164,164,164,1,0,0,3,30,0
8.040000,90.00,0.000,0.000,133,376,0.000,90,90,18.000,39.000,55.000,0,282,451,160,162,162,162,162,162,162,1,0,0,3,30,0
8.045000,90.00,0.000,0.000,115,371,0.000,90,90,18.000,39.000,55.000,0,278,444,160,160,160,160,160,160,160,1,0,0,3,30,0
8.050000,90.00,0.000,0.000,100,366,0.000,90,90,18.000,39.000,55.000,0,273,438,160,157,157,157,157,157,157,1,0,0,3,30,0
8.055000,90.00,0.000,0.000,86,360,0.000,90,90,18.000,39.000,55.000,0,268,430,160,154,154,154,154,154,154,1,0,0,3,30,0
8.060000,90.00,0.000,0.000,75,355,0.000,90,90,18.000,39.000,55.000,0,264,423,160,152,152,152,152,152,152,1,0,0,3,30,0
8.065000,90.00,0.000,0.000,65,349,0.000,90,90,18.000,39.000,55.000,0,259,415,160,149,149,149,149,149,149,1,0,0,3,30,0
8.070000,90.00,0.000,0.000,56,343,0.000,90,90,18.000,39.000,55.000,0,254,407,160,146,146,146,146,146,146,1,0,0,3,30,0
8.075000,90.00,0.000,0.000,49,338,0.000,90,90,18.000,39.000,55.000,0,250,401,160,144,144,144,144,144,144,1,0,0,3,30,0
8.080000,90.00,0.000,0.000,42,332,0.000,90,90,18.000,39.000,55.000,0,245,393,160,141,141,141,141,141,141,1,0,0,3,30,0
8.085000,90.00,0.000,0.000,37,326,0.000,90,90,18.000,39.000,55.000,0,240,385,160,138,138,138,138,138,138,1,0,0,3,30,0
8.090000,90.00,0.000,0.000,32,320,0.000,90,90,18.000,39.000,55.000,0,235,377,160,135,135,135,135,135,135,1,0,0,3,30,0
8.095000,90.00,0.000,0.000,28,315,0.000,90,90,18.000,39.000,55.000,0,231,370,160,133,133,133,133,133,133,1,0,0,3,30,0
8.100000,90.00,0.000,0.000,24,309,0.000,90,90,18.000,39.000,55.000,0,226,362,160,130,130,130,130,130,130,1,0,0,3,30,0
8.105000,90.00,0.000,0.000,21,303,0.000,90,90,18.000,39.000,55.000,0,221,354,160,127,127,127,127,127,127,1,0,0,3,30,0
8.110000,90.00,0.000,0.000,18,298,0.000,90,90,18.000,39.000,55.000,0,217,348,160,125,125,125,125,125,125,1,0,0,3,30,0
8.115000,90.00,0.000,0.000,16,292,0.000,90,90,18.000,39.000,55.000,0,212,340,160,122,122,122,122,122,122,1,0,0,3,30,0
8.120000,90.00,0.000,0.000,14,287,0.000,90,90,18.000,39.000,55.000,0,208,333,160,120,120,120,120,120,120,1,0,0,3,30,0
8.125000,90.00,0.000,0.000,12,281,0.000,90,90,18.000,39.000,55.000,0,203,325,160,117,117,117,117,117,117,1,0,0,3,30,0
8.130000,90.00,0.000,0.000,10,276,0.000,90,90,18.000,39.000,55.000,0,199,318,160,114,114,114,114,114,114,1,0,0,3,30,0
8.135000,90.00,0.000,0.000,9,271,0.000,90,90,18.000,39.000,55.000,0,195,312,160,112,112,112,112,112,112,1,0,0,3,30,0
8.140000,90.00,0.000,0.000,8,266,0.000,90,90,18.000,39.000,55.000,0,191,305,160,109,109,109,109,109,109,1,0,0,3,30,0
8.145000,90.00,0.000,0.000,7,261,0.000,90,90,18.000,39.000,55.000,0,186,299,160,107,107,107,107,107,107,1,0,0,3,30,0
8.150000,90.00,0.000,0.000,6,256,0.000,90,90,18.000,39.000,55.000,0,182,292,160,105,105,105,105,105,105,1,0,0,3,30,0
8.155000,90.00,0.000,0.000,5,251,0.000,90,90,18.000,39.000,55.000,0,178,285,160,102,102,102,102,102,102,1,0,0,3,30,0
8.160000,90.00,0.000,0.000,5,246,0.000,90,90,18.000,39.000,55.000,0,174,279,160,100,100,100,100,100,100,1,0,0,3,30,0
8.165000,90.00,0.000,0.000,4,241,0.000,90,90,18.000,39.000,55.000,0,170,272,160,98,98,98,98,98,98,1,0,0,3,30,0
8.170000,90.00,0.000,0.000,3,236,0.000,90,90,18.000,39.000,55.000,0,166,265,160,95,95,95,95,95,95,1,0,0,3,30,0
8.175000,90.00,0.000,0.000,3,232,0.000,90,90,18.000,39.000,55.000,0,162,260,160,93,93,93,93,93,93,1,0,0,3,30,0
8.180000,90.00,0.000,0.000,3,227,0.000,90,90,18.000,39.000,55.000,0,158,253,160,91,91,91,91,91,91,1,0,0,3,30,0
8.185000,90.00,0.000,0.000,2,223,0.000,90,90,18.000,39.000,55.000,0,155,248,160,89,89,89,89,89,89,1,0,0,3,30,0
8.190000,90.00,0.000,0.000,2,219,0.000,90,90,18.000,39.000,55.000,0,152,243,160,87,87,87,87,87,87,1,0,0,3,30,0
8.195000,90.00,0.000,0.000,2,214,0.000,90,90,18.000,39.000,55.000,0,147,236,160,85,85,85,85,85,85,1,0,0,3,30,0
8.200000,90.00,0.000,0.000,2,210,0.000,0,0,18.000,39.000,55.000,0,0,0,0,0,0,0,0,0,0,2,144,0,3,70,0
8.205000,90.00,0.000,0.000,1,206,0.000,0,0,18.000,39.000,55.000,0,0,0,0,0,0,0,0,0,0,2,144,0,3,70,0
8.210000,90.00,0.000,0.000,1,202,0.000,0,0,18.000,39.000,55.000,0,0,0,0,0,0,0,0,0,0,2,144,0,3,70,0
8.215000,90.00,0.000,0.000,1,198,0.000,0,0,18.000,39.000,55.000,0,0,0,0,0,0,0,0,0,0,2,144,0,3,70,0
8.220000,90.00,0.000,0.000,1,194,0.000,0,0,18.000,39.000,55.000,0,0,0,0,0,0,0,0,0,0,2,144,0,3,70,0
8.225000,90.00,0.000,0.000,1,191,0.000,0,0,18.000,39.000,55.000,0,0,0,0,0,0,0,0,0,0,2,144,0,3,70,0
8.230000,90.00,0.000,0.000,1,187,0.000,0,0,18.000,39.000,55.000,0,0,0,0,0,0,0,0,0,0,2,144,0,3,70,0
8.235000,90.00,0.000,0.000,1,183,0.000,0,0,18.000,39.000,55.000,0,0,0,0,0,0,0,0,0,0,2,144,0,3,70,0
8.240000,90.00,0.000,0.000,1,180,0.000,0,0,18.000,39.000,55.000,0,0,0,0,0,0,0,0,0,0,2,144,0,3,70,0
8.245000,90.00,0.000,0.000,1,176,0.000,0,0,18.000,39.000,55.000,0,0,0,0,0,0,0,0,0,0,2,144,0,3,70,0
8.250000,90.00,0.000,0.000,1,173,0.000,0,0,18.000,39.000,55.000,0,0,0,0,0,0,0,0,0,0,2,144,0,3,70,0
8.255000,90.00,0.000,0.000,0,169,0.000,0,0,18.000,39.000,55.000,0,0,0,0,0,0,0,0,0,0,2,144,0,3,70,0
8.260000,90.00,0.000,0.000,0,166,0.000,0,0,18.000,39.000,55.000,0,0,0,0,0,0,0,0,0,0,2,144,0,3,70,0
8.265000,90.00,0.000,0.000,0,163,0.000,0,0,18.000,39.000,55.000,0,0,0,0,0,0,0,0,0,0,2,144,0,3,70,0
8.270000,90.00,0.000,0.000,0,160,0.000,0,0,18.000,39.000,55.000,0,0,0,0,0,0,0,0,0,0,2,144,0,3,70,0
8.275000,90.00,0.000,0.000,0,156,0.000,0,0,18.000,39.000,55.000,0,0,0,0,0,0,0,0,0,0,2,144,0,3,70,0
8.280000,90.00,0.000,0.000,0,153,0.000,0,0,18.000,39.000,55.000,0,0,0,0,0,0,0,0,0,0,2,144,0,3,70,0
8.285000,90.00,0.000,0.000,0,150,0.000,0,0,18.000,39.000,55.000,0,0,0,0,0,0,0,0,0,0,2,144,0,3,70,0
8.290000,90.00,0.000,0.000,0,147,0.000,0,0,18.000,39.000,55.000,0,0,0,0,0,0,0,0,0,0,2,144,0,3,70,0
8.295000,90.00,0.000,0.000,0,145,0.000,0,0,18.000,39.000,55.000,0,0,0,0,0,0,0,0,0,0,2,144,0,3,70,0
8.300000,90.00,0.000,0.000,0,142,0.000,0,0,18.000,39.000,55.000,0,0,0,0,0,0,0,0,0,0,2,144,0,3,70,0
8.305000,90.00,0.000,0.000,0,139,0.000,0,0,18.000,39.000,55.000,0,0,0,0,0,0,0,0,0,0,2,144,0,3,70,0
8.310000,90.00,0.000,0.000,0,136,0.000,0,0,18.000,39.000,55.000,0,0,0,0,0,0,0,0,0,0,2,144,0,3,70,0
8.315000,90.00,0.000,0.000,0,134,0.000,0,0,18.000,39.000,55.000,0,0,0,0,0,0,0,0,0,0,2,144,0,3,70,0
8.320000,90.00,0.000,0.000,0,131,0.000,0,0,18.000,39.000,55.000,0,0,0,0,0,0,0,0,0,0,2,144,0,3,70,0
8.325000,90.00,0.000,0.000,0,128,0.000,0,0,18.000,39.000,55.000,0,0,0,0,0,0,0,0,0,0,2,144,0,3,70,0
8.330000,90.00,0.000,0.000,0,126,0.000,0,0,18.000,39.000,55.000,0,0,0,0,0,0,0,0,0,0,2,144,0,3,70,0
8.335000,90.00,0.000,0.000,0,123,0.000,0,0,18.000,39.000,55.000,0,0,0,0,0,0,0,0,0,0,2,144,0,3,70,0
8.340000,90.00,0.000,0.000,0,121,0.000,0,0,18.000,39.000,55.000,0,0,0,0,0,0,0,0,0,0,2,144,0,3,70,0
8.345000,90.00,0.000,0.000,0,119,0.000,0,0,18.000,39.000,55.000,0,0,0,0,0,0,0,0,0,0,2,144,0,3,70,0
8.350000,90.00,0.000,0.000,0,116,0.000,0,0,18.000,39.000,55.000,0,0,0,0,0,0,0,0,0,0,2,144,0,3,70,0
8.355000,90.00,0.000,0.000,0,114,0.000,0,0,18.000,39.000,55.000,0,0,0,0,0,0,0,0,0,0,2,144,0,3,70,0
8.360000,90.00,0.000,0.000,0,112,0.000,0,0,18.000,39.000,55.000,0,0,0,0,0,0,0,0,0,0,2,144,0,3,70,0
8.365000,90.00,0.000,0.000,0,110,0.000,0,0,18.000,39.000,55.000,0,0,0,0,0,0,0,0,0,0,2,144,0,3,70,0
8.370000,90.00,0.000,0.000,0,108,0.000,0,0,18.000,39.000,55.000,0,0,0,0,0,0,0,0,0,0,2,144,0,3,70,0
8.375000,90.00,0.000,0.000,0,105,0.000,0,0,18.000,39.000,55.000,0,0,0,0,0,0,0,0,0,0,2,144,0,3,70,0
8.380000,90.00,0.000,0.000,0,103,0.000,0,0,18.000,39.000,55.000,0,0,0,0,0,0,0,0,0,0,2,144,0,3,70,0
8.385000,90.00,0.000,0.000,0,101,0.000,0,0,18.000,39.000,55.000,0,0,0,0,0,0,0,0,0,0,2,144,0,3,70,0
8.390000,90.00,0.000,0.000,0,99,0.000,0,0,18.000,39.000,55.000,0,0,0,0,0,0,0,0,0,0,2,144,0,3,70,0
8.395000,90.00,0.000,0.000,0,98,0.000,0,0,18.000,39.000,55.000,0,0,0,0,0,0,0,0,0,0,2,144,0,3,70,0
8.400000,90.00,0.000,0.000,0,96,0.000,0,0,18.000,39.000,55.000,0,0,0,0,0,0,0,0,0,0,2,144,0,3,70,0
8.405000,90.00,0.000,0.000,0,94,0.000,0,0,18.000,39.000,55.000,0,0,0,0,0,0,0,0,0,0,2,144,0,3,70,0
8.410000,90.00,0.000,0.000,0,92,0.000,0,0,18.000,39.000,55.000,0,0,0,0,0,0,0,0,0,0,2,144,0,3,70,0
8.415000,90.00,0.000,0.000,0,90,0.000,0,0,18.000,39.000,55.000,0,0,0,0,0,0,0,0,0,0,2,144,0,3,70,0
8.420000,90.00,0.000,0.000,0,88,0.000,0,0,18.000,39.000,55.000,0,0,0,0,0,0,0,0,0,0,2,144,0,3,70,0
8.425000,90.00,0.000,0.000,0,87,0.000,0,0,18.000,39.000,55.000,0,0,0,0,0,0,0,0,0,0,2,144,0,3,70,0
8.430000,90.00,0.000,0.000,0,85,0.000,0,0,18.000,39.000,55.000,0,0,0,0,0,0,0,0,0,0,2,144,0,3,70,0
8.435000,90.00,0.000,0.000,0,83,0.000,0,0,18.000,39.000,55.000,0,0,0,0,0,0,0,0,0,0,2,144,0,3,70,0
8.440000,90.00,0.000,0.000,0,82,0.000,0,0,18.000,39.000,55.000,0,0,0,0,0,0,0,0,0,0,2,144,0,3,70,0
8.445000,90.00,0.000,0.000,0,80,0.000,0,0,18.000,39.000,55.000,0,0,0,0,0,0,0,0,0,0,2,144,0,3,70,0
8.450000,90.00,0.000,0.000,0,79,0.000,0,0,18.000,39.000,55.000,0,0,0,0,0,0,0,0,0,0,2,144,0,3,70,0
8.455000,90.00,0.000,0.000,0,77,0.000,0,0,18.000,39.000,55.000,0,0,0,0,0,0,0,0,0,0,2,144,0,3,70,0
8.460000,90.00,0.000,0.000,0,76,0.000,0,0,18.000,39.000,55.000,0,0,0,0,0,0,0,0,0,0,2,144,0,3,70,0
8.465000,90.00,0.000,0.000,0,74,0.000,0,0,18.000,39.000,55.000,0,0,0,0,0,0,0,0,0,0,2,144,0,3,70,0
8.470000,90.00,0.000,0.000,0,73,0.000,0,0,18.000,39.000,55.000,0,0,0,0,0,0,0,0,0,0,2,144,0,3,70,0
8.475000,90.00,0.000,0.000,0,71,0.000,0,0,18.000,39.000,55.000,0,0,0,0,0,0,0,0,0,0,2,144,0,3,70,0
8.480000,90.00,0.000,0.000,0,70,0.000,0,0,18.000,39.000,55.000,0,0,0,0,0,0,0,0,0,0,2,144,0,3,70,0
8.485000,90.00,0.000,0.000,0,69,0.000,0,0,18.000,39.000,55.000,0,0,0,0,0,0,0,0,0,0,2,144,0,3,70,0
8.490000,90.00,0.000,0.000,0,67,0.000,0,0,18.000,39.000,55.000,0,0,0,0,0,0,0,0,0,0,2,144,0,3,70,0
8.495000,90.00,0.000,0.000,0,66,0.000,0,0,18.000,39.000,55.000,0,0,0,0,0,0,0,0,0,0,2,144,0,3,70,0
8.500000,90.00,0.000,0.000,0,65,0.000,0,0,18.000,39.000,55.000,0,0,0,0,0,0,0,0,0,0,2,144,0,3,70,0
8.505000,90.00,0.000,0.000,0,63,0.000,0,0,18.000,39.000,55.000,0,0,0,0,0,0,0,0,0,0,2,144,0,3,70,0
8.510000,90.00,0.000,0.000,0,62,0.000,0,0,18.000,39.000,55.000,0,0,0,0,0,0,0,0,0,0,2,144,0,3,70,0
8.515000,90.00,0.000,0.000,0,61,0.000,0,0,18.000,39.000,55.000,0,0,0,0,0,0,0,0,0,0,2,144,0,3,70,0
8.520000,90.00,0.000,0.000,0,60,0.000,0,0,18.000,39.000,55.000,0,0,0,0,0,0,0,0,0,0,2,144,0,3,70,0
8.525000,90.00,0.000,0.000,0,59,0.000,0,0,18.000,39.000,55.000,0,0,0,0,0,0,0,0,0,0,2,144,0,3,70,0
8.530000,90.00,0.000,0.000,0,58,0.000,0,0,18.000,39.000,55.000,0,0,0,0,0,0,0,0,0,0,2,144,0,3,70,0
8.535000,90.00,0.000,0.000,0,57,0.000,0,0,18.000,39.000,55.000,0,0,0,0,0,0,0,0,0,0,2,144,0,3,70,0
8.540000,90.00,0.000,0.000,0,55,0.000,0,0,18.000,39.000,55.000,0,0,0,0,0,0,0,0,0,0,2,144,0,3,70,0
8.545000,90.00,0.000,0.000,0,54,0.000,0,0,18.000,39.000,55.000,0,0,0,0,0,0,0,0,0,0,2,144,0,3,70,0
8.550000,90.00,0.000,0.000,0,53,0.000,0,0,18.000,39.000,55.000,0,0,0,0,0,0,0,0,0,0,2,144,0,3,70,0
8.555000,90.00,0.000,0.000,0,52,0.000,0,0,18.000,39.000,55.000,0,0,0,0,0,0,0,0,0,0,2,144,0,3,70,0
8.560000,90.00,0.000,0.000,0,51,0.000,0,0,18.000,39.000,55.000,0,0,0,0,0,0,0,0,0,0,2,144,0,3,70,0
8.565000,90.00,0.000,0.000,0,50,0.000,0,0,18.000,39.000,55.000,0,0,0,0,0,0,0,0,0,0,2,144,0,3,70,0
8.570000,90.00,0.000,0.000,0,49,0.000,0,0,18.000,39.000,55.000,0,0,0,0,0,0,0,0,0,0,2,144,0,3,70,0
8.575000,90.00,0.000,0.000,0,48,0.000,0,0,18.000,39.000,55.000,0,0,0,0,0,0,0,0,0,0,2,144,0,3,70,0
8.580000,90.00,0.000,0.000,0,48,0.000,0,0,18.000,39.000,55.000,0,0,0,0,0,0,0,0,0,0,2,144,0,3,70,0
8.585000,90.00,0.000,0.000,0,47,0.000,0,0,18.000,39.000,55.000,0,0,0,0,0,0,0,0,0,0,2,144,0,3,70,0
8.590000,90.00,0.000,0.000,0,46,0.000,0,0,18.000,39.000,55.000,0,0,0,0,0,0,0,0,0,0,2,144,0,3,70,0
8.595000,90.00,0.000,0.000,0,45,0.000,0,0,18.000,39.000,55.000,0,0,0,0,0,0,0,0,0,0,2,144,0,3,70,0
8.600000,90.00,0.000,0.000,0,44,0.000,0,0,18.000,39.000,55.000,0,0,0,0,0,0,0,0,0,0,2,144,0,3,70,0
8.605000,90.00,0.000,0.000,0,43,0.000,0,0,18.000,39.000,55.000,0,0,0,0,0,0,0,0,0,0,2,144,0,3,70,0
8.610000,90.00,0.000,0.000,0,42,0.000,0,0,18.000,39.000,55.000,0,0,0,0,0,0,0,0,0,0,2,144,0,3,70,0
8.615000,90.00,0.000,0.000,0,42,0.000,0,0,18.000,39.000,55.000,0,0,0,0,0,0,0,0,0,0,2,144,0,3,70,0
8.620000,90.00,0.000,0.000,0,41,0.000,0,0,18.000,39.000,55.000,0,0,0,0,0,0,0,0,0,0,2,144,0,3,70,0
8.625000,90.00,0.000,0.000,0,40,0.000,0,0,18.000,39.000,55.000,0,0,0,0,0,0,0,0,0,0,2,144,0,3,70,0
8.630000,90.00,0.000,0.000,0,39,0.000,0,0,18.000,39.000,55.000,0,0,0,0,0,0,0,0,0,0,2,144,0,3,70,0
8.635000,90.00,0.000,0.000,0,39,0.000,0,0,18.000,39.000,55.000,0,0,0,0,0,0,0,0,0,0,2,144,0,3,70,0
8.640000,90.00,0.000,0.000,0,38,0.000,0,0,18.000,39.000,55.000,0,0,0,0,0,0,0,0,0,0,2,144,0,3,70,0
8.645000,90.00,0.000,0.000,0,37,0.000,0,0,18.000,39.000,55.000,0,0,0,0,0,0,0,0,0,0,2,144,0,3,70,0
8.650000,90.00,0.000,0.000,0,36,0.000,0,0,18.000,39.000,55.000,0,0,0,0,0,0,0,0,0,0,2,144,0,3,70,0
8.655000,90.00,0.000,0.000,0,36,0.000,0,0,18.000,39.000,55.000,0,0,0,0,0,0,0,0,0,0,2,144,0,3,70,0
8.660000,90.00,0.000,0.000,0,35,0.000,0,0,18.000,39.000,55.000,0,0,0,0,0,0,0,0,0,0,2,144,0,3,70,0
8.665000,90.00,0.000,0.000,0,34,0.000,0,0,18.000,39.000,55.000,0,0,0,0,0,0,0,0,0,0,2,144,0,3,70,0
8.670000,90.00,0.000,0.000,0,34,0.000,0,0,18.000,39.000,55.000,0,0,0,0,0,0,0,0,0,0,2,144,0,3,70,0
8.675000,90.00,0.000,0.000,0,33,0.000,0,0,18.000,39.000,55.000,0,0,0,0,0,0,0,0,0,0,2,144,0,3,70,0
8.680000,90.00,0.000,0.000,0,33,0.000,0,0,18.000,39.000,55.000,0,0,0,0,0,0,0,0,0,0,2,144,0,3,70,0
8.685000,90.00,0.000,0.000,0,32,0.000,0,0,18.000,39.000,55.000,0,0,0,0,0,0,0,0,0,0,2,144,0,3,70,0
8.690000,90.00,0.000,0.000,0,31,0.000,0,0,18.000,39.000,55.000,0,0,0,0,0,0,0,0,0,0,2,144,0,3,70,0
8.695000,90.00,0.000,0.000,0,31,0.000,0,0,18.000,39.000,55.000,0,0,0,0,0,0,0,0,0,0,2,144,0,3,70,0
8.700000,90.00,0.000,0.000,0,30,0.000,0,0,18.000,39.000,55.000,0,0,0,0,0,0,0,0,0,0,2,144,0,3,70,0
8.705000,90.00,0.000,0.000,0,30,0.000,0,0,18.000,39.000,55.000,0,0,0,0,0,0,0,0,0,0,2,144,0,3,70,0
8.710000,90.00,0.000,0.000,0,29,0.000,0,0,18.000,39.000,55.000,0,0,0,0,0,0,0,0,0,0,2,144,0,3,70,0
8.715000,90.00,0.000,0.000,0,29,0.000,0,0,18.000,39.000,55.000,0,0,0,0,0,0,0,0,0,0,2,144,0,3,70,0
8.720000,90.00,0.000,0.000,0,28,0.000,0,0,18.000,39.000,55.000,0,0,0,0,0,0,0,0,0,0,2,144,0,3,70,0
8.725000,90.00,0.000,0.000,0,27,0.000,0,0,18.000,39.000,55.000,0,0,0,0,0,0,0,0,0,0,2,144,0,3,70,0
8.730000,90.00,0.000,0.000,0,27,0.000,0,0,18.000,39.000,55.000,0,0,0,0,0,0,0,0,0,0,2,144,0,3,70,0
8.735000,90.00,0.000,0.000,0,26,0.000,0,0,18.000,39.000,55.000,0,0,0,0,0,0,0,0,0,0,2,144,0,3,70,0
8.740000,90.00,0.000,0.000,0,26,0.000,0,0,18.000,39.000,55.000,0,0,0,0,0,0,0,0,0,0,2,144,0,3,70,0
8.745000,90.00,0.000,0.000,0,26,0.000,0,0,18.000,39.000,55.000,0,0,0,0,0,0,0,0,0,0,2,144,0,3,70,0
8.750000,90.00,0.000,0.000,0,25,0.000,0,0,18.000,39.000,55.000,0,0,0,0,0,0,0,0,0,0,2,144,0,3,70,0
8.755000,90.00,0.000,0.000,0,25,0.000,0,0,18.000,39.000,55.000,0,0,0,0,0,0,0,0,0,0,2,144,0,3,70,0
8.760000,90.00,0.000,0.000,0,24,0.000,0,0,18.000,39.000,55.000,0,0,0,0,0,0,0,0,0,0,2,144,0,3,70,0
8.765000,90.00,0.000,0.000,0,24,0.000,0,0,18.000,39.000,55.000,0,0,0,0,0,0,0,0,0,0,2,144,0,3,70,0
8.770000,90.00,0.000,0.000,0,23,0.000,0,0,18.000,39.000,55.000,0,0,0,0,0,0,0,0,0,0,2,144,0,3,70,0
8.775000,90.00,0.000,0.000,0,23,0.000,0,0,18.000,39.000,55.000,0,0,0,0,0,0,0,0,0,0,2,144,0,3,70,0
8.780000,90.00,0.000,0.000,0,22,0.000,0,0,18.000,39.000,55.000,0,0,0,0,0,0,0,0,0,0,2,144,0,3,70,0
8.785000,90.00,0.000,0.000,0,22,0.000,0,0,18.000,39.000,55.000,0,0,0,0,0,0,0,0,0,0,2,144,0,3,70,0
8.790000,90.00,0.000,0.000,0,22,0.000,0,0,18.000,39.000,55.000,0,0,0,0,0,0,0,0,0,0,2,144,0,3,70,0
8.795000,90.00,0.000,0.000,0,21,0.000,0,0,18.000,39.000,55.000,0,0,0,0,0,0,0,0,0,0,2,144,0,3,70,0
8.800000,90.00,0.000,0.000,0,21,0.000,0,0,18.000,39.000,55.000,0,0,0,0,0,0,0,0,0,0,2,144,0,3,70,0
8.805000,90.00,0.000,0.000,0,21,0.000,0,0,18.000,39.000,55.000,0,0,0,0,0,0,0,0,0,0,2,144,0,3,70,0
8.810000,90.00,0.000,0.000,0,20,0.000,0,0,18.000,39.000,55.000,0,0,0,0,0,0,0,0,0,0,2,144,0,3,70,0
8.815000,90.00,0.000,0.000,0,20,0.000,0,0,18.000,39.000,55.000,0,0,0,0,0,0,0,0,0,0,2,144,0,3,70,0
8.820000,90.00,0.000,0.000,0,19,0.000,0,0,18.000,39.000,55.000,0,0,0,0,0,0,0,0,0,0,2,144,0,3,70,0
8.825000,90.00,0.000,0.000,0,19,0.000,0,0,18.000,39.000,55.000,0,0,0,0,0,0,0,0,0,0,2,144,0,3,70,0
8.830000,90.00,0.000,0.000,0,19,0.000,0,0,18.000,39.000,55.000,0,0,0,0,0,0,0,0,0,0,2,144,0,3,70,0
8.835000,90.00,0.000,0.000,0,18,0.000,0,0,18.000,39.000,55.000,0,0,0,0,0,0,0,0,0,0,2,144,0,3,70,0
8.840000,90.00,0.000,0.000,0,18,0.000,0,0,18.000,39.000,55.000,0,0,0,0,0,0,0,0,0,0,2,144,0,3,70,0
8.845000,90.00,0.000,0.000,0,18,0.000,0,0,18.000,39.000,55.000,0,0,0,0,0,0,0,0,0,0,2,144,0,3,70,0
8.850000,90.00,0.000,0.000,0,18,0.000,0,0,18.000,39.000,55.000,0,0,0,0,0,0,0,0,0,0,2,144,0,3,70,0
8.855000,90.00,0.000,0.000,0,17,0.000,0,0,18.000,39.000,55.000,0,0,0,0,0,0,0,0,0,0,2,144,0,3,70,0
8.860000,90.00,0.000,0.000,0,17,0.000,0,0,18.000,39.000,55.000,0,0,0,0,0,0,0,0,0,0,2,144,0,3,70,0
8.865000,90.00,0.000,0.000,0,17,0.000,0,0,18.000,39.000,55.000,0,0,0,0,0,0,0,0,0,0,2,144,0,3,70,0
8.870000,90.00,0.000,0.000,0,16,0.000,0,0,18.000,39.000,55.000,0,0,0,0,0,0,0,0,0,0,2,144,0,3,70,0
8.875000,90.00,0.000,0.000,0,16,0.000,0,0,18.000,39.000,55.000,0,0,0,0,0,0,0,0,0,0,2,144,0,3,70,0
8.880000,90.00,0.000,0.000,0,16,0.000,0,0,18.000,39.000,55.000,0,0,0,0,0,0,0,0,0,0,2,144,0,3,70,0
8.885000,90.00,0.000,0.000,0,15,0.000,0,0,18.000,39.000,55.000,0,0,0,0,0,0,0,0,0,0,2,144,0,3,70,0
8.890000,90.00,0.000,0.000,0,15,0.000,0,0,18.000,39.000,55.000,0,0,0,0,0,0,0,0,0,0,2,144,0,3,70,0
8.895000,90.00,0.000,0.000,0,15,0.000,0,0,18.000,39.000,55.000,0,0,0,0,0,0,0,0,0,0,2,144,0,3,70,0
8.900000,90.00,0.000,0.000,0,15,0.000,0,0,18.000,39.000,55.000,0,0,0,0,0,0,0,0,0,0,2,144,0,3,70,0
8.905000,90.00,0.000,0.000,0,14,0.000,0,0,18.000,39.000,55.000,0,0,0,0,0,0,0,0,0,0,2,144,0,3,70,0
8.910000,90.00,0.000,0.000,0,14,0.000,0,0,18.000,39.000,55.000,0,0,0,0,0,0,0,0,0,0,2,144,0,3,70,0
8.915000,90.00,0.000,0.000,0,14,0.000,0,0,18.000,39.000,55.000,0,0,0,0,0,0,0,0,0,0,2,144,0,3,70,0
8.920000,90.00,0.000,0.000,0,14,0.000,0,0,18.000,39.000,55.000,0,0,0,0,0,0,0,0,0,0,2,144,0,3,70,0
8.925000,90.00,0.000,0.000,0,14,0.000,0,0,18.000,39.000,55.000,0,0,0,0,0,0,0,0,0,0,2,144,0,3,70,0
8.930000,90.00,0.000,0.000,0,13,0.000,0,0,18.000,39.000,55.000,0,0,0,0,0,0,0,0,0,0,2,144,0,3,70,0
8.935000,90.00,0.000,0.000,0,13,0.000,0,0,18.000,39.000,55.000,0,0,0,0,0,0,0,0,0,0,2,144,0,3,70,0
8.940000,90.00,0.000,0.000,0,13,0.000,0,0,18.000,39.000,55.000,0,0,0,0,0,0,0,0,0,0,2,144,0,3,70,0
8.945000,90.00,0.000,0.000,0,13,0.000,0,0,18.000,39.000,55.000,0,0,0,0,0,0,0,0,0,0,2,144,0,3,70,0
8.950000,90.00,0.000,0.000,0,12,0.000,0,0,18.000,39.000,55.000,0,0,0,0,0,0,0,0,0,0,2,144,0,3,70,0
8.955000,90.00,0.000,0.000,0,12,0.000,0,0,18.000,39.000,55.000,0,0,0,0,0,0,0,0,0,0,2,144,0,3,70,0
8.960000,90.00,0.000,0.000,0,12,0.000,0,0,18.000,39.000,55.000,0,0,0,0,0,0,0,0,0,0,2,144,0,3,70,0
8.965000,90.00,0.000,0.000,0,12,0.000,0,0,18.000,39.000,55.000,0,0,0,0,0,0,0,0,0,0,2,144,0,3,70,0
8.970000,90.00,0.000,0.000,0,12,0.000,0,0,18.000,39.000,55.000,0,0,0,0,0,0,0,0,0,0,2,144,0,3,70,0
8.975000,90.00,0.000,0.000,0,11,0.000,0,0,18.000,39.000,55.000,0,0,0,0,0,0,0,0,0,0,2,144,0,3,70,0
8.980000,90.00,0.000,0.000,0,11,0.000,0,0,18.000,39.000,55.000,0,0,0,0,0,0,0,0,0,0,2,144,0,3,70,0
8.985000,90.00,0.000,0.000,0,11,0.000,0,0,18.000,39.000,55.000,0,0,0,0,0,0,0,0,0,0,2,144,0,3,70,0
8.990000,90.00,0.000,0.000,0,11,0.000,0,0,18.000,39.000,55.000,0,0,0,0,0,0,0,0,0,0,2,144,0,3,70,0
8.995000,90.00,0.000,0.000,0,11,0.000,0,0,18.000,39.000,55.000,0,0,0,0,0,0,0,0,0,0,2,144,0,3,70,0
9.000000,90.00,0.000,0.000,0,11,0.000,0,0,18.000,39.000,55.000,0,0,0,0,0,0,0,0,0,0,2,144,0,3,70,0
9.005000,90.00,0.000,0.000,0,10,0.000,0,0,18.000,39.000,55.000,0,0,0,0,0,0,0,0,0,0,2,144,0,3,70,0
9.010000,90.00,0.000,0.000,0,10,0.000,0,0,18.000,39.000,55.000,0,0,0,0,0,0,0,0,0,0,2,144,0,3,70,0
9.015000,90.00,0.000,0.000,0,10,0.000,0,0,18.000,39.000,55.000,0,0,0,0,0,0,0,0,0,0,2,144,0,3,70,0
9.020000,90.00,0.000,0.000,0,10,0.000,0,0,18.000,39.000,55.000,0,0,0,0,0,0,0,0,0,0,2,144,0,3,70,0
9.025000,90.00,0.000,0.000,0,10,0.000,0,0,18.000,39.000,55.000,0,0,0,0,0,0,0,0,0,0,2,144,0,3,70,0
9.030000,90.00,0.000,0.000,0,10,0.000,0,0,18.000,39.000,55.000,0,0,0,0,0,0,0,0,0,0,2,144,0,3,70,0
9.035000,90.00,0.000,0.000,0,9,0.000,0,0,18.000,39.000,55.000,0,0,0,0,0,0,0,0,0,0,2,144,0,3,70,0
9.040000,90.00,0.000,0.000,0,9,0.000,0,0,18.000,39.000,55.000,0,0,0,0,0,0,0,0,0,0,2,144,0,3,70,0
9.045000,90.00,0.000,0.000,0,9,0.000,0,0,18.000,39.000,55.000,0,0,0,0,0,0,0,0,0,0,2,144,0,3,70,0
9.050000,90.00,0.000,0.000,0,9,0.000,0,0,18.000,39.000,55.000,0,0,0,0,0,0,0,0,0,0,2,144,0,3,70,0
9.055000,90.00,0.000,0.000,0,9,0.000,0,0,18.000,39.000,55.000,0,0,0,0,0,0,0,0,0,0,2,144,0,3,70,0
9.060000,90.00,0.000,0.000,0,9,0.000,0,0,18.000,39.000,55.000,0,0,0,0,0,0,0,0,0,0,2,144,0,3,70,0
9.065000,90.00,0.000,0.000,0,9,0.000,0,0,18.000,39.000,55.000,0,0,0,0,0,0,0,0,0,0,2,144,0,3,70,0
9.070000,90.00,0.000,0.000,0,8,0.000,0,0,18.000,39.000,55.000,0,0,0,0,0,0,0,0,0,0,2,144,0,3,70,0
9.075000,90.00,0.000,0.000,0,8,0.000,0,0,18.000,39.000,55.000,0,0,0,0,0,0,0,0,0,0,2,144,0,3,70,0
9.080000,90.00,0.000,0.000,0,8,0.000,0,0,18.000,39.000,55.000,0,0,0,0,0,0,0,0,0,0,2,144,0,3,70,0
9.085000,90.00,0.000,0.000,0,8,0.000,0,0,18.000,39.000,55.000,0,0,0,0,0,0,0,0,0,0,2,144,0,3,70,0
9.090000,90.00,0.000,0.000,0,8,0.000,0,0,18.000,39.000,55.000,0,0,0,0,0,0,0,0,0,0,2,144,0,3,70,0
9.095000,90.00,0.000,0.000,0,8,0.000,0,0,18.000,39.000,55.000,0,0,0,0,0,0,0,0,0,0,2,144,0,3,70,0
9.100000,90.00,0.000,0.000,0,8,0.000,0,0,18.000,39.000,55.000,0,0,0,0,0,0,0,0,0,0,2,144,0,3,70,0
9.105000,90.00,0.000,0.000,0,8,0.000,0,0,18.000,39.000,55.000,0,0,0,0,0,0,0,0,0,0,2,144,0,3,70,0
9.110000,90.00,0.000,0.000,0,7,0.000,0,0,18.000,39.000,55.000,0,0,0,0,0,0,0,0,0,0,2,144,0,3,70,0
9.115000,90.00,0.000,0.000,0,7,0.000,0,0,18.000,39.000,55.000,0,0,0,0,0,0,0,0,0,0,2,144,0,3,70,0
9.120000,90.00,0.000,0.000,0,7,0.000,0,0,18.000,39.000,55.000,0,0,0,0,0,0,0,0,0,0,2,144,0,3,70,0
9.125000,90.00,0.000,0.000,0,7,0.000,0,0,18.000,39.000,55.000,0,0,0,0,0,0,0,0,0,0,2,144,0,3,70,0
9.130000,90.00,0.000,0.000,0,7,0.000,0,0,18.000,39.000,55.000,0,0,0,0,0,0,0,0,0,0,2,144,0,3,70,0
9.135000,90.00,0.000,0.000,0,7,0.000,0,0,18.000,39.000,55.000,0,0,0,0,0,0,0,0,0,0,2,144,0,3,70,0
9.140000,90.00,0.000,0.000,0,7,0.000,0,0,18.000,39.000,55.000,0,0,0,0,0,0,0,0,0,0,2,144,0,3,70,0
9.145000,90.00,0.000,0.000,0,7,0.000,0,0,18.000,39.000,55.000,0,0,0,0,0,0,0,0,0,0,2,144,0,3,70,0
9.150000,90.00,0.000,0.000,0,7,0.000,0,0,18.000,39.000,55.000,0,0,0,0,0,0,0,0,0,0,2,144,0,3,70,0
9.155000,90.00,0.000,0.000,0,7,0.000,0,0,18.000,39.000,55.000,0,0,0,0,0,0,0,0,0,0,2,144,0,3,70,0
9.160000,90.00,0.000,0.000,0,7,0.000,0,0,18.000,39.000,55.000,0,0,0,0,0,0,0,0,0,0,2,144,0,3,70,0
9.165000,90.00,0.000,0.000,0,7,0.000,0,0,18.000,39.000,55.000,0,0,0,0,0,0,0,0,0,0,2,144,0,3,70,0
9.170000,90.00,0.000,0.000,0,7,0.000,0,0,18.000,39.000,55.000,0,0,0,0,0,0,0,0,0,0,2,144,0,3,70,0
9.175000,90.00,0.000,0.000,0,6,0.000,0,0,18.000,39.000,55.000,0,0,0,0,0,0,0,0,0,0,2,144,0,3,70,0
9.180000,90.00,0.000,0.000,0,6,0.000,0,0,18.000,39.000,55.000,0,0,0,0,0,0,0,0,0,0,2,144,0,3,70,0
9.185000,90.00,0.000,0.000,0,6,0.000,0,0,18.000,39.000,55.000,0,0,0,0,0,0,0,0,0,0,2,144,0,3,70,0
9.190000,90.00,0.000,0.000,0,6,0.000,0,0,18.000,39.000,55.000,0,0,0,0,0,0,0,0,0,0,2,144,0,3,70,0
9.195000,90.00,0.000,0.000,0,6,0.000,0,0,18.000,39.000,55.000,0,0,0,0,0,0,0,0,0,0,2,144,0,3,70,0
9.200000,90.00,0.000,0.000,0,6,0.000,0,0,18.000,39.000,55.000,0,0,0,0,0,0,0,0,0,0,2,144,0,3,70,0
9.205000,90.00,0.000,0.000,0,6,0.000,0,0,18.000,39.000,55.000,0,0,0,0,0,0,0,0,0,0,2,144,0,3,70,0
9.210000,90.00,0.000,0.000,0,6,0.000,0,0,18.000,39.000,55.000,0,0,0,0,0,0,0,0,0,0,2,144,0,3,70,0
9.215000,90.00,0.000,0.000,0,6,0.000,0,0,18.000,39.000,55.000,0,0,0,0,0,0,0,0,0,0,2,144,0,3,70,0
9.220000,90.00,0.000,0.000,0,6,0.000,0,0,18.000,39.000,55.000,0,0,0,0,0,0,0,0,0,0,2,144,0,3,70,0
9.225000,90.00,0.000,0.000,0,6,0.000,0,0,18.000,39.000,55.000,0,0,0,0,0,0,0,0,0,0,2,144,0,3,70,0
9.230000,90.00,0.000,0.000,0,6,0.000,0,0,18.000,39.000,55.000,0,0,0,0,0,0,0,0,0,0,2,144,0,3,70,0
9.235000,90.00,0.000,0.000,0,6,0.000,0,0,18.000,39.000,55.000,0,0,0,0,0,0,0,0,0,0,2,144,0,3,70,0
9.240000,90.00,0.000,0.000,0,5,0.000,0,0,18.000,39.000,55.000,0,0,0,0,0,0,0,0,0,0,2,144,0,3,70,0
9.245000,90.00,0.000,0.000,0,5,0.000,0,0,18.000,39.000,55.000,0,0,0,0,0,0,0,0,0,0,2,144,0,3,70,0
9.250000,90.00,0.000,0.000,0,5,0.000,0,0,18.000,39.000,55.000,0,0,0,0,0,0,0,0,0,0,2,144,0,3,70,0
9.255000,90.00,0.000,0.000,0,5,0.000,0,0,18.000,39.000,55.000,0,0,0,0,0,0,0,0,0,0,2,144,0,3,70,0
9.260000,90.00,0.000,0.000,0,5,0.000,0,0,18.000,39.000,55.000,0,0,0,0,0,0,0,0,0,0,2,144,0,3,70,0
9.265000,90.00,0.000,0.000,0,5,0.000,0,0,18.000,39.000,55.000,0,0,0,0,0,0,0,0,0,0,2,144,0,3,70,0
9.270000,90.00,0.000,0.000,0,5,0.000,0,0,18.000,39.000,55.000,0,0,0,0,0,0,0,0,0,0,2,144,0,3,70,0
9.275000,90.00,0.000,0.000,0,5,0.000,0,0,18.000,39.000,55.000,0,0,0,0,0,0,0,0,0,0,2,144,0,3,70,0
9.280000,90.00,0.000,0.000,0,5,0.000,0,0,18.000,39.000,55.000,0,0,0,0,0,0,0,0,0,0,2,144,0,3,70,0
9.285000,90.00,0.000,0.000,0,5,0.000,0,0,18.000,39.000,55.000,0,0,0,0,0,0,0,0,0,0,2,144,0,3,70,0
9.290000,90.00,0.000,0.000,0,5,0.000,0,0,18.000,39.000,55.000,0,0,0,0,0,0,0,0,0,0,2,144,0,3,70,0
9.295000,90.00,0.000,0.000,0,5,0.000,0,0,18.000,39.000,55.000,0,0,0,0,0,0,0,0,0,0,2,144,0,3,70,0
9.300000,90.00,0.000,0.000,0,5,0.000,0,0,18.000,39.000,55.000,0,0,0,0,0,0,0,0,0,0,2,144,0,3,70,0
9.305000,90.00,0.000,0.000,0,4,0.000,0,0,18.000,39.000,55.000,0,0,0,0,0,0,0,0,0,0,2,144,0,3,70,0
9.310000,90.00,0.000,0.000,0,4,0.000,0,0,18.000,39.000,55.000,0,0,0,0,0,0,0,0,0,0,2,144,0,3,70,0
9.315000,90.00,0.000,0.000,0,4,0.000,0,0,18.000,39.000,55.000,0,0,0,0,0,0,0,0,0,0,2,144,0,3,70,0
9.320000,90.00,0.000,0.000,0,4,0.000,0,0,18.000,39.000,55.000,0,0,0,0,0,0,0,0,0,0,2,144,0,3,70,0
9.325000,90.00,0.000,0.000,0,4,0.000,0,0,18.000,39.000,55.000,0,0,0,0,0,0,0,0,0,0,2,144,0,3,70,0
9.330000,90.00,0.000,0.000,0,4,0.000,0,0,18.000,39.000,55.000,0,0,0,0,0,0,0,0,0,0,2,144,0,3,70,0
9.335000,90.00,0.000,0.000,0,4,0.000,0,0,18.000,39.000,55.000,0,0,0,0,0,0,0,0,0,0,2,144,0,3,70,0
9.340000,90.00,0.000,0.000,0,0,0.000,0,0,18.000,39.000,55.000,0,0,0,0,0,0,0,0,0,0,2,144,0,3,70,0
9.345000,90.00,0.000,0.000,0,0,0.000,0,0,18.000,39.000,55.000,0,0,0,0,0,0,0,0,0,0,2,144,0,3,70,0
9.350000,90.00,0.000,0.000,0,0,0.000,0,0,18.000,39.000,55.000,0,0,0,0,0,0,0,0,0,0,2,144,0,3,70,0
9.355000,90.00,0.000,0.000,0,0,0.000,0,0,18.000,39.000,55.000,0,0,0,0,0,0,0,0,0,0,2,144,0,3,70,0
9.360000,90.00,0.000,0.000,0,0,0.000,0,0,18.000,39.000,55.000,0,0,0,0,0,0,0,0,0,0,2,144,0,3,70,0
9.365000,90.00,0.000,0.000,0,0,0.000,0,0,18.000,39.000,55.000,0,0,0,0,0,0,0,0,0,0,2,144,0,3,70,0
9.370000,90.00,0.000,0.000,0,0,0.000,0,0,18.000,39.000,55.000,0,0,0,0,0,0,0,0,0,0,2,144,0,3,70,0
9.375000,90.00,0.000,0.000,0,0,0.000,0,0,18.000,39.000,55.000,0,0,0,0,0,0,0,0,0,0,2,144,0,3,70,0
9.380000,90.00,0.000,0.000,0,0,0.000,0,0,18.000,39.000,55.000,0,0,0,0,0,0,0,0,0,0,2,144,0,3,70,0
9.385000,90.00,0.000,0.000,0,0,0.000,0,0,18.000,39.000,55.000,0,0,0,0,0,0,0,0,0,0,2,144,0,3,70,0
9.390000,90.00,0.000,0.000,0,0,0.000,0,0,18.000,39.000,55.000,0,0,0,0,0,0,0,0,0,0,2,144,0,3,70,0
9.395000,90.00,0.000,0.000,0,0,0.000,0,0,18.000,39.000,55.000,0,0,0,0,0,0,0,0,0,0,2,144,0,3,70,0
9.400000,90.00,0.000,0.000,0,0,0.000,0,0,18.000,39.000,55.000,0,0,0,0,0,0,0,0,0,0,2,144,0,3,70,0
9.405000,90.00,0.000,0.000,0,0,0.000,0,0,18.000,39.000,55.000,0,0,0,0,0,0,0,0,0,0,2,144,0,3,70,0
9.410000,90.00,0.000,0.000,0,0,0.000,0,0,18.000,39.000,55.000,0,0,0,0,0,0,0,0,0,0,2,144,0,3,70,0
9.415000,90.00,0.000,0.000,0,0,0.000,0,0,18.000,39.000,55.000,0,0,0,0,0,0,0,0,0,0,2,144,0,3,70,0
9.420000,90.00,0.000,0.000,0,0,0.000,0,0,18.000,39.000,55.000,0,0,0,0,0,0,0,0,0,0,2,144,0,3,70,0
9.425000,90.00,0.000,0.000,0,0,0.000,0,0,18.000,39.000,55.000,0,0,0,0,0,0,0,0,0,0,2,144,0,3,70,0
9.430000,90.00,0.000,0.000,0,0,0.000,0,0,18.000,39.000,55.000,0,0,0,0,0,0,0,0,0,0,2,144,0,3,70,0
9.435000,90.00,0.000,0.000,0,0,0.000,0,0,18.000,39.000,55.000,0,0,0,0,0,0,0,0,0,0,2,144,0,3,70,0
9.440000,90.00,0.000,0.000,0,0,0.000,0,0,18.000,39.000,55.000,0,0,0,0,0,0,0,0,0,0,2,144,0,3,70,0
9.445000,90.00,0.000,0.000,0,0,0.000,0,0,18.000,39.000,55.000,0,0,0,0,0,0,0,0,0,0,2,144,0,3,70,0
9.450000,90.00,0.000,0.000,0,0,0.000,0,0,18.000,39.000,55.000,0,0,0,0,0,0,0,0,0,0,2,144,0,3,70,0
9.455000,90.00,0.000,0.000,0,0,0.000,0,0,18.000,39.000,55.000,0,0,0,0,0,0,0,0,0,0,2,144,0,3,70,0
9.460000,90.00,0.000,0.000,0,0,0.000,0,0,18.000,39.000,55.000,0,0,0,0,0,0,0,0,0,0,2,144,0,3,70,0
9.465000,90.00,0.000,0.000,0,0,0.000,0,0,18.000,39.000,55.000,0,0,0,0,0,0,0,0,0,0,2,144,0,3,70,0
9.470000,90.00,0.000,0.000,0,0,0.000,0,0,18.000,39.000,55.000,0,0,0,0,0,0,0,0,0,0,2,144,0,3,70,0
9.475000,90.00,0.000,0.000,0,0,0.000,0,0,18.000,39.000,55.000,0,0,0,0,0,0,0,0,0,0,2,144,0,3,70,0
9.480000,90.00,0.000,0.000,0,0,0.000,0,0,18.000,39.000,55.000,0,0,0,0,0,0,0,0,0,0,2,144,0,3,70,0
9.485000,90.00,0.000,0.000,0,0,0.000,0,0,18.000,39.000,55.000,0,0,0,0,0,0,0,0,0,0,2,144,0,3,70,0
9.490000,90.00,0.000,0.000,0,0,0.000,0,0,18.000,39.000,55.000,0,0,0,0,0,0,0,0,0,0,2,144,0,3,70,0
9.495000,90.00,0.000,0.000,0,0,0.000,0,0,18.000,39.000,55.000,0,0,0,0,0,0,0,0,0,0,2,144,0,3,70,0
9.500000,90.00,0.000,0.000,0,0,0.000,0,0,18.000,39.000,55.000,0,0,0,0,0,0,0,0,0,0,2,144,0,3,70,0
9.505000,90.00,0.000,0.000,0,0,0.000,0,0,18.000,39.000,55.000,0,0,0,0,0,0,0,0,0,0,2,144,0,3,70,0
9.510000,90.00,0.000,0.000,0,0,0.000,0,0,18.000,39.000,55.000,0,0,0,0,0,0,0,0,0,0,2,144,0,3,70,0
9.515000,90.00,0.000,0.000,0,0,0.000,0,0,18.000,39.000,55.000,0,0,0,0,0,0,0,0,0,0,2,144,0,3,70,0
9.520000,90.00,0.000,0.000,0,0,0.000,0,0,18.000,39.000,55.000,0,0,0,0,0,0,0,0,0,0,2,144,0,3,70,0
9.525000,90.00,0.000,0.000,0,0,0.000,0,0,18.000,39.000,55.000,0,0,0,0,0,0,0,0,0,0,2,144,0,3,70,0
9.530000,90.00,0.000,0.000,0,0,0.000,0,0,18.000,39.000,55.000,0,0,0,0,0,0,0,0,0,0,2,144,0,3,70,0
9.535000,90.00,0.000,0.000,0,0,0.000,0,0,18.000,39.000,55.000,0,0,0,0,0,0,0,0,0,0,2,144,0,3,70,0
9.540000,90.00,0.000,0.000,0,0,0.000,0,0,18.000,39.000,55.000,0,0,0,0,0,0,0,0,0,0,2,144,0,3,70,0
9.545000,90.00,0.000,0.000,0,0,0.000,0,0,18.000,39.000,55.000,0,0,0,0,0,0,0,0,0,0,2,144,0,3,70,0
9.550000,90.00,0.000,0.000,0,0,0.000,0,0,18.000,39.000,55.000,0,0,0,0,0,0,0,0,0,0,2,144,0,3,70,0
9.555000,90.00,0.000,0.000,0,0,0.000,0,0,18.000,39.000,55.000,0,0,0,0,0,0,0,0,0,0,2,144,0,3,70,0
9.560000,90.00,0.000,0.000,0,0,0.000,0,0,18.000,39.000,55.000,0,0,0,0,0,0,0,0,0,0,2,144,0,3,70,0
9.565000,90.00,0.000,0.000,0,0,0.000,0,0,18.000,39.000,55.000,0,0,0,0,0,0,0,0,0,0,2,144,0,3,70,0
9.570000,90.00,0.000,0.000,0,0,0.000,0,0,18.000,39.000,55.000,0,0,0,0,0,0,0,0,0,0,2,144,0,3,70,0
9.575000,90.00,0.000,0.000,0,0,0.000,0,0,18.000,39.000,55.000,0,0,0,0,0,0,0,0,0,0,2,144,0,3,70,0
9.580000,90.00,0.000,0.000,0,0,0.000,0,0,18.000,39.000,55.000,0,0,0,0,0,0,0,0,0,0,2,144,0,3,70,0
9.585000,90.00,0.000,0.000,0,0,0.000,0,0,18.000,39.000,55.000,0,0,0,0,0,0,0,0,0,0,2,144,0,3,70,0
9.590000,90.00,0.000,0.000,0,0,0.000,0,0,18.000,39.000,55.000,0,0,0,0,0,0,0,0,0,0,2,144,0,3,70,0
9.595000,90.00,0.000,0.000,0,0,0.000,0,0,18.000,39.000,55.000,0,0,0,0,0,0,0,0,0,0,2,144,0,3,70,0
9.600000,90.00,0.000,0.000,0,0,0.000,0,0,18.000,39.000,55.000,0,0,0,0,0,0,0,0,0,0,2,144,0,3,70,0
9.605000,90.00,0.000,0.000,0,0,0.000,0,0,18.000,39.000,55.000,0,0,0,0,0,0,0,0,0,0,2,144,0,3,70,0
9.610000,90.00,0.000,0.000,0,0,0.000,0,0,18.000,39.000,55.000,0,0,0,0,0,0,0,0,0,0,2,144,0,3,70,0
9.615000,90.00,0.000,0.000,0,0,0.000,0,0,18.000,39.000,55.000,0,0,0,0,0,0,0,0,0,0,2,144,0,3,70,0
9.620000,90.00,0.000,0.000,0,0,0.000,0,0,18.000,39.000,55.000,0,0,0,0,0,0,0,0,0,0,2,144,0,3,70,0
9.625000,90.00,0.000,0.000,0,0,0.000,0,0,18.000,39.000,55.000,0,0,0,0,0,0,0,0,0,0,2,144,0,3,70,0
9.630000,90.00,0.000,0.000,0,0,0.000,0,0,18.000,39.000,55.000,0,0,0,0,0,0,0,0,0,0,2,144,0,3,70,0
9.635000,90.00,0.000,0.000,0,0,0.000,0,0,18.000,39.000,55.000,0,0,0,0,0,0,0,0,0,0,2,144,0,3,70,0
9.640000,90.00,0.000,0.000,0,0,0.000,0,0,18.000,39.000,55.000,0,0,0,0,0,0,0,0,0,0,2,144,0,3,70,0
9.645000,90.00,0.000,0.000,0,0,0.000,0,0,18.000,39.000,55.000,0,0,0,0,0,0,0,0,0,0,2,144,0,3,70,0
9.650000,90.00,0.000,0.000,0,0,0.000,0,0,18.000,39.000,55.000,0,0,0,0,0,0,0,0,0,0,2,144,0,3,70,0
9.655000,90.00,0.000,0.000,0,0,0.000,0,0,18.000,39.000,55.000,0,0,0,0,0,0,0,0,0,0,2,144,0,3,70,0
9.660000,90.00,0.000,0.000,0,0,0.000,0,0,18.000,39.000,55.000,0,0,0,0,0,0,0,0,0,0,2,144,0,3,70,0
9.665000,90.00,0.000,0.000,0,0,0.000,0,0,18.000,39.000,55.000,0,0,0,0,0,0,0,0,0,0,2,144,0,3,70,0
9.670000,90.00,0.000,0.000,0,0,0.000,0,0,18.000,39.000,55.000,0,0,0,0,0,0,0,0,0,0,2,144,0,3,70,0
9.675000,90.00,0.000,0.000,0,0,0.000,0,0,18.000,39.000,55.000,0,0,0,0,0,0,0,0,0,0,2,144,0,3,70,0
9.680000,90.00,0.000,0.000,0,0,0.000,0,0,18.000,39.000,55.000,0,0,0,0,0,0,0,0,0,0,2,144,0,3,70,0
9.685000,90.00,0.000,0.000,0,0,0.000,0,0,18.000,39.000,55.000,0,0,0,0,0,0,0,0,0,0,2,144,0,3,70,0
9.690000,90.00,0.000,0.000,0,0,0.000,0,0,18.000,39.000,55.000,0,0,0,0,0,0,0,0,0,0,2,144,0,3,70,0
9.695000,90.00,0.000,0.000,0,0,0.000,0,0,18.000,39.000,55.000,0,0,0,0,0,0,0,0,0,0,2,144,0,3,70,0
9.700000,90.00,0.000,0.000,0,0,0.000,0,0,18.000,39.000,55.000,0,0,0,0,0,0,0,0,0,0,2,144,0,3,70,0
9.705000,90.00,0.000,0.000,0,0,0.000,0,0,18.000,39.000,55.000,0,0,0,0,0,0,0,0,0,0,2,144,0,3,70,0
9.710000,90.00,0.000,0.000,0,0,0.000,0,0,18.000,39.000,55.000,0,0,0,0,0,0,0,0,0,0,2,144,0,3,70,0
9.715000,90.00,0.000,0.000,0,0,0.000,0,0,18.000,39.000,55.000,0,0,0,0,0,0,0,0,0,0,2,144,0,3,70,0
9.720000,90.00,0.000,0.000,0,0,0.000,0,0,18.000,39.000,55.000,0,0,0,0,0,0,0,0,0,0,2,144,0,3,70,0
9.725000,90.00,0.000,0.000,0,0,0.000,0,0,18.000,39.000,55.000,0,0,0,0,0,0,0,0,0,0,2,144,0,3,70,0
9.730000,90.00,0.000,0.000,0,0,0.000,0,0,18.000,39.000,55.000,0,0,0,0,0,0,0,0,0,0,2,144,0,3,70,0
9.735000,90.00,0.000,0.000,0,0,0.000,0,0,18.000,39.000,55.000,0,0,0,0,0,0,0,0,0,0,2,144,0,3,70,0
9.740000,90.00,0.000,0.000,0,0,0.000,0,0,18.000,39.000,55.000,0,0,0,0,0,0,0,0,0,0,2,144,0,3,70,0
9.745000,90.00,0.000,0.000,0,0,0.000,0,0,18.000,39.000,55.000,0,0,0,0,0,0,0,0,0,0,2,144,0,3,70,0
9.750000,90.00,0.000,0.000,0,0,0.000,0,0,18.000,39.000,55.000,0,0,0,0,0,0,0,0,0,0,2,144,0,3,70,0
9.755000,90.00,0.000,0.000,0,0,0.000,0,0,18.000,39.000,55.000,0,0,0,0,0,0,0,0,0,0,2,144,0,3,70,0
9.760000,90.00,0.000,0.000,0,0,0.000,0,0,18.000,39.000,55.000,0,0,0,0,0,0,0,0,0,0,2,144,0,3,70,0
9.765000,90.00,0.000,0.000,0,0,0.000,0,0,18.000,39.000,55.000,0,0,0,0,0,0,0,0,0,0,2,144,0,3,70,0
9.770000,90.00,0.000,0.000,0,0,0.000,0,0,18.000,39.000,55.000,0,0,0,0,0,0,0,0,0,0,2,144,0,3,70,0
9.775000,90.00,0.000,0.000,0,0,0.000,0,0,18.000,39.000,55.000,0,0,0,0,0,0,0,0,0,0,2,144,0,3,70,0
9.780000,90.00,0.000,0.000,0,0,0.000,0,0,18.000,39.000,55.000,0,0,0,0,0,0,0,0,0,0,2,144,0,3,70,0
9.785000,90.00,0.000,0.000,0,0,0.000,0,0,18.000,39.000,55.000,0,0,0,0,0,0,0,0,0,0,2,144,0,3,70,0
9.790000,90.00,0.000,0.000,0,0,0.000,0,0,18.000,39.000,55.000,0,0,0,0,0,0,0,0,0,0,2,144,0,3,70,0
9.795000,90.00,0.000,0.000,0,0,0.000,0,0,18.000,39.000,55.000,0,0,0,0,0,0,0,0,0,0,2,144,0,3,70,0
9.800000,90.00,0.000,0.000,0,0,0.000,0,0,18.000,39.000,55.000,0,0,0,0,0,0,0,0,0,0,2,144,0,3,70,0
9.805000,90.00,0.000,0.000,0,0,0.000,0,0,18.000,39.000,55.000,0,0,0,0,0,0,0,0,0,0,2,144,0,3,70,0
9.810000,90.00,0.000,0.000,0,0,0.000,0,0,18.000,39.000,55.000,0,0,0,0,0,0,0,0,0,0,2,144,0,3,70,0
9.815000,90.00,0.000,0.000,0,0,0.000,0,0,18.000,39.000,55.000,0,0,0,0,0,0,0,0,0,0,2,144,0,3,70,0
9.820000,90.00,0.000,0.000,0,0,0.000,0,0,18.000,39.000,55.000,0,0,0,0,0,0,0,0,0,0,2,144,0,3,70,0
9.825000,90.00,0.000,0.000,0,0,0.000,0,0,18.000,39.000,55.000,0,0,0,0,0,0,0,0,0,0,2,144,0,3,70,0
9.830000,90.00,0.000,0.000,0,0,0.000,0,0,18.000,39.000,55.000,0,0,0,0,0,0,0,0,0,0,2,144,0,3,70,0
9.835000,90.00,0.000,0.000,0,0,0.000,0,0,18.000,39.000,55.000,0,0,0,0,0,0,0,0,0,0,2,144,0,3,70,0
9.840000,90.00,0.000,0.000,0,0,0.000,0,0,18.000,39.000,55.000,0,0,0,0,0,0,0,0,0,0,2,144,0,3,70,0
9.845000,90.00,0.000,0.000,0,0,0.000,0,0,18.000,39.000,55.000,0,0,0,0,0,0,0,0,0,0,2,144,0,3,70,0
9.850000,90.00,0.000,0.000,0,0,0.000,0,0,18.000,39.000,55.000,0,0,0,0,0,0,0,0,0,0,2,144,0,3,70,0
9.855000,90.00,0.000,0.000,0,0,0.000,0,0,18.000,39.000,55.000,0,0,0,0,0,0,0,0,0,0,2,144,0,3,70,0
9.860000,90.00,0.000,0.000,0,0,0.000,0,0,18.000,39.000,55.000,0,0,0,0,0,0,0,0,0,0,2,144,0,3,70,0
9.865000,90.00,0.000,0.000,0,0,0.000,0,0,18.000,39.000,55.000,0,0,0,0,0,0,0,0,0,0,2,144,0,3,70,0
9.870000,90.00,0.000,0.000,0,0,0.000,0,0,18.000,39.000,55.000,0,0,0,0,0,0,0,0,0,0,2,144,0,3,70,0
9.875000,90.00,0.000,0.000,0,0,0.000,0,0,18.000,39.000,55.000,0,0,0,0,0,0,0,0,0,0,2,144,0,3,70,0
9.880000,90.00,0.000,0.000,0,0,0.000,0,0,18.000,39.000,55.000,0,0,0,0,0,0,0,0,0,0,2,144,0,3,70,0
9.885000,90.00,0.000,0.000,0,0,0.000,0,0,18.000,39.000,55.000,0,0,0,0,0,0,0,0,0,0,2,144,0,3,70,0
9.890000,90.00,0.000,0.000,0,0,0.000,0,0,18.000,39.000,55.000,0,0,0,0,0,0,0,0,0,0,2,144,0,3,70,0
9.895000,90.00,0.000,0.000,0,0,0.000,0,0,18.000,39.000,55.000,0,0,0,0,0,0,0,0,0,0,2,144,0,3,70,0
9.900000,90.00,0.000,0.000,0,0,0.000,0,0,18.000,39.000,55.000,0,0,0,0,0,0,0,0,0,0,2,144,0,3,70,0
9.905000,90.00,0.000,0.000,0,0,0.000,0,0,18.000,39.000,55.000,0,0,0,0,0,0,0,0,0,0,2,144,0,3,70,0
9.910000,90.00,0.000,0.000,0,0,0.000,0,0,18.000,39.000,55.000,0,0,0,0,0,0,0,0,0,0,2,144,0,3,70,0
9.915000,90.00,0.000,0.000,0,0,0.000,0,0,18.000,39.000,55.000,0,0,0,0,0,0,0,0,0,0,2,144,0,3,70,0
9.920000,90.00,0.000,0.000,0,0,0.000,0,0,18.000,39.000,55.000,0,0,0,0,0,0,0,0,0,0,2,144,0,3,70,0
9.925000,90.00,0.000,0.000,0,0,0.000,0,0,18.000,39.000,55.000,0,0,0,0,0,0,0,0,0,0,2,144,0,3,70,0
9.930000,90.00,0.000,0.000,0,0,0.000,0,0,18.000,39.000,55.000,0,0,0,0,0,0,0,0,0,0,2,144,0,3,70,0
9.935000,90.00,0.000,0.000,0,0,0.000,0,0,18.000,39.000,55.000,0,0,0,0,0,0,0,0,0,0,2,144,0,3,70,0
9.940000,90.00,0.000,0.000,0,0,0.000,0,0,18.000,39.000,55.000,0,0,0,0,0,0,0,0,0,0,2,144,0,3,70,0
9.945000,90.00,0.000,0.000,0,0,0.000,0,0,18.000,39.000,55.000,0,0,0,0,0,0,0,0,0,0,2,144,0,3,70,0
9.950000,90.00,0.000,0.000,0,0,0.000,0,0,18.000,39.000,55.000,0,0,0,0,0,0,0,0,0,0,2,144,0,3,70,0
9.955000,90.00,0.000,0.000,0,0,0.000,0,0,18.000,39.000,55.000,0,0,0,0,0,0,0,0,0,0,2,144,0,3,70,0
9.960000,90.00,0.000,0.000,0,0,0.000,0,0,18.000,39.000,55.000,0,0,0,0,0,0,0,0,0,0,2,144,0,3,70,0
9.965000,90.00,0.000,0.000,0,0,0.000,0,0,18.000,39.000,55.000,0,0,0,0,0,0,0,0,0,0,2,144,0,3,70,0
9.970000,90.00,0.000,0.000,0,0,0.000,0,0,18.000,39.000,55.000,0,0,0,0,0,0,0,0,0,0,2,144,0,3,70,0
9.975000,90.00,0.000,0.000,0,0,0.000,0,0,18.000,39.000,55.000,0,0,0,0,0,0,0,0,0,0,2,144,0,3,70,0
9.980000,90.00,0.000,0.000,0,0,0.000,0,0,18.000,39.000,55.000,0,0,0,0,0,0,0,0,0,0,2,144,0,3,70,0
9.985000,90.00,0.000,0.000,0,0,0.000,0,0,18.000,39.000,55.000,0,0,0,0,0,0,0,0,0,0,2,144,0,3,70,0
9.990000,90.00,0.000,0.000,0,0,0.000,0,0,18.000,39.000,55.000,0,0,0,0,0,0,0,0,0,0,2,144,0,3,70,0
9.995000,90.00,0.000,0.000,0,0,0.000,0,0,18.000,39.000,55.000,0,0,0,0,0,0,0,0,0,0,2,144,0,3,70,0
10.000000,90.00,0.000,0.000,0,0,0.000,0,0,18.000,39.000,55.000,0,0,0,0,0,0,0,0,0,0,2,144,0,3,70,0
