time_s,crank_angle_deg,torque_gen_nm,torque_load_kg,torque_fast_native,torque_run_native,cadence_gen_rpm,cadence_raw_rpm,cadence_control_rpm,speed_kph,battery_v,soc_pct,human_power_w,assist_basis_power_w,motor_power_w,support_pct,iq_mode_request,iq_before_profile_limit,iq_requested,iq_allowed,iq_pre_ramp,iq_ref,session,debug_flags,battery_limit,gate_steps,gate_load_ckg,pedalling
0.005000,0.00,0.000,0.000,0,0,0.000,0,0,18.000,39.000,55.000,0,0,0,0,0,0,0,0,0,0,0,144,0,3,70,0
0.010000,0.00,0.000,0.000,0,0,0.000,0,0,18.000,39.000,55.000,0,0,0,0,0,0,0,0,0,0,0,144,0,3,70,0
0.015000,0.00,0.000,0.000,0,0,0.000,0,0,18.000,39.000,55.000,0,0,0,0,0,0,0,0,0,0,0,144,0,3,70,0
0.020000,0.00,0.000,0.000,0,0,0.000,0,0,18.000,39.000,55.000,0,0,0,0,0,0,0,0,0,0,0,144,0,3,70,0
0.025000,0.00,0.000,0.000,0,0,0.000,0,0,18.000,39.000,55.000,0,0,0,0,0,0,0,0,0,0,0,144,0,3,70,0
0.030000,0.00,0.000,0.000,0,0,0.000,0,0,18.000,39.000,55.000,0,0,0,0,0,0,0,0,0,0,0,144,0,3,70,0
0.035000,0.00,0.000,0.000,0,0,0.000,0,0,18.000,39.000,55.000,0,0,0,0,0,0,0,0,0,0,0,144,0,3,70,0
0.040000,0.00,0.000,0.000,0,0,0.000,0,0,18.000,39.000,55.000,0,0,0,0,0,0,0,0,0,0,0,144,0,3,70,0
0.045000,0.00,0.000,0.000,0,0,0.000,0,0,18.000,39.000,55.000,0,0,0,0,0,0,0,0,0,0,0,144,0,3,70,0
0.050000,0.00,0.000,0.000,0,0,0.000,0,0,18.000,39.000,55.000,0,0,0,0,0,0,0,0,0,0,0,144,0,3,70,0
0.055000,0.00,0.000,0.000,0,0,0.000,0,0,18.000,39.000,55.000,0,0,0,0,0,0,0,0,0,0,0,144,0,3,70,0
0.060000,0.00,0.000,0.000,0,0,0.000,0,0,18.000,39.000,55.000,0,0,0,0,0,0,0,0,0,0,0,144,0,3,70,0
0.065000,0.00,0.000,0.000,0,0,0.000,0,0,18.000,39.000,55.000,0,0,0,0,0,0,0,0,0,0,0,144,0,3,70,0
0.070000,0.00,0.000,0.000,0,0,0.000,0,0,18.000,39.000,55.000,0,0,0,0,0,0,0,0,0,0,0,144,0,3,70,0
0.075000,0.00,0.000,0.000,0,0,0.000,0,0,18.000,39.000,55.000,0,0,0,0,0,0,0,0,0,0,0,144,0,3,70,0
0.080000,0.00,0.000,0.000,0,0,0.000,0,0,18.000,39.000,55.000,0,0,0,0,0,0,0,0,0,0,0,144,0,3,70,0
0.085000,0.00,0.000,0.000,0,0,0.000,0,0,18.000,39.000,55.000,0,0,0,0,0,0,0,0,0,0,0,144,0,3,70,0
0.090000,0.00,0.000,0.000,0,0,0.000,0,0,18.000,39.000,55.000,0,0,0,0,0,0,0,0,0,0,0,144,0,3,70,0
0.095000,0.00,0.000,0.000,0,0,0.000,0,0,18.000,39.000,55.000,0,0,0,0,0,0,0,0,0,0,0,144,0,3,70,0
0.100000,0.00,0.000,0.000,0,0,0.000,0,0,18.000,39.000,55.000,0,0,0,0,0,0,0,0,0,0,0,144,0,3,70,0
0.105000,0.00,0.000,0.000,0,0,0.000,0,0,18.000,39.000,55.000,0,0,0,0,0,0,0,0,0,0,0,144,0,3,70,0
0.110000,0.00,0.000,0.000,0,0,0.000,0,0,18.000,39.000,55.000,0,0,0,0,0,0,0,0,0,0,0,144,0,3,70,0
0.115000,0.00,0.000,0.000,0,0,0.000,0,0,18.000,39.000,55.000,0,0,0,0,0,0,0,0,0,0,0,144,0,3,70,0
0.120000,0.00,0.000,0.000,0,0,0.000,0,0,18.000,39.000,55.000,0,0,0,0,0,0,0,0,0,0,0,144,0,3,70,0
0.125000,0.00,0.000,0.000,0,0,0.000,0,0,18.000,39.000,55.000,0,0,0,0,0,0,0,0,0,0,0,144,0,3,70,0
0.130000,0.00,0.000,0.000,0,0,0.000,0,0,18.000,39.000,55.000,0,0,0,0,0,0,0,0,0,0,0,144,0,3,70,0
0.135000,0.00,0.000,0.000,0,0,0.000,0,0,18.000,39.000,55.000,0,0,0,0,0,0,0,0,0,0,0,144,0,3,70,0
0.140000,0.00,0.000,0.000,0,0,0.000,0,0,18.000,39.000,55.000,0,0,0,0,0,0,0,0,0,0,0,144,0,3,70,0
0.145000,0.00,0.000,0.000,0,0,0.000,0,0,18.000,39.000,55.000,0,0,0,0,0,0,0,0,0,0,0,144,0,3,70,0
0.150000,0.00,0.000,0.000,0,0,0.000,0,0,18.000,39.000,55.000,0,0,0,0,0,0,0,0,0,0,0,144,0,3,70,0
0.155000,0.00,0.000,0.000,0,0,0.000,0,0,18.000,39.000,55.000,0,0,0,0,0,0,0,0,0,0,0,144,0,3,70,0
0.160000,0.00,0.000,0.000,0,0,0.000,0,0,18.000,39.000,55.000,0,0,0,0,0,0,0,0,0,0,0,144,0,3,70,0
0.165000,0.00,0.000,0.000,0,0,0.000,0,0,18.000,39.000,55.000,0,0,0,0,0,0,0,0,0,0,0,144,0,3,70,0
0.170000,0.00,0.000,0.000,0,0,0.000,0,0,18.000,39.000,55.000,0,0,0,0,0,0,0,0,0,0,0,144,0,3,70,0
0.175000,0.00,0.000,0.000,0,0,0.000,0,0,18.000,39.000,55.000,0,0,0,0,0,0,0,0,0,0,0,144,0,3,70,0
0.180000,0.00,0.000,0.000,0,0,0.000,0,0,18.000,39.000,55.000,0,0,0,0,0,0,0,0,0,0,0,144,0,3,70,0
0.185000,0.00,0.000,0.000,0,0,0.000,0,0,18.000,39.000,55.000,0,0,0,0,0,0,0,0,0,0,0,144,0,3,70,0
0.190000,0.00,0.000,0.000,0,0,0.000,0,0,18.000,39.000,55.000,0,0,0,0,0,0,0,0,0,0,0,144,0,3,70,0
0.195000,0.00,0.000,0.000,0,0,0.000,0,0,18.000,39.000,55.000,0,0,0,0,0,0,0,0,0,0,0,144,0,3,70,0
0.200000,0.00,0.000,0.000,0,0,0.000,0,0,18.000,39.000,55.000,0,0,0,0,0,0,0,0,0,0,0,144,0,3,70,0
0.205000,0.00,0.000,0.000,0,0,0.000,0,0,18.000,39.000,55.000,0,0,0,0,0,0,0,0,0,0,0,144,0,3,70,0
0.210000,0.00,0.000,0.000,0,0,0.000,0,0,18.000,39.000,55.000,0,0,0,0,0,0,0,0,0,0,0,144,0,3,70,0
0.215000,0.00,0.000,0.000,0,0,0.000,0,0,18.000,39.000,55.000,0,0,0,0,0,0,0,0,0,0,0,144,0,3,70,0
0.220000,0.00,0.000,0.000,0,0,0.000,0,0,18.000,39.000,55.000,0,0,0,0,0,0,0,0,0,0,0,144,0,3,70,0
0.225000,0.00,0.000,0.000,0,0,0.000,0,0,18.000,39.000,55.000,0,0,0,0,0,0,0,0,0,0,0,144,0,3,70,0
0.230000,0.00,0.000,0.000,0,0,0.000,0,0,18.000,39.000,55.000,0,0,0,0,0,0,0,0,0,0,0,144,0,3,70,0
0.235000,0.00,0.000,0.000,0,0,0.000,0,0,18.000,39.000,55.000,0,0,0,0,0,0,0,0,0,0,0,144,0,3,70,0
0.240000,0.00,0.000,0.000,0,0,0.000,0,0,18.000,39.000,55.000,0,0,0,0,0,0,0,0,0,0,0,144,0,3,70,0
0.245000,0.00,0.000,0.000,0,0,0.000,0,0,18.000,39.000,55.000,0,0,0,0,0,0,0,0,0,0,0,144,0,3,70,0
0.250000,0.00,0.000,0.000,0,0,0.000,0,0,18.000,39.000,55.000,0,0,0,0,0,0,0,0,0,0,0,144,0,3,70,0
0.255000,0.00,0.000,0.000,0,0,0.000,0,0,18.000,39.000,55.000,0,0,0,0,0,0,0,0,0,0,0,144,0,3,70,0
0.260000,0.00,0.000,0.000,0,0,0.000,0,0,18.000,39.000,55.000,0,0,0,0,0,0,0,0,0,0,0,144,0,3,70,0
0.265000,0.00,0.000,0.000,0,0,0.000,0,0,18.000,39.000,55.000,0,0,0,0,0,0,0,0,0,0,0,144,0,3,70,0
0.270000,0.00,0.000,0.000,0,0,0.000,0,0,18.000,39.000,55.000,0,0,0,0,0,0,0,0,0,0,0,144,0,3,70,0
0.275000,0.00,0.000,0.000,0,0,0.000,0,0,18.000,39.000,55.000,0,0,0,0,0,0,0,0,0,0,0,144,0,3,70,0
0.280000,0.00,0.000,0.000,0,0,0.000,0,0,18.000,39.000,55.000,0,0,0,0,0,0,0,0,0,0,0,144,0,3,70,0
0.285000,0.00,0.000,0.000,0,0,0.000,0,0,18.000,39.000,55.000,0,0,0,0,0,0,0,0,0,0,0,144,0,3,70,0
0.290000,0.00,0.000,0.000,0,0,0.000,0,0,18.000,39.000,55.000,0,0,0,0,0,0,0,0,0,0,0,144,0,3,70,0
0.295000,0.00,0.000,0.000,0,0,0.000,0,0,18.000,39.000,55.000,0,0,0,0,0,0,0,0,0,0,0,144,0,3,70,0
0.300000,0.00,0.000,0.000,0,0,0.000,0,0,18.000,39.000,55.000,0,0,0,0,0,0,0,0,0,0,0,144,0,3,70,0
0.305000,0.00,0.000,0.000,0,0,0.000,0,0,18.000,39.000,55.000,0,0,0,0,0,0,0,0,0,0,0,144,0,3,70,0
0.310000,0.00,0.000,0.000,0,0,0.000,0,0,18.000,39.000,55.000,0,0,0,0,0,0,0,0,0,0,0,144,0,3,70,0
0.315000,0.00,0.000,0.000,0,0,0.000,0,0,18.000,39.000,55.000,0,0,0,0,0,0,0,0,0,0,0,144,0,3,70,0
0.320000,0.00,0.000,0.000,0,0,0.000,0,0,18.000,39.000,55.000,0,0,0,0,0,0,0,0,0,0,0,144,0,3,70,0
0.325000,0.00,0.000,0.000,0,0,0.000,0,0,18.000,39.000,55.000,0,0,0,0,0,0,0,0,0,0,0,144,0,3,70,0
0.330000,0.00,0.000,0.000,0,0,0.000,0,0,18.000,39.000,55.000,0,0,0,0,0,0,0,0,0,0,0,144,0,3,70,0
0.335000,0.00,0.000,0.000,0,0,0.000,0,0,18.000,39.000,55.000,0,0,0,0,0,0,0,0,0,0,0,144,0,3,70,0
0.340000,0.00,0.000,0.000,0,0,0.000,0,0,18.000,39.000,55.000,0,0,0,0,0,0,0,0,0,0,0,144,0,3,70,0
0.345000,0.00,0.000,0.000,0,0,0.000,0,0,18.000,39.000,55.000,0,0,0,0,0,0,0,0,0,0,0,144,0,3,70,0
0.350000,0.00,0.000,0.000,0,0,0.000,0,0,18.000,39.000,55.000,0,0,0,0,0,0,0,0,0,0,0,144,0,3,70,0
0.355000,0.00,0.000,0.000,0,0,0.000,0,0,18.000,39.000,55.000,0,0,0,0,0,0,0,0,0,0,0,144,0,3,70,0
0.360000,0.00,0.000,0.000,0,0,0.000,0,0,18.000,39.000,55.000,0,0,0,0,0,0,0,0,0,0,0,144,0,3,70,0
0.365000,0.00,0.000,0.000,0,0,0.000,0,0,18.000,39.000,55.000,0,0,0,0,0,0,0,0,0,0,0,144,0,3,70,0
0.370000,0.00,0.000,0.000,0,0,0.000,0,0,18.000,39.000,55.000,0,0,0,0,0,0,0,0,0,0,0,144,0,3,70,0
0.375000,0.00,0.000,0.000,0,0,0.000,0,0,18.000,39.000,55.000,0,0,0,0,0,0,0,0,0,0,0,144,0,3,70,0
0.380000,0.00,0.000,0.000,0,0,0.000,0,0,18.000,39.000,55.000,0,0,0,0,0,0,0,0,0,0,0,144,0,3,70,0
0.385000,0.00,0.000,0.000,0,0,0.000,0,0,18.000,39.000,55.000,0,0,0,0,0,0,0,0,0,0,0,144,0,3,70,0
0.390000,0.00,0.000,0.000,0,0,0.000,0,0,18.000,39.000,55.000,0,0,0,0,0,0,0,0,0,0,0,144,0,3,70,0
0.395000,0.00,0.000,0.000,0,0,0.000,0,0,18.000,39.000,55.000,0,0,0,0,0,0,0,0,0,0,0,144,0,3,70,0
0.400000,0.00,0.000,0.000,0,0,0.000,0,0,18.000,39.000,55.000,0,0,0,0,0,0,0,0,0,0,0,144,0,3,70,0
0.405000,0.00,0.000,0.000,0,0,0.000,0,0,18.000,39.000,55.000,0,0,0,0,0,0,0,0,0,0,0,144,0,3,70,0
0.410000,0.00,0.000,0.000,0,0,0.000,0,0,18.000,39.000,55.000,0,0,0,0,0,0,0,0,0,0,0,144,0,3,70,0
0.415000,0.00,0.000,0.000,0,0,0.000,0,0,18.000,39.000,55.000,0,0,0,0,0,0,0,0,0,0,0,144,0,3,70,0
0.420000,0.00,0.000,0.000,0,0,0.000,0,0,18.000,39.000,55.000,0,0,0,0,0,0,0,0,0,0,0,144,0,3,70,0
0.425000,0.00,0.000,0.000,0,0,0.000,0,0,18.000,39.000,55.000,0,0,0,0,0,0,0,0,0,0,0,144,0,3,70,0
0.430000,0.00,0.000,0.000,0,0,0.000,0,0,18.000,39.000,55.000,0,0,0,0,0,0,0,0,0,0,0,144,0,3,70,0
0.435000,0.00,0.000,0.000,0,0,0.000,0,0,18.000,39.000,55.000,0,0,0,0,0,0,0,0,0,0,0,144,0,3,70,0
0.440000,0.00,0.000,0.000,0,0,0.000,0,0,18.000,39.000,55.000,0,0,0,0,0,0,0,0,0,0,0,144,0,3,70,0
0.445000,0.00,0.000,0.000,0,0,0.000,0,0,18.000,39.000,55.000,0,0,0,0,0,0,0,0,0,0,0,144,0,3,70,0
0.450000,0.00,0.000,0.000,0,0,0.000,0,0,18.000,39.000,55.000,0,0,0,0,0,0,0,0,0,0,0,144,0,3,70,0
0.455000,0.00,0.000,0.000,0,0,0.000,0,0,18.000,39.000,55.000,0,0,0,0,0,0,0,0,0,0,0,144,0,3,70,0
0.460000,0.00,0.000,0.000,0,0,0.000,0,0,18.000,39.000,55.000,0,0,0,0,0,0,0,0,0,0,0,144,0,3,70,0
0.465000,0.00,0.000,0.000,0,0,0.000,0,0,18.000,39.000,55.000,0,0,0,0,0,0,0,0,0,0,0,144,0,3,70,0
0.470000,0.00,0.000,0.000,0,0,0.000,0,0,18.000,39.000,55.000,0,0,0,0,0,0,0,0,0,0,0,144,0,3,70,0
0.475000,0.00,0.000,0.000,0,0,0.000,0,0,18.000,39.000,55.000,0,0,0,0,0,0,0,0,0,0,0,144,0,3,70,0
0.480000,0.00,0.000,0.000,0,0,0.000,0,0,18.000,39.000,55.000,0,0,0,0,0,0,0,0,0,0,0,144,0,3,70,0
0.485000,0.00,0.000,0.000,0,0,0.000,0,0,18.000,39.000,55.000,0,0,0,0,0,0,0,0,0,0,0,144,0,3,70,0
0.490000,0.00,0.000,0.000,0,0,0.000,0,0,18.000,39.000,55.000,0,0,0,0,0,0,0,0,0,0,0,144,0,3,70,0
0.495000,0.00,0.000,0.000,0,0,0.000,0,0,18.000,39.000,55.000,0,0,0,0,0,0,0,0,0,0,0,144,0,3,70,0
0.500000,0.18,28.086,16.820,2,0,120.000,0,0,18.000,39.000,55.000,0,0,0,0,0,0,0,0,0,0,0,16,0,3,70,1
0.505000,3.78,29.805,17.860,48,1,120.000,0,0,18.000,39.000,55.000,0,0,0,0,0,0,0,0,0,0,0,16,0,3,70,1
0.510000,7.38,31.498,18.890,90,4,120.000,0,0,18.000,39.000,55.000,0,0,0,0,0,0,0,0,0,0,0,16,0,3,70,1
0.515000,10.98,33.139,19.870,129,8,120.000,0,0,18.000,39.000,55.000,0,0,0,160,5,5,0,0,0,0,0,16,0,3,30,1
0.520000,14.58,34.703,20.790,166,134,120.000,0,0,18.000,39.000,55.000,0,0,0,160,96,96,96,96,96,16,1,0,0,3,30,1
0.525000,18.18,36.169,21.720,199,136,120.000,0,0,18.000,39.000,55.000,0,0,0,160,98,98,98,98,98,33,1,0,0,3,30,1
0.530000,21.78,37.514,22.480,230,139,120.000,119,119,18.000,39.000,55.000,453,115,184,160,50,50,50,50,50,50,1,0,0,3,30,1
0.535000,25.38,38.719,23.240,259,143,120.000,119,119,18.000,39.000,55.000,468,118,189,160,51,51,51,51,51,51,1,0,0,3,30,1
0.540000,28.98,39.766,23.840,286,148,120.000,119,119,18.000,39.000,55.000,480,123,197,160,53,53,53,53,53,53,1,0,0,3,30,1
0.545000,32.58,40.640,24.380,310,155,120.000,119,119,18.000,39.000,55.000,491,130,209,160,56,56,56,56,56,56,1,0,0,3,30,1
0.550000,36.18,41.330,24.770,333,161,120.000,120,119,18.000,39.000,55.000,499,137,219,160,59,59,59,59,59,59,1,0,0,3,30,1
0.555000,39.78,41.825,25.090,353,169,120.000,120,119,18.000,39.000,55.000,505,146,233,160,63,63,63,63,63,63,1,0,0,3,30,1
0.560000,43.38,42.118,25.260,371,177,120.000,120,119,18.000,39.000,55.000,509,155,248,160,67,67,67,67,67,67,1,0,0,3,30,1
0.565000,46.98,42.208,25.310,387,185,120.000,120,119,18.000,39.000,55.000,510,163,261,160,71,71,71,71,71,71,1,0,0,3,30,1
0.570000,50.58,42.092,25.260,401,193,120.000,120,119,18.000,39.000,55.000,509,172,276,160,75,75,75,75,75,75,1,0,0,3,30,1
0.575000,54.18,41.775,25.040,412,202,120.000,120,119,18.000,39.000,55.000,504,182,291,160,79,79,79,79,79,79,1,0,0,3,30,1
0.580000,57.78,41.262,24.770,422,211,120.000,120,119,18.000,39.000,55.000,499,192,307,160,83,83,83,83,83,83,1,0,0,3,30,1
0.585000,61.38,40.562,24.330,429,220,120.000,120,119,18.000,39.000,55.000,490,202,323,160,88,88,88,88,88,88,1,0,0,3,30,1
0.590000,64.98,39.688,23.790,434,228,120.000,119,119,18.000,39.000,55.000,479,210,337,160,91,91,91,91,91,91,1,0,0,3,30,1
0.595000,68.58,38.653,23.190,437,237,120.000,119,119,18.000,39.000,55.000,467,220,353,160,96,96,96,96,96,96,1,0,0,3,30,1
0.600000,72.18,37.474,22.480,438,245,120.000,119,119,18.000,39.000,55.000,453,229,367,160,99,99,99,99,99,99,1,0,0,3,30,1
0.605000,75.78,36.172,21.720,437,253,120.000,119,119,18.000,39.000,55.000,437,238,381,160,103,103,103,103,103,103,1,0,0,3,30,1
0.610000,79.38,34.766,20.850,435,260,120.000,120,119,18.000,39.000,55.000,420,245,393,160,107,107,107,107,107,107,1,0,0,3,30,1
0.615000,82.98,33.280,19.980,430,267,120.000,120,119,18.000,39.000,55.000,402,253,405,160,110,110,110,110,110,110,1,0,0,3,30,1
0.620000,86.58,31.737,19.050,424,274,120.000,120,119,18.000,39.000,55.000,384,261,418,160,113,113,113,113,113,113,1,0,0,3,30,1
0.625000,90.18,30.161,18.080,416,280,120.000,120,119,18.000,39.000,55.000,364,267,428,160,116,116,116,116,116,116,1,0,0,3,30,1
0.630000,93.78,28.577,17.150,407,285,120.000,120,119,18.000,39.000,55.000,345,273,437,160,119,119,119,119,119,119,1,0,0,3,30,1
0.635000,97.38,27.011,16.230,397,290,120.000,120,119,18.000,39.000,55.000,327,278,446,160,121,121,121,121,121,121,1,0,0,3,30,1
0.640000,100.98,25.487,15.300,386,294,120.000,120,119,18.000,39.000,55.000,308,283,453,160,123,123,123,123,123,123,1,0,0,3,30,1
0.645000,104.58,24.029,14.430,374,297,120.000,120,119,18.000,39.000,55.000,290,286,458,160,124,124,124,124,124,124,1,0,0,3,30,1
0.650000,108.18,22.658,13.620,362,300,120.000,120,119,18.000,39.000,55.000,274,289,463,160,126,126,126,126,126,126,1,0,0,3,30,1
0.655000,111.78,21.397,12.850,350,302,120.000,119,119,18.000,39.000,55.000,259,292,467,160,127,127,127,127,127,127,1,0,0,3,30,1
0.660000,115.38,20.265,12.150,337,304,120.000,119,119,18.000,39.000,55.000,244,294,470,160,128,128,128,128,128,128,1,0,0,3,30,1
0.665000,118.98,19.279,11.550,325,305,120.000,119,119,18.000,39.000,55.000,232,295,472,160,128,128,128,128,128,128,1,0,0,3,30,1
0.670000,122.58,18.453,11.060,312,306,120.000,119,119,18.000,39.000,55.000,222,296,474,160,129,129,129,129,129,129,1,0,0,3,30,1
0.675000,126.18,17.801,10.680,301,306,120.000,120,119,18.000,39.000,55.000,215,296,474,160,129,129,129,129,129,129,1,0,0,3,30,1
0.680000,129.78,17.330,10.410,290,305,120.000,120,119,18.000,39.000,55.000,209,295,472,160,128,128,128,128,128,128,1,0,0,3,30,1
0.685000,133.38,17.048,10.240,280,305,120.000,120,119,18.000,39.000,55.000,206,295,472,160,128,128,128,128,128,128,1,0,0,3,30,1
0.690000,136.98,16.958,10.190,271,305,120.000,120,119,18.000,39.000,55.000,205,295,472,160,128,128,128,128,128,128,1,0,0,3,30,1
0.695000,140.58,17.061,10.240,263,304,120.000,120,119,18.000,39.000,55.000,206,294,470,160,128,128,128,128,128,128,1,0,0,3,30,1
0.700000,144.18,17.352,10.410,257,303,120.000,120,119,18.000,39.000,55.000,209,293,468,160,127,127,127,127,127,127,1,0,0,3,30,1
0.705000,147.78,17.827,10.680,252,302,120.000,120,119,18.000,39.000,55.000,215,292,467,160,127,127,127,127,127,127,1,0,0,3,30,1
0.710000,151.38,18.477,11.060,249,301,120.000,120,119,18.000,39.000,55.000,222,290,465,160,126,126,126,126,126,126,1,0,0,3,30,1
0.715000,154.98,19.290,11.550,247,300,120.000,119,119,18.000,39.000,55.000,232,289,463,160,126,126,126,126,126,126,1,0,0,3,30,1
0.720000,158.58,20.251,12.150,246,299,120.000,119,119,18.000,39.000,55.000,244,288,461,160,125,125,125,125,125,125,1,0,0,3,30,1
0.725000,162.18,21.344,12.800,248,298,120.000,119,119,18.000,39.000,55.000,258,287,460,160,125,125,125,125,125,125,1,0,0,3,30,1
0.730000,165.78,22.550,13.510,250,297,120.000,119,119,18.000,39.000,55.000,272,286,458,160,124,124,124,124,124,124,1,0,0,3,30,1
0.735000,169.38,23.848,14.320,254,296,120.000,120,119,18.000,39.000,55.000,288,285,456,160,124,124,124,124,124,124,1,0,0,3,30,1
0.740000,172.98,25.217,15.140,260,295,120.000,120,119,18.000,39.000,55.000,305,284,454,160,123,123,123,123,123,123,1,0,0,3,30,1
0.745000,176.58,26.633,15.950,267,295,120.000,120,119,18.000,39.000,55.000,321,284,454,160,123,123,123,123,123,123,1,0,0,3,30,1
0.750000,180.18,28.072,16.820,275,294,120.000,120,119,18.000,39.000,55.000,339,283,453,160,123,123,123,123,123,123,1,0,0,3,30,1
0.755000,183.78,29.510,17.690,284,294,120.000,120,120,18.000,39.000,55.000,359,285,456,160,123,123,123,123,123,123,1,0,0,3,30,1
0.760000,187.38,30.922,18.560,294,294,120.000,120,120,18.000,39.000,55.000,377,285,456,160,123,123,123,123,123,123,1,0,0,3,30,1
0.765000,190.98,32.285,19.380,305,294,120.000,120,120,18.000,39.000,55.000,393,285,456,160,123,123,123,123,123,123,1,0,0,3,30,1
0.770000,194.58,33.575,20.140,316,295,120.000,120,120,18.000,39.000,55.000,409,286,458,160,123,123,123,123,123,123,1,0,0,3,30,1
0.775000,198.18,34.771,20.850,328,296,120.000,120,120,18.000,39.000,55.000,423,287,460,160,124,124,124,124,124,124,1,0,0,3,30,1
0.780000,201.78,35.852,21.500,339,298,120.000,119,119,18.000,39.000,55.000,433,287,460,160,125,125,125,125,125,125,1,0,0,3,30,1
0.785000,205.38,36.799,22.050,351,300,120.000,119,119,18.000,39.000,55.000,444,289,463,160,126,126,126,126,126,126,1,0,0,3,30,1
0.790000,208.98,37.595,22.540,362,302,120.000,119,119,18.000,39.000,55.000,454,292,467,160,127,127,127,127,127,127,1,0,0,3,30,1
0.795000,212.58,38.228,22.920,373,305,120.000,119,119,18.000,39.000,55.000,462,295,472,160,128,128,128,128,128,128,1,0,0,3,30,1
0.800000,216.18,38.685,23.190,384,308,120.000,120,120,18.000,39.000,55.000,471,301,481,160,130,130,130,130,130,130,1,0,0,3,30,1
0.805000,219.78,38.958,23.350,393,311,120.000,120,120,18.000,39.000,55.000,474,304,486,160,131,131,131,131,131,131,1,0,0,3,30,1
0.810000,223.38,39.041,23.410,401,314,120.000,120,120,18.000,39.000,55.000,475,307,492,160,132,132,132,132,132,132,1,0,0,3,30,1
0.815000,226.98,38.932,23.350,409,318,120.000,120,120,18.000,39.000,55.000,474,312,499,160,134,134,134,134,134,134,1,0,0,3,30,1
0.820000,230.58,38.631,23.190,415,322,120.000,120,120,18.000,39.000,55.000,471,316,506,160,136,136,136,136,136,136,1,0,0,3,30,1
0.825000,234.18,38.142,22.860,419,326,120.000,120,120,18.000,39.000,55.000,464,320,513,160,138,138,138,138,138,138,1,0,0,3,30,1
0.830000,237.78,37.472,22.480,422,329,120.000,120,120,18.000,39.000,55.000,456,324,518,160,140,140,140,140,140,140,1,0,0,3,30,1
0.835000,241.38,36.630,21.990,424,333,120.000,120,120,18.000,39.000,55.000,447,328,525,160,141,141,141,141,141,141,1,0,0,3,30,1
0.840000,244.98,35.628,21.390,424,337,120.000,119,119,18.000,39.000,55.000,431,330,528,160,143,143,143,143,143,143,1,0,0,3,30,1
0.845000,248.58,34.482,20.690,422,340,120.000,119,119,18.000,39.000,55.000,417,333,533,160,145,145,145,145,145,145,1,0,0,3,30,1
0.850000,252.18,33.209,19.920,419,344,120.000,119,119,18.000,39.000,55.000,401,338,540,160,147,147,147,147,147,147,1,0,0,3,30,1
0.855000,255.78,31.829,19.110,414,347,120.000,119,119,18.000,39.000,55.000,385,341,546,160,148,148,148,148,148,148,1,0,0,3,30,1
0.860000,259.38,30.363,18.180,408,349,120.000,120,120,18.000,39.000,55.000,369,346,554,160,149,149,149,149,149,149,1,0,0,3,30,1
0.865000,262.98,28.834,17.310,401,351,120.000,120,120,18.000,39.000,55.000,351,348,557,160,150,150,150,150,150,150,1,0,0,3,30,1
0.870000,266.58,27.265,16.330,392,353,120.000,120,120,18.000,39.000,55.000,331,350,561,160,151,151,151,151,151,151,1,0,0,3,30,1
0.875000,270.18,25.681,15.410,382,355,120.000,120,120,18.000,39.000,55.000,313,353,564,160,152,152,152,152,152,152,1,0,0,3,30,1
0.880000,273.78,24.107,14.490,371,355,120.000,120,120,18.000,39.000,55.000,294,353,564,160,152,152,152,152,152,152,1,0,0,3,30,1
0.885000,277.38,22.568,13.560,359,356,120.000,120,120,18.000,39.000,55.000,275,354,566,160,152,152,152,152,152,152,1,0,0,3,30,1
0.890000,280.98,21.089,12.640,347,356,120.000,120,120,18.000,39.000,55.000,256,354,566,160,152,152,152,152,152,152,1,0,0,3,30,1
0.895000,284.58,19.693,11.820,334,355,120.000,120,120,18.000,39.000,55.000,240,353,564,160,152,152,152,152,152,152,1,0,0,3,30,1
0.900000,288.18,18.402,11.060,321,355,120.000,120,120,18.000,39.000,55.000,224,353,564,160,152,152,152,152,152,152,1,0,0,3,30,1
0.905000,291.78,17.237,10.350,307,354,120.000,119,119,18.000,39.000,55.000,208,348,558,160,151,151,151,151,151,151,1,0,0,3,30,1
0.910000,295.38,16.217,9.750,294,353,120.000,119,119,18.000,39.000,55.000,196,347,556,160,151,151,151,151,151,151,1,0,0,3,30,1
0.915000,298.98,15.360,9.210,282,352,120.000,119,119,18.000,39.000,55.000,185,346,555,160,151,151,151,151,151,151,1,0,0,3,30,1
0.920000,302.58,14.678,8.770,270,350,120.000,119,119,18.000,39.000,55.000,176,344,551,160,150,150,150,150,150,150,1,0,0,3,30,1
0.925000,306.18,14.184,8.500,258,349,120.000,120,120,18.000,39.000,55.000,172,346,554,160,149,149,149,149,149,149,1,0,0,3,30,1
0.930000,309.78,13.887,8.340,248,347,120.000,120,120,18.000,39.000,55.000,169,344,550,160,148,148,148,148,148,148,1,0,0,3,30,1
0.935000,313.38,13.792,8.280,239,345,120.000,120,120,18.000,39.000,55.000,168,341,547,160,147,147,147,147,147,147,1,0,0,3,30,1
0.940000,316.98,13.902,8.340,231,343,120.000,120,120,18.000,39.000,55.000,169,339,543,160,146,146,146,146,146,146,1,0,0,3,30,1
0.945000,320.58,14.216,8.560,224,340,120.000,120,120,18.000,39.000,55.000,174,336,538,160,145,145,145,145,145,145,1,0,0,3,30,1
0.950000,324.18,14.730,8.830,219,338,120.000,120,120,18.000,39.000,55.000,179,334,534,160,144,144,144,144,144,144,1,0,0,3,30,1
0.955000,327.78,15.439,9.260,215,336,120.000,120,120,18.000,39.000,55.000,188,331,531,160,143,143,143,143,143,143,1,0,0,3,30,1
0.960000,331.38,16.331,9.810,213,333,120.000,120,120,18.000,39.000,55.000,199,328,525,160,141,141,141,141,141,141,1,0,0,3,30,1
0.965000,334.98,17.395,10.410,213,331,120.000,119,119,18.000,39.000,55.000,209,323,517,160,140,140,140,140,140,140,1,0,0,3,30,1
0.970000,338.58,18.615,11.170,215,329,120.000,119,119,18.000,39.000,55.000,225,321,514,160,140,140,140,140,140,140,1,0,0,3,30,1
0.975000,342.18,19.973,11.980,218,327,120.000,119,119,18.000,39.000,55.000,241,319,511,160,139,139,139,139,139,139,1,0,0,3,30,1
0.980000,345.78,21.449,12.850,223,325,120.000,119,119,18.000,39.000,55.000,259,317,507,160,138,138,138,138,138,138,1,0,0,3,30,1
0.985000,349.38,23.023,13.830,229,323,120.000,120,120,18.000,39.000,55.000,281,317,508,160,137,137,137,137,137,137,1,0,0,3,30,1
0.990000,352.98,24.669,14.810,237,321,120.000,120,120,18.000,39.000,55.000,301,315,504,160,136,136,136,136,136,136,1,0,0,3,30,1
0.995000,356.58,26.366,15.850,247,319,120.000,120,120,18.000,39.000,55.000,322,313,501,160,135,135,135,135,135,135,1,0,0,3,30,1
1.000000,0.18,28.086,16.820,257,318,120.000,120,120,18.000,39.000,55.000,341,312,499,160,134,134,134,134,134,134,1,0,0,3,30,1
1.005000,3.78,29.805,17.860,269,317,120.000,120,120,18.000,39.000,55.000,363,311,497,160,134,134,134,134,134,134,1,0,0,3,30,1
1.010000,7.38,31.498,18.890,282,316,120.000,120,120,18.000,39.000,55.000,383,310,496,160,133,133,133,133,133,133,1,0,0,3,30,1
1.015000,10.98,33.139,19.870,295,316,120.000,120,120,18.000,39.000,55.000,403,310,496,160,133,133,133,133,133,133,1,0,0,3,30,1
1.020000,14.58,34.703,20.790,309,316,120.000,120,120,18.000,39.000,55.000,422,310,496,160,133,133,133,133,133,133,1,0,0,3,30,1
1.025000,18.18,36.169,21.720,324,316,120.000,120,120,18.000,39.000,55.000,441,310,496,160,133,133,133,133,133,133,1,0,0,3,30,1
1.030000,21.78,37.514,22.480,338,316,120.000,119,119,18.000,39.000,55.000,453,307,491,160,133,133,133,133,133,133,1,0,0,3,30,1
1.035000,25.38,38.719,23.240,353,317,120.000,119,119,18.000,39.000,55.000,468,308,493,160,134,134,134,134,134,134,1,0,0,3,30,1
1.040000,28.98,39.766,23.840,367,319,120.000,119,119,18.000,39.000,55.000,480,310,497,160,135,135,135,135,135,135,1,0,0,3,30,1
1.045000,32.58,40.640,24.380,380,321,120.000,119,119,18.000,39.000,55.000,491,312,500,160,136,136,136,136,136,136,1,0,0,3,30,1
1.050000,36.18,41.330,24.770,393,324,120.000,120,120,18.000,39.000,55.000,503,318,509,160,137,137,137,137,137,137,1,0,0,3,30,1
1.055000,39.78,41.825,25.090,406,327,120.000,120,120,18.000,39.000,55.000,510,322,515,160,139,139,139,139,139,139,1,0,0,3,30,1
1.060000,43.38,42.118,25.260,417,330,120.000,120,120,18.000,39.000,55.000,513,325,520,160,140,140,140,140,140,140,1,0,0,3,30,1
1.065000,46.98,42.208,25.310,427,334,120.000,120,120,18.000,39.000,55.000,514,329,527,160,142,142,142,142,142,142,1,0,0,3,30,1
1.070000,50.58,42.092,25.260,435,338,120.000,120,120,18.000,39.000,55.000,513,334,534,160,144,144,144,144,144,144,1,0,0,3,30,1
1.075000,54.18,41.775,25.040,442,342,120.000,120,120,18.000,39.000,55.000,509,338,541,160,146,146,146,146,146,146,1,0,0,3,30,1
1.080000,57.78,41.262,24.770,448,346,120.000,120,120,18.000,39.000,55.000,503,343,549,160,148,148,148,148,148,148,1,0,0,3,30,1
1.085000,61.38,40.562,24.330,451,350,120.000,120,120,18.000,39.000,55.000,494,347,556,160,150,150,150,150,150,150,1,0,0,3,30,1
1.090000,64.98,39.688,23.790,454,355,120.000,119,119,18.000,39.000,55.000,479,350,560,160,152,152,152,152,152,152,1,0,0,3,30,1
1.095000,68.58,38.653,23.190,454,359,120.000,119,119,18.000,39.000,55.000,467,354,567,160,154,154,154,154,154,154,1,0,0,3,30,1
1.100000,72.18,37.474,22.480,453,362,120.000,119,119,18.000,39.000,55.000,453,357,572,160,155,155,155,155,155,155,1,0,0,3,30,1
1.105000,75.78,36.172,21.720,450,366,120.000,119,119,18.000,39.000,55.000,437,362,579,160,157,157,157,157,157,157,1,0,0,3,30,1
1.110000,79.38,34.766,20.850,446,369,120.000,120,120,18.000,39.000,55.000,423,368,589,160,159,159,159,159,159,159,1,0,0,3,30,1
1.115000,82.98,33.280,19.980,440,372,120.000,120,120,18.000,39.000,55.000,406,371,594,160,160,160,160,160,160,160,1,0,0,3,30,1
1.120000,86.58,31.737,19.050,432,375,120.000,120,120,18.000,39.000,55.000,387,375,600,160,162,162,162,162,162,162,1,0,0,3,30,1
1.125000,90.18,30.161,18.080,423,377,120.000,120,120,18.000,39.000,55.000,367,377,603,160,162,162,162,162,162,162,1,0,0,3,30,1
1.130000,93.78,28.577,17.150,414,379,120.000,120,120,18.000,39.000,55.000,348,379,607,160,163,163,163,163,163,163,1,0,0,3,30,1
1.135000,97.38,27.011,16.230,403,380,120.000,120,120,18.000,39.000,55.000,329,380,609,160,164,164,164,164,164,164,1,0,0,3,30,1
1.140000,100.98,25.487,15.300,391,380,120.000,120,120,18.000,39.000,55.000,311,380,609,160,164,164,164,164,164,164,1,0,0,3,30,1
1.145000,104.58,24.029,14.430,379,381,120.000,120,120,18.000,39.000,55.000,293,381,610,160,164,164,164,164,164,164,1,0,0,3,30,1
1.150000,108.18,22.658,13.620,366,380,120.000,120,120,18.000,39.000,55.000,276,380,609,160,164,164,164,164,164,164,1,0,0,3,30,1
1.155000,111.78,21.397,12.850,353,380,120.000,119,119,18.000,39.000,55.000,259,377,604,160,164,164,164,164,164,164,1,0,0,3,30,1
1.160000,115.38,20.265,12.150,340,379,120.000,119,119,18.000,39.000,55.000,244,376,602,160,163,163,163,163,163,163,1,0,0,3,30,1
1.165000,118.98,19.279,11.550,327,379,120.000,119,119,18.000,39.000,55.000,232,376,602,160,163,163,163,163,163,163,1,0,0,3,30,1
1.170000,122.58,18.453,11.060,314,377,120.000,119,119,18.000,39.000,55.000,222,374,598,160,162,162,162,162,162,162,1,0,0,3,30,1
1.175000,126.18,17.801,10.680,302,376,120.000,120,120,18.000,39.000,55.000,217,376,602,160,162,162,162,162,162,162,1,0,0,3,30,1
1.180000,129.78,17.330,10.410,291,375,120.000,120,120,18.000,39.000,55.000,211,375,600,160,162,162,162,162,162,162,1,0,0,3,30,1
1.185000,133.38,17.048,10.240,281,373,120.000,120,120,18.000,39.000,55.000,208,373,596,160,161,161,161,161,161,161,1,0,0,3,30,1
1.190000,136.98,16.958,10.190,272,371,120.000,120,120,18.000,39.000,55.000,207,370,593,160,160,160,160,160,160,160,1,0,0,3,30,1
1.195000,140.58,17.061,10.240,264,369,120.000,120,120,18.000,39.000,55.000,208,368,589,160,159,159,159,159,159,159,1,0,0,3,30,1
1.200000,144.18,17.352,10.410,258,367,120.000,120,120,18.000,39.000,55.000,211,366,586,160,158,158,158,158,158,158,1,0,0,3,30,1
1.205000,147.78,17.827,10.680,253,365,120.000,120,120,18.000,39.000,55.000,217,364,582,160,157,157,157,157,157,157,1,0,0,3,30,1
1.210000,151.38,18.477,11.060,249,362,120.000,120,120,18.000,39.000,55.000,224,360,577,160,155,155,155,155,155,155,1,0,0,3,30,1
1.215000,154.98,19.290,11.550,247,360,120.000,119,119,18.000,39.000,55.000,232,355,568,160,154,154,154,154,154,154,1,0,0,3,30,1
1.220000,158.58,20.251,12.150,247,358,120.000,119,119,18.000,39.000,55.000,244,353,565,160,153,153,153,153,153,153,1,0,0,3,30,1
1.225000,162.18,21.344,12.800,248,356,120.000,119,119,18.000,39.000,55.000,258,351,561,160,152,152,152,152,152,152,1,0,0,3,30,1
1.230000,165.78,22.550,13.510,251,354,120.000,119,119,18.000,39.000,55.000,272,348,558,160,151,151,151,151,151,151,1,0,0,3,30,1
1.235000,169.38,23.848,14.320,255,352,120.000,120,120,18.000,39.000,55.000,291,349,559,160,151,151,151,151,151,151,1,0,0,3,30,1
1.240000,172.98,25.217,15.140,260,350,120.000,120,120,18.000,39.000,55.000,307,347,556,160,150,150,150,150,150,150,1,0,0,3,30,1
1.245000,176.58,26.633,15.950,267,348,120.000,120,120,18.000,39.000,55.000,324,345,552,160,149,149,149,149,149,149,1,0,0,3,30,1
1.250000,180.18,28.072,16.820,275,347,120.000,120,120,18.000,39.000,55.000,341,344,550,160,148,148,148,148,148,148,1,0,0,3,30,1
1.255000,183.78,29.510,17.690,284,346,120.000,120,120,18.000,39.000,55.000,359,343,549,160,148,148,148,148,148,148,1,0,0,3,30,1
1.260000,187.38,30.922,18.560,294,345,120.000,120,120,18.000,39.000,55.000,377,341,547,160,147,147,147,147,147,147,1,0,0,3,30,1
1.265000,190.98,32.285,19.380,305,344,120.000,120,120,18.000,39.000,55.000,393,340,545,160,147,147,147,147,147,147,1,0,0,3,30,1
1.270000,194.58,33.575,20.140,316,343,120.000,120,120,18.000,39.000,55.000,409,339,543,160,146,146,146,146,146,146,1,0,0,3,30,1
1.275000,198.18,34.771,20.850,328,343,120.000,120,120,18.000,39.000,55.000,423,339,543,160,146,146,146,146,146,146,1,0,0,3,30,1
1.280000,201.78,35.852,21.500,340,343,120.000,119,119,18.000,39.000,55.000,433,337,539,160,146,146,146,146,146,146,1,0,0,3,30,1
1.285000,205.38,36.799,22.050,351,343,120.000,119,119,18.000,39.000,55.000,444,337,539,160,146,146,146,146,146,146,1,0,0,3,30,1
1.290000,208.98,37.595,22.540,363,343,120.000,119,119,18.000,39.000,55.000,454,337,539,160,146,146,146,146,146,146,1,0,0,3,30,1
1.295000,212.58,38.228,22.920,373,344,120.000,119,119,18.000,39.000,55.000,462,338,540,160,147,147,147,147,147,147,1,0,0,3,30,1
1.300000,216.18,38.685,23.190,384,346,120.000,120,120,18.000,39.000,55.000,471,343,549,160,148,148,148,148,148,148,1,0,0,3,30,1
1.305000,219.78,38.958,23.350,393,347,120.000,120,120,18.000,39.000,55.000,474,344,550,160,148,148,148,148,148,148,1,0,0,3,30,1
1.310000,223.38,39.041,23.410,401,349,120.000,120,120,18.000,39.000,55.000,475,346,554,160,149,149,149,149,149,149,1,0,0,3,30,1
1.315000,226.98,38.932,23.350,409,352,120.000,120,120,18.000,39.000,55.000,474,349,559,160,151,151,151,151,151,151,1,0,0,3,30,1
1.320000,230.58,38.631,23.190,415,354,120.000,120,120,18.000,39.000,55.000,471,351,563,160,151,151,151,151,151,151,1,0,0,3,30,1
1.325000,234.18,38.142,22.860,419,357,120.000,120,120,18.000,39.000,55.000,464,355,568,160,153,153,153,153,153,153,1,0,0,3,30,1
1.330000,237.78,37.472,22.480,422,359,120.000,120,120,18.000,39.000,55.000,456,357,572,160,154,154,154,154,154,154,1,0,0,3,30,1
1.335000,241.38,36.630,21.990,424,362,120.000,120,120,18.000,39.000,55.000,447,360,577,160,155,155,155,155,155,155,1,0,0,3,30,1
1.340000,244.98,35.628,21.390,424,364,120.000,119,119,18.000,39.000,55.000,431,360,576,160,156,156,156,156,156,156,1,0,0,3,30,1
1.345000,248.58,34.482,20.690,422,367,120.000,119,119,18.000,39.000,55.000,417,363,581,160,158,158,158,158,158,158,1,0,0,3,30,1
1.350000,252.18,33.209,19.920,419,369,120.000,119,119,18.000,39.000,55.000,401,365,584,160,159,159,159,159,159,159,1,0,0,3,30,1
1.355000,255.78,31.829,19.110,414,371,120.000,119,119,18.000,39.000,55.000,385,367,588,160,160,160,160,160,160,160,1,0,0,3,30,1
1.360000,259.38,30.363,18.180,408,372,120.000,120,120,18.000,39.000,55.000,369,371,594,160,160,160,160,160,160,160,1,0,0,3,30,1
1.365000,262.98,28.834,17.310,401,374,120.000,120,120,18.000,39.000,55.000,351,374,598,160,161,161,161,161,161,161,1,0,0,3,30,1
1.370000,266.58,27.265,16.330,392,374,120.000,120,120,18.000,39.000,55.000,331,374,598,160,161,161,161,161,161,161,1,0,0,3,30,1
1.375000,270.18,25.681,15.410,382,375,120.000,120,120,18.000,39.000,55.000,313,375,600,160,162,162,162,162,162,162,1,0,0,3,30,1
1.380000,273.78,24.107,14.490,371,375,120.000,120,120,18.000,39.000,55.000,294,375,600,160,162,162,162,162,162,162,1,0,0,3,30,1
1.385000,277.38,22.568,13.560,359,375,120.000,120,120,18.000,39.000,55.000,275,375,600,160,162,162,162,162,162,162,1,0,0,3,30,1
1.390000,280.98,21.089,12.640,347,374,120.000,120,120,18.000,39.000,55.000,256,374,598,160,161,161,161,161,161,161,1,0,0,3,30,1
1.395000,284.58,19.693,11.820,334,374,120.000,120,120,18.000,39.000,55.000,240,374,598,160,161,161,161,161,161,161,1,0,0,3,30,1
1.400000,288.18,18.402,11.060,321,373,120.000,120,120,18.000,39.000,55.000,224,373,596,160,161,161,161,161,161,161,1,0,0,3,30,1
1.405000,291.78,17.237,10.350,307,372,120.000,119,119,18.000,39.000,55.000,208,368,589,160,160,160,160,160,160,160,1,0,0,3,30,1
1.410000,295.38,16.217,9.750,294,370,120.000,119,119,18.000,39.000,55.000,196,366,586,160,159,159,159,159,159,159,1,0,0,3,30,1
1.415000,298.98,15.360,9.210,282,369,120.000,119,119,18.000,39.000,55.000,185,365,584,160,159,159,159,159,159,159,1,0,0,3,30,1
1.420000,302.58,14.678,8.770,270,367,120.000,119,119,18.000,39.000,55.000,176,363,581,160,158,158,158,158,158,158,1,0,0,3,30,1
1.425000,306.18,14.184,8.500,258,365,120.000,120,120,18.000,39.000,55.000,172,364,582,160,157,157,157,157,157,157,1,0,0,3,30,1
1.430000,309.78,13.887,8.340,248,363,120.000,120,120,18.000,39.000,55.000,169,361,578,160,156,156,156,156,156,156,1,0,0,3,30,1
1.435000,313.38,13.792,8.280,239,360,120.000,120,120,18.000,39.000,55.000,168,358,573,160,154,154,154,154,154,154,1,0,0,3,30,1
1.440000,316.98,13.902,8.340,231,358,120.000,120,120,18.000,39.000,55.000,169,356,570,160,153,153,153,153,153,153,1,0,0,3,30,1
1.445000,320.58,14.216,8.560,224,355,120.000,120,120,18.000,39.000,55.000,174,353,564,160,152,152,152,152,152,152,1,0,0,3,30,1
1.450000,324.18,14.730,8.830,219,353,120.000,120,120,18.000,39.000,55.000,179,350,561,160,151,151,151,151,151,151,1,0,0,3,30,1
1.455000,327.78,15.439,9.260,215,350,120.000,120,120,18.000,39.000,55.000,188,347,556,160,150,150,150,150,150,150,1,0,0,3,30,1
1.460000,331.38,16.331,9.810,213,347,120.000,120,120,18.000,39.000,55.000,199,344,550,160,148,148,148,148,148,148,1,0,0,3,30,1
1.465000,334.98,17.395,10.410,213,345,120.000,119,119,18.000,39.000,55.000,209,339,542,160,147,147,147,147,147,147,1,0,0,3,30,1
1.470000,338.58,18.615,11.170,215,342,120.000,119,119,18.000,39.000,55.000,225,335,537,160,146,146,146,146,146,146,1,0,0,3,30,1
1.475000,342.18,19.973,11.980,218,340,120.000,119,119,18.000,39.000,55.000,241,333,533,160,145,145,145,145,145,145,1,0,0,3,30,1
1.480000,345.78,21.449,12.850,223,337,120.000,119,119,18.000,39.000,55.000,259,330,528,160,143,143,143,143,143,143,1,0,0,3,30,1
1.485000,349.38,23.023,13.830,229,335,120.000,120,120,18.000,39.000,55.000,281,330,529,160,142,142,142,142,142,142,1,0,0,3,30,1
1.490000,352.98,24.669,14.810,237,333,120.000,120,120,18.000,39.000,55.000,301,328,525,160,141,141,141,141,141,141,1,0,0,3,30,1
1.495000,356.58,26.366,15.850,247,332,120.000,120,120,18.000,39.000,55.000,322,327,524,160,141,141,141,141,141,141,1,0,0,3,30,1
1.500000,0.18,28.086,16.820,257,330,120.000,120,120,18.000,39.000,55.000,341,325,520,160,140,140,140,140,140,140,1,0,0,3,30,1
1.505000,3.78,29.805,17.860,269,329,120.000,120,120,18.000,39.000,55.000,363,324,518,160,140,140,140,140,140,140,1,0,0,3,30,1
1.510000,7.38,31.498,18.890,282,328,120.000,120,120,18.000,39.000,55.000,383,323,517,160,139,139,139,139,139,139,1,0,0,3,30,1
1.515000,10.98,33.139,19.870,295,327,120.000,120,120,18.000,39.000,55.000,403,322,515,160,139,139,139,139,139,139,1,0,0,3,30,1
1.520000,14.58,34.703,20.790,309,327,120.000,120,120,18.000,39.000,55.000,422,322,515,160,139,139,139,139,139,139,1,0,0,3,30,1
1.525000,18.18,36.169,21.720,324,326,120.000,120,120,18.000,39.000,55.000,441,320,513,160,138,138,138,138,138,138,1,0,0,3,30,1
1.530000,21.78,37.514,22.480,338,327,120.000,119,119,18.000,39.000,55.000,453,319,511,160,139,139,139,139,139,139,1,0,0,3,30,1
1.535000,25.38,38.719,23.240,353,327,120.000,119,119,18.000,39.000,55.000,468,319,511,160,139,139,139,139,139,139,1,0,0,3,30,1
1.540000,28.98,39.766,23.840,367,329,120.000,119,119,18.000,39.000,55.000,480,321,514,160,140,140,140,140,140,140,1,0,0,3,30,1
1.545000,32.58,40.640,24.380,380,330,120.000,119,119,18.000,39.000,55.000,491,322,516,160,140,140,140,140,140,140,1,0,0,3,30,1
1.550000,36.18,41.330,24.770,393,333,120.000,120,120,18.000,39.000,55.000,503,328,525,160,141,141,141,141,141,141,1,0,0,3,30,1
1.555000,39.78,41.825,25.090,406,335,120.000,120,120,18.000,39.000,55.000,510,330,529,160,142,142,142,142,142,142,1,0,0,3,30,1
1.560000,43.38,42.118,25.260,417,339,120.000,120,120,18.000,39.000,55.000,513,335,536,160,144,144,144,144,144,144,1,0,0,3,30,1
1.565000,46.98,42.208,25.310,427,342,120.000,120,120,18.000,39.000,55.000,514,338,541,160,146,146,146,146,146,146,1,0,0,3,30,1
1.570000,50.58,42.092,25.260,435,345,120.000,120,120,18.000,39.000,55.000,513,341,547,160,147,147,147,147,147,147,1,0,0,3,30,1
1.575000,54.18,41.775,25.040,442,349,120.000,120,120,18.000,39.000,55.000,509,346,554,160,149,149,149,149,149,149,1,0,0,3,30,1
1.580000,57.78,41.262,24.770,448,353,120.000,120,120,18.000,39.000,55.000,503,350,561,160,151,151,151,151,151,151,1,0,0,3,30,1
1.585000,61.38,40.562,24.330,451,357,120.000,120,120,18.000,39.000,55.000,494,355,568,160,153,153,153,153,153,153,1,0,0,3,30,1
1.590000,64.98,39.688,23.790,454,361,120.000,119,119,18.000,39.000,55.000,479,356,570,160,155,155,155,155,155,155,1,0,0,3,30,1
1.595000,68.58,38.653,23.190,454,365,120.000,119,119,18.000,39.000,55.000,467,361,577,160,157,157,157,157,157,157,1,0,0,3,30,1
1.600000,72.18,37.474,22.480,453,368,120.000,119,119,18.000,39.000,55.000,453,364,583,160,158,158,158,158,158,158,1,0,0,3,30,1
1.605000,75.78,36.172,21.720,450,372,120.000,119,119,18.000,39.000,55.000,437,368,589,160,160,160,160,160,160,160,1,0,0,3,30,1
1.610000,79.38,34.766,20.850,446,375,120.000,120,120,18.000,39.000,55.000,423,375,600,160,162,162,162,162,162,162,1,0,0,3,30,1
1.615000,82.98,33.280,19.980,440,377,120.000,120,120,18.000,39.000,55.000,406,377,603,160,162,162,162,162,162,162,1,0,0,3,30,1
1.620000,86.58,31.737,19.050,432,380,120.000,120,120,18.000,39.000,55.000,387,380,609,160,164,164,164,164,164,164,1,0,0,3,30,1
1.625000,90.18,30.161,18.080,423,382,120.000,120,120,18.000,39.000,55.000,367,382,612,160,165,165,165,165,165,165,1,0,0,3,30,1
1.630000,93.78,28.577,17.150,414,383,120.000,120,120,18.000,39.000,55.000,348,383,614,160,165,165,165,165,165,165,1,0,0,3,30,1
1.635000,97.38,27.011,16.230,403,384,120.000,120,120,18.000,39.000,55.000,329,385,616,160,166,166,166,166,166,166,1,0,0,3,30,1
1.640000,100.98,25.487,15.300,391,385,120.000,120,120,18.000,39.000,55.000,311,386,617,160,166,166,166,166,166,166,1,0,0,3,30,1
1.645000,104.58,24.029,14.430,379,385,120.000,120,120,18.000,39.000,55.000,293,386,617,160,166,166,166,166,166,166,1,0,0,3,30,1
1.650000,108.18,22.658,13.620,366,384,120.000,120,120,18.000,39.000,55.000,276,385,616,160,166,166,166,166,166,166,1,0,0,3,30,1
1.655000,111.78,21.397,12.850,353,384,120.000,119,119,18.000,39.000,55.000,259,382,611,160,166,166,166,166,166,166,1,0,0,3,30,1
1.660000,115.38,20.265,12.150,340,383,120.000,119,119,18.000,39.000,55.000,244,380,609,160,165,165,165,165,165,165,1,0,0,3,30,1
1.665000,118.98,19.279,11.550,327,382,120.000,119,119,18.000,39.000,55.000,232,379,607,160,165,165,165,165,165,165,1,0,0,3,30,1
1.670000,122.58,18.453,11.060,314,381,120.000,119,119,18.000,39.000,55.000,222,378,605,160,164,164,164,164,164,164,1,0,0,3,30,1
1.675000,126.18,17.801,10.680,302,380,120.000,120,120,18.000,39.000,55.000,217,380,609,160,164,164,164,164,164,164,1,0,0,3,30,1
1.680000,129.78,17.330,10.410,291,378,120.000,120,120,18.000,39.000,55.000,211,378,605,160,163,163,163,163,163,163,1,0,0,3,30,1
1.685000,133.38,17.048,10.240,281,376,120.000,120,120,18.000,39.000,55.000,208,376,602,160,162,162,162,162,162,162,1,0,0,3,30,1
1.690000,136.98,16.958,10.190,272,374,120.000,120,120,18.000,39.000,55.000,207,374,598,160,161,161,161,161,161,161,1,0,0,3,30,1
1.695000,140.58,17.061,10.240,264,372,120.000,120,120,18.000,39.000,55.000,208,371,594,160,160,160,160,160,160,160,1,0,0,3,30,1
1.700000,144.18,17.352,10.410,258,370,120.000,120,120,18.000,39.000,55.000,211,369,591,160,159,159,159,159,159,159,1,0,0,3,30,1
1.705000,147.78,17.827,10.680,253,368,120.000,120,120,18.000,39.000,55.000,217,367,588,160,158,158,158,158,158,158,1,0,0,3,30,1
1.710000,151.38,18.477,11.060,249,366,120.000,120,120,18.000,39.000,55.000,224,365,584,160,157,157,157,157,157,157,1,0,0,3,30,1
1.715000,154.98,19.290,11.550,247,363,120.000,119,119,18.000,39.000,55.000,232,358,574,160,156,156,156,156,156,156,1,0,0,3,30,1
1.720000,158.58,20.251,12.150,247,361,120.000,119,119,18.000,39.000,55.000,244,356,570,160,155,155,155,155,155,155,1,0,0,3,30,1
1.725000,162.18,21.344,12.800,248,359,120.000,119,119,18.000,39.000,55.000,258,354,567,160,154,154,154,154,154,154,1,0,0,3,30,1
1.730000,165.78,22.550,13.510,251,357,120.000,119,119,18.000,39.000,55.000,272,352,563,160,153,153,153,153,153,153,1,0,0,3,30,1
1.735000,169.38,23.848,14.320,255,355,120.000,120,120,18.000,39.000,55.000,291,353,564,160,152,152,152,152,152,152,1,0,0,3,30,1
1.740000,172.98,25.217,15.140,260,353,120.000,120,120,18.000,39.000,55.000,307,350,561,160,151,151,151,151,151,151,1,0,0,3,30,1
1.745000,176.58,26.633,15.950,267,351,120.000,120,120,18.000,39.000,55.000,324,348,557,160,150,150,150,150,150,150,1,0,0,3,30,1
1.750000,180.18,28.072,16.820,275,350,120.000,120,120,18.000,39.000,55.000,341,347,556,160,150,150,150,150,150,150,1,0,0,3,30,1
1.755000,183.78,29.510,17.690,284,348,120.000,120,120,18.000,39.000,55.000,359,345,552,160,149,149,149,149,149,149,1,0,0,3,30,1
1.760000,187.38,30.922,18.560,294,347,120.000,120,120,18.000,39.000,55.000,377,344,550,160,148,148,148,148,148,148,1,0,0,3,30,1
1.765000,190.98,32.285,19.380,305,346,120.000,120,120,18.000,39.000,55.000,393,343,549,160,148,148,148,148,148,148,1,0,0,3,30,1
1.770000,194.58,33.575,20.140,316,346,120.000,120,120,18.000,39.000,55.000,409,343,549,160,148,148,148,148,148,148,1,0,0,3,30,1
1.775000,198.18,34.771,20.850,328,345,120.000,120,120,18.000,39.000,55.000,423,341,547,160,147,147,147,147,147,147,1,0,0,3,30,1
1.780000,201.78,35.852,21.500,340,345,120.000,119,119,18.000,39.000,55.000,433,339,542,160,147,147,147,147,147,147,1,0,0,3,30,1
1.785000,205.38,36.799,22.050,351,345,120.000,119,119,18.000,39.000,55.000,444,339,542,160,147,147,147,147,147,147,1,0,0,3,30,1
1.790000,208.98,37.595,22.540,363,345,120.000,119,119,18.000,39.000,55.000,454,339,542,160,147,147,147,147,147,147,1,0,0,3,30,1
1.795000,212.58,38.228,22.920,373,346,120.000,119,119,18.000,39.000,55.000,462,340,544,160,148,148,148,148,148,148,1,0,0,3,30,1
1.800000,216.18,38.685,23.190,384,348,120.000,120,120,18.000,39.000,55.000,471,345,552,160,149,149,149,149,149,149,1,0,0,3,30,1
1.805000,219.78,38.958,23.350,393,349,120.000,120,120,18.000,39.000,55.000,474,346,554,160,149,149,149,149,149,149,1,0,0,3,30,1
1.810000,223.38,39.041,23.410,401,351,120.000,120,120,18.000,39.000,55.000,475,348,557,160,150,150,150,150,150,150,1,0,0,3,30,1
1.815000,226.98,38.932,23.350,409,353,120.000,120,120,18.000,39.000,55.000,474,350,561,160,151,151,151,151,151,151,1,0,0,3,30,1
1.820000,230.58,38.631,23.190,415,356,120.000,120,120,18.000,39.000,55.000,471,354,566,160,152,152,152,152,152,152,1,0,0,3,30,1
1.825000,234.18,38.142,22.860,419,358,120.000,120,120,18.000,39.000,55.000,464,356,570,160,153,153,153,153,153,153,1,0,0,3,30,1
1.830000,237.78,37.472,22.480,422,361,120.000,120,120,18.000,39.000,55.000,456,359,575,160,155,155,155,155,155,155,1,0,0,3,30,1
1.835000,241.38,36.630,21.990,424,363,120.000,120,120,18.000,39.000,55.000,447,361,578,160,156,156,156,156,156,156,1,0,0,3,30,1
1.840000,244.98,35.628,21.390,424,366,120.000,119,119,18.000,39.000,55.000,431,362,579,160,157,157,157,157,157,157,1,0,0,3,30,1
1.845000,248.58,34.482,20.690,422,368,120.000,119,119,18.000,39.000,55.000,417,364,583,160,158,158,158,158,158,158,1,0,0,3,30,1
1.850000,252.18,33.209,19.920,419,370,120.000,119,119,18.000,39.000,55.000,401,366,586,160,159,159,159,159,159,159,1,0,0,3,30,1
1.855000,255.78,31.829,19.110,414,372,120.000,119,119,18.000,39.000,55.000,385,368,589,160,160,160,160,160,160,160,1,0,0,3,30,1
1.860000,259.38,30.363,18.180,408,374,120.000,120,120,18.000,39.000,55.000,369,374,598,160,161,161,161,161,161,161,1,0,0,3,30,1
1.865000,262.98,28.834,17.310,401,375,120.000,120,120,18.000,39.000,55.000,351,375,600,160,162,162,162,162,162,162,1,0,0,3,30,1
1.870000,266.58,27.265,16.330,392,376,120.000,120,120,18.000,39.000,55.000,331,376,602,160,162,162,162,162,162,162,1,0,0,3,30,1
1.875000,270.18,25.681,15.410,382,376,120.000,120,120,18.000,39.000,55.000,313,376,602,160,162,162,162,162,162,162,1,0,0,3,30,1
1.880000,273.78,24.107,14.490,371,376,120.000,120,120,18.000,39.000,55.000,294,376,602,160,162,162,162,162,162,162,1,0,0,3,30,1
1.885000,277.38,22.568,13.560,359,376,120.000,120,120,18.000,39.000,55.000,275,376,602,160,162,162,162,162,162,162,1,0,0,3,30,1
1.890000,280.98,21.089,12.640,347,375,120.000,120,120,18.000,39.000,55.000,256,375,600,160,162,162,162,162,162,162,1,0,0,3,30,1
1.895000,284.58,19.693,11.820,334,375,120.000,120,120,18.000,39.000,55.000,240,375,600,160,162,162,162,162,162,162,1,0,0,3,30,1
1.900000,288.18,18.402,11.060,321,374,120.000,120,120,18.000,39.000,55.000,224,374,598,160,161,161,161,161,161,161,1,0,0,3,30,1
1.905000,291.78,17.237,10.350,307,373,120.000,119,119,18.000,39.000,55.000,208,369,591,160,161,161,161,161,161,161,1,0,0,3,30,1
1.910000,295.38,16.217,9.750,294,371,120.000,119,119,18.000,39.000,55.000,196,367,588,160,160,160,160,160,160,160,1,0,0,3,30,1
1.915000,298.98,15.360,9.210,282,370,120.000,119,119,18.000,39.000,55.000,185,366,586,160,159,159,159,159,159,159,1,0,0,3,30,1
1.920000,302.58,14.678,8.770,270,368,120.000,119,119,18.000,39.000,55.000,176,364,583,160,158,158,158,158,158,158,1,0,0,3,30,1
1.925000,306.18,14.184,8.500,258,366,120.000,120,120,18.000,39.000,55.000,172,365,584,160,157,157,157,157,157,157,1,0,0,3,30,1
1.930000,309.78,13.887,8.340,248,364,120.000,120,120,18.000,39.000,55.000,169,363,580,160,156,156,156,156,156,156,1,0,0,3,30,1
1.935000,313.38,13.792,8.280,239,361,120.000,120,120,18.000,39.000,55.000,168,359,575,160,155,155,155,155,155,155,1,0,0,3,30,1
1.940000,316.98,13.902,8.340,231,359,120.000,120,120,18.000,39.000,55.000,169,357,572,160,154,154,154,154,154,154,1,0,0,3,30,1
1.945000,320.58,14.216,8.560,224,356,120.000,120,120,18.000,39.000,55.000,174,354,566,160,152,152,152,152,152,152,1,0,0,3,30,1
1.950000,324.18,14.730,8.830,219,354,120.000,120,120,18.000,39.000,55.000,179,351,563,160,151,151,151,151,151,151,1,0,0,3,30,1
1.955000,327.78,15.439,9.260,215,351,120.000,120,120,18.000,39.000,55.000,188,348,557,160,150,150,150,150,150,150,1,0,0,3,30,1
1.960000,331.38,16.331,9.810,213,348,120.000,120,120,18.000,39.000,55.000,199,345,552,160,149,149,149,149,149,149,1,0,0,3,30,1
1.965000,334.98,17.395,10.410,213,346,120.000,119,119,18.000,39.000,55.000,209,340,544,160,148,148,148,148,148,148,1,0,0,3,30,1
1.970000,338.58,18.615,11.170,215,343,120.000,119,119,18.000,39.000,55.000,225,337,539,160,146,146,146,146,146,146,1,0,0,3,30,1
1.975000,342.18,19.973,11.980,218,341,120.000,119,119,18.000,39.000,55.000,241,334,535,160,145,145,145,145,145,145,1,0,0,3,30,1
1.980000,345.78,21.449,12.850,223,338,120.000,119,119,18.000,39.000,55.000,259,331,530,160,144,144,144,144,144,144,1,0,0,3,30,1
1.985000,349.38,23.023,13.830,229,336,120.000,120,120,18.000,39.000,55.000,281,331,531,160,143,143,143,143,143,143,1,0,0,3,30,1
1.990000,352.98,24.669,14.810,237,334,120.000,120,120,18.000,39.000,55.000,301,329,527,160,142,142,142,142,142,142,1,0,0,3,30,1
1.995000,356.58,26.366,15.850,247,332,120.000,120,120,18.000,39.000,55.000,322,327,524,160,141,141,141,141,141,141,1,0,0,3,30,1
2.000000,0.18,28.086,16.820,257,331,120.000,120,120,18.000,39.000,55.000,341,326,522,160,140,140,140,140,140,140,1,0,0,3,30,1
2.005000,3.78,29.805,17.860,269,329,120.000,120,120,18.000,39.000,55.000,363,324,518,160,140,140,140,140,140,140,1,0,0,3,30,1
2.010000,7.38,31.498,18.890,282,328,120.000,120,120,18.000,39.000,55.000,383,323,517,160,139,139,139,139,139,139,1,0,0,3,30,1
2.015000,10.98,33.139,19.870,295,328,120.000,120,120,18.000,39.000,55.000,403,323,517,160,139,139,139,139,139,139,1,0,0,3,30,1
2.020000,14.58,34.703,20.790,309,327,120.000,120,120,18.000,39.000,55.000,422,322,515,160,139,139,139,139,139,139,1,0,0,3,30,1
2.025000,18.18,36.169,21.720,324,327,120.000,120,120,18.000,39.000,55.000,441,322,515,160,139,139,139,139,139,139,1,0,0,3,30,1
2.030000,21.78,37.514,22.480,338,327,120.000,119,119,18.000,39.000,55.000,453,319,511,160,139,139,139,139,139,139,1,0,0,3,30,1
2.035000,25.38,38.719,23.240,353,328,120.000,119,119,18.000,39.000,55.000,468,320,512,160,139,139,139,139,139,139,1,0,0,3,30,1
2.040000,28.98,39.766,23.840,367,329,120.000,119,119,18.000,39.000,55.000,480,321,514,160,140,140,140,140,140,140,1,0,0,3,30,1
2.045000,32.58,40.640,24.380,380,331,120.000,119,119,18.000,39.000,55.000,491,323,517,160,140,140,140,140,140,140,1,0,0,3,30,1
2.050000,36.18,41.330,24.770,393,333,120.000,120,120,18.000,39.000,55.000,503,328,525,160,141,141,141,141,141,141,1,0,0,3,30,1
2.055000,39.78,41.825,25.090,406,336,120.000,120,120,18.000,39.000,55.000,510,331,531,160,143,143,143,143,143,143,1,0,0,3,30,1
2.060000,43.38,42.118,25.260,417,339,120.000,120,120,18.000,39.000,55.000,513,335,536,160,144,144,144,144,144,144,1,0,0,3,30,1
2.065000,46.98,42.208,25.310,427,342,120.000,120,120,18.000,39.000,55.000,514,338,541,160,146,146,146,146,146,146,1,0,0,3,30,1
2.070000,50.58,42.092,25.260,435,346,120.000,120,120,18.000,39.000,55.000,513,343,549,160,148,148,148,148,148,148,1,0,0,3,30,1
2.075000,54.18,41.775,25.040,442,350,120.000,120,120,18.000,39.000,55.000,509,347,556,160,150,150,150,150,150,150,1,0,0,3,30,1
2.080000,57.78,41.262,24.770,448,354,120.000,120,120,18.000,39.000,55.000,503,351,563,160,151,151,151,151,151,151,1,0,0,3,30,1
2.085000,61.38,40.562,24.330,451,357,120.000,120,120,18.000,39.000,55.000,494,355,568,160,153,153,153,153,153,153,1,0,0,3,30,1
2.090000,64.98,39.688,23.790,454,361,120.000,119,119,18.000,39.000,55.000,479,356,570,160,155,155,155,155,155,155,1,0,0,3,30,1
2.095000,68.58,38.653,23.190,454,365,120.000,119,119,18.000,39.000,55.000,467,361,577,160,157,157,157,157,157,157,1,0,0,3,30,1
2.100000,72.18,37.474,22.480,453,369,120.000,119,119,18.000,39.000,55.000,453,365,584,160,159,159,159,159,159,159,1,0,0,3,30,1
2.105000,75.78,36.172,21.720,450,372,120.000,119,119,18.000,39.000,55.000,437,368,589,160,160,160,160,160,160,160,1,0,0,3,30,1
2.110000,79.38,34.766,20.850,446,375,120.000,120,120,18.000,39.000,55.000,423,375,600,160,162,162,162,162,162,162,1,0,0,3,30,1
2.115000,82.98,33.280,19.980,440,378,120.000,120,120,18.000,39.000,55.000,406,378,605,160,163,163,163,163,163,163,1,0,0,3,30,1
2.120000,86.58,31.737,19.050,432,380,120.000,120,120,18.000,39.000,55.000,387,380,609,160,164,164,164,164,164,164,1,0,0,3,30,1
2.125000,90.18,30.161,18.080,423,382,120.000,120,120,18.000,39.000,55.000,367,382,612,160,165,165,165,165,165,165,1,0,0,3,30,1
2.130000,93.78,28.577,17.150,414,383,120.000,120,120,18.000,39.000,55.000,348,383,614,160,165,165,165,165,165,165,1,0,0,3,30,1
2.135000,97.38,27.011,16.230,403,384,120.000,120,120,18.000,39.000,55.000,329,385,616,160,166,166,166,166,166,166,1,0,0,3,30,1
2.140000,100.98,25.487,15.300,391,385,120.000,120,120,18.000,39.000,55.000,311,386,617,160,166,166,166,166,166,166,1,0,0,3,30,1
2.145000,104.58,24.029,14.430,379,385,120.000,120,120,18.000,39.000,55.000,293,386,617,160,166,166,166,166,166,166,1,0,0,3,30,1
2.150000,108.18,22.658,13.620,366,385,120.000,120,120,18.000,39.000,55.000,276,386,617,160,166,166,166,166,166,166,1,0,0,3,30,1
2.155000,111.78,21.397,12.850,353,384,120.000,119,119,18.000,39.000,55.000,259,382,611,160,166,166,166,166,166,166,1,0,0,3,30,1
2.160000,115.38,20.265,12.150,340,383,120.000,119,119,18.000,39.000,55.000,244,380,609,160,165,165,165,165,165,165,1,0,0,3,30,1
2.165000,118.98,19.279,11.550,327,382,120.000,119,119,18.000,39.000,55.000,232,379,607,160,165,165,165,165,165,165,1,0,0,3,30,1
2.170000,122.58,18.453,11.060,314,381,120.000,119,119,18.000,39.000,55.000,222,378,605,160,164,164,164,164,164,164,1,0,0,3,30,1
2.175000,126.18,17.801,10.680,302,380,120.000,120,120,18.000,39.000,55.000,217,380,609,160,164,164,164,164,164,164,1,0,0,3,30,1
2.180000,129.78,17.330,10.410,291,378,120.000,120,120,18.000,39.000,55.000,211,378,605,160,163,163,163,163,163,163,1,0,0,3,30,1
2.185000,133.38,17.048,10.240,281,376,120.000,120,120,18.000,39.000,55.000,208,376,602,160,162,162,162,162,162,162,1,0,0,3,30,1
2.190000,136.98,16.958,10.190,272,375,120.000,120,120,18.000,39.000,55.000,207,375,600,160,162,162,162,162,162,162,1,0,0,3,30,1
2.195000,140.58,17.061,10.240,264,372,120.000,120,120,18.000,39.000,55.000,208,371,594,160,160,160,160,160,160,160,1,0,0,3,30,1
2.200000,144.18,17.352,10.410,258,370,120.000,120,120,18.000,39.000,55.000,211,369,591,160,159,159,159,159,159,159,1,0,0,3,30,1
2.205000,147.78,17.827,10.680,253,368,120.000,120,120,18.000,39.000,55.000,217,367,588,160,158,158,158,158,158,158,1,0,0,3,30,1
2.210000,151.38,18.477,11.060,249,366,120.000,120,120,18.000,39.000,55.000,224,365,584,160,157,157,157,157,157,157,1,0,0,3,30,1
2.215000,154.98,19.290,11.550,247,364,120.000,119,119,18.000,39.000,55.000,232,360,576,160,156,156,156,156,156,156,1,0,0,3,30,1
2.220000,158.58,20.251,12.150,247,361,120.000,119,119,18.000,39.000,55.000,244,356,570,160,155,155,155,155,155,155,1,0,0,3,30,1
2.225000,162.18,21.344,12.800,248,359,120.000,119,119,18.000,39.000,55.000,258,354,567,160,154,154,154,154,154,154,1,0,0,3,30,1
2.230000,165.78,22.550,13.510,251,357,120.000,119,119,18.000,39.000,55.000,272,352,563,160,153,153,153,153,153,153,1,0,0,3,30,1
2.235000,169.38,23.848,14.320,255,355,120.000,120,120,18.000,39.000,55.000,291,353,564,160,152,152,152,152,152,152,1,0,0,3,30,1
2.240000,172.98,25.217,15.140,260,353,120.000,120,120,18.000,39.000,55.000,307,350,561,160,151,151,151,151,151,151,1,0,0,3,30,1
2.245000,176.58,26.633,15.950,267,351,120.000,120,120,18.000,39.000,55.000,324,348,557,160,150,150,150,150,150,150,1,0,0,3,30,1
2.250000,180.18,28.072,16.820,275,350,120.000,120,120,18.000,39.000,55.000,341,347,556,160,150,150,150,150,150,150,1,0,0,3,30,1
2.255000,183.78,29.510,17.690,284,348,120.000,120,120,18.000,39.000,55.000,359,345,552,160,149,149,149,149,149,149,1,0,0,3,30,1
2.260000,187.38,30.922,18.560,294,347,120.000,120,120,18.000,39.000,55.000,377,344,550,160,148,148,148,148,148,148,1,0,0,3,30,1
2.265000,190.98,32.285,19.380,305,346,120.000,120,120,18.000,39.000,55.000,393,343,549,160,148,148,148,148,148,148,1,0,0,3,30,1
2.270000,194.58,33.575,20.140,316,346,120.000,120,120,18.000,39.000,55.000,409,343,549,160,148,148,148,148,148,148,1,0,0,3,30,1
2.275000,198.18,34.771,20.850,328,345,120.000,120,120,18.000,39.000,55.000,423,341,547,160,147,147,147,147,147,147,1,0,0,3,30,1
2.280000,201.78,35.852,21.500,340,345,120.000,119,119,18.000,39.000,55.000,433,339,542,160,147,147,147,147,147,147,1,0,0,3,30,1
2.285000,205.38,36.799,22.050,351,345,120.000,119,119,18.000,39.000,55.000,444,339,542,160,147,147,147,147,147,147,1,0,0,3,30,1
2.290000,208.98,37.595,22.540,363,346,120.000,119,119,18.000,39.000,55.000,454,340,544,160,148,148,148,148,148,148,1,0,0,3,30,1
2.295000,212.58,38.228,22.920,373,346,120.000,119,119,18.000,39.000,55.000,462,340,544,160,148,148,148,148,148,148,1,0,0,3,30,1
2.300000,216.18,38.685,23.190,384,348,120.000,120,120,18.000,39.000,55.000,471,345,552,160,149,149,149,149,149,149,1,0,0,3,30,1
2.305000,219.78,38.958,23.350,393,349,120.000,120,120,18.000,39.000,55.000,474,346,554,160,149,149,149,149,149,149,1,0,0,3,30,1
2.310000,223.38,39.041,23.410,401,351,120.000,120,120,18.000,39.000,55.000,475,348,557,160,150,150,150,150,150,150,1,0,0,3,30,1
2.315000,226.98,38.932,23.350,409,353,120.000,120,120,18.000,39.000,55.000,474,350,561,160,151,151,151,151,151,151,1,0,0,3,30,1
2.320000,230.58,38.631,23.190,415,356,120.000,120,120,18.000,39.000,55.000,471,354,566,160,152,152,152,152,152,152,1,0,0,3,30,1
2.325000,234.18,38.142,22.860,419,358,120.000,120,120,18.000,39.000,55.000,464,356,570,160,153,153,153,153,153,153,1,0,0,3,30,1
2.330000,237.78,37.472,22.480,422,361,120.000,120,120,18.000,39.000,55.000,456,359,575,160,155,155,155,155,155,155,1,0,0,3,30,1
2.335000,241.38,36.630,21.990,424,363,120.000,120,120,18.000,39.000,55.000,447,361,578,160,156,156,156,156,156,156,1,0,0,3,30,1
2.340000,244.98,35.628,21.390,424,366,120.000,119,119,18.000,39.000,55.000,431,362,579,160,157,157,157,157,157,157,1,0,0,3,30,1
2.345000,248.58,34.482,20.690,422,368,120.000,119,119,18.000,39.000,55.000,417,364,583,160,158,158,158,158,158,158,1,0,0,3,30,1
2.350000,252.18,33.209,19.920,419,370,120.000,119,119,18.000,39.000,55.000,401,366,586,160,159,159,159,159,159,159,1,0,0,3,30,1
2.355000,255.78,31.829,19.110,414,372,120.000,119,119,18.000,39.000,55.000,385,368,589,160,160,160,160,160,160,160,1,0,0,3,30,1
2.360000,259.38,30.363,18.180,408,374,120.000,120,120,18.000,39.000,55.000,369,374,598,160,161,161,161,161,161,161,1,0,0,3,30,1
2.365000,262.98,28.834,17.310,401,375,120.000,120,120,18.000,39.000,55.000,351,375,600,160,162,162,162,162,162,162,1,0,0,3,30,1
2.370000,266.58,27.265,16.330,392,376,120.000,120,120,18.000,39.000,55.000,331,376,602,160,162,162,162,162,162,162,1,0,0,3,30,1
2.375000,270.18,25.681,15.410,382,376,120.000,120,120,18.000,39.000,55.000,313,376,602,160,162,162,162,162,162,162,1,0,0,3,30,1
2.380000,273.78,24.107,14.490,371,376,120.000,120,120,18.000,39.000,55.000,294,376,602,160,162,162,162,162,162,162,1,0,0,3,30,1
2.385000,277.38,22.568,13.560,359,376,120.000,120,120,18.000,39.000,55.000,275,376,602,160,162,162,162,162,162,162,1,0,0,3,30,1
2.390000,280.98,21.089,12.640,347,375,120.000,120,120,18.000,39.000,55.000,256,375,600,160,162,162,162,162,162,162,1,0,0,3,30,1
2.395000,284.58,19.693,11.820,334,375,120.000,120,120,18.000,39.000,55.000,240,375,600,160,162,162,162,162,162,162,1,0,0,3,30,1
2.400000,288.18,18.402,11.060,321,374,120.000,120,120,18.000,39.000,55.000,224,374,598,160,161,161,161,161,161,161,1,0,0,3,30,1
2.405000,291.78,17.237,10.350,307,373,120.000,119,119,18.000,39.000,55.000,208,369,591,160,161,161,161,161,161,161,1,0,0,3,30,1
2.410000,295.38,16.217,9.750,294,371,120.000,119,119,18.000,39.000,55.000,196,367,588,160,160,160,160,160,160,160,1,0,0,3,30,1
2.415000,298.98,15.360,9.210,282,370,120.000,119,119,18.000,39.000,55.000,185,366,586,160,159,159,159,159,159,159,1,0,0,3,30,1
2.420000,302.58,14.678,8.770,270,368,120.000,119,119,18.000,39.000,55.000,176,364,583,160,158,158,158,158,158,158,1,0,0,3,30,1
2.425000,306.18,14.184,8.500,258,366,120.000,120,120,18.000,39.000,55.000,172,365,584,160,157,157,157,157,157,157,1,0,0,3,30,1
2.430000,309.78,13.887,8.340,248,364,120.000,120,120,18.000,39.000,55.000,169,363,580,160,156,156,156,156,156,156,1,0,0,3,30,1
2.435000,313.38,13.792,8.280,239,361,120.000,120,120,18.000,39.000,55.000,168,359,575,160,155,155,155,155,155,155,1,0,0,3,30,1
2.440000,316.98,13.902,8.340,231,359,120.000,120,120,18.000,39.000,55.000,169,357,572,160,154,154,154,154,154,154,1,0,0,3,30,1
2.445000,320.58,14.216,8.560,224,356,120.000,120,120,18.000,39.000,55.000,174,354,566,160,152,152,152,152,152,152,1,0,0,3,30,1
2.450000,324.18,14.730,8.830,219,354,120.000,120,120,18.000,39.000,55.000,179,351,563,160,151,151,151,151,151,151,1,0,0,3,30,1
2.455000,327.78,15.439,9.260,215,351,120.000,120,120,18.000,39.000,55.000,188,348,557,160,150,150,150,150,150,150,1,0,0,3,30,1
2.460000,331.38,16.331,9.810,213,348,120.000,120,120,18.000,39.000,55.000,199,345,552,160,149,149,149,149,149,149,1,0,0,3,30,1
2.465000,334.98,17.395,10.410,213,346,120.000,119,119,18.000,39.000,55.000,209,340,544,160,148,148,148,148,148,148,1,0,0,3,30,1
2.470000,338.58,18.615,11.170,215,343,120.000,119,119,18.000,39.000,55.000,225,337,539,160,146,146,146,146,146,146,1,0,0,3,30,1
2.475000,342.18,19.973,11.980,218,341,120.000,119,119,18.000,39.000,55.000,241,334,535,160,145,145,145,145,145,145,1,0,0,3,30,1
2.480000,345.78,21.449,12.850,223,338,120.000,119,119,18.000,39.000,55.000,259,331,530,160,144,144,144,144,144,144,1,0,0,3,30,1
2.485000,349.38,23.023,13.830,229,336,120.000,120,120,18.000,39.000,55.000,281,331,531,160,143,143,143,143,143,143,1,0,0,3,30,1
2.490000,352.98,24.669,14.810,237,334,120.000,120,120,18.000,39.000,55.000,301,329,527,160,142,142,142,142,142,142,1,0,0,3,30,1
2.495000,356.58,26.366,15.850,247,332,120.000,120,120,18.000,39.000,55.000,322,327,524,160,141,141,141,141,141,141,1,0,0,3,30,1
2.500000,0.18,28.086,16.820,257,331,120.000,120,120,18.000,39.000,55.000,341,326,522,160,140,140,140,140,140,140,1,0,0,3,30,1
2.505000,3.78,29.805,17.860,269,329,120.000,120,120,18.000,39.000,55.000,363,324,518,160,140,140,140,140,140,140,1,0,0,3,30,1
2.510000,7.38,31.498,18.890,282,328,120.000,120,120,18.000,39.000,55.000,383,323,517,160,139,139,139,139,139,139,1,0,0,3,30,1
2.515000,10.98,33.139,19.870,295,328,120.000,120,120,18.000,39.000,55.000,403,323,517,160,139,139,139,139,139,139,1,0,0,3,30,1
2.520000,14.58,34.703,20.790,309,327,120.000,120,120,18.000,39.000,55.000,422,322,515,160,139,139,139,139,139,139,1,0,0,3,30,1
2.525000,18.18,36.169,21.720,324,327,120.000,120,120,18.000,39.000,55.000,441,322,515,160,139,139,139,139,139,139,1,0,0,3,30,1
2.530000,21.78,37.514,22.480,338,327,120.000,119,119,18.000,39.000,55.000,453,319,511,160,139,139,139,139,139,139,1,0,0,3,30,1
2.535000,25.38,38.719,23.240,353,328,120.000,119,119,18.000,39.000,55.000,468,320,512,160,139,139,139,139,139,139,1,0,0,3,30,1
2.540000,28.98,39.766,23.840,367,329,120.000,119,119,18.000,39.000,55.000,480,321,514,160,140,140,140,140,140,140,1,0,0,3,30,1
2.545000,32.58,40.640,24.380,380,331,120.000,119,119,18.000,39.000,55.000,491,323,517,160,140,140,140,140,140,140,1,0,0,3,30,1
2.550000,36.18,41.330,24.770,393,333,120.000,120,120,18.000,39.000,55.000,503,328,525,160,141,141,141,141,141,141,1,0,0,3,30,1
2.555000,39.78,41.825,25.090,406,336,120.000,120,120,18.000,39.000,55.000,510,331,531,160,143,143,143,143,143,143,1,0,0,3,30,1
2.560000,43.38,42.118,25.260,417,339,120.000,120,120,18.000,39.000,55.000,513,335,536,160,144,144,144,144,144,144,1,0,0,3,30,1
2.565000,46.98,42.208,25.310,427,342,120.000,120,120,18.000,39.000,55.000,514,338,541,160,146,146,146,146,146,146,1,0,0,3,30,1
2.570000,50.58,42.092,25.260,435,346,120.000,120,120,18.000,39.000,55.000,513,343,549,160,148,148,148,148,148,148,1,0,0,3,30,1
2.575000,54.18,41.775,25.040,442,350,120.000,120,120,18.000,39.000,55.000,509,347,556,160,150,150,150,150,150,150,1,0,0,3,30,1
2.580000,57.78,41.262,24.770,448,354,120.000,120,120,18.000,39.000,55.000,503,351,563,160,151,151,151,151,151,151,1,0,0,3,30,1
2.585000,61.38,40.562,24.330,451,357,120.000,120,120,18.000,39.000,55.000,494,355,568,160,153,153,153,153,153,153,1,0,0,3,30,1
2.590000,64.98,39.688,23.790,454,361,120.000,119,119,18.000,39.000,55.000,479,356,570,160,155,155,155,155,155,155,1,0,0,3,30,1
2.595000,68.58,38.653,23.190,454,365,120.000,119,119,18.000,39.000,55.000,467,361,577,160,157,157,157,157,157,157,1,0,0,3,30,1
2.600000,72.18,37.474,22.480,453,369,120.000,119,119,18.000,39.000,55.000,453,365,584,160,159,159,159,159,159,159,1,0,0,3,30,1
2.605000,75.78,36.172,21.720,450,372,120.000,119,119,18.000,39.000,55.000,437,368,589,160,160,160,160,160,160,160,1,0,0,3,30,1
2.610000,79.38,34.766,20.850,446,375,120.000,120,120,18.000,39.000,55.000,423,375,600,160,162,162,162,162,162,162,1,0,0,3,30,1
2.615000,82.98,33.280,19.980,440,378,120.000,120,120,18.000,39.000,55.000,406,378,605,160,163,163,163,163,163,163,1,0,0,3,30,1
2.620000,86.58,31.737,19.050,432,380,120.000,120,120,18.000,39.000,55.000,387,380,609,160,164,164,164,164,164,164,1,0,0,3,30,1
2.625000,90.18,30.161,18.080,423,382,120.000,120,120,18.000,39.000,55.000,367,382,612,160,165,165,165,165,165,165,1,0,0,3,30,1
2.630000,93.78,28.577,17.150,414,383,120.000,120,120,18.000,39.000,55.000,348,383,614,160,165,165,165,165,165,165,1,0,0,3,30,1
2.635000,97.38,27.011,16.230,403,384,120.000,120,120,18.000,39.000,55.000,329,385,616,160,166,166,166,166,166,166,1,0,0,3,30,1
2.640000,100.98,25.487,15.300,391,385,120.000,120,120,18.000,39.000,55.000,311,386,617,160,166,166,166,166,166,166,1,0,0,3,30,1
2.645000,104.58,24.029,14.430,379,385,120.000,120,120,18.000,39.000,55.000,293,386,617,160,166,166,166,166,166,166,1,0,0,3,30,1
2.650000,108.18,22.658,13.620,366,385,120.000,120,120,18.000,39.000,55.000,276,386,617,160,166,166,166,166,166,166,1,0,0,3,30,1
2.655000,111.78,21.397,12.850,353,384,120.000,119,119,18.000,39.000,55.000,259,382,611,160,166,166,166,166,166,166,1,0,0,3,30,1
2.660000,115.38,20.265,12.150,340,383,120.000,119,119,18.000,39.000,55.000,244,380,609,160,165,165,165,165,165,165,1,0,0,3,30,1
2.665000,118.98,19.279,11.550,327,383,120.000,119,119,18.000,39.000,55.000,232,380,609,160,165,165,165,165,165,165,1,0,0,3,30,1
2.670000,122.58,18.453,11.060,314,381,120.000,119,119,18.000,39.000,55.000,222,378,605,160,164,164,164,164,164,164,1,0,0,3,30,1
2.675000,126.18,17.801,10.680,302,380,120.000,120,120,18.000,39.000,55.000,217,380,609,160,164,164,164,164,164,164,1,0,0,3,30,1
2.680000,129.78,17.330,10.410,291,378,120.000,120,120,18.000,39.000,55.000,211,378,605,160,163,163,163,163,163,163,1,0,0,3,30,1
2.685000,133.38,17.048,10.240,281,376,120.000,120,120,18.000,39.000,55.000,208,376,602,160,162,162,162,162,162,162,1,0,0,3,30,1
2.690000,136.98,16.958,10.190,272,375,120.000,120,120,18.000,39.000,55.000,207,375,600,160,162,162,162,162,162,162,1,0,0,3,30,1
2.695000,140.58,17.061,10.240,264,372,120.000,120,120,18.000,39.000,55.000,208,371,594,160,160,160,160,160,160,160,1,0,0,3,30,1
2.700000,144.18,17.352,10.410,258,370,120.000,120,120,18.000,39.000,55.000,211,369,591,160,159,159,159,159,159,159,1,0,0,3,30,1
2.705000,147.78,17.827,10.680,253,368,120.000,120,120,18.000,39.000,55.000,217,367,588,160,158,158,158,158,158,158,1,0,0,3,30,1
2.710000,151.38,18.477,11.060,249,366,120.000,120,120,18.000,39.000,55.000,224,365,584,160,157,157,157,157,157,157,1,0,0,3,30,1
2.715000,154.98,19.290,11.550,247,364,120.000,119,119,18.000,39.000,55.000,232,360,576,160,156,156,156,156,156,156,1,0,0,3,30,1
2.720000,158.58,20.251,12.150,247,361,120.000,119,119,18.000,39.000,55.000,244,356,570,160,155,155,155,155,155,155,1,0,0,3,30,1
2.725000,162.18,21.344,12.800,248,359,120.000,119,119,18.000,39.000,55.000,258,354,567,160,154,154,154,154,154,154,1,0,0,3,30,1
2.730000,165.78,22.550,13.510,251,357,120.000,119,119,18.000,39.000,55.000,272,352,563,160,153,153,153,153,153,153,1,0,0,3,30,1
2.735000,169.38,23.848,14.320,255,355,120.000,120,120,18.000,39.000,55.000,291,353,564,160,152,152,152,152,152,152,1,0,0,3,30,1
2.740000,172.98,25.217,15.140,260,353,120.000,120,120,18.000,39.000,55.000,307,350,561,160,151,151,151,151,151,151,1,0,0,3,30,1
2.745000,176.58,26.633,15.950,267,351,120.000,120,120,18.000,39.000,55.000,324,348,557,160,150,150,150,150,150,150,1,0,0,3,30,1
2.750000,180.18,28.072,16.820,275,350,120.000,120,120,18.000,39.000,55.000,341,347,556,160,150,150,150,150,150,150,1,0,0,3,30,1
2.755000,183.78,29.510,17.690,284,348,120.000,120,120,18.000,39.000,55.000,359,345,552,160,149,149,149,149,149,149,1,0,0,3,30,1
2.760000,187.38,30.922,18.560,294,347,120.000,120,120,18.000,39.000,55.000,377,344,550,160,148,148,148,148,148,148,1,0,0,3,30,1
2.765000,190.98,32.285,19.380,305,346,120.000,120,120,18.000,39.000,55.000,393,343,549,160,148,148,148,148,148,148,1,0,0,3,30,1
2.770000,194.58,33.575,20.140,316,346,120.000,120,120,18.000,39.000,55.000,409,343,549,160,148,148,148,148,148,148,1,0,0,3,30,1
2.775000,198.18,34.771,20.850,328,345,120.000,120,120,18.000,39.000,55.000,423,341,547,160,147,147,147,147,147,147,1,0,0,3,30,1
2.780000,201.78,35.852,21.500,340,345,120.000,119,119,18.000,39.000,55.000,433,339,542,160,147,147,147,147,147,147,1,0,0,3,30,1
2.785000,205.38,36.799,22.050,351,345,120.000,119,119,18.000,39.000,55.000,444,339,542,160,147,147,147,147,147,147,1,0,0,3,30,1
2.790000,208.98,37.595,22.540,363,346,120.000,119,119,18.000,39.000,55.000,454,340,544,160,148,148,148,148,148,148,1,0,0,3,30,1
2.795000,212.58,38.228,22.920,373,346,120.000,119,119,18.000,39.000,55.000,462,340,544,160,148,148,148,148,148,148,1,0,0,3,30,1
2.800000,216.18,38.685,23.190,384,348,120.000,120,120,18.000,39.000,55.000,471,345,552,160,149,149,149,149,149,149,1,0,0,3,30,1
2.805000,219.78,38.958,23.350,393,349,120.000,120,120,18.000,39.000,55.000,474,346,554,160,149,149,149,149,149,149,1,0,0,3,30,1
2.810000,223.38,39.041,23.410,401,351,120.000,120,120,18.000,39.000,55.000,475,348,557,160,150,150,150,150,150,150,1,0,0,3,30,1
2.815000,226.98,38.932,23.350,409,353,120.000,120,120,18.000,39.000,55.000,474,350,561,160,151,151,151,151,151,151,1,0,0,3,30,1
2.820000,230.58,38.631,23.190,415,356,120.000,120,120,18.000,39.000,55.000,471,354,566,160,152,152,152,152,152,152,1,0,0,3,30,1
2.825000,234.18,38.142,22.860,419,358,120.000,120,120,18.000,39.000,55.000,464,356,570,160,153,153,153,153,153,153,1,0,0,3,30,1
2.830000,237.78,37.472,22.480,422,361,120.000,120,120,18.000,39.000,55.000,456,359,575,160,155,155,155,155,155,155,1,0,0,3,30,1
2.835000,241.38,36.630,21.990,424,363,120.000,120,120,18.000,39.000,55.000,447,361,578,160,156,156,156,156,156,156,1,0,0,3,30,1
2.840000,244.98,35.628,21.390,424,366,120.000,119,119,18.000,39.000,55.000,431,362,579,160,157,157,157,157,157,157,1,0,0,3,30,1
2.845000,248.58,34.482,20.690,422,368,120.000,119,119,18.000,39.000,55.000,417,364,583,160,158,158,158,158,158,158,1,0,0,3,30,1
2.850000,252.18,33.209,19.920,419,370,120.000,119,119,18.000,39.000,55.000,401,366,586,160,159,159,159,159,159,159,1,0,0,3,30,1
2.855000,255.78,31.829,19.110,414,372,120.000,119,119,18.000,39.000,55.000,385,368,589,160,160,160,160,160,160,160,1,0,0,3,30,1
2.860000,259.38,30.363,18.180,408,374,120.000,120,120,18.000,39.000,55.000,369,374,598,160,161,161,161,161,161,161,1,0,0,3,30,1
2.865000,262.98,28.834,17.310,401,375,120.000,120,120,18.000,39.000,55.000,351,375,600,160,162,162,162,162,162,162,1,0,0,3,30,1
2.870000,266.58,27.265,16.330,392,376,120.000,120,120,18.000,39.000,55.000,331,376,602,160,162,162,162,162,162,162,1,0,0,3,30,1
2.875000,270.18,25.681,15.410,382,376,120.000,120,120,18.000,39.000,55.000,313,376,602,160,162,162,162,162,162,162,1,0,0,3,30,1
2.880000,273.78,24.107,14.490,371,376,120.000,120,120,18.000,39.000,55.000,294,376,602,160,162,162,162,162,162,162,1,0,0,3,30,1
2.885000,277.38,22.568,13.560,359,376,120.000,120,120,18.000,39.000,55.000,275,376,602,160,162,162,162,162,162,162,1,0,0,3,30,1
2.890000,280.98,21.089,12.640,347,375,120.000,120,120,18.000,39.000,55.000,256,375,600,160,162,162,162,162,162,162,1,0,0,3,30,1
2.895000,284.58,19.693,11.820,334,375,120.000,120,120,18.000,39.000,55.000,240,375,600,160,162,162,162,162,162,162,1,0,0,3,30,1
2.900000,288.18,18.402,11.060,321,374,120.000,120,120,18.000,39.000,55.000,224,374,598,160,161,161,161,161,161,161,1,0,0,3,30,1
2.905000,291.78,17.237,10.350,307,373,120.000,119,119,18.000,39.000,55.000,208,369,591,160,161,161,161,161,161,161,1,0,0,3,30,1
2.910000,295.38,16.217,9.750,294,371,120.000,119,119,18.000,39.000,55.000,196,367,588,160,160,160,160,160,160,160,1,0,0,3,30,1
2.915000,298.98,15.360,9.210,282,370,120.000,119,119,18.000,39.000,55.000,185,366,586,160,159,159,159,159,159,159,1,0,0,3,30,1
2.920000,302.58,14.678,8.770,270,368,120.000,119,119,18.000,39.000,55.000,176,364,583,160,158,158,158,158,158,158,1,0,0,3,30,1
2.925000,306.18,14.184,8.500,258,366,120.000,120,120,18.000,39.000,55.000,172,365,584,160,157,157,157,157,157,157,1,0,0,3,30,1
2.930000,309.78,13.887,8.340,248,364,120.000,120,120,18.000,39.000,55.000,169,363,580,160,156,156,156,156,156,156,1,0,0,3,30,1
2.935000,313.38,13.792,8.280,239,361,120.000,120,120,18.000,39.000,55.000,168,359,575,160,155,155,155,155,155,155,1,0,0,3,30,1
2.940000,316.98,13.902,8.340,231,359,120.000,120,120,18.000,39.000,55.000,169,357,572,160,154,154,154,154,154,154,1,0,0,3,30,1
2.945000,320.58,14.216,8.560,224,356,120.000,120,120,18.000,39.000,55.000,174,354,566,160,152,152,152,152,152,152,1,0,0,3,30,1
2.950000,324.18,14.730,8.830,219,354,120.000,120,120,18.000,39.000,55.000,179,351,563,160,151,151,151,151,151,151,1,0,0,3,30,1
2.955000,327.78,15.439,9.260,215,351,120.000,120,120,18.000,39.000,55.000,188,348,557,160,150,150,150,150,150,150,1,0,0,3,30,1
2.960000,331.38,16.331,9.810,213,348,120.000,120,120,18.000,39.000,55.000,199,345,552,160,149,149,149,149,149,149,1,0,0,3,30,1
2.965000,334.98,17.395,10.410,213,346,120.000,119,119,18.000,39.000,55.000,209,340,544,160,148,148,148,148,148,148,1,0,0,3,30,1
2.970000,338.58,18.615,11.170,215,343,120.000,119,119,18.000,39.000,55.000,225,337,539,160,146,146,146,146,146,146,1,0,0,3,30,1
2.975000,342.18,19.973,11.980,218,341,120.000,119,119,18.000,39.000,55.000,241,334,535,160,145,145,145,145,145,145,1,0,0,3,30,1
2.980000,345.78,21.449,12.850,223,338,120.000,119,119,18.000,39.000,55.000,259,331,530,160,144,144,144,144,144,144,1,0,0,3,30,1
2.985000,349.38,23.023,13.830,229,336,120.000,120,120,18.000,39.000,55.000,281,331,531,160,143,143,143,143,143,143,1,0,0,3,30,1
2.990000,352.98,24.669,14.810,237,334,120.000,120,120,18.000,39.000,55.000,301,329,527,160,142,142,142,142,142,142,1,0,0,3,30,1
2.995000,356.58,26.366,15.850,247,332,120.000,120,120,18.000,39.000,55.000,322,327,524,160,141,141,141,141,141,141,1,0,0,3,30,1
3.000000,0.18,28.086,16.820,257,331,120.000,120,120,18.000,39.000,55.000,341,326,522,160,140,140,140,140,140,140,1,0,0,3,30,1
3.005000,3.78,29.805,17.860,269,329,120.000,120,120,18.000,39.000,55.000,363,324,518,160,140,140,140,140,140,140,1,0,0,3,30,1
3.010000,7.38,31.498,18.890,282,328,120.000,120,120,18.000,39.000,55.000,383,323,517,160,139,139,139,139,139,139,1,0,0,3,30,1
3.015000,10.98,33.139,19.870,295,328,120.000,120,120,18.000,39.000,55.000,403,323,517,160,139,139,139,139,139,139,1,0,0,3,30,1
3.020000,14.58,34.703,20.790,309,327,120.000,120,120,18.000,39.000,55.000,422,322,515,160,139,139,139,139,139,139,1,0,0,3,30,1
3.025000,18.18,36.169,21.720,324,327,120.000,120,120,18.000,39.000,55.000,441,322,515,160,139,139,139,139,139,139,1,0,0,3,30,1
3.030000,21.78,37.514,22.480,338,327,120.000,119,119,18.000,39.000,55.000,453,319,511,160,139,139,139,139,139,139,1,0,0,3,30,1
3.035000,25.38,38.719,23.240,353,328,120.000,119,119,18.000,39.000,55.000,468,320,512,160,139,139,139,139,139,139,1,0,0,3,30,1
3.040000,28.98,39.766,23.840,367,329,120.000,119,119,18.000,39.000,55.000,480,321,514,160,140,140,140,140,140,140,1,0,0,3,30,1
3.045000,32.58,40.640,24.380,380,331,120.000,119,119,18.000,39.000,55.000,491,323,517,160,140,140,140,140,140,140,1,0,0,3,30,1
3.050000,36.18,41.330,24.770,393,333,120.000,120,120,18.000,39.000,55.000,503,328,525,160,141,141,141,141,141,141,1,0,0,3,30,1
3.055000,39.78,41.825,25.090,406,336,120.000,120,120,18.000,39.000,55.000,510,331,531,160,143,143,143,143,143,143,1,0,0,3,30,1
3.060000,43.38,42.118,25.260,417,339,120.000,120,120,18.000,39.000,55.000,513,335,536,160,144,144,144,144,144,144,1,0,0,3,30,1
3.065000,46.98,42.208,25.310,427,342,120.000,120,120,18.000,39.000,55.000,514,338,541,160,146,146,146,146,146,146,1,0,0,3,30,1
3.070000,50.58,42.092,25.260,435,346,120.000,120,120,18.000,39.000,55.000,513,343,549,160,148,148,148,148,148,148,1,0,0,3,30,1
3.075000,54.18,41.775,25.040,442,350,120.000,120,120,18.000,39.000,55.000,509,347,556,160,150,150,150,150,150,150,1,0,0,3,30,1
3.080000,57.78,41.262,24.770,448,354,120.000,120,120,18.000,39.000,55.000,503,351,563,160,151,151,151,151,151,151,1,0,0,3,30,1
3.085000,61.38,40.562,24.330,451,357,120.000,120,120,18.000,39.000,55.000,494,355,568,160,153,153,153,153,153,153,1,0,0,3,30,1
3.090000,64.98,39.688,23.790,454,361,120.000,119,119,18.000,39.000,55.000,479,356,570,160,155,155,155,155,155,155,1,0,0,3,30,1
3.095000,68.58,38.653,23.190,454,365,120.000,119,119,18.000,39.000,55.000,467,361,577,160,157,157,157,157,157,157,1,0,0,3,30,1
3.100000,72.18,37.474,22.480,453,369,120.000,119,119,18.000,39.000,55.000,453,365,584,160,159,159,159,159,159,159,1,0,0,3,30,1
3.105000,75.78,36.172,21.720,450,372,120.000,119,119,18.000,39.000,55.000,437,368,589,160,160,160,160,160,160,160,1,0,0,3,30,1
3.110000,79.38,34.766,20.850,446,375,120.000,120,120,18.000,39.000,55.000,423,375,600,160,162,162,162,162,162,162,1,0,0,3,30,1
3.115000,82.98,33.280,19.980,440,378,120.000,120,120,18.000,39.000,55.000,406,378,605,160,163,163,163,163,163,163,1,0,0,3,30,1
3.120000,86.58,31.737,19.050,432,380,120.000,120,120,18.000,39.000,55.000,387,380,609,160,164,164,164,164,164,164,1,0,0,3,30,1
3.125000,90.18,30.161,18.080,423,382,120.000,120,120,18.000,39.000,55.000,367,382,612,160,165,165,165,165,165,165,1,0,0,3,30,1
3.130000,93.78,28.577,17.150,414,383,120.000,120,120,18.000,39.000,55.000,348,383,614,160,165,165,165,165,165,165,1,0,0,3,30,1
3.135000,97.38,27.011,16.230,403,384,120.000,120,120,18.000,39.000,55.000,329,385,616,160,166,166,166,166,166,166,1,0,0,3,30,1
3.140000,100.98,25.487,15.300,391,385,120.000,120,120,18.000,39.000,55.000,311,386,617,160,166,166,166,166,166,166,1,0,0,3,30,1
3.145000,104.58,24.029,14.430,379,385,120.000,120,120,18.000,39.000,55.000,293,386,617,160,166,166,166,166,166,166,1,0,0,3,30,1
3.150000,108.18,22.658,13.620,366,385,120.000,120,120,18.000,39.000,55.000,276,386,617,160,166,166,166,166,166,166,1,0,0,3,30,1
3.155000,111.78,21.397,12.850,353,384,120.000,119,119,18.000,39.000,55.000,259,382,611,160,166,166,166,166,166,166,1,0,0,3,30,1
3.160000,115.38,20.265,12.150,340,383,120.000,119,119,18.000,39.000,55.000,244,380,609,160,165,165,165,165,165,165,1,0,0,3,30,1
3.165000,118.98,19.279,11.550,327,383,120.000,119,119,18.000,39.000,55.000,232,380,609,160,165,165,165,165,165,165,1,0,0,3,30,1
3.170000,122.58,18.453,11.060,314,381,120.000,119,119,18.000,39.000,55.000,222,378,605,160,164,164,164,164,164,164,1,0,0,3,30,1
3.175000,126.18,17.801,10.680,302,380,120.000,120,120,18.000,39.000,55.000,217,380,609,160,164,164,164,164,164,164,1,0,0,3,30,1
3.180000,129.78,17.330,10.410,291,378,120.000,120,120,18.000,39.000,55.000,211,378,605,160,163,163,163,163,163,163,1,0,0,3,30,1
3.185000,133.38,17.048,10.240,281,376,120.000,120,120,18.000,39.000,55.000,208,376,602,160,162,162,162,162,162,162,1,0,0,3,30,1
3.190000,136.98,16.958,10.190,272,375,120.000,120,120,18.000,39.000,55.000,207,375,600,160,162,162,162,162,162,162,1,0,0,3,30,1
3.195000,140.58,17.061,10.240,264,372,120.000,120,120,18.000,39.000,55.000,208,371,594,160,160,160,160,160,160,160,1,0,0,3,30,1
3.200000,144.18,17.352,10.410,258,370,120.000,120,120,18.000,39.000,55.000,211,369,591,160,159,159,159,159,159,159,1,0,0,3,30,1
3.205000,147.78,17.827,10.680,253,368,120.000,120,120,18.000,39.000,55.000,217,367,588,160,158,158,158,158,158,158,1,0,0,3,30,1
3.210000,151.38,18.477,11.060,249,366,120.000,120,120,18.000,39.000,55.000,224,365,584,160,157,157,157,157,157,157,1,0,0,3,30,1
3.215000,154.98,19.290,11.550,247,364,120.000,119,119,18.000,39.000,55.000,232,360,576,160,156,156,156,156,156,156,1,0,0,3,30,1
3.220000,158.58,20.251,12.150,247,361,120.000,119,119,18.000,39.000,55.000,244,356,570,160,155,155,155,155,155,155,1,0,0,3,30,1
3.225000,162.18,21.344,12.800,248,359,120.000,119,119,18.000,39.000,55.000,258,354,567,160,154,154,154,154,154,154,1,0,0,3,30,1
3.230000,165.78,22.550,13.510,251,357,120.000,119,119,18.000,39.000,55.000,272,352,563,160,153,153,153,153,153,153,1,0,0,3,30,1
3.235000,169.38,23.848,14.320,255,355,120.000,120,120,18.000,39.000,55.000,291,353,564,160,152,152,152,152,152,152,1,0,0,3,30,1
3.240000,172.98,25.217,15.140,260,353,120.000,120,120,18.000,39.000,55.000,307,350,561,160,151,151,151,151,151,151,1,0,0,3,30,1
3.245000,176.58,26.633,15.950,267,351,120.000,120,120,18.000,39.000,55.000,324,348,557,160,150,150,150,150,150,150,1,0,0,3,30,1
3.250000,180.18,28.072,16.820,275,350,120.000,120,120,18.000,39.000,55.000,341,347,556,160,150,150,150,150,150,150,1,0,0,3,30,1
3.255000,183.78,29.510,17.690,284,348,120.000,120,120,18.000,39.000,55.000,359,345,552,160,149,149,149,149,149,149,1,0,0,3,30,1
3.260000,187.38,30.922,18.560,294,347,120.000,120,120,18.000,39.000,55.000,377,344,550,160,148,148,148,148,148,148,1,0,0,3,30,1
3.265000,190.98,32.285,19.380,305,346,120.000,120,120,18.000,39.000,55.000,393,343,549,160,148,148,148,148,148,148,1,0,0,3,30,1
3.270000,194.58,33.575,20.140,316,346,120.000,120,120,18.000,39.000,55.000,409,343,549,160,148,148,148,148,148,148,1,0,0,3,30,1
3.275000,198.18,34.771,20.850,328,345,120.000,120,120,18.000,39.000,55.000,423,341,547,160,147,147,147,147,147,147,1,0,0,3,30,1
3.280000,201.78,35.852,21.500,340,345,120.000,119,119,18.000,39.000,55.000,433,339,542,160,147,147,147,147,147,147,1,0,0,3,30,1
3.285000,205.38,36.799,22.050,351,345,120.000,119,119,18.000,39.000,55.000,444,339,542,160,147,147,147,147,147,147,1,0,0,3,30,1
3.290000,208.98,37.595,22.540,363,346,120.000,119,119,18.000,39.000,55.000,454,340,544,160,148,148,148,148,148,148,1,0,0,3,30,1
3.295000,212.58,38.228,22.920,373,346,120.000,119,119,18.000,39.000,55.000,462,340,544,160,148,148,148,148,148,148,1,0,0,3,30,1
3.300000,216.18,38.685,23.190,384,348,120.000,120,120,18.000,39.000,55.000,471,345,552,160,149,149,149,149,149,149,1,0,0,3,30,1
3.305000,219.78,38.958,23.350,393,349,120.000,120,120,18.000,39.000,55.000,474,346,554,160,149,149,149,149,149,149,1,0,0,3,30,1
3.310000,223.38,39.041,23.410,401,351,120.000,120,120,18.000,39.000,55.000,475,348,557,160,150,150,150,150,150,150,1,0,0,3,30,1
3.315000,226.98,38.932,23.350,409,353,120.000,120,120,18.000,39.000,55.000,474,350,561,160,151,151,151,151,151,151,1,0,0,3,30,1
3.320000,230.58,38.631,23.190,415,356,120.000,120,120,18.000,39.000,55.000,471,354,566,160,152,152,152,152,152,152,1,0,0,3,30,1
3.325000,234.18,38.142,22.860,419,358,120.000,120,120,18.000,39.000,55.000,464,356,570,160,153,153,153,153,153,153,1,0,0,3,30,1
3.330000,237.78,37.472,22.480,422,361,120.000,120,120,18.000,39.000,55.000,456,359,575,160,155,155,155,155,155,155,1,0,0,3,30,1
3.335000,241.38,36.630,21.990,424,363,120.000,120,120,18.000,39.000,55.000,447,361,578,160,156,156,156,156,156,156,1,0,0,3,30,1
3.340000,244.98,35.628,21.390,424,366,120.000,119,119,18.000,39.000,55.000,431,362,579,160,157,157,157,157,157,157,1,0,0,3,30,1
3.345000,248.58,34.482,20.690,422,368,120.000,119,119,18.000,39.000,55.000,417,364,583,160,158,158,158,158,158,158,1,0,0,3,30,1
3.350000,252.18,33.209,19.920,419,370,120.000,119,119,18.000,39.000,55.000,401,366,586,160,159,159,159,159,159,159,1,0,0,3,30,1
3.355000,255.78,31.829,19.110,414,372,120.000,119,119,18.000,39.000,55.000,385,368,589,160,160,160,160,160,160,160,1,0,0,3,30,1
3.360000,259.38,30.363,18.180,408,374,120.000,120,120,18.000,39.000,55.000,369,374,598,160,161,161,161,161,161,161,1,0,0,3,30,1
3.365000,262.98,28.834,17.310,401,375,120.000,120,120,18.000,39.000,55.000,351,375,600,160,162,162,162,162,162,162,1,0,0,3,30,1
3.370000,266.58,27.265,16.330,392,376,120.000,120,120,18.000,39.000,55.000,331,376,602,160,162,162,162,162,162,162,1,0,0,3,30,1
3.375000,270.18,25.681,15.410,382,376,120.000,120,120,18.000,39.000,55.000,313,376,602,160,162,162,162,162,162,162,1,0,0,3,30,1
3.380000,273.78,24.107,14.490,371,376,120.000,120,120,18.000,39.000,55.000,294,376,602,160,162,162,162,162,162,162,1,0,0,3,30,1
3.385000,277.38,22.568,13.560,359,376,120.000,120,120,18.000,39.000,55.000,275,376,602,160,162,162,162,162,162,162,1,0,0,3,30,1
3.390000,280.98,21.089,12.640,347,375,120.000,120,120,18.000,39.000,55.000,256,375,600,160,162,162,162,162,162,162,1,0,0,3,30,1
3.395000,284.58,19.693,11.820,334,375,120.000,120,120,18.000,39.000,55.000,240,375,600,160,162,162,162,162,162,162,1,0,0,3,30,1
3.400000,288.18,18.402,11.060,321,374,120.000,120,120,18.000,39.000,55.000,224,374,598,160,161,161,161,161,161,161,1,0,0,3,30,1
3.405000,291.78,17.237,10.350,307,373,120.000,119,119,18.000,39.000,55.000,208,369,591,160,161,161,161,161,161,161,1,0,0,3,30,1
3.410000,295.38,16.217,9.750,294,371,120.000,119,119,18.000,39.000,55.000,196,367,588,160,160,160,160,160,160,160,1,0,0,3,30,1
3.415000,298.98,15.360,9.210,282,370,120.000,119,119,18.000,39.000,55.000,185,366,586,160,159,159,159,159,159,159,1,0,0,3,30,1
3.420000,302.58,14.678,8.770,270,368,120.000,119,119,18.000,39.000,55.000,176,364,583,160,158,158,158,158,158,158,1,0,0,3,30,1
3.425000,306.18,14.184,8.500,258,366,120.000,120,120,18.000,39.000,55.000,172,365,584,160,157,157,157,157,157,157,1,0,0,3,30,1
3.430000,309.78,13.887,8.340,248,364,120.000,120,120,18.000,39.000,55.000,169,363,580,160,156,156,156,156,156,156,1,0,0,3,30,1
3.435000,313.38,13.792,8.280,239,361,120.000,120,120,18.000,39.000,55.000,168,359,575,160,155,155,155,155,155,155,1,0,0,3,30,1
3.440000,316.98,13.902,8.340,231,359,120.000,120,120,18.000,39.000,55.000,169,357,572,160,154,154,154,154,154,154,1,0,0,3,30,1
3.445000,320.58,14.216,8.560,224,356,120.000,120,120,18.000,39.000,55.000,174,354,566,160,152,152,152,152,152,152,1,0,0,3,30,1
3.450000,324.18,14.730,8.830,219,354,120.000,120,120,18.000,39.000,55.000,179,351,563,160,151,151,151,151,151,151,1,0,0,3,30,1
3.455000,327.78,15.439,9.260,215,351,120.000,120,120,18.000,39.000,55.000,188,348,557,160,150,150,150,150,150,150,1,0,0,3,30,1
3.460000,331.38,16.331,9.810,213,348,120.000,120,120,18.000,39.000,55.000,199,345,552,160,149,149,149,149,149,149,1,0,0,3,30,1
3.465000,334.98,17.395,10.410,213,346,120.000,119,119,18.000,39.000,55.000,209,340,544,160,148,148,148,148,148,148,1,0,0,3,30,1
3.470000,338.58,18.615,11.170,215,343,120.000,119,119,18.000,39.000,55.000,225,337,539,160,146,146,146,146,146,146,1,0,0,3,30,1
3.475000,342.18,19.973,11.980,218,341,120.000,119,119,18.000,39.000,55.000,241,334,535,160,145,145,145,145,145,145,1,0,0,3,30,1
3.480000,345.78,21.449,12.850,223,338,120.000,119,119,18.000,39.000,55.000,259,331,530,160,144,144,144,144,144,144,1,0,0,3,30,1
3.485000,349.38,23.023,13.830,229,336,120.000,120,120,18.000,39.000,55.000,281,331,531,160,143,143,143,143,143,143,1,0,0,3,30,1
3.490000,352.98,24.669,14.810,237,334,120.000,120,120,18.000,39.000,55.000,301,329,527,160,142,142,142,142,142,142,1,0,0,3,30,1
3.495000,356.58,26.366,15.850,247,332,120.000,120,120,18.000,39.000,55.000,322,327,524,160,141,141,141,141,141,141,1,0,0,3,30,1
3.500000,0.18,28.086,16.820,257,331,120.000,120,120,18.000,39.000,55.000,341,326,522,160,140,140,140,140,140,140,1,0,0,3,30,1
3.505000,3.78,29.805,17.860,269,329,120.000,120,120,18.000,39.000,55.000,363,324,518,160,140,140,140,140,140,140,1,0,0,3,30,1
3.510000,7.38,31.498,18.890,282,328,120.000,120,120,18.000,39.000,55.000,383,323,517,160,139,139,139,139,139,139,1,0,0,3,30,1
3.515000,10.98,33.139,19.870,295,328,120.000,120,120,18.000,39.000,55.000,403,323,517,160,139,139,139,139,139,139,1,0,0,3,30,1
3.520000,14.58,34.703,20.790,309,327,120.000,120,120,18.000,39.000,55.000,422,322,515,160,139,139,139,139,139,139,1,0,0,3,30,1
3.525000,18.18,36.169,21.720,324,327,120.000,120,120,18.000,39.000,55.000,441,322,515,160,139,139,139,139,139,139,1,0,0,3,30,1
3.530000,21.78,37.514,22.480,338,327,120.000,119,119,18.000,39.000,55.000,453,319,511,160,139,139,139,139,139,139,1,0,0,3,30,1
3.535000,25.38,38.719,23.240,353,328,120.000,119,119,18.000,39.000,55.000,468,320,512,160,139,139,139,139,139,139,1,0,0,3,30,1
3.540000,28.98,39.766,23.840,367,329,120.000,119,119,18.000,39.000,55.000,480,321,514,160,140,140,140,140,140,140,1,0,0,3,30,1
3.545000,32.58,40.640,24.380,380,331,120.000,119,119,18.000,39.000,55.000,491,323,517,160,140,140,140,140,140,140,1,0,0,3,30,1
3.550000,36.18,41.330,24.770,393,333,120.000,120,120,18.000,39.000,55.000,503,328,525,160,141,141,141,141,141,141,1,0,0,3,30,1
3.555000,39.78,41.825,25.090,406,336,120.000,120,120,18.000,39.000,55.000,510,331,531,160,143,143,143,143,143,143,1,0,0,3,30,1
3.560000,43.38,42.118,25.260,417,339,120.000,120,120,18.000,39.000,55.000,513,335,536,160,144,144,144,144,144,144,1,0,0,3,30,1
3.565000,46.98,42.208,25.310,427,342,120.000,120,120,18.000,39.000,55.000,514,338,541,160,146,146,146,146,146,146,1,0,0,3,30,1
3.570000,50.58,42.092,25.260,435,346,120.000,120,120,18.000,39.000,55.000,513,343,549,160,148,148,148,148,148,148,1,0,0,3,30,1
3.575000,54.18,41.775,25.040,442,350,120.000,120,120,18.000,39.000,55.000,509,347,556,160,150,150,150,150,150,150,1,0,0,3,30,1
3.580000,57.78,41.262,24.770,448,354,120.000,120,120,18.000,39.000,55.000,503,351,563,160,151,151,151,151,151,151,1,0,0,3,30,1
3.585000,61.38,40.562,24.330,451,357,120.000,120,120,18.000,39.000,55.000,494,355,568,160,153,153,153,153,153,153,1,0,0,3,30,1
3.590000,64.98,39.688,23.790,454,361,120.000,119,119,18.000,39.000,55.000,479,356,570,160,155,155,155,155,155,155,1,0,0,3,30,1
3.595000,68.58,38.653,23.190,454,365,120.000,119,119,18.000,39.000,55.000,467,361,577,160,157,157,157,157,157,157,1,0,0,3,30,1
3.600000,72.18,37.474,22.480,453,369,120.000,119,119,18.000,39.000,55.000,453,365,584,160,159,159,159,159,159,159,1,0,0,3,30,1
3.605000,75.78,36.172,21.720,450,372,120.000,119,119,18.000,39.000,55.000,437,368,589,160,160,160,160,160,160,160,1,0,0,3,30,1
3.610000,79.38,34.766,20.850,446,375,120.000,120,120,18.000,39.000,55.000,423,375,600,160,162,162,162,162,162,162,1,0,0,3,30,1
3.615000,82.98,33.280,19.980,440,378,120.000,120,120,18.000,39.000,55.000,406,378,605,160,163,163,163,163,163,163,1,0,0,3,30,1
3.620000,86.58,31.737,19.050,432,380,120.000,120,120,18.000,39.000,55.000,387,380,609,160,164,164,164,164,164,164,1,0,0,3,30,1
3.625000,90.18,30.161,18.080,423,382,120.000,120,120,18.000,39.000,55.000,367,382,612,160,165,165,165,165,165,165,1,0,0,3,30,1
3.630000,93.78,28.577,17.150,414,383,120.000,120,120,18.000,39.000,55.000,348,383,614,160,165,165,165,165,165,165,1,0,0,3,30,1
3.635000,97.38,27.011,16.230,403,384,120.000,120,120,18.000,39.000,55.000,329,385,616,160,166,166,166,166,166,166,1,0,0,3,30,1
3.640000,100.98,25.487,15.300,391,385,120.000,120,120,18.000,39.000,55.000,311,386,617,160,166,166,166,166,166,166,1,0,0,3,30,1
3.645000,104.58,24.029,14.430,379,385,120.000,120,120,18.000,39.000,55.000,293,386,617,160,166,166,166,166,166,166,1,0,0,3,30,1
3.650000,108.18,22.658,13.620,366,385,120.000,120,120,18.000,39.000,55.000,276,386,617,160,166,166,166,166,166,166,1,0,0,3,30,1
3.655000,111.78,21.397,12.850,353,384,120.000,119,119,18.000,39.000,55.000,259,382,611,160,166,166,166,166,166,166,1,0,0,3,30,1
3.660000,115.38,20.265,12.150,340,383,120.000,119,119,18.000,39.000,55.000,244,380,609,160,165,165,165,165,165,165,1,0,0,3,30,1
3.665000,118.98,19.279,11.550,327,383,120.000,119,119,18.000,39.000,55.000,232,380,609,160,165,165,165,165,165,165,1,0,0,3,30,1
3.670000,122.58,18.453,11.060,314,381,120.000,119,119,18.000,39.000,55.000,222,378,605,160,164,164,164,164,164,164,1,0,0,3,30,1
3.675000,126.18,17.801,10.680,302,380,120.000,120,120,18.000,39.000,55.000,217,380,609,160,164,164,164,164,164,164,1,0,0,3,30,1
3.680000,129.78,17.330,10.410,291,378,120.000,120,120,18.000,39.000,55.000,211,378,605,160,163,163,163,163,163,163,1,0,0,3,30,1
3.685000,133.38,17.048,10.240,281,376,120.000,120,120,18.000,39.000,55.000,208,376,602,160,162,162,162,162,162,162,1,0,0,3,30,1
3.690000,136.98,16.958,10.190,272,375,120.000,120,120,18.000,39.000,55.000,207,375,600,160,162,162,162,162,162,162,1,0,0,3,30,1
3.695000,140.58,17.061,10.240,264,372,120.000,120,120,18.000,39.000,55.000,208,371,594,160,160,160,160,160,160,160,1,0,0,3,30,1
3.700000,144.18,17.352,10.410,258,370,120.000,120,120,18.000,39.000,55.000,211,369,591,160,159,159,159,159,159,159,1,0,0,3,30,1
3.705000,147.78,17.827,10.680,253,368,120.000,120,120,18.000,39.000,55.000,217,367,588,160,158,158,158,158,158,158,1,0,0,3,30,1
3.710000,151.38,18.477,11.060,249,366,120.000,120,120,18.000,39.000,55.000,224,365,584,160,157,157,157,157,157,157,1,0,0,3,30,1
3.715000,154.98,19.290,11.550,247,364,120.000,119,119,18.000,39.000,55.000,232,360,576,160,156,156,156,156,156,156,1,0,0,3,30,1
3.720000,158.58,20.251,12.150,247,361,120.000,119,119,18.000,39.000,55.000,244,356,570,160,155,155,155,155,155,155,1,0,0,3,30,1
3.725000,162.18,21.344,12.800,248,359,120.000,119,119,18.000,39.000,55.000,258,354,567,160,154,154,154,154,154,154,1,0,0,3,30,1
3.730000,165.78,22.550,13.510,251,357,120.000,119,119,18.000,39.000,55.000,272,352,563,160,153,153,153,153,153,153,1,0,0,3,30,1
3.735000,169.38,23.848,14.320,255,355,120.000,120,120,18.000,39.000,55.000,291,353,564,160,152,152,152,152,152,152,1,0,0,3,30,1
3.740000,172.98,25.217,15.140,260,353,120.000,120,120,18.000,39.000,55.000,307,350,561,160,151,151,151,151,151,151,1,0,0,3,30,1
3.745000,176.58,26.633,15.950,267,351,120.000,120,120,18.000,39.000,55.000,324,348,557,160,150,150,150,150,150,150,1,0,0,3,30,1
3.750000,180.18,28.072,16.820,275,350,120.000,120,120,18.000,39.000,55.000,341,347,556,160,150,150,150,150,150,150,1,0,0,3,30,1
3.755000,183.78,29.510,17.690,284,348,120.000,120,120,18.000,39.000,55.000,359,345,552,160,149,149,149,149,149,149,1,0,0,3,30,1
3.760000,187.38,30.922,18.560,294,347,120.000,120,120,18.000,39.000,55.000,377,344,550,160,148,148,148,148,148,148,1,0,0,3,30,1
3.765000,190.98,32.285,19.380,305,346,120.000,120,120,18.000,39.000,55.000,393,343,549,160,148,148,148,148,148,148,1,0,0,3,30,1
3.770000,194.58,33.575,20.140,316,346,120.000,120,120,18.000,39.000,55.000,409,343,549,160,148,148,148,148,148,148,1,0,0,3,30,1
3.775000,198.18,34.771,20.850,328,345,120.000,120,120,18.000,39.000,55.000,423,341,547,160,147,147,147,147,147,147,1,0,0,3,30,1
3.780000,201.78,35.852,21.500,340,345,120.000,119,119,18.000,39.000,55.000,433,339,542,160,147,147,147,147,147,147,1,0,0,3,30,1
3.785000,205.38,36.799,22.050,351,345,120.000,119,119,18.000,39.000,55.000,444,339,542,160,147,147,147,147,147,147,1,0,0,3,30,1
3.790000,208.98,37.595,22.540,363,346,120.000,119,119,18.000,39.000,55.000,454,340,544,160,148,148,148,148,148,148,1,0,0,3,30,1
3.795000,212.58,38.228,22.920,373,346,120.000,119,119,18.000,39.000,55.000,462,340,544,160,148,148,148,148,148,148,1,0,0,3,30,1
3.800000,216.18,38.685,23.190,384,348,120.000,120,120,18.000,39.000,55.000,471,345,552,160,149,149,149,149,149,149,1,0,0,3,30,1
3.805000,219.78,38.958,23.350,393,349,120.000,120,120,18.000,39.000,55.000,474,346,554,160,149,149,149,149,149,149,1,0,0,3,30,1
3.810000,223.38,39.041,23.410,401,351,120.000,120,120,18.000,39.000,55.000,475,348,557,160,150,150,150,150,150,150,1,0,0,3,30,1
3.815000,226.98,38.932,23.350,409,353,120.000,120,120,18.000,39.000,55.000,474,350,561,160,151,151,151,151,151,151,1,0,0,3,30,1
3.820000,230.58,38.631,23.190,415,356,120.000,120,120,18.000,39.000,55.000,471,354,566,160,152,152,152,152,152,152,1,0,0,3,30,1
3.825000,234.18,38.142,22.860,419,358,120.000,120,120,18.000,39.000,55.000,464,356,570,160,153,153,153,153,153,153,1,0,0,3,30,1
3.830000,237.78,37.472,22.480,422,361,120.000,120,120,18.000,39.000,55.000,456,359,575,160,155,155,155,155,155,155,1,0,0,3,30,1
3.835000,241.38,36.630,21.990,424,363,120.000,120,120,18.000,39.000,55.000,447,361,578,160,156,156,156,156,156,156,1,0,0,3,30,1
3.840000,244.98,35.628,21.390,424,366,120.000,119,119,18.000,39.000,55.000,431,362,579,160,157,157,157,157,157,157,1,0,0,3,30,1
3.845000,248.58,34.482,20.690,422,368,120.000,119,119,18.000,39.000,55.000,417,364,583,160,158,158,158,158,158,158,1,0,0,3,30,1
3.850000,252.18,33.209,19.920,419,370,120.000,119,119,18.000,39.000,55.000,401,366,586,160,159,159,159,159,159,159,1,0,0,3,30,1
3.855000,255.78,31.829,19.110,414,372,120.000,119,119,18.000,39.000,55.000,385,368,589,160,160,160,160,160,160,160,1,0,0,3,30,1
3.860000,259.38,30.363,18.180,408,374,120.000,120,120,18.000,39.000,55.000,369,374,598,160,161,161,161,161,161,161,1,0,0,3,30,1
3.865000,262.98,28.834,17.310,401,375,120.000,120,120,18.000,39.000,55.000,351,375,600,160,162,162,162,162,162,162,1,0,0,3,30,1
3.870000,266.58,27.265,16.330,392,376,120.000,120,120,18.000,39.000,55.000,331,376,602,160,162,162,162,162,162,162,1,0,0,3,30,1
3.875000,270.18,25.681,15.410,382,376,120.000,120,120,18.000,39.000,55.000,313,376,602,160,162,162,162,162,162,162,1,0,0,3,30,1
3.880000,273.78,24.107,14.490,371,376,120.000,120,120,18.000,39.000,55.000,294,376,602,160,162,162,162,162,162,162,1,0,0,3,30,1
3.885000,277.38,22.568,13.560,359,376,120.000,120,120,18.000,39.000,55.000,275,376,602,160,162,162,162,162,162,162,1,0,0,3,30,1
3.890000,280.98,21.089,12.640,347,375,120.000,120,120,18.000,39.000,55.000,256,375,600,160,162,162,162,162,162,162,1,0,0,3,30,1
3.895000,284.58,19.693,11.820,334,375,120.000,120,120,18.000,39.000,55.000,240,375,600,160,162,162,162,162,162,162,1,0,0,3,30,1
3.900000,288.18,18.402,11.060,321,374,120.000,120,120,18.000,39.000,55.000,224,374,598,160,161,161,161,161,161,161,1,0,0,3,30,1
3.905000,291.78,17.237,10.350,307,373,120.000,119,119,18.000,39.000,55.000,208,369,591,160,161,161,161,161,161,161,1,0,0,3,30,1
3.910000,295.38,16.217,9.750,294,371,120.000,119,119,18.000,39.000,55.000,196,367,588,160,160,160,160,160,160,160,1,0,0,3,30,1
3.915000,298.98,15.360,9.210,282,370,120.000,119,119,18.000,39.000,55.000,185,366,586,160,159,159,159,159,159,159,1,0,0,3,30,1
3.920000,302.58,14.678,8.770,270,368,120.000,119,119,18.000,39.000,55.000,176,364,583,160,158,158,158,158,158,158,1,0,0,3,30,1
3.925000,306.18,14.184,8.500,258,366,120.000,120,120,18.000,39.000,55.000,172,365,584,160,157,157,157,157,157,157,1,0,0,3,30,1
3.930000,309.78,13.887,8.340,248,364,120.000,120,120,18.000,39.000,55.000,169,363,580,160,156,156,156,156,156,156,1,0,0,3,30,1
3.935000,313.38,13.792,8.280,239,361,120.000,120,120,18.000,39.000,55.000,168,359,575,160,155,155,155,155,155,155,1,0,0,3,30,1
3.940000,316.98,13.902,8.340,231,359,120.000,120,120,18.000,39.000,55.000,169,357,572,160,154,154,154,154,154,154,1,0,0,3,30,1
3.945000,320.58,14.216,8.560,224,356,120.000,120,120,18.000,39.000,55.000,174,354,566,160,152,152,152,152,152,152,1,0,0,3,30,1
3.950000,324.18,14.730,8.830,219,354,120.000,120,120,18.000,39.000,55.000,179,351,563,160,151,151,151,151,151,151,1,0,0,3,30,1
3.955000,327.78,15.439,9.260,215,351,120.000,120,120,18.000,39.000,55.000,188,348,557,160,150,150,150,150,150,150,1,0,0,3,30,1
3.960000,331.38,16.331,9.810,213,348,120.000,120,120,18.000,39.000,55.000,199,345,552,160,149,149,149,149,149,149,1,0,0,3,30,1
3.965000,334.98,17.395,10.410,213,346,120.000,119,119,18.000,39.000,55.000,209,340,544,160,148,148,148,148,148,148,1,0,0,3,30,1
3.970000,338.58,18.615,11.170,215,343,120.000,119,119,18.000,39.000,55.000,225,337,539,160,146,146,146,146,146,146,1,0,0,3,30,1
3.975000,342.18,19.973,11.980,218,341,120.000,119,119,18.000,39.000,55.000,241,334,535,160,145,145,145,145,145,145,1,0,0,3,30,1
3.980000,345.78,21.449,12.850,223,338,120.000,119,119,18.000,39.000,55.000,259,331,530,160,144,144,144,144,144,144,1,0,0,3,30,1
3.985000,349.38,23.023,13.830,229,336,120.000,120,120,18.000,39.000,55.000,281,331,531,160,143,143,143,143,143,143,1,0,0,3,30,1
3.990000,352.98,24.669,14.810,237,334,120.000,120,120,18.000,39.000,55.000,301,329,527,160,142,142,142,142,142,142,1,0,0,3,30,1
3.995000,356.58,26.366,15.850,247,332,120.000,120,120,18.000,39.000,55.000,322,327,524,160,141,141,141,141,141,141,1,0,0,3,30,1
4.000000,0.18,28.086,16.820,257,331,120.000,120,120,18.000,39.000,55.000,341,326,522,160,140,140,140,140,140,140,1,0,0,3,30,1
4.005000,3.78,29.805,17.860,269,329,120.000,120,120,18.000,39.000,55.000,363,324,518,160,140,140,140,140,140,140,1,0,0,3,30,1
4.010000,7.38,31.498,18.890,282,328,120.000,120,120,18.000,39.000,55.000,383,323,517,160,139,139,139,139,139,139,1,0,0,3,30,1
4.015000,10.98,33.139,19.870,295,328,120.000,120,120,18.000,39.000,55.000,403,323,517,160,139,139,139,139,139,139,1,0,0,3,30,1
4.020000,14.58,34.703,20.790,309,327,120.000,120,120,18.000,39.000,55.000,422,322,515,160,139,139,139,139,139,139,1,0,0,3,30,1
4.025000,18.18,36.169,21.720,324,327,120.000,120,120,18.000,39.000,55.000,441,322,515,160,139,139,139,139,139,139,1,0,0,3,30,1
4.030000,21.78,37.514,22.480,338,327,120.000,119,119,18.000,39.000,55.000,453,319,511,160,139,139,139,139,139,139,1,0,0,3,30,1
4.035000,25.38,38.719,23.240,353,328,120.000,119,119,18.000,39.000,55.000,468,320,512,160,139,139,139,139,139,139,1,0,0,3,30,1
4.040000,28.98,39.766,23.840,367,329,120.000,119,119,18.000,39.000,55.000,480,321,514,160,140,140,140,140,140,140,1,0,0,3,30,1
4.045000,32.58,40.640,24.380,380,331,120.000,119,119,18.000,39.000,55.000,491,323,517,160,140,140,140,140,140,140,1,0,0,3,30,1
4.050000,36.18,41.330,24.770,393,333,120.000,120,120,18.000,39.000,55.000,503,328,525,160,141,141,141,141,141,141,1,0,0,3,30,1
4.055000,39.78,41.825,25.090,406,336,120.000,120,120,18.000,39.000,55.000,510,331,531,160,143,143,143,143,143,143,1,0,0,3,30,1
4.060000,43.38,42.118,25.260,417,339,120.000,120,120,18.000,39.000,55.000,513,335,536,160,144,144,144,144,144,144,1,0,0,3,30,1
4.065000,46.98,42.208,25.310,427,342,120.000,120,120,18.000,39.000,55.000,514,338,541,160,146,146,146,146,146,146,1,0,0,3,30,1
4.070000,50.58,42.092,25.260,435,346,120.000,120,120,18.000,39.000,55.000,513,343,549,160,148,148,148,148,148,148,1,0,0,3,30,1
4.075000,54.18,41.775,25.040,442,350,120.000,120,120,18.000,39.000,55.000,509,347,556,160,150,150,150,150,150,150,1,0,0,3,30,1
4.080000,57.78,41.262,24.770,448,354,120.000,120,120,18.000,39.000,55.000,503,351,563,160,151,151,151,151,151,151,1,0,0,3,30,1
4.085000,61.38,40.562,24.330,451,357,120.000,120,120,18.000,39.000,55.000,494,355,568,160,153,153,153,153,153,153,1,0,0,3,30,1
4.090000,64.98,39.688,23.790,454,361,120.000,119,119,18.000,39.000,55.000,479,356,570,160,155,155,155,155,155,155,1,0,0,3,30,1
4.095000,68.58,38.653,23.190,454,365,120.000,119,119,18.000,39.000,55.000,467,361,577,160,157,157,157,157,157,157,1,0,0,3,30,1
4.100000,72.18,37.474,22.480,453,369,120.000,119,119,18.000,39.000,55.000,453,365,584,160,159,159,159,159,159,159,1,0,0,3,30,1
4.105000,75.78,36.172,21.720,450,372,120.000,119,119,18.000,39.000,55.000,437,368,589,160,160,160,160,160,160,160,1,0,0,3,30,1
4.110000,79.38,34.766,20.850,446,375,120.000,120,120,18.000,39.000,55.000,423,375,600,160,162,162,162,162,162,162,1,0,0,3,30,1
4.115000,82.98,33.280,19.980,440,378,120.000,120,120,18.000,39.000,55.000,406,378,605,160,163,163,163,163,163,163,1,0,0,3,30,1
4.120000,86.58,31.737,19.050,432,380,120.000,120,120,18.000,39.000,55.000,387,380,609,160,164,164,164,164,164,164,1,0,0,3,30,1
4.125000,90.18,30.161,18.080,423,382,120.000,120,120,18.000,39.000,55.000,367,382,612,160,165,165,165,165,165,165,1,0,0,3,30,1
4.130000,93.78,28.577,17.150,414,383,120.000,120,120,18.000,39.000,55.000,348,383,614,160,165,165,165,165,165,165,1,0,0,3,30,1
4.135000,97.38,27.011,16.230,403,384,120.000,120,120,18.000,39.000,55.000,329,385,616,160,166,166,166,166,166,166,1,0,0,3,30,1
4.140000,100.98,25.487,15.300,391,385,120.000,120,120,18.000,39.000,55.000,311,386,617,160,166,166,166,166,166,166,1,0,0,3,30,1
4.145000,104.58,24.029,14.430,379,385,120.000,120,120,18.000,39.000,55.000,293,386,617,160,166,166,166,166,166,166,1,0,0,3,30,1
4.150000,108.18,22.658,13.620,366,385,120.000,120,120,18.000,39.000,55.000,276,386,617,160,166,166,166,166,166,166,1,0,0,3,30,1
4.155000,111.78,21.397,12.850,353,384,120.000,119,119,18.000,39.000,55.000,259,382,611,160,166,166,166,166,166,166,1,0,0,3,30,1
4.160000,115.38,20.265,12.150,340,383,120.000,119,119,18.000,39.000,55.000,244,380,609,160,165,165,165,165,165,165,1,0,0,3,30,1
4.165000,118.98,19.279,11.550,327,383,120.000,119,119,18.000,39.000,55.000,232,380,609,160,165,165,165,165,165,165,1,0,0,3,30,1
4.170000,122.58,18.453,11.060,314,381,120.000,119,119,18.000,39.000,55.000,222,378,605,160,164,164,164,164,164,164,1,0,0,3,30,1
4.175000,126.18,17.801,10.680,302,380,120.000,120,120,18.000,39.000,55.000,217,380,609,160,164,164,164,164,164,164,1,0,0,3,30,1
4.180000,129.78,17.330,10.410,291,378,120.000,120,120,18.000,39.000,55.000,211,378,605,160,163,163,163,163,163,163,1,0,0,3,30,1
4.185000,133.38,17.048,10.240,281,376,120.000,120,120,18.000,39.000,55.000,208,376,602,160,162,162,162,162,162,162,1,0,0,3,30,1
4.190000,136.98,16.958,10.190,272,375,120.000,120,120,18.000,39.000,55.000,207,375,600,160,162,162,162,162,162,162,1,0,0,3,30,1
4.195000,140.58,17.061,10.240,264,372,120.000,120,120,18.000,39.000,55.000,208,371,594,160,160,160,160,160,160,160,1,0,0,3,30,1
4.200000,144.18,17.352,10.410,258,370,120.000,120,120,18.000,39.000,55.000,211,369,591,160,159,159,159,159,159,159,1,0,0,3,30,1
4.205000,147.78,17.827,10.680,253,368,120.000,120,120,18.000,39.000,55.000,217,367,588,160,158,158,158,158,158,158,1,0,0,3,30,1
4.210000,151.38,18.477,11.060,249,366,120.000,120,120,18.000,39.000,55.000,224,365,584,160,157,157,157,157,157,157,1,0,0,3,30,1
4.215000,154.98,19.290,11.550,247,364,120.000,119,119,18.000,39.000,55.000,232,360,576,160,156,156,156,156,156,156,1,0,0,3,30,1
4.220000,158.58,20.251,12.150,247,361,120.000,119,119,18.000,39.000,55.000,244,356,570,160,155,155,155,155,155,155,1,0,0,3,30,1
4.225000,162.18,21.344,12.800,248,359,120.000,119,119,18.000,39.000,55.000,258,354,567,160,154,154,154,154,154,154,1,0,0,3,30,1
4.230000,165.78,22.550,13.510,251,357,120.000,119,119,18.000,39.000,55.000,272,352,563,160,153,153,153,153,153,153,1,0,0,3,30,1
4.235000,169.38,23.848,14.320,255,355,120.000,120,120,18.000,39.000,55.000,291,353,564,160,152,152,152,152,152,152,1,0,0,3,30,1
4.240000,172.98,25.217,15.140,260,353,120.000,120,120,18.000,39.000,55.000,307,350,561,160,151,151,151,151,151,151,1,0,0,3,30,1
4.245000,176.58,26.633,15.950,267,351,120.000,120,120,18.000,39.000,55.000,324,348,557,160,150,150,150,150,150,150,1,0,0,3,30,1
4.250000,180.18,28.072,16.820,275,350,120.000,120,120,18.000,39.000,55.000,341,347,556,160,150,150,150,150,150,150,1,0,0,3,30,1
4.255000,183.78,29.510,17.690,284,348,120.000,120,120,18.000,39.000,55.000,359,345,552,160,149,149,149,149,149,149,1,0,0,3,30,1
4.260000,187.38,30.922,18.560,294,347,120.000,120,120,18.000,39.000,55.000,377,344,550,160,148,148,148,148,148,148,1,0,0,3,30,1
4.265000,190.98,32.285,19.380,305,346,120.000,120,120,18.000,39.000,55.000,393,343,549,160,148,148,148,148,148,148,1,0,0,3,30,1
4.270000,194.58,33.575,20.140,316,346,120.000,120,120,18.000,39.000,55.000,409,343,549,160,148,148,148,148,148,148,1,0,0,3,30,1
4.275000,198.18,34.771,20.850,328,345,120.000,120,120,18.000,39.000,55.000,423,341,547,160,147,147,147,147,147,147,1,0,0,3,30,1
4.280000,201.78,35.852,21.500,340,345,120.000,119,119,18.000,39.000,55.000,433,339,542,160,147,147,147,147,147,147,1,0,0,3,30,1
4.285000,205.38,36.799,22.050,351,345,120.000,119,119,18.000,39.000,55.000,444,339,542,160,147,147,147,147,147,147,1,0,0,3,30,1
4.290000,208.98,37.595,22.540,363,346,120.000,119,119,18.000,39.000,55.000,454,340,544,160,148,148,148,148,148,148,1,0,0,3,30,1
4.295000,212.58,38.228,22.920,373,346,120.000,119,119,18.000,39.000,55.000,462,340,544,160,148,148,148,148,148,148,1,0,0,3,30,1
4.300000,216.18,38.685,23.190,384,348,120.000,120,120,18.000,39.000,55.000,471,345,552,160,149,149,149,149,149,149,1,0,0,3,30,1
4.305000,219.78,38.958,23.350,393,349,120.000,120,120,18.000,39.000,55.000,474,346,554,160,149,149,149,149,149,149,1,0,0,3,30,1
4.310000,223.38,39.041,23.410,401,351,120.000,120,120,18.000,39.000,55.000,475,348,557,160,150,150,150,150,150,150,1,0,0,3,30,1
4.315000,226.98,38.932,23.350,409,353,120.000,120,120,18.000,39.000,55.000,474,350,561,160,151,151,151,151,151,151,1,0,0,3,30,1
4.320000,230.58,38.631,23.190,415,356,120.000,120,120,18.000,39.000,55.000,471,354,566,160,152,152,152,152,152,152,1,0,0,3,30,1
4.325000,234.18,38.142,22.860,419,358,120.000,120,120,18.000,39.000,55.000,464,356,570,160,153,153,153,153,153,153,1,0,0,3,30,1
4.330000,237.78,37.472,22.480,422,361,120.000,120,120,18.000,39.000,55.000,456,359,575,160,155,155,155,155,155,155,1,0,0,3,30,1
4.335000,241.38,36.630,21.990,424,363,120.000,120,120,18.000,39.000,55.000,447,361,578,160,156,156,156,156,156,156,1,0,0,3,30,1
4.340000,244.98,35.628,21.390,424,366,120.000,119,119,18.000,39.000,55.000,431,362,579,160,157,157,157,157,157,157,1,0,0,3,30,1
4.345000,248.58,34.482,20.690,422,368,120.000,119,119,18.000,39.000,55.000,417,364,583,160,158,158,158,158,158,158,1,0,0,3,30,1
4.350000,252.18,33.209,19.920,419,370,120.000,119,119,18.000,39.000,55.000,401,366,586,160,159,159,159,159,159,159,1,0,0,3,30,1
4.355000,255.78,31.829,19.110,414,372,120.000,119,119,18.000,39.000,55.000,385,368,589,160,160,160,160,160,160,160,1,0,0,3,30,1
4.360000,259.38,30.363,18.180,408,374,120.000,120,120,18.000,39.000,55.000,369,374,598,160,161,161,161,161,161,161,1,0,0,3,30,1
4.365000,262.98,28.834,17.310,401,375,120.000,120,120,18.000,39.000,55.000,351,375,600,160,162,162,162,162,162,162,1,0,0,3,30,1
4.370000,266.58,27.265,16.330,392,376,120.000,120,120,18.000,39.000,55.000,331,376,602,160,162,162,162,162,162,162,1,0,0,3,30,1
4.375000,270.18,25.681,15.410,382,376,120.000,120,120,18.000,39.000,55.000,313,376,602,160,162,162,162,162,162,162,1,0,0,3,30,1
4.380000,273.78,24.107,14.490,371,376,120.000,120,120,18.000,39.000,55.000,294,376,602,160,162,162,162,162,162,162,1,0,0,3,30,1
4.385000,277.38,22.568,13.560,359,376,120.000,120,120,18.000,39.000,55.000,275,376,602,160,162,162,162,162,162,162,1,0,0,3,30,1
4.390000,280.98,21.089,12.640,347,375,120.000,120,120,18.000,39.000,55.000,256,375,600,160,162,162,162,162,162,162,1,0,0,3,30,1
4.395000,284.58,19.693,11.820,334,375,120.000,120,120,18.000,39.000,55.000,240,375,600,160,162,162,162,162,162,162,1,0,0,3,30,1
4.400000,288.18,18.402,11.060,321,374,120.000,120,120,18.000,39.000,55.000,224,374,598,160,161,161,161,161,161,161,1,0,0,3,30,1
4.405000,291.78,17.237,10.350,307,373,120.000,119,119,18.000,39.000,55.000,208,369,591,160,161,161,161,161,161,161,1,0,0,3,30,1
4.410000,295.38,16.217,9.750,294,371,120.000,119,119,18.000,39.000,55.000,196,367,588,160,160,160,160,160,160,160,1,0,0,3,30,1
4.415000,298.98,15.360,9.210,282,370,120.000,119,119,18.000,39.000,55.000,185,366,586,160,159,159,159,159,159,159,1,0,0,3,30,1
4.420000,302.58,14.678,8.770,270,368,120.000,119,119,18.000,39.000,55.000,176,364,583,160,158,158,158,158,158,158,1,0,0,3,30,1
4.425000,306.18,14.184,8.500,258,366,120.000,120,120,18.000,39.000,55.000,172,365,584,160,157,157,157,157,157,157,1,0,0,3,30,1
4.430000,309.78,13.887,8.340,248,364,120.000,120,120,18.000,39.000,55.000,169,363,580,160,156,156,156,156,156,156,1,0,0,3,30,1
4.435000,313.38,13.792,8.280,239,361,120.000,120,120,18.000,39.000,55.000,168,359,575,160,155,155,155,155,155,155,1,0,0,3,30,1
4.440000,316.98,13.902,8.340,231,359,120.000,120,120,18.000,39.000,55.000,169,357,572,160,154,154,154,154,154,154,1,0,0,3,30,1
4.445000,320.58,14.216,8.560,224,356,120.000,120,120,18.000,39.000,55.000,174,354,566,160,152,152,152,152,152,152,1,0,0,3,30,1
4.450000,324.18,14.730,8.830,219,354,120.000,120,120,18.000,39.000,55.000,179,351,563,160,151,151,151,151,151,151,1,0,0,3,30,1
4.455000,327.78,15.439,9.260,215,351,120.000,120,120,18.000,39.000,55.000,188,348,557,160,150,150,150,150,150,150,1,0,0,3,30,1
4.460000,331.38,16.331,9.810,213,348,120.000,120,120,18.000,39.000,55.000,199,345,552,160,149,149,149,149,149,149,1,0,0,3,30,1
4.465000,334.98,17.395,10.410,213,346,120.000,119,119,18.000,39.000,55.000,209,340,544,160,148,148,148,148,148,148,1,0,0,3,30,1
4.470000,338.58,18.615,11.170,215,343,120.000,119,119,18.000,39.000,55.000,225,337,539,160,146,146,146,146,146,146,1,0,0,3,30,1
4.475000,342.18,19.973,11.980,218,341,120.000,119,119,18.000,39.000,55.000,241,334,535,160,145,145,145,145,145,145,1,0,0,3,30,1
4.480000,345.78,21.449,12.850,223,338,120.000,119,119,18.000,39.000,55.000,259,331,530,160,144,144,144,144,144,144,1,0,0,3,30,1
4.485000,349.38,23.023,13.830,229,336,120.000,120,120,18.000,39.000,55.000,281,331,531,160,143,143,143,143,143,143,1,0,0,3,30,1
4.490000,352.98,24.669,14.810,237,334,120.000,120,120,18.000,39.000,55.000,301,329,527,160,142,142,142,142,142,142,1,0,0,3,30,1
4.495000,356.58,26.366,15.850,247,332,120.000,120,120,18.000,39.000,55.000,322,327,524,160,141,141,141,141,141,141,1,0,0,3,30,1
4.500000,0.18,28.086,16.820,257,331,120.000,120,120,18.000,39.000,55.000,341,326,522,160,140,140,140,140,140,140,1,0,0,3,30,1
4.505000,3.78,29.805,17.860,269,329,120.000,120,120,18.000,39.000,55.000,363,324,518,160,140,140,140,140,140,140,1,0,0,3,30,1
4.510000,7.38,31.498,18.890,282,328,120.000,120,120,18.000,39.000,55.000,383,323,517,160,139,139,139,139,139,139,1,0,0,3,30,1
4.515000,10.98,33.139,19.870,295,328,120.000,120,120,18.000,39.000,55.000,403,323,517,160,139,139,139,139,139,139,1,0,0,3,30,1
4.520000,14.58,34.703,20.790,309,327,120.000,120,120,18.000,39.000,55.000,422,322,515,160,139,139,139,139,139,139,1,0,0,3,30,1
4.525000,18.18,36.169,21.720,324,327,120.000,120,120,18.000,39.000,55.000,441,322,515,160,139,139,139,139,139,139,1,0,0,3,30,1
4.530000,21.78,37.514,22.480,338,327,120.000,119,119,18.000,39.000,55.000,453,319,511,160,139,139,139,139,139,139,1,0,0,3,30,1
4.535000,25.38,38.719,23.240,353,328,120.000,119,119,18.000,39.000,55.000,468,320,512,160,139,139,139,139,139,139,1,0,0,3,30,1
4.540000,28.98,39.766,23.840,367,329,120.000,119,119,18.000,39.000,55.000,480,321,514,160,140,140,140,140,140,140,1,0,0,3,30,1
4.545000,32.58,40.640,24.380,380,331,120.000,119,119,18.000,39.000,55.000,491,323,517,160,140,140,140,140,140,140,1,0,0,3,30,1
4.550000,36.18,41.330,24.770,393,333,120.000,120,120,18.000,39.000,55.000,503,328,525,160,141,141,141,141,141,141,1,0,0,3,30,1
4.555000,39.78,41.825,25.090,406,336,120.000,120,120,18.000,39.000,55.000,510,331,531,160,143,143,143,143,143,143,1,0,0,3,30,1
4.560000,43.38,42.118,25.260,417,339,120.000,120,120,18.000,39.000,55.000,513,335,536,160,144,144,144,144,144,144,1,0,0,3,30,1
4.565000,46.98,42.208,25.310,427,342,120.000,120,120,18.000,39.000,55.000,514,338,541,160,146,146,146,146,146,146,1,0,0,3,30,1
4.570000,50.58,42.092,25.260,435,346,120.000,120,120,18.000,39.000,55.000,513,343,549,160,148,148,148,148,148,148,1,0,0,3,30,1
4.575000,54.18,41.775,25.040,442,350,120.000,120,120,18.000,39.000,55.000,509,347,556,160,150,150,150,150,150,150,1,0,0,3,30,1
4.580000,57.78,41.262,24.770,448,354,120.000,120,120,18.000,39.000,55.000,503,351,563,160,151,151,151,151,151,151,1,0,0,3,30,1
4.585000,61.38,40.562,24.330,451,357,120.000,120,120,18.000,39.000,55.000,494,355,568,160,153,153,153,153,153,153,1,0,0,3,30,1
4.590000,64.98,39.688,23.790,454,361,120.000,119,119,18.000,39.000,55.000,479,356,570,160,155,155,155,155,155,155,1,0,0,3,30,1
4.595000,68.58,38.653,23.190,454,365,120.000,119,119,18.000,39.000,55.000,467,361,577,160,157,157,157,157,157,157,1,0,0,3,30,1
4.600000,72.18,37.474,22.480,453,369,120.000,119,119,18.000,39.000,55.000,453,365,584,160,159,159,159,159,159,159,1,0,0,3,30,1
4.605000,75.78,36.172,21.720,450,372,120.000,119,119,18.000,39.000,55.000,437,368,589,160,160,160,160,160,160,160,1,0,0,3,30,1
4.610000,79.38,34.766,20.850,446,375,120.000,120,120,18.000,39.000,55.000,423,375,600,160,162,162,162,162,162,162,1,0,0,3,30,1
4.615000,82.98,33.280,19.980,440,378,120.000,120,120,18.000,39.000,55.000,406,378,605,160,163,163,163,163,163,163,1,0,0,3,30,1
4.620000,86.58,31.737,19.050,432,380,120.000,120,120,18.000,39.000,55.000,387,380,609,160,164,164,164,164,164,164,1,0,0,3,30,1
4.625000,90.18,30.161,18.080,423,382,120.000,120,120,18.000,39.000,55.000,367,382,612,160,165,165,165,165,165,165,1,0,0,3,30,1
4.630000,93.78,28.577,17.150,414,383,120.000,120,120,18.000,39.000,55.000,348,383,614,160,165,165,165,165,165,165,1,0,0,3,30,1
4.635000,97.38,27.011,16.230,403,384,120.000,120,120,18.000,39.000,55.000,329,385,616,160,166,166,166,166,166,166,1,0,0,3,30,1
4.640000,100.98,25.487,15.300,391,385,120.000,120,120,18.000,39.000,55.000,311,386,617,160,166,166,166,166,166,166,1,0,0,3,30,1
4.645000,104.58,24.029,14.430,379,385,120.000,120,120,18.000,39.000,55.000,293,386,617,160,166,166,166,166,166,166,1,0,0,3,30,1
4.650000,108.18,22.658,13.620,366,385,120.000,120,120,18.000,39.000,55.000,276,386,617,160,166,166,166,166,166,166,1,0,0,3,30,1
4.655000,111.78,21.397,12.850,353,384,120.000,119,119,18.000,39.000,55.000,259,382,611,160,166,166,166,166,166,166,1,0,0,3,30,1
4.660000,115.38,20.265,12.150,340,383,120.000,119,119,18.000,39.000,55.000,244,380,609,160,165,165,165,165,165,165,1,0,0,3,30,1
4.665000,118.98,19.279,11.550,327,383,120.000,119,119,18.000,39.000,55.000,232,380,609,160,165,165,165,165,165,165,1,0,0,3,30,1
4.670000,122.58,18.453,11.060,314,381,120.000,119,119,18.000,39.000,55.000,222,378,605,160,164,164,164,164,164,164,1,0,0,3,30,1
4.675000,126.18,17.801,10.680,302,380,120.000,120,120,18.000,39.000,55.000,217,380,609,160,164,164,164,164,164,164,1,0,0,3,30,1
4.680000,129.78,17.330,10.410,291,378,120.000,120,120,18.000,39.000,55.000,211,378,605,160,163,163,163,163,163,163,1,0,0,3,30,1
4.685000,133.38,17.048,10.240,281,376,120.000,120,120,18.000,39.000,55.000,208,376,602,160,162,162,162,162,162,162,1,0,0,3,30,1
4.690000,136.98,16.958,10.190,272,375,120.000,120,120,18.000,39.000,55.000,207,375,600,160,162,162,162,162,162,162,1,0,0,3,30,1
4.695000,140.58,17.061,10.240,264,372,120.000,120,120,18.000,39.000,55.000,208,371,594,160,160,160,160,160,160,160,1,0,0,3,30,1
4.700000,144.18,17.352,10.410,258,370,120.000,120,120,18.000,39.000,55.000,211,369,591,160,159,159,159,159,159,159,1,0,0,3,30,1
4.705000,147.78,17.827,10.680,253,368,120.000,120,120,18.000,39.000,55.000,217,367,588,160,158,158,158,158,158,158,1,0,0,3,30,1
4.710000,151.38,18.477,11.060,249,366,120.000,120,120,18.000,39.000,55.000,224,365,584,160,157,157,157,157,157,157,1,0,0,3,30,1
4.715000,154.98,19.290,11.550,247,364,120.000,119,119,18.000,39.000,55.000,232,360,576,160,156,156,156,156,156,156,1,0,0,3,30,1
4.720000,158.58,20.251,12.150,247,361,120.000,119,119,18.000,39.000,55.000,244,356,570,160,155,155,155,155,155,155,1,0,0,3,30,1
4.725000,162.18,21.344,12.800,248,359,120.000,119,119,18.000,39.000,55.000,258,354,567,160,154,154,154,154,154,154,1,0,0,3,30,1
4.730000,165.78,22.550,13.510,251,357,120.000,119,119,18.000,39.000,55.000,272,352,563,160,153,153,153,153,153,153,1,0,0,3,30,1
4.735000,169.38,23.848,14.320,255,355,120.000,120,120,18.000,39.000,55.000,291,353,564,160,152,152,152,152,152,152,1,0,0,3,30,1
4.740000,172.98,25.217,15.140,260,353,120.000,120,120,18.000,39.000,55.000,307,350,561,160,151,151,151,151,151,151,1,0,0,3,30,1
4.745000,176.58,26.633,15.950,267,351,120.000,120,120,18.000,39.000,55.000,324,348,557,160,150,150,150,150,150,150,1,0,0,3,30,1
4.750000,180.18,28.072,16.820,275,350,120.000,120,120,18.000,39.000,55.000,341,347,556,160,150,150,150,150,150,150,1,0,0,3,30,1
4.755000,183.78,29.510,17.690,284,348,120.000,120,120,18.000,39.000,55.000,359,345,552,160,149,149,149,149,149,149,1,0,0,3,30,1
4.760000,187.38,30.922,18.560,294,347,120.000,120,120,18.000,39.000,55.000,377,344,550,160,148,148,148,148,148,148,1,0,0,3,30,1
4.765000,190.98,32.285,19.380,305,346,120.000,120,120,18.000,39.000,55.000,393,343,549,160,148,148,148,148,148,148,1,0,0,3,30,1
4.770000,194.58,33.575,20.140,316,346,120.000,120,120,18.000,39.000,55.000,409,343,549,160,148,148,148,148,148,148,1,0,0,3,30,1
4.775000,198.18,34.771,20.850,328,345,120.000,120,120,18.000,39.000,55.000,423,341,547,160,147,147,147,147,147,147,1,0,0,3,30,1
4.780000,201.78,35.852,21.500,340,345,120.000,119,119,18.000,39.000,55.000,433,339,542,160,147,147,147,147,147,147,1,0,0,3,30,1
4.785000,205.38,36.799,22.050,351,345,120.000,119,119,18.000,39.000,55.000,444,339,542,160,147,147,147,147,147,147,1,0,0,3,30,1
4.790000,208.98,37.595,22.540,363,346,120.000,119,119,18.000,39.000,55.000,454,340,544,160,148,148,148,148,148,148,1,0,0,3,30,1
4.795000,212.58,38.228,22.920,373,346,120.000,119,119,18.000,39.000,55.000,462,340,544,160,148,148,148,148,148,148,1,0,0,3,30,1
4.800000,216.18,38.685,23.190,384,348,120.000,120,120,18.000,39.000,55.000,471,345,552,160,149,149,149,149,149,149,1,0,0,3,30,1
4.805000,219.78,38.958,23.350,393,349,120.000,120,120,18.000,39.000,55.000,474,346,554,160,149,149,149,149,149,149,1,0,0,3,30,1
4.810000,223.38,39.041,23.410,401,351,120.000,120,120,18.000,39.000,55.000,475,348,557,160,150,150,150,150,150,150,1,0,0,3,30,1
4.815000,226.98,38.932,23.350,409,353,120.000,120,120,18.000,39.000,55.000,474,350,561,160,151,151,151,151,151,151,1,0,0,3,30,1
4.820000,230.58,38.631,23.190,415,356,120.000,120,120,18.000,39.000,55.000,471,354,566,160,152,152,152,152,152,152,1,0,0,3,30,1
4.825000,234.18,38.142,22.860,419,358,120.000,120,120,18.000,39.000,55.000,464,356,570,160,153,153,153,153,153,153,1,0,0,3,30,1
4.830000,237.78,37.472,22.480,422,361,120.000,120,120,18.000,39.000,55.000,456,359,575,160,155,155,155,155,155,155,1,0,0,3,30,1
4.835000,241.38,36.630,21.990,424,363,120.000,120,120,18.000,39.000,55.000,447,361,578,160,156,156,156,156,156,156,1,0,0,3,30,1
4.840000,244.98,35.628,21.390,424,366,120.000,119,119,18.000,39.000,55.000,431,362,579,160,157,157,157,157,157,157,1,0,0,3,30,1
4.845000,248.58,34.482,20.690,422,368,120.000,119,119,18.000,39.000,55.000,417,364,583,160,158,158,158,158,158,158,1,0,0,3,30,1
4.850000,252.18,33.209,19.920,419,370,120.000,119,119,18.000,39.000,55.000,401,366,586,160,159,159,159,159,159,159,1,0,0,3,30,1
4.855000,255.78,31.829,19.110,414,372,120.000,119,119,18.000,39.000,55.000,385,368,589,160,160,160,160,160,160,160,1,0,0,3,30,1
4.860000,259.38,30.363,18.180,408,374,120.000,120,120,18.000,39.000,55.000,369,374,598,160,161,161,161,161,161,161,1,0,0,3,30,1
4.865000,262.98,28.834,17.310,401,375,120.000,120,120,18.000,39.000,55.000,351,375,600,160,162,162,162,162,162,162,1,0,0,3,30,1
4.870000,266.58,27.265,16.330,392,376,120.000,120,120,18.000,39.000,55.000,331,376,602,160,162,162,162,162,162,162,1,0,0,3,30,1
4.875000,270.18,25.681,15.410,382,376,120.000,120,120,18.000,39.000,55.000,313,376,602,160,162,162,162,162,162,162,1,0,0,3,30,1
4.880000,273.78,24.107,14.490,371,376,120.000,120,120,18.000,39.000,55.000,294,376,602,160,162,162,162,162,162,162,1,0,0,3,30,1
4.885000,277.38,22.568,13.560,359,376,120.000,120,120,18.000,39.000,55.000,275,376,602,160,162,162,162,162,162,162,1,0,0,3,30,1
4.890000,280.98,21.089,12.640,347,375,120.000,120,120,18.000,39.000,55.000,256,375,600,160,162,162,162,162,162,162,1,0,0,3,30,1
4.895000,284.58,19.693,11.820,334,375,120.000,120,120,18.000,39.000,55.000,240,375,600,160,162,162,162,162,162,162,1,0,0,3,30,1
4.900000,288.18,18.402,11.060,321,374,120.000,120,120,18.000,39.000,55.000,224,374,598,160,161,161,161,161,161,161,1,0,0,3,30,1
4.905000,291.78,17.237,10.350,307,373,120.000,119,119,18.000,39.000,55.000,208,369,591,160,161,161,161,161,161,161,1,0,0,3,30,1
4.910000,295.38,16.217,9.750,294,371,120.000,119,119,18.000,39.000,55.000,196,367,588,160,160,160,160,160,160,160,1,0,0,3,30,1
4.915000,298.98,15.360,9.210,282,370,120.000,119,119,18.000,39.000,55.000,185,366,586,160,159,159,159,159,159,159,1,0,0,3,30,1
4.920000,302.58,14.678,8.770,270,368,120.000,119,119,18.000,39.000,55.000,176,364,583,160,158,158,158,158,158,158,1,0,0,3,30,1
4.925000,306.18,14.184,8.500,258,366,120.000,120,120,18.000,39.000,55.000,172,365,584,160,157,157,157,157,157,157,1,0,0,3,30,1
4.930000,309.78,13.887,8.340,248,364,120.000,120,120,18.000,39.000,55.000,169,363,580,160,156,156,156,156,156,156,1,0,0,3,30,1
4.935000,313.38,13.792,8.280,239,361,120.000,120,120,18.000,39.000,55.000,168,359,575,160,155,155,155,155,155,155,1,0,0,3,30,1
4.940000,316.98,13.902,8.340,231,359,120.000,120,120,18.000,39.000,55.000,169,357,572,160,154,154,154,154,154,154,1,0,0,3,30,1
4.945000,320.58,14.216,8.560,224,356,120.000,120,120,18.000,39.000,55.000,174,354,566,160,152,152,152,152,152,152,1,0,0,3,30,1
4.950000,324.18,14.730,8.830,219,354,120.000,120,120,18.000,39.000,55.000,179,351,563,160,151,151,151,151,151,151,1,0,0,3,30,1
4.955000,327.78,15.439,9.260,215,351,120.000,120,120,18.000,39.000,55.000,188,348,557,160,150,150,150,150,150,150,1,0,0,3,30,1
4.960000,331.38,16.331,9.810,213,348,120.000,120,120,18.000,39.000,55.000,199,345,552,160,149,149,149,149,149,149,1,0,0,3,30,1
4.965000,334.98,17.395,10.410,213,346,120.000,119,119,18.000,39.000,55.000,209,340,544,160,148,148,148,148,148,148,1,0,0,3,30,1
4.970000,338.58,18.615,11.170,215,343,120.000,119,119,18.000,39.000,55.000,225,337,539,160,146,146,146,146,146,146,1,0,0,3,30,1
4.975000,342.18,19.973,11.980,218,341,120.000,119,119,18.000,39.000,55.000,241,334,535,160,145,145,145,145,145,145,1,0,0,3,30,1
4.980000,345.78,21.449,12.850,223,338,120.000,119,119,18.000,39.000,55.000,259,331,530,160,144,144,144,144,144,144,1,0,0,3,30,1
4.985000,349.38,23.023,13.830,229,336,120.000,120,120,18.000,39.000,55.000,281,331,531,160,143,143,143,143,143,143,1,0,0,3,30,1
4.990000,352.98,24.669,14.810,237,334,120.000,120,120,18.000,39.000,55.000,301,329,527,160,142,142,142,142,142,142,1,0,0,3,30,1
4.995000,356.58,26.366,15.850,247,332,120.000,120,120,18.000,39.000,55.000,322,327,524,160,141,141,141,141,141,141,1,0,0,3,30,1
5.000000,0.18,28.086,16.820,257,331,120.000,120,120,18.000,39.000,55.000,341,326,522,160,140,140,140,140,140,140,1,0,0,3,30,1
5.005000,3.78,29.805,17.860,269,329,120.000,120,120,18.000,39.000,55.000,363,324,518,160,140,140,140,140,140,140,1,0,0,3,30,1
5.010000,7.38,31.498,18.890,282,328,120.000,120,120,18.000,39.000,55.000,383,323,517,160,139,139,139,139,139,139,1,0,0,3,30,1
5.015000,10.98,33.139,19.870,295,328,120.000,120,120,18.000,39.000,55.000,403,323,517,160,139,139,139,139,139,139,1,0,0,3,30,1
5.020000,14.58,34.703,20.790,309,327,120.000,120,120,18.000,39.000,55.000,422,322,515,160,139,139,139,139,139,139,1,0,0,3,30,1
5.025000,18.18,36.169,21.720,324,327,120.000,120,120,18.000,39.000,55.000,441,322,515,160,139,139,139,139,139,139,1,0,0,3,30,1
5.030000,21.78,37.514,22.480,338,327,120.000,119,119,18.000,39.000,55.000,453,319,511,160,139,139,139,139,139,139,1,0,0,3,30,1
5.035000,25.38,38.719,23.240,353,328,120.000,119,119,18.000,39.000,55.000,468,320,512,160,139,139,139,139,139,139,1,0,0,3,30,1
5.040000,28.98,39.766,23.840,367,329,120.000,119,119,18.000,39.000,55.000,480,321,514,160,140,140,140,140,140,140,1,0,0,3,30,1
5.045000,32.58,40.640,24.380,380,331,120.000,119,119,18.000,39.000,55.000,491,323,517,160,140,140,140,140,140,140,1,0,0,3,30,1
5.050000,36.18,41.330,24.770,393,333,120.000,120,120,18.000,39.000,55.000,503,328,525,160,141,141,141,141,141,141,1,0,0,3,30,1
5.055000,39.78,41.825,25.090,406,336,120.000,120,120,18.000,39.000,55.000,510,331,531,160,143,143,143,143,143,143,1,0,0,3,30,1
5.060000,43.38,42.118,25.260,417,339,120.000,120,120,18.000,39.000,55.000,513,335,536,160,144,144,144,144,144,144,1,0,0,3,30,1
5.065000,46.98,42.208,25.310,427,342,120.000,120,120,18.000,39.000,55.000,514,338,541,160,146,146,146,146,146,146,1,0,0,3,30,1
5.070000,50.58,42.092,25.260,435,346,120.000,120,120,18.000,39.000,55.000,513,343,549,160,148,148,148,148,148,148,1,0,0,3,30,1
5.075000,54.18,41.775,25.040,442,350,120.000,120,120,18.000,39.000,55.000,509,347,556,160,150,150,150,150,150,150,1,0,0,3,30,1
5.080000,57.78,41.262,24.770,448,354,120.000,120,120,18.000,39.000,55.000,503,351,563,160,151,151,151,151,151,151,1,0,0,3,30,1
5.085000,61.38,40.562,24.330,451,357,120.000,120,120,18.000,39.000,55.000,494,355,568,160,153,153,153,153,153,153,1,0,0,3,30,1
5.090000,64.98,39.688,23.790,454,361,120.000,119,119,18.000,39.000,55.000,479,356,570,160,155,155,155,155,155,155,1,0,0,3,30,1
5.095000,68.58,38.653,23.190,454,365,120.000,119,119,18.000,39.000,55.000,467,361,577,160,157,157,157,157,157,157,1,0,0,3,30,1
5.100000,72.18,37.474,22.480,453,369,120.000,119,119,18.000,39.000,55.000,453,365,584,160,159,159,159,159,159,159,1,0,0,3,30,1
5.105000,75.78,36.172,21.720,450,372,120.000,119,119,18.000,39.000,55.000,437,368,589,160,160,160,160,160,160,160,1,0,0,3,30,1
5.110000,79.38,34.766,20.850,446,375,120.000,120,120,18.000,39.000,55.000,423,375,600,160,162,162,162,162,162,162,1,0,0,3,30,1
5.115000,82.98,33.280,19.980,440,378,120.000,120,120,18.000,39.000,55.000,406,378,605,160,163,163,163,163,163,163,1,0,0,3,30,1
5.120000,86.58,31.737,19.050,432,380,120.000,120,120,18.000,39.000,55.000,387,380,609,160,164,164,164,164,164,164,1,0,0,3,30,1
5.125000,90.18,30.161,18.080,423,382,120.000,120,120,18.000,39.000,55.000,367,382,612,160,165,165,165,165,165,165,1,0,0,3,30,1
5.130000,93.78,28.577,17.150,414,383,120.000,120,120,18.000,39.000,55.000,348,383,614,160,165,165,165,165,165,165,1,0,0,3,30,1
5.135000,97.38,27.011,16.230,403,384,120.000,120,120,18.000,39.000,55.000,329,385,616,160,166,166,166,166,166,166,1,0,0,3,30,1
5.140000,100.98,25.487,15.300,391,385,120.000,120,120,18.000,39.000,55.000,311,386,617,160,166,166,166,166,166,166,1,0,0,3,30,1
5.145000,104.58,24.029,14.430,379,385,120.000,120,120,18.000,39.000,55.000,293,386,617,160,166,166,166,166,166,166,1,0,0,3,30,1
5.150000,108.18,22.658,13.620,366,385,120.000,120,120,18.000,39.000,55.000,276,386,617,160,166,166,166,166,166,166,1,0,0,3,30,1
5.155000,111.78,21.397,12.850,353,384,120.000,119,119,18.000,39.000,55.000,259,382,611,160,166,166,166,166,166,166,1,0,0,3,30,1
5.160000,115.38,20.265,12.150,340,383,120.000,119,119,18.000,39.000,55.000,244,380,609,160,165,165,165,165,165,165,1,0,0,3,30,1
5.165000,118.98,19.279,11.550,327,383,120.000,119,119,18.000,39.000,55.000,232,380,609,160,165,165,165,165,165,165,1,0,0,3,30,1
5.170000,122.58,18.453,11.060,314,381,120.000,119,119,18.000,39.000,55.000,222,378,605,160,164,164,164,164,164,164,1,0,0,3,30,1
5.175000,126.18,17.801,10.680,302,380,120.000,120,120,18.000,39.000,55.000,217,380,609,160,164,164,164,164,164,164,1,0,0,3,30,1
5.180000,129.78,17.330,10.410,291,378,120.000,120,120,18.000,39.000,55.000,211,378,605,160,163,163,163,163,163,163,1,0,0,3,30,1
5.185000,133.38,17.048,10.240,281,376,120.000,120,120,18.000,39.000,55.000,208,376,602,160,162,162,162,162,162,162,1,0,0,3,30,1
5.190000,136.98,16.958,10.190,272,375,120.000,120,120,18.000,39.000,55.000,207,375,600,160,162,162,162,162,162,162,1,0,0,3,30,1
5.195000,140.58,17.061,10.240,264,372,120.000,120,120,18.000,39.000,55.000,208,371,594,160,160,160,160,160,160,160,1,0,0,3,30,1
5.200000,144.18,17.352,10.410,258,370,120.000,120,120,18.000,39.000,55.000,211,369,591,160,159,159,159,159,159,159,1,0,0,3,30,1
5.205000,147.78,17.827,10.680,253,368,120.000,120,120,18.000,39.000,55.000,217,367,588,160,158,158,158,158,158,158,1,0,0,3,30,1
5.210000,151.38,18.477,11.060,249,366,120.000,120,120,18.000,39.000,55.000,224,365,584,160,157,157,157,157,157,157,1,0,0,3,30,1
5.215000,154.98,19.290,11.550,247,364,120.000,119,119,18.000,39.000,55.000,232,360,576,160,156,156,156,156,156,156,1,0,0,3,30,1
5.220000,158.58,20.251,12.150,247,361,120.000,119,119,18.000,39.000,55.000,244,356,570,160,155,155,155,155,155,155,1,0,0,3,30,1
5.225000,162.18,21.344,12.800,248,359,120.000,119,119,18.000,39.000,55.000,258,354,567,160,154,154,154,154,154,154,1,0,0,3,30,1
5.230000,165.78,22.550,13.510,251,357,120.000,119,119,18.000,39.000,55.000,272,352,563,160,153,153,153,153,153,153,1,0,0,3,30,1
5.235000,169.38,23.848,14.320,255,355,120.000,120,120,18.000,39.000,55.000,291,353,564,160,152,152,152,152,152,152,1,0,0,3,30,1
5.240000,172.98,25.217,15.140,260,353,120.000,120,120,18.000,39.000,55.000,307,350,561,160,151,151,151,151,151,151,1,0,0,3,30,1
5.245000,176.58,26.633,15.950,267,351,120.000,120,120,18.000,39.000,55.000,324,348,557,160,150,150,150,150,150,150,1,0,0,3,30,1
5.250000,180.18,28.072,16.820,275,350,120.000,120,120,18.000,39.000,55.000,341,347,556,160,150,150,150,150,150,150,1,0,0,3,30,1
5.255000,183.78,29.510,17.690,284,348,120.000,120,120,18.000,39.000,55.000,359,345,552,160,149,149,149,149,149,149,1,0,0,3,30,1
5.260000,187.38,30.922,18.560,294,347,120.000,120,120,18.000,39.000,55.000,377,344,550,160,148,148,148,148,148,148,1,0,0,3,30,1
5.265000,190.98,32.285,19.380,305,346,120.000,120,120,18.000,39.000,55.000,393,343,549,160,148,148,148,148,148,148,1,0,0,3,30,1
5.270000,194.58,33.575,20.140,316,346,120.000,120,120,18.000,39.000,55.000,409,343,549,160,148,148,148,148,148,148,1,0,0,3,30,1
5.275000,198.18,34.771,20.850,328,345,120.000,120,120,18.000,39.000,55.000,423,341,547,160,147,147,147,147,147,147,1,0,0,3,30,1
5.280000,201.78,35.852,21.500,340,345,120.000,119,119,18.000,39.000,55.000,433,339,542,160,147,147,147,147,147,147,1,0,0,3,30,1
5.285000,205.38,36.799,22.050,351,345,120.000,119,119,18.000,39.000,55.000,444,339,542,160,147,147,147,147,147,147,1,0,0,3,30,1
5.290000,208.98,37.595,22.540,363,346,120.000,119,119,18.000,39.000,55.000,454,340,544,160,148,148,148,148,148,148,1,0,0,3,30,1
5.295000,212.58,38.228,22.920,373,346,120.000,119,119,18.000,39.000,55.000,462,340,544,160,148,148,148,148,148,148,1,0,0,3,30,1
5.300000,216.18,38.685,23.190,384,348,120.000,120,120,18.000,39.000,55.000,471,345,552,160,149,149,149,149,149,149,1,0,0,3,30,1
5.305000,219.78,38.958,23.350,393,349,120.000,120,120,18.000,39.000,55.000,474,346,554,160,149,149,149,149,149,149,1,0,0,3,30,1
5.310000,223.38,39.041,23.410,401,351,120.000,120,120,18.000,39.000,55.000,475,348,557,160,150,150,150,150,150,150,1,0,0,3,30,1
5.315000,226.98,38.932,23.350,409,353,120.000,120,120,18.000,39.000,55.000,474,350,561,160,151,151,151,151,151,151,1,0,0,3,30,1
5.320000,230.58,38.631,23.190,415,356,120.000,120,120,18.000,39.000,55.000,471,354,566,160,152,152,152,152,152,152,1,0,0,3,30,1
5.325000,234.18,38.142,22.860,419,358,120.000,120,120,18.000,39.000,55.000,464,356,570,160,153,153,153,153,153,153,1,0,0,3,30,1
5.330000,237.78,37.472,22.480,422,361,120.000,120,120,18.000,39.000,55.000,456,359,575,160,155,155,155,155,155,155,1,0,0,3,30,1
5.335000,241.38,36.630,21.990,424,363,120.000,120,120,18.000,39.000,55.000,447,361,578,160,156,156,156,156,156,156,1,0,0,3,30,1
5.340000,244.98,35.628,21.390,424,366,120.000,119,119,18.000,39.000,55.000,431,362,579,160,157,157,157,157,157,157,1,0,0,3,30,1
5.345000,248.58,34.482,20.690,422,368,120.000,119,119,18.000,39.000,55.000,417,364,583,160,158,158,158,158,158,158,1,0,0,3,30,1
5.350000,252.18,33.209,19.920,419,370,120.000,119,119,18.000,39.000,55.000,401,366,586,160,159,159,159,159,159,159,1,0,0,3,30,1
5.355000,255.78,31.829,19.110,414,372,120.000,119,119,18.000,39.000,55.000,385,368,589,160,160,160,160,160,160,160,1,0,0,3,30,1
5.360000,259.38,30.363,18.180,408,374,120.000,120,120,18.000,39.000,55.000,369,374,598,160,161,161,161,161,161,161,1,0,0,3,30,1
5.365000,262.98,28.834,17.310,401,375,120.000,120,120,18.000,39.000,55.000,351,375,600,160,162,162,162,162,162,162,1,0,0,3,30,1
5.370000,266.58,27.265,16.330,392,376,120.000,120,120,18.000,39.000,55.000,331,376,602,160,162,162,162,162,162,162,1,0,0,3,30,1
5.375000,270.18,25.681,15.410,382,376,120.000,120,120,18.000,39.000,55.000,313,376,602,160,162,162,162,162,162,162,1,0,0,3,30,1
5.380000,273.78,24.107,14.490,371,376,120.000,120,120,18.000,39.000,55.000,294,376,602,160,162,162,162,162,162,162,1,0,0,3,30,1
5.385000,277.38,22.568,13.560,359,376,120.000,120,120,18.000,39.000,55.000,275,376,602,160,162,162,162,162,162,162,1,0,0,3,30,1
5.390000,280.98,21.089,12.640,347,375,120.000,120,120,18.000,39.000,55.000,256,375,600,160,162,162,162,162,162,162,1,0,0,3,30,1
5.395000,284.58,19.693,11.820,334,375,120.000,120,120,18.000,39.000,55.000,240,375,600,160,162,162,162,162,162,162,1,0,0,3,30,1
5.400000,288.18,18.402,11.060,321,374,120.000,120,120,18.000,39.000,55.000,224,374,598,160,161,161,161,161,161,161,1,0,0,3,30,1
5.405000,291.78,17.237,10.350,307,373,120.000,119,119,18.000,39.000,55.000,208,369,591,160,161,161,161,161,161,161,1,0,0,3,30,1
5.410000,295.38,16.217,9.750,294,371,120.000,119,119,18.000,39.000,55.000,196,367,588,160,160,160,160,160,160,160,1,0,0,3,30,1
5.415000,298.98,15.360,9.210,282,370,120.000,119,119,18.000,39.000,55.000,185,366,586,160,159,159,159,159,159,159,1,0,0,3,30,1
5.420000,302.58,14.678,8.770,270,368,120.000,119,119,18.000,39.000,55.000,176,364,583,160,158,158,158,158,158,158,1,0,0,3,30,1
5.425000,306.18,14.184,8.500,258,366,120.000,120,120,18.000,39.000,55.000,172,365,584,160,157,157,157,157,157,157,1,0,0,3,30,1
5.430000,309.78,13.887,8.340,248,364,120.000,120,120,18.000,39.000,55.000,169,363,580,160,156,156,156,156,156,156,1,0,0,3,30,1
5.435000,313.38,13.792,8.280,239,361,120.000,120,120,18.000,39.000,55.000,168,359,575,160,155,155,155,155,155,155,1,0,0,3,30,1
5.440000,316.98,13.902,8.340,231,359,120.000,120,120,18.000,39.000,55.000,169,357,572,160,154,154,154,154,154,154,1,0,0,3,30,1
5.445000,320.58,14.216,8.560,224,356,120.000,120,120,18.000,39.000,55.000,174,354,566,160,152,152,152,152,152,152,1,0,0,3,30,1
5.450000,324.18,14.730,8.830,219,354,120.000,120,120,18.000,39.000,55.000,179,351,563,160,151,151,151,151,151,151,1,0,0,3,30,1
5.455000,327.78,15.439,9.260,215,351,120.000,120,120,18.000,39.000,55.000,188,348,557,160,150,150,150,150,150,150,1,0,0,3,30,1
5.460000,331.38,16.331,9.810,213,348,120.000,120,120,18.000,39.000,55.000,199,345,552,160,149,149,149,149,149,149,1,0,0,3,30,1
5.465000,334.98,17.395,10.410,213,346,120.000,119,119,18.000,39.000,55.000,209,340,544,160,148,148,148,148,148,148,1,0,0,3,30,1
5.470000,338.58,18.615,11.170,215,343,120.000,119,119,18.000,39.000,55.000,225,337,539,160,146,146,146,146,146,146,1,0,0,3,30,1
5.475000,342.18,19.973,11.980,218,341,120.000,119,119,18.000,39.000,55.000,241,334,535,160,145,145,145,145,145,145,1,0,0,3,30,1
5.480000,345.78,21.449,12.850,223,338,120.000,119,119,18.000,39.000,55.000,259,331,530,160,144,144,144,144,144,144,1,0,0,3,30,1
5.485000,349.38,23.023,13.830,229,336,120.000,120,120,18.000,39.000,55.000,281,331,531,160,143,143,143,143,143,143,1,0,0,3,30,1
5.490000,352.98,24.669,14.810,237,334,120.000,120,120,18.000,39.000,55.000,301,329,527,160,142,142,142,142,142,142,1,0,0,3,30,1
5.495000,356.58,26.366,15.850,247,332,120.000,120,120,18.000,39.000,55.000,322,327,524,160,141,141,141,141,141,141,1,0,0,3,30,1
5.500000,0.18,28.086,16.820,257,331,120.000,120,120,18.000,39.000,55.000,341,326,522,160,140,140,140,140,140,140,1,0,0,3,30,1
5.505000,3.78,29.805,17.860,269,329,120.000,120,120,18.000,39.000,55.000,363,324,518,160,140,140,140,140,140,140,1,0,0,3,30,1
5.510000,7.38,31.498,18.890,282,328,120.000,120,120,18.000,39.000,55.000,383,323,517,160,139,139,139,139,139,139,1,0,0,3,30,1
5.515000,10.98,33.139,19.870,295,328,120.000,120,120,18.000,39.000,55.000,403,323,517,160,139,139,139,139,139,139,1,0,0,3,30,1
5.520000,14.58,34.703,20.790,309,327,120.000,120,120,18.000,39.000,55.000,422,322,515,160,139,139,139,139,139,139,1,0,0,3,30,1
5.525000,18.18,36.169,21.720,324,327,120.000,120,120,18.000,39.000,55.000,441,322,515,160,139,139,139,139,139,139,1,0,0,3,30,1
5.530000,21.78,37.514,22.480,338,327,120.000,119,119,18.000,39.000,55.000,453,319,511,160,139,139,139,139,139,139,1,0,0,3,30,1
5.535000,25.38,38.719,23.240,353,328,120.000,119,119,18.000,39.000,55.000,468,320,512,160,139,139,139,139,139,139,1,0,0,3,30,1
5.540000,28.98,39.766,23.840,367,329,120.000,119,119,18.000,39.000,55.000,480,321,514,160,140,140,140,140,140,140,1,0,0,3,30,1
5.545000,32.58,40.640,24.380,380,331,120.000,119,119,18.000,39.000,55.000,491,323,517,160,140,140,140,140,140,140,1,0,0,3,30,1
5.550000,36.18,41.330,24.770,393,333,120.000,120,120,18.000,39.000,55.000,503,328,525,160,141,141,141,141,141,141,1,0,0,3,30,1
5.555000,39.78,41.825,25.090,406,336,120.000,120,120,18.000,39.000,55.000,510,331,531,160,143,143,143,143,143,143,1,0,0,3,30,1
5.560000,43.38,42.118,25.260,417,339,120.000,120,120,18.000,39.000,55.000,513,335,536,160,144,144,144,144,144,144,1,0,0,3,30,1
5.565000,46.98,42.208,25.310,427,342,120.000,120,120,18.000,39.000,55.000,514,338,541,160,146,146,146,146,146,146,1,0,0,3,30,1
5.570000,50.58,42.092,25.260,435,346,120.000,120,120,18.000,39.000,55.000,513,343,549,160,148,148,148,148,148,148,1,0,0,3,30,1
5.575000,54.18,41.775,25.040,442,350,120.000,120,120,18.000,39.000,55.000,509,347,556,160,150,150,150,150,150,150,1,0,0,3,30,1
5.580000,57.78,41.262,24.770,448,354,120.000,120,120,18.000,39.000,55.000,503,351,563,160,151,151,151,151,151,151,1,0,0,3,30,1
5.585000,61.38,40.562,24.330,451,357,120.000,120,120,18.000,39.000,55.000,494,355,568,160,153,153,153,153,153,153,1,0,0,3,30,1
5.590000,64.98,39.688,23.790,454,361,120.000,119,119,18.000,39.000,55.000,479,356,570,160,155,155,155,155,155,155,1,0,0,3,30,1
5.595000,68.58,38.653,23.190,454,365,120.000,119,119,18.000,39.000,55.000,467,361,577,160,157,157,157,157,157,157,1,0,0,3,30,1
5.600000,72.18,37.474,22.480,453,369,120.000,119,119,18.000,39.000,55.000,453,365,584,160,159,159,159,159,159,159,1,0,0,3,30,1
5.605000,75.78,36.172,21.720,450,372,120.000,119,119,18.000,39.000,55.000,437,368,589,160,160,160,160,160,160,160,1,0,0,3,30,1
5.610000,79.38,34.766,20.850,446,375,120.000,120,120,18.000,39.000,55.000,423,375,600,160,162,162,162,162,162,162,1,0,0,3,30,1
5.615000,82.98,33.280,19.980,440,378,120.000,120,120,18.000,39.000,55.000,406,378,605,160,163,163,163,163,163,163,1,0,0,3,30,1
5.620000,86.58,31.737,19.050,432,380,120.000,120,120,18.000,39.000,55.000,387,380,609,160,164,164,164,164,164,164,1,0,0,3,30,1
5.625000,90.18,30.161,18.080,423,382,120.000,120,120,18.000,39.000,55.000,367,382,612,160,165,165,165,165,165,165,1,0,0,3,30,1
5.630000,93.78,28.577,17.150,414,383,120.000,120,120,18.000,39.000,55.000,348,383,614,160,165,165,165,165,165,165,1,0,0,3,30,1
5.635000,97.38,27.011,16.230,403,384,120.000,120,120,18.000,39.000,55.000,329,385,616,160,166,166,166,166,166,166,1,0,0,3,30,1
5.640000,100.98,25.487,15.300,391,385,120.000,120,120,18.000,39.000,55.000,311,386,617,160,166,166,166,166,166,166,1,0,0,3,30,1
5.645000,104.58,24.029,14.430,379,385,120.000,120,120,18.000,39.000,55.000,293,386,617,160,166,166,166,166,166,166,1,0,0,3,30,1
5.650000,108.18,22.658,13.620,366,385,120.000,120,120,18.000,39.000,55.000,276,386,617,160,166,166,166,166,166,166,1,0,0,3,30,1
5.655000,111.78,21.397,12.850,353,384,120.000,119,119,18.000,39.000,55.000,259,382,611,160,166,166,166,166,166,166,1,0,0,3,30,1
5.660000,115.38,20.265,12.150,340,383,120.000,119,119,18.000,39.000,55.000,244,380,609,160,165,165,165,165,165,165,1,0,0,3,30,1
5.665000,118.98,19.279,11.550,327,383,120.000,119,119,18.000,39.000,55.000,232,380,609,160,165,165,165,165,165,165,1,0,0,3,30,1
5.670000,122.58,18.453,11.060,314,381,120.000,119,119,18.000,39.000,55.000,222,378,605,160,164,164,164,164,164,164,1,0,0,3,30,1
5.675000,126.18,17.801,10.680,302,380,120.000,120,120,18.000,39.000,55.000,217,380,609,160,164,164,164,164,164,164,1,0,0,3,30,1
5.680000,129.78,17.330,10.410,291,378,120.000,120,120,18.000,39.000,55.000,211,378,605,160,163,163,163,163,163,163,1,0,0,3,30,1
5.685000,133.38,17.048,10.240,281,376,120.000,120,120,18.000,39.000,55.000,208,376,602,160,162,162,162,162,162,162,1,0,0,3,30,1
5.690000,136.98,16.958,10.190,272,375,120.000,120,120,18.000,39.000,55.000,207,375,600,160,162,162,162,162,162,162,1,0,0,3,30,1
5.695000,140.58,17.061,10.240,264,372,120.000,120,120,18.000,39.000,55.000,208,371,594,160,160,160,160,160,160,160,1,0,0,3,30,1
5.700000,144.18,17.352,10.410,258,370,120.000,120,120,18.000,39.000,55.000,211,369,591,160,159,159,159,159,159,159,1,0,0,3,30,1
5.705000,147.78,17.827,10.680,253,368,120.000,120,120,18.000,39.000,55.000,217,367,588,160,158,158,158,158,158,158,1,0,0,3,30,1
5.710000,151.38,18.477,11.060,249,366,120.000,120,120,18.000,39.000,55.000,224,365,584,160,157,157,157,157,157,157,1,0,0,3,30,1
5.715000,154.98,19.290,11.550,247,364,120.000,119,119,18.000,39.000,55.000,232,360,576,160,156,156,156,156,156,156,1,0,0,3,30,1
5.720000,158.58,20.251,12.150,247,361,120.000,119,119,18.000,39.000,55.000,244,356,570,160,155,155,155,155,155,155,1,0,0,3,30,1
5.725000,162.18,21.344,12.800,248,359,120.000,119,119,18.000,39.000,55.000,258,354,567,160,154,154,154,154,154,154,1,0,0,3,30,1
5.730000,165.78,22.550,13.510,251,357,120.000,119,119,18.000,39.000,55.000,272,352,563,160,153,153,153,153,153,153,1,0,0,3,30,1
5.735000,169.38,23.848,14.320,255,355,120.000,120,120,18.000,39.000,55.000,291,353,564,160,152,152,152,152,152,152,1,0,0,3,30,1
5.740000,172.98,25.217,15.140,260,353,120.000,120,120,18.000,39.000,55.000,307,350,561,160,151,151,151,151,151,151,1,0,0,3,30,1
5.745000,176.58,26.633,15.950,267,351,120.000,120,120,18.000,39.000,55.000,324,348,557,160,150,150,150,150,150,150,1,0,0,3,30,1
5.750000,180.18,28.072,16.820,275,350,120.000,120,120,18.000,39.000,55.000,341,347,556,160,150,150,150,150,150,150,1,0,0,3,30,1
5.755000,183.78,29.510,17.690,284,348,120.000,120,120,18.000,39.000,55.000,359,345,552,160,149,149,149,149,149,149,1,0,0,3,30,1
5.760000,187.38,30.922,18.560,294,347,120.000,120,120,18.000,39.000,55.000,377,344,550,160,148,148,148,148,148,148,1,0,0,3,30,1
5.765000,190.98,32.285,19.380,305,346,120.000,120,120,18.000,39.000,55.000,393,343,549,160,148,148,148,148,148,148,1,0,0,3,30,1
5.770000,194.58,33.575,20.140,316,346,120.000,120,120,18.000,39.000,55.000,409,343,549,160,148,148,148,148,148,148,1,0,0,3,30,1
5.775000,198.18,34.771,20.850,328,345,120.000,120,120,18.000,39.000,55.000,423,341,547,160,147,147,147,147,147,147,1,0,0,3,30,1
5.780000,201.78,35.852,21.500,340,345,120.000,119,119,18.000,39.000,55.000,433,339,542,160,147,147,147,147,147,147,1,0,0,3,30,1
5.785000,205.38,36.799,22.050,351,345,120.000,119,119,18.000,39.000,55.000,444,339,542,160,147,147,147,147,147,147,1,0,0,3,30,1
5.790000,208.98,37.595,22.540,363,346,120.000,119,119,18.000,39.000,55.000,454,340,544,160,148,148,148,148,148,148,1,0,0,3,30,1
5.795000,212.58,38.228,22.920,373,346,120.000,119,119,18.000,39.000,55.000,462,340,544,160,148,148,148,148,148,148,1,0,0,3,30,1
5.800000,216.18,38.685,23.190,384,348,120.000,120,120,18.000,39.000,55.000,471,345,552,160,149,149,149,149,149,149,1,0,0,3,30,1
5.805000,219.78,38.958,23.350,393,349,120.000,120,120,18.000,39.000,55.000,474,346,554,160,149,149,149,149,149,149,1,0,0,3,30,1
5.810000,223.38,39.041,23.410,401,351,120.000,120,120,18.000,39.000,55.000,475,348,557,160,150,150,150,150,150,150,1,0,0,3,30,1
5.815000,226.98,38.932,23.350,409,353,120.000,120,120,18.000,39.000,55.000,474,350,561,160,151,151,151,151,151,151,1,0,0,3,30,1
5.820000,230.58,38.631,23.190,415,356,120.000,120,120,18.000,39.000,55.000,471,354,566,160,152,152,152,152,152,152,1,0,0,3,30,1
5.825000,234.18,38.142,22.860,419,358,120.000,120,120,18.000,39.000,55.000,464,356,570,160,153,153,153,153,153,153,1,0,0,3,30,1
5.830000,237.78,37.472,22.480,422,361,120.000,120,120,18.000,39.000,55.000,456,359,575,160,155,155,155,155,155,155,1,0,0,3,30,1
5.835000,241.38,36.630,21.990,424,363,120.000,120,120,18.000,39.000,55.000,447,361,578,160,156,156,156,156,156,156,1,0,0,3,30,1
5.840000,244.98,35.628,21.390,424,366,120.000,119,119,18.000,39.000,55.000,431,362,579,160,157,157,157,157,157,157,1,0,0,3,30,1
5.845000,248.58,34.482,20.690,422,368,120.000,119,119,18.000,39.000,55.000,417,364,583,160,158,158,158,158,158,158,1,0,0,3,30,1
5.850000,252.18,33.209,19.920,419,370,120.000,119,119,18.000,39.000,55.000,401,366,586,160,159,159,159,159,159,159,1,0,0,3,30,1
5.855000,255.78,31.829,19.110,414,372,120.000,119,119,18.000,39.000,55.000,385,368,589,160,160,160,160,160,160,160,1,0,0,3,30,1
5.860000,259.38,30.363,18.180,408,374,120.000,120,120,18.000,39.000,55.000,369,374,598,160,161,161,161,161,161,161,1,0,0,3,30,1
5.865000,262.98,28.834,17.310,401,375,120.000,120,120,18.000,39.000,55.000,351,375,600,160,162,162,162,162,162,162,1,0,0,3,30,1
5.870000,266.58,27.265,16.330,392,376,120.000,120,120,18.000,39.000,55.000,331,376,602,160,162,162,162,162,162,162,1,0,0,3,30,1
5.875000,270.18,25.681,15.410,382,376,120.000,120,120,18.000,39.000,55.000,313,376,602,160,162,162,162,162,162,162,1,0,0,3,30,1
5.880000,273.78,24.107,14.490,371,376,120.000,120,120,18.000,39.000,55.000,294,376,602,160,162,162,162,162,162,162,1,0,0,3,30,1
5.885000,277.38,22.568,13.560,359,376,120.000,120,120,18.000,39.000,55.000,275,376,602,160,162,162,162,162,162,162,1,0,0,3,30,1
5.890000,280.98,21.089,12.640,347,375,120.000,120,120,18.000,39.000,55.000,256,375,600,160,162,162,162,162,162,162,1,0,0,3,30,1
5.895000,284.58,19.693,11.820,334,375,120.000,120,120,18.000,39.000,55.000,240,375,600,160,162,162,162,162,162,162,1,0,0,3,30,1
5.900000,288.18,18.402,11.060,321,374,120.000,120,120,18.000,39.000,55.000,224,374,598,160,161,161,161,161,161,161,1,0,0,3,30,1
5.905000,291.78,17.237,10.350,307,373,120.000,119,119,18.000,39.000,55.000,208,369,591,160,161,161,161,161,161,161,1,0,0,3,30,1
5.910000,295.38,16.217,9.750,294,371,120.000,119,119,18.000,39.000,55.000,196,367,588,160,160,160,160,160,160,160,1,0,0,3,30,1
5.915000,298.98,15.360,9.210,282,370,120.000,119,119,18.000,39.000,55.000,185,366,586,160,159,159,159,159,159,159,1,0,0,3,30,1
5.920000,302.58,14.678,8.770,270,368,120.000,119,119,18.000,39.000,55.000,176,364,583,160,158,158,158,158,158,158,1,0,0,3,30,1
5.925000,306.18,14.184,8.500,258,366,120.000,120,120,18.000,39.000,55.000,172,365,584,160,157,157,157,157,157,157,1,0,0,3,30,1
5.930000,309.78,13.887,8.340,248,364,120.000,120,120,18.000,39.000,55.000,169,363,580,160,156,156,156,156,156,156,1,0,0,3,30,1
5.935000,313.38,13.792,8.280,239,361,120.000,120,120,18.000,39.000,55.000,168,359,575,160,155,155,155,155,155,155,1,0,0,3,30,1
5.940000,316.98,13.902,8.340,231,359,120.000,120,120,18.000,39.000,55.000,169,357,572,160,154,154,154,154,154,154,1,0,0,3,30,1
5.945000,320.58,14.216,8.560,224,356,120.000,120,120,18.000,39.000,55.000,174,354,566,160,152,152,152,152,152,152,1,0,0,3,30,1
5.950000,324.18,14.730,8.830,219,354,120.000,120,120,18.000,39.000,55.000,179,351,563,160,151,151,151,151,151,151,1,0,0,3,30,1
5.955000,327.78,15.439,9.260,215,351,120.000,120,120,18.000,39.000,55.000,188,348,557,160,150,150,150,150,150,150,1,0,0,3,30,1
5.960000,331.38,16.331,9.810,213,348,120.000,120,120,18.000,39.000,55.000,199,345,552,160,149,149,149,149,149,149,1,0,0,3,30,1
5.965000,334.98,17.395,10.410,213,346,120.000,119,119,18.000,39.000,55.000,209,340,544,160,148,148,148,148,148,148,1,0,0,3,30,1
5.970000,338.58,18.615,11.170,215,343,120.000,119,119,18.000,39.000,55.000,225,337,539,160,146,146,146,146,146,146,1,0,0,3,30,1
5.975000,342.18,19.973,11.980,218,341,120.000,119,119,18.000,39.000,55.000,241,334,535,160,145,145,145,145,145,145,1,0,0,3,30,1
5.980000,345.78,21.449,12.850,223,338,120.000,119,119,18.000,39.000,55.000,259,331,530,160,144,144,144,144,144,144,1,0,0,3,30,1
5.985000,349.38,23.023,13.830,229,336,120.000,120,120,18.000,39.000,55.000,281,331,531,160,143,143,143,143,143,143,1,0,0,3,30,1
5.990000,352.98,24.669,14.810,237,334,120.000,120,120,18.000,39.000,55.000,301,329,527,160,142,142,142,142,142,142,1,0,0,3,30,1
5.995000,356.58,26.366,15.850,247,332,120.000,120,120,18.000,39.000,55.000,322,327,524,160,141,141,141,141,141,141,1,0,0,3,30,1
6.000000,0.18,28.086,16.820,257,331,120.000,120,120,18.000,39.000,55.000,341,326,522,160,140,140,140,140,140,140,1,0,0,3,30,1
6.005000,3.78,29.805,17.860,269,329,120.000,120,120,18.000,39.000,55.000,363,324,518,160,140,140,140,140,140,140,1,0,0,3,30,1
6.010000,7.38,31.498,18.890,282,328,120.000,120,120,18.000,39.000,55.000,383,323,517,160,139,139,139,139,139,139,1,0,0,3,30,1
6.015000,10.98,33.139,19.870,295,328,120.000,120,120,18.000,39.000,55.000,403,323,517,160,139,139,139,139,139,139,1,0,0,3,30,1
6.020000,14.58,34.703,20.790,309,327,120.000,120,120,18.000,39.000,55.000,422,322,515,160,139,139,139,139,139,139,1,0,0,3,30,1
6.025000,18.18,36.169,21.720,324,327,120.000,120,120,18.000,39.000,55.000,441,322,515,160,139,139,139,139,139,139,1,0,0,3,30,1
6.030000,21.78,37.514,22.480,338,327,120.000,119,119,18.000,39.000,55.000,453,319,511,160,139,139,139,139,139,139,1,0,0,3,30,1
6.035000,25.38,38.719,23.240,353,328,120.000,119,119,18.000,39.000,55.000,468,320,512,160,139,139,139,139,139,139,1,0,0,3,30,1
6.040000,28.98,39.766,23.840,367,329,120.000,119,119,18.000,39.000,55.000,480,321,514,160,140,140,140,140,140,140,1,0,0,3,30,1
6.045000,32.58,40.640,24.380,380,331,120.000,119,119,18.000,39.000,55.000,491,323,517,160,140,140,140,140,140,140,1,0,0,3,30,1
6.050000,36.18,41.330,24.770,393,333,120.000,120,120,18.000,39.000,55.000,503,328,525,160,141,141,141,141,141,141,1,0,0,3,30,1
6.055000,39.78,41.825,25.090,406,336,120.000,120,120,18.000,39.000,55.000,510,331,531,160,143,143,143,143,143,143,1,0,0,3,30,1
6.060000,43.38,42.118,25.260,417,339,120.000,120,120,18.000,39.000,55.000,513,335,536,160,144,144,144,144,144,144,1,0,0,3,30,1
6.065000,46.98,42.208,25.310,427,342,120.000,120,120,18.000,39.000,55.000,514,338,541,160,146,146,146,146,146,146,1,0,0,3,30,1
6.070000,50.58,42.092,25.260,435,346,120.000,120,120,18.000,39.000,55.000,513,343,549,160,148,148,148,148,148,148,1,0,0,3,30,1
6.075000,54.18,41.775,25.040,442,350,120.000,120,120,18.000,39.000,55.000,509,347,556,160,150,150,150,150,150,150,1,0,0,3,30,1
6.080000,57.78,41.262,24.770,448,354,120.000,120,120,18.000,39.000,55.000,503,351,563,160,151,151,151,151,151,151,1,0,0,3,30,1
6.085000,61.38,40.562,24.330,451,357,120.000,120,120,18.000,39.000,55.000,494,355,568,160,153,153,153,153,153,153,1,0,0,3,30,1
6.090000,64.98,39.688,23.790,454,361,120.000,119,119,18.000,39.000,55.000,479,356,570,160,155,155,155,155,155,155,1,0,0,3,30,1
6.095000,68.58,38.653,23.190,454,365,120.000,119,119,18.000,39.000,55.000,467,361,577,160,157,157,157,157,157,157,1,0,0,3,30,1
6.100000,72.18,37.474,22.480,453,369,120.000,119,119,18.000,39.000,55.000,453,365,584,160,159,159,159,159,159,159,1,0,0,3,30,1
6.105000,75.78,36.172,21.720,450,372,120.000,119,119,18.000,39.000,55.000,437,368,589,160,160,160,160,160,160,160,1,0,0,3,30,1
6.110000,79.38,34.766,20.850,446,375,120.000,120,120,18.000,39.000,55.000,423,375,600,160,162,162,162,162,162,162,1,0,0,3,30,1
6.115000,82.98,33.280,19.980,440,378,120.000,120,120,18.000,39.000,55.000,406,378,605,160,163,163,163,163,163,163,1,0,0,3,30,1
6.120000,86.58,31.737,19.050,432,380,120.000,120,120,18.000,39.000,55.000,387,380,609,160,164,164,164,164,164,164,1,0,0,3,30,1
6.125000,90.18,30.161,18.080,423,382,120.000,120,120,18.000,39.000,55.000,367,382,612,160,165,165,165,165,165,165,1,0,0,3,30,1
6.130000,93.78,28.577,17.150,414,383,120.000,120,120,18.000,39.000,55.000,348,383,614,160,165,165,165,165,165,165,1,0,0,3,30,1
6.135000,97.38,27.011,16.230,403,384,120.000,120,120,18.000,39.000,55.000,329,385,616,160,166,166,166,166,166,166,1,0,0,3,30,1
6.140000,100.98,25.487,15.300,391,385,120.000,120,120,18.000,39.000,55.000,311,386,617,160,166,166,166,166,166,166,1,0,0,3,30,1
6.145000,104.58,24.029,14.430,379,385,120.000,120,120,18.000,39.000,55.000,293,386,617,160,166,166,166,166,166,166,1,0,0,3,30,1
6.150000,108.18,22.658,13.620,366,385,120.000,120,120,18.000,39.000,55.000,276,386,617,160,166,166,166,166,166,166,1,0,0,3,30,1
6.155000,111.78,21.397,12.850,353,384,120.000,119,119,18.000,39.000,55.000,259,382,611,160,166,166,166,166,166,166,1,0,0,3,30,1
6.160000,115.38,20.265,12.150,340,383,120.000,119,119,18.000,39.000,55.000,244,380,609,160,165,165,165,165,165,165,1,0,0,3,30,1
6.165000,118.98,19.279,11.550,327,383,120.000,119,119,18.000,39.000,55.000,232,380,609,160,165,165,165,165,165,165,1,0,0,3,30,1
6.170000,122.58,18.453,11.060,314,381,120.000,119,119,18.000,39.000,55.000,222,378,605,160,164,164,164,164,164,164,1,0,0,3,30,1
6.175000,126.18,17.801,10.680,302,380,120.000,120,120,18.000,39.000,55.000,217,380,609,160,164,164,164,164,164,164,1,0,0,3,30,1
6.180000,129.78,17.330,10.410,291,378,120.000,120,120,18.000,39.000,55.000,211,378,605,160,163,163,163,163,163,163,1,0,0,3,30,1
6.185000,133.38,17.048,10.240,281,376,120.000,120,120,18.000,39.000,55.000,208,376,602,160,162,162,162,162,162,162,1,0,0,3,30,1
6.190000,136.98,16.958,10.190,272,375,120.000,120,120,18.000,39.000,55.000,207,375,600,160,162,162,162,162,162,162,1,0,0,3,30,1
6.195000,140.58,17.061,10.240,264,372,120.000,120,120,18.000,39.000,55.000,208,371,594,160,160,160,160,160,160,160,1,0,0,3,30,1
6.200000,144.18,17.352,10.410,258,370,120.000,120,120,18.000,39.000,55.000,211,369,591,160,159,159,159,159,159,159,1,0,0,3,30,1
6.205000,147.78,17.827,10.680,253,368,120.000,120,120,18.000,39.000,55.000,217,367,588,160,158,158,158,158,158,158,1,0,0,3,30,1
6.210000,151.38,18.477,11.060,249,366,120.000,120,120,18.000,39.000,55.000,224,365,584,160,157,157,157,157,157,157,1,0,0,3,30,1
6.215000,154.98,19.290,11.550,247,364,120.000,119,119,18.000,39.000,55.000,232,360,576,160,156,156,156,156,156,156,1,0,0,3,30,1
6.220000,158.58,20.251,12.150,247,361,120.000,119,119,18.000,39.000,55.000,244,356,570,160,155,155,155,155,155,155,1,0,0,3,30,1
6.225000,162.18,21.344,12.800,248,359,120.000,119,119,18.000,39.000,55.000,258,354,567,160,154,154,154,154,154,154,1,0,0,3,30,1
6.230000,165.78,22.550,13.510,251,357,120.000,119,119,18.000,39.000,55.000,272,352,563,160,153,153,153,153,153,153,1,0,0,3,30,1
6.235000,169.38,23.848,14.320,255,355,120.000,120,120,18.000,39.000,55.000,291,353,564,160,152,152,152,152,152,152,1,0,0,3,30,1
6.240000,172.98,25.217,15.140,260,353,120.000,120,120,18.000,39.000,55.000,307,350,561,160,151,151,151,151,151,151,1,0,0,3,30,1
6.245000,176.58,26.633,15.950,267,351,120.000,120,120,18.000,39.000,55.000,324,348,557,160,150,150,150,150,150,150,1,0,0,3,30,1
6.250000,180.18,28.072,16.820,275,350,120.000,120,120,18.000,39.000,55.000,341,347,556,160,150,150,150,150,150,150,1,0,0,3,30,1
6.255000,183.78,29.510,17.690,284,348,120.000,120,120,18.000,39.000,55.000,359,345,552,160,149,149,149,149,149,149,1,0,0,3,30,1
6.260000,187.38,30.922,18.560,294,347,120.000,120,120,18.000,39.000,55.000,377,344,550,160,148,148,148,148,148,148,1,0,0,3,30,1
6.265000,190.98,32.285,19.380,305,346,120.000,120,120,18.000,39.000,55.000,393,343,549,160,148,148,148,148,148,148,1,0,0,3,30,1
6.270000,194.58,33.575,20.140,316,346,120.000,120,120,18.000,39.000,55.000,409,343,549,160,148,148,148,148,148,148,1,0,0,3,30,1
6.275000,198.18,34.771,20.850,328,345,120.000,120,120,18.000,39.000,55.000,423,341,547,160,147,147,147,147,147,147,1,0,0,3,30,1
6.280000,201.78,35.852,21.500,340,345,120.000,119,119,18.000,39.000,55.000,433,339,542,160,147,147,147,147,147,147,1,0,0,3,30,1
6.285000,205.38,36.799,22.050,351,345,120.000,119,119,18.000,39.000,55.000,444,339,542,160,147,147,147,147,147,147,1,0,0,3,30,1
6.290000,208.98,37.595,22.540,363,346,120.000,119,119,18.000,39.000,55.000,454,340,544,160,148,148,148,148,148,148,1,0,0,3,30,1
6.295000,212.58,38.228,22.920,373,346,120.000,119,119,18.000,39.000,55.000,462,340,544,160,148,148,148,148,148,148,1,0,0,3,30,1
6.300000,216.18,38.685,23.190,384,348,120.000,120,120,18.000,39.000,55.000,471,345,552,160,149,149,149,149,149,149,1,0,0,3,30,1
6.305000,219.78,38.958,23.350,393,349,120.000,120,120,18.000,39.000,55.000,474,346,554,160,149,149,149,149,149,149,1,0,0,3,30,1
6.310000,223.38,39.041,23.410,401,351,120.000,120,120,18.000,39.000,55.000,475,348,557,160,150,150,150,150,150,150,1,0,0,3,30,1
6.315000,226.98,38.932,23.350,409,353,120.000,120,120,18.000,39.000,55.000,474,350,561,160,151,151,151,151,151,151,1,0,0,3,30,1
6.320000,230.58,38.631,23.190,415,356,120.000,120,120,18.000,39.000,55.000,471,354,566,160,152,152,152,152,152,152,1,0,0,3,30,1
6.325000,234.18,38.142,22.860,419,358,120.000,120,120,18.000,39.000,55.000,464,356,570,160,153,153,153,153,153,153,1,0,0,3,30,1
6.330000,237.78,37.472,22.480,422,361,120.000,120,120,18.000,39.000,55.000,456,359,575,160,155,155,155,155,155,155,1,0,0,3,30,1
6.335000,241.38,36.630,21.990,424,363,120.000,120,120,18.000,39.000,55.000,447,361,578,160,156,156,156,156,156,156,1,0,0,3,30,1
6.340000,244.98,35.628,21.390,424,366,120.000,119,119,18.000,39.000,55.000,431,362,579,160,157,157,157,157,157,157,1,0,0,3,30,1
6.345000,248.58,34.482,20.690,422,368,120.000,119,119,18.000,39.000,55.000,417,364,583,160,158,158,158,158,158,158,1,0,0,3,30,1
6.350000,252.18,33.209,19.920,419,370,120.000,119,119,18.000,39.000,55.000,401,366,586,160,159,159,159,159,159,159,1,0,0,3,30,1
6.355000,255.78,31.829,19.110,414,372,120.000,119,119,18.000,39.000,55.000,385,368,589,160,160,160,160,160,160,160,1,0,0,3,30,1
6.360000,259.38,30.363,18.180,408,374,120.000,120,120,18.000,39.000,55.000,369,374,598,160,161,161,161,161,161,161,1,0,0,3,30,1
6.365000,262.98,28.834,17.310,401,375,120.000,120,120,18.000,39.000,55.000,351,375,600,160,162,162,162,162,162,162,1,0,0,3,30,1
6.370000,266.58,27.265,16.330,392,376,120.000,120,120,18.000,39.000,55.000,331,376,602,160,162,162,162,162,162,162,1,0,0,3,30,1
6.375000,270.18,25.681,15.410,382,376,120.000,120,120,18.000,39.000,55.000,313,376,602,160,162,162,162,162,162,162,1,0,0,3,30,1
6.380000,273.78,24.107,14.490,371,376,120.000,120,120,18.000,39.000,55.000,294,376,602,160,162,162,162,162,162,162,1,0,0,3,30,1
6.385000,277.38,22.568,13.560,359,376,120.000,120,120,18.000,39.000,55.000,275,376,602,160,162,162,162,162,162,162,1,0,0,3,30,1
6.390000,280.98,21.089,12.640,347,375,120.000,120,120,18.000,39.000,55.000,256,375,600,160,162,162,162,162,162,162,1,0,0,3,30,1
6.395000,284.58,19.693,11.820,334,375,120.000,120,120,18.000,39.000,55.000,240,375,600,160,162,162,162,162,162,162,1,0,0,3,30,1
6.400000,288.18,18.402,11.060,321,374,120.000,120,120,18.000,39.000,55.000,224,374,598,160,161,161,161,161,161,161,1,0,0,3,30,1
6.405000,291.78,17.237,10.350,307,373,120.000,119,119,18.000,39.000,55.000,208,369,591,160,161,161,161,161,161,161,1,0,0,3,30,1
6.410000,295.38,16.217,9.750,294,371,120.000,119,119,18.000,39.000,55.000,196,367,588,160,160,160,160,160,160,160,1,0,0,3,30,1
6.415000,298.98,15.360,9.210,282,370,120.000,119,119,18.000,39.000,55.000,185,366,586,160,159,159,159,159,159,159,1,0,0,3,30,1
6.420000,302.58,14.678,8.770,270,368,120.000,119,119,18.000,39.000,55.000,176,364,583,160,158,158,158,158,158,158,1,0,0,3,30,1
6.425000,306.18,14.184,8.500,258,366,120.000,120,120,18.000,39.000,55.000,172,365,584,160,157,157,157,157,157,157,1,0,0,3,30,1
6.430000,309.78,13.887,8.340,248,364,120.000,120,120,18.000,39.000,55.000,169,363,580,160,156,156,156,156,156,156,1,0,0,3,30,1
6.435000,313.38,13.792,8.280,239,361,120.000,120,120,18.000,39.000,55.000,168,359,575,160,155,155,155,155,155,155,1,0,0,3,30,1
6.440000,316.98,13.902,8.340,231,359,120.000,120,120,18.000,39.000,55.000,169,357,572,160,154,154,154,154,154,154,1,0,0,3,30,1
6.445000,320.58,14.216,8.560,224,356,120.000,120,120,18.000,39.000,55.000,174,354,566,160,152,152,152,152,152,152,1,0,0,3,30,1
6.450000,324.18,14.730,8.830,219,354,120.000,120,120,18.000,39.000,55.000,179,351,563,160,151,151,151,151,151,151,1,0,0,3,30,1
6.455000,327.78,15.439,9.260,215,351,120.000,120,120,18.000,39.000,55.000,188,348,557,160,150,150,150,150,150,150,1,0,0,3,30,1
6.460000,331.38,16.331,9.810,213,348,120.000,120,120,18.000,39.000,55.000,199,345,552,160,149,149,149,149,149,149,1,0,0,3,30,1
6.465000,334.98,17.395,10.410,213,346,120.000,119,119,18.000,39.000,55.000,209,340,544,160,148,148,148,148,148,148,1,0,0,3,30,1
6.470000,338.58,18.615,11.170,215,343,120.000,119,119,18.000,39.000,55.000,225,337,539,160,146,146,146,146,146,146,1,0,0,3,30,1
6.475000,342.18,19.973,11.980,218,341,120.000,119,119,18.000,39.000,55.000,241,334,535,160,145,145,145,145,145,145,1,0,0,3,30,1
6.480000,345.78,21.449,12.850,223,338,120.000,119,119,18.000,39.000,55.000,259,331,530,160,144,144,144,144,144,144,1,0,0,3,30,1
6.485000,349.38,23.023,13.830,229,336,120.000,120,120,18.000,39.000,55.000,281,331,531,160,143,143,143,143,143,143,1,0,0,3,30,1
6.490000,352.98,24.669,14.810,237,334,120.000,120,120,18.000,39.000,55.000,301,329,527,160,142,142,142,142,142,142,1,0,0,3,30,1
6.495000,356.58,26.366,15.850,247,332,120.000,120,120,18.000,39.000,55.000,322,327,524,160,141,141,141,141,141,141,1,0,0,3,30,1
6.500000,0.18,28.086,16.820,257,331,120.000,120,120,18.000,39.000,55.000,341,326,522,160,140,140,140,140,140,140,1,0,0,3,30,1
6.505000,3.78,29.805,17.860,269,329,120.000,120,120,18.000,39.000,55.000,363,324,518,160,140,140,140,140,140,140,1,0,0,3,30,1
6.510000,7.38,31.498,18.890,282,328,120.000,120,120,18.000,39.000,55.000,383,323,517,160,139,139,139,139,139,139,1,0,0,3,30,1
6.515000,10.98,33.139,19.870,295,328,120.000,120,120,18.000,39.000,55.000,403,323,517,160,139,139,139,139,139,139,1,0,0,3,30,1
6.520000,14.58,34.703,20.790,309,327,120.000,120,120,18.000,39.000,55.000,422,322,515,160,139,139,139,139,139,139,1,0,0,3,30,1
6.525000,18.18,36.169,21.720,324,327,120.000,120,120,18.000,39.000,55.000,441,322,515,160,139,139,139,139,139,139,1,0,0,3,30,1
6.530000,21.78,37.514,22.480,338,327,120.000,119,119,18.000,39.000,55.000,453,319,511,160,139,139,139,139,139,139,1,0,0,3,30,1
6.535000,25.38,38.719,23.240,353,328,120.000,119,119,18.000,39.000,55.000,468,320,512,160,139,139,139,139,139,139,1,0,0,3,30,1
6.540000,28.98,39.766,23.840,367,329,120.000,119,119,18.000,39.000,55.000,480,321,514,160,140,140,140,140,140,140,1,0,0,3,30,1
6.545000,32.58,40.640,24.380,380,331,120.000,119,119,18.000,39.000,55.000,491,323,517,160,140,140,140,140,140,140,1,0,0,3,30,1
6.550000,36.18,41.330,24.770,393,333,120.000,120,120,18.000,39.000,55.000,503,328,525,160,141,141,141,141,141,141,1,0,0,3,30,1
6.555000,39.78,41.825,25.090,406,336,120.000,120,120,18.000,39.000,55.000,510,331,531,160,143,143,143,143,143,143,1,0,0,3,30,1
6.560000,43.38,42.118,25.260,417,339,120.000,120,120,18.000,39.000,55.000,513,335,536,160,144,144,144,144,144,144,1,0,0,3,30,1
6.565000,46.98,42.208,25.310,427,342,120.000,120,120,18.000,39.000,55.000,514,338,541,160,146,146,146,146,146,146,1,0,0,3,30,1
6.570000,50.58,42.092,25.260,435,346,120.000,120,120,18.000,39.000,55.000,513,343,549,160,148,148,148,148,148,148,1,0,0,3,30,1
6.575000,54.18,41.775,25.040,442,350,120.000,120,120,18.000,39.000,55.000,509,347,556,160,150,150,150,150,150,150,1,0,0,3,30,1
6.580000,57.78,41.262,24.770,448,354,120.000,120,120,18.000,39.000,55.000,503,351,563,160,151,151,151,151,151,151,1,0,0,3,30,1
6.585000,61.38,40.562,24.330,451,357,120.000,120,120,18.000,39.000,55.000,494,355,568,160,153,153,153,153,153,153,1,0,0,3,30,1
6.590000,64.98,39.688,23.790,454,361,120.000,119,119,18.000,39.000,55.000,479,356,570,160,155,155,155,155,155,155,1,0,0,3,30,1
6.595000,68.58,38.653,23.190,454,365,120.000,119,119,18.000,39.000,55.000,467,361,577,160,157,157,157,157,157,157,1,0,0,3,30,1
6.600000,72.18,37.474,22.480,453,369,120.000,119,119,18.000,39.000,55.000,453,365,584,160,159,159,159,159,159,159,1,0,0,3,30,1
6.605000,75.78,36.172,21.720,450,372,120.000,119,119,18.000,39.000,55.000,437,368,589,160,160,160,160,160,160,160,1,0,0,3,30,1
6.610000,79.38,34.766,20.850,446,375,120.000,120,120,18.000,39.000,55.000,423,375,600,160,162,162,162,162,162,162,1,0,0,3,30,1
6.615000,82.98,33.280,19.980,440,378,120.000,120,120,18.000,39.000,55.000,406,378,605,160,163,163,163,163,163,163,1,0,0,3,30,1
6.620000,86.58,31.737,19.050,432,380,120.000,120,120,18.000,39.000,55.000,387,380,609,160,164,164,164,164,164,164,1,0,0,3,30,1
6.625000,90.18,30.161,18.080,423,382,120.000,120,120,18.000,39.000,55.000,367,382,612,160,165,165,165,165,165,165,1,0,0,3,30,1
6.630000,93.78,28.577,17.150,414,383,120.000,120,120,18.000,39.000,55.000,348,383,614,160,165,165,165,165,165,165,1,0,0,3,30,1
6.635000,97.38,27.011,16.230,403,384,120.000,120,120,18.000,39.000,55.000,329,385,616,160,166,166,166,166,166,166,1,0,0,3,30,1
6.640000,100.98,25.487,15.300,391,385,120.000,120,120,18.000,39.000,55.000,311,386,617,160,166,166,166,166,166,166,1,0,0,3,30,1
6.645000,104.58,24.029,14.430,379,385,120.000,120,120,18.000,39.000,55.000,293,386,617,160,166,166,166,166,166,166,1,0,0,3,30,1
6.650000,108.18,22.658,13.620,366,385,120.000,120,120,18.000,39.000,55.000,276,386,617,160,166,166,166,166,166,166,1,0,0,3,30,1
6.655000,111.78,21.397,12.850,353,384,120.000,119,119,18.000,39.000,55.000,259,382,611,160,166,166,166,166,166,166,1,0,0,3,30,1
6.660000,115.38,20.265,12.150,340,383,120.000,119,119,18.000,39.000,55.000,244,380,609,160,165,165,165,165,165,165,1,0,0,3,30,1
6.665000,118.98,19.279,11.550,327,383,120.000,119,119,18.000,39.000,55.000,232,380,609,160,165,165,165,165,165,165,1,0,0,3,30,1
6.670000,122.58,18.453,11.060,314,381,120.000,119,119,18.000,39.000,55.000,222,378,605,160,164,164,164,164,164,164,1,0,0,3,30,1
6.675000,126.18,17.801,10.680,302,380,120.000,120,120,18.000,39.000,55.000,217,380,609,160,164,164,164,164,164,164,1,0,0,3,30,1
6.680000,129.78,17.330,10.410,291,378,120.000,120,120,18.000,39.000,55.000,211,378,605,160,163,163,163,163,163,163,1,0,0,3,30,1
6.685000,133.38,17.048,10.240,281,376,120.000,120,120,18.000,39.000,55.000,208,376,602,160,162,162,162,162,162,162,1,0,0,3,30,1
6.690000,136.98,16.958,10.190,272,375,120.000,120,120,18.000,39.000,55.000,207,375,600,160,162,162,162,162,162,162,1,0,0,3,30,1
6.695000,140.58,17.061,10.240,264,372,120.000,120,120,18.000,39.000,55.000,208,371,594,160,160,160,160,160,160,160,1,0,0,3,30,1
6.700000,144.18,17.352,10.410,258,370,120.000,120,120,18.000,39.000,55.000,211,369,591,160,159,159,159,159,159,159,1,0,0,3,30,1
6.705000,147.78,17.827,10.680,253,368,120.000,120,120,18.000,39.000,55.000,217,367,588,160,158,158,158,158,158,158,1,0,0,3,30,1
6.710000,151.38,18.477,11.060,249,366,120.000,120,120,18.000,39.000,55.000,224,365,584,160,157,157,157,157,157,157,1,0,0,3,30,1
6.715000,154.98,19.290,11.550,247,364,120.000,119,119,18.000,39.000,55.000,232,360,576,160,156,156,156,156,156,156,1,0,0,3,30,1
6.720000,158.58,20.251,12.150,247,361,120.000,119,119,18.000,39.000,55.000,244,356,570,160,155,155,155,155,155,155,1,0,0,3,30,1
6.725000,162.18,21.344,12.800,248,359,120.000,119,119,18.000,39.000,55.000,258,354,567,160,154,154,154,154,154,154,1,0,0,3,30,1
6.730000,165.78,22.550,13.510,251,357,120.000,119,119,18.000,39.000,55.000,272,352,563,160,153,153,153,153,153,153,1,0,0,3,30,1
6.735000,169.38,23.848,14.320,255,355,120.000,120,120,18.000,39.000,55.000,291,353,564,160,152,152,152,152,152,152,1,0,0,3,30,1
6.740000,172.98,25.217,15.140,260,353,120.000,120,120,18.000,39.000,55.000,307,350,561,160,151,151,151,151,151,151,1,0,0,3,30,1
6.745000,176.58,26.633,15.950,267,351,120.000,120,120,18.000,39.000,55.000,324,348,557,160,150,150,150,150,150,150,1,0,0,3,30,1
6.750000,180.18,28.072,16.820,275,350,120.000,120,120,18.000,39.000,55.000,341,347,556,160,150,150,150,150,150,150,1,0,0,3,30,1
6.755000,183.78,29.510,17.690,284,348,120.000,120,120,18.000,39.000,55.000,359,345,552,160,149,149,149,149,149,149,1,0,0,3,30,1
6.760000,187.38,30.922,18.560,294,347,120.000,120,120,18.000,39.000,55.000,377,344,550,160,148,148,148,148,148,148,1,0,0,3,30,1
6.765000,190.98,32.285,19.380,305,346,120.000,120,120,18.000,39.000,55.000,393,343,549,160,148,148,148,148,148,148,1,0,0,3,30,1
6.770000,194.58,33.575,20.140,316,346,120.000,120,120,18.000,39.000,55.000,409,343,549,160,148,148,148,148,148,148,1,0,0,3,30,1
6.775000,198.18,34.771,20.850,328,345,120.000,120,120,18.000,39.000,55.000,423,341,547,160,147,147,147,147,147,147,1,0,0,3,30,1
6.780000,201.78,35.852,21.500,340,345,120.000,119,119,18.000,39.000,55.000,433,339,542,160,147,147,147,147,147,147,1,0,0,3,30,1
6.785000,205.38,36.799,22.050,351,345,120.000,119,119,18.000,39.000,55.000,444,339,542,160,147,147,147,147,147,147,1,0,0,3,30,1
6.790000,208.98,37.595,22.540,363,346,120.000,119,119,18.000,39.000,55.000,454,340,544,160,148,148,148,148,148,148,1,0,0,3,30,1
6.795000,212.58,38.228,22.920,373,346,120.000,119,119,18.000,39.000,55.000,462,340,544,160,148,148,148,148,148,148,1,0,0,3,30,1
6.800000,216.18,38.685,23.190,384,348,120.000,120,120,18.000,39.000,55.000,471,345,552,160,149,149,149,149,149,149,1,0,0,3,30,1
6.805000,219.78,38.958,23.350,393,349,120.000,120,120,18.000,39.000,55.000,474,346,554,160,149,149,149,149,149,149,1,0,0,3,30,1
6.810000,223.38,39.041,23.410,401,351,120.000,120,120,18.000,39.000,55.000,475,348,557,160,150,150,150,150,150,150,1,0,0,3,30,1
6.815000,226.98,38.932,23.350,409,353,120.000,120,120,18.000,39.000,55.000,474,350,561,160,151,151,151,151,151,151,1,0,0,3,30,1
6.820000,230.58,38.631,23.190,415,356,120.000,120,120,18.000,39.000,55.000,471,354,566,160,152,152,152,152,152,152,1,0,0,3,30,1
6.825000,234.18,38.142,22.860,419,358,120.000,120,120,18.000,39.000,55.000,464,356,570,160,153,153,153,153,153,153,1,0,0,3,30,1
6.830000,237.78,37.472,22.480,422,361,120.000,120,120,18.000,39.000,55.000,456,359,575,160,155,155,155,155,155,155,1,0,0,3,30,1
6.835000,241.38,36.630,21.990,424,363,120.000,120,120,18.000,39.000,55.000,447,361,578,160,156,156,156,156,156,156,1,0,0,3,30,1
6.840000,244.98,35.628,21.390,424,366,120.000,119,119,18.000,39.000,55.000,431,362,579,160,157,157,157,157,157,157,1,0,0,3,30,1
6.845000,248.58,34.482,20.690,422,368,120.000,119,119,18.000,39.000,55.000,417,364,583,160,158,158,158,158,158,158,1,0,0,3,30,1
6.850000,252.18,33.209,19.920,419,370,120.000,119,119,18.000,39.000,55.000,401,366,586,160,159,159,159,159,159,159,1,0,0,3,30,1
6.855000,255.78,31.829,19.110,414,372,120.000,119,119,18.000,39.000,55.000,385,368,589,160,160,160,160,160,160,160,1,0,0,3,30,1
6.860000,259.38,30.363,18.180,408,374,120.000,120,120,18.000,39.000,55.000,369,374,598,160,161,161,161,161,161,161,1,0,0,3,30,1
6.865000,262.98,28.834,17.310,401,375,120.000,120,120,18.000,39.000,55.000,351,375,600,160,162,162,162,162,162,162,1,0,0,3,30,1
6.870000,266.58,27.265,16.330,392,376,120.000,120,120,18.000,39.000,55.000,331,376,602,160,162,162,162,162,162,162,1,0,0,3,30,1
6.875000,270.18,25.681,15.410,382,376,120.000,120,120,18.000,39.000,55.000,313,376,602,160,162,162,162,162,162,162,1,0,0,3,30,1
6.880000,273.78,24.107,14.490,371,376,120.000,120,120,18.000,39.000,55.000,294,376,602,160,162,162,162,162,162,162,1,0,0,3,30,1
6.885000,277.38,22.568,13.560,359,376,120.000,120,120,18.000,39.000,55.000,275,376,602,160,162,162,162,162,162,162,1,0,0,3,30,1
6.890000,280.98,21.089,12.640,347,375,120.000,120,120,18.000,39.000,55.000,256,375,600,160,162,162,162,162,162,162,1,0,0,3,30,1
6.895000,284.58,19.693,11.820,334,375,120.000,120,120,18.000,39.000,55.000,240,375,600,160,162,162,162,162,162,162,1,0,0,3,30,1
6.900000,288.18,18.402,11.060,321,374,120.000,120,120,18.000,39.000,55.000,224,374,598,160,161,161,161,161,161,161,1,0,0,3,30,1
6.905000,291.78,17.237,10.350,307,373,120.000,119,119,18.000,39.000,55.000,208,369,591,160,161,161,161,161,161,161,1,0,0,3,30,1
6.910000,295.38,16.217,9.750,294,371,120.000,119,119,18.000,39.000,55.000,196,367,588,160,160,160,160,160,160,160,1,0,0,3,30,1
6.915000,298.98,15.360,9.210,282,370,120.000,119,119,18.000,39.000,55.000,185,366,586,160,159,159,159,159,159,159,1,0,0,3,30,1
6.920000,302.58,14.678,8.770,270,368,120.000,119,119,18.000,39.000,55.000,176,364,583,160,158,158,158,158,158,158,1,0,0,3,30,1
6.925000,306.18,14.184,8.500,258,366,120.000,120,120,18.000,39.000,55.000,172,365,584,160,157,157,157,157,157,157,1,0,0,3,30,1
6.930000,309.78,13.887,8.340,248,364,120.000,120,120,18.000,39.000,55.000,169,363,580,160,156,156,156,156,156,156,1,0,0,3,30,1
6.935000,313.38,13.792,8.280,239,361,120.000,120,120,18.000,39.000,55.000,168,359,575,160,155,155,155,155,155,155,1,0,0,3,30,1
6.940000,316.98,13.902,8.340,231,359,120.000,120,120,18.000,39.000,55.000,169,357,572,160,154,154,154,154,154,154,1,0,0,3,30,1
6.945000,320.58,14.216,8.560,224,356,120.000,120,120,18.000,39.000,55.000,174,354,566,160,152,152,152,152,152,152,1,0,0,3,30,1
6.950000,324.18,14.730,8.830,219,354,120.000,120,120,18.000,39.000,55.000,179,351,563,160,151,151,151,151,151,151,1,0,0,3,30,1
6.955000,327.78,15.439,9.260,215,351,120.000,120,120,18.000,39.000,55.000,188,348,557,160,150,150,150,150,150,150,1,0,0,3,30,1
6.960000,331.38,16.331,9.810,213,348,120.000,120,120,18.000,39.000,55.000,199,345,552,160,149,149,149,149,149,149,1,0,0,3,30,1
6.965000,334.98,17.395,10.410,213,346,120.000,119,119,18.000,39.000,55.000,209,340,544,160,148,148,148,148,148,148,1,0,0,3,30,1
6.970000,338.58,18.615,11.170,215,343,120.000,119,119,18.000,39.000,55.000,225,337,539,160,146,146,146,146,146,146,1,0,0,3,30,1
6.975000,342.18,19.973,11.980,218,341,120.000,119,119,18.000,39.000,55.000,241,334,535,160,145,145,145,145,145,145,1,0,0,3,30,1
6.980000,345.78,21.449,12.850,223,338,120.000,119,119,18.000,39.000,55.000,259,331,530,160,144,144,144,144,144,144,1,0,0,3,30,1
6.985000,349.38,23.023,13.830,229,336,120.000,120,120,18.000,39.000,55.000,281,331,531,160,143,143,143,143,143,143,1,0,0,3,30,1
6.990000,352.98,24.669,14.810,237,334,120.000,120,120,18.000,39.000,55.000,301,329,527,160,142,142,142,142,142,142,1,0,0,3,30,1
6.995000,356.58,26.366,15.850,247,332,120.000,120,120,18.000,39.000,55.000,322,327,524,160,141,141,141,141,141,141,1,0,0,3,30,1
7.000000,0.18,28.086,16.820,257,331,120.000,120,120,18.000,39.000,55.000,341,326,522,160,140,140,140,140,140,140,1,0,0,3,30,1
7.005000,3.78,29.805,17.860,269,329,120.000,120,120,18.000,39.000,55.000,363,324,518,160,140,140,140,140,140,140,1,0,0,3,30,1
7.010000,7.38,31.498,18.890,282,328,120.000,120,120,18.000,39.000,55.000,383,323,517,160,139,139,139,139,139,139,1,0,0,3,30,1
7.015000,10.98,33.139,19.870,295,328,120.000,120,120,18.000,39.000,55.000,403,323,517,160,139,139,139,139,139,139,1,0,0,3,30,1
7.020000,14.58,34.703,20.790,309,327,120.000,120,120,18.000,39.000,55.000,422,322,515,160,139,139,139,139,139,139,1,0,0,3,30,1
7.025000,18.18,36.169,21.720,324,327,120.000,120,120,18.000,39.000,55.000,441,322,515,160,139,139,139,139,139,139,1,0,0,3,30,1
7.030000,21.78,37.514,22.480,338,327,120.000,119,119,18.000,39.000,55.000,453,319,511,160,139,139,139,139,139,139,1,0,0,3,30,1
7.035000,25.38,38.719,23.240,353,328,120.000,119,119,18.000,39.000,55.000,468,320,512,160,139,139,139,139,139,139,1,0,0,3,30,1
7.040000,28.98,39.766,23.840,367,329,120.000,119,119,18.000,39.000,55.000,480,321,514,160,140,140,140,140,140,140,1,0,0,3,30,1
7.045000,32.58,40.640,24.380,380,331,120.000,119,119,18.000,39.000,55.000,491,323,517,160,140,140,140,140,140,140,1,0,0,3,30,1
7.050000,36.18,41.330,24.770,393,333,120.000,120,120,18.000,39.000,55.000,503,328,525,160,141,141,141,141,141,141,1,0,0,3,30,1
7.055000,39.78,41.825,25.090,406,336,120.000,120,120,18.000,39.000,55.000,510,331,531,160,143,143,143,143,143,143,1,0,0,3,30,1
7.060000,43.38,42.118,25.260,417,339,120.000,120,120,18.000,39.000,55.000,513,335,536,160,144,144,144,144,144,144,1,0,0,3,30,1
7.065000,46.98,42.208,25.310,427,342,120.000,120,120,18.000,39.000,55.000,514,338,541,160,146,146,146,146,146,146,1,0,0,3,30,1
7.070000,50.58,42.092,25.260,435,346,120.000,120,120,18.000,39.000,55.000,513,343,549,160,148,148,148,148,148,148,1,0,0,3,30,1
7.075000,54.18,41.775,25.040,442,350,120.000,120,120,18.000,39.000,55.000,509,347,556,160,150,150,150,150,150,150,1,0,0,3,30,1
7.080000,57.78,41.262,24.770,448,354,120.000,120,120,18.000,39.000,55.000,503,351,563,160,151,151,151,151,151,151,1,0,0,3,30,1
7.085000,61.38,40.562,24.330,451,357,120.000,120,120,18.000,39.000,55.000,494,355,568,160,153,153,153,153,153,153,1,0,0,3,30,1
7.090000,64.98,39.688,23.790,454,361,120.000,119,119,18.000,39.000,55.000,479,356,570,160,155,155,155,155,155,155,1,0,0,3,30,1
7.095000,68.58,38.653,23.190,454,365,120.000,119,119,18.000,39.000,55.000,467,361,577,160,157,157,157,157,157,157,1,0,0,3,30,1
7.100000,72.18,37.474,22.480,453,369,120.000,119,119,18.000,39.000,55.000,453,365,584,160,159,159,159,159,159,159,1,0,0,3,30,1
7.105000,75.78,36.172,21.720,450,372,120.000,119,119,18.000,39.000,55.000,437,368,589,160,160,160,160,160,160,160,1,0,0,3,30,1
7.110000,79.38,34.766,20.850,446,375,120.000,120,120,18.000,39.000,55.000,423,375,600,160,162,162,162,162,162,162,1,0,0,3,30,1
7.115000,82.98,33.280,19.980,440,378,120.000,120,120,18.000,39.000,55.000,406,378,605,160,163,163,163,163,163,163,1,0,0,3,30,1
7.120000,86.58,31.737,19.050,432,380,120.000,120,120,18.000,39.000,55.000,387,380,609,160,164,164,164,164,164,164,1,0,0,3,30,1
7.125000,90.18,30.161,18.080,423,382,120.000,120,120,18.000,39.000,55.000,367,382,612,160,165,165,165,165,165,165,1,0,0,3,30,1
7.130000,93.78,28.577,17.150,414,383,120.000,120,120,18.000,39.000,55.000,348,383,614,160,165,165,165,165,165,165,1,0,0,3,30,1
7.135000,97.38,27.011,16.230,403,384,120.000,120,120,18.000,39.000,55.000,329,385,616,160,166,166,166,166,166,166,1,0,0,3,30,1
7.140000,100.98,25.487,15.300,391,385,120.000,120,120,18.000,39.000,55.000,311,386,617,160,166,166,166,166,166,166,1,0,0,3,30,1
7.145000,104.58,24.029,14.430,379,385,120.000,120,120,18.000,39.000,55.000,293,386,617,160,166,166,166,166,166,166,1,0,0,3,30,1
7.150000,108.18,22.658,13.620,366,385,120.000,120,120,18.000,39.000,55.000,276,386,617,160,166,166,166,166,166,166,1,0,0,3,30,1
7.155000,111.78,21.397,12.850,353,384,120.000,119,119,18.000,39.000,55.000,259,382,611,160,166,166,166,166,166,166,1,0,0,3,30,1
7.160000,115.38,20.265,12.150,340,383,120.000,119,119,18.000,39.000,55.000,244,380,609,160,165,165,165,165,165,165,1,0,0,3,30,1
7.165000,118.98,19.279,11.550,327,383,120.000,119,119,18.000,39.000,55.000,232,380,609,160,165,165,165,165,165,165,1,0,0,3,30,1
7.170000,122.58,18.453,11.060,314,381,120.000,119,119,18.000,39.000,55.000,222,378,605,160,164,164,164,164,164,164,1,0,0,3,30,1
7.175000,126.18,17.801,10.680,302,380,120.000,120,120,18.000,39.000,55.000,217,380,609,160,164,164,164,164,164,164,1,0,0,3,30,1
7.180000,129.78,17.330,10.410,291,378,120.000,120,120,18.000,39.000,55.000,211,378,605,160,163,163,163,163,163,163,1,0,0,3,30,1
7.185000,133.38,17.048,10.240,281,376,120.000,120,120,18.000,39.000,55.000,208,376,602,160,162,162,162,162,162,162,1,0,0,3,30,1
7.190000,136.98,16.958,10.190,272,375,120.000,120,120,18.000,39.000,55.000,207,375,600,160,162,162,162,162,162,162,1,0,0,3,30,1
7.195000,140.58,17.061,10.240,264,372,120.000,120,120,18.000,39.000,55.000,208,371,594,160,160,160,160,160,160,160,1,0,0,3,30,1
7.200000,144.18,17.352,10.410,258,370,120.000,120,120,18.000,39.000,55.000,211,369,591,160,159,159,159,159,159,159,1,0,0,3,30,1
7.205000,147.78,17.827,10.680,253,368,120.000,120,120,18.000,39.000,55.000,217,367,588,160,158,158,158,158,158,158,1,0,0,3,30,1
7.210000,151.38,18.477,11.060,249,366,120.000,120,120,18.000,39.000,55.000,224,365,584,160,157,157,157,157,157,157,1,0,0,3,30,1
7.215000,154.98,19.290,11.550,247,364,120.000,119,119,18.000,39.000,55.000,232,360,576,160,156,156,156,156,156,156,1,0,0,3,30,1
7.220000,158.58,20.251,12.150,247,361,120.000,119,119,18.000,39.000,55.000,244,356,570,160,155,155,155,155,155,155,1,0,0,3,30,1
7.225000,162.18,21.344,12.800,248,359,120.000,119,119,18.000,39.000,55.000,258,354,567,160,154,154,154,154,154,154,1,0,0,3,30,1
7.230000,165.78,22.550,13.510,251,357,120.000,119,119,18.000,39.000,55.000,272,352,563,160,153,153,153,153,153,153,1,0,0,3,30,1
7.235000,169.38,23.848,14.320,255,355,120.000,120,120,18.000,39.000,55.000,291,353,564,160,152,152,152,152,152,152,1,0,0,3,30,1
7.240000,172.98,25.217,15.140,260,353,120.000,120,120,18.000,39.000,55.000,307,350,561,160,151,151,151,151,151,151,1,0,0,3,30,1
7.245000,176.58,26.633,15.950,267,351,120.000,120,120,18.000,39.000,55.000,324,348,557,160,150,150,150,150,150,150,1,0,0,3,30,1
7.250000,180.18,28.072,16.820,275,350,120.000,120,120,18.000,39.000,55.000,341,347,556,160,150,150,150,150,150,150,1,0,0,3,30,1
7.255000,183.78,29.510,17.690,284,348,120.000,120,120,18.000,39.000,55.000,359,345,552,160,149,149,149,149,149,149,1,0,0,3,30,1
7.260000,187.38,30.922,18.560,294,347,120.000,120,120,18.000,39.000,55.000,377,344,550,160,148,148,148,148,148,148,1,0,0,3,30,1
7.265000,190.98,32.285,19.380,305,346,120.000,120,120,18.000,39.000,55.000,393,343,549,160,148,148,148,148,148,148,1,0,0,3,30,1
7.270000,194.58,33.575,20.140,316,346,120.000,120,120,18.000,39.000,55.000,409,343,549,160,148,148,148,148,148,148,1,0,0,3,30,1
7.275000,198.18,34.771,20.850,328,345,120.000,120,120,18.000,39.000,55.000,423,341,547,160,147,147,147,147,147,147,1,0,0,3,30,1
7.280000,201.78,35.852,21.500,340,345,120.000,119,119,18.000,39.000,55.000,433,339,542,160,147,147,147,147,147,147,1,0,0,3,30,1
7.285000,205.38,36.799,22.050,351,345,120.000,119,119,18.000,39.000,55.000,444,339,542,160,147,147,147,147,147,147,1,0,0,3,30,1
7.290000,208.98,37.595,22.540,363,346,120.000,119,119,18.000,39.000,55.000,454,340,544,160,148,148,148,148,148,148,1,0,0,3,30,1
7.295000,212.58,38.228,22.920,373,346,120.000,119,119,18.000,39.000,55.000,462,340,544,160,148,148,148,148,148,148,1,0,0,3,30,1
7.300000,216.18,38.685,23.190,384,348,120.000,120,120,18.000,39.000,55.000,471,345,552,160,149,149,149,149,149,149,1,0,0,3,30,1
7.305000,219.78,38.958,23.350,393,349,120.000,120,120,18.000,39.000,55.000,474,346,554,160,149,149,149,149,149,149,1,0,0,3,30,1
7.310000,223.38,39.041,23.410,401,351,120.000,120,120,18.000,39.000,55.000,475,348,557,160,150,150,150,150,150,150,1,0,0,3,30,1
7.315000,226.98,38.932,23.350,409,353,120.000,120,120,18.000,39.000,55.000,474,350,561,160,151,151,151,151,151,151,1,0,0,3,30,1
7.320000,230.58,38.631,23.190,415,356,120.000,120,120,18.000,39.000,55.000,471,354,566,160,152,152,152,152,152,152,1,0,0,3,30,1
7.325000,234.18,38.142,22.860,419,358,120.000,120,120,18.000,39.000,55.000,464,356,570,160,153,153,153,153,153,153,1,0,0,3,30,1
7.330000,237.78,37.472,22.480,422,361,120.000,120,120,18.000,39.000,55.000,456,359,575,160,155,155,155,155,155,155,1,0,0,3,30,1
7.335000,241.38,36.630,21.990,424,363,120.000,120,120,18.000,39.000,55.000,447,361,578,160,156,156,156,156,156,156,1,0,0,3,30,1
7.340000,244.98,35.628,21.390,424,366,120.000,119,119,18.000,39.000,55.000,431,362,579,160,157,157,157,157,157,157,1,0,0,3,30,1
7.345000,248.58,34.482,20.690,422,368,120.000,119,119,18.000,39.000,55.000,417,364,583,160,158,158,158,158,158,158,1,0,0,3,30,1
7.350000,252.18,33.209,19.920,419,370,120.000,119,119,18.000,39.000,55.000,401,366,586,160,159,159,159,159,159,159,1,0,0,3,30,1
7.355000,255.78,31.829,19.110,414,372,120.000,119,119,18.000,39.000,55.000,385,368,589,160,160,160,160,160,160,160,1,0,0,3,30,1
7.360000,259.38,30.363,18.180,408,374,120.000,120,120,18.000,39.000,55.000,369,374,598,160,161,161,161,161,161,161,1,0,0,3,30,1
7.365000,262.98,28.834,17.310,401,375,120.000,120,120,18.000,39.000,55.000,351,375,600,160,162,162,162,162,162,162,1,0,0,3,30,1
7.370000,266.58,27.265,16.330,392,376,120.000,120,120,18.000,39.000,55.000,331,376,602,160,162,162,162,162,162,162,1,0,0,3,30,1
7.375000,270.18,25.681,15.410,382,376,120.000,120,120,18.000,39.000,55.000,313,376,602,160,162,162,162,162,162,162,1,0,0,3,30,1
7.380000,273.78,24.107,14.490,371,376,120.000,120,120,18.000,39.000,55.000,294,376,602,160,162,162,162,162,162,162,1,0,0,3,30,1
7.385000,277.38,22.568,13.560,359,376,120.000,120,120,18.000,39.000,55.000,275,376,602,160,162,162,162,162,162,162,1,0,0,3,30,1
7.390000,280.98,21.089,12.640,347,375,120.000,120,120,18.000,39.000,55.000,256,375,600,160,162,162,162,162,162,162,1,0,0,3,30,1
7.395000,284.58,19.693,11.820,334,375,120.000,120,120,18.000,39.000,55.000,240,375,600,160,162,162,162,162,162,162,1,0,0,3,30,1
7.400000,288.18,18.402,11.060,321,374,120.000,120,120,18.000,39.000,55.000,224,374,598,160,161,161,161,161,161,161,1,0,0,3,30,1
7.405000,291.78,17.237,10.350,307,373,120.000,119,119,18.000,39.000,55.000,208,369,591,160,161,161,161,161,161,161,1,0,0,3,30,1
7.410000,295.38,16.217,9.750,294,371,120.000,119,119,18.000,39.000,55.000,196,367,588,160,160,160,160,160,160,160,1,0,0,3,30,1
7.415000,298.98,15.360,9.210,282,370,120.000,119,119,18.000,39.000,55.000,185,366,586,160,159,159,159,159,159,159,1,0,0,3,30,1
7.420000,302.58,14.678,8.770,270,368,120.000,119,119,18.000,39.000,55.000,176,364,583,160,158,158,158,158,158,158,1,0,0,3,30,1
7.425000,306.18,14.184,8.500,258,366,120.000,120,120,18.000,39.000,55.000,172,365,584,160,157,157,157,157,157,157,1,0,0,3,30,1
7.430000,309.78,13.887,8.340,248,364,120.000,120,120,18.000,39.000,55.000,169,363,580,160,156,156,156,156,156,156,1,0,0,3,30,1
7.435000,313.38,13.792,8.280,239,361,120.000,120,120,18.000,39.000,55.000,168,359,575,160,155,155,155,155,155,155,1,0,0,3,30,1
7.440000,316.98,13.902,8.340,231,359,120.000,120,120,18.000,39.000,55.000,169,357,572,160,154,154,154,154,154,154,1,0,0,3,30,1
7.445000,320.58,14.216,8.560,224,356,120.000,120,120,18.000,39.000,55.000,174,354,566,160,152,152,152,152,152,152,1,0,0,3,30,1
7.450000,324.18,14.730,8.830,219,354,120.000,120,120,18.000,39.000,55.000,179,351,563,160,151,151,151,151,151,151,1,0,0,3,30,1
7.455000,327.78,15.439,9.260,215,351,120.000,120,120,18.000,39.000,55.000,188,348,557,160,150,150,150,150,150,150,1,0,0,3,30,1
7.460000,331.38,16.331,9.810,213,348,120.000,120,120,18.000,39.000,55.000,199,345,552,160,149,149,149,149,149,149,1,0,0,3,30,1
7.465000,334.98,17.395,10.410,213,346,120.000,119,119,18.000,39.000,55.000,209,340,544,160,148,148,148,148,148,148,1,0,0,3,30,1
7.470000,338.58,18.615,11.170,215,343,120.000,119,119,18.000,39.000,55.000,225,337,539,160,146,146,146,146,146,146,1,0,0,3,30,1
7.475000,342.18,19.973,11.980,218,341,120.000,119,119,18.000,39.000,55.000,241,334,535,160,145,145,145,145,145,145,1,0,0,3,30,1
7.480000,345.78,21.449,12.850,223,338,120.000,119,119,18.000,39.000,55.000,259,331,530,160,144,144,144,144,144,144,1,0,0,3,30,1
7.485000,349.38,23.023,13.830,229,336,120.000,120,120,18.000,39.000,55.000,281,331,531,160,143,143,143,143,143,143,1,0,0,3,30,1
7.490000,352.98,24.669,14.810,237,334,120.000,120,120,18.000,39.000,55.000,301,329,527,160,142,142,142,142,142,142,1,0,0,3,30,1
7.495000,356.58,26.366,15.850,247,332,120.000,120,120,18.000,39.000,55.000,322,327,524,160,141,141,141,141,141,141,1,0,0,3,30,1
7.500000,0.18,28.086,16.820,257,331,120.000,120,120,18.000,39.000,55.000,341,326,522,160,140,140,140,140,140,140,1,0,0,3,30,1
7.505000,3.78,29.805,17.860,269,329,120.000,120,120,18.000,39.000,55.000,363,324,518,160,140,140,140,140,140,140,1,0,0,3,30,1
7.510000,7.38,31.498,18.890,282,328,120.000,120,120,18.000,39.000,55.000,383,323,517,160,139,139,139,139,139,139,1,0,0,3,30,1
7.515000,10.98,33.139,19.870,295,328,120.000,120,120,18.000,39.000,55.000,403,323,517,160,139,139,139,139,139,139,1,0,0,3,30,1
7.520000,14.58,34.703,20.790,309,327,120.000,120,120,18.000,39.000,55.000,422,322,515,160,139,139,139,139,139,139,1,0,0,3,30,1
7.525000,18.18,36.169,21.720,324,327,120.000,120,120,18.000,39.000,55.000,441,322,515,160,139,139,139,139,139,139,1,0,0,3,30,1
7.530000,21.78,37.514,22.480,338,327,120.000,119,119,18.000,39.000,55.000,453,319,511,160,139,139,139,139,139,139,1,0,0,3,30,1
7.535000,25.38,38.719,23.240,353,328,120.000,119,119,18.000,39.000,55.000,468,320,512,160,139,139,139,139,139,139,1,0,0,3,30,1
7.540000,28.98,39.766,23.840,367,329,120.000,119,119,18.000,39.000,55.000,480,321,514,160,140,140,140,140,140,140,1,0,0,3,30,1
7.545000,32.58,40.640,24.380,380,331,120.000,119,119,18.000,39.000,55.000,491,323,517,160,140,140,140,140,140,140,1,0,0,3,30,1
7.550000,36.18,41.330,24.770,393,333,120.000,120,120,18.000,39.000,55.000,503,328,525,160,141,141,141,141,141,141,1,0,0,3,30,1
7.555000,39.78,41.825,25.090,406,336,120.000,120,120,18.000,39.000,55.000,510,331,531,160,143,143,143,143,143,143,1,0,0,3,30,1
7.560000,43.38,42.118,25.260,417,339,120.000,120,120,18.000,39.000,55.000,513,335,536,160,144,144,144,144,144,144,1,0,0,3,30,1
7.565000,46.98,42.208,25.310,427,342,120.000,120,120,18.000,39.000,55.000,514,338,541,160,146,146,146,146,146,146,1,0,0,3,30,1
7.570000,50.58,42.092,25.260,435,346,120.000,120,120,18.000,39.000,55.000,513,343,549,160,148,148,148,148,148,148,1,0,0,3,30,1
7.575000,54.18,41.775,25.040,442,350,120.000,120,120,18.000,39.000,55.000,509,347,556,160,150,150,150,150,150,150,1,0,0,3,30,1
7.580000,57.78,41.262,24.770,448,354,120.000,120,120,18.000,39.000,55.000,503,351,563,160,151,151,151,151,151,151,1,0,0,3,30,1
7.585000,61.38,40.562,24.330,451,357,120.000,120,120,18.000,39.000,55.000,494,355,568,160,153,153,153,153,153,153,1,0,0,3,30,1
7.590000,64.98,39.688,23.790,454,361,120.000,119,119,18.000,39.000,55.000,479,356,570,160,155,155,155,155,155,155,1,0,0,3,30,1
7.595000,68.58,38.653,23.190,454,365,120.000,119,119,18.000,39.000,55.000,467,361,577,160,157,157,157,157,157,157,1,0,0,3,30,1
7.600000,72.18,37.474,22.480,453,369,120.000,119,119,18.000,39.000,55.000,453,365,584,160,159,159,159,159,159,159,1,0,0,3,30,1
7.605000,75.78,36.172,21.720,450,372,120.000,119,119,18.000,39.000,55.000,437,368,589,160,160,160,160,160,160,160,1,0,0,3,30,1
7.610000,79.38,34.766,20.850,446,375,120.000,120,120,18.000,39.000,55.000,423,375,600,160,162,162,162,162,162,162,1,0,0,3,30,1
7.615000,82.98,33.280,19.980,440,378,120.000,120,120,18.000,39.000,55.000,406,378,605,160,163,163,163,163,163,163,1,0,0,3,30,1
7.620000,86.58,31.737,19.050,432,380,120.000,120,120,18.000,39.000,55.000,387,380,609,160,164,164,164,164,164,164,1,0,0,3,30,1
7.625000,90.18,30.161,18.080,423,382,120.000,120,120,18.000,39.000,55.000,367,382,612,160,165,165,165,165,165,165,1,0,0,3,30,1
7.630000,93.78,28.577,17.150,414,383,120.000,120,120,18.000,39.000,55.000,348,383,614,160,165,165,165,165,165,165,1,0,0,3,30,1
7.635000,97.38,27.011,16.230,403,384,120.000,120,120,18.000,39.000,55.000,329,385,616,160,166,166,166,166,166,166,1,0,0,3,30,1
7.640000,100.98,25.487,15.300,391,385,120.000,120,120,18.000,39.000,55.000,311,386,617,160,166,166,166,166,166,166,1,0,0,3,30,1
7.645000,104.58,24.029,14.430,379,385,120.000,120,120,18.000,39.000,55.000,293,386,617,160,166,166,166,166,166,166,1,0,0,3,30,1
7.650000,108.18,22.658,13.620,366,385,120.000,120,120,18.000,39.000,55.000,276,386,617,160,166,166,166,166,166,166,1,0,0,3,30,1
7.655000,111.78,21.397,12.850,353,384,120.000,119,119,18.000,39.000,55.000,259,382,611,160,166,166,166,166,166,166,1,0,0,3,30,1
7.660000,115.38,20.265,12.150,340,383,120.000,119,119,18.000,39.000,55.000,244,380,609,160,165,165,165,165,165,165,1,0,0,3,30,1
7.665000,118.98,19.279,11.550,327,383,120.000,119,119,18.000,39.000,55.000,232,380,609,160,165,165,165,165,165,165,1,0,0,3,30,1
7.670000,122.58,18.453,11.060,314,381,120.000,119,119,18.000,39.000,55.000,222,378,605,160,164,164,164,164,164,164,1,0,0,3,30,1
7.675000,126.18,17.801,10.680,302,380,120.000,120,120,18.000,39.000,55.000,217,380,609,160,164,164,164,164,164,164,1,0,0,3,30,1
7.680000,129.78,17.330,10.410,291,378,120.000,120,120,18.000,39.000,55.000,211,378,605,160,163,163,163,163,163,163,1,0,0,3,30,1
7.685000,133.38,17.048,10.240,281,376,120.000,120,120,18.000,39.000,55.000,208,376,602,160,162,162,162,162,162,162,1,0,0,3,30,1
7.690000,136.98,16.958,10.190,272,375,120.000,120,120,18.000,39.000,55.000,207,375,600,160,162,162,162,162,162,162,1,0,0,3,30,1
7.695000,140.58,17.061,10.240,264,372,120.000,120,120,18.000,39.000,55.000,208,371,594,160,160,160,160,160,160,160,1,0,0,3,30,1
7.700000,144.18,17.352,10.410,258,370,120.000,120,120,18.000,39.000,55.000,211,369,591,160,159,159,159,159,159,159,1,0,0,3,30,1
7.705000,147.78,17.827,10.680,253,368,120.000,120,120,18.000,39.000,55.000,217,367,588,160,158,158,158,158,158,158,1,0,0,3,30,1
7.710000,151.38,18.477,11.060,249,366,120.000,120,120,18.000,39.000,55.000,224,365,584,160,157,157,157,157,157,157,1,0,0,3,30,1
7.715000,154.98,19.290,11.550,247,364,120.000,119,119,18.000,39.000,55.000,232,360,576,160,156,156,156,156,156,156,1,0,0,3,30,1
7.720000,158.58,20.251,12.150,247,361,120.000,119,119,18.000,39.000,55.000,244,356,570,160,155,155,155,155,155,155,1,0,0,3,30,1
7.725000,162.18,21.344,12.800,248,359,120.000,119,119,18.000,39.000,55.000,258,354,567,160,154,154,154,154,154,154,1,0,0,3,30,1
7.730000,165.78,22.550,13.510,251,357,120.000,119,119,18.000,39.000,55.000,272,352,563,160,153,153,153,153,153,153,1,0,0,3,30,1
7.735000,169.38,23.848,14.320,255,355,120.000,120,120,18.000,39.000,55.000,291,353,564,160,152,152,152,152,152,152,1,0,0,3,30,1
7.740000,172.98,25.217,15.140,260,353,120.000,120,120,18.000,39.000,55.000,307,350,561,160,151,151,151,151,151,151,1,0,0,3,30,1
7.745000,176.58,26.633,15.950,267,351,120.000,120,120,18.000,39.000,55.000,324,348,557,160,150,150,150,150,150,150,1,0,0,3,30,1
7.750000,180.18,28.072,16.820,275,350,120.000,120,120,18.000,39.000,55.000,341,347,556,160,150,150,150,150,150,150,1,0,0,3,30,1
7.755000,183.78,29.510,17.690,284,348,120.000,120,120,18.000,39.000,55.000,359,345,552,160,149,149,149,149,149,149,1,0,0,3,30,1
7.760000,187.38,30.922,18.560,294,347,120.000,120,120,18.000,39.000,55.000,377,344,550,160,148,148,148,148,148,148,1,0,0,3,30,1
7.765000,190.98,32.285,19.380,305,346,120.000,120,120,18.000,39.000,55.000,393,343,549,160,148,148,148,148,148,148,1,0,0,3,30,1
7.770000,194.58,33.575,20.140,316,346,120.000,120,120,18.000,39.000,55.000,409,343,549,160,148,148,148,148,148,148,1,0,0,3,30,1
7.775000,198.18,34.771,20.850,328,345,120.000,120,120,18.000,39.000,55.000,423,341,547,160,147,147,147,147,147,147,1,0,0,3,30,1
7.780000,201.78,35.852,21.500,340,345,120.000,119,119,18.000,39.000,55.000,433,339,542,160,147,147,147,147,147,147,1,0,0,3,30,1
7.785000,205.38,36.799,22.050,351,345,120.000,119,119,18.000,39.000,55.000,444,339,542,160,147,147,147,147,147,147,1,0,0,3,30,1
7.790000,208.98,37.595,22.540,363,346,120.000,119,119,18.000,39.000,55.000,454,340,544,160,148,148,148,148,148,148,1,0,0,3,30,1
7.795000,212.58,38.228,22.920,373,346,120.000,119,119,18.000,39.000,55.000,462,340,544,160,148,148,148,148,148,148,1,0,0,3,30,1
7.800000,216.18,38.685,23.190,384,348,120.000,120,120,18.000,39.000,55.000,471,345,552,160,149,149,149,149,149,149,1,0,0,3,30,1
7.805000,219.78,38.958,23.350,393,349,120.000,120,120,18.000,39.000,55.000,474,346,554,160,149,149,149,149,149,149,1,0,0,3,30,1
7.810000,223.38,39.041,23.410,401,351,120.000,120,120,18.000,39.000,55.000,475,348,557,160,150,150,150,150,150,150,1,0,0,3,30,1
7.815000,226.98,38.932,23.350,409,353,120.000,120,120,18.000,39.000,55.000,474,350,561,160,151,151,151,151,151,151,1,0,0,3,30,1
7.820000,230.58,38.631,23.190,415,356,120.000,120,120,18.000,39.000,55.000,471,354,566,160,152,152,152,152,152,152,1,0,0,3,30,1
7.825000,234.18,38.142,22.860,419,358,120.000,120,120,18.000,39.000,55.000,464,356,570,160,153,153,153,153,153,153,1,0,0,3,30,1
7.830000,237.78,37.472,22.480,422,361,120.000,120,120,18.000,39.000,55.000,456,359,575,160,155,155,155,155,155,155,1,0,0,3,30,1
7.835000,241.38,36.630,21.990,424,363,120.000,120,120,18.000,39.000,55.000,447,361,578,160,156,156,156,156,156,156,1,0,0,3,30,1
7.840000,244.98,35.628,21.390,424,366,120.000,119,119,18.000,39.000,55.000,431,362,579,160,157,157,157,157,157,157,1,0,0,3,30,1
7.845000,248.58,34.482,20.690,422,368,120.000,119,119,18.000,39.000,55.000,417,364,583,160,158,158,158,158,158,158,1,0,0,3,30,1
7.850000,252.18,33.209,19.920,419,370,120.000,119,119,18.000,39.000,55.000,401,366,586,160,159,159,159,159,159,159,1,0,0,3,30,1
7.855000,255.78,31.829,19.110,414,372,120.000,119,119,18.000,39.000,55.000,385,368,589,160,160,160,160,160,160,160,1,0,0,3,30,1
7.860000,259.38,30.363,18.180,408,374,120.000,120,120,18.000,39.000,55.000,369,374,598,160,161,161,161,161,161,161,1,0,0,3,30,1
7.865000,262.98,28.834,17.310,401,375,120.000,120,120,18.000,39.000,55.000,351,375,600,160,162,162,162,162,162,162,1,0,0,3,30,1
7.870000,266.58,27.265,16.330,392,376,120.000,120,120,18.000,39.000,55.000,331,376,602,160,162,162,162,162,162,162,1,0,0,3,30,1
7.875000,270.18,25.681,15.410,382,376,120.000,120,120,18.000,39.000,55.000,313,376,602,160,162,162,162,162,162,162,1,0,0,3,30,1
7.880000,273.78,24.107,14.490,371,376,120.000,120,120,18.000,39.000,55.000,294,376,602,160,162,162,162,162,162,162,1,0,0,3,30,1
7.885000,277.38,22.568,13.560,359,376,120.000,120,120,18.000,39.000,55.000,275,376,602,160,162,162,162,162,162,162,1,0,0,3,30,1
7.890000,280.98,21.089,12.640,347,375,120.000,120,120,18.000,39.000,55.000,256,375,600,160,162,162,162,162,162,162,1,0,0,3,30,1
7.895000,284.58,19.693,11.820,334,375,120.000,120,120,18.000,39.000,55.000,240,375,600,160,162,162,162,162,162,162,1,0,0,3,30,1
7.900000,288.18,18.402,11.060,321,374,120.000,120,120,18.000,39.000,55.000,224,374,598,160,161,161,161,161,161,161,1,0,0,3,30,1
7.905000,291.78,17.237,10.350,307,373,120.000,119,119,18.000,39.000,55.000,208,369,591,160,161,161,161,161,161,161,1,0,0,3,30,1
7.910000,295.38,16.217,9.750,294,371,120.000,119,119,18.000,39.000,55.000,196,367,588,160,160,160,160,160,160,160,1,0,0,3,30,1
7.915000,298.98,15.360,9.210,282,370,120.000,119,119,18.000,39.000,55.000,185,366,586,160,159,159,159,159,159,159,1,0,0,3,30,1
7.920000,302.58,14.678,8.770,270,368,120.000,119,119,18.000,39.000,55.000,176,364,583,160,158,158,158,158,158,158,1,0,0,3,30,1
7.925000,306.18,14.184,8.500,258,366,120.000,120,120,18.000,39.000,55.000,172,365,584,160,157,157,157,157,157,157,1,0,0,3,30,1
7.930000,309.78,13.887,8.340,248,364,120.000,120,120,18.000,39.000,55.000,169,363,580,160,156,156,156,156,156,156,1,0,0,3,30,1
7.935000,313.38,13.792,8.280,239,361,120.000,120,120,18.000,39.000,55.000,168,359,575,160,155,155,155,155,155,155,1,0,0,3,30,1
7.940000,316.98,13.902,8.340,231,359,120.000,120,120,18.000,39.000,55.000,169,357,572,160,154,154,154,154,154,154,1,0,0,3,30,1
7.945000,320.58,14.216,8.560,224,356,120.000,120,120,18.000,39.000,55.000,174,354,566,160,152,152,152,152,152,152,1,0,0,3,30,1
7.950000,324.18,14.730,8.830,219,354,120.000,120,120,18.000,39.000,55.000,179,351,563,160,151,151,151,151,151,151,1,0,0,3,30,1
7.955000,327.78,15.439,9.260,215,351,120.000,120,120,18.000,39.000,55.000,188,348,557,160,150,150,150,150,150,150,1,0,0,3,30,1
7.960000,331.38,16.331,9.810,213,348,120.000,120,120,18.000,39.000,55.000,199,345,552,160,149,149,149,149,149,149,1,0,0,3,30,1
7.965000,334.98,17.395,10.410,213,346,120.000,119,119,18.000,39.000,55.000,209,340,544,160,148,148,148,148,148,148,1,0,0,3,30,1
7.970000,338.58,18.615,11.170,215,343,120.000,119,119,18.000,39.000,55.000,225,337,539,160,146,146,146,146,146,146,1,0,0,3,30,1
7.975000,342.18,19.973,11.980,218,341,120.000,119,119,18.000,39.000,55.000,241,334,535,160,145,145,145,145,145,145,1,0,0,3,30,1
7.980000,345.78,21.449,12.850,223,338,120.000,119,119,18.000,39.000,55.000,259,331,530,160,144,144,144,144,144,144,1,0,0,3,30,1
7.985000,349.38,23.023,13.830,229,336,120.000,120,120,18.000,39.000,55.000,281,331,531,160,143,143,143,143,143,143,1,0,0,3,30,1
7.990000,352.98,24.669,14.810,237,334,120.000,120,120,18.000,39.000,55.000,301,329,527,160,142,142,142,142,142,142,1,0,0,3,30,1
7.995000,356.58,26.366,15.850,247,332,120.000,120,120,18.000,39.000,55.000,322,327,524,160,141,141,141,141,141,141,1,0,0,3,30,1
8.000000,0.00,0.000,0.000,255,331,0.000,120,120,18.000,39.000,55.000,0,326,522,160,140,140,140,140,140,140,1,0,0,3,30,0
8.005000,0.00,0.000,0.000,221,329,0.000,120,120,18.000,39.000,55.000,0,324,518,160,140,140,140,140,140,140,1,0,0,3,30,0
8.010000,0.00,0.000,0.000,191,327,0.000,120,120,18.000,39.000,55.000,0,322,515,160,139,139,139,139,139,139,1,0,0,3,30,0
8.015000,0.00,0.000,0.000,166,324,0.000,120,120,18.000,39.000,55.000,0,318,509,160,137,137,137,137,137,137,1,0,0,3,30,0
8.020000,0.00,0.000,0.000,144,320,0.000,120,120,18.000,39.000,55.000,0,314,502,160,135,135,135,135,135,135,1,0,0,3,30,0
8.025000,0.00,0.000,0.000,125,317,0.000,120,120,18.000,39.000,55.000,0,311,497,160,134,134,134,134,134,134,1,0,0,3,30,0
8.030000,0.00,0.000,0.000,108,313,0.000,120,120,18.000,39.000,55.000,0,306,490,160,132,132,132,132,132,132,1,0,0,3,30,0
8.035000,0.00,0.000,0.000,94,308,0.000,120,120,18.000,39.000,55.000,0,301,481,160,130,130,130,130,130,130,1,0,0,3,30,0
8.040000,0.00,0.000,0.000,81,304,0.000,120,120,18.000,39.000,55.000,0,296,474,160,128,128,128,128,128,128,1,0,0,3,30,0
8.045000,0.00,0.000,0.000,70,300,0.000,120,120,18.000,39.000,55.000,0,292,467,160,126,126,126,126,126,126,1,0,0,3,30,0
8.050000,0.00,0.000,0.000,61,295,0.000,120,120,18.000,39.000,55.000,0,286,458,160,123,123,123,123,123,123,1,0,0,3,30,0
8.055000,0.00,0.000,0.000,53,290,0.000,120,120,18.000,39.000,55.000,0,281,449,160,121,121,121,121,121,121,1,0,0,3,30,0
8.060000,0.00,0.000,0.000,46,286,0.000,120,120,18.000,39.000,55.000,0,276,442,160,119,119,119,119,119,119,1,0,0,3,30,0
8.065000,0.00,0.000,0.000,40,281,0.000,120,120,18.000,39.000,55.000,0,271,433,160,117,117,117,117,117,117,1,0,0,3,30,0
8.070000,0.00,0.000,0.000,34,276,0.000,120,120,18.000,39.000,55.000,0,265,425,160,114,114,114,114,114,114,1,0,0,3,30,0
8.075000,0.00,0.000,0.000,30,271,0.000,120,120,18.000,39.000,55.000,0,260,416,160,112,112,112,112,112,112,1,0,0,3,30,0
8.080000,0.00,0.000,0.000,26,267,0.000,120,120,18.000,39.000,55.000,0,255,409,160,110,110,110,110,110,110,1,0,0,3,30,0
8.085000,0.00,0.000,0.000,23,262,0.000,120,120,18.000,39.000,55.000,0,250,400,160,108,108,108,108,108,108,1,0,0,3,30,0
8.090000,0.00,0.000,0.000,20,257,0.000,120,120,18.000,39.000,55.000,0,244,391,160,105,105,105,105,105,105,1,0,0,3,30,0
8.095000,0.00,0.000,0.000,17,252,0.000,120,120,18.000,39.000,55.000,0,239,382,160,103,103,103,103,103,103,1,0,0,3,30,0
8.100000,0.00,0.000,0.000,15,248,0.000,120,120,18.000,39.000,55.000,0,234,375,160,101,101,101,101,101,101,1,0,0,3,30,0
8.105000,0.00,0.000,0.000,13,243,0.000,120,120,18.000,39.000,55.000,0,229,366,160,99,99,99,99,99,99,1,0,0,3,30,0
8.110000,0.00,0.000,0.000,11,239,0.000,120,120,18.000,39.000,55.000,0,224,359,160,97,97,97,97,97,97,1,0,0,3,30,0
8.115000,0.00,0.000,0.000,10,234,0.000,120,120,18.000,39.000,55.000,0,219,350,160,94,94,94,94,94,94,1,0,0,3,30,0
8.120000,0.00,0.000,0.000,8,230,0.000,120,120,18.000,39.000,55.000,0,214,343,160,92,92,92,92,92,92,1,0,0,3,30,0
8.125000,0.00,0.000,0.000,7,225,0.000,120,120,18.000,39.000,55.000,0,209,335,160,90,90,90,90,90,90,1,0,0,3,30,0
8.130000,0.00,0.000,0.000,6,221,0.000,120,120,18.000,39.000,55.000,0,204,327,160,88,88,88,88,88,88,1,0,0,3,30,0
8.135000,0.00,0.000,0.000,6,217,0.000,120,120,18.000,39.000,55.000,0,200,320,160,86,86,86,86,86,86,1,0,0,3,30,0
8.140000,0.00,0.000,0.000,5,213,0.000,120,120,18.000,39.000,55.000,0,195,313,160,84,84,84,84,84,84,1,0,0,3,30,0
8.145000,0.00,0.000,0.000,4,209,0.000,120,120,18.000,39.000,55.000,0,191,306,160,82,82,82,82,82,82,1,0,0,3,30,0
8.150000,0.00,0.000,0.000,4,205,0.000,120,120,18.000,39.000,55.000,0,187,299,160,80,80,80,80,80,80,1,0,0,3,30,0
8.155000,0.00,0.000,0.000,3,201,0.000,120,120,18.000,39.000,55.000,0,182,292,160,78,78,78,78,78,78,1,0,0,3,30,0
8.160000,0.00,0.000,0.000,3,197,0.000,120,120,18.000,39.000,55.000,0,178,285,160,76,76,76,76,76,76,1,0,0,3,30,0
8.165000,0.00,0.000,0.000,3,193,0.000,120,120,18.000,39.000,55.000,0,174,278,160,75,75,75,75,75,75,1,0,0,3,30,0
8.170000,0.00,0.000,0.000,2,189,0.000,120,120,18.000,39.000,55.000,0,169,271,160,73,73,73,73,73,73,1,0,0,3,30,0
8.175000,0.00,0.000,0.000,2,186,0.000,120,120,18.000,39.000,55.000,0,166,266,160,71,71,71,71,71,71,1,0,0,3,30,0
8.180000,0.00,0.000,0.000,2,182,0.000,120,120,18.000,39.000,55.000,0,161,258,160,69,69,69,69,69,69,1,0,0,3,30,0
8.185000,0.00,0.000,0.000,2,178,0.000,120,120,18.000,39.000,55.000,0,157,251,160,67,67,67,67,67,67,1,0,0,3,30,0
8.190000,0.00,0.000,0.000,1,175,0.000,120,120,18.000,39.000,55.000,0,154,246,160,66,66,66,66,66,66,1,0,0,3,30,0
8.195000,0.00,0.000,0.000,1,172,0.000,120,120,18.000,39.000,55.000,0,150,241,160,65,65,65,65,65,65,1,0,0,3,30,0
8.200000,0.00,0.000,0.000,1,168,0.000,0,0,18.000,39.000,55.000,0,0,0,0,0,0,0,0,0,0,2,144,0,3,70,0
8.205000,0.00,0.000,0.000,1,165,0.000,0,0,18.000,39.000,55.000,0,0,0,0,0,0,0,0,0,0,2,144,0,3,70,0
8.210000,0.00,0.000,0.000,1,162,0.000,0,0,18.000,39.000,55.000,0,0,0,0,0,0,0,0,0,0,2,144,0,3,70,0
8.215000,0.00,0.000,0.000,1,159,0.000,0,0,18.000,39.000,55.000,0,0,0,0,0,0,0,0,0,0,2,144,0,3,70,0
8.220000,0.00,0.000,0.000,1,155,0.000,0,0,18.000,39.000,55.000,0,0,0,0,0,0,0,0,0,0,2,144,0,3,70,0
8.225000,0.00,0.000,0.000,1,152,0.000,0,0,18.000,39.000,55.000,0,0,0,0,0,0,0,0,0,0,2,144,0,3,70,0
8.230000,0.00,0.000,0.000,1,149,0.000,0,0,18.000,39.000,55.000,0,0,0,0,0,0,0,0,0,0,2,144,0,3,70,0
8.235000,0.00,0.000,0.000,1,147,0.000,0,0,18.000,39.000,55.000,0,0,0,0,0,0,0,0,0,0,2,144,0,3,70,0
8.240000,0.00,0.000,0.000,0,144,0.000,0,0,18.000,39.000,55.000,0,0,0,0,0,0,0,0,0,0,2,144,0,3,70,0
8.245000,0.00,0.000,0.000,0,141,0.000,0,0,18.000,39.000,55.000,0,0,0,0,0,0,0,0,0,0,2,144,0,3,70,0
8.250000,0.00,0.000,0.000,0,138,0.000,0,0,18.000,39.000,55.000,0,0,0,0,0,0,0,0,0,0,2,144,0,3,70,0
8.255000,0.00,0.000,0.000,0,135,0.000,0,0,18.000,39.000,55.000,0,0,0,0,0,0,0,0,0,0,2,144,0,3,70,0
8.260000,0.00,0.000,0.000,0,133,0.000,0,0,18.000,39.000,55.000,0,0,0,0,0,0,0,0,0,0,2,144,0,3,70,0
8.265000,0.00,0.000,0.000,0,130,0.000,0,0,18.000,39.000,55.000,0,0,0,0,0,0,0,0,0,0,2,144,0,3,70,0
8.270000,0.00,0.000,0.000,0,128,0.000,0,0,18.000,39.000,55.000,0,0,0,0,0,0,0,0,0,0,2,144,0,3,70,0
8.275000,0.00,0.000,0.000,0,125,0.000,0,0,18.000,39.000,55.000,0,0,0,0,0,0,0,0,0,0,2,144,0,3,70,0
8.280000,0.00,0.000,0.000,0,123,0.000,0,0,18.000,39.000,55.000,0,0,0,0,0,0,0,0,0,0,2,144,0,3,70,0
8.285000,0.00,0.000,0.000,0,120,0.000,0,0,18.000,39.000,55.000,0,0,0,0,0,0,0,0,0,0,2,144,0,3,70,0
8.290000,0.00,0.000,0.000,0,118,0.000,0,0,18.000,39.000,55.000,0,0,0,0,0,0,0,0,0,0,2,144,0,3,70,0
8.295000,0.00,0.000,0.000,0,116,0.000,0,0,18.000,39.000,55.000,0,0,0,0,0,0,0,0,0,0,2,144,0,3,70,0
8.300000,0.00,0.000,0.000,0,113,0.000,0,0,18.000,39.000,55.000,0,0,0,0,0,0,0,0,0,0,2,144,0,3,70,0
8.305000,0.00,0.000,0.000,0,111,0.000,0,0,18.000,39.000,55.000,0,0,0,0,0,0,0,0,0,0,2,144,0,3,70,0
8.310000,0.00,0.000,0.000,0,109,0.000,0,0,18.000,39.000,55.000,0,0,0,0,0,0,0,0,0,0,2,144,0,3,70,0
8.315000,0.00,0.000,0.000,0,107,0.000,0,0,18.000,39.000,55.000,0,0,0,0,0,0,0,0,0,0,2,144,0,3,70,0
8.320000,0.00,0.000,0.000,0,105,0.000,0,0,18.000,39.000,55.000,0,0,0,0,0,0,0,0,0,0,2,144,0,3,70,0
8.325000,0.00,0.000,0.000,0,103,0.000,0,0,18.000,39.000,55.000,0,0,0,0,0,0,0,0,0,0,2,144,0,3,70,0
8.330000,0.00,0.000,0.000,0,101,0.000,0,0,18.000,39.000,55.000,0,0,0,0,0,0,0,0,0,0,2,144,0,3,70,0
8.335000,0.00,0.000,0.000,0,99,0.000,0,0,18.000,39.000,55.000,0,0,0,0,0,0,0,0,0,0,2,144,0,3,70,0
8.340000,0.00,0.000,0.000,0,97,0.000,0,0,18.000,39.000,55.000,0,0,0,0,0,0,0,0,0,0,2,144,0,3,70,0
8.345000,0.00,0.000,0.000,0,95,0.000,0,0,18.000,39.000,55.000,0,0,0,0,0,0,0,0,0,0,2,144,0,3,70,0
8.350000,0.00,0.000,0.000,0,93,0.000,0,0,18.000,39.000,55.000,0,0,0,0,0,0,0,0,0,0,2,144,0,3,70,0
8.355000,0.00,0.000,0.000,0,91,0.000,0,0,18.000,39.000,55.000,0,0,0,0,0,0,0,0,0,0,2,144,0,3,70,0
8.360000,0.00,0.000,0.000,0,90,0.000,0,0,18.000,39.000,55.000,0,0,0,0,0,0,0,0,0,0,2,144,0,3,70,0
8.365000,0.00,0.000,0.000,0,88,0.000,0,0,18.000,39.000,55.000,0,0,0,0,0,0,0,0,0,0,2,144,0,3,70,0
8.370000,0.00,0.000,0.000,0,86,0.000,0,0,18.000,39.000,55.000,0,0,0,0,0,0,0,0,0,0,2,144,0,3,70,0
8.375000,0.00,0.000,0.000,0,85,0.000,0,0,18.000,39.000,55.000,0,0,0,0,0,0,0,0,0,0,2,144,0,3,70,0
8.380000,0.00,0.000,0.000,0,83,0.000,0,0,18.000,39.000,55.000,0,0,0,0,0,0,0,0,0,0,2,144,0,3,70,0
8.385000,0.00,0.000,0.000,0,81,0.000,0,0,18.000,39.000,55.000,0,0,0,0,0,0,0,0,0,0,2,144,0,3,70,0
8.390000,0.00,0.000,0.000,0,80,0.000,0,0,18.000,39.000,55.000,0,0,0,0,0,0,0,0,0,0,2,144,0,3,70,0
8.395000,0.00,0.000,0.000,0,78,0.000,0,0,18.000,39.000,55.000,0,0,0,0,0,0,0,0,0,0,2,144,0,3,70,0
8.400000,0.00,0.000,0.000,0,77,0.000,0,0,18.000,39.000,55.000,0,0,0,0,0,0,0,0,0,0,2,144,0,3,70,0
8.405000,0.00,0.000,0.000,0,75,0.000,0,0,18.000,39.000,55.000,0,0,0,0,0,0,0,0,0,0,2,144,0,3,70,0
8.410000,0.00,0.000,0.000,0,74,0.000,0,0,18.000,39.000,55.000,0,0,0,0,0,0,0,0,0,0,2,144,0,3,70,0
8.415000,0.00,0.000,0.000,0,72,0.000,0,0,18.000,39.000,55.000,0,0,0,0,0,0,0,0,0,0,2,144,0,3,70,0
8.420000,0.00,0.000,0.000,0,71,0.000,0,0,18.000,39.000,55.000,0,0,0,0,0,0,0,0,0,0,2,144,0,3,70,0
8.425000,0.00,0.000,0.000,0,70,0.000,0,0,18.000,39.000,55.000,0,0,0,0,0,0,0,0,0,0,2,144,0,3,70,0
8.430000,0.00,0.000,0.000,0,68,0.000,0,0,18.000,39.000,55.000,0,0,0,0,0,0,0,0,0,0,2,144,0,3,70,0
8.435000,0.00,0.000,0.000,0,67,0.000,0,0,18.000,39.000,55.000,0,0,0,0,0,0,0,0,0,0,2,144,0,3,70,0
8.440000,0.00,0.000,0.000,0,66,0.000,0,0,18.000,39.000,55.000,0,0,0,0,0,0,0,0,0,0,2,144,0,3,70,0
8.445000,0.00,0.000,0.000,0,64,0.000,0,0,18.000,39.000,55.000,0,0,0,0,0,0,0,0,0,0,2,144,0,3,70,0
8.450000,0.00,0.000,0.000,0,63,0.000,0,0,18.000,39.000,55.000,0,0,0,0,0,0,0,0,0,0,2,144,0,3,70,0
8.455000,0.00,0.000,0.000,0,62,0.000,0,0,18.000,39.000,55.000,0,0,0,0,0,0,0,0,0,0,2,144,0,3,70,0
8.460000,0.00,0.000,0.000,0,61,0.000,0,0,18.000,39.000,55.000,0,0,0,0,0,0,0,0,0,0,2,144,0,3,70,0
8.465000,0.00,0.000,0.000,0,60,0.000,0,0,18.000,39.000,55.000,0,0,0,0,0,0,0,0,0,0,2,144,0,3,70,0
8.470000,0.00,0.000,0.000,0,58,0.000,0,0,18.000,39.000,55.000,0,0,0,0,0,0,0,0,0,0,2,144,0,3,70,0
8.475000,0.00,0.000,0.000,0,57,0.000,0,0,18.000,39.000,55.000,0,0,0,0,0,0,0,0,0,0,2,144,0,3,70,0
8.480000,0.00,0.000,0.000,0,56,0.000,0,0,18.000,39.000,55.000,0,0,0,0,0,0,0,0,0,0,2,144,0,3,70,0
8.485000,0.00,0.000,0.000,0,55,0.000,0,0,18.000,39.000,55.000,0,0,0,0,0,0,0,0,0,0,2,144,0,3,70,0
8.490000,0.00,0.000,0.000,0,54,0.000,0,0,18.000,39.000,55.000,0,0,0,0,0,0,0,0,0,0,2,144,0,3,70,0
8.495000,0.00,0.000,0.000,0,53,0.000,0,0,18.000,39.000,55.000,0,0,0,0,0,0,0,0,0,0,2,144,0,3,70,0
8.500000,0.00,0.000,0.000,0,52,0.000,0,0,18.000,39.000,55.000,0,0,0,0,0,0,0,0,0,0,2,144,0,3,70,0
8.505000,0.00,0.000,0.000,0,51,0.000,0,0,18.000,39.000,55.000,0,0,0,0,0,0,0,0,0,0,2,144,0,3,70,0
8.510000,0.00,0.000,0.000,0,50,0.000,0,0,18.000,39.000,55.000,0,0,0,0,0,0,0,0,0,0,2,144,0,3,70,0
8.515000,0.00,0.000,0.000,0,49,0.000,0,0,18.000,39.000,55.000,0,0,0,0,0,0,0,0,0,0,2,144,0,3,70,0
8.520000,0.00,0.000,0.000,0,48,0.000,0,0,18.000,39.000,55.000,0,0,0,0,0,0,0,0,0,0,2,144,0,3,70,0
8.525000,0.00,0.000,0.000,0,47,0.000,0,0,18.000,39.000,55.000,0,0,0,0,0,0,0,0,0,0,2,144,0,3,70,0
8.530000,0.00,0.000,0.000,0,46,0.000,0,0,18.000,39.000,55.000,0,0,0,0,0,0,0,0,0,0,2,144,0,3,70,0
8.535000,0.00,0.000,0.000,0,46,0.000,0,0,18.000,39.000,55.000,0,0,0,0,0,0,0,0,0,0,2,144,0,3,70,0
8.540000,0.00,0.000,0.000,0,45,0.000,0,0,18.000,39.000,55.000,0,0,0,0,0,0,0,0,0,0,2,144,0,3,70,0
8.545000,0.00,0.000,0.000,0,44,0.000,0,0,18.000,39.000,55.000,0,0,0,0,0,0,0,0,0,0,2,144,0,3,70,0
8.550000,0.00,0.000,0.000,0,43,0.000,0,0,18.000,39.000,55.000,0,0,0,0,0,0,0,0,0,0,2,144,0,3,70,0
8.555000,0.00,0.000,0.000,0,42,0.000,0,0,18.000,39.000,55.000,0,0,0,0,0,0,0,0,0,0,2,144,0,3,70,0
8.560000,0.00,0.000,0.000,0,41,0.000,0,0,18.000,39.000,55.000,0,0,0,0,0,0,0,0,0,0,2,144,0,3,70,0
8.565000,0.00,0.000,0.000,0,41,0.000,0,0,18.000,39.000,55.000,0,0,0,0,0,0,0,0,0,0,2,144,0,3,70,0
8.570000,0.00,0.000,0.000,0,40,0.000,0,0,18.000,39.000,55.000,0,0,0,0,0,0,0,0,0,0,2,144,0,3,70,0
8.575000,0.00,0.000,0.000,0,39,0.000,0,0,18.000,39.000,55.000,0,0,0,0,0,0,0,0,0,0,2,144,0,3,70,0
8.580000,0.00,0.000,0.000,0,38,0.000,0,0,18.000,39.000,55.000,0,0,0,0,0,0,0,0,0,0,2,144,0,3,70,0
8.585000,0.00,0.000,0.000,0,38,0.000,0,0,18.000,39.000,55.000,0,0,0,0,0,0,0,0,0,0,2,144,0,3,70,0
8.590000,0.00,0.000,0.000,0,37,0.000,0,0,18.000,39.000,55.000,0,0,0,0,0,0,0,0,0,0,2,144,0,3,70,0
8.595000,0.00,0.000,0.000,0,36,0.000,0,0,18.000,39.000,55.000,0,0,0,0,0,0,0,0,0,0,2,144,0,3,70,0
8.600000,0.00,0.000,0.000,0,36,0.000,0,0,18.000,39.000,55.000,0,0,0,0,0,0,0,0,0,0,2,144,0,3,70,0
8.605000,0.00,0.000,0.000,0,35,0.000,0,0,18.000,39.000,55.000,0,0,0,0,0,0,0,0,0,0,2,144,0,3,70,0
8.610000,0.00,0.000,0.000,0,34,0.000,0,0,18.000,39.000,55.000,0,0,0,0,0,0,0,0,0,0,2,144,0,3,70,0
8.615000,0.00,0.000,0.000,0,34,0.000,0,0,18.000,39.000,55.000,0,0,0,0,0,0,0,0,0,0,2,144,0,3,70,0
8.620000,0.00,0.000,0.000,0,33,0.000,0,0,18.000,39.000,55.000,0,0,0,0,0,0,0,0,0,0,2,144,0,3,70,0
8.625000,0.00,0.000,0.000,0,32,0.000,0,0,18.000,39.000,55.000,0,0,0,0,0,0,0,0,0,0,2,144,0,3,70,0
8.630000,0.00,0.000,0.000,0,32,0.000,0,0,18.000,39.000,55.000,0,0,0,0,0,0,0,0,0,0,2,144,0,3,70,0
8.635000,0.00,0.000,0.000,0,31,0.000,0,0,18.000,39.000,55.000,0,0,0,0,0,0,0,0,0,0,2,144,0,3,70,0
8.640000,0.00,0.000,0.000,0,31,0.000,0,0,18.000,39.000,55.000,0,0,0,0,0,0,0,0,0,0,2,144,0,3,70,0
8.645000,0.00,0.000,0.000,0,30,0.000,0,0,18.000,39.000,55.000,0,0,0,0,0,0,0,0,0,0,2,144,0,3,70,0
8.650000,0.00,0.000,0.000,0,29,0.000,0,0,18.000,39.000,55.000,0,0,0,0,0,0,0,0,0,0,2,144,0,3,70,0
8.655000,0.00,0.000,0.000,0,29,0.000,0,0,18.000,39.000,55.000,0,0,0,0,0,0,0,0,0,0,2,144,0,3,70,0
8.660000,0.00,0.000,0.000,0,28,0.000,0,0,18.000,39.000,55.000,0,0,0,0,0,0,0,0,0,0,2,144,0,3,70,0
8.665000,0.00,0.000,0.000,0,28,0.000,0,0,18.000,39.000,55.000,0,0,0,0,0,0,0,0,0,0,2,144,0,3,70,0
8.670000,0.00,0.000,0.000,0,27,0.000,0,0,18.000,39.000,55.000,0,0,0,0,0,0,0,0,0,0,2,144,0,3,70,0
8.675000,0.00,0.000,0.000,0,27,0.000,0,0,18.000,39.000,55.000,0,0,0,0,0,0,0,0,0,0,2,144,0,3,70,0
8.680000,0.00,0.000,0.000,0,26,0.000,0,0,18.000,39.000,55.000,0,0,0,0,0,0,0,0,0,0,2,144,0,3,70,0
8.685000,0.00,0.000,0.000,0,26,0.000,0,0,18.000,39.000,55.000,0,0,0,0,0,0,0,0,0,0,2,144,0,3,70,0
8.690000,0.00,0.000,0.000,0,25,0.000,0,0,18.000,39.000,55.000,0,0,0,0,0,0,0,0,0,0,2,144,0,3,70,0
8.695000,0.00,0.000,0.000,0,25,0.000,0,0,18.000,39.000,55.000,0,0,0,0,0,0,0,0,0,0,2,144,0,3,70,0
8.700000,0.00,0.000,0.000,0,24,0.000,0,0,18.000,39.000,55.000,0,0,0,0,0,0,0,0,0,0,2,144,0,3,70,0
8.705000,0.00,0.000,0.000,0,24,0.000,0,0,18.000,39.000,55.000,0,0,0,0,0,0,0,0,0,0,2,144,0,3,70,0
8.710000,0.00,0.000,0.000,0,24,0.000,0,0,18.000,39.000,55.000,0,0,0,0,0,0,0,0,0,0,2,144,0,3,70,0
8.715000,0.00,0.000,0.000,0,23,0.000,0,0,18.000,39.000,55.000,0,0,0,0,0,0,0,0,0,0,2,144,0,3,70,0
8.720000,0.00,0.000,0.000,0,23,0.000,0,0,18.000,39.000,55.000,0,0,0,0,0,0,0,0,0,0,2,144,0,3,70,0
8.725000,0.00,0.000,0.000,0,22,0.000,0,0,18.000,39.000,55.000,0,0,0,0,0,0,0,0,0,0,2,144,0,3,70,0
8.730000,0.00,0.000,0.000,0,22,0.000,0,0,18.000,39.000,55.000,0,0,0,0,0,0,0,0,0,0,2,144,0,3,70,0
8.735000,0.00,0.000,0.000,0,22,0.000,0,0,18.000,39.000,55.000,0,0,0,0,0,0,0,0,0,0,2,144,0,3,70,0
8.740000,0.00,0.000,0.000,0,21,0.000,0,0,18.000,39.000,55.000,0,0,0,0,0,0,0,0,0,0,2,144,0,3,70,0
8.745000,0.00,0.000,0.000,0,21,0.000,0,0,18.000,39.000,55.000,0,0,0,0,0,0,0,0,0,0,2,144,0,3,70,0
8.750000,0.00,0.000,0.000,0,20,0.000,0,0,18.000,39.000,55.000,0,0,0,0,0,0,0,0,0,0,2,144,0,3,70,0
8.755000,0.00,0.000,0.000,0,20,0.000,0,0,18.000,39.000,55.000,0,0,0,0,0,0,0,0,0,0,2,144,0,3,70,0
8.760000,0.00,0.000,0.000,0,20,0.000,0,0,18.000,39.000,55.000,0,0,0,0,0,0,0,0,0,0,2,144,0,3,70,0
8.765000,0.00,0.000,0.000,0,19,0.000,0,0,18.000,39.000,55.000,0,0,0,0,0,0,0,0,0,0,2,144,0,3,70,0
8.770000,0.00,0.000,0.000,0,19,0.000,0,0,18.000,39.000,55.000,0,0,0,0,0,0,0,0,0,0,2,144,0,3,70,0
8.775000,0.00,0.000,0.000,0,19,0.000,0,0,18.000,39.000,55.000,0,0,0,0,0,0,0,0,0,0,2,144,0,3,70,0
8.780000,0.00,0.000,0.000,0,18,0.000,0,0,18.000,39.000,55.000,0,0,0,0,0,0,0,0,0,0,2,144,0,3,70,0
8.785000,0.00,0.000,0.000,0,18,0.000,0,0,18.000,39.000,55.000,0,0,0,0,0,0,0,0,0,0,2,144,0,3,70,0
8.790000,0.00,0.000,0.000,0,18,0.000,0,0,18.000,39.000,55.000,0,0,0,0,0,0,0,0,0,0,2,144,0,3,70,0
8.795000,0.00,0.000,0.000,0,17,0.000,0,0,18.000,39.000,55.000,0,0,0,0,0,0,0,0,0,0,2,144,0,3,70,0
8.800000,0.00,0.000,0.000,0,17,0.000,0,0,18.000,39.000,55.000,0,0,0,0,0,0,0,0,0,0,2,144,0,3,70,0
8.805000,0.00,0.000,0.000,0,17,0.000,0,0,18.000,39.000,55.000,0,0,0,0,0,0,0,0,0,0,2,144,0,3,70,0
8.810000,0.00,0.000,0.000,0,16,0.000,0,0,18.000,39.000,55.000,0,0,0,0,0,0,0,0,0,0,2,144,0,3,70,0
8.815000,0.00,0.000,0.000,0,16,0.000,0,0,18.000,39.000,55.000,0,0,0,0,0,0,0,0,0,0,2,144,0,3,70,0
8.820000,0.00,0.000,0.000,0,16,0.000,0,0,18.000,39.000,55.000,0,0,0,0,0,0,0,0,0,0,2,144,0,3,70,0
8.825000,0.00,0.000,0.000,0,16,0.000,0,0,18.000,39.000,55.000,0,0,0,0,0,0,0,0,0,0,2,144,0,3,70,0
8.830000,0.00,0.000,0.000,0,15,0.000,0,0,18.000,39.000,55.000,0,0,0,0,0,0,0,0,0,0,2,144,0,3,70,0
8.835000,0.00,0.000,0.000,0,15,0.000,0,0,18.000,39.000,55.000,0,0,0,0,0,0,0,0,0,0,2,144,0,3,70,0
8.840000,0.00,0.000,0.000,0,15,0.000,0,0,18.000,39.000,55.000,0,0,0,0,0,0,0,0,0,0,2,144,0,3,70,0
8.845000,0.00,0.000,0.000,0,15,0.000,0,0,18.000,39.000,55.000,0,0,0,0,0,0,0,0,0,0,2,144,0,3,70,0
8.850000,0.00,0.000,0.000,0,14,0.000,0,0,18.000,39.000,55.000,0,0,0,0,0,0,0,0,0,0,2,144,0,3,70,0
8.855000,0.00,0.000,0.000,0,14,0.000,0,0,18.000,39.000,55.000,0,0,0,0,0,0,0,0,0,0,2,144,0,3,70,0
8.860000,0.00,0.000,0.000,0,14,0.000,0,0,18.000,39.000,55.000,0,0,0,0,0,0,0,0,0,0,2,144,0,3,70,0
8.865000,0.00,0.000,0.000,0,14,0.000,0,0,18.000,39.000,55.000,0,0,0,0,0,0,0,0,0,0,2,144,0,3,70,0
8.870000,0.00,0.000,0.000,0,13,0.000,0,0,18.000,39.000,55.000,0,0,0,0,0,0,0,0,0,0,2,144,0,3,70,0
8.875000,0.00,0.000,0.000,0,13,0.000,0,0,18.000,39.000,55.000,0,0,0,0,0,0,0,0,0,0,2,144,0,3,70,0
8.880000,0.00,0.000,0.000,0,13,0.000,0,0,18.000,39.000,55.000,0,0,0,0,0,0,0,0,0,0,2,144,0,3,70,0
8.885000,0.00,0.000,0.000,0,13,0.000,0,0,18.000,39.000,55.000,0,0,0,0,0,0,0,0,0,0,2,144,0,3,70,0
8.890000,0.00,0.000,0.000,0,13,0.000,0,0,18.000,39.000,55.000,0,0,0,0,0,0,0,0,0,0,2,144,0,3,70,0
8.895000,0.00,0.000,0.000,0,12,0.000,0,0,18.000,39.000,55.000,0,0,0,0,0,0,0,0,0,0,2,144,0,3,70,0
8.900000,0.00,0.000,0.000,0,12,0.000,0,0,18.000,39.000,55.000,0,0,0,0,0,0,0,0,0,0,2,144,0,3,70,0
8.905000,0.00,0.000,0.000,0,12,0.000,0,0,18.000,39.000,55.000,0,0,0,0,0,0,0,0,0,0,2,144,0,3,70,0
8.910000,0.00,0.000,0.000,0,12,0.000,0,0,18.000,39.000,55.000,0,0,0,0,0,0,0,0,0,0,2,144,0,3,70,0
8.915000,0.00,0.000,0.000,0,11,0.000,0,0,18.000,39.000,55.000,0,0,0,0,0,0,0,0,0,0,2,144,0,3,70,0
8.920000,0.00,0.000,0.000,0,11,0.000,0,0,18.000,39.000,55.000,0,0,0,0,0,0,0,0,0,0,2,144,0,3,70,0
8.925000,0.00,0.000,0.000,0,11,0.000,0,0,18.000,39.000,55.000,0,0,0,0,0,0,0,0,0,0,2,144,0,3,70,0
8.930000,0.00,0.000,0.000,0,11,0.000,0,0,18.000,39.000,55.000,0,0,0,0,0,0,0,0,0,0,2,144,0,3,70,0
8.935000,0.00,0.000,0.000,0,11,0.000,0,0,18.000,39.000,55.000,0,0,0,0,0,0,0,0,0,0,2,144,0,3,70,0
8.940000,0.00,0.000,0.000,0,11,0.000,0,0,18.000,39.000,55.000,0,0,0,0,0,0,0,0,0,0,2,144,0,3,70,0
8.945000,0.00,0.000,0.000,0,11,0.000,0,0,18.000,39.000,55.000,0,0,0,0,0,0,0,0,0,0,2,144,0,3,70,0
8.950000,0.00,0.000,0.000,0,10,0.000,0,0,18.000,39.000,55.000,0,0,0,0,0,0,0,0,0,0,2,144,0,3,70,0
8.955000,0.00,0.000,0.000,0,10,0.000,0,0,18.000,39.000,55.000,0,0,0,0,0,0,0,0,0,0,2,144,0,3,70,0
8.960000,0.00,0.000,0.000,0,10,0.000,0,0,18.000,39.000,55.000,0,0,0,0,0,0,0,0,0,0,2,144,0,3,70,0
8.965000,0.00,0.000,0.000,0,10,0.000,0,0,18.000,39.000,55.000,0,0,0,0,0,0,0,0,0,0,2,144,0,3,70,0
8.970000,0.00,0.000,0.000,0,10,0.000,0,0,18.000,39.000,55.000,0,0,0,0,0,0,0,0,0,0,2,144,0,3,70,0
8.975000,0.00,0.000,0.000,0,10,0.000,0,0,18.000,39.000,55.000,0,0,0,0,0,0,0,0,0,0,2,144,0,3,70,0
8.980000,0.00,0.000,0.000,0,9,0.000,0,0,18.000,39.000,55.000,0,0,0,0,0,0,0,0,0,0,2,144,0,3,70,0
8.985000,0.00,0.000,0.000,0,9,0.000,0,0,18.000,39.000,55.000,0,0,0,0,0,0,0,0,0,0,2,144,0,3,70,0
8.990000,0.00,0.000,0.000,0,9,0.000,0,0,18.000,39.000,55.000,0,0,0,0,0,0,0,0,0,0,2,144,0,3,70,0
8.995000,0.00,0.000,0.000,0,9,0.000,0,0,18.000,39.000,55.000,0,0,0,0,0,0,0,0,0,0,2,144,0,3,70,0
9.000000,0.00,0.000,0.000,0,9,0.000,0,0,18.000,39.000,55.000,0,0,0,0,0,0,0,0,0,0,2,144,0,3,70,0
9.005000,0.00,0.000,0.000,0,9,0.000,0,0,18.000,39.000,55.000,0,0,0,0,0,0,0,0,0,0,2,144,0,3,70,0
9.010000,0.00,0.000,0.000,0,8,0.000,0,0,18.000,39.000,55.000,0,0,0,0,0,0,0,0,0,0,2,144,0,3,70,0
9.015000,0.00,0.000,0.000,0,8,0.000,0,0,18.000,39.000,55.000,0,0,0,0,0,0,0,0,0,0,2,144,0,3,70,0
9.020000,0.00,0.000,0.000,0,8,0.000,0,0,18.000,39.000,55.000,0,0,0,0,0,0,0,0,0,0,2,144,0,3,70,0
9.025000,0.00,0.000,0.000,0,8,0.000,0,0,18.000,39.000,55.000,0,0,0,0,0,0,0,0,0,0,2,144,0,3,70,0
9.030000,0.00,0.000,0.000,0,8,0.000,0,0,18.000,39.000,55.000,0,0,0,0,0,0,0,0,0,0,2,144,0,3,70,0
9.035000,0.00,0.000,0.000,0,8,0.000,0,0,18.000,39.000,55.000,0,0,0,0,0,0,0,0,0,0,2,144,0,3,70,0
9.040000,0.00,0.000,0.000,0,8,0.000,0,0,18.000,39.000,55.000,0,0,0,0,0,0,0,0,0,0,2,144,0,3,70,0
9.045000,0.00,0.000,0.000,0,8,0.000,0,0,18.000,39.000,55.000,0,0,0,0,0,0,0,0,0,0,2,144,0,3,70,0
9.050000,0.00,0.000,0.000,0,8,0.000,0,0,18.000,39.000,55.000,0,0,0,0,0,0,0,0,0,0,2,144,0,3,70,0
9.055000,0.00,0.000,0.000,0,7,0.000,0,0,18.000,39.000,55.000,0,0,0,0,0,0,0,0,0,0,2,144,0,3,70,0
9.060000,0.00,0.000,0.000,0,7,0.000,0,0,18.000,39.000,55.000,0,0,0,0,0,0,0,0,0,0,2,144,0,3,70,0
9.065000,0.00,0.000,0.000,0,7,0.000,0,0,18.000,39.000,55.000,0,0,0,0,0,0,0,0,0,0,2,144,0,3,70,0
9.070000,0.00,0.000,0.000,0,7,0.000,0,0,18.000,39.000,55.000,0,0,0,0,0,0,0,0,0,0,2,144,0,3,70,0
9.075000,0.00,0.000,0.000,0,7,0.000,0,0,18.000,39.000,55.000,0,0,0,0,0,0,0,0,0,0,2,144,0,3,70,0
9.080000,0.00,0.000,0.000,0,7,0.000,0,0,18.000,39.000,55.000,0,0,0,0,0,0,0,0,0,0,2,144,0,3,70,0
9.085000,0.00,0.000,0.000,0,7,0.000,0,0,18.000,39.000,55.000,0,0,0,0,0,0,0,0,0,0,2,144,0,3,70,0
9.090000,0.00,0.000,0.000,0,7,0.000,0,0,18.000,39.000,55.000,0,0,0,0,0,0,0,0,0,0,2,144,0,3,70,0
9.095000,0.00,0.000,0.000,0,7,0.000,0,0,18.000,39.000,55.000,0,0,0,0,0,0,0,0,0,0,2,144,0,3,70,0
9.100000,0.00,0.000,0.000,0,7,0.000,0,0,18.000,39.000,55.000,0,0,0,0,0,0,0,0,0,0,2,144,0,3,70,0
9.105000,0.00,0.000,0.000,0,7,0.000,0,0,18.000,39.000,55.000,0,0,0,0,0,0,0,0,0,0,2,144,0,3,70,0
9.110000,0.00,0.000,0.000,0,7,0.000,0,0,18.000,39.000,55.000,0,0,0,0,0,0,0,0,0,0,2,144,0,3,70,0
9.115000,0.00,0.000,0.000,0,7,0.000,0,0,18.000,39.000,55.000,0,0,0,0,0,0,0,0,0,0,2,144,0,3,70,0
9.120000,0.00,0.000,0.000,0,6,0.000,0,0,18.000,39.000,55.000,0,0,0,0,0,0,0,0,0,0,2,144,0,3,70,0
9.125000,0.00,0.000,0.000,0,6,0.000,0,0,18.000,39.000,55.000,0,0,0,0,0,0,0,0,0,0,2,144,0,3,70,0
9.130000,0.00,0.000,0.000,0,6,0.000,0,0,18.000,39.000,55.000,0,0,0,0,0,0,0,0,0,0,2,144,0,3,70,0
9.135000,0.00,0.000,0.000,0,6,0.000,0,0,18.000,39.000,55.000,0,0,0,0,0,0,0,0,0,0,2,144,0,3,70,0
9.140000,0.00,0.000,0.000,0,6,0.000,0,0,18.000,39.000,55.000,0,0,0,0,0,0,0,0,0,0,2,144,0,3,70,0
9.145000,0.00,0.000,0.000,0,6,0.000,0,0,18.000,39.000,55.000,0,0,0,0,0,0,0,0,0,0,2,144,0,3,70,0
9.150000,0.00,0.000,0.000,0,6,0.000,0,0,18.000,39.000,55.000,0,0,0,0,0,0,0,0,0,0,2,144,0,3,70,0
9.155000,0.00,0.000,0.000,0,6,0.000,0,0,18.000,39.000,55.000,0,0,0,0,0,0,0,0,0,0,2,144,0,3,70,0
9.160000,0.00,0.000,0.000,0,6,0.000,0,0,18.000,39.000,55.000,0,0,0,0,0,0,0,0,0,0,2,144,0,3,70,0
9.165000,0.00,0.000,0.000,0,6,0.000,0,0,18.000,39.000,55.000,0,0,0,0,0,0,0,0,0,0,2,144,0,3,70,0
9.170000,0.00,0.000,0.000,0,6,0.000,0,0,18.000,39.000,55.000,0,0,0,0,0,0,0,0,0,0,2,144,0,3,70,0
9.175000,0.00,0.000,0.000,0,6,0.000,0,0,18.000,39.000,55.000,0,0,0,0,0,0,0,0,0,0,2,144,0,3,70,0
9.180000,0.00,0.000,0.000,0,5,0.000,0,0,18.000,39.000,55.000,0,0,0,0,0,0,0,0,0,0,2,144,0,3,70,0
9.185000,0.00,0.000,0.000,0,5,0.000,0,0,18.000,39.000,55.000,0,0,0,0,0,0,0,0,0,0,2,144,0,3,70,0
9.190000,0.00,0.000,0.000,0,5,0.000,0,0,18.000,39.000,55.000,0,0,0,0,0,0,0,0,0,0,2,144,0,3,70,0
9.195000,0.00,0.000,0.000,0,5,0.000,0,0,18.000,39.000,55.000,0,0,0,0,0,0,0,0,0,0,2,144,0,3,70,0
9.200000,0.00,0.000,0.000,0,5,0.000,0,0,18.000,39.000,55.000,0,0,0,0,0,0,0,0,0,0,2,144,0,3,70,0
9.205000,0.00,0.000,0.000,0,5,0.000,0,0,18.000,39.000,55.000,0,0,0,0,0,0,0,0,0,0,2,144,0,3,70,0
9.210000,0.00,0.000,0.000,0,5,0.000,0,0,18.000,39.000,55.000,0,0,0,0,0,0,0,0,0,0,2,144,0,3,70,0
9.215000,0.00,0.000,0.000,0,5,0.000,0,0,18.000,39.000,55.000,0,0,0,0,0,0,0,0,0,0,2,144,0,3,70,0
9.220000,0.00,0.000,0.000,0,5,0.000,0,0,18.000,39.000,55.000,0,0,0,0,0,0,0,0,0,0,2,144,0,3,70,0
9.225000,0.00,0.000,0.000,0,5,0.000,0,0,18.000,39.000,55.000,0,0,0,0,0,0,0,0,0,0,2,144,0,3,70,0
9.230000,0.00,0.000,0.000,0,5,0.000,0,0,18.000,39.000,55.000,0,0,0,0,0,0,0,0,0,0,2,144,0,3,70,0
9.235000,0.00,0.000,0.000,0,5,0.000,0,0,18.000,39.000,55.000,0,0,0,0,0,0,0,0,0,0,2,144,0,3,70,0
9.240000,0.00,0.000,0.000,0,5,0.000,0,0,18.000,39.000,55.000,0,0,0,0,0,0,0,0,0,0,2,144,0,3,70,0
9.245000,0.00,0.000,0.000,0,4,0.000,0,0,18.000,39.000,55.000,0,0,0,0,0,0,0,0,0,0,2,144,0,3,70,0
9.250000,0.00,0.000,0.000,0,4,0.000,0,0,18.000,39.000,55.000,0,0,0,0,0,0,0,0,0,0,2,144,0,3,70,0
9.255000,0.00,0.000,0.000,0,4,0.000,0,0,18.000,39.000,55.000,0,0,0,0,0,0,0,0,0,0,2,144,0,3,70,0
9.260000,0.00,0.000,0.000,0,4,0.000,0,0,18.000,39.000,55.000,0,0,0,0,0,0,0,0,0,0,2,144,0,3,70,0
9.265000,0.00,0.000,0.000,0,4,0.000,0,0,18.000,39.000,55.000,0,0,0,0,0,0,0,0,0,0,2,144,0,3,70,0
9.270000,0.00,0.000,0.000,0,4,0.000,0,0,18.000,39.000,55.000,0,0,0,0,0,0,0,0,0,0,2,144,0,3,70,0
9.275000,0.00,0.000,0.000,0,4,0.000,0,0,18.000,39.000,55.000,0,0,0,0,0,0,0,0,0,0,2,144,0,3,70,0
9.280000,0.00,0.000,0.000,0,4,0.000,0,0,18.000,39.000,55.000,0,0,0,0,0,0,0,0,0,0,2,144,0,3,70,0
9.285000,0.00,0.000,0.000,0,0,0.000,0,0,18.000,39.000,55.000,0,0,0,0,0,0,0,0,0,0,2,144,0,3,70,0
9.290000,0.00,0.000,0.000,0,0,0.000,0,0,18.000,39.000,55.000,0,0,0,0,0,0,0,0,0,0,2,144,0,3,70,0
9.295000,0.00,0.000,0.000,0,0,0.000,0,0,18.000,39.000,55.000,0,0,0,0,0,0,0,0,0,0,2,144,0,3,70,0
9.300000,0.00,0.000,0.000,0,0,0.000,0,0,18.000,39.000,55.000,0,0,0,0,0,0,0,0,0,0,2,144,0,3,70,0
9.305000,0.00,0.000,0.000,0,0,0.000,0,0,18.000,39.000,55.000,0,0,0,0,0,0,0,0,0,0,2,144,0,3,70,0
9.310000,0.00,0.000,0.000,0,0,0.000,0,0,18.000,39.000,55.000,0,0,0,0,0,0,0,0,0,0,2,144,0,3,70,0
9.315000,0.00,0.000,0.000,0,0,0.000,0,0,18.000,39.000,55.000,0,0,0,0,0,0,0,0,0,0,2,144,0,3,70,0
9.320000,0.00,0.000,0.000,0,0,0.000,0,0,18.000,39.000,55.000,0,0,0,0,0,0,0,0,0,0,2,144,0,3,70,0
9.325000,0.00,0.000,0.000,0,0,0.000,0,0,18.000,39.000,55.000,0,0,0,0,0,0,0,0,0,0,2,144,0,3,70,0
9.330000,0.00,0.000,0.000,0,0,0.000,0,0,18.000,39.000,55.000,0,0,0,0,0,0,0,0,0,0,2,144,0,3,70,0
9.335000,0.00,0.000,0.000,0,0,0.000,0,0,18.000,39.000,55.000,0,0,0,0,0,0,0,0,0,0,2,144,0,3,70,0
9.340000,0.00,0.000,0.000,0,0,0.000,0,0,18.000,39.000,55.000,0,0,0,0,0,0,0,0,0,0,2,144,0,3,70,0
9.345000,0.00,0.000,0.000,0,0,0.000,0,0,18.000,39.000,55.000,0,0,0,0,0,0,0,0,0,0,2,144,0,3,70,0
9.350000,0.00,0.000,0.000,0,0,0.000,0,0,18.000,39.000,55.000,0,0,0,0,0,0,0,0,0,0,2,144,0,3,70,0
9.355000,0.00,0.000,0.000,0,0,0.000,0,0,18.000,39.000,55.000,0,0,0,0,0,0,0,0,0,0,2,144,0,3,70,0
9.360000,0.00,0.000,0.000,0,0,0.000,0,0,18.000,39.000,55.000,0,0,0,0,0,0,0,0,0,0,2,144,0,3,70,0
9.365000,0.00,0.000,0.000,0,0,0.000,0,0,18.000,39.000,55.000,0,0,0,0,0,0,0,0,0,0,2,144,0,3,70,0
9.370000,0.00,0.000,0.000,0,0,0.000,0,0,18.000,39.000,55.000,0,0,0,0,0,0,0,0,0,0,2,144,0,3,70,0
9.375000,0.00,0.000,0.000,0,0,0.000,0,0,18.000,39.000,55.000,0,0,0,0,0,0,0,0,0,0,2,144,0,3,70,0
9.380000,0.00,0.000,0.000,0,0,0.000,0,0,18.000,39.000,55.000,0,0,0,0,0,0,0,0,0,0,2,144,0,3,70,0
9.385000,0.00,0.000,0.000,0,0,0.000,0,0,18.000,39.000,55.000,0,0,0,0,0,0,0,0,0,0,2,144,0,3,70,0
9.390000,0.00,0.000,0.000,0,0,0.000,0,0,18.000,39.000,55.000,0,0,0,0,0,0,0,0,0,0,2,144,0,3,70,0
9.395000,0.00,0.000,0.000,0,0,0.000,0,0,18.000,39.000,55.000,0,0,0,0,0,0,0,0,0,0,2,144,0,3,70,0
9.400000,0.00,0.000,0.000,0,0,0.000,0,0,18.000,39.000,55.000,0,0,0,0,0,0,0,0,0,0,2,144,0,3,70,0
9.405000,0.00,0.000,0.000,0,0,0.000,0,0,18.000,39.000,55.000,0,0,0,0,0,0,0,0,0,0,2,144,0,3,70,0
9.410000,0.00,0.000,0.000,0,0,0.000,0,0,18.000,39.000,55.000,0,0,0,0,0,0,0,0,0,0,2,144,0,3,70,0
9.415000,0.00,0.000,0.000,0,0,0.000,0,0,18.000,39.000,55.000,0,0,0,0,0,0,0,0,0,0,2,144,0,3,70,0
9.420000,0.00,0.000,0.000,0,0,0.000,0,0,18.000,39.000,55.000,0,0,0,0,0,0,0,0,0,0,2,144,0,3,70,0
9.425000,0.00,0.000,0.000,0,0,0.000,0,0,18.000,39.000,55.000,0,0,0,0,0,0,0,0,0,0,2,144,0,3,70,0
9.430000,0.00,0.000,0.000,0,0,0.000,0,0,18.000,39.000,55.000,0,0,0,0,0,0,0,0,0,0,2,144,0,3,70,0
9.435000,0.00,0.000,0.000,0,0,0.000,0,0,18.000,39.000,55.000,0,0,0,0,0,0,0,0,0,0,2,144,0,3,70,0
9.440000,0.00,0.000,0.000,0,0,0.000,0,0,18.000,39.000,55.000,0,0,0,0,0,0,0,0,0,0,2,144,0,3,70,0
9.445000,0.00,0.000,0.000,0,0,0.000,0,0,18.000,39.000,55.000,0,0,0,0,0,0,0,0,0,0,2,144,0,3,70,0
9.450000,0.00,0.000,0.000,0,0,0.000,0,0,18.000,39.000,55.000,0,0,0,0,0,0,0,0,0,0,2,144,0,3,70,0
9.455000,0.00,0.000,0.000,0,0,0.000,0,0,18.000,39.000,55.000,0,0,0,0,0,0,0,0,0,0,2,144,0,3,70,0
9.460000,0.00,0.000,0.000,0,0,0.000,0,0,18.000,39.000,55.000,0,0,0,0,0,0,0,0,0,0,2,144,0,3,70,0
9.465000,0.00,0.000,0.000,0,0,0.000,0,0,18.000,39.000,55.000,0,0,0,0,0,0,0,0,0,0,2,144,0,3,70,0
9.470000,0.00,0.000,0.000,0,0,0.000,0,0,18.000,39.000,55.000,0,0,0,0,0,0,0,0,0,0,2,144,0,3,70,0
9.475000,0.00,0.000,0.000,0,0,0.000,0,0,18.000,39.000,55.000,0,0,0,0,0,0,0,0,0,0,2,144,0,3,70,0
9.480000,0.00,0.000,0.000,0,0,0.000,0,0,18.000,39.000,55.000,0,0,0,0,0,0,0,0,0,0,2,144,0,3,70,0
9.485000,0.00,0.000,0.000,0,0,0.000,0,0,18.000,39.000,55.000,0,0,0,0,0,0,0,0,0,0,2,144,0,3,70,0
9.490000,0.00,0.000,0.000,0,0,0.000,0,0,18.000,39.000,55.000,0,0,0,0,0,0,0,0,0,0,2,144,0,3,70,0
9.495000,0.00,0.000,0.000,0,0,0.000,0,0,18.000,39.000,55.000,0,0,0,0,0,0,0,0,0,0,2,144,0,3,70,0
9.500000,0.00,0.000,0.000,0,0,0.000,0,0,18.000,39.000,55.000,0,0,0,0,0,0,0,0,0,0,2,144,0,3,70,0
9.505000,0.00,0.000,0.000,0,0,0.000,0,0,18.000,39.000,55.000,0,0,0,0,0,0,0,0,0,0,2,144,0,3,70,0
9.510000,0.00,0.000,0.000,0,0,0.000,0,0,18.000,39.000,55.000,0,0,0,0,0,0,0,0,0,0,2,144,0,3,70,0
9.515000,0.00,0.000,0.000,0,0,0.000,0,0,18.000,39.000,55.000,0,0,0,0,0,0,0,0,0,0,2,144,0,3,70,0
9.520000,0.00,0.000,0.000,0,0,0.000,0,0,18.000,39.000,55.000,0,0,0,0,0,0,0,0,0,0,2,144,0,3,70,0
9.525000,0.00,0.000,0.000,0,0,0.000,0,0,18.000,39.000,55.000,0,0,0,0,0,0,0,0,0,0,2,144,0,3,70,0
9.530000,0.00,0.000,0.000,0,0,0.000,0,0,18.000,39.000,55.000,0,0,0,0,0,0,0,0,0,0,2,144,0,3,70,0
9.535000,0.00,0.000,0.000,0,0,0.000,0,0,18.000,39.000,55.000,0,0,0,0,0,0,0,0,0,0,2,144,0,3,70,0
9.540000,0.00,0.000,0.000,0,0,0.000,0,0,18.000,39.000,55.000,0,0,0,0,0,0,0,0,0,0,2,144,0,3,70,0
9.545000,0.00,0.000,0.000,0,0,0.000,0,0,18.000,39.000,55.000,0,0,0,0,0,0,0,0,0,0,2,144,0,3,70,0
9.550000,0.00,0.000,0.000,0,0,0.000,0,0,18.000,39.000,55.000,0,0,0,0,0,0,0,0,0,0,2,144,0,3,70,0
9.555000,0.00,0.000,0.000,0,0,0.000,0,0,18.000,39.000,55.000,0,0,0,0,0,0,0,0,0,0,2,144,0,3,70,0
9.560000,0.00,0.000,0.000,0,0,0.000,0,0,18.000,39.000,55.000,0,0,0,0,0,0,0,0,0,0,2,144,0,3,70,0
9.565000,0.00,0.000,0.000,0,0,0.000,0,0,18.000,39.000,55.000,0,0,0,0,0,0,0,0,0,0,2,144,0,3,70,0
9.570000,0.00,0.000,0.000,0,0,0.000,0,0,18.000,39.000,55.000,0,0,0,0,0,0,0,0,0,0,2,144,0,3,70,0
9.575000,0.00,0.000,0.000,0,0,0.000,0,0,18.000,39.000,55.000,0,0,0,0,0,0,0,0,0,0,2,144,0,3,70,0
9.580000,0.00,0.000,0.000,0,0,0.000,0,0,18.000,39.000,55.000,0,0,0,0,0,0,0,0,0,0,2,144,0,3,70,0
9.585000,0.00,0.000,0.000,0,0,0.000,0,0,18.000,39.000,55.000,0,0,0,0,0,0,0,0,0,0,2,144,0,3,70,0
9.590000,0.00,0.000,0.000,0,0,0.000,0,0,18.000,39.000,55.000,0,0,0,0,0,0,0,0,0,0,2,144,0,3,70,0
9.595000,0.00,0.000,0.000,0,0,0.000,0,0,18.000,39.000,55.000,0,0,0,0,0,0,0,0,0,0,2,144,0,3,70,0
9.600000,0.00,0.000,0.000,0,0,0.000,0,0,18.000,39.000,55.000,0,0,0,0,0,0,0,0,0,0,2,144,0,3,70,0
9.605000,0.00,0.000,0.000,0,0,0.000,0,0,18.000,39.000,55.000,0,0,0,0,0,0,0,0,0,0,2,144,0,3,70,0
9.610000,0.00,0.000,0.000,0,0,0.000,0,0,18.000,39.000,55.000,0,0,0,0,0,0,0,0,0,0,2,144,0,3,70,0
9.615000,0.00,0.000,0.000,0,0,0.000,0,0,18.000,39.000,55.000,0,0,0,0,0,0,0,0,0,0,2,144,0,3,70,0
9.620000,0.00,0.000,0.000,0,0,0.000,0,0,18.000,39.000,55.000,0,0,0,0,0,0,0,0,0,0,2,144,0,3,70,0
9.625000,0.00,0.000,0.000,0,0,0.000,0,0,18.000,39.000,55.000,0,0,0,0,0,0,0,0,0,0,2,144,0,3,70,0
9.630000,0.00,0.000,0.000,0,0,0.000,0,0,18.000,39.000,55.000,0,0,0,0,0,0,0,0,0,0,2,144,0,3,70,0
9.635000,0.00,0.000,0.000,0,0,0.000,0,0,18.000,39.000,55.000,0,0,0,0,0,0,0,0,0,0,2,144,0,3,70,0
9.640000,0.00,0.000,0.000,0,0,0.000,0,0,18.000,39.000,55.000,0,0,0,0,0,0,0,0,0,0,2,144,0,3,70,0
9.645000,0.00,0.000,0.000,0,0,0.000,0,0,18.000,39.000,55.000,0,0,0,0,0,0,0,0,0,0,2,144,0,3,70,0
9.650000,0.00,0.000,0.000,0,0,0.000,0,0,18.000,39.000,55.000,0,0,0,0,0,0,0,0,0,0,2,144,0,3,70,0
9.655000,0.00,0.000,0.000,0,0,0.000,0,0,18.000,39.000,55.000,0,0,0,0,0,0,0,0,0,0,2,144,0,3,70,0
9.660000,0.00,0.000,0.000,0,0,0.000,0,0,18.000,39.000,55.000,0,0,0,0,0,0,0,0,0,0,2,144,0,3,70,0
9.665000,0.00,0.000,0.000,0,0,0.000,0,0,18.000,39.000,55.000,0,0,0,0,0,0,0,0,0,0,2,144,0,3,70,0
9.670000,0.00,0.000,0.000,0,0,0.000,0,0,18.000,39.000,55.000,0,0,0,0,0,0,0,0,0,0,2,144,0,3,70,0
9.675000,0.00,0.000,0.000,0,0,0.000,0,0,18.000,39.000,55.000,0,0,0,0,0,0,0,0,0,0,2,144,0,3,70,0
9.680000,0.00,0.000,0.000,0,0,0.000,0,0,18.000,39.000,55.000,0,0,0,0,0,0,0,0,0,0,2,144,0,3,70,0
9.685000,0.00,0.000,0.000,0,0,0.000,0,0,18.000,39.000,55.000,0,0,0,0,0,0,0,0,0,0,2,144,0,3,70,0
9.690000,0.00,0.000,0.000,0,0,0.000,0,0,18.000,39.000,55.000,0,0,0,0,0,0,0,0,0,0,2,144,0,3,70,0
9.695000,0.00,0.000,0.000,0,0,0.000,0,0,18.000,39.000,55.000,0,0,0,0,0,0,0,0,0,0,2,144,0,3,70,0
9.700000,0.00,0.000,0.000,0,0,0.000,0,0,18.000,39.000,55.000,0,0,0,0,0,0,0,0,0,0,2,144,0,3,70,0
9.705000,0.00,0.000,0.000,0,0,0.000,0,0,18.000,39.000,55.000,0,0,0,0,0,0,0,0,0,0,2,144,0,3,70,0
9.710000,0.00,0.000,0.000,0,0,0.000,0,0,18.000,39.000,55.000,0,0,0,0,0,0,0,0,0,0,2,144,0,3,70,0
9.715000,0.00,0.000,0.000,0,0,0.000,0,0,18.000,39.000,55.000,0,0,0,0,0,0,0,0,0,0,2,144,0,3,70,0
9.720000,0.00,0.000,0.000,0,0,0.000,0,0,18.000,39.000,55.000,0,0,0,0,0,0,0,0,0,0,2,144,0,3,70,0
9.725000,0.00,0.000,0.000,0,0,0.000,0,0,18.000,39.000,55.000,0,0,0,0,0,0,0,0,0,0,2,144,0,3,70,0
9.730000,0.00,0.000,0.000,0,0,0.000,0,0,18.000,39.000,55.000,0,0,0,0,0,0,0,0,0,0,2,144,0,3,70,0
9.735000,0.00,0.000,0.000,0,0,0.000,0,0,18.000,39.000,55.000,0,0,0,0,0,0,0,0,0,0,2,144,0,3,70,0
9.740000,0.00,0.000,0.000,0,0,0.000,0,0,18.000,39.000,55.000,0,0,0,0,0,0,0,0,0,0,2,144,0,3,70,0
9.745000,0.00,0.000,0.000,0,0,0.000,0,0,18.000,39.000,55.000,0,0,0,0,0,0,0,0,0,0,2,144,0,3,70,0
9.750000,0.00,0.000,0.000,0,0,0.000,0,0,18.000,39.000,55.000,0,0,0,0,0,0,0,0,0,0,2,144,0,3,70,0
9.755000,0.00,0.000,0.000,0,0,0.000,0,0,18.000,39.000,55.000,0,0,0,0,0,0,0,0,0,0,2,144,0,3,70,0
9.760000,0.00,0.000,0.000,0,0,0.000,0,0,18.000,39.000,55.000,0,0,0,0,0,0,0,0,0,0,2,144,0,3,70,0
9.765000,0.00,0.000,0.000,0,0,0.000,0,0,18.000,39.000,55.000,0,0,0,0,0,0,0,0,0,0,2,144,0,3,70,0
9.770000,0.00,0.000,0.000,0,0,0.000,0,0,18.000,39.000,55.000,0,0,0,0,0,0,0,0,0,0,2,144,0,3,70,0
9.775000,0.00,0.000,0.000,0,0,0.000,0,0,18.000,39.000,55.000,0,0,0,0,0,0,0,0,0,0,2,144,0,3,70,0
9.780000,0.00,0.000,0.000,0,0,0.000,0,0,18.000,39.000,55.000,0,0,0,0,0,0,0,0,0,0,2,144,0,3,70,0
9.785000,0.00,0.000,0.000,0,0,0.000,0,0,18.000,39.000,55.000,0,0,0,0,0,0,0,0,0,0,2,144,0,3,70,0
9.790000,0.00,0.000,0.000,0,0,0.000,0,0,18.000,39.000,55.000,0,0,0,0,0,0,0,0,0,0,2,144,0,3,70,0
9.795000,0.00,0.000,0.000,0,0,0.000,0,0,18.000,39.000,55.000,0,0,0,0,0,0,0,0,0,0,2,144,0,3,70,0
9.800000,0.00,0.000,0.000,0,0,0.000,0,0,18.000,39.000,55.000,0,0,0,0,0,0,0,0,0,0,2,144,0,3,70,0
9.805000,0.00,0.000,0.000,0,0,0.000,0,0,18.000,39.000,55.000,0,0,0,0,0,0,0,0,0,0,2,144,0,3,70,0
9.810000,0.00,0.000,0.000,0,0,0.000,0,0,18.000,39.000,55.000,0,0,0,0,0,0,0,0,0,0,2,144,0,3,70,0
9.815000,0.00,0.000,0.000,0,0,0.000,0,0,18.000,39.000,55.000,0,0,0,0,0,0,0,0,0,0,2,144,0,3,70,0
9.820000,0.00,0.000,0.000,0,0,0.000,0,0,18.000,39.000,55.000,0,0,0,0,0,0,0,0,0,0,2,144,0,3,70,0
9.825000,0.00,0.000,0.000,0,0,0.000,0,0,18.000,39.000,55.000,0,0,0,0,0,0,0,0,0,0,2,144,0,3,70,0
9.830000,0.00,0.000,0.000,0,0,0.000,0,0,18.000,39.000,55.000,0,0,0,0,0,0,0,0,0,0,2,144,0,3,70,0
9.835000,0.00,0.000,0.000,0,0,0.000,0,0,18.000,39.000,55.000,0,0,0,0,0,0,0,0,0,0,2,144,0,3,70,0
9.840000,0.00,0.000,0.000,0,0,0.000,0,0,18.000,39.000,55.000,0,0,0,0,0,0,0,0,0,0,2,144,0,3,70,0
9.845000,0.00,0.000,0.000,0,0,0.000,0,0,18.000,39.000,55.000,0,0,0,0,0,0,0,0,0,0,2,144,0,3,70,0
9.850000,0.00,0.000,0.000,0,0,0.000,0,0,18.000,39.000,55.000,0,0,0,0,0,0,0,0,0,0,2,144,0,3,70,0
9.855000,0.00,0.000,0.000,0,0,0.000,0,0,18.000,39.000,55.000,0,0,0,0,0,0,0,0,0,0,2,144,0,3,70,0
9.860000,0.00,0.000,0.000,0,0,0.000,0,0,18.000,39.000,55.000,0,0,0,0,0,0,0,0,0,0,2,144,0,3,70,0
9.865000,0.00,0.000,0.000,0,0,0.000,0,0,18.000,39.000,55.000,0,0,0,0,0,0,0,0,0,0,2,144,0,3,70,0
9.870000,0.00,0.000,0.000,0,0,0.000,0,0,18.000,39.000,55.000,0,0,0,0,0,0,0,0,0,0,2,144,0,3,70,0
9.875000,0.00,0.000,0.000,0,0,0.000,0,0,18.000,39.000,55.000,0,0,0,0,0,0,0,0,0,0,2,144,0,3,70,0
9.880000,0.00,0.000,0.000,0,0,0.000,0,0,18.000,39.000,55.000,0,0,0,0,0,0,0,0,0,0,2,144,0,3,70,0
9.885000,0.00,0.000,0.000,0,0,0.000,0,0,18.000,39.000,55.000,0,0,0,0,0,0,0,0,0,0,2,144,0,3,70,0
9.890000,0.00,0.000,0.000,0,0,0.000,0,0,18.000,39.000,55.000,0,0,0,0,0,0,0,0,0,0,2,144,0,3,70,0
9.895000,0.00,0.000,0.000,0,0,0.000,0,0,18.000,39.000,55.000,0,0,0,0,0,0,0,0,0,0,2,144,0,3,70,0
9.900000,0.00,0.000,0.000,0,0,0.000,0,0,18.000,39.000,55.000,0,0,0,0,0,0,0,0,0,0,2,144,0,3,70,0
9.905000,0.00,0.000,0.000,0,0,0.000,0,0,18.000,39.000,55.000,0,0,0,0,0,0,0,0,0,0,2,144,0,3,70,0
9.910000,0.00,0.000,0.000,0,0,0.000,0,0,18.000,39.000,55.000,0,0,0,0,0,0,0,0,0,0,2,144,0,3,70,0
9.915000,0.00,0.000,0.000,0,0,0.000,0,0,18.000,39.000,55.000,0,0,0,0,0,0,0,0,0,0,2,144,0,3,70,0
9.920000,0.00,0.000,0.000,0,0,0.000,0,0,18.000,39.000,55.000,0,0,0,0,0,0,0,0,0,0,2,144,0,3,70,0
9.925000,0.00,0.000,0.000,0,0,0.000,0,0,18.000,39.000,55.000,0,0,0,0,0,0,0,0,0,0,2,144,0,3,70,0
9.930000,0.00,0.000,0.000,0,0,0.000,0,0,18.000,39.000,55.000,0,0,0,0,0,0,0,0,0,0,2,144,0,3,70,0
9.935000,0.00,0.000,0.000,0,0,0.000,0,0,18.000,39.000,55.000,0,0,0,0,0,0,0,0,0,0,2,144,0,3,70,0
9.940000,0.00,0.000,0.000,0,0,0.000,0,0,18.000,39.000,55.000,0,0,0,0,0,0,0,0,0,0,2,144,0,3,70,0
9.945000,0.00,0.000,0.000,0,0,0.000,0,0,18.000,39.000,55.000,0,0,0,0,0,0,0,0,0,0,2,144,0,3,70,0
9.950000,0.00,0.000,0.000,0,0,0.000,0,0,18.000,39.000,55.000,0,0,0,0,0,0,0,0,0,0,2,144,0,3,70,0
9.955000,0.00,0.000,0.000,0,0,0.000,0,0,18.000,39.000,55.000,0,0,0,0,0,0,0,0,0,0,2,144,0,3,70,0
9.960000,0.00,0.000,0.000,0,0,0.000,0,0,18.000,39.000,55.000,0,0,0,0,0,0,0,0,0,0,2,144,0,3,70,0
9.965000,0.00,0.000,0.000,0,0,0.000,0,0,18.000,39.000,55.000,0,0,0,0,0,0,0,0,0,0,2,144,0,3,70,0
9.970000,0.00,0.000,0.000,0,0,0.000,0,0,18.000,39.000,55.000,0,0,0,0,0,0,0,0,0,0,2,144,0,3,70,0
9.975000,0.00,0.000,0.000,0,0,0.000,0,0,18.000,39.000,55.000,0,0,0,0,0,0,0,0,0,0,2,144,0,3,70,0
9.980000,0.00,0.000,0.000,0,0,0.000,0,0,18.000,39.000,55.000,0,0,0,0,0,0,0,0,0,0,2,144,0,3,70,0
9.985000,0.00,0.000,0.000,0,0,0.000,0,0,18.000,39.000,55.000,0,0,0,0,0,0,0,0,0,0,2,144,0,3,70,0
9.990000,0.00,0.000,0.000,0,0,0.000,0,0,18.000,39.000,55.000,0,0,0,0,0,0,0,0,0,0,2,144,0,3,70,0
9.995000,0.00,0.000,0.000,0,0,0.000,0,0,18.000,39.000,55.000,0,0,0,0,0,0,0,0,0,0,2,144,0,3,70,0
10.000000,0.00,0.000,0.000,0,0,0.000,0,0,18.000,39.000,55.000,0,0,0,0,0,0,0,0,0,0,2,144,0,3,70,0
