time_s,crank_angle_deg,torque_gen_nm,torque_load_kg,torque_fast_native,torque_run_native,cadence_gen_rpm,cadence_raw_rpm,cadence_control_rpm,speed_kph,battery_v,soc_pct,human_power_w,assist_basis_power_w,motor_power_w,support_pct,iq_mode_request,iq_before_profile_limit,iq_requested,iq_allowed,iq_pre_ramp,iq_ref,session,debug_flags,battery_limit,gate_steps,gate_load_ckg,pedalling
0.005000,0.00,0.000,0.000,0,0,0.000,0,0,18.000,39.000,55.000,0,0,0,0,0,0,0,0,0,0,0,144,0,3,70,0
0.010000,0.00,0.000,0.000,0,0,0.000,0,0,18.000,39.000,55.000,0,0,0,0,0,0,0,0,0,0,0,144,0,3,70,0
0.015000,0.00,0.000,0.000,0,0,0.000,0,0,18.000,39.000,55.000,0,0,0,0,0,0,0,0,0,0,0,144,0,3,70,0
0.020000,0.00,0.000,0.000,0,0,0.000,0,0,18.000,39.000,55.000,0,0,0,0,0,0,0,0,0,0,0,144,0,3,70,0
0.025000,0.00,0.000,0.000,0,0,0.000,0,0,18.000,39.000,55.000,0,0,0,0,0,0,0,0,0,0,0,144,0,3,70,0
0.030000,0.00,0.000,0.000,0,0,0.000,0,0,18.000,39.000,55.000,0,0,0,0,0,0,0,0,0,0,0,144,0,3,70,0
0.035000,0.00,0.000,0.000,0,0,0.000,0,0,18.000,39.000,55.000,0,0,0,0,0,0,0,0,0,0,0,144,0,3,70,0
0.040000,0.00,0.000,0.000,0,0,0.000,0,0,18.000,39.000,55.000,0,0,0,0,0,0,0,0,0,0,0,144,0,3,70,0
0.045000,0.00,0.000,0.000,0,0,0.000,0,0,18.000,39.000,55.000,0,0,0,0,0,0,0,0,0,0,0,144,0,3,70,0
0.050000,0.00,0.000,0.000,0,0,0.000,0,0,18.000,39.000,55.000,0,0,0,0,0,0,0,0,0,0,0,144,0,3,70,0
0.055000,0.00,0.000,0.000,0,0,0.000,0,0,18.000,39.000,55.000,0,0,0,0,0,0,0,0,0,0,0,144,0,3,70,0
0.060000,0.00,0.000,0.000,0,0,0.000,0,0,18.000,39.000,55.000,0,0,0,0,0,0,0,0,0,0,0,144,0,3,70,0
0.065000,0.00,0.000,0.000,0,0,0.000,0,0,18.000,39.000,55.000,0,0,0,0,0,0,0,0,0,0,0,144,0,3,70,0
0.070000,0.00,0.000,0.000,0,0,0.000,0,0,18.000,39.000,55.000,0,0,0,0,0,0,0,0,0,0,0,144,0,3,70,0
0.075000,0.00,0.000,0.000,0,0,0.000,0,0,18.000,39.000,55.000,0,0,0,0,0,0,0,0,0,0,0,144,0,3,70,0
0.080000,0.00,0.000,0.000,0,0,0.000,0,0,18.000,39.000,55.000,0,0,0,0,0,0,0,0,0,0,0,144,0,3,70,0
0.085000,0.00,0.000,0.000,0,0,0.000,0,0,18.000,39.000,55.000,0,0,0,0,0,0,0,0,0,0,0,144,0,3,70,0
0.090000,0.00,0.000,0.000,0,0,0.000,0,0,18.000,39.000,55.000,0,0,0,0,0,0,0,0,0,0,0,144,0,3,70,0
0.095000,0.00,0.000,0.000,0,0,0.000,0,0,18.000,39.000,55.000,0,0,0,0,0,0,0,0,0,0,0,144,0,3,70,0
0.100000,0.00,0.000,0.000,0,0,0.000,0,0,18.000,39.000,55.000,0,0,0,0,0,0,0,0,0,0,0,144,0,3,70,0
0.105000,0.00,0.000,0.000,0,0,0.000,0,0,18.000,39.000,55.000,0,0,0,0,0,0,0,0,0,0,0,144,0,3,70,0
0.110000,0.00,0.000,0.000,0,0,0.000,0,0,18.000,39.000,55.000,0,0,0,0,0,0,0,0,0,0,0,144,0,3,70,0
0.115000,0.00,0.000,0.000,0,0,0.000,0,0,18.000,39.000,55.000,0,0,0,0,0,0,0,0,0,0,0,144,0,3,70,0
0.120000,0.00,0.000,0.000,0,0,0.000,0,0,18.000,39.000,55.000,0,0,0,0,0,0,0,0,0,0,0,144,0,3,70,0
0.125000,0.00,0.000,0.000,0,0,0.000,0,0,18.000,39.000,55.000,0,0,0,0,0,0,0,0,0,0,0,144,0,3,70,0
0.130000,0.00,0.000,0.000,0,0,0.000,0,0,18.000,39.000,55.000,0,0,0,0,0,0,0,0,0,0,0,144,0,3,70,0
0.135000,0.00,0.000,0.000,0,0,0.000,0,0,18.000,39.000,55.000,0,0,0,0,0,0,0,0,0,0,0,144,0,3,70,0
0.140000,0.00,0.000,0.000,0,0,0.000,0,0,18.000,39.000,55.000,0,0,0,0,0,0,0,0,0,0,0,144,0,3,70,0
0.145000,0.00,0.000,0.000,0,0,0.000,0,0,18.000,39.000,55.000,0,0,0,0,0,0,0,0,0,0,0,144,0,3,70,0
0.150000,0.00,0.000,0.000,0,0,0.000,0,0,18.000,39.000,55.000,0,0,0,0,0,0,0,0,0,0,0,144,0,3,70,0
0.155000,0.00,0.000,0.000,0,0,0.000,0,0,18.000,39.000,55.000,0,0,0,0,0,0,0,0,0,0,0,144,0,3,70,0
0.160000,0.00,0.000,0.000,0,0,0.000,0,0,18.000,39.000,55.000,0,0,0,0,0,0,0,0,0,0,0,144,0,3,70,0
0.165000,0.00,0.000,0.000,0,0,0.000,0,0,18.000,39.000,55.000,0,0,0,0,0,0,0,0,0,0,0,144,0,3,70,0
0.170000,0.00,0.000,0.000,0,0,0.000,0,0,18.000,39.000,55.000,0,0,0,0,0,0,0,0,0,0,0,144,0,3,70,0
0.175000,0.00,0.000,0.000,0,0,0.000,0,0,18.000,39.000,55.000,0,0,0,0,0,0,0,0,0,0,0,144,0,3,70,0
0.180000,0.00,0.000,0.000,0,0,0.000,0,0,18.000,39.000,55.000,0,0,0,0,0,0,0,0,0,0,0,144,0,3,70,0
0.185000,0.00,0.000,0.000,0,0,0.000,0,0,18.000,39.000,55.000,0,0,0,0,0,0,0,0,0,0,0,144,0,3,70,0
0.190000,0.00,0.000,0.000,0,0,0.000,0,0,18.000,39.000,55.000,0,0,0,0,0,0,0,0,0,0,0,144,0,3,70,0
0.195000,0.00,0.000,0.000,0,0,0.000,0,0,18.000,39.000,55.000,0,0,0,0,0,0,0,0,0,0,0,144,0,3,70,0
0.200000,0.00,0.000,0.000,0,0,0.000,0,0,18.000,39.000,55.000,0,0,0,0,0,0,0,0,0,0,0,144,0,3,70,0
0.205000,0.00,0.000,0.000,0,0,0.000,0,0,18.000,39.000,55.000,0,0,0,0,0,0,0,0,0,0,0,144,0,3,70,0
0.210000,0.00,0.000,0.000,0,0,0.000,0,0,18.000,39.000,55.000,0,0,0,0,0,0,0,0,0,0,0,144,0,3,70,0
0.215000,0.00,0.000,0.000,0,0,0.000,0,0,18.000,39.000,55.000,0,0,0,0,0,0,0,0,0,0,0,144,0,3,70,0
0.220000,0.00,0.000,0.000,0,0,0.000,0,0,18.000,39.000,55.000,0,0,0,0,0,0,0,0,0,0,0,144,0,3,70,0
0.225000,0.00,0.000,0.000,0,0,0.000,0,0,18.000,39.000,55.000,0,0,0,0,0,0,0,0,0,0,0,144,0,3,70,0
0.230000,0.00,0.000,0.000,0,0,0.000,0,0,18.000,39.000,55.000,0,0,0,0,0,0,0,0,0,0,0,144,0,3,70,0
0.235000,0.00,0.000,0.000,0,0,0.000,0,0,18.000,39.000,55.000,0,0,0,0,0,0,0,0,0,0,0,144,0,3,70,0
0.240000,0.00,0.000,0.000,0,0,0.000,0,0,18.000,39.000,55.000,0,0,0,0,0,0,0,0,0,0,0,144,0,3,70,0
0.245000,0.00,0.000,0.000,0,0,0.000,0,0,18.000,39.000,55.000,0,0,0,0,0,0,0,0,0,0,0,144,0,3,70,0
0.250000,0.00,0.000,0.000,0,0,0.000,0,0,18.000,39.000,55.000,0,0,0,0,0,0,0,0,0,0,0,144,0,3,70,0
0.255000,0.00,0.000,0.000,0,0,0.000,0,0,18.000,39.000,55.000,0,0,0,0,0,0,0,0,0,0,0,144,0,3,70,0
0.260000,0.00,0.000,0.000,0,0,0.000,0,0,18.000,39.000,55.000,0,0,0,0,0,0,0,0,0,0,0,144,0,3,70,0
0.265000,0.00,0.000,0.000,0,0,0.000,0,0,18.000,39.000,55.000,0,0,0,0,0,0,0,0,0,0,0,144,0,3,70,0
0.270000,0.00,0.000,0.000,0,0,0.000,0,0,18.000,39.000,55.000,0,0,0,0,0,0,0,0,0,0,0,144,0,3,70,0
0.275000,0.00,0.000,0.000,0,0,0.000,0,0,18.000,39.000,55.000,0,0,0,0,0,0,0,0,0,0,0,144,0,3,70,0
0.280000,0.00,0.000,0.000,0,0,0.000,0,0,18.000,39.000,55.000,0,0,0,0,0,0,0,0,0,0,0,144,0,3,70,0
0.285000,0.00,0.000,0.000,0,0,0.000,0,0,18.000,39.000,55.000,0,0,0,0,0,0,0,0,0,0,0,144,0,3,70,0
0.290000,0.00,0.000,0.000,0,0,0.000,0,0,18.000,39.000,55.000,0,0,0,0,0,0,0,0,0,0,0,144,0,3,70,0
0.295000,0.00,0.000,0.000,0,0,0.000,0,0,18.000,39.000,55.000,0,0,0,0,0,0,0,0,0,0,0,144,0,3,70,0
0.300000,0.00,0.000,0.000,0,0,0.000,0,0,18.000,39.000,55.000,0,0,0,0,0,0,0,0,0,0,0,144,0,3,70,0
0.305000,0.00,0.000,0.000,0,0,0.000,0,0,18.000,39.000,55.000,0,0,0,0,0,0,0,0,0,0,0,144,0,3,70,0
0.310000,0.00,0.000,0.000,0,0,0.000,0,0,18.000,39.000,55.000,0,0,0,0,0,0,0,0,0,0,0,144,0,3,70,0
0.315000,0.00,0.000,0.000,0,0,0.000,0,0,18.000,39.000,55.000,0,0,0,0,0,0,0,0,0,0,0,144,0,3,70,0
0.320000,0.00,0.000,0.000,0,0,0.000,0,0,18.000,39.000,55.000,0,0,0,0,0,0,0,0,0,0,0,144,0,3,70,0
0.325000,0.00,0.000,0.000,0,0,0.000,0,0,18.000,39.000,55.000,0,0,0,0,0,0,0,0,0,0,0,144,0,3,70,0
0.330000,0.00,0.000,0.000,0,0,0.000,0,0,18.000,39.000,55.000,0,0,0,0,0,0,0,0,0,0,0,144,0,3,70,0
0.335000,0.00,0.000,0.000,0,0,0.000,0,0,18.000,39.000,55.000,0,0,0,0,0,0,0,0,0,0,0,144,0,3,70,0
0.340000,0.00,0.000,0.000,0,0,0.000,0,0,18.000,39.000,55.000,0,0,0,0,0,0,0,0,0,0,0,144,0,3,70,0
0.345000,0.00,0.000,0.000,0,0,0.000,0,0,18.000,39.000,55.000,0,0,0,0,0,0,0,0,0,0,0,144,0,3,70,0
0.350000,0.00,0.000,0.000,0,0,0.000,0,0,18.000,39.000,55.000,0,0,0,0,0,0,0,0,0,0,0,144,0,3,70,0
0.355000,0.00,0.000,0.000,0,0,0.000,0,0,18.000,39.000,55.000,0,0,0,0,0,0,0,0,0,0,0,144,0,3,70,0
0.360000,0.00,0.000,0.000,0,0,0.000,0,0,18.000,39.000,55.000,0,0,0,0,0,0,0,0,0,0,0,144,0,3,70,0
0.365000,0.00,0.000,0.000,0,0,0.000,0,0,18.000,39.000,55.000,0,0,0,0,0,0,0,0,0,0,0,144,0,3,70,0
0.370000,0.00,0.000,0.000,0,0,0.000,0,0,18.000,39.000,55.000,0,0,0,0,0,0,0,0,0,0,0,144,0,3,70,0
0.375000,0.00,0.000,0.000,0,0,0.000,0,0,18.000,39.000,55.000,0,0,0,0,0,0,0,0,0,0,0,144,0,3,70,0
0.380000,0.00,0.000,0.000,0,0,0.000,0,0,18.000,39.000,55.000,0,0,0,0,0,0,0,0,0,0,0,144,0,3,70,0
0.385000,0.00,0.000,0.000,0,0,0.000,0,0,18.000,39.000,55.000,0,0,0,0,0,0,0,0,0,0,0,144,0,3,70,0
0.390000,0.00,0.000,0.000,0,0,0.000,0,0,18.000,39.000,55.000,0,0,0,0,0,0,0,0,0,0,0,144,0,3,70,0
0.395000,0.00,0.000,0.000,0,0,0.000,0,0,18.000,39.000,55.000,0,0,0,0,0,0,0,0,0,0,0,144,0,3,70,0
0.400000,0.00,0.000,0.000,0,0,0.000,0,0,18.000,39.000,55.000,0,0,0,0,0,0,0,0,0,0,0,144,0,3,70,0
0.405000,0.00,0.000,0.000,0,0,0.000,0,0,18.000,39.000,55.000,0,0,0,0,0,0,0,0,0,0,0,144,0,3,70,0
0.410000,0.00,0.000,0.000,0,0,0.000,0,0,18.000,39.000,55.000,0,0,0,0,0,0,0,0,0,0,0,144,0,3,70,0
0.415000,0.00,0.000,0.000,0,0,0.000,0,0,18.000,39.000,55.000,0,0,0,0,0,0,0,0,0,0,0,144,0,3,70,0
0.420000,0.00,0.000,0.000,0,0,0.000,0,0,18.000,39.000,55.000,0,0,0,0,0,0,0,0,0,0,0,144,0,3,70,0
0.425000,0.00,0.000,0.000,0,0,0.000,0,0,18.000,39.000,55.000,0,0,0,0,0,0,0,0,0,0,0,144,0,3,70,0
0.430000,0.00,0.000,0.000,0,0,0.000,0,0,18.000,39.000,55.000,0,0,0,0,0,0,0,0,0,0,0,144,0,3,70,0
0.435000,0.00,0.000,0.000,0,0,0.000,0,0,18.000,39.000,55.000,0,0,0,0,0,0,0,0,0,0,0,144,0,3,70,0
0.440000,0.00,0.000,0.000,0,0,0.000,0,0,18.000,39.000,55.000,0,0,0,0,0,0,0,0,0,0,0,144,0,3,70,0
0.445000,0.00,0.000,0.000,0,0,0.000,0,0,18.000,39.000,55.000,0,0,0,0,0,0,0,0,0,0,0,144,0,3,70,0
0.450000,0.00,0.000,0.000,0,0,0.000,0,0,18.000,39.000,55.000,0,0,0,0,0,0,0,0,0,0,0,144,0,3,70,0
0.455000,0.00,0.000,0.000,0,0,0.000,0,0,18.000,39.000,55.000,0,0,0,0,0,0,0,0,0,0,0,144,0,3,70,0
0.460000,0.00,0.000,0.000,0,0,0.000,0,0,18.000,39.000,55.000,0,0,0,0,0,0,0,0,0,0,0,144,0,3,70,0
0.465000,0.00,0.000,0.000,0,0,0.000,0,0,18.000,39.000,55.000,0,0,0,0,0,0,0,0,0,0,0,144,0,3,70,0
0.470000,0.00,0.000,0.000,0,0,0.000,0,0,18.000,39.000,55.000,0,0,0,0,0,0,0,0,0,0,0,144,0,3,70,0
0.475000,0.00,0.000,0.000,0,0,0.000,0,0,18.000,39.000,55.000,0,0,0,0,0,0,0,0,0,0,0,144,0,3,70,0
0.480000,0.00,0.000,0.000,0,0,0.000,0,0,18.000,39.000,55.000,0,0,0,0,0,0,0,0,0,0,0,144,0,3,70,0
0.485000,0.00,0.000,0.000,0,0,0.000,0,0,18.000,39.000,55.000,0,0,0,0,0,0,0,0,0,0,0,144,0,3,70,0
0.490000,0.00,0.000,0.000,0,0,0.000,0,0,18.000,39.000,55.000,0,0,0,0,0,0,0,0,0,0,0,144,0,3,70,0
0.495000,0.00,0.000,0.000,0,0,0.000,0,0,18.000,39.000,55.000,0,0,0,0,0,0,0,0,0,0,0,144,0,3,70,0
0.500000,0.03,28.014,16.820,2,0,20.000,0,0,18.000,39.000,55.000,0,0,0,0,0,0,0,0,0,0,0,16,0,3,70,1
0.505000,0.63,28.302,16.990,47,1,20.000,0,0,18.000,39.000,55.000,0,0,0,0,0,0,0,0,0,0,0,16,0,3,70,1
0.510000,1.23,28.589,17.150,86,4,20.000,0,0,18.000,39.000,55.000,0,0,0,0,0,0,0,0,0,0,0,16,0,3,70,1
0.515000,1.83,28.876,17.310,120,8,20.000,0,0,18.000,39.000,55.000,0,0,0,0,0,0,0,0,0,0,0,16,0,3,70,1
0.520000,2.43,29.162,17.480,150,13,20.000,0,0,18.000,39.000,55.000,0,0,0,0,0,0,0,0,0,0,0,16,0,3,70,1
0.525000,3.03,29.449,17.640,177,19,20.000,0,0,18.000,39.000,55.000,0,0,0,0,0,0,0,0,0,0,0,16,0,3,70,1
0.530000,3.63,29.734,17.860,200,26,20.000,0,0,18.000,39.000,55.000,0,0,0,0,0,0,0,0,0,0,0,16,0,3,70,1
0.535000,4.23,30.019,18.020,221,34,20.000,0,0,18.000,39.000,55.000,0,0,0,0,0,0,0,0,0,0,0,16,0,3,70,1
0.540000,4.83,30.303,18.180,239,42,20.000,0,0,18.000,39.000,55.000,0,0,0,0,0,0,0,0,0,0,0,16,0,3,70,1
0.545000,5.43,30.586,18.350,256,50,20.000,0,0,18.000,39.000,55.000,0,0,0,0,0,0,0,0,0,0,0,16,0,3,70,1
0.550000,6.03,30.868,18.510,270,59,20.000,0,0,18.000,39.000,55.000,0,0,0,0,0,0,0,0,0,0,0,16,0,3,70,1
0.555000,6.63,31.149,18.670,283,68,20.000,0,0,18.000,39.000,55.000,0,0,0,0,0,0,0,0,0,0,0,16,0,3,70,1
0.560000,7.23,31.428,18.840,295,77,20.000,0,0,18.000,39.000,55.000,0,0,0,0,0,0,0,0,0,0,0,16,0,3,70,1
0.565000,7.83,31.706,19.000,305,86,20.000,0,0,18.000,39.000,55.000,0,0,0,160,61,61,0,0,0,0,0,16,0,3,30,1
0.570000,8.43,31.983,19.160,315,95,20.000,0,0,18.000,39.000,55.000,0,0,0,160,68,68,0,0,0,0,0,16,0,3,30,1
0.575000,9.03,32.258,19.330,324,104,20.000,0,0,18.000,39.000,55.000,0,0,0,160,74,74,0,0,0,0,0,16,0,3,30,1
0.580000,9.63,32.531,19.490,331,113,20.000,0,0,18.000,39.000,55.000,0,0,0,160,81,81,0,0,0,0,0,16,0,3,30,1
0.585000,10.23,32.802,19.710,339,122,20.000,0,0,18.000,39.000,55.000,0,0,0,160,87,87,0,0,0,0,0,16,0,3,30,1
0.590000,10.83,33.072,19.820,345,131,20.000,0,0,18.000,39.000,55.000,0,0,0,160,94,94,0,0,0,0,0,16,0,3,30,1
0.595000,11.43,33.339,19.980,352,350,20.000,0,0,18.000,39.000,55.000,0,0,0,160,300,300,300,300,300,6,1,0,0,3,30,1
0.600000,12.03,33.604,20.140,357,350,20.000,0,0,18.000,39.000,55.000,0,0,0,160,300,300,300,300,300,23,1,0,0,3,30,1
0.605000,12.63,33.867,20.310,363,351,20.000,0,0,18.000,39.000,55.000,0,0,0,160,301,301,301,301,301,40,1,0,0,3,30,1
0.610000,13.23,34.127,20.470,368,351,20.000,0,0,18.000,39.000,55.000,0,0,0,160,301,301,301,301,301,57,1,0,0,3,30,1
0.615000,13.83,34.385,20.630,372,352,20.000,0,0,18.000,39.000,55.000,0,0,0,160,302,302,302,302,302,74,1,0,0,3,30,1
0.620000,14.43,34.640,20.790,377,353,20.000,0,0,18.000,39.000,55.000,0,0,0,160,303,303,303,303,303,91,1,0,0,3,30,1
0.625000,15.03,34.892,20.900,381,354,20.000,0,0,18.000,39.000,55.000,0,0,0,160,303,303,303,303,303,108,1,0,0,3,30,1
0.630000,15.63,35.142,21.070,385,355,20.000,0,0,18.000,39.000,55.000,0,0,0,160,304,304,304,304,304,125,1,0,0,3,30,1
0.635000,16.23,35.389,21.230,389,356,20.000,0,0,18.000,39.000,55.000,0,0,0,160,305,305,305,305,305,142,1,0,0,3,30,1
0.640000,16.83,35.632,21.390,393,358,20.000,0,0,18.000,39.000,55.000,0,0,0,160,307,307,307,307,307,159,1,0,0,3,30,1
0.645000,17.43,35.873,21.500,397,359,20.000,0,0,18.000,39.000,55.000,0,0,0,160,308,308,308,308,308,175,1,0,0,3,30,1
0.650000,18.03,36.110,21.670,400,361,20.000,0,0,18.000,39.000,55.000,0,0,0,160,310,310,310,310,310,192,1,0,0,3,30,1
0.655000,18.63,36.344,21.770,403,362,20.000,0,0,18.000,39.000,55.000,0,0,0,160,311,311,311,311,311,209,1,0,0,3,30,1
0.660000,19.23,36.575,21.940,407,364,20.000,19,19,18.000,39.000,55.000,70,67,107,160,183,183,183,183,183,197,1,0,0,3,30,1
0.665000,19.83,36.802,22.050,410,366,20.000,19,19,18.000,39.000,55.000,70,67,108,160,184,184,184,184,184,184,1,0,0,3,30,1
0.670000,20.43,37.025,22.210,413,368,20.000,19,19,18.000,39.000,55.000,71,68,108,160,185,185,185,185,185,185,1,0,0,3,30,1
0.675000,21.03,37.245,22.320,416,370,20.000,19,19,18.000,39.000,55.000,71,68,109,160,186,186,186,186,186,186,1,0,0,3,30,1
0.680000,21.63,37.461,22.480,419,371,20.000,19,19,18.000,39.000,55.000,72,68,109,160,187,187,187,187,187,187,1,0,0,3,30,1
0.685000,22.23,37.673,22.590,421,373,20.000,19,19,18.000,39.000,55.000,72,69,110,160,188,188,188,188,188,188,1,0,0,3,30,1
0.690000,22.83,37.881,22.700,424,375,20.000,19,19,18.000,39.000,55.000,73,69,111,160,189,189,189,189,189,189,1,0,0,3,30,1
0.695000,23.43,38.085,22.860,427,377,20.000,19,19,18.000,39.000,55.000,73,69,111,160,190,190,190,190,190,190,1,0,0,3,30,1
0.700000,24.03,38.285,22.970,430,379,20.000,19,19,18.000,39.000,55.000,73,70,112,160,191,191,191,191,191,191,1,0,0,3,30,1
0.705000,24.63,38.480,23.080,432,381,20.000,19,19,18.000,39.000,55.000,74,70,113,160,192,192,192,192,192,192,1,0,0,3,30,1
0.710000,25.23,38.672,23.190,435,384,20.000,19,19,18.000,39.000,55.000,74,71,114,160,194,194,194,194,194,194,1,0,0,3,30,1
0.715000,25.83,38.859,23.300,437,386,20.000,19,19,18.000,39.000,55.000,74,71,114,160,195,195,195,195,195,195,1,0,0,3,30,1
0.720000,26.43,39.041,23.410,439,388,20.000,19,19,18.000,39.000,55.000,75,72,115,160,196,196,196,196,196,196,1,0,0,3,30,1
0.725000,27.03,39.219,23.510,442,390,20.000,19,19,18.000,39.000,55.000,75,72,116,160,197,197,197,197,197,197,1,0,0,3,30,1
0.730000,27.63,39.393,23.620,444,392,20.000,19,19,18.000,39.000,55.000,76,72,116,160,199,199,199,199,199,199,1,0,0,3,30,1
0.735000,28.23,39.562,23.730,446,394,20.000,19,19,18.000,39.000,55.000,76,73,117,160,200,200,200,200,200,200,1,0,0,3,30,1
0.740000,28.83,39.726,23.840,449,396,20.000,19,19,18.000,39.000,55.000,76,73,118,160,201,201,201,201,201,201,1,0,0,3,30,1
0.745000,29.43,39.885,23.900,451,398,20.000,19,19,18.000,39.000,55.000,76,74,118,160,202,202,202,202,202,202,1,0,0,3,30,1
0.750000,30.03,40.040,24.000,453,401,20.000,19,19,18.000,39.000,55.000,77,74,119,160,204,204,204,204,204,204,1,0,0,3,30,1
0.755000,30.63,40.189,24.110,455,403,20.000,19,19,18.000,39.000,55.000,77,75,120,160,205,205,205,205,205,205,1,0,0,3,30,1
0.760000,31.23,40.334,24.170,457,405,20.000,19,19,18.000,39.000,55.000,77,75,121,160,206,206,206,206,206,206,1,0,0,3,30,1
0.765000,31.83,40.473,24.280,459,407,20.000,19,19,18.000,39.000,55.000,78,76,121,160,207,207,207,207,207,207,1,0,0,3,30,1
0.770000,32.43,40.608,24.380,460,409,20.000,19,19,18.000,39.000,55.000,78,76,122,160,208,208,208,208,208,208,1,0,0,3,30,1
0.775000,33.03,40.737,24.440,462,411,20.000,19,19,18.000,39.000,55.000,78,76,122,160,209,209,209,209,209,209,1,0,0,3,30,1
0.780000,33.63,40.861,24.490,464,413,20.000,19,19,18.000,39.000,55.000,78,77,123,160,210,210,210,210,210,210,1,0,0,3,30,1
0.785000,34.23,40.980,24.600,466,415,20.000,20,19,18.000,39.000,55.000,79,77,124,160,211,211,211,211,211,211,1,0,0,3,30,1
0.790000,34.83,41.094,24.660,467,417,20.000,20,19,18.000,39.000,55.000,79,78,124,160,212,212,212,212,212,212,1,0,0,3,30,1
0.795000,35.43,41.202,24.710,469,419,20.000,20,19,18.000,39.000,55.000,79,78,125,160,214,214,214,214,214,214,1,0,0,3,30,1
0.800000,36.03,41.305,24.770,471,421,20.000,20,19,18.000,39.000,55.000,79,78,126,160,215,215,215,215,215,215,1,0,0,3,30,1
0.805000,36.63,41.403,24.820,472,423,20.000,20,19,18.000,39.000,55.000,79,79,126,160,216,216,216,216,216,216,1,0,0,3,30,1
0.810000,37.23,41.495,24.870,473,425,20.000,20,19,18.000,39.000,55.000,80,79,127,160,217,217,217,217,217,217,1,0,0,3,30,1
0.815000,37.83,41.581,24.930,475,427,20.000,20,19,18.000,39.000,55.000,80,80,128,160,218,218,218,218,218,218,1,0,0,3,30,1
0.820000,38.43,41.662,24.980,476,429,20.000,20,19,18.000,39.000,55.000,80,80,128,160,219,219,219,219,219,219,1,0,0,3,30,1
0.825000,39.03,41.738,25.040,477,431,20.000,20,19,18.000,39.000,55.000,80,80,129,160,220,220,220,220,220,220,1,0,0,3,30,1
0.830000,39.63,41.808,25.090,478,433,20.000,20,19,18.000,39.000,55.000,80,81,130,160,221,221,221,221,221,221,1,0,0,3,30,1
0.835000,40.23,41.872,25.150,480,435,20.000,20,19,18.000,39.000,55.000,80,81,130,160,223,223,223,223,223,223,1,0,0,3,30,1
0.840000,40.83,41.931,25.150,481,437,20.000,20,19,18.000,39.000,55.000,80,82,131,160,224,224,224,224,224,224,1,0,0,3,30,1
0.845000,41.43,41.985,25.200,482,438,20.000,20,19,18.000,39.000,55.000,81,82,131,160,224,224,224,224,224,224,1,0,0,3,30,1
0.850000,42.03,42.032,25.200,483,440,20.000,20,19,18.000,39.000,55.000,81,82,132,160,225,225,225,225,225,225,1,0,0,3,30,1
0.855000,42.63,42.074,25.260,483,442,20.000,20,19,18.000,39.000,55.000,81,83,133,160,226,226,226,226,226,226,1,0,0,3,30,1
0.860000,43.23,42.110,25.260,484,444,20.000,20,19,18.000,39.000,55.000,81,83,133,160,228,228,228,228,228,228,1,0,0,3,30,1
0.865000,43.83,42.141,25.260,485,445,20.000,20,19,18.000,39.000,55.000,81,83,134,160,228,228,228,228,228,228,1,0,0,3,30,1
0.870000,44.43,42.166,25.310,486,447,20.000,20,19,18.000,39.000,55.000,81,84,134,160,229,229,229,229,229,229,1,0,0,3,30,1
0.875000,45.03,42.185,25.310,486,448,20.000,20,19,18.000,39.000,55.000,81,84,135,160,230,230,230,230,230,230,1,0,0,3,30,1
0.880000,45.63,42.198,25.310,487,450,20.000,20,19,18.000,39.000,55.000,81,84,135,160,231,231,231,231,231,231,1,0,0,3,30,1
0.885000,46.23,42.206,25.310,487,451,20.000,20,19,18.000,39.000,55.000,81,85,136,160,232,232,232,232,232,232,1,0,0,3,30,1
0.890000,46.83,42.208,25.310,488,453,20.000,20,19,18.000,39.000,55.000,81,85,136,160,233,233,233,233,233,233,1,0,0,3,30,1
0.895000,47.43,42.204,25.310,488,454,20.000,20,19,18.000,39.000,55.000,81,85,137,160,233,233,233,233,233,233,1,0,0,3,30,1
0.900000,48.03,42.195,25.310,489,456,20.000,20,19,18.000,39.000,55.000,81,86,137,160,234,234,234,234,234,234,1,0,0,3,30,1
0.905000,48.63,42.180,25.310,489,457,20.000,20,19,18.000,39.000,55.000,81,86,138,160,235,235,235,235,235,235,1,0,0,3,30,1
0.910000,49.23,42.159,25.310,489,458,20.000,20,19,18.000,39.000,55.000,81,86,138,160,235,235,235,235,235,235,1,0,0,3,30,1
0.915000,49.83,42.133,25.260,489,459,20.000,20,19,18.000,39.000,55.000,81,86,138,160,236,236,236,236,236,236,1,0,0,3,30,1
0.920000,50.43,42.101,25.260,489,461,20.000,20,19,18.000,39.000,55.000,81,87,139,160,237,237,237,237,237,237,1,0,0,3,30,1
0.925000,51.03,42.063,25.260,489,462,20.000,20,19,18.000,39.000,55.000,81,87,139,160,238,238,238,238,238,238,1,0,0,3,30,1
0.930000,51.63,42.020,25.200,489,463,20.000,20,19,18.000,39.000,55.000,81,87,140,160,238,238,238,238,238,238,1,0,0,3,30,1
0.935000,52.23,41.972,25.200,489,464,20.000,20,19,18.000,39.000,55.000,81,87,140,160,239,239,239,239,239,239,1,0,0,3,30,1
0.940000,52.83,41.917,25.150,489,465,20.000,20,19,18.000,39.000,55.000,80,87,140,160,239,239,239,239,239,239,1,0,0,3,30,1
0.945000,53.43,41.857,25.090,489,466,20.000,20,19,18.000,39.000,55.000,80,88,141,160,240,240,240,240,240,240,1,0,0,3,30,1
0.950000,54.03,41.792,25.090,489,467,20.000,20,19,18.000,39.000,55.000,80,88,141,160,240,240,240,240,240,240,1,0,0,3,30,1
0.955000,54.63,41.721,25.040,488,468,20.000,20,19,18.000,39.000,55.000,80,88,141,160,241,241,241,241,241,241,1,0,0,3,30,1
0.960000,55.23,41.645,24.980,488,468,20.000,20,19,18.000,39.000,55.000,80,88,141,160,241,241,241,241,241,241,1,0,0,3,30,1
0.965000,55.83,41.564,24.930,488,469,20.000,20,19,18.000,39.000,55.000,80,88,141,160,242,242,242,242,242,242,1,0,0,3,30,1
0.970000,56.43,41.477,24.870,487,470,20.000,20,19,18.000,39.000,55.000,80,88,142,160,242,242,242,242,242,242,1,0,0,3,30,1
0.975000,57.03,41.385,24.820,487,470,20.000,20,19,18.000,39.000,55.000,79,88,142,160,242,242,242,242,242,242,1,0,0,3,30,1
0.980000,57.63,41.287,24.770,486,471,20.000,20,19,18.000,39.000,55.000,79,89,142,160,243,243,243,243,243,243,1,0,0,3,30,1
0.985000,58.23,41.184,24.710,485,472,20.000,20,19,18.000,39.000,55.000,79,89,142,160,243,243,243,243,243,243,1,0,0,3,30,1
0.990000,58.83,41.077,24.660,484,472,20.000,20,19,18.000,39.000,55.000,79,89,142,160,243,243,243,243,243,243,1,0,0,3,30,1
0.995000,59.43,40.964,24.550,484,473,20.000,20,19,18.000,39.000,55.000,79,89,143,160,244,244,244,244,244,244,1,0,0,3,30,1
1.000000,60.03,40.846,24.490,483,473,20.000,20,19,18.000,39.000,55.000,78,89,143,160,244,244,244,244,244,244,1,0,0,3,30,1
1.005000,60.63,40.723,24.440,482,473,20.000,20,19,18.000,39.000,55.000,78,89,143,160,244,244,244,244,244,244,1,0,0,3,30,1
1.010000,61.23,40.595,24.330,481,474,20.000,20,19,18.000,39.000,55.000,78,89,143,160,244,244,244,244,244,244,1,0,0,3,30,1
1.015000,61.83,40.462,24.280,480,474,20.000,20,19,18.000,39.000,55.000,78,89,143,160,244,244,244,244,244,244,1,0,0,3,30,1
1.020000,62.43,40.325,24.170,479,474,20.000,20,19,18.000,39.000,55.000,77,89,143,160,244,244,244,244,244,244,1,0,0,3,30,1
1.025000,63.03,40.182,24.110,477,474,20.000,20,19,18.000,39.000,55.000,77,89,143,160,244,244,244,244,244,244,1,0,0,3,30,1
1.030000,63.63,40.035,24.000,476,474,20.000,20,19,18.000,39.000,55.000,77,89,143,160,244,244,244,244,244,244,1,0,0,3,30,1
1.035000,64.23,39.884,23.900,475,474,20.000,19,19,18.000,39.000,55.000,76,89,143,160,244,244,244,244,244,244,1,0,0,3,30,1
1.040000,64.83,39.727,23.840,474,474,20.000,19,19,18.000,39.000,55.000,76,89,143,160,244,244,244,244,244,244,1,0,0,3,30,1
1.045000,65.43,39.567,23.730,472,474,20.000,19,19,18.000,39.000,55.000,76,89,143,160,244,244,244,244,244,244,1,0,0,3,30,1
1.050000,66.03,39.402,23.620,471,474,20.000,19,19,18.000,39.000,55.000,76,89,143,160,244,244,244,244,244,244,1,0,0,3,30,1
1.055000,66.63,39.232,23.510,469,474,20.000,19,19,18.000,39.000,55.000,75,89,143,160,244,244,244,244,244,244,1,0,0,3,30,1
1.060000,67.23,39.059,23.410,468,474,20.000,19,19,18.000,39.000,55.000,75,89,143,160,244,244,244,244,244,244,1,0,0,3,30,1
1.065000,67.83,38.881,23.300,466,474,20.000,19,19,18.000,39.000,55.000,74,89,143,160,244,244,244,244,244,244,1,0,0,3,30,1
1.070000,68.43,38.699,23.190,464,474,20.000,19,19,18.000,39.000,55.000,74,89,143,160,244,244,244,244,244,244,1,0,0,3,30,1
1.075000,69.03,38.513,23.080,463,474,20.000,19,19,18.000,39.000,55.000,74,89,143,160,244,244,244,244,244,244,1,0,0,3,30,1
1.080000,69.63,38.323,22.970,461,473,20.000,19,19,18.000,39.000,55.000,73,89,143,160,244,244,244,244,244,244,1,0,0,3,30,1
1.085000,70.23,38.129,22.860,459,473,20.000,19,19,18.000,39.000,55.000,73,89,143,160,244,244,244,244,244,244,1,0,0,3,30,1
1.090000,70.83,37.932,22.750,457,473,20.000,19,19,18.000,39.000,55.000,73,89,143,160,244,244,244,244,244,244,1,0,0,3,30,1
1.095000,71.43,37.731,22.640,455,473,20.000,19,19,18.000,39.000,55.000,72,89,143,160,244,244,244,244,244,244,1,0,0,3,30,1
1.100000,72.03,37.526,22.540,453,472,20.000,19,19,18.000,39.000,55.000,72,89,142,160,243,243,243,243,243,243,1,0,0,3,30,1
1.105000,72.63,37.318,22.370,451,472,20.000,19,19,18.000,39.000,55.000,72,89,142,160,243,243,243,243,243,243,1,0,0,3,30,1
1.110000,73.23,37.106,22.260,449,472,20.000,19,19,18.000,39.000,55.000,71,89,142,160,243,243,243,243,243,243,1,0,0,3,30,1
1.115000,73.83,36.892,22.150,447,471,20.000,19,19,18.000,39.000,55.000,71,89,142,160,243,243,243,243,243,243,1,0,0,3,30,1
1.120000,74.43,36.674,21.990,445,471,20.000,19,19,18.000,39.000,55.000,70,89,142,160,243,243,243,243,243,243,1,0,0,3,30,1
1.125000,75.03,36.453,21.880,443,470,20.000,19,19,18.000,39.000,55.000,70,88,142,160,242,242,242,242,242,242,1,0,0,3,30,1
1.130000,75.63,36.228,21.720,441,470,20.000,19,19,18.000,39.000,55.000,69,88,142,160,242,242,242,242,242,242,1,0,0,3,30,1
1.135000,76.23,36.001,21.610,439,469,20.000,19,19,18.000,39.000,55.000,69,88,141,160,242,242,242,242,242,242,1,0,0,3,30,1
1.140000,76.83,35.772,21.450,436,469,20.000,19,19,18.000,39.000,55.000,69,88,141,160,242,242,242,242,242,242,1,0,0,3,30,1
1.145000,77.43,35.539,21.340,434,468,20.000,19,19,18.000,39.000,55.000,68,88,141,160,241,241,241,241,241,241,1,0,0,3,30,1
1.150000,78.03,35.304,21.180,432,467,20.000,19,19,18.000,39.000,55.000,68,88,141,160,240,240,240,240,240,240,1,0,0,3,30,1
1.155000,78.63,35.067,21.010,429,467,20.000,19,19,18.000,39.000,55.000,67,88,141,160,240,240,240,240,240,240,1,0,0,3,30,1
1.160000,79.23,34.827,20.900,427,466,20.000,20,19,18.000,39.000,55.000,67,88,141,160,240,240,240,240,240,240,1,0,0,3,30,1
1.165000,79.83,34.584,20.740,424,465,20.000,20,19,18.000,39.000,55.000,66,87,140,160,239,239,239,239,239,239,1,0,0,3,30,1
1.170000,80.43,34.340,20.580,422,464,20.000,20,19,18.000,39.000,55.000,66,87,140,160,239,239,239,239,239,239,1,0,0,3,30,1
1.175000,81.03,34.094,20.470,419,463,20.000,20,19,18.000,39.000,55.000,65,87,140,160,238,238,238,238,238,238,1,0,0,3,30,1
1.180000,81.63,33.845,20.310,417,463,20.000,20,19,18.000,39.000,55.000,65,87,140,160,238,238,238,238,238,238,1,0,0,3,30,1
1.185000,82.23,33.595,20.140,414,462,20.000,20,19,18.000,39.000,55.000,64,87,139,160,238,238,238,238,238,238,1,0,0,3,30,1
1.190000,82.83,33.343,19.980,412,461,20.000,20,19,18.000,39.000,55.000,64,87,139,160,237,237,237,237,237,237,1,0,0,3,30,1
1.195000,83.43,33.090,19.870,409,460,20.000,20,19,18.000,39.000,55.000,63,86,139,160,237,237,237,237,237,237,1,0,0,3,30,1
1.200000,84.03,32.835,19.710,407,459,20.000,20,19,18.000,39.000,55.000,63,86,138,160,236,236,236,236,236,236,1,0,0,3,30,1
1.205000,84.63,32.578,19.540,404,458,20.000,20,19,18.000,39.000,55.000,62,86,138,160,235,235,235,235,235,235,1,0,0,3,30,1
1.210000,85.23,32.321,19.380,401,457,20.000,20,19,18.000,39.000,55.000,62,86,138,160,235,235,235,235,235,235,1,0,0,3,30,1
1.215000,85.83,32.062,19.220,398,456,20.000,20,19,18.000,39.000,55.000,61,86,137,160,234,234,234,234,234,234,1,0,0,3,30,1
1.220000,86.43,31.802,19.050,396,455,20.000,20,19,18.000,39.000,55.000,61,85,137,160,234,234,234,234,234,234,1,0,0,3,30,1
1.225000,87.03,31.541,18.950,393,453,20.000,20,19,18.000,39.000,55.000,60,85,136,160,233,233,233,233,233,233,1,0,0,3,30,1
1.230000,87.63,31.279,18.780,390,452,20.000,20,19,18.000,39.000,55.000,60,85,136,160,232,232,232,232,232,232,1,0,0,3,30,1
1.235000,88.23,31.017,18.620,387,451,20.000,20,19,18.000,39.000,55.000,59,85,136,160,232,232,232,232,232,232,1,0,0,3,30,1
1.240000,88.83,30.754,18.460,385,450,20.000,20,19,18.000,39.000,55.000,59,84,135,160,231,231,231,231,231,231,1,0,0,3,30,1
1.245000,89.43,30.491,18.290,382,448,20.000,20,19,18.000,39.000,55.000,58,84,135,160,230,230,230,230,230,230,1,0,0,3,30,1
1.250000,90.03,30.227,18.130,379,447,20.000,20,19,18.000,39.000,55.000,58,84,134,160,229,229,229,229,229,229,1,0,0,3,30,1
1.255000,90.63,29.963,17.970,376,446,20.000,20,19,18.000,39.000,55.000,57,84,134,160,229,229,229,229,229,229,1,0,0,3,30,1
1.260000,91.23,29.699,17.800,373,444,20.000,20,19,18.000,39.000,55.000,57,83,133,160,228,228,228,228,228,228,1,0,0,3,30,1
1.265000,91.83,29.435,17.640,370,443,20.000,20,19,18.000,39.000,55.000,56,83,133,160,227,227,227,227,227,227,1,0,0,3,30,1
1.270000,92.43,29.170,17.480,368,442,20.000,20,19,18.000,39.000,55.000,56,83,133,160,226,226,226,226,226,226,1,0,0,3,30,1
1.275000,93.03,28.907,17.310,365,440,20.000,20,19,18.000,39.000,55.000,55,82,132,160,225,225,225,225,225,225,1,0,0,3,30,1
1.280000,93.63,28.643,17.210,362,439,20.000,20,19,18.000,39.000,55.000,55,82,132,160,225,225,225,225,225,225,1,0,0,3,30,1
1.285000,94.23,28.380,17.040,359,437,20.000,20,19,18.000,39.000,55.000,54,82,131,160,224,224,224,224,224,224,1,0,0,3,30,1
1.290000,94.83,28.118,16.880,356,436,20.000,20,19,18.000,39.000,55.000,54,81,131,160,223,223,223,223,223,223,1,0,0,3,30,1
1.295000,95.43,27.856,16.720,353,434,20.000,20,19,18.000,39.000,55.000,53,81,130,160,222,222,222,222,222,222,1,0,0,3,30,1
1.300000,96.03,27.595,16.550,350,432,20.000,20,19,18.000,39.000,55.000,53,81,129,160,221,221,221,221,221,221,1,0,0,3,30,1
1.305000,96.63,27.335,16.390,347,431,20.000,20,19,18.000,39.000,55.000,52,80,129,160,220,220,220,220,220,220,1,0,0,3,30,1
1.310000,97.23,27.076,16.230,345,429,20.000,20,19,18.000,39.000,55.000,52,80,128,160,219,219,219,219,219,219,1,0,0,3,30,1
1.315000,97.83,26.818,16.120,342,428,20.000,20,19,18.000,39.000,55.000,51,80,128,160,219,219,219,219,219,219,1,0,0,3,30,1
1.320000,98.43,26.561,15.950,339,426,20.000,20,19,18.000,39.000,55.000,51,79,127,160,217,217,217,217,217,217,1,0,0,3,30,1
1.325000,99.03,26.306,15.790,336,424,20.000,20,19,18.000,39.000,55.000,50,79,127,160,216,216,216,216,216,216,1,0,0,3,30,1
1.330000,99.63,26.052,15.630,333,422,20.000,20,19,18.000,39.000,55.000,50,79,126,160,215,215,215,215,215,215,1,0,0,3,30,1
1.335000,100.23,25.800,15.460,330,421,20.000,20,19,18.000,39.000,55.000,49,78,126,160,215,215,215,215,215,215,1,0,0,3,30,1
1.340000,100.83,25.549,15.360,327,419,20.000,20,19,18.000,39.000,55.000,49,78,125,160,214,214,214,214,214,214,1,0,0,3,30,1
1.345000,101.43,25.301,15.190,325,417,20.000,20,19,18.000,39.000,55.000,48,78,124,160,212,212,212,212,212,212,1,0,0,3,30,1
1.350000,102.03,25.054,15.030,322,415,20.000,20,19,18.000,39.000,55.000,48,77,124,160,211,211,211,211,211,211,1,0,0,3,30,1
1.355000,102.63,24.809,14.870,319,413,20.000,20,19,18.000,39.000,55.000,47,77,123,160,210,210,210,210,210,210,1,0,0,3,30,1
1.360000,103.23,24.566,14.760,316,411,20.000,20,19,18.000,39.000,55.000,47,76,122,160,209,209,209,209,209,209,1,0,0,3,30,1
1.365000,103.83,24.326,14.590,313,410,20.000,20,19,18.000,39.000,55.000,46,76,122,160,209,209,209,209,209,209,1,0,0,3,30,1
1.370000,104.43,24.088,14.430,311,408,20.000,20,19,18.000,39.000,55.000,46,76,121,160,207,207,207,207,207,207,1,0,0,3,30,1
1.375000,105.03,23.852,14.320,308,406,20.000,20,19,18.000,39.000,55.000,46,75,121,160,206,206,206,206,206,206,1,0,0,3,30,1
1.380000,105.63,23.619,14.160,305,404,20.000,20,19,18.000,39.000,55.000,45,75,120,160,205,205,205,205,205,205,1,0,0,3,30,1
1.385000,106.23,23.388,14.050,303,402,20.000,20,19,18.000,39.000,55.000,45,74,119,160,204,204,204,204,204,204,1,0,0,3,30,1
1.390000,106.83,23.160,13.890,300,400,20.000,20,19,18.000,39.000,55.000,44,74,119,160,203,203,203,203,203,203,1,0,0,3,30,1
1.395000,107.43,22.935,13.780,297,398,20.000,20,19,18.000,39.000,55.000,44,74,118,160,202,202,202,202,202,202,1,0,0,3,30,1
1.400000,108.03,22.713,13.620,295,396,20.000,20,19,18.000,39.000,55.000,43,73,118,160,201,201,201,201,201,201,1,0,0,3,30,1
1.405000,108.63,22.494,13.510,292,394,20.000,20,19,18.000,39.000,55.000,43,73,117,160,200,200,200,200,200,200,1,0,0,3,30,1
1.410000,109.23,22.278,13.340,289,392,20.000,20,19,18.000,39.000,55.000,42,72,116,160,199,199,199,199,199,199,1,0,0,3,30,1
1.415000,109.83,22.065,13.230,287,390,20.000,20,19,18.000,39.000,55.000,42,72,116,160,197,197,197,197,197,197,1,0,0,3,30,1
1.420000,110.43,21.856,13.130,284,388,20.000,20,19,18.000,39.000,55.000,42,72,115,160,196,196,196,196,196,196,1,0,0,3,30,1
1.425000,111.03,21.650,13.020,282,386,20.000,20,19,18.000,39.000,55.000,41,71,114,160,195,195,195,195,195,195,1,0,0,3,30,1
1.430000,111.63,21.447,12.850,279,384,20.000,20,19,18.000,39.000,55.000,41,71,114,160,194,194,194,194,194,194,1,0,0,3,30,1
1.435000,112.23,21.248,12.740,277,382,20.000,20,19,18.000,39.000,55.000,41,70,113,160,193,193,193,193,193,193,1,0,0,3,30,1
1.440000,112.83,21.053,12.640,275,380,20.000,20,19,18.000,39.000,55.000,40,70,112,160,192,192,192,192,192,192,1,0,0,3,30,1
1.445000,113.43,20.861,12.530,272,378,20.000,20,19,18.000,39.000,55.000,40,70,112,160,191,191,191,191,191,191,1,0,0,3,30,1
1.450000,114.03,20.673,12.420,270,376,20.000,20,19,18.000,39.000,55.000,39,69,111,160,190,190,190,190,190,190,1,0,0,3,30,1
1.455000,114.63,20.489,12.310,268,374,20.000,20,19,18.000,39.000,55.000,39,69,110,160,188,188,188,188,188,188,1,0,0,3,30,1
1.460000,115.23,20.309,12.200,265,371,20.000,20,19,18.000,39.000,55.000,39,68,109,160,187,187,187,187,187,187,1,0,0,3,30,1
1.465000,115.83,20.133,12.090,263,369,20.000,20,19,18.000,39.000,55.000,38,68,109,160,186,186,186,186,186,186,1,0,0,3,30,1
1.470000,116.43,19.962,11.980,261,367,20.000,20,19,18.000,39.000,55.000,38,67,108,160,185,185,185,185,185,185,1,0,0,3,30,1
1.475000,117.03,19.794,11.870,259,365,20.000,20,19,18.000,39.000,55.000,38,67,107,160,183,183,183,183,183,183,1,0,0,3,30,1
1.480000,117.63,19.631,11.770,257,363,20.000,20,19,18.000,39.000,55.000,37,67,107,160,182,182,182,182,182,182,1,0,0,3,30,1
1.485000,118.23,19.471,11.660,255,361,20.000,20,19,18.000,39.000,55.000,37,66,106,160,181,181,181,181,181,181,1,0,0,3,30,1
1.490000,118.83,19.317,11.600,253,359,20.000,20,19,18.000,39.000,55.000,37,66,105,160,180,180,180,180,180,180,1,0,0,3,30,1
1.495000,119.43,19.167,11.490,251,357,20.000,20,19,18.000,39.000,55.000,36,65,105,160,179,179,179,179,179,179,1,0,0,3,30,1
1.500000,120.03,19.021,11.380,249,355,20.000,20,19,18.000,39.000,55.000,36,65,104,160,178,178,178,178,178,178,1,0,0,3,30,1
1.505000,120.63,18.880,11.330,247,352,20.000,20,19,18.000,39.000,55.000,36,64,103,160,176,176,176,176,176,176,1,0,0,3,30,1
1.510000,121.23,18.743,11.220,245,350,20.000,20,19,18.000,39.000,55.000,36,64,102,160,175,175,175,175,175,175,1,0,0,3,30,1
1.515000,121.83,18.611,11.170,243,348,20.000,20,19,18.000,39.000,55.000,35,63,102,160,174,174,174,174,174,174,1,0,0,3,30,1
1.520000,122.43,18.484,11.110,242,346,20.000,20,19,18.000,39.000,55.000,35,63,101,160,173,173,173,173,173,173,1,0,0,3,30,1
1.525000,123.03,18.362,11.000,240,344,20.000,20,19,18.000,39.000,55.000,35,63,101,160,172,172,172,172,172,172,1,0,0,3,30,1
1.530000,123.63,18.245,10.950,238,342,20.000,20,19,18.000,39.000,55.000,35,62,100,160,171,171,171,171,171,171,1,0,0,3,30,1
1.535000,124.23,18.132,10.900,237,340,20.000,20,19,18.000,39.000,55.000,35,62,99,160,169,169,169,169,169,169,1,0,0,3,30,1
1.540000,124.83,18.024,10.790,235,338,20.000,20,19,18.000,39.000,55.000,34,61,99,160,168,168,168,168,168,168,1,0,0,3,30,1
1.545000,125.43,17.922,10.730,234,336,20.000,20,19,18.000,39.000,55.000,34,61,98,160,167,167,167,167,167,167,1,0,0,3,30,1
1.550000,126.03,17.824,10.680,232,334,20.000,20,19,18.000,39.000,55.000,34,61,97,160,166,166,166,166,166,166,1,0,0,3,30,1
1.555000,126.63,17.732,10.620,231,332,20.000,20,19,18.000,39.000,55.000,34,60,97,160,165,165,165,165,165,165,1,0,0,3,30,1
1.560000,127.23,17.644,10.570,230,330,20.000,20,19,18.000,39.000,55.000,34,60,96,160,164,164,164,164,164,164,1,0,0,3,30,1
1.565000,127.83,17.562,10.510,228,328,20.000,20,19,18.000,39.000,55.000,33,59,95,160,163,163,163,163,163,163,1,0,0,3,30,1
1.570000,128.43,17.485,10.510,227,326,20.000,20,19,18.000,39.000,55.000,33,59,95,160,162,162,162,162,162,162,1,0,0,3,30,1
1.575000,129.03,17.413,10.460,226,324,20.000,20,19,18.000,39.000,55.000,33,59,94,160,160,160,160,160,160,160,1,0,0,3,30,1
1.580000,129.63,17.346,10.410,225,322,20.000,20,19,18.000,39.000,55.000,33,58,93,160,159,159,159,159,159,159,1,0,0,3,30,1
1.585000,130.23,17.284,10.350,224,321,20.000,20,19,18.000,39.000,55.000,33,58,93,160,159,159,159,159,159,159,1,0,0,3,30,1
1.590000,130.83,17.228,10.350,223,319,20.000,20,19,18.000,39.000,55.000,33,57,92,160,158,158,158,158,158,158,1,0,0,3,30,1
1.595000,131.43,17.177,10.300,222,317,20.000,20,19,18.000,39.000,55.000,33,57,92,160,157,157,157,157,157,157,1,0,0,3,30,1
1.600000,132.03,17.132,10.300,221,315,20.000,20,19,18.000,39.000,55.000,33,57,91,160,155,155,155,155,155,155,1,0,0,3,30,1
1.605000,132.63,17.091,10.240,220,313,20.000,20,19,18.000,39.000,55.000,32,56,90,160,154,154,154,154,154,154,1,0,0,3,30,1
1.610000,133.23,17.056,10.240,219,311,20.000,20,19,18.000,39.000,55.000,32,56,90,160,153,153,153,153,153,153,1,0,0,3,30,1
1.615000,133.83,17.026,10.190,219,309,20.000,20,19,18.000,39.000,55.000,32,55,89,160,152,152,152,152,152,152,1,0,0,3,30,1
1.620000,134.43,17.002,10.190,218,308,20.000,20,19,18.000,39.000,55.000,32,55,89,160,152,152,152,152,152,152,1,0,0,3,30,1
1.625000,135.03,16.983,10.190,217,306,20.000,20,19,18.000,39.000,55.000,32,55,88,160,150,150,150,150,150,150,1,0,0,3,30,1
1.630000,135.63,16.969,10.190,217,304,20.000,20,19,18.000,39.000,55.000,32,54,87,160,149,149,149,149,149,149,1,0,0,3,30,1
1.635000,136.23,16.961,10.190,216,303,20.000,20,19,18.000,39.000,55.000,32,54,87,160,149,149,149,149,149,149,1,0,0,3,30,1
1.640000,136.83,16.958,10.190,216,301,20.000,20,19,18.000,39.000,55.000,32,54,86,160,148,148,148,148,148,148,1,0,0,3,30,1
1.645000,137.43,16.961,10.190,216,299,20.000,20,19,18.000,39.000,55.000,32,53,86,160,147,147,147,147,147,147,1,0,0,3,30,1
1.650000,138.03,16.968,10.190,215,298,20.000,20,19,18.000,39.000,55.000,32,53,85,160,146,146,146,146,146,146,1,0,0,3,30,1
1.655000,138.63,16.981,10.190,215,296,20.000,20,19,18.000,39.000,55.000,32,53,85,160,145,145,145,145,145,145,1,0,0,3,30,1
1.660000,139.23,17.000,10.190,215,294,20.000,20,19,18.000,39.000,55.000,32,52,84,160,144,144,144,144,144,144,1,0,0,3,30,1
1.665000,139.83,17.024,10.190,215,293,20.000,20,19,18.000,39.000,55.000,32,52,84,160,143,143,143,143,143,143,1,0,0,3,30,1
1.670000,140.43,17.053,10.240,214,291,20.000,20,19,18.000,39.000,55.000,32,52,83,160,142,142,142,142,142,142,1,0,0,3,30,1
1.675000,141.03,17.087,10.240,214,290,20.000,20,19,18.000,39.000,55.000,32,52,83,160,142,142,142,142,142,142,1,0,0,3,30,1
1.680000,141.63,17.126,10.300,214,288,20.000,20,19,18.000,39.000,55.000,33,51,82,160,140,140,140,140,140,140,1,0,0,3,30,1
1.685000,142.23,17.171,10.300,214,287,20.000,20,19,18.000,39.000,55.000,33,51,82,160,140,140,140,140,140,140,1,0,0,3,30,1
1.690000,142.83,17.221,10.350,215,286,20.000,20,19,18.000,39.000,55.000,33,51,82,160,139,139,139,139,139,139,1,0,0,3,30,1
1.695000,143.43,17.276,10.350,215,284,20.000,20,19,18.000,39.000,55.000,33,50,81,160,138,138,138,138,138,138,1,0,0,3,30,1
1.700000,144.03,17.336,10.410,215,283,20.000,20,19,18.000,39.000,55.000,33,50,81,160,138,138,138,138,138,138,1,0,0,3,30,1
1.705000,144.63,17.402,10.460,215,282,20.000,20,19,18.000,39.000,55.000,33,50,80,160,137,137,137,137,137,137,1,0,0,3,30,1
1.710000,145.23,17.472,10.460,216,280,20.000,20,19,18.000,39.000,55.000,33,50,80,160,136,136,136,136,136,136,1,0,0,3,30,1
1.715000,145.83,17.548,10.510,216,279,20.000,20,19,18.000,39.000,55.000,33,49,79,160,135,135,135,135,135,135,1,0,0,3,30,1
1.720000,146.43,17.628,10.570,216,278,20.000,20,19,18.000,39.000,55.000,34,49,79,160,135,135,135,135,135,135,1,0,0,3,30,1
1.725000,147.03,17.714,10.620,217,277,20.000,20,19,18.000,39.000,55.000,34,49,79,160,134,134,134,134,134,134,1,0,0,3,30,1
1.730000,147.63,17.804,10.680,217,276,20.000,20,19,18.000,39.000,55.000,34,49,78,160,134,134,134,134,134,134,1,0,0,3,30,1
1.735000,148.23,17.899,10.730,218,274,20.000,20,19,18.000,39.000,55.000,34,48,78,160,133,133,133,133,133,133,1,0,0,3,30,1
1.740000,148.83,17.999,10.790,219,273,20.000,20,19,18.000,39.000,55.000,34,48,77,160,132,132,132,132,132,132,1,0,0,3,30,1
1.745000,149.43,18.104,10.840,220,272,20.000,20,19,18.000,39.000,55.000,34,48,77,160,131,131,131,131,131,131,1,0,0,3,30,1
1.750000,150.03,18.214,10.950,220,271,20.000,20,19,18.000,39.000,55.000,35,48,77,160,131,131,131,131,131,131,1,0,0,3,30,1
1.755000,150.63,18.328,11.000,221,270,20.000,20,19,18.000,39.000,55.000,35,47,76,160,130,130,130,130,130,130,1,0,0,3,30,1
1.760000,151.23,18.447,11.060,222,269,20.000,20,19,18.000,39.000,55.000,35,47,76,160,130,130,130,130,130,130,1,0,0,3,30,1
1.765000,151.83,18.570,11.110,223,269,20.000,20,19,18.000,39.000,55.000,35,47,76,160,130,130,130,130,130,130,1,0,0,3,30,1
1.770000,152.43,18.698,11.220,224,268,20.000,20,19,18.000,39.000,55.000,36,47,76,160,129,129,129,129,129,129,1,0,0,3,30,1
1.775000,153.03,18.830,11.280,225,267,20.000,20,19,18.000,39.000,55.000,36,47,75,160,129,129,129,129,129,129,1,0,0,3,30,1
1.780000,153.63,18.967,11.380,226,266,20.000,20,19,18.000,39.000,55.000,36,47,75,160,128,128,128,128,128,128,1,0,0,3,30,1
1.785000,154.23,19.108,11.440,228,265,20.000,20,20,18.000,39.000,55.000,38,48,77,160,125,125,125,125,125,125,1,0,0,3,30,1
1.790000,154.83,19.253,11.550,229,265,20.000,20,20,18.000,39.000,55.000,39,48,77,160,125,125,125,125,125,125,1,0,0,3,30,1
1.795000,155.43,19.402,11.660,230,264,20.000,20,20,18.000,39.000,55.000,39,48,77,160,125,125,125,125,125,125,1,0,0,3,30,1
1.800000,156.03,19.555,11.710,232,263,20.000,20,20,18.000,39.000,55.000,39,48,77,160,124,124,124,124,124,124,1,0,0,3,30,1
1.805000,156.63,19.713,11.820,233,263,20.000,20,20,18.000,39.000,55.000,40,48,77,160,124,124,124,124,124,124,1,0,0,3,30,1
1.810000,157.23,19.874,11.930,234,262,20.000,20,20,18.000,39.000,55.000,40,47,76,160,124,124,124,124,124,124,1,0,0,3,30,1
1.815000,157.83,20.039,12.040,236,262,20.000,20,20,18.000,39.000,55.000,40,47,76,160,124,124,124,124,124,124,1,0,0,3,30,1
1.820000,158.43,20.208,12.150,237,261,20.000,20,20,18.000,39.000,55.000,41,47,76,160,123,123,123,123,123,123,1,0,0,3,30,1
1.825000,159.03,20.380,12.200,239,261,20.000,20,20,18.000,39.000,55.000,41,47,76,160,123,123,123,123,123,123,1,0,0,3,30,1
1.830000,159.63,20.557,12.310,241,261,20.000,20,20,18.000,39.000,55.000,41,47,76,160,123,123,123,123,123,123,1,0,0,3,30,1
1.835000,160.23,20.736,12.420,242,260,20.000,20,20,18.000,39.000,55.000,42,47,76,160,123,123,123,123,123,123,1,0,0,3,30,1
1.840000,160.83,20.919,12.530,244,260,20.000,20,20,18.000,39.000,55.000,42,47,76,160,123,123,123,123,123,123,1,0,0,3,30,1
1.845000,161.43,21.106,12.640,246,260,20.000,20,20,18.000,39.000,55.000,42,47,76,160,123,123,123,123,123,123,1,0,0,3,30,1
1.850000,162.03,21.296,12.740,248,259,20.000,20,20,18.000,39.000,55.000,43,47,75,160,122,122,122,122,122,122,1,0,0,3,30,1
1.855000,162.63,21.489,12.910,249,259,20.000,20,20,18.000,39.000,55.000,43,47,75,160,122,122,122,122,122,122,1,0,0,3,30,1
1.860000,163.23,21.685,13.020,251,259,20.000,20,20,18.000,39.000,55.000,44,47,75,160,122,122,122,122,122,122,1,0,0,3,30,1
1.865000,163.83,21.884,13.130,253,259,20.000,20,20,18.000,39.000,55.000,44,47,75,160,122,122,122,122,122,122,1,0,0,3,30,1
1.870000,164.43,22.085,13.230,255,259,20.000,20,20,18.000,39.000,55.000,44,47,75,160,122,122,122,122,122,122,1,0,0,3,30,1
1.875000,165.03,22.290,13.340,257,259,20.000,20,20,18.000,39.000,55.000,45,47,75,160,122,122,122,122,122,122,1,0,0,3,30,1
1.880000,165.63,22.497,13.510,259,259,20.000,20,20,18.000,39.000,55.000,45,47,75,160,122,122,122,122,122,122,1,0,0,3,30,1
1.885000,166.23,22.707,13.620,261,259,20.000,20,20,18.000,39.000,55.000,46,47,75,160,122,122,122,122,122,122,1,0,0,3,30,1
1.890000,166.83,22.920,13.720,263,259,20.000,20,20,18.000,39.000,55.000,46,47,75,160,122,122,122,122,122,122,1,0,0,3,30,1
1.895000,167.43,23.135,13.890,266,259,20.000,20,20,18.000,39.000,55.000,47,47,75,160,122,122,122,122,122,122,1,0,0,3,30,1
1.900000,168.03,23.352,14.000,268,260,20.000,20,20,18.000,39.000,55.000,47,47,76,160,123,123,123,123,123,123,1,0,0,3,30,1
1.905000,168.63,23.571,14.160,270,260,20.000,20,20,18.000,39.000,55.000,47,47,76,160,123,123,123,123,123,123,1,0,0,3,30,1
1.910000,169.23,23.792,14.270,272,260,20.000,20,20,18.000,39.000,55.000,48,47,76,160,123,123,123,123,123,123,1,0,0,3,30,1
1.915000,169.83,24.016,14.430,274,261,20.000,20,20,18.000,39.000,55.000,48,47,76,160,123,123,123,123,123,123,1,0,0,3,30,1
1.920000,170.43,24.241,14.540,277,261,20.000,20,20,18.000,39.000,55.000,49,47,76,160,123,123,123,123,123,123,1,0,0,3,30,1
1.925000,171.03,24.468,14.700,279,262,20.000,20,20,18.000,39.000,55.000,49,47,76,160,124,124,124,124,124,124,1,0,0,3,30,1
1.930000,171.63,24.697,14.810,281,263,20.000,20,20,18.000,39.000,55.000,50,48,77,160,124,124,124,124,124,124,1,0,0,3,30,1
1.935000,172.23,24.927,14.970,284,264,20.000,20,20,18.000,39.000,55.000,50,48,77,160,125,125,125,125,125,125,1,0,0,3,30,1
1.940000,172.83,25.159,15.080,286,264,20.000,20,20,18.000,39.000,55.000,51,48,77,160,125,125,125,125,125,125,1,0,0,3,30,1
1.945000,173.43,25.392,15.250,289,265,20.000,20,20,18.000,39.000,55.000,51,48,77,160,125,125,125,125,125,125,1,0,0,3,30,1
1.950000,174.03,25.626,15.360,291,266,20.000,20,20,18.000,39.000,55.000,52,48,78,160,126,126,126,126,126,126,1,0,0,3,30,1
1.955000,174.63,25.862,15.520,293,267,20.000,20,20,18.000,39.000,55.000,52,48,78,160,126,126,126,126,126,126,1,0,0,3,30,1
1.960000,175.23,26.098,15.630,296,268,20.000,20,20,18.000,39.000,55.000,52,49,78,160,127,127,127,127,127,127,1,0,0,3,30,1
1.965000,175.83,26.335,15.790,298,269,20.000,20,20,18.000,39.000,55.000,53,49,79,160,128,128,128,128,128,128,1,0,0,3,30,1
1.970000,176.43,26.573,15.950,301,271,20.000,20,20,18.000,39.000,55.000,54,49,79,160,129,129,129,129,129,129,1,0,0,3,30,1
1.975000,177.03,26.812,16.060,303,272,20.000,20,20,18.000,39.000,55.000,54,50,80,160,129,129,129,129,129,129,1,0,0,3,30,1
1.980000,177.63,27.051,16.230,306,273,20.000,20,20,18.000,39.000,55.000,54,50,80,160,130,130,130,130,130,130,1,0,0,3,30,1
1.985000,178.23,27.291,16.390,309,275,20.000,20,20,18.000,39.000,55.000,55,50,81,160,131,131,131,131,131,131,1,0,0,3,30,1
1.990000,178.83,27.531,16.500,311,276,20.000,20,20,18.000,39.000,55.000,55,50,81,160,131,131,131,131,131,131,1,0,0,3,30,1
1.995000,179.43,27.772,16.660,314,277,20.000,20,20,18.000,39.000,55.000,56,51,81,160,132,132,132,132,132,132,1,0,0,3,30,1
2.000000,180.03,28.012,16.820,316,279,20.000,20,20,18.000,39.000,55.000,56,51,82,160,133,133,133,133,133,133,1,0,0,3,30,1
2.005000,180.63,28.252,16.930,319,280,20.000,20,20,18.000,39.000,55.000,57,51,82,160,134,134,134,134,134,134,1,0,0,3,30,1
2.010000,181.23,28.493,17.100,322,282,20.000,20,20,18.000,39.000,55.000,57,52,83,160,135,135,135,135,135,135,1,0,0,3,30,1
2.015000,181.83,28.733,17.210,324,284,20.000,20,20,18.000,39.000,55.000,58,52,84,160,136,136,136,136,136,136,1,0,0,3,30,1
2.020000,182.43,28.973,17.370,327,285,20.000,20,20,18.000,39.000,55.000,58,52,84,160,136,136,136,136,136,136,1,0,0,3,30,1
2.025000,183.03,29.212,17.530,329,287,20.000,20,20,18.000,39.000,55.000,59,53,85,160,137,137,137,137,137,137,1,0,0,3,30,1
2.030000,183.63,29.450,17.690,332,289,20.000,20,20,18.000,39.000,55.000,59,53,85,160,139,139,139,139,139,139,1,0,0,3,30,1
2.035000,184.23,29.688,17.800,335,291,20.000,20,20,18.000,39.000,55.000,60,54,86,160,140,140,140,140,140,140,1,0,0,3,30,1
2.040000,184.83,29.926,17.970,337,292,20.000,20,20,18.000,39.000,55.000,60,54,86,160,140,140,140,140,140,140,1,0,0,3,30,1
2.045000,185.43,30.162,18.080,340,294,20.000,20,20,18.000,39.000,55.000,61,54,87,160,141,141,141,141,141,141,1,0,0,3,30,1
2.050000,186.03,30.397,18.240,342,296,20.000,20,20,18.000,39.000,55.000,61,55,88,160,142,142,142,142,142,142,1,0,0,3,30,1
2.055000,186.63,30.631,18.350,345,298,20.000,20,20,18.000,39.000,55.000,62,55,88,160,144,144,144,144,144,144,1,0,0,3,30,1
2.060000,187.23,30.864,18.510,348,300,20.000,20,20,18.000,39.000,55.000,62,56,89,160,145,145,145,145,145,145,1,0,0,3,30,1
2.065000,187.83,31.096,18.670,350,302,20.000,20,20,18.000,39.000,55.000,63,56,90,160,146,146,146,146,146,146,1,0,0,3,30,1
2.070000,188.43,31.326,18.780,353,304,20.000,20,20,18.000,39.000,55.000,63,56,90,160,147,147,147,147,147,147,1,0,0,3,30,1
2.075000,189.03,31.555,18.950,355,306,20.000,20,20,18.000,39.000,55.000,64,57,91,160,148,148,148,148,148,148,1,0,0,3,30,1
2.080000,189.63,31.781,19.050,358,308,20.000,20,20,18.000,39.000,55.000,64,57,92,160,149,149,149,149,149,149,1,0,0,3,30,1
2.085000,190.23,32.007,19.220,361,310,20.000,20,20,18.000,39.000,55.000,65,58,92,160,150,150,150,150,150,150,1,0,0,3,30,1
2.090000,190.83,32.230,19.330,363,312,20.000,20,20,18.000,39.000,55.000,65,58,93,160,151,151,151,151,151,151,1,0,0,3,30,1
2.095000,191.43,32.451,19.490,366,314,20.000,20,20,18.000,39.000,55.000,66,58,94,160,152,152,152,152,152,152,1,0,0,3,30,1
2.100000,192.03,32.670,19.600,368,316,20.000,20,20,18.000,39.000,55.000,66,59,95,160,153,153,153,153,153,153,1,0,0,3,30,1
2.105000,192.63,32.887,19.710,371,319,20.000,20,20,18.000,39.000,55.000,66,60,96,160,155,155,155,155,155,155,1,0,0,3,30,1
2.110000,193.23,33.102,19.870,373,321,20.000,20,20,18.000,39.000,55.000,67,60,96,160,156,156,156,156,156,156,1,0,0,3,30,1
2.115000,193.83,33.314,19.980,376,323,20.000,20,20,18.000,39.000,55.000,67,60,97,160,157,157,157,157,157,157,1,0,0,3,30,1
2.120000,194.43,33.523,20.090,378,325,20.000,20,20,18.000,39.000,55.000,68,61,98,160,158,158,158,158,158,158,1,0,0,3,30,1
2.125000,195.03,33.731,20.250,381,327,20.000,20,20,18.000,39.000,55.000,68,61,98,160,159,159,159,159,159,159,1,0,0,3,30,1
2.130000,195.63,33.935,20.360,383,329,20.000,20,20,18.000,39.000,55.000,68,62,99,160,160,160,160,160,160,160,1,0,0,3,30,1
2.135000,196.23,34.136,20.470,385,332,20.000,20,20,18.000,39.000,55.000,69,62,100,160,162,162,162,162,162,162,1,0,0,3,30,1
2.140000,196.83,34.335,20.580,388,334,20.000,20,20,18.000,39.000,55.000,69,63,101,160,163,163,163,163,163,163,1,0,0,3,30,1
2.145000,197.43,34.531,20.690,390,336,20.000,20,20,18.000,39.000,55.000,70,63,101,160,164,164,164,164,164,164,1,0,0,3,30,1
2.150000,198.03,34.723,20.850,392,338,20.000,20,20,18.000,39.000,55.000,70,64,102,160,165,165,165,165,165,165,1,0,0,3,30,1
2.155000,198.63,34.913,20.960,395,340,20.000,20,20,18.000,39.000,55.000,71,64,103,160,167,167,167,167,167,167,1,0,0,3,30,1
2.160000,199.23,35.099,21.070,397,343,20.000,20,20,18.000,39.000,55.000,71,65,104,160,168,168,168,168,168,168,1,0,0,3,30,1
2.165000,199.83,35.282,21.180,399,345,20.000,20,20,18.000,39.000,55.000,71,65,104,160,169,169,169,169,169,169,1,0,0,3,30,1
2.170000,200.43,35.461,21.280,401,347,20.000,20,20,18.000,39.000,55.000,72,65,105,160,170,170,170,170,170,170,1,0,0,3,30,1
2.175000,201.03,35.637,21.390,403,349,20.000,20,20,18.000,39.000,55.000,72,66,106,160,171,171,171,171,171,171,1,0,0,3,30,1
2.180000,201.63,35.809,21.500,406,352,20.000,20,20,18.000,39.000,55.000,72,67,107,160,173,173,173,173,173,173,1,0,0,3,30,1
2.185000,202.23,35.978,21.560,408,354,20.000,20,20,18.000,39.000,55.000,73,67,107,160,174,174,174,174,174,174,1,0,0,3,30,1
2.190000,202.83,36.142,21.670,410,356,20.000,20,20,18.000,39.000,55.000,73,67,108,160,175,175,175,175,175,175,1,0,0,3,30,1
2.195000,203.43,36.303,21.770,412,358,20.000,20,20,18.000,39.000,55.000,73,68,109,160,176,176,176,176,176,176,1,0,0,3,30,1
2.200000,204.03,36.460,21.880,414,360,20.000,20,20,18.000,39.000,55.000,74,68,109,160,178,178,178,178,178,178,1,0,0,3,30,1
2.205000,204.63,36.613,21.940,416,362,20.000,20,20,18.000,39.000,55.000,74,69,110,160,179,179,179,179,179,179,1,0,0,3,30,1
2.210000,205.23,36.762,22.050,418,365,20.000,20,20,18.000,39.000,55.000,74,69,111,160,180,180,180,180,180,180,1,0,0,3,30,1
2.215000,205.83,36.907,22.150,420,367,20.000,20,20,18.000,39.000,55.000,75,70,112,160,181,181,181,181,181,181,1,0,0,3,30,1
2.220000,206.43,37.047,22.210,421,369,20.000,20,20,18.000,39.000,55.000,75,70,112,160,182,182,182,182,182,182,1,0,0,3,30,1
2.225000,207.03,37.183,22.320,423,371,20.000,20,20,18.000,39.000,55.000,75,71,113,160,184,184,184,184,184,184,1,0,0,3,30,1
2.230000,207.63,37.315,22.370,425,373,20.000,20,20,18.000,39.000,55.000,75,71,114,160,185,185,185,185,185,185,1,0,0,3,30,1
2.235000,208.23,37.443,22.480,427,375,20.000,20,20,18.000,39.000,55.000,76,71,115,160,186,186,186,186,186,186,1,0,0,3,30,1
2.240000,208.83,37.565,22.540,428,377,20.000,20,20,18.000,39.000,55.000,76,72,115,160,187,187,187,187,187,187,1,0,0,3,30,1
2.245000,209.43,37.684,22.590,430,380,20.000,20,20,18.000,39.000,55.000,76,72,116,160,188,188,188,188,188,188,1,0,0,3,30,1
2.250000,210.03,37.797,22.640,431,382,20.000,20,20,18.000,39.000,55.000,76,73,117,160,190,190,190,190,190,190,1,0,0,3,30,1
2.255000,210.63,37.907,22.750,433,384,20.000,20,20,18.000,39.000,55.000,77,73,118,160,191,191,191,191,191,191,1,0,0,3,30,1
2.260000,211.23,38.011,22.810,434,386,20.000,20,20,18.000,39.000,55.000,77,74,118,160,192,192,192,192,192,192,1,0,0,3,30,1
2.265000,211.83,38.110,22.860,436,388,20.000,20,20,18.000,39.000,55.000,77,74,119,160,193,193,193,193,193,193,1,0,0,3,30,1
2.270000,212.43,38.205,22.920,437,390,20.000,20,20,18.000,39.000,55.000,77,75,120,160,194,194,194,194,194,194,1,0,0,3,30,1
2.275000,213.03,38.295,22.970,439,392,20.000,20,20,18.000,39.000,55.000,77,75,120,160,195,195,195,195,195,195,1,0,0,3,30,1
2.280000,213.63,38.380,23.030,440,393,20.000,20,20,18.000,39.000,55.000,78,75,121,160,196,196,196,196,196,196,1,0,0,3,30,1
2.285000,214.23,38.460,23.080,441,395,20.000,20,20,18.000,39.000,55.000,78,76,121,160,197,197,197,197,197,197,1,0,0,3,30,1
2.290000,214.83,38.535,23.130,442,397,20.000,20,20,18.000,39.000,55.000,78,76,122,160,198,198,198,198,198,198,1,0,0,3,30,1
2.295000,215.43,38.605,23.130,443,399,20.000,20,20,18.000,39.000,55.000,78,76,123,160,199,199,199,199,199,199,1,0,0,3,30,1
2.300000,216.03,38.670,23.190,445,401,20.000,20,20,18.000,39.000,55.000,78,77,123,160,200,200,200,200,200,200,1,0,0,3,30,1
2.305000,216.63,38.730,23.240,446,403,20.000,20,20,18.000,39.000,55.000,78,77,124,160,201,201,201,201,201,201,1,0,0,3,30,1
2.310000,217.23,38.784,23.240,447,404,20.000,20,20,18.000,39.000,55.000,78,78,124,160,202,202,202,202,202,202,1,0,0,3,30,1
2.315000,217.83,38.834,23.300,447,406,20.000,20,20,18.000,39.000,55.000,78,78,125,160,203,203,203,203,203,203,1,0,0,3,30,1
2.320000,218.43,38.878,23.300,448,408,20.000,20,20,18.000,39.000,55.000,78,78,126,160,204,204,204,204,204,204,1,0,0,3,30,1
2.325000,219.03,38.917,23.350,449,409,20.000,20,20,18.000,39.000,55.000,79,79,126,160,204,204,204,204,204,204,1,0,0,3,30,1
2.330000,219.63,38.951,23.350,450,411,20.000,20,20,18.000,39.000,55.000,79,79,127,160,206,206,206,206,206,206,1,0,0,3,30,1
2.335000,220.23,38.979,23.410,451,413,20.000,20,20,18.000,39.000,55.000,79,79,127,160,207,207,207,207,207,207,1,0,0,3,30,1
2.340000,220.83,39.002,23.410,451,414,20.000,20,20,18.000,39.000,55.000,79,80,128,160,207,207,207,207,207,207,1,0,0,3,30,1
2.345000,221.43,39.020,23.410,452,416,20.000,20,20,18.000,39.000,55.000,79,80,128,160,208,208,208,208,208,208,1,0,0,3,30,1
2.350000,222.03,39.033,23.410,452,417,20.000,20,20,18.000,39.000,55.000,79,80,129,160,209,209,209,209,209,209,1,0,0,3,30,1
2.355000,222.63,39.040,23.410,453,418,20.000,20,20,18.000,39.000,55.000,79,80,129,160,209,209,209,209,209,209,1,0,0,3,30,1
2.360000,223.23,39.042,23.410,453,420,20.000,20,20,18.000,39.000,55.000,79,81,130,160,210,210,210,210,210,210,1,0,0,3,30,1
2.365000,223.83,39.038,23.410,454,421,20.000,20,20,18.000,39.000,55.000,79,81,130,160,211,211,211,211,211,211,1,0,0,3,30,1
2.370000,224.43,39.029,23.410,454,422,20.000,20,20,18.000,39.000,55.000,79,81,130,160,212,212,212,212,212,212,1,0,0,3,30,1
2.375000,225.03,39.015,23.410,454,424,20.000,20,20,18.000,39.000,55.000,79,82,131,160,213,213,213,213,213,213,1,0,0,3,30,1
2.380000,225.63,38.996,23.410,454,425,20.000,20,20,18.000,39.000,55.000,79,82,131,160,213,213,213,213,213,213,1,0,0,3,30,1
2.385000,226.23,38.971,23.410,454,426,20.000,20,20,18.000,39.000,55.000,79,82,132,160,214,214,214,214,214,214,1,0,0,3,30,1
2.390000,226.83,38.941,23.350,455,427,20.000,20,20,18.000,39.000,55.000,79,82,132,160,214,214,214,214,214,214,1,0,0,3,30,1
2.395000,227.43,38.905,23.350,455,428,20.000,20,20,18.000,39.000,55.000,79,83,133,160,215,215,215,215,215,215,1,0,0,3,30,1
2.400000,228.03,38.864,23.300,455,429,20.000,20,20,18.000,39.000,55.000,78,83,133,160,215,215,215,215,215,215,1,0,0,3,30,1
2.405000,228.63,38.818,23.300,455,430,20.000,20,20,18.000,39.000,55.000,78,83,133,160,216,216,216,216,216,216,1,0,0,3,30,1
2.410000,229.23,38.766,23.240,454,431,20.000,20,20,18.000,39.000,55.000,78,83,134,160,216,216,216,216,216,216,1,0,0,3,30,1
2.415000,229.83,38.710,23.240,454,432,20.000,20,20,18.000,39.000,55.000,78,83,134,160,217,217,217,217,217,217,1,0,0,3,30,1
2.420000,230.43,38.648,23.190,454,433,20.000,20,20,18.000,39.000,55.000,78,84,134,160,218,218,218,218,218,218,1,0,0,3,30,1
2.425000,231.03,38.580,23.130,454,434,20.000,20,20,18.000,39.000,55.000,78,84,135,160,218,218,218,218,218,218,1,0,0,3,30,1
2.430000,231.63,38.508,23.080,453,435,20.000,20,20,18.000,39.000,55.000,78,84,135,160,219,219,219,219,219,219,1,0,0,3,30,1
2.435000,232.23,38.430,23.030,453,435,20.000,20,20,18.000,39.000,55.000,78,84,135,160,219,219,219,219,219,219,1,0,0,3,30,1
2.440000,232.83,38.347,23.030,452,436,20.000,20,20,18.000,39.000,55.000,78,84,135,160,219,219,219,219,219,219,1,0,0,3,30,1
2.445000,233.43,38.259,22.970,452,437,20.000,20,20,18.000,39.000,55.000,77,85,136,160,220,220,220,220,220,220,1,0,0,3,30,1
2.450000,234.03,38.166,22.920,451,437,20.000,20,20,18.000,39.000,55.000,77,85,136,160,220,220,220,220,220,220,1,0,0,3,30,1
2.455000,234.63,38.068,22.810,451,438,20.000,20,20,18.000,39.000,55.000,77,85,136,160,220,220,220,220,220,220,1,0,0,3,30,1
2.460000,235.23,37.965,22.750,450,438,20.000,20,20,18.000,39.000,55.000,77,85,136,160,220,220,220,220,220,220,1,0,0,3,30,1
2.465000,235.83,37.857,22.700,449,439,20.000,20,20,18.000,39.000,55.000,76,85,136,160,221,221,221,221,221,221,1,0,0,3,30,1
2.470000,236.43,37.744,22.640,448,439,20.000,20,20,18.000,39.000,55.000,76,85,136,160,221,221,221,221,221,221,1,0,0,3,30,1
2.475000,237.03,37.626,22.590,447,439,20.000,20,20,18.000,39.000,55.000,76,85,136,160,221,221,221,221,221,221,1,0,0,3,30,1
2.480000,237.63,37.503,22.480,446,440,20.000,20,20,18.000,39.000,55.000,76,85,137,160,221,221,221,221,221,221,1,0,0,3,30,1
2.485000,238.23,37.376,22.430,445,440,20.000,20,20,18.000,39.000,55.000,75,85,137,160,221,221,221,221,221,221,1,0,0,3,30,1
2.490000,238.83,37.243,22.320,444,440,20.000,20,20,18.000,39.000,55.000,75,85,137,160,221,221,221,221,221,221,1,0,0,3,30,1
2.495000,239.43,37.106,22.260,443,440,20.000,20,20,18.000,39.000,55.000,75,85,137,160,221,221,221,221,221,221,1,0,0,3,30,1
2.500000,240.03,36.965,22.150,442,440,20.000,20,20,18.000,39.000,55.000,75,85,137,160,221,221,221,221,221,221,1,0,0,3,30,1
2.505000,240.63,36.819,22.100,441,440,20.000,20,20,18.000,39.000,55.000,74,85,137,160,221,221,221,221,221,221,1,0,0,3,30,1
2.510000,241.23,36.668,21.990,439,440,20.000,20,20,18.000,39.000,55.000,74,85,137,160,221,221,221,221,221,221,1,0,0,3,30,1
2.515000,241.83,36.513,21.880,438,440,20.000,20,20,18.000,39.000,55.000,74,85,137,160,221,221,221,221,221,221,1,0,0,3,30,1
2.520000,242.43,36.353,21.830,437,440,20.000,20,20,18.000,39.000,55.000,73,85,137,160,221,221,221,221,221,221,1,0,0,3,30,1
2.525000,243.03,36.189,21.720,435,440,20.000,20,20,18.000,39.000,55.000,73,85,137,160,221,221,221,221,221,221,1,0,0,3,30,1
2.530000,243.63,36.021,21.610,434,440,20.000,20,20,18.000,39.000,55.000,73,85,137,160,221,221,221,221,221,221,1,0,0,3,30,1
2.535000,244.23,35.849,21.500,432,440,20.000,20,20,18.000,39.000,55.000,72,85,137,160,221,221,221,221,221,221,1,0,0,3,30,1
2.540000,244.83,35.673,21.390,431,440,20.000,20,20,18.000,39.000,55.000,72,85,137,160,221,221,221,221,221,221,1,0,0,3,30,1
2.545000,245.43,35.492,21.280,429,440,20.000,20,20,18.000,39.000,55.000,72,85,137,160,221,221,221,221,221,221,1,0,0,3,30,1
2.550000,246.03,35.308,21.180,427,439,20.000,20,20,18.000,39.000,55.000,71,85,136,160,221,221,221,221,221,221,1,0,0,3,30,1
2.555000,246.63,35.120,21.070,426,439,20.000,20,20,18.000,39.000,55.000,71,85,136,160,221,221,221,221,221,221,1,0,0,3,30,1
2.560000,247.23,34.928,20.960,424,439,20.000,20,20,18.000,39.000,55.000,71,85,136,160,221,221,221,221,221,221,1,0,0,3,30,1
2.565000,247.83,34.732,20.850,422,439,20.000,20,20,18.000,39.000,55.000,70,85,136,160,221,221,221,221,221,221,1,0,0,3,30,1
2.570000,248.43,34.533,20.690,420,438,20.000,20,20,18.000,39.000,55.000,70,85,136,160,220,220,220,220,220,220,1,0,0,3,30,1
2.575000,249.03,34.330,20.580,418,438,20.000,20,20,18.000,39.000,55.000,69,85,136,160,220,220,220,220,220,220,1,0,0,3,30,1
2.580000,249.63,34.123,20.470,416,438,20.000,20,20,18.000,39.000,55.000,69,85,136,160,220,220,220,220,220,220,1,0,0,3,30,1
2.585000,250.23,33.913,20.360,414,437,20.000,20,20,18.000,39.000,55.000,68,85,136,160,220,220,220,220,220,220,1,0,0,3,30,1
2.590000,250.83,33.700,20.200,412,437,20.000,20,20,18.000,39.000,55.000,68,85,136,160,220,220,220,220,220,220,1,0,0,3,30,1
2.595000,251.43,33.484,20.090,410,436,20.000,20,20,18.000,39.000,55.000,68,84,135,160,219,219,219,219,219,219,1,0,0,3,30,1
2.600000,252.03,33.265,19.920,408,436,20.000,20,20,18.000,39.000,55.000,67,84,135,160,219,219,219,219,219,219,1,0,0,3,30,1
2.605000,252.63,33.042,19.820,406,435,20.000,20,20,18.000,39.000,55.000,67,84,135,160,219,219,219,219,219,219,1,0,0,3,30,1
2.610000,253.23,32.817,19.710,403,435,20.000,20,20,18.000,39.000,55.000,66,84,135,160,219,219,219,219,219,219,1,0,0,3,30,1
2.615000,253.83,32.589,19.540,401,434,20.000,20,20,18.000,39.000,55.000,66,84,135,160,218,218,218,218,218,218,1,0,0,3,30,1
2.620000,254.43,32.358,19.440,399,433,20.000,20,20,18.000,39.000,55.000,65,84,134,160,218,218,218,218,218,218,1,0,0,3,30,1
2.625000,255.03,32.125,19.270,397,433,20.000,20,20,18.000,39.000,55.000,65,84,134,160,218,218,218,218,218,218,1,0,0,3,30,1
2.630000,255.63,31.889,19.110,394,432,20.000,20,20,18.000,39.000,55.000,64,83,134,160,217,217,217,217,217,217,1,0,0,3,30,1
2.635000,256.23,31.650,19.000,392,431,20.000,20,20,18.000,39.000,55.000,64,83,134,160,216,216,216,216,216,216,1,0,0,3,30,1
2.640000,256.83,31.409,18.840,389,431,20.000,20,20,18.000,39.000,55.000,63,83,134,160,216,216,216,216,216,216,1,0,0,3,30,1
2.645000,257.43,31.167,18.670,387,430,20.000,20,20,18.000,39.000,55.000,63,83,133,160,216,216,216,216,216,216,1,0,0,3,30,1
2.650000,258.03,30.922,18.560,384,429,20.000,20,20,18.000,39.000,55.000,62,83,133,160,215,215,215,215,215,215,1,0,0,3,30,1
2.655000,258.63,30.674,18.400,382,428,20.000,20,20,18.000,39.000,55.000,62,83,133,160,215,215,215,215,215,215,1,0,0,3,30,1
2.660000,259.23,30.426,18.240,379,427,20.000,20,20,18.000,39.000,55.000,61,82,132,160,214,214,214,214,214,214,1,0,0,3,30,1
2.665000,259.83,30.175,18.080,377,426,20.000,20,20,18.000,39.000,55.000,61,82,132,160,214,214,214,214,214,214,1,0,0,3,30,1
2.670000,260.43,29.922,17.970,374,425,20.000,20,20,18.000,39.000,55.000,60,82,131,160,213,213,213,213,213,213,1,0,0,3,30,1
2.675000,261.03,29.668,17.800,371,424,20.000,20,20,18.000,39.000,55.000,60,82,131,160,213,213,213,213,213,213,1,0,0,3,30,1
2.680000,261.63,29.413,17.640,369,423,20.000,20,20,18.000,39.000,55.000,59,82,131,160,212,212,212,212,212,212,1,0,0,3,30,1
2.685000,262.23,29.156,17.480,366,422,20.000,20,20,18.000,39.000,55.000,59,81,130,160,212,212,212,212,212,212,1,0,0,3,30,1
2.690000,262.83,28.898,17.310,363,421,20.000,20,20,18.000,39.000,55.000,58,81,130,160,211,211,211,211,211,211,1,0,0,3,30,1
2.695000,263.43,28.639,17.210,361,420,20.000,20,20,18.000,39.000,55.000,58,81,130,160,210,210,210,210,210,210,1,0,0,3,30,1
2.700000,264.03,28.379,17.040,358,419,20.000,20,20,18.000,39.000,55.000,57,81,129,160,210,210,210,210,210,210,1,0,0,3,30,1
2.705000,264.63,28.118,16.880,355,418,20.000,20,20,18.000,39.000,55.000,57,80,129,160,209,209,209,209,209,209,1,0,0,3,30,1
2.710000,265.23,27.856,16.720,352,416,20.000,20,20,18.000,39.000,55.000,56,80,128,160,208,208,208,208,208,208,1,0,0,3,30,1
2.715000,265.83,27.594,16.550,350,415,20.000,20,20,18.000,39.000,55.000,56,80,128,160,208,208,208,208,208,208,1,0,0,3,30,1
2.720000,266.43,27.330,16.390,347,414,20.000,20,20,18.000,39.000,55.000,55,80,128,160,207,207,207,207,207,207,1,0,0,3,30,1
2.725000,267.03,27.067,16.230,344,412,20.000,20,20,18.000,39.000,55.000,54,79,127,160,206,206,206,206,206,206,1,0,0,3,30,1
2.730000,267.63,26.803,16.060,341,411,20.000,20,20,18.000,39.000,55.000,54,79,127,160,206,206,206,206,206,206,1,0,0,3,30,1
2.735000,268.23,26.539,15.900,338,410,20.000,20,20,18.000,39.000,55.000,53,79,126,160,205,205,205,205,205,205,1,0,0,3,30,1
2.740000,268.83,26.275,15.740,336,408,20.000,20,20,18.000,39.000,55.000,53,78,126,160,204,204,204,204,204,204,1,0,0,3,30,1
2.745000,269.43,26.011,15.570,333,407,20.000,20,20,18.000,39.000,55.000,52,78,125,160,203,203,203,203,203,203,1,0,0,3,30,1
2.750000,270.03,25.747,15.460,330,405,20.000,20,20,18.000,39.000,55.000,52,78,125,160,202,202,202,202,202,202,1,0,0,3,30,1
2.755000,270.63,25.483,15.300,327,404,20.000,20,20,18.000,39.000,55.000,51,78,124,160,202,202,202,202,202,202,1,0,0,3,30,1
2.760000,271.23,25.220,15.140,324,402,20.000,20,20,18.000,39.000,55.000,51,77,124,160,201,201,201,201,201,201,1,0,0,3,30,1
2.765000,271.83,24.957,14.970,321,401,20.000,20,20,18.000,39.000,55.000,50,77,123,160,200,200,200,200,200,200,1,0,0,3,30,1
2.770000,272.43,24.695,14.810,318,399,20.000,20,20,18.000,39.000,55.000,50,76,123,160,199,199,199,199,199,199,1,0,0,3,30,1
2.775000,273.03,24.433,14.650,315,398,20.000,20,20,18.000,39.000,55.000,49,76,122,160,198,198,198,198,198,198,1,0,0,3,30,1
2.780000,273.63,24.172,14.490,313,396,20.000,20,20,18.000,39.000,55.000,49,76,122,160,197,197,197,197,197,197,1,0,0,3,30,1
2.785000,274.23,23.912,14.320,310,394,20.000,20,20,18.000,39.000,55.000,48,75,121,160,196,196,196,196,196,196,1,0,0,3,30,1
2.790000,274.83,23.654,14.210,307,393,20.000,20,20,18.000,39.000,55.000,48,75,121,160,196,196,196,196,196,196,1,0,0,3,30,1
2.795000,275.43,23.396,14.050,304,391,20.000,20,20,18.000,39.000,55.000,47,75,120,160,195,195,195,195,195,195,1,0,0,3,30,1
2.800000,276.03,23.140,13.890,301,389,20.000,20,20,18.000,39.000,55.000,47,74,119,160,194,194,194,194,194,194,1,0,0,3,30,1
2.805000,276.63,22.885,13.720,298,388,20.000,20,20,18.000,39.000,55.000,46,74,119,160,193,193,193,193,193,193,1,0,0,3,30,1
2.810000,277.23,22.632,13.560,295,386,20.000,20,20,18.000,39.000,55.000,45,74,118,160,192,192,192,192,192,192,1,0,0,3,30,1
2.815000,277.83,22.380,13.400,293,384,20.000,20,20,18.000,39.000,55.000,45,73,118,160,191,191,191,191,191,191,1,0,0,3,30,1
2.820000,278.43,22.130,13.290,290,382,20.000,20,20,18.000,39.000,55.000,45,73,117,160,190,190,190,190,190,190,1,0,0,3,30,1
2.825000,279.03,21.882,13.130,287,380,20.000,20,20,18.000,39.000,55.000,44,72,116,160,188,188,188,188,188,188,1,0,0,3,30,1
2.830000,279.63,21.635,12.960,284,379,20.000,20,20,18.000,39.000,55.000,43,72,116,160,188,188,188,188,188,188,1,0,0,3,30,1
2.835000,280.23,21.391,12.850,281,377,20.000,20,20,18.000,39.000,55.000,43,72,115,160,187,187,187,187,187,187,1,0,0,3,30,1
2.840000,280.83,21.149,12.690,278,375,20.000,20,20,18.000,39.000,55.000,42,71,115,160,186,186,186,186,186,186,1,0,0,3,30,1
2.845000,281.43,20.910,12.530,276,373,20.000,20,20,18.000,39.000,55.000,42,71,114,160,185,185,185,185,185,185,1,0,0,3,30,1
2.850000,282.03,20.672,12.420,273,371,20.000,20,20,18.000,39.000,55.000,42,71,113,160,184,184,184,184,184,184,1,0,0,3,30,1
2.855000,282.63,20.437,12.260,270,369,20.000,20,20,18.000,39.000,55.000,41,70,112,160,182,182,182,182,182,182,1,0,0,3,30,1
2.860000,283.23,20.205,12.150,268,367,20.000,20,20,18.000,39.000,55.000,41,70,112,160,181,181,181,181,181,181,1,0,0,3,30,1
2.865000,283.83,19.976,11.980,265,365,20.000,20,20,18.000,39.000,55.000,40,69,111,160,180,180,180,180,180,180,1,0,0,3,30,1
2.870000,284.43,19.749,11.870,262,363,20.000,20,20,18.000,39.000,55.000,40,69,110,160,179,179,179,179,179,179,1,0,0,3,30,1
2.875000,285.03,19.525,11.710,260,361,20.000,20,20,18.000,39.000,55.000,39,68,110,160,178,178,178,178,178,178,1,0,0,3,30,1
2.880000,285.63,19.304,11.600,257,359,20.000,20,20,18.000,39.000,55.000,39,68,109,160,177,177,177,177,177,177,1,0,0,3,30,1
2.885000,286.23,19.087,11.440,254,357,20.000,20,20,18.000,39.000,55.000,38,68,108,160,176,176,176,176,176,176,1,0,0,3,30,1
2.890000,286.83,18.872,11.330,252,355,20.000,20,20,18.000,39.000,55.000,38,67,108,160,175,175,175,175,175,175,1,0,0,3,30,1
2.895000,287.43,18.661,11.170,249,353,20.000,20,20,18.000,39.000,55.000,37,67,107,160,174,174,174,174,174,174,1,0,0,3,30,1
2.900000,288.03,18.453,11.060,247,351,20.000,20,20,18.000,39.000,55.000,37,66,106,160,173,173,173,173,173,173,1,0,0,3,30,1
2.905000,288.63,18.249,10.950,244,349,20.000,20,20,18.000,39.000,55.000,37,66,106,160,171,171,171,171,171,171,1,0,0,3,30,1
2.910000,289.23,18.048,10.840,242,347,20.000,20,20,18.000,39.000,55.000,36,65,105,160,170,170,170,170,170,170,1,0,0,3,30,1
2.915000,289.83,17.851,10.730,239,345,20.000,20,20,18.000,39.000,55.000,36,65,104,160,169,169,169,169,169,169,1,0,0,3,30,1
2.920000,290.43,17.658,10.570,237,343,20.000,20,20,18.000,39.000,55.000,35,65,104,160,168,168,168,168,168,168,1,0,0,3,30,1
2.925000,291.03,17.468,10.460,235,341,20.000,20,20,18.000,39.000,55.000,35,64,103,160,167,167,167,167,167,167,1,0,0,3,30,1
2.930000,291.63,17.283,10.350,232,339,20.000,20,20,18.000,39.000,55.000,35,64,102,160,166,166,166,166,166,166,1,0,0,3,30,1
2.935000,292.23,17.101,10.240,230,337,20.000,20,20,18.000,39.000,55.000,34,63,102,160,165,165,165,165,165,165,1,0,0,3,30,1
2.940000,292.83,16.924,10.130,228,334,20.000,20,20,18.000,39.000,55.000,34,63,101,160,163,163,163,163,163,163,1,0,0,3,30,1
2.945000,293.43,16.751,10.030,226,332,20.000,20,20,18.000,39.000,55.000,33,62,100,160,162,162,162,162,162,162,1,0,0,3,30,1
2.950000,294.03,16.582,9.970,224,330,20.000,20,20,18.000,39.000,55.000,33,62,99,160,161,161,161,161,161,161,1,0,0,3,30,1
2.955000,294.63,16.417,9.860,222,328,20.000,20,20,18.000,39.000,55.000,33,61,99,160,160,160,160,160,160,160,1,0,0,3,30,1
2.960000,295.23,16.257,9.750,219,326,20.000,20,20,18.000,39.000,55.000,33,61,98,160,159,159,159,159,159,159,1,0,0,3,30,1
2.965000,295.83,16.101,9.640,217,324,20.000,20,20,18.000,39.000,55.000,32,61,97,160,158,158,158,158,158,158,1,0,0,3,30,1
2.970000,296.43,15.950,9.590,215,322,20.000,20,20,18.000,39.000,55.000,32,60,97,160,157,157,157,157,157,157,1,0,0,3,30,1
2.975000,297.03,15.803,9.480,214,320,20.000,20,20,18.000,39.000,55.000,32,60,96,160,155,155,155,155,155,155,1,0,0,3,30,1
2.980000,297.63,15.661,9.370,212,318,20.000,20,20,18.000,39.000,55.000,31,59,95,160,155,155,155,155,155,155,1,0,0,3,30,1
2.985000,298.23,15.524,9.320,210,315,20.000,20,20,18.000,39.000,55.000,31,59,94,160,153,153,153,153,153,153,1,0,0,3,30,1
2.990000,298.83,15.392,9.210,208,313,20.000,20,20,18.000,39.000,55.000,31,58,93,160,152,152,152,152,152,152,1,0,0,3,30,1
2.995000,299.43,15.265,9.150,206,311,20.000,20,20,18.000,39.000,55.000,31,58,93,160,151,151,151,151,151,151,1,0,0,3,30,1
3.000000,300.03,15.142,9.100,205,309,20.000,20,20,18.000,39.000,55.000,30,57,92,160,150,150,150,150,150,150,1,0,0,3,30,1
3.005000,300.63,15.025,8.990,203,307,20.000,20,20,18.000,39.000,55.000,30,57,91,160,148,148,148,148,148,148,1,0,0,3,30,1
3.010000,301.23,14.912,8.940,201,305,20.000,20,20,18.000,39.000,55.000,30,57,91,160,147,147,147,147,147,147,1,0,0,3,30,1
3.015000,301.83,14.805,8.880,200,303,20.000,20,20,18.000,39.000,55.000,30,56,90,160,146,146,146,146,146,146,1,0,0,3,30,1
3.020000,302.43,14.703,8.830,198,301,20.000,20,20,18.000,39.000,55.000,29,56,89,160,145,145,145,145,145,145,1,0,0,3,30,1
3.025000,303.03,14.606,8.770,197,299,20.000,20,20,18.000,39.000,55.000,29,55,89,160,144,144,144,144,144,144,1,0,0,3,30,1
3.030000,303.63,14.514,8.720,195,297,20.000,20,20,18.000,39.000,55.000,29,55,88,160,143,143,143,143,143,143,1,0,0,3,30,1
3.035000,304.23,14.428,8.670,194,295,20.000,20,20,18.000,39.000,55.000,29,54,87,160,142,142,142,142,142,142,1,0,0,3,30,1
3.040000,304.83,14.347,8.610,193,293,20.000,20,20,18.000,39.000,55.000,29,54,87,160,141,141,141,141,141,141,1,0,0,3,30,1
3.045000,305.43,14.271,8.560,192,291,20.000,20,20,18.000,39.000,55.000,29,54,86,160,140,140,140,140,140,140,1,0,0,3,30,1
3.050000,306.03,14.201,8.500,190,289,20.000,20,20,18.000,39.000,55.000,28,53,85,160,139,139,139,139,139,139,1,0,0,3,30,1
3.055000,306.63,14.136,8.500,189,287,20.000,20,20,18.000,39.000,55.000,28,53,85,160,137,137,137,137,137,137,1,0,0,3,30,1
3.060000,307.23,14.077,8.450,188,285,20.000,20,20,18.000,39.000,55.000,28,52,84,160,136,136,136,136,136,136,1,0,0,3,30,1
3.065000,307.83,14.023,8.390,187,284,20.000,20,20,18.000,39.000,55.000,28,52,84,160,136,136,136,136,136,136,1,0,0,3,30,1
3.070000,308.43,13.975,8.390,186,282,20.000,20,20,18.000,39.000,55.000,28,52,83,160,135,135,135,135,135,135,1,0,0,3,30,1
3.075000,309.03,13.933,8.340,186,280,20.000,20,20,18.000,39.000,55.000,28,51,82,160,134,134,134,134,134,134,1,0,0,3,30,1
3.080000,309.63,13.896,8.340,185,278,20.000,20,20,18.000,39.000,55.000,28,51,82,160,132,132,132,132,132,132,1,0,0,3,30,1
3.085000,310.23,13.864,8.340,184,276,20.000,20,20,18.000,39.000,55.000,28,50,81,160,131,131,131,131,131,131,1,0,0,3,30,1
3.090000,310.83,13.838,8.280,183,274,20.000,20,20,18.000,39.000,55.000,28,50,80,160,130,130,130,130,130,130,1,0,0,3,30,1
3.095000,311.43,13.818,8.280,183,273,20.000,20,20,18.000,39.000,55.000,28,50,80,160,130,130,130,130,130,130,1,0,0,3,30,1
3.100000,312.03,13.804,8.280,182,271,20.000,20,20,18.000,39.000,55.000,28,49,79,160,129,129,129,129,129,129,1,0,0,3,30,1
3.105000,312.63,13.795,8.280,181,269,20.000,20,20,18.000,39.000,55.000,28,49,79,160,128,128,128,128,128,128,1,0,0,3,30,1
3.110000,313.23,13.792,8.280,181,267,20.000,20,20,18.000,39.000,55.000,28,48,78,160,126,126,126,126,126,126,1,0,0,3,30,1
3.115000,313.83,13.795,8.280,181,266,20.000,20,20,18.000,39.000,55.000,28,48,78,160,126,126,126,126,126,126,1,0,0,3,30,1
3.120000,314.43,13.803,8.280,180,264,20.000,20,20,18.000,39.000,55.000,28,48,77,160,125,125,125,125,125,125,1,0,0,3,30,1
3.125000,315.03,13.817,8.280,180,262,20.000,20,20,18.000,39.000,55.000,28,47,76,160,124,124,124,124,124,124,1,0,0,3,30,1
3.130000,315.63,13.837,8.280,180,261,20.000,20,20,18.000,39.000,55.000,28,47,76,160,123,123,123,123,123,123,1,0,0,3,30,1
3.135000,316.23,13.862,8.280,180,259,20.000,20,20,18.000,39.000,55.000,28,47,75,160,122,122,122,122,122,122,1,0,0,3,30,1
3.140000,316.83,13.893,8.340,180,258,20.000,20,20,18.000,39.000,55.000,28,47,75,160,122,122,122,122,122,122,1,0,0,3,30,1
3.145000,317.43,13.930,8.340,179,256,20.000,20,20,18.000,39.000,55.000,28,46,74,160,120,120,120,120,120,120,1,0,0,3,30,1
3.150000,318.03,13.972,8.390,179,255,20.000,20,20,18.000,39.000,55.000,28,46,74,160,120,120,120,120,120,120,1,0,0,3,30,1
3.155000,318.63,14.021,8.390,180,253,20.000,20,20,18.000,39.000,55.000,28,46,73,160,119,119,119,119,119,119,1,0,0,3,30,1
3.160000,319.23,14.074,8.450,180,252,20.000,20,20,18.000,39.000,55.000,28,45,73,160,118,118,118,118,118,118,1,0,0,3,30,1
3.165000,319.83,14.134,8.500,180,251,20.000,20,20,18.000,39.000,55.000,28,45,72,160,118,118,118,118,118,118,1,0,0,3,30,1
3.170000,320.43,14.199,8.500,180,249,20.000,20,20,18.000,39.000,55.000,28,45,72,160,117,117,117,117,117,117,1,0,0,3,30,1
3.175000,321.03,14.269,8.560,180,248,20.000,20,20,18.000,39.000,55.000,29,44,71,160,116,116,116,116,116,116,1,0,0,3,30,1
3.180000,321.63,14.345,8.610,181,247,20.000,20,20,18.000,39.000,55.000,29,44,71,160,115,115,115,115,115,115,1,0,0,3,30,1
3.185000,322.23,14.427,8.670,181,245,20.000,20,20,18.000,39.000,55.000,29,44,70,160,114,114,114,114,114,114,1,0,0,3,30,1
3.190000,322.83,14.514,8.720,182,244,20.000,20,20,18.000,39.000,55.000,29,44,70,160,114,114,114,114,114,114,1,0,0,3,30,1
3.195000,323.43,14.607,8.770,182,243,20.000,20,20,18.000,39.000,55.000,29,43,70,160,113,113,113,113,113,113,1,0,0,3,30,1
3.200000,324.03,14.705,8.830,183,242,20.000,20,20,18.000,39.000,55.000,29,43,69,160,113,113,113,113,113,113,1,0,0,3,30,1
3.205000,324.63,14.809,8.880,184,241,20.000,20,20,18.000,39.000,55.000,30,43,69,160,112,112,112,112,112,112,1,0,0,3,30,1
3.210000,325.23,14.917,8.940,184,240,20.000,20,20,18.000,39.000,55.000,30,43,69,160,112,112,112,112,112,112,1,0,0,3,30,1
3.215000,325.83,15.032,9.050,185,239,20.000,20,20,18.000,39.000,55.000,30,43,68,160,111,111,111,111,111,111,1,0,0,3,30,1
3.220000,326.43,15.151,9.100,186,238,20.000,20,20,18.000,39.000,55.000,30,42,68,160,111,111,111,111,111,111,1,0,0,3,30,1
3.225000,327.03,15.276,9.150,187,237,20.000,20,20,18.000,39.000,55.000,31,42,68,160,110,110,110,110,110,110,1,0,0,3,30,1
3.230000,327.63,15.406,9.260,188,236,20.000,20,20,18.000,39.000,55.000,31,42,67,160,109,109,109,109,109,109,1,0,0,3,30,1
3.235000,328.23,15.541,9.320,189,235,20.000,20,20,18.000,39.000,55.000,31,42,67,160,109,109,109,109,109,109,1,0,0,3,30,1
3.240000,328.83,15.681,9.430,190,234,20.000,20,20,18.000,39.000,55.000,31,42,67,160,108,108,108,108,108,108,1,0,0,3,30,1
3.245000,329.43,15.826,9.480,191,233,20.000,20,20,18.000,39.000,55.000,32,41,66,160,108,108,108,108,108,108,1,0,0,3,30,1
3.250000,330.03,15.976,9.590,193,232,20.000,20,20,18.000,39.000,55.000,32,41,66,160,107,107,107,107,107,107,1,0,0,3,30,1
3.255000,330.63,16.131,9.700,194,232,20.000,20,20,18.000,39.000,55.000,32,41,66,160,107,107,107,107,107,107,1,0,0,3,30,1
3.260000,331.23,16.290,9.750,195,231,20.000,20,20,18.000,39.000,55.000,33,41,66,160,107,107,107,107,107,107,1,0,0,3,30,1
3.265000,331.83,16.455,9.860,197,230,20.000,20,20,18.000,39.000,55.000,33,41,65,160,106,106,106,106,106,106,1,0,0,3,30,1
3.270000,332.43,16.624,9.970,198,230,20.000,20,20,18.000,39.000,55.000,33,41,65,160,106,106,106,106,106,106,1,0,0,3,30,1
3.275000,333.03,16.798,10.080,200,229,20.000,20,20,18.000,39.000,55.000,34,40,65,160,106,106,106,106,106,106,1,0,0,3,30,1
3.280000,333.63,16.977,10.190,201,229,20.000,20,20,18.000,39.000,55.000,34,40,65,160,106,106,106,106,106,106,1,0,0,3,30,1
3.285000,334.23,17.160,10.300,203,228,20.000,20,20,18.000,39.000,55.000,34,40,65,160,105,105,105,105,105,105,1,0,0,3,30,1
3.290000,334.83,17.347,10.410,205,228,20.000,20,20,18.000,39.000,55.000,35,40,65,160,105,105,105,105,105,105,1,0,0,3,30,1
3.295000,335.43,17.539,10.510,207,227,20.000,20,20,18.000,39.000,55.000,35,40,64,160,105,105,105,105,105,105,1,0,0,3,30,1
3.300000,336.03,17.735,10.620,208,227,20.000,20,20,18.000,39.000,55.000,35,40,64,160,105,105,105,105,105,105,1,0,0,3,30,1
3.305000,336.63,17.935,10.790,210,227,20.000,20,20,18.000,39.000,55.000,36,40,64,160,105,105,105,105,105,105,1,0,0,3,30,1
3.310000,337.23,18.140,10.900,212,226,20.000,20,20,18.000,39.000,55.000,36,40,64,160,104,104,104,104,104,104,1,0,0,3,30,1
3.315000,337.83,18.348,11.000,214,226,20.000,20,20,18.000,39.000,55.000,37,40,64,160,104,104,104,104,104,104,1,0,0,3,30,1
3.320000,338.43,18.561,11.110,216,226,20.000,20,20,18.000,39.000,55.000,37,40,64,160,104,104,104,104,104,104,1,0,0,3,30,1
3.325000,339.03,18.777,11.280,218,226,20.000,20,20,18.000,39.000,55.000,38,40,64,160,104,104,104,104,104,104,1,0,0,3,30,1
3.330000,339.63,18.997,11.380,220,226,20.000,20,20,18.000,39.000,55.000,38,40,64,160,104,104,104,104,104,104,1,0,0,3,30,1
3.335000,340.23,19.221,11.550,222,226,20.000,20,20,18.000,39.000,55.000,39,40,64,160,104,104,104,104,104,104,1,0,0,3,30,1
3.340000,340.83,19.448,11.660,225,226,20.000,20,20,18.000,39.000,55.000,39,40,64,160,104,104,104,104,104,104,1,0,0,3,30,1
3.345000,341.43,19.679,11.820,227,226,20.000,20,20,18.000,39.000,55.000,40,40,64,160,104,104,104,104,104,104,1,0,0,3,30,1
3.350000,342.03,19.914,11.930,229,226,20.000,20,20,18.000,39.000,55.000,40,40,64,160,104,104,104,104,104,104,1,0,0,3,30,1
3.355000,342.63,20.151,12.090,231,226,20.000,20,20,18.000,39.000,55.000,40,40,64,160,104,104,104,104,104,104,1,0,0,3,30,1
3.360000,343.23,20.392,12.260,234,226,20.000,20,20,18.000,39.000,55.000,41,40,64,160,104,104,104,104,104,104,1,0,0,3,30,1
3.365000,343.83,20.636,12.360,236,226,20.000,20,20,18.000,39.000,55.000,41,40,64,160,104,104,104,104,104,104,1,0,0,3,30,1
3.370000,344.43,20.883,12.530,239,227,20.000,20,20,18.000,39.000,55.000,42,40,64,160,105,105,105,105,105,105,1,0,0,3,30,1
3.375000,345.03,21.133,12.690,241,227,20.000,20,20,18.000,39.000,55.000,42,40,64,160,105,105,105,105,105,105,1,0,0,3,30,1
3.380000,345.63,21.386,12.850,244,228,20.000,20,20,18.000,39.000,55.000,43,40,65,160,105,105,105,105,105,105,1,0,0,3,30,1
3.385000,346.23,21.641,12.960,246,228,20.000,20,20,18.000,39.000,55.000,43,40,65,160,105,105,105,105,105,105,1,0,0,3,30,1
3.390000,346.83,21.899,13.130,249,229,20.000,20,20,18.000,39.000,55.000,44,40,65,160,106,106,106,106,106,106,1,0,0,3,30,1
3.395000,347.43,22.160,13.290,251,230,20.000,20,20,18.000,39.000,55.000,45,41,65,160,106,106,106,106,106,106,1,0,0,3,30,1
3.400000,348.03,22.423,13.450,254,231,20.000,20,20,18.000,39.000,55.000,45,41,66,160,107,107,107,107,107,107,1,0,0,3,30,1
3.405000,348.63,22.688,13.620,257,232,20.000,20,20,18.000,39.000,55.000,46,41,66,160,107,107,107,107,107,107,1,0,0,3,30,1
3.410000,349.23,22.955,13.780,259,233,20.000,20,20,18.000,39.000,55.000,46,41,66,160,108,108,108,108,108,108,1,0,0,3,30,1
3.415000,349.83,23.225,13.940,262,234,20.000,20,20,18.000,39.000,55.000,47,42,67,160,108,108,108,108,108,108,1,0,0,3,30,1
3.420000,350.43,23.496,14.100,265,235,20.000,20,20,18.000,39.000,55.000,47,42,67,160,109,109,109,109,109,109,1,0,0,3,30,1
3.425000,351.03,23.770,14.270,268,236,20.000,20,20,18.000,39.000,55.000,48,42,67,160,109,109,109,109,109,109,1,0,0,3,30,1
3.430000,351.63,24.045,14.430,271,238,20.000,20,20,18.000,39.000,55.000,48,42,68,160,111,111,111,111,111,111,1,0,0,3,30,1
3.435000,352.23,24.321,14.590,274,239,20.000,20,20,18.000,39.000,55.000,49,43,68,160,111,111,111,111,111,111,1,0,0,3,30,1
3.440000,352.83,24.600,14.760,276,241,20.000,20,20,18.000,39.000,55.000,50,43,69,160,112,112,112,112,112,112,1,0,0,3,30,1
3.445000,353.43,24.879,14.920,279,242,20.000,20,20,18.000,39.000,55.000,50,43,69,160,113,113,113,113,113,113,1,0,0,3,30,1
3.450000,354.03,25.160,15.080,282,244,20.000,20,20,18.000,39.000,55.000,51,44,70,160,114,114,114,114,114,114,1,0,0,3,30,1
3.455000,354.63,25.442,15.250,285,245,20.000,20,20,18.000,39.000,55.000,51,44,70,160,114,114,114,114,114,114,1,0,0,3,30,1
3.460000,355.23,25.725,15.410,288,247,20.000,20,20,18.000,39.000,55.000,52,44,71,160,115,115,115,115,115,115,1,0,0,3,30,1
3.465000,355.83,26.010,15.570,291,249,20.000,20,20,18.000,39.000,55.000,52,45,72,160,117,117,117,117,117,117,1,0,0,3,30,1
3.470000,356.43,26.294,15.790,294,250,20.000,20,20,18.000,39.000,55.000,53,45,72,160,117,117,117,117,117,117,1,0,0,3,30,1
3.475000,357.03,26.580,15.950,297,252,20.000,20,20,18.000,39.000,55.000,54,45,73,160,118,118,118,118,118,118,1,0,0,3,30,1
3.480000,357.63,26.866,16.120,300,254,20.000,20,20,18.000,39.000,55.000,54,46,73,160,119,119,119,119,119,119,1,0,0,3,30,1
3.485000,358.23,27.153,16.280,303,256,20.000,20,20,18.000,39.000,55.000,55,46,74,160,120,120,120,120,120,120,1,0,0,3,30,1
3.490000,358.83,27.440,16.440,307,258,20.000,20,20,18.000,39.000,55.000,55,47,75,160,122,122,122,122,122,122,1,0,0,3,30,1
3.495000,359.43,27.727,16.610,310,260,20.000,20,20,18.000,39.000,55.000,56,47,76,160,123,123,123,123,123,123,1,0,0,3,30,1
3.500000,0.03,28.014,16.820,313,262,20.000,20,20,18.000,39.000,55.000,56,47,76,160,124,124,124,124,124,124,1,0,0,3,30,1
3.505000,0.63,28.302,16.990,316,264,20.000,20,20,18.000,39.000,55.000,57,48,77,160,125,125,125,125,125,125,1,0,0,3,30,1
3.510000,1.23,28.589,17.150,319,266,20.000,20,20,18.000,39.000,55.000,58,48,78,160,126,126,126,126,126,126,1,0,0,3,30,1
3.515000,1.83,28.876,17.310,322,268,20.000,20,20,18.000,39.000,55.000,58,49,78,160,127,127,127,127,127,127,1,0,0,3,30,1
3.520000,2.43,29.162,17.480,325,271,20.000,20,20,18.000,39.000,55.000,59,49,79,160,129,129,129,129,129,129,1,0,0,3,30,1
3.525000,3.03,29.449,17.640,328,273,20.000,20,20,18.000,39.000,55.000,59,50,80,160,130,130,130,130,130,130,1,0,0,3,30,1
3.530000,3.63,29.734,17.860,332,275,20.000,20,20,18.000,39.000,55.000,60,50,81,160,131,131,131,131,131,131,1,0,0,3,30,1
3.535000,4.23,30.019,18.020,335,278,20.000,20,20,18.000,39.000,55.000,61,51,82,160,132,132,132,132,132,132,1,0,0,3,30,1
3.540000,4.83,30.303,18.180,338,280,20.000,20,20,18.000,39.000,55.000,61,51,82,160,134,134,134,134,134,134,1,0,0,3,30,1
3.545000,5.43,30.586,18.350,341,282,20.000,20,20,18.000,39.000,55.000,62,52,83,160,135,135,135,135,135,135,1,0,0,3,30,1
3.550000,6.03,30.868,18.510,344,285,20.000,20,20,18.000,39.000,55.000,62,52,84,160,136,136,136,136,136,136,1,0,0,3,30,1
3.555000,6.63,31.149,18.670,347,287,20.000,20,20,18.000,39.000,55.000,63,53,85,160,137,137,137,137,137,137,1,0,0,3,30,1
3.560000,7.23,31.428,18.840,350,290,20.000,20,20,18.000,39.000,55.000,63,53,86,160,139,139,139,139,139,139,1,0,0,3,30,1
3.565000,7.83,31.706,19.000,353,292,20.000,20,20,18.000,39.000,55.000,64,54,86,160,140,140,140,140,140,140,1,0,0,3,30,1
3.570000,8.43,31.983,19.160,357,295,20.000,20,20,18.000,39.000,55.000,64,54,87,160,142,142,142,142,142,142,1,0,0,3,30,1
3.575000,9.03,32.258,19.330,360,297,20.000,20,20,18.000,39.000,55.000,65,55,88,160,143,143,143,143,143,143,1,0,0,3,30,1
3.580000,9.63,32.531,19.490,363,300,20.000,20,20,18.000,39.000,55.000,66,56,89,160,145,145,145,145,145,145,1,0,0,3,30,1
3.585000,10.23,32.802,19.710,366,302,20.000,20,20,18.000,39.000,55.000,66,56,90,160,146,146,146,146,146,146,1,0,0,3,30,1
3.590000,10.83,33.072,19.820,369,305,20.000,20,20,18.000,39.000,55.000,67,57,91,160,147,147,147,147,147,147,1,0,0,3,30,1
3.595000,11.43,33.339,19.980,372,308,20.000,20,20,18.000,39.000,55.000,67,57,92,160,149,149,149,149,149,149,1,0,0,3,30,1
3.600000,12.03,33.604,20.140,375,310,20.000,20,20,18.000,39.000,55.000,68,58,92,160,150,150,150,150,150,150,1,0,0,3,30,1
3.605000,12.63,33.867,20.310,378,313,20.000,20,20,18.000,39.000,55.000,68,58,93,160,152,152,152,152,152,152,1,0,0,3,30,1
3.610000,13.23,34.127,20.470,381,316,20.000,20,20,18.000,39.000,55.000,69,59,95,160,153,153,153,153,153,153,1,0,0,3,30,1
3.615000,13.83,34.385,20.630,384,318,20.000,20,20,18.000,39.000,55.000,69,59,95,160,155,155,155,155,155,155,1,0,0,3,30,1
3.620000,14.43,34.640,20.790,387,321,20.000,20,20,18.000,39.000,55.000,70,60,96,160,156,156,156,156,156,156,1,0,0,3,30,1
3.625000,15.03,34.892,20.900,390,324,20.000,20,20,18.000,39.000,55.000,70,61,97,160,158,158,158,158,158,158,1,0,0,3,30,1
3.630000,15.63,35.142,21.070,393,327,20.000,20,20,18.000,39.000,55.000,71,61,98,160,159,159,159,159,159,159,1,0,0,3,30,1
3.635000,16.23,35.389,21.230,396,329,20.000,20,20,18.000,39.000,55.000,71,62,99,160,160,160,160,160,160,160,1,0,0,3,30,1
3.640000,16.83,35.632,21.390,399,332,20.000,20,20,18.000,39.000,55.000,72,62,100,160,162,162,162,162,162,162,1,0,0,3,30,1
3.645000,17.43,35.873,21.500,401,335,20.000,20,20,18.000,39.000,55.000,72,63,101,160,164,164,164,164,164,164,1,0,0,3,30,1
3.650000,18.03,36.110,21.670,404,337,20.000,20,20,18.000,39.000,55.000,73,63,102,160,165,165,165,165,165,165,1,0,0,3,30,1
3.655000,18.63,36.344,21.770,407,340,20.000,20,20,18.000,39.000,55.000,73,64,103,160,167,167,167,167,167,167,1,0,0,3,30,1
3.660000,19.23,36.575,21.940,410,343,20.000,20,20,18.000,39.000,55.000,74,65,104,160,168,168,168,168,168,168,1,0,0,3,30,1
3.665000,19.83,36.802,22.050,412,346,20.000,20,20,18.000,39.000,55.000,74,65,105,160,170,170,170,170,170,170,1,0,0,3,30,1
3.670000,20.43,37.025,22.210,415,348,20.000,20,20,18.000,39.000,55.000,75,66,105,160,171,171,171,171,171,171,1,0,0,3,30,1
3.675000,21.03,37.245,22.320,418,351,20.000,20,20,18.000,39.000,55.000,75,66,106,160,173,173,173,173,173,173,1,0,0,3,30,1
3.680000,21.63,37.461,22.480,420,354,20.000,20,20,18.000,39.000,55.000,76,67,107,160,174,174,174,174,174,174,1,0,0,3,30,1
3.685000,22.23,37.673,22.590,423,357,20.000,20,20,18.000,39.000,55.000,76,68,108,160,176,176,176,176,176,176,1,0,0,3,30,1
3.690000,22.83,37.881,22.700,426,359,20.000,20,20,18.000,39.000,55.000,76,68,109,160,177,177,177,177,177,177,1,0,0,3,30,1
3.695000,23.43,38.085,22.860,428,362,20.000,20,20,18.000,39.000,55.000,77,69,110,160,179,179,179,179,179,179,1,0,0,3,30,1
3.700000,24.03,38.285,22.970,431,365,20.000,20,20,18.000,39.000,55.000,77,69,111,160,180,180,180,180,180,180,1,0,0,3,30,1
3.705000,24.63,38.480,23.080,433,368,20.000,20,20,18.000,39.000,55.000,78,70,112,160,182,182,182,182,182,182,1,0,0,3,30,1
3.710000,25.23,38.672,23.190,435,370,20.000,20,20,18.000,39.000,55.000,78,70,113,160,183,183,183,183,183,183,1,0,0,3,30,1
3.715000,25.83,38.859,23.300,438,373,20.000,20,20,18.000,39.000,55.000,78,71,114,160,185,185,185,185,185,185,1,0,0,3,30,1
3.720000,26.43,39.041,23.410,440,376,20.000,20,20,18.000,39.000,55.000,79,72,115,160,186,186,186,186,186,186,1,0,0,3,30,1
3.725000,27.03,39.219,23.510,442,378,20.000,20,20,18.000,39.000,55.000,79,72,116,160,187,187,187,187,187,187,1,0,0,3,30,1
3.730000,27.63,39.393,23.620,445,381,20.000,20,20,18.000,39.000,55.000,80,73,117,160,189,189,189,189,189,189,1,0,0,3,30,1
3.735000,28.23,39.562,23.730,447,383,20.000,20,20,18.000,39.000,55.000,80,73,117,160,190,190,190,190,190,190,1,0,0,3,30,1
3.740000,28.83,39.726,23.840,449,386,20.000,20,20,18.000,39.000,55.000,80,74,118,160,192,192,192,192,192,192,1,0,0,3,30,1
3.745000,29.43,39.885,23.900,451,389,20.000,20,20,18.000,39.000,55.000,80,74,119,160,194,194,194,194,194,194,1,0,0,3,30,1
3.750000,30.03,40.040,24.000,453,391,20.000,20,20,18.000,39.000,55.000,81,75,120,160,195,195,195,195,195,195,1,0,0,3,30,1
3.755000,30.63,40.189,24.110,455,394,20.000,20,20,18.000,39.000,55.000,81,75,121,160,196,196,196,196,196,196,1,0,0,3,30,1
3.760000,31.23,40.334,24.170,457,396,20.000,20,20,18.000,39.000,55.000,81,76,122,160,197,197,197,197,197,197,1,0,0,3,30,1
3.765000,31.83,40.473,24.280,459,399,20.000,20,20,18.000,39.000,55.000,82,76,123,160,199,199,199,199,199,199,1,0,0,3,30,1
3.770000,32.43,40.608,24.380,461,401,20.000,20,20,18.000,39.000,55.000,82,77,123,160,200,200,200,200,200,200,1,0,0,3,30,1
3.775000,33.03,40.737,24.440,462,404,20.000,20,20,18.000,39.000,55.000,82,78,124,160,202,202,202,202,202,202,1,0,0,3,30,1
3.780000,33.63,40.861,24.490,464,406,20.000,20,20,18.000,39.000,55.000,82,78,125,160,203,203,203,203,203,203,1,0,0,3,30,1
3.785000,34.23,40.980,24.600,466,408,20.000,20,20,18.000,39.000,55.000,83,78,126,160,204,204,204,204,204,204,1,0,0,3,30,1
3.790000,34.83,41.094,24.660,467,411,20.000,20,20,18.000,39.000,55.000,83,79,127,160,206,206,206,206,206,206,1,0,0,3,30,1
3.795000,35.43,41.202,24.710,469,413,20.000,20,20,18.000,39.000,55.000,83,79,127,160,207,207,207,207,207,207,1,0,0,3,30,1
3.800000,36.03,41.305,24.770,471,415,20.000,20,20,18.000,39.000,55.000,83,80,128,160,208,208,208,208,208,208,1,0,0,3,30,1
3.805000,36.63,41.403,24.820,472,418,20.000,20,20,18.000,39.000,55.000,84,80,129,160,209,209,209,209,209,209,1,0,0,3,30,1
3.810000,37.23,41.495,24.870,473,420,20.000,20,20,18.000,39.000,55.000,84,81,130,160,210,210,210,210,210,210,1,0,0,3,30,1
3.815000,37.83,41.581,24.930,475,422,20.000,20,20,18.000,39.000,55.000,84,81,130,160,212,212,212,212,212,212,1,0,0,3,30,1
3.820000,38.43,41.662,24.980,476,424,20.000,20,20,18.000,39.000,55.000,84,82,131,160,213,213,213,213,213,213,1,0,0,3,30,1
3.825000,39.03,41.738,25.040,477,426,20.000,20,20,18.000,39.000,55.000,84,82,132,160,214,214,214,214,214,214,1,0,0,3,30,1
3.830000,39.63,41.808,25.090,478,428,20.000,20,20,18.000,39.000,55.000,85,83,133,160,215,215,215,215,215,215,1,0,0,3,30,1
3.835000,40.23,41.872,25.150,480,430,20.000,20,20,18.000,39.000,55.000,85,83,133,160,216,216,216,216,216,216,1,0,0,3,30,1
3.840000,40.83,41.931,25.150,481,432,20.000,20,20,18.000,39.000,55.000,85,83,134,160,217,217,217,217,217,217,1,0,0,3,30,1
3.845000,41.43,41.985,25.200,482,434,20.000,20,20,18.000,39.000,55.000,85,84,135,160,218,218,218,218,218,218,1,0,0,3,30,1
3.850000,42.03,42.032,25.200,483,436,20.000,20,20,18.000,39.000,55.000,85,84,135,160,219,219,219,219,219,219,1,0,0,3,30,1
3.855000,42.63,42.074,25.260,483,438,20.000,20,20,18.000,39.000,55.000,85,85,136,160,220,220,220,220,220,220,1,0,0,3,30,1
3.860000,43.23,42.110,25.260,484,440,20.000,20,20,18.000,39.000,55.000,85,85,137,160,221,221,221,221,221,221,1,0,0,3,30,1
3.865000,43.83,42.141,25.260,485,442,20.000,20,20,18.000,39.000,55.000,85,86,137,160,223,223,223,223,223,223,1,0,0,3,30,1
3.870000,44.43,42.166,25.310,486,443,20.000,20,20,18.000,39.000,55.000,85,86,138,160,223,223,223,223,223,223,1,0,0,3,30,1
3.875000,45.03,42.185,25.310,486,445,20.000,20,20,18.000,39.000,55.000,85,86,138,160,224,224,224,224,224,224,1,0,0,3,30,1
3.880000,45.63,42.198,25.310,487,447,20.000,20,20,18.000,39.000,55.000,85,87,139,160,225,225,225,225,225,225,1,0,0,3,30,1
3.885000,46.23,42.206,25.310,487,448,20.000,20,20,18.000,39.000,55.000,85,87,139,160,226,226,226,226,226,226,1,0,0,3,30,1
3.890000,46.83,42.208,25.310,488,450,20.000,20,20,18.000,39.000,55.000,85,87,140,160,227,227,227,227,227,227,1,0,0,3,30,1
3.895000,47.43,42.204,25.310,488,451,20.000,20,20,18.000,39.000,55.000,85,87,140,160,227,227,227,227,227,227,1,0,0,3,30,1
3.900000,48.03,42.195,25.310,489,453,20.000,20,20,18.000,39.000,55.000,85,88,141,160,229,229,229,229,229,229,1,0,0,3,30,1
3.905000,48.63,42.180,25.310,489,454,20.000,20,20,18.000,39.000,55.000,85,88,141,160,229,229,229,229,229,229,1,0,0,3,30,1
3.910000,49.23,42.159,25.310,489,456,20.000,20,20,18.000,39.000,55.000,85,89,142,160,230,230,230,230,230,230,1,0,0,3,30,1
3.915000,49.83,42.133,25.260,489,457,20.000,20,20,18.000,39.000,55.000,85,89,142,160,231,231,231,231,231,231,1,0,0,3,30,1
3.920000,50.43,42.101,25.260,489,458,20.000,20,20,18.000,39.000,55.000,85,89,143,160,231,231,231,231,231,231,1,0,0,3,30,1
3.925000,51.03,42.063,25.260,489,460,20.000,20,20,18.000,39.000,55.000,85,89,143,160,232,232,232,232,232,232,1,0,0,3,30,1
3.930000,51.63,42.020,25.200,489,461,20.000,20,20,18.000,39.000,55.000,85,90,144,160,233,233,233,233,233,233,1,0,0,3,30,1
3.935000,52.23,41.972,25.200,489,462,20.000,20,20,18.000,39.000,55.000,85,90,144,160,234,234,234,234,234,234,1,0,0,3,30,1
3.940000,52.83,41.917,25.150,489,463,20.000,20,20,18.000,39.000,55.000,85,90,144,160,234,234,234,234,234,234,1,0,0,3,30,1
3.945000,53.43,41.857,25.090,489,464,20.000,20,20,18.000,39.000,55.000,85,90,145,160,235,235,235,235,235,235,1,0,0,3,30,1
3.950000,54.03,41.792,25.090,489,465,20.000,20,20,18.000,39.000,55.000,85,90,145,160,235,235,235,235,235,235,1,0,0,3,30,1
3.955000,54.63,41.721,25.040,488,466,20.000,20,20,18.000,39.000,55.000,84,91,145,160,236,236,236,236,236,236,1,0,0,3,30,1
3.960000,55.23,41.645,24.980,488,467,20.000,20,20,18.000,39.000,55.000,84,91,146,160,236,236,236,236,236,236,1,0,0,3,30,1
3.965000,55.83,41.564,24.930,488,468,20.000,20,20,18.000,39.000,55.000,84,91,146,160,237,237,237,237,237,237,1,0,0,3,30,1
3.970000,56.43,41.477,24.870,487,468,20.000,20,20,18.000,39.000,55.000,84,91,146,160,237,237,237,237,237,237,1,0,0,3,30,1
3.975000,57.03,41.385,24.820,487,469,20.000,20,20,18.000,39.000,55.000,84,91,146,160,237,237,237,237,237,237,1,0,0,3,30,1
3.980000,57.63,41.287,24.770,486,470,20.000,20,20,18.000,39.000,55.000,83,92,147,160,238,238,238,238,238,238,1,0,0,3,30,1
3.985000,58.23,41.184,24.710,485,470,20.000,20,20,18.000,39.000,55.000,83,92,147,160,238,238,238,238,238,238,1,0,0,3,30,1
3.990000,58.83,41.077,24.660,484,471,20.000,20,20,18.000,39.000,55.000,83,92,147,160,239,239,239,239,239,239,1,0,0,3,30,1
3.995000,59.43,40.964,24.550,484,471,20.000,20,20,18.000,39.000,55.000,83,92,147,160,239,239,239,239,239,239,1,0,0,3,30,1
4.000000,60.03,40.846,24.490,483,472,20.000,20,20,18.000,39.000,55.000,82,92,147,160,239,239,239,239,239,239,1,0,0,3,30,1
4.005000,60.63,40.723,24.440,482,472,20.000,20,20,18.000,39.000,55.000,82,92,147,160,239,239,239,239,239,239,1,0,0,3,30,1
4.010000,61.23,40.595,24.330,481,472,20.000,20,20,18.000,39.000,55.000,82,92,147,160,239,239,239,239,239,239,1,0,0,3,30,1
4.015000,61.83,40.462,24.280,480,473,20.000,20,20,18.000,39.000,55.000,82,92,148,160,240,240,240,240,240,240,1,0,0,3,30,1
4.020000,62.43,40.325,24.170,479,473,20.000,20,20,18.000,39.000,55.000,81,92,148,160,240,240,240,240,240,240,1,0,0,3,30,1
4.025000,63.03,40.182,24.110,477,473,20.000,20,20,18.000,39.000,55.000,81,92,148,160,240,240,240,240,240,240,1,0,0,3,30,1
4.030000,63.63,40.035,24.000,476,473,20.000,20,20,18.000,39.000,55.000,81,92,148,160,240,240,240,240,240,240,1,0,0,3,30,1
4.035000,64.23,39.884,23.900,475,473,20.000,20,20,18.000,39.000,55.000,80,92,148,160,240,240,240,240,240,240,1,0,0,3,30,1
4.040000,64.83,39.727,23.840,474,473,20.000,20,20,18.000,39.000,55.000,80,92,148,160,240,240,240,240,240,240,1,0,0,3,30,1
4.045000,65.43,39.567,23.730,472,473,20.000,20,20,18.000,39.000,55.000,80,92,148,160,240,240,240,240,240,240,1,0,0,3,30,1
4.050000,66.03,39.402,23.620,471,473,20.000,20,20,18.000,39.000,55.000,80,92,148,160,240,240,240,240,240,240,1,0,0,3,30,1
4.055000,66.63,39.232,23.510,469,473,20.000,20,20,18.000,39.000,55.000,79,92,148,160,240,240,240,240,240,240,1,0,0,3,30,1
4.060000,67.23,39.059,23.410,468,473,20.000,20,20,18.000,39.000,55.000,79,92,148,160,240,240,240,240,240,240,1,0,0,3,30,1
4.065000,67.83,38.881,23.300,466,473,20.000,20,20,18.000,39.000,55.000,78,92,148,160,240,240,240,240,240,240,1,0,0,3,30,1
4.070000,68.43,38.699,23.190,464,473,20.000,20,20,18.000,39.000,55.000,78,92,148,160,240,240,240,240,240,240,1,0,0,3,30,1
4.075000,69.03,38.513,23.080,463,473,20.000,20,20,18.000,39.000,55.000,78,92,148,160,240,240,240,240,240,240,1,0,0,3,30,1
4.080000,69.63,38.323,22.970,461,473,20.000,20,20,18.000,39.000,55.000,77,92,148,160,240,240,240,240,240,240,1,0,0,3,30,1
4.085000,70.23,38.129,22.860,459,472,20.000,20,20,18.000,39.000,55.000,77,92,147,160,239,239,239,239,239,239,1,0,0,3,30,1
4.090000,70.83,37.932,22.750,457,472,20.000,20,20,18.000,39.000,55.000,77,92,147,160,239,239,239,239,239,239,1,0,0,3,30,1
4.095000,71.43,37.731,22.640,455,472,20.000,20,20,18.000,39.000,55.000,76,92,147,160,239,239,239,239,239,239,1,0,0,3,30,1
4.100000,72.03,37.526,22.540,453,472,20.000,20,20,18.000,39.000,55.000,76,92,147,160,239,239,239,239,239,239,1,0,0,3,30,1
4.105000,72.63,37.318,22.370,451,471,20.000,20,20,18.000,39.000,55.000,75,92,147,160,239,239,239,239,239,239,1,0,0,3,30,1
4.110000,73.23,37.106,22.260,449,471,20.000,20,20,18.000,39.000,55.000,75,92,147,160,239,239,239,239,239,239,1,0,0,3,30,1
4.115000,73.83,36.892,22.150,447,470,20.000,20,20,18.000,39.000,55.000,75,92,147,160,238,238,238,238,238,238,1,0,0,3,30,1
4.120000,74.43,36.674,21.990,445,470,20.000,20,20,18.000,39.000,55.000,74,92,147,160,238,238,238,238,238,238,1,0,0,3,30,1
4.125000,75.03,36.453,21.880,443,470,20.000,20,20,18.000,39.000,55.000,74,92,147,160,238,238,238,238,238,238,1,0,0,3,30,1
4.130000,75.63,36.228,21.720,441,469,20.000,20,20,18.000,39.000,55.000,73,91,146,160,237,237,237,237,237,237,1,0,0,3,30,1
4.135000,76.23,36.001,21.610,439,468,20.000,20,20,18.000,39.000,55.000,73,91,146,160,237,237,237,237,237,237,1,0,0,3,30,1
4.140000,76.83,35.772,21.450,436,468,20.000,20,20,18.000,39.000,55.000,72,91,146,160,237,237,237,237,237,237,1,0,0,3,30,1
4.145000,77.43,35.539,21.340,434,467,20.000,20,20,18.000,39.000,55.000,72,91,146,160,236,236,236,236,236,236,1,0,0,3,30,1
4.150000,78.03,35.304,21.180,432,467,20.000,20,20,18.000,39.000,55.000,71,91,146,160,236,236,236,236,236,236,1,0,0,3,30,1
4.155000,78.63,35.067,21.010,429,466,20.000,20,20,18.000,39.000,55.000,71,91,145,160,236,236,236,236,236,236,1,0,0,3,30,1
4.160000,79.23,34.827,20.900,427,465,20.000,20,20,18.000,39.000,55.000,70,90,145,160,235,235,235,235,235,235,1,0,0,3,30,1
4.165000,79.83,34.584,20.740,424,465,20.000,20,20,18.000,39.000,55.000,70,90,145,160,235,235,235,235,235,235,1,0,0,3,30,1
4.170000,80.43,34.340,20.580,422,464,20.000,20,20,18.000,39.000,55.000,69,90,145,160,235,235,235,235,235,235,1,0,0,3,30,1
4.175000,81.03,34.094,20.470,419,463,20.000,20,20,18.000,39.000,55.000,69,90,144,160,234,234,234,234,234,234,1,0,0,3,30,1
4.180000,81.63,33.845,20.310,417,462,20.000,20,20,18.000,39.000,55.000,68,90,144,160,234,234,234,234,234,234,1,0,0,3,30,1
4.185000,82.23,33.595,20.140,414,461,20.000,20,20,18.000,39.000,55.000,68,90,144,160,233,233,233,233,233,233,1,0,0,3,30,1
4.190000,82.83,33.343,19.980,412,460,20.000,20,20,18.000,39.000,55.000,67,89,143,160,232,232,232,232,232,232,1,0,0,3,30,1
4.195000,83.43,33.090,19.870,409,459,20.000,20,20,18.000,39.000,55.000,67,89,143,160,232,232,232,232,232,232,1,0,0,3,30,1
4.200000,84.03,32.835,19.710,407,458,20.000,20,20,18.000,39.000,55.000,66,89,143,160,231,231,231,231,231,231,1,0,0,3,30,1
4.205000,84.63,32.578,19.540,404,457,20.000,20,20,18.000,39.000,55.000,66,89,142,160,231,231,231,231,231,231,1,0,0,3,30,1
4.210000,85.23,32.321,19.380,401,456,20.000,20,20,18.000,39.000,55.000,65,89,142,160,230,230,230,230,230,230,1,0,0,3,30,1
4.215000,85.83,32.062,19.220,398,455,20.000,20,20,18.000,39.000,55.000,65,88,142,160,230,230,230,230,230,230,1,0,0,3,30,1
4.220000,86.43,31.802,19.050,396,454,20.000,20,20,18.000,39.000,55.000,64,88,141,160,229,229,229,229,229,229,1,0,0,3,30,1
4.225000,87.03,31.541,18.950,393,453,20.000,20,20,18.000,39.000,55.000,64,88,141,160,229,229,229,229,229,229,1,0,0,3,30,1
4.230000,87.63,31.279,18.780,390,452,20.000,20,20,18.000,39.000,55.000,63,88,141,160,228,228,228,228,228,228,1,0,0,3,30,1
4.235000,88.23,31.017,18.620,387,451,20.000,20,20,18.000,39.000,55.000,63,87,140,160,227,227,227,227,227,227,1,0,0,3,30,1
4.240000,88.83,30.754,18.460,385,449,20.000,20,20,18.000,39.000,55.000,62,87,140,160,226,226,226,226,226,226,1,0,0,3,30,1
4.245000,89.43,30.491,18.290,382,448,20.000,20,20,18.000,39.000,55.000,61,87,139,160,226,226,226,226,226,226,1,0,0,3,30,1
4.250000,90.03,30.227,18.130,379,447,20.000,20,20,18.000,39.000,55.000,61,87,139,160,225,225,225,225,225,225,1,0,0,3,30,1
4.255000,90.63,29.963,17.970,376,445,20.000,20,20,18.000,39.000,55.000,60,86,138,160,224,224,224,224,224,224,1,0,0,3,30,1
4.260000,91.23,29.699,17.800,373,444,20.000,20,20,18.000,39.000,55.000,60,86,138,160,224,224,224,224,224,224,1,0,0,3,30,1
4.265000,91.83,29.435,17.640,370,443,20.000,20,20,18.000,39.000,55.000,59,86,138,160,223,223,223,223,223,223,1,0,0,3,30,1
4.270000,92.43,29.170,17.480,368,441,20.000,20,20,18.000,39.000,55.000,59,85,137,160,222,222,222,222,222,222,1,0,0,3,30,1
4.275000,93.03,28.907,17.310,365,440,20.000,20,20,18.000,39.000,55.000,58,85,137,160,221,221,221,221,221,221,1,0,0,3,30,1
4.280000,93.63,28.643,17.210,362,438,20.000,20,20,18.000,39.000,55.000,58,85,136,160,220,220,220,220,220,220,1,0,0,3,30,1
4.285000,94.23,28.380,17.040,359,437,20.000,20,20,18.000,39.000,55.000,57,85,136,160,220,220,220,220,220,220,1,0,0,3,30,1
4.290000,94.83,28.118,16.880,356,435,20.000,20,20,18.000,39.000,55.000,57,84,135,160,219,219,219,219,219,219,1,0,0,3,30,1
4.295000,95.43,27.856,16.720,353,434,20.000,20,20,18.000,39.000,55.000,56,84,135,160,218,218,218,218,218,218,1,0,0,3,30,1
4.300000,96.03,27.595,16.550,350,432,20.000,20,20,18.000,39.000,55.000,56,83,134,160,217,217,217,217,217,217,1,0,0,3,30,1
4.305000,96.63,27.335,16.390,347,430,20.000,20,20,18.000,39.000,55.000,55,83,133,160,216,216,216,216,216,216,1,0,0,3,30,1
4.310000,97.23,27.076,16.230,345,429,20.000,20,20,18.000,39.000,55.000,54,83,133,160,215,215,215,215,215,215,1,0,0,3,30,1
4.315000,97.83,26.818,16.120,342,427,20.000,20,20,18.000,39.000,55.000,54,82,132,160,214,214,214,214,214,214,1,0,0,3,30,1
4.320000,98.43,26.561,15.950,339,426,20.000,20,20,18.000,39.000,55.000,54,82,132,160,214,214,214,214,214,214,1,0,0,3,30,1
4.325000,99.03,26.306,15.790,336,424,20.000,20,20,18.000,39.000,55.000,53,82,131,160,213,213,213,213,213,213,1,0,0,3,30,1
4.330000,99.63,26.052,15.630,333,422,20.000,20,20,18.000,39.000,55.000,52,81,130,160,212,212,212,212,212,212,1,0,0,3,30,1
4.335000,100.23,25.800,15.460,330,420,20.000,20,20,18.000,39.000,55.000,52,81,130,160,210,210,210,210,210,210,1,0,0,3,30,1
4.340000,100.83,25.549,15.360,327,419,20.000,20,20,18.000,39.000,55.000,52,81,129,160,210,210,210,210,210,210,1,0,0,3,30,1
4.345000,101.43,25.301,15.190,325,417,20.000,20,20,18.000,39.000,55.000,51,80,129,160,209,209,209,209,209,209,1,0,0,3,30,1
4.350000,102.03,25.054,15.030,322,415,20.000,20,20,18.000,39.000,55.000,50,80,128,160,208,208,208,208,208,208,1,0,0,3,30,1
4.355000,102.63,24.809,14.870,319,413,20.000,20,20,18.000,39.000,55.000,50,79,127,160,207,207,207,207,207,207,1,0,0,3,30,1
4.360000,103.23,24.566,14.760,316,411,20.000,20,20,18.000,39.000,55.000,50,79,127,160,206,206,206,206,206,206,1,0,0,3,30,1
4.365000,103.83,24.326,14.590,313,409,20.000,20,20,18.000,39.000,55.000,49,79,126,160,204,204,204,204,204,204,1,0,0,3,30,1
4.370000,104.43,24.088,14.430,311,407,20.000,20,20,18.000,39.000,55.000,48,78,125,160,203,203,203,203,203,203,1,0,0,3,30,1
4.375000,105.03,23.852,14.320,308,406,20.000,20,20,18.000,39.000,55.000,48,78,125,160,203,203,203,203,203,203,1,0,0,3,30,1
4.380000,105.63,23.619,14.160,305,404,20.000,20,20,18.000,39.000,55.000,47,78,124,160,202,202,202,202,202,202,1,0,0,3,30,1
4.385000,106.23,23.388,14.050,303,402,20.000,20,20,18.000,39.000,55.000,47,77,124,160,201,201,201,201,201,201,1,0,0,3,30,1
4.390000,106.83,23.160,13.890,300,400,20.000,20,20,18.000,39.000,55.000,47,77,123,160,200,200,200,200,200,200,1,0,0,3,30,1
4.395000,107.43,22.935,13.780,297,398,20.000,20,20,18.000,39.000,55.000,46,76,122,160,198,198,198,198,198,198,1,0,0,3,30,1
4.400000,108.03,22.713,13.620,295,396,20.000,20,20,18.000,39.000,55.000,46,76,122,160,197,197,197,197,197,197,1,0,0,3,30,1
4.405000,108.63,22.494,13.510,292,394,20.000,20,20,18.000,39.000,55.000,45,75,121,160,196,196,196,196,196,196,1,0,0,3,30,1
4.410000,109.23,22.278,13.340,289,392,20.000,20,20,18.000,39.000,55.000,45,75,120,160,195,195,195,195,195,195,1,0,0,3,30,1
4.415000,109.83,22.065,13.230,287,390,20.000,20,20,18.000,39.000,55.000,44,75,120,160,194,194,194,194,194,194,1,0,0,3,30,1
4.420000,110.43,21.856,13.130,284,388,20.000,20,20,18.000,39.000,55.000,44,74,119,160,193,193,193,193,193,193,1,0,0,3,30,1
4.425000,111.03,21.650,13.020,282,386,20.000,20,20,18.000,39.000,55.000,44,74,118,160,192,192,192,192,192,192,1,0,0,3,30,1
4.430000,111.63,21.447,12.850,279,384,20.000,20,20,18.000,39.000,55.000,43,73,118,160,191,191,191,191,191,191,1,0,0,3,30,1
4.435000,112.23,21.248,12.740,277,382,20.000,20,20,18.000,39.000,55.000,43,73,117,160,190,190,190,190,190,190,1,0,0,3,30,1
4.440000,112.83,21.053,12.640,275,380,20.000,20,20,18.000,39.000,55.000,42,72,116,160,188,188,188,188,188,188,1,0,0,3,30,1
4.445000,113.43,20.861,12.530,272,378,20.000,20,20,18.000,39.000,55.000,42,72,116,160,187,187,187,187,187,187,1,0,0,3,30,1
4.450000,114.03,20.673,12.420,270,375,20.000,20,20,18.000,39.000,55.000,42,71,115,160,186,186,186,186,186,186,1,0,0,3,30,1
4.455000,114.63,20.489,12.310,268,373,20.000,20,20,18.000,39.000,55.000,41,71,114,160,185,185,185,185,185,185,1,0,0,3,30,1
4.460000,115.23,20.309,12.200,265,371,20.000,20,20,18.000,39.000,55.000,41,71,113,160,184,184,184,184,184,184,1,0,0,3,30,1
4.465000,115.83,20.133,12.090,263,369,20.000,20,20,18.000,39.000,55.000,40,70,112,160,182,182,182,182,182,182,1,0,0,3,30,1
4.470000,116.43,19.962,11.980,261,367,20.000,20,20,18.000,39.000,55.000,40,70,112,160,181,181,181,181,181,181,1,0,0,3,30,1
4.475000,117.03,19.794,11.870,259,365,20.000,20,20,18.000,39.000,55.000,40,69,111,160,180,180,180,180,180,180,1,0,0,3,30,1
4.480000,117.63,19.631,11.770,257,363,20.000,20,20,18.000,39.000,55.000,39,69,110,160,179,179,179,179,179,179,1,0,0,3,30,1
4.485000,118.23,19.471,11.660,255,361,20.000,20,20,18.000,39.000,55.000,39,68,110,160,178,178,178,178,178,178,1,0,0,3,30,1
4.490000,118.83,19.317,11.600,253,359,20.000,20,20,18.000,39.000,55.000,39,68,109,160,177,177,177,177,177,177,1,0,0,3,30,1
4.495000,119.43,19.167,11.490,251,357,20.000,20,20,18.000,39.000,55.000,38,68,108,160,176,176,176,176,176,176,1,0,0,3,30,1
4.500000,120.03,19.021,11.380,249,354,20.000,20,20,18.000,39.000,55.000,38,67,107,160,174,174,174,174,174,174,1,0,0,3,30,1
4.505000,120.63,18.880,11.330,247,352,20.000,20,20,18.000,39.000,55.000,38,67,107,160,173,173,173,173,173,173,1,0,0,3,30,1
4.510000,121.23,18.743,11.220,245,350,20.000,20,20,18.000,39.000,55.000,38,66,106,160,172,172,172,172,172,172,1,0,0,3,30,1
4.515000,121.83,18.611,11.170,243,348,20.000,20,20,18.000,39.000,55.000,37,66,105,160,171,171,171,171,171,171,1,0,0,3,30,1
4.520000,122.43,18.484,11.110,242,346,20.000,20,20,18.000,39.000,55.000,37,65,105,160,170,170,170,170,170,170,1,0,0,3,30,1
4.525000,123.03,18.362,11.000,240,344,20.000,20,20,18.000,39.000,55.000,37,65,104,160,169,169,169,169,169,169,1,0,0,3,30,1
4.530000,123.63,18.245,10.950,238,342,20.000,20,20,18.000,39.000,55.000,37,64,103,160,168,168,168,168,168,168,1,0,0,3,30,1
4.535000,124.23,18.132,10.900,237,340,20.000,20,20,18.000,39.000,55.000,36,64,103,160,167,167,167,167,167,167,1,0,0,3,30,1
4.540000,124.83,18.024,10.790,235,338,20.000,20,20,18.000,39.000,55.000,36,64,102,160,165,165,165,165,165,165,1,0,0,3,30,1
4.545000,125.43,17.922,10.730,234,336,20.000,20,20,18.000,39.000,55.000,36,63,101,160,164,164,164,164,164,164,1,0,0,3,30,1
4.550000,126.03,17.824,10.680,232,334,20.000,20,20,18.000,39.000,55.000,36,63,101,160,163,163,163,163,163,163,1,0,0,3,30,1
4.555000,126.63,17.732,10.620,231,332,20.000,20,20,18.000,39.000,55.000,35,62,100,160,162,162,162,162,162,162,1,0,0,3,30,1
4.560000,127.23,17.644,10.570,230,330,20.000,20,20,18.000,39.000,55.000,35,62,99,160,161,161,161,161,161,161,1,0,0,3,30,1
4.565000,127.83,17.562,10.510,228,328,20.000,20,20,18.000,39.000,55.000,35,61,99,160,160,160,160,160,160,160,1,0,0,3,30,1
4.570000,128.43,17.485,10.510,227,326,20.000,20,20,18.000,39.000,55.000,35,61,98,160,159,159,159,159,159,159,1,0,0,3,30,1
4.575000,129.03,17.413,10.460,226,324,20.000,20,20,18.000,39.000,55.000,35,61,97,160,158,158,158,158,158,158,1,0,0,3,30,1
4.580000,129.63,17.346,10.410,225,322,20.000,20,20,18.000,39.000,55.000,35,60,97,160,157,157,157,157,157,157,1,0,0,3,30,1
4.585000,130.23,17.284,10.350,224,320,20.000,20,20,18.000,39.000,55.000,35,60,96,160,155,155,155,155,155,155,1,0,0,3,30,1
4.590000,130.83,17.228,10.350,223,319,20.000,20,20,18.000,39.000,55.000,35,60,96,160,155,155,155,155,155,155,1,0,0,3,30,1
4.595000,131.43,17.177,10.300,222,317,20.000,20,20,18.000,39.000,55.000,34,59,95,160,154,154,154,154,154,154,1,0,0,3,30,1
4.600000,132.03,17.132,10.300,221,315,20.000,20,20,18.000,39.000,55.000,34,59,94,160,153,153,153,153,153,153,1,0,0,3,30,1
4.605000,132.63,17.091,10.240,220,313,20.000,20,20,18.000,39.000,55.000,34,58,93,160,152,152,152,152,152,152,1,0,0,3,30,1
4.610000,133.23,17.056,10.240,219,311,20.000,20,20,18.000,39.000,55.000,34,58,93,160,151,151,151,151,151,151,1,0,0,3,30,1
4.615000,133.83,17.026,10.190,219,309,20.000,20,20,18.000,39.000,55.000,34,57,92,160,150,150,150,150,150,150,1,0,0,3,30,1
4.620000,134.43,17.002,10.190,218,308,20.000,20,20,18.000,39.000,55.000,34,57,92,160,149,149,149,149,149,149,1,0,0,3,30,1
4.625000,135.03,16.983,10.190,217,306,20.000,20,20,18.000,39.000,55.000,34,57,91,160,148,148,148,148,148,148,1,0,0,3,30,1
4.630000,135.63,16.969,10.190,217,304,20.000,20,20,18.000,39.000,55.000,34,56,90,160,147,147,147,147,147,147,1,0,0,3,30,1
4.635000,136.23,16.961,10.190,216,302,20.000,20,20,18.000,39.000,55.000,34,56,90,160,146,146,146,146,146,146,1,0,0,3,30,1
4.640000,136.83,16.958,10.190,216,301,20.000,20,20,18.000,39.000,55.000,34,56,89,160,145,145,145,145,145,145,1,0,0,3,30,1
4.645000,137.43,16.961,10.190,216,299,20.000,20,20,18.000,39.000,55.000,34,55,89,160,144,144,144,144,144,144,1,0,0,3,30,1
4.650000,138.03,16.968,10.190,215,298,20.000,20,20,18.000,39.000,55.000,34,55,88,160,144,144,144,144,144,144,1,0,0,3,30,1
4.655000,138.63,16.981,10.190,215,296,20.000,20,20,18.000,39.000,55.000,34,55,88,160,142,142,142,142,142,142,1,0,0,3,30,1
4.660000,139.23,17.000,10.190,215,294,20.000,20,20,18.000,39.000,55.000,34,54,87,160,141,141,141,141,141,141,1,0,0,3,30,1
4.665000,139.83,17.024,10.190,215,293,20.000,20,20,18.000,39.000,55.000,34,54,87,160,141,141,141,141,141,141,1,0,0,3,30,1
4.670000,140.43,17.053,10.240,214,291,20.000,20,20,18.000,39.000,55.000,34,54,86,160,140,140,140,140,140,140,1,0,0,3,30,1
4.675000,141.03,17.087,10.240,214,290,20.000,20,20,18.000,39.000,55.000,34,53,86,160,139,139,139,139,139,139,1,0,0,3,30,1
4.680000,141.63,17.126,10.300,214,288,20.000,20,20,18.000,39.000,55.000,34,53,85,160,138,138,138,138,138,138,1,0,0,3,30,1
4.685000,142.23,17.171,10.300,214,287,20.000,20,20,18.000,39.000,55.000,34,53,85,160,137,137,137,137,137,137,1,0,0,3,30,1
4.690000,142.83,17.221,10.350,215,286,20.000,20,20,18.000,39.000,55.000,35,53,84,160,137,137,137,137,137,137,1,0,0,3,30,1
4.695000,143.43,17.276,10.350,215,284,20.000,20,20,18.000,39.000,55.000,35,52,84,160,136,136,136,136,136,136,1,0,0,3,30,1
4.700000,144.03,17.336,10.410,215,283,20.000,20,20,18.000,39.000,55.000,35,52,83,160,135,135,135,135,135,135,1,0,0,3,30,1
4.705000,144.63,17.402,10.460,215,282,20.000,20,20,18.000,39.000,55.000,35,52,83,160,135,135,135,135,135,135,1,0,0,3,30,1
4.710000,145.23,17.472,10.460,216,280,20.000,20,20,18.000,39.000,55.000,35,51,82,160,134,134,134,134,134,134,1,0,0,3,30,1
4.715000,145.83,17.548,10.510,216,279,20.000,20,20,18.000,39.000,55.000,35,51,82,160,133,133,133,133,133,133,1,0,0,3,30,1
4.720000,146.43,17.628,10.570,216,278,20.000,20,20,18.000,39.000,55.000,35,51,82,160,132,132,132,132,132,132,1,0,0,3,30,1
4.725000,147.03,17.714,10.620,217,277,20.000,20,20,18.000,39.000,55.000,35,51,81,160,132,132,132,132,132,132,1,0,0,3,30,1
4.730000,147.63,17.804,10.680,217,275,20.000,20,20,18.000,39.000,55.000,36,50,81,160,131,131,131,131,131,131,1,0,0,3,30,1
4.735000,148.23,17.899,10.730,218,274,20.000,20,20,18.000,39.000,55.000,36,50,80,160,130,130,130,130,130,130,1,0,0,3,30,1
4.740000,148.83,17.999,10.790,219,273,20.000,20,20,18.000,39.000,55.000,36,50,80,160,130,130,130,130,130,130,1,0,0,3,30,1
4.745000,149.43,18.104,10.840,220,272,20.000,20,20,18.000,39.000,55.000,36,50,80,160,129,129,129,129,129,129,1,0,0,3,30,1
4.750000,150.03,18.214,10.950,220,271,20.000,20,20,18.000,39.000,55.000,37,49,79,160,129,129,129,129,129,129,1,0,0,3,30,1
4.755000,150.63,18.328,11.000,221,270,20.000,20,20,18.000,39.000,55.000,37,49,79,160,128,128,128,128,128,128,1,0,0,3,30,1
4.760000,151.23,18.447,11.060,222,269,20.000,20,20,18.000,39.000,55.000,37,49,79,160,128,128,128,128,128,128,1,0,0,3,30,1
4.765000,151.83,18.570,11.110,223,269,20.000,20,20,18.000,39.000,55.000,37,49,79,160,128,128,128,128,128,128,1,0,0,3,30,1
4.770000,152.43,18.698,11.220,224,268,20.000,20,20,18.000,39.000,55.000,38,49,78,160,127,127,127,127,127,127,1,0,0,3,30,1
4.775000,153.03,18.830,11.280,225,267,20.000,20,20,18.000,39.000,55.000,38,48,78,160,126,126,126,126,126,126,1,0,0,3,30,1
4.780000,153.63,18.967,11.380,226,266,20.000,20,20,18.000,39.000,55.000,38,48,78,160,126,126,126,126,126,126,1,0,0,3,30,1
4.785000,154.23,19.108,11.440,228,265,20.000,20,20,18.000,39.000,55.000,38,48,77,160,125,125,125,125,125,125,1,0,0,3,30,1
4.790000,154.83,19.253,11.550,229,265,20.000,20,20,18.000,39.000,55.000,39,48,77,160,125,125,125,125,125,125,1,0,0,3,30,1
4.795000,155.43,19.402,11.660,230,264,20.000,20,20,18.000,39.000,55.000,39,48,77,160,125,125,125,125,125,125,1,0,0,3,30,1
4.800000,156.03,19.555,11.710,232,263,20.000,20,20,18.000,39.000,55.000,39,48,77,160,124,124,124,124,124,124,1,0,0,3,30,1
4.805000,156.63,19.713,11.820,233,263,20.000,20,20,18.000,39.000,55.000,40,48,77,160,124,124,124,124,124,124,1,0,0,3,30,1
4.810000,157.23,19.874,11.930,234,262,20.000,20,20,18.000,39.000,55.000,40,47,76,160,124,124,124,124,124,124,1,0,0,3,30,1
4.815000,157.83,20.039,12.040,236,262,20.000,20,20,18.000,39.000,55.000,40,47,76,160,124,124,124,124,124,124,1,0,0,3,30,1
4.820000,158.43,20.208,12.150,237,261,20.000,20,20,18.000,39.000,55.000,41,47,76,160,123,123,123,123,123,123,1,0,0,3,30,1
4.825000,159.03,20.380,12.200,239,261,20.000,20,20,18.000,39.000,55.000,41,47,76,160,123,123,123,123,123,123,1,0,0,3,30,1
4.830000,159.63,20.557,12.310,241,261,20.000,20,20,18.000,39.000,55.000,41,47,76,160,123,123,123,123,123,123,1,0,0,3,30,1
4.835000,160.23,20.736,12.420,242,260,20.000,20,20,18.000,39.000,55.000,42,47,76,160,123,123,123,123,123,123,1,0,0,3,30,1
4.840000,160.83,20.919,12.530,244,260,20.000,20,20,18.000,39.000,55.000,42,47,76,160,123,123,123,123,123,123,1,0,0,3,30,1
4.845000,161.43,21.106,12.640,246,260,20.000,20,20,18.000,39.000,55.000,42,47,76,160,123,123,123,123,123,123,1,0,0,3,30,1
4.850000,162.03,21.296,12.740,248,259,20.000,20,20,18.000,39.000,55.000,43,47,75,160,122,122,122,122,122,122,1,0,0,3,30,1
4.855000,162.63,21.489,12.910,249,259,20.000,20,20,18.000,39.000,55.000,43,47,75,160,122,122,122,122,122,122,1,0,0,3,30,1
4.860000,163.23,21.685,13.020,251,259,20.000,20,20,18.000,39.000,55.000,44,47,75,160,122,122,122,122,122,122,1,0,0,3,30,1
4.865000,163.83,21.884,13.130,253,259,20.000,20,20,18.000,39.000,55.000,44,47,75,160,122,122,122,122,122,122,1,0,0,3,30,1
4.870000,164.43,22.085,13.230,255,259,20.000,20,20,18.000,39.000,55.000,44,47,75,160,122,122,122,122,122,122,1,0,0,3,30,1
4.875000,165.03,22.290,13.340,257,259,20.000,20,20,18.000,39.000,55.000,45,47,75,160,122,122,122,122,122,122,1,0,0,3,30,1
4.880000,165.63,22.497,13.510,259,259,20.000,20,20,18.000,39.000,55.000,45,47,75,160,122,122,122,122,122,122,1,0,0,3,30,1
4.885000,166.23,22.707,13.620,261,259,20.000,20,20,18.000,39.000,55.000,46,47,75,160,122,122,122,122,122,122,1,0,0,3,30,1
4.890000,166.83,22.920,13.720,263,259,20.000,20,20,18.000,39.000,55.000,46,47,75,160,122,122,122,122,122,122,1,0,0,3,30,1
4.895000,167.43,23.135,13.890,266,259,20.000,20,20,18.000,39.000,55.000,47,47,75,160,122,122,122,122,122,122,1,0,0,3,30,1
4.900000,168.03,23.352,14.000,268,260,20.000,20,20,18.000,39.000,55.000,47,47,76,160,123,123,123,123,123,123,1,0,0,3,30,1
4.905000,168.63,23.571,14.160,270,260,20.000,20,20,18.000,39.000,55.000,47,47,76,160,123,123,123,123,123,123,1,0,0,3,30,1
4.910000,169.23,23.792,14.270,272,260,20.000,20,20,18.000,39.000,55.000,48,47,76,160,123,123,123,123,123,123,1,0,0,3,30,1
4.915000,169.83,24.016,14.430,274,261,20.000,20,20,18.000,39.000,55.000,48,47,76,160,123,123,123,123,123,123,1,0,0,3,30,1
4.920000,170.43,24.241,14.540,277,261,20.000,20,20,18.000,39.000,55.000,49,47,76,160,123,123,123,123,123,123,1,0,0,3,30,1
4.925000,171.03,24.468,14.700,279,262,20.000,20,20,18.000,39.000,55.000,49,47,76,160,124,124,124,124,124,124,1,0,0,3,30,1
4.930000,171.63,24.697,14.810,281,263,20.000,20,20,18.000,39.000,55.000,50,48,77,160,124,124,124,124,124,124,1,0,0,3,30,1
4.935000,172.23,24.927,14.970,284,263,20.000,20,20,18.000,39.000,55.000,50,48,77,160,124,124,124,124,124,124,1,0,0,3,30,1
4.940000,172.83,25.159,15.080,286,264,20.000,20,20,18.000,39.000,55.000,51,48,77,160,125,125,125,125,125,125,1,0,0,3,30,1
4.945000,173.43,25.392,15.250,289,265,20.000,20,20,18.000,39.000,55.000,51,48,77,160,125,125,125,125,125,125,1,0,0,3,30,1
4.950000,174.03,25.626,15.360,291,266,20.000,20,20,18.000,39.000,55.000,52,48,78,160,126,126,126,126,126,126,1,0,0,3,30,1
4.955000,174.63,25.862,15.520,293,267,20.000,20,20,18.000,39.000,55.000,52,48,78,160,126,126,126,126,126,126,1,0,0,3,30,1
4.960000,175.23,26.098,15.630,296,268,20.000,20,20,18.000,39.000,55.000,52,49,78,160,127,127,127,127,127,127,1,0,0,3,30,1
4.965000,175.83,26.335,15.790,298,269,20.000,20,20,18.000,39.000,55.000,53,49,79,160,128,128,128,128,128,128,1,0,0,3,30,1
4.970000,176.43,26.573,15.950,301,271,20.000,20,20,18.000,39.000,55.000,54,49,79,160,129,129,129,129,129,129,1,0,0,3,30,1
4.975000,177.03,26.812,16.060,303,272,20.000,20,20,18.000,39.000,55.000,54,50,80,160,129,129,129,129,129,129,1,0,0,3,30,1
4.980000,177.63,27.051,16.230,306,273,20.000,20,20,18.000,39.000,55.000,54,50,80,160,130,130,130,130,130,130,1,0,0,3,30,1
4.985000,178.23,27.291,16.390,309,275,20.000,20,20,18.000,39.000,55.000,55,50,81,160,131,131,131,131,131,131,1,0,0,3,30,1
4.990000,178.83,27.531,16.500,311,276,20.000,20,20,18.000,39.000,55.000,55,50,81,160,131,131,131,131,131,131,1,0,0,3,30,1
4.995000,179.43,27.772,16.660,314,277,20.000,20,20,18.000,39.000,55.000,56,51,81,160,132,132,132,132,132,132,1,0,0,3,30,1
5.000000,180.03,28.012,16.820,316,279,20.000,20,20,18.000,39.000,55.000,56,51,82,160,133,133,133,133,133,133,1,0,0,3,30,1
5.005000,180.63,28.252,16.930,319,280,20.000,20,20,18.000,39.000,55.000,57,51,82,160,134,134,134,134,134,134,1,0,0,3,30,1
5.010000,181.23,28.493,17.100,322,282,20.000,20,20,18.000,39.000,55.000,57,52,83,160,135,135,135,135,135,135,1,0,0,3,30,1
5.015000,181.83,28.733,17.210,324,284,20.000,20,20,18.000,39.000,55.000,58,52,84,160,136,136,136,136,136,136,1,0,0,3,30,1
5.020000,182.43,28.973,17.370,327,285,20.000,20,20,18.000,39.000,55.000,58,52,84,160,136,136,136,136,136,136,1,0,0,3,30,1
5.025000,183.03,29.212,17.530,329,287,20.000,20,20,18.000,39.000,55.000,59,53,85,160,137,137,137,137,137,137,1,0,0,3,30,1
5.030000,183.63,29.450,17.690,332,289,20.000,20,20,18.000,39.000,55.000,59,53,85,160,139,139,139,139,139,139,1,0,0,3,30,1
5.035000,184.23,29.688,17.800,335,291,20.000,20,20,18.000,39.000,55.000,60,54,86,160,140,140,140,140,140,140,1,0,0,3,30,1
5.040000,184.83,29.926,17.970,337,292,20.000,20,20,18.000,39.000,55.000,60,54,86,160,140,140,140,140,140,140,1,0,0,3,30,1
5.045000,185.43,30.162,18.080,340,294,20.000,20,20,18.000,39.000,55.000,61,54,87,160,141,141,141,141,141,141,1,0,0,3,30,1
5.050000,186.03,30.397,18.240,342,296,20.000,20,20,18.000,39.000,55.000,61,55,88,160,142,142,142,142,142,142,1,0,0,3,30,1
5.055000,186.63,30.631,18.350,345,298,20.000,20,20,18.000,39.000,55.000,62,55,88,160,144,144,144,144,144,144,1,0,0,3,30,1
5.060000,187.23,30.864,18.510,348,300,20.000,20,20,18.000,39.000,55.000,62,56,89,160,145,145,145,145,145,145,1,0,0,3,30,1
5.065000,187.83,31.096,18.670,350,302,20.000,20,20,18.000,39.000,55.000,63,56,90,160,146,146,146,146,146,146,1,0,0,3,30,1
5.070000,188.43,31.326,18.780,353,304,20.000,20,20,18.000,39.000,55.000,63,56,90,160,147,147,147,147,147,147,1,0,0,3,30,1
5.075000,189.03,31.555,18.950,355,306,20.000,20,20,18.000,39.000,55.000,64,57,91,160,148,148,148,148,148,148,1,0,0,3,30,1
5.080000,189.63,31.781,19.050,358,308,20.000,20,20,18.000,39.000,55.000,64,57,92,160,149,149,149,149,149,149,1,0,0,3,30,1
5.085000,190.23,32.007,19.220,361,310,20.000,20,20,18.000,39.000,55.000,65,58,92,160,150,150,150,150,150,150,1,0,0,3,30,1
5.090000,190.83,32.230,19.330,363,312,20.000,20,20,18.000,39.000,55.000,65,58,93,160,151,151,151,151,151,151,1,0,0,3,30,1
5.095000,191.43,32.451,19.490,366,314,20.000,20,20,18.000,39.000,55.000,66,58,94,160,152,152,152,152,152,152,1,0,0,3,30,1
5.100000,192.03,32.670,19.600,368,316,20.000,20,20,18.000,39.000,55.000,66,59,95,160,153,153,153,153,153,153,1,0,0,3,30,1
5.105000,192.63,32.887,19.710,371,318,20.000,20,20,18.000,39.000,55.000,66,59,95,160,155,155,155,155,155,155,1,0,0,3,30,1
5.110000,193.23,33.102,19.870,373,321,20.000,20,20,18.000,39.000,55.000,67,60,96,160,156,156,156,156,156,156,1,0,0,3,30,1
5.115000,193.83,33.314,19.980,376,323,20.000,20,20,18.000,39.000,55.000,67,60,97,160,157,157,157,157,157,157,1,0,0,3,30,1
5.120000,194.43,33.523,20.090,378,325,20.000,20,20,18.000,39.000,55.000,68,61,98,160,158,158,158,158,158,158,1,0,0,3,30,1
5.125000,195.03,33.731,20.250,381,327,20.000,20,20,18.000,39.000,55.000,68,61,98,160,159,159,159,159,159,159,1,0,0,3,30,1
5.130000,195.63,33.935,20.360,383,329,20.000,20,20,18.000,39.000,55.000,68,62,99,160,160,160,160,160,160,160,1,0,0,3,30,1
5.135000,196.23,34.136,20.470,385,332,20.000,20,20,18.000,39.000,55.000,69,62,100,160,162,162,162,162,162,162,1,0,0,3,30,1
5.140000,196.83,34.335,20.580,388,334,20.000,20,20,18.000,39.000,55.000,69,63,101,160,163,163,163,163,163,163,1,0,0,3,30,1
5.145000,197.43,34.531,20.690,390,336,20.000,20,20,18.000,39.000,55.000,70,63,101,160,164,164,164,164,164,164,1,0,0,3,30,1
5.150000,198.03,34.723,20.850,392,338,20.000,20,20,18.000,39.000,55.000,70,64,102,160,165,165,165,165,165,165,1,0,0,3,30,1
5.155000,198.63,34.913,20.960,395,340,20.000,20,20,18.000,39.000,55.000,71,64,103,160,167,167,167,167,167,167,1,0,0,3,30,1
5.160000,199.23,35.099,21.070,397,343,20.000,20,20,18.000,39.000,55.000,71,65,104,160,168,168,168,168,168,168,1,0,0,3,30,1
5.165000,199.83,35.282,21.180,399,345,20.000,20,20,18.000,39.000,55.000,71,65,104,160,169,169,169,169,169,169,1,0,0,3,30,1
5.170000,200.43,35.461,21.280,401,347,20.000,20,20,18.000,39.000,55.000,72,65,105,160,170,170,170,170,170,170,1,0,0,3,30,1
5.175000,201.03,35.637,21.390,403,349,20.000,20,20,18.000,39.000,55.000,72,66,106,160,171,171,171,171,171,171,1,0,0,3,30,1
5.180000,201.63,35.809,21.500,406,352,20.000,20,20,18.000,39.000,55.000,72,67,107,160,173,173,173,173,173,173,1,0,0,3,30,1
5.185000,202.23,35.978,21.560,408,354,20.000,20,20,18.000,39.000,55.000,73,67,107,160,174,174,174,174,174,174,1,0,0,3,30,1
5.190000,202.83,36.142,21.670,410,356,20.000,20,20,18.000,39.000,55.000,73,67,108,160,175,175,175,175,175,175,1,0,0,3,30,1
5.195000,203.43,36.303,21.770,412,358,20.000,20,20,18.000,39.000,55.000,73,68,109,160,176,176,176,176,176,176,1,0,0,3,30,1
5.200000,204.03,36.460,21.880,414,360,20.000,20,20,18.000,39.000,55.000,74,68,109,160,178,178,178,178,178,178,1,0,0,3,30,1
5.205000,204.63,36.613,21.940,416,362,20.000,20,20,18.000,39.000,55.000,74,69,110,160,179,179,179,179,179,179,1,0,0,3,30,1
5.210000,205.23,36.762,22.050,418,365,20.000,20,20,18.000,39.000,55.000,74,69,111,160,180,180,180,180,180,180,1,0,0,3,30,1
5.215000,205.83,36.907,22.150,420,367,20.000,20,20,18.000,39.000,55.000,75,70,112,160,181,181,181,181,181,181,1,0,0,3,30,1
5.220000,206.43,37.047,22.210,421,369,20.000,20,20,18.000,39.000,55.000,75,70,112,160,182,182,182,182,182,182,1,0,0,3,30,1
5.225000,207.03,37.183,22.320,423,371,20.000,20,20,18.000,39.000,55.000,75,71,113,160,184,184,184,184,184,184,1,0,0,3,30,1
5.230000,207.63,37.315,22.370,425,373,20.000,20,20,18.000,39.000,55.000,75,71,114,160,185,185,185,185,185,185,1,0,0,3,30,1
5.235000,208.23,37.443,22.480,427,375,20.000,20,20,18.000,39.000,55.000,76,71,115,160,186,186,186,186,186,186,1,0,0,3,30,1
5.240000,208.83,37.565,22.540,428,377,20.000,20,20,18.000,39.000,55.000,76,72,115,160,187,187,187,187,187,187,1,0,0,3,30,1
5.245000,209.43,37.684,22.590,430,380,20.000,20,20,18.000,39.000,55.000,76,72,116,160,188,188,188,188,188,188,1,0,0,3,30,1
5.250000,210.03,37.797,22.640,431,382,20.000,20,20,18.000,39.000,55.000,76,73,117,160,190,190,190,190,190,190,1,0,0,3,30,1
5.255000,210.63,37.907,22.750,433,384,20.000,20,20,18.000,39.000,55.000,77,73,118,160,191,191,191,191,191,191,1,0,0,3,30,1
5.260000,211.23,38.011,22.810,434,386,20.000,20,20,18.000,39.000,55.000,77,74,118,160,192,192,192,192,192,192,1,0,0,3,30,1
5.265000,211.83,38.110,22.860,436,388,20.000,20,20,18.000,39.000,55.000,77,74,119,160,193,193,193,193,193,193,1,0,0,3,30,1
5.270000,212.43,38.205,22.920,437,390,20.000,20,20,18.000,39.000,55.000,77,75,120,160,194,194,194,194,194,194,1,0,0,3,30,1
5.275000,213.03,38.295,22.970,439,392,20.000,20,20,18.000,39.000,55.000,77,75,120,160,195,195,195,195,195,195,1,0,0,3,30,1
5.280000,213.63,38.380,23.030,440,393,20.000,20,20,18.000,39.000,55.000,78,75,121,160,196,196,196,196,196,196,1,0,0,3,30,1
5.285000,214.23,38.460,23.080,441,395,20.000,20,20,18.000,39.000,55.000,78,76,121,160,197,197,197,197,197,197,1,0,0,3,30,1
5.290000,214.83,38.535,23.130,442,397,20.000,20,20,18.000,39.000,55.000,78,76,122,160,198,198,198,198,198,198,1,0,0,3,30,1
5.295000,215.43,38.605,23.130,443,399,20.000,20,20,18.000,39.000,55.000,78,76,123,160,199,199,199,199,199,199,1,0,0,3,30,1
5.300000,216.03,38.670,23.190,445,401,20.000,20,20,18.000,39.000,55.000,78,77,123,160,200,200,200,200,200,200,1,0,0,3,30,1
5.305000,216.63,38.730,23.240,446,403,20.000,20,20,18.000,39.000,55.000,78,77,124,160,201,201,201,201,201,201,1,0,0,3,30,1
5.310000,217.23,38.784,23.240,447,404,20.000,20,20,18.000,39.000,55.000,78,78,124,160,202,202,202,202,202,202,1,0,0,3,30,1
5.315000,217.83,38.834,23.300,447,406,20.000,20,20,18.000,39.000,55.000,78,78,125,160,203,203,203,203,203,203,1,0,0,3,30,1
5.320000,218.43,38.878,23.300,448,408,20.000,20,20,18.000,39.000,55.000,78,78,126,160,204,204,204,204,204,204,1,0,0,3,30,1
5.325000,219.03,38.917,23.350,449,409,20.000,20,20,18.000,39.000,55.000,79,79,126,160,204,204,204,204,204,204,1,0,0,3,30,1
5.330000,219.63,38.951,23.350,450,411,20.000,20,20,18.000,39.000,55.000,79,79,127,160,206,206,206,206,206,206,1,0,0,3,30,1
5.335000,220.23,38.979,23.410,451,413,20.000,20,20,18.000,39.000,55.000,79,79,127,160,207,207,207,207,207,207,1,0,0,3,30,1
5.340000,220.83,39.002,23.410,451,414,20.000,20,20,18.000,39.000,55.000,79,80,128,160,207,207,207,207,207,207,1,0,0,3,30,1
5.345000,221.43,39.020,23.410,452,416,20.000,20,20,18.000,39.000,55.000,79,80,128,160,208,208,208,208,208,208,1,0,0,3,30,1
5.350000,222.03,39.033,23.410,452,417,20.000,20,20,18.000,39.000,55.000,79,80,129,160,209,209,209,209,209,209,1,0,0,3,30,1
5.355000,222.63,39.040,23.410,453,418,20.000,20,20,18.000,39.000,55.000,79,80,129,160,209,209,209,209,209,209,1,0,0,3,30,1
5.360000,223.23,39.042,23.410,453,420,20.000,20,20,18.000,39.000,55.000,79,81,130,160,210,210,210,210,210,210,1,0,0,3,30,1
5.365000,223.83,39.038,23.410,454,421,20.000,20,20,18.000,39.000,55.000,79,81,130,160,211,211,211,211,211,211,1,0,0,3,30,1
5.370000,224.43,39.029,23.410,454,422,20.000,20,20,18.000,39.000,55.000,79,81,130,160,212,212,212,212,212,212,1,0,0,3,30,1
5.375000,225.03,39.015,23.410,454,424,20.000,20,20,18.000,39.000,55.000,79,82,131,160,213,213,213,213,213,213,1,0,0,3,30,1
5.380000,225.63,38.996,23.410,454,425,20.000,20,20,18.000,39.000,55.000,79,82,131,160,213,213,213,213,213,213,1,0,0,3,30,1
5.385000,226.23,38.971,23.410,454,426,20.000,20,20,18.000,39.000,55.000,79,82,132,160,214,214,214,214,214,214,1,0,0,3,30,1
5.390000,226.83,38.941,23.350,455,427,20.000,20,20,18.000,39.000,55.000,79,82,132,160,214,214,214,214,214,214,1,0,0,3,30,1
5.395000,227.43,38.905,23.350,455,428,20.000,20,20,18.000,39.000,55.000,79,83,133,160,215,215,215,215,215,215,1,0,0,3,30,1
5.400000,228.03,38.864,23.300,455,429,20.000,20,20,18.000,39.000,55.000,78,83,133,160,215,215,215,215,215,215,1,0,0,3,30,1
5.405000,228.63,38.818,23.300,455,430,20.000,20,20,18.000,39.000,55.000,78,83,133,160,216,216,216,216,216,216,1,0,0,3,30,1
5.410000,229.23,38.766,23.240,454,431,20.000,20,20,18.000,39.000,55.000,78,83,134,160,216,216,216,216,216,216,1,0,0,3,30,1
5.415000,229.83,38.710,23.240,454,432,20.000,20,20,18.000,39.000,55.000,78,83,134,160,217,217,217,217,217,217,1,0,0,3,30,1
5.420000,230.43,38.648,23.190,454,433,20.000,20,20,18.000,39.000,55.000,78,84,134,160,218,218,218,218,218,218,1,0,0,3,30,1
5.425000,231.03,38.580,23.130,454,434,20.000,20,20,18.000,39.000,55.000,78,84,135,160,218,218,218,218,218,218,1,0,0,3,30,1
5.430000,231.63,38.508,23.080,453,435,20.000,20,20,18.000,39.000,55.000,78,84,135,160,219,219,219,219,219,219,1,0,0,3,30,1
5.435000,232.23,38.430,23.030,453,435,20.000,20,20,18.000,39.000,55.000,78,84,135,160,219,219,219,219,219,219,1,0,0,3,30,1
5.440000,232.83,38.347,23.030,452,436,20.000,20,20,18.000,39.000,55.000,78,84,135,160,219,219,219,219,219,219,1,0,0,3,30,1
5.445000,233.43,38.259,22.970,452,437,20.000,20,20,18.000,39.000,55.000,77,85,136,160,220,220,220,220,220,220,1,0,0,3,30,1
5.450000,234.03,38.166,22.920,451,437,20.000,20,20,18.000,39.000,55.000,77,85,136,160,220,220,220,220,220,220,1,0,0,3,30,1
5.455000,234.63,38.068,22.810,451,438,20.000,20,20,18.000,39.000,55.000,77,85,136,160,220,220,220,220,220,220,1,0,0,3,30,1
5.460000,235.23,37.965,22.750,450,438,20.000,20,20,18.000,39.000,55.000,77,85,136,160,220,220,220,220,220,220,1,0,0,3,30,1
5.465000,235.83,37.857,22.700,449,439,20.000,20,20,18.000,39.000,55.000,76,85,136,160,221,221,221,221,221,221,1,0,0,3,30,1
5.470000,236.43,37.744,22.640,448,439,20.000,20,20,18.000,39.000,55.000,76,85,136,160,221,221,221,221,221,221,1,0,0,3,30,1
5.475000,237.03,37.626,22.590,447,439,20.000,20,20,18.000,39.000,55.000,76,85,136,160,221,221,221,221,221,221,1,0,0,3,30,1
5.480000,237.63,37.503,22.480,446,440,20.000,20,20,18.000,39.000,55.000,76,85,137,160,221,221,221,221,221,221,1,0,0,3,30,1
5.485000,238.23,37.376,22.430,445,440,20.000,20,20,18.000,39.000,55.000,75,85,137,160,221,221,221,221,221,221,1,0,0,3,30,1
5.490000,238.83,37.243,22.320,444,440,20.000,20,20,18.000,39.000,55.000,75,85,137,160,221,221,221,221,221,221,1,0,0,3,30,1
5.495000,239.43,37.106,22.260,443,440,20.000,20,20,18.000,39.000,55.000,75,85,137,160,221,221,221,221,221,221,1,0,0,3,30,1
5.500000,240.03,36.965,22.150,442,440,20.000,20,20,18.000,39.000,55.000,75,85,137,160,221,221,221,221,221,221,1,0,0,3,30,1
5.505000,240.63,36.819,22.100,441,440,20.000,20,20,18.000,39.000,55.000,74,85,137,160,221,221,221,221,221,221,1,0,0,3,30,1
5.510000,241.23,36.668,21.990,439,440,20.000,20,20,18.000,39.000,55.000,74,85,137,160,221,221,221,221,221,221,1,0,0,3,30,1
5.515000,241.83,36.513,21.880,438,440,20.000,20,20,18.000,39.000,55.000,74,85,137,160,221,221,221,221,221,221,1,0,0,3,30,1
5.520000,242.43,36.353,21.830,437,440,20.000,20,20,18.000,39.000,55.000,73,85,137,160,221,221,221,221,221,221,1,0,0,3,30,1
5.525000,243.03,36.189,21.720,435,440,20.000,20,20,18.000,39.000,55.000,73,85,137,160,221,221,221,221,221,221,1,0,0,3,30,1
5.530000,243.63,36.021,21.610,434,440,20.000,20,20,18.000,39.000,55.000,73,85,137,160,221,221,221,221,221,221,1,0,0,3,30,1
5.535000,244.23,35.849,21.500,432,440,20.000,20,20,18.000,39.000,55.000,72,85,137,160,221,221,221,221,221,221,1,0,0,3,30,1
5.540000,244.83,35.673,21.390,431,440,20.000,20,20,18.000,39.000,55.000,72,85,137,160,221,221,221,221,221,221,1,0,0,3,30,1
5.545000,245.43,35.492,21.280,429,440,20.000,20,20,18.000,39.000,55.000,72,85,137,160,221,221,221,221,221,221,1,0,0,3,30,1
5.550000,246.03,35.308,21.180,427,439,20.000,20,20,18.000,39.000,55.000,71,85,136,160,221,221,221,221,221,221,1,0,0,3,30,1
5.555000,246.63,35.120,21.070,426,439,20.000,20,20,18.000,39.000,55.000,71,85,136,160,221,221,221,221,221,221,1,0,0,3,30,1
5.560000,247.23,34.928,20.960,424,439,20.000,20,20,18.000,39.000,55.000,71,85,136,160,221,221,221,221,221,221,1,0,0,3,30,1
5.565000,247.83,34.732,20.850,422,439,20.000,20,20,18.000,39.000,55.000,70,85,136,160,221,221,221,221,221,221,1,0,0,3,30,1
5.570000,248.43,34.533,20.690,420,438,20.000,20,20,18.000,39.000,55.000,70,85,136,160,220,220,220,220,220,220,1,0,0,3,30,1
5.575000,249.03,34.330,20.580,418,438,20.000,20,20,18.000,39.000,55.000,69,85,136,160,220,220,220,220,220,220,1,0,0,3,30,1
5.580000,249.63,34.123,20.470,416,438,20.000,20,20,18.000,39.000,55.000,69,85,136,160,220,220,220,220,220,220,1,0,0,3,30,1
5.585000,250.23,33.913,20.360,414,437,20.000,20,20,18.000,39.000,55.000,68,85,136,160,220,220,220,220,220,220,1,0,0,3,30,1
5.590000,250.83,33.700,20.200,412,437,20.000,20,20,18.000,39.000,55.000,68,85,136,160,220,220,220,220,220,220,1,0,0,3,30,1
5.595000,251.43,33.484,20.090,410,436,20.000,20,20,18.000,39.000,55.000,68,84,135,160,219,219,219,219,219,219,1,0,0,3,30,1
5.600000,252.03,33.265,19.920,408,436,20.000,20,20,18.000,39.000,55.000,67,84,135,160,219,219,219,219,219,219,1,0,0,3,30,1
5.605000,252.63,33.042,19.820,406,435,20.000,20,20,18.000,39.000,55.000,67,84,135,160,219,219,219,219,219,219,1,0,0,3,30,1
5.610000,253.23,32.817,19.710,403,435,20.000,20,20,18.000,39.000,55.000,66,84,135,160,219,219,219,219,219,219,1,0,0,3,30,1
5.615000,253.83,32.589,19.540,401,434,20.000,20,20,18.000,39.000,55.000,66,84,135,160,218,218,218,218,218,218,1,0,0,3,30,1
5.620000,254.43,32.358,19.440,399,433,20.000,20,20,18.000,39.000,55.000,65,84,134,160,218,218,218,218,218,218,1,0,0,3,30,1
5.625000,255.03,32.125,19.270,397,433,20.000,20,20,18.000,39.000,55.000,65,84,134,160,218,218,218,218,218,218,1,0,0,3,30,1
5.630000,255.63,31.889,19.110,394,432,20.000,20,20,18.000,39.000,55.000,64,83,134,160,217,217,217,217,217,217,1,0,0,3,30,1
5.635000,256.23,31.650,19.000,392,431,20.000,20,20,18.000,39.000,55.000,64,83,134,160,216,216,216,216,216,216,1,0,0,3,30,1
5.640000,256.83,31.409,18.840,389,431,20.000,20,20,18.000,39.000,55.000,63,83,134,160,216,216,216,216,216,216,1,0,0,3,30,1
5.645000,257.43,31.167,18.670,387,430,20.000,20,20,18.000,39.000,55.000,63,83,133,160,216,216,216,216,216,216,1,0,0,3,30,1
5.650000,258.03,30.922,18.560,384,429,20.000,20,20,18.000,39.000,55.000,62,83,133,160,215,215,215,215,215,215,1,0,0,3,30,1
5.655000,258.63,30.674,18.400,382,428,20.000,20,20,18.000,39.000,55.000,62,83,133,160,215,215,215,215,215,215,1,0,0,3,30,1
5.660000,259.23,30.426,18.240,379,427,20.000,20,20,18.000,39.000,55.000,61,82,132,160,214,214,214,214,214,214,1,0,0,3,30,1
5.665000,259.83,30.175,18.080,377,426,20.000,20,20,18.000,39.000,55.000,61,82,132,160,214,214,214,214,214,214,1,0,0,3,30,1
5.670000,260.43,29.922,17.970,374,425,20.000,20,20,18.000,39.000,55.000,60,82,131,160,213,213,213,213,213,213,1,0,0,3,30,1
5.675000,261.03,29.668,17.800,371,424,20.000,20,20,18.000,39.000,55.000,60,82,131,160,213,213,213,213,213,213,1,0,0,3,30,1
5.680000,261.63,29.413,17.640,369,423,20.000,20,20,18.000,39.000,55.000,59,82,131,160,212,212,212,212,212,212,1,0,0,3,30,1
5.685000,262.23,29.156,17.480,366,422,20.000,20,20,18.000,39.000,55.000,59,81,130,160,212,212,212,212,212,212,1,0,0,3,30,1
5.690000,262.83,28.898,17.310,363,421,20.000,20,20,18.000,39.000,55.000,58,81,130,160,211,211,211,211,211,211,1,0,0,3,30,1
5.695000,263.43,28.639,17.210,361,420,20.000,20,20,18.000,39.000,55.000,58,81,130,160,210,210,210,210,210,210,1,0,0,3,30,1
5.700000,264.03,28.379,17.040,358,419,20.000,20,20,18.000,39.000,55.000,57,81,129,160,210,210,210,210,210,210,1,0,0,3,30,1
5.705000,264.63,28.118,16.880,355,418,20.000,20,20,18.000,39.000,55.000,57,80,129,160,209,209,209,209,209,209,1,0,0,3,30,1
5.710000,265.23,27.856,16.720,352,416,20.000,20,20,18.000,39.000,55.000,56,80,128,160,208,208,208,208,208,208,1,0,0,3,30,1
5.715000,265.83,27.594,16.550,350,415,20.000,20,20,18.000,39.000,55.000,56,80,128,160,208,208,208,208,208,208,1,0,0,3,30,1
5.720000,266.43,27.330,16.390,347,414,20.000,20,20,18.000,39.000,55.000,55,80,128,160,207,207,207,207,207,207,1,0,0,3,30,1
5.725000,267.03,27.067,16.230,344,412,20.000,20,20,18.000,39.000,55.000,54,79,127,160,206,206,206,206,206,206,1,0,0,3,30,1
5.730000,267.63,26.803,16.060,341,411,20.000,20,20,18.000,39.000,55.000,54,79,127,160,206,206,206,206,206,206,1,0,0,3,30,1
5.735000,268.23,26.539,15.900,338,410,20.000,20,20,18.000,39.000,55.000,53,79,126,160,205,205,205,205,205,205,1,0,0,3,30,1
5.740000,268.83,26.275,15.740,336,408,20.000,20,20,18.000,39.000,55.000,53,78,126,160,204,204,204,204,204,204,1,0,0,3,30,1
5.745000,269.43,26.011,15.570,333,407,20.000,20,20,18.000,39.000,55.000,52,78,125,160,203,203,203,203,203,203,1,0,0,3,30,1
5.750000,270.03,25.747,15.460,330,405,20.000,20,20,18.000,39.000,55.000,52,78,125,160,202,202,202,202,202,202,1,0,0,3,30,1
5.755000,270.63,25.483,15.300,327,404,20.000,20,20,18.000,39.000,55.000,51,78,124,160,202,202,202,202,202,202,1,0,0,3,30,1
5.760000,271.23,25.220,15.140,324,402,20.000,20,20,18.000,39.000,55.000,51,77,124,160,201,201,201,201,201,201,1,0,0,3,30,1
5.765000,271.83,24.957,14.970,321,401,20.000,20,20,18.000,39.000,55.000,50,77,123,160,200,200,200,200,200,200,1,0,0,3,30,1
5.770000,272.43,24.695,14.810,318,399,20.000,20,20,18.000,39.000,55.000,50,76,123,160,199,199,199,199,199,199,1,0,0,3,30,1
5.775000,273.03,24.433,14.650,315,398,20.000,20,20,18.000,39.000,55.000,49,76,122,160,198,198,198,198,198,198,1,0,0,3,30,1
5.780000,273.63,24.172,14.490,313,396,20.000,20,20,18.000,39.000,55.000,49,76,122,160,197,197,197,197,197,197,1,0,0,3,30,1
5.785000,274.23,23.912,14.320,310,394,20.000,20,20,18.000,39.000,55.000,48,75,121,160,196,196,196,196,196,196,1,0,0,3,30,1
5.790000,274.83,23.654,14.210,307,393,20.000,20,20,18.000,39.000,55.000,48,75,121,160,196,196,196,196,196,196,1,0,0,3,30,1
5.795000,275.43,23.396,14.050,304,391,20.000,20,20,18.000,39.000,55.000,47,75,120,160,195,195,195,195,195,195,1,0,0,3,30,1
5.800000,276.03,23.140,13.890,301,389,20.000,20,20,18.000,39.000,55.000,47,74,119,160,194,194,194,194,194,194,1,0,0,3,30,1
5.805000,276.63,22.885,13.720,298,388,20.000,20,20,18.000,39.000,55.000,46,74,119,160,193,193,193,193,193,193,1,0,0,3,30,1
5.810000,277.23,22.632,13.560,295,386,20.000,20,20,18.000,39.000,55.000,45,74,118,160,192,192,192,192,192,192,1,0,0,3,30,1
5.815000,277.83,22.380,13.400,293,384,20.000,20,20,18.000,39.000,55.000,45,73,118,160,191,191,191,191,191,191,1,0,0,3,30,1
5.820000,278.43,22.130,13.290,290,382,20.000,20,20,18.000,39.000,55.000,45,73,117,160,190,190,190,190,190,190,1,0,0,3,30,1
5.825000,279.03,21.882,13.130,287,380,20.000,20,20,18.000,39.000,55.000,44,72,116,160,188,188,188,188,188,188,1,0,0,3,30,1
5.830000,279.63,21.635,12.960,284,379,20.000,20,20,18.000,39.000,55.000,43,72,116,160,188,188,188,188,188,188,1,0,0,3,30,1
5.835000,280.23,21.391,12.850,281,377,20.000,20,20,18.000,39.000,55.000,43,72,115,160,187,187,187,187,187,187,1,0,0,3,30,1
5.840000,280.83,21.149,12.690,278,375,20.000,20,20,18.000,39.000,55.000,42,71,115,160,186,186,186,186,186,186,1,0,0,3,30,1
5.845000,281.43,20.910,12.530,276,373,20.000,20,20,18.000,39.000,55.000,42,71,114,160,185,185,185,185,185,185,1,0,0,3,30,1
5.850000,282.03,20.672,12.420,273,371,20.000,20,20,18.000,39.000,55.000,42,71,113,160,184,184,184,184,184,184,1,0,0,3,30,1
5.855000,282.63,20.437,12.260,270,369,20.000,20,20,18.000,39.000,55.000,41,70,112,160,182,182,182,182,182,182,1,0,0,3,30,1
5.860000,283.23,20.205,12.150,268,367,20.000,20,20,18.000,39.000,55.000,41,70,112,160,181,181,181,181,181,181,1,0,0,3,30,1
5.865000,283.83,19.976,11.980,265,365,20.000,20,20,18.000,39.000,55.000,40,69,111,160,180,180,180,180,180,180,1,0,0,3,30,1
5.870000,284.43,19.749,11.870,262,363,20.000,20,20,18.000,39.000,55.000,40,69,110,160,179,179,179,179,179,179,1,0,0,3,30,1
5.875000,285.03,19.525,11.710,260,361,20.000,20,20,18.000,39.000,55.000,39,68,110,160,178,178,178,178,178,178,1,0,0,3,30,1
5.880000,285.63,19.304,11.600,257,359,20.000,20,20,18.000,39.000,55.000,39,68,109,160,177,177,177,177,177,177,1,0,0,3,30,1
5.885000,286.23,19.087,11.440,254,357,20.000,20,20,18.000,39.000,55.000,38,68,108,160,176,176,176,176,176,176,1,0,0,3,30,1
5.890000,286.83,18.872,11.330,252,355,20.000,20,20,18.000,39.000,55.000,38,67,108,160,175,175,175,175,175,175,1,0,0,3,30,1
5.895000,287.43,18.661,11.170,249,353,20.000,20,20,18.000,39.000,55.000,37,67,107,160,174,174,174,174,174,174,1,0,0,3,30,1
5.900000,288.03,18.453,11.060,247,351,20.000,20,20,18.000,39.000,55.000,37,66,106,160,173,173,173,173,173,173,1,0,0,3,30,1
5.905000,288.63,18.249,10.950,244,349,20.000,20,20,18.000,39.000,55.000,37,66,106,160,171,171,171,171,171,171,1,0,0,3,30,1
5.910000,289.23,18.048,10.840,242,347,20.000,20,20,18.000,39.000,55.000,36,65,105,160,170,170,170,170,170,170,1,0,0,3,30,1
5.915000,289.83,17.851,10.730,239,345,20.000,20,20,18.000,39.000,55.000,36,65,104,160,169,169,169,169,169,169,1,0,0,3,30,1
5.920000,290.43,17.658,10.570,237,343,20.000,20,20,18.000,39.000,55.000,35,65,104,160,168,168,168,168,168,168,1,0,0,3,30,1
5.925000,291.03,17.468,10.460,235,341,20.000,20,20,18.000,39.000,55.000,35,64,103,160,167,167,167,167,167,167,1,0,0,3,30,1
5.930000,291.63,17.283,10.350,232,339,20.000,20,20,18.000,39.000,55.000,35,64,102,160,166,166,166,166,166,166,1,0,0,3,30,1
5.935000,292.23,17.101,10.240,230,337,20.000,20,20,18.000,39.000,55.000,34,63,102,160,165,165,165,165,165,165,1,0,0,3,30,1
5.940000,292.83,16.924,10.130,228,334,20.000,20,20,18.000,39.000,55.000,34,63,101,160,163,163,163,163,163,163,1,0,0,3,30,1
5.945000,293.43,16.751,10.030,226,332,20.000,20,20,18.000,39.000,55.000,33,62,100,160,162,162,162,162,162,162,1,0,0,3,30,1
5.950000,294.03,16.582,9.970,224,330,20.000,20,20,18.000,39.000,55.000,33,62,99,160,161,161,161,161,161,161,1,0,0,3,30,1
5.955000,294.63,16.417,9.860,222,328,20.000,20,20,18.000,39.000,55.000,33,61,99,160,160,160,160,160,160,160,1,0,0,3,30,1
5.960000,295.23,16.257,9.750,219,326,20.000,20,20,18.000,39.000,55.000,33,61,98,160,159,159,159,159,159,159,1,0,0,3,30,1
5.965000,295.83,16.101,9.640,217,324,20.000,20,20,18.000,39.000,55.000,32,61,97,160,158,158,158,158,158,158,1,0,0,3,30,1
5.970000,296.43,15.950,9.590,215,322,20.000,20,20,18.000,39.000,55.000,32,60,97,160,157,157,157,157,157,157,1,0,0,3,30,1
5.975000,297.03,15.803,9.480,214,320,20.000,20,20,18.000,39.000,55.000,32,60,96,160,155,155,155,155,155,155,1,0,0,3,30,1
5.980000,297.63,15.661,9.370,212,318,20.000,20,20,18.000,39.000,55.000,31,59,95,160,155,155,155,155,155,155,1,0,0,3,30,1
5.985000,298.23,15.524,9.320,210,315,20.000,20,20,18.000,39.000,55.000,31,59,94,160,153,153,153,153,153,153,1,0,0,3,30,1
5.990000,298.83,15.392,9.210,208,313,20.000,20,20,18.000,39.000,55.000,31,58,93,160,152,152,152,152,152,152,1,0,0,3,30,1
5.995000,299.43,15.265,9.150,206,311,20.000,20,20,18.000,39.000,55.000,31,58,93,160,151,151,151,151,151,151,1,0,0,3,30,1
6.000000,300.03,15.142,9.100,205,309,20.000,20,20,18.000,39.000,55.000,30,57,92,160,150,150,150,150,150,150,1,0,0,3,30,1
6.005000,300.63,15.025,8.990,203,307,20.000,20,20,18.000,39.000,55.000,30,57,91,160,148,148,148,148,148,148,1,0,0,3,30,1
6.010000,301.23,14.912,8.940,201,305,20.000,20,20,18.000,39.000,55.000,30,57,91,160,147,147,147,147,147,147,1,0,0,3,30,1
6.015000,301.83,14.805,8.880,200,303,20.000,20,20,18.000,39.000,55.000,30,56,90,160,146,146,146,146,146,146,1,0,0,3,30,1
6.020000,302.43,14.703,8.830,198,301,20.000,20,20,18.000,39.000,55.000,29,56,89,160,145,145,145,145,145,145,1,0,0,3,30,1
6.025000,303.03,14.606,8.770,197,299,20.000,20,20,18.000,39.000,55.000,29,55,89,160,144,144,144,144,144,144,1,0,0,3,30,1
6.030000,303.63,14.514,8.720,195,297,20.000,20,20,18.000,39.000,55.000,29,55,88,160,143,143,143,143,143,143,1,0,0,3,30,1
6.035000,304.23,14.428,8.670,194,295,20.000,20,20,18.000,39.000,55.000,29,54,87,160,142,142,142,142,142,142,1,0,0,3,30,1
6.040000,304.83,14.347,8.610,193,293,20.000,20,20,18.000,39.000,55.000,29,54,87,160,141,141,141,141,141,141,1,0,0,3,30,1
6.045000,305.43,14.271,8.560,192,291,20.000,20,20,18.000,39.000,55.000,29,54,86,160,140,140,140,140,140,140,1,0,0,3,30,1
6.050000,306.03,14.201,8.500,190,289,20.000,20,20,18.000,39.000,55.000,28,53,85,160,139,139,139,139,139,139,1,0,0,3,30,1
6.055000,306.63,14.136,8.500,189,287,20.000,20,20,18.000,39.000,55.000,28,53,85,160,137,137,137,137,137,137,1,0,0,3,30,1
6.060000,307.23,14.077,8.450,188,285,20.000,20,20,18.000,39.000,55.000,28,52,84,160,136,136,136,136,136,136,1,0,0,3,30,1
6.065000,307.83,14.023,8.390,187,284,20.000,20,20,18.000,39.000,55.000,28,52,84,160,136,136,136,136,136,136,1,0,0,3,30,1
6.070000,308.43,13.975,8.390,186,282,20.000,20,20,18.000,39.000,55.000,28,52,83,160,135,135,135,135,135,135,1,0,0,3,30,1
6.075000,309.03,13.933,8.340,186,280,20.000,20,20,18.000,39.000,55.000,28,51,82,160,134,134,134,134,134,134,1,0,0,3,30,1
6.080000,309.63,13.896,8.340,185,278,20.000,20,20,18.000,39.000,55.000,28,51,82,160,132,132,132,132,132,132,1,0,0,3,30,1
6.085000,310.23,13.864,8.340,184,276,20.000,20,20,18.000,39.000,55.000,28,50,81,160,131,131,131,131,131,131,1,0,0,3,30,1
6.090000,310.83,13.838,8.280,183,274,20.000,20,20,18.000,39.000,55.000,28,50,80,160,130,130,130,130,130,130,1,0,0,3,30,1
6.095000,311.43,13.818,8.280,183,273,20.000,20,20,18.000,39.000,55.000,28,50,80,160,130,130,130,130,130,130,1,0,0,3,30,1
6.100000,312.03,13.804,8.280,182,271,20.000,20,20,18.000,39.000,55.000,28,49,79,160,129,129,129,129,129,129,1,0,0,3,30,1
6.105000,312.63,13.795,8.280,181,269,20.000,20,20,18.000,39.000,55.000,28,49,79,160,128,128,128,128,128,128,1,0,0,3,30,1
6.110000,313.23,13.792,8.280,181,267,20.000,20,20,18.000,39.000,55.000,28,48,78,160,126,126,126,126,126,126,1,0,0,3,30,1
6.115000,313.83,13.795,8.280,181,266,20.000,20,20,18.000,39.000,55.000,28,48,78,160,126,126,126,126,126,126,1,0,0,3,30,1
6.120000,314.43,13.803,8.280,180,264,20.000,20,20,18.000,39.000,55.000,28,48,77,160,125,125,125,125,125,125,1,0,0,3,30,1
6.125000,315.03,13.817,8.280,180,262,20.000,20,20,18.000,39.000,55.000,28,47,76,160,124,124,124,124,124,124,1,0,0,3,30,1
6.130000,315.63,13.837,8.280,180,261,20.000,20,20,18.000,39.000,55.000,28,47,76,160,123,123,123,123,123,123,1,0,0,3,30,1
6.135000,316.23,13.862,8.280,180,259,20.000,20,20,18.000,39.000,55.000,28,47,75,160,122,122,122,122,122,122,1,0,0,3,30,1
6.140000,316.83,13.893,8.340,180,258,20.000,20,20,18.000,39.000,55.000,28,47,75,160,122,122,122,122,122,122,1,0,0,3,30,1
6.145000,317.43,13.930,8.340,179,256,20.000,20,20,18.000,39.000,55.000,28,46,74,160,120,120,120,120,120,120,1,0,0,3,30,1
6.150000,318.03,13.972,8.390,179,255,20.000,20,20,18.000,39.000,55.000,28,46,74,160,120,120,120,120,120,120,1,0,0,3,30,1
6.155000,318.63,14.021,8.390,180,253,20.000,20,20,18.000,39.000,55.000,28,46,73,160,119,119,119,119,119,119,1,0,0,3,30,1
6.160000,319.23,14.074,8.450,180,252,20.000,20,20,18.000,39.000,55.000,28,45,73,160,118,118,118,118,118,118,1,0,0,3,30,1
6.165000,319.83,14.134,8.500,180,251,20.000,20,20,18.000,39.000,55.000,28,45,72,160,118,118,118,118,118,118,1,0,0,3,30,1
6.170000,320.43,14.199,8.500,180,249,20.000,20,20,18.000,39.000,55.000,28,45,72,160,117,117,117,117,117,117,1,0,0,3,30,1
6.175000,321.03,14.269,8.560,180,248,20.000,20,20,18.000,39.000,55.000,29,44,71,160,116,116,116,116,116,116,1,0,0,3,30,1
6.180000,321.63,14.345,8.610,181,247,20.000,20,20,18.000,39.000,55.000,29,44,71,160,115,115,115,115,115,115,1,0,0,3,30,1
6.185000,322.23,14.427,8.670,181,245,20.000,20,20,18.000,39.000,55.000,29,44,70,160,114,114,114,114,114,114,1,0,0,3,30,1
6.190000,322.83,14.514,8.720,182,244,20.000,20,20,18.000,39.000,55.000,29,44,70,160,114,114,114,114,114,114,1,0,0,3,30,1
6.195000,323.43,14.607,8.770,182,243,20.000,20,20,18.000,39.000,55.000,29,43,70,160,113,113,113,113,113,113,1,0,0,3,30,1
6.200000,324.03,14.705,8.830,183,242,20.000,20,20,18.000,39.000,55.000,29,43,69,160,113,113,113,113,113,113,1,0,0,3,30,1
6.205000,324.63,14.809,8.880,184,241,20.000,20,20,18.000,39.000,55.000,30,43,69,160,112,112,112,112,112,112,1,0,0,3,30,1
6.210000,325.23,14.917,8.940,184,240,20.000,20,20,18.000,39.000,55.000,30,43,69,160,112,112,112,112,112,112,1,0,0,3,30,1
6.215000,325.83,15.032,9.050,185,239,20.000,20,20,18.000,39.000,55.000,30,43,68,160,111,111,111,111,111,111,1,0,0,3,30,1
6.220000,326.43,15.151,9.100,186,238,20.000,20,20,18.000,39.000,55.000,30,42,68,160,111,111,111,111,111,111,1,0,0,3,30,1
6.225000,327.03,15.276,9.150,187,237,20.000,20,20,18.000,39.000,55.000,31,42,68,160,110,110,110,110,110,110,1,0,0,3,30,1
6.230000,327.63,15.406,9.260,188,236,20.000,20,20,18.000,39.000,55.000,31,42,67,160,109,109,109,109,109,109,1,0,0,3,30,1
6.235000,328.23,15.541,9.320,189,235,20.000,20,20,18.000,39.000,55.000,31,42,67,160,109,109,109,109,109,109,1,0,0,3,30,1
6.240000,328.83,15.681,9.430,190,234,20.000,20,20,18.000,39.000,55.000,31,42,67,160,108,108,108,108,108,108,1,0,0,3,30,1
6.245000,329.43,15.826,9.480,191,233,20.000,20,20,18.000,39.000,55.000,32,41,66,160,108,108,108,108,108,108,1,0,0,3,30,1
6.250000,330.03,15.976,9.590,193,232,20.000,20,20,18.000,39.000,55.000,32,41,66,160,107,107,107,107,107,107,1,0,0,3,30,1
6.255000,330.63,16.131,9.700,194,232,20.000,20,20,18.000,39.000,55.000,32,41,66,160,107,107,107,107,107,107,1,0,0,3,30,1
6.260000,331.23,16.290,9.750,195,231,20.000,20,20,18.000,39.000,55.000,33,41,66,160,107,107,107,107,107,107,1,0,0,3,30,1
6.265000,331.83,16.455,9.860,197,230,20.000,20,20,18.000,39.000,55.000,33,41,65,160,106,106,106,106,106,106,1,0,0,3,30,1
6.270000,332.43,16.624,9.970,198,230,20.000,20,20,18.000,39.000,55.000,33,41,65,160,106,106,106,106,106,106,1,0,0,3,30,1
6.275000,333.03,16.798,10.080,200,229,20.000,20,20,18.000,39.000,55.000,34,40,65,160,106,106,106,106,106,106,1,0,0,3,30,1
6.280000,333.63,16.977,10.190,201,229,20.000,20,20,18.000,39.000,55.000,34,40,65,160,106,106,106,106,106,106,1,0,0,3,30,1
6.285000,334.23,17.160,10.300,203,228,20.000,20,20,18.000,39.000,55.000,34,40,65,160,105,105,105,105,105,105,1,0,0,3,30,1
6.290000,334.83,17.347,10.410,205,228,20.000,20,20,18.000,39.000,55.000,35,40,65,160,105,105,105,105,105,105,1,0,0,3,30,1
6.295000,335.43,17.539,10.510,207,227,20.000,20,20,18.000,39.000,55.000,35,40,64,160,105,105,105,105,105,105,1,0,0,3,30,1
6.300000,336.03,17.735,10.620,208,227,20.000,20,20,18.000,39.000,55.000,35,40,64,160,105,105,105,105,105,105,1,0,0,3,30,1
6.305000,336.63,17.935,10.790,210,227,20.000,20,20,18.000,39.000,55.000,36,40,64,160,105,105,105,105,105,105,1,0,0,3,30,1
6.310000,337.23,18.140,10.900,212,226,20.000,20,20,18.000,39.000,55.000,36,40,64,160,104,104,104,104,104,104,1,0,0,3,30,1
6.315000,337.83,18.348,11.000,214,226,20.000,20,20,18.000,39.000,55.000,37,40,64,160,104,104,104,104,104,104,1,0,0,3,30,1
6.320000,338.43,18.561,11.110,216,226,20.000,20,20,18.000,39.000,55.000,37,40,64,160,104,104,104,104,104,104,1,0,0,3,30,1
6.325000,339.03,18.777,11.280,218,226,20.000,20,20,18.000,39.000,55.000,38,40,64,160,104,104,104,104,104,104,1,0,0,3,30,1
6.330000,339.63,18.997,11.380,220,226,20.000,20,20,18.000,39.000,55.000,38,40,64,160,104,104,104,104,104,104,1,0,0,3,30,1
6.335000,340.23,19.221,11.550,222,226,20.000,20,20,18.000,39.000,55.000,39,40,64,160,104,104,104,104,104,104,1,0,0,3,30,1
6.340000,340.83,19.448,11.660,225,226,20.000,20,20,18.000,39.000,55.000,39,40,64,160,104,104,104,104,104,104,1,0,0,3,30,1
6.345000,341.43,19.679,11.820,227,226,20.000,20,20,18.000,39.000,55.000,40,40,64,160,104,104,104,104,104,104,1,0,0,3,30,1
6.350000,342.03,19.914,11.930,229,226,20.000,20,20,18.000,39.000,55.000,40,40,64,160,104,104,104,104,104,104,1,0,0,3,30,1
6.355000,342.63,20.151,12.090,231,226,20.000,20,20,18.000,39.000,55.000,40,40,64,160,104,104,104,104,104,104,1,0,0,3,30,1
6.360000,343.23,20.392,12.260,234,226,20.000,20,20,18.000,39.000,55.000,41,40,64,160,104,104,104,104,104,104,1,0,0,3,30,1
6.365000,343.83,20.636,12.360,236,226,20.000,20,20,18.000,39.000,55.000,41,40,64,160,104,104,104,104,104,104,1,0,0,3,30,1
6.370000,344.43,20.883,12.530,239,227,20.000,20,20,18.000,39.000,55.000,42,40,64,160,105,105,105,105,105,105,1,0,0,3,30,1
6.375000,345.03,21.133,12.690,241,227,20.000,20,20,18.000,39.000,55.000,42,40,64,160,105,105,105,105,105,105,1,0,0,3,30,1
6.380000,345.63,21.386,12.850,244,228,20.000,20,20,18.000,39.000,55.000,43,40,65,160,105,105,105,105,105,105,1,0,0,3,30,1
6.385000,346.23,21.641,12.960,246,228,20.000,20,20,18.000,39.000,55.000,43,40,65,160,105,105,105,105,105,105,1,0,0,3,30,1
6.390000,346.83,21.899,13.130,249,229,20.000,20,20,18.000,39.000,55.000,44,40,65,160,106,106,106,106,106,106,1,0,0,3,30,1
6.395000,347.43,22.160,13.290,251,230,20.000,20,20,18.000,39.000,55.000,45,41,65,160,106,106,106,106,106,106,1,0,0,3,30,1
6.400000,348.03,22.423,13.450,254,231,20.000,20,20,18.000,39.000,55.000,45,41,66,160,107,107,107,107,107,107,1,0,0,3,30,1
6.405000,348.63,22.688,13.620,257,232,20.000,20,20,18.000,39.000,55.000,46,41,66,160,107,107,107,107,107,107,1,0,0,3,30,1
6.410000,349.23,22.955,13.780,259,233,20.000,20,20,18.000,39.000,55.000,46,41,66,160,108,108,108,108,108,108,1,0,0,3,30,1
6.415000,349.83,23.225,13.940,262,234,20.000,20,20,18.000,39.000,55.000,47,42,67,160,108,108,108,108,108,108,1,0,0,3,30,1
6.420000,350.43,23.496,14.100,265,235,20.000,20,20,18.000,39.000,55.000,47,42,67,160,109,109,109,109,109,109,1,0,0,3,30,1
6.425000,351.03,23.770,14.270,268,236,20.000,20,20,18.000,39.000,55.000,48,42,67,160,109,109,109,109,109,109,1,0,0,3,30,1
6.430000,351.63,24.045,14.430,271,238,20.000,20,20,18.000,39.000,55.000,48,42,68,160,111,111,111,111,111,111,1,0,0,3,30,1
6.435000,352.23,24.321,14.590,274,239,20.000,20,20,18.000,39.000,55.000,49,43,68,160,111,111,111,111,111,111,1,0,0,3,30,1
6.440000,352.83,24.600,14.760,276,241,20.000,20,20,18.000,39.000,55.000,50,43,69,160,112,112,112,112,112,112,1,0,0,3,30,1
6.445000,353.43,24.879,14.920,279,242,20.000,20,20,18.000,39.000,55.000,50,43,69,160,113,113,113,113,113,113,1,0,0,3,30,1
6.450000,354.03,25.160,15.080,282,244,20.000,20,20,18.000,39.000,55.000,51,44,70,160,114,114,114,114,114,114,1,0,0,3,30,1
6.455000,354.63,25.442,15.250,285,245,20.000,20,20,18.000,39.000,55.000,51,44,70,160,114,114,114,114,114,114,1,0,0,3,30,1
6.460000,355.23,25.725,15.410,288,247,20.000,20,20,18.000,39.000,55.000,52,44,71,160,115,115,115,115,115,115,1,0,0,3,30,1
6.465000,355.83,26.010,15.570,291,249,20.000,20,20,18.000,39.000,55.000,52,45,72,160,117,117,117,117,117,117,1,0,0,3,30,1
6.470000,356.43,26.294,15.790,294,250,20.000,20,20,18.000,39.000,55.000,53,45,72,160,117,117,117,117,117,117,1,0,0,3,30,1
6.475000,357.03,26.580,15.950,297,252,20.000,20,20,18.000,39.000,55.000,54,45,73,160,118,118,118,118,118,118,1,0,0,3,30,1
6.480000,357.63,26.866,16.120,300,254,20.000,20,20,18.000,39.000,55.000,54,46,73,160,119,119,119,119,119,119,1,0,0,3,30,1
6.485000,358.23,27.153,16.280,303,256,20.000,20,20,18.000,39.000,55.000,55,46,74,160,120,120,120,120,120,120,1,0,0,3,30,1
6.490000,358.83,27.440,16.440,307,258,20.000,20,20,18.000,39.000,55.000,55,47,75,160,122,122,122,122,122,122,1,0,0,3,30,1
6.495000,359.43,27.727,16.610,310,260,20.000,20,20,18.000,39.000,55.000,56,47,76,160,123,123,123,123,123,123,1,0,0,3,30,1
6.500000,0.03,28.014,16.820,313,262,20.000,20,20,18.000,39.000,55.000,56,47,76,160,124,124,124,124,124,124,1,0,0,3,30,1
6.505000,0.63,28.302,16.990,316,264,20.000,20,20,18.000,39.000,55.000,57,48,77,160,125,125,125,125,125,125,1,0,0,3,30,1
6.510000,1.23,28.589,17.150,319,266,20.000,20,20,18.000,39.000,55.000,58,48,78,160,126,126,126,126,126,126,1,0,0,3,30,1
6.515000,1.83,28.876,17.310,322,268,20.000,20,20,18.000,39.000,55.000,58,49,78,160,127,127,127,127,127,127,1,0,0,3,30,1
6.520000,2.43,29.162,17.480,325,271,20.000,20,20,18.000,39.000,55.000,59,49,79,160,129,129,129,129,129,129,1,0,0,3,30,1
6.525000,3.03,29.449,17.640,328,273,20.000,20,20,18.000,39.000,55.000,59,50,80,160,130,130,130,130,130,130,1,0,0,3,30,1
6.530000,3.63,29.734,17.860,332,275,20.000,20,20,18.000,39.000,55.000,60,50,81,160,131,131,131,131,131,131,1,0,0,3,30,1
6.535000,4.23,30.019,18.020,335,278,20.000,20,20,18.000,39.000,55.000,61,51,82,160,132,132,132,132,132,132,1,0,0,3,30,1
6.540000,4.83,30.303,18.180,338,280,20.000,20,20,18.000,39.000,55.000,61,51,82,160,134,134,134,134,134,134,1,0,0,3,30,1
6.545000,5.43,30.586,18.350,341,282,20.000,20,20,18.000,39.000,55.000,62,52,83,160,135,135,135,135,135,135,1,0,0,3,30,1
6.550000,6.03,30.868,18.510,344,285,20.000,20,20,18.000,39.000,55.000,62,52,84,160,136,136,136,136,136,136,1,0,0,3,30,1
6.555000,6.63,31.149,18.670,347,287,20.000,20,20,18.000,39.000,55.000,63,53,85,160,137,137,137,137,137,137,1,0,0,3,30,1
6.560000,7.23,31.428,18.840,350,290,20.000,20,20,18.000,39.000,55.000,63,53,86,160,139,139,139,139,139,139,1,0,0,3,30,1
6.565000,7.83,31.706,19.000,353,292,20.000,20,20,18.000,39.000,55.000,64,54,86,160,140,140,140,140,140,140,1,0,0,3,30,1
6.570000,8.43,31.983,19.160,357,295,20.000,20,20,18.000,39.000,55.000,64,54,87,160,142,142,142,142,142,142,1,0,0,3,30,1
6.575000,9.03,32.258,19.330,360,297,20.000,20,20,18.000,39.000,55.000,65,55,88,160,143,143,143,143,143,143,1,0,0,3,30,1
6.580000,9.63,32.531,19.490,363,300,20.000,20,20,18.000,39.000,55.000,66,56,89,160,145,145,145,145,145,145,1,0,0,3,30,1
6.585000,10.23,32.802,19.710,366,302,20.000,20,20,18.000,39.000,55.000,66,56,90,160,146,146,146,146,146,146,1,0,0,3,30,1
6.590000,10.83,33.072,19.820,369,305,20.000,20,20,18.000,39.000,55.000,67,57,91,160,147,147,147,147,147,147,1,0,0,3,30,1
6.595000,11.43,33.339,19.980,372,308,20.000,20,20,18.000,39.000,55.000,67,57,92,160,149,149,149,149,149,149,1,0,0,3,30,1
6.600000,12.03,33.604,20.140,375,310,20.000,20,20,18.000,39.000,55.000,68,58,92,160,150,150,150,150,150,150,1,0,0,3,30,1
6.605000,12.63,33.867,20.310,378,313,20.000,20,20,18.000,39.000,55.000,68,58,93,160,152,152,152,152,152,152,1,0,0,3,30,1
6.610000,13.23,34.127,20.470,381,316,20.000,20,20,18.000,39.000,55.000,69,59,95,160,153,153,153,153,153,153,1,0,0,3,30,1
6.615000,13.83,34.385,20.630,384,318,20.000,20,20,18.000,39.000,55.000,69,59,95,160,155,155,155,155,155,155,1,0,0,3,30,1
6.620000,14.43,34.640,20.790,387,321,20.000,20,20,18.000,39.000,55.000,70,60,96,160,156,156,156,156,156,156,1,0,0,3,30,1
6.625000,15.03,34.892,20.900,390,324,20.000,20,20,18.000,39.000,55.000,70,61,97,160,158,158,158,158,158,158,1,0,0,3,30,1
6.630000,15.63,35.142,21.070,393,327,20.000,20,20,18.000,39.000,55.000,71,61,98,160,159,159,159,159,159,159,1,0,0,3,30,1
6.635000,16.23,35.389,21.230,396,329,20.000,20,20,18.000,39.000,55.000,71,62,99,160,160,160,160,160,160,160,1,0,0,3,30,1
6.640000,16.83,35.632,21.390,399,332,20.000,20,20,18.000,39.000,55.000,72,62,100,160,162,162,162,162,162,162,1,0,0,3,30,1
6.645000,17.43,35.873,21.500,401,335,20.000,20,20,18.000,39.000,55.000,72,63,101,160,164,164,164,164,164,164,1,0,0,3,30,1
6.650000,18.03,36.110,21.670,404,337,20.000,20,20,18.000,39.000,55.000,73,63,102,160,165,165,165,165,165,165,1,0,0,3,30,1
6.655000,18.63,36.344,21.770,407,340,20.000,20,20,18.000,39.000,55.000,73,64,103,160,167,167,167,167,167,167,1,0,0,3,30,1
6.660000,19.23,36.575,21.940,410,343,20.000,20,20,18.000,39.000,55.000,74,65,104,160,168,168,168,168,168,168,1,0,0,3,30,1
6.665000,19.83,36.802,22.050,412,346,20.000,20,20,18.000,39.000,55.000,74,65,105,160,170,170,170,170,170,170,1,0,0,3,30,1
6.670000,20.43,37.025,22.210,415,348,20.000,20,20,18.000,39.000,55.000,75,66,105,160,171,171,171,171,171,171,1,0,0,3,30,1
6.675000,21.03,37.245,22.320,418,351,20.000,20,20,18.000,39.000,55.000,75,66,106,160,173,173,173,173,173,173,1,0,0,3,30,1
6.680000,21.63,37.461,22.480,420,354,20.000,20,20,18.000,39.000,55.000,76,67,107,160,174,174,174,174,174,174,1,0,0,3,30,1
6.685000,22.23,37.673,22.590,423,357,20.000,20,20,18.000,39.000,55.000,76,68,108,160,176,176,176,176,176,176,1,0,0,3,30,1
6.690000,22.83,37.881,22.700,426,359,20.000,20,20,18.000,39.000,55.000,76,68,109,160,177,177,177,177,177,177,1,0,0,3,30,1
6.695000,23.43,38.085,22.860,428,362,20.000,20,20,18.000,39.000,55.000,77,69,110,160,179,179,179,179,179,179,1,0,0,3,30,1
6.700000,24.03,38.285,22.970,431,365,20.000,20,20,18.000,39.000,55.000,77,69,111,160,180,180,180,180,180,180,1,0,0,3,30,1
6.705000,24.63,38.480,23.080,433,368,20.000,20,20,18.000,39.000,55.000,78,70,112,160,182,182,182,182,182,182,1,0,0,3,30,1
6.710000,25.23,38.672,23.190,435,370,20.000,20,20,18.000,39.000,55.000,78,70,113,160,183,183,183,183,183,183,1,0,0,3,30,1
6.715000,25.83,38.859,23.300,438,373,20.000,20,20,18.000,39.000,55.000,78,71,114,160,185,185,185,185,185,185,1,0,0,3,30,1
6.720000,26.43,39.041,23.410,440,376,20.000,20,20,18.000,39.000,55.000,79,72,115,160,186,186,186,186,186,186,1,0,0,3,30,1
6.725000,27.03,39.219,23.510,442,378,20.000,20,20,18.000,39.000,55.000,79,72,116,160,187,187,187,187,187,187,1,0,0,3,30,1
6.730000,27.63,39.393,23.620,445,381,20.000,20,20,18.000,39.000,55.000,80,73,117,160,189,189,189,189,189,189,1,0,0,3,30,1
6.735000,28.23,39.562,23.730,447,383,20.000,20,20,18.000,39.000,55.000,80,73,117,160,190,190,190,190,190,190,1,0,0,3,30,1
6.740000,28.83,39.726,23.840,449,386,20.000,20,20,18.000,39.000,55.000,80,74,118,160,192,192,192,192,192,192,1,0,0,3,30,1
6.745000,29.43,39.885,23.900,451,389,20.000,20,20,18.000,39.000,55.000,80,74,119,160,194,194,194,194,194,194,1,0,0,3,30,1
6.750000,30.03,40.040,24.000,453,391,20.000,20,20,18.000,39.000,55.000,81,75,120,160,195,195,195,195,195,195,1,0,0,3,30,1
6.755000,30.63,40.189,24.110,455,394,20.000,20,20,18.000,39.000,55.000,81,75,121,160,196,196,196,196,196,196,1,0,0,3,30,1
6.760000,31.23,40.334,24.170,457,396,20.000,20,20,18.000,39.000,55.000,81,76,122,160,197,197,197,197,197,197,1,0,0,3,30,1
6.765000,31.83,40.473,24.280,459,399,20.000,20,20,18.000,39.000,55.000,82,76,123,160,199,199,199,199,199,199,1,0,0,3,30,1
6.770000,32.43,40.608,24.380,461,401,20.000,20,20,18.000,39.000,55.000,82,77,123,160,200,200,200,200,200,200,1,0,0,3,30,1
6.775000,33.03,40.737,24.440,462,404,20.000,20,20,18.000,39.000,55.000,82,78,124,160,202,202,202,202,202,202,1,0,0,3,30,1
6.780000,33.63,40.861,24.490,464,406,20.000,20,20,18.000,39.000,55.000,82,78,125,160,203,203,203,203,203,203,1,0,0,3,30,1
6.785000,34.23,40.980,24.600,466,408,20.000,20,20,18.000,39.000,55.000,83,78,126,160,204,204,204,204,204,204,1,0,0,3,30,1
6.790000,34.83,41.094,24.660,467,411,20.000,20,20,18.000,39.000,55.000,83,79,127,160,206,206,206,206,206,206,1,0,0,3,30,1
6.795000,35.43,41.202,24.710,469,413,20.000,20,20,18.000,39.000,55.000,83,79,127,160,207,207,207,207,207,207,1,0,0,3,30,1
6.800000,36.03,41.305,24.770,471,415,20.000,20,20,18.000,39.000,55.000,83,80,128,160,208,208,208,208,208,208,1,0,0,3,30,1
6.805000,36.63,41.403,24.820,472,418,20.000,20,20,18.000,39.000,55.000,84,80,129,160,209,209,209,209,209,209,1,0,0,3,30,1
6.810000,37.23,41.495,24.870,473,420,20.000,20,20,18.000,39.000,55.000,84,81,130,160,210,210,210,210,210,210,1,0,0,3,30,1
6.815000,37.83,41.581,24.930,475,422,20.000,20,20,18.000,39.000,55.000,84,81,130,160,212,212,212,212,212,212,1,0,0,3,30,1
6.820000,38.43,41.662,24.980,476,424,20.000,20,20,18.000,39.000,55.000,84,82,131,160,213,213,213,213,213,213,1,0,0,3,30,1
6.825000,39.03,41.738,25.040,477,426,20.000,20,20,18.000,39.000,55.000,84,82,132,160,214,214,214,214,214,214,1,0,0,3,30,1
6.830000,39.63,41.808,25.090,478,428,20.000,20,20,18.000,39.000,55.000,85,83,133,160,215,215,215,215,215,215,1,0,0,3,30,1
6.835000,40.23,41.872,25.150,480,430,20.000,20,20,18.000,39.000,55.000,85,83,133,160,216,216,216,216,216,216,1,0,0,3,30,1
6.840000,40.83,41.931,25.150,481,432,20.000,20,20,18.000,39.000,55.000,85,83,134,160,217,217,217,217,217,217,1,0,0,3,30,1
6.845000,41.43,41.985,25.200,482,434,20.000,20,20,18.000,39.000,55.000,85,84,135,160,218,218,218,218,218,218,1,0,0,3,30,1
6.850000,42.03,42.032,25.200,483,436,20.000,20,20,18.000,39.000,55.000,85,84,135,160,219,219,219,219,219,219,1,0,0,3,30,1
6.855000,42.63,42.074,25.260,483,438,20.000,20,20,18.000,39.000,55.000,85,85,136,160,220,220,220,220,220,220,1,0,0,3,30,1
6.860000,43.23,42.110,25.260,484,440,20.000,20,20,18.000,39.000,55.000,85,85,137,160,221,221,221,221,221,221,1,0,0,3,30,1
6.865000,43.83,42.141,25.260,485,442,20.000,20,20,18.000,39.000,55.000,85,86,137,160,223,223,223,223,223,223,1,0,0,3,30,1
6.870000,44.43,42.166,25.310,486,443,20.000,20,20,18.000,39.000,55.000,85,86,138,160,223,223,223,223,223,223,1,0,0,3,30,1
6.875000,45.03,42.185,25.310,486,445,20.000,20,20,18.000,39.000,55.000,85,86,138,160,224,224,224,224,224,224,1,0,0,3,30,1
6.880000,45.63,42.198,25.310,487,447,20.000,20,20,18.000,39.000,55.000,85,87,139,160,225,225,225,225,225,225,1,0,0,3,30,1
6.885000,46.23,42.206,25.310,487,448,20.000,20,20,18.000,39.000,55.000,85,87,139,160,226,226,226,226,226,226,1,0,0,3,30,1
6.890000,46.83,42.208,25.310,488,450,20.000,20,20,18.000,39.000,55.000,85,87,140,160,227,227,227,227,227,227,1,0,0,3,30,1
6.895000,47.43,42.204,25.310,488,451,20.000,20,20,18.000,39.000,55.000,85,87,140,160,227,227,227,227,227,227,1,0,0,3,30,1
6.900000,48.03,42.195,25.310,489,453,20.000,20,20,18.000,39.000,55.000,85,88,141,160,229,229,229,229,229,229,1,0,0,3,30,1
6.905000,48.63,42.180,25.310,489,454,20.000,20,20,18.000,39.000,55.000,85,88,141,160,229,229,229,229,229,229,1,0,0,3,30,1
6.910000,49.23,42.159,25.310,489,456,20.000,20,20,18.000,39.000,55.000,85,89,142,160,230,230,230,230,230,230,1,0,0,3,30,1
6.915000,49.83,42.133,25.260,489,457,20.000,20,20,18.000,39.000,55.000,85,89,142,160,231,231,231,231,231,231,1,0,0,3,30,1
6.920000,50.43,42.101,25.260,489,458,20.000,20,20,18.000,39.000,55.000,85,89,143,160,231,231,231,231,231,231,1,0,0,3,30,1
6.925000,51.03,42.063,25.260,489,460,20.000,20,20,18.000,39.000,55.000,85,89,143,160,232,232,232,232,232,232,1,0,0,3,30,1
6.930000,51.63,42.020,25.200,489,461,20.000,20,20,18.000,39.000,55.000,85,90,144,160,233,233,233,233,233,233,1,0,0,3,30,1
6.935000,52.23,41.972,25.200,489,462,20.000,20,20,18.000,39.000,55.000,85,90,144,160,234,234,234,234,234,234,1,0,0,3,30,1
6.940000,52.83,41.917,25.150,489,463,20.000,20,20,18.000,39.000,55.000,85,90,144,160,234,234,234,234,234,234,1,0,0,3,30,1
6.945000,53.43,41.857,25.090,489,464,20.000,20,20,18.000,39.000,55.000,85,90,145,160,235,235,235,235,235,235,1,0,0,3,30,1
6.950000,54.03,41.792,25.090,489,465,20.000,20,20,18.000,39.000,55.000,85,90,145,160,235,235,235,235,235,235,1,0,0,3,30,1
6.955000,54.63,41.721,25.040,488,466,20.000,20,20,18.000,39.000,55.000,84,91,145,160,236,236,236,236,236,236,1,0,0,3,30,1
6.960000,55.23,41.645,24.980,488,467,20.000,20,20,18.000,39.000,55.000,84,91,146,160,236,236,236,236,236,236,1,0,0,3,30,1
6.965000,55.83,41.564,24.930,488,468,20.000,20,20,18.000,39.000,55.000,84,91,146,160,237,237,237,237,237,237,1,0,0,3,30,1
6.970000,56.43,41.477,24.870,487,468,20.000,20,20,18.000,39.000,55.000,84,91,146,160,237,237,237,237,237,237,1,0,0,3,30,1
6.975000,57.03,41.385,24.820,487,469,20.000,20,20,18.000,39.000,55.000,84,91,146,160,237,237,237,237,237,237,1,0,0,3,30,1
6.980000,57.63,41.287,24.770,486,470,20.000,20,20,18.000,39.000,55.000,83,92,147,160,238,238,238,238,238,238,1,0,0,3,30,1
6.985000,58.23,41.184,24.710,485,470,20.000,20,20,18.000,39.000,55.000,83,92,147,160,238,238,238,238,238,238,1,0,0,3,30,1
6.990000,58.83,41.077,24.660,484,471,20.000,20,20,18.000,39.000,55.000,83,92,147,160,239,239,239,239,239,239,1,0,0,3,30,1
6.995000,59.43,40.964,24.550,484,471,20.000,20,20,18.000,39.000,55.000,83,92,147,160,239,239,239,239,239,239,1,0,0,3,30,1
7.000000,60.03,40.846,24.490,483,472,20.000,20,20,18.000,39.000,55.000,82,92,147,160,239,239,239,239,239,239,1,0,0,3,30,1
7.005000,60.63,40.723,24.440,482,472,20.000,20,20,18.000,39.000,55.000,82,92,147,160,239,239,239,239,239,239,1,0,0,3,30,1
7.010000,61.23,40.595,24.330,481,472,20.000,20,20,18.000,39.000,55.000,82,92,147,160,239,239,239,239,239,239,1,0,0,3,30,1
7.015000,61.83,40.462,24.280,480,473,20.000,20,20,18.000,39.000,55.000,82,92,148,160,240,240,240,240,240,240,1,0,0,3,30,1
7.020000,62.43,40.325,24.170,479,473,20.000,20,20,18.000,39.000,55.000,81,92,148,160,240,240,240,240,240,240,1,0,0,3,30,1
7.025000,63.03,40.182,24.110,477,473,20.000,20,20,18.000,39.000,55.000,81,92,148,160,240,240,240,240,240,240,1,0,0,3,30,1
7.030000,63.63,40.035,24.000,476,473,20.000,20,20,18.000,39.000,55.000,81,92,148,160,240,240,240,240,240,240,1,0,0,3,30,1
7.035000,64.23,39.884,23.900,475,473,20.000,20,20,18.000,39.000,55.000,80,92,148,160,240,240,240,240,240,240,1,0,0,3,30,1
7.040000,64.83,39.727,23.840,474,473,20.000,20,20,18.000,39.000,55.000,80,92,148,160,240,240,240,240,240,240,1,0,0,3,30,1
7.045000,65.43,39.567,23.730,472,473,20.000,20,20,18.000,39.000,55.000,80,92,148,160,240,240,240,240,240,240,1,0,0,3,30,1
7.050000,66.03,39.402,23.620,471,473,20.000,20,20,18.000,39.000,55.000,80,92,148,160,240,240,240,240,240,240,1,0,0,3,30,1
7.055000,66.63,39.232,23.510,469,473,20.000,20,20,18.000,39.000,55.000,79,92,148,160,240,240,240,240,240,240,1,0,0,3,30,1
7.060000,67.23,39.059,23.410,468,473,20.000,20,20,18.000,39.000,55.000,79,92,148,160,240,240,240,240,240,240,1,0,0,3,30,1
7.065000,67.83,38.881,23.300,466,473,20.000,20,20,18.000,39.000,55.000,78,92,148,160,240,240,240,240,240,240,1,0,0,3,30,1
7.070000,68.43,38.699,23.190,464,473,20.000,20,20,18.000,39.000,55.000,78,92,148,160,240,240,240,240,240,240,1,0,0,3,30,1
7.075000,69.03,38.513,23.080,463,473,20.000,20,20,18.000,39.000,55.000,78,92,148,160,240,240,240,240,240,240,1,0,0,3,30,1
7.080000,69.63,38.323,22.970,461,473,20.000,20,20,18.000,39.000,55.000,77,92,148,160,240,240,240,240,240,240,1,0,0,3,30,1
7.085000,70.23,38.129,22.860,459,472,20.000,20,20,18.000,39.000,55.000,77,92,147,160,239,239,239,239,239,239,1,0,0,3,30,1
7.090000,70.83,37.932,22.750,457,472,20.000,20,20,18.000,39.000,55.000,77,92,147,160,239,239,239,239,239,239,1,0,0,3,30,1
7.095000,71.43,37.731,22.640,455,472,20.000,20,20,18.000,39.000,55.000,76,92,147,160,239,239,239,239,239,239,1,0,0,3,30,1
7.100000,72.03,37.526,22.540,453,472,20.000,20,20,18.000,39.000,55.000,76,92,147,160,239,239,239,239,239,239,1,0,0,3,30,1
7.105000,72.63,37.318,22.370,451,471,20.000,20,20,18.000,39.000,55.000,75,92,147,160,239,239,239,239,239,239,1,0,0,3,30,1
7.110000,73.23,37.106,22.260,449,471,20.000,20,20,18.000,39.000,55.000,75,92,147,160,239,239,239,239,239,239,1,0,0,3,30,1
7.115000,73.83,36.892,22.150,447,470,20.000,20,20,18.000,39.000,55.000,75,92,147,160,238,238,238,238,238,238,1,0,0,3,30,1
7.120000,74.43,36.674,21.990,445,470,20.000,20,20,18.000,39.000,55.000,74,92,147,160,238,238,238,238,238,238,1,0,0,3,30,1
7.125000,75.03,36.453,21.880,443,470,20.000,20,20,18.000,39.000,55.000,74,92,147,160,238,238,238,238,238,238,1,0,0,3,30,1
7.130000,75.63,36.228,21.720,441,469,20.000,20,20,18.000,39.000,55.000,73,91,146,160,237,237,237,237,237,237,1,0,0,3,30,1
7.135000,76.23,36.001,21.610,439,468,20.000,20,20,18.000,39.000,55.000,73,91,146,160,237,237,237,237,237,237,1,0,0,3,30,1
7.140000,76.83,35.772,21.450,436,468,20.000,20,20,18.000,39.000,55.000,72,91,146,160,237,237,237,237,237,237,1,0,0,3,30,1
7.145000,77.43,35.539,21.340,434,467,20.000,20,20,18.000,39.000,55.000,72,91,146,160,236,236,236,236,236,236,1,0,0,3,30,1
7.150000,78.03,35.304,21.180,432,467,20.000,20,20,18.000,39.000,55.000,71,91,146,160,236,236,236,236,236,236,1,0,0,3,30,1
7.155000,78.63,35.067,21.010,429,466,20.000,20,20,18.000,39.000,55.000,71,91,145,160,236,236,236,236,236,236,1,0,0,3,30,1
7.160000,79.23,34.827,20.900,427,465,20.000,20,20,18.000,39.000,55.000,70,90,145,160,235,235,235,235,235,235,1,0,0,3,30,1
7.165000,79.83,34.584,20.740,424,465,20.000,20,20,18.000,39.000,55.000,70,90,145,160,235,235,235,235,235,235,1,0,0,3,30,1
7.170000,80.43,34.340,20.580,422,464,20.000,20,20,18.000,39.000,55.000,69,90,145,160,235,235,235,235,235,235,1,0,0,3,30,1
7.175000,81.03,34.094,20.470,419,463,20.000,20,20,18.000,39.000,55.000,69,90,144,160,234,234,234,234,234,234,1,0,0,3,30,1
7.180000,81.63,33.845,20.310,417,462,20.000,20,20,18.000,39.000,55.000,68,90,144,160,234,234,234,234,234,234,1,0,0,3,30,1
7.185000,82.23,33.595,20.140,414,461,20.000,20,20,18.000,39.000,55.000,68,90,144,160,233,233,233,233,233,233,1,0,0,3,30,1
7.190000,82.83,33.343,19.980,412,460,20.000,20,20,18.000,39.000,55.000,67,89,143,160,232,232,232,232,232,232,1,0,0,3,30,1
7.195000,83.43,33.090,19.870,409,459,20.000,20,20,18.000,39.000,55.000,67,89,143,160,232,232,232,232,232,232,1,0,0,3,30,1
7.200000,84.03,32.835,19.710,407,458,20.000,20,20,18.000,39.000,55.000,66,89,143,160,231,231,231,231,231,231,1,0,0,3,30,1
7.205000,84.63,32.578,19.540,404,457,20.000,20,20,18.000,39.000,55.000,66,89,142,160,231,231,231,231,231,231,1,0,0,3,30,1
7.210000,85.23,32.321,19.380,401,456,20.000,20,20,18.000,39.000,55.000,65,89,142,160,230,230,230,230,230,230,1,0,0,3,30,1
7.215000,85.83,32.062,19.220,398,455,20.000,20,20,18.000,39.000,55.000,65,88,142,160,230,230,230,230,230,230,1,0,0,3,30,1
7.220000,86.43,31.802,19.050,396,454,20.000,20,20,18.000,39.000,55.000,64,88,141,160,229,229,229,229,229,229,1,0,0,3,30,1
7.225000,87.03,31.541,18.950,393,453,20.000,20,20,18.000,39.000,55.000,64,88,141,160,229,229,229,229,229,229,1,0,0,3,30,1
7.230000,87.63,31.279,18.780,390,452,20.000,20,20,18.000,39.000,55.000,63,88,141,160,228,228,228,228,228,228,1,0,0,3,30,1
7.235000,88.23,31.017,18.620,387,451,20.000,20,20,18.000,39.000,55.000,63,87,140,160,227,227,227,227,227,227,1,0,0,3,30,1
7.240000,88.83,30.754,18.460,385,449,20.000,20,20,18.000,39.000,55.000,62,87,140,160,226,226,226,226,226,226,1,0,0,3,30,1
7.245000,89.43,30.491,18.290,382,448,20.000,20,20,18.000,39.000,55.000,61,87,139,160,226,226,226,226,226,226,1,0,0,3,30,1
7.250000,90.03,30.227,18.130,379,447,20.000,20,20,18.000,39.000,55.000,61,87,139,160,225,225,225,225,225,225,1,0,0,3,30,1
7.255000,90.63,29.963,17.970,376,445,20.000,20,20,18.000,39.000,55.000,60,86,138,160,224,224,224,224,224,224,1,0,0,3,30,1
7.260000,91.23,29.699,17.800,373,444,20.000,20,20,18.000,39.000,55.000,60,86,138,160,224,224,224,224,224,224,1,0,0,3,30,1
7.265000,91.83,29.435,17.640,370,443,20.000,20,20,18.000,39.000,55.000,59,86,138,160,223,223,223,223,223,223,1,0,0,3,30,1
7.270000,92.43,29.170,17.480,368,441,20.000,20,20,18.000,39.000,55.000,59,85,137,160,222,222,222,222,222,222,1,0,0,3,30,1
7.275000,93.03,28.907,17.310,365,440,20.000,20,20,18.000,39.000,55.000,58,85,137,160,221,221,221,221,221,221,1,0,0,3,30,1
7.280000,93.63,28.643,17.210,362,438,20.000,20,20,18.000,39.000,55.000,58,85,136,160,220,220,220,220,220,220,1,0,0,3,30,1
7.285000,94.23,28.380,17.040,359,437,20.000,20,20,18.000,39.000,55.000,57,85,136,160,220,220,220,220,220,220,1,0,0,3,30,1
7.290000,94.83,28.118,16.880,356,435,20.000,20,20,18.000,39.000,55.000,57,84,135,160,219,219,219,219,219,219,1,0,0,3,30,1
7.295000,95.43,27.856,16.720,353,434,20.000,20,20,18.000,39.000,55.000,56,84,135,160,218,218,218,218,218,218,1,0,0,3,30,1
7.300000,96.03,27.595,16.550,350,432,20.000,20,20,18.000,39.000,55.000,56,83,134,160,217,217,217,217,217,217,1,0,0,3,30,1
7.305000,96.63,27.335,16.390,347,430,20.000,20,20,18.000,39.000,55.000,55,83,133,160,216,216,216,216,216,216,1,0,0,3,30,1
7.310000,97.23,27.076,16.230,345,429,20.000,20,20,18.000,39.000,55.000,54,83,133,160,215,215,215,215,215,215,1,0,0,3,30,1
7.315000,97.83,26.818,16.120,342,427,20.000,20,20,18.000,39.000,55.000,54,82,132,160,214,214,214,214,214,214,1,0,0,3,30,1
7.320000,98.43,26.561,15.950,339,426,20.000,20,20,18.000,39.000,55.000,54,82,132,160,214,214,214,214,214,214,1,0,0,3,30,1
7.325000,99.03,26.306,15.790,336,424,20.000,20,20,18.000,39.000,55.000,53,82,131,160,213,213,213,213,213,213,1,0,0,3,30,1
7.330000,99.63,26.052,15.630,333,422,20.000,20,20,18.000,39.000,55.000,52,81,130,160,212,212,212,212,212,212,1,0,0,3,30,1
7.335000,100.23,25.800,15.460,330,420,20.000,20,20,18.000,39.000,55.000,52,81,130,160,210,210,210,210,210,210,1,0,0,3,30,1
7.340000,100.83,25.549,15.360,327,419,20.000,20,20,18.000,39.000,55.000,52,81,129,160,210,210,210,210,210,210,1,0,0,3,30,1
7.345000,101.43,25.301,15.190,325,417,20.000,20,20,18.000,39.000,55.000,51,80,129,160,209,209,209,209,209,209,1,0,0,3,30,1
7.350000,102.03,25.054,15.030,322,415,20.000,20,20,18.000,39.000,55.000,50,80,128,160,208,208,208,208,208,208,1,0,0,3,30,1
7.355000,102.63,24.809,14.870,319,413,20.000,20,20,18.000,39.000,55.000,50,79,127,160,207,207,207,207,207,207,1,0,0,3,30,1
7.360000,103.23,24.566,14.760,316,411,20.000,20,20,18.000,39.000,55.000,50,79,127,160,206,206,206,206,206,206,1,0,0,3,30,1
7.365000,103.83,24.326,14.590,313,409,20.000,20,20,18.000,39.000,55.000,49,79,126,160,204,204,204,204,204,204,1,0,0,3,30,1
7.370000,104.43,24.088,14.430,311,407,20.000,20,20,18.000,39.000,55.000,48,78,125,160,203,203,203,203,203,203,1,0,0,3,30,1
7.375000,105.03,23.852,14.320,308,406,20.000,20,20,18.000,39.000,55.000,48,78,125,160,203,203,203,203,203,203,1,0,0,3,30,1
7.380000,105.63,23.619,14.160,305,404,20.000,20,20,18.000,39.000,55.000,47,78,124,160,202,202,202,202,202,202,1,0,0,3,30,1
7.385000,106.23,23.388,14.050,303,402,20.000,20,20,18.000,39.000,55.000,47,77,124,160,201,201,201,201,201,201,1,0,0,3,30,1
7.390000,106.83,23.160,13.890,300,400,20.000,20,20,18.000,39.000,55.000,47,77,123,160,200,200,200,200,200,200,1,0,0,3,30,1
7.395000,107.43,22.935,13.780,297,398,20.000,20,20,18.000,39.000,55.000,46,76,122,160,198,198,198,198,198,198,1,0,0,3,30,1
7.400000,108.03,22.713,13.620,295,396,20.000,20,20,18.000,39.000,55.000,46,76,122,160,197,197,197,197,197,197,1,0,0,3,30,1
7.405000,108.63,22.494,13.510,292,394,20.000,20,20,18.000,39.000,55.000,45,75,121,160,196,196,196,196,196,196,1,0,0,3,30,1
7.410000,109.23,22.278,13.340,289,392,20.000,20,20,18.000,39.000,55.000,45,75,120,160,195,195,195,195,195,195,1,0,0,3,30,1
7.415000,109.83,22.065,13.230,287,390,20.000,20,20,18.000,39.000,55.000,44,75,120,160,194,194,194,194,194,194,1,0,0,3,30,1
7.420000,110.43,21.856,13.130,284,388,20.000,20,20,18.000,39.000,55.000,44,74,119,160,193,193,193,193,193,193,1,0,0,3,30,1
7.425000,111.03,21.650,13.020,282,386,20.000,20,20,18.000,39.000,55.000,44,74,118,160,192,192,192,192,192,192,1,0,0,3,30,1
7.430000,111.63,21.447,12.850,279,384,20.000,20,20,18.000,39.000,55.000,43,73,118,160,191,191,191,191,191,191,1,0,0,3,30,1
7.435000,112.23,21.248,12.740,277,382,20.000,20,20,18.000,39.000,55.000,43,73,117,160,190,190,190,190,190,190,1,0,0,3,30,1
7.440000,112.83,21.053,12.640,275,380,20.000,20,20,18.000,39.000,55.000,42,72,116,160,188,188,188,188,188,188,1,0,0,3,30,1
7.445000,113.43,20.861,12.530,272,378,20.000,20,20,18.000,39.000,55.000,42,72,116,160,187,187,187,187,187,187,1,0,0,3,30,1
7.450000,114.03,20.673,12.420,270,375,20.000,20,20,18.000,39.000,55.000,42,71,115,160,186,186,186,186,186,186,1,0,0,3,30,1
7.455000,114.63,20.489,12.310,268,373,20.000,20,20,18.000,39.000,55.000,41,71,114,160,185,185,185,185,185,185,1,0,0,3,30,1
7.460000,115.23,20.309,12.200,265,371,20.000,20,20,18.000,39.000,55.000,41,71,113,160,184,184,184,184,184,184,1,0,0,3,30,1
7.465000,115.83,20.133,12.090,263,369,20.000,20,20,18.000,39.000,55.000,40,70,112,160,182,182,182,182,182,182,1,0,0,3,30,1
7.470000,116.43,19.962,11.980,261,367,20.000,20,20,18.000,39.000,55.000,40,70,112,160,181,181,181,181,181,181,1,0,0,3,30,1
7.475000,117.03,19.794,11.870,259,365,20.000,20,20,18.000,39.000,55.000,40,69,111,160,180,180,180,180,180,180,1,0,0,3,30,1
7.480000,117.63,19.631,11.770,257,363,20.000,20,20,18.000,39.000,55.000,39,69,110,160,179,179,179,179,179,179,1,0,0,3,30,1
7.485000,118.23,19.471,11.660,255,361,20.000,20,20,18.000,39.000,55.000,39,68,110,160,178,178,178,178,178,178,1,0,0,3,30,1
7.490000,118.83,19.317,11.600,253,359,20.000,20,20,18.000,39.000,55.000,39,68,109,160,177,177,177,177,177,177,1,0,0,3,30,1
7.495000,119.43,19.167,11.490,251,357,20.000,20,20,18.000,39.000,55.000,38,68,108,160,176,176,176,176,176,176,1,0,0,3,30,1
7.500000,120.03,19.021,11.380,249,354,20.000,20,20,18.000,39.000,55.000,38,67,107,160,174,174,174,174,174,174,1,0,0,3,30,1
7.505000,120.63,18.880,11.330,247,352,20.000,20,20,18.000,39.000,55.000,38,67,107,160,173,173,173,173,173,173,1,0,0,3,30,1
7.510000,121.23,18.743,11.220,245,350,20.000,20,20,18.000,39.000,55.000,38,66,106,160,172,172,172,172,172,172,1,0,0,3,30,1
7.515000,121.83,18.611,11.170,243,348,20.000,20,20,18.000,39.000,55.000,37,66,105,160,171,171,171,171,171,171,1,0,0,3,30,1
7.520000,122.43,18.484,11.110,242,346,20.000,20,20,18.000,39.000,55.000,37,65,105,160,170,170,170,170,170,170,1,0,0,3,30,1
7.525000,123.03,18.362,11.000,240,344,20.000,20,20,18.000,39.000,55.000,37,65,104,160,169,169,169,169,169,169,1,0,0,3,30,1
7.530000,123.63,18.245,10.950,238,342,20.000,20,20,18.000,39.000,55.000,37,64,103,160,168,168,168,168,168,168,1,0,0,3,30,1
7.535000,124.23,18.132,10.900,237,340,20.000,20,20,18.000,39.000,55.000,36,64,103,160,167,167,167,167,167,167,1,0,0,3,30,1
7.540000,124.83,18.024,10.790,235,338,20.000,20,20,18.000,39.000,55.000,36,64,102,160,165,165,165,165,165,165,1,0,0,3,30,1
7.545000,125.43,17.922,10.730,234,336,20.000,20,20,18.000,39.000,55.000,36,63,101,160,164,164,164,164,164,164,1,0,0,3,30,1
7.550000,126.03,17.824,10.680,232,334,20.000,20,20,18.000,39.000,55.000,36,63,101,160,163,163,163,163,163,163,1,0,0,3,30,1
7.555000,126.63,17.732,10.620,231,332,20.000,20,20,18.000,39.000,55.000,35,62,100,160,162,162,162,162,162,162,1,0,0,3,30,1
7.560000,127.23,17.644,10.570,230,330,20.000,20,20,18.000,39.000,55.000,35,62,99,160,161,161,161,161,161,161,1,0,0,3,30,1
7.565000,127.83,17.562,10.510,228,328,20.000,20,20,18.000,39.000,55.000,35,61,99,160,160,160,160,160,160,160,1,0,0,3,30,1
7.570000,128.43,17.485,10.510,227,326,20.000,20,20,18.000,39.000,55.000,35,61,98,160,159,159,159,159,159,159,1,0,0,3,30,1
7.575000,129.03,17.413,10.460,226,324,20.000,20,20,18.000,39.000,55.000,35,61,97,160,158,158,158,158,158,158,1,0,0,3,30,1
7.580000,129.63,17.346,10.410,225,322,20.000,20,20,18.000,39.000,55.000,35,60,97,160,157,157,157,157,157,157,1,0,0,3,30,1
7.585000,130.23,17.284,10.350,224,320,20.000,20,20,18.000,39.000,55.000,35,60,96,160,155,155,155,155,155,155,1,0,0,3,30,1
7.590000,130.83,17.228,10.350,223,319,20.000,20,20,18.000,39.000,55.000,35,60,96,160,155,155,155,155,155,155,1,0,0,3,30,1
7.595000,131.43,17.177,10.300,222,317,20.000,20,20,18.000,39.000,55.000,34,59,95,160,154,154,154,154,154,154,1,0,0,3,30,1
7.600000,132.03,17.132,10.300,221,315,20.000,20,20,18.000,39.000,55.000,34,59,94,160,153,153,153,153,153,153,1,0,0,3,30,1
7.605000,132.63,17.091,10.240,220,313,20.000,20,20,18.000,39.000,55.000,34,58,93,160,152,152,152,152,152,152,1,0,0,3,30,1
7.610000,133.23,17.056,10.240,219,311,20.000,20,20,18.000,39.000,55.000,34,58,93,160,151,151,151,151,151,151,1,0,0,3,30,1
7.615000,133.83,17.026,10.190,219,309,20.000,20,20,18.000,39.000,55.000,34,57,92,160,150,150,150,150,150,150,1,0,0,3,30,1
7.620000,134.43,17.002,10.190,218,308,20.000,20,20,18.000,39.000,55.000,34,57,92,160,149,149,149,149,149,149,1,0,0,3,30,1
7.625000,135.03,16.983,10.190,217,306,20.000,20,20,18.000,39.000,55.000,34,57,91,160,148,148,148,148,148,148,1,0,0,3,30,1
7.630000,135.63,16.969,10.190,217,304,20.000,20,20,18.000,39.000,55.000,34,56,90,160,147,147,147,147,147,147,1,0,0,3,30,1
7.635000,136.23,16.961,10.190,216,302,20.000,20,20,18.000,39.000,55.000,34,56,90,160,146,146,146,146,146,146,1,0,0,3,30,1
7.640000,136.83,16.958,10.190,216,301,20.000,20,20,18.000,39.000,55.000,34,56,89,160,145,145,145,145,145,145,1,0,0,3,30,1
7.645000,137.43,16.961,10.190,216,299,20.000,20,20,18.000,39.000,55.000,34,55,89,160,144,144,144,144,144,144,1,0,0,3,30,1
7.650000,138.03,16.968,10.190,215,298,20.000,20,20,18.000,39.000,55.000,34,55,88,160,144,144,144,144,144,144,1,0,0,3,30,1
7.655000,138.63,16.981,10.190,215,296,20.000,20,20,18.000,39.000,55.000,34,55,88,160,142,142,142,142,142,142,1,0,0,3,30,1
7.660000,139.23,17.000,10.190,215,294,20.000,20,20,18.000,39.000,55.000,34,54,87,160,141,141,141,141,141,141,1,0,0,3,30,1
7.665000,139.83,17.024,10.190,215,293,20.000,20,20,18.000,39.000,55.000,34,54,87,160,141,141,141,141,141,141,1,0,0,3,30,1
7.670000,140.43,17.053,10.240,214,291,20.000,20,20,18.000,39.000,55.000,34,54,86,160,140,140,140,140,140,140,1,0,0,3,30,1
7.675000,141.03,17.087,10.240,214,290,20.000,20,20,18.000,39.000,55.000,34,53,86,160,139,139,139,139,139,139,1,0,0,3,30,1
7.680000,141.63,17.126,10.300,214,288,20.000,20,20,18.000,39.000,55.000,34,53,85,160,138,138,138,138,138,138,1,0,0,3,30,1
7.685000,142.23,17.171,10.300,214,287,20.000,20,20,18.000,39.000,55.000,34,53,85,160,137,137,137,137,137,137,1,0,0,3,30,1
7.690000,142.83,17.221,10.350,215,286,20.000,20,20,18.000,39.000,55.000,35,53,84,160,137,137,137,137,137,137,1,0,0,3,30,1
7.695000,143.43,17.276,10.350,215,284,20.000,20,20,18.000,39.000,55.000,35,52,84,160,136,136,136,136,136,136,1,0,0,3,30,1
7.700000,144.03,17.336,10.410,215,283,20.000,20,20,18.000,39.000,55.000,35,52,83,160,135,135,135,135,135,135,1,0,0,3,30,1
7.705000,144.63,17.402,10.460,215,282,20.000,20,20,18.000,39.000,55.000,35,52,83,160,135,135,135,135,135,135,1,0,0,3,30,1
7.710000,145.23,17.472,10.460,216,280,20.000,20,20,18.000,39.000,55.000,35,51,82,160,134,134,134,134,134,134,1,0,0,3,30,1
7.715000,145.83,17.548,10.510,216,279,20.000,20,20,18.000,39.000,55.000,35,51,82,160,133,133,133,133,133,133,1,0,0,3,30,1
7.720000,146.43,17.628,10.570,216,278,20.000,20,20,18.000,39.000,55.000,35,51,82,160,132,132,132,132,132,132,1,0,0,3,30,1
7.725000,147.03,17.714,10.620,217,277,20.000,20,20,18.000,39.000,55.000,35,51,81,160,132,132,132,132,132,132,1,0,0,3,30,1
7.730000,147.63,17.804,10.680,217,275,20.000,20,20,18.000,39.000,55.000,36,50,81,160,131,131,131,131,131,131,1,0,0,3,30,1
7.735000,148.23,17.899,10.730,218,274,20.000,20,20,18.000,39.000,55.000,36,50,80,160,130,130,130,130,130,130,1,0,0,3,30,1
7.740000,148.83,17.999,10.790,219,273,20.000,20,20,18.000,39.000,55.000,36,50,80,160,130,130,130,130,130,130,1,0,0,3,30,1
7.745000,149.43,18.104,10.840,220,272,20.000,20,20,18.000,39.000,55.000,36,50,80,160,129,129,129,129,129,129,1,0,0,3,30,1
7.750000,150.03,18.214,10.950,220,271,20.000,20,20,18.000,39.000,55.000,37,49,79,160,129,129,129,129,129,129,1,0,0,3,30,1
7.755000,150.63,18.328,11.000,221,270,20.000,20,20,18.000,39.000,55.000,37,49,79,160,128,128,128,128,128,128,1,0,0,3,30,1
7.760000,151.23,18.447,11.060,222,269,20.000,20,20,18.000,39.000,55.000,37,49,79,160,128,128,128,128,128,128,1,0,0,3,30,1
7.765000,151.83,18.570,11.110,223,269,20.000,20,20,18.000,39.000,55.000,37,49,79,160,128,128,128,128,128,128,1,0,0,3,30,1
7.770000,152.43,18.698,11.220,224,268,20.000,20,20,18.000,39.000,55.000,38,49,78,160,127,127,127,127,127,127,1,0,0,3,30,1
7.775000,153.03,18.830,11.280,225,267,20.000,20,20,18.000,39.000,55.000,38,48,78,160,126,126,126,126,126,126,1,0,0,3,30,1
7.780000,153.63,18.967,11.380,226,266,20.000,20,20,18.000,39.000,55.000,38,48,78,160,126,126,126,126,126,126,1,0,0,3,30,1
7.785000,154.23,19.108,11.440,228,265,20.000,20,20,18.000,39.000,55.000,38,48,77,160,125,125,125,125,125,125,1,0,0,3,30,1
7.790000,154.83,19.253,11.550,229,265,20.000,20,20,18.000,39.000,55.000,39,48,77,160,125,125,125,125,125,125,1,0,0,3,30,1
7.795000,155.43,19.402,11.660,230,264,20.000,20,20,18.000,39.000,55.000,39,48,77,160,125,125,125,125,125,125,1,0,0,3,30,1
7.800000,156.03,19.555,11.710,232,263,20.000,20,20,18.000,39.000,55.000,39,48,77,160,124,124,124,124,124,124,1,0,0,3,30,1
7.805000,156.63,19.713,11.820,233,263,20.000,20,20,18.000,39.000,55.000,40,48,77,160,124,124,124,124,124,124,1,0,0,3,30,1
7.810000,157.23,19.874,11.930,234,262,20.000,20,20,18.000,39.000,55.000,40,47,76,160,124,124,124,124,124,124,1,0,0,3,30,1
7.815000,157.83,20.039,12.040,236,262,20.000,20,20,18.000,39.000,55.000,40,47,76,160,124,124,124,124,124,124,1,0,0,3,30,1
7.820000,158.43,20.208,12.150,237,261,20.000,20,20,18.000,39.000,55.000,41,47,76,160,123,123,123,123,123,123,1,0,0,3,30,1
7.825000,159.03,20.380,12.200,239,261,20.000,20,20,18.000,39.000,55.000,41,47,76,160,123,123,123,123,123,123,1,0,0,3,30,1
7.830000,159.63,20.557,12.310,241,261,20.000,20,20,18.000,39.000,55.000,41,47,76,160,123,123,123,123,123,123,1,0,0,3,30,1
7.835000,160.23,20.736,12.420,242,260,20.000,20,20,18.000,39.000,55.000,42,47,76,160,123,123,123,123,123,123,1,0,0,3,30,1
7.840000,160.83,20.919,12.530,244,260,20.000,20,20,18.000,39.000,55.000,42,47,76,160,123,123,123,123,123,123,1,0,0,3,30,1
7.845000,161.43,21.106,12.640,246,260,20.000,20,20,18.000,39.000,55.000,42,47,76,160,123,123,123,123,123,123,1,0,0,3,30,1
7.850000,162.03,21.296,12.740,248,259,20.000,20,20,18.000,39.000,55.000,43,47,75,160,122,122,122,122,122,122,1,0,0,3,30,1
7.855000,162.63,21.489,12.910,249,259,20.000,20,20,18.000,39.000,55.000,43,47,75,160,122,122,122,122,122,122,1,0,0,3,30,1
7.860000,163.23,21.685,13.020,251,259,20.000,20,20,18.000,39.000,55.000,44,47,75,160,122,122,122,122,122,122,1,0,0,3,30,1
7.865000,163.83,21.884,13.130,253,259,20.000,20,20,18.000,39.000,55.000,44,47,75,160,122,122,122,122,122,122,1,0,0,3,30,1
7.870000,164.43,22.085,13.230,255,259,20.000,20,20,18.000,39.000,55.000,44,47,75,160,122,122,122,122,122,122,1,0,0,3,30,1
7.875000,165.03,22.290,13.340,257,259,20.000,20,20,18.000,39.000,55.000,45,47,75,160,122,122,122,122,122,122,1,0,0,3,30,1
7.880000,165.63,22.497,13.510,259,259,20.000,20,20,18.000,39.000,55.000,45,47,75,160,122,122,122,122,122,122,1,0,0,3,30,1
7.885000,166.23,22.707,13.620,261,259,20.000,20,20,18.000,39.000,55.000,46,47,75,160,122,122,122,122,122,122,1,0,0,3,30,1
7.890000,166.83,22.920,13.720,263,259,20.000,20,20,18.000,39.000,55.000,46,47,75,160,122,122,122,122,122,122,1,0,0,3,30,1
7.895000,167.43,23.135,13.890,266,259,20.000,20,20,18.000,39.000,55.000,47,47,75,160,122,122,122,122,122,122,1,0,0,3,30,1
7.900000,168.03,23.352,14.000,268,260,20.000,20,20,18.000,39.000,55.000,47,47,76,160,123,123,123,123,123,123,1,0,0,3,30,1
7.905000,168.63,23.571,14.160,270,260,20.000,20,20,18.000,39.000,55.000,47,47,76,160,123,123,123,123,123,123,1,0,0,3,30,1
7.910000,169.23,23.792,14.270,272,260,20.000,20,20,18.000,39.000,55.000,48,47,76,160,123,123,123,123,123,123,1,0,0,3,30,1
7.915000,169.83,24.016,14.430,274,261,20.000,20,20,18.000,39.000,55.000,48,47,76,160,123,123,123,123,123,123,1,0,0,3,30,1
7.920000,170.43,24.241,14.540,277,261,20.000,20,20,18.000,39.000,55.000,49,47,76,160,123,123,123,123,123,123,1,0,0,3,30,1
7.925000,171.03,24.468,14.700,279,262,20.000,20,20,18.000,39.000,55.000,49,47,76,160,124,124,124,124,124,124,1,0,0,3,30,1
7.930000,171.63,24.697,14.810,281,263,20.000,20,20,18.000,39.000,55.000,50,48,77,160,124,124,124,124,124,124,1,0,0,3,30,1
7.935000,172.23,24.927,14.970,284,263,20.000,20,20,18.000,39.000,55.000,50,48,77,160,124,124,124,124,124,124,1,0,0,3,30,1
7.940000,172.83,25.159,15.080,286,264,20.000,20,20,18.000,39.000,55.000,51,48,77,160,125,125,125,125,125,125,1,0,0,3,30,1
7.945000,173.43,25.392,15.250,289,265,20.000,20,20,18.000,39.000,55.000,51,48,77,160,125,125,125,125,125,125,1,0,0,3,30,1
7.950000,174.03,25.626,15.360,291,266,20.000,20,20,18.000,39.000,55.000,52,48,78,160,126,126,126,126,126,126,1,0,0,3,30,1
7.955000,174.63,25.862,15.520,293,267,20.000,20,20,18.000,39.000,55.000,52,48,78,160,126,126,126,126,126,126,1,0,0,3,30,1
7.960000,175.23,26.098,15.630,296,268,20.000,20,20,18.000,39.000,55.000,52,49,78,160,127,127,127,127,127,127,1,0,0,3,30,1
7.965000,175.83,26.335,15.790,298,269,20.000,20,20,18.000,39.000,55.000,53,49,79,160,128,128,128,128,128,128,1,0,0,3,30,1
7.970000,176.43,26.573,15.950,301,271,20.000,20,20,18.000,39.000,55.000,54,49,79,160,129,129,129,129,129,129,1,0,0,3,30,1
7.975000,177.03,26.812,16.060,303,272,20.000,20,20,18.000,39.000,55.000,54,50,80,160,129,129,129,129,129,129,1,0,0,3,30,1
7.980000,177.63,27.051,16.230,306,273,20.000,20,20,18.000,39.000,55.000,54,50,80,160,130,130,130,130,130,130,1,0,0,3,30,1
7.985000,178.23,27.291,16.390,309,275,20.000,20,20,18.000,39.000,55.000,55,50,81,160,131,131,131,131,131,131,1,0,0,3,30,1
7.990000,178.83,27.531,16.500,311,276,20.000,20,20,18.000,39.000,55.000,55,50,81,160,131,131,131,131,131,131,1,0,0,3,30,1
7.995000,179.43,27.772,16.660,314,277,20.000,20,20,18.000,39.000,55.000,56,51,81,160,132,132,132,132,132,132,1,0,0,3,30,1
8.000000,180.00,0.000,0.000,314,279,0.000,20,20,18.000,39.000,55.000,0,51,82,160,133,133,133,133,133,133,1,0,0,3,30,0
8.005000,180.00,0.000,0.000,272,279,0.000,20,20,18.000,39.000,55.000,0,51,82,160,133,133,133,133,133,133,1,0,0,3,30,0
8.010000,180.00,0.000,0.000,236,279,0.000,20,20,18.000,39.000,55.000,0,51,82,160,133,133,133,133,133,133,1,0,0,3,30,0
8.015000,180.00,0.000,0.000,204,278,0.000,20,20,18.000,39.000,55.000,0,51,82,160,132,132,132,132,132,132,1,0,0,3,30,0
8.020000,180.00,0.000,0.000,177,276,0.000,20,20,18.000,39.000,55.000,0,50,81,160,131,131,131,131,131,131,1,0,0,3,30,0
8.025000,180.00,0.000,0.000,153,274,0.000,20,20,18.000,39.000,55.000,0,50,80,160,130,130,130,130,130,130,1,0,0,3,30,0
8.030000,180.00,0.000,0.000,133,271,0.000,20,20,18.000,39.000,55.000,0,49,79,160,129,129,129,129,129,129,1,0,0,3,30,0
8.035000,180.00,0.000,0.000,115,268,0.000,20,20,18.000,39.000,55.000,0,49,78,160,127,127,127,127,127,127,1,0,0,3,30,0
8.040000,180.00,0.000,0.000,100,265,0.000,20,20,18.000,39.000,55.000,0,48,77,160,125,125,125,125,125,125,1,0,0,3,30,0
8.045000,180.00,0.000,0.000,87,262,0.000,20,20,18.000,39.000,55.000,0,47,76,160,124,124,124,124,124,124,1,0,0,3,30,0
8.050000,180.00,0.000,0.000,75,258,0.000,20,20,18.000,39.000,55.000,0,47,75,160,122,122,122,122,122,122,1,0,0,3,30,0
8.055000,180.00,0.000,0.000,65,255,0.000,20,20,18.000,39.000,55.000,0,46,74,160,120,120,120,120,120,120,1,0,0,3,30,0
8.060000,180.00,0.000,0.000,56,251,0.000,20,20,18.000,39.000,55.000,0,45,72,160,118,118,118,118,118,118,1,0,0,3,30,0
8.065000,180.00,0.000,0.000,49,247,0.000,20,20,18.000,39.000,55.000,0,44,71,160,115,115,115,115,115,115,1,0,0,3,30,0
8.070000,180.00,0.000,0.000,42,243,0.000,20,20,18.000,39.000,55.000,0,43,70,160,113,113,113,113,113,113,1,0,0,3,30,0
8.075000,180.00,0.000,0.000,37,239,0.000,20,20,18.000,39.000,55.000,0,43,68,160,111,111,111,111,111,111,1,0,0,3,30,0
8.080000,180.00,0.000,0.000,32,235,0.000,20,20,18.000,39.000,55.000,0,42,67,160,109,109,109,109,109,109,1,0,0,3,30,0
8.085000,180.00,0.000,0.000,28,231,0.000,20,20,18.000,39.000,55.000,0,41,66,160,107,107,107,107,107,107,1,0,0,3,30,0
8.090000,180.00,0.000,0.000,24,227,0.000,20,20,18.000,39.000,55.000,0,40,64,160,105,105,105,105,105,105,1,0,0,3,30,0
8.095000,180.00,0.000,0.000,21,223,0.000,20,20,18.000,39.000,55.000,0,39,63,160,102,102,102,102,102,102,1,0,0,3,30,0
8.100000,180.00,0.000,0.000,18,219,0.000,20,20,18.000,39.000,55.000,0,38,62,160,100,100,100,100,100,100,1,0,0,3,30,0
8.105000,180.00,0.000,0.000,16,215,0.000,20,20,18.000,39.000,55.000,0,37,60,160,98,98,98,98,98,98,1,0,0,3,30,0
8.110000,180.00,0.000,0.000,14,211,0.000,20,20,18.000,39.000,55.000,0,37,59,160,96,96,96,96,96,96,1,0,0,3,30,0
8.115000,180.00,0.000,0.000,12,207,0.000,20,20,18.000,39.000,55.000,0,36,58,160,94,94,94,94,94,94,1,0,0,3,30,0
8.120000,180.00,0.000,0.000,10,203,0.000,20,20,18.000,39.000,55.000,0,35,56,160,91,91,91,91,91,91,1,0,0,3,30,0
8.125000,180.00,0.000,0.000,9,199,0.000,20,20,18.000,39.000,55.000,0,34,55,160,89,89,89,89,89,89,1,0,0,3,30,0
8.130000,180.00,0.000,0.000,8,196,0.000,20,20,18.000,39.000,55.000,0,33,54,160,87,87,87,87,87,87,1,0,0,3,30,0
8.135000,180.00,0.000,0.000,7,192,0.000,20,20,18.000,39.000,55.000,0,33,52,160,85,85,85,85,85,85,1,0,0,3,30,0
8.140000,180.00,0.000,0.000,6,188,0.000,20,20,18.000,39.000,55.000,0,32,51,160,83,83,83,83,83,83,1,0,0,3,30,0
8.145000,180.00,0.000,0.000,5,185,0.000,20,20,18.000,39.000,55.000,0,31,50,160,81,81,81,81,81,81,1,0,0,3,30,0
8.150000,180.00,0.000,0.000,5,181,0.000,20,20,18.000,39.000,55.000,0,30,49,160,79,79,79,79,79,79,1,0,0,3,30,0
8.155000,180.00,0.000,0.000,4,178,0.000,20,20,18.000,39.000,55.000,0,30,48,160,78,78,78,78,78,78,1,0,0,3,30,0
8.160000,180.00,0.000,0.000,3,174,0.000,20,20,18.000,39.000,55.000,0,29,46,160,75,75,75,75,75,75,1,0,0,3,30,0
8.165000,180.00,0.000,0.000,3,171,0.000,20,20,18.000,39.000,55.000,0,28,45,160,74,74,74,74,74,74,1,0,0,3,30,0
8.170000,180.00,0.000,0.000,3,168,0.000,20,20,18.000,39.000,55.000,0,28,44,160,72,72,72,72,72,72,1,0,0,3,30,0
8.175000,180.00,0.000,0.000,2,165,0.000,20,20,18.000,39.000,55.000,0,27,43,160,70,70,70,70,70,70,1,0,0,3,30,0
8.180000,180.00,0.000,0.000,2,161,0.000,20,20,18.000,39.000,55.000,0,26,42,160,68,68,68,68,68,68,1,0,0,3,30,0
8.185000,180.00,0.000,0.000,2,158,0.000,20,20,18.000,39.000,55.000,0,25,41,160,67,67,67,67,67,67,1,0,0,3,30,0
8.190000,180.00,0.000,0.000,2,155,0.000,20,20,18.000,39.000,55.000,0,25,40,160,65,65,65,65,65,65,1,0,0,3,30,0
8.195000,180.00,0.000,0.000,1,152,0.000,20,20,18.000,39.000,55.000,0,24,39,160,63,63,63,63,63,63,1,0,0,3,30,0
8.200000,180.00,0.000,0.000,1,149,0.000,0,0,18.000,39.000,55.000,0,0,0,0,0,0,0,0,0,0,2,144,0,3,70,0
8.205000,180.00,0.000,0.000,1,146,0.000,0,0,18.000,39.000,55.000,0,0,0,0,0,0,0,0,0,0,2,144,0,3,70,0
8.210000,180.00,0.000,0.000,1,144,0.000,0,0,18.000,39.000,55.000,0,0,0,0,0,0,0,0,0,0,2,144,0,3,70,0
8.215000,180.00,0.000,0.000,1,141,0.000,0,0,18.000,39.000,55.000,0,0,0,0,0,0,0,0,0,0,2,144,0,3,70,0
8.220000,180.00,0.000,0.000,1,138,0.000,0,0,18.000,39.000,55.000,0,0,0,0,0,0,0,0,0,0,2,144,0,3,70,0
8.225000,180.00,0.000,0.000,1,135,0.000,0,0,18.000,39.000,55.000,0,0,0,0,0,0,0,0,0,0,2,144,0,3,70,0
8.230000,180.00,0.000,0.000,1,133,0.000,0,0,18.000,39.000,55.000,0,0,0,0,0,0,0,0,0,0,2,144,0,3,70,0
8.235000,180.00,0.000,0.000,1,130,0.000,0,0,18.000,39.000,55.000,0,0,0,0,0,0,0,0,0,0,2,144,0,3,70,0
8.240000,180.00,0.000,0.000,1,128,0.000,0,0,18.000,39.000,55.000,0,0,0,0,0,0,0,0,0,0,2,144,0,3,70,0
8.245000,180.00,0.000,0.000,0,125,0.000,0,0,18.000,39.000,55.000,0,0,0,0,0,0,0,0,0,0,2,144,0,3,70,0
8.250000,180.00,0.000,0.000,0,123,0.000,0,0,18.000,39.000,55.000,0,0,0,0,0,0,0,0,0,0,2,144,0,3,70,0
8.255000,180.00,0.000,0.000,0,120,0.000,0,0,18.000,39.000,55.000,0,0,0,0,0,0,0,0,0,0,2,144,0,3,70,0
8.260000,180.00,0.000,0.000,0,118,0.000,0,0,18.000,39.000,55.000,0,0,0,0,0,0,0,0,0,0,2,144,0,3,70,0
8.265000,180.00,0.000,0.000,0,116,0.000,0,0,18.000,39.000,55.000,0,0,0,0,0,0,0,0,0,0,2,144,0,3,70,0
8.270000,180.00,0.000,0.000,0,113,0.000,0,0,18.000,39.000,55.000,0,0,0,0,0,0,0,0,0,0,2,144,0,3,70,0
8.275000,180.00,0.000,0.000,0,111,0.000,0,0,18.000,39.000,55.000,0,0,0,0,0,0,0,0,0,0,2,144,0,3,70,0
8.280000,180.00,0.000,0.000,0,109,0.000,0,0,18.000,39.000,55.000,0,0,0,0,0,0,0,0,0,0,2,144,0,3,70,0
8.285000,180.00,0.000,0.000,0,107,0.000,0,0,18.000,39.000,55.000,0,0,0,0,0,0,0,0,0,0,2,144,0,3,70,0
8.290000,180.00,0.000,0.000,0,105,0.000,0,0,18.000,39.000,55.000,0,0,0,0,0,0,0,0,0,0,2,144,0,3,70,0
8.295000,180.00,0.000,0.000,0,103,0.000,0,0,18.000,39.000,55.000,0,0,0,0,0,0,0,0,0,0,2,144,0,3,70,0
8.300000,180.00,0.000,0.000,0,101,0.000,0,0,18.000,39.000,55.000,0,0,0,0,0,0,0,0,0,0,2,144,0,3,70,0
8.305000,180.00,0.000,0.000,0,99,0.000,0,0,18.000,39.000,55.000,0,0,0,0,0,0,0,0,0,0,2,144,0,3,70,0
8.310000,180.00,0.000,0.000,0,97,0.000,0,0,18.000,39.000,55.000,0,0,0,0,0,0,0,0,0,0,2,144,0,3,70,0
8.315000,180.00,0.000,0.000,0,95,0.000,0,0,18.000,39.000,55.000,0,0,0,0,0,0,0,0,0,0,2,144,0,3,70,0
8.320000,180.00,0.000,0.000,0,93,0.000,0,0,18.000,39.000,55.000,0,0,0,0,0,0,0,0,0,0,2,144,0,3,70,0
8.325000,180.00,0.000,0.000,0,91,0.000,0,0,18.000,39.000,55.000,0,0,0,0,0,0,0,0,0,0,2,144,0,3,70,0
8.330000,180.00,0.000,0.000,0,90,0.000,0,0,18.000,39.000,55.000,0,0,0,0,0,0,0,0,0,0,2,144,0,3,70,0
8.335000,180.00,0.000,0.000,0,88,0.000,0,0,18.000,39.000,55.000,0,0,0,0,0,0,0,0,0,0,2,144,0,3,70,0
8.340000,180.00,0.000,0.000,0,86,0.000,0,0,18.000,39.000,55.000,0,0,0,0,0,0,0,0,0,0,2,144,0,3,70,0
8.345000,180.00,0.000,0.000,0,85,0.000,0,0,18.000,39.000,55.000,0,0,0,0,0,0,0,0,0,0,2,144,0,3,70,0
8.350000,180.00,0.000,0.000,0,83,0.000,0,0,18.000,39.000,55.000,0,0,0,0,0,0,0,0,0,0,2,144,0,3,70,0
8.355000,180.00,0.000,0.000,0,81,0.000,0,0,18.000,39.000,55.000,0,0,0,0,0,0,0,0,0,0,2,144,0,3,70,0
8.360000,180.00,0.000,0.000,0,80,0.000,0,0,18.000,39.000,55.000,0,0,0,0,0,0,0,0,0,0,2,144,0,3,70,0
8.365000,180.00,0.000,0.000,0,78,0.000,0,0,18.000,39.000,55.000,0,0,0,0,0,0,0,0,0,0,2,144,0,3,70,0
8.370000,180.00,0.000,0.000,0,77,0.000,0,0,18.000,39.000,55.000,0,0,0,0,0,0,0,0,0,0,2,144,0,3,70,0
8.375000,180.00,0.000,0.000,0,75,0.000,0,0,18.000,39.000,55.000,0,0,0,0,0,0,0,0,0,0,2,144,0,3,70,0
8.380000,180.00,0.000,0.000,0,74,0.000,0,0,18.000,39.000,55.000,0,0,0,0,0,0,0,0,0,0,2,144,0,3,70,0
8.385000,180.00,0.000,0.000,0,72,0.000,0,0,18.000,39.000,55.000,0,0,0,0,0,0,0,0,0,0,2,144,0,3,70,0
8.390000,180.00,0.000,0.000,0,71,0.000,0,0,18.000,39.000,55.000,0,0,0,0,0,0,0,0,0,0,2,144,0,3,70,0
8.395000,180.00,0.000,0.000,0,70,0.000,0,0,18.000,39.000,55.000,0,0,0,0,0,0,0,0,0,0,2,144,0,3,70,0
8.400000,180.00,0.000,0.000,0,68,0.000,0,0,18.000,39.000,55.000,0,0,0,0,0,0,0,0,0,0,2,144,0,3,70,0
8.405000,180.00,0.000,0.000,0,67,0.000,0,0,18.000,39.000,55.000,0,0,0,0,0,0,0,0,0,0,2,144,0,3,70,0
8.410000,180.00,0.000,0.000,0,66,0.000,0,0,18.000,39.000,55.000,0,0,0,0,0,0,0,0,0,0,2,144,0,3,70,0
8.415000,180.00,0.000,0.000,0,64,0.000,0,0,18.000,39.000,55.000,0,0,0,0,0,0,0,0,0,0,2,144,0,3,70,0
8.420000,180.00,0.000,0.000,0,63,0.000,0,0,18.000,39.000,55.000,0,0,0,0,0,0,0,0,0,0,2,144,0,3,70,0
8.425000,180.00,0.000,0.000,0,62,0.000,0,0,18.000,39.000,55.000,0,0,0,0,0,0,0,0,0,0,2,144,0,3,70,0
8.430000,180.00,0.000,0.000,0,61,0.000,0,0,18.000,39.000,55.000,0,0,0,0,0,0,0,0,0,0,2,144,0,3,70,0
8.435000,180.00,0.000,0.000,0,60,0.000,0,0,18.000,39.000,55.000,0,0,0,0,0,0,0,0,0,0,2,144,0,3,70,0
8.440000,180.00,0.000,0.000,0,58,0.000,0,0,18.000,39.000,55.000,0,0,0,0,0,0,0,0,0,0,2,144,0,3,70,0
8.445000,180.00,0.000,0.000,0,57,0.000,0,0,18.000,39.000,55.000,0,0,0,0,0,0,0,0,0,0,2,144,0,3,70,0
8.450000,180.00,0.000,0.000,0,56,0.000,0,0,18.000,39.000,55.000,0,0,0,0,0,0,0,0,0,0,2,144,0,3,70,0
8.455000,180.00,0.000,0.000,0,55,0.000,0,0,18.000,39.000,55.000,0,0,0,0,0,0,0,0,0,0,2,144,0,3,70,0
8.460000,180.00,0.000,0.000,0,54,0.000,0,0,18.000,39.000,55.000,0,0,0,0,0,0,0,0,0,0,2,144,0,3,70,0
8.465000,180.00,0.000,0.000,0,53,0.000,0,0,18.000,39.000,55.000,0,0,0,0,0,0,0,0,0,0,2,144,0,3,70,0
8.470000,180.00,0.000,0.000,0,52,0.000,0,0,18.000,39.000,55.000,0,0,0,0,0,0,0,0,0,0,2,144,0,3,70,0
8.475000,180.00,0.000,0.000,0,51,0.000,0,0,18.000,39.000,55.000,0,0,0,0,0,0,0,0,0,0,2,144,0,3,70,0
8.480000,180.00,0.000,0.000,0,50,0.000,0,0,18.000,39.000,55.000,0,0,0,0,0,0,0,0,0,0,2,144,0,3,70,0
8.485000,180.00,0.000,0.000,0,49,0.000,0,0,18.000,39.000,55.000,0,0,0,0,0,0,0,0,0,0,2,144,0,3,70,0
8.490000,180.00,0.000,0.000,0,48,0.000,0,0,18.000,39.000,55.000,0,0,0,0,0,0,0,0,0,0,2,144,0,3,70,0
8.495000,180.00,0.000,0.000,0,47,0.000,0,0,18.000,39.000,55.000,0,0,0,0,0,0,0,0,0,0,2,144,0,3,70,0
8.500000,180.00,0.000,0.000,0,46,0.000,0,0,18.000,39.000,55.000,0,0,0,0,0,0,0,0,0,0,2,144,0,3,70,0
8.505000,180.00,0.000,0.000,0,45,0.000,0,0,18.000,39.000,55.000,0,0,0,0,0,0,0,0,0,0,2,144,0,3,70,0
8.510000,180.00,0.000,0.000,0,45,0.000,0,0,18.000,39.000,55.000,0,0,0,0,0,0,0,0,0,0,2,144,0,3,70,0
8.515000,180.00,0.000,0.000,0,44,0.000,0,0,18.000,39.000,55.000,0,0,0,0,0,0,0,0,0,0,2,144,0,3,70,0
8.520000,180.00,0.000,0.000,0,43,0.000,0,0,18.000,39.000,55.000,0,0,0,0,0,0,0,0,0,0,2,144,0,3,70,0
8.525000,180.00,0.000,0.000,0,42,0.000,0,0,18.000,39.000,55.000,0,0,0,0,0,0,0,0,0,0,2,144,0,3,70,0
8.530000,180.00,0.000,0.000,0,41,0.000,0,0,18.000,39.000,55.000,0,0,0,0,0,0,0,0,0,0,2,144,0,3,70,0
8.535000,180.00,0.000,0.000,0,41,0.000,0,0,18.000,39.000,55.000,0,0,0,0,0,0,0,0,0,0,2,144,0,3,70,0
8.540000,180.00,0.000,0.000,0,40,0.000,0,0,18.000,39.000,55.000,0,0,0,0,0,0,0,0,0,0,2,144,0,3,70,0
8.545000,180.00,0.000,0.000,0,39,0.000,0,0,18.000,39.000,55.000,0,0,0,0,0,0,0,0,0,0,2,144,0,3,70,0
8.550000,180.00,0.000,0.000,0,38,0.000,0,0,18.000,39.000,55.000,0,0,0,0,0,0,0,0,0,0,2,144,0,3,70,0
8.555000,180.00,0.000,0.000,0,38,0.000,0,0,18.000,39.000,55.000,0,0,0,0,0,0,0,0,0,0,2,144,0,3,70,0
8.560000,180.00,0.000,0.000,0,37,0.000,0,0,18.000,39.000,55.000,0,0,0,0,0,0,0,0,0,0,2,144,0,3,70,0
8.565000,180.00,0.000,0.000,0,36,0.000,0,0,18.000,39.000,55.000,0,0,0,0,0,0,0,0,0,0,2,144,0,3,70,0
8.570000,180.00,0.000,0.000,0,36,0.000,0,0,18.000,39.000,55.000,0,0,0,0,0,0,0,0,0,0,2,144,0,3,70,0
8.575000,180.00,0.000,0.000,0,35,0.000,0,0,18.000,39.000,55.000,0,0,0,0,0,0,0,0,0,0,2,144,0,3,70,0
8.580000,180.00,0.000,0.000,0,34,0.000,0,0,18.000,39.000,55.000,0,0,0,0,0,0,0,0,0,0,2,144,0,3,70,0
8.585000,180.00,0.000,0.000,0,34,0.000,0,0,18.000,39.000,55.000,0,0,0,0,0,0,0,0,0,0,2,144,0,3,70,0
8.590000,180.00,0.000,0.000,0,33,0.000,0,0,18.000,39.000,55.000,0,0,0,0,0,0,0,0,0,0,2,144,0,3,70,0
8.595000,180.00,0.000,0.000,0,32,0.000,0,0,18.000,39.000,55.000,0,0,0,0,0,0,0,0,0,0,2,144,0,3,70,0
8.600000,180.00,0.000,0.000,0,32,0.000,0,0,18.000,39.000,55.000,0,0,0,0,0,0,0,0,0,0,2,144,0,3,70,0
8.605000,180.00,0.000,0.000,0,31,0.000,0,0,18.000,39.000,55.000,0,0,0,0,0,0,0,0,0,0,2,144,0,3,70,0
8.610000,180.00,0.000,0.000,0,31,0.000,0,0,18.000,39.000,55.000,0,0,0,0,0,0,0,0,0,0,2,144,0,3,70,0
8.615000,180.00,0.000,0.000,0,30,0.000,0,0,18.000,39.000,55.000,0,0,0,0,0,0,0,0,0,0,2,144,0,3,70,0
8.620000,180.00,0.000,0.000,0,29,0.000,0,0,18.000,39.000,55.000,0,0,0,0,0,0,0,0,0,0,2,144,0,3,70,0
8.625000,180.00,0.000,0.000,0,29,0.000,0,0,18.000,39.000,55.000,0,0,0,0,0,0,0,0,0,0,2,144,0,3,70,0
8.630000,180.00,0.000,0.000,0,28,0.000,0,0,18.000,39.000,55.000,0,0,0,0,0,0,0,0,0,0,2,144,0,3,70,0
8.635000,180.00,0.000,0.000,0,28,0.000,0,0,18.000,39.000,55.000,0,0,0,0,0,0,0,0,0,0,2,144,0,3,70,0
8.640000,180.00,0.000,0.000,0,27,0.000,0,0,18.000,39.000,55.000,0,0,0,0,0,0,0,0,0,0,2,144,0,3,70,0
8.645000,180.00,0.000,0.000,0,27,0.000,0,0,18.000,39.000,55.000,0,0,0,0,0,0,0,0,0,0,2,144,0,3,70,0
8.650000,180.00,0.000,0.000,0,26,0.000,0,0,18.000,39.000,55.000,0,0,0,0,0,0,0,0,0,0,2,144,0,3,70,0
8.655000,180.00,0.000,0.000,0,26,0.000,0,0,18.000,39.000,55.000,0,0,0,0,0,0,0,0,0,0,2,144,0,3,70,0
8.660000,180.00,0.000,0.000,0,25,0.000,0,0,18.000,39.000,55.000,0,0,0,0,0,0,0,0,0,0,2,144,0,3,70,0
8.665000,180.00,0.000,0.000,0,25,0.000,0,0,18.000,39.000,55.000,0,0,0,0,0,0,0,0,0,0,2,144,0,3,70,0
8.670000,180.00,0.000,0.000,0,24,0.000,0,0,18.000,39.000,55.000,0,0,0,0,0,0,0,0,0,0,2,144,0,3,70,0
8.675000,180.00,0.000,0.000,0,24,0.000,0,0,18.000,39.000,55.000,0,0,0,0,0,0,0,0,0,0,2,144,0,3,70,0
8.680000,180.00,0.000,0.000,0,24,0.000,0,0,18.000,39.000,55.000,0,0,0,0,0,0,0,0,0,0,2,144,0,3,70,0
8.685000,180.00,0.000,0.000,0,23,0.000,0,0,18.000,39.000,55.000,0,0,0,0,0,0,0,0,0,0,2,144,0,3,70,0
8.690000,180.00,0.000,0.000,0,23,0.000,0,0,18.000,39.000,55.000,0,0,0,0,0,0,0,0,0,0,2,144,0,3,70,0
8.695000,180.00,0.000,0.000,0,22,0.000,0,0,18.000,39.000,55.000,0,0,0,0,0,0,0,0,0,0,2,144,0,3,70,0
8.700000,180.00,0.000,0.000,0,22,0.000,0,0,18.000,39.000,55.000,0,0,0,0,0,0,0,0,0,0,2,144,0,3,70,0
8.705000,180.00,0.000,0.000,0,22,0.000,0,0,18.000,39.000,55.000,0,0,0,0,0,0,0,0,0,0,2,144,0,3,70,0
8.710000,180.00,0.000,0.000,0,21,0.000,0,0,18.000,39.000,55.000,0,0,0,0,0,0,0,0,0,0,2,144,0,3,70,0
8.715000,180.00,0.000,0.000,0,21,0.000,0,0,18.000,39.000,55.000,0,0,0,0,0,0,0,0,0,0,2,144,0,3,70,0
8.720000,180.00,0.000,0.000,0,20,0.000,0,0,18.000,39.000,55.000,0,0,0,0,0,0,0,0,0,0,2,144,0,3,70,0
8.725000,180.00,0.000,0.000,0,20,0.000,0,0,18.000,39.000,55.000,0,0,0,0,0,0,0,0,0,0,2,144,0,3,70,0
8.730000,180.00,0.000,0.000,0,20,0.000,0,0,18.000,39.000,55.000,0,0,0,0,0,0,0,0,0,0,2,144,0,3,70,0
8.735000,180.00,0.000,0.000,0,19,0.000,0,0,18.000,39.000,55.000,0,0,0,0,0,0,0,0,0,0,2,144,0,3,70,0
8.740000,180.00,0.000,0.000,0,19,0.000,0,0,18.000,39.000,55.000,0,0,0,0,0,0,0,0,0,0,2,144,0,3,70,0
8.745000,180.00,0.000,0.000,0,19,0.000,0,0,18.000,39.000,55.000,0,0,0,0,0,0,0,0,0,0,2,144,0,3,70,0
8.750000,180.00,0.000,0.000,0,18,0.000,0,0,18.000,39.000,55.000,0,0,0,0,0,0,0,0,0,0,2,144,0,3,70,0
8.755000,180.00,0.000,0.000,0,18,0.000,0,0,18.000,39.000,55.000,0,0,0,0,0,0,0,0,0,0,2,144,0,3,70,0
8.760000,180.00,0.000,0.000,0,18,0.000,0,0,18.000,39.000,55.000,0,0,0,0,0,0,0,0,0,0,2,144,0,3,70,0
8.765000,180.00,0.000,0.000,0,17,0.000,0,0,18.000,39.000,55.000,0,0,0,0,0,0,0,0,0,0,2,144,0,3,70,0
8.770000,180.00,0.000,0.000,0,17,0.000,0,0,18.000,39.000,55.000,0,0,0,0,0,0,0,0,0,0,2,144,0,3,70,0
8.775000,180.00,0.000,0.000,0,17,0.000,0,0,18.000,39.000,55.000,0,0,0,0,0,0,0,0,0,0,2,144,0,3,70,0
8.780000,180.00,0.000,0.000,0,16,0.000,0,0,18.000,39.000,55.000,0,0,0,0,0,0,0,0,0,0,2,144,0,3,70,0
8.785000,180.00,0.000,0.000,0,16,0.000,0,0,18.000,39.000,55.000,0,0,0,0,0,0,0,0,0,0,2,144,0,3,70,0
8.790000,180.00,0.000,0.000,0,16,0.000,0,0,18.000,39.000,55.000,0,0,0,0,0,0,0,0,0,0,2,144,0,3,70,0
8.795000,180.00,0.000,0.000,0,16,0.000,0,0,18.000,39.000,55.000,0,0,0,0,0,0,0,0,0,0,2,144,0,3,70,0
8.800000,180.00,0.000,0.000,0,15,0.000,0,0,18.000,39.000,55.000,0,0,0,0,0,0,0,0,0,0,2,144,0,3,70,0
8.805000,180.00,0.000,0.000,0,15,0.000,0,0,18.000,39.000,55.000,0,0,0,0,0,0,0,0,0,0,2,144,0,3,70,0
8.810000,180.00,0.000,0.000,0,15,0.000,0,0,18.000,39.000,55.000,0,0,0,0,0,0,0,0,0,0,2,144,0,3,70,0
8.815000,180.00,0.000,0.000,0,15,0.000,0,0,18.000,39.000,55.000,0,0,0,0,0,0,0,0,0,0,2,144,0,3,70,0
8.820000,180.00,0.000,0.000,0,14,0.000,0,0,18.000,39.000,55.000,0,0,0,0,0,0,0,0,0,0,2,144,0,3,70,0
8.825000,180.00,0.000,0.000,0,14,0.000,0,0,18.000,39.000,55.000,0,0,0,0,0,0,0,0,0,0,2,144,0,3,70,0
8.830000,180.00,0.000,0.000,0,14,0.000,0,0,18.000,39.000,55.000,0,0,0,0,0,0,0,0,0,0,2,144,0,3,70,0
8.835000,180.00,0.000,0.000,0,14,0.000,0,0,18.000,39.000,55.000,0,0,0,0,0,0,0,0,0,0,2,144,0,3,70,0
8.840000,180.00,0.000,0.000,0,13,0.000,0,0,18.000,39.000,55.000,0,0,0,0,0,0,0,0,0,0,2,144,0,3,70,0
8.845000,180.00,0.000,0.000,0,13,0.000,0,0,18.000,39.000,55.000,0,0,0,0,0,0,0,0,0,0,2,144,0,3,70,0
8.850000,180.00,0.000,0.000,0,13,0.000,0,0,18.000,39.000,55.000,0,0,0,0,0,0,0,0,0,0,2,144,0,3,70,0
8.855000,180.00,0.000,0.000,0,13,0.000,0,0,18.000,39.000,55.000,0,0,0,0,0,0,0,0,0,0,2,144,0,3,70,0
8.860000,180.00,0.000,0.000,0,13,0.000,0,0,18.000,39.000,55.000,0,0,0,0,0,0,0,0,0,0,2,144,0,3,70,0
8.865000,180.00,0.000,0.000,0,12,0.000,0,0,18.000,39.000,55.000,0,0,0,0,0,0,0,0,0,0,2,144,0,3,70,0
8.870000,180.00,0.000,0.000,0,12,0.000,0,0,18.000,39.000,55.000,0,0,0,0,0,0,0,0,0,0,2,144,0,3,70,0
8.875000,180.00,0.000,0.000,0,12,0.000,0,0,18.000,39.000,55.000,0,0,0,0,0,0,0,0,0,0,2,144,0,3,70,0
8.880000,180.00,0.000,0.000,0,12,0.000,0,0,18.000,39.000,55.000,0,0,0,0,0,0,0,0,0,0,2,144,0,3,70,0
8.885000,180.00,0.000,0.000,0,11,0.000,0,0,18.000,39.000,55.000,0,0,0,0,0,0,0,0,0,0,2,144,0,3,70,0
8.890000,180.00,0.000,0.000,0,11,0.000,0,0,18.000,39.000,55.000,0,0,0,0,0,0,0,0,0,0,2,144,0,3,70,0
8.895000,180.00,0.000,0.000,0,11,0.000,0,0,18.000,39.000,55.000,0,0,0,0,0,0,0,0,0,0,2,144,0,3,70,0
8.900000,180.00,0.000,0.000,0,11,0.000,0,0,18.000,39.000,55.000,0,0,0,0,0,0,0,0,0,0,2,144,0,3,70,0
8.905000,180.00,0.000,0.000,0,11,0.000,0,0,18.000,39.000,55.000,0,0,0,0,0,0,0,0,0,0,2,144,0,3,70,0
8.910000,180.00,0.000,0.000,0,11,0.000,0,0,18.000,39.000,55.000,0,0,0,0,0,0,0,0,0,0,2,144,0,3,70,0
8.915000,180.00,0.000,0.000,0,11,0.000,0,0,18.000,39.000,55.000,0,0,0,0,0,0,0,0,0,0,2,144,0,3,70,0
8.920000,180.00,0.000,0.000,0,10,0.000,0,0,18.000,39.000,55.000,0,0,0,0,0,0,0,0,0,0,2,144,0,3,70,0
8.925000,180.00,0.000,0.000,0,10,0.000,0,0,18.000,39.000,55.000,0,0,0,0,0,0,0,0,0,0,2,144,0,3,70,0
8.930000,180.00,0.000,0.000,0,10,0.000,0,0,18.000,39.000,55.000,0,0,0,0,0,0,0,0,0,0,2,144,0,3,70,0
8.935000,180.00,0.000,0.000,0,10,0.000,0,0,18.000,39.000,55.000,0,0,0,0,0,0,0,0,0,0,2,144,0,3,70,0
8.940000,180.00,0.000,0.000,0,10,0.000,0,0,18.000,39.000,55.000,0,0,0,0,0,0,0,0,0,0,2,144,0,3,70,0
8.945000,180.00,0.000,0.000,0,10,0.000,0,0,18.000,39.000,55.000,0,0,0,0,0,0,0,0,0,0,2,144,0,3,70,0
8.950000,180.00,0.000,0.000,0,9,0.000,0,0,18.000,39.000,55.000,0,0,0,0,0,0,0,0,0,0,2,144,0,3,70,0
8.955000,180.00,0.000,0.000,0,9,0.000,0,0,18.000,39.000,55.000,0,0,0,0,0,0,0,0,0,0,2,144,0,3,70,0
8.960000,180.00,0.000,0.000,0,9,0.000,0,0,18.000,39.000,55.000,0,0,0,0,0,0,0,0,0,0,2,144,0,3,70,0
8.965000,180.00,0.000,0.000,0,9,0.000,0,0,18.000,39.000,55.000,0,0,0,0,0,0,0,0,0,0,2,144,0,3,70,0
8.970000,180.00,0.000,0.000,0,9,0.000,0,0,18.000,39.000,55.000,0,0,0,0,0,0,0,0,0,0,2,144,0,3,70,0
8.975000,180.00,0.000,0.000,0,9,0.000,0,0,18.000,39.000,55.000,0,0,0,0,0,0,0,0,0,0,2,144,0,3,70,0
8.980000,180.00,0.000,0.000,0,8,0.000,0,0,18.000,39.000,55.000,0,0,0,0,0,0,0,0,0,0,2,144,0,3,70,0
8.985000,180.00,0.000,0.000,0,8,0.000,0,0,18.000,39.000,55.000,0,0,0,0,0,0,0,0,0,0,2,144,0,3,70,0
8.990000,180.00,0.000,0.000,0,8,0.000,0,0,18.000,39.000,55.000,0,0,0,0,0,0,0,0,0,0,2,144,0,3,70,0
8.995000,180.00,0.000,0.000,0,8,0.000,0,0,18.000,39.000,55.000,0,0,0,0,0,0,0,0,0,0,2,144,0,3,70,0
9.000000,180.00,0.000,0.000,0,8,0.000,0,0,18.000,39.000,55.000,0,0,0,0,0,0,0,0,0,0,2,144,0,3,70,0
9.005000,180.00,0.000,0.000,0,8,0.000,0,0,18.000,39.000,55.000,0,0,0,0,0,0,0,0,0,0,2,144,0,3,70,0
9.010000,180.00,0.000,0.000,0,8,0.000,0,0,18.000,39.000,55.000,0,0,0,0,0,0,0,0,0,0,2,144,0,3,70,0
9.015000,180.00,0.000,0.000,0,8,0.000,0,0,18.000,39.000,55.000,0,0,0,0,0,0,0,0,0,0,2,144,0,3,70,0
9.020000,180.00,0.000,0.000,0,8,0.000,0,0,18.000,39.000,55.000,0,0,0,0,0,0,0,0,0,0,2,144,0,3,70,0
9.025000,180.00,0.000,0.000,0,7,0.000,0,0,18.000,39.000,55.000,0,0,0,0,0,0,0,0,0,0,2,144,0,3,70,0
9.030000,180.00,0.000,0.000,0,7,0.000,0,0,18.000,39.000,55.000,0,0,0,0,0,0,0,0,0,0,2,144,0,3,70,0
9.035000,180.00,0.000,0.000,0,7,0.000,0,0,18.000,39.000,55.000,0,0,0,0,0,0,0,0,0,0,2,144,0,3,70,0
9.040000,180.00,0.000,0.000,0,7,0.000,0,0,18.000,39.000,55.000,0,0,0,0,0,0,0,0,0,0,2,144,0,3,70,0
9.045000,180.00,0.000,0.000,0,7,0.000,0,0,18.000,39.000,55.000,0,0,0,0,0,0,0,0,0,0,2,144,0,3,70,0
9.050000,180.00,0.000,0.000,0,7,0.000,0,0,18.000,39.000,55.000,0,0,0,0,0,0,0,0,0,0,2,144,0,3,70,0
9.055000,180.00,0.000,0.000,0,7,0.000,0,0,18.000,39.000,55.000,0,0,0,0,0,0,0,0,0,0,2,144,0,3,70,0
9.060000,180.00,0.000,0.000,0,7,0.000,0,0,18.000,39.000,55.000,0,0,0,0,0,0,0,0,0,0,2,144,0,3,70,0
9.065000,180.00,0.000,0.000,0,7,0.000,0,0,18.000,39.000,55.000,0,0,0,0,0,0,0,0,0,0,2,144,0,3,70,0
9.070000,180.00,0.000,0.000,0,7,0.000,0,0,18.000,39.000,55.000,0,0,0,0,0,0,0,0,0,0,2,144,0,3,70,0
9.075000,180.00,0.000,0.000,0,7,0.000,0,0,18.000,39.000,55.000,0,0,0,0,0,0,0,0,0,0,2,144,0,3,70,0
9.080000,180.00,0.000,0.000,0,7,0.000,0,0,18.000,39.000,55.000,0,0,0,0,0,0,0,0,0,0,2,144,0,3,70,0
9.085000,180.00,0.000,0.000,0,7,0.000,0,0,18.000,39.000,55.000,0,0,0,0,0,0,0,0,0,0,2,144,0,3,70,0
9.090000,180.00,0.000,0.000,0,6,0.000,0,0,18.000,39.000,55.000,0,0,0,0,0,0,0,0,0,0,2,144,0,3,70,0
9.095000,180.00,0.000,0.000,0,6,0.000,0,0,18.000,39.000,55.000,0,0,0,0,0,0,0,0,0,0,2,144,0,3,70,0
9.100000,180.00,0.000,0.000,0,6,0.000,0,0,18.000,39.000,55.000,0,0,0,0,0,0,0,0,0,0,2,144,0,3,70,0
9.105000,180.00,0.000,0.000,0,6,0.000,0,0,18.000,39.000,55.000,0,0,0,0,0,0,0,0,0,0,2,144,0,3,70,0
9.110000,180.00,0.000,0.000,0,6,0.000,0,0,18.000,39.000,55.000,0,0,0,0,0,0,0,0,0,0,2,144,0,3,70,0
9.115000,180.00,0.000,0.000,0,6,0.000,0,0,18.000,39.000,55.000,0,0,0,0,0,0,0,0,0,0,2,144,0,3,70,0
9.120000,180.00,0.000,0.000,0,6,0.000,0,0,18.000,39.000,55.000,0,0,0,0,0,0,0,0,0,0,2,144,0,3,70,0
9.125000,180.00,0.000,0.000,0,6,0.000,0,0,18.000,39.000,55.000,0,0,0,0,0,0,0,0,0,0,2,144,0,3,70,0
9.130000,180.00,0.000,0.000,0,6,0.000,0,0,18.000,39.000,55.000,0,0,0,0,0,0,0,0,0,0,2,144,0,3,70,0
9.135000,180.00,0.000,0.000,0,6,0.000,0,0,18.000,39.000,55.000,0,0,0,0,0,0,0,0,0,0,2,144,0,3,70,0
9.140000,180.00,0.000,0.000,0,6,0.000,0,0,18.000,39.000,55.000,0,0,0,0,0,0,0,0,0,0,2,144,0,3,70,0
9.145000,180.00,0.000,0.000,0,6,0.000,0,0,18.000,39.000,55.000,0,0,0,0,0,0,0,0,0,0,2,144,0,3,70,0
9.150000,180.00,0.000,0.000,0,5,0.000,0,0,18.000,39.000,55.000,0,0,0,0,0,0,0,0,0,0,2,144,0,3,70,0
9.155000,180.00,0.000,0.000,0,5,0.000,0,0,18.000,39.000,55.000,0,0,0,0,0,0,0,0,0,0,2,144,0,3,70,0
9.160000,180.00,0.000,0.000,0,5,0.000,0,0,18.000,39.000,55.000,0,0,0,0,0,0,0,0,0,0,2,144,0,3,70,0
9.165000,180.00,0.000,0.000,0,5,0.000,0,0,18.000,39.000,55.000,0,0,0,0,0,0,0,0,0,0,2,144,0,3,70,0
9.170000,180.00,0.000,0.000,0,5,0.000,0,0,18.000,39.000,55.000,0,0,0,0,0,0,0,0,0,0,2,144,0,3,70,0
9.175000,180.00,0.000,0.000,0,5,0.000,0,0,18.000,39.000,55.000,0,0,0,0,0,0,0,0,0,0,2,144,0,3,70,0
9.180000,180.00,0.000,0.000,0,5,0.000,0,0,18.000,39.000,55.000,0,0,0,0,0,0,0,0,0,0,2,144,0,3,70,0
9.185000,180.00,0.000,0.000,0,5,0.000,0,0,18.000,39.000,55.000,0,0,0,0,0,0,0,0,0,0,2,144,0,3,70,0
9.190000,180.00,0.000,0.000,0,5,0.000,0,0,18.000,39.000,55.000,0,0,0,0,0,0,0,0,0,0,2,144,0,3,70,0
9.195000,180.00,0.000,0.000,0,5,0.000,0,0,18.000,39.000,55.000,0,0,0,0,0,0,0,0,0,0,2,144,0,3,70,0
9.200000,180.00,0.000,0.000,0,5,0.000,0,0,18.000,39.000,55.000,0,0,0,0,0,0,0,0,0,0,2,144,0,3,70,0
9.205000,180.00,0.000,0.000,0,5,0.000,0,0,18.000,39.000,55.000,0,0,0,0,0,0,0,0,0,0,2,144,0,3,70,0
9.210000,180.00,0.000,0.000,0,5,0.000,0,0,18.000,39.000,55.000,0,0,0,0,0,0,0,0,0,0,2,144,0,3,70,0
9.215000,180.00,0.000,0.000,0,4,0.000,0,0,18.000,39.000,55.000,0,0,0,0,0,0,0,0,0,0,2,144,0,3,70,0
9.220000,180.00,0.000,0.000,0,4,0.000,0,0,18.000,39.000,55.000,0,0,0,0,0,0,0,0,0,0,2,144,0,3,70,0
9.225000,180.00,0.000,0.000,0,4,0.000,0,0,18.000,39.000,55.000,0,0,0,0,0,0,0,0,0,0,2,144,0,3,70,0
9.230000,180.00,0.000,0.000,0,4,0.000,0,0,18.000,39.000,55.000,0,0,0,0,0,0,0,0,0,0,2,144,0,3,70,0
9.235000,180.00,0.000,0.000,0,4,0.000,0,0,18.000,39.000,55.000,0,0,0,0,0,0,0,0,0,0,2,144,0,3,70,0
9.240000,180.00,0.000,0.000,0,4,0.000,0,0,18.000,39.000,55.000,0,0,0,0,0,0,0,0,0,0,2,144,0,3,70,0
9.245000,180.00,0.000,0.000,0,4,0.000,0,0,18.000,39.000,55.000,0,0,0,0,0,0,0,0,0,0,2,144,0,3,70,0
9.250000,180.00,0.000,0.000,0,4,0.000,0,0,18.000,39.000,55.000,0,0,0,0,0,0,0,0,0,0,2,144,0,3,70,0
9.255000,180.00,0.000,0.000,0,0,0.000,0,0,18.000,39.000,55.000,0,0,0,0,0,0,0,0,0,0,2,144,0,3,70,0
9.260000,180.00,0.000,0.000,0,0,0.000,0,0,18.000,39.000,55.000,0,0,0,0,0,0,0,0,0,0,2,144,0,3,70,0
9.265000,180.00,0.000,0.000,0,0,0.000,0,0,18.000,39.000,55.000,0,0,0,0,0,0,0,0,0,0,2,144,0,3,70,0
9.270000,180.00,0.000,0.000,0,0,0.000,0,0,18.000,39.000,55.000,0,0,0,0,0,0,0,0,0,0,2,144,0,3,70,0
9.275000,180.00,0.000,0.000,0,0,0.000,0,0,18.000,39.000,55.000,0,0,0,0,0,0,0,0,0,0,2,144,0,3,70,0
9.280000,180.00,0.000,0.000,0,0,0.000,0,0,18.000,39.000,55.000,0,0,0,0,0,0,0,0,0,0,2,144,0,3,70,0
9.285000,180.00,0.000,0.000,0,0,0.000,0,0,18.000,39.000,55.000,0,0,0,0,0,0,0,0,0,0,2,144,0,3,70,0
9.290000,180.00,0.000,0.000,0,0,0.000,0,0,18.000,39.000,55.000,0,0,0,0,0,0,0,0,0,0,2,144,0,3,70,0
9.295000,180.00,0.000,0.000,0,0,0.000,0,0,18.000,39.000,55.000,0,0,0,0,0,0,0,0,0,0,2,144,0,3,70,0
9.300000,180.00,0.000,0.000,0,0,0.000,0,0,18.000,39.000,55.000,0,0,0,0,0,0,0,0,0,0,2,144,0,3,70,0
9.305000,180.00,0.000,0.000,0,0,0.000,0,0,18.000,39.000,55.000,0,0,0,0,0,0,0,0,0,0,2,144,0,3,70,0
9.310000,180.00,0.000,0.000,0,0,0.000,0,0,18.000,39.000,55.000,0,0,0,0,0,0,0,0,0,0,2,144,0,3,70,0
9.315000,180.00,0.000,0.000,0,0,0.000,0,0,18.000,39.000,55.000,0,0,0,0,0,0,0,0,0,0,2,144,0,3,70,0
9.320000,180.00,0.000,0.000,0,0,0.000,0,0,18.000,39.000,55.000,0,0,0,0,0,0,0,0,0,0,2,144,0,3,70,0
9.325000,180.00,0.000,0.000,0,0,0.000,0,0,18.000,39.000,55.000,0,0,0,0,0,0,0,0,0,0,2,144,0,3,70,0
9.330000,180.00,0.000,0.000,0,0,0.000,0,0,18.000,39.000,55.000,0,0,0,0,0,0,0,0,0,0,2,144,0,3,70,0
9.335000,180.00,0.000,0.000,0,0,0.000,0,0,18.000,39.000,55.000,0,0,0,0,0,0,0,0,0,0,2,144,0,3,70,0
9.340000,180.00,0.000,0.000,0,0,0.000,0,0,18.000,39.000,55.000,0,0,0,0,0,0,0,0,0,0,2,144,0,3,70,0
9.345000,180.00,0.000,0.000,0,0,0.000,0,0,18.000,39.000,55.000,0,0,0,0,0,0,0,0,0,0,2,144,0,3,70,0
9.350000,180.00,0.000,0.000,0,0,0.000,0,0,18.000,39.000,55.000,0,0,0,0,0,0,0,0,0,0,2,144,0,3,70,0
9.355000,180.00,0.000,0.000,0,0,0.000,0,0,18.000,39.000,55.000,0,0,0,0,0,0,0,0,0,0,2,144,0,3,70,0
9.360000,180.00,0.000,0.000,0,0,0.000,0,0,18.000,39.000,55.000,0,0,0,0,0,0,0,0,0,0,2,144,0,3,70,0
9.365000,180.00,0.000,0.000,0,0,0.000,0,0,18.000,39.000,55.000,0,0,0,0,0,0,0,0,0,0,2,144,0,3,70,0
9.370000,180.00,0.000,0.000,0,0,0.000,0,0,18.000,39.000,55.000,0,0,0,0,0,0,0,0,0,0,2,144,0,3,70,0
9.375000,180.00,0.000,0.000,0,0,0.000,0,0,18.000,39.000,55.000,0,0,0,0,0,0,0,0,0,0,2,144,0,3,70,0
9.380000,180.00,0.000,0.000,0,0,0.000,0,0,18.000,39.000,55.000,0,0,0,0,0,0,0,0,0,0,2,144,0,3,70,0
9.385000,180.00,0.000,0.000,0,0,0.000,0,0,18.000,39.000,55.000,0,0,0,0,0,0,0,0,0,0,2,144,0,3,70,0
9.390000,180.00,0.000,0.000,0,0,0.000,0,0,18.000,39.000,55.000,0,0,0,0,0,0,0,0,0,0,2,144,0,3,70,0
9.395000,180.00,0.000,0.000,0,0,0.000,0,0,18.000,39.000,55.000,0,0,0,0,0,0,0,0,0,0,2,144,0,3,70,0
9.400000,180.00,0.000,0.000,0,0,0.000,0,0,18.000,39.000,55.000,0,0,0,0,0,0,0,0,0,0,2,144,0,3,70,0
9.405000,180.00,0.000,0.000,0,0,0.000,0,0,18.000,39.000,55.000,0,0,0,0,0,0,0,0,0,0,2,144,0,3,70,0
9.410000,180.00,0.000,0.000,0,0,0.000,0,0,18.000,39.000,55.000,0,0,0,0,0,0,0,0,0,0,2,144,0,3,70,0
9.415000,180.00,0.000,0.000,0,0,0.000,0,0,18.000,39.000,55.000,0,0,0,0,0,0,0,0,0,0,2,144,0,3,70,0
9.420000,180.00,0.000,0.000,0,0,0.000,0,0,18.000,39.000,55.000,0,0,0,0,0,0,0,0,0,0,2,144,0,3,70,0
9.425000,180.00,0.000,0.000,0,0,0.000,0,0,18.000,39.000,55.000,0,0,0,0,0,0,0,0,0,0,2,144,0,3,70,0
9.430000,180.00,0.000,0.000,0,0,0.000,0,0,18.000,39.000,55.000,0,0,0,0,0,0,0,0,0,0,2,144,0,3,70,0
9.435000,180.00,0.000,0.000,0,0,0.000,0,0,18.000,39.000,55.000,0,0,0,0,0,0,0,0,0,0,2,144,0,3,70,0
9.440000,180.00,0.000,0.000,0,0,0.000,0,0,18.000,39.000,55.000,0,0,0,0,0,0,0,0,0,0,2,144,0,3,70,0
9.445000,180.00,0.000,0.000,0,0,0.000,0,0,18.000,39.000,55.000,0,0,0,0,0,0,0,0,0,0,2,144,0,3,70,0
9.450000,180.00,0.000,0.000,0,0,0.000,0,0,18.000,39.000,55.000,0,0,0,0,0,0,0,0,0,0,2,144,0,3,70,0
9.455000,180.00,0.000,0.000,0,0,0.000,0,0,18.000,39.000,55.000,0,0,0,0,0,0,0,0,0,0,2,144,0,3,70,0
9.460000,180.00,0.000,0.000,0,0,0.000,0,0,18.000,39.000,55.000,0,0,0,0,0,0,0,0,0,0,2,144,0,3,70,0
9.465000,180.00,0.000,0.000,0,0,0.000,0,0,18.000,39.000,55.000,0,0,0,0,0,0,0,0,0,0,2,144,0,3,70,0
9.470000,180.00,0.000,0.000,0,0,0.000,0,0,18.000,39.000,55.000,0,0,0,0,0,0,0,0,0,0,2,144,0,3,70,0
9.475000,180.00,0.000,0.000,0,0,0.000,0,0,18.000,39.000,55.000,0,0,0,0,0,0,0,0,0,0,2,144,0,3,70,0
9.480000,180.00,0.000,0.000,0,0,0.000,0,0,18.000,39.000,55.000,0,0,0,0,0,0,0,0,0,0,2,144,0,3,70,0
9.485000,180.00,0.000,0.000,0,0,0.000,0,0,18.000,39.000,55.000,0,0,0,0,0,0,0,0,0,0,2,144,0,3,70,0
9.490000,180.00,0.000,0.000,0,0,0.000,0,0,18.000,39.000,55.000,0,0,0,0,0,0,0,0,0,0,2,144,0,3,70,0
9.495000,180.00,0.000,0.000,0,0,0.000,0,0,18.000,39.000,55.000,0,0,0,0,0,0,0,0,0,0,2,144,0,3,70,0
9.500000,180.00,0.000,0.000,0,0,0.000,0,0,18.000,39.000,55.000,0,0,0,0,0,0,0,0,0,0,2,144,0,3,70,0
9.505000,180.00,0.000,0.000,0,0,0.000,0,0,18.000,39.000,55.000,0,0,0,0,0,0,0,0,0,0,2,144,0,3,70,0
9.510000,180.00,0.000,0.000,0,0,0.000,0,0,18.000,39.000,55.000,0,0,0,0,0,0,0,0,0,0,2,144,0,3,70,0
9.515000,180.00,0.000,0.000,0,0,0.000,0,0,18.000,39.000,55.000,0,0,0,0,0,0,0,0,0,0,2,144,0,3,70,0
9.520000,180.00,0.000,0.000,0,0,0.000,0,0,18.000,39.000,55.000,0,0,0,0,0,0,0,0,0,0,2,144,0,3,70,0
9.525000,180.00,0.000,0.000,0,0,0.000,0,0,18.000,39.000,55.000,0,0,0,0,0,0,0,0,0,0,2,144,0,3,70,0
9.530000,180.00,0.000,0.000,0,0,0.000,0,0,18.000,39.000,55.000,0,0,0,0,0,0,0,0,0,0,2,144,0,3,70,0
9.535000,180.00,0.000,0.000,0,0,0.000,0,0,18.000,39.000,55.000,0,0,0,0,0,0,0,0,0,0,2,144,0,3,70,0
9.540000,180.00,0.000,0.000,0,0,0.000,0,0,18.000,39.000,55.000,0,0,0,0,0,0,0,0,0,0,2,144,0,3,70,0
9.545000,180.00,0.000,0.000,0,0,0.000,0,0,18.000,39.000,55.000,0,0,0,0,0,0,0,0,0,0,2,144,0,3,70,0
9.550000,180.00,0.000,0.000,0,0,0.000,0,0,18.000,39.000,55.000,0,0,0,0,0,0,0,0,0,0,2,144,0,3,70,0
9.555000,180.00,0.000,0.000,0,0,0.000,0,0,18.000,39.000,55.000,0,0,0,0,0,0,0,0,0,0,2,144,0,3,70,0
9.560000,180.00,0.000,0.000,0,0,0.000,0,0,18.000,39.000,55.000,0,0,0,0,0,0,0,0,0,0,2,144,0,3,70,0
9.565000,180.00,0.000,0.000,0,0,0.000,0,0,18.000,39.000,55.000,0,0,0,0,0,0,0,0,0,0,2,144,0,3,70,0
9.570000,180.00,0.000,0.000,0,0,0.000,0,0,18.000,39.000,55.000,0,0,0,0,0,0,0,0,0,0,2,144,0,3,70,0
9.575000,180.00,0.000,0.000,0,0,0.000,0,0,18.000,39.000,55.000,0,0,0,0,0,0,0,0,0,0,2,144,0,3,70,0
9.580000,180.00,0.000,0.000,0,0,0.000,0,0,18.000,39.000,55.000,0,0,0,0,0,0,0,0,0,0,2,144,0,3,70,0
9.585000,180.00,0.000,0.000,0,0,0.000,0,0,18.000,39.000,55.000,0,0,0,0,0,0,0,0,0,0,2,144,0,3,70,0
9.590000,180.00,0.000,0.000,0,0,0.000,0,0,18.000,39.000,55.000,0,0,0,0,0,0,0,0,0,0,2,144,0,3,70,0
9.595000,180.00,0.000,0.000,0,0,0.000,0,0,18.000,39.000,55.000,0,0,0,0,0,0,0,0,0,0,2,144,0,3,70,0
9.600000,180.00,0.000,0.000,0,0,0.000,0,0,18.000,39.000,55.000,0,0,0,0,0,0,0,0,0,0,2,144,0,3,70,0
9.605000,180.00,0.000,0.000,0,0,0.000,0,0,18.000,39.000,55.000,0,0,0,0,0,0,0,0,0,0,2,144,0,3,70,0
9.610000,180.00,0.000,0.000,0,0,0.000,0,0,18.000,39.000,55.000,0,0,0,0,0,0,0,0,0,0,2,144,0,3,70,0
9.615000,180.00,0.000,0.000,0,0,0.000,0,0,18.000,39.000,55.000,0,0,0,0,0,0,0,0,0,0,2,144,0,3,70,0
9.620000,180.00,0.000,0.000,0,0,0.000,0,0,18.000,39.000,55.000,0,0,0,0,0,0,0,0,0,0,2,144,0,3,70,0
9.625000,180.00,0.000,0.000,0,0,0.000,0,0,18.000,39.000,55.000,0,0,0,0,0,0,0,0,0,0,2,144,0,3,70,0
9.630000,180.00,0.000,0.000,0,0,0.000,0,0,18.000,39.000,55.000,0,0,0,0,0,0,0,0,0,0,2,144,0,3,70,0
9.635000,180.00,0.000,0.000,0,0,0.000,0,0,18.000,39.000,55.000,0,0,0,0,0,0,0,0,0,0,2,144,0,3,70,0
9.640000,180.00,0.000,0.000,0,0,0.000,0,0,18.000,39.000,55.000,0,0,0,0,0,0,0,0,0,0,2,144,0,3,70,0
9.645000,180.00,0.000,0.000,0,0,0.000,0,0,18.000,39.000,55.000,0,0,0,0,0,0,0,0,0,0,2,144,0,3,70,0
9.650000,180.00,0.000,0.000,0,0,0.000,0,0,18.000,39.000,55.000,0,0,0,0,0,0,0,0,0,0,2,144,0,3,70,0
9.655000,180.00,0.000,0.000,0,0,0.000,0,0,18.000,39.000,55.000,0,0,0,0,0,0,0,0,0,0,2,144,0,3,70,0
9.660000,180.00,0.000,0.000,0,0,0.000,0,0,18.000,39.000,55.000,0,0,0,0,0,0,0,0,0,0,2,144,0,3,70,0
9.665000,180.00,0.000,0.000,0,0,0.000,0,0,18.000,39.000,55.000,0,0,0,0,0,0,0,0,0,0,2,144,0,3,70,0
9.670000,180.00,0.000,0.000,0,0,0.000,0,0,18.000,39.000,55.000,0,0,0,0,0,0,0,0,0,0,2,144,0,3,70,0
9.675000,180.00,0.000,0.000,0,0,0.000,0,0,18.000,39.000,55.000,0,0,0,0,0,0,0,0,0,0,2,144,0,3,70,0
9.680000,180.00,0.000,0.000,0,0,0.000,0,0,18.000,39.000,55.000,0,0,0,0,0,0,0,0,0,0,2,144,0,3,70,0
9.685000,180.00,0.000,0.000,0,0,0.000,0,0,18.000,39.000,55.000,0,0,0,0,0,0,0,0,0,0,2,144,0,3,70,0
9.690000,180.00,0.000,0.000,0,0,0.000,0,0,18.000,39.000,55.000,0,0,0,0,0,0,0,0,0,0,2,144,0,3,70,0
9.695000,180.00,0.000,0.000,0,0,0.000,0,0,18.000,39.000,55.000,0,0,0,0,0,0,0,0,0,0,2,144,0,3,70,0
9.700000,180.00,0.000,0.000,0,0,0.000,0,0,18.000,39.000,55.000,0,0,0,0,0,0,0,0,0,0,2,144,0,3,70,0
9.705000,180.00,0.000,0.000,0,0,0.000,0,0,18.000,39.000,55.000,0,0,0,0,0,0,0,0,0,0,2,144,0,3,70,0
9.710000,180.00,0.000,0.000,0,0,0.000,0,0,18.000,39.000,55.000,0,0,0,0,0,0,0,0,0,0,2,144,0,3,70,0
9.715000,180.00,0.000,0.000,0,0,0.000,0,0,18.000,39.000,55.000,0,0,0,0,0,0,0,0,0,0,2,144,0,3,70,0
9.720000,180.00,0.000,0.000,0,0,0.000,0,0,18.000,39.000,55.000,0,0,0,0,0,0,0,0,0,0,2,144,0,3,70,0
9.725000,180.00,0.000,0.000,0,0,0.000,0,0,18.000,39.000,55.000,0,0,0,0,0,0,0,0,0,0,2,144,0,3,70,0
9.730000,180.00,0.000,0.000,0,0,0.000,0,0,18.000,39.000,55.000,0,0,0,0,0,0,0,0,0,0,2,144,0,3,70,0
9.735000,180.00,0.000,0.000,0,0,0.000,0,0,18.000,39.000,55.000,0,0,0,0,0,0,0,0,0,0,2,144,0,3,70,0
9.740000,180.00,0.000,0.000,0,0,0.000,0,0,18.000,39.000,55.000,0,0,0,0,0,0,0,0,0,0,2,144,0,3,70,0
9.745000,180.00,0.000,0.000,0,0,0.000,0,0,18.000,39.000,55.000,0,0,0,0,0,0,0,0,0,0,2,144,0,3,70,0
9.750000,180.00,0.000,0.000,0,0,0.000,0,0,18.000,39.000,55.000,0,0,0,0,0,0,0,0,0,0,2,144,0,3,70,0
9.755000,180.00,0.000,0.000,0,0,0.000,0,0,18.000,39.000,55.000,0,0,0,0,0,0,0,0,0,0,2,144,0,3,70,0
9.760000,180.00,0.000,0.000,0,0,0.000,0,0,18.000,39.000,55.000,0,0,0,0,0,0,0,0,0,0,2,144,0,3,70,0
9.765000,180.00,0.000,0.000,0,0,0.000,0,0,18.000,39.000,55.000,0,0,0,0,0,0,0,0,0,0,2,144,0,3,70,0
9.770000,180.00,0.000,0.000,0,0,0.000,0,0,18.000,39.000,55.000,0,0,0,0,0,0,0,0,0,0,2,144,0,3,70,0
9.775000,180.00,0.000,0.000,0,0,0.000,0,0,18.000,39.000,55.000,0,0,0,0,0,0,0,0,0,0,2,144,0,3,70,0
9.780000,180.00,0.000,0.000,0,0,0.000,0,0,18.000,39.000,55.000,0,0,0,0,0,0,0,0,0,0,2,144,0,3,70,0
9.785000,180.00,0.000,0.000,0,0,0.000,0,0,18.000,39.000,55.000,0,0,0,0,0,0,0,0,0,0,2,144,0,3,70,0
9.790000,180.00,0.000,0.000,0,0,0.000,0,0,18.000,39.000,55.000,0,0,0,0,0,0,0,0,0,0,2,144,0,3,70,0
9.795000,180.00,0.000,0.000,0,0,0.000,0,0,18.000,39.000,55.000,0,0,0,0,0,0,0,0,0,0,2,144,0,3,70,0
9.800000,180.00,0.000,0.000,0,0,0.000,0,0,18.000,39.000,55.000,0,0,0,0,0,0,0,0,0,0,2,144,0,3,70,0
9.805000,180.00,0.000,0.000,0,0,0.000,0,0,18.000,39.000,55.000,0,0,0,0,0,0,0,0,0,0,2,144,0,3,70,0
9.810000,180.00,0.000,0.000,0,0,0.000,0,0,18.000,39.000,55.000,0,0,0,0,0,0,0,0,0,0,2,144,0,3,70,0
9.815000,180.00,0.000,0.000,0,0,0.000,0,0,18.000,39.000,55.000,0,0,0,0,0,0,0,0,0,0,2,144,0,3,70,0
9.820000,180.00,0.000,0.000,0,0,0.000,0,0,18.000,39.000,55.000,0,0,0,0,0,0,0,0,0,0,2,144,0,3,70,0
9.825000,180.00,0.000,0.000,0,0,0.000,0,0,18.000,39.000,55.000,0,0,0,0,0,0,0,0,0,0,2,144,0,3,70,0
9.830000,180.00,0.000,0.000,0,0,0.000,0,0,18.000,39.000,55.000,0,0,0,0,0,0,0,0,0,0,2,144,0,3,70,0
9.835000,180.00,0.000,0.000,0,0,0.000,0,0,18.000,39.000,55.000,0,0,0,0,0,0,0,0,0,0,2,144,0,3,70,0
9.840000,180.00,0.000,0.000,0,0,0.000,0,0,18.000,39.000,55.000,0,0,0,0,0,0,0,0,0,0,2,144,0,3,70,0
9.845000,180.00,0.000,0.000,0,0,0.000,0,0,18.000,39.000,55.000,0,0,0,0,0,0,0,0,0,0,2,144,0,3,70,0
9.850000,180.00,0.000,0.000,0,0,0.000,0,0,18.000,39.000,55.000,0,0,0,0,0,0,0,0,0,0,2,144,0,3,70,0
9.855000,180.00,0.000,0.000,0,0,0.000,0,0,18.000,39.000,55.000,0,0,0,0,0,0,0,0,0,0,2,144,0,3,70,0
9.860000,180.00,0.000,0.000,0,0,0.000,0,0,18.000,39.000,55.000,0,0,0,0,0,0,0,0,0,0,2,144,0,3,70,0
9.865000,180.00,0.000,0.000,0,0,0.000,0,0,18.000,39.000,55.000,0,0,0,0,0,0,0,0,0,0,2,144,0,3,70,0
9.870000,180.00,0.000,0.000,0,0,0.000,0,0,18.000,39.000,55.000,0,0,0,0,0,0,0,0,0,0,2,144,0,3,70,0
9.875000,180.00,0.000,0.000,0,0,0.000,0,0,18.000,39.000,55.000,0,0,0,0,0,0,0,0,0,0,2,144,0,3,70,0
9.880000,180.00,0.000,0.000,0,0,0.000,0,0,18.000,39.000,55.000,0,0,0,0,0,0,0,0,0,0,2,144,0,3,70,0
9.885000,180.00,0.000,0.000,0,0,0.000,0,0,18.000,39.000,55.000,0,0,0,0,0,0,0,0,0,0,2,144,0,3,70,0
9.890000,180.00,0.000,0.000,0,0,0.000,0,0,18.000,39.000,55.000,0,0,0,0,0,0,0,0,0,0,2,144,0,3,70,0
9.895000,180.00,0.000,0.000,0,0,0.000,0,0,18.000,39.000,55.000,0,0,0,0,0,0,0,0,0,0,2,144,0,3,70,0
9.900000,180.00,0.000,0.000,0,0,0.000,0,0,18.000,39.000,55.000,0,0,0,0,0,0,0,0,0,0,2,144,0,3,70,0
9.905000,180.00,0.000,0.000,0,0,0.000,0,0,18.000,39.000,55.000,0,0,0,0,0,0,0,0,0,0,2,144,0,3,70,0
9.910000,180.00,0.000,0.000,0,0,0.000,0,0,18.000,39.000,55.000,0,0,0,0,0,0,0,0,0,0,2,144,0,3,70,0
9.915000,180.00,0.000,0.000,0,0,0.000,0,0,18.000,39.000,55.000,0,0,0,0,0,0,0,0,0,0,2,144,0,3,70,0
9.920000,180.00,0.000,0.000,0,0,0.000,0,0,18.000,39.000,55.000,0,0,0,0,0,0,0,0,0,0,2,144,0,3,70,0
9.925000,180.00,0.000,0.000,0,0,0.000,0,0,18.000,39.000,55.000,0,0,0,0,0,0,0,0,0,0,2,144,0,3,70,0
9.930000,180.00,0.000,0.000,0,0,0.000,0,0,18.000,39.000,55.000,0,0,0,0,0,0,0,0,0,0,2,144,0,3,70,0
9.935000,180.00,0.000,0.000,0,0,0.000,0,0,18.000,39.000,55.000,0,0,0,0,0,0,0,0,0,0,2,144,0,3,70,0
9.940000,180.00,0.000,0.000,0,0,0.000,0,0,18.000,39.000,55.000,0,0,0,0,0,0,0,0,0,0,2,144,0,3,70,0
9.945000,180.00,0.000,0.000,0,0,0.000,0,0,18.000,39.000,55.000,0,0,0,0,0,0,0,0,0,0,2,144,0,3,70,0
9.950000,180.00,0.000,0.000,0,0,0.000,0,0,18.000,39.000,55.000,0,0,0,0,0,0,0,0,0,0,2,144,0,3,70,0
9.955000,180.00,0.000,0.000,0,0,0.000,0,0,18.000,39.000,55.000,0,0,0,0,0,0,0,0,0,0,2,144,0,3,70,0
9.960000,180.00,0.000,0.000,0,0,0.000,0,0,18.000,39.000,55.000,0,0,0,0,0,0,0,0,0,0,2,144,0,3,70,0
9.965000,180.00,0.000,0.000,0,0,0.000,0,0,18.000,39.000,55.000,0,0,0,0,0,0,0,0,0,0,2,144,0,3,70,0
9.970000,180.00,0.000,0.000,0,0,0.000,0,0,18.000,39.000,55.000,0,0,0,0,0,0,0,0,0,0,2,144,0,3,70,0
9.975000,180.00,0.000,0.000,0,0,0.000,0,0,18.000,39.000,55.000,0,0,0,0,0,0,0,0,0,0,2,144,0,3,70,0
9.980000,180.00,0.000,0.000,0,0,0.000,0,0,18.000,39.000,55.000,0,0,0,0,0,0,0,0,0,0,2,144,0,3,70,0
9.985000,180.00,0.000,0.000,0,0,0.000,0,0,18.000,39.000,55.000,0,0,0,0,0,0,0,0,0,0,2,144,0,3,70,0
9.990000,180.00,0.000,0.000,0,0,0.000,0,0,18.000,39.000,55.000,0,0,0,0,0,0,0,0,0,0,2,144,0,3,70,0
9.995000,180.00,0.000,0.000,0,0,0.000,0,0,18.000,39.000,55.000,0,0,0,0,0,0,0,0,0,0,2,144,0,3,70,0
10.000000,180.00,0.000,0.000,0,0,0.000,0,0,18.000,39.000,55.000,0,0,0,0,0,0,0,0,0,0,2,144,0,3,70,0
