time_s,crank_angle_deg,torque_gen_nm,torque_load_kg,torque_fast_native,torque_run_native,cadence_gen_rpm,cadence_raw_rpm,cadence_control_rpm,speed_kph,battery_v,soc_pct,human_power_w,assist_basis_power_w,motor_power_w,support_pct,iq_mode_request,iq_before_profile_limit,iq_requested,iq_allowed,iq_pre_ramp,iq_ref,session,debug_flags,battery_limit,gate_steps,gate_load_ckg,pedalling
0.005000,0.00,0.000,0.000,0,0,0.000,0,0,18.000,39.000,55.000,0,0,0,0,0,0,0,0,0,0,0,144,0,3,70,0
0.010000,0.00,0.000,0.000,0,0,0.000,0,0,18.000,39.000,55.000,0,0,0,0,0,0,0,0,0,0,0,144,0,3,70,0
0.015000,0.00,0.000,0.000,0,0,0.000,0,0,18.000,39.000,55.000,0,0,0,0,0,0,0,0,0,0,0,144,0,3,70,0
0.020000,0.00,0.000,0.000,0,0,0.000,0,0,18.000,39.000,55.000,0,0,0,0,0,0,0,0,0,0,0,144,0,3,70,0
0.025000,0.00,0.000,0.000,0,0,0.000,0,0,18.000,39.000,55.000,0,0,0,0,0,0,0,0,0,0,0,144,0,3,70,0
0.030000,0.00,0.000,0.000,0,0,0.000,0,0,18.000,39.000,55.000,0,0,0,0,0,0,0,0,0,0,0,144,0,3,70,0
0.035000,0.00,0.000,0.000,0,0,0.000,0,0,18.000,39.000,55.000,0,0,0,0,0,0,0,0,0,0,0,144,0,3,70,0
0.040000,0.00,0.000,0.000,0,0,0.000,0,0,18.000,39.000,55.000,0,0,0,0,0,0,0,0,0,0,0,144,0,3,70,0
0.045000,0.00,0.000,0.000,0,0,0.000,0,0,18.000,39.000,55.000,0,0,0,0,0,0,0,0,0,0,0,144,0,3,70,0
0.050000,0.00,0.000,0.000,0,0,0.000,0,0,18.000,39.000,55.000,0,0,0,0,0,0,0,0,0,0,0,144,0,3,70,0
0.055000,0.00,0.000,0.000,0,0,0.000,0,0,18.000,39.000,55.000,0,0,0,0,0,0,0,0,0,0,0,144,0,3,70,0
0.060000,0.00,0.000,0.000,0,0,0.000,0,0,18.000,39.000,55.000,0,0,0,0,0,0,0,0,0,0,0,144,0,3,70,0
0.065000,0.00,0.000,0.000,0,0,0.000,0,0,18.000,39.000,55.000,0,0,0,0,0,0,0,0,0,0,0,144,0,3,70,0
0.070000,0.00,0.000,0.000,0,0,0.000,0,0,18.000,39.000,55.000,0,0,0,0,0,0,0,0,0,0,0,144,0,3,70,0
0.075000,0.00,0.000,0.000,0,0,0.000,0,0,18.000,39.000,55.000,0,0,0,0,0,0,0,0,0,0,0,144,0,3,70,0
0.080000,0.00,0.000,0.000,0,0,0.000,0,0,18.000,39.000,55.000,0,0,0,0,0,0,0,0,0,0,0,144,0,3,70,0
0.085000,0.00,0.000,0.000,0,0,0.000,0,0,18.000,39.000,55.000,0,0,0,0,0,0,0,0,0,0,0,144,0,3,70,0
0.090000,0.00,0.000,0.000,0,0,0.000,0,0,18.000,39.000,55.000,0,0,0,0,0,0,0,0,0,0,0,144,0,3,70,0
0.095000,0.00,0.000,0.000,0,0,0.000,0,0,18.000,39.000,55.000,0,0,0,0,0,0,0,0,0,0,0,144,0,3,70,0
0.100000,0.00,0.000,0.000,0,0,0.000,0,0,18.000,39.000,55.000,0,0,0,0,0,0,0,0,0,0,0,144,0,3,70,0
0.105000,0.00,0.000,0.000,0,0,0.000,0,0,18.000,39.000,55.000,0,0,0,0,0,0,0,0,0,0,0,144,0,3,70,0
0.110000,0.00,0.000,0.000,0,0,0.000,0,0,18.000,39.000,55.000,0,0,0,0,0,0,0,0,0,0,0,144,0,3,70,0
0.115000,0.00,0.000,0.000,0,0,0.000,0,0,18.000,39.000,55.000,0,0,0,0,0,0,0,0,0,0,0,144,0,3,70,0
0.120000,0.00,0.000,0.000,0,0,0.000,0,0,18.000,39.000,55.000,0,0,0,0,0,0,0,0,0,0,0,144,0,3,70,0
0.125000,0.00,0.000,0.000,0,0,0.000,0,0,18.000,39.000,55.000,0,0,0,0,0,0,0,0,0,0,0,144,0,3,70,0
0.130000,0.00,0.000,0.000,0,0,0.000,0,0,18.000,39.000,55.000,0,0,0,0,0,0,0,0,0,0,0,144,0,3,70,0
0.135000,0.00,0.000,0.000,0,0,0.000,0,0,18.000,39.000,55.000,0,0,0,0,0,0,0,0,0,0,0,144,0,3,70,0
0.140000,0.00,0.000,0.000,0,0,0.000,0,0,18.000,39.000,55.000,0,0,0,0,0,0,0,0,0,0,0,144,0,3,70,0
0.145000,0.00,0.000,0.000,0,0,0.000,0,0,18.000,39.000,55.000,0,0,0,0,0,0,0,0,0,0,0,144,0,3,70,0
0.150000,0.00,0.000,0.000,0,0,0.000,0,0,18.000,39.000,55.000,0,0,0,0,0,0,0,0,0,0,0,144,0,3,70,0
0.155000,0.00,0.000,0.000,0,0,0.000,0,0,18.000,39.000,55.000,0,0,0,0,0,0,0,0,0,0,0,144,0,3,70,0
0.160000,0.00,0.000,0.000,0,0,0.000,0,0,18.000,39.000,55.000,0,0,0,0,0,0,0,0,0,0,0,144,0,3,70,0
0.165000,0.00,0.000,0.000,0,0,0.000,0,0,18.000,39.000,55.000,0,0,0,0,0,0,0,0,0,0,0,144,0,3,70,0
0.170000,0.00,0.000,0.000,0,0,0.000,0,0,18.000,39.000,55.000,0,0,0,0,0,0,0,0,0,0,0,144,0,3,70,0
0.175000,0.00,0.000,0.000,0,0,0.000,0,0,18.000,39.000,55.000,0,0,0,0,0,0,0,0,0,0,0,144,0,3,70,0
0.180000,0.00,0.000,0.000,0,0,0.000,0,0,18.000,39.000,55.000,0,0,0,0,0,0,0,0,0,0,0,144,0,3,70,0
0.185000,0.00,0.000,0.000,0,0,0.000,0,0,18.000,39.000,55.000,0,0,0,0,0,0,0,0,0,0,0,144,0,3,70,0
0.190000,0.00,0.000,0.000,0,0,0.000,0,0,18.000,39.000,55.000,0,0,0,0,0,0,0,0,0,0,0,144,0,3,70,0
0.195000,0.00,0.000,0.000,0,0,0.000,0,0,18.000,39.000,55.000,0,0,0,0,0,0,0,0,0,0,0,144,0,3,70,0
0.200000,0.00,0.000,0.000,0,0,0.000,0,0,18.000,39.000,55.000,0,0,0,0,0,0,0,0,0,0,0,144,0,3,70,0
0.205000,0.00,0.000,0.000,0,0,0.000,0,0,18.000,39.000,55.000,0,0,0,0,0,0,0,0,0,0,0,144,0,3,70,0
0.210000,0.00,0.000,0.000,0,0,0.000,0,0,18.000,39.000,55.000,0,0,0,0,0,0,0,0,0,0,0,144,0,3,70,0
0.215000,0.00,0.000,0.000,0,0,0.000,0,0,18.000,39.000,55.000,0,0,0,0,0,0,0,0,0,0,0,144,0,3,70,0
0.220000,0.00,0.000,0.000,0,0,0.000,0,0,18.000,39.000,55.000,0,0,0,0,0,0,0,0,0,0,0,144,0,3,70,0
0.225000,0.00,0.000,0.000,0,0,0.000,0,0,18.000,39.000,55.000,0,0,0,0,0,0,0,0,0,0,0,144,0,3,70,0
0.230000,0.00,0.000,0.000,0,0,0.000,0,0,18.000,39.000,55.000,0,0,0,0,0,0,0,0,0,0,0,144,0,3,70,0
0.235000,0.00,0.000,0.000,0,0,0.000,0,0,18.000,39.000,55.000,0,0,0,0,0,0,0,0,0,0,0,144,0,3,70,0
0.240000,0.00,0.000,0.000,0,0,0.000,0,0,18.000,39.000,55.000,0,0,0,0,0,0,0,0,0,0,0,144,0,3,70,0
0.245000,0.00,0.000,0.000,0,0,0.000,0,0,18.000,39.000,55.000,0,0,0,0,0,0,0,0,0,0,0,144,0,3,70,0
0.250000,0.00,0.000,0.000,0,0,0.000,0,0,18.000,39.000,55.000,0,0,0,0,0,0,0,0,0,0,0,144,0,3,70,0
0.255000,0.00,0.000,0.000,0,0,0.000,0,0,18.000,39.000,55.000,0,0,0,0,0,0,0,0,0,0,0,144,0,3,70,0
0.260000,0.00,0.000,0.000,0,0,0.000,0,0,18.000,39.000,55.000,0,0,0,0,0,0,0,0,0,0,0,144,0,3,70,0
0.265000,0.00,0.000,0.000,0,0,0.000,0,0,18.000,39.000,55.000,0,0,0,0,0,0,0,0,0,0,0,144,0,3,70,0
0.270000,0.00,0.000,0.000,0,0,0.000,0,0,18.000,39.000,55.000,0,0,0,0,0,0,0,0,0,0,0,144,0,3,70,0
0.275000,0.00,0.000,0.000,0,0,0.000,0,0,18.000,39.000,55.000,0,0,0,0,0,0,0,0,0,0,0,144,0,3,70,0
0.280000,0.00,0.000,0.000,0,0,0.000,0,0,18.000,39.000,55.000,0,0,0,0,0,0,0,0,0,0,0,144,0,3,70,0
0.285000,0.00,0.000,0.000,0,0,0.000,0,0,18.000,39.000,55.000,0,0,0,0,0,0,0,0,0,0,0,144,0,3,70,0
0.290000,0.00,0.000,0.000,0,0,0.000,0,0,18.000,39.000,55.000,0,0,0,0,0,0,0,0,0,0,0,144,0,3,70,0
0.295000,0.00,0.000,0.000,0,0,0.000,0,0,18.000,39.000,55.000,0,0,0,0,0,0,0,0,0,0,0,144,0,3,70,0
0.300000,0.00,0.000,0.000,0,0,0.000,0,0,18.000,39.000,55.000,0,0,0,0,0,0,0,0,0,0,0,144,0,3,70,0
0.305000,0.00,0.000,0.000,0,0,0.000,0,0,18.000,39.000,55.000,0,0,0,0,0,0,0,0,0,0,0,144,0,3,70,0
0.310000,0.00,0.000,0.000,0,0,0.000,0,0,18.000,39.000,55.000,0,0,0,0,0,0,0,0,0,0,0,144,0,3,70,0
0.315000,0.00,0.000,0.000,0,0,0.000,0,0,18.000,39.000,55.000,0,0,0,0,0,0,0,0,0,0,0,144,0,3,70,0
0.320000,0.00,0.000,0.000,0,0,0.000,0,0,18.000,39.000,55.000,0,0,0,0,0,0,0,0,0,0,0,144,0,3,70,0
0.325000,0.00,0.000,0.000,0,0,0.000,0,0,18.000,39.000,55.000,0,0,0,0,0,0,0,0,0,0,0,144,0,3,70,0
0.330000,0.00,0.000,0.000,0,0,0.000,0,0,18.000,39.000,55.000,0,0,0,0,0,0,0,0,0,0,0,144,0,3,70,0
0.335000,0.00,0.000,0.000,0,0,0.000,0,0,18.000,39.000,55.000,0,0,0,0,0,0,0,0,0,0,0,144,0,3,70,0
0.340000,0.00,0.000,0.000,0,0,0.000,0,0,18.000,39.000,55.000,0,0,0,0,0,0,0,0,0,0,0,144,0,3,70,0
0.345000,0.00,0.000,0.000,0,0,0.000,0,0,18.000,39.000,55.000,0,0,0,0,0,0,0,0,0,0,0,144,0,3,70,0
0.350000,0.00,0.000,0.000,0,0,0.000,0,0,18.000,39.000,55.000,0,0,0,0,0,0,0,0,0,0,0,144,0,3,70,0
0.355000,0.00,0.000,0.000,0,0,0.000,0,0,18.000,39.000,55.000,0,0,0,0,0,0,0,0,0,0,0,144,0,3,70,0
0.360000,0.00,0.000,0.000,0,0,0.000,0,0,18.000,39.000,55.000,0,0,0,0,0,0,0,0,0,0,0,144,0,3,70,0
0.365000,0.00,0.000,0.000,0,0,0.000,0,0,18.000,39.000,55.000,0,0,0,0,0,0,0,0,0,0,0,144,0,3,70,0
0.370000,0.00,0.000,0.000,0,0,0.000,0,0,18.000,39.000,55.000,0,0,0,0,0,0,0,0,0,0,0,144,0,3,70,0
0.375000,0.00,0.000,0.000,0,0,0.000,0,0,18.000,39.000,55.000,0,0,0,0,0,0,0,0,0,0,0,144,0,3,70,0
0.380000,0.00,0.000,0.000,0,0,0.000,0,0,18.000,39.000,55.000,0,0,0,0,0,0,0,0,0,0,0,144,0,3,70,0
0.385000,0.00,0.000,0.000,0,0,0.000,0,0,18.000,39.000,55.000,0,0,0,0,0,0,0,0,0,0,0,144,0,3,70,0
0.390000,0.00,0.000,0.000,0,0,0.000,0,0,18.000,39.000,55.000,0,0,0,0,0,0,0,0,0,0,0,144,0,3,70,0
0.395000,0.00,0.000,0.000,0,0,0.000,0,0,18.000,39.000,55.000,0,0,0,0,0,0,0,0,0,0,0,144,0,3,70,0
0.400000,0.00,0.000,0.000,0,0,0.000,0,0,18.000,39.000,55.000,0,0,0,0,0,0,0,0,0,0,0,144,0,3,70,0
0.405000,0.00,0.000,0.000,0,0,0.000,0,0,18.000,39.000,55.000,0,0,0,0,0,0,0,0,0,0,0,144,0,3,70,0
0.410000,0.00,0.000,0.000,0,0,0.000,0,0,18.000,39.000,55.000,0,0,0,0,0,0,0,0,0,0,0,144,0,3,70,0
0.415000,0.00,0.000,0.000,0,0,0.000,0,0,18.000,39.000,55.000,0,0,0,0,0,0,0,0,0,0,0,144,0,3,70,0
0.420000,0.00,0.000,0.000,0,0,0.000,0,0,18.000,39.000,55.000,0,0,0,0,0,0,0,0,0,0,0,144,0,3,70,0
0.425000,0.00,0.000,0.000,0,0,0.000,0,0,18.000,39.000,55.000,0,0,0,0,0,0,0,0,0,0,0,144,0,3,70,0
0.430000,0.00,0.000,0.000,0,0,0.000,0,0,18.000,39.000,55.000,0,0,0,0,0,0,0,0,0,0,0,144,0,3,70,0
0.435000,0.00,0.000,0.000,0,0,0.000,0,0,18.000,39.000,55.000,0,0,0,0,0,0,0,0,0,0,0,144,0,3,70,0
0.440000,0.00,0.000,0.000,0,0,0.000,0,0,18.000,39.000,55.000,0,0,0,0,0,0,0,0,0,0,0,144,0,3,70,0
0.445000,0.00,0.000,0.000,0,0,0.000,0,0,18.000,39.000,55.000,0,0,0,0,0,0,0,0,0,0,0,144,0,3,70,0
0.450000,0.00,0.000,0.000,0,0,0.000,0,0,18.000,39.000,55.000,0,0,0,0,0,0,0,0,0,0,0,144,0,3,70,0
0.455000,0.00,0.000,0.000,0,0,0.000,0,0,18.000,39.000,55.000,0,0,0,0,0,0,0,0,0,0,0,144,0,3,70,0
0.460000,0.00,0.000,0.000,0,0,0.000,0,0,18.000,39.000,55.000,0,0,0,0,0,0,0,0,0,0,0,144,0,3,70,0
0.465000,0.00,0.000,0.000,0,0,0.000,0,0,18.000,39.000,55.000,0,0,0,0,0,0,0,0,0,0,0,144,0,3,70,0
0.470000,0.00,0.000,0.000,0,0,0.000,0,0,18.000,39.000,55.000,0,0,0,0,0,0,0,0,0,0,0,144,0,3,70,0
0.475000,0.00,0.000,0.000,0,0,0.000,0,0,18.000,39.000,55.000,0,0,0,0,0,0,0,0,0,0,0,144,0,3,70,0
0.480000,0.00,0.000,0.000,0,0,0.000,0,0,18.000,39.000,55.000,0,0,0,0,0,0,0,0,0,0,0,144,0,3,70,0
0.485000,0.00,0.000,0.000,0,0,0.000,0,0,18.000,39.000,55.000,0,0,0,0,0,0,0,0,0,0,0,144,0,3,70,0
0.490000,0.00,0.000,0.000,0,0,0.000,0,0,18.000,39.000,55.000,0,0,0,0,0,0,0,0,0,0,0,144,0,3,70,0
0.495000,0.00,0.000,0.000,0,0,0.000,0,0,18.000,39.000,55.000,0,0,0,0,0,0,0,0,0,0,0,144,0,3,70,0
0.500000,0.09,28.043,16.820,2,0,60.000,0,0,18.000,39.000,55.000,0,0,0,0,0,0,0,0,0,0,0,16,0,3,70,1
0.505000,1.89,28.905,17.310,47,1,60.000,0,0,18.000,39.000,55.000,0,0,0,0,0,0,0,0,0,0,0,16,0,3,70,1
0.510000,3.69,29.763,17.860,88,4,60.000,0,0,18.000,39.000,55.000,0,0,0,0,0,0,0,0,0,0,0,16,0,3,70,1
0.515000,5.49,30.614,18.350,124,8,60.000,0,0,18.000,39.000,55.000,0,0,0,0,0,0,0,0,0,0,0,16,0,3,70,1
0.520000,7.29,31.456,18.890,157,13,60.000,0,0,18.000,39.000,55.000,0,0,0,0,0,0,0,0,0,0,0,16,0,3,70,1
0.525000,9.09,32.285,19.380,186,20,60.000,0,0,18.000,39.000,55.000,0,0,0,160,14,14,0,0,0,0,0,16,0,3,30,1
0.530000,10.89,33.098,19.870,213,27,60.000,0,0,18.000,39.000,55.000,0,0,0,160,19,19,0,0,0,0,0,16,0,3,30,1
0.535000,12.69,33.893,20.310,237,218,60.000,0,0,18.000,39.000,55.000,0,0,0,160,174,174,174,174,174,14,1,0,0,3,30,1
0.540000,14.49,34.665,20.790,259,220,60.000,0,0,18.000,39.000,55.000,0,0,0,160,176,176,176,176,176,31,1,0,0,3,30,1
0.545000,16.29,35.413,21.230,280,222,60.000,0,0,18.000,39.000,55.000,0,0,0,160,177,177,177,177,177,48,1,0,0,3,30,1
0.550000,18.09,36.134,21.670,299,224,60.000,0,0,18.000,39.000,55.000,0,0,0,160,179,179,179,179,179,65,1,0,0,3,30,1
0.555000,19.89,36.824,22.100,316,228,60.000,59,59,18.000,39.000,55.000,220,104,167,160,91,91,91,91,91,82,1,0,0,3,30,1
0.560000,21.69,37.482,22.480,332,232,60.000,59,59,18.000,39.000,55.000,224,106,170,160,93,93,93,93,93,93,1,0,0,3,30,1
0.565000,23.49,38.105,22.860,347,236,60.000,59,59,18.000,39.000,55.000,228,108,174,160,95,95,95,95,95,95,1,0,0,3,30,1
0.570000,25.29,38.691,23.190,360,241,60.000,59,59,18.000,39.000,55.000,231,111,178,160,98,98,98,98,98,98,1,0,0,3,30,1
0.575000,27.09,39.237,23.510,373,246,60.000,59,59,18.000,39.000,55.000,234,114,182,160,100,100,100,100,100,100,1,0,0,3,30,1
0.580000,28.89,39.742,23.840,385,251,60.000,59,59,18.000,39.000,55.000,238,117,187,160,102,102,102,102,102,102,1,0,0,3,30,1
0.585000,30.69,40.204,24.110,396,257,60.000,59,59,18.000,39.000,55.000,240,120,192,160,105,105,105,105,105,105,1,0,0,3,30,1
0.590000,32.49,40.621,24.380,406,263,60.000,59,59,18.000,39.000,55.000,243,123,197,160,108,108,108,108,108,108,1,0,0,3,30,1
0.595000,34.29,40.992,24.600,415,269,60.000,60,59,18.000,39.000,55.000,245,126,202,160,111,111,111,111,111,111,1,0,0,3,30,1
0.600000,36.09,41.315,24.770,424,275,60.000,60,59,18.000,39.000,55.000,247,130,208,160,114,114,114,114,114,114,1,0,0,3,30,1
0.605000,37.89,41.590,24.930,432,281,60.000,60,59,18.000,39.000,55.000,249,133,213,160,117,117,117,117,117,117,1,0,0,3,30,1
0.610000,39.69,41.815,25.090,439,287,60.000,60,59,18.000,39.000,55.000,250,136,218,160,120,120,120,120,120,120,1,0,0,3,30,1
0.615000,41.49,41.990,25.200,445,294,60.000,60,59,18.000,39.000,55.000,251,140,224,160,123,123,123,123,123,123,1,0,0,3,30,1
0.620000,43.29,42.114,25.260,451,300,60.000,60,59,18.000,39.000,55.000,252,143,229,160,126,126,126,126,126,126,1,0,0,3,30,1
0.625000,45.09,42.186,25.310,456,306,60.000,60,59,18.000,39.000,55.000,252,146,235,160,129,129,129,129,129,129,1,0,0,3,30,1
0.630000,46.89,42.208,25.310,461,312,60.000,60,59,18.000,39.000,55.000,252,150,240,160,131,131,131,131,131,131,1,0,0,3,30,1
0.635000,48.69,42.178,25.310,465,319,60.000,60,59,18.000,39.000,55.000,252,154,246,160,135,135,135,135,135,135,1,0,0,3,30,1
0.640000,50.49,42.098,25.260,468,325,60.000,59,59,18.000,39.000,55.000,252,157,251,160,138,138,138,138,138,138,1,0,0,3,30,1
0.645000,52.29,41.966,25.150,471,330,60.000,59,59,18.000,39.000,55.000,251,160,256,160,140,140,140,140,140,140,1,0,0,3,30,1
0.650000,54.09,41.785,25.040,473,336,60.000,59,59,18.000,39.000,55.000,250,163,261,160,143,143,143,143,143,143,1,0,0,3,30,1
0.655000,55.89,41.555,24.930,475,342,60.000,59,59,18.000,39.000,55.000,249,166,266,160,146,146,146,146,146,146,1,0,0,3,30,1
0.660000,57.69,41.277,24.770,476,347,60.000,59,59,18.000,39.000,55.000,247,169,270,160,148,148,148,148,148,148,1,0,0,3,30,1
0.665000,59.49,40.952,24.550,476,352,60.000,59,59,18.000,39.000,55.000,245,172,275,160,151,151,151,151,151,151,1,0,0,3,30,1
0.670000,61.29,40.582,24.330,476,357,60.000,59,59,18.000,39.000,55.000,243,174,279,160,153,153,153,153,153,153,1,0,0,3,30,1
0.675000,63.09,40.168,24.110,475,362,60.000,59,59,18.000,39.000,55.000,240,177,283,160,155,155,155,155,155,155,1,0,0,3,30,1
0.680000,64.89,39.711,23.840,474,367,60.000,59,59,18.000,39.000,55.000,238,180,288,160,158,158,158,158,158,158,1,0,0,3,30,1
0.685000,66.69,39.215,23.510,472,371,60.000,59,59,18.000,39.000,55.000,234,182,291,160,160,160,160,160,160,160,1,0,0,3,30,1
0.690000,68.49,38.680,23.190,470,375,60.000,59,59,18.000,39.000,55.000,231,184,295,160,162,162,162,162,162,162,1,0,0,3,30,1
0.695000,70.29,38.110,22.860,467,379,60.000,59,59,18.000,39.000,55.000,228,186,298,160,163,163,163,163,163,163,1,0,0,3,30,1
0.700000,72.09,37.505,22.480,464,382,60.000,59,59,18.000,39.000,55.000,224,188,301,160,165,165,165,165,165,165,1,0,0,3,30,1
0.705000,73.89,36.870,22.100,460,386,60.000,59,59,18.000,39.000,55.000,220,190,304,160,167,167,167,167,167,167,1,0,0,3,30,1
0.710000,75.69,36.206,21.720,456,389,60.000,59,59,18.000,39.000,55.000,217,192,307,160,168,168,168,168,168,168,1,0,0,3,30,1
0.715000,77.49,35.516,21.280,451,391,60.000,59,59,18.000,39.000,55.000,212,193,309,160,169,169,169,169,169,169,1,0,0,3,30,1
0.720000,79.29,34.803,20.900,446,393,60.000,60,59,18.000,39.000,55.000,208,194,310,160,170,170,170,170,170,170,1,0,0,3,30,1
0.725000,81.09,34.069,20.410,441,395,60.000,60,59,18.000,39.000,55.000,203,195,312,160,171,171,171,171,171,171,1,0,0,3,30,1
0.730000,82.89,33.318,19.980,435,397,60.000,60,59,18.000,39.000,55.000,199,196,314,160,172,172,172,172,172,172,1,0,0,3,30,1
0.735000,84.69,32.552,19.540,429,399,60.000,60,59,18.000,39.000,55.000,195,197,315,160,173,173,173,173,173,173,1,0,0,3,30,1
0.740000,86.49,31.776,19.050,422,400,60.000,60,59,18.000,39.000,55.000,190,198,316,160,173,173,173,173,173,173,1,0,0,3,30,1
0.745000,88.29,30.991,18.560,416,400,60.000,60,59,18.000,39.000,55.000,185,198,316,160,173,173,173,173,173,173,1,0,0,3,30,1
0.750000,90.09,30.200,18.130,409,401,60.000,60,59,18.000,39.000,55.000,181,198,317,160,174,174,174,174,174,174,1,0,0,3,30,1
0.755000,91.89,29.408,17.640,401,401,60.000,60,59,18.000,39.000,55.000,176,198,317,160,174,174,174,174,174,174,1,0,0,3,30,1
0.760000,93.69,28.617,17.150,394,401,60.000,60,59,18.000,39.000,55.000,171,198,317,160,174,174,174,174,174,174,1,0,0,3,30,1
0.765000,95.49,27.830,16.720,386,401,60.000,59,59,18.000,39.000,55.000,167,198,317,160,174,174,174,174,174,174,1,0,0,3,30,1
0.770000,97.29,27.050,16.230,379,400,60.000,59,59,18.000,39.000,55.000,162,198,316,160,173,173,173,173,173,173,1,0,0,3,30,1
0.775000,99.09,26.281,15.740,371,400,60.000,59,59,18.000,39.000,55.000,157,198,316,160,173,173,173,173,173,173,1,0,0,3,30,1
0.780000,100.89,25.525,15.300,363,399,60.000,59,59,18.000,39.000,55.000,152,197,315,160,173,173,173,173,173,173,1,0,0,3,30,1
0.785000,102.69,24.785,14.870,355,399,60.000,59,59,18.000,39.000,55.000,148,197,315,160,173,173,173,173,173,173,1,0,0,3,30,1
0.790000,104.49,24.064,14.430,347,398,60.000,59,59,18.000,39.000,55.000,144,196,315,160,173,173,173,173,173,173,1,0,0,3,30,1
0.795000,106.29,23.365,14.000,339,397,60.000,59,59,18.000,39.000,55.000,139,196,314,160,172,172,172,172,172,172,1,0,0,3,30,1
0.800000,108.09,22.691,13.620,331,395,60.000,59,59,18.000,39.000,55.000,136,195,312,160,171,171,171,171,171,171,1,0,0,3,30,1
0.805000,109.89,22.044,13.230,323,394,60.000,59,59,18.000,39.000,55.000,132,194,311,160,171,171,171,171,171,171,1,0,0,3,30,1
0.810000,111.69,21.427,12.850,315,393,60.000,59,59,18.000,39.000,55.000,128,194,310,160,170,170,170,170,170,170,1,0,0,3,30,1
0.815000,113.49,20.842,12.530,308,391,60.000,59,59,18.000,39.000,55.000,125,193,309,160,169,169,169,169,169,169,1,0,0,3,30,1
0.820000,115.29,20.292,12.150,300,389,60.000,59,59,18.000,39.000,55.000,121,192,307,160,168,168,168,168,168,168,1,0,0,3,30,1
0.825000,117.09,19.777,11.870,293,388,60.000,59,59,18.000,39.000,55.000,118,191,306,160,168,168,168,168,168,168,1,0,0,3,30,1
0.830000,118.89,19.302,11.600,286,386,60.000,59,59,18.000,39.000,55.000,115,190,304,160,167,167,167,167,167,167,1,0,0,3,30,1
0.835000,120.69,18.866,11.330,280,384,60.000,59,59,18.000,39.000,55.000,113,189,303,160,166,166,166,166,166,166,1,0,0,3,30,1
0.840000,122.49,18.472,11.060,273,382,60.000,59,59,18.000,39.000,55.000,110,188,301,160,165,165,165,165,165,165,1,0,0,3,30,1
0.845000,124.29,18.121,10.900,267,379,60.000,59,59,18.000,39.000,55.000,108,186,298,160,163,163,163,163,163,163,1,0,0,3,30,1
0.850000,126.09,17.815,10.680,261,377,60.000,59,59,18.000,39.000,55.000,106,185,296,160,162,162,162,162,162,162,1,0,0,3,30,1
0.855000,127.89,17.554,10.510,256,375,60.000,59,59,18.000,39.000,55.000,105,184,295,160,162,162,162,162,162,162,1,0,0,3,30,1
0.860000,129.69,17.340,10.410,251,372,60.000,59,59,18.000,39.000,55.000,104,182,292,160,160,160,160,160,160,160,1,0,0,3,30,1
0.865000,131.49,17.172,10.300,246,370,60.000,59,59,18.000,39.000,55.000,102,181,290,160,159,159,159,159,159,159,1,0,0,3,30,1
0.870000,133.29,17.053,10.240,242,368,60.000,59,59,18.000,39.000,55.000,102,180,289,160,158,158,158,158,158,158,1,0,0,3,30,1
0.875000,135.09,16.981,10.190,238,365,60.000,59,59,18.000,39.000,55.000,101,179,286,160,157,157,157,157,157,157,1,0,0,3,30,1
0.880000,136.89,16.958,10.190,235,363,60.000,59,59,18.000,39.000,55.000,101,177,284,160,156,156,156,156,156,156,1,0,0,3,30,1
0.885000,138.69,16.983,10.190,232,360,60.000,59,59,18.000,39.000,55.000,101,176,282,160,154,154,154,154,154,154,1,0,0,3,30,1
0.890000,140.49,17.056,10.240,230,358,60.000,60,59,18.000,39.000,55.000,102,175,280,160,153,153,153,153,153,153,1,0,0,3,30,1
0.895000,142.29,17.176,10.300,228,355,60.000,60,59,18.000,39.000,55.000,102,173,277,160,152,152,152,152,152,152,1,0,0,3,30,1
0.900000,144.09,17.343,10.410,226,353,60.000,60,59,18.000,39.000,55.000,104,172,276,160,151,151,151,151,151,151,1,0,0,3,30,1
0.905000,145.89,17.556,10.510,225,350,60.000,60,59,18.000,39.000,55.000,105,170,273,160,150,150,150,150,150,150,1,0,0,3,30,1
0.910000,147.69,17.813,10.680,225,348,60.000,60,59,18.000,39.000,55.000,106,169,271,160,149,149,149,149,149,149,1,0,0,3,30,1
0.915000,149.49,18.115,10.900,224,345,60.000,60,59,18.000,39.000,55.000,108,168,268,160,147,147,147,147,147,147,1,0,0,3,30,1
0.920000,151.29,18.459,11.060,225,343,60.000,60,59,18.000,39.000,55.000,110,167,267,160,146,146,146,146,146,146,1,0,0,3,30,1
0.925000,153.09,18.844,11.280,226,341,60.000,60,59,18.000,39.000,55.000,112,166,265,160,145,145,145,145,145,145,1,0,0,3,30,1
0.930000,154.89,19.267,11.550,227,338,60.000,59,59,18.000,39.000,55.000,115,164,262,160,144,144,144,144,144,144,1,0,0,3,30,1
0.935000,156.69,19.729,11.820,229,336,60.000,59,59,18.000,39.000,55.000,118,163,261,160,143,143,143,143,143,143,1,0,0,3,30,1
0.940000,158.49,20.225,12.150,231,334,60.000,59,59,18.000,39.000,55.000,121,162,259,160,142,142,142,142,142,142,1,0,0,3,30,1
0.945000,160.29,20.754,12.470,234,332,60.000,59,59,18.000,39.000,55.000,124,161,257,160,141,141,141,141,141,141,1,0,0,3,30,1
0.950000,162.09,21.315,12.800,237,330,60.000,59,59,18.000,39.000,55.000,127,160,256,160,140,140,140,140,140,140,1,0,0,3,30,1
0.955000,163.89,21.904,13.130,241,329,60.000,59,59,18.000,39.000,55.000,131,159,255,160,140,140,140,140,140,140,1,0,0,3,30,1
0.960000,165.69,22.518,13.510,245,327,60.000,59,59,18.000,39.000,55.000,135,158,253,160,139,139,139,139,139,139,1,0,0,3,30,1
0.965000,167.49,23.156,13.890,249,325,60.000,59,59,18.000,39.000,55.000,138,157,251,160,138,138,138,138,138,138,1,0,0,3,30,1
0.970000,169.29,23.815,14.270,254,324,60.000,59,59,18.000,39.000,55.000,142,156,250,160,137,137,137,137,137,137,1,0,0,3,30,1
0.975000,171.09,24.491,14.700,259,323,60.000,59,59,18.000,39.000,55.000,146,156,249,160,137,137,137,137,137,137,1,0,0,3,30,1
0.980000,172.89,25.182,15.080,264,321,60.000,59,59,18.000,39.000,55.000,150,155,248,160,136,136,136,136,136,136,1,0,0,3,30,1
0.985000,174.69,25.885,15.520,270,320,60.000,59,59,18.000,39.000,55.000,155,154,247,160,135,135,135,135,135,135,1,0,0,3,30,1
0.990000,176.49,26.597,15.950,276,319,60.000,59,59,18.000,39.000,55.000,159,154,246,160,135,135,135,135,135,135,1,0,0,3,30,1
0.995000,178.29,27.315,16.390,282,319,60.000,59,59,18.000,39.000,55.000,163,154,246,160,135,135,135,135,135,135,1,0,0,3,30,1
1.000000,180.09,28.036,16.820,289,318,60.000,59,59,18.000,39.000,55.000,168,153,245,160,134,134,134,134,134,134,1,0,0,3,30,1
1.005000,181.89,28.757,17.260,296,318,60.000,59,59,18.000,39.000,55.000,172,153,245,160,134,134,134,134,134,134,1,0,0,3,30,1
1.010000,183.69,29.474,17.690,302,317,60.000,59,59,18.000,39.000,55.000,176,152,244,160,134,134,134,134,134,134,1,0,0,3,30,1
1.015000,185.49,30.186,18.130,309,317,60.000,60,59,18.000,39.000,55.000,181,152,244,160,134,134,134,134,134,134,1,0,0,3,30,1
1.020000,187.29,30.888,18.510,316,317,60.000,60,59,18.000,39.000,55.000,185,152,244,160,134,134,134,134,134,134,1,0,0,3,30,1
1.025000,189.09,31.577,18.950,324,317,60.000,60,59,18.000,39.000,55.000,189,152,244,160,134,134,134,134,134,134,1,0,0,3,30,1
1.030000,190.89,32.252,19.330,331,318,60.000,60,59,18.000,39.000,55.000,193,153,245,160,134,134,134,134,134,134,1,0,0,3,30,1
1.035000,192.69,32.909,19.760,338,318,60.000,60,59,18.000,39.000,55.000,197,153,245,160,134,134,134,134,134,134,1,0,0,3,30,1
1.040000,194.49,33.544,20.140,345,319,60.000,60,59,18.000,39.000,55.000,201,154,246,160,135,135,135,135,135,135,1,0,0,3,30,1
1.045000,196.29,34.156,20.470,352,320,60.000,60,59,18.000,39.000,55.000,204,154,247,160,135,135,135,135,135,135,1,0,0,3,30,1
1.050000,198.09,34.743,20.850,360,322,60.000,60,59,18.000,39.000,55.000,208,155,248,160,136,136,136,136,136,136,1,0,0,3,30,1
1.055000,199.89,35.300,21.180,367,323,60.000,59,59,18.000,39.000,55.000,211,156,249,160,137,137,137,137,137,137,1,0,0,3,30,1
1.060000,201.69,35.826,21.500,373,325,60.000,59,59,18.000,39.000,55.000,214,157,251,160,138,138,138,138,138,138,1,0,0,3,30,1
1.065000,203.49,36.319,21.770,380,327,60.000,59,59,18.000,39.000,55.000,217,158,253,160,139,139,139,139,139,139,1,0,0,3,30,1
1.070000,205.29,36.777,22.050,387,330,60.000,59,59,18.000,39.000,55.000,220,160,256,160,140,140,140,140,140,140,1,0,0,3,30,1
1.075000,207.09,37.197,22.320,393,332,60.000,59,59,18.000,39.000,55.000,223,161,257,160,141,141,141,141,141,141,1,0,0,3,30,1
1.080000,208.89,37.577,22.540,399,335,60.000,59,59,18.000,39.000,55.000,225,162,260,160,142,142,142,142,142,142,1,0,0,3,30,1
1.085000,210.69,37.917,22.750,405,337,60.000,59,59,18.000,39.000,55.000,227,163,262,160,143,143,143,143,143,143,1,0,0,3,30,1
1.090000,212.49,38.214,22.920,410,340,60.000,59,59,18.000,39.000,55.000,229,165,264,160,145,145,145,145,145,145,1,0,0,3,30,1
1.095000,214.29,38.468,23.080,415,343,60.000,59,59,18.000,39.000,55.000,230,167,267,160,146,146,146,146,146,146,1,0,0,3,30,1
1.100000,216.09,38.676,23.190,420,346,60.000,59,59,18.000,39.000,55.000,231,168,269,160,148,148,148,148,148,148,1,0,0,3,30,1
1.105000,217.89,38.838,23.300,424,349,60.000,59,59,18.000,39.000,55.000,232,170,272,160,149,149,149,149,149,149,1,0,0,3,30,1
1.110000,219.69,38.954,23.350,428,352,60.000,59,59,18.000,39.000,55.000,233,172,275,160,151,151,151,151,151,151,1,0,0,3,30,1
1.115000,221.49,39.022,23.410,432,355,60.000,59,59,18.000,39.000,55.000,233,173,277,160,152,152,152,152,152,152,1,0,0,3,30,1
1.120000,223.29,39.042,23.410,435,359,60.000,59,59,18.000,39.000,55.000,233,175,281,160,154,154,154,154,154,154,1,0,0,3,30,1
1.125000,225.09,39.014,23.410,438,362,60.000,59,59,18.000,39.000,55.000,233,177,283,160,155,155,155,155,155,155,1,0,0,3,30,1
1.130000,226.89,38.937,23.350,440,365,60.000,59,59,18.000,39.000,55.000,233,179,286,160,157,157,157,157,157,157,1,0,0,3,30,1
1.135000,228.69,38.813,23.300,442,368,60.000,59,59,18.000,39.000,55.000,232,180,289,160,158,158,158,158,158,158,1,0,0,3,30,1
1.140000,230.49,38.641,23.190,444,371,60.000,60,59,18.000,39.000,55.000,231,182,291,160,160,160,160,160,160,160,1,0,0,3,30,1
1.145000,232.29,38.422,23.030,444,374,60.000,60,59,18.000,39.000,55.000,230,183,294,160,161,161,161,161,161,161,1,0,0,3,30,1
1.150000,234.09,38.157,22.920,445,377,60.000,60,59,18.000,39.000,55.000,229,185,296,160,162,162,162,162,162,162,1,0,0,3,30,1
1.155000,235.89,37.846,22.700,445,380,60.000,60,59,18.000,39.000,55.000,226,187,299,160,164,164,164,164,164,164,1,0,0,3,30,1
1.160000,237.69,37.491,22.480,444,382,60.000,60,59,18.000,39.000,55.000,224,188,301,160,165,165,165,165,165,165,1,0,0,3,30,1
1.165000,239.49,37.092,22.260,443,385,60.000,60,59,18.000,39.000,55.000,222,189,303,160,166,166,166,166,166,166,1,0,0,3,30,1
1.170000,241.29,36.653,21.990,442,387,60.000,60,59,18.000,39.000,55.000,219,190,305,160,167,167,167,167,167,167,1,0,0,3,30,1
1.175000,243.09,36.173,21.720,440,389,60.000,60,59,18.000,39.000,55.000,217,192,307,160,168,168,168,168,168,168,1,0,0,3,30,1
1.180000,244.89,35.655,21.390,438,391,60.000,59,59,18.000,39.000,55.000,213,193,309,160,169,169,169,169,169,169,1,0,0,3,30,1
1.185000,246.69,35.101,21.070,435,393,60.000,59,59,18.000,39.000,55.000,210,194,310,160,170,170,170,170,170,170,1,0,0,3,30,1
1.190000,248.49,34.512,20.690,431,395,60.000,59,59,18.000,39.000,55.000,206,195,312,160,171,171,171,171,171,171,1,0,0,3,30,1
1.195000,250.29,33.892,20.310,428,396,60.000,59,59,18.000,39.000,55.000,202,195,313,160,172,172,172,172,172,172,1,0,0,3,30,1
1.200000,252.09,33.243,19.920,423,397,60.000,59,59,18.000,39.000,55.000,199,196,314,160,172,172,172,172,172,172,1,0,0,3,30,1
1.205000,253.89,32.566,19.540,419,398,60.000,59,59,18.000,39.000,55.000,195,196,315,160,173,173,173,173,173,173,1,0,0,3,30,1
1.210000,255.69,31.865,19.110,414,399,60.000,59,59,18.000,39.000,55.000,190,197,315,160,173,173,173,173,173,173,1,0,0,3,30,1
1.215000,257.49,31.142,18.670,408,399,60.000,59,59,18.000,39.000,55.000,186,197,315,160,173,173,173,173,173,173,1,0,0,3,30,1
1.220000,259.29,30.401,18.240,402,399,60.000,59,59,18.000,39.000,55.000,182,197,315,160,173,173,173,173,173,173,1,0,0,3,30,1
1.225000,261.09,29.643,17.800,396,399,60.000,59,59,18.000,39.000,55.000,177,197,315,160,173,173,173,173,173,173,1,0,0,3,30,1
1.230000,262.89,28.872,17.310,390,399,60.000,59,59,18.000,39.000,55.000,173,197,315,160,173,173,173,173,173,173,1,0,0,3,30,1
1.235000,264.69,28.092,16.820,383,399,60.000,59,59,18.000,39.000,55.000,168,197,315,160,173,173,173,173,173,173,1,0,0,3,30,1
1.240000,266.49,27.304,16.390,376,399,60.000,59,59,18.000,39.000,55.000,163,197,315,160,173,173,173,173,173,173,1,0,0,3,30,1
1.245000,268.29,26.513,15.900,369,398,60.000,59,59,18.000,39.000,55.000,158,196,315,160,173,173,173,173,173,173,1,0,0,3,30,1
1.250000,270.09,25.720,15.410,362,398,60.000,59,59,18.000,39.000,55.000,154,196,315,160,173,173,173,173,173,173,1,0,0,3,30,1
1.255000,271.89,24.931,14.970,354,397,60.000,59,59,18.000,39.000,55.000,149,196,314,160,172,172,172,172,172,172,1,0,0,3,30,1
1.260000,273.69,24.146,14.490,346,396,60.000,59,59,18.000,39.000,55.000,144,195,313,160,172,172,172,172,172,172,1,0,0,3,30,1
1.265000,275.49,23.370,14.000,339,395,60.000,60,59,18.000,39.000,55.000,139,195,312,160,171,171,171,171,171,171,1,0,0,3,30,1
1.270000,277.29,22.606,13.560,331,394,60.000,60,59,18.000,39.000,55.000,135,194,311,160,171,171,171,171,171,171,1,0,0,3,30,1
1.275000,279.09,21.857,13.130,323,393,60.000,60,59,18.000,39.000,55.000,131,194,310,160,170,170,170,170,170,170,1,0,0,3,30,1
1.280000,280.89,21.125,12.690,315,391,60.000,60,59,18.000,39.000,55.000,126,193,309,160,169,169,169,169,169,169,1,0,0,3,30,1
1.285000,282.69,20.414,12.260,307,390,60.000,60,59,18.000,39.000,55.000,122,192,308,160,169,169,169,169,169,169,1,0,0,3,30,1
1.290000,284.49,19.726,11.820,299,388,60.000,60,59,18.000,39.000,55.000,118,191,306,160,168,168,168,168,168,168,1,0,0,3,30,1
1.295000,286.29,19.065,11.440,291,386,60.000,60,59,18.000,39.000,55.000,114,190,304,160,167,167,167,167,167,167,1,0,0,3,30,1
1.300000,288.09,18.433,11.060,283,384,60.000,60,59,18.000,39.000,55.000,110,189,303,160,166,166,166,166,166,166,1,0,0,3,30,1
1.305000,289.89,17.832,10.680,275,382,60.000,59,59,18.000,39.000,55.000,106,188,301,160,165,165,165,165,165,165,1,0,0,3,30,1
1.310000,291.69,17.264,10.350,268,380,60.000,59,59,18.000,39.000,55.000,103,187,299,160,164,164,164,164,164,164,1,0,0,3,30,1
1.315000,293.49,16.734,10.030,260,378,60.000,59,59,18.000,39.000,55.000,100,186,297,160,163,163,163,163,163,163,1,0,0,3,30,1
1.320000,295.29,16.241,9.750,253,375,60.000,59,59,18.000,39.000,55.000,97,184,295,160,162,162,162,162,162,162,1,0,0,3,30,1
1.325000,297.09,15.789,9.480,247,373,60.000,59,59,18.000,39.000,55.000,94,183,293,160,161,161,161,161,161,161,1,0,0,3,30,1
1.330000,298.89,15.379,9.210,240,370,60.000,59,59,18.000,39.000,55.000,92,181,290,160,159,159,159,159,159,159,1,0,0,3,30,1
1.335000,300.69,15.013,8.990,234,368,60.000,59,59,18.000,39.000,55.000,89,180,289,160,158,158,158,158,158,158,1,0,0,3,30,1
1.340000,302.49,14.693,8.830,228,365,60.000,59,59,18.000,39.000,55.000,88,179,286,160,157,157,157,157,157,157,1,0,0,3,30,1
1.345000,304.29,14.420,8.670,222,362,60.000,59,59,18.000,39.000,55.000,86,177,283,160,155,155,155,155,155,155,1,0,0,3,30,1
1.350000,306.09,14.194,8.500,217,359,60.000,59,59,18.000,39.000,55.000,84,175,281,160,154,154,154,154,154,154,1,0,0,3,30,1
1.355000,307.89,14.018,8.390,212,357,60.000,59,59,18.000,39.000,55.000,83,174,279,160,153,153,153,153,153,153,1,0,0,3,30,1
1.360000,309.69,13.892,8.340,208,354,60.000,59,59,18.000,39.000,55.000,83,173,276,160,151,151,151,151,151,151,1,0,0,3,30,1
1.365000,311.49,13.817,8.280,204,351,60.000,59,59,18.000,39.000,55.000,82,171,274,160,150,150,150,150,150,150,1,0,0,3,30,1
1.370000,313.29,13.792,8.280,201,348,60.000,59,59,18.000,39.000,55.000,82,169,271,160,149,149,149,149,149,149,1,0,0,3,30,1
1.375000,315.09,13.819,8.280,198,345,60.000,59,59,18.000,39.000,55.000,82,168,268,160,147,147,147,147,147,147,1,0,0,3,30,1
1.380000,316.89,13.897,8.340,195,342,60.000,59,59,18.000,39.000,55.000,83,166,266,160,146,146,146,146,146,146,1,0,0,3,30,1
1.385000,318.69,14.026,8.390,193,339,60.000,59,59,18.000,39.000,55.000,83,164,263,160,144,144,144,144,144,144,1,0,0,3,30,1
1.390000,320.49,14.206,8.500,192,336,60.000,60,59,18.000,39.000,55.000,84,163,261,160,143,143,143,143,143,143,1,0,0,3,30,1
1.395000,322.29,14.436,8.670,191,334,60.000,60,59,18.000,39.000,55.000,86,162,259,160,142,142,142,142,142,142,1,0,0,3,30,1
1.400000,324.09,14.715,8.830,190,331,60.000,60,59,18.000,39.000,55.000,88,160,256,160,140,140,140,140,140,140,1,0,0,3,30,1
1.405000,325.89,15.043,9.050,190,328,60.000,60,59,18.000,39.000,55.000,90,158,254,160,139,139,139,139,139,139,1,0,0,3,30,1
1.410000,327.69,15.419,9.260,190,325,60.000,60,59,18.000,39.000,55.000,92,157,251,160,138,138,138,138,138,138,1,0,0,3,30,1
1.415000,329.49,15.840,9.480,191,323,60.000,60,59,18.000,39.000,55.000,94,156,249,160,137,137,137,137,137,137,1,0,0,3,30,1
1.420000,331.29,16.307,9.750,193,320,60.000,60,59,18.000,39.000,55.000,97,154,247,160,135,135,135,135,135,135,1,0,0,3,30,1
1.425000,333.09,16.816,10.080,195,318,60.000,60,59,18.000,39.000,55.000,100,153,245,160,134,134,134,134,134,134,1,0,0,3,30,1
1.430000,334.89,17.366,10.410,198,315,60.000,59,59,18.000,39.000,55.000,104,151,242,160,133,133,133,133,133,133,1,0,0,3,30,1
1.435000,336.69,17.956,10.790,201,313,60.000,59,59,18.000,39.000,55.000,107,150,241,160,132,132,132,132,132,132,1,0,0,3,30,1
1.440000,338.49,18.582,11.170,204,311,60.000,59,59,18.000,39.000,55.000,111,149,239,160,131,131,131,131,131,131,1,0,0,3,30,1
1.445000,340.29,19.244,11.550,208,309,60.000,59,59,18.000,39.000,55.000,115,148,237,160,130,130,130,130,130,130,1,0,0,3,30,1
1.450000,342.09,19.937,11.980,213,307,60.000,59,59,18.000,39.000,55.000,119,147,236,160,129,129,129,129,129,129,1,0,0,3,30,1
1.455000,343.89,20.660,12.360,218,305,60.000,59,59,18.000,39.000,55.000,123,146,234,160,128,128,128,128,128,128,1,0,0,3,30,1
1.460000,345.69,21.411,12.850,223,304,60.000,59,59,18.000,39.000,55.000,128,145,233,160,128,128,128,128,128,128,1,0,0,3,30,1
1.465000,347.49,22.186,13.290,229,302,60.000,59,59,18.000,39.000,55.000,132,144,231,160,127,127,127,127,127,127,1,0,0,3,30,1
1.470000,349.29,22.982,13.780,235,301,60.000,59,59,18.000,39.000,55.000,137,144,230,160,126,126,126,126,126,126,1,0,0,3,30,1
1.475000,351.09,23.797,14.270,241,300,60.000,59,59,18.000,39.000,55.000,142,143,229,160,126,126,126,126,126,126,1,0,0,3,30,1
1.480000,352.89,24.628,14.760,248,298,60.000,59,59,18.000,39.000,55.000,147,142,228,160,125,125,125,125,125,125,1,0,0,3,30,1
1.485000,354.69,25.471,15.300,255,298,60.000,59,59,18.000,39.000,55.000,152,142,228,160,125,125,125,125,125,125,1,0,0,3,30,1
1.490000,356.49,26.323,15.790,263,297,60.000,59,59,18.000,39.000,55.000,157,142,227,160,124,124,124,124,124,124,1,0,0,3,30,1
1.495000,358.29,27.182,16.280,271,296,60.000,59,59,18.000,39.000,55.000,162,141,226,160,124,124,124,124,124,124,1,0,0,3,30,1
1.500000,0.09,28.043,16.820,279,296,60.000,59,59,18.000,39.000,55.000,168,141,226,160,124,124,124,124,124,124,1,0,0,3,30,1
1.505000,1.89,28.905,17.310,287,296,60.000,59,59,18.000,39.000,55.000,173,141,226,160,124,124,124,124,124,124,1,0,0,3,30,1
1.510000,3.69,29.763,17.860,295,296,60.000,59,59,18.000,39.000,55.000,178,141,226,160,124,124,124,124,124,124,1,0,0,3,30,1
1.515000,5.49,30.614,18.350,304,296,60.000,60,60,18.000,39.000,55.000,186,143,230,160,124,124,124,124,124,124,1,0,0,3,30,1
1.520000,7.29,31.456,18.890,312,296,60.000,60,60,18.000,39.000,55.000,191,143,230,160,124,124,124,124,124,124,1,0,0,3,30,1
1.525000,9.09,32.285,19.380,321,297,60.000,60,60,18.000,39.000,55.000,196,144,231,160,124,124,124,124,124,124,1,0,0,3,30,1
1.530000,10.89,33.098,19.870,330,298,60.000,60,60,18.000,39.000,55.000,201,145,232,160,125,125,125,125,125,125,1,0,0,3,30,1
1.535000,12.69,33.893,20.310,338,300,60.000,60,60,18.000,39.000,55.000,206,146,233,160,126,126,126,126,126,126,1,0,0,3,30,1
1.540000,14.49,34.665,20.790,347,301,60.000,60,60,18.000,39.000,55.000,211,146,234,160,126,126,126,126,126,126,1,0,0,3,30,1
1.545000,16.29,35.413,21.230,356,303,60.000,60,60,18.000,39.000,55.000,215,147,236,160,127,127,127,127,127,127,1,0,0,3,30,1
1.550000,18.09,36.134,21.670,364,306,60.000,60,60,18.000,39.000,55.000,220,149,239,160,129,129,129,129,129,129,1,0,0,3,30,1
1.555000,19.89,36.824,22.100,373,308,60.000,59,59,18.000,39.000,55.000,220,148,236,160,130,130,130,130,130,130,1,0,0,3,30,1
1.560000,21.69,37.482,22.480,381,311,60.000,59,59,18.000,39.000,55.000,224,149,239,160,131,131,131,131,131,131,1,0,0,3,30,1
1.565000,23.49,38.105,22.860,389,314,60.000,59,59,18.000,39.000,55.000,228,151,242,160,132,132,132,132,132,132,1,0,0,3,30,1
1.570000,25.29,38.691,23.190,397,317,60.000,59,59,18.000,39.000,55.000,231,152,244,160,134,134,134,134,134,134,1,0,0,3,30,1
1.575000,27.09,39.237,23.510,405,321,60.000,59,59,18.000,39.000,55.000,234,155,248,160,136,136,136,136,136,136,1,0,0,3,30,1
1.580000,28.89,39.742,23.840,413,324,60.000,59,59,18.000,39.000,55.000,238,156,250,160,137,137,137,137,137,137,1,0,0,3,30,1
1.585000,30.69,40.204,24.110,420,328,60.000,59,59,18.000,39.000,55.000,240,158,254,160,139,139,139,139,139,139,1,0,0,3,30,1
1.590000,32.49,40.621,24.380,427,332,60.000,59,59,18.000,39.000,55.000,243,161,257,160,141,141,141,141,141,141,1,0,0,3,30,1
1.595000,34.29,40.992,24.600,433,336,60.000,59,59,18.000,39.000,55.000,245,163,261,160,143,143,143,143,143,143,1,0,0,3,30,1
1.600000,36.09,41.315,24.770,439,340,60.000,59,59,18.000,39.000,55.000,247,165,264,160,145,145,145,145,145,145,1,0,0,3,30,1
1.605000,37.89,41.590,24.930,445,344,60.000,59,59,18.000,39.000,55.000,249,167,268,160,147,147,147,147,147,147,1,0,0,3,30,1
1.610000,39.69,41.815,25.090,451,348,60.000,59,59,18.000,39.000,55.000,250,169,271,160,149,149,149,149,149,149,1,0,0,3,30,1
1.615000,41.49,41.990,25.200,456,352,60.000,59,59,18.000,39.000,55.000,251,172,275,160,151,151,151,151,151,151,1,0,0,3,30,1
1.620000,43.29,42.114,25.260,460,357,60.000,59,59,18.000,39.000,55.000,252,174,279,160,153,153,153,153,153,153,1,0,0,3,30,1
1.625000,45.09,42.186,25.310,464,361,60.000,59,59,18.000,39.000,55.000,252,176,282,160,155,155,155,155,155,155,1,0,0,3,30,1
1.630000,46.89,42.208,25.310,468,365,60.000,59,59,18.000,39.000,55.000,252,179,286,160,157,157,157,157,157,157,1,0,0,3,30,1
1.635000,48.69,42.178,25.310,471,369,60.000,59,59,18.000,39.000,55.000,252,181,289,160,159,159,159,159,159,159,1,0,0,3,30,1
1.640000,50.49,42.098,25.260,473,374,60.000,60,60,18.000,39.000,55.000,256,187,299,160,161,161,161,161,161,161,1,0,0,3,30,1
1.645000,52.29,41.966,25.150,475,378,60.000,60,60,18.000,39.000,55.000,255,189,302,160,163,163,163,163,163,163,1,0,0,3,30,1
1.650000,54.09,41.785,25.040,477,382,60.000,60,60,18.000,39.000,55.000,254,191,306,160,165,165,165,165,165,165,1,0,0,3,30,1
1.655000,55.89,41.555,24.930,478,386,60.000,60,60,18.000,39.000,55.000,253,193,309,160,167,167,167,167,167,167,1,0,0,3,30,1
1.660000,57.69,41.277,24.770,479,389,60.000,60,60,18.000,39.000,55.000,251,195,312,160,168,168,168,168,168,168,1,0,0,3,30,1
1.665000,59.49,40.952,24.550,479,393,60.000,60,60,18.000,39.000,55.000,249,197,316,160,170,170,170,170,170,170,1,0,0,3,30,1
1.670000,61.29,40.582,24.330,478,396,60.000,60,60,18.000,39.000,55.000,247,199,318,160,172,172,172,172,172,172,1,0,0,3,30,1
1.675000,63.09,40.168,24.110,477,400,60.000,60,60,18.000,39.000,55.000,245,201,322,160,173,173,173,173,173,173,1,0,0,3,30,1
1.680000,64.89,39.711,23.840,476,403,60.000,59,59,18.000,39.000,55.000,238,199,319,160,175,175,175,175,175,175,1,0,0,3,30,1
1.685000,66.69,39.215,23.510,474,406,60.000,59,59,18.000,39.000,55.000,234,201,322,160,176,176,176,176,176,176,1,0,0,3,30,1
1.690000,68.49,38.680,23.190,471,408,60.000,59,59,18.000,39.000,55.000,231,202,323,160,177,177,177,177,177,177,1,0,0,3,30,1
1.695000,70.29,38.110,22.860,468,411,60.000,59,59,18.000,39.000,55.000,228,203,326,160,179,179,179,179,179,179,1,0,0,3,30,1
1.700000,72.09,37.505,22.480,465,413,60.000,59,59,18.000,39.000,55.000,224,205,328,160,180,180,180,180,180,180,1,0,0,3,30,1
1.705000,73.89,36.870,22.100,461,415,60.000,59,59,18.000,39.000,55.000,220,206,329,160,181,181,181,181,181,181,1,0,0,3,30,1
1.710000,75.69,36.206,21.720,457,417,60.000,59,59,18.000,39.000,55.000,217,207,331,160,182,182,182,182,182,182,1,0,0,3,30,1
1.715000,77.49,35.516,21.280,452,418,60.000,59,59,18.000,39.000,55.000,212,207,332,160,182,182,182,182,182,182,1,0,0,3,30,1
1.720000,79.29,34.803,20.900,447,420,60.000,59,59,18.000,39.000,55.000,208,208,334,160,183,183,183,183,183,183,1,0,0,3,30,1
1.725000,81.09,34.069,20.410,441,421,60.000,59,59,18.000,39.000,55.000,203,209,335,160,183,183,183,183,183,183,1,0,0,3,30,1
1.730000,82.89,33.318,19.980,435,421,60.000,59,59,18.000,39.000,55.000,199,209,335,160,183,183,183,183,183,183,1,0,0,3,30,1
1.735000,84.69,32.552,19.540,429,422,60.000,59,59,18.000,39.000,55.000,195,209,335,160,184,184,184,184,184,184,1,0,0,3,30,1
1.740000,86.49,31.776,19.050,423,422,60.000,59,59,18.000,39.000,55.000,190,209,335,160,184,184,184,184,184,184,1,0,0,3,30,1
1.745000,88.29,30.991,18.560,416,422,60.000,59,59,18.000,39.000,55.000,185,209,335,160,184,184,184,184,184,184,1,0,0,3,30,1
1.750000,90.09,30.200,18.130,409,422,60.000,59,59,18.000,39.000,55.000,181,209,335,160,184,184,184,184,184,184,1,0,0,3,30,1
1.755000,91.89,29.408,17.640,402,421,60.000,59,59,18.000,39.000,55.000,176,209,335,160,183,183,183,183,183,183,1,0,0,3,30,1
1.760000,93.69,28.617,17.150,394,421,60.000,59,59,18.000,39.000,55.000,171,209,335,160,183,183,183,183,183,183,1,0,0,3,30,1
1.765000,95.49,27.830,16.720,386,420,60.000,60,60,18.000,39.000,55.000,169,212,339,160,183,183,183,183,183,183,1,0,0,3,30,1
1.770000,97.29,27.050,16.230,379,420,60.000,60,60,18.000,39.000,55.000,164,212,339,160,183,183,183,183,183,183,1,0,0,3,30,1
1.775000,99.09,26.281,15.740,371,419,60.000,60,60,18.000,39.000,55.000,159,211,339,160,183,183,183,183,183,183,1,0,0,3,30,1
1.780000,100.89,25.525,15.300,363,418,60.000,60,60,18.000,39.000,55.000,155,211,338,160,182,182,182,182,182,182,1,0,0,3,30,1
1.785000,102.69,24.785,14.870,355,417,60.000,60,60,18.000,39.000,55.000,151,210,337,160,182,182,182,182,182,182,1,0,0,3,30,1
1.790000,104.49,24.064,14.430,347,415,60.000,60,60,18.000,39.000,55.000,146,209,335,160,181,181,181,181,181,181,1,0,0,3,30,1
1.795000,106.29,23.365,14.000,339,414,60.000,60,60,18.000,39.000,55.000,142,209,334,160,180,180,180,180,180,180,1,0,0,3,30,1
1.800000,108.09,22.691,13.620,331,412,60.000,60,60,18.000,39.000,55.000,138,208,332,160,179,179,179,179,179,179,1,0,0,3,30,1
1.805000,109.89,22.044,13.230,323,411,60.000,59,59,18.000,39.000,55.000,132,203,326,160,179,179,179,179,179,179,1,0,0,3,30,1
1.810000,111.69,21.427,12.850,315,409,60.000,59,59,18.000,39.000,55.000,128,202,324,160,178,178,178,178,178,178,1,0,0,3,30,1
1.815000,113.49,20.842,12.530,308,407,60.000,59,59,18.000,39.000,55.000,125,201,323,160,177,177,177,177,177,177,1,0,0,3,30,1
1.820000,115.29,20.292,12.150,300,405,60.000,59,59,18.000,39.000,55.000,121,200,321,160,176,176,176,176,176,176,1,0,0,3,30,1
1.825000,117.09,19.777,11.870,293,403,60.000,59,59,18.000,39.000,55.000,118,199,319,160,175,175,175,175,175,175,1,0,0,3,30,1
1.830000,118.89,19.302,11.600,286,401,60.000,59,59,18.000,39.000,55.000,115,198,317,160,174,174,174,174,174,174,1,0,0,3,30,1
1.835000,120.69,18.866,11.330,280,398,60.000,59,59,18.000,39.000,55.000,113,196,315,160,173,173,173,173,173,173,1,0,0,3,30,1
1.840000,122.49,18.472,11.060,273,396,60.000,59,59,18.000,39.000,55.000,110,195,313,160,172,172,172,172,172,172,1,0,0,3,30,1
1.845000,124.29,18.121,10.900,267,394,60.000,60,60,18.000,39.000,55.000,110,198,316,160,171,171,171,171,171,171,1,0,0,3,30,1
1.850000,126.09,17.815,10.680,261,391,60.000,60,60,18.000,39.000,55.000,108,196,314,160,169,169,169,169,169,169,1,0,0,3,30,1
1.855000,127.89,17.554,10.510,256,388,60.000,60,60,18.000,39.000,55.000,106,194,311,160,168,168,168,168,168,168,1,0,0,3,30,1
1.860000,129.69,17.340,10.410,251,386,60.000,60,60,18.000,39.000,55.000,105,193,309,160,167,167,167,167,167,167,1,0,0,3,30,1
1.865000,131.49,17.172,10.300,246,383,60.000,60,60,18.000,39.000,55.000,104,191,307,160,165,165,165,165,165,165,1,0,0,3,30,1
1.870000,133.29,17.053,10.240,242,380,60.000,60,60,18.000,39.000,55.000,104,190,304,160,164,164,164,164,164,164,1,0,0,3,30,1
1.875000,135.09,16.981,10.190,238,378,60.000,60,60,18.000,39.000,55.000,103,189,302,160,163,163,163,163,163,163,1,0,0,3,30,1
1.880000,136.89,16.958,10.190,235,375,60.000,60,60,18.000,39.000,55.000,103,187,300,160,162,162,162,162,162,162,1,0,0,3,30,1
1.885000,138.69,16.983,10.190,232,372,60.000,60,60,18.000,39.000,55.000,103,185,297,160,160,160,160,160,160,160,1,0,0,3,30,1
1.890000,140.49,17.056,10.240,230,369,60.000,59,59,18.000,39.000,55.000,102,181,289,160,159,159,159,159,159,159,1,0,0,3,30,1
1.895000,142.29,17.176,10.300,228,367,60.000,59,59,18.000,39.000,55.000,102,180,288,160,158,158,158,158,158,158,1,0,0,3,30,1
1.900000,144.09,17.343,10.410,226,364,60.000,59,59,18.000,39.000,55.000,104,178,285,160,156,156,156,156,156,156,1,0,0,3,30,1
1.905000,145.89,17.556,10.510,225,361,60.000,59,59,18.000,39.000,55.000,105,176,282,160,155,155,155,155,155,155,1,0,0,3,30,1
1.910000,147.69,17.813,10.680,225,359,60.000,59,59,18.000,39.000,55.000,106,175,281,160,154,154,154,154,154,154,1,0,0,3,30,1
1.915000,149.49,18.115,10.900,224,356,60.000,59,59,18.000,39.000,55.000,108,174,278,160,152,152,152,152,152,152,1,0,0,3,30,1
1.920000,151.29,18.459,11.060,225,353,60.000,59,59,18.000,39.000,55.000,110,172,276,160,151,151,151,151,151,151,1,0,0,3,30,1
1.925000,153.09,18.844,11.280,226,351,60.000,59,59,18.000,39.000,55.000,112,171,274,160,150,150,150,150,150,150,1,0,0,3,30,1
1.930000,154.89,19.267,11.550,227,348,60.000,59,59,18.000,39.000,55.000,115,169,271,160,149,149,149,149,149,149,1,0,0,3,30,1
1.935000,156.69,19.729,11.820,229,346,60.000,59,59,18.000,39.000,55.000,118,168,269,160,148,148,148,148,148,148,1,0,0,3,30,1
1.940000,158.49,20.225,12.150,231,344,60.000,59,59,18.000,39.000,55.000,121,167,268,160,147,147,147,147,147,147,1,0,0,3,30,1
1.945000,160.29,20.754,12.470,234,342,60.000,59,59,18.000,39.000,55.000,124,166,266,160,146,146,146,146,146,146,1,0,0,3,30,1
1.950000,162.09,21.315,12.800,237,340,60.000,59,59,18.000,39.000,55.000,127,165,264,160,145,145,145,145,145,145,1,0,0,3,30,1
1.955000,163.89,21.904,13.130,241,338,60.000,59,59,18.000,39.000,55.000,131,164,262,160,144,144,144,144,144,144,1,0,0,3,30,1
1.960000,165.69,22.518,13.510,245,336,60.000,59,59,18.000,39.000,55.000,135,163,261,160,143,143,143,143,143,143,1,0,0,3,30,1
1.965000,167.49,23.156,13.890,249,334,60.000,59,59,18.000,39.000,55.000,138,162,259,160,142,142,142,142,142,142,1,0,0,3,30,1
1.970000,169.29,23.815,14.270,254,333,60.000,60,60,18.000,39.000,55.000,145,164,262,160,141,141,141,141,141,141,1,0,0,3,30,1
1.975000,171.09,24.491,14.700,259,331,60.000,60,60,18.000,39.000,55.000,149,163,261,160,140,140,140,140,140,140,1,0,0,3,30,1
1.980000,172.89,25.182,15.080,264,330,60.000,60,60,18.000,39.000,55.000,153,162,260,160,140,140,140,140,140,140,1,0,0,3,30,1
1.985000,174.69,25.885,15.520,270,329,60.000,60,60,18.000,39.000,55.000,157,162,259,160,140,140,140,140,140,140,1,0,0,3,30,1
1.990000,176.49,26.597,15.950,276,327,60.000,60,60,18.000,39.000,55.000,162,161,257,160,139,139,139,139,139,139,1,0,0,3,30,1
1.995000,178.29,27.315,16.390,282,327,60.000,60,60,18.000,39.000,55.000,166,161,257,160,139,139,139,139,139,139,1,0,0,3,30,1
2.000000,180.09,28.036,16.820,289,326,60.000,60,60,18.000,39.000,55.000,170,160,256,160,138,138,138,138,138,138,1,0,0,3,30,1
2.005000,181.89,28.757,17.260,296,325,60.000,60,60,18.000,39.000,55.000,175,159,255,160,138,138,138,138,138,138,1,0,0,3,30,1
2.010000,183.69,29.474,17.690,302,325,60.000,60,60,18.000,39.000,55.000,179,159,255,160,138,138,138,138,138,138,1,0,0,3,30,1
2.015000,185.49,30.186,18.130,309,324,60.000,59,59,18.000,39.000,55.000,181,156,250,160,137,137,137,137,137,137,1,0,0,3,30,1
2.020000,187.29,30.888,18.510,316,324,60.000,59,59,18.000,39.000,55.000,185,156,250,160,137,137,137,137,137,137,1,0,0,3,30,1
2.025000,189.09,31.577,18.950,324,324,60.000,59,59,18.000,39.000,55.000,189,156,250,160,137,137,137,137,137,137,1,0,0,3,30,1
2.030000,190.89,32.252,19.330,331,324,60.000,59,59,18.000,39.000,55.000,193,156,250,160,137,137,137,137,137,137,1,0,0,3,30,1
2.035000,192.69,32.909,19.760,338,325,60.000,59,59,18.000,39.000,55.000,197,157,251,160,138,138,138,138,138,138,1,0,0,3,30,1
2.040000,194.49,33.544,20.140,345,325,60.000,59,59,18.000,39.000,55.000,201,157,251,160,138,138,138,138,138,138,1,0,0,3,30,1
2.045000,196.29,34.156,20.470,352,326,60.000,59,59,18.000,39.000,55.000,204,157,252,160,138,138,138,138,138,138,1,0,0,3,30,1
2.050000,198.09,34.743,20.850,360,327,60.000,59,59,18.000,39.000,55.000,208,158,253,160,139,139,139,139,139,139,1,0,0,3,30,1
2.055000,199.89,35.300,21.180,367,329,60.000,59,59,18.000,39.000,55.000,211,159,255,160,140,140,140,140,140,140,1,0,0,3,30,1
2.060000,201.69,35.826,21.500,373,330,60.000,59,59,18.000,39.000,55.000,214,160,256,160,140,140,140,140,140,140,1,0,0,3,30,1
2.065000,203.49,36.319,21.770,380,332,60.000,59,59,18.000,39.000,55.000,217,161,257,160,141,141,141,141,141,141,1,0,0,3,30,1
2.070000,205.29,36.777,22.050,387,334,60.000,59,59,18.000,39.000,55.000,220,162,259,160,142,142,142,142,142,142,1,0,0,3,30,1
2.075000,207.09,37.197,22.320,393,337,60.000,59,59,18.000,39.000,55.000,223,163,262,160,143,143,143,143,143,143,1,0,0,3,30,1
2.080000,208.89,37.577,22.540,399,339,60.000,59,59,18.000,39.000,55.000,225,164,263,160,144,144,144,144,144,144,1,0,0,3,30,1
2.085000,210.69,37.917,22.750,405,342,60.000,59,59,18.000,39.000,55.000,227,166,266,160,146,146,146,146,146,146,1,0,0,3,30,1
2.090000,212.49,38.214,22.920,410,344,60.000,59,59,18.000,39.000,55.000,229,167,268,160,147,147,147,147,147,147,1,0,0,3,30,1
2.095000,214.29,38.468,23.080,415,347,60.000,60,60,18.000,39.000,55.000,234,172,275,160,148,148,148,148,148,148,1,0,0,3,30,1
2.100000,216.09,38.676,23.190,420,350,60.000,60,60,18.000,39.000,55.000,235,173,278,160,150,150,150,150,150,150,1,0,0,3,30,1
2.105000,217.89,38.838,23.300,424,353,60.000,60,60,18.000,39.000,55.000,236,175,280,160,151,151,151,151,151,151,1,0,0,3,30,1
2.110000,219.69,38.954,23.350,428,356,60.000,60,60,18.000,39.000,55.000,237,177,283,160,152,152,152,152,152,152,1,0,0,3,30,1
2.115000,221.49,39.022,23.410,432,359,60.000,60,60,18.000,39.000,55.000,237,178,286,160,154,154,154,154,154,154,1,0,0,3,30,1
2.120000,223.29,39.042,23.410,435,362,60.000,60,60,18.000,39.000,55.000,237,180,288,160,155,155,155,155,155,155,1,0,0,3,30,1
2.125000,225.09,39.014,23.410,438,365,60.000,60,60,18.000,39.000,55.000,237,182,291,160,157,157,157,157,157,157,1,0,0,3,30,1
2.130000,226.89,38.937,23.350,440,368,60.000,60,60,18.000,39.000,55.000,237,183,294,160,158,158,158,158,158,158,1,0,0,3,30,1
2.135000,228.69,38.813,23.300,442,371,60.000,60,60,18.000,39.000,55.000,236,185,296,160,160,160,160,160,160,160,1,0,0,3,30,1
2.140000,230.49,38.641,23.190,444,374,60.000,59,59,18.000,39.000,55.000,231,183,294,160,161,161,161,161,161,161,1,0,0,3,30,1
2.145000,232.29,38.422,23.030,444,377,60.000,59,59,18.000,39.000,55.000,230,185,296,160,162,162,162,162,162,162,1,0,0,3,30,1
2.150000,234.09,38.157,22.920,445,379,60.000,59,59,18.000,39.000,55.000,229,186,298,160,163,163,163,163,163,163,1,0,0,3,30,1
2.155000,235.89,37.846,22.700,445,382,60.000,59,59,18.000,39.000,55.000,226,188,301,160,165,165,165,165,165,165,1,0,0,3,30,1
2.160000,237.69,37.491,22.480,444,384,60.000,59,59,18.000,39.000,55.000,224,189,303,160,166,166,166,166,166,166,1,0,0,3,30,1
2.165000,239.49,37.092,22.260,443,387,60.000,59,59,18.000,39.000,55.000,222,190,305,160,167,167,167,167,167,167,1,0,0,3,30,1
2.170000,241.29,36.653,21.990,442,389,60.000,59,59,18.000,39.000,55.000,219,192,307,160,168,168,168,168,168,168,1,0,0,3,30,1
2.175000,243.09,36.173,21.720,440,391,60.000,59,59,18.000,39.000,55.000,217,193,309,160,169,169,169,169,169,169,1,0,0,3,30,1
2.180000,244.89,35.655,21.390,438,393,60.000,59,59,18.000,39.000,55.000,213,194,310,160,170,170,170,170,170,170,1,0,0,3,30,1
2.185000,246.69,35.101,21.070,435,395,60.000,59,59,18.000,39.000,55.000,210,195,312,160,171,171,171,171,171,171,1,0,0,3,30,1
2.190000,248.49,34.512,20.690,431,396,60.000,59,59,18.000,39.000,55.000,206,195,313,160,172,172,172,172,172,172,1,0,0,3,30,1
2.195000,250.29,33.892,20.310,428,398,60.000,59,59,18.000,39.000,55.000,202,196,315,160,173,173,173,173,173,173,1,0,0,3,30,1
2.200000,252.09,33.243,19.920,423,399,60.000,59,59,18.000,39.000,55.000,199,197,315,160,173,173,173,173,173,173,1,0,0,3,30,1
2.205000,253.89,32.566,19.540,419,400,60.000,59,59,18.000,39.000,55.000,195,198,316,160,173,173,173,173,173,173,1,0,0,3,30,1
2.210000,255.69,31.865,19.110,414,400,60.000,59,59,18.000,39.000,55.000,190,198,316,160,173,173,173,173,173,173,1,0,0,3,30,1
2.215000,257.49,31.142,18.670,408,401,60.000,59,59,18.000,39.000,55.000,186,198,317,160,174,174,174,174,174,174,1,0,0,3,30,1
2.220000,259.29,30.401,18.240,402,401,60.000,60,60,18.000,39.000,55.000,185,201,323,160,174,174,174,174,174,174,1,0,0,3,30,1
2.225000,261.09,29.643,17.800,396,401,60.000,60,60,18.000,39.000,55.000,180,201,323,160,174,174,174,174,174,174,1,0,0,3,30,1
2.230000,262.89,28.872,17.310,390,401,60.000,60,60,18.000,39.000,55.000,175,201,323,160,174,174,174,174,174,174,1,0,0,3,30,1
2.235000,264.69,28.092,16.820,383,400,60.000,60,60,18.000,39.000,55.000,170,201,322,160,173,173,173,173,173,173,1,0,0,3,30,1
2.240000,266.49,27.304,16.390,376,400,60.000,60,60,18.000,39.000,55.000,166,201,322,160,173,173,173,173,173,173,1,0,0,3,30,1
2.245000,268.29,26.513,15.900,369,400,60.000,60,60,18.000,39.000,55.000,161,201,322,160,173,173,173,173,173,173,1,0,0,3,30,1
2.250000,270.09,25.720,15.410,362,399,60.000,60,60,18.000,39.000,55.000,156,200,321,160,173,173,173,173,173,173,1,0,0,3,30,1
2.255000,271.89,24.931,14.970,354,398,60.000,60,60,18.000,39.000,55.000,152,200,320,160,173,173,173,173,173,173,1,0,0,3,30,1
2.260000,273.69,24.146,14.490,346,397,60.000,60,60,18.000,39.000,55.000,147,199,319,160,172,172,172,172,172,172,1,0,0,3,30,1
2.265000,275.49,23.370,14.000,339,396,60.000,59,59,18.000,39.000,55.000,139,195,313,160,172,172,172,172,172,172,1,0,0,3,30,1
2.270000,277.29,22.606,13.560,331,395,60.000,59,59,18.000,39.000,55.000,135,195,312,160,171,171,171,171,171,171,1,0,0,3,30,1
2.275000,279.09,21.857,13.130,323,394,60.000,59,59,18.000,39.000,55.000,131,194,311,160,171,171,171,171,171,171,1,0,0,3,30,1
2.280000,280.89,21.125,12.690,315,392,60.000,59,59,18.000,39.000,55.000,126,193,309,160,170,170,170,170,170,170,1,0,0,3,30,1
2.285000,282.69,20.414,12.260,307,391,60.000,59,59,18.000,39.000,55.000,122,193,309,160,169,169,169,169,169,169,1,0,0,3,30,1
2.290000,284.49,19.726,11.820,299,389,60.000,59,59,18.000,39.000,55.000,118,192,307,160,168,168,168,168,168,168,1,0,0,3,30,1
2.295000,286.29,19.065,11.440,291,387,60.000,59,59,18.000,39.000,55.000,114,190,305,160,167,167,167,167,167,167,1,0,0,3,30,1
2.300000,288.09,18.433,11.060,283,385,60.000,59,59,18.000,39.000,55.000,110,189,303,160,166,166,166,166,166,166,1,0,0,3,30,1
2.305000,289.89,17.832,10.680,275,383,60.000,59,59,18.000,39.000,55.000,106,188,302,160,165,165,165,165,165,165,1,0,0,3,30,1
2.310000,291.69,17.264,10.350,268,381,60.000,59,59,18.000,39.000,55.000,103,187,300,160,164,164,164,164,164,164,1,0,0,3,30,1
2.315000,293.49,16.734,10.030,260,379,60.000,59,59,18.000,39.000,55.000,100,186,298,160,163,163,163,163,163,163,1,0,0,3,30,1
2.320000,295.29,16.241,9.750,253,376,60.000,59,59,18.000,39.000,55.000,97,185,296,160,162,162,162,162,162,162,1,0,0,3,30,1
2.325000,297.09,15.789,9.480,247,374,60.000,59,59,18.000,39.000,55.000,94,183,294,160,161,161,161,161,161,161,1,0,0,3,30,1
2.330000,298.89,15.379,9.210,240,371,60.000,59,59,18.000,39.000,55.000,92,182,291,160,160,160,160,160,160,160,1,0,0,3,30,1
2.335000,300.69,15.013,8.990,234,369,60.000,59,59,18.000,39.000,55.000,89,181,289,160,159,159,159,159,159,159,1,0,0,3,30,1
2.340000,302.49,14.693,8.830,228,366,60.000,59,59,18.000,39.000,55.000,88,179,287,160,157,157,157,157,157,157,1,0,0,3,30,1
2.345000,304.29,14.420,8.670,222,363,60.000,60,60,18.000,39.000,55.000,88,180,289,160,156,156,156,156,156,156,1,0,0,3,30,1
2.350000,306.09,14.194,8.500,217,360,60.000,60,60,18.000,39.000,55.000,86,179,286,160,154,154,154,154,154,154,1,0,0,3,30,1
2.355000,307.89,14.018,8.390,212,357,60.000,60,60,18.000,39.000,55.000,85,177,284,160,153,153,153,153,153,153,1,0,0,3,30,1
2.360000,309.69,13.892,8.340,208,355,60.000,60,60,18.000,39.000,55.000,84,176,282,160,152,152,152,152,152,152,1,0,0,3,30,1
2.365000,311.49,13.817,8.280,204,352,60.000,60,60,18.000,39.000,55.000,84,174,279,160,151,151,151,151,151,151,1,0,0,3,30,1
2.370000,313.29,13.792,8.280,201,349,60.000,60,60,18.000,39.000,55.000,84,173,277,160,149,149,149,149,149,149,1,0,0,3,30,1
2.375000,315.09,13.819,8.280,198,346,60.000,60,60,18.000,39.000,55.000,84,171,274,160,148,148,148,148,148,148,1,0,0,3,30,1
2.380000,316.89,13.897,8.340,195,343,60.000,60,60,18.000,39.000,55.000,84,169,271,160,146,146,146,146,146,146,1,0,0,3,30,1
2.385000,318.69,14.026,8.390,193,340,60.000,60,60,18.000,39.000,55.000,85,168,269,160,145,145,145,145,145,145,1,0,0,3,30,1
2.390000,320.49,14.206,8.500,192,337,60.000,59,59,18.000,39.000,55.000,84,163,262,160,143,143,143,143,143,143,1,0,0,3,30,1
2.395000,322.29,14.436,8.670,191,334,60.000,59,59,18.000,39.000,55.000,86,162,259,160,142,142,142,142,142,142,1,0,0,3,30,1
2.400000,324.09,14.715,8.830,190,332,60.000,59,59,18.000,39.000,55.000,88,161,257,160,141,141,141,141,141,141,1,0,0,3,30,1
2.405000,325.89,15.043,9.050,190,329,60.000,59,59,18.000,39.000,55.000,90,159,255,160,140,140,140,140,140,140,1,0,0,3,30,1
2.410000,327.69,15.419,9.260,190,326,60.000,59,59,18.000,39.000,55.000,92,157,252,160,138,138,138,138,138,138,1,0,0,3,30,1
2.415000,329.49,15.840,9.480,191,323,60.000,59,59,18.000,39.000,55.000,94,156,249,160,137,137,137,137,137,137,1,0,0,3,30,1
2.420000,331.29,16.307,9.750,193,321,60.000,59,59,18.000,39.000,55.000,97,155,248,160,136,136,136,136,136,136,1,0,0,3,30,1
2.425000,333.09,16.816,10.080,195,318,60.000,59,59,18.000,39.000,55.000,100,153,245,160,134,134,134,134,134,134,1,0,0,3,30,1
2.430000,334.89,17.366,10.410,198,316,60.000,59,59,18.000,39.000,55.000,104,152,243,160,133,133,133,133,133,133,1,0,0,3,30,1
2.435000,336.69,17.956,10.790,201,314,60.000,59,59,18.000,39.000,55.000,107,151,242,160,132,132,132,132,132,132,1,0,0,3,30,1
2.440000,338.49,18.582,11.170,204,312,60.000,59,59,18.000,39.000,55.000,111,150,240,160,131,131,131,131,131,131,1,0,0,3,30,1
2.445000,340.29,19.244,11.550,208,309,60.000,59,59,18.000,39.000,55.000,115,148,237,160,130,130,130,130,130,130,1,0,0,3,30,1
2.450000,342.09,19.937,11.980,213,308,60.000,59,59,18.000,39.000,55.000,119,148,236,160,130,130,130,130,130,130,1,0,0,3,30,1
2.455000,343.89,20.660,12.360,218,306,60.000,59,59,18.000,39.000,55.000,123,146,235,160,129,129,129,129,129,129,1,0,0,3,30,1
2.460000,345.69,21.411,12.850,223,304,60.000,59,59,18.000,39.000,55.000,128,145,233,160,128,128,128,128,128,128,1,0,0,3,30,1
2.465000,347.49,22.186,13.290,229,303,60.000,59,59,18.000,39.000,55.000,132,145,232,160,127,127,127,127,127,127,1,0,0,3,30,1
2.470000,349.29,22.982,13.780,235,301,60.000,60,60,18.000,39.000,55.000,140,146,234,160,126,126,126,126,126,126,1,0,0,3,30,1
2.475000,351.09,23.797,14.270,241,300,60.000,60,60,18.000,39.000,55.000,145,146,233,160,126,126,126,126,126,126,1,0,0,3,30,1
2.480000,352.89,24.628,14.760,248,299,60.000,60,60,18.000,39.000,55.000,150,145,232,160,125,125,125,125,125,125,1,0,0,3,30,1
2.485000,354.69,25.471,15.300,255,298,60.000,60,60,18.000,39.000,55.000,155,145,232,160,125,125,125,125,125,125,1,0,0,3,30,1
2.490000,356.49,26.323,15.790,263,297,60.000,60,60,18.000,39.000,55.000,160,144,231,160,124,124,124,124,124,124,1,0,0,3,30,1
2.495000,358.29,27.182,16.280,271,297,60.000,60,60,18.000,39.000,55.000,165,144,231,160,124,124,124,124,124,124,1,0,0,3,30,1
2.500000,0.09,28.043,16.820,279,296,60.000,60,60,18.000,39.000,55.000,170,143,230,160,124,124,124,124,124,124,1,0,0,3,30,1
2.505000,1.89,28.905,17.310,287,296,60.000,60,60,18.000,39.000,55.000,175,143,230,160,124,124,124,124,124,124,1,0,0,3,30,1
2.510000,3.69,29.763,17.860,295,296,60.000,60,60,18.000,39.000,55.000,181,143,230,160,124,124,124,124,124,124,1,0,0,3,30,1
2.515000,5.49,30.614,18.350,304,296,60.000,59,59,18.000,39.000,55.000,183,141,226,160,124,124,124,124,124,124,1,0,0,3,30,1
2.520000,7.29,31.456,18.890,312,297,60.000,59,59,18.000,39.000,55.000,188,142,227,160,124,124,124,124,124,124,1,0,0,3,30,1
2.525000,9.09,32.285,19.380,321,297,60.000,59,59,18.000,39.000,55.000,193,142,227,160,124,124,124,124,124,124,1,0,0,3,30,1
2.530000,10.89,33.098,19.870,330,299,60.000,59,59,18.000,39.000,55.000,198,143,228,160,125,125,125,125,125,125,1,0,0,3,30,1
2.535000,12.69,33.893,20.310,338,300,60.000,59,59,18.000,39.000,55.000,202,143,229,160,126,126,126,126,126,126,1,0,0,3,30,1
2.540000,14.49,34.665,20.790,347,302,60.000,59,59,18.000,39.000,55.000,207,144,231,160,127,127,127,127,127,127,1,0,0,3,30,1
2.545000,16.29,35.413,21.230,356,304,60.000,59,59,18.000,39.000,55.000,212,145,233,160,128,128,128,128,128,128,1,0,0,3,30,1
2.550000,18.09,36.134,21.670,364,306,60.000,59,59,18.000,39.000,55.000,216,146,235,160,129,129,129,129,129,129,1,0,0,3,30,1
2.555000,19.89,36.824,22.100,373,308,60.000,59,59,18.000,39.000,55.000,220,148,236,160,130,130,130,130,130,130,1,0,0,3,30,1
2.560000,21.69,37.482,22.480,381,311,60.000,59,59,18.000,39.000,55.000,224,149,239,160,131,131,131,131,131,131,1,0,0,3,30,1
2.565000,23.49,38.105,22.860,389,314,60.000,59,59,18.000,39.000,55.000,228,151,242,160,132,132,132,132,132,132,1,0,0,3,30,1
2.570000,25.29,38.691,23.190,397,317,60.000,59,59,18.000,39.000,55.000,231,152,244,160,134,134,134,134,134,134,1,0,0,3,30,1
2.575000,27.09,39.237,23.510,405,321,60.000,59,59,18.000,39.000,55.000,234,155,248,160,136,136,136,136,136,136,1,0,0,3,30,1
2.580000,28.89,39.742,23.840,413,324,60.000,59,59,18.000,39.000,55.000,238,156,250,160,137,137,137,137,137,137,1,0,0,3,30,1
2.585000,30.69,40.204,24.110,420,328,60.000,59,59,18.000,39.000,55.000,240,158,254,160,139,139,139,139,139,139,1,0,0,3,30,1
2.590000,32.49,40.621,24.380,427,332,60.000,59,59,18.000,39.000,55.000,243,161,257,160,141,141,141,141,141,141,1,0,0,3,30,1
2.595000,34.29,40.992,24.600,433,336,60.000,60,60,18.000,39.000,55.000,250,165,265,160,143,143,143,143,143,143,1,0,0,3,30,1
2.600000,36.09,41.315,24.770,439,340,60.000,60,60,18.000,39.000,55.000,251,168,269,160,145,145,145,145,145,145,1,0,0,3,30,1
2.605000,37.89,41.590,24.930,445,344,60.000,60,60,18.000,39.000,55.000,253,170,272,160,147,147,147,147,147,147,1,0,0,3,30,1
2.610000,39.69,41.815,25.090,451,348,60.000,60,60,18.000,39.000,55.000,255,172,276,160,149,149,149,149,149,149,1,0,0,3,30,1
2.615000,41.49,41.990,25.200,456,353,60.000,60,60,18.000,39.000,55.000,256,175,280,160,151,151,151,151,151,151,1,0,0,3,30,1
2.620000,43.29,42.114,25.260,460,357,60.000,60,60,18.000,39.000,55.000,256,177,284,160,153,153,153,153,153,153,1,0,0,3,30,1
2.625000,45.09,42.186,25.310,464,361,60.000,60,60,18.000,39.000,55.000,257,179,287,160,155,155,155,155,155,155,1,0,0,3,30,1
2.630000,46.89,42.208,25.310,468,365,60.000,60,60,18.000,39.000,55.000,257,182,291,160,157,157,157,157,157,157,1,0,0,3,30,1
2.635000,48.69,42.178,25.310,471,370,60.000,60,60,18.000,39.000,55.000,257,184,295,160,159,159,159,159,159,159,1,0,0,3,30,1
2.640000,50.49,42.098,25.260,473,374,60.000,59,59,18.000,39.000,55.000,252,183,294,160,161,161,161,161,161,161,1,0,0,3,30,1
2.645000,52.29,41.966,25.150,475,378,60.000,59,59,18.000,39.000,55.000,251,186,297,160,163,163,163,163,163,163,1,0,0,3,30,1
2.650000,54.09,41.785,25.040,477,382,60.000,59,59,18.000,39.000,55.000,250,188,301,160,165,165,165,165,165,165,1,0,0,3,30,1
2.655000,55.89,41.555,24.930,478,386,60.000,59,59,18.000,39.000,55.000,249,190,304,160,167,167,167,167,167,167,1,0,0,3,30,1
2.660000,57.69,41.277,24.770,479,389,60.000,59,59,18.000,39.000,55.000,247,192,307,160,168,168,168,168,168,168,1,0,0,3,30,1
2.665000,59.49,40.952,24.550,479,393,60.000,59,59,18.000,39.000,55.000,245,194,310,160,170,170,170,170,170,170,1,0,0,3,30,1
2.670000,61.29,40.582,24.330,478,397,60.000,59,59,18.000,39.000,55.000,243,196,314,160,172,172,172,172,172,172,1,0,0,3,30,1
2.675000,63.09,40.168,24.110,477,400,60.000,59,59,18.000,39.000,55.000,240,198,316,160,173,173,173,173,173,173,1,0,0,3,30,1
2.680000,64.89,39.711,23.840,476,403,60.000,59,59,18.000,39.000,55.000,238,199,319,160,175,175,175,175,175,175,1,0,0,3,30,1
2.685000,66.69,39.215,23.510,474,406,60.000,59,59,18.000,39.000,55.000,234,201,322,160,176,176,176,176,176,176,1,0,0,3,30,1
2.690000,68.49,38.680,23.190,471,408,60.000,59,59,18.000,39.000,55.000,231,202,323,160,177,177,177,177,177,177,1,0,0,3,30,1
2.695000,70.29,38.110,22.860,468,411,60.000,59,59,18.000,39.000,55.000,228,203,326,160,179,179,179,179,179,179,1,0,0,3,30,1
2.700000,72.09,37.505,22.480,465,413,60.000,59,59,18.000,39.000,55.000,224,205,328,160,180,180,180,180,180,180,1,0,0,3,30,1
2.705000,73.89,36.870,22.100,461,415,60.000,59,59,18.000,39.000,55.000,220,206,329,160,181,181,181,181,181,181,1,0,0,3,30,1
2.710000,75.69,36.206,21.720,457,417,60.000,59,59,18.000,39.000,55.000,217,207,331,160,182,182,182,182,182,182,1,0,0,3,30,1
2.715000,77.49,35.516,21.280,452,418,60.000,59,59,18.000,39.000,55.000,212,207,332,160,182,182,182,182,182,182,1,0,0,3,30,1
2.720000,79.29,34.803,20.900,447,420,60.000,60,60,18.000,39.000,55.000,212,212,339,160,183,183,183,183,183,183,1,0,0,3,30,1
2.725000,81.09,34.069,20.410,441,421,60.000,60,60,18.000,39.000,55.000,207,213,340,160,183,183,183,183,183,183,1,0,0,3,30,1
2.730000,82.89,33.318,19.980,435,421,60.000,60,60,18.000,39.000,55.000,203,213,340,160,183,183,183,183,183,183,1,0,0,3,30,1
2.735000,84.69,32.552,19.540,429,422,60.000,60,60,18.000,39.000,55.000,198,213,341,160,184,184,184,184,184,184,1,0,0,3,30,1
2.740000,86.49,31.776,19.050,423,422,60.000,60,60,18.000,39.000,55.000,193,213,341,160,184,184,184,184,184,184,1,0,0,3,30,1
2.745000,88.29,30.991,18.560,416,422,60.000,60,60,18.000,39.000,55.000,188,213,341,160,184,184,184,184,184,184,1,0,0,3,30,1
2.750000,90.09,30.200,18.130,409,422,60.000,60,60,18.000,39.000,55.000,184,213,341,160,184,184,184,184,184,184,1,0,0,3,30,1
2.755000,91.89,29.408,17.640,402,421,60.000,60,60,18.000,39.000,55.000,179,213,340,160,183,183,183,183,183,183,1,0,0,3,30,1
2.760000,93.69,28.617,17.150,394,421,60.000,60,60,18.000,39.000,55.000,174,213,340,160,183,183,183,183,183,183,1,0,0,3,30,1
2.765000,95.49,27.830,16.720,386,420,60.000,59,59,18.000,39.000,55.000,167,208,334,160,183,183,183,183,183,183,1,0,0,3,30,1
2.770000,97.29,27.050,16.230,379,420,60.000,59,59,18.000,39.000,55.000,162,208,334,160,183,183,183,183,183,183,1,0,0,3,30,1
2.775000,99.09,26.281,15.740,371,419,60.000,59,59,18.000,39.000,55.000,157,208,333,160,183,183,183,183,183,183,1,0,0,3,30,1
2.780000,100.89,25.525,15.300,363,418,60.000,59,59,18.000,39.000,55.000,152,207,332,160,182,182,182,182,182,182,1,0,0,3,30,1
2.785000,102.69,24.785,14.870,355,417,60.000,59,59,18.000,39.000,55.000,148,207,331,160,182,182,182,182,182,182,1,0,0,3,30,1
2.790000,104.49,24.064,14.430,347,415,60.000,59,59,18.000,39.000,55.000,144,206,329,160,181,181,181,181,181,181,1,0,0,3,30,1
2.795000,106.29,23.365,14.000,339,414,60.000,59,59,18.000,39.000,55.000,139,205,329,160,180,180,180,180,180,180,1,0,0,3,30,1
2.800000,108.09,22.691,13.620,331,412,60.000,59,59,18.000,39.000,55.000,136,204,327,160,179,179,179,179,179,179,1,0,0,3,30,1
2.805000,109.89,22.044,13.230,323,411,60.000,59,59,18.000,39.000,55.000,132,203,326,160,179,179,179,179,179,179,1,0,0,3,30,1
2.810000,111.69,21.427,12.850,315,409,60.000,59,59,18.000,39.000,55.000,128,202,324,160,178,178,178,178,178,178,1,0,0,3,30,1
2.815000,113.49,20.842,12.530,308,407,60.000,59,59,18.000,39.000,55.000,125,201,323,160,177,177,177,177,177,177,1,0,0,3,30,1
2.820000,115.29,20.292,12.150,300,405,60.000,59,59,18.000,39.000,55.000,121,200,321,160,176,176,176,176,176,176,1,0,0,3,30,1
2.825000,117.09,19.777,11.870,293,403,60.000,59,59,18.000,39.000,55.000,118,199,319,160,175,175,175,175,175,175,1,0,0,3,30,1
2.830000,118.89,19.302,11.600,286,401,60.000,59,59,18.000,39.000,55.000,115,198,317,160,174,174,174,174,174,174,1,0,0,3,30,1
2.835000,120.69,18.866,11.330,280,398,60.000,59,59,18.000,39.000,55.000,113,196,315,160,173,173,173,173,173,173,1,0,0,3,30,1
2.840000,122.49,18.472,11.060,273,396,60.000,59,59,18.000,39.000,55.000,110,195,313,160,172,172,172,172,172,172,1,0,0,3,30,1
2.845000,124.29,18.121,10.900,267,394,60.000,60,60,18.000,39.000,55.000,110,198,316,160,171,171,171,171,171,171,1,0,0,3,30,1
2.850000,126.09,17.815,10.680,261,391,60.000,60,60,18.000,39.000,55.000,108,196,314,160,169,169,169,169,169,169,1,0,0,3,30,1
2.855000,127.89,17.554,10.510,256,389,60.000,60,60,18.000,39.000,55.000,106,195,312,160,168,168,168,168,168,168,1,0,0,3,30,1
2.860000,129.69,17.340,10.410,251,386,60.000,60,60,18.000,39.000,55.000,105,193,309,160,167,167,167,167,167,167,1,0,0,3,30,1
2.865000,131.49,17.172,10.300,246,383,60.000,60,60,18.000,39.000,55.000,104,191,307,160,165,165,165,165,165,165,1,0,0,3,30,1
2.870000,133.29,17.053,10.240,242,380,60.000,60,60,18.000,39.000,55.000,104,190,304,160,164,164,164,164,164,164,1,0,0,3,30,1
2.875000,135.09,16.981,10.190,238,378,60.000,60,60,18.000,39.000,55.000,103,189,302,160,163,163,163,163,163,163,1,0,0,3,30,1
2.880000,136.89,16.958,10.190,235,375,60.000,60,60,18.000,39.000,55.000,103,187,300,160,162,162,162,162,162,162,1,0,0,3,30,1
2.885000,138.69,16.983,10.190,232,372,60.000,60,60,18.000,39.000,55.000,103,185,297,160,160,160,160,160,160,160,1,0,0,3,30,1
2.890000,140.49,17.056,10.240,230,369,60.000,59,59,18.000,39.000,55.000,102,181,289,160,159,159,159,159,159,159,1,0,0,3,30,1
2.895000,142.29,17.176,10.300,228,367,60.000,59,59,18.000,39.000,55.000,102,180,288,160,158,158,158,158,158,158,1,0,0,3,30,1
2.900000,144.09,17.343,10.410,226,364,60.000,59,59,18.000,39.000,55.000,104,178,285,160,156,156,156,156,156,156,1,0,0,3,30,1
2.905000,145.89,17.556,10.510,225,361,60.000,59,59,18.000,39.000,55.000,105,176,282,160,155,155,155,155,155,155,1,0,0,3,30,1
2.910000,147.69,17.813,10.680,225,359,60.000,59,59,18.000,39.000,55.000,106,175,281,160,154,154,154,154,154,154,1,0,0,3,30,1
2.915000,149.49,18.115,10.900,224,356,60.000,59,59,18.000,39.000,55.000,108,174,278,160,152,152,152,152,152,152,1,0,0,3,30,1
2.920000,151.29,18.459,11.060,225,353,60.000,59,59,18.000,39.000,55.000,110,172,276,160,151,151,151,151,151,151,1,0,0,3,30,1
2.925000,153.09,18.844,11.280,226,351,60.000,59,59,18.000,39.000,55.000,112,171,274,160,150,150,150,150,150,150,1,0,0,3,30,1
2.930000,154.89,19.267,11.550,227,349,60.000,59,59,18.000,39.000,55.000,115,170,272,160,149,149,149,149,149,149,1,0,0,3,30,1
2.935000,156.69,19.729,11.820,229,346,60.000,59,59,18.000,39.000,55.000,118,168,269,160,148,148,148,148,148,148,1,0,0,3,30,1
2.940000,158.49,20.225,12.150,231,344,60.000,59,59,18.000,39.000,55.000,121,167,268,160,147,147,147,147,147,147,1,0,0,3,30,1
2.945000,160.29,20.754,12.470,234,342,60.000,59,59,18.000,39.000,55.000,124,166,266,160,146,146,146,146,146,146,1,0,0,3,30,1
2.950000,162.09,21.315,12.800,237,340,60.000,59,59,18.000,39.000,55.000,127,165,264,160,145,145,145,145,145,145,1,0,0,3,30,1
2.955000,163.89,21.904,13.130,241,338,60.000,59,59,18.000,39.000,55.000,131,164,262,160,144,144,144,144,144,144,1,0,0,3,30,1
2.960000,165.69,22.518,13.510,245,336,60.000,59,59,18.000,39.000,55.000,135,163,261,160,143,143,143,143,143,143,1,0,0,3,30,1
2.965000,167.49,23.156,13.890,249,334,60.000,59,59,18.000,39.000,55.000,138,162,259,160,142,142,142,142,142,142,1,0,0,3,30,1
2.970000,169.29,23.815,14.270,254,333,60.000,59,59,18.000,39.000,55.000,142,161,258,160,141,141,141,141,141,141,1,0,0,3,30,1
2.975000,171.09,24.491,14.700,259,331,60.000,59,59,18.000,39.000,55.000,146,160,256,160,140,140,140,140,140,140,1,0,0,3,30,1
2.980000,172.89,25.182,15.080,264,330,60.000,59,59,18.000,39.000,55.000,150,160,256,160,140,140,140,140,140,140,1,0,0,3,30,1
2.985000,174.69,25.885,15.520,270,329,60.000,59,59,18.000,39.000,55.000,155,159,255,160,140,140,140,140,140,140,1,0,0,3,30,1
2.990000,176.49,26.597,15.950,276,327,60.000,59,59,18.000,39.000,55.000,159,158,253,160,139,139,139,139,139,139,1,0,0,3,30,1
2.995000,178.29,27.315,16.390,282,327,60.000,59,59,18.000,39.000,55.000,163,158,253,160,139,139,139,139,139,139,1,0,0,3,30,1
3.000000,180.09,28.036,16.820,289,326,60.000,59,59,18.000,39.000,55.000,168,157,252,160,138,138,138,138,138,138,1,0,0,3,30,1
3.005000,181.89,28.757,17.260,296,325,60.000,59,59,18.000,39.000,55.000,172,157,251,160,138,138,138,138,138,138,1,0,0,3,30,1
3.010000,183.69,29.474,17.690,302,325,60.000,59,59,18.000,39.000,55.000,176,157,251,160,138,138,138,138,138,138,1,0,0,3,30,1
3.015000,185.49,30.186,18.130,309,324,60.000,60,60,18.000,39.000,55.000,184,159,254,160,137,137,137,137,137,137,1,0,0,3,30,1
3.020000,187.29,30.888,18.510,316,324,60.000,60,60,18.000,39.000,55.000,188,159,254,160,137,137,137,137,137,137,1,0,0,3,30,1
3.025000,189.09,31.577,18.950,324,324,60.000,60,60,18.000,39.000,55.000,192,159,254,160,137,137,137,137,137,137,1,0,0,3,30,1
3.030000,190.89,32.252,19.330,331,324,60.000,60,60,18.000,39.000,55.000,196,159,254,160,137,137,137,137,137,137,1,0,0,3,30,1
3.035000,192.69,32.909,19.760,338,325,60.000,60,60,18.000,39.000,55.000,200,159,255,160,138,138,138,138,138,138,1,0,0,3,30,1
3.040000,194.49,33.544,20.140,345,325,60.000,60,60,18.000,39.000,55.000,204,159,255,160,138,138,138,138,138,138,1,0,0,3,30,1
3.045000,196.29,34.156,20.470,352,326,60.000,60,60,18.000,39.000,55.000,208,160,256,160,138,138,138,138,138,138,1,0,0,3,30,1
3.050000,198.09,34.743,20.850,360,327,60.000,60,60,18.000,39.000,55.000,211,161,257,160,139,139,139,139,139,139,1,0,0,3,30,1
3.055000,199.89,35.300,21.180,367,329,60.000,59,59,18.000,39.000,55.000,211,159,255,160,140,140,140,140,140,140,1,0,0,3,30,1
3.060000,201.69,35.826,21.500,373,330,60.000,59,59,18.000,39.000,55.000,214,160,256,160,140,140,140,140,140,140,1,0,0,3,30,1
3.065000,203.49,36.319,21.770,380,332,60.000,59,59,18.000,39.000,55.000,217,161,257,160,141,141,141,141,141,141,1,0,0,3,30,1
3.070000,205.29,36.777,22.050,387,334,60.000,59,59,18.000,39.000,55.000,220,162,259,160,142,142,142,142,142,142,1,0,0,3,30,1
3.075000,207.09,37.197,22.320,393,337,60.000,59,59,18.000,39.000,55.000,223,163,262,160,143,143,143,143,143,143,1,0,0,3,30,1
3.080000,208.89,37.577,22.540,399,339,60.000,59,59,18.000,39.000,55.000,225,164,263,160,144,144,144,144,144,144,1,0,0,3,30,1
3.085000,210.69,37.917,22.750,405,342,60.000,59,59,18.000,39.000,55.000,227,166,266,160,146,146,146,146,146,146,1,0,0,3,30,1
3.090000,212.49,38.214,22.920,410,344,60.000,59,59,18.000,39.000,55.000,229,167,268,160,147,147,147,147,147,147,1,0,0,3,30,1
3.095000,214.29,38.468,23.080,415,347,60.000,59,59,18.000,39.000,55.000,230,169,270,160,148,148,148,148,148,148,1,0,0,3,30,1
3.100000,216.09,38.676,23.190,420,350,60.000,59,59,18.000,39.000,55.000,231,170,273,160,150,150,150,150,150,150,1,0,0,3,30,1
3.105000,217.89,38.838,23.300,424,353,60.000,59,59,18.000,39.000,55.000,232,172,276,160,151,151,151,151,151,151,1,0,0,3,30,1
3.110000,219.69,38.954,23.350,428,356,60.000,59,59,18.000,39.000,55.000,233,174,278,160,152,152,152,152,152,152,1,0,0,3,30,1
3.115000,221.49,39.022,23.410,432,359,60.000,59,59,18.000,39.000,55.000,233,175,281,160,154,154,154,154,154,154,1,0,0,3,30,1
3.120000,223.29,39.042,23.410,435,362,60.000,59,59,18.000,39.000,55.000,233,177,283,160,155,155,155,155,155,155,1,0,0,3,30,1
3.125000,225.09,39.014,23.410,438,365,60.000,59,59,18.000,39.000,55.000,233,179,286,160,157,157,157,157,157,157,1,0,0,3,30,1
3.130000,226.89,38.937,23.350,440,368,60.000,59,59,18.000,39.000,55.000,233,180,289,160,158,158,158,158,158,158,1,0,0,3,30,1
3.135000,228.69,38.813,23.300,442,371,60.000,59,59,18.000,39.000,55.000,232,182,291,160,160,160,160,160,160,160,1,0,0,3,30,1
3.140000,230.49,38.641,23.190,444,374,60.000,60,60,18.000,39.000,55.000,235,187,299,160,161,161,161,161,161,161,1,0,0,3,30,1
3.145000,232.29,38.422,23.030,444,377,60.000,60,60,18.000,39.000,55.000,234,188,301,160,162,162,162,162,162,162,1,0,0,3,30,1
3.150000,234.09,38.157,22.920,445,379,60.000,60,60,18.000,39.000,55.000,232,189,303,160,163,163,163,163,163,163,1,0,0,3,30,1
3.155000,235.89,37.846,22.700,445,382,60.000,60,60,18.000,39.000,55.000,230,191,306,160,165,165,165,165,165,165,1,0,0,3,30,1
3.160000,237.69,37.491,22.480,444,384,60.000,60,60,18.000,39.000,55.000,228,192,308,160,166,166,166,166,166,166,1,0,0,3,30,1
3.165000,239.49,37.092,22.260,443,387,60.000,60,60,18.000,39.000,55.000,226,194,310,160,167,167,167,167,167,167,1,0,0,3,30,1
3.170000,241.29,36.653,21.990,442,389,60.000,60,60,18.000,39.000,55.000,223,195,312,160,168,168,168,168,168,168,1,0,0,3,30,1
3.175000,243.09,36.173,21.720,440,391,60.000,60,60,18.000,39.000,55.000,220,196,314,160,169,169,169,169,169,169,1,0,0,3,30,1
3.180000,244.89,35.655,21.390,438,393,60.000,59,59,18.000,39.000,55.000,213,194,310,160,170,170,170,170,170,170,1,0,0,3,30,1
3.185000,246.69,35.101,21.070,435,395,60.000,59,59,18.000,39.000,55.000,210,195,312,160,171,171,171,171,171,171,1,0,0,3,30,1
3.190000,248.49,34.512,20.690,431,396,60.000,59,59,18.000,39.000,55.000,206,195,313,160,172,172,172,172,172,172,1,0,0,3,30,1
3.195000,250.29,33.892,20.310,428,398,60.000,59,59,18.000,39.000,55.000,202,196,315,160,173,173,173,173,173,173,1,0,0,3,30,1
3.200000,252.09,33.243,19.920,423,399,60.000,59,59,18.000,39.000,55.000,199,197,315,160,173,173,173,173,173,173,1,0,0,3,30,1
3.205000,253.89,32.566,19.540,419,400,60.000,59,59,18.000,39.000,55.000,195,198,316,160,173,173,173,173,173,173,1,0,0,3,30,1
3.210000,255.69,31.865,19.110,414,400,60.000,59,59,18.000,39.000,55.000,190,198,316,160,173,173,173,173,173,173,1,0,0,3,30,1
3.215000,257.49,31.142,18.670,408,401,60.000,59,59,18.000,39.000,55.000,186,198,317,160,174,174,174,174,174,174,1,0,0,3,30,1
3.220000,259.29,30.401,18.240,402,401,60.000,59,59,18.000,39.000,55.000,182,198,317,160,174,174,174,174,174,174,1,0,0,3,30,1
3.225000,261.09,29.643,17.800,396,401,60.000,59,59,18.000,39.000,55.000,177,198,317,160,174,174,174,174,174,174,1,0,0,3,30,1
3.230000,262.89,28.872,17.310,390,401,60.000,59,59,18.000,39.000,55.000,173,198,317,160,174,174,174,174,174,174,1,0,0,3,30,1
3.235000,264.69,28.092,16.820,383,400,60.000,59,59,18.000,39.000,55.000,168,198,316,160,173,173,173,173,173,173,1,0,0,3,30,1
3.240000,266.49,27.304,16.390,376,400,60.000,59,59,18.000,39.000,55.000,163,198,316,160,173,173,173,173,173,173,1,0,0,3,30,1
3.245000,268.29,26.513,15.900,369,400,60.000,59,59,18.000,39.000,55.000,158,198,316,160,173,173,173,173,173,173,1,0,0,3,30,1
3.250000,270.09,25.720,15.410,362,399,60.000,59,59,18.000,39.000,55.000,154,197,315,160,173,173,173,173,173,173,1,0,0,3,30,1
3.255000,271.89,24.931,14.970,354,398,60.000,59,59,18.000,39.000,55.000,149,196,315,160,173,173,173,173,173,173,1,0,0,3,30,1
3.260000,273.69,24.146,14.490,346,397,60.000,59,59,18.000,39.000,55.000,144,196,314,160,172,172,172,172,172,172,1,0,0,3,30,1
3.265000,275.49,23.370,14.000,339,396,60.000,60,60,18.000,39.000,55.000,142,199,318,160,172,172,172,172,172,172,1,0,0,3,30,1
3.270000,277.29,22.606,13.560,331,395,60.000,60,60,18.000,39.000,55.000,137,198,317,160,171,171,171,171,171,171,1,0,0,3,30,1
3.275000,279.09,21.857,13.130,323,394,60.000,60,60,18.000,39.000,55.000,133,198,316,160,171,171,171,171,171,171,1,0,0,3,30,1
3.280000,280.89,21.125,12.690,315,392,60.000,60,60,18.000,39.000,55.000,128,196,315,160,170,170,170,170,170,170,1,0,0,3,30,1
3.285000,282.69,20.414,12.260,307,391,60.000,60,60,18.000,39.000,55.000,124,196,314,160,169,169,169,169,169,169,1,0,0,3,30,1
3.290000,284.49,19.726,11.820,299,389,60.000,60,60,18.000,39.000,55.000,120,195,312,160,168,168,168,168,168,168,1,0,0,3,30,1
3.295000,286.29,19.065,11.440,291,387,60.000,60,60,18.000,39.000,55.000,116,194,310,160,167,167,167,167,167,167,1,0,0,3,30,1
3.300000,288.09,18.433,11.060,283,385,60.000,60,60,18.000,39.000,55.000,112,193,308,160,166,166,166,166,166,166,1,0,0,3,30,1
3.305000,289.89,17.832,10.680,275,383,60.000,59,59,18.000,39.000,55.000,106,188,302,160,165,165,165,165,165,165,1,0,0,3,30,1
3.310000,291.69,17.264,10.350,268,381,60.000,59,59,18.000,39.000,55.000,103,187,300,160,164,164,164,164,164,164,1,0,0,3,30,1
3.315000,293.49,16.734,10.030,260,379,60.000,59,59,18.000,39.000,55.000,100,186,298,160,163,163,163,163,163,163,1,0,0,3,30,1
3.320000,295.29,16.241,9.750,253,376,60.000,59,59,18.000,39.000,55.000,97,185,296,160,162,162,162,162,162,162,1,0,0,3,30,1
3.325000,297.09,15.789,9.480,247,374,60.000,59,59,18.000,39.000,55.000,94,183,294,160,161,161,161,161,161,161,1,0,0,3,30,1
3.330000,298.89,15.379,9.210,240,371,60.000,59,59,18.000,39.000,55.000,92,182,291,160,160,160,160,160,160,160,1,0,0,3,30,1
3.335000,300.69,15.013,8.990,234,369,60.000,59,59,18.000,39.000,55.000,89,181,289,160,159,159,159,159,159,159,1,0,0,3,30,1
3.340000,302.49,14.693,8.830,228,366,60.000,59,59,18.000,39.000,55.000,88,179,287,160,157,157,157,157,157,157,1,0,0,3,30,1
3.345000,304.29,14.420,8.670,222,363,60.000,59,59,18.000,39.000,55.000,86,177,284,160,156,156,156,156,156,156,1,0,0,3,30,1
3.350000,306.09,14.194,8.500,217,360,60.000,59,59,18.000,39.000,55.000,84,176,282,160,154,154,154,154,154,154,1,0,0,3,30,1
3.355000,307.89,14.018,8.390,212,357,60.000,59,59,18.000,39.000,55.000,83,174,279,160,153,153,153,153,153,153,1,0,0,3,30,1
3.360000,309.69,13.892,8.340,208,355,60.000,59,59,18.000,39.000,55.000,83,173,277,160,152,152,152,152,152,152,1,0,0,3,30,1
3.365000,311.49,13.817,8.280,204,352,60.000,59,59,18.000,39.000,55.000,82,172,275,160,151,151,151,151,151,151,1,0,0,3,30,1
3.370000,313.29,13.792,8.280,201,349,60.000,59,59,18.000,39.000,55.000,82,170,272,160,149,149,149,149,149,149,1,0,0,3,30,1
3.375000,315.09,13.819,8.280,198,346,60.000,59,59,18.000,39.000,55.000,82,168,269,160,148,148,148,148,148,148,1,0,0,3,30,1
3.380000,316.89,13.897,8.340,195,343,60.000,59,59,18.000,39.000,55.000,83,167,267,160,146,146,146,146,146,146,1,0,0,3,30,1
3.385000,318.69,14.026,8.390,193,340,60.000,59,59,18.000,39.000,55.000,83,165,264,160,145,145,145,145,145,145,1,0,0,3,30,1
3.390000,320.49,14.206,8.500,192,337,60.000,60,60,18.000,39.000,55.000,86,166,266,160,143,143,143,143,143,143,1,0,0,3,30,1
3.395000,322.29,14.436,8.670,191,334,60.000,60,60,18.000,39.000,55.000,88,164,263,160,142,142,142,142,142,142,1,0,0,3,30,1
3.400000,324.09,14.715,8.830,190,332,60.000,60,60,18.000,39.000,55.000,89,163,262,160,141,141,141,141,141,141,1,0,0,3,30,1
3.405000,325.89,15.043,9.050,190,329,60.000,60,60,18.000,39.000,55.000,91,162,259,160,140,140,140,140,140,140,1,0,0,3,30,1
3.410000,327.69,15.419,9.260,190,326,60.000,60,60,18.000,39.000,55.000,94,160,256,160,138,138,138,138,138,138,1,0,0,3,30,1
3.415000,329.49,15.840,9.480,191,323,60.000,60,60,18.000,39.000,55.000,96,158,254,160,137,137,137,137,137,137,1,0,0,3,30,1
3.420000,331.29,16.307,9.750,193,321,60.000,60,60,18.000,39.000,55.000,99,157,252,160,136,136,136,136,136,136,1,0,0,3,30,1
3.425000,333.09,16.816,10.080,195,318,60.000,60,60,18.000,39.000,55.000,102,156,249,160,134,134,134,134,134,134,1,0,0,3,30,1
3.430000,334.89,17.366,10.410,198,316,60.000,59,59,18.000,39.000,55.000,104,152,243,160,133,133,133,133,133,133,1,0,0,3,30,1
3.435000,336.69,17.956,10.790,201,314,60.000,59,59,18.000,39.000,55.000,107,151,242,160,132,132,132,132,132,132,1,0,0,3,30,1
3.440000,338.49,18.582,11.170,204,312,60.000,59,59,18.000,39.000,55.000,111,150,240,160,131,131,131,131,131,131,1,0,0,3,30,1
3.445000,340.29,19.244,11.550,208,309,60.000,59,59,18.000,39.000,55.000,115,148,237,160,130,130,130,130,130,130,1,0,0,3,30,1
3.450000,342.09,19.937,11.980,213,308,60.000,59,59,18.000,39.000,55.000,119,148,236,160,130,130,130,130,130,130,1,0,0,3,30,1
3.455000,343.89,20.660,12.360,218,306,60.000,59,59,18.000,39.000,55.000,123,146,235,160,129,129,129,129,129,129,1,0,0,3,30,1
3.460000,345.69,21.411,12.850,223,304,60.000,59,59,18.000,39.000,55.000,128,145,233,160,128,128,128,128,128,128,1,0,0,3,30,1
3.465000,347.49,22.186,13.290,229,303,60.000,59,59,18.000,39.000,55.000,132,145,232,160,127,127,127,127,127,127,1,0,0,3,30,1
3.470000,349.29,22.982,13.780,235,301,60.000,59,59,18.000,39.000,55.000,137,144,230,160,126,126,126,126,126,126,1,0,0,3,30,1
3.475000,351.09,23.797,14.270,241,300,60.000,59,59,18.000,39.000,55.000,142,143,229,160,126,126,126,126,126,126,1,0,0,3,30,1
3.480000,352.89,24.628,14.760,248,299,60.000,59,59,18.000,39.000,55.000,147,143,228,160,125,125,125,125,125,125,1,0,0,3,30,1
3.485000,354.69,25.471,15.300,255,298,60.000,59,59,18.000,39.000,55.000,152,142,228,160,125,125,125,125,125,125,1,0,0,3,30,1
3.490000,356.49,26.323,15.790,263,297,60.000,59,59,18.000,39.000,55.000,157,142,227,160,124,124,124,124,124,124,1,0,0,3,30,1
3.495000,358.29,27.182,16.280,271,297,60.000,59,59,18.000,39.000,55.000,162,142,227,160,124,124,124,124,124,124,1,0,0,3,30,1
3.500000,0.09,28.043,16.820,279,296,60.000,59,59,18.000,39.000,55.000,168,141,226,160,124,124,124,124,124,124,1,0,0,3,30,1
3.505000,1.89,28.905,17.310,287,296,60.000,59,59,18.000,39.000,55.000,173,141,226,160,124,124,124,124,124,124,1,0,0,3,30,1
3.510000,3.69,29.763,17.860,295,296,60.000,59,59,18.000,39.000,55.000,178,141,226,160,124,124,124,124,124,124,1,0,0,3,30,1
3.515000,5.49,30.614,18.350,304,296,60.000,60,60,18.000,39.000,55.000,186,143,230,160,124,124,124,124,124,124,1,0,0,3,30,1
3.520000,7.29,31.456,18.890,312,297,60.000,60,60,18.000,39.000,55.000,191,144,231,160,124,124,124,124,124,124,1,0,0,3,30,1
3.525000,9.09,32.285,19.380,321,297,60.000,60,60,18.000,39.000,55.000,196,144,231,160,124,124,124,124,124,124,1,0,0,3,30,1
3.530000,10.89,33.098,19.870,330,299,60.000,60,60,18.000,39.000,55.000,201,145,232,160,125,125,125,125,125,125,1,0,0,3,30,1
3.535000,12.69,33.893,20.310,338,300,60.000,60,60,18.000,39.000,55.000,206,146,233,160,126,126,126,126,126,126,1,0,0,3,30,1
3.540000,14.49,34.665,20.790,347,302,60.000,60,60,18.000,39.000,55.000,211,147,235,160,127,127,127,127,127,127,1,0,0,3,30,1
3.545000,16.29,35.413,21.230,356,304,60.000,60,60,18.000,39.000,55.000,215,148,237,160,128,128,128,128,128,128,1,0,0,3,30,1
3.550000,18.09,36.134,21.670,364,306,60.000,60,60,18.000,39.000,55.000,220,149,239,160,129,129,129,129,129,129,1,0,0,3,30,1
3.555000,19.89,36.824,22.100,373,309,60.000,59,59,18.000,39.000,55.000,220,148,237,160,130,130,130,130,130,130,1,0,0,3,30,1
3.560000,21.69,37.482,22.480,381,311,60.000,59,59,18.000,39.000,55.000,224,149,239,160,131,131,131,131,131,131,1,0,0,3,30,1
3.565000,23.49,38.105,22.860,389,314,60.000,59,59,18.000,39.000,55.000,228,151,242,160,132,132,132,132,132,132,1,0,0,3,30,1
3.570000,25.29,38.691,23.190,397,317,60.000,59,59,18.000,39.000,55.000,231,152,244,160,134,134,134,134,134,134,1,0,0,3,30,1
3.575000,27.09,39.237,23.510,405,321,60.000,59,59,18.000,39.000,55.000,234,155,248,160,136,136,136,136,136,136,1,0,0,3,30,1
3.580000,28.89,39.742,23.840,413,324,60.000,59,59,18.000,39.000,55.000,238,156,250,160,137,137,137,137,137,137,1,0,0,3,30,1
3.585000,30.69,40.204,24.110,420,328,60.000,59,59,18.000,39.000,55.000,240,158,254,160,139,139,139,139,139,139,1,0,0,3,30,1
3.590000,32.49,40.621,24.380,427,332,60.000,59,59,18.000,39.000,55.000,243,161,257,160,141,141,141,141,141,141,1,0,0,3,30,1
3.595000,34.29,40.992,24.600,433,336,60.000,59,59,18.000,39.000,55.000,245,163,261,160,143,143,143,143,143,143,1,0,0,3,30,1
3.600000,36.09,41.315,24.770,439,340,60.000,59,59,18.000,39.000,55.000,247,165,264,160,145,145,145,145,145,145,1,0,0,3,30,1
3.605000,37.89,41.590,24.930,445,344,60.000,59,59,18.000,39.000,55.000,249,167,268,160,147,147,147,147,147,147,1,0,0,3,30,1
3.610000,39.69,41.815,25.090,451,348,60.000,59,59,18.000,39.000,55.000,250,169,271,160,149,149,149,149,149,149,1,0,0,3,30,1
3.615000,41.49,41.990,25.200,456,353,60.000,59,59,18.000,39.000,55.000,251,172,276,160,151,151,151,151,151,151,1,0,0,3,30,1
3.620000,43.29,42.114,25.260,460,357,60.000,59,59,18.000,39.000,55.000,252,174,279,160,153,153,153,153,153,153,1,0,0,3,30,1
3.625000,45.09,42.186,25.310,464,361,60.000,59,59,18.000,39.000,55.000,252,176,282,160,155,155,155,155,155,155,1,0,0,3,30,1
3.630000,46.89,42.208,25.310,468,365,60.000,59,59,18.000,39.000,55.000,252,179,286,160,157,157,157,157,157,157,1,0,0,3,30,1
3.635000,48.69,42.178,25.310,471,370,60.000,59,59,18.000,39.000,55.000,252,181,290,160,159,159,159,159,159,159,1,0,0,3,30,1
3.640000,50.49,42.098,25.260,473,374,60.000,60,60,18.000,39.000,55.000,256,187,299,160,161,161,161,161,161,161,1,0,0,3,30,1
3.645000,52.29,41.966,25.150,475,378,60.000,60,60,18.000,39.000,55.000,255,189,302,160,163,163,163,163,163,163,1,0,0,3,30,1
3.650000,54.09,41.785,25.040,477,382,60.000,60,60,18.000,39.000,55.000,254,191,306,160,165,165,165,165,165,165,1,0,0,3,30,1
3.655000,55.89,41.555,24.930,478,386,60.000,60,60,18.000,39.000,55.000,253,193,309,160,167,167,167,167,167,167,1,0,0,3,30,1
3.660000,57.69,41.277,24.770,479,389,60.000,60,60,18.000,39.000,55.000,251,195,312,160,168,168,168,168,168,168,1,0,0,3,30,1
3.665000,59.49,40.952,24.550,479,393,60.000,60,60,18.000,39.000,55.000,249,197,316,160,170,170,170,170,170,170,1,0,0,3,30,1
3.670000,61.29,40.582,24.330,478,397,60.000,60,60,18.000,39.000,55.000,247,199,319,160,172,172,172,172,172,172,1,0,0,3,30,1
3.675000,63.09,40.168,24.110,477,400,60.000,60,60,18.000,39.000,55.000,245,201,322,160,173,173,173,173,173,173,1,0,0,3,30,1
3.680000,64.89,39.711,23.840,476,403,60.000,59,59,18.000,39.000,55.000,238,199,319,160,175,175,175,175,175,175,1,0,0,3,30,1
3.685000,66.69,39.215,23.510,474,406,60.000,59,59,18.000,39.000,55.000,234,201,322,160,176,176,176,176,176,176,1,0,0,3,30,1
3.690000,68.49,38.680,23.190,471,408,60.000,59,59,18.000,39.000,55.000,231,202,323,160,177,177,177,177,177,177,1,0,0,3,30,1
3.695000,70.29,38.110,22.860,468,411,60.000,59,59,18.000,39.000,55.000,228,203,326,160,179,179,179,179,179,179,1,0,0,3,30,1
3.700000,72.09,37.505,22.480,465,413,60.000,59,59,18.000,39.000,55.000,224,205,328,160,180,180,180,180,180,180,1,0,0,3,30,1
3.705000,73.89,36.870,22.100,461,415,60.000,59,59,18.000,39.000,55.000,220,206,329,160,181,181,181,181,181,181,1,0,0,3,30,1
3.710000,75.69,36.206,21.720,457,417,60.000,59,59,18.000,39.000,55.000,217,207,331,160,182,182,182,182,182,182,1,0,0,3,30,1
3.715000,77.49,35.516,21.280,452,418,60.000,59,59,18.000,39.000,55.000,212,207,332,160,182,182,182,182,182,182,1,0,0,3,30,1
3.720000,79.29,34.803,20.900,447,420,60.000,59,59,18.000,39.000,55.000,208,208,334,160,183,183,183,183,183,183,1,0,0,3,30,1
3.725000,81.09,34.069,20.410,441,421,60.000,59,59,18.000,39.000,55.000,203,209,335,160,183,183,183,183,183,183,1,0,0,3,30,1
3.730000,82.89,33.318,19.980,435,421,60.000,59,59,18.000,39.000,55.000,199,209,335,160,183,183,183,183,183,183,1,0,0,3,30,1
3.735000,84.69,32.552,19.540,429,422,60.000,59,59,18.000,39.000,55.000,195,209,335,160,184,184,184,184,184,184,1,0,0,3,30,1
3.740000,86.49,31.776,19.050,423,422,60.000,59,59,18.000,39.000,55.000,190,209,335,160,184,184,184,184,184,184,1,0,0,3,30,1
3.745000,88.29,30.991,18.560,416,422,60.000,59,59,18.000,39.000,55.000,185,209,335,160,184,184,184,184,184,184,1,0,0,3,30,1
3.750000,90.09,30.200,18.130,409,422,60.000,59,59,18.000,39.000,55.000,181,209,335,160,184,184,184,184,184,184,1,0,0,3,30,1
3.755000,91.89,29.408,17.640,402,421,60.000,59,59,18.000,39.000,55.000,176,209,335,160,183,183,183,183,183,183,1,0,0,3,30,1
3.760000,93.69,28.617,17.150,394,421,60.000,59,59,18.000,39.000,55.000,171,209,335,160,183,183,183,183,183,183,1,0,0,3,30,1
3.765000,95.49,27.830,16.720,386,420,60.000,60,60,18.000,39.000,55.000,169,212,339,160,183,183,183,183,183,183,1,0,0,3,30,1
3.770000,97.29,27.050,16.230,379,420,60.000,60,60,18.000,39.000,55.000,164,212,339,160,183,183,183,183,183,183,1,0,0,3,30,1
3.775000,99.09,26.281,15.740,371,419,60.000,60,60,18.000,39.000,55.000,159,211,339,160,183,183,183,183,183,183,1,0,0,3,30,1
3.780000,100.89,25.525,15.300,363,418,60.000,60,60,18.000,39.000,55.000,155,211,338,160,182,182,182,182,182,182,1,0,0,3,30,1
3.785000,102.69,24.785,14.870,355,417,60.000,60,60,18.000,39.000,55.000,151,210,337,160,182,182,182,182,182,182,1,0,0,3,30,1
3.790000,104.49,24.064,14.430,347,415,60.000,60,60,18.000,39.000,55.000,146,209,335,160,181,181,181,181,181,181,1,0,0,3,30,1
3.795000,106.29,23.365,14.000,339,414,60.000,60,60,18.000,39.000,55.000,142,209,334,160,180,180,180,180,180,180,1,0,0,3,30,1
3.800000,108.09,22.691,13.620,331,412,60.000,60,60,18.000,39.000,55.000,138,208,332,160,179,179,179,179,179,179,1,0,0,3,30,1
3.805000,109.89,22.044,13.230,323,411,60.000,59,59,18.000,39.000,55.000,132,203,326,160,179,179,179,179,179,179,1,0,0,3,30,1
3.810000,111.69,21.427,12.850,315,409,60.000,59,59,18.000,39.000,55.000,128,202,324,160,178,178,178,178,178,178,1,0,0,3,30,1
3.815000,113.49,20.842,12.530,308,407,60.000,59,59,18.000,39.000,55.000,125,201,323,160,177,177,177,177,177,177,1,0,0,3,30,1
3.820000,115.29,20.292,12.150,300,405,60.000,59,59,18.000,39.000,55.000,121,200,321,160,176,176,176,176,176,176,1,0,0,3,30,1
3.825000,117.09,19.777,11.870,293,403,60.000,59,59,18.000,39.000,55.000,118,199,319,160,175,175,175,175,175,175,1,0,0,3,30,1
3.830000,118.89,19.302,11.600,286,401,60.000,59,59,18.000,39.000,55.000,115,198,317,160,174,174,174,174,174,174,1,0,0,3,30,1
3.835000,120.69,18.866,11.330,280,398,60.000,59,59,18.000,39.000,55.000,113,196,315,160,173,173,173,173,173,173,1,0,0,3,30,1
3.840000,122.49,18.472,11.060,273,396,60.000,59,59,18.000,39.000,55.000,110,195,313,160,172,172,172,172,172,172,1,0,0,3,30,1
3.845000,124.29,18.121,10.900,267,394,60.000,59,59,18.000,39.000,55.000,108,194,311,160,171,171,171,171,171,171,1,0,0,3,30,1
3.850000,126.09,17.815,10.680,261,391,60.000,59,59,18.000,39.000,55.000,106,193,309,160,169,169,169,169,169,169,1,0,0,3,30,1
3.855000,127.89,17.554,10.510,256,389,60.000,59,59,18.000,39.000,55.000,105,192,307,160,168,168,168,168,168,168,1,0,0,3,30,1
3.860000,129.69,17.340,10.410,251,386,60.000,59,59,18.000,39.000,55.000,104,190,304,160,167,167,167,167,167,167,1,0,0,3,30,1
3.865000,131.49,17.172,10.300,246,383,60.000,59,59,18.000,39.000,55.000,102,188,302,160,165,165,165,165,165,165,1,0,0,3,30,1
3.870000,133.29,17.053,10.240,242,380,60.000,59,59,18.000,39.000,55.000,102,187,299,160,164,164,164,164,164,164,1,0,0,3,30,1
3.875000,135.09,16.981,10.190,238,378,60.000,59,59,18.000,39.000,55.000,101,186,297,160,163,163,163,163,163,163,1,0,0,3,30,1
3.880000,136.89,16.958,10.190,235,375,60.000,59,59,18.000,39.000,55.000,101,184,295,160,162,162,162,162,162,162,1,0,0,3,30,1
3.885000,138.69,16.983,10.190,232,372,60.000,59,59,18.000,39.000,55.000,101,182,292,160,160,160,160,160,160,160,1,0,0,3,30,1
3.890000,140.49,17.056,10.240,230,369,60.000,60,60,18.000,39.000,55.000,104,184,294,160,159,159,159,159,159,159,1,0,0,3,30,1
3.895000,142.29,17.176,10.300,228,367,60.000,60,60,18.000,39.000,55.000,104,183,293,160,158,158,158,158,158,158,1,0,0,3,30,1
3.900000,144.09,17.343,10.410,226,364,60.000,60,60,18.000,39.000,55.000,105,181,290,160,156,156,156,156,156,156,1,0,0,3,30,1
3.905000,145.89,17.556,10.510,225,361,60.000,60,60,18.000,39.000,55.000,106,179,287,160,155,155,155,155,155,155,1,0,0,3,30,1
3.910000,147.69,17.813,10.680,225,359,60.000,60,60,18.000,39.000,55.000,108,178,286,160,154,154,154,154,154,154,1,0,0,3,30,1
3.915000,149.49,18.115,10.900,224,356,60.000,60,60,18.000,39.000,55.000,110,177,283,160,152,152,152,152,152,152,1,0,0,3,30,1
3.920000,151.29,18.459,11.060,225,353,60.000,60,60,18.000,39.000,55.000,112,175,280,160,151,151,151,151,151,151,1,0,0,3,30,1
3.925000,153.09,18.844,11.280,226,351,60.000,60,60,18.000,39.000,55.000,114,174,278,160,150,150,150,150,150,150,1,0,0,3,30,1
3.930000,154.89,19.267,11.550,227,349,60.000,59,59,18.000,39.000,55.000,115,170,272,160,149,149,149,149,149,149,1,0,0,3,30,1
3.935000,156.69,19.729,11.820,229,346,60.000,59,59,18.000,39.000,55.000,118,168,269,160,148,148,148,148,148,148,1,0,0,3,30,1
3.940000,158.49,20.225,12.150,231,344,60.000,59,59,18.000,39.000,55.000,121,167,268,160,147,147,147,147,147,147,1,0,0,3,30,1
3.945000,160.29,20.754,12.470,234,342,60.000,59,59,18.000,39.000,55.000,124,166,266,160,146,146,146,146,146,146,1,0,0,3,30,1
3.950000,162.09,21.315,12.800,237,340,60.000,59,59,18.000,39.000,55.000,127,165,264,160,145,145,145,145,145,145,1,0,0,3,30,1
3.955000,163.89,21.904,13.130,241,338,60.000,59,59,18.000,39.000,55.000,131,164,262,160,144,144,144,144,144,144,1,0,0,3,30,1
3.960000,165.69,22.518,13.510,245,336,60.000,59,59,18.000,39.000,55.000,135,163,261,160,143,143,143,143,143,143,1,0,0,3,30,1
3.965000,167.49,23.156,13.890,249,334,60.000,59,59,18.000,39.000,55.000,138,162,259,160,142,142,142,142,142,142,1,0,0,3,30,1
3.970000,169.29,23.815,14.270,254,333,60.000,59,59,18.000,39.000,55.000,142,161,258,160,141,141,141,141,141,141,1,0,0,3,30,1
3.975000,171.09,24.491,14.700,259,331,60.000,59,59,18.000,39.000,55.000,146,160,256,160,140,140,140,140,140,140,1,0,0,3,30,1
3.980000,172.89,25.182,15.080,264,330,60.000,59,59,18.000,39.000,55.000,150,160,256,160,140,140,140,140,140,140,1,0,0,3,30,1
3.985000,174.69,25.885,15.520,270,329,60.000,59,59,18.000,39.000,55.000,155,159,255,160,140,140,140,140,140,140,1,0,0,3,30,1
3.990000,176.49,26.597,15.950,276,327,60.000,59,59,18.000,39.000,55.000,159,158,253,160,139,139,139,139,139,139,1,0,0,3,30,1
3.995000,178.29,27.315,16.390,282,327,60.000,59,59,18.000,39.000,55.000,163,158,253,160,139,139,139,139,139,139,1,0,0,3,30,1
4.000000,180.09,28.036,16.820,289,326,60.000,59,59,18.000,39.000,55.000,168,157,252,160,138,138,138,138,138,138,1,0,0,3,30,1
4.005000,181.89,28.757,17.260,296,325,60.000,59,59,18.000,39.000,55.000,172,157,251,160,138,138,138,138,138,138,1,0,0,3,30,1
4.010000,183.69,29.474,17.690,302,325,60.000,59,59,18.000,39.000,55.000,176,157,251,160,138,138,138,138,138,138,1,0,0,3,30,1
4.015000,185.49,30.186,18.130,309,324,60.000,60,60,18.000,39.000,55.000,184,159,254,160,137,137,137,137,137,137,1,0,0,3,30,1
4.020000,187.29,30.888,18.510,316,324,60.000,60,60,18.000,39.000,55.000,188,159,254,160,137,137,137,137,137,137,1,0,0,3,30,1
4.025000,189.09,31.577,18.950,324,324,60.000,60,60,18.000,39.000,55.000,192,159,254,160,137,137,137,137,137,137,1,0,0,3,30,1
4.030000,190.89,32.252,19.330,331,324,60.000,60,60,18.000,39.000,55.000,196,159,254,160,137,137,137,137,137,137,1,0,0,3,30,1
4.035000,192.69,32.909,19.760,338,325,60.000,60,60,18.000,39.000,55.000,200,159,255,160,138,138,138,138,138,138,1,0,0,3,30,1
4.040000,194.49,33.544,20.140,345,325,60.000,60,60,18.000,39.000,55.000,204,159,255,160,138,138,138,138,138,138,1,0,0,3,30,1
4.045000,196.29,34.156,20.470,352,326,60.000,60,60,18.000,39.000,55.000,208,160,256,160,138,138,138,138,138,138,1,0,0,3,30,1
4.050000,198.09,34.743,20.850,360,327,60.000,60,60,18.000,39.000,55.000,211,161,257,160,139,139,139,139,139,139,1,0,0,3,30,1
4.055000,199.89,35.300,21.180,367,329,60.000,59,59,18.000,39.000,55.000,211,159,255,160,140,140,140,140,140,140,1,0,0,3,30,1
4.060000,201.69,35.826,21.500,373,330,60.000,59,59,18.000,39.000,55.000,214,160,256,160,140,140,140,140,140,140,1,0,0,3,30,1
4.065000,203.49,36.319,21.770,380,332,60.000,59,59,18.000,39.000,55.000,217,161,257,160,141,141,141,141,141,141,1,0,0,3,30,1
4.070000,205.29,36.777,22.050,387,334,60.000,59,59,18.000,39.000,55.000,220,162,259,160,142,142,142,142,142,142,1,0,0,3,30,1
4.075000,207.09,37.197,22.320,393,337,60.000,59,59,18.000,39.000,55.000,223,163,262,160,143,143,143,143,143,143,1,0,0,3,30,1
4.080000,208.89,37.577,22.540,399,339,60.000,59,59,18.000,39.000,55.000,225,164,263,160,144,144,144,144,144,144,1,0,0,3,30,1
4.085000,210.69,37.917,22.750,405,342,60.000,59,59,18.000,39.000,55.000,227,166,266,160,146,146,146,146,146,146,1,0,0,3,30,1
4.090000,212.49,38.214,22.920,410,344,60.000,59,59,18.000,39.000,55.000,229,167,268,160,147,147,147,147,147,147,1,0,0,3,30,1
4.095000,214.29,38.468,23.080,415,347,60.000,59,59,18.000,39.000,55.000,230,169,270,160,148,148,148,148,148,148,1,0,0,3,30,1
4.100000,216.09,38.676,23.190,420,350,60.000,59,59,18.000,39.000,55.000,231,170,273,160,150,150,150,150,150,150,1,0,0,3,30,1
4.105000,217.89,38.838,23.300,424,353,60.000,59,59,18.000,39.000,55.000,232,172,276,160,151,151,151,151,151,151,1,0,0,3,30,1
4.110000,219.69,38.954,23.350,428,356,60.000,59,59,18.000,39.000,55.000,233,174,278,160,152,152,152,152,152,152,1,0,0,3,30,1
4.115000,221.49,39.022,23.410,432,359,60.000,59,59,18.000,39.000,55.000,233,175,281,160,154,154,154,154,154,154,1,0,0,3,30,1
4.120000,223.29,39.042,23.410,435,362,60.000,59,59,18.000,39.000,55.000,233,177,283,160,155,155,155,155,155,155,1,0,0,3,30,1
4.125000,225.09,39.014,23.410,438,365,60.000,59,59,18.000,39.000,55.000,233,179,286,160,157,157,157,157,157,157,1,0,0,3,30,1
4.130000,226.89,38.937,23.350,440,368,60.000,59,59,18.000,39.000,55.000,233,180,289,160,158,158,158,158,158,158,1,0,0,3,30,1
4.135000,228.69,38.813,23.300,442,371,60.000,59,59,18.000,39.000,55.000,232,182,291,160,160,160,160,160,160,160,1,0,0,3,30,1
4.140000,230.49,38.641,23.190,444,374,60.000,60,60,18.000,39.000,55.000,235,187,299,160,161,161,161,161,161,161,1,0,0,3,30,1
4.145000,232.29,38.422,23.030,444,377,60.000,60,60,18.000,39.000,55.000,234,188,301,160,162,162,162,162,162,162,1,0,0,3,30,1
4.150000,234.09,38.157,22.920,445,379,60.000,60,60,18.000,39.000,55.000,232,189,303,160,163,163,163,163,163,163,1,0,0,3,30,1
4.155000,235.89,37.846,22.700,445,382,60.000,60,60,18.000,39.000,55.000,230,191,306,160,165,165,165,165,165,165,1,0,0,3,30,1
4.160000,237.69,37.491,22.480,444,384,60.000,60,60,18.000,39.000,55.000,228,192,308,160,166,166,166,166,166,166,1,0,0,3,30,1
4.165000,239.49,37.092,22.260,443,387,60.000,60,60,18.000,39.000,55.000,226,194,310,160,167,167,167,167,167,167,1,0,0,3,30,1
4.170000,241.29,36.653,21.990,442,389,60.000,60,60,18.000,39.000,55.000,223,195,312,160,168,168,168,168,168,168,1,0,0,3,30,1
4.175000,243.09,36.173,21.720,440,391,60.000,60,60,18.000,39.000,55.000,220,196,314,160,169,169,169,169,169,169,1,0,0,3,30,1
4.180000,244.89,35.655,21.390,438,393,60.000,59,59,18.000,39.000,55.000,213,194,310,160,170,170,170,170,170,170,1,0,0,3,30,1
4.185000,246.69,35.101,21.070,435,395,60.000,59,59,18.000,39.000,55.000,210,195,312,160,171,171,171,171,171,171,1,0,0,3,30,1
4.190000,248.49,34.512,20.690,431,396,60.000,59,59,18.000,39.000,55.000,206,195,313,160,172,172,172,172,172,172,1,0,0,3,30,1
4.195000,250.29,33.892,20.310,428,398,60.000,59,59,18.000,39.000,55.000,202,196,315,160,173,173,173,173,173,173,1,0,0,3,30,1
4.200000,252.09,33.243,19.920,423,399,60.000,59,59,18.000,39.000,55.000,199,197,315,160,173,173,173,173,173,173,1,0,0,3,30,1
4.205000,253.89,32.566,19.540,419,400,60.000,59,59,18.000,39.000,55.000,195,198,316,160,173,173,173,173,173,173,1,0,0,3,30,1
4.210000,255.69,31.865,19.110,414,400,60.000,59,59,18.000,39.000,55.000,190,198,316,160,173,173,173,173,173,173,1,0,0,3,30,1
4.215000,257.49,31.142,18.670,408,401,60.000,59,59,18.000,39.000,55.000,186,198,317,160,174,174,174,174,174,174,1,0,0,3,30,1
4.220000,259.29,30.401,18.240,402,401,60.000,59,59,18.000,39.000,55.000,182,198,317,160,174,174,174,174,174,174,1,0,0,3,30,1
4.225000,261.09,29.643,17.800,396,401,60.000,59,59,18.000,39.000,55.000,177,198,317,160,174,174,174,174,174,174,1,0,0,3,30,1
4.230000,262.89,28.872,17.310,390,401,60.000,59,59,18.000,39.000,55.000,173,198,317,160,174,174,174,174,174,174,1,0,0,3,30,1
4.235000,264.69,28.092,16.820,383,400,60.000,59,59,18.000,39.000,55.000,168,198,316,160,173,173,173,173,173,173,1,0,0,3,30,1
4.240000,266.49,27.304,16.390,376,400,60.000,59,59,18.000,39.000,55.000,163,198,316,160,173,173,173,173,173,173,1,0,0,3,30,1
4.245000,268.29,26.513,15.900,369,400,60.000,59,59,18.000,39.000,55.000,158,198,316,160,173,173,173,173,173,173,1,0,0,3,30,1
4.250000,270.09,25.720,15.410,362,399,60.000,59,59,18.000,39.000,55.000,154,197,315,160,173,173,173,173,173,173,1,0,0,3,30,1
4.255000,271.89,24.931,14.970,354,398,60.000,59,59,18.000,39.000,55.000,149,196,315,160,173,173,173,173,173,173,1,0,0,3,30,1
4.260000,273.69,24.146,14.490,346,397,60.000,59,59,18.000,39.000,55.000,144,196,314,160,172,172,172,172,172,172,1,0,0,3,30,1
4.265000,275.49,23.370,14.000,339,396,60.000,60,60,18.000,39.000,55.000,142,199,318,160,172,172,172,172,172,172,1,0,0,3,30,1
4.270000,277.29,22.606,13.560,331,395,60.000,60,60,18.000,39.000,55.000,137,198,317,160,171,171,171,171,171,171,1,0,0,3,30,1
4.275000,279.09,21.857,13.130,323,394,60.000,60,60,18.000,39.000,55.000,133,198,316,160,171,171,171,171,171,171,1,0,0,3,30,1
4.280000,280.89,21.125,12.690,315,392,60.000,60,60,18.000,39.000,55.000,128,196,315,160,170,170,170,170,170,170,1,0,0,3,30,1
4.285000,282.69,20.414,12.260,307,391,60.000,60,60,18.000,39.000,55.000,124,196,314,160,169,169,169,169,169,169,1,0,0,3,30,1
4.290000,284.49,19.726,11.820,299,389,60.000,60,60,18.000,39.000,55.000,120,195,312,160,168,168,168,168,168,168,1,0,0,3,30,1
4.295000,286.29,19.065,11.440,291,387,60.000,60,60,18.000,39.000,55.000,116,194,310,160,167,167,167,167,167,167,1,0,0,3,30,1
4.300000,288.09,18.433,11.060,283,385,60.000,60,60,18.000,39.000,55.000,112,193,308,160,166,166,166,166,166,166,1,0,0,3,30,1
4.305000,289.89,17.832,10.680,275,383,60.000,59,59,18.000,39.000,55.000,106,188,302,160,165,165,165,165,165,165,1,0,0,3,30,1
4.310000,291.69,17.264,10.350,268,381,60.000,59,59,18.000,39.000,55.000,103,187,300,160,164,164,164,164,164,164,1,0,0,3,30,1
4.315000,293.49,16.734,10.030,260,379,60.000,59,59,18.000,39.000,55.000,100,186,298,160,163,163,163,163,163,163,1,0,0,3,30,1
4.320000,295.29,16.241,9.750,253,376,60.000,59,59,18.000,39.000,55.000,97,185,296,160,162,162,162,162,162,162,1,0,0,3,30,1
4.325000,297.09,15.789,9.480,247,374,60.000,59,59,18.000,39.000,55.000,94,183,294,160,161,161,161,161,161,161,1,0,0,3,30,1
4.330000,298.89,15.379,9.210,240,371,60.000,59,59,18.000,39.000,55.000,92,182,291,160,160,160,160,160,160,160,1,0,0,3,30,1
4.335000,300.69,15.013,8.990,234,369,60.000,59,59,18.000,39.000,55.000,89,181,289,160,159,159,159,159,159,159,1,0,0,3,30,1
4.340000,302.49,14.693,8.830,228,366,60.000,59,59,18.000,39.000,55.000,88,179,287,160,157,157,157,157,157,157,1,0,0,3,30,1
4.345000,304.29,14.420,8.670,222,363,60.000,59,59,18.000,39.000,55.000,86,177,284,160,156,156,156,156,156,156,1,0,0,3,30,1
4.350000,306.09,14.194,8.500,217,360,60.000,59,59,18.000,39.000,55.000,84,176,282,160,154,154,154,154,154,154,1,0,0,3,30,1
4.355000,307.89,14.018,8.390,212,357,60.000,59,59,18.000,39.000,55.000,83,174,279,160,153,153,153,153,153,153,1,0,0,3,30,1
4.360000,309.69,13.892,8.340,208,355,60.000,59,59,18.000,39.000,55.000,83,173,277,160,152,152,152,152,152,152,1,0,0,3,30,1
4.365000,311.49,13.817,8.280,204,352,60.000,59,59,18.000,39.000,55.000,82,172,275,160,151,151,151,151,151,151,1,0,0,3,30,1
4.370000,313.29,13.792,8.280,201,349,60.000,59,59,18.000,39.000,55.000,82,170,272,160,149,149,149,149,149,149,1,0,0,3,30,1
4.375000,315.09,13.819,8.280,198,346,60.000,59,59,18.000,39.000,55.000,82,168,269,160,148,148,148,148,148,148,1,0,0,3,30,1
4.380000,316.89,13.897,8.340,195,343,60.000,59,59,18.000,39.000,55.000,83,167,267,160,146,146,146,146,146,146,1,0,0,3,30,1
4.385000,318.69,14.026,8.390,193,340,60.000,59,59,18.000,39.000,55.000,83,165,264,160,145,145,145,145,145,145,1,0,0,3,30,1
4.390000,320.49,14.206,8.500,192,337,60.000,60,60,18.000,39.000,55.000,86,166,266,160,143,143,143,143,143,143,1,0,0,3,30,1
4.395000,322.29,14.436,8.670,191,334,60.000,60,60,18.000,39.000,55.000,88,164,263,160,142,142,142,142,142,142,1,0,0,3,30,1
4.400000,324.09,14.715,8.830,190,332,60.000,60,60,18.000,39.000,55.000,89,163,262,160,141,141,141,141,141,141,1,0,0,3,30,1
4.405000,325.89,15.043,9.050,190,329,60.000,60,60,18.000,39.000,55.000,91,162,259,160,140,140,140,140,140,140,1,0,0,3,30,1
4.410000,327.69,15.419,9.260,190,326,60.000,60,60,18.000,39.000,55.000,94,160,256,160,138,138,138,138,138,138,1,0,0,3,30,1
4.415000,329.49,15.840,9.480,191,323,60.000,60,60,18.000,39.000,55.000,96,158,254,160,137,137,137,137,137,137,1,0,0,3,30,1
4.420000,331.29,16.307,9.750,193,321,60.000,60,60,18.000,39.000,55.000,99,157,252,160,136,136,136,136,136,136,1,0,0,3,30,1
4.425000,333.09,16.816,10.080,195,318,60.000,60,60,18.000,39.000,55.000,102,156,249,160,134,134,134,134,134,134,1,0,0,3,30,1
4.430000,334.89,17.366,10.410,198,316,60.000,59,59,18.000,39.000,55.000,104,152,243,160,133,133,133,133,133,133,1,0,0,3,30,1
4.435000,336.69,17.956,10.790,201,314,60.000,59,59,18.000,39.000,55.000,107,151,242,160,132,132,132,132,132,132,1,0,0,3,30,1
4.440000,338.49,18.582,11.170,204,312,60.000,59,59,18.000,39.000,55.000,111,150,240,160,131,131,131,131,131,131,1,0,0,3,30,1
4.445000,340.29,19.244,11.550,208,309,60.000,59,59,18.000,39.000,55.000,115,148,237,160,130,130,130,130,130,130,1,0,0,3,30,1
4.450000,342.09,19.937,11.980,213,308,60.000,59,59,18.000,39.000,55.000,119,148,236,160,130,130,130,130,130,130,1,0,0,3,30,1
4.455000,343.89,20.660,12.360,218,306,60.000,59,59,18.000,39.000,55.000,123,146,235,160,129,129,129,129,129,129,1,0,0,3,30,1
4.460000,345.69,21.411,12.850,223,304,60.000,59,59,18.000,39.000,55.000,128,145,233,160,128,128,128,128,128,128,1,0,0,3,30,1
4.465000,347.49,22.186,13.290,229,303,60.000,59,59,18.000,39.000,55.000,132,145,232,160,127,127,127,127,127,127,1,0,0,3,30,1
4.470000,349.29,22.982,13.780,235,301,60.000,59,59,18.000,39.000,55.000,137,144,230,160,126,126,126,126,126,126,1,0,0,3,30,1
4.475000,351.09,23.797,14.270,241,300,60.000,59,59,18.000,39.000,55.000,142,143,229,160,126,126,126,126,126,126,1,0,0,3,30,1
4.480000,352.89,24.628,14.760,248,299,60.000,59,59,18.000,39.000,55.000,147,143,228,160,125,125,125,125,125,125,1,0,0,3,30,1
4.485000,354.69,25.471,15.300,255,298,60.000,59,59,18.000,39.000,55.000,152,142,228,160,125,125,125,125,125,125,1,0,0,3,30,1
4.490000,356.49,26.323,15.790,263,297,60.000,59,59,18.000,39.000,55.000,157,142,227,160,124,124,124,124,124,124,1,0,0,3,30,1
4.495000,358.29,27.182,16.280,271,297,60.000,59,59,18.000,39.000,55.000,162,142,227,160,124,124,124,124,124,124,1,0,0,3,30,1
4.500000,0.09,28.043,16.820,279,296,60.000,59,59,18.000,39.000,55.000,168,141,226,160,124,124,124,124,124,124,1,0,0,3,30,1
4.505000,1.89,28.905,17.310,287,296,60.000,59,59,18.000,39.000,55.000,173,141,226,160,124,124,124,124,124,124,1,0,0,3,30,1
4.510000,3.69,29.763,17.860,295,296,60.000,59,59,18.000,39.000,55.000,178,141,226,160,124,124,124,124,124,124,1,0,0,3,30,1
4.515000,5.49,30.614,18.350,304,296,60.000,60,60,18.000,39.000,55.000,186,143,230,160,124,124,124,124,124,124,1,0,0,3,30,1
4.520000,7.29,31.456,18.890,312,297,60.000,60,60,18.000,39.000,55.000,191,144,231,160,124,124,124,124,124,124,1,0,0,3,30,1
4.525000,9.09,32.285,19.380,321,297,60.000,60,60,18.000,39.000,55.000,196,144,231,160,124,124,124,124,124,124,1,0,0,3,30,1
4.530000,10.89,33.098,19.870,330,299,60.000,60,60,18.000,39.000,55.000,201,145,232,160,125,125,125,125,125,125,1,0,0,3,30,1
4.535000,12.69,33.893,20.310,338,300,60.000,60,60,18.000,39.000,55.000,206,146,233,160,126,126,126,126,126,126,1,0,0,3,30,1
4.540000,14.49,34.665,20.790,347,302,60.000,60,60,18.000,39.000,55.000,211,147,235,160,127,127,127,127,127,127,1,0,0,3,30,1
4.545000,16.29,35.413,21.230,356,304,60.000,60,60,18.000,39.000,55.000,215,148,237,160,128,128,128,128,128,128,1,0,0,3,30,1
4.550000,18.09,36.134,21.670,364,306,60.000,60,60,18.000,39.000,55.000,220,149,239,160,129,129,129,129,129,129,1,0,0,3,30,1
4.555000,19.89,36.824,22.100,373,309,60.000,59,59,18.000,39.000,55.000,220,148,237,160,130,130,130,130,130,130,1,0,0,3,30,1
4.560000,21.69,37.482,22.480,381,311,60.000,59,59,18.000,39.000,55.000,224,149,239,160,131,131,131,131,131,131,1,0,0,3,30,1
4.565000,23.49,38.105,22.860,389,314,60.000,59,59,18.000,39.000,55.000,228,151,242,160,132,132,132,132,132,132,1,0,0,3,30,1
4.570000,25.29,38.691,23.190,397,317,60.000,59,59,18.000,39.000,55.000,231,152,244,160,134,134,134,134,134,134,1,0,0,3,30,1
4.575000,27.09,39.237,23.510,405,321,60.000,59,59,18.000,39.000,55.000,234,155,248,160,136,136,136,136,136,136,1,0,0,3,30,1
4.580000,28.89,39.742,23.840,413,324,60.000,59,59,18.000,39.000,55.000,238,156,250,160,137,137,137,137,137,137,1,0,0,3,30,1
4.585000,30.69,40.204,24.110,420,328,60.000,59,59,18.000,39.000,55.000,240,158,254,160,139,139,139,139,139,139,1,0,0,3,30,1
4.590000,32.49,40.621,24.380,427,332,60.000,59,59,18.000,39.000,55.000,243,161,257,160,141,141,141,141,141,141,1,0,0,3,30,1
4.595000,34.29,40.992,24.600,433,336,60.000,59,59,18.000,39.000,55.000,245,163,261,160,143,143,143,143,143,143,1,0,0,3,30,1
4.600000,36.09,41.315,24.770,439,340,60.000,59,59,18.000,39.000,55.000,247,165,264,160,145,145,145,145,145,145,1,0,0,3,30,1
4.605000,37.89,41.590,24.930,445,344,60.000,59,59,18.000,39.000,55.000,249,167,268,160,147,147,147,147,147,147,1,0,0,3,30,1
4.610000,39.69,41.815,25.090,451,348,60.000,59,59,18.000,39.000,55.000,250,169,271,160,149,149,149,149,149,149,1,0,0,3,30,1
4.615000,41.49,41.990,25.200,456,353,60.000,59,59,18.000,39.000,55.000,251,172,276,160,151,151,151,151,151,151,1,0,0,3,30,1
4.620000,43.29,42.114,25.260,460,357,60.000,59,59,18.000,39.000,55.000,252,174,279,160,153,153,153,153,153,153,1,0,0,3,30,1
4.625000,45.09,42.186,25.310,464,361,60.000,59,59,18.000,39.000,55.000,252,176,282,160,155,155,155,155,155,155,1,0,0,3,30,1
4.630000,46.89,42.208,25.310,468,365,60.000,59,59,18.000,39.000,55.000,252,179,286,160,157,157,157,157,157,157,1,0,0,3,30,1
4.635000,48.69,42.178,25.310,471,370,60.000,59,59,18.000,39.000,55.000,252,181,290,160,159,159,159,159,159,159,1,0,0,3,30,1
4.640000,50.49,42.098,25.260,473,374,60.000,60,60,18.000,39.000,55.000,256,187,299,160,161,161,161,161,161,161,1,0,0,3,30,1
4.645000,52.29,41.966,25.150,475,378,60.000,60,60,18.000,39.000,55.000,255,189,302,160,163,163,163,163,163,163,1,0,0,3,30,1
4.650000,54.09,41.785,25.040,477,382,60.000,60,60,18.000,39.000,55.000,254,191,306,160,165,165,165,165,165,165,1,0,0,3,30,1
4.655000,55.89,41.555,24.930,478,386,60.000,60,60,18.000,39.000,55.000,253,193,309,160,167,167,167,167,167,167,1,0,0,3,30,1
4.660000,57.69,41.277,24.770,479,389,60.000,60,60,18.000,39.000,55.000,251,195,312,160,168,168,168,168,168,168,1,0,0,3,30,1
4.665000,59.49,40.952,24.550,479,393,60.000,60,60,18.000,39.000,55.000,249,197,316,160,170,170,170,170,170,170,1,0,0,3,30,1
4.670000,61.29,40.582,24.330,478,397,60.000,60,60,18.000,39.000,55.000,247,199,319,160,172,172,172,172,172,172,1,0,0,3,30,1
4.675000,63.09,40.168,24.110,477,400,60.000,60,60,18.000,39.000,55.000,245,201,322,160,173,173,173,173,173,173,1,0,0,3,30,1
4.680000,64.89,39.711,23.840,476,403,60.000,59,59,18.000,39.000,55.000,238,199,319,160,175,175,175,175,175,175,1,0,0,3,30,1
4.685000,66.69,39.215,23.510,474,406,60.000,59,59,18.000,39.000,55.000,234,201,322,160,176,176,176,176,176,176,1,0,0,3,30,1
4.690000,68.49,38.680,23.190,471,408,60.000,59,59,18.000,39.000,55.000,231,202,323,160,177,177,177,177,177,177,1,0,0,3,30,1
4.695000,70.29,38.110,22.860,468,411,60.000,59,59,18.000,39.000,55.000,228,203,326,160,179,179,179,179,179,179,1,0,0,3,30,1
4.700000,72.09,37.505,22.480,465,413,60.000,59,59,18.000,39.000,55.000,224,205,328,160,180,180,180,180,180,180,1,0,0,3,30,1
4.705000,73.89,36.870,22.100,461,415,60.000,59,59,18.000,39.000,55.000,220,206,329,160,181,181,181,181,181,181,1,0,0,3,30,1
4.710000,75.69,36.206,21.720,457,417,60.000,59,59,18.000,39.000,55.000,217,207,331,160,182,182,182,182,182,182,1,0,0,3,30,1
4.715000,77.49,35.516,21.280,452,418,60.000,59,59,18.000,39.000,55.000,212,207,332,160,182,182,182,182,182,182,1,0,0,3,30,1
4.720000,79.29,34.803,20.900,447,420,60.000,59,59,18.000,39.000,55.000,208,208,334,160,183,183,183,183,183,183,1,0,0,3,30,1
4.725000,81.09,34.069,20.410,441,421,60.000,59,59,18.000,39.000,55.000,203,209,335,160,183,183,183,183,183,183,1,0,0,3,30,1
4.730000,82.89,33.318,19.980,435,421,60.000,59,59,18.000,39.000,55.000,199,209,335,160,183,183,183,183,183,183,1,0,0,3,30,1
4.735000,84.69,32.552,19.540,429,422,60.000,59,59,18.000,39.000,55.000,195,209,335,160,184,184,184,184,184,184,1,0,0,3,30,1
4.740000,86.49,31.776,19.050,423,422,60.000,59,59,18.000,39.000,55.000,190,209,335,160,184,184,184,184,184,184,1,0,0,3,30,1
4.745000,88.29,30.991,18.560,416,422,60.000,59,59,18.000,39.000,55.000,185,209,335,160,184,184,184,184,184,184,1,0,0,3,30,1
4.750000,90.09,30.200,18.130,409,422,60.000,59,59,18.000,39.000,55.000,181,209,335,160,184,184,184,184,184,184,1,0,0,3,30,1
4.755000,91.89,29.408,17.640,402,421,60.000,59,59,18.000,39.000,55.000,176,209,335,160,183,183,183,183,183,183,1,0,0,3,30,1
4.760000,93.69,28.617,17.150,394,421,60.000,59,59,18.000,39.000,55.000,171,209,335,160,183,183,183,183,183,183,1,0,0,3,30,1
4.765000,95.49,27.830,16.720,386,420,60.000,60,60,18.000,39.000,55.000,169,212,339,160,183,183,183,183,183,183,1,0,0,3,30,1
4.770000,97.29,27.050,16.230,379,420,60.000,60,60,18.000,39.000,55.000,164,212,339,160,183,183,183,183,183,183,1,0,0,3,30,1
4.775000,99.09,26.281,15.740,371,419,60.000,60,60,18.000,39.000,55.000,159,211,339,160,183,183,183,183,183,183,1,0,0,3,30,1
4.780000,100.89,25.525,15.300,363,418,60.000,60,60,18.000,39.000,55.000,155,211,338,160,182,182,182,182,182,182,1,0,0,3,30,1
4.785000,102.69,24.785,14.870,355,417,60.000,60,60,18.000,39.000,55.000,151,210,337,160,182,182,182,182,182,182,1,0,0,3,30,1
4.790000,104.49,24.064,14.430,347,415,60.000,60,60,18.000,39.000,55.000,146,209,335,160,181,181,181,181,181,181,1,0,0,3,30,1
4.795000,106.29,23.365,14.000,339,414,60.000,60,60,18.000,39.000,55.000,142,209,334,160,180,180,180,180,180,180,1,0,0,3,30,1
4.800000,108.09,22.691,13.620,331,412,60.000,60,60,18.000,39.000,55.000,138,208,332,160,179,179,179,179,179,179,1,0,0,3,30,1
4.805000,109.89,22.044,13.230,323,411,60.000,59,59,18.000,39.000,55.000,132,203,326,160,179,179,179,179,179,179,1,0,0,3,30,1
4.810000,111.69,21.427,12.850,315,409,60.000,59,59,18.000,39.000,55.000,128,202,324,160,178,178,178,178,178,178,1,0,0,3,30,1
4.815000,113.49,20.842,12.530,308,407,60.000,59,59,18.000,39.000,55.000,125,201,323,160,177,177,177,177,177,177,1,0,0,3,30,1
4.820000,115.29,20.292,12.150,300,405,60.000,59,59,18.000,39.000,55.000,121,200,321,160,176,176,176,176,176,176,1,0,0,3,30,1
4.825000,117.09,19.777,11.870,293,403,60.000,59,59,18.000,39.000,55.000,118,199,319,160,175,175,175,175,175,175,1,0,0,3,30,1
4.830000,118.89,19.302,11.600,286,401,60.000,59,59,18.000,39.000,55.000,115,198,317,160,174,174,174,174,174,174,1,0,0,3,30,1
4.835000,120.69,18.866,11.330,280,398,60.000,59,59,18.000,39.000,55.000,113,196,315,160,173,173,173,173,173,173,1,0,0,3,30,1
4.840000,122.49,18.472,11.060,273,396,60.000,59,59,18.000,39.000,55.000,110,195,313,160,172,172,172,172,172,172,1,0,0,3,30,1
4.845000,124.29,18.121,10.900,267,394,60.000,59,59,18.000,39.000,55.000,108,194,311,160,171,171,171,171,171,171,1,0,0,3,30,1
4.850000,126.09,17.815,10.680,261,391,60.000,59,59,18.000,39.000,55.000,106,193,309,160,169,169,169,169,169,169,1,0,0,3,30,1
4.855000,127.89,17.554,10.510,256,389,60.000,59,59,18.000,39.000,55.000,105,192,307,160,168,168,168,168,168,168,1,0,0,3,30,1
4.860000,129.69,17.340,10.410,251,386,60.000,59,59,18.000,39.000,55.000,104,190,304,160,167,167,167,167,167,167,1,0,0,3,30,1
4.865000,131.49,17.172,10.300,246,383,60.000,59,59,18.000,39.000,55.000,102,188,302,160,165,165,165,165,165,165,1,0,0,3,30,1
4.870000,133.29,17.053,10.240,242,380,60.000,59,59,18.000,39.000,55.000,102,187,299,160,164,164,164,164,164,164,1,0,0,3,30,1
4.875000,135.09,16.981,10.190,238,378,60.000,59,59,18.000,39.000,55.000,101,186,297,160,163,163,163,163,163,163,1,0,0,3,30,1
4.880000,136.89,16.958,10.190,235,375,60.000,59,59,18.000,39.000,55.000,101,184,295,160,162,162,162,162,162,162,1,0,0,3,30,1
4.885000,138.69,16.983,10.190,232,372,60.000,59,59,18.000,39.000,55.000,101,182,292,160,160,160,160,160,160,160,1,0,0,3,30,1
4.890000,140.49,17.056,10.240,230,369,60.000,60,60,18.000,39.000,55.000,104,184,294,160,159,159,159,159,159,159,1,0,0,3,30,1
4.895000,142.29,17.176,10.300,228,367,60.000,60,60,18.000,39.000,55.000,104,183,293,160,158,158,158,158,158,158,1,0,0,3,30,1
4.900000,144.09,17.343,10.410,226,364,60.000,60,60,18.000,39.000,55.000,105,181,290,160,156,156,156,156,156,156,1,0,0,3,30,1
4.905000,145.89,17.556,10.510,225,361,60.000,60,60,18.000,39.000,55.000,106,179,287,160,155,155,155,155,155,155,1,0,0,3,30,1
4.910000,147.69,17.813,10.680,225,359,60.000,60,60,18.000,39.000,55.000,108,178,286,160,154,154,154,154,154,154,1,0,0,3,30,1
4.915000,149.49,18.115,10.900,224,356,60.000,60,60,18.000,39.000,55.000,110,177,283,160,152,152,152,152,152,152,1,0,0,3,30,1
4.920000,151.29,18.459,11.060,225,353,60.000,60,60,18.000,39.000,55.000,112,175,280,160,151,151,151,151,151,151,1,0,0,3,30,1
4.925000,153.09,18.844,11.280,226,351,60.000,60,60,18.000,39.000,55.000,114,174,278,160,150,150,150,150,150,150,1,0,0,3,30,1
4.930000,154.89,19.267,11.550,227,349,60.000,59,59,18.000,39.000,55.000,115,170,272,160,149,149,149,149,149,149,1,0,0,3,30,1
4.935000,156.69,19.729,11.820,229,346,60.000,59,59,18.000,39.000,55.000,118,168,269,160,148,148,148,148,148,148,1,0,0,3,30,1
4.940000,158.49,20.225,12.150,231,344,60.000,59,59,18.000,39.000,55.000,121,167,268,160,147,147,147,147,147,147,1,0,0,3,30,1
4.945000,160.29,20.754,12.470,234,342,60.000,59,59,18.000,39.000,55.000,124,166,266,160,146,146,146,146,146,146,1,0,0,3,30,1
4.950000,162.09,21.315,12.800,237,340,60.000,59,59,18.000,39.000,55.000,127,165,264,160,145,145,145,145,145,145,1,0,0,3,30,1
4.955000,163.89,21.904,13.130,241,338,60.000,59,59,18.000,39.000,55.000,131,164,262,160,144,144,144,144,144,144,1,0,0,3,30,1
4.960000,165.69,22.518,13.510,245,336,60.000,59,59,18.000,39.000,55.000,135,163,261,160,143,143,143,143,143,143,1,0,0,3,30,1
4.965000,167.49,23.156,13.890,249,334,60.000,59,59,18.000,39.000,55.000,138,162,259,160,142,142,142,142,142,142,1,0,0,3,30,1
4.970000,169.29,23.815,14.270,254,333,60.000,59,59,18.000,39.000,55.000,142,161,258,160,141,141,141,141,141,141,1,0,0,3,30,1
4.975000,171.09,24.491,14.700,259,331,60.000,59,59,18.000,39.000,55.000,146,160,256,160,140,140,140,140,140,140,1,0,0,3,30,1
4.980000,172.89,25.182,15.080,264,330,60.000,59,59,18.000,39.000,55.000,150,160,256,160,140,140,140,140,140,140,1,0,0,3,30,1
4.985000,174.69,25.885,15.520,270,329,60.000,59,59,18.000,39.000,55.000,155,159,255,160,140,140,140,140,140,140,1,0,0,3,30,1
4.990000,176.49,26.597,15.950,276,327,60.000,59,59,18.000,39.000,55.000,159,158,253,160,139,139,139,139,139,139,1,0,0,3,30,1
4.995000,178.29,27.315,16.390,282,327,60.000,59,59,18.000,39.000,55.000,163,158,253,160,139,139,139,139,139,139,1,0,0,3,30,1
5.000000,180.09,28.036,16.820,289,326,60.000,59,59,18.000,39.000,55.000,168,157,252,160,138,138,138,138,138,138,1,0,0,3,30,1
5.005000,181.89,28.757,17.260,296,325,60.000,59,59,18.000,39.000,55.000,172,157,251,160,138,138,138,138,138,138,1,0,0,3,30,1
5.010000,183.69,29.474,17.690,302,325,60.000,59,59,18.000,39.000,55.000,176,157,251,160,138,138,138,138,138,138,1,0,0,3,30,1
5.015000,185.49,30.186,18.130,309,324,60.000,60,60,18.000,39.000,55.000,184,159,254,160,137,137,137,137,137,137,1,0,0,3,30,1
5.020000,187.29,30.888,18.510,316,324,60.000,60,60,18.000,39.000,55.000,188,159,254,160,137,137,137,137,137,137,1,0,0,3,30,1
5.025000,189.09,31.577,18.950,324,324,60.000,60,60,18.000,39.000,55.000,192,159,254,160,137,137,137,137,137,137,1,0,0,3,30,1
5.030000,190.89,32.252,19.330,331,324,60.000,60,60,18.000,39.000,55.000,196,159,254,160,137,137,137,137,137,137,1,0,0,3,30,1
5.035000,192.69,32.909,19.760,338,325,60.000,60,60,18.000,39.000,55.000,200,159,255,160,138,138,138,138,138,138,1,0,0,3,30,1
5.040000,194.49,33.544,20.140,345,325,60.000,60,60,18.000,39.000,55.000,204,159,255,160,138,138,138,138,138,138,1,0,0,3,30,1
5.045000,196.29,34.156,20.470,352,326,60.000,60,60,18.000,39.000,55.000,208,160,256,160,138,138,138,138,138,138,1,0,0,3,30,1
5.050000,198.09,34.743,20.850,360,327,60.000,60,60,18.000,39.000,55.000,211,161,257,160,139,139,139,139,139,139,1,0,0,3,30,1
5.055000,199.89,35.300,21.180,367,329,60.000,59,59,18.000,39.000,55.000,211,159,255,160,140,140,140,140,140,140,1,0,0,3,30,1
5.060000,201.69,35.826,21.500,373,330,60.000,59,59,18.000,39.000,55.000,214,160,256,160,140,140,140,140,140,140,1,0,0,3,30,1
5.065000,203.49,36.319,21.770,380,332,60.000,59,59,18.000,39.000,55.000,217,161,257,160,141,141,141,141,141,141,1,0,0,3,30,1
5.070000,205.29,36.777,22.050,387,334,60.000,59,59,18.000,39.000,55.000,220,162,259,160,142,142,142,142,142,142,1,0,0,3,30,1
5.075000,207.09,37.197,22.320,393,337,60.000,59,59,18.000,39.000,55.000,223,163,262,160,143,143,143,143,143,143,1,0,0,3,30,1
5.080000,208.89,37.577,22.540,399,339,60.000,59,59,18.000,39.000,55.000,225,164,263,160,144,144,144,144,144,144,1,0,0,3,30,1
5.085000,210.69,37.917,22.750,405,342,60.000,59,59,18.000,39.000,55.000,227,166,266,160,146,146,146,146,146,146,1,0,0,3,30,1
5.090000,212.49,38.214,22.920,410,344,60.000,59,59,18.000,39.000,55.000,229,167,268,160,147,147,147,147,147,147,1,0,0,3,30,1
5.095000,214.29,38.468,23.080,415,347,60.000,59,59,18.000,39.000,55.000,230,169,270,160,148,148,148,148,148,148,1,0,0,3,30,1
5.100000,216.09,38.676,23.190,420,350,60.000,59,59,18.000,39.000,55.000,231,170,273,160,150,150,150,150,150,150,1,0,0,3,30,1
5.105000,217.89,38.838,23.300,424,353,60.000,59,59,18.000,39.000,55.000,232,172,276,160,151,151,151,151,151,151,1,0,0,3,30,1
5.110000,219.69,38.954,23.350,428,356,60.000,59,59,18.000,39.000,55.000,233,174,278,160,152,152,152,152,152,152,1,0,0,3,30,1
5.115000,221.49,39.022,23.410,432,359,60.000,59,59,18.000,39.000,55.000,233,175,281,160,154,154,154,154,154,154,1,0,0,3,30,1
5.120000,223.29,39.042,23.410,435,362,60.000,59,59,18.000,39.000,55.000,233,177,283,160,155,155,155,155,155,155,1,0,0,3,30,1
5.125000,225.09,39.014,23.410,438,365,60.000,59,59,18.000,39.000,55.000,233,179,286,160,157,157,157,157,157,157,1,0,0,3,30,1
5.130000,226.89,38.937,23.350,440,368,60.000,59,59,18.000,39.000,55.000,233,180,289,160,158,158,158,158,158,158,1,0,0,3,30,1
5.135000,228.69,38.813,23.300,442,371,60.000,59,59,18.000,39.000,55.000,232,182,291,160,160,160,160,160,160,160,1,0,0,3,30,1
5.140000,230.49,38.641,23.190,444,374,60.000,60,60,18.000,39.000,55.000,235,187,299,160,161,161,161,161,161,161,1,0,0,3,30,1
5.145000,232.29,38.422,23.030,444,377,60.000,60,60,18.000,39.000,55.000,234,188,301,160,162,162,162,162,162,162,1,0,0,3,30,1
5.150000,234.09,38.157,22.920,445,379,60.000,60,60,18.000,39.000,55.000,232,189,303,160,163,163,163,163,163,163,1,0,0,3,30,1
5.155000,235.89,37.846,22.700,445,382,60.000,60,60,18.000,39.000,55.000,230,191,306,160,165,165,165,165,165,165,1,0,0,3,30,1
5.160000,237.69,37.491,22.480,444,384,60.000,60,60,18.000,39.000,55.000,228,192,308,160,166,166,166,166,166,166,1,0,0,3,30,1
5.165000,239.49,37.092,22.260,443,387,60.000,60,60,18.000,39.000,55.000,226,194,310,160,167,167,167,167,167,167,1,0,0,3,30,1
5.170000,241.29,36.653,21.990,442,389,60.000,60,60,18.000,39.000,55.000,223,195,312,160,168,168,168,168,168,168,1,0,0,3,30,1
5.175000,243.09,36.173,21.720,440,391,60.000,60,60,18.000,39.000,55.000,220,196,314,160,169,169,169,169,169,169,1,0,0,3,30,1
5.180000,244.89,35.655,21.390,438,393,60.000,59,59,18.000,39.000,55.000,213,194,310,160,170,170,170,170,170,170,1,0,0,3,30,1
5.185000,246.69,35.101,21.070,435,395,60.000,59,59,18.000,39.000,55.000,210,195,312,160,171,171,171,171,171,171,1,0,0,3,30,1
5.190000,248.49,34.512,20.690,431,396,60.000,59,59,18.000,39.000,55.000,206,195,313,160,172,172,172,172,172,172,1,0,0,3,30,1
5.195000,250.29,33.892,20.310,428,398,60.000,59,59,18.000,39.000,55.000,202,196,315,160,173,173,173,173,173,173,1,0,0,3,30,1
5.200000,252.09,33.243,19.920,423,399,60.000,59,59,18.000,39.000,55.000,199,197,315,160,173,173,173,173,173,173,1,0,0,3,30,1
5.205000,253.89,32.566,19.540,419,400,60.000,59,59,18.000,39.000,55.000,195,198,316,160,173,173,173,173,173,173,1,0,0,3,30,1
5.210000,255.69,31.865,19.110,414,400,60.000,59,59,18.000,39.000,55.000,190,198,316,160,173,173,173,173,173,173,1,0,0,3,30,1
5.215000,257.49,31.142,18.670,408,401,60.000,59,59,18.000,39.000,55.000,186,198,317,160,174,174,174,174,174,174,1,0,0,3,30,1
5.220000,259.29,30.401,18.240,402,401,60.000,60,60,18.000,39.000,55.000,185,201,323,160,174,174,174,174,174,174,1,0,0,3,30,1
5.225000,261.09,29.643,17.800,396,401,60.000,60,60,18.000,39.000,55.000,180,201,323,160,174,174,174,174,174,174,1,0,0,3,30,1
5.230000,262.89,28.872,17.310,390,401,60.000,60,60,18.000,39.000,55.000,175,201,323,160,174,174,174,174,174,174,1,0,0,3,30,1
5.235000,264.69,28.092,16.820,383,400,60.000,60,60,18.000,39.000,55.000,170,201,322,160,173,173,173,173,173,173,1,0,0,3,30,1
5.240000,266.49,27.304,16.390,376,400,60.000,60,60,18.000,39.000,55.000,166,201,322,160,173,173,173,173,173,173,1,0,0,3,30,1
5.245000,268.29,26.513,15.900,369,400,60.000,60,60,18.000,39.000,55.000,161,201,322,160,173,173,173,173,173,173,1,0,0,3,30,1
5.250000,270.09,25.720,15.410,362,399,60.000,60,60,18.000,39.000,55.000,156,200,321,160,173,173,173,173,173,173,1,0,0,3,30,1
5.255000,271.89,24.931,14.970,354,398,60.000,60,60,18.000,39.000,55.000,152,200,320,160,173,173,173,173,173,173,1,0,0,3,30,1
5.260000,273.69,24.146,14.490,346,397,60.000,60,60,18.000,39.000,55.000,147,199,319,160,172,172,172,172,172,172,1,0,0,3,30,1
5.265000,275.49,23.370,14.000,339,396,60.000,59,59,18.000,39.000,55.000,139,195,313,160,172,172,172,172,172,172,1,0,0,3,30,1
5.270000,277.29,22.606,13.560,331,395,60.000,59,59,18.000,39.000,55.000,135,195,312,160,171,171,171,171,171,171,1,0,0,3,30,1
5.275000,279.09,21.857,13.130,323,394,60.000,59,59,18.000,39.000,55.000,131,194,311,160,171,171,171,171,171,171,1,0,0,3,30,1
5.280000,280.89,21.125,12.690,315,392,60.000,59,59,18.000,39.000,55.000,126,193,309,160,170,170,170,170,170,170,1,0,0,3,30,1
5.285000,282.69,20.414,12.260,307,391,60.000,59,59,18.000,39.000,55.000,122,193,309,160,169,169,169,169,169,169,1,0,0,3,30,1
5.290000,284.49,19.726,11.820,299,389,60.000,59,59,18.000,39.000,55.000,118,192,307,160,168,168,168,168,168,168,1,0,0,3,30,1
5.295000,286.29,19.065,11.440,291,387,60.000,59,59,18.000,39.000,55.000,114,190,305,160,167,167,167,167,167,167,1,0,0,3,30,1
5.300000,288.09,18.433,11.060,283,385,60.000,59,59,18.000,39.000,55.000,110,189,303,160,166,166,166,166,166,166,1,0,0,3,30,1
5.305000,289.89,17.832,10.680,275,383,60.000,59,59,18.000,39.000,55.000,106,188,302,160,165,165,165,165,165,165,1,0,0,3,30,1
5.310000,291.69,17.264,10.350,268,381,60.000,59,59,18.000,39.000,55.000,103,187,300,160,164,164,164,164,164,164,1,0,0,3,30,1
5.315000,293.49,16.734,10.030,260,379,60.000,59,59,18.000,39.000,55.000,100,186,298,160,163,163,163,163,163,163,1,0,0,3,30,1
5.320000,295.29,16.241,9.750,253,376,60.000,59,59,18.000,39.000,55.000,97,185,296,160,162,162,162,162,162,162,1,0,0,3,30,1
5.325000,297.09,15.789,9.480,247,374,60.000,59,59,18.000,39.000,55.000,94,183,294,160,161,161,161,161,161,161,1,0,0,3,30,1
5.330000,298.89,15.379,9.210,240,371,60.000,59,59,18.000,39.000,55.000,92,182,291,160,160,160,160,160,160,160,1,0,0,3,30,1
5.335000,300.69,15.013,8.990,234,369,60.000,59,59,18.000,39.000,55.000,89,181,289,160,159,159,159,159,159,159,1,0,0,3,30,1
5.340000,302.49,14.693,8.830,228,366,60.000,59,59,18.000,39.000,55.000,88,179,287,160,157,157,157,157,157,157,1,0,0,3,30,1
5.345000,304.29,14.420,8.670,222,363,60.000,60,60,18.000,39.000,55.000,88,180,289,160,156,156,156,156,156,156,1,0,0,3,30,1
5.350000,306.09,14.194,8.500,217,360,60.000,60,60,18.000,39.000,55.000,86,179,286,160,154,154,154,154,154,154,1,0,0,3,30,1
5.355000,307.89,14.018,8.390,212,357,60.000,60,60,18.000,39.000,55.000,85,177,284,160,153,153,153,153,153,153,1,0,0,3,30,1
5.360000,309.69,13.892,8.340,208,355,60.000,60,60,18.000,39.000,55.000,84,176,282,160,152,152,152,152,152,152,1,0,0,3,30,1
5.365000,311.49,13.817,8.280,204,352,60.000,60,60,18.000,39.000,55.000,84,174,279,160,151,151,151,151,151,151,1,0,0,3,30,1
5.370000,313.29,13.792,8.280,201,349,60.000,60,60,18.000,39.000,55.000,84,173,277,160,149,149,149,149,149,149,1,0,0,3,30,1
5.375000,315.09,13.819,8.280,198,346,60.000,60,60,18.000,39.000,55.000,84,171,274,160,148,148,148,148,148,148,1,0,0,3,30,1
5.380000,316.89,13.897,8.340,195,343,60.000,60,60,18.000,39.000,55.000,84,169,271,160,146,146,146,146,146,146,1,0,0,3,30,1
5.385000,318.69,14.026,8.390,193,340,60.000,60,60,18.000,39.000,55.000,85,168,269,160,145,145,145,145,145,145,1,0,0,3,30,1
5.390000,320.49,14.206,8.500,192,337,60.000,59,59,18.000,39.000,55.000,84,163,262,160,143,143,143,143,143,143,1,0,0,3,30,1
5.395000,322.29,14.436,8.670,191,334,60.000,59,59,18.000,39.000,55.000,86,162,259,160,142,142,142,142,142,142,1,0,0,3,30,1
5.400000,324.09,14.715,8.830,190,332,60.000,59,59,18.000,39.000,55.000,88,161,257,160,141,141,141,141,141,141,1,0,0,3,30,1
5.405000,325.89,15.043,9.050,190,329,60.000,59,59,18.000,39.000,55.000,90,159,255,160,140,140,140,140,140,140,1,0,0,3,30,1
5.410000,327.69,15.419,9.260,190,326,60.000,59,59,18.000,39.000,55.000,92,157,252,160,138,138,138,138,138,138,1,0,0,3,30,1
5.415000,329.49,15.840,9.480,191,323,60.000,59,59,18.000,39.000,55.000,94,156,249,160,137,137,137,137,137,137,1,0,0,3,30,1
5.420000,331.29,16.307,9.750,193,321,60.000,59,59,18.000,39.000,55.000,97,155,248,160,136,136,136,136,136,136,1,0,0,3,30,1
5.425000,333.09,16.816,10.080,195,318,60.000,59,59,18.000,39.000,55.000,100,153,245,160,134,134,134,134,134,134,1,0,0,3,30,1
5.430000,334.89,17.366,10.410,198,316,60.000,59,59,18.000,39.000,55.000,104,152,243,160,133,133,133,133,133,133,1,0,0,3,30,1
5.435000,336.69,17.956,10.790,201,314,60.000,59,59,18.000,39.000,55.000,107,151,242,160,132,132,132,132,132,132,1,0,0,3,30,1
5.440000,338.49,18.582,11.170,204,312,60.000,59,59,18.000,39.000,55.000,111,150,240,160,131,131,131,131,131,131,1,0,0,3,30,1
5.445000,340.29,19.244,11.550,208,309,60.000,59,59,18.000,39.000,55.000,115,148,237,160,130,130,130,130,130,130,1,0,0,3,30,1
5.450000,342.09,19.937,11.980,213,308,60.000,59,59,18.000,39.000,55.000,119,148,236,160,130,130,130,130,130,130,1,0,0,3,30,1
5.455000,343.89,20.660,12.360,218,306,60.000,59,59,18.000,39.000,55.000,123,146,235,160,129,129,129,129,129,129,1,0,0,3,30,1
5.460000,345.69,21.411,12.850,223,304,60.000,59,59,18.000,39.000,55.000,128,145,233,160,128,128,128,128,128,128,1,0,0,3,30,1
5.465000,347.49,22.186,13.290,229,303,60.000,59,59,18.000,39.000,55.000,132,145,232,160,127,127,127,127,127,127,1,0,0,3,30,1
5.470000,349.29,22.982,13.780,235,301,60.000,60,60,18.000,39.000,55.000,140,146,234,160,126,126,126,126,126,126,1,0,0,3,30,1
5.475000,351.09,23.797,14.270,241,300,60.000,60,60,18.000,39.000,55.000,145,146,233,160,126,126,126,126,126,126,1,0,0,3,30,1
5.480000,352.89,24.628,14.760,248,299,60.000,60,60,18.000,39.000,55.000,150,145,232,160,125,125,125,125,125,125,1,0,0,3,30,1
5.485000,354.69,25.471,15.300,255,298,60.000,60,60,18.000,39.000,55.000,155,145,232,160,125,125,125,125,125,125,1,0,0,3,30,1
5.490000,356.49,26.323,15.790,263,297,60.000,60,60,18.000,39.000,55.000,160,144,231,160,124,124,124,124,124,124,1,0,0,3,30,1
5.495000,358.29,27.182,16.280,271,297,60.000,60,60,18.000,39.000,55.000,165,144,231,160,124,124,124,124,124,124,1,0,0,3,30,1
5.500000,0.09,28.043,16.820,279,296,60.000,60,60,18.000,39.000,55.000,170,143,230,160,124,124,124,124,124,124,1,0,0,3,30,1
5.505000,1.89,28.905,17.310,287,296,60.000,60,60,18.000,39.000,55.000,175,143,230,160,124,124,124,124,124,124,1,0,0,3,30,1
5.510000,3.69,29.763,17.860,295,296,60.000,60,60,18.000,39.000,55.000,181,143,230,160,124,124,124,124,124,124,1,0,0,3,30,1
5.515000,5.49,30.614,18.350,304,296,60.000,59,59,18.000,39.000,55.000,183,141,226,160,124,124,124,124,124,124,1,0,0,3,30,1
5.520000,7.29,31.456,18.890,312,297,60.000,59,59,18.000,39.000,55.000,188,142,227,160,124,124,124,124,124,124,1,0,0,3,30,1
5.525000,9.09,32.285,19.380,321,297,60.000,59,59,18.000,39.000,55.000,193,142,227,160,124,124,124,124,124,124,1,0,0,3,30,1
5.530000,10.89,33.098,19.870,330,299,60.000,59,59,18.000,39.000,55.000,198,143,228,160,125,125,125,125,125,125,1,0,0,3,30,1
5.535000,12.69,33.893,20.310,338,300,60.000,59,59,18.000,39.000,55.000,202,143,229,160,126,126,126,126,126,126,1,0,0,3,30,1
5.540000,14.49,34.665,20.790,347,302,60.000,59,59,18.000,39.000,55.000,207,144,231,160,127,127,127,127,127,127,1,0,0,3,30,1
5.545000,16.29,35.413,21.230,356,304,60.000,59,59,18.000,39.000,55.000,212,145,233,160,128,128,128,128,128,128,1,0,0,3,30,1
5.550000,18.09,36.134,21.670,364,306,60.000,59,59,18.000,39.000,55.000,216,146,235,160,129,129,129,129,129,129,1,0,0,3,30,1
5.555000,19.89,36.824,22.100,373,309,60.000,59,59,18.000,39.000,55.000,220,148,237,160,130,130,130,130,130,130,1,0,0,3,30,1
5.560000,21.69,37.482,22.480,381,311,60.000,59,59,18.000,39.000,55.000,224,149,239,160,131,131,131,131,131,131,1,0,0,3,30,1
5.565000,23.49,38.105,22.860,389,314,60.000,59,59,18.000,39.000,55.000,228,151,242,160,132,132,132,132,132,132,1,0,0,3,30,1
5.570000,25.29,38.691,23.190,397,317,60.000,59,59,18.000,39.000,55.000,231,152,244,160,134,134,134,134,134,134,1,0,0,3,30,1
5.575000,27.09,39.237,23.510,405,321,60.000,59,59,18.000,39.000,55.000,234,155,248,160,136,136,136,136,136,136,1,0,0,3,30,1
5.580000,28.89,39.742,23.840,413,324,60.000,59,59,18.000,39.000,55.000,238,156,250,160,137,137,137,137,137,137,1,0,0,3,30,1
5.585000,30.69,40.204,24.110,420,328,60.000,59,59,18.000,39.000,55.000,240,158,254,160,139,139,139,139,139,139,1,0,0,3,30,1
5.590000,32.49,40.621,24.380,427,332,60.000,59,59,18.000,39.000,55.000,243,161,257,160,141,141,141,141,141,141,1,0,0,3,30,1
5.595000,34.29,40.992,24.600,433,336,60.000,60,60,18.000,39.000,55.000,250,165,265,160,143,143,143,143,143,143,1,0,0,3,30,1
5.600000,36.09,41.315,24.770,439,340,60.000,60,60,18.000,39.000,55.000,251,168,269,160,145,145,145,145,145,145,1,0,0,3,30,1
5.605000,37.89,41.590,24.930,445,344,60.000,60,60,18.000,39.000,55.000,253,170,272,160,147,147,147,147,147,147,1,0,0,3,30,1
5.610000,39.69,41.815,25.090,451,348,60.000,60,60,18.000,39.000,55.000,255,172,276,160,149,149,149,149,149,149,1,0,0,3,30,1
5.615000,41.49,41.990,25.200,456,353,60.000,60,60,18.000,39.000,55.000,256,175,280,160,151,151,151,151,151,151,1,0,0,3,30,1
5.620000,43.29,42.114,25.260,460,357,60.000,60,60,18.000,39.000,55.000,256,177,284,160,153,153,153,153,153,153,1,0,0,3,30,1
5.625000,45.09,42.186,25.310,464,361,60.000,60,60,18.000,39.000,55.000,257,179,287,160,155,155,155,155,155,155,1,0,0,3,30,1
5.630000,46.89,42.208,25.310,468,365,60.000,60,60,18.000,39.000,55.000,257,182,291,160,157,157,157,157,157,157,1,0,0,3,30,1
5.635000,48.69,42.178,25.310,471,370,60.000,60,60,18.000,39.000,55.000,257,184,295,160,159,159,159,159,159,159,1,0,0,3,30,1
5.640000,50.49,42.098,25.260,473,374,60.000,59,59,18.000,39.000,55.000,252,183,294,160,161,161,161,161,161,161,1,0,0,3,30,1
5.645000,52.29,41.966,25.150,475,378,60.000,59,59,18.000,39.000,55.000,251,186,297,160,163,163,163,163,163,163,1,0,0,3,30,1
5.650000,54.09,41.785,25.040,477,382,60.000,59,59,18.000,39.000,55.000,250,188,301,160,165,165,165,165,165,165,1,0,0,3,30,1
5.655000,55.89,41.555,24.930,478,386,60.000,59,59,18.000,39.000,55.000,249,190,304,160,167,167,167,167,167,167,1,0,0,3,30,1
5.660000,57.69,41.277,24.770,479,389,60.000,59,59,18.000,39.000,55.000,247,192,307,160,168,168,168,168,168,168,1,0,0,3,30,1
5.665000,59.49,40.952,24.550,479,393,60.000,59,59,18.000,39.000,55.000,245,194,310,160,170,170,170,170,170,170,1,0,0,3,30,1
5.670000,61.29,40.582,24.330,478,397,60.000,59,59,18.000,39.000,55.000,243,196,314,160,172,172,172,172,172,172,1,0,0,3,30,1
5.675000,63.09,40.168,24.110,477,400,60.000,59,59,18.000,39.000,55.000,240,198,316,160,173,173,173,173,173,173,1,0,0,3,30,1
5.680000,64.89,39.711,23.840,476,403,60.000,59,59,18.000,39.000,55.000,238,199,319,160,175,175,175,175,175,175,1,0,0,3,30,1
5.685000,66.69,39.215,23.510,474,406,60.000,59,59,18.000,39.000,55.000,234,201,322,160,176,176,176,176,176,176,1,0,0,3,30,1
5.690000,68.49,38.680,23.190,471,408,60.000,59,59,18.000,39.000,55.000,231,202,323,160,177,177,177,177,177,177,1,0,0,3,30,1
5.695000,70.29,38.110,22.860,468,411,60.000,59,59,18.000,39.000,55.000,228,203,326,160,179,179,179,179,179,179,1,0,0,3,30,1
5.700000,72.09,37.505,22.480,465,413,60.000,59,59,18.000,39.000,55.000,224,205,328,160,180,180,180,180,180,180,1,0,0,3,30,1
5.705000,73.89,36.870,22.100,461,415,60.000,59,59,18.000,39.000,55.000,220,206,329,160,181,181,181,181,181,181,1,0,0,3,30,1
5.710000,75.69,36.206,21.720,457,417,60.000,59,59,18.000,39.000,55.000,217,207,331,160,182,182,182,182,182,182,1,0,0,3,30,1
5.715000,77.49,35.516,21.280,452,418,60.000,59,59,18.000,39.000,55.000,212,207,332,160,182,182,182,182,182,182,1,0,0,3,30,1
5.720000,79.29,34.803,20.900,447,420,60.000,60,60,18.000,39.000,55.000,212,212,339,160,183,183,183,183,183,183,1,0,0,3,30,1
5.725000,81.09,34.069,20.410,441,421,60.000,60,60,18.000,39.000,55.000,207,213,340,160,183,183,183,183,183,183,1,0,0,3,30,1
5.730000,82.89,33.318,19.980,435,421,60.000,60,60,18.000,39.000,55.000,203,213,340,160,183,183,183,183,183,183,1,0,0,3,30,1
5.735000,84.69,32.552,19.540,429,422,60.000,60,60,18.000,39.000,55.000,198,213,341,160,184,184,184,184,184,184,1,0,0,3,30,1
5.740000,86.49,31.776,19.050,423,422,60.000,60,60,18.000,39.000,55.000,193,213,341,160,184,184,184,184,184,184,1,0,0,3,30,1
5.745000,88.29,30.991,18.560,416,422,60.000,60,60,18.000,39.000,55.000,188,213,341,160,184,184,184,184,184,184,1,0,0,3,30,1
5.750000,90.09,30.200,18.130,409,422,60.000,60,60,18.000,39.000,55.000,184,213,341,160,184,184,184,184,184,184,1,0,0,3,30,1
5.755000,91.89,29.408,17.640,402,421,60.000,60,60,18.000,39.000,55.000,179,213,340,160,183,183,183,183,183,183,1,0,0,3,30,1
5.760000,93.69,28.617,17.150,394,421,60.000,60,60,18.000,39.000,55.000,174,213,340,160,183,183,183,183,183,183,1,0,0,3,30,1
5.765000,95.49,27.830,16.720,386,420,60.000,59,59,18.000,39.000,55.000,167,208,334,160,183,183,183,183,183,183,1,0,0,3,30,1
5.770000,97.29,27.050,16.230,379,420,60.000,59,59,18.000,39.000,55.000,162,208,334,160,183,183,183,183,183,183,1,0,0,3,30,1
5.775000,99.09,26.281,15.740,371,419,60.000,59,59,18.000,39.000,55.000,157,208,333,160,183,183,183,183,183,183,1,0,0,3,30,1
5.780000,100.89,25.525,15.300,363,418,60.000,59,59,18.000,39.000,55.000,152,207,332,160,182,182,182,182,182,182,1,0,0,3,30,1
5.785000,102.69,24.785,14.870,355,417,60.000,59,59,18.000,39.000,55.000,148,207,331,160,182,182,182,182,182,182,1,0,0,3,30,1
5.790000,104.49,24.064,14.430,347,415,60.000,59,59,18.000,39.000,55.000,144,206,329,160,181,181,181,181,181,181,1,0,0,3,30,1
5.795000,106.29,23.365,14.000,339,414,60.000,59,59,18.000,39.000,55.000,139,205,329,160,180,180,180,180,180,180,1,0,0,3,30,1
5.800000,108.09,22.691,13.620,331,412,60.000,59,59,18.000,39.000,55.000,136,204,327,160,179,179,179,179,179,179,1,0,0,3,30,1
5.805000,109.89,22.044,13.230,323,411,60.000,59,59,18.000,39.000,55.000,132,203,326,160,179,179,179,179,179,179,1,0,0,3,30,1
5.810000,111.69,21.427,12.850,315,409,60.000,59,59,18.000,39.000,55.000,128,202,324,160,178,178,178,178,178,178,1,0,0,3,30,1
5.815000,113.49,20.842,12.530,308,407,60.000,59,59,18.000,39.000,55.000,125,201,323,160,177,177,177,177,177,177,1,0,0,3,30,1
5.820000,115.29,20.292,12.150,300,405,60.000,59,59,18.000,39.000,55.000,121,200,321,160,176,176,176,176,176,176,1,0,0,3,30,1
5.825000,117.09,19.777,11.870,293,403,60.000,59,59,18.000,39.000,55.000,118,199,319,160,175,175,175,175,175,175,1,0,0,3,30,1
5.830000,118.89,19.302,11.600,286,401,60.000,59,59,18.000,39.000,55.000,115,198,317,160,174,174,174,174,174,174,1,0,0,3,30,1
5.835000,120.69,18.866,11.330,280,398,60.000,59,59,18.000,39.000,55.000,113,196,315,160,173,173,173,173,173,173,1,0,0,3,30,1
5.840000,122.49,18.472,11.060,273,396,60.000,59,59,18.000,39.000,55.000,110,195,313,160,172,172,172,172,172,172,1,0,0,3,30,1
5.845000,124.29,18.121,10.900,267,394,60.000,60,60,18.000,39.000,55.000,110,198,316,160,171,171,171,171,171,171,1,0,0,3,30,1
5.850000,126.09,17.815,10.680,261,391,60.000,60,60,18.000,39.000,55.000,108,196,314,160,169,169,169,169,169,169,1,0,0,3,30,1
5.855000,127.89,17.554,10.510,256,389,60.000,60,60,18.000,39.000,55.000,106,195,312,160,168,168,168,168,168,168,1,0,0,3,30,1
5.860000,129.69,17.340,10.410,251,386,60.000,60,60,18.000,39.000,55.000,105,193,309,160,167,167,167,167,167,167,1,0,0,3,30,1
5.865000,131.49,17.172,10.300,246,383,60.000,60,60,18.000,39.000,55.000,104,191,307,160,165,165,165,165,165,165,1,0,0,3,30,1
5.870000,133.29,17.053,10.240,242,380,60.000,60,60,18.000,39.000,55.000,104,190,304,160,164,164,164,164,164,164,1,0,0,3,30,1
5.875000,135.09,16.981,10.190,238,378,60.000,60,60,18.000,39.000,55.000,103,189,302,160,163,163,163,163,163,163,1,0,0,3,30,1
5.880000,136.89,16.958,10.190,235,375,60.000,60,60,18.000,39.000,55.000,103,187,300,160,162,162,162,162,162,162,1,0,0,3,30,1
5.885000,138.69,16.983,10.190,232,372,60.000,60,60,18.000,39.000,55.000,103,185,297,160,160,160,160,160,160,160,1,0,0,3,30,1
5.890000,140.49,17.056,10.240,230,369,60.000,59,59,18.000,39.000,55.000,102,181,289,160,159,159,159,159,159,159,1,0,0,3,30,1
5.895000,142.29,17.176,10.300,228,367,60.000,59,59,18.000,39.000,55.000,102,180,288,160,158,158,158,158,158,158,1,0,0,3,30,1
5.900000,144.09,17.343,10.410,226,364,60.000,59,59,18.000,39.000,55.000,104,178,285,160,156,156,156,156,156,156,1,0,0,3,30,1
5.905000,145.89,17.556,10.510,225,361,60.000,59,59,18.000,39.000,55.000,105,176,282,160,155,155,155,155,155,155,1,0,0,3,30,1
5.910000,147.69,17.813,10.680,225,359,60.000,59,59,18.000,39.000,55.000,106,175,281,160,154,154,154,154,154,154,1,0,0,3,30,1
5.915000,149.49,18.115,10.900,224,356,60.000,59,59,18.000,39.000,55.000,108,174,278,160,152,152,152,152,152,152,1,0,0,3,30,1
5.920000,151.29,18.459,11.060,225,353,60.000,59,59,18.000,39.000,55.000,110,172,276,160,151,151,151,151,151,151,1,0,0,3,30,1
5.925000,153.09,18.844,11.280,226,351,60.000,59,59,18.000,39.000,55.000,112,171,274,160,150,150,150,150,150,150,1,0,0,3,30,1
5.930000,154.89,19.267,11.550,227,349,60.000,59,59,18.000,39.000,55.000,115,170,272,160,149,149,149,149,149,149,1,0,0,3,30,1
5.935000,156.69,19.729,11.820,229,346,60.000,59,59,18.000,39.000,55.000,118,168,269,160,148,148,148,148,148,148,1,0,0,3,30,1
5.940000,158.49,20.225,12.150,231,344,60.000,59,59,18.000,39.000,55.000,121,167,268,160,147,147,147,147,147,147,1,0,0,3,30,1
5.945000,160.29,20.754,12.470,234,342,60.000,59,59,18.000,39.000,55.000,124,166,266,160,146,146,146,146,146,146,1,0,0,3,30,1
5.950000,162.09,21.315,12.800,237,340,60.000,59,59,18.000,39.000,55.000,127,165,264,160,145,145,145,145,145,145,1,0,0,3,30,1
5.955000,163.89,21.904,13.130,241,338,60.000,59,59,18.000,39.000,55.000,131,164,262,160,144,144,144,144,144,144,1,0,0,3,30,1
5.960000,165.69,22.518,13.510,245,336,60.000,59,59,18.000,39.000,55.000,135,163,261,160,143,143,143,143,143,143,1,0,0,3,30,1
5.965000,167.49,23.156,13.890,249,334,60.000,59,59,18.000,39.000,55.000,138,162,259,160,142,142,142,142,142,142,1,0,0,3,30,1
5.970000,169.29,23.815,14.270,254,333,60.000,60,60,18.000,39.000,55.000,145,164,262,160,141,141,141,141,141,141,1,0,0,3,30,1
5.975000,171.09,24.491,14.700,259,331,60.000,60,60,18.000,39.000,55.000,149,163,261,160,140,140,140,140,140,140,1,0,0,3,30,1
5.980000,172.89,25.182,15.080,264,330,60.000,60,60,18.000,39.000,55.000,153,162,260,160,140,140,140,140,140,140,1,0,0,3,30,1
5.985000,174.69,25.885,15.520,270,329,60.000,60,60,18.000,39.000,55.000,157,162,259,160,140,140,140,140,140,140,1,0,0,3,30,1
5.990000,176.49,26.597,15.950,276,327,60.000,60,60,18.000,39.000,55.000,162,161,257,160,139,139,139,139,139,139,1,0,0,3,30,1
5.995000,178.29,27.315,16.390,282,327,60.000,60,60,18.000,39.000,55.000,166,161,257,160,139,139,139,139,139,139,1,0,0,3,30,1
6.000000,180.09,28.036,16.820,289,326,60.000,60,60,18.000,39.000,55.000,170,160,256,160,138,138,138,138,138,138,1,0,0,3,30,1
6.005000,181.89,28.757,17.260,296,325,60.000,60,60,18.000,39.000,55.000,175,159,255,160,138,138,138,138,138,138,1,0,0,3,30,1
6.010000,183.69,29.474,17.690,302,325,60.000,60,60,18.000,39.000,55.000,179,159,255,160,138,138,138,138,138,138,1,0,0,3,30,1
6.015000,185.49,30.186,18.130,309,324,60.000,59,59,18.000,39.000,55.000,181,156,250,160,137,137,137,137,137,137,1,0,0,3,30,1
6.020000,187.29,30.888,18.510,316,324,60.000,59,59,18.000,39.000,55.000,185,156,250,160,137,137,137,137,137,137,1,0,0,3,30,1
6.025000,189.09,31.577,18.950,324,324,60.000,59,59,18.000,39.000,55.000,189,156,250,160,137,137,137,137,137,137,1,0,0,3,30,1
6.030000,190.89,32.252,19.330,331,324,60.000,59,59,18.000,39.000,55.000,193,156,250,160,137,137,137,137,137,137,1,0,0,3,30,1
6.035000,192.69,32.909,19.760,338,325,60.000,59,59,18.000,39.000,55.000,197,157,251,160,138,138,138,138,138,138,1,0,0,3,30,1
6.040000,194.49,33.544,20.140,345,325,60.000,59,59,18.000,39.000,55.000,201,157,251,160,138,138,138,138,138,138,1,0,0,3,30,1
6.045000,196.29,34.156,20.470,352,326,60.000,59,59,18.000,39.000,55.000,204,157,252,160,138,138,138,138,138,138,1,0,0,3,30,1
6.050000,198.09,34.743,20.850,360,327,60.000,59,59,18.000,39.000,55.000,208,158,253,160,139,139,139,139,139,139,1,0,0,3,30,1
6.055000,199.89,35.300,21.180,367,329,60.000,59,59,18.000,39.000,55.000,211,159,255,160,140,140,140,140,140,140,1,0,0,3,30,1
6.060000,201.69,35.826,21.500,373,330,60.000,59,59,18.000,39.000,55.000,214,160,256,160,140,140,140,140,140,140,1,0,0,3,30,1
6.065000,203.49,36.319,21.770,380,332,60.000,59,59,18.000,39.000,55.000,217,161,257,160,141,141,141,141,141,141,1,0,0,3,30,1
6.070000,205.29,36.777,22.050,387,334,60.000,59,59,18.000,39.000,55.000,220,162,259,160,142,142,142,142,142,142,1,0,0,3,30,1
6.075000,207.09,37.197,22.320,393,337,60.000,59,59,18.000,39.000,55.000,223,163,262,160,143,143,143,143,143,143,1,0,0,3,30,1
6.080000,208.89,37.577,22.540,399,339,60.000,59,59,18.000,39.000,55.000,225,164,263,160,144,144,144,144,144,144,1,0,0,3,30,1
6.085000,210.69,37.917,22.750,405,342,60.000,59,59,18.000,39.000,55.000,227,166,266,160,146,146,146,146,146,146,1,0,0,3,30,1
6.090000,212.49,38.214,22.920,410,344,60.000,59,59,18.000,39.000,55.000,229,167,268,160,147,147,147,147,147,147,1,0,0,3,30,1
6.095000,214.29,38.468,23.080,415,347,60.000,60,60,18.000,39.000,55.000,234,172,275,160,148,148,148,148,148,148,1,0,0,3,30,1
6.100000,216.09,38.676,23.190,420,350,60.000,60,60,18.000,39.000,55.000,235,173,278,160,150,150,150,150,150,150,1,0,0,3,30,1
6.105000,217.89,38.838,23.300,424,353,60.000,60,60,18.000,39.000,55.000,236,175,280,160,151,151,151,151,151,151,1,0,0,3,30,1
6.110000,219.69,38.954,23.350,428,356,60.000,60,60,18.000,39.000,55.000,237,177,283,160,152,152,152,152,152,152,1,0,0,3,30,1
6.115000,221.49,39.022,23.410,432,359,60.000,60,60,18.000,39.000,55.000,237,178,286,160,154,154,154,154,154,154,1,0,0,3,30,1
6.120000,223.29,39.042,23.410,435,362,60.000,60,60,18.000,39.000,55.000,237,180,288,160,155,155,155,155,155,155,1,0,0,3,30,1
6.125000,225.09,39.014,23.410,438,365,60.000,60,60,18.000,39.000,55.000,237,182,291,160,157,157,157,157,157,157,1,0,0,3,30,1
6.130000,226.89,38.937,23.350,440,368,60.000,60,60,18.000,39.000,55.000,237,183,294,160,158,158,158,158,158,158,1,0,0,3,30,1
6.135000,228.69,38.813,23.300,442,371,60.000,60,60,18.000,39.000,55.000,236,185,296,160,160,160,160,160,160,160,1,0,0,3,30,1
6.140000,230.49,38.641,23.190,444,374,60.000,59,59,18.000,39.000,55.000,231,183,294,160,161,161,161,161,161,161,1,0,0,3,30,1
6.145000,232.29,38.422,23.030,444,377,60.000,59,59,18.000,39.000,55.000,230,185,296,160,162,162,162,162,162,162,1,0,0,3,30,1
6.150000,234.09,38.157,22.920,445,379,60.000,59,59,18.000,39.000,55.000,229,186,298,160,163,163,163,163,163,163,1,0,0,3,30,1
6.155000,235.89,37.846,22.700,445,382,60.000,59,59,18.000,39.000,55.000,226,188,301,160,165,165,165,165,165,165,1,0,0,3,30,1
6.160000,237.69,37.491,22.480,444,384,60.000,59,59,18.000,39.000,55.000,224,189,303,160,166,166,166,166,166,166,1,0,0,3,30,1
6.165000,239.49,37.092,22.260,443,387,60.000,59,59,18.000,39.000,55.000,222,190,305,160,167,167,167,167,167,167,1,0,0,3,30,1
6.170000,241.29,36.653,21.990,442,389,60.000,59,59,18.000,39.000,55.000,219,192,307,160,168,168,168,168,168,168,1,0,0,3,30,1
6.175000,243.09,36.173,21.720,440,391,60.000,59,59,18.000,39.000,55.000,217,193,309,160,169,169,169,169,169,169,1,0,0,3,30,1
6.180000,244.89,35.655,21.390,438,393,60.000,59,59,18.000,39.000,55.000,213,194,310,160,170,170,170,170,170,170,1,0,0,3,30,1
6.185000,246.69,35.101,21.070,435,395,60.000,59,59,18.000,39.000,55.000,210,195,312,160,171,171,171,171,171,171,1,0,0,3,30,1
6.190000,248.49,34.512,20.690,431,396,60.000,59,59,18.000,39.000,55.000,206,195,313,160,172,172,172,172,172,172,1,0,0,3,30,1
6.195000,250.29,33.892,20.310,428,398,60.000,59,59,18.000,39.000,55.000,202,196,315,160,173,173,173,173,173,173,1,0,0,3,30,1
6.200000,252.09,33.243,19.920,423,399,60.000,59,59,18.000,39.000,55.000,199,197,315,160,173,173,173,173,173,173,1,0,0,3,30,1
6.205000,253.89,32.566,19.540,419,400,60.000,59,59,18.000,39.000,55.000,195,198,316,160,173,173,173,173,173,173,1,0,0,3,30,1
6.210000,255.69,31.865,19.110,414,400,60.000,59,59,18.000,39.000,55.000,190,198,316,160,173,173,173,173,173,173,1,0,0,3,30,1
6.215000,257.49,31.142,18.670,408,401,60.000,59,59,18.000,39.000,55.000,186,198,317,160,174,174,174,174,174,174,1,0,0,3,30,1
6.220000,259.29,30.401,18.240,402,401,60.000,60,60,18.000,39.000,55.000,185,201,323,160,174,174,174,174,174,174,1,0,0,3,30,1
6.225000,261.09,29.643,17.800,396,401,60.000,60,60,18.000,39.000,55.000,180,201,323,160,174,174,174,174,174,174,1,0,0,3,30,1
6.230000,262.89,28.872,17.310,390,401,60.000,60,60,18.000,39.000,55.000,175,201,323,160,174,174,174,174,174,174,1,0,0,3,30,1
6.235000,264.69,28.092,16.820,383,400,60.000,60,60,18.000,39.000,55.000,170,201,322,160,173,173,173,173,173,173,1,0,0,3,30,1
6.240000,266.49,27.304,16.390,376,400,60.000,60,60,18.000,39.000,55.000,166,201,322,160,173,173,173,173,173,173,1,0,0,3,30,1
6.245000,268.29,26.513,15.900,369,400,60.000,60,60,18.000,39.000,55.000,161,201,322,160,173,173,173,173,173,173,1,0,0,3,30,1
6.250000,270.09,25.720,15.410,362,399,60.000,60,60,18.000,39.000,55.000,156,200,321,160,173,173,173,173,173,173,1,0,0,3,30,1
6.255000,271.89,24.931,14.970,354,398,60.000,60,60,18.000,39.000,55.000,152,200,320,160,173,173,173,173,173,173,1,0,0,3,30,1
6.260000,273.69,24.146,14.490,346,397,60.000,60,60,18.000,39.000,55.000,147,199,319,160,172,172,172,172,172,172,1,0,0,3,30,1
6.265000,275.49,23.370,14.000,339,396,60.000,59,59,18.000,39.000,55.000,139,195,313,160,172,172,172,172,172,172,1,0,0,3,30,1
6.270000,277.29,22.606,13.560,331,395,60.000,59,59,18.000,39.000,55.000,135,195,312,160,171,171,171,171,171,171,1,0,0,3,30,1
6.275000,279.09,21.857,13.130,323,394,60.000,59,59,18.000,39.000,55.000,131,194,311,160,171,171,171,171,171,171,1,0,0,3,30,1
6.280000,280.89,21.125,12.690,315,392,60.000,59,59,18.000,39.000,55.000,126,193,309,160,170,170,170,170,170,170,1,0,0,3,30,1
6.285000,282.69,20.414,12.260,307,391,60.000,59,59,18.000,39.000,55.000,122,193,309,160,169,169,169,169,169,169,1,0,0,3,30,1
6.290000,284.49,19.726,11.820,299,389,60.000,59,59,18.000,39.000,55.000,118,192,307,160,168,168,168,168,168,168,1,0,0,3,30,1
6.295000,286.29,19.065,11.440,291,387,60.000,59,59,18.000,39.000,55.000,114,190,305,160,167,167,167,167,167,167,1,0,0,3,30,1
6.300000,288.09,18.433,11.060,283,385,60.000,59,59,18.000,39.000,55.000,110,189,303,160,166,166,166,166,166,166,1,0,0,3,30,1
6.305000,289.89,17.832,10.680,275,383,60.000,59,59,18.000,39.000,55.000,106,188,302,160,165,165,165,165,165,165,1,0,0,3,30,1
6.310000,291.69,17.264,10.350,268,381,60.000,59,59,18.000,39.000,55.000,103,187,300,160,164,164,164,164,164,164,1,0,0,3,30,1
6.315000,293.49,16.734,10.030,260,379,60.000,59,59,18.000,39.000,55.000,100,186,298,160,163,163,163,163,163,163,1,0,0,3,30,1
6.320000,295.29,16.241,9.750,253,376,60.000,59,59,18.000,39.000,55.000,97,185,296,160,162,162,162,162,162,162,1,0,0,3,30,1
6.325000,297.09,15.789,9.480,247,374,60.000,59,59,18.000,39.000,55.000,94,183,294,160,161,161,161,161,161,161,1,0,0,3,30,1
6.330000,298.89,15.379,9.210,240,371,60.000,59,59,18.000,39.000,55.000,92,182,291,160,160,160,160,160,160,160,1,0,0,3,30,1
6.335000,300.69,15.013,8.990,234,369,60.000,59,59,18.000,39.000,55.000,89,181,289,160,159,159,159,159,159,159,1,0,0,3,30,1
6.340000,302.49,14.693,8.830,228,366,60.000,59,59,18.000,39.000,55.000,88,179,287,160,157,157,157,157,157,157,1,0,0,3,30,1
6.345000,304.29,14.420,8.670,222,363,60.000,60,60,18.000,39.000,55.000,88,180,289,160,156,156,156,156,156,156,1,0,0,3,30,1
6.350000,306.09,14.194,8.500,217,360,60.000,60,60,18.000,39.000,55.000,86,179,286,160,154,154,154,154,154,154,1,0,0,3,30,1
6.355000,307.89,14.018,8.390,212,357,60.000,60,60,18.000,39.000,55.000,85,177,284,160,153,153,153,153,153,153,1,0,0,3,30,1
6.360000,309.69,13.892,8.340,208,355,60.000,60,60,18.000,39.000,55.000,84,176,282,160,152,152,152,152,152,152,1,0,0,3,30,1
6.365000,311.49,13.817,8.280,204,352,60.000,60,60,18.000,39.000,55.000,84,174,279,160,151,151,151,151,151,151,1,0,0,3,30,1
6.370000,313.29,13.792,8.280,201,349,60.000,60,60,18.000,39.000,55.000,84,173,277,160,149,149,149,149,149,149,1,0,0,3,30,1
6.375000,315.09,13.819,8.280,198,346,60.000,60,60,18.000,39.000,55.000,84,171,274,160,148,148,148,148,148,148,1,0,0,3,30,1
6.380000,316.89,13.897,8.340,195,343,60.000,60,60,18.000,39.000,55.000,84,169,271,160,146,146,146,146,146,146,1,0,0,3,30,1
6.385000,318.69,14.026,8.390,193,340,60.000,60,60,18.000,39.000,55.000,85,168,269,160,145,145,145,145,145,145,1,0,0,3,30,1
6.390000,320.49,14.206,8.500,192,337,60.000,59,59,18.000,39.000,55.000,84,163,262,160,143,143,143,143,143,143,1,0,0,3,30,1
6.395000,322.29,14.436,8.670,191,334,60.000,59,59,18.000,39.000,55.000,86,162,259,160,142,142,142,142,142,142,1,0,0,3,30,1
6.400000,324.09,14.715,8.830,190,332,60.000,59,59,18.000,39.000,55.000,88,161,257,160,141,141,141,141,141,141,1,0,0,3,30,1
6.405000,325.89,15.043,9.050,190,329,60.000,59,59,18.000,39.000,55.000,90,159,255,160,140,140,140,140,140,140,1,0,0,3,30,1
6.410000,327.69,15.419,9.260,190,326,60.000,59,59,18.000,39.000,55.000,92,157,252,160,138,138,138,138,138,138,1,0,0,3,30,1
6.415000,329.49,15.840,9.480,191,323,60.000,59,59,18.000,39.000,55.000,94,156,249,160,137,137,137,137,137,137,1,0,0,3,30,1
6.420000,331.29,16.307,9.750,193,321,60.000,59,59,18.000,39.000,55.000,97,155,248,160,136,136,136,136,136,136,1,0,0,3,30,1
6.425000,333.09,16.816,10.080,195,318,60.000,59,59,18.000,39.000,55.000,100,153,245,160,134,134,134,134,134,134,1,0,0,3,30,1
6.430000,334.89,17.366,10.410,198,316,60.000,59,59,18.000,39.000,55.000,104,152,243,160,133,133,133,133,133,133,1,0,0,3,30,1
6.435000,336.69,17.956,10.790,201,314,60.000,59,59,18.000,39.000,55.000,107,151,242,160,132,132,132,132,132,132,1,0,0,3,30,1
6.440000,338.49,18.582,11.170,204,312,60.000,59,59,18.000,39.000,55.000,111,150,240,160,131,131,131,131,131,131,1,0,0,3,30,1
6.445000,340.29,19.244,11.550,208,309,60.000,59,59,18.000,39.000,55.000,115,148,237,160,130,130,130,130,130,130,1,0,0,3,30,1
6.450000,342.09,19.937,11.980,213,308,60.000,59,59,18.000,39.000,55.000,119,148,236,160,130,130,130,130,130,130,1,0,0,3,30,1
6.455000,343.89,20.660,12.360,218,306,60.000,59,59,18.000,39.000,55.000,123,146,235,160,129,129,129,129,129,129,1,0,0,3,30,1
6.460000,345.69,21.411,12.850,223,304,60.000,59,59,18.000,39.000,55.000,128,145,233,160,128,128,128,128,128,128,1,0,0,3,30,1
6.465000,347.49,22.186,13.290,229,303,60.000,59,59,18.000,39.000,55.000,132,145,232,160,127,127,127,127,127,127,1,0,0,3,30,1
6.470000,349.29,22.982,13.780,235,301,60.000,60,60,18.000,39.000,55.000,140,146,234,160,126,126,126,126,126,126,1,0,0,3,30,1
6.475000,351.09,23.797,14.270,241,300,60.000,60,60,18.000,39.000,55.000,145,146,233,160,126,126,126,126,126,126,1,0,0,3,30,1
6.480000,352.89,24.628,14.760,248,299,60.000,60,60,18.000,39.000,55.000,150,145,232,160,125,125,125,125,125,125,1,0,0,3,30,1
6.485000,354.69,25.471,15.300,255,298,60.000,60,60,18.000,39.000,55.000,155,145,232,160,125,125,125,125,125,125,1,0,0,3,30,1
6.490000,356.49,26.323,15.790,263,297,60.000,60,60,18.000,39.000,55.000,160,144,231,160,124,124,124,124,124,124,1,0,0,3,30,1
6.495000,358.29,27.182,16.280,271,297,60.000,60,60,18.000,39.000,55.000,165,144,231,160,124,124,124,124,124,124,1,0,0,3,30,1
6.500000,0.09,28.043,16.820,279,296,60.000,60,60,18.000,39.000,55.000,170,143,230,160,124,124,124,124,124,124,1,0,0,3,30,1
6.505000,1.89,28.905,17.310,287,296,60.000,60,60,18.000,39.000,55.000,175,143,230,160,124,124,124,124,124,124,1,0,0,3,30,1
6.510000,3.69,29.763,17.860,295,296,60.000,60,60,18.000,39.000,55.000,181,143,230,160,124,124,124,124,124,124,1,0,0,3,30,1
6.515000,5.49,30.614,18.350,304,296,60.000,59,59,18.000,39.000,55.000,183,141,226,160,124,124,124,124,124,124,1,0,0,3,30,1
6.520000,7.29,31.456,18.890,312,297,60.000,59,59,18.000,39.000,55.000,188,142,227,160,124,124,124,124,124,124,1,0,0,3,30,1
6.525000,9.09,32.285,19.380,321,297,60.000,59,59,18.000,39.000,55.000,193,142,227,160,124,124,124,124,124,124,1,0,0,3,30,1
6.530000,10.89,33.098,19.870,330,299,60.000,59,59,18.000,39.000,55.000,198,143,228,160,125,125,125,125,125,125,1,0,0,3,30,1
6.535000,12.69,33.893,20.310,338,300,60.000,59,59,18.000,39.000,55.000,202,143,229,160,126,126,126,126,126,126,1,0,0,3,30,1
6.540000,14.49,34.665,20.790,347,302,60.000,59,59,18.000,39.000,55.000,207,144,231,160,127,127,127,127,127,127,1,0,0,3,30,1
6.545000,16.29,35.413,21.230,356,304,60.000,59,59,18.000,39.000,55.000,212,145,233,160,128,128,128,128,128,128,1,0,0,3,30,1
6.550000,18.09,36.134,21.670,364,306,60.000,59,59,18.000,39.000,55.000,216,146,235,160,129,129,129,129,129,129,1,0,0,3,30,1
6.555000,19.89,36.824,22.100,373,309,60.000,59,59,18.000,39.000,55.000,220,148,237,160,130,130,130,130,130,130,1,0,0,3,30,1
6.560000,21.69,37.482,22.480,381,311,60.000,59,59,18.000,39.000,55.000,224,149,239,160,131,131,131,131,131,131,1,0,0,3,30,1
6.565000,23.49,38.105,22.860,389,314,60.000,59,59,18.000,39.000,55.000,228,151,242,160,132,132,132,132,132,132,1,0,0,3,30,1
6.570000,25.29,38.691,23.190,397,317,60.000,59,59,18.000,39.000,55.000,231,152,244,160,134,134,134,134,134,134,1,0,0,3,30,1
6.575000,27.09,39.237,23.510,405,321,60.000,59,59,18.000,39.000,55.000,234,155,248,160,136,136,136,136,136,136,1,0,0,3,30,1
6.580000,28.89,39.742,23.840,413,324,60.000,59,59,18.000,39.000,55.000,238,156,250,160,137,137,137,137,137,137,1,0,0,3,30,1
6.585000,30.69,40.204,24.110,420,328,60.000,59,59,18.000,39.000,55.000,240,158,254,160,139,139,139,139,139,139,1,0,0,3,30,1
6.590000,32.49,40.621,24.380,427,332,60.000,59,59,18.000,39.000,55.000,243,161,257,160,141,141,141,141,141,141,1,0,0,3,30,1
6.595000,34.29,40.992,24.600,433,336,60.000,60,60,18.000,39.000,55.000,250,165,265,160,143,143,143,143,143,143,1,0,0,3,30,1
6.600000,36.09,41.315,24.770,439,340,60.000,60,60,18.000,39.000,55.000,251,168,269,160,145,145,145,145,145,145,1,0,0,3,30,1
6.605000,37.89,41.590,24.930,445,344,60.000,60,60,18.000,39.000,55.000,253,170,272,160,147,147,147,147,147,147,1,0,0,3,30,1
6.610000,39.69,41.815,25.090,451,348,60.000,60,60,18.000,39.000,55.000,255,172,276,160,149,149,149,149,149,149,1,0,0,3,30,1
6.615000,41.49,41.990,25.200,456,353,60.000,60,60,18.000,39.000,55.000,256,175,280,160,151,151,151,151,151,151,1,0,0,3,30,1
6.620000,43.29,42.114,25.260,460,357,60.000,60,60,18.000,39.000,55.000,256,177,284,160,153,153,153,153,153,153,1,0,0,3,30,1
6.625000,45.09,42.186,25.310,464,361,60.000,60,60,18.000,39.000,55.000,257,179,287,160,155,155,155,155,155,155,1,0,0,3,30,1
6.630000,46.89,42.208,25.310,468,365,60.000,60,60,18.000,39.000,55.000,257,182,291,160,157,157,157,157,157,157,1,0,0,3,30,1
6.635000,48.69,42.178,25.310,471,370,60.000,60,60,18.000,39.000,55.000,257,184,295,160,159,159,159,159,159,159,1,0,0,3,30,1
6.640000,50.49,42.098,25.260,473,374,60.000,59,59,18.000,39.000,55.000,252,183,294,160,161,161,161,161,161,161,1,0,0,3,30,1
6.645000,52.29,41.966,25.150,475,378,60.000,59,59,18.000,39.000,55.000,251,186,297,160,163,163,163,163,163,163,1,0,0,3,30,1
6.650000,54.09,41.785,25.040,477,382,60.000,59,59,18.000,39.000,55.000,250,188,301,160,165,165,165,165,165,165,1,0,0,3,30,1
6.655000,55.89,41.555,24.930,478,386,60.000,59,59,18.000,39.000,55.000,249,190,304,160,167,167,167,167,167,167,1,0,0,3,30,1
6.660000,57.69,41.277,24.770,479,389,60.000,59,59,18.000,39.000,55.000,247,192,307,160,168,168,168,168,168,168,1,0,0,3,30,1
6.665000,59.49,40.952,24.550,479,393,60.000,59,59,18.000,39.000,55.000,245,194,310,160,170,170,170,170,170,170,1,0,0,3,30,1
6.670000,61.29,40.582,24.330,478,397,60.000,59,59,18.000,39.000,55.000,243,196,314,160,172,172,172,172,172,172,1,0,0,3,30,1
6.675000,63.09,40.168,24.110,477,400,60.000,59,59,18.000,39.000,55.000,240,198,316,160,173,173,173,173,173,173,1,0,0,3,30,1
6.680000,64.89,39.711,23.840,476,403,60.000,59,59,18.000,39.000,55.000,238,199,319,160,175,175,175,175,175,175,1,0,0,3,30,1
6.685000,66.69,39.215,23.510,474,406,60.000,59,59,18.000,39.000,55.000,234,201,322,160,176,176,176,176,176,176,1,0,0,3,30,1
6.690000,68.49,38.680,23.190,471,408,60.000,59,59,18.000,39.000,55.000,231,202,323,160,177,177,177,177,177,177,1,0,0,3,30,1
6.695000,70.29,38.110,22.860,468,411,60.000,59,59,18.000,39.000,55.000,228,203,326,160,179,179,179,179,179,179,1,0,0,3,30,1
6.700000,72.09,37.505,22.480,465,413,60.000,59,59,18.000,39.000,55.000,224,205,328,160,180,180,180,180,180,180,1,0,0,3,30,1
6.705000,73.89,36.870,22.100,461,415,60.000,59,59,18.000,39.000,55.000,220,206,329,160,181,181,181,181,181,181,1,0,0,3,30,1
6.710000,75.69,36.206,21.720,457,417,60.000,59,59,18.000,39.000,55.000,217,207,331,160,182,182,182,182,182,182,1,0,0,3,30,1
6.715000,77.49,35.516,21.280,452,418,60.000,59,59,18.000,39.000,55.000,212,207,332,160,182,182,182,182,182,182,1,0,0,3,30,1
6.720000,79.29,34.803,20.900,447,420,60.000,60,60,18.000,39.000,55.000,212,212,339,160,183,183,183,183,183,183,1,0,0,3,30,1
6.725000,81.09,34.069,20.410,441,421,60.000,60,60,18.000,39.000,55.000,207,213,340,160,183,183,183,183,183,183,1,0,0,3,30,1
6.730000,82.89,33.318,19.980,435,421,60.000,60,60,18.000,39.000,55.000,203,213,340,160,183,183,183,183,183,183,1,0,0,3,30,1
6.735000,84.69,32.552,19.540,429,422,60.000,60,60,18.000,39.000,55.000,198,213,341,160,184,184,184,184,184,184,1,0,0,3,30,1
6.740000,86.49,31.776,19.050,423,422,60.000,60,60,18.000,39.000,55.000,193,213,341,160,184,184,184,184,184,184,1,0,0,3,30,1
6.745000,88.29,30.991,18.560,416,422,60.000,60,60,18.000,39.000,55.000,188,213,341,160,184,184,184,184,184,184,1,0,0,3,30,1
6.750000,90.09,30.200,18.130,409,422,60.000,60,60,18.000,39.000,55.000,184,213,341,160,184,184,184,184,184,184,1,0,0,3,30,1
6.755000,91.89,29.408,17.640,402,421,60.000,60,60,18.000,39.000,55.000,179,213,340,160,183,183,183,183,183,183,1,0,0,3,30,1
6.760000,93.69,28.617,17.150,394,421,60.000,60,60,18.000,39.000,55.000,174,213,340,160,183,183,183,183,183,183,1,0,0,3,30,1
6.765000,95.49,27.830,16.720,386,420,60.000,59,59,18.000,39.000,55.000,167,208,334,160,183,183,183,183,183,183,1,0,0,3,30,1
6.770000,97.29,27.050,16.230,379,420,60.000,59,59,18.000,39.000,55.000,162,208,334,160,183,183,183,183,183,183,1,0,0,3,30,1
6.775000,99.09,26.281,15.740,371,419,60.000,59,59,18.000,39.000,55.000,157,208,333,160,183,183,183,183,183,183,1,0,0,3,30,1
6.780000,100.89,25.525,15.300,363,418,60.000,59,59,18.000,39.000,55.000,152,207,332,160,182,182,182,182,182,182,1,0,0,3,30,1
6.785000,102.69,24.785,14.870,355,417,60.000,59,59,18.000,39.000,55.000,148,207,331,160,182,182,182,182,182,182,1,0,0,3,30,1
6.790000,104.49,24.064,14.430,347,415,60.000,59,59,18.000,39.000,55.000,144,206,329,160,181,181,181,181,181,181,1,0,0,3,30,1
6.795000,106.29,23.365,14.000,339,414,60.000,59,59,18.000,39.000,55.000,139,205,329,160,180,180,180,180,180,180,1,0,0,3,30,1
6.800000,108.09,22.691,13.620,331,412,60.000,59,59,18.000,39.000,55.000,136,204,327,160,179,179,179,179,179,179,1,0,0,3,30,1
6.805000,109.89,22.044,13.230,323,411,60.000,59,59,18.000,39.000,55.000,132,203,326,160,179,179,179,179,179,179,1,0,0,3,30,1
6.810000,111.69,21.427,12.850,315,409,60.000,59,59,18.000,39.000,55.000,128,202,324,160,178,178,178,178,178,178,1,0,0,3,30,1
6.815000,113.49,20.842,12.530,308,407,60.000,59,59,18.000,39.000,55.000,125,201,323,160,177,177,177,177,177,177,1,0,0,3,30,1
6.820000,115.29,20.292,12.150,300,405,60.000,59,59,18.000,39.000,55.000,121,200,321,160,176,176,176,176,176,176,1,0,0,3,30,1
6.825000,117.09,19.777,11.870,293,403,60.000,59,59,18.000,39.000,55.000,118,199,319,160,175,175,175,175,175,175,1,0,0,3,30,1
6.830000,118.89,19.302,11.600,286,401,60.000,59,59,18.000,39.000,55.000,115,198,317,160,174,174,174,174,174,174,1,0,0,3,30,1
6.835000,120.69,18.866,11.330,280,398,60.000,59,59,18.000,39.000,55.000,113,196,315,160,173,173,173,173,173,173,1,0,0,3,30,1
6.840000,122.49,18.472,11.060,273,396,60.000,59,59,18.000,39.000,55.000,110,195,313,160,172,172,172,172,172,172,1,0,0,3,30,1
6.845000,124.29,18.121,10.900,267,394,60.000,60,60,18.000,39.000,55.000,110,198,316,160,171,171,171,171,171,171,1,0,0,3,30,1
6.850000,126.09,17.815,10.680,261,391,60.000,60,60,18.000,39.000,55.000,108,196,314,160,169,169,169,169,169,169,1,0,0,3,30,1
6.855000,127.89,17.554,10.510,256,389,60.000,60,60,18.000,39.000,55.000,106,195,312,160,168,168,168,168,168,168,1,0,0,3,30,1
6.860000,129.69,17.340,10.410,251,386,60.000,60,60,18.000,39.000,55.000,105,193,309,160,167,167,167,167,167,167,1,0,0,3,30,1
6.865000,131.49,17.172,10.300,246,383,60.000,60,60,18.000,39.000,55.000,104,191,307,160,165,165,165,165,165,165,1,0,0,3,30,1
6.870000,133.29,17.053,10.240,242,380,60.000,60,60,18.000,39.000,55.000,104,190,304,160,164,164,164,164,164,164,1,0,0,3,30,1
6.875000,135.09,16.981,10.190,238,378,60.000,60,60,18.000,39.000,55.000,103,189,302,160,163,163,163,163,163,163,1,0,0,3,30,1
6.880000,136.89,16.958,10.190,235,375,60.000,60,60,18.000,39.000,55.000,103,187,300,160,162,162,162,162,162,162,1,0,0,3,30,1
6.885000,138.69,16.983,10.190,232,372,60.000,60,60,18.000,39.000,55.000,103,185,297,160,160,160,160,160,160,160,1,0,0,3,30,1
6.890000,140.49,17.056,10.240,230,369,60.000,59,59,18.000,39.000,55.000,102,181,289,160,159,159,159,159,159,159,1,0,0,3,30,1
6.895000,142.29,17.176,10.300,228,367,60.000,59,59,18.000,39.000,55.000,102,180,288,160,158,158,158,158,158,158,1,0,0,3,30,1
6.900000,144.09,17.343,10.410,226,364,60.000,59,59,18.000,39.000,55.000,104,178,285,160,156,156,156,156,156,156,1,0,0,3,30,1
6.905000,145.89,17.556,10.510,225,361,60.000,59,59,18.000,39.000,55.000,105,176,282,160,155,155,155,155,155,155,1,0,0,3,30,1
6.910000,147.69,17.813,10.680,225,359,60.000,59,59,18.000,39.000,55.000,106,175,281,160,154,154,154,154,154,154,1,0,0,3,30,1
6.915000,149.49,18.115,10.900,224,356,60.000,59,59,18.000,39.000,55.000,108,174,278,160,152,152,152,152,152,152,1,0,0,3,30,1
6.920000,151.29,18.459,11.060,225,353,60.000,59,59,18.000,39.000,55.000,110,172,276,160,151,151,151,151,151,151,1,0,0,3,30,1
6.925000,153.09,18.844,11.280,226,351,60.000,59,59,18.000,39.000,55.000,112,171,274,160,150,150,150,150,150,150,1,0,0,3,30,1
6.930000,154.89,19.267,11.550,227,349,60.000,59,59,18.000,39.000,55.000,115,170,272,160,149,149,149,149,149,149,1,0,0,3,30,1
6.935000,156.69,19.729,11.820,229,346,60.000,59,59,18.000,39.000,55.000,118,168,269,160,148,148,148,148,148,148,1,0,0,3,30,1
6.940000,158.49,20.225,12.150,231,344,60.000,59,59,18.000,39.000,55.000,121,167,268,160,147,147,147,147,147,147,1,0,0,3,30,1
6.945000,160.29,20.754,12.470,234,342,60.000,59,59,18.000,39.000,55.000,124,166,266,160,146,146,146,146,146,146,1,0,0,3,30,1
6.950000,162.09,21.315,12.800,237,340,60.000,59,59,18.000,39.000,55.000,127,165,264,160,145,145,145,145,145,145,1,0,0,3,30,1
6.955000,163.89,21.904,13.130,241,338,60.000,59,59,18.000,39.000,55.000,131,164,262,160,144,144,144,144,144,144,1,0,0,3,30,1
6.960000,165.69,22.518,13.510,245,336,60.000,59,59,18.000,39.000,55.000,135,163,261,160,143,143,143,143,143,143,1,0,0,3,30,1
6.965000,167.49,23.156,13.890,249,334,60.000,59,59,18.000,39.000,55.000,138,162,259,160,142,142,142,142,142,142,1,0,0,3,30,1
6.970000,169.29,23.815,14.270,254,333,60.000,60,60,18.000,39.000,55.000,145,164,262,160,141,141,141,141,141,141,1,0,0,3,30,1
6.975000,171.09,24.491,14.700,259,331,60.000,60,60,18.000,39.000,55.000,149,163,261,160,140,140,140,140,140,140,1,0,0,3,30,1
6.980000,172.89,25.182,15.080,264,330,60.000,60,60,18.000,39.000,55.000,153,162,260,160,140,140,140,140,140,140,1,0,0,3,30,1
6.985000,174.69,25.885,15.520,270,329,60.000,60,60,18.000,39.000,55.000,157,162,259,160,140,140,140,140,140,140,1,0,0,3,30,1
6.990000,176.49,26.597,15.950,276,327,60.000,60,60,18.000,39.000,55.000,162,161,257,160,139,139,139,139,139,139,1,0,0,3,30,1
6.995000,178.29,27.315,16.390,282,327,60.000,60,60,18.000,39.000,55.000,166,161,257,160,139,139,139,139,139,139,1,0,0,3,30,1
7.000000,180.09,28.036,16.820,289,326,60.000,60,60,18.000,39.000,55.000,170,160,256,160,138,138,138,138,138,138,1,0,0,3,30,1
7.005000,181.89,28.757,17.260,296,325,60.000,60,60,18.000,39.000,55.000,175,159,255,160,138,138,138,138,138,138,1,0,0,3,30,1
7.010000,183.69,29.474,17.690,302,325,60.000,60,60,18.000,39.000,55.000,179,159,255,160,138,138,138,138,138,138,1,0,0,3,30,1
7.015000,185.49,30.186,18.130,309,324,60.000,59,59,18.000,39.000,55.000,181,156,250,160,137,137,137,137,137,137,1,0,0,3,30,1
7.020000,187.29,30.888,18.510,316,324,60.000,59,59,18.000,39.000,55.000,185,156,250,160,137,137,137,137,137,137,1,0,0,3,30,1
7.025000,189.09,31.577,18.950,324,324,60.000,59,59,18.000,39.000,55.000,189,156,250,160,137,137,137,137,137,137,1,0,0,3,30,1
7.030000,190.89,32.252,19.330,331,324,60.000,59,59,18.000,39.000,55.000,193,156,250,160,137,137,137,137,137,137,1,0,0,3,30,1
7.035000,192.69,32.909,19.760,338,325,60.000,59,59,18.000,39.000,55.000,197,157,251,160,138,138,138,138,138,138,1,0,0,3,30,1
7.040000,194.49,33.544,20.140,345,325,60.000,59,59,18.000,39.000,55.000,201,157,251,160,138,138,138,138,138,138,1,0,0,3,30,1
7.045000,196.29,34.156,20.470,352,326,60.000,59,59,18.000,39.000,55.000,204,157,252,160,138,138,138,138,138,138,1,0,0,3,30,1
7.050000,198.09,34.743,20.850,360,327,60.000,59,59,18.000,39.000,55.000,208,158,253,160,139,139,139,139,139,139,1,0,0,3,30,1
7.055000,199.89,35.300,21.180,367,329,60.000,59,59,18.000,39.000,55.000,211,159,255,160,140,140,140,140,140,140,1,0,0,3,30,1
7.060000,201.69,35.826,21.500,373,330,60.000,59,59,18.000,39.000,55.000,214,160,256,160,140,140,140,140,140,140,1,0,0,3,30,1
7.065000,203.49,36.319,21.770,380,332,60.000,59,59,18.000,39.000,55.000,217,161,257,160,141,141,141,141,141,141,1,0,0,3,30,1
7.070000,205.29,36.777,22.050,387,334,60.000,59,59,18.000,39.000,55.000,220,162,259,160,142,142,142,142,142,142,1,0,0,3,30,1
7.075000,207.09,37.197,22.320,393,337,60.000,59,59,18.000,39.000,55.000,223,163,262,160,143,143,143,143,143,143,1,0,0,3,30,1
7.080000,208.89,37.577,22.540,399,339,60.000,59,59,18.000,39.000,55.000,225,164,263,160,144,144,144,144,144,144,1,0,0,3,30,1
7.085000,210.69,37.917,22.750,405,342,60.000,59,59,18.000,39.000,55.000,227,166,266,160,146,146,146,146,146,146,1,0,0,3,30,1
7.090000,212.49,38.214,22.920,410,344,60.000,59,59,18.000,39.000,55.000,229,167,268,160,147,147,147,147,147,147,1,0,0,3,30,1
7.095000,214.29,38.468,23.080,415,347,60.000,60,60,18.000,39.000,55.000,234,172,275,160,148,148,148,148,148,148,1,0,0,3,30,1
7.100000,216.09,38.676,23.190,420,350,60.000,60,60,18.000,39.000,55.000,235,173,278,160,150,150,150,150,150,150,1,0,0,3,30,1
7.105000,217.89,38.838,23.300,424,353,60.000,60,60,18.000,39.000,55.000,236,175,280,160,151,151,151,151,151,151,1,0,0,3,30,1
7.110000,219.69,38.954,23.350,428,356,60.000,60,60,18.000,39.000,55.000,237,177,283,160,152,152,152,152,152,152,1,0,0,3,30,1
7.115000,221.49,39.022,23.410,432,359,60.000,60,60,18.000,39.000,55.000,237,178,286,160,154,154,154,154,154,154,1,0,0,3,30,1
7.120000,223.29,39.042,23.410,435,362,60.000,60,60,18.000,39.000,55.000,237,180,288,160,155,155,155,155,155,155,1,0,0,3,30,1
7.125000,225.09,39.014,23.410,438,365,60.000,60,60,18.000,39.000,55.000,237,182,291,160,157,157,157,157,157,157,1,0,0,3,30,1
7.130000,226.89,38.937,23.350,440,368,60.000,60,60,18.000,39.000,55.000,237,183,294,160,158,158,158,158,158,158,1,0,0,3,30,1
7.135000,228.69,38.813,23.300,442,371,60.000,60,60,18.000,39.000,55.000,236,185,296,160,160,160,160,160,160,160,1,0,0,3,30,1
7.140000,230.49,38.641,23.190,444,374,60.000,59,59,18.000,39.000,55.000,231,183,294,160,161,161,161,161,161,161,1,0,0,3,30,1
7.145000,232.29,38.422,23.030,444,377,60.000,59,59,18.000,39.000,55.000,230,185,296,160,162,162,162,162,162,162,1,0,0,3,30,1
7.150000,234.09,38.157,22.920,445,379,60.000,59,59,18.000,39.000,55.000,229,186,298,160,163,163,163,163,163,163,1,0,0,3,30,1
7.155000,235.89,37.846,22.700,445,382,60.000,59,59,18.000,39.000,55.000,226,188,301,160,165,165,165,165,165,165,1,0,0,3,30,1
7.160000,237.69,37.491,22.480,444,384,60.000,59,59,18.000,39.000,55.000,224,189,303,160,166,166,166,166,166,166,1,0,0,3,30,1
7.165000,239.49,37.092,22.260,443,387,60.000,59,59,18.000,39.000,55.000,222,190,305,160,167,167,167,167,167,167,1,0,0,3,30,1
7.170000,241.29,36.653,21.990,442,389,60.000,59,59,18.000,39.000,55.000,219,192,307,160,168,168,168,168,168,168,1,0,0,3,30,1
7.175000,243.09,36.173,21.720,440,391,60.000,59,59,18.000,39.000,55.000,217,193,309,160,169,169,169,169,169,169,1,0,0,3,30,1
7.180000,244.89,35.655,21.390,438,393,60.000,59,59,18.000,39.000,55.000,213,194,310,160,170,170,170,170,170,170,1,0,0,3,30,1
7.185000,246.69,35.101,21.070,435,395,60.000,59,59,18.000,39.000,55.000,210,195,312,160,171,171,171,171,171,171,1,0,0,3,30,1
7.190000,248.49,34.512,20.690,431,396,60.000,59,59,18.000,39.000,55.000,206,195,313,160,172,172,172,172,172,172,1,0,0,3,30,1
7.195000,250.29,33.892,20.310,428,398,60.000,59,59,18.000,39.000,55.000,202,196,315,160,173,173,173,173,173,173,1,0,0,3,30,1
7.200000,252.09,33.243,19.920,423,399,60.000,59,59,18.000,39.000,55.000,199,197,315,160,173,173,173,173,173,173,1,0,0,3,30,1
7.205000,253.89,32.566,19.540,419,400,60.000,59,59,18.000,39.000,55.000,195,198,316,160,173,173,173,173,173,173,1,0,0,3,30,1
7.210000,255.69,31.865,19.110,414,400,60.000,59,59,18.000,39.000,55.000,190,198,316,160,173,173,173,173,173,173,1,0,0,3,30,1
7.215000,257.49,31.142,18.670,408,401,60.000,59,59,18.000,39.000,55.000,186,198,317,160,174,174,174,174,174,174,1,0,0,3,30,1
7.220000,259.29,30.401,18.240,402,401,60.000,60,60,18.000,39.000,55.000,185,201,323,160,174,174,174,174,174,174,1,0,0,3,30,1
7.225000,261.09,29.643,17.800,396,401,60.000,60,60,18.000,39.000,55.000,180,201,323,160,174,174,174,174,174,174,1,0,0,3,30,1
7.230000,262.89,28.872,17.310,390,401,60.000,60,60,18.000,39.000,55.000,175,201,323,160,174,174,174,174,174,174,1,0,0,3,30,1
7.235000,264.69,28.092,16.820,383,400,60.000,60,60,18.000,39.000,55.000,170,201,322,160,173,173,173,173,173,173,1,0,0,3,30,1
7.240000,266.49,27.304,16.390,376,400,60.000,60,60,18.000,39.000,55.000,166,201,322,160,173,173,173,173,173,173,1,0,0,3,30,1
7.245000,268.29,26.513,15.900,369,400,60.000,60,60,18.000,39.000,55.000,161,201,322,160,173,173,173,173,173,173,1,0,0,3,30,1
7.250000,270.09,25.720,15.410,362,399,60.000,60,60,18.000,39.000,55.000,156,200,321,160,173,173,173,173,173,173,1,0,0,3,30,1
7.255000,271.89,24.931,14.970,354,398,60.000,60,60,18.000,39.000,55.000,152,200,320,160,173,173,173,173,173,173,1,0,0,3,30,1
7.260000,273.69,24.146,14.490,346,397,60.000,60,60,18.000,39.000,55.000,147,199,319,160,172,172,172,172,172,172,1,0,0,3,30,1
7.265000,275.49,23.370,14.000,339,396,60.000,59,59,18.000,39.000,55.000,139,195,313,160,172,172,172,172,172,172,1,0,0,3,30,1
7.270000,277.29,22.606,13.560,331,395,60.000,59,59,18.000,39.000,55.000,135,195,312,160,171,171,171,171,171,171,1,0,0,3,30,1
7.275000,279.09,21.857,13.130,323,394,60.000,59,59,18.000,39.000,55.000,131,194,311,160,171,171,171,171,171,171,1,0,0,3,30,1
7.280000,280.89,21.125,12.690,315,392,60.000,59,59,18.000,39.000,55.000,126,193,309,160,170,170,170,170,170,170,1,0,0,3,30,1
7.285000,282.69,20.414,12.260,307,391,60.000,59,59,18.000,39.000,55.000,122,193,309,160,169,169,169,169,169,169,1,0,0,3,30,1
7.290000,284.49,19.726,11.820,299,389,60.000,59,59,18.000,39.000,55.000,118,192,307,160,168,168,168,168,168,168,1,0,0,3,30,1
7.295000,286.29,19.065,11.440,291,387,60.000,59,59,18.000,39.000,55.000,114,190,305,160,167,167,167,167,167,167,1,0,0,3,30,1
7.300000,288.09,18.433,11.060,283,385,60.000,59,59,18.000,39.000,55.000,110,189,303,160,166,166,166,166,166,166,1,0,0,3,30,1
7.305000,289.89,17.832,10.680,275,383,60.000,59,59,18.000,39.000,55.000,106,188,302,160,165,165,165,165,165,165,1,0,0,3,30,1
7.310000,291.69,17.264,10.350,268,381,60.000,59,59,18.000,39.000,55.000,103,187,300,160,164,164,164,164,164,164,1,0,0,3,30,1
7.315000,293.49,16.734,10.030,260,379,60.000,59,59,18.000,39.000,55.000,100,186,298,160,163,163,163,163,163,163,1,0,0,3,30,1
7.320000,295.29,16.241,9.750,253,376,60.000,59,59,18.000,39.000,55.000,97,185,296,160,162,162,162,162,162,162,1,0,0,3,30,1
7.325000,297.09,15.789,9.480,247,374,60.000,59,59,18.000,39.000,55.000,94,183,294,160,161,161,161,161,161,161,1,0,0,3,30,1
7.330000,298.89,15.379,9.210,240,371,60.000,59,59,18.000,39.000,55.000,92,182,291,160,160,160,160,160,160,160,1,0,0,3,30,1
7.335000,300.69,15.013,8.990,234,369,60.000,59,59,18.000,39.000,55.000,89,181,289,160,159,159,159,159,159,159,1,0,0,3,30,1
7.340000,302.49,14.693,8.830,228,366,60.000,59,59,18.000,39.000,55.000,88,179,287,160,157,157,157,157,157,157,1,0,0,3,30,1
7.345000,304.29,14.420,8.670,222,363,60.000,60,60,18.000,39.000,55.000,88,180,289,160,156,156,156,156,156,156,1,0,0,3,30,1
7.350000,306.09,14.194,8.500,217,360,60.000,60,60,18.000,39.000,55.000,86,179,286,160,154,154,154,154,154,154,1,0,0,3,30,1
7.355000,307.89,14.018,8.390,212,357,60.000,60,60,18.000,39.000,55.000,85,177,284,160,153,153,153,153,153,153,1,0,0,3,30,1
7.360000,309.69,13.892,8.340,208,355,60.000,60,60,18.000,39.000,55.000,84,176,282,160,152,152,152,152,152,152,1,0,0,3,30,1
7.365000,311.49,13.817,8.280,204,352,60.000,60,60,18.000,39.000,55.000,84,174,279,160,151,151,151,151,151,151,1,0,0,3,30,1
7.370000,313.29,13.792,8.280,201,349,60.000,60,60,18.000,39.000,55.000,84,173,277,160,149,149,149,149,149,149,1,0,0,3,30,1
7.375000,315.09,13.819,8.280,198,346,60.000,60,60,18.000,39.000,55.000,84,171,274,160,148,148,148,148,148,148,1,0,0,3,30,1
7.380000,316.89,13.897,8.340,195,343,60.000,60,60,18.000,39.000,55.000,84,169,271,160,146,146,146,146,146,146,1,0,0,3,30,1
7.385000,318.69,14.026,8.390,193,340,60.000,60,60,18.000,39.000,55.000,85,168,269,160,145,145,145,145,145,145,1,0,0,3,30,1
7.390000,320.49,14.206,8.500,192,337,60.000,59,59,18.000,39.000,55.000,84,163,262,160,143,143,143,143,143,143,1,0,0,3,30,1
7.395000,322.29,14.436,8.670,191,334,60.000,59,59,18.000,39.000,55.000,86,162,259,160,142,142,142,142,142,142,1,0,0,3,30,1
7.400000,324.09,14.715,8.830,190,332,60.000,59,59,18.000,39.000,55.000,88,161,257,160,141,141,141,141,141,141,1,0,0,3,30,1
7.405000,325.89,15.043,9.050,190,329,60.000,59,59,18.000,39.000,55.000,90,159,255,160,140,140,140,140,140,140,1,0,0,3,30,1
7.410000,327.69,15.419,9.260,190,326,60.000,59,59,18.000,39.000,55.000,92,157,252,160,138,138,138,138,138,138,1,0,0,3,30,1
7.415000,329.49,15.840,9.480,191,323,60.000,59,59,18.000,39.000,55.000,94,156,249,160,137,137,137,137,137,137,1,0,0,3,30,1
7.420000,331.29,16.307,9.750,193,321,60.000,59,59,18.000,39.000,55.000,97,155,248,160,136,136,136,136,136,136,1,0,0,3,30,1
7.425000,333.09,16.816,10.080,195,318,60.000,59,59,18.000,39.000,55.000,100,153,245,160,134,134,134,134,134,134,1,0,0,3,30,1
7.430000,334.89,17.366,10.410,198,316,60.000,59,59,18.000,39.000,55.000,104,152,243,160,133,133,133,133,133,133,1,0,0,3,30,1
7.435000,336.69,17.956,10.790,201,314,60.000,59,59,18.000,39.000,55.000,107,151,242,160,132,132,132,132,132,132,1,0,0,3,30,1
7.440000,338.49,18.582,11.170,204,312,60.000,59,59,18.000,39.000,55.000,111,150,240,160,131,131,131,131,131,131,1,0,0,3,30,1
7.445000,340.29,19.244,11.550,208,309,60.000,59,59,18.000,39.000,55.000,115,148,237,160,130,130,130,130,130,130,1,0,0,3,30,1
7.450000,342.09,19.937,11.980,213,308,60.000,59,59,18.000,39.000,55.000,119,148,236,160,130,130,130,130,130,130,1,0,0,3,30,1
7.455000,343.89,20.660,12.360,218,306,60.000,59,59,18.000,39.000,55.000,123,146,235,160,129,129,129,129,129,129,1,0,0,3,30,1
7.460000,345.69,21.411,12.850,223,304,60.000,59,59,18.000,39.000,55.000,128,145,233,160,128,128,128,128,128,128,1,0,0,3,30,1
7.465000,347.49,22.186,13.290,229,303,60.000,59,59,18.000,39.000,55.000,132,145,232,160,127,127,127,127,127,127,1,0,0,3,30,1
7.470000,349.29,22.982,13.780,235,301,60.000,60,60,18.000,39.000,55.000,140,146,234,160,126,126,126,126,126,126,1,0,0,3,30,1
7.475000,351.09,23.797,14.270,241,300,60.000,60,60,18.000,39.000,55.000,145,146,233,160,126,126,126,126,126,126,1,0,0,3,30,1
7.480000,352.89,24.628,14.760,248,299,60.000,60,60,18.000,39.000,55.000,150,145,232,160,125,125,125,125,125,125,1,0,0,3,30,1
7.485000,354.69,25.471,15.300,255,298,60.000,60,60,18.000,39.000,55.000,155,145,232,160,125,125,125,125,125,125,1,0,0,3,30,1
7.490000,356.49,26.323,15.790,263,297,60.000,60,60,18.000,39.000,55.000,160,144,231,160,124,124,124,124,124,124,1,0,0,3,30,1
7.495000,358.29,27.182,16.280,271,297,60.000,60,60,18.000,39.000,55.000,165,144,231,160,124,124,124,124,124,124,1,0,0,3,30,1
7.500000,0.09,28.043,16.820,279,296,60.000,60,60,18.000,39.000,55.000,170,143,230,160,124,124,124,124,124,124,1,0,0,3,30,1
7.505000,1.89,28.905,17.310,287,296,60.000,60,60,18.000,39.000,55.000,175,143,230,160,124,124,124,124,124,124,1,0,0,3,30,1
7.510000,3.69,29.763,17.860,295,296,60.000,60,60,18.000,39.000,55.000,181,143,230,160,124,124,124,124,124,124,1,0,0,3,30,1
7.515000,5.49,30.614,18.350,304,296,60.000,59,59,18.000,39.000,55.000,183,141,226,160,124,124,124,124,124,124,1,0,0,3,30,1
7.520000,7.29,31.456,18.890,312,297,60.000,59,59,18.000,39.000,55.000,188,142,227,160,124,124,124,124,124,124,1,0,0,3,30,1
7.525000,9.09,32.285,19.380,321,297,60.000,59,59,18.000,39.000,55.000,193,142,227,160,124,124,124,124,124,124,1,0,0,3,30,1
7.530000,10.89,33.098,19.870,330,299,60.000,59,59,18.000,39.000,55.000,198,143,228,160,125,125,125,125,125,125,1,0,0,3,30,1
7.535000,12.69,33.893,20.310,338,300,60.000,59,59,18.000,39.000,55.000,202,143,229,160,126,126,126,126,126,126,1,0,0,3,30,1
7.540000,14.49,34.665,20.790,347,302,60.000,59,59,18.000,39.000,55.000,207,144,231,160,127,127,127,127,127,127,1,0,0,3,30,1
7.545000,16.29,35.413,21.230,356,304,60.000,59,59,18.000,39.000,55.000,212,145,233,160,128,128,128,128,128,128,1,0,0,3,30,1
7.550000,18.09,36.134,21.670,364,306,60.000,59,59,18.000,39.000,55.000,216,146,235,160,129,129,129,129,129,129,1,0,0,3,30,1
7.555000,19.89,36.824,22.100,373,309,60.000,59,59,18.000,39.000,55.000,220,148,237,160,130,130,130,130,130,130,1,0,0,3,30,1
7.560000,21.69,37.482,22.480,381,311,60.000,59,59,18.000,39.000,55.000,224,149,239,160,131,131,131,131,131,131,1,0,0,3,30,1
7.565000,23.49,38.105,22.860,389,314,60.000,59,59,18.000,39.000,55.000,228,151,242,160,132,132,132,132,132,132,1,0,0,3,30,1
7.570000,25.29,38.691,23.190,397,317,60.000,59,59,18.000,39.000,55.000,231,152,244,160,134,134,134,134,134,134,1,0,0,3,30,1
7.575000,27.09,39.237,23.510,405,321,60.000,59,59,18.000,39.000,55.000,234,155,248,160,136,136,136,136,136,136,1,0,0,3,30,1
7.580000,28.89,39.742,23.840,413,324,60.000,59,59,18.000,39.000,55.000,238,156,250,160,137,137,137,137,137,137,1,0,0,3,30,1
7.585000,30.69,40.204,24.110,420,328,60.000,59,59,18.000,39.000,55.000,240,158,254,160,139,139,139,139,139,139,1,0,0,3,30,1
7.590000,32.49,40.621,24.380,427,332,60.000,59,59,18.000,39.000,55.000,243,161,257,160,141,141,141,141,141,141,1,0,0,3,30,1
7.595000,34.29,40.992,24.600,433,336,60.000,60,60,18.000,39.000,55.000,250,165,265,160,143,143,143,143,143,143,1,0,0,3,30,1
7.600000,36.09,41.315,24.770,439,340,60.000,60,60,18.000,39.000,55.000,251,168,269,160,145,145,145,145,145,145,1,0,0,3,30,1
7.605000,37.89,41.590,24.930,445,344,60.000,60,60,18.000,39.000,55.000,253,170,272,160,147,147,147,147,147,147,1,0,0,3,30,1
7.610000,39.69,41.815,25.090,451,348,60.000,60,60,18.000,39.000,55.000,255,172,276,160,149,149,149,149,149,149,1,0,0,3,30,1
7.615000,41.49,41.990,25.200,456,353,60.000,60,60,18.000,39.000,55.000,256,175,280,160,151,151,151,151,151,151,1,0,0,3,30,1
7.620000,43.29,42.114,25.260,460,357,60.000,60,60,18.000,39.000,55.000,256,177,284,160,153,153,153,153,153,153,1,0,0,3,30,1
7.625000,45.09,42.186,25.310,464,361,60.000,60,60,18.000,39.000,55.000,257,179,287,160,155,155,155,155,155,155,1,0,0,3,30,1
7.630000,46.89,42.208,25.310,468,365,60.000,60,60,18.000,39.000,55.000,257,182,291,160,157,157,157,157,157,157,1,0,0,3,30,1
7.635000,48.69,42.178,25.310,471,370,60.000,60,60,18.000,39.000,55.000,257,184,295,160,159,159,159,159,159,159,1,0,0,3,30,1
7.640000,50.49,42.098,25.260,473,374,60.000,59,59,18.000,39.000,55.000,252,183,294,160,161,161,161,161,161,161,1,0,0,3,30,1
7.645000,52.29,41.966,25.150,475,378,60.000,59,59,18.000,39.000,55.000,251,186,297,160,163,163,163,163,163,163,1,0,0,3,30,1
7.650000,54.09,41.785,25.040,477,382,60.000,59,59,18.000,39.000,55.000,250,188,301,160,165,165,165,165,165,165,1,0,0,3,30,1
7.655000,55.89,41.555,24.930,478,386,60.000,59,59,18.000,39.000,55.000,249,190,304,160,167,167,167,167,167,167,1,0,0,3,30,1
7.660000,57.69,41.277,24.770,479,389,60.000,59,59,18.000,39.000,55.000,247,192,307,160,168,168,168,168,168,168,1,0,0,3,30,1
7.665000,59.49,40.952,24.550,479,393,60.000,59,59,18.000,39.000,55.000,245,194,310,160,170,170,170,170,170,170,1,0,0,3,30,1
7.670000,61.29,40.582,24.330,478,397,60.000,59,59,18.000,39.000,55.000,243,196,314,160,172,172,172,172,172,172,1,0,0,3,30,1
7.675000,63.09,40.168,24.110,477,400,60.000,59,59,18.000,39.000,55.000,240,198,316,160,173,173,173,173,173,173,1,0,0,3,30,1
7.680000,64.89,39.711,23.840,476,403,60.000,59,59,18.000,39.000,55.000,238,199,319,160,175,175,175,175,175,175,1,0,0,3,30,1
7.685000,66.69,39.215,23.510,474,406,60.000,59,59,18.000,39.000,55.000,234,201,322,160,176,176,176,176,176,176,1,0,0,3,30,1
7.690000,68.49,38.680,23.190,471,408,60.000,59,59,18.000,39.000,55.000,231,202,323,160,177,177,177,177,177,177,1,0,0,3,30,1
7.695000,70.29,38.110,22.860,468,411,60.000,59,59,18.000,39.000,55.000,228,203,326,160,179,179,179,179,179,179,1,0,0,3,30,1
7.700000,72.09,37.505,22.480,465,413,60.000,59,59,18.000,39.000,55.000,224,205,328,160,180,180,180,180,180,180,1,0,0,3,30,1
7.705000,73.89,36.870,22.100,461,415,60.000,59,59,18.000,39.000,55.000,220,206,329,160,181,181,181,181,181,181,1,0,0,3,30,1
7.710000,75.69,36.206,21.720,457,417,60.000,59,59,18.000,39.000,55.000,217,207,331,160,182,182,182,182,182,182,1,0,0,3,30,1
7.715000,77.49,35.516,21.280,452,418,60.000,59,59,18.000,39.000,55.000,212,207,332,160,182,182,182,182,182,182,1,0,0,3,30,1
7.720000,79.29,34.803,20.900,447,420,60.000,60,60,18.000,39.000,55.000,212,212,339,160,183,183,183,183,183,183,1,0,0,3,30,1
7.725000,81.09,34.069,20.410,441,421,60.000,60,60,18.000,39.000,55.000,207,213,340,160,183,183,183,183,183,183,1,0,0,3,30,1
7.730000,82.89,33.318,19.980,435,421,60.000,60,60,18.000,39.000,55.000,203,213,340,160,183,183,183,183,183,183,1,0,0,3,30,1
7.735000,84.69,32.552,19.540,429,422,60.000,60,60,18.000,39.000,55.000,198,213,341,160,184,184,184,184,184,184,1,0,0,3,30,1
7.740000,86.49,31.776,19.050,423,422,60.000,60,60,18.000,39.000,55.000,193,213,341,160,184,184,184,184,184,184,1,0,0,3,30,1
7.745000,88.29,30.991,18.560,416,422,60.000,60,60,18.000,39.000,55.000,188,213,341,160,184,184,184,184,184,184,1,0,0,3,30,1
7.750000,90.09,30.200,18.130,409,422,60.000,60,60,18.000,39.000,55.000,184,213,341,160,184,184,184,184,184,184,1,0,0,3,30,1
7.755000,91.89,29.408,17.640,402,421,60.000,60,60,18.000,39.000,55.000,179,213,340,160,183,183,183,183,183,183,1,0,0,3,30,1
7.760000,93.69,28.617,17.150,394,421,60.000,60,60,18.000,39.000,55.000,174,213,340,160,183,183,183,183,183,183,1,0,0,3,30,1
7.765000,95.49,27.830,16.720,386,420,60.000,59,59,18.000,39.000,55.000,167,208,334,160,183,183,183,183,183,183,1,0,0,3,30,1
7.770000,97.29,27.050,16.230,379,420,60.000,59,59,18.000,39.000,55.000,162,208,334,160,183,183,183,183,183,183,1,0,0,3,30,1
7.775000,99.09,26.281,15.740,371,419,60.000,59,59,18.000,39.000,55.000,157,208,333,160,183,183,183,183,183,183,1,0,0,3,30,1
7.780000,100.89,25.525,15.300,363,418,60.000,59,59,18.000,39.000,55.000,152,207,332,160,182,182,182,182,182,182,1,0,0,3,30,1
7.785000,102.69,24.785,14.870,355,417,60.000,59,59,18.000,39.000,55.000,148,207,331,160,182,182,182,182,182,182,1,0,0,3,30,1
7.790000,104.49,24.064,14.430,347,415,60.000,59,59,18.000,39.000,55.000,144,206,329,160,181,181,181,181,181,181,1,0,0,3,30,1
7.795000,106.29,23.365,14.000,339,414,60.000,59,59,18.000,39.000,55.000,139,205,329,160,180,180,180,180,180,180,1,0,0,3,30,1
7.800000,108.09,22.691,13.620,331,412,60.000,59,59,18.000,39.000,55.000,136,204,327,160,179,179,179,179,179,179,1,0,0,3,30,1
7.805000,109.89,22.044,13.230,323,411,60.000,59,59,18.000,39.000,55.000,132,203,326,160,179,179,179,179,179,179,1,0,0,3,30,1
7.810000,111.69,21.427,12.850,315,409,60.000,59,59,18.000,39.000,55.000,128,202,324,160,178,178,178,178,178,178,1,0,0,3,30,1
7.815000,113.49,20.842,12.530,308,407,60.000,59,59,18.000,39.000,55.000,125,201,323,160,177,177,177,177,177,177,1,0,0,3,30,1
7.820000,115.29,20.292,12.150,300,405,60.000,59,59,18.000,39.000,55.000,121,200,321,160,176,176,176,176,176,176,1,0,0,3,30,1
7.825000,117.09,19.777,11.870,293,403,60.000,59,59,18.000,39.000,55.000,118,199,319,160,175,175,175,175,175,175,1,0,0,3,30,1
7.830000,118.89,19.302,11.600,286,401,60.000,59,59,18.000,39.000,55.000,115,198,317,160,174,174,174,174,174,174,1,0,0,3,30,1
7.835000,120.69,18.866,11.330,280,398,60.000,59,59,18.000,39.000,55.000,113,196,315,160,173,173,173,173,173,173,1,0,0,3,30,1
7.840000,122.49,18.472,11.060,273,396,60.000,59,59,18.000,39.000,55.000,110,195,313,160,172,172,172,172,172,172,1,0,0,3,30,1
7.845000,124.29,18.121,10.900,267,394,60.000,60,60,18.000,39.000,55.000,110,198,316,160,171,171,171,171,171,171,1,0,0,3,30,1
7.850000,126.09,17.815,10.680,261,391,60.000,60,60,18.000,39.000,55.000,108,196,314,160,169,169,169,169,169,169,1,0,0,3,30,1
7.855000,127.89,17.554,10.510,256,389,60.000,60,60,18.000,39.000,55.000,106,195,312,160,168,168,168,168,168,168,1,0,0,3,30,1
7.860000,129.69,17.340,10.410,251,386,60.000,60,60,18.000,39.000,55.000,105,193,309,160,167,167,167,167,167,167,1,0,0,3,30,1
7.865000,131.49,17.172,10.300,246,383,60.000,60,60,18.000,39.000,55.000,104,191,307,160,165,165,165,165,165,165,1,0,0,3,30,1
7.870000,133.29,17.053,10.240,242,380,60.000,60,60,18.000,39.000,55.000,104,190,304,160,164,164,164,164,164,164,1,0,0,3,30,1
7.875000,135.09,16.981,10.190,238,378,60.000,60,60,18.000,39.000,55.000,103,189,302,160,163,163,163,163,163,163,1,0,0,3,30,1
7.880000,136.89,16.958,10.190,235,375,60.000,60,60,18.000,39.000,55.000,103,187,300,160,162,162,162,162,162,162,1,0,0,3,30,1
7.885000,138.69,16.983,10.190,232,372,60.000,60,60,18.000,39.000,55.000,103,185,297,160,160,160,160,160,160,160,1,0,0,3,30,1
7.890000,140.49,17.056,10.240,230,369,60.000,59,59,18.000,39.000,55.000,102,181,289,160,159,159,159,159,159,159,1,0,0,3,30,1
7.895000,142.29,17.176,10.300,228,367,60.000,59,59,18.000,39.000,55.000,102,180,288,160,158,158,158,158,158,158,1,0,0,3,30,1
7.900000,144.09,17.343,10.410,226,364,60.000,59,59,18.000,39.000,55.000,104,178,285,160,156,156,156,156,156,156,1,0,0,3,30,1
7.905000,145.89,17.556,10.510,225,361,60.000,59,59,18.000,39.000,55.000,105,176,282,160,155,155,155,155,155,155,1,0,0,3,30,1
7.910000,147.69,17.813,10.680,225,359,60.000,59,59,18.000,39.000,55.000,106,175,281,160,154,154,154,154,154,154,1,0,0,3,30,1
7.915000,149.49,18.115,10.900,224,356,60.000,59,59,18.000,39.000,55.000,108,174,278,160,152,152,152,152,152,152,1,0,0,3,30,1
7.920000,151.29,18.459,11.060,225,353,60.000,59,59,18.000,39.000,55.000,110,172,276,160,151,151,151,151,151,151,1,0,0,3,30,1
7.925000,153.09,18.844,11.280,226,351,60.000,59,59,18.000,39.000,55.000,112,171,274,160,150,150,150,150,150,150,1,0,0,3,30,1
7.930000,154.89,19.267,11.550,227,349,60.000,59,59,18.000,39.000,55.000,115,170,272,160,149,149,149,149,149,149,1,0,0,3,30,1
7.935000,156.69,19.729,11.820,229,346,60.000,59,59,18.000,39.000,55.000,118,168,269,160,148,148,148,148,148,148,1,0,0,3,30,1
7.940000,158.49,20.225,12.150,231,344,60.000,59,59,18.000,39.000,55.000,121,167,268,160,147,147,147,147,147,147,1,0,0,3,30,1
7.945000,160.29,20.754,12.470,234,342,60.000,59,59,18.000,39.000,55.000,124,166,266,160,146,146,146,146,146,146,1,0,0,3,30,1
7.950000,162.09,21.315,12.800,237,340,60.000,59,59,18.000,39.000,55.000,127,165,264,160,145,145,145,145,145,145,1,0,0,3,30,1
7.955000,163.89,21.904,13.130,241,338,60.000,59,59,18.000,39.000,55.000,131,164,262,160,144,144,144,144,144,144,1,0,0,3,30,1
7.960000,165.69,22.518,13.510,245,336,60.000,59,59,18.000,39.000,55.000,135,163,261,160,143,143,143,143,143,143,1,0,0,3,30,1
7.965000,167.49,23.156,13.890,249,334,60.000,59,59,18.000,39.000,55.000,138,162,259,160,142,142,142,142,142,142,1,0,0,3,30,1
7.970000,169.29,23.815,14.270,254,333,60.000,60,60,18.000,39.000,55.000,145,164,262,160,141,141,141,141,141,141,1,0,0,3,30,1
7.975000,171.09,24.491,14.700,259,331,60.000,60,60,18.000,39.000,55.000,149,163,261,160,140,140,140,140,140,140,1,0,0,3,30,1
7.980000,172.89,25.182,15.080,264,330,60.000,60,60,18.000,39.000,55.000,153,162,260,160,140,140,140,140,140,140,1,0,0,3,30,1
7.985000,174.69,25.885,15.520,270,329,60.000,60,60,18.000,39.000,55.000,157,162,259,160,140,140,140,140,140,140,1,0,0,3,30,1
7.990000,176.49,26.597,15.950,276,327,60.000,60,60,18.000,39.000,55.000,162,161,257,160,139,139,139,139,139,139,1,0,0,3,30,1
7.995000,178.29,27.315,16.390,282,327,60.000,60,60,18.000,39.000,55.000,166,161,257,160,139,139,139,139,139,139,1,0,0,3,30,1
8.000000,180.00,0.000,0.000,286,326,0.000,60,60,18.000,39.000,55.000,0,160,256,160,138,138,138,138,138,138,1,0,0,3,30,0
8.005000,180.00,0.000,0.000,248,325,0.000,60,60,18.000,39.000,55.000,0,159,255,160,138,138,138,138,138,138,1,0,0,3,30,0
8.010000,180.00,0.000,0.000,215,323,0.000,60,60,18.000,39.000,55.000,0,158,254,160,137,137,137,137,137,137,1,0,0,3,30,0
8.015000,180.00,0.000,0.000,186,320,0.000,60,60,18.000,39.000,55.000,0,157,251,160,135,135,135,135,135,135,1,0,0,3,30,0
8.020000,180.00,0.000,0.000,162,318,0.000,60,60,18.000,39.000,55.000,0,156,249,160,134,134,134,134,134,134,1,0,0,3,30,0
8.025000,180.00,0.000,0.000,140,314,0.000,60,60,18.000,39.000,55.000,0,153,246,160,132,132,132,132,132,132,1,0,0,3,30,0
8.030000,180.00,0.000,0.000,121,311,0.000,60,60,18.000,39.000,55.000,0,152,243,160,131,131,131,131,131,131,1,0,0,3,30,0
8.035000,180.00,0.000,0.000,105,307,0.000,60,60,18.000,39.000,55.000,0,150,240,160,129,129,129,129,129,129,1,0,0,3,30,0
8.040000,180.00,0.000,0.000,91,303,0.000,60,60,18.000,39.000,55.000,0,147,236,160,127,127,127,127,127,127,1,0,0,3,30,0
8.045000,180.00,0.000,0.000,79,298,0.000,60,60,18.000,39.000,55.000,0,145,232,160,125,125,125,125,125,125,1,0,0,3,30,0
8.050000,180.00,0.000,0.000,69,294,0.000,60,60,18.000,39.000,55.000,0,142,228,160,123,123,123,123,123,123,1,0,0,3,30,0
8.055000,180.00,0.000,0.000,59,289,0.000,60,60,18.000,39.000,55.000,0,140,224,160,120,120,120,120,120,120,1,0,0,3,30,0
8.060000,180.00,0.000,0.000,52,285,0.000,60,60,18.000,39.000,55.000,0,137,220,160,119,119,119,119,119,119,1,0,0,3,30,0
8.065000,180.00,0.000,0.000,45,280,0.000,60,60,18.000,39.000,55.000,0,135,216,160,116,116,116,116,116,116,1,0,0,3,30,0
8.070000,180.00,0.000,0.000,39,275,0.000,60,60,18.000,39.000,55.000,0,132,211,160,114,114,114,114,114,114,1,0,0,3,30,0
8.075000,180.00,0.000,0.000,34,271,0.000,60,60,18.000,39.000,55.000,0,130,208,160,112,112,112,112,112,112,1,0,0,3,30,0
8.080000,180.00,0.000,0.000,29,266,0.000,60,60,18.000,39.000,55.000,0,127,203,160,109,109,109,109,109,109,1,0,0,3,30,0
8.085000,180.00,0.000,0.000,25,261,0.000,60,60,18.000,39.000,55.000,0,124,199,160,107,107,107,107,107,107,1,0,0,3,30,0
8.090000,180.00,0.000,0.000,22,257,0.000,60,60,18.000,39.000,55.000,0,122,195,160,105,105,105,105,105,105,1,0,0,3,30,0
8.095000,180.00,0.000,0.000,19,252,0.000,60,60,18.000,39.000,55.000,0,119,191,160,103,103,103,103,103,103,1,0,0,3,30,0
8.100000,180.00,0.000,0.000,17,247,0.000,60,60,18.000,39.000,55.000,0,116,186,160,100,100,100,100,100,100,1,0,0,3,30,0
8.105000,180.00,0.000,0.000,14,243,0.000,60,60,18.000,39.000,55.000,0,114,183,160,99,99,99,99,99,99,1,0,0,3,30,0
8.110000,180.00,0.000,0.000,12,238,0.000,60,60,18.000,39.000,55.000,0,111,178,160,96,96,96,96,96,96,1,0,0,3,30,0
8.115000,180.00,0.000,0.000,11,234,0.000,60,60,18.000,39.000,55.000,0,109,175,160,94,94,94,94,94,94,1,0,0,3,30,0
8.120000,180.00,0.000,0.000,9,230,0.000,60,60,18.000,39.000,55.000,0,107,171,160,92,92,92,92,92,92,1,0,0,3,30,0
8.125000,180.00,0.000,0.000,8,225,0.000,60,60,18.000,39.000,55.000,0,104,167,160,90,90,90,90,90,90,1,0,0,3,30,0
8.130000,180.00,0.000,0.000,7,221,0.000,60,60,18.000,39.000,55.000,0,102,163,160,88,88,88,88,88,88,1,0,0,3,30,0
8.135000,180.00,0.000,0.000,6,217,0.000,60,60,18.000,39.000,55.000,0,100,160,160,86,86,86,86,86,86,1,0,0,3,30,0
8.140000,180.00,0.000,0.000,5,213,0.000,60,60,18.000,39.000,55.000,0,97,156,160,84,84,84,84,84,84,1,0,0,3,30,0
8.145000,180.00,0.000,0.000,5,209,0.000,60,60,18.000,39.000,55.000,0,95,153,160,82,82,82,82,82,82,1,0,0,3,30,0
8.150000,180.00,0.000,0.000,4,205,0.000,60,60,18.000,39.000,55.000,0,93,149,160,80,80,80,80,80,80,1,0,0,3,30,0
8.155000,180.00,0.000,0.000,4,201,0.000,60,60,18.000,39.000,55.000,0,91,146,160,78,78,78,78,78,78,1,0,0,3,30,0
8.160000,180.00,0.000,0.000,3,197,0.000,60,60,18.000,39.000,55.000,0,89,142,160,76,76,76,76,76,76,1,0,0,3,30,0
8.165000,180.00,0.000,0.000,3,193,0.000,60,60,18.000,39.000,55.000,0,87,139,160,75,75,75,75,75,75,1,0,0,3,30,0
8.170000,180.00,0.000,0.000,2,189,0.000,60,60,18.000,39.000,55.000,0,84,135,160,73,73,73,73,73,73,1,0,0,3,30,0
8.175000,180.00,0.000,0.000,2,186,0.000,60,60,18.000,39.000,55.000,0,83,133,160,71,71,71,71,71,71,1,0,0,3,30,0
8.180000,180.00,0.000,0.000,2,182,0.000,60,60,18.000,39.000,55.000,0,80,129,160,69,69,69,69,69,69,1,0,0,3,30,0
8.185000,180.00,0.000,0.000,2,178,0.000,60,60,18.000,39.000,55.000,0,78,125,160,67,67,67,67,67,67,1,0,0,3,30,0
8.190000,180.00,0.000,0.000,2,175,0.000,60,60,18.000,39.000,55.000,0,77,123,160,66,66,66,66,66,66,1,0,0,3,30,0
8.195000,180.00,0.000,0.000,1,172,0.000,60,60,18.000,39.000,55.000,0,75,120,160,65,65,65,65,65,65,1,0,0,3,30,0
8.200000,180.00,0.000,0.000,1,168,0.000,0,0,18.000,39.000,55.000,0,0,0,0,0,0,0,0,0,0,2,144,0,3,70,0
8.205000,180.00,0.000,0.000,1,165,0.000,0,0,18.000,39.000,55.000,0,0,0,0,0,0,0,0,0,0,2,144,0,3,70,0
8.210000,180.00,0.000,0.000,1,162,0.000,0,0,18.000,39.000,55.000,0,0,0,0,0,0,0,0,0,0,2,144,0,3,70,0
8.215000,180.00,0.000,0.000,1,159,0.000,0,0,18.000,39.000,55.000,0,0,0,0,0,0,0,0,0,0,2,144,0,3,70,0
8.220000,180.00,0.000,0.000,1,156,0.000,0,0,18.000,39.000,55.000,0,0,0,0,0,0,0,0,0,0,2,144,0,3,70,0
8.225000,180.00,0.000,0.000,1,152,0.000,0,0,18.000,39.000,55.000,0,0,0,0,0,0,0,0,0,0,2,144,0,3,70,0
8.230000,180.00,0.000,0.000,1,150,0.000,0,0,18.000,39.000,55.000,0,0,0,0,0,0,0,0,0,0,2,144,0,3,70,0
8.235000,180.00,0.000,0.000,1,147,0.000,0,0,18.000,39.000,55.000,0,0,0,0,0,0,0,0,0,0,2,144,0,3,70,0
8.240000,180.00,0.000,0.000,1,144,0.000,0,0,18.000,39.000,55.000,0,0,0,0,0,0,0,0,0,0,2,144,0,3,70,0
8.245000,180.00,0.000,0.000,0,141,0.000,0,0,18.000,39.000,55.000,0,0,0,0,0,0,0,0,0,0,2,144,0,3,70,0
8.250000,180.00,0.000,0.000,0,138,0.000,0,0,18.000,39.000,55.000,0,0,0,0,0,0,0,0,0,0,2,144,0,3,70,0
8.255000,180.00,0.000,0.000,0,136,0.000,0,0,18.000,39.000,55.000,0,0,0,0,0,0,0,0,0,0,2,144,0,3,70,0
8.260000,180.00,0.000,0.000,0,133,0.000,0,0,18.000,39.000,55.000,0,0,0,0,0,0,0,0,0,0,2,144,0,3,70,0
8.265000,180.00,0.000,0.000,0,130,0.000,0,0,18.000,39.000,55.000,0,0,0,0,0,0,0,0,0,0,2,144,0,3,70,0
8.270000,180.00,0.000,0.000,0,128,0.000,0,0,18.000,39.000,55.000,0,0,0,0,0,0,0,0,0,0,2,144,0,3,70,0
8.275000,180.00,0.000,0.000,0,125,0.000,0,0,18.000,39.000,55.000,0,0,0,0,0,0,0,0,0,0,2,144,0,3,70,0
8.280000,180.00,0.000,0.000,0,123,0.000,0,0,18.000,39.000,55.000,0,0,0,0,0,0,0,0,0,0,2,144,0,3,70,0
8.285000,180.00,0.000,0.000,0,120,0.000,0,0,18.000,39.000,55.000,0,0,0,0,0,0,0,0,0,0,2,144,0,3,70,0
8.290000,180.00,0.000,0.000,0,118,0.000,0,0,18.000,39.000,55.000,0,0,0,0,0,0,0,0,0,0,2,144,0,3,70,0
8.295000,180.00,0.000,0.000,0,116,0.000,0,0,18.000,39.000,55.000,0,0,0,0,0,0,0,0,0,0,2,144,0,3,70,0
8.300000,180.00,0.000,0.000,0,113,0.000,0,0,18.000,39.000,55.000,0,0,0,0,0,0,0,0,0,0,2,144,0,3,70,0
8.305000,180.00,0.000,0.000,0,111,0.000,0,0,18.000,39.000,55.000,0,0,0,0,0,0,0,0,0,0,2,144,0,3,70,0
8.310000,180.00,0.000,0.000,0,109,0.000,0,0,18.000,39.000,55.000,0,0,0,0,0,0,0,0,0,0,2,144,0,3,70,0
8.315000,180.00,0.000,0.000,0,107,0.000,0,0,18.000,39.000,55.000,0,0,0,0,0,0,0,0,0,0,2,144,0,3,70,0
8.320000,180.00,0.000,0.000,0,105,0.000,0,0,18.000,39.000,55.000,0,0,0,0,0,0,0,0,0,0,2,144,0,3,70,0
8.325000,180.00,0.000,0.000,0,103,0.000,0,0,18.000,39.000,55.000,0,0,0,0,0,0,0,0,0,0,2,144,0,3,70,0
8.330000,180.00,0.000,0.000,0,101,0.000,0,0,18.000,39.000,55.000,0,0,0,0,0,0,0,0,0,0,2,144,0,3,70,0
8.335000,180.00,0.000,0.000,0,99,0.000,0,0,18.000,39.000,55.000,0,0,0,0,0,0,0,0,0,0,2,144,0,3,70,0
8.340000,180.00,0.000,0.000,0,97,0.000,0,0,18.000,39.000,55.000,0,0,0,0,0,0,0,0,0,0,2,144,0,3,70,0
8.345000,180.00,0.000,0.000,0,95,0.000,0,0,18.000,39.000,55.000,0,0,0,0,0,0,0,0,0,0,2,144,0,3,70,0
8.350000,180.00,0.000,0.000,0,93,0.000,0,0,18.000,39.000,55.000,0,0,0,0,0,0,0,0,0,0,2,144,0,3,70,0
8.355000,180.00,0.000,0.000,0,91,0.000,0,0,18.000,39.000,55.000,0,0,0,0,0,0,0,0,0,0,2,144,0,3,70,0
8.360000,180.00,0.000,0.000,0,90,0.000,0,0,18.000,39.000,55.000,0,0,0,0,0,0,0,0,0,0,2,144,0,3,70,0
8.365000,180.00,0.000,0.000,0,88,0.000,0,0,18.000,39.000,55.000,0,0,0,0,0,0,0,0,0,0,2,144,0,3,70,0
8.370000,180.00,0.000,0.000,0,86,0.000,0,0,18.000,39.000,55.000,0,0,0,0,0,0,0,0,0,0,2,144,0,3,70,0
8.375000,180.00,0.000,0.000,0,85,0.000,0,0,18.000,39.000,55.000,0,0,0,0,0,0,0,0,0,0,2,144,0,3,70,0
8.380000,180.00,0.000,0.000,0,83,0.000,0,0,18.000,39.000,55.000,0,0,0,0,0,0,0,0,0,0,2,144,0,3,70,0
8.385000,180.00,0.000,0.000,0,81,0.000,0,0,18.000,39.000,55.000,0,0,0,0,0,0,0,0,0,0,2,144,0,3,70,0
8.390000,180.00,0.000,0.000,0,80,0.000,0,0,18.000,39.000,55.000,0,0,0,0,0,0,0,0,0,0,2,144,0,3,70,0
8.395000,180.00,0.000,0.000,0,78,0.000,0,0,18.000,39.000,55.000,0,0,0,0,0,0,0,0,0,0,2,144,0,3,70,0
8.400000,180.00,0.000,0.000,0,77,0.000,0,0,18.000,39.000,55.000,0,0,0,0,0,0,0,0,0,0,2,144,0,3,70,0
8.405000,180.00,0.000,0.000,0,75,0.000,0,0,18.000,39.000,55.000,0,0,0,0,0,0,0,0,0,0,2,144,0,3,70,0
8.410000,180.00,0.000,0.000,0,74,0.000,0,0,18.000,39.000,55.000,0,0,0,0,0,0,0,0,0,0,2,144,0,3,70,0
8.415000,180.00,0.000,0.000,0,72,0.000,0,0,18.000,39.000,55.000,0,0,0,0,0,0,0,0,0,0,2,144,0,3,70,0
8.420000,180.00,0.000,0.000,0,71,0.000,0,0,18.000,39.000,55.000,0,0,0,0,0,0,0,0,0,0,2,144,0,3,70,0
8.425000,180.00,0.000,0.000,0,70,0.000,0,0,18.000,39.000,55.000,0,0,0,0,0,0,0,0,0,0,2,144,0,3,70,0
8.430000,180.00,0.000,0.000,0,68,0.000,0,0,18.000,39.000,55.000,0,0,0,0,0,0,0,0,0,0,2,144,0,3,70,0
8.435000,180.00,0.000,0.000,0,67,0.000,0,0,18.000,39.000,55.000,0,0,0,0,0,0,0,0,0,0,2,144,0,3,70,0
8.440000,180.00,0.000,0.000,0,66,0.000,0,0,18.000,39.000,55.000,0,0,0,0,0,0,0,0,0,0,2,144,0,3,70,0
8.445000,180.00,0.000,0.000,0,64,0.000,0,0,18.000,39.000,55.000,0,0,0,0,0,0,0,0,0,0,2,144,0,3,70,0
8.450000,180.00,0.000,0.000,0,63,0.000,0,0,18.000,39.000,55.000,0,0,0,0,0,0,0,0,0,0,2,144,0,3,70,0
8.455000,180.00,0.000,0.000,0,62,0.000,0,0,18.000,39.000,55.000,0,0,0,0,0,0,0,0,0,0,2,144,0,3,70,0
8.460000,180.00,0.000,0.000,0,61,0.000,0,0,18.000,39.000,55.000,0,0,0,0,0,0,0,0,0,0,2,144,0,3,70,0
8.465000,180.00,0.000,0.000,0,60,0.000,0,0,18.000,39.000,55.000,0,0,0,0,0,0,0,0,0,0,2,144,0,3,70,0
8.470000,180.00,0.000,0.000,0,58,0.000,0,0,18.000,39.000,55.000,0,0,0,0,0,0,0,0,0,0,2,144,0,3,70,0
8.475000,180.00,0.000,0.000,0,57,0.000,0,0,18.000,39.000,55.000,0,0,0,0,0,0,0,0,0,0,2,144,0,3,70,0
8.480000,180.00,0.000,0.000,0,56,0.000,0,0,18.000,39.000,55.000,0,0,0,0,0,0,0,0,0,0,2,144,0,3,70,0
8.485000,180.00,0.000,0.000,0,55,0.000,0,0,18.000,39.000,55.000,0,0,0,0,0,0,0,0,0,0,2,144,0,3,70,0
8.490000,180.00,0.000,0.000,0,54,0.000,0,0,18.000,39.000,55.000,0,0,0,0,0,0,0,0,0,0,2,144,0,3,70,0
8.495000,180.00,0.000,0.000,0,53,0.000,0,0,18.000,39.000,55.000,0,0,0,0,0,0,0,0,0,0,2,144,0,3,70,0
8.500000,180.00,0.000,0.000,0,52,0.000,0,0,18.000,39.000,55.000,0,0,0,0,0,0,0,0,0,0,2,144,0,3,70,0
8.505000,180.00,0.000,0.000,0,51,0.000,0,0,18.000,39.000,55.000,0,0,0,0,0,0,0,0,0,0,2,144,0,3,70,0
8.510000,180.00,0.000,0.000,0,50,0.000,0,0,18.000,39.000,55.000,0,0,0,0,0,0,0,0,0,0,2,144,0,3,70,0
8.515000,180.00,0.000,0.000,0,49,0.000,0,0,18.000,39.000,55.000,0,0,0,0,0,0,0,0,0,0,2,144,0,3,70,0
8.520000,180.00,0.000,0.000,0,48,0.000,0,0,18.000,39.000,55.000,0,0,0,0,0,0,0,0,0,0,2,144,0,3,70,0
8.525000,180.00,0.000,0.000,0,47,0.000,0,0,18.000,39.000,55.000,0,0,0,0,0,0,0,0,0,0,2,144,0,3,70,0
8.530000,180.00,0.000,0.000,0,46,0.000,0,0,18.000,39.000,55.000,0,0,0,0,0,0,0,0,0,0,2,144,0,3,70,0
8.535000,180.00,0.000,0.000,0,46,0.000,0,0,18.000,39.000,55.000,0,0,0,0,0,0,0,0,0,0,2,144,0,3,70,0
8.540000,180.00,0.000,0.000,0,45,0.000,0,0,18.000,39.000,55.000,0,0,0,0,0,0,0,0,0,0,2,144,0,3,70,0
8.545000,180.00,0.000,0.000,0,44,0.000,0,0,18.000,39.000,55.000,0,0,0,0,0,0,0,0,0,0,2,144,0,3,70,0
8.550000,180.00,0.000,0.000,0,43,0.000,0,0,18.000,39.000,55.000,0,0,0,0,0,0,0,0,0,0,2,144,0,3,70,0
8.555000,180.00,0.000,0.000,0,42,0.000,0,0,18.000,39.000,55.000,0,0,0,0,0,0,0,0,0,0,2,144,0,3,70,0
8.560000,180.00,0.000,0.000,0,41,0.000,0,0,18.000,39.000,55.000,0,0,0,0,0,0,0,0,0,0,2,144,0,3,70,0
8.565000,180.00,0.000,0.000,0,41,0.000,0,0,18.000,39.000,55.000,0,0,0,0,0,0,0,0,0,0,2,144,0,3,70,0
8.570000,180.00,0.000,0.000,0,40,0.000,0,0,18.000,39.000,55.000,0,0,0,0,0,0,0,0,0,0,2,144,0,3,70,0
8.575000,180.00,0.000,0.000,0,39,0.000,0,0,18.000,39.000,55.000,0,0,0,0,0,0,0,0,0,0,2,144,0,3,70,0
8.580000,180.00,0.000,0.000,0,38,0.000,0,0,18.000,39.000,55.000,0,0,0,0,0,0,0,0,0,0,2,144,0,3,70,0
8.585000,180.00,0.000,0.000,0,38,0.000,0,0,18.000,39.000,55.000,0,0,0,0,0,0,0,0,0,0,2,144,0,3,70,0
8.590000,180.00,0.000,0.000,0,37,0.000,0,0,18.000,39.000,55.000,0,0,0,0,0,0,0,0,0,0,2,144,0,3,70,0
8.595000,180.00,0.000,0.000,0,36,0.000,0,0,18.000,39.000,55.000,0,0,0,0,0,0,0,0,0,0,2,144,0,3,70,0
8.600000,180.00,0.000,0.000,0,36,0.000,0,0,18.000,39.000,55.000,0,0,0,0,0,0,0,0,0,0,2,144,0,3,70,0
8.605000,180.00,0.000,0.000,0,35,0.000,0,0,18.000,39.000,55.000,0,0,0,0,0,0,0,0,0,0,2,144,0,3,70,0
8.610000,180.00,0.000,0.000,0,34,0.000,0,0,18.000,39.000,55.000,0,0,0,0,0,0,0,0,0,0,2,144,0,3,70,0
8.615000,180.00,0.000,0.000,0,34,0.000,0,0,18.000,39.000,55.000,0,0,0,0,0,0,0,0,0,0,2,144,0,3,70,0
8.620000,180.00,0.000,0.000,0,33,0.000,0,0,18.000,39.000,55.000,0,0,0,0,0,0,0,0,0,0,2,144,0,3,70,0
8.625000,180.00,0.000,0.000,0,32,0.000,0,0,18.000,39.000,55.000,0,0,0,0,0,0,0,0,0,0,2,144,0,3,70,0
8.630000,180.00,0.000,0.000,0,32,0.000,0,0,18.000,39.000,55.000,0,0,0,0,0,0,0,0,0,0,2,144,0,3,70,0
8.635000,180.00,0.000,0.000,0,31,0.000,0,0,18.000,39.000,55.000,0,0,0,0,0,0,0,0,0,0,2,144,0,3,70,0
8.640000,180.00,0.000,0.000,0,31,0.000,0,0,18.000,39.000,55.000,0,0,0,0,0,0,0,0,0,0,2,144,0,3,70,0
8.645000,180.00,0.000,0.000,0,30,0.000,0,0,18.000,39.000,55.000,0,0,0,0,0,0,0,0,0,0,2,144,0,3,70,0
8.650000,180.00,0.000,0.000,0,29,0.000,0,0,18.000,39.000,55.000,0,0,0,0,0,0,0,0,0,0,2,144,0,3,70,0
8.655000,180.00,0.000,0.000,0,29,0.000,0,0,18.000,39.000,55.000,0,0,0,0,0,0,0,0,0,0,2,144,0,3,70,0
8.660000,180.00,0.000,0.000,0,28,0.000,0,0,18.000,39.000,55.000,0,0,0,0,0,0,0,0,0,0,2,144,0,3,70,0
8.665000,180.00,0.000,0.000,0,28,0.000,0,0,18.000,39.000,55.000,0,0,0,0,0,0,0,0,0,0,2,144,0,3,70,0
8.670000,180.00,0.000,0.000,0,27,0.000,0,0,18.000,39.000,55.000,0,0,0,0,0,0,0,0,0,0,2,144,0,3,70,0
8.675000,180.00,0.000,0.000,0,27,0.000,0,0,18.000,39.000,55.000,0,0,0,0,0,0,0,0,0,0,2,144,0,3,70,0
8.680000,180.00,0.000,0.000,0,26,0.000,0,0,18.000,39.000,55.000,0,0,0,0,0,0,0,0,0,0,2,144,0,3,70,0
8.685000,180.00,0.000,0.000,0,26,0.000,0,0,18.000,39.000,55.000,0,0,0,0,0,0,0,0,0,0,2,144,0,3,70,0
8.690000,180.00,0.000,0.000,0,25,0.000,0,0,18.000,39.000,55.000,0,0,0,0,0,0,0,0,0,0,2,144,0,3,70,0
8.695000,180.00,0.000,0.000,0,25,0.000,0,0,18.000,39.000,55.000,0,0,0,0,0,0,0,0,0,0,2,144,0,3,70,0
8.700000,180.00,0.000,0.000,0,24,0.000,0,0,18.000,39.000,55.000,0,0,0,0,0,0,0,0,0,0,2,144,0,3,70,0
8.705000,180.00,0.000,0.000,0,24,0.000,0,0,18.000,39.000,55.000,0,0,0,0,0,0,0,0,0,0,2,144,0,3,70,0
8.710000,180.00,0.000,0.000,0,24,0.000,0,0,18.000,39.000,55.000,0,0,0,0,0,0,0,0,0,0,2,144,0,3,70,0
8.715000,180.00,0.000,0.000,0,23,0.000,0,0,18.000,39.000,55.000,0,0,0,0,0,0,0,0,0,0,2,144,0,3,70,0
8.720000,180.00,0.000,0.000,0,23,0.000,0,0,18.000,39.000,55.000,0,0,0,0,0,0,0,0,0,0,2,144,0,3,70,0
8.725000,180.00,0.000,0.000,0,22,0.000,0,0,18.000,39.000,55.000,0,0,0,0,0,0,0,0,0,0,2,144,0,3,70,0
8.730000,180.00,0.000,0.000,0,22,0.000,0,0,18.000,39.000,55.000,0,0,0,0,0,0,0,0,0,0,2,144,0,3,70,0
8.735000,180.00,0.000,0.000,0,22,0.000,0,0,18.000,39.000,55.000,0,0,0,0,0,0,0,0,0,0,2,144,0,3,70,0
8.740000,180.00,0.000,0.000,0,21,0.000,0,0,18.000,39.000,55.000,0,0,0,0,0,0,0,0,0,0,2,144,0,3,70,0
8.745000,180.00,0.000,0.000,0,21,0.000,0,0,18.000,39.000,55.000,0,0,0,0,0,0,0,0,0,0,2,144,0,3,70,0
8.750000,180.00,0.000,0.000,0,20,0.000,0,0,18.000,39.000,55.000,0,0,0,0,0,0,0,0,0,0,2,144,0,3,70,0
8.755000,180.00,0.000,0.000,0,20,0.000,0,0,18.000,39.000,55.000,0,0,0,0,0,0,0,0,0,0,2,144,0,3,70,0
8.760000,180.00,0.000,0.000,0,20,0.000,0,0,18.000,39.000,55.000,0,0,0,0,0,0,0,0,0,0,2,144,0,3,70,0
8.765000,180.00,0.000,0.000,0,19,0.000,0,0,18.000,39.000,55.000,0,0,0,0,0,0,0,0,0,0,2,144,0,3,70,0
8.770000,180.00,0.000,0.000,0,19,0.000,0,0,18.000,39.000,55.000,0,0,0,0,0,0,0,0,0,0,2,144,0,3,70,0
8.775000,180.00,0.000,0.000,0,19,0.000,0,0,18.000,39.000,55.000,0,0,0,0,0,0,0,0,0,0,2,144,0,3,70,0
8.780000,180.00,0.000,0.000,0,18,0.000,0,0,18.000,39.000,55.000,0,0,0,0,0,0,0,0,0,0,2,144,0,3,70,0
8.785000,180.00,0.000,0.000,0,18,0.000,0,0,18.000,39.000,55.000,0,0,0,0,0,0,0,0,0,0,2,144,0,3,70,0
8.790000,180.00,0.000,0.000,0,18,0.000,0,0,18.000,39.000,55.000,0,0,0,0,0,0,0,0,0,0,2,144,0,3,70,0
8.795000,180.00,0.000,0.000,0,17,0.000,0,0,18.000,39.000,55.000,0,0,0,0,0,0,0,0,0,0,2,144,0,3,70,0
8.800000,180.00,0.000,0.000,0,17,0.000,0,0,18.000,39.000,55.000,0,0,0,0,0,0,0,0,0,0,2,144,0,3,70,0
8.805000,180.00,0.000,0.000,0,17,0.000,0,0,18.000,39.000,55.000,0,0,0,0,0,0,0,0,0,0,2,144,0,3,70,0
8.810000,180.00,0.000,0.000,0,16,0.000,0,0,18.000,39.000,55.000,0,0,0,0,0,0,0,0,0,0,2,144,0,3,70,0
8.815000,180.00,0.000,0.000,0,16,0.000,0,0,18.000,39.000,55.000,0,0,0,0,0,0,0,0,0,0,2,144,0,3,70,0
8.820000,180.00,0.000,0.000,0,16,0.000,0,0,18.000,39.000,55.000,0,0,0,0,0,0,0,0,0,0,2,144,0,3,70,0
8.825000,180.00,0.000,0.000,0,16,0.000,0,0,18.000,39.000,55.000,0,0,0,0,0,0,0,0,0,0,2,144,0,3,70,0
8.830000,180.00,0.000,0.000,0,15,0.000,0,0,18.000,39.000,55.000,0,0,0,0,0,0,0,0,0,0,2,144,0,3,70,0
8.835000,180.00,0.000,0.000,0,15,0.000,0,0,18.000,39.000,55.000,0,0,0,0,0,0,0,0,0,0,2,144,0,3,70,0
8.840000,180.00,0.000,0.000,0,15,0.000,0,0,18.000,39.000,55.000,0,0,0,0,0,0,0,0,0,0,2,144,0,3,70,0
8.845000,180.00,0.000,0.000,0,15,0.000,0,0,18.000,39.000,55.000,0,0,0,0,0,0,0,0,0,0,2,144,0,3,70,0
8.850000,180.00,0.000,0.000,0,14,0.000,0,0,18.000,39.000,55.000,0,0,0,0,0,0,0,0,0,0,2,144,0,3,70,0
8.855000,180.00,0.000,0.000,0,14,0.000,0,0,18.000,39.000,55.000,0,0,0,0,0,0,0,0,0,0,2,144,0,3,70,0
8.860000,180.00,0.000,0.000,0,14,0.000,0,0,18.000,39.000,55.000,0,0,0,0,0,0,0,0,0,0,2,144,0,3,70,0
8.865000,180.00,0.000,0.000,0,14,0.000,0,0,18.000,39.000,55.000,0,0,0,0,0,0,0,0,0,0,2,144,0,3,70,0
8.870000,180.00,0.000,0.000,0,13,0.000,0,0,18.000,39.000,55.000,0,0,0,0,0,0,0,0,0,0,2,144,0,3,70,0
8.875000,180.00,0.000,0.000,0,13,0.000,0,0,18.000,39.000,55.000,0,0,0,0,0,0,0,0,0,0,2,144,0,3,70,0
8.880000,180.00,0.000,0.000,0,13,0.000,0,0,18.000,39.000,55.000,0,0,0,0,0,0,0,0,0,0,2,144,0,3,70,0
8.885000,180.00,0.000,0.000,0,13,0.000,0,0,18.000,39.000,55.000,0,0,0,0,0,0,0,0,0,0,2,144,0,3,70,0
8.890000,180.00,0.000,0.000,0,13,0.000,0,0,18.000,39.000,55.000,0,0,0,0,0,0,0,0,0,0,2,144,0,3,70,0
8.895000,180.00,0.000,0.000,0,12,0.000,0,0,18.000,39.000,55.000,0,0,0,0,0,0,0,0,0,0,2,144,0,3,70,0
8.900000,180.00,0.000,0.000,0,12,0.000,0,0,18.000,39.000,55.000,0,0,0,0,0,0,0,0,0,0,2,144,0,3,70,0
8.905000,180.00,0.000,0.000,0,12,0.000,0,0,18.000,39.000,55.000,0,0,0,0,0,0,0,0,0,0,2,144,0,3,70,0
8.910000,180.00,0.000,0.000,0,12,0.000,0,0,18.000,39.000,55.000,0,0,0,0,0,0,0,0,0,0,2,144,0,3,70,0
8.915000,180.00,0.000,0.000,0,11,0.000,0,0,18.000,39.000,55.000,0,0,0,0,0,0,0,0,0,0,2,144,0,3,70,0
8.920000,180.00,0.000,0.000,0,11,0.000,0,0,18.000,39.000,55.000,0,0,0,0,0,0,0,0,0,0,2,144,0,3,70,0
8.925000,180.00,0.000,0.000,0,11,0.000,0,0,18.000,39.000,55.000,0,0,0,0,0,0,0,0,0,0,2,144,0,3,70,0
8.930000,180.00,0.000,0.000,0,11,0.000,0,0,18.000,39.000,55.000,0,0,0,0,0,0,0,0,0,0,2,144,0,3,70,0
8.935000,180.00,0.000,0.000,0,11,0.000,0,0,18.000,39.000,55.000,0,0,0,0,0,0,0,0,0,0,2,144,0,3,70,0
8.940000,180.00,0.000,0.000,0,11,0.000,0,0,18.000,39.000,55.000,0,0,0,0,0,0,0,0,0,0,2,144,0,3,70,0
8.945000,180.00,0.000,0.000,0,11,0.000,0,0,18.000,39.000,55.000,0,0,0,0,0,0,0,0,0,0,2,144,0,3,70,0
8.950000,180.00,0.000,0.000,0,10,0.000,0,0,18.000,39.000,55.000,0,0,0,0,0,0,0,0,0,0,2,144,0,3,70,0
8.955000,180.00,0.000,0.000,0,10,0.000,0,0,18.000,39.000,55.000,0,0,0,0,0,0,0,0,0,0,2,144,0,3,70,0
8.960000,180.00,0.000,0.000,0,10,0.000,0,0,18.000,39.000,55.000,0,0,0,0,0,0,0,0,0,0,2,144,0,3,70,0
8.965000,180.00,0.000,0.000,0,10,0.000,0,0,18.000,39.000,55.000,0,0,0,0,0,0,0,0,0,0,2,144,0,3,70,0
8.970000,180.00,0.000,0.000,0,10,0.000,0,0,18.000,39.000,55.000,0,0,0,0,0,0,0,0,0,0,2,144,0,3,70,0
8.975000,180.00,0.000,0.000,0,10,0.000,0,0,18.000,39.000,55.000,0,0,0,0,0,0,0,0,0,0,2,144,0,3,70,0
8.980000,180.00,0.000,0.000,0,9,0.000,0,0,18.000,39.000,55.000,0,0,0,0,0,0,0,0,0,0,2,144,0,3,70,0
8.985000,180.00,0.000,0.000,0,9,0.000,0,0,18.000,39.000,55.000,0,0,0,0,0,0,0,0,0,0,2,144,0,3,70,0
8.990000,180.00,0.000,0.000,0,9,0.000,0,0,18.000,39.000,55.000,0,0,0,0,0,0,0,0,0,0,2,144,0,3,70,0
8.995000,180.00,0.000,0.000,0,9,0.000,0,0,18.000,39.000,55.000,0,0,0,0,0,0,0,0,0,0,2,144,0,3,70,0
9.000000,180.00,0.000,0.000,0,9,0.000,0,0,18.000,39.000,55.000,0,0,0,0,0,0,0,0,0,0,2,144,0,3,70,0
9.005000,180.00,0.000,0.000,0,9,0.000,0,0,18.000,39.000,55.000,0,0,0,0,0,0,0,0,0,0,2,144,0,3,70,0
9.010000,180.00,0.000,0.000,0,8,0.000,0,0,18.000,39.000,55.000,0,0,0,0,0,0,0,0,0,0,2,144,0,3,70,0
9.015000,180.00,0.000,0.000,0,8,0.000,0,0,18.000,39.000,55.000,0,0,0,0,0,0,0,0,0,0,2,144,0,3,70,0
9.020000,180.00,0.000,0.000,0,8,0.000,0,0,18.000,39.000,55.000,0,0,0,0,0,0,0,0,0,0,2,144,0,3,70,0
9.025000,180.00,0.000,0.000,0,8,0.000,0,0,18.000,39.000,55.000,0,0,0,0,0,0,0,0,0,0,2,144,0,3,70,0
9.030000,180.00,0.000,0.000,0,8,0.000,0,0,18.000,39.000,55.000,0,0,0,0,0,0,0,0,0,0,2,144,0,3,70,0
9.035000,180.00,0.000,0.000,0,8,0.000,0,0,18.000,39.000,55.000,0,0,0,0,0,0,0,0,0,0,2,144,0,3,70,0
9.040000,180.00,0.000,0.000,0,8,0.000,0,0,18.000,39.000,55.000,0,0,0,0,0,0,0,0,0,0,2,144,0,3,70,0
9.045000,180.00,0.000,0.000,0,8,0.000,0,0,18.000,39.000,55.000,0,0,0,0,0,0,0,0,0,0,2,144,0,3,70,0
9.050000,180.00,0.000,0.000,0,8,0.000,0,0,18.000,39.000,55.000,0,0,0,0,0,0,0,0,0,0,2,144,0,3,70,0
9.055000,180.00,0.000,0.000,0,7,0.000,0,0,18.000,39.000,55.000,0,0,0,0,0,0,0,0,0,0,2,144,0,3,70,0
9.060000,180.00,0.000,0.000,0,7,0.000,0,0,18.000,39.000,55.000,0,0,0,0,0,0,0,0,0,0,2,144,0,3,70,0
9.065000,180.00,0.000,0.000,0,7,0.000,0,0,18.000,39.000,55.000,0,0,0,0,0,0,0,0,0,0,2,144,0,3,70,0
9.070000,180.00,0.000,0.000,0,7,0.000,0,0,18.000,39.000,55.000,0,0,0,0,0,0,0,0,0,0,2,144,0,3,70,0
9.075000,180.00,0.000,0.000,0,7,0.000,0,0,18.000,39.000,55.000,0,0,0,0,0,0,0,0,0,0,2,144,0,3,70,0
9.080000,180.00,0.000,0.000,0,7,0.000,0,0,18.000,39.000,55.000,0,0,0,0,0,0,0,0,0,0,2,144,0,3,70,0
9.085000,180.00,0.000,0.000,0,7,0.000,0,0,18.000,39.000,55.000,0,0,0,0,0,0,0,0,0,0,2,144,0,3,70,0
9.090000,180.00,0.000,0.000,0,7,0.000,0,0,18.000,39.000,55.000,0,0,0,0,0,0,0,0,0,0,2,144,0,3,70,0
9.095000,180.00,0.000,0.000,0,7,0.000,0,0,18.000,39.000,55.000,0,0,0,0,0,0,0,0,0,0,2,144,0,3,70,0
9.100000,180.00,0.000,0.000,0,7,0.000,0,0,18.000,39.000,55.000,0,0,0,0,0,0,0,0,0,0,2,144,0,3,70,0
9.105000,180.00,0.000,0.000,0,7,0.000,0,0,18.000,39.000,55.000,0,0,0,0,0,0,0,0,0,0,2,144,0,3,70,0
9.110000,180.00,0.000,0.000,0,7,0.000,0,0,18.000,39.000,55.000,0,0,0,0,0,0,0,0,0,0,2,144,0,3,70,0
9.115000,180.00,0.000,0.000,0,7,0.000,0,0,18.000,39.000,55.000,0,0,0,0,0,0,0,0,0,0,2,144,0,3,70,0
9.120000,180.00,0.000,0.000,0,6,0.000,0,0,18.000,39.000,55.000,0,0,0,0,0,0,0,0,0,0,2,144,0,3,70,0
9.125000,180.00,0.000,0.000,0,6,0.000,0,0,18.000,39.000,55.000,0,0,0,0,0,0,0,0,0,0,2,144,0,3,70,0
9.130000,180.00,0.000,0.000,0,6,0.000,0,0,18.000,39.000,55.000,0,0,0,0,0,0,0,0,0,0,2,144,0,3,70,0
9.135000,180.00,0.000,0.000,0,6,0.000,0,0,18.000,39.000,55.000,0,0,0,0,0,0,0,0,0,0,2,144,0,3,70,0
9.140000,180.00,0.000,0.000,0,6,0.000,0,0,18.000,39.000,55.000,0,0,0,0,0,0,0,0,0,0,2,144,0,3,70,0
9.145000,180.00,0.000,0.000,0,6,0.000,0,0,18.000,39.000,55.000,0,0,0,0,0,0,0,0,0,0,2,144,0,3,70,0
9.150000,180.00,0.000,0.000,0,6,0.000,0,0,18.000,39.000,55.000,0,0,0,0,0,0,0,0,0,0,2,144,0,3,70,0
9.155000,180.00,0.000,0.000,0,6,0.000,0,0,18.000,39.000,55.000,0,0,0,0,0,0,0,0,0,0,2,144,0,3,70,0
9.160000,180.00,0.000,0.000,0,6,0.000,0,0,18.000,39.000,55.000,0,0,0,0,0,0,0,0,0,0,2,144,0,3,70,0
9.165000,180.00,0.000,0.000,0,6,0.000,0,0,18.000,39.000,55.000,0,0,0,0,0,0,0,0,0,0,2,144,0,3,70,0
9.170000,180.00,0.000,0.000,0,6,0.000,0,0,18.000,39.000,55.000,0,0,0,0,0,0,0,0,0,0,2,144,0,3,70,0
9.175000,180.00,0.000,0.000,0,6,0.000,0,0,18.000,39.000,55.000,0,0,0,0,0,0,0,0,0,0,2,144,0,3,70,0
9.180000,180.00,0.000,0.000,0,5,0.000,0,0,18.000,39.000,55.000,0,0,0,0,0,0,0,0,0,0,2,144,0,3,70,0
9.185000,180.00,0.000,0.000,0,5,0.000,0,0,18.000,39.000,55.000,0,0,0,0,0,0,0,0,0,0,2,144,0,3,70,0
9.190000,180.00,0.000,0.000,0,5,0.000,0,0,18.000,39.000,55.000,0,0,0,0,0,0,0,0,0,0,2,144,0,3,70,0
9.195000,180.00,0.000,0.000,0,5,0.000,0,0,18.000,39.000,55.000,0,0,0,0,0,0,0,0,0,0,2,144,0,3,70,0
9.200000,180.00,0.000,0.000,0,5,0.000,0,0,18.000,39.000,55.000,0,0,0,0,0,0,0,0,0,0,2,144,0,3,70,0
9.205000,180.00,0.000,0.000,0,5,0.000,0,0,18.000,39.000,55.000,0,0,0,0,0,0,0,0,0,0,2,144,0,3,70,0
9.210000,180.00,0.000,0.000,0,5,0.000,0,0,18.000,39.000,55.000,0,0,0,0,0,0,0,0,0,0,2,144,0,3,70,0
9.215000,180.00,0.000,0.000,0,5,0.000,0,0,18.000,39.000,55.000,0,0,0,0,0,0,0,0,0,0,2,144,0,3,70,0
9.220000,180.00,0.000,0.000,0,5,0.000,0,0,18.000,39.000,55.000,0,0,0,0,0,0,0,0,0,0,2,144,0,3,70,0
9.225000,180.00,0.000,0.000,0,5,0.000,0,0,18.000,39.000,55.000,0,0,0,0,0,0,0,0,0,0,2,144,0,3,70,0
9.230000,180.00,0.000,0.000,0,5,0.000,0,0,18.000,39.000,55.000,0,0,0,0,0,0,0,0,0,0,2,144,0,3,70,0
9.235000,180.00,0.000,0.000,0,5,0.000,0,0,18.000,39.000,55.000,0,0,0,0,0,0,0,0,0,0,2,144,0,3,70,0
9.240000,180.00,0.000,0.000,0,5,0.000,0,0,18.000,39.000,55.000,0,0,0,0,0,0,0,0,0,0,2,144,0,3,70,0
9.245000,180.00,0.000,0.000,0,4,0.000,0,0,18.000,39.000,55.000,0,0,0,0,0,0,0,0,0,0,2,144,0,3,70,0
9.250000,180.00,0.000,0.000,0,4,0.000,0,0,18.000,39.000,55.000,0,0,0,0,0,0,0,0,0,0,2,144,0,3,70,0
9.255000,180.00,0.000,0.000,0,4,0.000,0,0,18.000,39.000,55.000,0,0,0,0,0,0,0,0,0,0,2,144,0,3,70,0
9.260000,180.00,0.000,0.000,0,4,0.000,0,0,18.000,39.000,55.000,0,0,0,0,0,0,0,0,0,0,2,144,0,3,70,0
9.265000,180.00,0.000,0.000,0,4,0.000,0,0,18.000,39.000,55.000,0,0,0,0,0,0,0,0,0,0,2,144,0,3,70,0
9.270000,180.00,0.000,0.000,0,4,0.000,0,0,18.000,39.000,55.000,0,0,0,0,0,0,0,0,0,0,2,144,0,3,70,0
9.275000,180.00,0.000,0.000,0,4,0.000,0,0,18.000,39.000,55.000,0,0,0,0,0,0,0,0,0,0,2,144,0,3,70,0
9.280000,180.00,0.000,0.000,0,4,0.000,0,0,18.000,39.000,55.000,0,0,0,0,0,0,0,0,0,0,2,144,0,3,70,0
9.285000,180.00,0.000,0.000,0,0,0.000,0,0,18.000,39.000,55.000,0,0,0,0,0,0,0,0,0,0,2,144,0,3,70,0
9.290000,180.00,0.000,0.000,0,0,0.000,0,0,18.000,39.000,55.000,0,0,0,0,0,0,0,0,0,0,2,144,0,3,70,0
9.295000,180.00,0.000,0.000,0,0,0.000,0,0,18.000,39.000,55.000,0,0,0,0,0,0,0,0,0,0,2,144,0,3,70,0
9.300000,180.00,0.000,0.000,0,0,0.000,0,0,18.000,39.000,55.000,0,0,0,0,0,0,0,0,0,0,2,144,0,3,70,0
9.305000,180.00,0.000,0.000,0,0,0.000,0,0,18.000,39.000,55.000,0,0,0,0,0,0,0,0,0,0,2,144,0,3,70,0
9.310000,180.00,0.000,0.000,0,0,0.000,0,0,18.000,39.000,55.000,0,0,0,0,0,0,0,0,0,0,2,144,0,3,70,0
9.315000,180.00,0.000,0.000,0,0,0.000,0,0,18.000,39.000,55.000,0,0,0,0,0,0,0,0,0,0,2,144,0,3,70,0
9.320000,180.00,0.000,0.000,0,0,0.000,0,0,18.000,39.000,55.000,0,0,0,0,0,0,0,0,0,0,2,144,0,3,70,0
9.325000,180.00,0.000,0.000,0,0,0.000,0,0,18.000,39.000,55.000,0,0,0,0,0,0,0,0,0,0,2,144,0,3,70,0
9.330000,180.00,0.000,0.000,0,0,0.000,0,0,18.000,39.000,55.000,0,0,0,0,0,0,0,0,0,0,2,144,0,3,70,0
9.335000,180.00,0.000,0.000,0,0,0.000,0,0,18.000,39.000,55.000,0,0,0,0,0,0,0,0,0,0,2,144,0,3,70,0
9.340000,180.00,0.000,0.000,0,0,0.000,0,0,18.000,39.000,55.000,0,0,0,0,0,0,0,0,0,0,2,144,0,3,70,0
9.345000,180.00,0.000,0.000,0,0,0.000,0,0,18.000,39.000,55.000,0,0,0,0,0,0,0,0,0,0,2,144,0,3,70,0
9.350000,180.00,0.000,0.000,0,0,0.000,0,0,18.000,39.000,55.000,0,0,0,0,0,0,0,0,0,0,2,144,0,3,70,0
9.355000,180.00,0.000,0.000,0,0,0.000,0,0,18.000,39.000,55.000,0,0,0,0,0,0,0,0,0,0,2,144,0,3,70,0
9.360000,180.00,0.000,0.000,0,0,0.000,0,0,18.000,39.000,55.000,0,0,0,0,0,0,0,0,0,0,2,144,0,3,70,0
9.365000,180.00,0.000,0.000,0,0,0.000,0,0,18.000,39.000,55.000,0,0,0,0,0,0,0,0,0,0,2,144,0,3,70,0
9.370000,180.00,0.000,0.000,0,0,0.000,0,0,18.000,39.000,55.000,0,0,0,0,0,0,0,0,0,0,2,144,0,3,70,0
9.375000,180.00,0.000,0.000,0,0,0.000,0,0,18.000,39.000,55.000,0,0,0,0,0,0,0,0,0,0,2,144,0,3,70,0
9.380000,180.00,0.000,0.000,0,0,0.000,0,0,18.000,39.000,55.000,0,0,0,0,0,0,0,0,0,0,2,144,0,3,70,0
9.385000,180.00,0.000,0.000,0,0,0.000,0,0,18.000,39.000,55.000,0,0,0,0,0,0,0,0,0,0,2,144,0,3,70,0
9.390000,180.00,0.000,0.000,0,0,0.000,0,0,18.000,39.000,55.000,0,0,0,0,0,0,0,0,0,0,2,144,0,3,70,0
9.395000,180.00,0.000,0.000,0,0,0.000,0,0,18.000,39.000,55.000,0,0,0,0,0,0,0,0,0,0,2,144,0,3,70,0
9.400000,180.00,0.000,0.000,0,0,0.000,0,0,18.000,39.000,55.000,0,0,0,0,0,0,0,0,0,0,2,144,0,3,70,0
9.405000,180.00,0.000,0.000,0,0,0.000,0,0,18.000,39.000,55.000,0,0,0,0,0,0,0,0,0,0,2,144,0,3,70,0
9.410000,180.00,0.000,0.000,0,0,0.000,0,0,18.000,39.000,55.000,0,0,0,0,0,0,0,0,0,0,2,144,0,3,70,0
9.415000,180.00,0.000,0.000,0,0,0.000,0,0,18.000,39.000,55.000,0,0,0,0,0,0,0,0,0,0,2,144,0,3,70,0
9.420000,180.00,0.000,0.000,0,0,0.000,0,0,18.000,39.000,55.000,0,0,0,0,0,0,0,0,0,0,2,144,0,3,70,0
9.425000,180.00,0.000,0.000,0,0,0.000,0,0,18.000,39.000,55.000,0,0,0,0,0,0,0,0,0,0,2,144,0,3,70,0
9.430000,180.00,0.000,0.000,0,0,0.000,0,0,18.000,39.000,55.000,0,0,0,0,0,0,0,0,0,0,2,144,0,3,70,0
9.435000,180.00,0.000,0.000,0,0,0.000,0,0,18.000,39.000,55.000,0,0,0,0,0,0,0,0,0,0,2,144,0,3,70,0
9.440000,180.00,0.000,0.000,0,0,0.000,0,0,18.000,39.000,55.000,0,0,0,0,0,0,0,0,0,0,2,144,0,3,70,0
9.445000,180.00,0.000,0.000,0,0,0.000,0,0,18.000,39.000,55.000,0,0,0,0,0,0,0,0,0,0,2,144,0,3,70,0
9.450000,180.00,0.000,0.000,0,0,0.000,0,0,18.000,39.000,55.000,0,0,0,0,0,0,0,0,0,0,2,144,0,3,70,0
9.455000,180.00,0.000,0.000,0,0,0.000,0,0,18.000,39.000,55.000,0,0,0,0,0,0,0,0,0,0,2,144,0,3,70,0
9.460000,180.00,0.000,0.000,0,0,0.000,0,0,18.000,39.000,55.000,0,0,0,0,0,0,0,0,0,0,2,144,0,3,70,0
9.465000,180.00,0.000,0.000,0,0,0.000,0,0,18.000,39.000,55.000,0,0,0,0,0,0,0,0,0,0,2,144,0,3,70,0
9.470000,180.00,0.000,0.000,0,0,0.000,0,0,18.000,39.000,55.000,0,0,0,0,0,0,0,0,0,0,2,144,0,3,70,0
9.475000,180.00,0.000,0.000,0,0,0.000,0,0,18.000,39.000,55.000,0,0,0,0,0,0,0,0,0,0,2,144,0,3,70,0
9.480000,180.00,0.000,0.000,0,0,0.000,0,0,18.000,39.000,55.000,0,0,0,0,0,0,0,0,0,0,2,144,0,3,70,0
9.485000,180.00,0.000,0.000,0,0,0.000,0,0,18.000,39.000,55.000,0,0,0,0,0,0,0,0,0,0,2,144,0,3,70,0
9.490000,180.00,0.000,0.000,0,0,0.000,0,0,18.000,39.000,55.000,0,0,0,0,0,0,0,0,0,0,2,144,0,3,70,0
9.495000,180.00,0.000,0.000,0,0,0.000,0,0,18.000,39.000,55.000,0,0,0,0,0,0,0,0,0,0,2,144,0,3,70,0
9.500000,180.00,0.000,0.000,0,0,0.000,0,0,18.000,39.000,55.000,0,0,0,0,0,0,0,0,0,0,2,144,0,3,70,0
9.505000,180.00,0.000,0.000,0,0,0.000,0,0,18.000,39.000,55.000,0,0,0,0,0,0,0,0,0,0,2,144,0,3,70,0
9.510000,180.00,0.000,0.000,0,0,0.000,0,0,18.000,39.000,55.000,0,0,0,0,0,0,0,0,0,0,2,144,0,3,70,0
9.515000,180.00,0.000,0.000,0,0,0.000,0,0,18.000,39.000,55.000,0,0,0,0,0,0,0,0,0,0,2,144,0,3,70,0
9.520000,180.00,0.000,0.000,0,0,0.000,0,0,18.000,39.000,55.000,0,0,0,0,0,0,0,0,0,0,2,144,0,3,70,0
9.525000,180.00,0.000,0.000,0,0,0.000,0,0,18.000,39.000,55.000,0,0,0,0,0,0,0,0,0,0,2,144,0,3,70,0
9.530000,180.00,0.000,0.000,0,0,0.000,0,0,18.000,39.000,55.000,0,0,0,0,0,0,0,0,0,0,2,144,0,3,70,0
9.535000,180.00,0.000,0.000,0,0,0.000,0,0,18.000,39.000,55.000,0,0,0,0,0,0,0,0,0,0,2,144,0,3,70,0
9.540000,180.00,0.000,0.000,0,0,0.000,0,0,18.000,39.000,55.000,0,0,0,0,0,0,0,0,0,0,2,144,0,3,70,0
9.545000,180.00,0.000,0.000,0,0,0.000,0,0,18.000,39.000,55.000,0,0,0,0,0,0,0,0,0,0,2,144,0,3,70,0
9.550000,180.00,0.000,0.000,0,0,0.000,0,0,18.000,39.000,55.000,0,0,0,0,0,0,0,0,0,0,2,144,0,3,70,0
9.555000,180.00,0.000,0.000,0,0,0.000,0,0,18.000,39.000,55.000,0,0,0,0,0,0,0,0,0,0,2,144,0,3,70,0
9.560000,180.00,0.000,0.000,0,0,0.000,0,0,18.000,39.000,55.000,0,0,0,0,0,0,0,0,0,0,2,144,0,3,70,0
9.565000,180.00,0.000,0.000,0,0,0.000,0,0,18.000,39.000,55.000,0,0,0,0,0,0,0,0,0,0,2,144,0,3,70,0
9.570000,180.00,0.000,0.000,0,0,0.000,0,0,18.000,39.000,55.000,0,0,0,0,0,0,0,0,0,0,2,144,0,3,70,0
9.575000,180.00,0.000,0.000,0,0,0.000,0,0,18.000,39.000,55.000,0,0,0,0,0,0,0,0,0,0,2,144,0,3,70,0
9.580000,180.00,0.000,0.000,0,0,0.000,0,0,18.000,39.000,55.000,0,0,0,0,0,0,0,0,0,0,2,144,0,3,70,0
9.585000,180.00,0.000,0.000,0,0,0.000,0,0,18.000,39.000,55.000,0,0,0,0,0,0,0,0,0,0,2,144,0,3,70,0
9.590000,180.00,0.000,0.000,0,0,0.000,0,0,18.000,39.000,55.000,0,0,0,0,0,0,0,0,0,0,2,144,0,3,70,0
9.595000,180.00,0.000,0.000,0,0,0.000,0,0,18.000,39.000,55.000,0,0,0,0,0,0,0,0,0,0,2,144,0,3,70,0
9.600000,180.00,0.000,0.000,0,0,0.000,0,0,18.000,39.000,55.000,0,0,0,0,0,0,0,0,0,0,2,144,0,3,70,0
9.605000,180.00,0.000,0.000,0,0,0.000,0,0,18.000,39.000,55.000,0,0,0,0,0,0,0,0,0,0,2,144,0,3,70,0
9.610000,180.00,0.000,0.000,0,0,0.000,0,0,18.000,39.000,55.000,0,0,0,0,0,0,0,0,0,0,2,144,0,3,70,0
9.615000,180.00,0.000,0.000,0,0,0.000,0,0,18.000,39.000,55.000,0,0,0,0,0,0,0,0,0,0,2,144,0,3,70,0
9.620000,180.00,0.000,0.000,0,0,0.000,0,0,18.000,39.000,55.000,0,0,0,0,0,0,0,0,0,0,2,144,0,3,70,0
9.625000,180.00,0.000,0.000,0,0,0.000,0,0,18.000,39.000,55.000,0,0,0,0,0,0,0,0,0,0,2,144,0,3,70,0
9.630000,180.00,0.000,0.000,0,0,0.000,0,0,18.000,39.000,55.000,0,0,0,0,0,0,0,0,0,0,2,144,0,3,70,0
9.635000,180.00,0.000,0.000,0,0,0.000,0,0,18.000,39.000,55.000,0,0,0,0,0,0,0,0,0,0,2,144,0,3,70,0
9.640000,180.00,0.000,0.000,0,0,0.000,0,0,18.000,39.000,55.000,0,0,0,0,0,0,0,0,0,0,2,144,0,3,70,0
9.645000,180.00,0.000,0.000,0,0,0.000,0,0,18.000,39.000,55.000,0,0,0,0,0,0,0,0,0,0,2,144,0,3,70,0
9.650000,180.00,0.000,0.000,0,0,0.000,0,0,18.000,39.000,55.000,0,0,0,0,0,0,0,0,0,0,2,144,0,3,70,0
9.655000,180.00,0.000,0.000,0,0,0.000,0,0,18.000,39.000,55.000,0,0,0,0,0,0,0,0,0,0,2,144,0,3,70,0
9.660000,180.00,0.000,0.000,0,0,0.000,0,0,18.000,39.000,55.000,0,0,0,0,0,0,0,0,0,0,2,144,0,3,70,0
9.665000,180.00,0.000,0.000,0,0,0.000,0,0,18.000,39.000,55.000,0,0,0,0,0,0,0,0,0,0,2,144,0,3,70,0
9.670000,180.00,0.000,0.000,0,0,0.000,0,0,18.000,39.000,55.000,0,0,0,0,0,0,0,0,0,0,2,144,0,3,70,0
9.675000,180.00,0.000,0.000,0,0,0.000,0,0,18.000,39.000,55.000,0,0,0,0,0,0,0,0,0,0,2,144,0,3,70,0
9.680000,180.00,0.000,0.000,0,0,0.000,0,0,18.000,39.000,55.000,0,0,0,0,0,0,0,0,0,0,2,144,0,3,70,0
9.685000,180.00,0.000,0.000,0,0,0.000,0,0,18.000,39.000,55.000,0,0,0,0,0,0,0,0,0,0,2,144,0,3,70,0
9.690000,180.00,0.000,0.000,0,0,0.000,0,0,18.000,39.000,55.000,0,0,0,0,0,0,0,0,0,0,2,144,0,3,70,0
9.695000,180.00,0.000,0.000,0,0,0.000,0,0,18.000,39.000,55.000,0,0,0,0,0,0,0,0,0,0,2,144,0,3,70,0
9.700000,180.00,0.000,0.000,0,0,0.000,0,0,18.000,39.000,55.000,0,0,0,0,0,0,0,0,0,0,2,144,0,3,70,0
9.705000,180.00,0.000,0.000,0,0,0.000,0,0,18.000,39.000,55.000,0,0,0,0,0,0,0,0,0,0,2,144,0,3,70,0
9.710000,180.00,0.000,0.000,0,0,0.000,0,0,18.000,39.000,55.000,0,0,0,0,0,0,0,0,0,0,2,144,0,3,70,0
9.715000,180.00,0.000,0.000,0,0,0.000,0,0,18.000,39.000,55.000,0,0,0,0,0,0,0,0,0,0,2,144,0,3,70,0
9.720000,180.00,0.000,0.000,0,0,0.000,0,0,18.000,39.000,55.000,0,0,0,0,0,0,0,0,0,0,2,144,0,3,70,0
9.725000,180.00,0.000,0.000,0,0,0.000,0,0,18.000,39.000,55.000,0,0,0,0,0,0,0,0,0,0,2,144,0,3,70,0
9.730000,180.00,0.000,0.000,0,0,0.000,0,0,18.000,39.000,55.000,0,0,0,0,0,0,0,0,0,0,2,144,0,3,70,0
9.735000,180.00,0.000,0.000,0,0,0.000,0,0,18.000,39.000,55.000,0,0,0,0,0,0,0,0,0,0,2,144,0,3,70,0
9.740000,180.00,0.000,0.000,0,0,0.000,0,0,18.000,39.000,55.000,0,0,0,0,0,0,0,0,0,0,2,144,0,3,70,0
9.745000,180.00,0.000,0.000,0,0,0.000,0,0,18.000,39.000,55.000,0,0,0,0,0,0,0,0,0,0,2,144,0,3,70,0
9.750000,180.00,0.000,0.000,0,0,0.000,0,0,18.000,39.000,55.000,0,0,0,0,0,0,0,0,0,0,2,144,0,3,70,0
9.755000,180.00,0.000,0.000,0,0,0.000,0,0,18.000,39.000,55.000,0,0,0,0,0,0,0,0,0,0,2,144,0,3,70,0
9.760000,180.00,0.000,0.000,0,0,0.000,0,0,18.000,39.000,55.000,0,0,0,0,0,0,0,0,0,0,2,144,0,3,70,0
9.765000,180.00,0.000,0.000,0,0,0.000,0,0,18.000,39.000,55.000,0,0,0,0,0,0,0,0,0,0,2,144,0,3,70,0
9.770000,180.00,0.000,0.000,0,0,0.000,0,0,18.000,39.000,55.000,0,0,0,0,0,0,0,0,0,0,2,144,0,3,70,0
9.775000,180.00,0.000,0.000,0,0,0.000,0,0,18.000,39.000,55.000,0,0,0,0,0,0,0,0,0,0,2,144,0,3,70,0
9.780000,180.00,0.000,0.000,0,0,0.000,0,0,18.000,39.000,55.000,0,0,0,0,0,0,0,0,0,0,2,144,0,3,70,0
9.785000,180.00,0.000,0.000,0,0,0.000,0,0,18.000,39.000,55.000,0,0,0,0,0,0,0,0,0,0,2,144,0,3,70,0
9.790000,180.00,0.000,0.000,0,0,0.000,0,0,18.000,39.000,55.000,0,0,0,0,0,0,0,0,0,0,2,144,0,3,70,0
9.795000,180.00,0.000,0.000,0,0,0.000,0,0,18.000,39.000,55.000,0,0,0,0,0,0,0,0,0,0,2,144,0,3,70,0
9.800000,180.00,0.000,0.000,0,0,0.000,0,0,18.000,39.000,55.000,0,0,0,0,0,0,0,0,0,0,2,144,0,3,70,0
9.805000,180.00,0.000,0.000,0,0,0.000,0,0,18.000,39.000,55.000,0,0,0,0,0,0,0,0,0,0,2,144,0,3,70,0
9.810000,180.00,0.000,0.000,0,0,0.000,0,0,18.000,39.000,55.000,0,0,0,0,0,0,0,0,0,0,2,144,0,3,70,0
9.815000,180.00,0.000,0.000,0,0,0.000,0,0,18.000,39.000,55.000,0,0,0,0,0,0,0,0,0,0,2,144,0,3,70,0
9.820000,180.00,0.000,0.000,0,0,0.000,0,0,18.000,39.000,55.000,0,0,0,0,0,0,0,0,0,0,2,144,0,3,70,0
9.825000,180.00,0.000,0.000,0,0,0.000,0,0,18.000,39.000,55.000,0,0,0,0,0,0,0,0,0,0,2,144,0,3,70,0
9.830000,180.00,0.000,0.000,0,0,0.000,0,0,18.000,39.000,55.000,0,0,0,0,0,0,0,0,0,0,2,144,0,3,70,0
9.835000,180.00,0.000,0.000,0,0,0.000,0,0,18.000,39.000,55.000,0,0,0,0,0,0,0,0,0,0,2,144,0,3,70,0
9.840000,180.00,0.000,0.000,0,0,0.000,0,0,18.000,39.000,55.000,0,0,0,0,0,0,0,0,0,0,2,144,0,3,70,0
9.845000,180.00,0.000,0.000,0,0,0.000,0,0,18.000,39.000,55.000,0,0,0,0,0,0,0,0,0,0,2,144,0,3,70,0
9.850000,180.00,0.000,0.000,0,0,0.000,0,0,18.000,39.000,55.000,0,0,0,0,0,0,0,0,0,0,2,144,0,3,70,0
9.855000,180.00,0.000,0.000,0,0,0.000,0,0,18.000,39.000,55.000,0,0,0,0,0,0,0,0,0,0,2,144,0,3,70,0
9.860000,180.00,0.000,0.000,0,0,0.000,0,0,18.000,39.000,55.000,0,0,0,0,0,0,0,0,0,0,2,144,0,3,70,0
9.865000,180.00,0.000,0.000,0,0,0.000,0,0,18.000,39.000,55.000,0,0,0,0,0,0,0,0,0,0,2,144,0,3,70,0
9.870000,180.00,0.000,0.000,0,0,0.000,0,0,18.000,39.000,55.000,0,0,0,0,0,0,0,0,0,0,2,144,0,3,70,0
9.875000,180.00,0.000,0.000,0,0,0.000,0,0,18.000,39.000,55.000,0,0,0,0,0,0,0,0,0,0,2,144,0,3,70,0
9.880000,180.00,0.000,0.000,0,0,0.000,0,0,18.000,39.000,55.000,0,0,0,0,0,0,0,0,0,0,2,144,0,3,70,0
9.885000,180.00,0.000,0.000,0,0,0.000,0,0,18.000,39.000,55.000,0,0,0,0,0,0,0,0,0,0,2,144,0,3,70,0
9.890000,180.00,0.000,0.000,0,0,0.000,0,0,18.000,39.000,55.000,0,0,0,0,0,0,0,0,0,0,2,144,0,3,70,0
9.895000,180.00,0.000,0.000,0,0,0.000,0,0,18.000,39.000,55.000,0,0,0,0,0,0,0,0,0,0,2,144,0,3,70,0
9.900000,180.00,0.000,0.000,0,0,0.000,0,0,18.000,39.000,55.000,0,0,0,0,0,0,0,0,0,0,2,144,0,3,70,0
9.905000,180.00,0.000,0.000,0,0,0.000,0,0,18.000,39.000,55.000,0,0,0,0,0,0,0,0,0,0,2,144,0,3,70,0
9.910000,180.00,0.000,0.000,0,0,0.000,0,0,18.000,39.000,55.000,0,0,0,0,0,0,0,0,0,0,2,144,0,3,70,0
9.915000,180.00,0.000,0.000,0,0,0.000,0,0,18.000,39.000,55.000,0,0,0,0,0,0,0,0,0,0,2,144,0,3,70,0
9.920000,180.00,0.000,0.000,0,0,0.000,0,0,18.000,39.000,55.000,0,0,0,0,0,0,0,0,0,0,2,144,0,3,70,0
9.925000,180.00,0.000,0.000,0,0,0.000,0,0,18.000,39.000,55.000,0,0,0,0,0,0,0,0,0,0,2,144,0,3,70,0
9.930000,180.00,0.000,0.000,0,0,0.000,0,0,18.000,39.000,55.000,0,0,0,0,0,0,0,0,0,0,2,144,0,3,70,0
9.935000,180.00,0.000,0.000,0,0,0.000,0,0,18.000,39.000,55.000,0,0,0,0,0,0,0,0,0,0,2,144,0,3,70,0
9.940000,180.00,0.000,0.000,0,0,0.000,0,0,18.000,39.000,55.000,0,0,0,0,0,0,0,0,0,0,2,144,0,3,70,0
9.945000,180.00,0.000,0.000,0,0,0.000,0,0,18.000,39.000,55.000,0,0,0,0,0,0,0,0,0,0,2,144,0,3,70,0
9.950000,180.00,0.000,0.000,0,0,0.000,0,0,18.000,39.000,55.000,0,0,0,0,0,0,0,0,0,0,2,144,0,3,70,0
9.955000,180.00,0.000,0.000,0,0,0.000,0,0,18.000,39.000,55.000,0,0,0,0,0,0,0,0,0,0,2,144,0,3,70,0
9.960000,180.00,0.000,0.000,0,0,0.000,0,0,18.000,39.000,55.000,0,0,0,0,0,0,0,0,0,0,2,144,0,3,70,0
9.965000,180.00,0.000,0.000,0,0,0.000,0,0,18.000,39.000,55.000,0,0,0,0,0,0,0,0,0,0,2,144,0,3,70,0
9.970000,180.00,0.000,0.000,0,0,0.000,0,0,18.000,39.000,55.000,0,0,0,0,0,0,0,0,0,0,2,144,0,3,70,0
9.975000,180.00,0.000,0.000,0,0,0.000,0,0,18.000,39.000,55.000,0,0,0,0,0,0,0,0,0,0,2,144,0,3,70,0
9.980000,180.00,0.000,0.000,0,0,0.000,0,0,18.000,39.000,55.000,0,0,0,0,0,0,0,0,0,0,2,144,0,3,70,0
9.985000,180.00,0.000,0.000,0,0,0.000,0,0,18.000,39.000,55.000,0,0,0,0,0,0,0,0,0,0,2,144,0,3,70,0
9.990000,180.00,0.000,0.000,0,0,0.000,0,0,18.000,39.000,55.000,0,0,0,0,0,0,0,0,0,0,2,144,0,3,70,0
9.995000,180.00,0.000,0.000,0,0,0.000,0,0,18.000,39.000,55.000,0,0,0,0,0,0,0,0,0,0,2,144,0,3,70,0
10.000000,180.00,0.000,0.000,0,0,0.000,0,0,18.000,39.000,55.000,0,0,0,0,0,0,0,0,0,0,2,144,0,3,70,0
