time_s,crank_angle_deg,torque_gen_nm,torque_load_kg,torque_fast_native,torque_run_native,cadence_gen_rpm,cadence_raw_rpm,cadence_control_rpm,speed_kph,battery_v,soc_pct,human_power_w,assist_basis_power_w,motor_power_w,support_pct,iq_mode_request,iq_before_profile_limit,iq_requested,iq_allowed,iq_pre_ramp,iq_ref,session,debug_flags,battery_limit,gate_steps,gate_load_ckg,pedalling
0.005000,0.00,0.000,0.000,0,0,0.000,0,0,18.000,39.000,55.000,0,0,0,0,0,0,0,0,0,0,0,144,0,3,70,0
0.010000,0.00,0.000,0.000,0,0,0.000,0,0,18.000,39.000,55.000,0,0,0,0,0,0,0,0,0,0,0,144,0,3,70,0
0.015000,0.00,0.000,0.000,0,0,0.000,0,0,18.000,39.000,55.000,0,0,0,0,0,0,0,0,0,0,0,144,0,3,70,0
0.020000,0.00,0.000,0.000,0,0,0.000,0,0,18.000,39.000,55.000,0,0,0,0,0,0,0,0,0,0,0,144,0,3,70,0
0.025000,0.00,0.000,0.000,0,0,0.000,0,0,18.000,39.000,55.000,0,0,0,0,0,0,0,0,0,0,0,144,0,3,70,0
0.030000,0.00,0.000,0.000,0,0,0.000,0,0,18.000,39.000,55.000,0,0,0,0,0,0,0,0,0,0,0,144,0,3,70,0
0.035000,0.00,0.000,0.000,0,0,0.000,0,0,18.000,39.000,55.000,0,0,0,0,0,0,0,0,0,0,0,144,0,3,70,0
0.040000,0.00,0.000,0.000,0,0,0.000,0,0,18.000,39.000,55.000,0,0,0,0,0,0,0,0,0,0,0,144,0,3,70,0
0.045000,0.00,0.000,0.000,0,0,0.000,0,0,18.000,39.000,55.000,0,0,0,0,0,0,0,0,0,0,0,144,0,3,70,0
0.050000,0.00,0.000,0.000,0,0,0.000,0,0,18.000,39.000,55.000,0,0,0,0,0,0,0,0,0,0,0,144,0,3,70,0
0.055000,0.00,0.000,0.000,0,0,0.000,0,0,18.000,39.000,55.000,0,0,0,0,0,0,0,0,0,0,0,144,0,3,70,0
0.060000,0.00,0.000,0.000,0,0,0.000,0,0,18.000,39.000,55.000,0,0,0,0,0,0,0,0,0,0,0,144,0,3,70,0
0.065000,0.00,0.000,0.000,0,0,0.000,0,0,18.000,39.000,55.000,0,0,0,0,0,0,0,0,0,0,0,144,0,3,70,0
0.070000,0.00,0.000,0.000,0,0,0.000,0,0,18.000,39.000,55.000,0,0,0,0,0,0,0,0,0,0,0,144,0,3,70,0
0.075000,0.00,0.000,0.000,0,0,0.000,0,0,18.000,39.000,55.000,0,0,0,0,0,0,0,0,0,0,0,144,0,3,70,0
0.080000,0.00,0.000,0.000,0,0,0.000,0,0,18.000,39.000,55.000,0,0,0,0,0,0,0,0,0,0,0,144,0,3,70,0
0.085000,0.00,0.000,0.000,0,0,0.000,0,0,18.000,39.000,55.000,0,0,0,0,0,0,0,0,0,0,0,144,0,3,70,0
0.090000,0.00,0.000,0.000,0,0,0.000,0,0,18.000,39.000,55.000,0,0,0,0,0,0,0,0,0,0,0,144,0,3,70,0
0.095000,0.00,0.000,0.000,0,0,0.000,0,0,18.000,39.000,55.000,0,0,0,0,0,0,0,0,0,0,0,144,0,3,70,0
0.100000,0.00,0.000,0.000,0,0,0.000,0,0,18.000,39.000,55.000,0,0,0,0,0,0,0,0,0,0,0,144,0,3,70,0
0.105000,0.00,0.000,0.000,0,0,0.000,0,0,18.000,39.000,55.000,0,0,0,0,0,0,0,0,0,0,0,144,0,3,70,0
0.110000,0.00,0.000,0.000,0,0,0.000,0,0,18.000,39.000,55.000,0,0,0,0,0,0,0,0,0,0,0,144,0,3,70,0
0.115000,0.00,0.000,0.000,0,0,0.000,0,0,18.000,39.000,55.000,0,0,0,0,0,0,0,0,0,0,0,144,0,3,70,0
0.120000,0.00,0.000,0.000,0,0,0.000,0,0,18.000,39.000,55.000,0,0,0,0,0,0,0,0,0,0,0,144,0,3,70,0
0.125000,0.00,0.000,0.000,0,0,0.000,0,0,18.000,39.000,55.000,0,0,0,0,0,0,0,0,0,0,0,144,0,3,70,0
0.130000,0.00,0.000,0.000,0,0,0.000,0,0,18.000,39.000,55.000,0,0,0,0,0,0,0,0,0,0,0,144,0,3,70,0
0.135000,0.00,0.000,0.000,0,0,0.000,0,0,18.000,39.000,55.000,0,0,0,0,0,0,0,0,0,0,0,144,0,3,70,0
0.140000,0.00,0.000,0.000,0,0,0.000,0,0,18.000,39.000,55.000,0,0,0,0,0,0,0,0,0,0,0,144,0,3,70,0
0.145000,0.00,0.000,0.000,0,0,0.000,0,0,18.000,39.000,55.000,0,0,0,0,0,0,0,0,0,0,0,144,0,3,70,0
0.150000,0.00,0.000,0.000,0,0,0.000,0,0,18.000,39.000,55.000,0,0,0,0,0,0,0,0,0,0,0,144,0,3,70,0
0.155000,0.00,0.000,0.000,0,0,0.000,0,0,18.000,39.000,55.000,0,0,0,0,0,0,0,0,0,0,0,144,0,3,70,0
0.160000,0.00,0.000,0.000,0,0,0.000,0,0,18.000,39.000,55.000,0,0,0,0,0,0,0,0,0,0,0,144,0,3,70,0
0.165000,0.00,0.000,0.000,0,0,0.000,0,0,18.000,39.000,55.000,0,0,0,0,0,0,0,0,0,0,0,144,0,3,70,0
0.170000,0.00,0.000,0.000,0,0,0.000,0,0,18.000,39.000,55.000,0,0,0,0,0,0,0,0,0,0,0,144,0,3,70,0
0.175000,0.00,0.000,0.000,0,0,0.000,0,0,18.000,39.000,55.000,0,0,0,0,0,0,0,0,0,0,0,144,0,3,70,0
0.180000,0.00,0.000,0.000,0,0,0.000,0,0,18.000,39.000,55.000,0,0,0,0,0,0,0,0,0,0,0,144,0,3,70,0
0.185000,0.00,0.000,0.000,0,0,0.000,0,0,18.000,39.000,55.000,0,0,0,0,0,0,0,0,0,0,0,144,0,3,70,0
0.190000,0.00,0.000,0.000,0,0,0.000,0,0,18.000,39.000,55.000,0,0,0,0,0,0,0,0,0,0,0,144,0,3,70,0
0.195000,0.00,0.000,0.000,0,0,0.000,0,0,18.000,39.000,55.000,0,0,0,0,0,0,0,0,0,0,0,144,0,3,70,0
0.200000,0.00,0.000,0.000,0,0,0.000,0,0,18.000,39.000,55.000,0,0,0,0,0,0,0,0,0,0,0,144,0,3,70,0
0.205000,0.00,0.000,0.000,0,0,0.000,0,0,18.000,39.000,55.000,0,0,0,0,0,0,0,0,0,0,0,144,0,3,70,0
0.210000,0.00,0.000,0.000,0,0,0.000,0,0,18.000,39.000,55.000,0,0,0,0,0,0,0,0,0,0,0,144,0,3,70,0
0.215000,0.00,0.000,0.000,0,0,0.000,0,0,18.000,39.000,55.000,0,0,0,0,0,0,0,0,0,0,0,144,0,3,70,0
0.220000,0.00,0.000,0.000,0,0,0.000,0,0,18.000,39.000,55.000,0,0,0,0,0,0,0,0,0,0,0,144,0,3,70,0
0.225000,0.00,0.000,0.000,0,0,0.000,0,0,18.000,39.000,55.000,0,0,0,0,0,0,0,0,0,0,0,144,0,3,70,0
0.230000,0.00,0.000,0.000,0,0,0.000,0,0,18.000,39.000,55.000,0,0,0,0,0,0,0,0,0,0,0,144,0,3,70,0
0.235000,0.00,0.000,0.000,0,0,0.000,0,0,18.000,39.000,55.000,0,0,0,0,0,0,0,0,0,0,0,144,0,3,70,0
0.240000,0.00,0.000,0.000,0,0,0.000,0,0,18.000,39.000,55.000,0,0,0,0,0,0,0,0,0,0,0,144,0,3,70,0
0.245000,0.00,0.000,0.000,0,0,0.000,0,0,18.000,39.000,55.000,0,0,0,0,0,0,0,0,0,0,0,144,0,3,70,0
0.250000,0.00,0.000,0.000,0,0,0.000,0,0,18.000,39.000,55.000,0,0,0,0,0,0,0,0,0,0,0,144,0,3,70,0
0.255000,0.00,0.000,0.000,0,0,0.000,0,0,18.000,39.000,55.000,0,0,0,0,0,0,0,0,0,0,0,144,0,3,70,0
0.260000,0.00,0.000,0.000,0,0,0.000,0,0,18.000,39.000,55.000,0,0,0,0,0,0,0,0,0,0,0,144,0,3,70,0
0.265000,0.00,0.000,0.000,0,0,0.000,0,0,18.000,39.000,55.000,0,0,0,0,0,0,0,0,0,0,0,144,0,3,70,0
0.270000,0.00,0.000,0.000,0,0,0.000,0,0,18.000,39.000,55.000,0,0,0,0,0,0,0,0,0,0,0,144,0,3,70,0
0.275000,0.00,0.000,0.000,0,0,0.000,0,0,18.000,39.000,55.000,0,0,0,0,0,0,0,0,0,0,0,144,0,3,70,0
0.280000,0.00,0.000,0.000,0,0,0.000,0,0,18.000,39.000,55.000,0,0,0,0,0,0,0,0,0,0,0,144,0,3,70,0
0.285000,0.00,0.000,0.000,0,0,0.000,0,0,18.000,39.000,55.000,0,0,0,0,0,0,0,0,0,0,0,144,0,3,70,0
0.290000,0.00,0.000,0.000,0,0,0.000,0,0,18.000,39.000,55.000,0,0,0,0,0,0,0,0,0,0,0,144,0,3,70,0
0.295000,0.00,0.000,0.000,0,0,0.000,0,0,18.000,39.000,55.000,0,0,0,0,0,0,0,0,0,0,0,144,0,3,70,0
0.300000,0.00,0.000,0.000,0,0,0.000,0,0,18.000,39.000,55.000,0,0,0,0,0,0,0,0,0,0,0,144,0,3,70,0
0.305000,0.00,0.000,0.000,0,0,0.000,0,0,18.000,39.000,55.000,0,0,0,0,0,0,0,0,0,0,0,144,0,3,70,0
0.310000,0.00,0.000,0.000,0,0,0.000,0,0,18.000,39.000,55.000,0,0,0,0,0,0,0,0,0,0,0,144,0,3,70,0
0.315000,0.00,0.000,0.000,0,0,0.000,0,0,18.000,39.000,55.000,0,0,0,0,0,0,0,0,0,0,0,144,0,3,70,0
0.320000,0.00,0.000,0.000,0,0,0.000,0,0,18.000,39.000,55.000,0,0,0,0,0,0,0,0,0,0,0,144,0,3,70,0
0.325000,0.00,0.000,0.000,0,0,0.000,0,0,18.000,39.000,55.000,0,0,0,0,0,0,0,0,0,0,0,144,0,3,70,0
0.330000,0.00,0.000,0.000,0,0,0.000,0,0,18.000,39.000,55.000,0,0,0,0,0,0,0,0,0,0,0,144,0,3,70,0
0.335000,0.00,0.000,0.000,0,0,0.000,0,0,18.000,39.000,55.000,0,0,0,0,0,0,0,0,0,0,0,144,0,3,70,0
0.340000,0.00,0.000,0.000,0,0,0.000,0,0,18.000,39.000,55.000,0,0,0,0,0,0,0,0,0,0,0,144,0,3,70,0
0.345000,0.00,0.000,0.000,0,0,0.000,0,0,18.000,39.000,55.000,0,0,0,0,0,0,0,0,0,0,0,144,0,3,70,0
0.350000,0.00,0.000,0.000,0,0,0.000,0,0,18.000,39.000,55.000,0,0,0,0,0,0,0,0,0,0,0,144,0,3,70,0
0.355000,0.00,0.000,0.000,0,0,0.000,0,0,18.000,39.000,55.000,0,0,0,0,0,0,0,0,0,0,0,144,0,3,70,0
0.360000,0.00,0.000,0.000,0,0,0.000,0,0,18.000,39.000,55.000,0,0,0,0,0,0,0,0,0,0,0,144,0,3,70,0
0.365000,0.00,0.000,0.000,0,0,0.000,0,0,18.000,39.000,55.000,0,0,0,0,0,0,0,0,0,0,0,144,0,3,70,0
0.370000,0.00,0.000,0.000,0,0,0.000,0,0,18.000,39.000,55.000,0,0,0,0,0,0,0,0,0,0,0,144,0,3,70,0
0.375000,0.00,0.000,0.000,0,0,0.000,0,0,18.000,39.000,55.000,0,0,0,0,0,0,0,0,0,0,0,144,0,3,70,0
0.380000,0.00,0.000,0.000,0,0,0.000,0,0,18.000,39.000,55.000,0,0,0,0,0,0,0,0,0,0,0,144,0,3,70,0
0.385000,0.00,0.000,0.000,0,0,0.000,0,0,18.000,39.000,55.000,0,0,0,0,0,0,0,0,0,0,0,144,0,3,70,0
0.390000,0.00,0.000,0.000,0,0,0.000,0,0,18.000,39.000,55.000,0,0,0,0,0,0,0,0,0,0,0,144,0,3,70,0
0.395000,0.00,0.000,0.000,0,0,0.000,0,0,18.000,39.000,55.000,0,0,0,0,0,0,0,0,0,0,0,144,0,3,70,0
0.400000,0.00,0.000,0.000,0,0,0.000,0,0,18.000,39.000,55.000,0,0,0,0,0,0,0,0,0,0,0,144,0,3,70,0
0.405000,0.00,0.000,0.000,0,0,0.000,0,0,18.000,39.000,55.000,0,0,0,0,0,0,0,0,0,0,0,144,0,3,70,0
0.410000,0.00,0.000,0.000,0,0,0.000,0,0,18.000,39.000,55.000,0,0,0,0,0,0,0,0,0,0,0,144,0,3,70,0
0.415000,0.00,0.000,0.000,0,0,0.000,0,0,18.000,39.000,55.000,0,0,0,0,0,0,0,0,0,0,0,144,0,3,70,0
0.420000,0.00,0.000,0.000,0,0,0.000,0,0,18.000,39.000,55.000,0,0,0,0,0,0,0,0,0,0,0,144,0,3,70,0
0.425000,0.00,0.000,0.000,0,0,0.000,0,0,18.000,39.000,55.000,0,0,0,0,0,0,0,0,0,0,0,144,0,3,70,0
0.430000,0.00,0.000,0.000,0,0,0.000,0,0,18.000,39.000,55.000,0,0,0,0,0,0,0,0,0,0,0,144,0,3,70,0
0.435000,0.00,0.000,0.000,0,0,0.000,0,0,18.000,39.000,55.000,0,0,0,0,0,0,0,0,0,0,0,144,0,3,70,0
0.440000,0.00,0.000,0.000,0,0,0.000,0,0,18.000,39.000,55.000,0,0,0,0,0,0,0,0,0,0,0,144,0,3,70,0
0.445000,0.00,0.000,0.000,0,0,0.000,0,0,18.000,39.000,55.000,0,0,0,0,0,0,0,0,0,0,0,144,0,3,70,0
0.450000,0.00,0.000,0.000,0,0,0.000,0,0,18.000,39.000,55.000,0,0,0,0,0,0,0,0,0,0,0,144,0,3,70,0
0.455000,0.00,0.000,0.000,0,0,0.000,0,0,18.000,39.000,55.000,0,0,0,0,0,0,0,0,0,0,0,144,0,3,70,0
0.460000,0.00,0.000,0.000,0,0,0.000,0,0,18.000,39.000,55.000,0,0,0,0,0,0,0,0,0,0,0,144,0,3,70,0
0.465000,0.00,0.000,0.000,0,0,0.000,0,0,18.000,39.000,55.000,0,0,0,0,0,0,0,0,0,0,0,144,0,3,70,0
0.470000,0.00,0.000,0.000,0,0,0.000,0,0,18.000,39.000,55.000,0,0,0,0,0,0,0,0,0,0,0,144,0,3,70,0
0.475000,0.00,0.000,0.000,0,0,0.000,0,0,18.000,39.000,55.000,0,0,0,0,0,0,0,0,0,0,0,144,0,3,70,0
0.480000,0.00,0.000,0.000,0,0,0.000,0,0,18.000,39.000,55.000,0,0,0,0,0,0,0,0,0,0,0,144,0,3,70,0
0.485000,0.00,0.000,0.000,0,0,0.000,0,0,18.000,39.000,55.000,0,0,0,0,0,0,0,0,0,0,0,144,0,3,70,0
0.490000,0.00,0.000,0.000,0,0,0.000,0,0,18.000,39.000,55.000,0,0,0,0,0,0,0,0,0,0,0,144,0,3,70,0
0.495000,0.00,0.000,0.000,0,0,0.000,0,0,18.000,39.000,55.000,0,0,0,0,0,0,0,0,0,0,0,144,0,3,70,0
0.500000,0.11,28.079,16.820,2,0,72.000,0,0,18.000,39.000,55.000,0,0,0,0,0,0,0,0,0,0,0,16,0,3,70,1
0.505000,2.27,29.661,17.800,48,1,72.000,0,0,18.000,39.000,55.000,0,0,0,0,0,0,0,0,0,0,0,16,0,3,70,1
0.510000,4.43,31.237,18.730,90,4,72.000,0,0,18.000,39.000,55.000,0,0,0,0,0,0,0,0,0,0,0,16,0,3,70,1
0.515000,6.59,32.800,19.650,129,8,72.000,0,0,18.000,39.000,55.000,0,0,0,0,0,0,0,0,0,0,0,16,0,3,70,1
0.520000,8.75,34.343,20.580,164,14,72.000,0,0,18.000,39.000,55.000,0,0,0,160,10,10,0,0,0,0,0,16,0,3,30,1
0.525000,10.91,35.862,21.500,198,21,72.000,0,0,18.000,39.000,55.000,0,0,0,160,15,15,0,0,0,0,0,16,0,3,30,1
0.530000,13.07,37.349,22.430,229,204,72.000,0,0,18.000,39.000,55.000,0,0,0,160,160,160,160,160,160,14,1,0,0,3,30,1
0.535000,15.23,38.799,23.300,258,206,72.000,0,0,18.000,39.000,55.000,0,0,0,160,162,162,162,162,162,31,1,0,0,3,30,1
0.540000,17.39,40.207,24.110,285,209,72.000,0,0,18.000,39.000,55.000,0,0,0,160,165,165,165,165,165,48,1,0,0,3,30,1
0.545000,19.55,41.567,24.930,311,212,72.000,71,71,18.000,39.000,55.000,299,115,184,160,84,84,84,84,84,65,1,0,0,3,30,1
0.550000,21.71,42.874,25.740,335,217,72.000,71,71,18.000,39.000,55.000,309,118,189,160,86,86,86,86,86,82,1,0,0,3,30,1
0.555000,23.87,44.122,26.450,358,222,72.000,71,71,18.000,39.000,55.000,318,121,194,160,88,88,88,88,88,88,1,0,0,3,30,1
0.560000,26.03,45.309,27.160,379,228,72.000,71,71,18.000,39.000,55.000,326,125,201,160,91,91,91,91,91,91,1,0,0,3,30,1
0.565000,28.19,46.428,27.870,400,235,72.000,71,71,18.000,39.000,55.000,335,130,208,160,95,95,95,95,95,95,1,0,0,3,30,1
0.570000,30.35,47.476,28.460,419,242,72.000,71,71,18.000,39.000,55.000,342,134,215,160,98,98,98,98,98,98,1,0,0,3,30,1
0.575000,32.51,48.450,29.060,437,249,72.000,71,71,18.000,39.000,55.000,349,139,223,160,101,101,101,101,101,101,1,0,0,3,30,1
0.580000,34.67,49.346,29.610,454,257,72.000,71,71,18.000,39.000,55.000,356,144,231,160,105,105,105,105,105,105,1,0,0,3,30,1
0.585000,36.83,50.161,30.100,470,266,72.000,71,71,18.000,39.000,55.000,362,150,241,160,109,109,109,109,109,109,1,0,0,3,30,1
0.590000,38.99,50.893,30.530,485,274,72.000,71,71,18.000,39.000,55.000,367,155,249,160,113,113,113,113,113,113,1,0,0,3,30,1
0.595000,41.15,51.541,30.910,499,283,72.000,71,71,18.000,39.000,55.000,371,161,258,160,118,118,118,118,118,118,1,0,0,3,30,1
0.600000,43.31,52.101,31.240,512,292,72.000,71,71,18.000,39.000,55.000,375,167,268,160,122,122,122,122,122,122,1,0,0,3,30,1
0.605000,45.47,52.574,31.560,524,302,72.000,71,71,18.000,39.000,55.000,379,174,278,160,127,127,127,127,127,127,1,0,0,3,30,1
0.610000,47.63,52.959,31.780,536,311,72.000,71,71,18.000,39.000,55.000,382,180,288,160,131,131,131,131,131,131,1,0,0,3,30,1
0.615000,49.79,53.254,31.950,546,320,72.000,71,71,18.000,39.000,55.000,384,185,297,160,135,135,135,135,135,135,1,0,0,3,30,1
0.620000,51.95,53.460,32.050,555,330,72.000,71,71,18.000,39.000,55.000,385,192,308,160,140,140,140,140,140,140,1,0,0,3,30,1
0.625000,54.11,53.579,32.160,563,339,72.000,71,71,18.000,39.000,55.000,386,198,317,160,144,144,144,144,144,144,1,0,0,3,30,1
0.630000,56.27,53.609,32.160,570,348,72.000,71,71,18.000,39.000,55.000,386,204,326,160,149,149,149,149,149,149,1,0,0,3,30,1
0.635000,58.43,53.554,32.110,576,357,72.000,71,71,18.000,39.000,55.000,386,210,336,160,153,153,153,153,153,153,1,0,0,3,30,1
0.640000,60.59,53.415,32.050,582,366,72.000,71,71,18.000,39.000,55.000,385,216,345,160,157,157,157,157,157,157,1,0,0,3,30,1
0.645000,62.75,53.194,31.890,586,375,72.000,71,71,18.000,39.000,55.000,383,222,355,160,162,162,162,162,162,162,1,0,0,3,30,1
0.650000,64.91,52.893,31.730,589,384,72.000,71,71,18.000,39.000,55.000,381,227,364,160,166,166,166,166,166,166,1,0,0,3,30,1
0.655000,67.07,52.515,31.510,591,392,72.000,71,71,18.000,39.000,55.000,378,233,372,160,170,170,170,170,170,170,1,0,0,3,30,1
0.660000,69.23,52.064,31.240,593,400,72.000,71,71,18.000,39.000,55.000,375,238,381,160,173,173,173,173,173,173,1,0,0,3,30,1
0.665000,71.39,51.544,30.910,593,408,72.000,71,71,18.000,39.000,55.000,371,243,389,160,177,177,177,177,177,177,1,0,0,3,30,1
0.670000,73.55,50.957,30.590,593,416,72.000,71,71,18.000,39.000,55.000,367,248,398,160,181,181,181,181,181,181,1,0,0,3,30,1
0.675000,75.71,50.308,30.210,592,423,72.000,71,71,18.000,39.000,55.000,363,253,405,160,184,184,184,184,184,184,1,0,0,3,30,1
0.680000,77.87,49.603,29.770,590,430,72.000,71,71,18.000,39.000,55.000,358,257,412,160,188,188,188,188,188,188,1,0,0,3,30,1
0.685000,80.03,48.844,29.280,587,436,72.000,71,71,18.000,39.000,55.000,352,261,418,160,191,191,191,191,191,191,1,0,0,3,30,1
0.690000,82.19,48.038,28.790,583,442,72.000,71,71,18.000,39.000,55.000,346,265,425,160,194,194,194,194,194,194,1,0,0,3,30,1
0.695000,84.35,47.188,28.300,579,448,72.000,71,71,18.000,39.000,55.000,340,269,431,160,196,196,196,196,196,196,1,0,0,3,30,1
0.700000,86.51,46.301,27.760,574,453,72.000,71,71,18.000,39.000,55.000,333,273,436,160,199,199,199,199,199,199,1,0,0,3,30,1
0.705000,88.67,45.381,27.210,568,458,72.000,71,71,18.000,39.000,55.000,327,276,442,160,201,201,201,201,201,201,1,0,0,3,30,1
0.710000,90.83,44.434,26.670,562,462,72.000,71,71,18.000,39.000,55.000,320,278,446,160,203,203,203,203,203,203,1,0,0,3,30,1
0.715000,92.99,43.465,26.070,555,466,72.000,71,71,18.000,39.000,55.000,313,281,450,160,205,205,205,205,205,205,1,0,0,3,30,1
0.720000,95.15,42.480,25.470,548,469,72.000,71,71,18.000,39.000,55.000,306,283,453,160,206,206,206,206,206,206,1,0,0,3,30,1
0.725000,97.31,41.484,24.870,540,472,72.000,71,71,18.000,39.000,55.000,299,285,456,160,208,208,208,208,208,208,1,0,0,3,30,1
0.730000,99.47,40.482,24.280,531,475,72.000,71,71,18.000,39.000,55.000,292,287,459,160,209,209,209,209,209,209,1,0,0,3,30,1
0.735000,101.63,39.480,23.680,523,477,72.000,71,71,18.000,39.000,55.000,284,288,461,160,210,210,210,210,210,210,1,0,0,3,30,1
0.740000,103.79,38.483,23.080,514,479,72.000,71,71,18.000,39.000,55.000,277,289,463,160,211,211,211,211,211,211,1,0,0,3,30,1
0.745000,105.95,37.496,22.480,504,480,72.000,71,71,18.000,39.000,55.000,270,290,465,160,212,212,212,212,212,212,1,0,0,3,30,1
0.750000,108.11,36.523,21.880,495,481,72.000,71,71,18.000,39.000,55.000,263,291,466,160,212,212,212,212,212,212,1,0,0,3,30,1
0.755000,110.27,35.571,21.340,485,481,72.000,72,71,18.000,39.000,55.000,256,291,466,160,212,212,212,212,212,212,1,0,0,3,30,1
0.760000,112.43,34.642,20.790,476,481,72.000,72,71,18.000,39.000,55.000,250,291,466,160,212,212,212,212,212,212,1,0,0,3,30,1
0.765000,114.59,33.742,20.250,466,481,72.000,72,71,18.000,39.000,55.000,243,291,466,160,212,212,212,212,212,212,1,0,0,3,30,1
0.770000,116.75,32.874,19.710,456,480,72.000,72,71,18.000,39.000,55.000,237,290,465,160,212,212,212,212,212,212,1,0,0,3,30,1
0.775000,118.91,32.043,19.220,446,480,72.000,72,71,18.000,39.000,55.000,231,290,465,160,212,212,212,212,212,212,1,0,0,3,30,1
0.780000,121.07,31.251,18.730,437,479,72.000,72,71,18.000,39.000,55.000,225,289,463,160,211,211,211,211,211,211,1,0,0,3,30,1
0.785000,123.23,30.502,18.290,427,478,72.000,72,71,18.000,39.000,55.000,219,289,463,160,211,211,211,211,211,211,1,0,0,3,30,1
0.790000,125.39,29.799,17.860,418,477,72.000,71,71,18.000,39.000,55.000,214,288,461,160,210,210,210,210,210,210,1,0,0,3,30,1
0.795000,127.55,29.144,17.480,409,476,72.000,71,71,18.000,39.000,55.000,210,288,460,160,210,210,210,210,210,210,1,0,0,3,30,1
0.800000,129.71,28.539,17.100,400,475,72.000,71,71,18.000,39.000,55.000,205,287,459,160,209,209,209,209,209,209,1,0,0,3,30,1
0.805000,131.87,27.986,16.770,392,473,72.000,71,71,18.000,39.000,55.000,201,286,457,160,208,208,208,208,208,208,1,0,0,3,30,1
0.810000,134.03,27.486,16.500,384,471,72.000,71,71,18.000,39.000,55.000,198,284,455,160,207,207,207,207,207,207,1,0,0,3,30,1
0.815000,136.19,27.041,16.230,376,470,72.000,71,71,18.000,39.000,55.000,195,284,454,160,207,207,207,207,207,207,1,0,0,3,30,1
0.820000,138.35,26.651,16.010,369,468,72.000,71,71,18.000,39.000,55.000,192,282,452,160,206,206,206,206,206,206,1,0,0,3,30,1
0.825000,140.51,26.316,15.790,362,466,72.000,71,71,18.000,39.000,55.000,189,281,450,160,205,205,205,205,205,205,1,0,0,3,30,1
0.830000,142.67,26.037,15.630,356,464,72.000,71,71,18.000,39.000,55.000,187,280,448,160,204,204,204,204,204,204,1,0,0,3,30,1
0.835000,144.83,25.812,15.460,350,462,72.000,71,71,18.000,39.000,55.000,185,278,446,160,203,203,203,203,203,203,1,0,0,3,30,1
0.840000,146.99,25.640,15.360,344,459,72.000,71,71,18.000,39.000,55.000,184,276,443,160,202,202,202,202,202,202,1,0,0,3,30,1
0.845000,149.15,25.521,15.300,340,457,72.000,71,71,18.000,39.000,55.000,184,275,441,160,201,201,201,201,201,201,1,0,0,3,30,1
0.850000,151.31,25.453,15.250,335,455,72.000,71,71,18.000,39.000,55.000,183,274,438,160,200,200,200,200,200,200,1,0,0,3,30,1
0.855000,153.47,25.433,15.250,331,452,72.000,71,71,18.000,39.000,55.000,183,272,435,160,198,198,198,198,198,198,1,0,0,3,30,1
0.860000,155.63,25.460,15.250,328,450,72.000,71,71,18.000,39.000,55.000,183,271,433,160,197,197,197,197,197,197,1,0,0,3,30,1
0.865000,157.79,25.531,15.300,325,447,72.000,71,71,18.000,39.000,55.000,184,269,430,160,196,196,196,196,196,196,1,0,0,3,30,1
0.870000,159.95,25.644,15.360,323,445,72.000,71,71,18.000,39.000,55.000,184,267,428,160,195,195,195,195,195,195,1,0,0,3,30,1
0.875000,162.11,25.794,15.460,321,443,72.000,71,71,18.000,39.000,55.000,185,266,426,160,194,194,194,194,194,194,1,0,0,3,30,1
0.880000,164.27,25.978,15.570,320,440,72.000,71,71,18.000,39.000,55.000,187,264,423,160,193,193,193,193,193,193,1,0,0,3,30,1
0.885000,166.43,26.194,15.740,319,438,72.000,71,71,18.000,39.000,55.000,189,263,421,160,192,192,192,192,192,192,1,0,0,3,30,1
0.890000,168.59,26.437,15.850,319,436,72.000,71,71,18.000,39.000,55.000,190,261,418,160,191,191,191,191,191,191,1,0,0,3,30,1
0.895000,170.75,26.702,16.010,319,433,72.000,71,71,18.000,39.000,55.000,192,259,415,160,189,189,189,189,189,189,1,0,0,3,30,1
0.900000,172.91,26.987,16.170,319,431,72.000,71,71,18.000,39.000,55.000,194,258,413,160,188,188,188,188,188,188,1,0,0,3,30,1
0.905000,175.07,27.286,16.390,320,429,72.000,71,71,18.000,39.000,55.000,197,257,411,160,187,187,187,187,187,187,1,0,0,3,30,1
0.910000,177.23,27.595,16.550,321,427,72.000,71,71,18.000,39.000,55.000,199,255,409,160,186,186,186,186,186,186,1,0,0,3,30,1
0.915000,179.39,27.910,16.720,322,425,72.000,71,71,18.000,39.000,55.000,201,254,407,160,185,185,185,185,185,185,1,0,0,3,30,1
0.920000,181.55,28.227,16.930,324,423,72.000,71,71,18.000,39.000,55.000,203,253,405,160,184,184,184,184,184,184,1,0,0,3,30,1
0.925000,183.71,28.540,17.100,326,421,72.000,71,71,18.000,39.000,55.000,205,252,403,160,183,183,183,183,183,183,1,0,0,3,30,1
0.930000,185.87,28.845,17.310,328,419,72.000,71,71,18.000,39.000,55.000,208,250,401,160,183,183,183,183,183,183,1,0,0,3,30,1
0.935000,188.03,29.139,17.480,330,417,72.000,71,71,18.000,39.000,55.000,210,249,399,160,182,182,182,182,182,182,1,0,0,3,30,1
0.940000,190.19,29.415,17.640,333,416,72.000,71,71,18.000,39.000,55.000,212,248,398,160,181,181,181,181,181,181,1,0,0,3,30,1
0.945000,192.35,29.672,17.800,335,414,72.000,71,71,18.000,39.000,55.000,214,247,396,160,180,180,180,180,180,180,1,0,0,3,30,1
0.950000,194.51,29.903,17.970,338,413,72.000,71,71,18.000,39.000,55.000,216,246,394,160,180,180,180,180,180,180,1,0,0,3,30,1
0.955000,196.67,30.106,18.080,340,411,72.000,71,71,18.000,39.000,55.000,217,245,392,160,179,179,179,179,179,179,1,0,0,3,30,1
0.960000,198.83,30.276,18.180,343,410,72.000,71,71,18.000,39.000,55.000,218,244,391,160,178,178,178,178,178,178,1,0,0,3,30,1
0.965000,200.99,30.410,18.240,345,409,72.000,71,71,18.000,39.000,55.000,219,244,390,160,178,178,178,178,178,178,1,0,0,3,30,1
0.970000,203.15,30.505,18.290,347,407,72.000,71,71,18.000,39.000,55.000,219,242,388,160,177,177,177,177,177,177,1,0,0,3,30,1
0.975000,205.31,30.557,18.350,349,406,72.000,71,71,18.000,39.000,55.000,220,242,387,160,176,176,176,176,176,176,1,0,0,3,30,1
0.980000,207.47,30.564,18.350,351,405,72.000,71,71,18.000,39.000,55.000,220,241,386,160,176,176,176,176,176,176,1,0,0,3,30,1
0.985000,209.63,30.524,18.290,352,404,72.000,71,71,18.000,39.000,55.000,219,240,385,160,175,175,175,175,175,175,1,0,0,3,30,1
0.990000,211.79,30.434,18.240,354,403,72.000,71,71,18.000,39.000,55.000,219,240,384,160,175,175,175,175,175,175,1,0,0,3,30,1
0.995000,213.95,30.292,18.180,355,402,72.000,71,71,18.000,39.000,55.000,218,239,383,160,174,174,174,174,174,174,1,0,0,3,30,1
1.000000,216.11,30.098,18.080,355,401,72.000,71,71,18.000,39.000,55.000,217,238,382,160,174,174,174,174,174,174,1,0,0,3,30,1
1.005000,218.27,29.849,17.910,355,401,72.000,71,71,18.000,39.000,55.000,215,238,382,160,174,174,174,174,174,174,1,0,0,3,30,1
1.010000,220.43,29.545,17.690,355,400,72.000,71,71,18.000,39.000,55.000,212,238,381,160,173,173,173,173,173,173,1,0,0,3,30,1
1.015000,222.59,29.186,17.530,354,399,72.000,71,71,18.000,39.000,55.000,210,237,380,160,173,173,173,173,173,173,1,0,0,3,30,1
1.020000,224.75,28.772,17.260,353,398,72.000,71,71,18.000,39.000,55.000,207,237,379,160,173,173,173,173,173,173,1,0,0,3,30,1
1.025000,226.91,28.304,16.990,351,397,72.000,71,71,18.000,39.000,55.000,204,236,378,160,172,172,172,172,172,172,1,0,0,3,30,1
1.030000,229.07,27.781,16.660,349,396,72.000,71,71,18.000,39.000,55.000,200,235,377,160,172,172,172,172,172,172,1,0,0,3,30,1
1.035000,231.23,27.205,16.330,347,395,72.000,71,71,18.000,39.000,55.000,196,235,376,160,171,171,171,171,171,171,1,0,0,3,30,1
1.040000,233.39,26.579,15.950,343,394,72.000,71,71,18.000,39.000,55.000,191,234,375,160,171,171,171,171,171,171,1,0,0,3,30,1
1.045000,235.55,25.902,15.520,339,393,72.000,71,71,18.000,39.000,55.000,186,233,374,160,170,170,170,170,170,170,1,0,0,3,30,1
1.050000,237.71,25.179,15.080,335,392,72.000,71,71,18.000,39.000,55.000,181,233,372,160,170,170,170,170,170,170,1,0,0,3,30,1
1.055000,239.87,24.411,14.650,330,391,72.000,71,71,18.000,39.000,55.000,176,232,371,160,169,169,169,169,169,169,1,0,0,3,30,1
1.060000,242.03,23.602,14.160,325,390,72.000,71,71,18.000,39.000,55.000,170,231,370,160,169,169,169,169,169,169,1,0,0,3,30,1
1.065000,244.19,22.754,13.670,319,389,72.000,72,71,18.000,39.000,55.000,164,231,369,160,168,168,168,168,168,168,1,0,0,3,30,1
1.070000,246.35,21.872,13.130,313,387,72.000,72,71,18.000,39.000,55.000,157,229,367,160,167,167,167,167,167,167,1,0,0,3,30,1
1.075000,248.51,20.959,12.580,306,386,72.000,72,71,18.000,39.000,55.000,151,229,366,160,167,167,167,167,167,167,1,0,0,3,30,1
1.080000,250.67,20.019,11.980,299,384,72.000,72,71,18.000,39.000,55.000,144,227,364,160,166,166,166,166,166,166,1,0,0,3,30,1
1.085000,252.83,19.057,11.440,291,382,72.000,72,71,18.000,39.000,55.000,137,226,362,160,165,165,165,165,165,165,1,0,0,3,30,1
1.090000,254.99,18.078,10.840,283,380,72.000,72,71,18.000,39.000,55.000,130,225,360,160,164,164,164,164,164,164,1,0,0,3,30,1
1.095000,257.15,17.086,10.240,274,378,72.000,72,71,18.000,39.000,55.000,123,223,358,160,163,163,163,163,163,163,1,0,0,3,30,1
1.100000,259.31,16.086,9.640,266,376,72.000,71,71,18.000,39.000,55.000,115,222,356,160,162,162,162,162,162,162,1,0,0,3,30,1
1.105000,261.47,15.083,9.050,257,374,72.000,71,71,18.000,39.000,55.000,108,221,354,160,161,161,161,161,161,161,1,0,0,3,30,1
1.110000,263.63,14.083,8.450,247,372,72.000,71,71,18.000,39.000,55.000,101,219,351,160,160,160,160,160,160,160,1,0,0,3,30,1
1.115000,265.79,13.091,7.850,238,369,72.000,71,71,18.000,39.000,55.000,94,218,348,160,159,159,159,159,159,159,1,0,0,3,30,1
1.120000,267.95,12.113,7.250,228,367,72.000,71,71,18.000,39.000,55.000,87,216,346,160,158,158,158,158,158,158,1,0,0,3,30,1
1.125000,270.11,11.153,6.710,218,364,72.000,71,71,18.000,39.000,55.000,80,214,343,160,156,156,156,156,156,156,1,0,0,3,30,1
1.130000,272.27,10.217,6.110,208,361,72.000,71,71,18.000,39.000,55.000,73,212,340,160,155,155,155,155,155,155,1,0,0,3,30,1
1.135000,274.43,9.310,5.590,198,358,72.000,71,71,18.000,39.000,55.000,67,210,337,160,153,153,153,153,153,153,1,0,0,3,30,1
1.140000,276.59,8.439,5.050,187,354,72.000,71,71,18.000,39.000,55.000,60,208,333,160,151,151,151,151,151,151,1,0,0,3,30,1
1.145000,278.75,7.607,4.560,177,351,72.000,71,71,18.000,39.000,55.000,54,206,330,160,150,150,150,150,150,150,1,0,0,3,30,1
1.150000,280.91,6.821,4.110,166,348,72.000,71,71,18.000,39.000,55.000,49,204,326,160,149,149,149,149,149,149,1,0,0,3,30,1
1.155000,283.07,6.085,3.660,155,344,72.000,71,71,18.000,39.000,55.000,44,201,322,160,147,147,147,147,147,147,1,0,0,3,30,1
1.160000,285.23,5.403,3.250,144,340,72.000,71,71,18.000,39.000,55.000,39,199,318,160,145,145,145,145,145,145,1,0,0,3,30,1
1.165000,287.39,4.781,2.880,133,336,72.000,71,71,18.000,39.000,55.000,34,196,314,160,143,143,143,143,143,143,1,0,0,3,30,1
1.170000,289.55,4.222,2.550,123,332,72.000,71,71,18.000,39.000,55.000,30,193,310,160,141,141,141,141,141,141,1,0,0,3,30,1
1.175000,291.71,3.732,2.260,113,328,72.000,71,71,18.000,39.000,55.000,27,191,305,160,139,139,139,139,139,139,1,0,0,3,30,1
1.180000,293.87,3.312,1.970,103,323,72.000,71,71,18.000,39.000,55.000,23,187,300,160,137,137,137,137,137,137,1,0,0,3,30,1
1.185000,296.03,2.967,1.770,94,319,72.000,71,71,18.000,39.000,55.000,21,185,296,160,135,135,135,135,135,135,1,0,0,3,30,1
1.190000,298.19,2.701,1.600,86,315,72.000,71,71,18.000,39.000,55.000,19,182,292,160,133,133,133,133,133,133,1,0,0,3,30,1
1.195000,300.35,2.514,1.520,78,310,72.000,71,71,18.000,39.000,55.000,18,179,287,160,130,130,130,130,130,130,1,0,0,3,30,1
1.200000,302.51,2.411,1.440,71,305,72.000,71,71,18.000,39.000,55.000,17,176,281,160,128,128,128,128,128,128,1,0,0,3,30,1
1.205000,304.67,2.393,1.440,65,301,72.000,71,71,18.000,39.000,55.000,17,173,277,160,126,126,126,126,126,126,1,0,0,3,30,1
1.210000,306.83,2.462,1.480,60,296,72.000,71,71,18.000,39.000,55.000,17,170,272,160,124,124,124,124,124,124,1,0,0,3,30,1
1.215000,308.99,2.618,1.560,56,291,72.000,71,71,18.000,39.000,55.000,18,167,267,160,121,121,121,121,121,121,1,0,0,3,30,1
1.220000,311.15,2.863,1.730,52,287,72.000,71,71,18.000,39.000,55.000,20,164,263,160,120,120,120,120,120,120,1,0,0,3,30,1
1.225000,313.31,3.197,1.930,50,282,72.000,71,71,18.000,39.000,55.000,23,161,257,160,117,117,117,117,117,117,1,0,0,3,30,1
1.230000,315.47,3.620,2.180,49,277,72.000,71,71,18.000,39.000,55.000,26,157,252,160,115,115,115,115,115,115,1,0,0,3,30,1
1.235000,317.63,4.131,2.470,48,273,72.000,71,71,18.000,39.000,55.000,29,155,248,160,113,113,113,113,113,113,1,0,0,3,30,1
1.240000,319.79,4.729,2.840,49,268,72.000,71,71,18.000,39.000,55.000,34,152,243,160,110,110,110,110,110,110,1,0,0,3,30,1
1.245000,321.95,5.414,3.250,51,264,72.000,71,71,18.000,39.000,55.000,39,149,239,160,109,109,109,109,109,109,1,0,0,3,30,1
1.250000,324.11,6.182,3.700,54,260,72.000,71,71,18.000,39.000,55.000,44,146,234,160,107,107,107,107,107,107,1,0,0,3,30,1
1.255000,326.27,7.033,4.230,59,256,72.000,71,71,18.000,39.000,55.000,50,144,230,160,105,105,105,105,105,105,1,0,0,3,30,1
1.260000,328.43,7.963,4.770,64,252,72.000,71,71,18.000,39.000,55.000,57,141,226,160,103,103,103,103,103,103,1,0,0,3,30,1
1.265000,330.59,8.969,5.380,71,249,72.000,71,71,18.000,39.000,55.000,64,139,223,160,101,101,101,101,101,101,1,0,0,3,30,1
1.270000,332.75,10.049,6.050,78,245,72.000,71,71,18.000,39.000,55.000,72,136,218,160,99,99,99,99,99,99,1,0,0,3,30,1
1.275000,334.91,11.197,6.710,87,242,72.000,71,71,18.000,39.000,55.000,80,134,215,160,98,98,98,98,98,98,1,0,0,3,30,1
1.280000,337.07,12.411,7.410,96,239,72.000,71,71,18.000,39.000,55.000,89,133,212,160,97,97,97,97,97,97,1,0,0,3,30,1
1.285000,339.23,13.686,8.230,106,236,72.000,71,71,18.000,39.000,55.000,98,131,209,160,95,95,95,95,95,95,1,0,0,3,30,1
1.290000,341.39,15.016,8.990,117,234,72.000,71,71,18.000,39.000,55.000,108,129,207,160,94,94,94,94,94,94,1,0,0,3,30,1
1.295000,343.55,16.397,9.860,128,232,72.000,71,71,18.000,39.000,55.000,118,128,205,160,93,93,93,93,93,93,1,0,0,3,30,1
1.300000,345.71,17.824,10.680,139,230,72.000,71,71,18.000,39.000,55.000,128,127,203,160,92,92,92,92,92,92,1,0,0,3,30,1
1.305000,347.87,19.291,11.550,151,228,72.000,71,71,18.000,39.000,55.000,138,125,201,160,91,91,91,91,91,91,1,0,0,3,30,1
1.310000,350.03,20.793,12.470,164,227,72.000,71,71,18.000,39.000,55.000,149,125,200,160,91,91,91,91,91,91,1,0,0,3,30,1
1.315000,352.19,22.323,13.400,177,226,72.000,71,71,18.000,39.000,55.000,161,124,199,160,90,90,90,90,90,90,1,0,0,3,30,1
1.320000,354.35,23.876,14.320,191,225,72.000,71,71,18.000,39.000,55.000,172,123,198,160,90,90,90,90,90,90,1,0,0,3,30,1
1.325000,356.51,25.445,15.250,206,225,72.000,71,71,18.000,39.000,55.000,183,123,198,160,90,90,90,90,90,90,1,0,0,3,30,1
1.330000,358.67,27.024,16.230,220,224,72.000,71,71,18.000,39.000,55.000,195,123,197,160,89,89,89,89,89,89,1,0,0,3,30,1
1.335000,0.83,28.607,17.150,235,225,72.000,71,71,18.000,39.000,55.000,206,123,198,160,90,90,90,90,90,90,1,0,0,3,30,1
1.340000,2.99,30.188,18.130,251,225,72.000,71,71,18.000,39.000,55.000,218,123,198,160,90,90,90,90,90,90,1,0,0,3,30,1
1.345000,5.15,31.759,19.050,266,227,72.000,71,71,18.000,39.000,55.000,229,125,200,160,91,91,91,91,91,91,1,0,0,3,30,1
1.350000,7.31,33.316,19.980,282,229,72.000,71,71,18.000,39.000,55.000,240,126,202,160,92,92,92,92,92,92,1,0,0,3,30,1
1.355000,9.47,34.852,20.900,298,231,72.000,71,71,18.000,39.000,55.000,251,127,204,160,93,93,93,93,93,93,1,0,0,3,30,1
1.360000,11.63,36.361,21.830,314,234,72.000,71,71,18.000,39.000,55.000,262,129,207,160,94,94,94,94,94,94,1,0,0,3,30,1
1.365000,13.79,37.837,22.700,330,238,72.000,71,71,18.000,39.000,55.000,273,132,211,160,96,96,96,96,96,96,1,0,0,3,30,1
1.370000,15.95,39.274,23.570,347,242,72.000,71,71,18.000,39.000,55.000,283,134,215,160,98,98,98,98,98,98,1,0,0,3,30,1
1.375000,18.11,40.666,24.380,363,246,72.000,71,71,18.000,39.000,55.000,293,137,220,160,100,100,100,100,100,100,1,0,0,3,30,1
1.380000,20.27,42.009,25.200,379,251,72.000,72,71,18.000,39.000,55.000,303,140,225,160,102,102,102,102,102,102,1,0,0,3,30,1
1.385000,22.43,43.297,25.960,394,257,72.000,72,71,18.000,39.000,55.000,312,144,231,160,105,105,105,105,105,105,1,0,0,3,30,1
1.390000,24.59,44.525,26.720,410,263,72.000,72,71,18.000,39.000,55.000,321,148,237,160,108,108,108,108,108,108,1,0,0,3,30,1
1.395000,26.75,45.689,27.430,425,269,72.000,72,71,18.000,39.000,55.000,329,152,244,160,111,111,111,111,111,111,1,0,0,3,30,1
1.400000,28.91,46.785,28.080,440,276,72.000,72,71,18.000,39.000,55.000,337,157,251,160,114,114,114,114,114,114,1,0,0,3,30,1
1.405000,31.07,47.809,28.680,454,283,72.000,72,71,18.000,39.000,55.000,344,161,258,160,118,118,118,118,118,118,1,0,0,3,30,1
1.410000,33.23,48.757,29.230,468,290,72.000,72,71,18.000,39.000,55.000,351,166,266,160,121,121,121,121,121,121,1,0,0,3,30,1
1.415000,35.39,49.626,29.770,481,298,72.000,71,71,18.000,39.000,55.000,358,171,274,160,125,125,125,125,125,125,1,0,0,3,30,1
1.420000,37.55,50.414,30.260,494,305,72.000,71,71,18.000,39.000,55.000,363,176,281,160,128,128,128,128,128,128,1,0,0,3,30,1
1.425000,39.71,51.119,30.640,506,313,72.000,71,71,18.000,39.000,55.000,368,181,290,160,132,132,132,132,132,132,1,0,0,3,30,1
1.430000,41.87,51.737,31.020,518,321,72.000,71,71,18.000,39.000,55.000,373,186,298,160,136,136,136,136,136,136,1,0,0,3,30,1
1.435000,44.03,52.269,31.350,529,330,72.000,71,71,18.000,39.000,55.000,377,192,308,160,140,140,140,140,140,140,1,0,0,3,30,1
1.440000,46.19,52.712,31.620,539,338,72.000,71,71,18.000,39.000,55.000,380,197,316,160,144,144,144,144,144,144,1,0,0,3,30,1
1.445000,48.35,53.067,31.840,548,346,72.000,71,71,18.000,39.000,55.000,382,203,324,160,148,148,148,148,148,148,1,0,0,3,30,1
1.450000,50.51,53.333,32.000,557,355,72.000,71,71,18.000,39.000,55.000,384,208,334,160,152,152,152,152,152,152,1,0,0,3,30,1
1.455000,52.67,53.510,32.110,565,363,72.000,71,71,18.000,39.000,55.000,386,214,342,160,156,156,156,156,156,156,1,0,0,3,30,1
1.460000,54.83,53.599,32.160,571,371,72.000,71,71,18.000,39.000,55.000,386,219,351,160,160,160,160,160,160,160,1,0,0,3,30,1
1.465000,56.99,53.601,32.160,578,380,72.000,71,71,18.000,39.000,55.000,386,225,360,160,164,164,164,164,164,164,1,0,0,3,30,1
1.470000,59.15,53.517,32.110,583,388,72.000,71,71,18.000,39.000,55.000,386,230,368,160,168,168,168,168,168,168,1,0,0,3,30,1
1.475000,61.31,53.350,32.000,587,396,72.000,71,71,18.000,39.000,55.000,384,235,377,160,172,172,172,172,172,172,1,0,0,3,30,1
1.480000,63.47,53.102,31.840,590,404,72.000,71,71,18.000,39.000,55.000,382,240,385,160,175,175,175,175,175,175,1,0,0,3,30,1
1.485000,65.63,52.775,31.670,593,411,72.000,71,71,18.000,39.000,55.000,380,245,392,160,179,179,179,179,179,179,1,0,0,3,30,1
1.490000,67.79,52.373,31.400,594,419,72.000,71,71,18.000,39.000,55.000,377,250,401,160,183,183,183,183,183,183,1,0,0,3,30,1
1.495000,69.95,51.898,31.130,595,426,72.000,71,71,18.000,39.000,55.000,374,255,408,160,186,186,186,186,186,186,1,0,0,3,30,1
1.500000,72.11,51.355,30.800,595,433,72.000,71,71,18.000,39.000,55.000,370,259,415,160,189,189,189,189,189,189,1,0,0,3,30,1
1.505000,74.27,50.747,30.420,594,439,72.000,71,71,18.000,39.000,55.000,365,263,422,160,192,192,192,192,192,192,1,0,0,3,30,1
1.510000,76.43,50.079,30.040,593,446,72.000,71,71,18.000,39.000,55.000,361,268,429,160,195,195,195,195,195,195,1,0,0,3,30,1
1.515000,78.59,49.355,29.610,590,452,72.000,71,71,18.000,39.000,55.000,356,272,435,160,198,198,198,198,198,198,1,0,0,3,30,1
1.520000,80.75,48.580,29.120,587,457,72.000,71,71,18.000,39.000,55.000,350,275,441,160,201,201,201,201,201,201,1,0,0,3,30,1
1.525000,82.91,47.759,28.630,583,462,72.000,71,71,18.000,39.000,55.000,344,278,446,160,203,203,203,203,203,203,1,0,0,3,30,1
1.530000,85.07,46.896,28.140,578,467,72.000,71,71,18.000,39.000,55.000,338,282,451,160,205,205,205,205,205,205,1,0,0,3,30,1
1.535000,87.23,45.998,27.590,573,471,72.000,71,71,18.000,39.000,55.000,331,284,455,160,207,207,207,207,207,207,1,0,0,3,30,1
1.540000,89.39,45.068,27.050,567,475,72.000,71,71,18.000,39.000,55.000,325,287,459,160,209,209,209,209,209,209,1,0,0,3,30,1
1.545000,91.55,44.113,26.450,560,479,72.000,71,71,18.000,39.000,55.000,318,289,463,160,211,211,211,211,211,211,1,0,0,3,30,1
1.550000,93.71,43.139,25.850,553,482,72.000,71,71,18.000,39.000,55.000,310,292,467,160,213,213,213,213,213,213,1,0,0,3,30,1
1.555000,95.87,42.149,25.260,545,485,72.000,71,71,18.000,39.000,55.000,303,293,470,160,214,214,214,214,214,214,1,0,0,3,30,1
1.560000,98.03,41.150,24.660,537,487,72.000,71,71,18.000,39.000,55.000,296,295,472,160,215,215,215,215,215,215,1,0,0,3,30,1
1.565000,100.19,40.148,24.060,529,489,72.000,71,71,18.000,39.000,55.000,289,296,474,160,216,216,216,216,216,216,1,0,0,3,30,1
1.570000,102.35,39.147,23.460,520,490,72.000,71,71,18.000,39.000,55.000,282,297,475,160,216,216,216,216,216,216,1,0,0,3,30,1
1.575000,104.51,38.153,22.920,511,491,72.000,71,71,18.000,39.000,55.000,275,297,476,160,217,217,217,217,217,217,1,0,0,3,30,1
1.580000,106.67,37.170,22.320,502,492,72.000,71,71,18.000,39.000,55.000,268,298,477,160,217,217,217,217,217,217,1,0,0,3,30,1
1.585000,108.83,36.203,21.720,492,492,72.000,71,71,18.000,39.000,55.000,261,298,477,160,217,217,217,217,217,217,1,0,0,3,30,1
1.590000,110.99,35.258,21.180,482,492,72.000,71,71,18.000,39.000,55.000,254,298,477,160,217,217,217,217,217,217,1,0,0,3,30,1
1.595000,113.15,34.339,20.580,473,492,72.000,71,71,18.000,39.000,55.000,247,298,477,160,217,217,217,217,217,217,1,0,0,3,30,1
1.600000,115.31,33.449,20.030,463,491,72.000,71,71,18.000,39.000,55.000,240,297,476,160,217,217,217,217,217,217,1,0,0,3,30,1
1.605000,117.47,32.593,19.540,453,491,72.000,71,71,18.000,39.000,55.000,235,297,476,160,217,217,217,217,217,217,1,0,0,3,30,1
1.610000,119.63,31.774,19.050,443,490,72.000,71,71,18.000,39.000,55.000,229,297,475,160,216,216,216,216,216,216,1,0,0,3,30,1
1.615000,121.79,30.996,18.560,434,489,72.000,71,71,18.000,39.000,55.000,223,296,474,160,216,216,216,216,216,216,1,0,0,3,30,1
1.620000,123.95,30.262,18.130,424,488,72.000,71,71,18.000,39.000,55.000,218,295,473,160,215,215,215,215,215,215,1,0,0,3,30,1
1.625000,126.11,29.575,17.750,415,486,72.000,71,71,18.000,39.000,55.000,213,294,471,160,214,214,214,214,214,214,1,0,0,3,30,1
1.630000,128.27,28.936,17.370,406,485,72.000,71,71,18.000,39.000,55.000,208,293,470,160,214,214,214,214,214,214,1,0,0,3,30,1
1.635000,130.43,28.349,16.990,398,483,72.000,71,71,18.000,39.000,55.000,204,292,468,160,213,213,213,213,213,213,1,0,0,3,30,1
1.640000,132.59,27.813,16.660,389,482,72.000,71,71,18.000,39.000,55.000,200,292,467,160,213,213,213,213,213,213,1,0,0,3,30,1
1.645000,134.75,27.332,16.390,381,480,72.000,71,71,18.000,39.000,55.000,197,290,465,160,212,212,212,212,212,212,1,0,0,3,30,1
1.650000,136.91,26.905,16.120,374,478,72.000,71,71,18.000,39.000,55.000,193,289,463,160,211,211,211,211,211,211,1,0,0,3,30,1
1.655000,139.07,26.534,15.900,367,476,72.000,71,71,18.000,39.000,55.000,191,288,460,160,210,210,210,210,210,210,1,0,0,3,30,1
1.660000,141.23,26.217,15.740,360,473,72.000,71,71,18.000,39.000,55.000,189,286,457,160,208,208,208,208,208,208,1,0,0,3,30,1
1.665000,143.39,25.956,15.570,354,471,72.000,71,71,18.000,39.000,55.000,187,284,455,160,207,207,207,207,207,207,1,0,0,3,30,1
1.670000,145.55,25.748,15.460,348,469,72.000,71,71,18.000,39.000,55.000,185,283,453,160,206,206,206,206,206,206,1,0,0,3,30,1
1.675000,147.71,25.595,15.360,343,466,72.000,71,71,18.000,39.000,55.000,184,281,450,160,205,205,205,205,205,205,1,0,0,3,30,1
1.680000,149.87,25.493,15.300,338,464,72.000,71,71,18.000,39.000,55.000,184,280,448,160,204,204,204,204,204,204,1,0,0,3,30,1
1.685000,152.03,25.441,15.250,334,461,72.000,71,71,18.000,39.000,55.000,183,278,445,160,203,203,203,203,203,203,1,0,0,3,30,1
1.690000,154.19,25.437,15.250,330,459,72.000,72,71,18.000,39.000,55.000,183,276,443,160,202,202,202,202,202,202,1,0,0,3,30,1
1.695000,156.35,25.479,15.300,327,456,72.000,72,71,18.000,39.000,55.000,184,274,439,160,200,200,200,200,200,200,1,0,0,3,30,1
1.700000,158.51,25.564,15.360,324,454,72.000,72,71,18.000,39.000,55.000,184,273,437,160,199,199,199,199,199,199,1,0,0,3,30,1
1.705000,160.67,25.690,15.410,322,451,72.000,72,71,18.000,39.000,55.000,185,271,434,160,198,198,198,198,198,198,1,0,0,3,30,1
1.710000,162.83,25.852,15.520,321,449,72.000,72,71,18.000,39.000,55.000,186,270,432,160,197,197,197,197,197,197,1,0,0,3,30,1
1.715000,164.99,26.047,15.630,320,446,72.000,72,71,18.000,39.000,55.000,187,268,429,160,195,195,195,195,195,195,1,0,0,3,30,1
1.720000,167.15,26.272,15.740,319,444,72.000,72,71,18.000,39.000,55.000,189,267,427,160,194,194,194,194,194,194,1,0,0,3,30,1
1.725000,169.31,26.523,15.900,319,441,72.000,71,71,18.000,39.000,55.000,191,265,424,160,193,193,193,193,193,193,1,0,0,3,30,1
1.730000,171.47,26.795,16.060,319,439,72.000,71,71,18.000,39.000,55.000,193,263,422,160,192,192,192,192,192,192,1,0,0,3,30,1
1.735000,173.63,27.085,16.230,319,437,72.000,71,71,18.000,39.000,55.000,195,262,420,160,191,191,191,191,191,191,1,0,0,3,30,1
1.740000,175.79,27.388,16.440,320,434,72.000,71,71,18.000,39.000,55.000,197,260,417,160,190,190,190,190,190,190,1,0,0,3,30,1
1.745000,177.95,27.700,16.610,321,432,72.000,71,71,18.000,39.000,55.000,199,259,414,160,189,189,189,189,189,189,1,0,0,3,30,1
1.750000,180.11,28.016,16.820,323,430,72.000,71,71,18.000,39.000,55.000,202,257,412,160,188,188,188,188,188,188,1,0,0,3,30,1
1.755000,182.27,28.332,16.990,325,428,72.000,71,71,18.000,39.000,55.000,204,256,410,160,187,187,187,187,187,187,1,0,0,3,30,1
1.760000,184.43,28.643,17.210,327,426,72.000,71,71,18.000,39.000,55.000,206,255,408,160,186,186,186,186,186,186,1,0,0,3,30,1
1.765000,186.59,28.945,17.370,329,424,72.000,71,71,18.000,39.000,55.000,208,254,406,160,185,185,185,185,185,185,1,0,0,3,30,1
1.770000,188.75,29.233,17.530,331,422,72.000,71,71,18.000,39.000,55.000,210,252,404,160,184,184,184,184,184,184,1,0,0,3,30,1
1.775000,190.91,29.503,17.690,334,420,72.000,71,71,18.000,39.000,55.000,212,251,402,160,183,183,183,183,183,183,1,0,0,3,30,1
1.780000,193.07,29.752,17.860,336,419,72.000,71,71,18.000,39.000,55.000,214,250,401,160,183,183,183,183,183,183,1,0,0,3,30,1
1.785000,195.23,29.974,17.970,339,417,72.000,71,71,18.000,39.000,55.000,216,249,399,160,182,182,182,182,182,182,1,0,0,3,30,1
1.790000,197.39,30.166,18.080,341,416,72.000,71,71,18.000,39.000,55.000,217,248,398,160,181,181,181,181,181,181,1,0,0,3,30,1
1.795000,199.55,30.325,18.180,344,414,72.000,71,71,18.000,39.000,55.000,218,247,396,160,180,180,180,180,180,180,1,0,0,3,30,1
1.800000,201.71,30.446,18.240,346,413,72.000,71,71,18.000,39.000,55.000,219,246,394,160,180,180,180,180,180,180,1,0,0,3,30,1
1.805000,203.87,30.527,18.290,348,412,72.000,71,71,18.000,39.000,55.000,219,246,393,160,179,179,179,179,179,179,1,0,0,3,30,1
1.810000,206.03,30.564,18.350,350,410,72.000,71,71,18.000,39.000,55.000,220,244,391,160,178,178,178,178,178,178,1,0,0,3,30,1
1.815000,208.19,30.556,18.350,352,409,72.000,71,71,18.000,39.000,55.000,220,244,390,160,178,178,178,178,178,178,1,0,0,3,30,1
1.820000,210.35,30.499,18.290,353,408,72.000,71,71,18.000,39.000,55.000,219,243,389,160,177,177,177,177,177,177,1,0,0,3,30,1
1.825000,212.51,30.392,18.240,354,407,72.000,71,71,18.000,39.000,55.000,219,242,388,160,177,177,177,177,177,177,1,0,0,3,30,1
1.830000,214.67,30.233,18.130,355,406,72.000,71,71,18.000,39.000,55.000,218,242,387,160,176,176,176,176,176,176,1,0,0,3,30,1
1.835000,216.83,30.021,18.020,355,405,72.000,71,71,18.000,39.000,55.000,216,241,386,160,176,176,176,176,176,176,1,0,0,3,30,1
1.840000,218.99,29.754,17.860,355,404,72.000,71,71,18.000,39.000,55.000,214,240,385,160,175,175,175,175,175,175,1,0,0,3,30,1
1.845000,221.15,29.432,17.640,355,403,72.000,71,71,18.000,39.000,55.000,212,240,384,160,175,175,175,175,175,175,1,0,0,3,30,1
1.850000,223.31,29.055,17.420,354,402,72.000,71,71,18.000,39.000,55.000,209,239,383,160,174,174,174,174,174,174,1,0,0,3,30,1
1.855000,225.47,28.622,17.150,353,401,72.000,71,71,18.000,39.000,55.000,206,238,382,160,174,174,174,174,174,174,1,0,0,3,30,1
1.860000,227.63,28.135,16.880,351,400,72.000,71,71,18.000,39.000,55.000,203,238,381,160,173,173,173,173,173,173,1,0,0,3,30,1
1.865000,229.79,27.595,16.550,348,400,72.000,71,71,18.000,39.000,55.000,199,238,381,160,173,173,173,173,173,173,1,0,0,3,30,1
1.870000,231.95,27.002,16.230,345,399,72.000,71,71,18.000,39.000,55.000,195,237,380,160,173,173,173,173,173,173,1,0,0,3,30,1
1.875000,234.11,26.358,15.790,342,397,72.000,71,71,18.000,39.000,55.000,189,236,378,160,172,172,172,172,172,172,1,0,0,3,30,1
1.880000,236.27,25.666,15.410,338,396,72.000,71,71,18.000,39.000,55.000,185,235,377,160,172,172,172,172,172,172,1,0,0,3,30,1
1.885000,238.43,24.928,14.970,334,395,72.000,71,71,18.000,39.000,55.000,180,235,376,160,171,171,171,171,171,171,1,0,0,3,30,1
1.890000,240.59,24.146,14.490,329,394,72.000,71,71,18.000,39.000,55.000,174,234,375,160,171,171,171,171,171,171,1,0,0,3,30,1
1.895000,242.75,23.323,14.000,323,393,72.000,71,71,18.000,39.000,55.000,168,233,374,160,170,170,170,170,170,170,1,0,0,3,30,1
1.900000,244.91,22.464,13.450,317,391,72.000,71,71,18.000,39.000,55.000,161,232,371,160,169,169,169,169,169,169,1,0,0,3,30,1
1.905000,247.07,21.571,12.960,311,390,72.000,71,71,18.000,39.000,55.000,155,231,370,160,169,169,169,169,169,169,1,0,0,3,30,1
1.910000,249.23,20.648,12.360,304,388,72.000,71,71,18.000,39.000,55.000,148,230,368,160,168,168,168,168,168,168,1,0,0,3,30,1
1.915000,251.39,19.701,11.820,296,386,72.000,71,71,18.000,39.000,55.000,142,229,366,160,167,167,167,167,167,167,1,0,0,3,30,1
1.920000,253.55,18.733,11.220,288,385,72.000,71,71,18.000,39.000,55.000,134,228,365,160,166,166,166,166,166,166,1,0,0,3,30,1
1.925000,255.71,17.748,10.620,280,383,72.000,71,71,18.000,39.000,55.000,127,227,363,160,165,165,165,165,165,165,1,0,0,3,30,1
1.930000,257.87,16.753,10.030,272,381,72.000,71,71,18.000,39.000,55.000,120,225,361,160,164,164,164,164,164,164,1,0,0,3,30,1
1.935000,260.03,15.752,9.430,263,378,72.000,71,71,18.000,39.000,55.000,113,223,358,160,163,163,163,163,163,163,1,0,0,3,30,1
1.940000,262.19,14.749,8.830,253,376,72.000,71,71,18.000,39.000,55.000,106,222,356,160,162,162,162,162,162,162,1,0,0,3,30,1
1.945000,264.35,13.751,8.230,244,374,72.000,71,71,18.000,39.000,55.000,98,221,354,160,161,161,161,161,161,161,1,0,0,3,30,1
1.950000,266.51,12.763,7.690,234,371,72.000,71,71,18.000,39.000,55.000,92,219,351,160,160,160,160,160,160,160,1,0,0,3,30,1
1.955000,268.67,11.790,7.090,225,368,72.000,71,71,18.000,39.000,55.000,85,217,347,160,158,158,158,158,158,158,1,0,0,3,30,1
1.960000,270.83,10.838,6.490,215,365,72.000,71,71,18.000,39.000,55.000,78,215,344,160,157,157,157,157,157,157,1,0,0,3,30,1
1.965000,272.99,9.911,5.960,205,362,72.000,71,71,18.000,39.000,55.000,71,213,341,160,155,155,155,155,155,155,1,0,0,3,30,1
1.970000,275.15,9.016,5.420,194,359,72.000,71,71,18.000,39.000,55.000,65,211,338,160,154,154,154,154,154,154,1,0,0,3,30,1
1.975000,277.31,8.157,4.890,184,356,72.000,71,71,18.000,39.000,55.000,58,209,335,160,152,152,152,152,152,152,1,0,0,3,30,1
1.980000,279.47,7.340,4.400,173,352,72.000,71,71,18.000,39.000,55.000,52,206,331,160,151,151,151,151,151,151,1,0,0,3,30,1
1.985000,281.63,6.570,3.950,162,349,72.000,71,71,18.000,39.000,55.000,47,204,327,160,149,149,149,149,149,149,1,0,0,3,30,1
1.990000,283.79,5.851,3.490,151,345,72.000,71,71,18.000,39.000,55.000,41,202,323,160,147,147,147,147,147,147,1,0,0,3,30,1
1.995000,285.95,5.189,3.120,140,341,72.000,71,71,18.000,39.000,55.000,37,199,319,160,145,145,145,145,145,145,1,0,0,3,30,1
2.000000,288.11,4.588,2.750,130,337,72.000,71,71,18.000,39.000,55.000,33,197,315,160,143,143,143,143,143,143,1,0,0,3,30,1
2.005000,290.27,4.051,2.420,120,333,72.000,72,71,18.000,39.000,55.000,29,194,311,160,141,141,141,141,141,141,1,0,0,3,30,1
2.010000,292.43,3.584,2.140,110,328,72.000,72,71,18.000,39.000,55.000,25,191,305,160,139,139,139,139,139,139,1,0,0,3,30,1
2.015000,294.59,3.189,1.890,100,324,72.000,72,71,18.000,39.000,55.000,22,188,301,160,137,137,137,137,137,137,1,0,0,3,30,1
2.020000,296.75,2.870,1.730,91,320,72.000,72,71,18.000,39.000,55.000,20,185,297,160,135,135,135,135,135,135,1,0,0,3,30,1
2.025000,298.91,2.629,1.560,83,315,72.000,72,71,18.000,39.000,55.000,18,182,292,160,133,133,133,133,133,133,1,0,0,3,30,1
2.030000,301.07,2.471,1.480,76,310,72.000,72,71,18.000,39.000,55.000,17,179,287,160,130,130,130,130,130,130,1,0,0,3,30,1
2.035000,303.23,2.396,1.440,69,306,72.000,72,71,18.000,39.000,55.000,17,176,282,160,129,129,129,129,129,129,1,0,0,3,30,1
2.040000,305.39,2.406,1.440,63,301,72.000,71,71,18.000,39.000,55.000,17,173,277,160,126,126,126,126,126,126,1,0,0,3,30,1
2.045000,307.55,2.504,1.520,58,296,72.000,71,71,18.000,39.000,55.000,18,170,272,160,124,124,124,124,124,124,1,0,0,3,30,1
2.050000,309.71,2.690,1.600,54,292,72.000,71,71,18.000,39.000,55.000,19,167,268,160,122,122,122,122,122,122,1,0,0,3,30,1
2.055000,311.87,2.965,1.770,51,287,72.000,71,71,18.000,39.000,55.000,21,164,263,160,120,120,120,120,120,120,1,0,0,3,30,1
2.060000,314.03,3.328,2.010,49,282,72.000,71,71,18.000,39.000,55.000,24,161,257,160,117,117,117,117,117,117,1,0,0,3,30,1
2.065000,316.19,3.780,2.260,48,278,72.000,71,71,18.000,39.000,55.000,27,158,253,160,115,115,115,115,115,115,1,0,0,3,30,1
2.070000,318.35,4.321,2.590,48,273,72.000,71,71,18.000,39.000,55.000,31,155,248,160,113,113,113,113,113,113,1,0,0,3,30,1
2.075000,320.51,4.948,2.960,50,269,72.000,71,71,18.000,39.000,55.000,35,152,244,160,111,111,111,111,111,111,1,0,0,3,30,1
2.080000,322.67,5.661,3.410,52,264,72.000,71,71,18.000,39.000,55.000,41,149,239,160,109,109,109,109,109,109,1,0,0,3,30,1
2.085000,324.83,6.457,3.860,56,260,72.000,71,71,18.000,39.000,55.000,46,146,234,160,107,107,107,107,107,107,1,0,0,3,30,1
2.090000,326.99,7.334,4.400,60,256,72.000,71,71,18.000,39.000,55.000,52,144,230,160,105,105,105,105,105,105,1,0,0,3,30,1
2.095000,329.15,8.290,4.970,66,253,72.000,71,71,18.000,39.000,55.000,59,142,227,160,103,103,103,103,103,103,1,0,0,3,30,1
2.100000,331.31,9.321,5.590,73,249,72.000,71,71,18.000,39.000,55.000,67,139,223,160,101,101,101,101,101,101,1,0,0,3,30,1
2.105000,333.47,10.424,6.270,81,246,72.000,71,71,18.000,39.000,55.000,75,137,220,160,100,100,100,100,100,100,1,0,0,3,30,1
2.110000,335.63,11.595,6.980,90,242,72.000,71,71,18.000,39.000,55.000,83,134,215,160,98,98,98,98,98,98,1,0,0,3,30,1
2.115000,337.79,12.829,7.690,100,240,72.000,71,71,18.000,39.000,55.000,92,133,213,160,97,97,97,97,97,97,1,0,0,3,30,1
2.120000,339.95,14.123,8.450,110,237,72.000,71,71,18.000,39.000,55.000,101,131,210,160,96,96,96,96,96,96,1,0,0,3,30,1
2.125000,342.11,15.471,9.260,120,235,72.000,71,71,18.000,39.000,55.000,111,130,208,160,95,95,95,95,95,95,1,0,0,3,30,1
2.130000,344.27,16.868,10.130,131,232,72.000,71,71,18.000,39.000,55.000,121,128,205,160,93,93,93,93,93,93,1,0,0,3,30,1
2.135000,346.43,18.309,11.000,143,231,72.000,71,71,18.000,39.000,55.000,132,127,204,160,93,93,93,93,93,93,1,0,0,3,30,1
2.140000,348.59,19.788,11.870,156,229,72.000,71,71,18.000,39.000,55.000,142,126,202,160,92,92,92,92,92,92,1,0,0,3,30,1
2.145000,350.75,21.300,12.800,169,228,72.000,71,71,18.000,39.000,55.000,153,125,201,160,91,91,91,91,91,91,1,0,0,3,30,1
2.150000,352.91,22.838,13.720,182,227,72.000,71,71,18.000,39.000,55.000,165,125,200,160,91,91,91,91,91,91,1,0,0,3,30,1
2.155000,355.07,24.397,14.650,196,226,72.000,71,71,18.000,39.000,55.000,176,124,199,160,90,90,90,90,90,90,1,0,0,3,30,1
2.160000,357.23,25.970,15.570,210,226,72.000,71,71,18.000,39.000,55.000,187,124,199,160,90,90,90,90,90,90,1,0,0,3,30,1
2.165000,359.39,27.551,16.550,225,226,72.000,71,71,18.000,39.000,55.000,199,124,199,160,90,90,90,90,90,90,1,0,0,3,30,1
2.170000,1.55,29.134,17.480,240,226,72.000,71,71,18.000,39.000,55.000,210,124,199,160,90,90,90,90,90,90,1,0,0,3,30,1
2.175000,3.71,30.713,18.400,256,227,72.000,71,71,18.000,39.000,55.000,221,125,200,160,91,91,91,91,91,91,1,0,0,3,30,1
2.180000,5.87,32.280,19.380,272,228,72.000,71,71,18.000,39.000,55.000,233,125,201,160,91,91,91,91,91,91,1,0,0,3,30,1
2.185000,8.03,33.831,20.310,287,230,72.000,71,71,18.000,39.000,55.000,244,127,203,160,92,92,92,92,92,92,1,0,0,3,30,1
2.190000,10.19,35.359,21.230,303,233,72.000,71,71,18.000,39.000,55.000,255,129,206,160,94,94,94,94,94,94,1,0,0,3,30,1
2.195000,12.35,36.857,22.100,320,236,72.000,71,71,18.000,39.000,55.000,265,131,209,160,95,95,95,95,95,95,1,0,0,3,30,1
2.200000,14.51,38.320,22.970,336,240,72.000,71,71,18.000,39.000,55.000,276,133,213,160,97,97,97,97,97,97,1,0,0,3,30,1
2.205000,16.67,39.743,23.840,352,244,72.000,71,71,18.000,39.000,55.000,286,136,218,160,99,99,99,99,99,99,1,0,0,3,30,1
2.210000,18.83,41.119,24.660,368,249,72.000,71,71,18.000,39.000,55.000,296,139,223,160,101,101,101,101,101,101,1,0,0,3,30,1
2.215000,20.99,42.444,25.470,384,254,72.000,71,71,18.000,39.000,55.000,306,142,228,160,104,104,104,104,104,104,1,0,0,3,30,1
2.220000,23.15,43.713,26.230,399,260,72.000,71,71,18.000,39.000,55.000,315,146,234,160,107,107,107,107,107,107,1,0,0,3,30,1
2.225000,25.31,44.920,26.940,415,266,72.000,71,71,18.000,39.000,55.000,324,150,241,160,109,109,109,109,109,109,1,0,0,3,30,1
2.230000,27.47,46.062,27.650,430,272,72.000,71,71,18.000,39.000,55.000,332,154,247,160,112,112,112,112,112,112,1,0,0,3,30,1
2.235000,29.63,47.135,28.250,445,279,72.000,71,71,18.000,39.000,55.000,339,159,254,160,116,116,116,116,116,116,1,0,0,3,30,1
2.240000,31.79,48.133,28.850,459,286,72.000,71,71,18.000,39.000,55.000,346,163,262,160,119,119,119,119,119,119,1,0,0,3,30,1
2.245000,33.95,49.056,29.440,473,293,72.000,71,71,18.000,39.000,55.000,354,168,269,160,122,122,122,122,122,122,1,0,0,3,30,1
2.250000,36.11,49.898,29.930,486,301,72.000,71,71,18.000,39.000,55.000,359,173,277,160,126,126,126,126,126,126,1,0,0,3,30,1
2.255000,38.27,50.659,30.370,498,308,72.000,71,71,18.000,39.000,55.000,365,178,285,160,130,130,130,130,130,130,1,0,0,3,30,1
2.260000,40.43,51.335,30.800,510,316,72.000,71,71,18.000,39.000,55.000,370,183,293,160,133,133,133,133,133,133,1,0,0,3,30,1
2.265000,42.59,51.924,31.130,522,325,72.000,71,71,18.000,39.000,55.000,374,189,302,160,138,138,138,138,138,138,1,0,0,3,30,1
2.270000,44.75,52.427,31.460,532,333,72.000,71,71,18.000,39.000,55.000,378,194,311,160,141,141,141,141,141,141,1,0,0,3,30,1
2.275000,46.91,52.840,31.670,542,341,72.000,71,71,18.000,39.000,55.000,380,199,319,160,145,145,145,145,145,145,1,0,0,3,30,1
2.280000,49.07,53.165,31.890,551,349,72.000,71,71,18.000,39.000,55.000,383,204,327,160,149,149,149,149,149,149,1,0,0,3,30,1
2.285000,51.23,53.401,32.050,560,358,72.000,71,71,18.000,39.000,55.000,385,210,337,160,153,153,153,153,153,153,1,0,0,3,30,1
2.290000,53.39,53.549,32.110,567,366,72.000,71,71,18.000,39.000,55.000,386,216,345,160,157,157,157,157,157,157,1,0,0,3,30,1
2.295000,55.55,53.609,32.160,574,375,72.000,71,71,18.000,39.000,55.000,386,222,355,160,162,162,162,162,162,162,1,0,0,3,30,1
2.300000,57.71,53.582,32.160,579,383,72.000,71,71,18.000,39.000,55.000,386,227,363,160,165,165,165,165,165,165,1,0,0,3,30,1
2.305000,59.87,53.471,32.050,584,391,72.000,71,71,18.000,39.000,55.000,385,232,371,160,169,169,169,169,169,169,1,0,0,3,30,1
2.310000,62.03,53.276,31.950,588,399,72.000,71,71,18.000,39.000,55.000,384,237,380,160,173,173,173,173,173,173,1,0,0,3,30,1
2.315000,64.19,53.002,31.780,591,407,72.000,72,71,18.000,39.000,55.000,382,242,388,160,177,177,177,177,177,177,1,0,0,3,30,1
2.320000,66.35,52.649,31.560,593,414,72.000,72,71,18.000,39.000,55.000,379,247,396,160,180,180,180,180,180,180,1,0,0,3,30,1
2.325000,68.51,52.222,31.290,595,421,72.000,72,71,18.000,39.000,55.000,376,252,403,160,183,183,183,183,183,183,1,0,0,3,30,1
2.330000,70.67,51.725,31.020,595,429,72.000,72,71,18.000,39.000,55.000,373,257,411,160,187,187,187,187,187,187,1,0,0,3,30,1
2.335000,72.83,51.160,30.690,595,435,72.000,72,71,18.000,39.000,55.000,369,261,417,160,190,190,190,190,190,190,1,0,0,3,30,1
2.340000,74.99,50.531,30.310,594,442,72.000,72,71,18.000,39.000,55.000,364,265,425,160,194,194,194,194,194,194,1,0,0,3,30,1
2.345000,77.15,49.844,29.880,592,448,72.000,72,71,18.000,39.000,55.000,359,269,431,160,196,196,196,196,196,196,1,0,0,3,30,1
2.350000,79.31,49.103,29.440,589,454,72.000,71,71,18.000,39.000,55.000,354,273,437,160,199,199,199,199,199,199,1,0,0,3,30,1
2.355000,81.47,48.311,28.950,586,459,72.000,71,71,18.000,39.000,55.000,348,276,443,160,202,202,202,202,202,202,1,0,0,3,30,1
2.360000,83.63,47.476,28.460,581,464,72.000,71,71,18.000,39.000,55.000,342,280,448,160,204,204,204,204,204,204,1,0,0,3,30,1
2.365000,85.79,46.600,27.970,576,469,72.000,71,71,18.000,39.000,55.000,336,283,453,160,206,206,206,206,206,206,1,0,0,3,30,1
2.370000,87.95,45.691,27.430,571,473,72.000,71,71,18.000,39.000,55.000,329,286,457,160,208,208,208,208,208,208,1,0,0,3,30,1
2.375000,90.11,44.752,26.830,565,477,72.000,71,71,18.000,39.000,55.000,322,288,461,160,210,210,210,210,210,210,1,0,0,3,30,1
2.380000,92.27,43.790,26.290,558,480,72.000,71,71,18.000,39.000,55.000,316,290,465,160,212,212,212,212,212,212,1,0,0,3,30,1
2.385000,94.43,42.810,25.690,551,483,72.000,71,71,18.000,39.000,55.000,308,292,468,160,213,213,213,213,213,213,1,0,0,3,30,1
2.390000,96.59,41.817,25.090,543,486,72.000,71,71,18.000,39.000,55.000,301,294,471,160,214,214,214,214,214,214,1,0,0,3,30,1
2.395000,98.75,40.817,24.490,535,488,72.000,71,71,18.000,39.000,55.000,294,295,473,160,215,215,215,215,215,215,1,0,0,3,30,1
2.400000,100.91,39.814,23.900,526,490,72.000,71,71,18.000,39.000,55.000,287,297,475,160,216,216,216,216,216,216,1,0,0,3,30,1
2.405000,103.07,38.815,23.300,517,491,72.000,71,71,18.000,39.000,55.000,280,297,476,160,217,217,217,217,217,217,1,0,0,3,30,1
2.410000,105.23,37.823,22.700,508,492,72.000,71,71,18.000,39.000,55.000,273,298,477,160,217,217,217,217,217,217,1,0,0,3,30,1
2.415000,107.39,36.846,22.100,498,492,72.000,71,71,18.000,39.000,55.000,265,298,477,160,217,217,217,217,217,217,1,0,0,3,30,1
2.420000,109.55,35.886,21.560,489,492,72.000,71,71,18.000,39.000,55.000,259,298,477,160,217,217,217,217,217,217,1,0,0,3,30,1
2.425000,111.71,34.949,20.960,479,492,72.000,71,71,18.000,39.000,55.000,252,298,477,160,217,217,217,217,217,217,1,0,0,3,30,1
2.430000,113.87,34.039,20.410,469,492,72.000,71,71,18.000,39.000,55.000,245,298,477,160,217,217,217,217,217,217,1,0,0,3,30,1
2.435000,116.03,33.160,19.870,460,491,72.000,71,71,18.000,39.000,55.000,238,297,476,160,217,217,217,217,217,217,1,0,0,3,30,1
2.440000,118.19,32.316,19.380,450,490,72.000,71,71,18.000,39.000,55.000,233,297,475,160,216,216,216,216,216,216,1,0,0,3,30,1
2.445000,120.35,31.510,18.890,440,490,72.000,71,71,18.000,39.000,55.000,227,297,475,160,216,216,216,216,216,216,1,0,0,3,30,1
2.450000,122.51,30.747,18.460,431,489,72.000,71,71,18.000,39.000,55.000,222,296,474,160,216,216,216,216,216,216,1,0,0,3,30,1
2.455000,124.67,30.028,18.020,421,487,72.000,71,71,18.000,39.000,55.000,216,295,472,160,215,215,215,215,215,215,1,0,0,3,30,1
2.460000,126.83,29.357,17.590,412,486,72.000,71,71,18.000,39.000,55.000,211,294,471,160,214,214,214,214,214,214,1,0,0,3,30,1
2.465000,128.99,28.735,17.260,403,484,72.000,71,71,18.000,39.000,55.000,207,293,469,160,214,214,214,214,214,214,1,0,0,3,30,1
2.470000,131.15,28.164,16.880,395,483,72.000,71,71,18.000,39.000,55.000,203,292,468,160,213,213,213,213,213,213,1,0,0,3,30,1
2.475000,133.31,27.647,16.610,387,481,72.000,71,71,18.000,39.000,55.000,199,291,466,160,212,212,212,212,212,212,1,0,0,3,30,1
2.480000,135.47,27.184,16.330,379,479,72.000,71,71,18.000,39.000,55.000,196,289,463,160,211,211,211,211,211,211,1,0,0,3,30,1
2.485000,137.63,26.775,16.060,371,477,72.000,71,71,18.000,39.000,55.000,193,288,461,160,210,210,210,210,210,210,1,0,0,3,30,1
2.490000,139.79,26.422,15.850,364,475,72.000,71,71,18.000,39.000,55.000,190,287,459,160,209,209,209,209,209,209,1,0,0,3,30,1
2.495000,141.95,26.124,15.680,358,473,72.000,71,71,18.000,39.000,55.000,188,286,457,160,208,208,208,208,208,208,1,0,0,3,30,1
2.500000,144.11,25.881,15.520,352,470,72.000,71,71,18.000,39.000,55.000,186,284,454,160,207,207,207,207,207,207,1,0,0,3,30,1
2.505000,146.27,25.691,15.410,346,468,72.000,71,71,18.000,39.000,55.000,185,282,452,160,206,206,206,206,206,206,1,0,0,3,30,1
2.510000,148.43,25.555,15.360,341,466,72.000,71,71,18.000,39.000,55.000,184,281,450,160,205,205,205,205,205,205,1,0,0,3,30,1
2.515000,150.59,25.470,15.300,337,463,72.000,71,71,18.000,39.000,55.000,184,279,447,160,204,204,204,204,204,204,1,0,0,3,30,1
2.520000,152.75,25.434,15.250,333,461,72.000,71,71,18.000,39.000,55.000,183,278,445,160,203,203,203,203,203,203,1,0,0,3,30,1
2.525000,154.91,25.446,15.250,329,458,72.000,71,71,18.000,39.000,55.000,183,276,442,160,201,201,201,201,201,201,1,0,0,3,30,1
2.530000,157.07,25.503,15.300,326,456,72.000,71,71,18.000,39.000,55.000,184,274,439,160,200,200,200,200,200,200,1,0,0,3,30,1
2.535000,159.23,25.602,15.360,324,453,72.000,71,71,18.000,39.000,55.000,184,273,436,160,199,199,199,199,199,199,1,0,0,3,30,1
2.540000,161.39,25.740,15.460,322,450,72.000,71,71,18.000,39.000,55.000,185,271,433,160,197,197,197,197,197,197,1,0,0,3,30,1
2.545000,163.55,25.913,15.520,320,448,72.000,71,71,18.000,39.000,55.000,186,269,431,160,196,196,196,196,196,196,1,0,0,3,30,1
2.550000,165.71,26.119,15.680,319,445,72.000,71,71,18.000,39.000,55.000,188,267,428,160,195,195,195,195,195,195,1,0,0,3,30,1
2.555000,167.87,26.353,15.790,319,443,72.000,71,71,18.000,39.000,55.000,189,266,426,160,194,194,194,194,194,194,1,0,0,3,30,1
2.560000,170.03,26.611,15.950,319,441,72.000,71,71,18.000,39.000,55.000,191,265,424,160,193,193,193,193,193,193,1,0,0,3,30,1
2.565000,172.19,26.890,16.120,319,438,72.000,71,71,18.000,39.000,55.000,193,263,421,160,192,192,192,192,192,192,1,0,0,3,30,1
2.570000,174.35,27.185,16.330,320,436,72.000,71,71,18.000,39.000,55.000,196,261,418,160,191,191,191,191,191,191,1,0,0,3,30,1
2.575000,176.51,27.491,16.500,321,434,72.000,71,71,18.000,39.000,55.000,198,260,417,160,190,190,190,190,190,190,1,0,0,3,30,1
2.580000,178.67,27.805,16.660,322,431,72.000,71,71,18.000,39.000,55.000,200,258,413,160,188,188,188,188,188,188,1,0,0,3,30,1
2.585000,180.83,28.121,16.880,323,429,72.000,71,71,18.000,39.000,55.000,203,257,411,160,187,187,187,187,187,187,1,0,0,3,30,1
2.590000,182.99,28.436,17.040,325,427,72.000,71,71,18.000,39.000,55.000,204,255,409,160,186,186,186,186,186,186,1,0,0,3,30,1
2.595000,185.15,28.745,17.260,327,425,72.000,71,71,18.000,39.000,55.000,207,254,407,160,185,185,185,185,185,185,1,0,0,3,30,1
2.600000,187.31,29.042,17.420,330,423,72.000,71,71,18.000,39.000,55.000,209,253,405,160,184,184,184,184,184,184,1,0,0,3,30,1
2.605000,189.47,29.325,17.590,332,422,72.000,71,71,18.000,39.000,55.000,211,252,404,160,184,184,184,184,184,184,1,0,0,3,30,1
2.610000,191.63,29.589,17.750,334,420,72.000,71,71,18.000,39.000,55.000,213,251,402,160,183,183,183,183,183,183,1,0,0,3,30,1
2.615000,193.79,29.829,17.910,337,418,72.000,71,71,18.000,39.000,55.000,215,250,400,160,182,182,182,182,182,182,1,0,0,3,30,1
2.620000,195.95,30.042,18.020,339,417,72.000,71,71,18.000,39.000,55.000,216,249,399,160,182,182,182,182,182,182,1,0,0,3,30,1
2.625000,198.11,30.223,18.130,342,415,72.000,71,71,18.000,39.000,55.000,218,248,397,160,181,181,181,181,181,181,1,0,0,3,30,1
2.630000,200.27,30.369,18.240,344,414,72.000,72,71,18.000,39.000,55.000,219,247,396,160,180,180,180,180,180,180,1,0,0,3,30,1
2.635000,202.43,30.478,18.290,347,413,72.000,72,71,18.000,39.000,55.000,219,246,394,160,180,180,180,180,180,180,1,0,0,3,30,1
2.640000,204.59,30.544,18.290,349,411,72.000,72,71,18.000,39.000,55.000,219,245,392,160,179,179,179,179,179,179,1,0,0,3,30,1
2.645000,206.75,30.567,18.350,350,410,72.000,72,71,18.000,39.000,55.000,220,244,391,160,178,178,178,178,178,178,1,0,0,3,30,1
2.650000,208.91,30.543,18.290,352,409,72.000,72,71,18.000,39.000,55.000,219,244,390,160,178,178,178,178,178,178,1,0,0,3,30,1
2.655000,211.07,30.469,18.290,353,408,72.000,72,71,18.000,39.000,55.000,219,243,389,160,177,177,177,177,177,177,1,0,0,3,30,1
2.660000,213.23,30.345,18.180,354,407,72.000,72,71,18.000,39.000,55.000,218,242,388,160,177,177,177,177,177,177,1,0,0,3,30,1
2.665000,215.39,30.168,18.080,355,406,72.000,71,71,18.000,39.000,55.000,217,242,387,160,176,176,176,176,176,176,1,0,0,3,30,1
2.670000,217.55,29.938,17.970,355,405,72.000,71,71,18.000,39.000,55.000,216,241,386,160,176,176,176,176,176,176,1,0,0,3,30,1
2.675000,219.71,29.653,17.800,355,404,72.000,71,71,18.000,39.000,55.000,214,240,385,160,175,175,175,175,175,175,1,0,0,3,30,1
2.680000,221.87,29.312,17.590,355,403,72.000,71,71,18.000,39.000,55.000,211,240,384,160,175,175,175,175,175,175,1,0,0,3,30,1
2.685000,224.03,28.917,17.370,354,402,72.000,71,71,18.000,39.000,55.000,208,239,383,160,174,174,174,174,174,174,1,0,0,3,30,1
2.690000,226.19,28.466,17.100,352,401,72.000,71,71,18.000,39.000,55.000,205,238,382,160,174,174,174,174,174,174,1,0,0,3,30,1
2.695000,228.35,27.961,16.770,350,400,72.000,71,71,18.000,39.000,55.000,201,238,381,160,173,173,173,173,173,173,1,0,0,3,30,1
2.700000,230.51,27.403,16.440,347,399,72.000,71,71,18.000,39.000,55.000,197,237,380,160,173,173,173,173,173,173,1,0,0,3,30,1
2.705000,232.67,26.793,16.060,344,398,72.000,71,71,18.000,39.000,55.000,193,237,379,160,173,173,173,173,173,173,1,0,0,3,30,1
2.710000,234.83,26.133,15.680,341,397,72.000,71,71,18.000,39.000,55.000,188,236,378,160,172,172,172,172,172,172,1,0,0,3,30,1
2.715000,236.99,25.425,15.250,337,396,72.000,71,71,18.000,39.000,55.000,183,235,377,160,172,172,172,172,172,172,1,0,0,3,30,1
2.720000,239.15,24.672,14.810,332,395,72.000,71,71,18.000,39.000,55.000,178,235,376,160,171,171,171,171,171,171,1,0,0,3,30,1
2.725000,241.31,23.876,14.320,327,394,72.000,71,71,18.000,39.000,55.000,172,234,375,160,171,171,171,171,171,171,1,0,0,3,30,1
2.730000,243.47,23.041,13.830,321,392,72.000,71,71,18.000,39.000,55.000,166,233,372,160,170,170,170,170,170,170,1,0,0,3,30,1
2.735000,245.63,22.169,13.290,315,391,72.000,71,71,18.000,39.000,55.000,159,232,371,160,169,169,169,169,169,169,1,0,0,3,30,1
2.740000,247.79,21.266,12.740,308,389,72.000,71,71,18.000,39.000,55.000,153,231,369,160,168,168,168,168,168,168,1,0,0,3,30,1
2.745000,249.95,20.335,12.200,301,388,72.000,71,71,18.000,39.000,55.000,146,230,368,160,168,168,168,168,168,168,1,0,0,3,30,1
2.750000,252.11,19.380,11.600,294,386,72.000,71,71,18.000,39.000,55.000,139,229,366,160,167,167,167,167,167,167,1,0,0,3,30,1
2.755000,254.27,18.406,11.060,286,384,72.000,71,71,18.000,39.000,55.000,133,227,364,160,166,166,166,166,166,166,1,0,0,3,30,1
2.760000,256.43,17.418,10.460,277,382,72.000,71,71,18.000,39.000,55.000,125,226,362,160,165,165,165,165,165,165,1,0,0,3,30,1
2.765000,258.59,16.420,9.860,269,380,72.000,71,71,18.000,39.000,55.000,118,225,360,160,164,164,164,164,164,164,1,0,0,3,30,1
2.770000,260.75,15.417,9.260,260,378,72.000,71,71,18.000,39.000,55.000,111,223,358,160,163,163,163,163,163,163,1,0,0,3,30,1
2.775000,262.91,14.416,8.670,250,375,72.000,71,71,18.000,39.000,55.000,104,222,355,160,162,162,162,162,162,162,1,0,0,3,30,1
2.780000,265.07,13.421,8.070,241,373,72.000,71,71,18.000,39.000,55.000,97,220,353,160,161,161,161,161,161,161,1,0,0,3,30,1
2.785000,267.23,12.437,7.470,231,370,72.000,71,71,18.000,39.000,55.000,89,218,349,160,159,159,159,159,159,159,1,0,0,3,30,1
2.790000,269.39,11.470,6.870,221,367,72.000,71,71,18.000,39.000,55.000,82,216,346,160,158,158,158,158,158,158,1,0,0,3,30,1
2.795000,271.55,10.526,6.330,211,364,72.000,71,71,18.000,39.000,55.000,76,214,343,160,156,156,156,156,156,156,1,0,0,3,30,1
2.800000,273.71,9.609,5.750,201,361,72.000,71,71,18.000,39.000,55.000,69,212,340,160,155,155,155,155,155,155,1,0,0,3,30,1
2.805000,275.87,8.725,5.220,191,358,72.000,71,71,18.000,39.000,55.000,62,210,337,160,153,153,153,153,153,153,1,0,0,3,30,1
2.810000,278.03,7.880,4.730,180,355,72.000,71,71,18.000,39.000,55.000,56,208,334,160,152,152,152,152,152,152,1,0,0,3,30,1
2.815000,280.19,7.078,4.230,169,351,72.000,71,71,18.000,39.000,55.000,50,206,330,160,150,150,150,150,150,150,1,0,0,3,30,1
2.820000,282.35,6.324,3.780,158,347,72.000,71,71,18.000,39.000,55.000,45,203,325,160,148,148,148,148,148,148,1,0,0,3,30,1
2.825000,284.51,5.624,3.370,148,344,72.000,71,71,18.000,39.000,55.000,40,201,322,160,147,147,147,147,147,147,1,0,0,3,30,1
2.830000,286.67,4.982,3.000,137,340,72.000,71,71,18.000,39.000,55.000,36,199,318,160,145,145,145,145,145,145,1,0,0,3,30,1
2.835000,288.83,4.401,2.630,126,335,72.000,71,71,18.000,39.000,55.000,31,195,313,160,142,142,142,142,142,142,1,0,0,3,30,1
2.840000,290.99,3.887,2.340,116,331,72.000,71,71,18.000,39.000,55.000,28,193,309,160,140,140,140,140,140,140,1,0,0,3,30,1
2.845000,293.15,3.444,2.050,107,327,72.000,71,71,18.000,39.000,55.000,24,190,305,160,139,139,139,139,139,139,1,0,0,3,30,1
2.850000,295.31,3.074,1.850,97,323,72.000,71,71,18.000,39.000,55.000,22,187,300,160,137,137,137,137,137,137,1,0,0,3,30,1
2.855000,297.47,2.781,1.680,89,318,72.000,71,71,18.000,39.000,55.000,20,184,295,160,134,134,134,134,134,134,1,0,0,3,30,1
2.860000,299.63,2.567,1.520,81,313,72.000,71,71,18.000,39.000,55.000,18,181,290,160,132,132,132,132,132,132,1,0,0,3,30,1
2.865000,301.79,2.436,1.480,74,309,72.000,71,71,18.000,39.000,55.000,17,178,286,160,130,130,130,130,130,130,1,0,0,3,30,1
2.870000,303.95,2.390,1.440,67,304,72.000,71,71,18.000,39.000,55.000,17,175,280,160,128,128,128,128,128,128,1,0,0,3,30,1
2.875000,306.11,2.429,1.480,61,299,72.000,71,71,18.000,39.000,55.000,17,172,275,160,125,125,125,125,125,125,1,0,0,3,30,1
2.880000,308.27,2.556,1.520,57,295,72.000,71,71,18.000,39.000,55.000,18,169,271,160,123,123,123,123,123,123,1,0,0,3,30,1
2.885000,310.43,2.772,1.640,53,290,72.000,71,71,18.000,39.000,55.000,19,166,266,160,121,121,121,121,121,121,1,0,0,3,30,1
2.890000,312.59,3.076,1.850,50,285,72.000,71,71,18.000,39.000,55.000,22,163,260,160,119,119,119,119,119,119,1,0,0,3,30,1
2.895000,314.75,3.469,2.100,49,281,72.000,71,71,18.000,39.000,55.000,25,160,256,160,117,117,117,117,117,117,1,0,0,3,30,1
2.900000,316.91,3.951,2.380,48,276,72.000,71,71,18.000,39.000,55.000,28,157,251,160,114,114,114,114,114,114,1,0,0,3,30,1
2.905000,319.07,4.520,2.710,49,272,72.000,71,71,18.000,39.000,55.000,32,154,247,160,112,112,112,112,112,112,1,0,0,3,30,1
2.910000,321.23,5.176,3.080,50,267,72.000,71,71,18.000,39.000,55.000,37,151,242,160,110,110,110,110,110,110,1,0,0,3,30,1
2.915000,323.39,5.917,3.530,53,263,72.000,71,71,18.000,39.000,55.000,42,148,237,160,108,108,108,108,108,108,1,0,0,3,30,1
2.920000,325.55,6.740,4.030,57,259,72.000,71,71,18.000,39.000,55.000,48,146,233,160,106,106,106,106,106,106,1,0,0,3,30,1
2.925000,327.71,7.644,4.600,62,255,72.000,71,71,18.000,39.000,55.000,55,143,229,160,104,104,104,104,104,104,1,0,0,3,30,1
2.930000,329.87,8.626,5.180,68,251,72.000,71,71,18.000,39.000,55.000,62,140,225,160,102,102,102,102,102,102,1,0,0,3,30,1
2.935000,332.03,9.681,5.790,76,248,72.000,71,71,18.000,39.000,55.000,69,138,222,160,101,101,101,101,101,101,1,0,0,3,30,1
2.940000,334.19,10.807,6.490,84,245,72.000,72,72,18.000,39.000,55.000,79,138,222,160,99,99,99,99,99,99,1,0,0,3,30,1
2.945000,336.35,12.000,7.200,93,241,72.000,72,72,18.000,39.000,55.000,87,136,217,160,98,98,98,98,98,98,1,0,0,3,30,1
2.950000,338.51,13.254,7.960,103,239,72.000,72,72,18.000,39.000,55.000,97,134,215,160,97,97,97,97,97,97,1,0,0,3,30,1
2.955000,340.67,14.567,8.720,113,236,72.000,72,72,18.000,39.000,55.000,106,132,212,160,95,95,95,95,95,95,1,0,0,3,30,1
2.960000,342.83,15.932,9.540,124,234,72.000,72,72,18.000,39.000,55.000,116,131,210,160,94,94,94,94,94,94,1,0,0,3,30,1
2.965000,344.99,17.344,10.410,135,232,72.000,72,72,18.000,39.000,55.000,126,130,208,160,93,93,93,93,93,93,1,0,0,3,30,1
2.970000,347.15,18.798,11.280,147,230,72.000,72,72,18.000,39.000,55.000,137,128,206,160,92,92,92,92,92,92,1,0,0,3,30,1
2.975000,349.31,20.289,12.150,160,229,72.000,71,71,18.000,39.000,55.000,146,126,202,160,92,92,92,92,92,92,1,0,0,3,30,1
2.980000,351.47,21.810,13.070,173,227,72.000,71,71,18.000,39.000,55.000,157,125,200,160,91,91,91,91,91,91,1,0,0,3,30,1
2.985000,353.63,23.356,14.000,187,227,72.000,71,71,18.000,39.000,55.000,168,125,200,160,91,91,91,91,91,91,1,0,0,3,30,1
2.990000,355.79,24.920,14.970,201,226,72.000,71,71,18.000,39.000,55.000,180,124,199,160,90,90,90,90,90,90,1,0,0,3,30,1
2.995000,357.95,26.497,15.900,215,226,72.000,71,71,18.000,39.000,55.000,191,124,199,160,90,90,90,90,90,90,1,0,0,3,30,1
3.000000,0.11,28.079,16.820,230,226,72.000,71,71,18.000,39.000,55.000,202,124,199,160,90,90,90,90,90,90,1,0,0,3,30,1
3.005000,2.27,29.661,17.800,245,226,72.000,71,71,18.000,39.000,55.000,214,124,199,160,90,90,90,90,90,90,1,0,0,3,30,1
3.010000,4.43,31.237,18.730,261,227,72.000,71,71,18.000,39.000,55.000,225,125,200,160,91,91,91,91,91,91,1,0,0,3,30,1
3.015000,6.59,32.800,19.650,277,229,72.000,71,71,18.000,39.000,55.000,236,126,202,160,92,92,92,92,92,92,1,0,0,3,30,1
3.020000,8.75,34.343,20.580,293,231,72.000,71,71,18.000,39.000,55.000,247,127,204,160,93,93,93,93,93,93,1,0,0,3,30,1
3.025000,10.91,35.862,21.500,309,234,72.000,71,71,18.000,39.000,55.000,258,129,207,160,94,94,94,94,94,94,1,0,0,3,30,1
3.030000,13.07,37.349,22.430,325,237,72.000,71,71,18.000,39.000,55.000,269,131,210,160,96,96,96,96,96,96,1,0,0,3,30,1
3.035000,15.23,38.799,23.300,341,241,72.000,71,71,18.000,39.000,55.000,280,134,214,160,98,98,98,98,98,98,1,0,0,3,30,1
3.040000,17.39,40.207,24.110,357,246,72.000,71,71,18.000,39.000,55.000,289,137,220,160,100,100,100,100,100,100,1,0,0,3,30,1
3.045000,19.55,41.567,24.930,373,250,72.000,71,71,18.000,39.000,55.000,299,140,224,160,102,102,102,102,102,102,1,0,0,3,30,1
3.050000,21.71,42.874,25.740,389,256,72.000,71,71,18.000,39.000,55.000,309,144,230,160,105,105,105,105,105,105,1,0,0,3,30,1
3.055000,23.87,44.122,26.450,405,262,72.000,71,71,18.000,39.000,55.000,318,148,236,160,108,108,108,108,108,108,1,0,0,3,30,1
3.060000,26.03,45.309,27.160,420,268,72.000,71,71,18.000,39.000,55.000,326,152,243,160,110,110,110,110,110,110,1,0,0,3,30,1
3.065000,28.19,46.428,27.870,435,274,72.000,71,71,18.000,39.000,55.000,335,155,249,160,113,113,113,113,113,113,1,0,0,3,30,1
3.070000,30.35,47.476,28.460,449,281,72.000,71,71,18.000,39.000,55.000,342,160,256,160,117,117,117,117,117,117,1,0,0,3,30,1
3.075000,32.51,48.450,29.060,463,288,72.000,71,71,18.000,39.000,55.000,349,165,264,160,120,120,120,120,120,120,1,0,0,3,30,1
3.080000,34.67,49.346,29.610,477,296,72.000,71,71,18.000,39.000,55.000,356,170,272,160,124,124,124,124,124,124,1,0,0,3,30,1
3.085000,36.83,50.161,30.100,490,303,72.000,71,71,18.000,39.000,55.000,362,174,279,160,127,127,127,127,127,127,1,0,0,3,30,1
3.090000,38.99,50.893,30.530,502,311,72.000,71,71,18.000,39.000,55.000,367,180,288,160,131,131,131,131,131,131,1,0,0,3,30,1
3.095000,41.15,51.541,30.910,514,319,72.000,71,71,18.000,39.000,55.000,371,185,296,160,135,135,135,135,135,135,1,0,0,3,30,1
3.100000,43.31,52.101,31.240,525,327,72.000,71,71,18.000,39.000,55.000,375,190,305,160,139,139,139,139,139,139,1,0,0,3,30,1
3.105000,45.47,52.574,31.560,536,336,72.000,71,71,18.000,39.000,55.000,379,196,314,160,143,143,143,143,143,143,1,0,0,3,30,1
3.110000,47.63,52.959,31.780,545,344,72.000,71,71,18.000,39.000,55.000,382,201,322,160,147,147,147,147,147,147,1,0,0,3,30,1
3.115000,49.79,53.254,31.950,554,352,72.000,71,71,18.000,39.000,55.000,384,206,331,160,151,151,151,151,151,151,1,0,0,3,30,1
3.120000,51.95,53.460,32.050,562,361,72.000,71,71,18.000,39.000,55.000,385,212,340,160,155,155,155,155,155,155,1,0,0,3,30,1
3.125000,54.11,53.579,32.160,569,369,72.000,71,71,18.000,39.000,55.000,386,218,348,160,159,159,159,159,159,159,1,0,0,3,30,1
3.130000,56.27,53.609,32.160,576,377,72.000,71,71,18.000,39.000,55.000,386,223,357,160,162,162,162,162,162,162,1,0,0,3,30,1
3.135000,58.43,53.554,32.110,581,385,72.000,71,71,18.000,39.000,55.000,386,228,365,160,166,166,166,166,166,166,1,0,0,3,30,1
3.140000,60.59,53.415,32.050,586,394,72.000,71,71,18.000,39.000,55.000,385,234,375,160,171,171,171,171,171,171,1,0,0,3,30,1
3.145000,62.75,53.194,31.890,589,401,72.000,71,71,18.000,39.000,55.000,383,238,382,160,174,174,174,174,174,174,1,0,0,3,30,1
3.150000,64.91,52.893,31.730,592,409,72.000,71,71,18.000,39.000,55.000,381,244,390,160,178,178,178,178,178,178,1,0,0,3,30,1
3.155000,67.07,52.515,31.510,594,417,72.000,71,71,18.000,39.000,55.000,378,249,399,160,182,182,182,182,182,182,1,0,0,3,30,1
3.160000,69.23,52.064,31.240,595,424,72.000,71,71,18.000,39.000,55.000,375,254,406,160,185,185,185,185,185,185,1,0,0,3,30,1
3.165000,71.39,51.544,30.910,595,431,72.000,71,71,18.000,39.000,55.000,371,258,413,160,188,188,188,188,188,188,1,0,0,3,30,1
3.170000,73.55,50.957,30.590,595,437,72.000,71,71,18.000,39.000,55.000,367,262,420,160,191,191,191,191,191,191,1,0,0,3,30,1
3.175000,75.71,50.308,30.210,593,444,72.000,71,71,18.000,39.000,55.000,363,267,427,160,194,194,194,194,194,194,1,0,0,3,30,1
3.180000,77.87,49.603,29.770,591,450,72.000,71,71,18.000,39.000,55.000,358,271,433,160,197,197,197,197,197,197,1,0,0,3,30,1
3.185000,80.03,48.844,29.280,588,456,72.000,71,71,18.000,39.000,55.000,352,274,439,160,200,200,200,200,200,200,1,0,0,3,30,1
3.190000,82.19,48.038,28.790,584,461,72.000,71,71,18.000,39.000,55.000,346,278,445,160,203,203,203,203,203,203,1,0,0,3,30,1
3.195000,84.35,47.188,28.300,580,466,72.000,71,71,18.000,39.000,55.000,340,281,450,160,205,205,205,205,205,205,1,0,0,3,30,1
3.200000,86.51,46.301,27.760,575,470,72.000,71,71,18.000,39.000,55.000,333,284,454,160,207,207,207,207,207,207,1,0,0,3,30,1
3.205000,88.67,45.381,27.210,569,474,72.000,71,71,18.000,39.000,55.000,327,286,458,160,209,209,209,209,209,209,1,0,0,3,30,1
3.210000,90.83,44.434,26.670,562,478,72.000,71,71,18.000,39.000,55.000,320,289,463,160,211,211,211,211,211,211,1,0,0,3,30,1
3.215000,92.99,43.465,26.070,555,481,72.000,71,71,18.000,39.000,55.000,313,291,466,160,212,212,212,212,212,212,1,0,0,3,30,1
3.220000,95.15,42.480,25.470,548,484,72.000,71,71,18.000,39.000,55.000,306,293,469,160,214,214,214,214,214,214,1,0,0,3,30,1
3.225000,97.31,41.484,24.870,540,487,72.000,71,71,18.000,39.000,55.000,299,295,472,160,215,215,215,215,215,215,1,0,0,3,30,1
3.230000,99.47,40.482,24.280,532,488,72.000,71,71,18.000,39.000,55.000,292,295,473,160,215,215,215,215,215,215,1,0,0,3,30,1
3.235000,101.63,39.480,23.680,523,490,72.000,71,71,18.000,39.000,55.000,284,297,475,160,216,216,216,216,216,216,1,0,0,3,30,1
3.240000,103.79,38.483,23.080,514,491,72.000,71,71,18.000,39.000,55.000,277,297,476,160,217,217,217,217,217,217,1,0,0,3,30,1
3.245000,105.95,37.496,22.480,505,492,72.000,71,71,18.000,39.000,55.000,270,298,477,160,217,217,217,217,217,217,1,0,0,3,30,1
3.250000,108.11,36.523,21.880,495,492,72.000,71,71,18.000,39.000,55.000,263,298,477,160,217,217,217,217,217,217,1,0,0,3,30,1
3.255000,110.27,35.571,21.340,486,492,72.000,72,72,18.000,39.000,55.000,260,302,484,160,217,217,217,217,217,217,1,0,0,3,30,1
3.260000,112.43,34.642,20.790,476,492,72.000,72,72,18.000,39.000,55.000,253,302,484,160,217,217,217,217,217,217,1,0,0,3,30,1
3.265000,114.59,33.742,20.250,466,492,72.000,72,72,18.000,39.000,55.000,246,302,484,160,217,217,217,217,217,217,1,0,0,3,30,1
3.270000,116.75,32.874,19.710,456,491,72.000,72,72,18.000,39.000,55.000,240,302,483,160,217,217,217,217,217,217,1,0,0,3,30,1
3.275000,118.91,32.043,19.220,447,490,72.000,72,72,18.000,39.000,55.000,234,301,482,160,216,216,216,216,216,216,1,0,0,3,30,1
3.280000,121.07,31.251,18.730,437,489,72.000,72,72,18.000,39.000,55.000,228,300,481,160,216,216,216,216,216,216,1,0,0,3,30,1
3.285000,123.23,30.502,18.290,427,488,72.000,72,72,18.000,39.000,55.000,223,300,480,160,215,215,215,215,215,215,1,0,0,3,30,1
3.290000,125.39,29.799,17.860,418,487,72.000,71,71,18.000,39.000,55.000,214,295,472,160,215,215,215,215,215,215,1,0,0,3,30,1
3.295000,127.55,29.144,17.480,409,485,72.000,71,71,18.000,39.000,55.000,210,293,470,160,214,214,214,214,214,214,1,0,0,3,30,1
3.300000,129.71,28.539,17.100,400,484,72.000,71,71,18.000,39.000,55.000,205,293,469,160,214,214,214,214,214,214,1,0,0,3,30,1
3.305000,131.87,27.986,16.770,392,482,72.000,71,71,18.000,39.000,55.000,201,292,467,160,213,213,213,213,213,213,1,0,0,3,30,1
3.310000,134.03,27.486,16.500,384,480,72.000,71,71,18.000,39.000,55.000,198,290,465,160,212,212,212,212,212,212,1,0,0,3,30,1
3.315000,136.19,27.041,16.230,376,478,72.000,71,71,18.000,39.000,55.000,195,289,463,160,211,211,211,211,211,211,1,0,0,3,30,1
3.320000,138.35,26.651,16.010,369,476,72.000,71,71,18.000,39.000,55.000,192,288,460,160,210,210,210,210,210,210,1,0,0,3,30,1
3.325000,140.51,26.316,15.790,362,474,72.000,71,71,18.000,39.000,55.000,189,286,458,160,209,209,209,209,209,209,1,0,0,3,30,1
3.330000,142.67,26.037,15.630,356,472,72.000,71,71,18.000,39.000,55.000,187,285,456,160,208,208,208,208,208,208,1,0,0,3,30,1
3.335000,144.83,25.812,15.460,350,470,72.000,71,71,18.000,39.000,55.000,185,284,454,160,207,207,207,207,207,207,1,0,0,3,30,1
3.340000,146.99,25.640,15.360,345,467,72.000,71,71,18.000,39.000,55.000,184,282,451,160,205,205,205,205,205,205,1,0,0,3,30,1
3.345000,149.15,25.521,15.300,340,465,72.000,71,71,18.000,39.000,55.000,184,280,449,160,204,204,204,204,204,204,1,0,0,3,30,1
3.350000,151.31,25.453,15.250,335,462,72.000,71,71,18.000,39.000,55.000,183,278,446,160,203,203,203,203,203,203,1,0,0,3,30,1
3.355000,153.47,25.433,15.250,331,460,72.000,71,71,18.000,39.000,55.000,183,277,444,160,202,202,202,202,202,202,1,0,0,3,30,1
3.360000,155.63,25.460,15.250,328,457,72.000,71,71,18.000,39.000,55.000,183,275,441,160,201,201,201,201,201,201,1,0,0,3,30,1
3.365000,157.79,25.531,15.300,325,455,72.000,71,71,18.000,39.000,55.000,184,274,438,160,200,200,200,200,200,200,1,0,0,3,30,1
3.370000,159.95,25.644,15.360,323,452,72.000,71,71,18.000,39.000,55.000,184,272,435,160,198,198,198,198,198,198,1,0,0,3,30,1
3.375000,162.11,25.794,15.460,321,450,72.000,71,71,18.000,39.000,55.000,185,271,433,160,197,197,197,197,197,197,1,0,0,3,30,1
3.380000,164.27,25.978,15.570,320,447,72.000,71,71,18.000,39.000,55.000,187,269,430,160,196,196,196,196,196,196,1,0,0,3,30,1
3.385000,166.43,26.194,15.740,319,445,72.000,71,71,18.000,39.000,55.000,189,267,428,160,195,195,195,195,195,195,1,0,0,3,30,1
3.390000,168.59,26.437,15.850,319,442,72.000,71,71,18.000,39.000,55.000,190,265,425,160,194,194,194,194,194,194,1,0,0,3,30,1
3.395000,170.75,26.702,16.010,319,440,72.000,71,71,18.000,39.000,55.000,192,264,423,160,193,193,193,193,193,193,1,0,0,3,30,1
3.400000,172.91,26.987,16.170,319,437,72.000,71,71,18.000,39.000,55.000,194,262,420,160,191,191,191,191,191,191,1,0,0,3,30,1
3.405000,175.07,27.286,16.390,320,435,72.000,71,71,18.000,39.000,55.000,197,261,417,160,190,190,190,190,190,190,1,0,0,3,30,1
3.410000,177.23,27.595,16.550,321,433,72.000,71,71,18.000,39.000,55.000,199,259,415,160,189,189,189,189,189,189,1,0,0,3,30,1
3.415000,179.39,27.910,16.720,322,431,72.000,71,71,18.000,39.000,55.000,201,258,413,160,188,188,188,188,188,188,1,0,0,3,30,1
3.420000,181.55,28.227,16.930,324,429,72.000,71,71,18.000,39.000,55.000,203,257,411,160,187,187,187,187,187,187,1,0,0,3,30,1
3.425000,183.71,28.540,17.100,326,427,72.000,71,71,18.000,39.000,55.000,205,255,409,160,186,186,186,186,186,186,1,0,0,3,30,1
3.430000,185.87,28.845,17.310,328,425,72.000,71,71,18.000,39.000,55.000,208,254,407,160,185,185,185,185,185,185,1,0,0,3,30,1
3.435000,188.03,29.139,17.480,330,423,72.000,71,71,18.000,39.000,55.000,210,253,405,160,184,184,184,184,184,184,1,0,0,3,30,1
3.440000,190.19,29.415,17.640,333,421,72.000,71,71,18.000,39.000,55.000,212,252,403,160,183,183,183,183,183,183,1,0,0,3,30,1
3.445000,192.35,29.672,17.800,335,419,72.000,71,71,18.000,39.000,55.000,214,250,401,160,183,183,183,183,183,183,1,0,0,3,30,1
3.450000,194.51,29.903,17.970,338,418,72.000,71,71,18.000,39.000,55.000,216,250,400,160,182,182,182,182,182,182,1,0,0,3,30,1
3.455000,196.67,30.106,18.080,340,416,72.000,71,71,18.000,39.000,55.000,217,248,398,160,181,181,181,181,181,181,1,0,0,3,30,1
3.460000,198.83,30.276,18.180,343,415,72.000,71,71,18.000,39.000,55.000,218,248,397,160,181,181,181,181,181,181,1,0,0,3,30,1
3.465000,200.99,30.410,18.240,345,413,72.000,71,71,18.000,39.000,55.000,219,246,394,160,180,180,180,180,180,180,1,0,0,3,30,1
3.470000,203.15,30.505,18.290,347,412,72.000,71,71,18.000,39.000,55.000,219,246,393,160,179,179,179,179,179,179,1,0,0,3,30,1
3.475000,205.31,30.557,18.350,349,411,72.000,71,71,18.000,39.000,55.000,220,245,392,160,179,179,179,179,179,179,1,0,0,3,30,1
3.480000,207.47,30.564,18.350,351,410,72.000,71,71,18.000,39.000,55.000,220,244,391,160,178,178,178,178,178,178,1,0,0,3,30,1
3.485000,209.63,30.524,18.290,352,409,72.000,71,71,18.000,39.000,55.000,219,244,390,160,178,178,178,178,178,178,1,0,0,3,30,1
3.490000,211.79,30.434,18.240,354,408,72.000,71,71,18.000,39.000,55.000,219,243,389,160,177,177,177,177,177,177,1,0,0,3,30,1
3.495000,213.95,30.292,18.180,355,407,72.000,71,71,18.000,39.000,55.000,218,242,388,160,177,177,177,177,177,177,1,0,0,3,30,1
3.500000,216.11,30.098,18.080,355,406,72.000,71,71,18.000,39.000,55.000,217,242,387,160,176,176,176,176,176,176,1,0,0,3,30,1
3.505000,218.27,29.849,17.910,355,405,72.000,71,71,18.000,39.000,55.000,215,241,386,160,176,176,176,176,176,176,1,0,0,3,30,1
3.510000,220.43,29.545,17.690,355,404,72.000,71,71,18.000,39.000,55.000,212,240,385,160,175,175,175,175,175,175,1,0,0,3,30,1
3.515000,222.59,29.186,17.530,354,403,72.000,71,71,18.000,39.000,55.000,210,240,384,160,175,175,175,175,175,175,1,0,0,3,30,1
3.520000,224.75,28.772,17.260,353,402,72.000,71,71,18.000,39.000,55.000,207,239,383,160,174,174,174,174,174,174,1,0,0,3,30,1
3.525000,226.91,28.304,16.990,351,401,72.000,71,71,18.000,39.000,55.000,204,238,382,160,174,174,174,174,174,174,1,0,0,3,30,1
3.530000,229.07,27.781,16.660,349,400,72.000,71,71,18.000,39.000,55.000,200,238,381,160,173,173,173,173,173,173,1,0,0,3,30,1
3.535000,231.23,27.205,16.330,347,399,72.000,71,71,18.000,39.000,55.000,196,237,380,160,173,173,173,173,173,173,1,0,0,3,30,1
3.540000,233.39,26.579,15.950,343,398,72.000,71,71,18.000,39.000,55.000,191,237,379,160,173,173,173,173,173,173,1,0,0,3,30,1
3.545000,235.55,25.902,15.520,339,397,72.000,71,71,18.000,39.000,55.000,186,236,378,160,172,172,172,172,172,172,1,0,0,3,30,1
3.550000,237.71,25.179,15.080,335,396,72.000,71,71,18.000,39.000,55.000,181,235,377,160,172,172,172,172,172,172,1,0,0,3,30,1
3.555000,239.87,24.411,14.650,330,394,72.000,71,71,18.000,39.000,55.000,176,234,375,160,171,171,171,171,171,171,1,0,0,3,30,1
3.560000,242.03,23.602,14.160,325,393,72.000,71,71,18.000,39.000,55.000,170,233,374,160,170,170,170,170,170,170,1,0,0,3,30,1
3.565000,244.19,22.754,13.670,319,392,72.000,72,72,18.000,39.000,55.000,166,236,378,160,170,170,170,170,170,170,1,0,0,3,30,1
3.570000,246.35,21.872,13.130,313,390,72.000,72,72,18.000,39.000,55.000,160,235,376,160,169,169,169,169,169,169,1,0,0,3,30,1
3.575000,248.51,20.959,12.580,306,389,72.000,72,72,18.000,39.000,55.000,153,234,375,160,168,168,168,168,168,168,1,0,0,3,30,1
3.580000,250.67,20.019,11.980,299,387,72.000,72,72,18.000,39.000,55.000,146,233,372,160,167,167,167,167,167,167,1,0,0,3,30,1
3.585000,252.83,19.057,11.440,291,385,72.000,72,72,18.000,39.000,55.000,139,231,370,160,166,166,166,166,166,166,1,0,0,3,30,1
3.590000,254.99,18.078,10.840,283,383,72.000,72,72,18.000,39.000,55.000,132,230,368,160,165,165,165,165,165,165,1,0,0,3,30,1
3.595000,257.15,17.086,10.240,274,381,72.000,72,72,18.000,39.000,55.000,124,229,366,160,164,164,164,164,164,164,1,0,0,3,30,1
3.600000,259.31,16.086,9.640,266,379,72.000,71,71,18.000,39.000,55.000,115,224,359,160,163,163,163,163,163,163,1,0,0,3,30,1
3.605000,261.47,15.083,9.050,257,377,72.000,71,71,18.000,39.000,55.000,108,223,357,160,162,162,162,162,162,162,1,0,0,3,30,1
3.610000,263.63,14.083,8.450,247,374,72.000,71,71,18.000,39.000,55.000,101,221,354,160,161,161,161,161,161,161,1,0,0,3,30,1
3.615000,265.79,13.091,7.850,238,372,72.000,71,71,18.000,39.000,55.000,94,219,351,160,160,160,160,160,160,160,1,0,0,3,30,1
3.620000,267.95,12.113,7.250,228,369,72.000,71,71,18.000,39.000,55.000,87,218,348,160,159,159,159,159,159,159,1,0,0,3,30,1
3.625000,270.11,11.153,6.710,218,366,72.000,71,71,18.000,39.000,55.000,80,216,345,160,157,157,157,157,157,157,1,0,0,3,30,1
3.630000,272.27,10.217,6.110,208,363,72.000,71,71,18.000,39.000,55.000,73,214,342,160,156,156,156,156,156,156,1,0,0,3,30,1
3.635000,274.43,9.310,5.590,198,360,72.000,71,71,18.000,39.000,55.000,67,212,339,160,154,154,154,154,154,154,1,0,0,3,30,1
3.640000,276.59,8.439,5.050,187,357,72.000,71,71,18.000,39.000,55.000,60,210,336,160,153,153,153,153,153,153,1,0,0,3,30,1
3.645000,278.75,7.607,4.560,177,353,72.000,71,71,18.000,39.000,55.000,54,207,332,160,151,151,151,151,151,151,1,0,0,3,30,1
3.650000,280.91,6.821,4.110,166,350,72.000,71,71,18.000,39.000,55.000,49,205,329,160,150,150,150,150,150,150,1,0,0,3,30,1
3.655000,283.07,6.085,3.660,155,346,72.000,71,71,18.000,39.000,55.000,44,203,324,160,148,148,148,148,148,148,1,0,0,3,30,1
3.660000,285.23,5.403,3.250,144,342,72.000,71,71,18.000,39.000,55.000,39,200,320,160,146,146,146,146,146,146,1,0,0,3,30,1
3.665000,287.39,4.781,2.880,133,338,72.000,71,71,18.000,39.000,55.000,34,197,316,160,144,144,144,144,144,144,1,0,0,3,30,1
3.670000,289.55,4.222,2.550,123,334,72.000,71,71,18.000,39.000,55.000,30,195,312,160,142,142,142,142,142,142,1,0,0,3,30,1
3.675000,291.71,3.732,2.260,113,330,72.000,71,71,18.000,39.000,55.000,27,192,308,160,140,140,140,140,140,140,1,0,0,3,30,1
3.680000,293.87,3.312,1.970,103,325,72.000,71,71,18.000,39.000,55.000,23,189,302,160,138,138,138,138,138,138,1,0,0,3,30,1
3.685000,296.03,2.967,1.770,94,321,72.000,71,71,18.000,39.000,55.000,21,186,298,160,136,136,136,136,136,136,1,0,0,3,30,1
3.690000,298.19,2.701,1.600,86,316,72.000,71,71,18.000,39.000,55.000,19,183,293,160,133,133,133,133,133,133,1,0,0,3,30,1
3.695000,300.35,2.514,1.520,78,312,72.000,71,71,18.000,39.000,55.000,18,180,289,160,131,131,131,131,131,131,1,0,0,3,30,1
3.700000,302.51,2.411,1.440,71,307,72.000,71,71,18.000,39.000,55.000,17,177,284,160,129,129,129,129,129,129,1,0,0,3,30,1
3.705000,304.67,2.393,1.440,65,303,72.000,71,71,18.000,39.000,55.000,17,174,279,160,127,127,127,127,127,127,1,0,0,3,30,1
3.710000,306.83,2.462,1.480,60,298,72.000,71,71,18.000,39.000,55.000,17,171,274,160,125,125,125,125,125,125,1,0,0,3,30,1
3.715000,308.99,2.618,1.560,56,293,72.000,71,71,18.000,39.000,55.000,18,168,269,160,122,122,122,122,122,122,1,0,0,3,30,1
3.720000,311.15,2.863,1.730,52,288,72.000,71,71,18.000,39.000,55.000,20,165,264,160,120,120,120,120,120,120,1,0,0,3,30,1
3.725000,313.31,3.197,1.930,50,284,72.000,71,71,18.000,39.000,55.000,23,162,259,160,118,118,118,118,118,118,1,0,0,3,30,1
3.730000,315.47,3.620,2.180,49,279,72.000,71,71,18.000,39.000,55.000,26,159,254,160,116,116,116,116,116,116,1,0,0,3,30,1
3.735000,317.63,4.131,2.470,48,275,72.000,71,71,18.000,39.000,55.000,29,156,250,160,114,114,114,114,114,114,1,0,0,3,30,1
3.740000,319.79,4.729,2.840,49,270,72.000,71,71,18.000,39.000,55.000,34,153,245,160,111,111,111,111,111,111,1,0,0,3,30,1
3.745000,321.95,5.414,3.250,51,266,72.000,71,71,18.000,39.000,55.000,39,150,241,160,109,109,109,109,109,109,1,0,0,3,30,1
3.750000,324.11,6.182,3.700,54,262,72.000,71,71,18.000,39.000,55.000,44,148,236,160,108,108,108,108,108,108,1,0,0,3,30,1
3.755000,326.27,7.033,4.230,59,258,72.000,71,71,18.000,39.000,55.000,50,145,232,160,106,106,106,106,106,106,1,0,0,3,30,1
3.760000,328.43,7.963,4.770,64,254,72.000,71,71,18.000,39.000,55.000,57,142,228,160,104,104,104,104,104,104,1,0,0,3,30,1
3.765000,330.59,8.969,5.380,71,250,72.000,71,71,18.000,39.000,55.000,64,140,224,160,102,102,102,102,102,102,1,0,0,3,30,1
3.770000,332.75,10.049,6.050,78,247,72.000,71,71,18.000,39.000,55.000,72,138,221,160,100,100,100,100,100,100,1,0,0,3,30,1
3.775000,334.91,11.197,6.710,87,243,72.000,71,71,18.000,39.000,55.000,80,135,217,160,99,99,99,99,99,99,1,0,0,3,30,1
3.780000,337.07,12.411,7.410,96,241,72.000,71,71,18.000,39.000,55.000,89,134,214,160,98,98,98,98,98,98,1,0,0,3,30,1
3.785000,339.23,13.686,8.230,106,238,72.000,71,71,18.000,39.000,55.000,98,132,211,160,96,96,96,96,96,96,1,0,0,3,30,1
3.790000,341.39,15.016,8.990,117,235,72.000,71,71,18.000,39.000,55.000,108,130,208,160,95,95,95,95,95,95,1,0,0,3,30,1
3.795000,343.55,16.397,9.860,128,233,72.000,71,71,18.000,39.000,55.000,118,129,206,160,94,94,94,94,94,94,1,0,0,3,30,1
3.800000,345.71,17.824,10.680,139,231,72.000,71,71,18.000,39.000,55.000,128,127,204,160,93,93,93,93,93,93,1,0,0,3,30,1
3.805000,347.87,19.291,11.550,151,230,72.000,71,71,18.000,39.000,55.000,138,127,203,160,92,92,92,92,92,92,1,0,0,3,30,1
3.810000,350.03,20.793,12.470,164,228,72.000,71,71,18.000,39.000,55.000,149,125,201,160,91,91,91,91,91,91,1,0,0,3,30,1
3.815000,352.19,22.323,13.400,177,227,72.000,71,71,18.000,39.000,55.000,161,125,200,160,91,91,91,91,91,91,1,0,0,3,30,1
3.820000,354.35,23.876,14.320,191,226,72.000,71,71,18.000,39.000,55.000,172,124,199,160,90,90,90,90,90,90,1,0,0,3,30,1
3.825000,356.51,25.445,15.250,206,226,72.000,71,71,18.000,39.000,55.000,183,124,199,160,90,90,90,90,90,90,1,0,0,3,30,1
3.830000,358.67,27.024,16.230,220,226,72.000,71,71,18.000,39.000,55.000,195,124,199,160,90,90,90,90,90,90,1,0,0,3,30,1
3.835000,0.83,28.607,17.150,235,226,72.000,71,71,18.000,39.000,55.000,206,124,199,160,90,90,90,90,90,90,1,0,0,3,30,1
3.840000,2.99,30.188,18.130,251,226,72.000,71,71,18.000,39.000,55.000,218,124,199,160,90,90,90,90,90,90,1,0,0,3,30,1
3.845000,5.15,31.759,19.050,266,228,72.000,71,71,18.000,39.000,55.000,229,125,201,160,91,91,91,91,91,91,1,0,0,3,30,1
3.850000,7.31,33.316,19.980,282,230,72.000,71,71,18.000,39.000,55.000,240,127,203,160,92,92,92,92,92,92,1,0,0,3,30,1
3.855000,9.47,34.852,20.900,298,232,72.000,71,71,18.000,39.000,55.000,251,128,205,160,93,93,93,93,93,93,1,0,0,3,30,1
3.860000,11.63,36.361,21.830,314,235,72.000,71,71,18.000,39.000,55.000,262,130,208,160,95,95,95,95,95,95,1,0,0,3,30,1
3.865000,13.79,37.837,22.700,330,239,72.000,71,71,18.000,39.000,55.000,273,133,212,160,97,97,97,97,97,97,1,0,0,3,30,1
3.870000,15.95,39.274,23.570,347,243,72.000,71,71,18.000,39.000,55.000,283,135,217,160,99,99,99,99,99,99,1,0,0,3,30,1
3.875000,18.11,40.666,24.380,363,247,72.000,71,71,18.000,39.000,55.000,293,138,221,160,100,100,100,100,100,100,1,0,0,3,30,1
3.880000,20.27,42.009,25.200,379,252,72.000,72,72,18.000,39.000,55.000,307,143,229,160,103,103,103,103,103,103,1,0,0,3,30,1
3.885000,22.43,43.297,25.960,394,258,72.000,72,72,18.000,39.000,55.000,316,147,235,160,106,106,106,106,106,106,1,0,0,3,30,1
3.890000,24.59,44.525,26.720,410,264,72.000,72,72,18.000,39.000,55.000,325,151,242,160,109,109,109,109,109,109,1,0,0,3,30,1
3.895000,26.75,45.689,27.430,425,270,72.000,72,72,18.000,39.000,55.000,334,155,248,160,111,111,111,111,111,111,1,0,0,3,30,1
3.900000,28.91,46.785,28.080,440,276,72.000,72,72,18.000,39.000,55.000,342,159,255,160,114,114,114,114,114,114,1,0,0,3,30,1
3.905000,31.07,47.809,28.680,454,283,72.000,72,72,18.000,39.000,55.000,349,164,262,160,118,118,118,118,118,118,1,0,0,3,30,1
3.910000,33.23,48.757,29.230,468,291,72.000,72,72,18.000,39.000,55.000,356,169,271,160,121,121,121,121,121,121,1,0,0,3,30,1
3.915000,35.39,49.626,29.770,481,298,72.000,71,71,18.000,39.000,55.000,358,171,274,160,125,125,125,125,125,125,1,0,0,3,30,1
3.920000,37.55,50.414,30.260,494,306,72.000,71,71,18.000,39.000,55.000,363,176,282,160,129,129,129,129,129,129,1,0,0,3,30,1
3.925000,39.71,51.119,30.640,506,314,72.000,71,71,18.000,39.000,55.000,368,182,291,160,132,132,132,132,132,132,1,0,0,3,30,1
3.930000,41.87,51.737,31.020,518,322,72.000,71,71,18.000,39.000,55.000,373,187,299,160,136,136,136,136,136,136,1,0,0,3,30,1
3.935000,44.03,52.269,31.350,529,330,72.000,71,71,18.000,39.000,55.000,377,192,308,160,140,140,140,140,140,140,1,0,0,3,30,1
3.940000,46.19,52.712,31.620,539,338,72.000,71,71,18.000,39.000,55.000,380,197,316,160,144,144,144,144,144,144,1,0,0,3,30,1
3.945000,48.35,53.067,31.840,548,347,72.000,71,71,18.000,39.000,55.000,382,203,325,160,148,148,148,148,148,148,1,0,0,3,30,1
3.950000,50.51,53.333,32.000,557,355,72.000,71,71,18.000,39.000,55.000,384,208,334,160,152,152,152,152,152,152,1,0,0,3,30,1
3.955000,52.67,53.510,32.110,565,363,72.000,71,71,18.000,39.000,55.000,386,214,342,160,156,156,156,156,156,156,1,0,0,3,30,1
3.960000,54.83,53.599,32.160,571,372,72.000,71,71,18.000,39.000,55.000,386,219,351,160,160,160,160,160,160,160,1,0,0,3,30,1
3.965000,56.99,53.601,32.160,578,380,72.000,71,71,18.000,39.000,55.000,386,225,360,160,164,164,164,164,164,164,1,0,0,3,30,1
3.970000,59.15,53.517,32.110,583,388,72.000,71,71,18.000,39.000,55.000,386,230,368,160,168,168,168,168,168,168,1,0,0,3,30,1
3.975000,61.31,53.350,32.000,587,396,72.000,71,71,18.000,39.000,55.000,384,235,377,160,172,172,172,172,172,172,1,0,0,3,30,1
3.980000,63.47,53.102,31.840,590,404,72.000,71,71,18.000,39.000,55.000,382,240,385,160,175,175,175,175,175,175,1,0,0,3,30,1
3.985000,65.63,52.775,31.670,593,412,72.000,71,71,18.000,39.000,55.000,380,246,393,160,179,179,179,179,179,179,1,0,0,3,30,1
3.990000,67.79,52.373,31.400,594,419,72.000,71,71,18.000,39.000,55.000,377,250,401,160,183,183,183,183,183,183,1,0,0,3,30,1
3.995000,69.95,51.898,31.130,595,426,72.000,71,71,18.000,39.000,55.000,374,255,408,160,186,186,186,186,186,186,1,0,0,3,30,1
4.000000,72.11,51.355,30.800,595,433,72.000,71,71,18.000,39.000,55.000,370,259,415,160,189,189,189,189,189,189,1,0,0,3,30,1
4.005000,74.27,50.747,30.420,594,440,72.000,71,71,18.000,39.000,55.000,365,264,423,160,193,193,193,193,193,193,1,0,0,3,30,1
4.010000,76.43,50.079,30.040,593,446,72.000,71,71,18.000,39.000,55.000,361,268,429,160,195,195,195,195,195,195,1,0,0,3,30,1
4.015000,78.59,49.355,29.610,590,452,72.000,71,71,18.000,39.000,55.000,356,272,435,160,198,198,198,198,198,198,1,0,0,3,30,1
4.020000,80.75,48.580,29.120,587,457,72.000,71,71,18.000,39.000,55.000,350,275,441,160,201,201,201,201,201,201,1,0,0,3,30,1
4.025000,82.91,47.759,28.630,583,462,72.000,71,71,18.000,39.000,55.000,344,278,446,160,203,203,203,203,203,203,1,0,0,3,30,1
4.030000,85.07,46.896,28.140,578,467,72.000,71,71,18.000,39.000,55.000,338,282,451,160,205,205,205,205,205,205,1,0,0,3,30,1
4.035000,87.23,45.998,27.590,573,472,72.000,71,71,18.000,39.000,55.000,331,285,456,160,208,208,208,208,208,208,1,0,0,3,30,1
4.040000,89.39,45.068,27.050,567,476,72.000,71,71,18.000,39.000,55.000,325,288,460,160,210,210,210,210,210,210,1,0,0,3,30,1
4.045000,91.55,44.113,26.450,560,479,72.000,71,71,18.000,39.000,55.000,318,289,463,160,211,211,211,211,211,211,1,0,0,3,30,1
4.050000,93.71,43.139,25.850,553,482,72.000,71,71,18.000,39.000,55.000,310,292,467,160,213,213,213,213,213,213,1,0,0,3,30,1
4.055000,95.87,42.149,25.260,545,485,72.000,71,71,18.000,39.000,55.000,303,293,470,160,214,214,214,214,214,214,1,0,0,3,30,1
4.060000,98.03,41.150,24.660,537,487,72.000,71,71,18.000,39.000,55.000,296,295,472,160,215,215,215,215,215,215,1,0,0,3,30,1
4.065000,100.19,40.148,24.060,529,489,72.000,71,71,18.000,39.000,55.000,289,296,474,160,216,216,216,216,216,216,1,0,0,3,30,1
4.070000,102.35,39.147,23.460,520,490,72.000,71,71,18.000,39.000,55.000,282,297,475,160,216,216,216,216,216,216,1,0,0,3,30,1
4.075000,104.51,38.153,22.920,511,491,72.000,71,71,18.000,39.000,55.000,275,297,476,160,217,217,217,217,217,217,1,0,0,3,30,1
4.080000,106.67,37.170,22.320,502,492,72.000,71,71,18.000,39.000,55.000,268,298,477,160,217,217,217,217,217,217,1,0,0,3,30,1
4.085000,108.83,36.203,21.720,492,492,72.000,71,71,18.000,39.000,55.000,261,298,477,160,217,217,217,217,217,217,1,0,0,3,30,1
4.090000,110.99,35.258,21.180,482,492,72.000,71,71,18.000,39.000,55.000,254,298,477,160,217,217,217,217,217,217,1,0,0,3,30,1
4.095000,113.15,34.339,20.580,473,492,72.000,71,71,18.000,39.000,55.000,247,298,477,160,217,217,217,217,217,217,1,0,0,3,30,1
4.100000,115.31,33.449,20.030,463,491,72.000,71,71,18.000,39.000,55.000,240,297,476,160,217,217,217,217,217,217,1,0,0,3,30,1
4.105000,117.47,32.593,19.540,453,491,72.000,71,71,18.000,39.000,55.000,235,297,476,160,217,217,217,217,217,217,1,0,0,3,30,1
4.110000,119.63,31.774,19.050,443,490,72.000,71,71,18.000,39.000,55.000,229,297,475,160,216,216,216,216,216,216,1,0,0,3,30,1
4.115000,121.79,30.996,18.560,434,489,72.000,71,71,18.000,39.000,55.000,223,296,474,160,216,216,216,216,216,216,1,0,0,3,30,1
4.120000,123.95,30.262,18.130,424,488,72.000,71,71,18.000,39.000,55.000,218,295,473,160,215,215,215,215,215,215,1,0,0,3,30,1
4.125000,126.11,29.575,17.750,415,486,72.000,71,71,18.000,39.000,55.000,213,294,471,160,214,214,214,214,214,214,1,0,0,3,30,1
4.130000,128.27,28.936,17.370,406,485,72.000,71,71,18.000,39.000,55.000,208,293,470,160,214,214,214,214,214,214,1,0,0,3,30,1
4.135000,130.43,28.349,16.990,398,483,72.000,71,71,18.000,39.000,55.000,204,292,468,160,213,213,213,213,213,213,1,0,0,3,30,1
4.140000,132.59,27.813,16.660,389,482,72.000,71,71,18.000,39.000,55.000,200,292,467,160,213,213,213,213,213,213,1,0,0,3,30,1
4.145000,134.75,27.332,16.390,381,480,72.000,71,71,18.000,39.000,55.000,197,290,465,160,212,212,212,212,212,212,1,0,0,3,30,1
4.150000,136.91,26.905,16.120,374,478,72.000,71,71,18.000,39.000,55.000,193,289,463,160,211,211,211,211,211,211,1,0,0,3,30,1
4.155000,139.07,26.534,15.900,367,476,72.000,71,71,18.000,39.000,55.000,191,288,460,160,210,210,210,210,210,210,1,0,0,3,30,1
4.160000,141.23,26.217,15.740,360,473,72.000,71,71,18.000,39.000,55.000,189,286,457,160,208,208,208,208,208,208,1,0,0,3,30,1
4.165000,143.39,25.956,15.570,354,471,72.000,71,71,18.000,39.000,55.000,187,284,455,160,207,207,207,207,207,207,1,0,0,3,30,1
4.170000,145.55,25.748,15.460,348,469,72.000,71,71,18.000,39.000,55.000,185,283,453,160,206,206,206,206,206,206,1,0,0,3,30,1
4.175000,147.71,25.595,15.360,343,466,72.000,71,71,18.000,39.000,55.000,184,281,450,160,205,205,205,205,205,205,1,0,0,3,30,1
4.180000,149.87,25.493,15.300,338,464,72.000,71,71,18.000,39.000,55.000,184,280,448,160,204,204,204,204,204,204,1,0,0,3,30,1
4.185000,152.03,25.441,15.250,334,461,72.000,71,71,18.000,39.000,55.000,183,278,445,160,203,203,203,203,203,203,1,0,0,3,30,1
4.190000,154.19,25.437,15.250,330,459,72.000,72,72,18.000,39.000,55.000,186,280,449,160,202,202,202,202,202,202,1,0,0,3,30,1
4.195000,156.35,25.479,15.300,327,456,72.000,72,72,18.000,39.000,55.000,186,278,446,160,200,200,200,200,200,200,1,0,0,3,30,1
4.200000,158.51,25.564,15.360,324,454,72.000,72,72,18.000,39.000,55.000,187,277,443,160,199,199,199,199,199,199,1,0,0,3,30,1
4.205000,160.67,25.690,15.410,322,451,72.000,72,72,18.000,39.000,55.000,187,275,440,160,198,198,198,198,198,198,1,0,0,3,30,1
4.210000,162.83,25.852,15.520,321,449,72.000,72,72,18.000,39.000,55.000,189,274,438,160,197,197,197,197,197,197,1,0,0,3,30,1
4.215000,164.99,26.047,15.630,320,446,72.000,72,72,18.000,39.000,55.000,190,272,435,160,195,195,195,195,195,195,1,0,0,3,30,1
4.220000,167.15,26.272,15.740,319,444,72.000,72,72,18.000,39.000,55.000,191,270,433,160,194,194,194,194,194,194,1,0,0,3,30,1
4.225000,169.31,26.523,15.900,319,441,72.000,71,71,18.000,39.000,55.000,191,265,424,160,193,193,193,193,193,193,1,0,0,3,30,1
4.230000,171.47,26.795,16.060,319,439,72.000,71,71,18.000,39.000,55.000,193,263,422,160,192,192,192,192,192,192,1,0,0,3,30,1
4.235000,173.63,27.085,16.230,319,437,72.000,71,71,18.000,39.000,55.000,195,262,420,160,191,191,191,191,191,191,1,0,0,3,30,1
4.240000,175.79,27.388,16.440,320,434,72.000,71,71,18.000,39.000,55.000,197,260,417,160,190,190,190,190,190,190,1,0,0,3,30,1
4.245000,177.95,27.700,16.610,321,432,72.000,71,71,18.000,39.000,55.000,199,259,414,160,189,189,189,189,189,189,1,0,0,3,30,1
4.250000,180.11,28.016,16.820,323,430,72.000,71,71,18.000,39.000,55.000,202,257,412,160,188,188,188,188,188,188,1,0,0,3,30,1
4.255000,182.27,28.332,16.990,325,428,72.000,71,71,18.000,39.000,55.000,204,256,410,160,187,187,187,187,187,187,1,0,0,3,30,1
4.260000,184.43,28.643,17.210,327,426,72.000,71,71,18.000,39.000,55.000,206,255,408,160,186,186,186,186,186,186,1,0,0,3,30,1
4.265000,186.59,28.945,17.370,329,424,72.000,71,71,18.000,39.000,55.000,208,254,406,160,185,185,185,185,185,185,1,0,0,3,30,1
4.270000,188.75,29.233,17.530,331,422,72.000,71,71,18.000,39.000,55.000,210,252,404,160,184,184,184,184,184,184,1,0,0,3,30,1
4.275000,190.91,29.503,17.690,334,420,72.000,71,71,18.000,39.000,55.000,212,251,402,160,183,183,183,183,183,183,1,0,0,3,30,1
4.280000,193.07,29.752,17.860,336,419,72.000,71,71,18.000,39.000,55.000,214,250,401,160,183,183,183,183,183,183,1,0,0,3,30,1
4.285000,195.23,29.974,17.970,339,417,72.000,71,71,18.000,39.000,55.000,216,249,399,160,182,182,182,182,182,182,1,0,0,3,30,1
4.290000,197.39,30.166,18.080,341,416,72.000,71,71,18.000,39.000,55.000,217,248,398,160,181,181,181,181,181,181,1,0,0,3,30,1
4.295000,199.55,30.325,18.180,344,414,72.000,71,71,18.000,39.000,55.000,218,247,396,160,180,180,180,180,180,180,1,0,0,3,30,1
4.300000,201.71,30.446,18.240,346,413,72.000,71,71,18.000,39.000,55.000,219,246,394,160,180,180,180,180,180,180,1,0,0,3,30,1
4.305000,203.87,30.527,18.290,348,412,72.000,71,71,18.000,39.000,55.000,219,246,393,160,179,179,179,179,179,179,1,0,0,3,30,1
4.310000,206.03,30.564,18.350,350,411,72.000,71,71,18.000,39.000,55.000,220,245,392,160,179,179,179,179,179,179,1,0,0,3,30,1
4.315000,208.19,30.556,18.350,352,409,72.000,71,71,18.000,39.000,55.000,220,244,390,160,178,178,178,178,178,178,1,0,0,3,30,1
4.320000,210.35,30.499,18.290,353,408,72.000,71,71,18.000,39.000,55.000,219,243,389,160,177,177,177,177,177,177,1,0,0,3,30,1
4.325000,212.51,30.392,18.240,354,407,72.000,71,71,18.000,39.000,55.000,219,242,388,160,177,177,177,177,177,177,1,0,0,3,30,1
4.330000,214.67,30.233,18.130,355,406,72.000,71,71,18.000,39.000,55.000,218,242,387,160,176,176,176,176,176,176,1,0,0,3,30,1
4.335000,216.83,30.021,18.020,355,405,72.000,71,71,18.000,39.000,55.000,216,241,386,160,176,176,176,176,176,176,1,0,0,3,30,1
4.340000,218.99,29.754,17.860,355,404,72.000,71,71,18.000,39.000,55.000,214,240,385,160,175,175,175,175,175,175,1,0,0,3,30,1
4.345000,221.15,29.432,17.640,355,403,72.000,71,71,18.000,39.000,55.000,212,240,384,160,175,175,175,175,175,175,1,0,0,3,30,1
4.350000,223.31,29.055,17.420,354,402,72.000,71,71,18.000,39.000,55.000,209,239,383,160,174,174,174,174,174,174,1,0,0,3,30,1
4.355000,225.47,28.622,17.150,353,401,72.000,71,71,18.000,39.000,55.000,206,238,382,160,174,174,174,174,174,174,1,0,0,3,30,1
4.360000,227.63,28.135,16.880,351,401,72.000,71,71,18.000,39.000,55.000,203,238,382,160,174,174,174,174,174,174,1,0,0,3,30,1
4.365000,229.79,27.595,16.550,348,400,72.000,71,71,18.000,39.000,55.000,199,238,381,160,173,173,173,173,173,173,1,0,0,3,30,1
4.370000,231.95,27.002,16.230,345,399,72.000,71,71,18.000,39.000,55.000,195,237,380,160,173,173,173,173,173,173,1,0,0,3,30,1
4.375000,234.11,26.358,15.790,342,398,72.000,71,71,18.000,39.000,55.000,189,237,379,160,173,173,173,173,173,173,1,0,0,3,30,1
4.380000,236.27,25.666,15.410,338,396,72.000,71,71,18.000,39.000,55.000,185,235,377,160,172,172,172,172,172,172,1,0,0,3,30,1
4.385000,238.43,24.928,14.970,334,395,72.000,71,71,18.000,39.000,55.000,180,235,376,160,171,171,171,171,171,171,1,0,0,3,30,1
4.390000,240.59,24.146,14.490,329,394,72.000,71,71,18.000,39.000,55.000,174,234,375,160,171,171,171,171,171,171,1,0,0,3,30,1
4.395000,242.75,23.323,14.000,323,393,72.000,71,71,18.000,39.000,55.000,168,233,374,160,170,170,170,170,170,170,1,0,0,3,30,1
4.400000,244.91,22.464,13.450,317,391,72.000,71,71,18.000,39.000,55.000,161,232,371,160,169,169,169,169,169,169,1,0,0,3,30,1
4.405000,247.07,21.571,12.960,311,390,72.000,71,71,18.000,39.000,55.000,155,231,370,160,169,169,169,169,169,169,1,0,0,3,30,1
4.410000,249.23,20.648,12.360,304,388,72.000,71,71,18.000,39.000,55.000,148,230,368,160,168,168,168,168,168,168,1,0,0,3,30,1
4.415000,251.39,19.701,11.820,296,387,72.000,71,71,18.000,39.000,55.000,142,229,367,160,167,167,167,167,167,167,1,0,0,3,30,1
4.420000,253.55,18.733,11.220,288,385,72.000,71,71,18.000,39.000,55.000,134,228,365,160,166,166,166,166,166,166,1,0,0,3,30,1
4.425000,255.71,17.748,10.620,280,383,72.000,71,71,18.000,39.000,55.000,127,227,363,160,165,165,165,165,165,165,1,0,0,3,30,1
4.430000,257.87,16.753,10.030,272,381,72.000,71,71,18.000,39.000,55.000,120,225,361,160,164,164,164,164,164,164,1,0,0,3,30,1
4.435000,260.03,15.752,9.430,263,378,72.000,71,71,18.000,39.000,55.000,113,223,358,160,163,163,163,163,163,163,1,0,0,3,30,1
4.440000,262.19,14.749,8.830,253,376,72.000,71,71,18.000,39.000,55.000,106,222,356,160,162,162,162,162,162,162,1,0,0,3,30,1
4.445000,264.35,13.751,8.230,244,374,72.000,71,71,18.000,39.000,55.000,98,221,354,160,161,161,161,161,161,161,1,0,0,3,30,1
4.450000,266.51,12.763,7.690,234,371,72.000,71,71,18.000,39.000,55.000,92,219,351,160,160,160,160,160,160,160,1,0,0,3,30,1
4.455000,268.67,11.790,7.090,225,368,72.000,71,71,18.000,39.000,55.000,85,217,347,160,158,158,158,158,158,158,1,0,0,3,30,1
4.460000,270.83,10.838,6.490,215,365,72.000,71,71,18.000,39.000,55.000,78,215,344,160,157,157,157,157,157,157,1,0,0,3,30,1
4.465000,272.99,9.911,5.960,205,362,72.000,71,71,18.000,39.000,55.000,71,213,341,160,155,155,155,155,155,155,1,0,0,3,30,1
4.470000,275.15,9.016,5.420,194,359,72.000,71,71,18.000,39.000,55.000,65,211,338,160,154,154,154,154,154,154,1,0,0,3,30,1
4.475000,277.31,8.157,4.890,184,356,72.000,71,71,18.000,39.000,55.000,58,209,335,160,152,152,152,152,152,152,1,0,0,3,30,1
4.480000,279.47,7.340,4.400,173,352,72.000,71,71,18.000,39.000,55.000,52,206,331,160,151,151,151,151,151,151,1,0,0,3,30,1
4.485000,281.63,6.570,3.950,162,349,72.000,71,71,18.000,39.000,55.000,47,204,327,160,149,149,149,149,149,149,1,0,0,3,30,1
4.490000,283.79,5.851,3.490,151,345,72.000,71,71,18.000,39.000,55.000,41,202,323,160,147,147,147,147,147,147,1,0,0,3,30,1
4.495000,285.95,5.189,3.120,140,341,72.000,71,71,18.000,39.000,55.000,37,199,319,160,145,145,145,145,145,145,1,0,0,3,30,1
4.500000,288.11,4.588,2.750,130,337,72.000,71,71,18.000,39.000,55.000,33,197,315,160,143,143,143,143,143,143,1,0,0,3,30,1
4.505000,290.27,4.051,2.420,120,333,72.000,72,72,18.000,39.000,55.000,29,197,315,160,141,141,141,141,141,141,1,0,0,3,30,1
4.510000,292.43,3.584,2.140,110,328,72.000,72,72,18.000,39.000,55.000,26,193,310,160,139,139,139,139,139,139,1,0,0,3,30,1
4.515000,294.59,3.189,1.890,100,324,72.000,72,72,18.000,39.000,55.000,23,191,305,160,137,137,137,137,137,137,1,0,0,3,30,1
4.520000,296.75,2.870,1.730,91,320,72.000,72,72,18.000,39.000,55.000,21,188,301,160,135,135,135,135,135,135,1,0,0,3,30,1
4.525000,298.91,2.629,1.560,83,315,72.000,72,72,18.000,39.000,55.000,19,185,296,160,133,133,133,133,133,133,1,0,0,3,30,1
4.530000,301.07,2.471,1.480,76,310,72.000,72,72,18.000,39.000,55.000,18,181,291,160,130,130,130,130,130,130,1,0,0,3,30,1
4.535000,303.23,2.396,1.440,69,306,72.000,72,72,18.000,39.000,55.000,17,179,286,160,129,129,129,129,129,129,1,0,0,3,30,1
4.540000,305.39,2.406,1.440,63,301,72.000,71,71,18.000,39.000,55.000,17,173,277,160,126,126,126,126,126,126,1,0,0,3,30,1
4.545000,307.55,2.504,1.520,58,296,72.000,71,71,18.000,39.000,55.000,18,170,272,160,124,124,124,124,124,124,1,0,0,3,30,1
4.550000,309.71,2.690,1.600,54,292,72.000,71,71,18.000,39.000,55.000,19,167,268,160,122,122,122,122,122,122,1,0,0,3,30,1
4.555000,311.87,2.965,1.770,51,287,72.000,71,71,18.000,39.000,55.000,21,164,263,160,120,120,120,120,120,120,1,0,0,3,30,1
4.560000,314.03,3.328,2.010,49,282,72.000,71,71,18.000,39.000,55.000,24,161,257,160,117,117,117,117,117,117,1,0,0,3,30,1
4.565000,316.19,3.780,2.260,48,278,72.000,71,71,18.000,39.000,55.000,27,158,253,160,115,115,115,115,115,115,1,0,0,3,30,1
4.570000,318.35,4.321,2.590,48,273,72.000,71,71,18.000,39.000,55.000,31,155,248,160,113,113,113,113,113,113,1,0,0,3,30,1
4.575000,320.51,4.948,2.960,50,269,72.000,71,71,18.000,39.000,55.000,35,152,244,160,111,111,111,111,111,111,1,0,0,3,30,1
4.580000,322.67,5.661,3.410,52,264,72.000,71,71,18.000,39.000,55.000,41,149,239,160,109,109,109,109,109,109,1,0,0,3,30,1
4.585000,324.83,6.457,3.860,56,260,72.000,71,71,18.000,39.000,55.000,46,146,234,160,107,107,107,107,107,107,1,0,0,3,30,1
4.590000,326.99,7.334,4.400,60,256,72.000,71,71,18.000,39.000,55.000,52,144,230,160,105,105,105,105,105,105,1,0,0,3,30,1
4.595000,329.15,8.290,4.970,66,253,72.000,71,71,18.000,39.000,55.000,59,142,227,160,103,103,103,103,103,103,1,0,0,3,30,1
4.600000,331.31,9.321,5.590,73,249,72.000,71,71,18.000,39.000,55.000,67,139,223,160,101,101,101,101,101,101,1,0,0,3,30,1
4.605000,333.47,10.424,6.270,81,246,72.000,71,71,18.000,39.000,55.000,75,137,220,160,100,100,100,100,100,100,1,0,0,3,30,1
4.610000,335.63,11.595,6.980,90,242,72.000,71,71,18.000,39.000,55.000,83,134,215,160,98,98,98,98,98,98,1,0,0,3,30,1
4.615000,337.79,12.829,7.690,100,240,72.000,71,71,18.000,39.000,55.000,92,133,213,160,97,97,97,97,97,97,1,0,0,3,30,1
4.620000,339.95,14.123,8.450,110,237,72.000,71,71,18.000,39.000,55.000,101,131,210,160,96,96,96,96,96,96,1,0,0,3,30,1
4.625000,342.11,15.471,9.260,120,235,72.000,71,71,18.000,39.000,55.000,111,130,208,160,95,95,95,95,95,95,1,0,0,3,30,1
4.630000,344.27,16.868,10.130,131,232,72.000,71,71,18.000,39.000,55.000,121,128,205,160,93,93,93,93,93,93,1,0,0,3,30,1
4.635000,346.43,18.309,11.000,143,231,72.000,71,71,18.000,39.000,55.000,132,127,204,160,93,93,93,93,93,93,1,0,0,3,30,1
4.640000,348.59,19.788,11.870,156,229,72.000,71,71,18.000,39.000,55.000,142,126,202,160,92,92,92,92,92,92,1,0,0,3,30,1
4.645000,350.75,21.300,12.800,169,228,72.000,71,71,18.000,39.000,55.000,153,125,201,160,91,91,91,91,91,91,1,0,0,3,30,1
4.650000,352.91,22.838,13.720,182,227,72.000,71,71,18.000,39.000,55.000,165,125,200,160,91,91,91,91,91,91,1,0,0,3,30,1
4.655000,355.07,24.397,14.650,196,226,72.000,71,71,18.000,39.000,55.000,176,124,199,160,90,90,90,90,90,90,1,0,0,3,30,1
4.660000,357.23,25.970,15.570,210,226,72.000,71,71,18.000,39.000,55.000,187,124,199,160,90,90,90,90,90,90,1,0,0,3,30,1
4.665000,359.39,27.551,16.550,225,226,72.000,71,71,18.000,39.000,55.000,199,124,199,160,90,90,90,90,90,90,1,0,0,3,30,1
4.670000,1.55,29.134,17.480,240,226,72.000,71,71,18.000,39.000,55.000,210,124,199,160,90,90,90,90,90,90,1,0,0,3,30,1
4.675000,3.71,30.713,18.400,256,227,72.000,71,71,18.000,39.000,55.000,221,125,200,160,91,91,91,91,91,91,1,0,0,3,30,1
4.680000,5.87,32.280,19.380,272,228,72.000,71,71,18.000,39.000,55.000,233,125,201,160,91,91,91,91,91,91,1,0,0,3,30,1
4.685000,8.03,33.831,20.310,287,230,72.000,71,71,18.000,39.000,55.000,244,127,203,160,92,92,92,92,92,92,1,0,0,3,30,1
4.690000,10.19,35.359,21.230,303,233,72.000,71,71,18.000,39.000,55.000,255,129,206,160,94,94,94,94,94,94,1,0,0,3,30,1
4.695000,12.35,36.857,22.100,320,236,72.000,71,71,18.000,39.000,55.000,265,131,209,160,95,95,95,95,95,95,1,0,0,3,30,1
4.700000,14.51,38.320,22.970,336,240,72.000,71,71,18.000,39.000,55.000,276,133,213,160,97,97,97,97,97,97,1,0,0,3,30,1
4.705000,16.67,39.743,23.840,352,244,72.000,71,71,18.000,39.000,55.000,286,136,218,160,99,99,99,99,99,99,1,0,0,3,30,1
4.710000,18.83,41.119,24.660,368,249,72.000,71,71,18.000,39.000,55.000,296,139,223,160,101,101,101,101,101,101,1,0,0,3,30,1
4.715000,20.99,42.444,25.470,384,254,72.000,71,71,18.000,39.000,55.000,306,142,228,160,104,104,104,104,104,104,1,0,0,3,30,1
4.720000,23.15,43.713,26.230,399,260,72.000,71,71,18.000,39.000,55.000,315,146,234,160,107,107,107,107,107,107,1,0,0,3,30,1
4.725000,25.31,44.920,26.940,415,266,72.000,71,71,18.000,39.000,55.000,324,150,241,160,109,109,109,109,109,109,1,0,0,3,30,1
4.730000,27.47,46.062,27.650,430,272,72.000,71,71,18.000,39.000,55.000,332,154,247,160,112,112,112,112,112,112,1,0,0,3,30,1
4.735000,29.63,47.135,28.250,445,279,72.000,71,71,18.000,39.000,55.000,339,159,254,160,116,116,116,116,116,116,1,0,0,3,30,1
4.740000,31.79,48.133,28.850,459,286,72.000,71,71,18.000,39.000,55.000,346,163,262,160,119,119,119,119,119,119,1,0,0,3,30,1
4.745000,33.95,49.056,29.440,473,293,72.000,71,71,18.000,39.000,55.000,354,168,269,160,122,122,122,122,122,122,1,0,0,3,30,1
4.750000,36.11,49.898,29.930,486,301,72.000,71,71,18.000,39.000,55.000,359,173,277,160,126,126,126,126,126,126,1,0,0,3,30,1
4.755000,38.27,50.659,30.370,498,308,72.000,71,71,18.000,39.000,55.000,365,178,285,160,130,130,130,130,130,130,1,0,0,3,30,1
4.760000,40.43,51.335,30.800,510,316,72.000,71,71,18.000,39.000,55.000,370,183,293,160,133,133,133,133,133,133,1,0,0,3,30,1
4.765000,42.59,51.924,31.130,522,325,72.000,71,71,18.000,39.000,55.000,374,189,302,160,138,138,138,138,138,138,1,0,0,3,30,1
4.770000,44.75,52.427,31.460,532,333,72.000,71,71,18.000,39.000,55.000,378,194,311,160,141,141,141,141,141,141,1,0,0,3,30,1
4.775000,46.91,52.840,31.670,542,341,72.000,71,71,18.000,39.000,55.000,380,199,319,160,145,145,145,145,145,145,1,0,0,3,30,1
4.780000,49.07,53.165,31.890,551,349,72.000,71,71,18.000,39.000,55.000,383,204,327,160,149,149,149,149,149,149,1,0,0,3,30,1
4.785000,51.23,53.401,32.050,560,358,72.000,71,71,18.000,39.000,55.000,385,210,337,160,153,153,153,153,153,153,1,0,0,3,30,1
4.790000,53.39,53.549,32.110,567,366,72.000,71,71,18.000,39.000,55.000,386,216,345,160,157,157,157,157,157,157,1,0,0,3,30,1
4.795000,55.55,53.609,32.160,574,375,72.000,71,71,18.000,39.000,55.000,386,222,355,160,162,162,162,162,162,162,1,0,0,3,30,1
4.800000,57.71,53.582,32.160,579,383,72.000,71,71,18.000,39.000,55.000,386,227,363,160,165,165,165,165,165,165,1,0,0,3,30,1
4.805000,59.87,53.471,32.050,584,391,72.000,71,71,18.000,39.000,55.000,385,232,371,160,169,169,169,169,169,169,1,0,0,3,30,1
4.810000,62.03,53.276,31.950,588,399,72.000,71,71,18.000,39.000,55.000,384,237,380,160,173,173,173,173,173,173,1,0,0,3,30,1
4.815000,64.19,53.002,31.780,591,407,72.000,72,72,18.000,39.000,55.000,387,246,394,160,177,177,177,177,177,177,1,0,0,3,30,1
4.820000,66.35,52.649,31.560,593,414,72.000,72,72,18.000,39.000,55.000,384,251,401,160,180,180,180,180,180,180,1,0,0,3,30,1
4.825000,68.51,52.222,31.290,595,421,72.000,72,72,18.000,39.000,55.000,381,255,409,160,183,183,183,183,183,183,1,0,0,3,30,1
4.830000,70.67,51.725,31.020,595,429,72.000,72,72,18.000,39.000,55.000,378,260,417,160,187,187,187,187,187,187,1,0,0,3,30,1
4.835000,72.83,51.160,30.690,595,435,72.000,72,72,18.000,39.000,55.000,374,264,423,160,190,190,190,190,190,190,1,0,0,3,30,1
4.840000,74.99,50.531,30.310,594,442,72.000,72,72,18.000,39.000,55.000,369,269,431,160,194,194,194,194,194,194,1,0,0,3,30,1
4.845000,77.15,49.844,29.880,592,448,72.000,72,72,18.000,39.000,55.000,364,273,437,160,196,196,196,196,196,196,1,0,0,3,30,1
4.850000,79.31,49.103,29.440,589,454,72.000,71,71,18.000,39.000,55.000,354,273,437,160,199,199,199,199,199,199,1,0,0,3,30,1
4.855000,81.47,48.311,28.950,586,459,72.000,71,71,18.000,39.000,55.000,348,276,443,160,202,202,202,202,202,202,1,0,0,3,30,1
4.860000,83.63,47.476,28.460,581,464,72.000,71,71,18.000,39.000,55.000,342,280,448,160,204,204,204,204,204,204,1,0,0,3,30,1
4.865000,85.79,46.600,27.970,576,469,72.000,71,71,18.000,39.000,55.000,336,283,453,160,206,206,206,206,206,206,1,0,0,3,30,1
4.870000,87.95,45.691,27.430,571,473,72.000,71,71,18.000,39.000,55.000,329,286,457,160,208,208,208,208,208,208,1,0,0,3,30,1
4.875000,90.11,44.752,26.830,565,477,72.000,71,71,18.000,39.000,55.000,322,288,461,160,210,210,210,210,210,210,1,0,0,3,30,1
4.880000,92.27,43.790,26.290,558,480,72.000,71,71,18.000,39.000,55.000,316,290,465,160,212,212,212,212,212,212,1,0,0,3,30,1
4.885000,94.43,42.810,25.690,551,483,72.000,71,71,18.000,39.000,55.000,308,292,468,160,213,213,213,213,213,213,1,0,0,3,30,1
4.890000,96.59,41.817,25.090,543,486,72.000,71,71,18.000,39.000,55.000,301,294,471,160,214,214,214,214,214,214,1,0,0,3,30,1
4.895000,98.75,40.817,24.490,535,488,72.000,71,71,18.000,39.000,55.000,294,295,473,160,215,215,215,215,215,215,1,0,0,3,30,1
4.900000,100.91,39.814,23.900,526,490,72.000,71,71,18.000,39.000,55.000,287,297,475,160,216,216,216,216,216,216,1,0,0,3,30,1
4.905000,103.07,38.815,23.300,517,491,72.000,71,71,18.000,39.000,55.000,280,297,476,160,217,217,217,217,217,217,1,0,0,3,30,1
4.910000,105.23,37.823,22.700,508,492,72.000,71,71,18.000,39.000,55.000,273,298,477,160,217,217,217,217,217,217,1,0,0,3,30,1
4.915000,107.39,36.846,22.100,498,492,72.000,71,71,18.000,39.000,55.000,265,298,477,160,217,217,217,217,217,217,1,0,0,3,30,1
4.920000,109.55,35.886,21.560,489,492,72.000,71,71,18.000,39.000,55.000,259,298,477,160,217,217,217,217,217,217,1,0,0,3,30,1
4.925000,111.71,34.949,20.960,479,492,72.000,71,71,18.000,39.000,55.000,252,298,477,160,217,217,217,217,217,217,1,0,0,3,30,1
4.930000,113.87,34.039,20.410,469,492,72.000,71,71,18.000,39.000,55.000,245,298,477,160,217,217,217,217,217,217,1,0,0,3,30,1
4.935000,116.03,33.160,19.870,460,491,72.000,71,71,18.000,39.000,55.000,238,297,476,160,217,217,217,217,217,217,1,0,0,3,30,1
4.940000,118.19,32.316,19.380,450,490,72.000,71,71,18.000,39.000,55.000,233,297,475,160,216,216,216,216,216,216,1,0,0,3,30,1
4.945000,120.35,31.510,18.890,440,490,72.000,71,71,18.000,39.000,55.000,227,297,475,160,216,216,216,216,216,216,1,0,0,3,30,1
4.950000,122.51,30.747,18.460,431,489,72.000,71,71,18.000,39.000,55.000,222,296,474,160,216,216,216,216,216,216,1,0,0,3,30,1
4.955000,124.67,30.028,18.020,421,487,72.000,71,71,18.000,39.000,55.000,216,295,472,160,215,215,215,215,215,215,1,0,0,3,30,1
4.960000,126.83,29.357,17.590,412,486,72.000,71,71,18.000,39.000,55.000,211,294,471,160,214,214,214,214,214,214,1,0,0,3,30,1
4.965000,128.99,28.735,17.260,403,484,72.000,71,71,18.000,39.000,55.000,207,293,469,160,214,214,214,214,214,214,1,0,0,3,30,1
4.970000,131.15,28.164,16.880,395,483,72.000,71,71,18.000,39.000,55.000,203,292,468,160,213,213,213,213,213,213,1,0,0,3,30,1
4.975000,133.31,27.647,16.610,387,481,72.000,71,71,18.000,39.000,55.000,199,291,466,160,212,212,212,212,212,212,1,0,0,3,30,1
4.980000,135.47,27.184,16.330,379,479,72.000,71,71,18.000,39.000,55.000,196,289,463,160,211,211,211,211,211,211,1,0,0,3,30,1
4.985000,137.63,26.775,16.060,371,477,72.000,71,71,18.000,39.000,55.000,193,288,461,160,210,210,210,210,210,210,1,0,0,3,30,1
4.990000,139.79,26.422,15.850,364,475,72.000,71,71,18.000,39.000,55.000,190,287,459,160,209,209,209,209,209,209,1,0,0,3,30,1
4.995000,141.95,26.124,15.680,358,473,72.000,71,71,18.000,39.000,55.000,188,286,457,160,208,208,208,208,208,208,1,0,0,3,30,1
5.000000,144.11,25.881,15.520,352,470,72.000,71,71,18.000,39.000,55.000,186,284,454,160,207,207,207,207,207,207,1,0,0,3,30,1
5.005000,146.27,25.691,15.410,346,468,72.000,71,71,18.000,39.000,55.000,185,282,452,160,206,206,206,206,206,206,1,0,0,3,30,1
5.010000,148.43,25.555,15.360,341,466,72.000,71,71,18.000,39.000,55.000,184,281,450,160,205,205,205,205,205,205,1,0,0,3,30,1
5.015000,150.59,25.470,15.300,337,463,72.000,71,71,18.000,39.000,55.000,184,279,447,160,204,204,204,204,204,204,1,0,0,3,30,1
5.020000,152.75,25.434,15.250,333,461,72.000,71,71,18.000,39.000,55.000,183,278,445,160,203,203,203,203,203,203,1,0,0,3,30,1
5.025000,154.91,25.446,15.250,329,458,72.000,71,71,18.000,39.000,55.000,183,276,442,160,201,201,201,201,201,201,1,0,0,3,30,1
5.030000,157.07,25.503,15.300,326,456,72.000,71,71,18.000,39.000,55.000,184,274,439,160,200,200,200,200,200,200,1,0,0,3,30,1
5.035000,159.23,25.602,15.360,324,453,72.000,71,71,18.000,39.000,55.000,184,273,436,160,199,199,199,199,199,199,1,0,0,3,30,1
5.040000,161.39,25.740,15.460,322,450,72.000,71,71,18.000,39.000,55.000,185,271,433,160,197,197,197,197,197,197,1,0,0,3,30,1
5.045000,163.55,25.913,15.520,320,448,72.000,71,71,18.000,39.000,55.000,186,269,431,160,196,196,196,196,196,196,1,0,0,3,30,1
5.050000,165.71,26.119,15.680,319,445,72.000,71,71,18.000,39.000,55.000,188,267,428,160,195,195,195,195,195,195,1,0,0,3,30,1
5.055000,167.87,26.353,15.790,319,443,72.000,71,71,18.000,39.000,55.000,189,266,426,160,194,194,194,194,194,194,1,0,0,3,30,1
5.060000,170.03,26.611,15.950,319,441,72.000,71,71,18.000,39.000,55.000,191,265,424,160,193,193,193,193,193,193,1,0,0,3,30,1
5.065000,172.19,26.890,16.120,319,438,72.000,71,71,18.000,39.000,55.000,193,263,421,160,192,192,192,192,192,192,1,0,0,3,30,1
5.070000,174.35,27.185,16.330,320,436,72.000,71,71,18.000,39.000,55.000,196,261,418,160,191,191,191,191,191,191,1,0,0,3,30,1
5.075000,176.51,27.491,16.500,321,434,72.000,71,71,18.000,39.000,55.000,198,260,417,160,190,190,190,190,190,190,1,0,0,3,30,1
5.080000,178.67,27.805,16.660,322,431,72.000,71,71,18.000,39.000,55.000,200,258,413,160,188,188,188,188,188,188,1,0,0,3,30,1
5.085000,180.83,28.121,16.880,323,429,72.000,71,71,18.000,39.000,55.000,203,257,411,160,187,187,187,187,187,187,1,0,0,3,30,1
5.090000,182.99,28.436,17.040,325,427,72.000,71,71,18.000,39.000,55.000,204,255,409,160,186,186,186,186,186,186,1,0,0,3,30,1
5.095000,185.15,28.745,17.260,327,425,72.000,71,71,18.000,39.000,55.000,207,254,407,160,185,185,185,185,185,185,1,0,0,3,30,1
5.100000,187.31,29.042,17.420,330,423,72.000,71,71,18.000,39.000,55.000,209,253,405,160,184,184,184,184,184,184,1,0,0,3,30,1
5.105000,189.47,29.325,17.590,332,422,72.000,71,71,18.000,39.000,55.000,211,252,404,160,184,184,184,184,184,184,1,0,0,3,30,1
5.110000,191.63,29.589,17.750,334,420,72.000,71,71,18.000,39.000,55.000,213,251,402,160,183,183,183,183,183,183,1,0,0,3,30,1
5.115000,193.79,29.829,17.910,337,418,72.000,71,71,18.000,39.000,55.000,215,250,400,160,182,182,182,182,182,182,1,0,0,3,30,1
5.120000,195.95,30.042,18.020,339,417,72.000,71,71,18.000,39.000,55.000,216,249,399,160,182,182,182,182,182,182,1,0,0,3,30,1
5.125000,198.11,30.223,18.130,342,415,72.000,71,71,18.000,39.000,55.000,218,248,397,160,181,181,181,181,181,181,1,0,0,3,30,1
5.130000,200.27,30.369,18.240,344,414,72.000,72,72,18.000,39.000,55.000,222,251,401,160,180,180,180,180,180,180,1,0,0,3,30,1
5.135000,202.43,30.478,18.290,347,413,72.000,72,72,18.000,39.000,55.000,223,250,400,160,180,180,180,180,180,180,1,0,0,3,30,1
5.140000,204.59,30.544,18.290,349,411,72.000,72,72,18.000,39.000,55.000,223,248,398,160,179,179,179,179,179,179,1,0,0,3,30,1
5.145000,206.75,30.567,18.350,350,410,72.000,72,72,18.000,39.000,55.000,223,248,397,160,178,178,178,178,178,178,1,0,0,3,30,1
5.150000,208.91,30.543,18.290,352,409,72.000,72,72,18.000,39.000,55.000,223,247,396,160,178,178,178,178,178,178,1,0,0,3,30,1
5.155000,211.07,30.469,18.290,353,408,72.000,72,72,18.000,39.000,55.000,223,246,395,160,177,177,177,177,177,177,1,0,0,3,30,1
5.160000,213.23,30.345,18.180,354,407,72.000,72,72,18.000,39.000,55.000,221,246,394,160,177,177,177,177,177,177,1,0,0,3,30,1
5.165000,215.39,30.168,18.080,355,406,72.000,71,71,18.000,39.000,55.000,217,242,387,160,176,176,176,176,176,176,1,0,0,3,30,1
5.170000,217.55,29.938,17.970,355,405,72.000,71,71,18.000,39.000,55.000,216,241,386,160,176,176,176,176,176,176,1,0,0,3,30,1
5.175000,219.71,29.653,17.800,355,404,72.000,71,71,18.000,39.000,55.000,214,240,385,160,175,175,175,175,175,175,1,0,0,3,30,1
5.180000,221.87,29.312,17.590,355,403,72.000,71,71,18.000,39.000,55.000,211,240,384,160,175,175,175,175,175,175,1,0,0,3,30,1
5.185000,224.03,28.917,17.370,354,402,72.000,71,71,18.000,39.000,55.000,208,239,383,160,174,174,174,174,174,174,1,0,0,3,30,1
5.190000,226.19,28.466,17.100,352,401,72.000,71,71,18.000,39.000,55.000,205,238,382,160,174,174,174,174,174,174,1,0,0,3,30,1
5.195000,228.35,27.961,16.770,350,400,72.000,71,71,18.000,39.000,55.000,201,238,381,160,173,173,173,173,173,173,1,0,0,3,30,1
5.200000,230.51,27.403,16.440,347,399,72.000,71,71,18.000,39.000,55.000,197,237,380,160,173,173,173,173,173,173,1,0,0,3,30,1
5.205000,232.67,26.793,16.060,344,398,72.000,71,71,18.000,39.000,55.000,193,237,379,160,173,173,173,173,173,173,1,0,0,3,30,1
5.210000,234.83,26.133,15.680,341,397,72.000,71,71,18.000,39.000,55.000,188,236,378,160,172,172,172,172,172,172,1,0,0,3,30,1
5.215000,236.99,25.425,15.250,337,396,72.000,71,71,18.000,39.000,55.000,183,235,377,160,172,172,172,172,172,172,1,0,0,3,30,1
5.220000,239.15,24.672,14.810,332,395,72.000,71,71,18.000,39.000,55.000,178,235,376,160,171,171,171,171,171,171,1,0,0,3,30,1
5.225000,241.31,23.876,14.320,327,394,72.000,71,71,18.000,39.000,55.000,172,234,375,160,171,171,171,171,171,171,1,0,0,3,30,1
5.230000,243.47,23.041,13.830,321,392,72.000,71,71,18.000,39.000,55.000,166,233,372,160,170,170,170,170,170,170,1,0,0,3,30,1
5.235000,245.63,22.169,13.290,315,391,72.000,71,71,18.000,39.000,55.000,159,232,371,160,169,169,169,169,169,169,1,0,0,3,30,1
5.240000,247.79,21.266,12.740,308,389,72.000,71,71,18.000,39.000,55.000,153,231,369,160,168,168,168,168,168,168,1,0,0,3,30,1
5.245000,249.95,20.335,12.200,301,388,72.000,71,71,18.000,39.000,55.000,146,230,368,160,168,168,168,168,168,168,1,0,0,3,30,1
5.250000,252.11,19.380,11.600,294,386,72.000,71,71,18.000,39.000,55.000,139,229,366,160,167,167,167,167,167,167,1,0,0,3,30,1
5.255000,254.27,18.406,11.060,286,384,72.000,71,71,18.000,39.000,55.000,133,227,364,160,166,166,166,166,166,166,1,0,0,3,30,1
5.260000,256.43,17.418,10.460,277,382,72.000,71,71,18.000,39.000,55.000,125,226,362,160,165,165,165,165,165,165,1,0,0,3,30,1
5.265000,258.59,16.420,9.860,269,380,72.000,71,71,18.000,39.000,55.000,118,225,360,160,164,164,164,164,164,164,1,0,0,3,30,1
5.270000,260.75,15.417,9.260,260,378,72.000,71,71,18.000,39.000,55.000,111,223,358,160,163,163,163,163,163,163,1,0,0,3,30,1
5.275000,262.91,14.416,8.670,250,375,72.000,71,71,18.000,39.000,55.000,104,222,355,160,162,162,162,162,162,162,1,0,0,3,30,1
5.280000,265.07,13.421,8.070,241,373,72.000,71,71,18.000,39.000,55.000,97,220,353,160,161,161,161,161,161,161,1,0,0,3,30,1
5.285000,267.23,12.437,7.470,231,370,72.000,71,71,18.000,39.000,55.000,89,218,349,160,159,159,159,159,159,159,1,0,0,3,30,1
5.290000,269.39,11.470,6.870,221,367,72.000,71,71,18.000,39.000,55.000,82,216,346,160,158,158,158,158,158,158,1,0,0,3,30,1
5.295000,271.55,10.526,6.330,211,364,72.000,71,71,18.000,39.000,55.000,76,214,343,160,156,156,156,156,156,156,1,0,0,3,30,1
5.300000,273.71,9.609,5.750,201,361,72.000,71,71,18.000,39.000,55.000,69,212,340,160,155,155,155,155,155,155,1,0,0,3,30,1
5.305000,275.87,8.725,5.220,191,358,72.000,71,71,18.000,39.000,55.000,62,210,337,160,153,153,153,153,153,153,1,0,0,3,30,1
5.310000,278.03,7.880,4.730,180,355,72.000,71,71,18.000,39.000,55.000,56,208,334,160,152,152,152,152,152,152,1,0,0,3,30,1
5.315000,280.19,7.078,4.230,169,351,72.000,71,71,18.000,39.000,55.000,50,206,330,160,150,150,150,150,150,150,1,0,0,3,30,1
5.320000,282.35,6.324,3.780,158,347,72.000,71,71,18.000,39.000,55.000,45,203,325,160,148,148,148,148,148,148,1,0,0,3,30,1
5.325000,284.51,5.624,3.370,148,344,72.000,71,71,18.000,39.000,55.000,40,201,322,160,147,147,147,147,147,147,1,0,0,3,30,1
5.330000,286.67,4.982,3.000,137,340,72.000,71,71,18.000,39.000,55.000,36,199,318,160,145,145,145,145,145,145,1,0,0,3,30,1
5.335000,288.83,4.401,2.630,126,335,72.000,71,71,18.000,39.000,55.000,31,195,313,160,142,142,142,142,142,142,1,0,0,3,30,1
5.340000,290.99,3.887,2.340,116,331,72.000,71,71,18.000,39.000,55.000,28,193,309,160,140,140,140,140,140,140,1,0,0,3,30,1
5.345000,293.15,3.444,2.050,107,327,72.000,71,71,18.000,39.000,55.000,24,190,305,160,139,139,139,139,139,139,1,0,0,3,30,1
5.350000,295.31,3.074,1.850,97,323,72.000,71,71,18.000,39.000,55.000,22,187,300,160,137,137,137,137,137,137,1,0,0,3,30,1
5.355000,297.47,2.781,1.680,89,318,72.000,71,71,18.000,39.000,55.000,20,184,295,160,134,134,134,134,134,134,1,0,0,3,30,1
5.360000,299.63,2.567,1.520,81,313,72.000,71,71,18.000,39.000,55.000,18,181,290,160,132,132,132,132,132,132,1,0,0,3,30,1
5.365000,301.79,2.436,1.480,74,309,72.000,71,71,18.000,39.000,55.000,17,178,286,160,130,130,130,130,130,130,1,0,0,3,30,1
5.370000,303.95,2.390,1.440,67,304,72.000,71,71,18.000,39.000,55.000,17,175,280,160,128,128,128,128,128,128,1,0,0,3,30,1
5.375000,306.11,2.429,1.480,61,299,72.000,71,71,18.000,39.000,55.000,17,172,275,160,125,125,125,125,125,125,1,0,0,3,30,1
5.380000,308.27,2.556,1.520,57,295,72.000,71,71,18.000,39.000,55.000,18,169,271,160,123,123,123,123,123,123,1,0,0,3,30,1
5.385000,310.43,2.772,1.640,53,290,72.000,71,71,18.000,39.000,55.000,19,166,266,160,121,121,121,121,121,121,1,0,0,3,30,1
5.390000,312.59,3.076,1.850,50,285,72.000,71,71,18.000,39.000,55.000,22,163,260,160,119,119,119,119,119,119,1,0,0,3,30,1
5.395000,314.75,3.469,2.100,49,281,72.000,71,71,18.000,39.000,55.000,25,160,256,160,117,117,117,117,117,117,1,0,0,3,30,1
5.400000,316.91,3.951,2.380,48,276,72.000,71,71,18.000,39.000,55.000,28,157,251,160,114,114,114,114,114,114,1,0,0,3,30,1
5.405000,319.07,4.520,2.710,49,272,72.000,71,71,18.000,39.000,55.000,32,154,247,160,112,112,112,112,112,112,1,0,0,3,30,1
5.410000,321.23,5.176,3.080,50,267,72.000,71,71,18.000,39.000,55.000,37,151,242,160,110,110,110,110,110,110,1,0,0,3,30,1
5.415000,323.39,5.917,3.530,53,263,72.000,71,71,18.000,39.000,55.000,42,148,237,160,108,108,108,108,108,108,1,0,0,3,30,1
5.420000,325.55,6.740,4.030,57,259,72.000,71,71,18.000,39.000,55.000,48,146,233,160,106,106,106,106,106,106,1,0,0,3,30,1
5.425000,327.71,7.644,4.600,62,255,72.000,71,71,18.000,39.000,55.000,55,143,229,160,104,104,104,104,104,104,1,0,0,3,30,1
5.430000,329.87,8.626,5.180,68,251,72.000,71,71,18.000,39.000,55.000,62,140,225,160,102,102,102,102,102,102,1,0,0,3,30,1
5.435000,332.03,9.681,5.790,76,248,72.000,71,71,18.000,39.000,55.000,69,138,222,160,101,101,101,101,101,101,1,0,0,3,30,1
5.440000,334.19,10.807,6.490,84,245,72.000,72,72,18.000,39.000,55.000,79,138,222,160,99,99,99,99,99,99,1,0,0,3,30,1
5.445000,336.35,12.000,7.200,93,241,72.000,72,72,18.000,39.000,55.000,87,136,217,160,98,98,98,98,98,98,1,0,0,3,30,1
5.450000,338.51,13.254,7.960,103,239,72.000,72,72,18.000,39.000,55.000,97,134,215,160,97,97,97,97,97,97,1,0,0,3,30,1
5.455000,340.67,14.567,8.720,113,236,72.000,72,72,18.000,39.000,55.000,106,132,212,160,95,95,95,95,95,95,1,0,0,3,30,1
5.460000,342.83,15.932,9.540,124,234,72.000,72,72,18.000,39.000,55.000,116,131,210,160,94,94,94,94,94,94,1,0,0,3,30,1
5.465000,344.99,17.344,10.410,135,232,72.000,72,72,18.000,39.000,55.000,126,130,208,160,93,93,93,93,93,93,1,0,0,3,30,1
5.470000,347.15,18.798,11.280,147,230,72.000,72,72,18.000,39.000,55.000,137,128,206,160,92,92,92,92,92,92,1,0,0,3,30,1
5.475000,349.31,20.289,12.150,160,229,72.000,71,71,18.000,39.000,55.000,146,126,202,160,92,92,92,92,92,92,1,0,0,3,30,1
5.480000,351.47,21.810,13.070,173,227,72.000,71,71,18.000,39.000,55.000,157,125,200,160,91,91,91,91,91,91,1,0,0,3,30,1
5.485000,353.63,23.356,14.000,187,227,72.000,71,71,18.000,39.000,55.000,168,125,200,160,91,91,91,91,91,91,1,0,0,3,30,1
5.490000,355.79,24.920,14.970,201,226,72.000,71,71,18.000,39.000,55.000,180,124,199,160,90,90,90,90,90,90,1,0,0,3,30,1
5.495000,357.95,26.497,15.900,215,226,72.000,71,71,18.000,39.000,55.000,191,124,199,160,90,90,90,90,90,90,1,0,0,3,30,1
5.500000,0.11,28.079,16.820,230,226,72.000,71,71,18.000,39.000,55.000,202,124,199,160,90,90,90,90,90,90,1,0,0,3,30,1
5.505000,2.27,29.661,17.800,245,226,72.000,71,71,18.000,39.000,55.000,214,124,199,160,90,90,90,90,90,90,1,0,0,3,30,1
5.510000,4.43,31.237,18.730,261,227,72.000,71,71,18.000,39.000,55.000,225,125,200,160,91,91,91,91,91,91,1,0,0,3,30,1
5.515000,6.59,32.800,19.650,277,229,72.000,71,71,18.000,39.000,55.000,236,126,202,160,92,92,92,92,92,92,1,0,0,3,30,1
5.520000,8.75,34.343,20.580,293,231,72.000,71,71,18.000,39.000,55.000,247,127,204,160,93,93,93,93,93,93,1,0,0,3,30,1
5.525000,10.91,35.862,21.500,309,234,72.000,71,71,18.000,39.000,55.000,258,129,207,160,94,94,94,94,94,94,1,0,0,3,30,1
5.530000,13.07,37.349,22.430,325,237,72.000,71,71,18.000,39.000,55.000,269,131,210,160,96,96,96,96,96,96,1,0,0,3,30,1
5.535000,15.23,38.799,23.300,341,241,72.000,71,71,18.000,39.000,55.000,280,134,214,160,98,98,98,98,98,98,1,0,0,3,30,1
5.540000,17.39,40.207,24.110,357,246,72.000,71,71,18.000,39.000,55.000,289,137,220,160,100,100,100,100,100,100,1,0,0,3,30,1
5.545000,19.55,41.567,24.930,373,250,72.000,71,71,18.000,39.000,55.000,299,140,224,160,102,102,102,102,102,102,1,0,0,3,30,1
5.550000,21.71,42.874,25.740,389,256,72.000,71,71,18.000,39.000,55.000,309,144,230,160,105,105,105,105,105,105,1,0,0,3,30,1
5.555000,23.87,44.122,26.450,405,262,72.000,71,71,18.000,39.000,55.000,318,148,236,160,108,108,108,108,108,108,1,0,0,3,30,1
5.560000,26.03,45.309,27.160,420,268,72.000,71,71,18.000,39.000,55.000,326,152,243,160,110,110,110,110,110,110,1,0,0,3,30,1
5.565000,28.19,46.428,27.870,435,274,72.000,71,71,18.000,39.000,55.000,335,155,249,160,113,113,113,113,113,113,1,0,0,3,30,1
5.570000,30.35,47.476,28.460,449,281,72.000,71,71,18.000,39.000,55.000,342,160,256,160,117,117,117,117,117,117,1,0,0,3,30,1
5.575000,32.51,48.450,29.060,463,288,72.000,71,71,18.000,39.000,55.000,349,165,264,160,120,120,120,120,120,120,1,0,0,3,30,1
5.580000,34.67,49.346,29.610,477,296,72.000,71,71,18.000,39.000,55.000,356,170,272,160,124,124,124,124,124,124,1,0,0,3,30,1
5.585000,36.83,50.161,30.100,490,303,72.000,71,71,18.000,39.000,55.000,362,174,279,160,127,127,127,127,127,127,1,0,0,3,30,1
5.590000,38.99,50.893,30.530,502,311,72.000,71,71,18.000,39.000,55.000,367,180,288,160,131,131,131,131,131,131,1,0,0,3,30,1
5.595000,41.15,51.541,30.910,514,319,72.000,71,71,18.000,39.000,55.000,371,185,296,160,135,135,135,135,135,135,1,0,0,3,30,1
5.600000,43.31,52.101,31.240,525,327,72.000,71,71,18.000,39.000,55.000,375,190,305,160,139,139,139,139,139,139,1,0,0,3,30,1
5.605000,45.47,52.574,31.560,536,336,72.000,71,71,18.000,39.000,55.000,379,196,314,160,143,143,143,143,143,143,1,0,0,3,30,1
5.610000,47.63,52.959,31.780,545,344,72.000,71,71,18.000,39.000,55.000,382,201,322,160,147,147,147,147,147,147,1,0,0,3,30,1
5.615000,49.79,53.254,31.950,554,352,72.000,71,71,18.000,39.000,55.000,384,206,331,160,151,151,151,151,151,151,1,0,0,3,30,1
5.620000,51.95,53.460,32.050,562,361,72.000,71,71,18.000,39.000,55.000,385,212,340,160,155,155,155,155,155,155,1,0,0,3,30,1
5.625000,54.11,53.579,32.160,569,369,72.000,71,71,18.000,39.000,55.000,386,218,348,160,159,159,159,159,159,159,1,0,0,3,30,1
5.630000,56.27,53.609,32.160,576,377,72.000,71,71,18.000,39.000,55.000,386,223,357,160,162,162,162,162,162,162,1,0,0,3,30,1
5.635000,58.43,53.554,32.110,581,385,72.000,71,71,18.000,39.000,55.000,386,228,365,160,166,166,166,166,166,166,1,0,0,3,30,1
5.640000,60.59,53.415,32.050,586,394,72.000,71,71,18.000,39.000,55.000,385,234,375,160,171,171,171,171,171,171,1,0,0,3,30,1
5.645000,62.75,53.194,31.890,589,401,72.000,71,71,18.000,39.000,55.000,383,238,382,160,174,174,174,174,174,174,1,0,0,3,30,1
5.650000,64.91,52.893,31.730,592,409,72.000,71,71,18.000,39.000,55.000,381,244,390,160,178,178,178,178,178,178,1,0,0,3,30,1
5.655000,67.07,52.515,31.510,594,417,72.000,71,71,18.000,39.000,55.000,378,249,399,160,182,182,182,182,182,182,1,0,0,3,30,1
5.660000,69.23,52.064,31.240,595,424,72.000,71,71,18.000,39.000,55.000,375,254,406,160,185,185,185,185,185,185,1,0,0,3,30,1
5.665000,71.39,51.544,30.910,595,431,72.000,71,71,18.000,39.000,55.000,371,258,413,160,188,188,188,188,188,188,1,0,0,3,30,1
5.670000,73.55,50.957,30.590,595,437,72.000,71,71,18.000,39.000,55.000,367,262,420,160,191,191,191,191,191,191,1,0,0,3,30,1
5.675000,75.71,50.308,30.210,593,444,72.000,71,71,18.000,39.000,55.000,363,267,427,160,194,194,194,194,194,194,1,0,0,3,30,1
5.680000,77.87,49.603,29.770,591,450,72.000,71,71,18.000,39.000,55.000,358,271,433,160,197,197,197,197,197,197,1,0,0,3,30,1
5.685000,80.03,48.844,29.280,588,456,72.000,71,71,18.000,39.000,55.000,352,274,439,160,200,200,200,200,200,200,1,0,0,3,30,1
5.690000,82.19,48.038,28.790,584,461,72.000,71,71,18.000,39.000,55.000,346,278,445,160,203,203,203,203,203,203,1,0,0,3,30,1
5.695000,84.35,47.188,28.300,580,466,72.000,71,71,18.000,39.000,55.000,340,281,450,160,205,205,205,205,205,205,1,0,0,3,30,1
5.700000,86.51,46.301,27.760,575,470,72.000,71,71,18.000,39.000,55.000,333,284,454,160,207,207,207,207,207,207,1,0,0,3,30,1
5.705000,88.67,45.381,27.210,569,474,72.000,71,71,18.000,39.000,55.000,327,286,458,160,209,209,209,209,209,209,1,0,0,3,30,1
5.710000,90.83,44.434,26.670,562,478,72.000,71,71,18.000,39.000,55.000,320,289,463,160,211,211,211,211,211,211,1,0,0,3,30,1
5.715000,92.99,43.465,26.070,555,481,72.000,71,71,18.000,39.000,55.000,313,291,466,160,212,212,212,212,212,212,1,0,0,3,30,1
5.720000,95.15,42.480,25.470,548,484,72.000,71,71,18.000,39.000,55.000,306,293,469,160,214,214,214,214,214,214,1,0,0,3,30,1
5.725000,97.31,41.484,24.870,540,487,72.000,71,71,18.000,39.000,55.000,299,295,472,160,215,215,215,215,215,215,1,0,0,3,30,1
5.730000,99.47,40.482,24.280,532,488,72.000,71,71,18.000,39.000,55.000,292,295,473,160,215,215,215,215,215,215,1,0,0,3,30,1
5.735000,101.63,39.480,23.680,523,490,72.000,71,71,18.000,39.000,55.000,284,297,475,160,216,216,216,216,216,216,1,0,0,3,30,1
5.740000,103.79,38.483,23.080,514,491,72.000,71,71,18.000,39.000,55.000,277,297,476,160,217,217,217,217,217,217,1,0,0,3,30,1
5.745000,105.95,37.496,22.480,505,492,72.000,71,71,18.000,39.000,55.000,270,298,477,160,217,217,217,217,217,217,1,0,0,3,30,1
5.750000,108.11,36.523,21.880,495,492,72.000,71,71,18.000,39.000,55.000,263,298,477,160,217,217,217,217,217,217,1,0,0,3,30,1
5.755000,110.27,35.571,21.340,486,492,72.000,72,72,18.000,39.000,55.000,260,302,484,160,217,217,217,217,217,217,1,0,0,3,30,1
5.760000,112.43,34.642,20.790,476,492,72.000,72,72,18.000,39.000,55.000,253,302,484,160,217,217,217,217,217,217,1,0,0,3,30,1
5.765000,114.59,33.742,20.250,466,492,72.000,72,72,18.000,39.000,55.000,246,302,484,160,217,217,217,217,217,217,1,0,0,3,30,1
5.770000,116.75,32.874,19.710,456,491,72.000,72,72,18.000,39.000,55.000,240,302,483,160,217,217,217,217,217,217,1,0,0,3,30,1
5.775000,118.91,32.043,19.220,447,490,72.000,72,72,18.000,39.000,55.000,234,301,482,160,216,216,216,216,216,216,1,0,0,3,30,1
5.780000,121.07,31.251,18.730,437,489,72.000,72,72,18.000,39.000,55.000,228,300,481,160,216,216,216,216,216,216,1,0,0,3,30,1
5.785000,123.23,30.502,18.290,427,488,72.000,72,72,18.000,39.000,55.000,223,300,480,160,215,215,215,215,215,215,1,0,0,3,30,1
5.790000,125.39,29.799,17.860,418,487,72.000,71,71,18.000,39.000,55.000,214,295,472,160,215,215,215,215,215,215,1,0,0,3,30,1
5.795000,127.55,29.144,17.480,409,485,72.000,71,71,18.000,39.000,55.000,210,293,470,160,214,214,214,214,214,214,1,0,0,3,30,1
5.800000,129.71,28.539,17.100,400,484,72.000,71,71,18.000,39.000,55.000,205,293,469,160,214,214,214,214,214,214,1,0,0,3,30,1
5.805000,131.87,27.986,16.770,392,482,72.000,71,71,18.000,39.000,55.000,201,292,467,160,213,213,213,213,213,213,1,0,0,3,30,1
5.810000,134.03,27.486,16.500,384,480,72.000,71,71,18.000,39.000,55.000,198,290,465,160,212,212,212,212,212,212,1,0,0,3,30,1
5.815000,136.19,27.041,16.230,376,478,72.000,71,71,18.000,39.000,55.000,195,289,463,160,211,211,211,211,211,211,1,0,0,3,30,1
5.820000,138.35,26.651,16.010,369,476,72.000,71,71,18.000,39.000,55.000,192,288,460,160,210,210,210,210,210,210,1,0,0,3,30,1
5.825000,140.51,26.316,15.790,362,474,72.000,71,71,18.000,39.000,55.000,189,286,458,160,209,209,209,209,209,209,1,0,0,3,30,1
5.830000,142.67,26.037,15.630,356,472,72.000,71,71,18.000,39.000,55.000,187,285,456,160,208,208,208,208,208,208,1,0,0,3,30,1
5.835000,144.83,25.812,15.460,350,470,72.000,71,71,18.000,39.000,55.000,185,284,454,160,207,207,207,207,207,207,1,0,0,3,30,1
5.840000,146.99,25.640,15.360,345,467,72.000,71,71,18.000,39.000,55.000,184,282,451,160,205,205,205,205,205,205,1,0,0,3,30,1
5.845000,149.15,25.521,15.300,340,465,72.000,71,71,18.000,39.000,55.000,184,280,449,160,204,204,204,204,204,204,1,0,0,3,30,1
5.850000,151.31,25.453,15.250,335,462,72.000,71,71,18.000,39.000,55.000,183,278,446,160,203,203,203,203,203,203,1,0,0,3,30,1
5.855000,153.47,25.433,15.250,331,460,72.000,71,71,18.000,39.000,55.000,183,277,444,160,202,202,202,202,202,202,1,0,0,3,30,1
5.860000,155.63,25.460,15.250,328,457,72.000,71,71,18.000,39.000,55.000,183,275,441,160,201,201,201,201,201,201,1,0,0,3,30,1
5.865000,157.79,25.531,15.300,325,455,72.000,71,71,18.000,39.000,55.000,184,274,438,160,200,200,200,200,200,200,1,0,0,3,30,1
5.870000,159.95,25.644,15.360,323,452,72.000,71,71,18.000,39.000,55.000,184,272,435,160,198,198,198,198,198,198,1,0,0,3,30,1
5.875000,162.11,25.794,15.460,321,450,72.000,71,71,18.000,39.000,55.000,185,271,433,160,197,197,197,197,197,197,1,0,0,3,30,1
5.880000,164.27,25.978,15.570,320,447,72.000,71,71,18.000,39.000,55.000,187,269,430,160,196,196,196,196,196,196,1,0,0,3,30,1
5.885000,166.43,26.194,15.740,319,445,72.000,71,71,18.000,39.000,55.000,189,267,428,160,195,195,195,195,195,195,1,0,0,3,30,1
5.890000,168.59,26.437,15.850,319,442,72.000,71,71,18.000,39.000,55.000,190,265,425,160,194,194,194,194,194,194,1,0,0,3,30,1
5.895000,170.75,26.702,16.010,319,440,72.000,71,71,18.000,39.000,55.000,192,264,423,160,193,193,193,193,193,193,1,0,0,3,30,1
5.900000,172.91,26.987,16.170,319,437,72.000,71,71,18.000,39.000,55.000,194,262,420,160,191,191,191,191,191,191,1,0,0,3,30,1
5.905000,175.07,27.286,16.390,320,435,72.000,71,71,18.000,39.000,55.000,197,261,417,160,190,190,190,190,190,190,1,0,0,3,30,1
5.910000,177.23,27.595,16.550,321,433,72.000,71,71,18.000,39.000,55.000,199,259,415,160,189,189,189,189,189,189,1,0,0,3,30,1
5.915000,179.39,27.910,16.720,322,431,72.000,71,71,18.000,39.000,55.000,201,258,413,160,188,188,188,188,188,188,1,0,0,3,30,1
5.920000,181.55,28.227,16.930,324,429,72.000,71,71,18.000,39.000,55.000,203,257,411,160,187,187,187,187,187,187,1,0,0,3,30,1
5.925000,183.71,28.540,17.100,326,427,72.000,71,71,18.000,39.000,55.000,205,255,409,160,186,186,186,186,186,186,1,0,0,3,30,1
5.930000,185.87,28.845,17.310,328,425,72.000,71,71,18.000,39.000,55.000,208,254,407,160,185,185,185,185,185,185,1,0,0,3,30,1
5.935000,188.03,29.139,17.480,330,423,72.000,71,71,18.000,39.000,55.000,210,253,405,160,184,184,184,184,184,184,1,0,0,3,30,1
5.940000,190.19,29.415,17.640,333,421,72.000,71,71,18.000,39.000,55.000,212,252,403,160,183,183,183,183,183,183,1,0,0,3,30,1
5.945000,192.35,29.672,17.800,335,419,72.000,71,71,18.000,39.000,55.000,214,250,401,160,183,183,183,183,183,183,1,0,0,3,30,1
5.950000,194.51,29.903,17.970,338,418,72.000,71,71,18.000,39.000,55.000,216,250,400,160,182,182,182,182,182,182,1,0,0,3,30,1
5.955000,196.67,30.106,18.080,340,416,72.000,71,71,18.000,39.000,55.000,217,248,398,160,181,181,181,181,181,181,1,0,0,3,30,1
5.960000,198.83,30.276,18.180,343,415,72.000,71,71,18.000,39.000,55.000,218,248,397,160,181,181,181,181,181,181,1,0,0,3,30,1
5.965000,200.99,30.410,18.240,345,413,72.000,71,71,18.000,39.000,55.000,219,246,394,160,180,180,180,180,180,180,1,0,0,3,30,1
5.970000,203.15,30.505,18.290,347,412,72.000,71,71,18.000,39.000,55.000,219,246,393,160,179,179,179,179,179,179,1,0,0,3,30,1
5.975000,205.31,30.557,18.350,349,411,72.000,71,71,18.000,39.000,55.000,220,245,392,160,179,179,179,179,179,179,1,0,0,3,30,1
5.980000,207.47,30.564,18.350,351,410,72.000,71,71,18.000,39.000,55.000,220,244,391,160,178,178,178,178,178,178,1,0,0,3,30,1
5.985000,209.63,30.524,18.290,352,409,72.000,71,71,18.000,39.000,55.000,219,244,390,160,178,178,178,178,178,178,1,0,0,3,30,1
5.990000,211.79,30.434,18.240,354,408,72.000,71,71,18.000,39.000,55.000,219,243,389,160,177,177,177,177,177,177,1,0,0,3,30,1
5.995000,213.95,30.292,18.180,355,407,72.000,71,71,18.000,39.000,55.000,218,242,388,160,177,177,177,177,177,177,1,0,0,3,30,1
6.000000,216.11,30.098,18.080,355,406,72.000,71,71,18.000,39.000,55.000,217,242,387,160,176,176,176,176,176,176,1,0,0,3,30,1
6.005000,218.27,29.849,17.910,355,405,72.000,71,71,18.000,39.000,55.000,215,241,386,160,176,176,176,176,176,176,1,0,0,3,30,1
6.010000,220.43,29.545,17.690,355,404,72.000,71,71,18.000,39.000,55.000,212,240,385,160,175,175,175,175,175,175,1,0,0,3,30,1
6.015000,222.59,29.186,17.530,354,403,72.000,71,71,18.000,39.000,55.000,210,240,384,160,175,175,175,175,175,175,1,0,0,3,30,1
6.020000,224.75,28.772,17.260,353,402,72.000,71,71,18.000,39.000,55.000,207,239,383,160,174,174,174,174,174,174,1,0,0,3,30,1
6.025000,226.91,28.304,16.990,351,401,72.000,71,71,18.000,39.000,55.000,204,238,382,160,174,174,174,174,174,174,1,0,0,3,30,1
6.030000,229.07,27.781,16.660,349,400,72.000,71,71,18.000,39.000,55.000,200,238,381,160,173,173,173,173,173,173,1,0,0,3,30,1
6.035000,231.23,27.205,16.330,347,399,72.000,71,71,18.000,39.000,55.000,196,237,380,160,173,173,173,173,173,173,1,0,0,3,30,1
6.040000,233.39,26.579,15.950,343,398,72.000,71,71,18.000,39.000,55.000,191,237,379,160,173,173,173,173,173,173,1,0,0,3,30,1
6.045000,235.55,25.902,15.520,339,397,72.000,71,71,18.000,39.000,55.000,186,236,378,160,172,172,172,172,172,172,1,0,0,3,30,1
6.050000,237.71,25.179,15.080,335,396,72.000,71,71,18.000,39.000,55.000,181,235,377,160,172,172,172,172,172,172,1,0,0,3,30,1
6.055000,239.87,24.411,14.650,330,394,72.000,71,71,18.000,39.000,55.000,176,234,375,160,171,171,171,171,171,171,1,0,0,3,30,1
6.060000,242.03,23.602,14.160,325,393,72.000,71,71,18.000,39.000,55.000,170,233,374,160,170,170,170,170,170,170,1,0,0,3,30,1
6.065000,244.19,22.754,13.670,319,392,72.000,72,72,18.000,39.000,55.000,166,236,378,160,170,170,170,170,170,170,1,0,0,3,30,1
6.070000,246.35,21.872,13.130,313,390,72.000,72,72,18.000,39.000,55.000,160,235,376,160,169,169,169,169,169,169,1,0,0,3,30,1
6.075000,248.51,20.959,12.580,306,389,72.000,72,72,18.000,39.000,55.000,153,234,375,160,168,168,168,168,168,168,1,0,0,3,30,1
6.080000,250.67,20.019,11.980,299,387,72.000,72,72,18.000,39.000,55.000,146,233,372,160,167,167,167,167,167,167,1,0,0,3,30,1
6.085000,252.83,19.057,11.440,291,385,72.000,72,72,18.000,39.000,55.000,139,231,370,160,166,166,166,166,166,166,1,0,0,3,30,1
6.090000,254.99,18.078,10.840,283,383,72.000,72,72,18.000,39.000,55.000,132,230,368,160,165,165,165,165,165,165,1,0,0,3,30,1
6.095000,257.15,17.086,10.240,274,381,72.000,72,72,18.000,39.000,55.000,124,229,366,160,164,164,164,164,164,164,1,0,0,3,30,1
6.100000,259.31,16.086,9.640,266,379,72.000,71,71,18.000,39.000,55.000,115,224,359,160,163,163,163,163,163,163,1,0,0,3,30,1
6.105000,261.47,15.083,9.050,257,377,72.000,71,71,18.000,39.000,55.000,108,223,357,160,162,162,162,162,162,162,1,0,0,3,30,1
6.110000,263.63,14.083,8.450,247,374,72.000,71,71,18.000,39.000,55.000,101,221,354,160,161,161,161,161,161,161,1,0,0,3,30,1
6.115000,265.79,13.091,7.850,238,372,72.000,71,71,18.000,39.000,55.000,94,219,351,160,160,160,160,160,160,160,1,0,0,3,30,1
6.120000,267.95,12.113,7.250,228,369,72.000,71,71,18.000,39.000,55.000,87,218,348,160,159,159,159,159,159,159,1,0,0,3,30,1
6.125000,270.11,11.153,6.710,218,366,72.000,71,71,18.000,39.000,55.000,80,216,345,160,157,157,157,157,157,157,1,0,0,3,30,1
6.130000,272.27,10.217,6.110,208,363,72.000,71,71,18.000,39.000,55.000,73,214,342,160,156,156,156,156,156,156,1,0,0,3,30,1
6.135000,274.43,9.310,5.590,198,360,72.000,71,71,18.000,39.000,55.000,67,212,339,160,154,154,154,154,154,154,1,0,0,3,30,1
6.140000,276.59,8.439,5.050,187,357,72.000,71,71,18.000,39.000,55.000,60,210,336,160,153,153,153,153,153,153,1,0,0,3,30,1
6.145000,278.75,7.607,4.560,177,353,72.000,71,71,18.000,39.000,55.000,54,207,332,160,151,151,151,151,151,151,1,0,0,3,30,1
6.150000,280.91,6.821,4.110,166,350,72.000,71,71,18.000,39.000,55.000,49,205,329,160,150,150,150,150,150,150,1,0,0,3,30,1
6.155000,283.07,6.085,3.660,155,346,72.000,71,71,18.000,39.000,55.000,44,203,324,160,148,148,148,148,148,148,1,0,0,3,30,1
6.160000,285.23,5.403,3.250,144,342,72.000,71,71,18.000,39.000,55.000,39,200,320,160,146,146,146,146,146,146,1,0,0,3,30,1
6.165000,287.39,4.781,2.880,133,338,72.000,71,71,18.000,39.000,55.000,34,197,316,160,144,144,144,144,144,144,1,0,0,3,30,1
6.170000,289.55,4.222,2.550,123,334,72.000,71,71,18.000,39.000,55.000,30,195,312,160,142,142,142,142,142,142,1,0,0,3,30,1
6.175000,291.71,3.732,2.260,113,330,72.000,71,71,18.000,39.000,55.000,27,192,308,160,140,140,140,140,140,140,1,0,0,3,30,1
6.180000,293.87,3.312,1.970,103,325,72.000,71,71,18.000,39.000,55.000,23,189,302,160,138,138,138,138,138,138,1,0,0,3,30,1
6.185000,296.03,2.967,1.770,94,321,72.000,71,71,18.000,39.000,55.000,21,186,298,160,136,136,136,136,136,136,1,0,0,3,30,1
6.190000,298.19,2.701,1.600,86,316,72.000,71,71,18.000,39.000,55.000,19,183,293,160,133,133,133,133,133,133,1,0,0,3,30,1
6.195000,300.35,2.514,1.520,78,312,72.000,71,71,18.000,39.000,55.000,18,180,289,160,131,131,131,131,131,131,1,0,0,3,30,1
6.200000,302.51,2.411,1.440,71,307,72.000,71,71,18.000,39.000,55.000,17,177,284,160,129,129,129,129,129,129,1,0,0,3,30,1
6.205000,304.67,2.393,1.440,65,303,72.000,71,71,18.000,39.000,55.000,17,174,279,160,127,127,127,127,127,127,1,0,0,3,30,1
6.210000,306.83,2.462,1.480,60,298,72.000,71,71,18.000,39.000,55.000,17,171,274,160,125,125,125,125,125,125,1,0,0,3,30,1
6.215000,308.99,2.618,1.560,56,293,72.000,71,71,18.000,39.000,55.000,18,168,269,160,122,122,122,122,122,122,1,0,0,3,30,1
6.220000,311.15,2.863,1.730,52,288,72.000,71,71,18.000,39.000,55.000,20,165,264,160,120,120,120,120,120,120,1,0,0,3,30,1
6.225000,313.31,3.197,1.930,50,284,72.000,71,71,18.000,39.000,55.000,23,162,259,160,118,118,118,118,118,118,1,0,0,3,30,1
6.230000,315.47,3.620,2.180,49,279,72.000,71,71,18.000,39.000,55.000,26,159,254,160,116,116,116,116,116,116,1,0,0,3,30,1
6.235000,317.63,4.131,2.470,48,275,72.000,71,71,18.000,39.000,55.000,29,156,250,160,114,114,114,114,114,114,1,0,0,3,30,1
6.240000,319.79,4.729,2.840,49,270,72.000,71,71,18.000,39.000,55.000,34,153,245,160,111,111,111,111,111,111,1,0,0,3,30,1
6.245000,321.95,5.414,3.250,51,266,72.000,71,71,18.000,39.000,55.000,39,150,241,160,109,109,109,109,109,109,1,0,0,3,30,1
6.250000,324.11,6.182,3.700,54,262,72.000,71,71,18.000,39.000,55.000,44,148,236,160,108,108,108,108,108,108,1,0,0,3,30,1
6.255000,326.27,7.033,4.230,59,258,72.000,71,71,18.000,39.000,55.000,50,145,232,160,106,106,106,106,106,106,1,0,0,3,30,1
6.260000,328.43,7.963,4.770,64,254,72.000,71,71,18.000,39.000,55.000,57,142,228,160,104,104,104,104,104,104,1,0,0,3,30,1
6.265000,330.59,8.969,5.380,71,250,72.000,71,71,18.000,39.000,55.000,64,140,224,160,102,102,102,102,102,102,1,0,0,3,30,1
6.270000,332.75,10.049,6.050,78,247,72.000,71,71,18.000,39.000,55.000,72,138,221,160,100,100,100,100,100,100,1,0,0,3,30,1
6.275000,334.91,11.197,6.710,87,243,72.000,71,71,18.000,39.000,55.000,80,135,217,160,99,99,99,99,99,99,1,0,0,3,30,1
6.280000,337.07,12.411,7.410,96,241,72.000,71,71,18.000,39.000,55.000,89,134,214,160,98,98,98,98,98,98,1,0,0,3,30,1
6.285000,339.23,13.686,8.230,106,238,72.000,71,71,18.000,39.000,55.000,98,132,211,160,96,96,96,96,96,96,1,0,0,3,30,1
6.290000,341.39,15.016,8.990,117,235,72.000,71,71,18.000,39.000,55.000,108,130,208,160,95,95,95,95,95,95,1,0,0,3,30,1
6.295000,343.55,16.397,9.860,128,233,72.000,71,71,18.000,39.000,55.000,118,129,206,160,94,94,94,94,94,94,1,0,0,3,30,1
6.300000,345.71,17.824,10.680,139,231,72.000,71,71,18.000,39.000,55.000,128,127,204,160,93,93,93,93,93,93,1,0,0,3,30,1
6.305000,347.87,19.291,11.550,151,230,72.000,71,71,18.000,39.000,55.000,138,127,203,160,92,92,92,92,92,92,1,0,0,3,30,1
6.310000,350.03,20.793,12.470,164,228,72.000,71,71,18.000,39.000,55.000,149,125,201,160,91,91,91,91,91,91,1,0,0,3,30,1
6.315000,352.19,22.323,13.400,177,227,72.000,71,71,18.000,39.000,55.000,161,125,200,160,91,91,91,91,91,91,1,0,0,3,30,1
6.320000,354.35,23.876,14.320,191,226,72.000,71,71,18.000,39.000,55.000,172,124,199,160,90,90,90,90,90,90,1,0,0,3,30,1
6.325000,356.51,25.445,15.250,206,226,72.000,71,71,18.000,39.000,55.000,183,124,199,160,90,90,90,90,90,90,1,0,0,3,30,1
6.330000,358.67,27.024,16.230,220,226,72.000,71,71,18.000,39.000,55.000,195,124,199,160,90,90,90,90,90,90,1,0,0,3,30,1
6.335000,0.83,28.607,17.150,235,226,72.000,71,71,18.000,39.000,55.000,206,124,199,160,90,90,90,90,90,90,1,0,0,3,30,1
6.340000,2.99,30.188,18.130,251,226,72.000,71,71,18.000,39.000,55.000,218,124,199,160,90,90,90,90,90,90,1,0,0,3,30,1
6.345000,5.15,31.759,19.050,266,228,72.000,71,71,18.000,39.000,55.000,229,125,201,160,91,91,91,91,91,91,1,0,0,3,30,1
6.350000,7.31,33.316,19.980,282,230,72.000,71,71,18.000,39.000,55.000,240,127,203,160,92,92,92,92,92,92,1,0,0,3,30,1
6.355000,9.47,34.852,20.900,298,232,72.000,71,71,18.000,39.000,55.000,251,128,205,160,93,93,93,93,93,93,1,0,0,3,30,1
6.360000,11.63,36.361,21.830,314,235,72.000,71,71,18.000,39.000,55.000,262,130,208,160,95,95,95,95,95,95,1,0,0,3,30,1
6.365000,13.79,37.837,22.700,330,239,72.000,71,71,18.000,39.000,55.000,273,133,212,160,97,97,97,97,97,97,1,0,0,3,30,1
6.370000,15.95,39.274,23.570,347,243,72.000,71,71,18.000,39.000,55.000,283,135,217,160,99,99,99,99,99,99,1,0,0,3,30,1
6.375000,18.11,40.666,24.380,363,247,72.000,71,71,18.000,39.000,55.000,293,138,221,160,100,100,100,100,100,100,1,0,0,3,30,1
6.380000,20.27,42.009,25.200,379,252,72.000,72,72,18.000,39.000,55.000,307,143,229,160,103,103,103,103,103,103,1,0,0,3,30,1
6.385000,22.43,43.297,25.960,394,258,72.000,72,72,18.000,39.000,55.000,316,147,235,160,106,106,106,106,106,106,1,0,0,3,30,1
6.390000,24.59,44.525,26.720,410,264,72.000,72,72,18.000,39.000,55.000,325,151,242,160,109,109,109,109,109,109,1,0,0,3,30,1
6.395000,26.75,45.689,27.430,425,270,72.000,72,72,18.000,39.000,55.000,334,155,248,160,111,111,111,111,111,111,1,0,0,3,30,1
6.400000,28.91,46.785,28.080,440,276,72.000,72,72,18.000,39.000,55.000,342,159,255,160,114,114,114,114,114,114,1,0,0,3,30,1
6.405000,31.07,47.809,28.680,454,283,72.000,72,72,18.000,39.000,55.000,349,164,262,160,118,118,118,118,118,118,1,0,0,3,30,1
6.410000,33.23,48.757,29.230,468,291,72.000,72,72,18.000,39.000,55.000,356,169,271,160,121,121,121,121,121,121,1,0,0,3,30,1
6.415000,35.39,49.626,29.770,481,298,72.000,71,71,18.000,39.000,55.000,358,171,274,160,125,125,125,125,125,125,1,0,0,3,30,1
6.420000,37.55,50.414,30.260,494,306,72.000,71,71,18.000,39.000,55.000,363,176,282,160,129,129,129,129,129,129,1,0,0,3,30,1
6.425000,39.71,51.119,30.640,506,314,72.000,71,71,18.000,39.000,55.000,368,182,291,160,132,132,132,132,132,132,1,0,0,3,30,1
6.430000,41.87,51.737,31.020,518,322,72.000,71,71,18.000,39.000,55.000,373,187,299,160,136,136,136,136,136,136,1,0,0,3,30,1
6.435000,44.03,52.269,31.350,529,330,72.000,71,71,18.000,39.000,55.000,377,192,308,160,140,140,140,140,140,140,1,0,0,3,30,1
6.440000,46.19,52.712,31.620,539,338,72.000,71,71,18.000,39.000,55.000,380,197,316,160,144,144,144,144,144,144,1,0,0,3,30,1
6.445000,48.35,53.067,31.840,548,347,72.000,71,71,18.000,39.000,55.000,382,203,325,160,148,148,148,148,148,148,1,0,0,3,30,1
6.450000,50.51,53.333,32.000,557,355,72.000,71,71,18.000,39.000,55.000,384,208,334,160,152,152,152,152,152,152,1,0,0,3,30,1
6.455000,52.67,53.510,32.110,565,363,72.000,71,71,18.000,39.000,55.000,386,214,342,160,156,156,156,156,156,156,1,0,0,3,30,1
6.460000,54.83,53.599,32.160,571,372,72.000,71,71,18.000,39.000,55.000,386,219,351,160,160,160,160,160,160,160,1,0,0,3,30,1
6.465000,56.99,53.601,32.160,578,380,72.000,71,71,18.000,39.000,55.000,386,225,360,160,164,164,164,164,164,164,1,0,0,3,30,1
6.470000,59.15,53.517,32.110,583,388,72.000,71,71,18.000,39.000,55.000,386,230,368,160,168,168,168,168,168,168,1,0,0,3,30,1
6.475000,61.31,53.350,32.000,587,396,72.000,71,71,18.000,39.000,55.000,384,235,377,160,172,172,172,172,172,172,1,0,0,3,30,1
6.480000,63.47,53.102,31.840,590,404,72.000,71,71,18.000,39.000,55.000,382,240,385,160,175,175,175,175,175,175,1,0,0,3,30,1
6.485000,65.63,52.775,31.670,593,412,72.000,71,71,18.000,39.000,55.000,380,246,393,160,179,179,179,179,179,179,1,0,0,3,30,1
6.490000,67.79,52.373,31.400,594,419,72.000,71,71,18.000,39.000,55.000,377,250,401,160,183,183,183,183,183,183,1,0,0,3,30,1
6.495000,69.95,51.898,31.130,595,426,72.000,71,71,18.000,39.000,55.000,374,255,408,160,186,186,186,186,186,186,1,0,0,3,30,1
6.500000,72.11,51.355,30.800,595,433,72.000,71,71,18.000,39.000,55.000,370,259,415,160,189,189,189,189,189,189,1,0,0,3,30,1
6.505000,74.27,50.747,30.420,594,440,72.000,71,71,18.000,39.000,55.000,365,264,423,160,193,193,193,193,193,193,1,0,0,3,30,1
6.510000,76.43,50.079,30.040,593,446,72.000,71,71,18.000,39.000,55.000,361,268,429,160,195,195,195,195,195,195,1,0,0,3,30,1
6.515000,78.59,49.355,29.610,590,452,72.000,71,71,18.000,39.000,55.000,356,272,435,160,198,198,198,198,198,198,1,0,0,3,30,1
6.520000,80.75,48.580,29.120,587,457,72.000,71,71,18.000,39.000,55.000,350,275,441,160,201,201,201,201,201,201,1,0,0,3,30,1
6.525000,82.91,47.759,28.630,583,462,72.000,71,71,18.000,39.000,55.000,344,278,446,160,203,203,203,203,203,203,1,0,0,3,30,1
6.530000,85.07,46.896,28.140,578,467,72.000,71,71,18.000,39.000,55.000,338,282,451,160,205,205,205,205,205,205,1,0,0,3,30,1
6.535000,87.23,45.998,27.590,573,472,72.000,71,71,18.000,39.000,55.000,331,285,456,160,208,208,208,208,208,208,1,0,0,3,30,1
6.540000,89.39,45.068,27.050,567,476,72.000,71,71,18.000,39.000,55.000,325,288,460,160,210,210,210,210,210,210,1,0,0,3,30,1
6.545000,91.55,44.113,26.450,560,479,72.000,71,71,18.000,39.000,55.000,318,289,463,160,211,211,211,211,211,211,1,0,0,3,30,1
6.550000,93.71,43.139,25.850,553,482,72.000,71,71,18.000,39.000,55.000,310,292,467,160,213,213,213,213,213,213,1,0,0,3,30,1
6.555000,95.87,42.149,25.260,545,485,72.000,71,71,18.000,39.000,55.000,303,293,470,160,214,214,214,214,214,214,1,0,0,3,30,1
6.560000,98.03,41.150,24.660,537,487,72.000,71,71,18.000,39.000,55.000,296,295,472,160,215,215,215,215,215,215,1,0,0,3,30,1
6.565000,100.19,40.148,24.060,529,489,72.000,71,71,18.000,39.000,55.000,289,296,474,160,216,216,216,216,216,216,1,0,0,3,30,1
6.570000,102.35,39.147,23.460,520,490,72.000,71,71,18.000,39.000,55.000,282,297,475,160,216,216,216,216,216,216,1,0,0,3,30,1
6.575000,104.51,38.153,22.920,511,491,72.000,71,71,18.000,39.000,55.000,275,297,476,160,217,217,217,217,217,217,1,0,0,3,30,1
6.580000,106.67,37.170,22.320,502,492,72.000,71,71,18.000,39.000,55.000,268,298,477,160,217,217,217,217,217,217,1,0,0,3,30,1
6.585000,108.83,36.203,21.720,492,492,72.000,71,71,18.000,39.000,55.000,261,298,477,160,217,217,217,217,217,217,1,0,0,3,30,1
6.590000,110.99,35.258,21.180,482,492,72.000,71,71,18.000,39.000,55.000,254,298,477,160,217,217,217,217,217,217,1,0,0,3,30,1
6.595000,113.15,34.339,20.580,473,492,72.000,71,71,18.000,39.000,55.000,247,298,477,160,217,217,217,217,217,217,1,0,0,3,30,1
6.600000,115.31,33.449,20.030,463,491,72.000,71,71,18.000,39.000,55.000,240,297,476,160,217,217,217,217,217,217,1,0,0,3,30,1
6.605000,117.47,32.593,19.540,453,491,72.000,71,71,18.000,39.000,55.000,235,297,476,160,217,217,217,217,217,217,1,0,0,3,30,1
6.610000,119.63,31.774,19.050,443,490,72.000,71,71,18.000,39.000,55.000,229,297,475,160,216,216,216,216,216,216,1,0,0,3,30,1
6.615000,121.79,30.996,18.560,434,489,72.000,71,71,18.000,39.000,55.000,223,296,474,160,216,216,216,216,216,216,1,0,0,3,30,1
6.620000,123.95,30.262,18.130,424,488,72.000,71,71,18.000,39.000,55.000,218,295,473,160,215,215,215,215,215,215,1,0,0,3,30,1
6.625000,126.11,29.575,17.750,415,486,72.000,71,71,18.000,39.000,55.000,213,294,471,160,214,214,214,214,214,214,1,0,0,3,30,1
6.630000,128.27,28.936,17.370,406,485,72.000,71,71,18.000,39.000,55.000,208,293,470,160,214,214,214,214,214,214,1,0,0,3,30,1
6.635000,130.43,28.349,16.990,398,483,72.000,71,71,18.000,39.000,55.000,204,292,468,160,213,213,213,213,213,213,1,0,0,3,30,1
6.640000,132.59,27.813,16.660,389,482,72.000,71,71,18.000,39.000,55.000,200,292,467,160,213,213,213,213,213,213,1,0,0,3,30,1
6.645000,134.75,27.332,16.390,381,480,72.000,71,71,18.000,39.000,55.000,197,290,465,160,212,212,212,212,212,212,1,0,0,3,30,1
6.650000,136.91,26.905,16.120,374,478,72.000,71,71,18.000,39.000,55.000,193,289,463,160,211,211,211,211,211,211,1,0,0,3,30,1
6.655000,139.07,26.534,15.900,367,476,72.000,71,71,18.000,39.000,55.000,191,288,460,160,210,210,210,210,210,210,1,0,0,3,30,1
6.660000,141.23,26.217,15.740,360,473,72.000,71,71,18.000,39.000,55.000,189,286,457,160,208,208,208,208,208,208,1,0,0,3,30,1
6.665000,143.39,25.956,15.570,354,471,72.000,71,71,18.000,39.000,55.000,187,284,455,160,207,207,207,207,207,207,1,0,0,3,30,1
6.670000,145.55,25.748,15.460,348,469,72.000,71,71,18.000,39.000,55.000,185,283,453,160,206,206,206,206,206,206,1,0,0,3,30,1
6.675000,147.71,25.595,15.360,343,466,72.000,71,71,18.000,39.000,55.000,184,281,450,160,205,205,205,205,205,205,1,0,0,3,30,1
6.680000,149.87,25.493,15.300,338,464,72.000,71,71,18.000,39.000,55.000,184,280,448,160,204,204,204,204,204,204,1,0,0,3,30,1
6.685000,152.03,25.441,15.250,334,461,72.000,71,71,18.000,39.000,55.000,183,278,445,160,203,203,203,203,203,203,1,0,0,3,30,1
6.690000,154.19,25.437,15.250,330,459,72.000,72,72,18.000,39.000,55.000,186,280,449,160,202,202,202,202,202,202,1,0,0,3,30,1
6.695000,156.35,25.479,15.300,327,456,72.000,72,72,18.000,39.000,55.000,186,278,446,160,200,200,200,200,200,200,1,0,0,3,30,1
6.700000,158.51,25.564,15.360,324,454,72.000,72,72,18.000,39.000,55.000,187,277,443,160,199,199,199,199,199,199,1,0,0,3,30,1
6.705000,160.67,25.690,15.410,322,451,72.000,72,72,18.000,39.000,55.000,187,275,440,160,198,198,198,198,198,198,1,0,0,3,30,1
6.710000,162.83,25.852,15.520,321,449,72.000,72,72,18.000,39.000,55.000,189,274,438,160,197,197,197,197,197,197,1,0,0,3,30,1
6.715000,164.99,26.047,15.630,320,446,72.000,72,72,18.000,39.000,55.000,190,272,435,160,195,195,195,195,195,195,1,0,0,3,30,1
6.720000,167.15,26.272,15.740,319,444,72.000,72,72,18.000,39.000,55.000,191,270,433,160,194,194,194,194,194,194,1,0,0,3,30,1
6.725000,169.31,26.523,15.900,319,441,72.000,71,71,18.000,39.000,55.000,191,265,424,160,193,193,193,193,193,193,1,0,0,3,30,1
6.730000,171.47,26.795,16.060,319,439,72.000,71,71,18.000,39.000,55.000,193,263,422,160,192,192,192,192,192,192,1,0,0,3,30,1
6.735000,173.63,27.085,16.230,319,437,72.000,71,71,18.000,39.000,55.000,195,262,420,160,191,191,191,191,191,191,1,0,0,3,30,1
6.740000,175.79,27.388,16.440,320,434,72.000,71,71,18.000,39.000,55.000,197,260,417,160,190,190,190,190,190,190,1,0,0,3,30,1
6.745000,177.95,27.700,16.610,321,432,72.000,71,71,18.000,39.000,55.000,199,259,414,160,189,189,189,189,189,189,1,0,0,3,30,1
6.750000,180.11,28.016,16.820,323,430,72.000,71,71,18.000,39.000,55.000,202,257,412,160,188,188,188,188,188,188,1,0,0,3,30,1
6.755000,182.27,28.332,16.990,325,428,72.000,71,71,18.000,39.000,55.000,204,256,410,160,187,187,187,187,187,187,1,0,0,3,30,1
6.760000,184.43,28.643,17.210,327,426,72.000,71,71,18.000,39.000,55.000,206,255,408,160,186,186,186,186,186,186,1,0,0,3,30,1
6.765000,186.59,28.945,17.370,329,424,72.000,71,71,18.000,39.000,55.000,208,254,406,160,185,185,185,185,185,185,1,0,0,3,30,1
6.770000,188.75,29.233,17.530,331,422,72.000,71,71,18.000,39.000,55.000,210,252,404,160,184,184,184,184,184,184,1,0,0,3,30,1
6.775000,190.91,29.503,17.690,334,420,72.000,71,71,18.000,39.000,55.000,212,251,402,160,183,183,183,183,183,183,1,0,0,3,30,1
6.780000,193.07,29.752,17.860,336,419,72.000,71,71,18.000,39.000,55.000,214,250,401,160,183,183,183,183,183,183,1,0,0,3,30,1
6.785000,195.23,29.974,17.970,339,417,72.000,71,71,18.000,39.000,55.000,216,249,399,160,182,182,182,182,182,182,1,0,0,3,30,1
6.790000,197.39,30.166,18.080,341,416,72.000,71,71,18.000,39.000,55.000,217,248,398,160,181,181,181,181,181,181,1,0,0,3,30,1
6.795000,199.55,30.325,18.180,344,414,72.000,71,71,18.000,39.000,55.000,218,247,396,160,180,180,180,180,180,180,1,0,0,3,30,1
6.800000,201.71,30.446,18.240,346,413,72.000,71,71,18.000,39.000,55.000,219,246,394,160,180,180,180,180,180,180,1,0,0,3,30,1
6.805000,203.87,30.527,18.290,348,412,72.000,71,71,18.000,39.000,55.000,219,246,393,160,179,179,179,179,179,179,1,0,0,3,30,1
6.810000,206.03,30.564,18.350,350,411,72.000,71,71,18.000,39.000,55.000,220,245,392,160,179,179,179,179,179,179,1,0,0,3,30,1
6.815000,208.19,30.556,18.350,352,409,72.000,71,71,18.000,39.000,55.000,220,244,390,160,178,178,178,178,178,178,1,0,0,3,30,1
6.820000,210.35,30.499,18.290,353,408,72.000,71,71,18.000,39.000,55.000,219,243,389,160,177,177,177,177,177,177,1,0,0,3,30,1
6.825000,212.51,30.392,18.240,354,407,72.000,71,71,18.000,39.000,55.000,219,242,388,160,177,177,177,177,177,177,1,0,0,3,30,1
6.830000,214.67,30.233,18.130,355,406,72.000,71,71,18.000,39.000,55.000,218,242,387,160,176,176,176,176,176,176,1,0,0,3,30,1
6.835000,216.83,30.021,18.020,355,405,72.000,71,71,18.000,39.000,55.000,216,241,386,160,176,176,176,176,176,176,1,0,0,3,30,1
6.840000,218.99,29.754,17.860,355,404,72.000,71,71,18.000,39.000,55.000,214,240,385,160,175,175,175,175,175,175,1,0,0,3,30,1
6.845000,221.15,29.432,17.640,355,403,72.000,71,71,18.000,39.000,55.000,212,240,384,160,175,175,175,175,175,175,1,0,0,3,30,1
6.850000,223.31,29.055,17.420,354,402,72.000,71,71,18.000,39.000,55.000,209,239,383,160,174,174,174,174,174,174,1,0,0,3,30,1
6.855000,225.47,28.622,17.150,353,401,72.000,71,71,18.000,39.000,55.000,206,238,382,160,174,174,174,174,174,174,1,0,0,3,30,1
6.860000,227.63,28.135,16.880,351,401,72.000,71,71,18.000,39.000,55.000,203,238,382,160,174,174,174,174,174,174,1,0,0,3,30,1
6.865000,229.79,27.595,16.550,348,400,72.000,71,71,18.000,39.000,55.000,199,238,381,160,173,173,173,173,173,173,1,0,0,3,30,1
6.870000,231.95,27.002,16.230,345,399,72.000,71,71,18.000,39.000,55.000,195,237,380,160,173,173,173,173,173,173,1,0,0,3,30,1
6.875000,234.11,26.358,15.790,342,398,72.000,71,71,18.000,39.000,55.000,189,237,379,160,173,173,173,173,173,173,1,0,0,3,30,1
6.880000,236.27,25.666,15.410,338,396,72.000,71,71,18.000,39.000,55.000,185,235,377,160,172,172,172,172,172,172,1,0,0,3,30,1
6.885000,238.43,24.928,14.970,334,395,72.000,71,71,18.000,39.000,55.000,180,235,376,160,171,171,171,171,171,171,1,0,0,3,30,1
6.890000,240.59,24.146,14.490,329,394,72.000,71,71,18.000,39.000,55.000,174,234,375,160,171,171,171,171,171,171,1,0,0,3,30,1
6.895000,242.75,23.323,14.000,323,393,72.000,71,71,18.000,39.000,55.000,168,233,374,160,170,170,170,170,170,170,1,0,0,3,30,1
6.900000,244.91,22.464,13.450,317,391,72.000,71,71,18.000,39.000,55.000,161,232,371,160,169,169,169,169,169,169,1,0,0,3,30,1
6.905000,247.07,21.571,12.960,311,390,72.000,71,71,18.000,39.000,55.000,155,231,370,160,169,169,169,169,169,169,1,0,0,3,30,1
6.910000,249.23,20.648,12.360,304,388,72.000,71,71,18.000,39.000,55.000,148,230,368,160,168,168,168,168,168,168,1,0,0,3,30,1
6.915000,251.39,19.701,11.820,296,387,72.000,71,71,18.000,39.000,55.000,142,229,367,160,167,167,167,167,167,167,1,0,0,3,30,1
6.920000,253.55,18.733,11.220,288,385,72.000,71,71,18.000,39.000,55.000,134,228,365,160,166,166,166,166,166,166,1,0,0,3,30,1
6.925000,255.71,17.748,10.620,280,383,72.000,71,71,18.000,39.000,55.000,127,227,363,160,165,165,165,165,165,165,1,0,0,3,30,1
6.930000,257.87,16.753,10.030,272,381,72.000,71,71,18.000,39.000,55.000,120,225,361,160,164,164,164,164,164,164,1,0,0,3,30,1
6.935000,260.03,15.752,9.430,263,378,72.000,71,71,18.000,39.000,55.000,113,223,358,160,163,163,163,163,163,163,1,0,0,3,30,1
6.940000,262.19,14.749,8.830,253,376,72.000,71,71,18.000,39.000,55.000,106,222,356,160,162,162,162,162,162,162,1,0,0,3,30,1
6.945000,264.35,13.751,8.230,244,374,72.000,71,71,18.000,39.000,55.000,98,221,354,160,161,161,161,161,161,161,1,0,0,3,30,1
6.950000,266.51,12.763,7.690,234,371,72.000,71,71,18.000,39.000,55.000,92,219,351,160,160,160,160,160,160,160,1,0,0,3,30,1
6.955000,268.67,11.790,7.090,225,368,72.000,71,71,18.000,39.000,55.000,85,217,347,160,158,158,158,158,158,158,1,0,0,3,30,1
6.960000,270.83,10.838,6.490,215,365,72.000,71,71,18.000,39.000,55.000,78,215,344,160,157,157,157,157,157,157,1,0,0,3,30,1
6.965000,272.99,9.911,5.960,205,362,72.000,71,71,18.000,39.000,55.000,71,213,341,160,155,155,155,155,155,155,1,0,0,3,30,1
6.970000,275.15,9.016,5.420,194,359,72.000,71,71,18.000,39.000,55.000,65,211,338,160,154,154,154,154,154,154,1,0,0,3,30,1
6.975000,277.31,8.157,4.890,184,356,72.000,71,71,18.000,39.000,55.000,58,209,335,160,152,152,152,152,152,152,1,0,0,3,30,1
6.980000,279.47,7.340,4.400,173,352,72.000,71,71,18.000,39.000,55.000,52,206,331,160,151,151,151,151,151,151,1,0,0,3,30,1
6.985000,281.63,6.570,3.950,162,349,72.000,71,71,18.000,39.000,55.000,47,204,327,160,149,149,149,149,149,149,1,0,0,3,30,1
6.990000,283.79,5.851,3.490,151,345,72.000,71,71,18.000,39.000,55.000,41,202,323,160,147,147,147,147,147,147,1,0,0,3,30,1
6.995000,285.95,5.189,3.120,140,341,72.000,71,71,18.000,39.000,55.000,37,199,319,160,145,145,145,145,145,145,1,0,0,3,30,1
7.000000,288.11,4.588,2.750,130,337,72.000,71,71,18.000,39.000,55.000,33,197,315,160,143,143,143,143,143,143,1,0,0,3,30,1
7.005000,290.27,4.051,2.420,120,333,72.000,72,72,18.000,39.000,55.000,29,197,315,160,141,141,141,141,141,141,1,0,0,3,30,1
7.010000,292.43,3.584,2.140,110,328,72.000,72,72,18.000,39.000,55.000,26,193,310,160,139,139,139,139,139,139,1,0,0,3,30,1
7.015000,294.59,3.189,1.890,100,324,72.000,72,72,18.000,39.000,55.000,23,191,305,160,137,137,137,137,137,137,1,0,0,3,30,1
7.020000,296.75,2.870,1.730,91,320,72.000,72,72,18.000,39.000,55.000,21,188,301,160,135,135,135,135,135,135,1,0,0,3,30,1
7.025000,298.91,2.629,1.560,83,315,72.000,72,72,18.000,39.000,55.000,19,185,296,160,133,133,133,133,133,133,1,0,0,3,30,1
7.030000,301.07,2.471,1.480,76,310,72.000,72,72,18.000,39.000,55.000,18,181,291,160,130,130,130,130,130,130,1,0,0,3,30,1
7.035000,303.23,2.396,1.440,69,306,72.000,72,72,18.000,39.000,55.000,17,179,286,160,129,129,129,129,129,129,1,0,0,3,30,1
7.040000,305.39,2.406,1.440,63,301,72.000,71,71,18.000,39.000,55.000,17,173,277,160,126,126,126,126,126,126,1,0,0,3,30,1
7.045000,307.55,2.504,1.520,58,296,72.000,71,71,18.000,39.000,55.000,18,170,272,160,124,124,124,124,124,124,1,0,0,3,30,1
7.050000,309.71,2.690,1.600,54,292,72.000,71,71,18.000,39.000,55.000,19,167,268,160,122,122,122,122,122,122,1,0,0,3,30,1
7.055000,311.87,2.965,1.770,51,287,72.000,71,71,18.000,39.000,55.000,21,164,263,160,120,120,120,120,120,120,1,0,0,3,30,1
7.060000,314.03,3.328,2.010,49,282,72.000,71,71,18.000,39.000,55.000,24,161,257,160,117,117,117,117,117,117,1,0,0,3,30,1
7.065000,316.19,3.780,2.260,48,278,72.000,71,71,18.000,39.000,55.000,27,158,253,160,115,115,115,115,115,115,1,0,0,3,30,1
7.070000,318.35,4.321,2.590,48,273,72.000,71,71,18.000,39.000,55.000,31,155,248,160,113,113,113,113,113,113,1,0,0,3,30,1
7.075000,320.51,4.948,2.960,50,269,72.000,71,71,18.000,39.000,55.000,35,152,244,160,111,111,111,111,111,111,1,0,0,3,30,1
7.080000,322.67,5.661,3.410,52,264,72.000,71,71,18.000,39.000,55.000,41,149,239,160,109,109,109,109,109,109,1,0,0,3,30,1
7.085000,324.83,6.457,3.860,56,260,72.000,71,71,18.000,39.000,55.000,46,146,234,160,107,107,107,107,107,107,1,0,0,3,30,1
7.090000,326.99,7.334,4.400,60,256,72.000,71,71,18.000,39.000,55.000,52,144,230,160,105,105,105,105,105,105,1,0,0,3,30,1
7.095000,329.15,8.290,4.970,66,253,72.000,71,71,18.000,39.000,55.000,59,142,227,160,103,103,103,103,103,103,1,0,0,3,30,1
7.100000,331.31,9.321,5.590,73,249,72.000,71,71,18.000,39.000,55.000,67,139,223,160,101,101,101,101,101,101,1,0,0,3,30,1
7.105000,333.47,10.424,6.270,81,246,72.000,71,71,18.000,39.000,55.000,75,137,220,160,100,100,100,100,100,100,1,0,0,3,30,1
7.110000,335.63,11.595,6.980,90,242,72.000,71,71,18.000,39.000,55.000,83,134,215,160,98,98,98,98,98,98,1,0,0,3,30,1
7.115000,337.79,12.829,7.690,100,240,72.000,71,71,18.000,39.000,55.000,92,133,213,160,97,97,97,97,97,97,1,0,0,3,30,1
7.120000,339.95,14.123,8.450,110,237,72.000,71,71,18.000,39.000,55.000,101,131,210,160,96,96,96,96,96,96,1,0,0,3,30,1
7.125000,342.11,15.471,9.260,120,235,72.000,71,71,18.000,39.000,55.000,111,130,208,160,95,95,95,95,95,95,1,0,0,3,30,1
7.130000,344.27,16.868,10.130,131,232,72.000,71,71,18.000,39.000,55.000,121,128,205,160,93,93,93,93,93,93,1,0,0,3,30,1
7.135000,346.43,18.309,11.000,143,231,72.000,71,71,18.000,39.000,55.000,132,127,204,160,93,93,93,93,93,93,1,0,0,3,30,1
7.140000,348.59,19.788,11.870,156,229,72.000,71,71,18.000,39.000,55.000,142,126,202,160,92,92,92,92,92,92,1,0,0,3,30,1
7.145000,350.75,21.300,12.800,169,228,72.000,71,71,18.000,39.000,55.000,153,125,201,160,91,91,91,91,91,91,1,0,0,3,30,1
7.150000,352.91,22.838,13.720,182,227,72.000,71,71,18.000,39.000,55.000,165,125,200,160,91,91,91,91,91,91,1,0,0,3,30,1
7.155000,355.07,24.397,14.650,196,226,72.000,71,71,18.000,39.000,55.000,176,124,199,160,90,90,90,90,90,90,1,0,0,3,30,1
7.160000,357.23,25.970,15.570,210,226,72.000,71,71,18.000,39.000,55.000,187,124,199,160,90,90,90,90,90,90,1,0,0,3,30,1
7.165000,359.39,27.551,16.550,225,226,72.000,71,71,18.000,39.000,55.000,199,124,199,160,90,90,90,90,90,90,1,0,0,3,30,1
7.170000,1.55,29.134,17.480,240,226,72.000,71,71,18.000,39.000,55.000,210,124,199,160,90,90,90,90,90,90,1,0,0,3,30,1
7.175000,3.71,30.713,18.400,256,227,72.000,71,71,18.000,39.000,55.000,221,125,200,160,91,91,91,91,91,91,1,0,0,3,30,1
7.180000,5.87,32.280,19.380,272,228,72.000,71,71,18.000,39.000,55.000,233,125,201,160,91,91,91,91,91,91,1,0,0,3,30,1
7.185000,8.03,33.831,20.310,287,230,72.000,71,71,18.000,39.000,55.000,244,127,203,160,92,92,92,92,92,92,1,0,0,3,30,1
7.190000,10.19,35.359,21.230,303,233,72.000,71,71,18.000,39.000,55.000,255,129,206,160,94,94,94,94,94,94,1,0,0,3,30,1
7.195000,12.35,36.857,22.100,320,236,72.000,71,71,18.000,39.000,55.000,265,131,209,160,95,95,95,95,95,95,1,0,0,3,30,1
7.200000,14.51,38.320,22.970,336,240,72.000,71,71,18.000,39.000,55.000,276,133,213,160,97,97,97,97,97,97,1,0,0,3,30,1
7.205000,16.67,39.743,23.840,352,244,72.000,71,71,18.000,39.000,55.000,286,136,218,160,99,99,99,99,99,99,1,0,0,3,30,1
7.210000,18.83,41.119,24.660,368,249,72.000,71,71,18.000,39.000,55.000,296,139,223,160,101,101,101,101,101,101,1,0,0,3,30,1
7.215000,20.99,42.444,25.470,384,254,72.000,71,71,18.000,39.000,55.000,306,142,228,160,104,104,104,104,104,104,1,0,0,3,30,1
7.220000,23.15,43.713,26.230,399,260,72.000,71,71,18.000,39.000,55.000,315,146,234,160,107,107,107,107,107,107,1,0,0,3,30,1
7.225000,25.31,44.920,26.940,415,266,72.000,71,71,18.000,39.000,55.000,324,150,241,160,109,109,109,109,109,109,1,0,0,3,30,1
7.230000,27.47,46.062,27.650,430,272,72.000,71,71,18.000,39.000,55.000,332,154,247,160,112,112,112,112,112,112,1,0,0,3,30,1
7.235000,29.63,47.135,28.250,445,279,72.000,71,71,18.000,39.000,55.000,339,159,254,160,116,116,116,116,116,116,1,0,0,3,30,1
7.240000,31.79,48.133,28.850,459,286,72.000,71,71,18.000,39.000,55.000,346,163,262,160,119,119,119,119,119,119,1,0,0,3,30,1
7.245000,33.95,49.056,29.440,473,293,72.000,71,71,18.000,39.000,55.000,354,168,269,160,122,122,122,122,122,122,1,0,0,3,30,1
7.250000,36.11,49.898,29.930,486,301,72.000,71,71,18.000,39.000,55.000,359,173,277,160,126,126,126,126,126,126,1,0,0,3,30,1
7.255000,38.27,50.659,30.370,498,308,72.000,71,71,18.000,39.000,55.000,365,178,285,160,130,130,130,130,130,130,1,0,0,3,30,1
7.260000,40.43,51.335,30.800,510,316,72.000,71,71,18.000,39.000,55.000,370,183,293,160,133,133,133,133,133,133,1,0,0,3,30,1
7.265000,42.59,51.924,31.130,522,325,72.000,71,71,18.000,39.000,55.000,374,189,302,160,138,138,138,138,138,138,1,0,0,3,30,1
7.270000,44.75,52.427,31.460,532,333,72.000,71,71,18.000,39.000,55.000,378,194,311,160,141,141,141,141,141,141,1,0,0,3,30,1
7.275000,46.91,52.840,31.670,542,341,72.000,71,71,18.000,39.000,55.000,380,199,319,160,145,145,145,145,145,145,1,0,0,3,30,1
7.280000,49.07,53.165,31.890,551,349,72.000,71,71,18.000,39.000,55.000,383,204,327,160,149,149,149,149,149,149,1,0,0,3,30,1
7.285000,51.23,53.401,32.050,560,358,72.000,71,71,18.000,39.000,55.000,385,210,337,160,153,153,153,153,153,153,1,0,0,3,30,1
7.290000,53.39,53.549,32.110,567,366,72.000,71,71,18.000,39.000,55.000,386,216,345,160,157,157,157,157,157,157,1,0,0,3,30,1
7.295000,55.55,53.609,32.160,574,375,72.000,71,71,18.000,39.000,55.000,386,222,355,160,162,162,162,162,162,162,1,0,0,3,30,1
7.300000,57.71,53.582,32.160,579,383,72.000,71,71,18.000,39.000,55.000,386,227,363,160,165,165,165,165,165,165,1,0,0,3,30,1
7.305000,59.87,53.471,32.050,584,391,72.000,71,71,18.000,39.000,55.000,385,232,371,160,169,169,169,169,169,169,1,0,0,3,30,1
7.310000,62.03,53.276,31.950,588,399,72.000,71,71,18.000,39.000,55.000,384,237,380,160,173,173,173,173,173,173,1,0,0,3,30,1
7.315000,64.19,53.002,31.780,591,407,72.000,72,72,18.000,39.000,55.000,387,246,394,160,177,177,177,177,177,177,1,0,0,3,30,1
7.320000,66.35,52.649,31.560,593,414,72.000,72,72,18.000,39.000,55.000,384,251,401,160,180,180,180,180,180,180,1,0,0,3,30,1
7.325000,68.51,52.222,31.290,595,421,72.000,72,72,18.000,39.000,55.000,381,255,409,160,183,183,183,183,183,183,1,0,0,3,30,1
7.330000,70.67,51.725,31.020,595,429,72.000,72,72,18.000,39.000,55.000,378,260,417,160,187,187,187,187,187,187,1,0,0,3,30,1
7.335000,72.83,51.160,30.690,595,435,72.000,72,72,18.000,39.000,55.000,374,264,423,160,190,190,190,190,190,190,1,0,0,3,30,1
7.340000,74.99,50.531,30.310,594,442,72.000,72,72,18.000,39.000,55.000,369,269,431,160,194,194,194,194,194,194,1,0,0,3,30,1
7.345000,77.15,49.844,29.880,592,448,72.000,72,72,18.000,39.000,55.000,364,273,437,160,196,196,196,196,196,196,1,0,0,3,30,1
7.350000,79.31,49.103,29.440,589,454,72.000,71,71,18.000,39.000,55.000,354,273,437,160,199,199,199,199,199,199,1,0,0,3,30,1
7.355000,81.47,48.311,28.950,586,459,72.000,71,71,18.000,39.000,55.000,348,276,443,160,202,202,202,202,202,202,1,0,0,3,30,1
7.360000,83.63,47.476,28.460,581,464,72.000,71,71,18.000,39.000,55.000,342,280,448,160,204,204,204,204,204,204,1,0,0,3,30,1
7.365000,85.79,46.600,27.970,576,469,72.000,71,71,18.000,39.000,55.000,336,283,453,160,206,206,206,206,206,206,1,0,0,3,30,1
7.370000,87.95,45.691,27.430,571,473,72.000,71,71,18.000,39.000,55.000,329,286,457,160,208,208,208,208,208,208,1,0,0,3,30,1
7.375000,90.11,44.752,26.830,565,477,72.000,71,71,18.000,39.000,55.000,322,288,461,160,210,210,210,210,210,210,1,0,0,3,30,1
7.380000,92.27,43.790,26.290,558,480,72.000,71,71,18.000,39.000,55.000,316,290,465,160,212,212,212,212,212,212,1,0,0,3,30,1
7.385000,94.43,42.810,25.690,551,483,72.000,71,71,18.000,39.000,55.000,308,292,468,160,213,213,213,213,213,213,1,0,0,3,30,1
7.390000,96.59,41.817,25.090,543,486,72.000,71,71,18.000,39.000,55.000,301,294,471,160,214,214,214,214,214,214,1,0,0,3,30,1
7.395000,98.75,40.817,24.490,535,488,72.000,71,71,18.000,39.000,55.000,294,295,473,160,215,215,215,215,215,215,1,0,0,3,30,1
7.400000,100.91,39.814,23.900,526,490,72.000,71,71,18.000,39.000,55.000,287,297,475,160,216,216,216,216,216,216,1,0,0,3,30,1
7.405000,103.07,38.815,23.300,517,491,72.000,71,71,18.000,39.000,55.000,280,297,476,160,217,217,217,217,217,217,1,0,0,3,30,1
7.410000,105.23,37.823,22.700,508,492,72.000,71,71,18.000,39.000,55.000,273,298,477,160,217,217,217,217,217,217,1,0,0,3,30,1
7.415000,107.39,36.846,22.100,498,492,72.000,71,71,18.000,39.000,55.000,265,298,477,160,217,217,217,217,217,217,1,0,0,3,30,1
7.420000,109.55,35.886,21.560,489,492,72.000,71,71,18.000,39.000,55.000,259,298,477,160,217,217,217,217,217,217,1,0,0,3,30,1
7.425000,111.71,34.949,20.960,479,492,72.000,71,71,18.000,39.000,55.000,252,298,477,160,217,217,217,217,217,217,1,0,0,3,30,1
7.430000,113.87,34.039,20.410,469,492,72.000,71,71,18.000,39.000,55.000,245,298,477,160,217,217,217,217,217,217,1,0,0,3,30,1
7.435000,116.03,33.160,19.870,460,491,72.000,71,71,18.000,39.000,55.000,238,297,476,160,217,217,217,217,217,217,1,0,0,3,30,1
7.440000,118.19,32.316,19.380,450,490,72.000,71,71,18.000,39.000,55.000,233,297,475,160,216,216,216,216,216,216,1,0,0,3,30,1
7.445000,120.35,31.510,18.890,440,490,72.000,71,71,18.000,39.000,55.000,227,297,475,160,216,216,216,216,216,216,1,0,0,3,30,1
7.450000,122.51,30.747,18.460,431,489,72.000,71,71,18.000,39.000,55.000,222,296,474,160,216,216,216,216,216,216,1,0,0,3,30,1
7.455000,124.67,30.028,18.020,421,487,72.000,71,71,18.000,39.000,55.000,216,295,472,160,215,215,215,215,215,215,1,0,0,3,30,1
7.460000,126.83,29.357,17.590,412,486,72.000,71,71,18.000,39.000,55.000,211,294,471,160,214,214,214,214,214,214,1,0,0,3,30,1
7.465000,128.99,28.735,17.260,403,484,72.000,71,71,18.000,39.000,55.000,207,293,469,160,214,214,214,214,214,214,1,0,0,3,30,1
7.470000,131.15,28.164,16.880,395,483,72.000,71,71,18.000,39.000,55.000,203,292,468,160,213,213,213,213,213,213,1,0,0,3,30,1
7.475000,133.31,27.647,16.610,387,481,72.000,71,71,18.000,39.000,55.000,199,291,466,160,212,212,212,212,212,212,1,0,0,3,30,1
7.480000,135.47,27.184,16.330,379,479,72.000,71,71,18.000,39.000,55.000,196,289,463,160,211,211,211,211,211,211,1,0,0,3,30,1
7.485000,137.63,26.775,16.060,371,477,72.000,71,71,18.000,39.000,55.000,193,288,461,160,210,210,210,210,210,210,1,0,0,3,30,1
7.490000,139.79,26.422,15.850,364,475,72.000,71,71,18.000,39.000,55.000,190,287,459,160,209,209,209,209,209,209,1,0,0,3,30,1
7.495000,141.95,26.124,15.680,358,473,72.000,71,71,18.000,39.000,55.000,188,286,457,160,208,208,208,208,208,208,1,0,0,3,30,1
7.500000,144.11,25.881,15.520,352,470,72.000,71,71,18.000,39.000,55.000,186,284,454,160,207,207,207,207,207,207,1,0,0,3,30,1
7.505000,146.27,25.691,15.410,346,468,72.000,71,71,18.000,39.000,55.000,185,282,452,160,206,206,206,206,206,206,1,0,0,3,30,1
7.510000,148.43,25.555,15.360,341,466,72.000,71,71,18.000,39.000,55.000,184,281,450,160,205,205,205,205,205,205,1,0,0,3,30,1
7.515000,150.59,25.470,15.300,337,463,72.000,71,71,18.000,39.000,55.000,184,279,447,160,204,204,204,204,204,204,1,0,0,3,30,1
7.520000,152.75,25.434,15.250,333,461,72.000,71,71,18.000,39.000,55.000,183,278,445,160,203,203,203,203,203,203,1,0,0,3,30,1
7.525000,154.91,25.446,15.250,329,458,72.000,71,71,18.000,39.000,55.000,183,276,442,160,201,201,201,201,201,201,1,0,0,3,30,1
7.530000,157.07,25.503,15.300,326,456,72.000,71,71,18.000,39.000,55.000,184,274,439,160,200,200,200,200,200,200,1,0,0,3,30,1
7.535000,159.23,25.602,15.360,324,453,72.000,71,71,18.000,39.000,55.000,184,273,436,160,199,199,199,199,199,199,1,0,0,3,30,1
7.540000,161.39,25.740,15.460,322,450,72.000,71,71,18.000,39.000,55.000,185,271,433,160,197,197,197,197,197,197,1,0,0,3,30,1
7.545000,163.55,25.913,15.520,320,448,72.000,71,71,18.000,39.000,55.000,186,269,431,160,196,196,196,196,196,196,1,0,0,3,30,1
7.550000,165.71,26.119,15.680,319,445,72.000,71,71,18.000,39.000,55.000,188,267,428,160,195,195,195,195,195,195,1,0,0,3,30,1
7.555000,167.87,26.353,15.790,319,443,72.000,71,71,18.000,39.000,55.000,189,266,426,160,194,194,194,194,194,194,1,0,0,3,30,1
7.560000,170.03,26.611,15.950,319,441,72.000,71,71,18.000,39.000,55.000,191,265,424,160,193,193,193,193,193,193,1,0,0,3,30,1
7.565000,172.19,26.890,16.120,319,438,72.000,71,71,18.000,39.000,55.000,193,263,421,160,192,192,192,192,192,192,1,0,0,3,30,1
7.570000,174.35,27.185,16.330,320,436,72.000,71,71,18.000,39.000,55.000,196,261,418,160,191,191,191,191,191,191,1,0,0,3,30,1
7.575000,176.51,27.491,16.500,321,434,72.000,71,71,18.000,39.000,55.000,198,260,417,160,190,190,190,190,190,190,1,0,0,3,30,1
7.580000,178.67,27.805,16.660,322,431,72.000,71,71,18.000,39.000,55.000,200,258,413,160,188,188,188,188,188,188,1,0,0,3,30,1
7.585000,180.83,28.121,16.880,323,429,72.000,71,71,18.000,39.000,55.000,203,257,411,160,187,187,187,187,187,187,1,0,0,3,30,1
7.590000,182.99,28.436,17.040,325,427,72.000,71,71,18.000,39.000,55.000,204,255,409,160,186,186,186,186,186,186,1,0,0,3,30,1
7.595000,185.15,28.745,17.260,327,425,72.000,71,71,18.000,39.000,55.000,207,254,407,160,185,185,185,185,185,185,1,0,0,3,30,1
7.600000,187.31,29.042,17.420,330,423,72.000,71,71,18.000,39.000,55.000,209,253,405,160,184,184,184,184,184,184,1,0,0,3,30,1
7.605000,189.47,29.325,17.590,332,422,72.000,71,71,18.000,39.000,55.000,211,252,404,160,184,184,184,184,184,184,1,0,0,3,30,1
7.610000,191.63,29.589,17.750,334,420,72.000,71,71,18.000,39.000,55.000,213,251,402,160,183,183,183,183,183,183,1,0,0,3,30,1
7.615000,193.79,29.829,17.910,337,418,72.000,71,71,18.000,39.000,55.000,215,250,400,160,182,182,182,182,182,182,1,0,0,3,30,1
7.620000,195.95,30.042,18.020,339,417,72.000,71,71,18.000,39.000,55.000,216,249,399,160,182,182,182,182,182,182,1,0,0,3,30,1
7.625000,198.11,30.223,18.130,342,415,72.000,71,71,18.000,39.000,55.000,218,248,397,160,181,181,181,181,181,181,1,0,0,3,30,1
7.630000,200.27,30.369,18.240,344,414,72.000,72,72,18.000,39.000,55.000,222,251,401,160,180,180,180,180,180,180,1,0,0,3,30,1
7.635000,202.43,30.478,18.290,347,413,72.000,72,72,18.000,39.000,55.000,223,250,400,160,180,180,180,180,180,180,1,0,0,3,30,1
7.640000,204.59,30.544,18.290,349,411,72.000,72,72,18.000,39.000,55.000,223,248,398,160,179,179,179,179,179,179,1,0,0,3,30,1
7.645000,206.75,30.567,18.350,350,410,72.000,72,72,18.000,39.000,55.000,223,248,397,160,178,178,178,178,178,178,1,0,0,3,30,1
7.650000,208.91,30.543,18.290,352,409,72.000,72,72,18.000,39.000,55.000,223,247,396,160,178,178,178,178,178,178,1,0,0,3,30,1
7.655000,211.07,30.469,18.290,353,408,72.000,72,72,18.000,39.000,55.000,223,246,395,160,177,177,177,177,177,177,1,0,0,3,30,1
7.660000,213.23,30.345,18.180,354,407,72.000,72,72,18.000,39.000,55.000,221,246,394,160,177,177,177,177,177,177,1,0,0,3,30,1
7.665000,215.39,30.168,18.080,355,406,72.000,71,71,18.000,39.000,55.000,217,242,387,160,176,176,176,176,176,176,1,0,0,3,30,1
7.670000,217.55,29.938,17.970,355,405,72.000,71,71,18.000,39.000,55.000,216,241,386,160,176,176,176,176,176,176,1,0,0,3,30,1
7.675000,219.71,29.653,17.800,355,404,72.000,71,71,18.000,39.000,55.000,214,240,385,160,175,175,175,175,175,175,1,0,0,3,30,1
7.680000,221.87,29.312,17.590,355,403,72.000,71,71,18.000,39.000,55.000,211,240,384,160,175,175,175,175,175,175,1,0,0,3,30,1
7.685000,224.03,28.917,17.370,354,402,72.000,71,71,18.000,39.000,55.000,208,239,383,160,174,174,174,174,174,174,1,0,0,3,30,1
7.690000,226.19,28.466,17.100,352,401,72.000,71,71,18.000,39.000,55.000,205,238,382,160,174,174,174,174,174,174,1,0,0,3,30,1
7.695000,228.35,27.961,16.770,350,400,72.000,71,71,18.000,39.000,55.000,201,238,381,160,173,173,173,173,173,173,1,0,0,3,30,1
7.700000,230.51,27.403,16.440,347,399,72.000,71,71,18.000,39.000,55.000,197,237,380,160,173,173,173,173,173,173,1,0,0,3,30,1
7.705000,232.67,26.793,16.060,344,398,72.000,71,71,18.000,39.000,55.000,193,237,379,160,173,173,173,173,173,173,1,0,0,3,30,1
7.710000,234.83,26.133,15.680,341,397,72.000,71,71,18.000,39.000,55.000,188,236,378,160,172,172,172,172,172,172,1,0,0,3,30,1
7.715000,236.99,25.425,15.250,337,396,72.000,71,71,18.000,39.000,55.000,183,235,377,160,172,172,172,172,172,172,1,0,0,3,30,1
7.720000,239.15,24.672,14.810,332,395,72.000,71,71,18.000,39.000,55.000,178,235,376,160,171,171,171,171,171,171,1,0,0,3,30,1
7.725000,241.31,23.876,14.320,327,394,72.000,71,71,18.000,39.000,55.000,172,234,375,160,171,171,171,171,171,171,1,0,0,3,30,1
7.730000,243.47,23.041,13.830,321,392,72.000,71,71,18.000,39.000,55.000,166,233,372,160,170,170,170,170,170,170,1,0,0,3,30,1
7.735000,245.63,22.169,13.290,315,391,72.000,71,71,18.000,39.000,55.000,159,232,371,160,169,169,169,169,169,169,1,0,0,3,30,1
7.740000,247.79,21.266,12.740,308,389,72.000,71,71,18.000,39.000,55.000,153,231,369,160,168,168,168,168,168,168,1,0,0,3,30,1
7.745000,249.95,20.335,12.200,301,388,72.000,71,71,18.000,39.000,55.000,146,230,368,160,168,168,168,168,168,168,1,0,0,3,30,1
7.750000,252.11,19.380,11.600,294,386,72.000,71,71,18.000,39.000,55.000,139,229,366,160,167,167,167,167,167,167,1,0,0,3,30,1
7.755000,254.27,18.406,11.060,286,384,72.000,71,71,18.000,39.000,55.000,133,227,364,160,166,166,166,166,166,166,1,0,0,3,30,1
7.760000,256.43,17.418,10.460,277,382,72.000,71,71,18.000,39.000,55.000,125,226,362,160,165,165,165,165,165,165,1,0,0,3,30,1
7.765000,258.59,16.420,9.860,269,380,72.000,71,71,18.000,39.000,55.000,118,225,360,160,164,164,164,164,164,164,1,0,0,3,30,1
7.770000,260.75,15.417,9.260,260,378,72.000,71,71,18.000,39.000,55.000,111,223,358,160,163,163,163,163,163,163,1,0,0,3,30,1
7.775000,262.91,14.416,8.670,250,375,72.000,71,71,18.000,39.000,55.000,104,222,355,160,162,162,162,162,162,162,1,0,0,3,30,1
7.780000,265.07,13.421,8.070,241,373,72.000,71,71,18.000,39.000,55.000,97,220,353,160,161,161,161,161,161,161,1,0,0,3,30,1
7.785000,267.23,12.437,7.470,231,370,72.000,71,71,18.000,39.000,55.000,89,218,349,160,159,159,159,159,159,159,1,0,0,3,30,1
7.790000,269.39,11.470,6.870,221,367,72.000,71,71,18.000,39.000,55.000,82,216,346,160,158,158,158,158,158,158,1,0,0,3,30,1
7.795000,271.55,10.526,6.330,211,364,72.000,71,71,18.000,39.000,55.000,76,214,343,160,156,156,156,156,156,156,1,0,0,3,30,1
7.800000,273.71,9.609,5.750,201,361,72.000,71,71,18.000,39.000,55.000,69,212,340,160,155,155,155,155,155,155,1,0,0,3,30,1
7.805000,275.87,8.725,5.220,191,358,72.000,71,71,18.000,39.000,55.000,62,210,337,160,153,153,153,153,153,153,1,0,0,3,30,1
7.810000,278.03,7.880,4.730,180,355,72.000,71,71,18.000,39.000,55.000,56,208,334,160,152,152,152,152,152,152,1,0,0,3,30,1
7.815000,280.19,7.078,4.230,169,351,72.000,71,71,18.000,39.000,55.000,50,206,330,160,150,150,150,150,150,150,1,0,0,3,30,1
7.820000,282.35,6.324,3.780,158,347,72.000,71,71,18.000,39.000,55.000,45,203,325,160,148,148,148,148,148,148,1,0,0,3,30,1
7.825000,284.51,5.624,3.370,148,344,72.000,71,71,18.000,39.000,55.000,40,201,322,160,147,147,147,147,147,147,1,0,0,3,30,1
7.830000,286.67,4.982,3.000,137,340,72.000,71,71,18.000,39.000,55.000,36,199,318,160,145,145,145,145,145,145,1,0,0,3,30,1
7.835000,288.83,4.401,2.630,126,335,72.000,71,71,18.000,39.000,55.000,31,195,313,160,142,142,142,142,142,142,1,0,0,3,30,1
7.840000,290.99,3.887,2.340,116,331,72.000,71,71,18.000,39.000,55.000,28,193,309,160,140,140,140,140,140,140,1,0,0,3,30,1
7.845000,293.15,3.444,2.050,107,327,72.000,71,71,18.000,39.000,55.000,24,190,305,160,139,139,139,139,139,139,1,0,0,3,30,1
7.850000,295.31,3.074,1.850,97,323,72.000,71,71,18.000,39.000,55.000,22,187,300,160,137,137,137,137,137,137,1,0,0,3,30,1
7.855000,297.47,2.781,1.680,89,318,72.000,71,71,18.000,39.000,55.000,20,184,295,160,134,134,134,134,134,134,1,0,0,3,30,1
7.860000,299.63,2.567,1.520,81,313,72.000,71,71,18.000,39.000,55.000,18,181,290,160,132,132,132,132,132,132,1,0,0,3,30,1
7.865000,301.79,2.436,1.480,74,309,72.000,71,71,18.000,39.000,55.000,17,178,286,160,130,130,130,130,130,130,1,0,0,3,30,1
7.870000,303.95,2.390,1.440,67,304,72.000,71,71,18.000,39.000,55.000,17,175,280,160,128,128,128,128,128,128,1,0,0,3,30,1
7.875000,306.11,2.429,1.480,61,299,72.000,71,71,18.000,39.000,55.000,17,172,275,160,125,125,125,125,125,125,1,0,0,3,30,1
7.880000,308.27,2.556,1.520,57,295,72.000,71,71,18.000,39.000,55.000,18,169,271,160,123,123,123,123,123,123,1,0,0,3,30,1
7.885000,310.43,2.772,1.640,53,290,72.000,71,71,18.000,39.000,55.000,19,166,266,160,121,121,121,121,121,121,1,0,0,3,30,1
7.890000,312.59,3.076,1.850,50,285,72.000,71,71,18.000,39.000,55.000,22,163,260,160,119,119,119,119,119,119,1,0,0,3,30,1
7.895000,314.75,3.469,2.100,49,281,72.000,71,71,18.000,39.000,55.000,25,160,256,160,117,117,117,117,117,117,1,0,0,3,30,1
7.900000,316.91,3.951,2.380,48,276,72.000,71,71,18.000,39.000,55.000,28,157,251,160,114,114,114,114,114,114,1,0,0,3,30,1
7.905000,319.07,4.520,2.710,49,272,72.000,71,71,18.000,39.000,55.000,32,154,247,160,112,112,112,112,112,112,1,0,0,3,30,1
7.910000,321.23,5.176,3.080,50,267,72.000,71,71,18.000,39.000,55.000,37,151,242,160,110,110,110,110,110,110,1,0,0,3,30,1
7.915000,323.39,5.917,3.530,53,263,72.000,71,71,18.000,39.000,55.000,42,148,237,160,108,108,108,108,108,108,1,0,0,3,30,1
7.920000,325.55,6.740,4.030,57,259,72.000,71,71,18.000,39.000,55.000,48,146,233,160,106,106,106,106,106,106,1,0,0,3,30,1
7.925000,327.71,7.644,4.600,62,255,72.000,71,71,18.000,39.000,55.000,55,143,229,160,104,104,104,104,104,104,1,0,0,3,30,1
7.930000,329.87,8.626,5.180,68,251,72.000,71,71,18.000,39.000,55.000,62,140,225,160,102,102,102,102,102,102,1,0,0,3,30,1
7.935000,332.03,9.681,5.790,76,248,72.000,71,71,18.000,39.000,55.000,69,138,222,160,101,101,101,101,101,101,1,0,0,3,30,1
7.940000,334.19,10.807,6.490,84,245,72.000,72,72,18.000,39.000,55.000,79,138,222,160,99,99,99,99,99,99,1,0,0,3,30,1
7.945000,336.35,12.000,7.200,93,241,72.000,72,72,18.000,39.000,55.000,87,136,217,160,98,98,98,98,98,98,1,0,0,3,30,1
7.950000,338.51,13.254,7.960,103,239,72.000,72,72,18.000,39.000,55.000,97,134,215,160,97,97,97,97,97,97,1,0,0,3,30,1
7.955000,340.67,14.567,8.720,113,236,72.000,72,72,18.000,39.000,55.000,106,132,212,160,95,95,95,95,95,95,1,0,0,3,30,1
7.960000,342.83,15.932,9.540,124,234,72.000,72,72,18.000,39.000,55.000,116,131,210,160,94,94,94,94,94,94,1,0,0,3,30,1
7.965000,344.99,17.344,10.410,135,232,72.000,72,72,18.000,39.000,55.000,126,130,208,160,93,93,93,93,93,93,1,0,0,3,30,1
7.970000,347.15,18.798,11.280,147,230,72.000,72,72,18.000,39.000,55.000,137,128,206,160,92,92,92,92,92,92,1,0,0,3,30,1
7.975000,349.31,20.289,12.150,160,229,72.000,71,71,18.000,39.000,55.000,146,126,202,160,92,92,92,92,92,92,1,0,0,3,30,1
7.980000,351.47,21.810,13.070,173,227,72.000,71,71,18.000,39.000,55.000,157,125,200,160,91,91,91,91,91,91,1,0,0,3,30,1
7.985000,353.63,23.356,14.000,187,227,72.000,71,71,18.000,39.000,55.000,168,125,200,160,91,91,91,91,91,91,1,0,0,3,30,1
7.990000,355.79,24.920,14.970,201,226,72.000,71,71,18.000,39.000,55.000,180,124,199,160,90,90,90,90,90,90,1,0,0,3,30,1
7.995000,357.95,26.497,15.900,215,226,72.000,71,71,18.000,39.000,55.000,191,124,199,160,90,90,90,90,90,90,1,0,0,3,30,1
8.000000,0.00,0.000,0.000,228,226,0.000,71,71,18.000,39.000,55.000,0,124,199,160,90,90,90,90,90,90,1,0,0,3,30,0
8.005000,0.00,0.000,0.000,197,225,0.000,71,71,18.000,39.000,55.000,0,123,198,160,90,90,90,90,90,90,1,0,0,3,30,0
8.010000,0.00,0.000,0.000,171,225,0.000,71,71,18.000,39.000,55.000,0,123,198,160,90,90,90,90,90,90,1,0,0,3,30,0
8.015000,0.00,0.000,0.000,148,223,0.000,71,71,18.000,39.000,55.000,0,122,196,160,89,89,89,89,89,89,1,0,0,3,30,0
8.020000,0.00,0.000,0.000,129,222,0.000,71,71,18.000,39.000,55.000,0,121,194,160,88,88,88,88,88,88,1,0,0,3,30,0
8.025000,0.00,0.000,0.000,111,220,0.000,71,71,18.000,39.000,55.000,0,120,193,160,88,88,88,88,88,88,1,0,0,3,30,0
8.030000,0.00,0.000,0.000,97,217,0.000,71,71,18.000,39.000,55.000,0,118,189,160,86,86,86,86,86,86,1,0,0,3,30,0
8.035000,0.00,0.000,0.000,84,215,0.000,71,71,18.000,39.000,55.000,0,117,187,160,85,85,85,85,85,85,1,0,0,3,30,0
8.040000,0.00,0.000,0.000,73,212,0.000,71,71,18.000,39.000,55.000,0,115,184,160,84,84,84,84,84,84,1,0,0,3,30,0
8.045000,0.00,0.000,0.000,63,209,0.000,71,71,18.000,39.000,55.000,0,113,181,160,82,82,82,82,82,82,1,0,0,3,30,0
8.050000,0.00,0.000,0.000,55,206,0.000,71,71,18.000,39.000,55.000,0,111,178,160,81,81,81,81,81,81,1,0,0,3,30,0
8.055000,0.00,0.000,0.000,47,203,0.000,71,71,18.000,39.000,55.000,0,109,175,160,79,79,79,79,79,79,1,0,0,3,30,0
8.060000,0.00,0.000,0.000,41,200,0.000,71,71,18.000,39.000,55.000,0,107,172,160,78,78,78,78,78,78,1,0,0,3,30,0
8.065000,0.00,0.000,0.000,36,197,0.000,71,71,18.000,39.000,55.000,0,105,168,160,76,76,76,76,76,76,1,0,0,3,30,0
8.070000,0.00,0.000,0.000,31,194,0.000,71,71,18.000,39.000,55.000,0,103,165,160,75,75,75,75,75,75,1,0,0,3,30,0
8.075000,0.00,0.000,0.000,27,191,0.000,71,71,18.000,39.000,55.000,0,101,162,160,74,74,74,74,74,74,1,0,0,3,30,0
8.080000,0.00,0.000,0.000,23,187,0.000,71,71,18.000,39.000,55.000,0,98,158,160,72,72,72,72,72,72,1,0,0,3,30,0
8.085000,0.00,0.000,0.000,20,184,0.000,71,71,18.000,39.000,55.000,0,97,155,160,70,70,70,70,70,70,1,0,0,3,30,0
8.090000,0.00,0.000,0.000,18,181,0.000,71,71,18.000,39.000,55.000,0,95,152,160,69,69,69,69,69,69,1,0,0,3,30,0
8.095000,0.00,0.000,0.000,15,178,0.000,71,71,18.000,39.000,55.000,0,93,148,160,67,67,67,67,67,67,1,0,0,3,30,0
8.100000,0.00,0.000,0.000,13,174,0.000,71,71,18.000,39.000,55.000,0,90,144,160,66,66,66,66,66,66,1,0,0,3,30,0
8.105000,0.00,0.000,0.000,11,171,0.000,71,71,18.000,39.000,55.000,0,88,141,160,64,64,64,64,64,64,1,0,0,3,30,0
8.110000,0.00,0.000,0.000,10,168,0.000,71,71,18.000,39.000,55.000,0,86,138,160,63,63,63,63,63,63,1,0,0,3,30,0
8.115000,0.00,0.000,0.000,9,165,0.000,71,71,18.000,39.000,55.000,0,84,135,160,61,61,61,61,61,61,1,0,0,3,30,0
8.120000,0.00,0.000,0.000,8,162,0.000,71,71,18.000,39.000,55.000,0,82,132,160,60,60,60,60,60,60,1,0,0,3,30,0
8.125000,0.00,0.000,0.000,7,159,0.000,71,71,18.000,39.000,55.000,0,80,129,160,58,58,58,58,58,58,1,0,0,3,30,0
8.130000,0.00,0.000,0.000,6,156,0.000,71,71,18.000,39.000,55.000,0,78,125,160,57,57,57,57,57,57,1,0,0,3,30,0
8.135000,0.00,0.000,0.000,5,153,0.000,71,71,18.000,39.000,55.000,0,76,122,160,56,56,56,56,56,56,1,0,0,3,30,0
8.140000,0.00,0.000,0.000,4,150,0.000,71,71,18.000,39.000,55.000,0,74,119,160,54,54,54,54,54,54,1,0,0,3,30,0
8.145000,0.00,0.000,0.000,4,147,0.000,71,71,18.000,39.000,55.000,0,72,116,160,53,53,53,53,53,53,1,0,0,3,30,0
8.150000,0.00,0.000,0.000,3,144,0.000,71,71,18.000,39.000,55.000,0,71,113,160,51,51,51,51,51,51,1,0,0,3,30,0
8.155000,0.00,0.000,0.000,3,142,0.000,71,71,18.000,39.000,55.000,0,70,112,160,51,51,51,51,51,51,1,0,0,3,30,0
8.160000,0.00,0.000,0.000,3,139,0.000,71,71,18.000,39.000,55.000,0,68,109,160,50,50,50,50,50,50,1,0,0,3,30,0
8.165000,0.00,0.000,0.000,2,136,0.000,71,71,18.000,39.000,55.000,0,67,107,160,49,49,49,49,49,49,1,0,0,3,30,0
8.170000,0.00,0.000,0.000,2,134,0.000,71,71,18.000,39.000,55.000,0,66,106,160,48,48,48,48,48,48,1,0,0,3,30,0
8.175000,0.00,0.000,0.000,2,131,0.000,71,71,18.000,39.000,55.000,0,64,103,160,47,47,47,47,47,47,1,0,0,3,30,0
8.180000,0.00,0.000,0.000,2,129,0.000,71,71,18.000,39.000,55.000,0,63,101,160,46,46,46,46,46,46,1,0,0,3,30,0
8.185000,0.00,0.000,0.000,1,126,0.000,71,71,18.000,39.000,55.000,0,62,99,160,45,45,45,45,45,45,1,0,0,3,30,0
8.190000,0.00,0.000,0.000,1,124,0.000,71,71,18.000,39.000,55.000,0,61,98,160,44,44,44,44,44,44,1,0,0,3,30,0
8.195000,0.00,0.000,0.000,1,121,0.000,71,71,18.000,39.000,55.000,0,59,95,160,43,43,43,43,43,43,1,0,0,3,30,0
8.200000,0.00,0.000,0.000,1,119,0.000,0,0,18.000,39.000,55.000,0,0,0,0,0,0,0,0,0,0,2,144,0,3,70,0
8.205000,0.00,0.000,0.000,1,117,0.000,0,0,18.000,39.000,55.000,0,0,0,0,0,0,0,0,0,0,2,144,0,3,70,0
8.210000,0.00,0.000,0.000,1,114,0.000,0,0,18.000,39.000,55.000,0,0,0,0,0,0,0,0,0,0,2,144,0,3,70,0
8.215000,0.00,0.000,0.000,1,112,0.000,0,0,18.000,39.000,55.000,0,0,0,0,0,0,0,0,0,0,2,144,0,3,70,0
8.220000,0.00,0.000,0.000,1,110,0.000,0,0,18.000,39.000,55.000,0,0,0,0,0,0,0,0,0,0,2,144,0,3,70,0
8.225000,0.00,0.000,0.000,1,108,0.000,0,0,18.000,39.000,55.000,0,0,0,0,0,0,0,0,0,0,2,144,0,3,70,0
8.230000,0.00,0.000,0.000,1,106,0.000,0,0,18.000,39.000,55.000,0,0,0,0,0,0,0,0,0,0,2,144,0,3,70,0
8.235000,0.00,0.000,0.000,0,104,0.000,0,0,18.000,39.000,55.000,0,0,0,0,0,0,0,0,0,0,2,144,0,3,70,0
8.240000,0.00,0.000,0.000,0,102,0.000,0,0,18.000,39.000,55.000,0,0,0,0,0,0,0,0,0,0,2,144,0,3,70,0
8.245000,0.00,0.000,0.000,0,100,0.000,0,0,18.000,39.000,55.000,0,0,0,0,0,0,0,0,0,0,2,144,0,3,70,0
8.250000,0.00,0.000,0.000,0,98,0.000,0,0,18.000,39.000,55.000,0,0,0,0,0,0,0,0,0,0,2,144,0,3,70,0
8.255000,0.00,0.000,0.000,0,96,0.000,0,0,18.000,39.000,55.000,0,0,0,0,0,0,0,0,0,0,2,144,0,3,70,0
8.260000,0.00,0.000,0.000,0,94,0.000,0,0,18.000,39.000,55.000,0,0,0,0,0,0,0,0,0,0,2,144,0,3,70,0
8.265000,0.00,0.000,0.000,0,92,0.000,0,0,18.000,39.000,55.000,0,0,0,0,0,0,0,0,0,0,2,144,0,3,70,0
8.270000,0.00,0.000,0.000,0,90,0.000,0,0,18.000,39.000,55.000,0,0,0,0,0,0,0,0,0,0,2,144,0,3,70,0
8.275000,0.00,0.000,0.000,0,89,0.000,0,0,18.000,39.000,55.000,0,0,0,0,0,0,0,0,0,0,2,144,0,3,70,0
8.280000,0.00,0.000,0.000,0,87,0.000,0,0,18.000,39.000,55.000,0,0,0,0,0,0,0,0,0,0,2,144,0,3,70,0
8.285000,0.00,0.000,0.000,0,85,0.000,0,0,18.000,39.000,55.000,0,0,0,0,0,0,0,0,0,0,2,144,0,3,70,0
8.290000,0.00,0.000,0.000,0,84,0.000,0,0,18.000,39.000,55.000,0,0,0,0,0,0,0,0,0,0,2,144,0,3,70,0
8.295000,0.00,0.000,0.000,0,82,0.000,0,0,18.000,39.000,55.000,0,0,0,0,0,0,0,0,0,0,2,144,0,3,70,0
8.300000,0.00,0.000,0.000,0,80,0.000,0,0,18.000,39.000,55.000,0,0,0,0,0,0,0,0,0,0,2,144,0,3,70,0
8.305000,0.00,0.000,0.000,0,79,0.000,0,0,18.000,39.000,55.000,0,0,0,0,0,0,0,0,0,0,2,144,0,3,70,0
8.310000,0.00,0.000,0.000,0,77,0.000,0,0,18.000,39.000,55.000,0,0,0,0,0,0,0,0,0,0,2,144,0,3,70,0
8.315000,0.00,0.000,0.000,0,76,0.000,0,0,18.000,39.000,55.000,0,0,0,0,0,0,0,0,0,0,2,144,0,3,70,0
8.320000,0.00,0.000,0.000,0,74,0.000,0,0,18.000,39.000,55.000,0,0,0,0,0,0,0,0,0,0,2,144,0,3,70,0
8.325000,0.00,0.000,0.000,0,73,0.000,0,0,18.000,39.000,55.000,0,0,0,0,0,0,0,0,0,0,2,144,0,3,70,0
8.330000,0.00,0.000,0.000,0,72,0.000,0,0,18.000,39.000,55.000,0,0,0,0,0,0,0,0,0,0,2,144,0,3,70,0
8.335000,0.00,0.000,0.000,0,70,0.000,0,0,18.000,39.000,55.000,0,0,0,0,0,0,0,0,0,0,2,144,0,3,70,0
8.340000,0.00,0.000,0.000,0,69,0.000,0,0,18.000,39.000,55.000,0,0,0,0,0,0,0,0,0,0,2,144,0,3,70,0
8.345000,0.00,0.000,0.000,0,68,0.000,0,0,18.000,39.000,55.000,0,0,0,0,0,0,0,0,0,0,2,144,0,3,70,0
8.350000,0.00,0.000,0.000,0,66,0.000,0,0,18.000,39.000,55.000,0,0,0,0,0,0,0,0,0,0,2,144,0,3,70,0
8.355000,0.00,0.000,0.000,0,65,0.000,0,0,18.000,39.000,55.000,0,0,0,0,0,0,0,0,0,0,2,144,0,3,70,0
8.360000,0.00,0.000,0.000,0,64,0.000,0,0,18.000,39.000,55.000,0,0,0,0,0,0,0,0,0,0,2,144,0,3,70,0
8.365000,0.00,0.000,0.000,0,62,0.000,0,0,18.000,39.000,55.000,0,0,0,0,0,0,0,0,0,0,2,144,0,3,70,0
8.370000,0.00,0.000,0.000,0,61,0.000,0,0,18.000,39.000,55.000,0,0,0,0,0,0,0,0,0,0,2,144,0,3,70,0
8.375000,0.00,0.000,0.000,0,60,0.000,0,0,18.000,39.000,55.000,0,0,0,0,0,0,0,0,0,0,2,144,0,3,70,0
8.380000,0.00,0.000,0.000,0,59,0.000,0,0,18.000,39.000,55.000,0,0,0,0,0,0,0,0,0,0,2,144,0,3,70,0
8.385000,0.00,0.000,0.000,0,58,0.000,0,0,18.000,39.000,55.000,0,0,0,0,0,0,0,0,0,0,2,144,0,3,70,0
8.390000,0.00,0.000,0.000,0,57,0.000,0,0,18.000,39.000,55.000,0,0,0,0,0,0,0,0,0,0,2,144,0,3,70,0
8.395000,0.00,0.000,0.000,0,56,0.000,0,0,18.000,39.000,55.000,0,0,0,0,0,0,0,0,0,0,2,144,0,3,70,0
8.400000,0.00,0.000,0.000,0,55,0.000,0,0,18.000,39.000,55.000,0,0,0,0,0,0,0,0,0,0,2,144,0,3,70,0
8.405000,0.00,0.000,0.000,0,54,0.000,0,0,18.000,39.000,55.000,0,0,0,0,0,0,0,0,0,0,2,144,0,3,70,0
8.410000,0.00,0.000,0.000,0,53,0.000,0,0,18.000,39.000,55.000,0,0,0,0,0,0,0,0,0,0,2,144,0,3,70,0
8.415000,0.00,0.000,0.000,0,52,0.000,0,0,18.000,39.000,55.000,0,0,0,0,0,0,0,0,0,0,2,144,0,3,70,0
8.420000,0.00,0.000,0.000,0,51,0.000,0,0,18.000,39.000,55.000,0,0,0,0,0,0,0,0,0,0,2,144,0,3,70,0
8.425000,0.00,0.000,0.000,0,50,0.000,0,0,18.000,39.000,55.000,0,0,0,0,0,0,0,0,0,0,2,144,0,3,70,0
8.430000,0.00,0.000,0.000,0,49,0.000,0,0,18.000,39.000,55.000,0,0,0,0,0,0,0,0,0,0,2,144,0,3,70,0
8.435000,0.00,0.000,0.000,0,48,0.000,0,0,18.000,39.000,55.000,0,0,0,0,0,0,0,0,0,0,2,144,0,3,70,0
8.440000,0.00,0.000,0.000,0,47,0.000,0,0,18.000,39.000,55.000,0,0,0,0,0,0,0,0,0,0,2,144,0,3,70,0
8.445000,0.00,0.000,0.000,0,46,0.000,0,0,18.000,39.000,55.000,0,0,0,0,0,0,0,0,0,0,2,144,0,3,70,0
8.450000,0.00,0.000,0.000,0,45,0.000,0,0,18.000,39.000,55.000,0,0,0,0,0,0,0,0,0,0,2,144,0,3,70,0
8.455000,0.00,0.000,0.000,0,44,0.000,0,0,18.000,39.000,55.000,0,0,0,0,0,0,0,0,0,0,2,144,0,3,70,0
8.460000,0.00,0.000,0.000,0,43,0.000,0,0,18.000,39.000,55.000,0,0,0,0,0,0,0,0,0,0,2,144,0,3,70,0
8.465000,0.00,0.000,0.000,0,43,0.000,0,0,18.000,39.000,55.000,0,0,0,0,0,0,0,0,0,0,2,144,0,3,70,0
8.470000,0.00,0.000,0.000,0,42,0.000,0,0,18.000,39.000,55.000,0,0,0,0,0,0,0,0,0,0,2,144,0,3,70,0
8.475000,0.00,0.000,0.000,0,41,0.000,0,0,18.000,39.000,55.000,0,0,0,0,0,0,0,0,0,0,2,144,0,3,70,0
8.480000,0.00,0.000,0.000,0,40,0.000,0,0,18.000,39.000,55.000,0,0,0,0,0,0,0,0,0,0,2,144,0,3,70,0
8.485000,0.00,0.000,0.000,0,39,0.000,0,0,18.000,39.000,55.000,0,0,0,0,0,0,0,0,0,0,2,144,0,3,70,0
8.490000,0.00,0.000,0.000,0,39,0.000,0,0,18.000,39.000,55.000,0,0,0,0,0,0,0,0,0,0,2,144,0,3,70,0
8.495000,0.00,0.000,0.000,0,38,0.000,0,0,18.000,39.000,55.000,0,0,0,0,0,0,0,0,0,0,2,144,0,3,70,0
8.500000,0.00,0.000,0.000,0,37,0.000,0,0,18.000,39.000,55.000,0,0,0,0,0,0,0,0,0,0,2,144,0,3,70,0
8.505000,0.00,0.000,0.000,0,37,0.000,0,0,18.000,39.000,55.000,0,0,0,0,0,0,0,0,0,0,2,144,0,3,70,0
8.510000,0.00,0.000,0.000,0,36,0.000,0,0,18.000,39.000,55.000,0,0,0,0,0,0,0,0,0,0,2,144,0,3,70,0
8.515000,0.00,0.000,0.000,0,35,0.000,0,0,18.000,39.000,55.000,0,0,0,0,0,0,0,0,0,0,2,144,0,3,70,0
8.520000,0.00,0.000,0.000,0,35,0.000,0,0,18.000,39.000,55.000,0,0,0,0,0,0,0,0,0,0,2,144,0,3,70,0
8.525000,0.00,0.000,0.000,0,34,0.000,0,0,18.000,39.000,55.000,0,0,0,0,0,0,0,0,0,0,2,144,0,3,70,0
8.530000,0.00,0.000,0.000,0,33,0.000,0,0,18.000,39.000,55.000,0,0,0,0,0,0,0,0,0,0,2,144,0,3,70,0
8.535000,0.00,0.000,0.000,0,33,0.000,0,0,18.000,39.000,55.000,0,0,0,0,0,0,0,0,0,0,2,144,0,3,70,0
8.540000,0.00,0.000,0.000,0,32,0.000,0,0,18.000,39.000,55.000,0,0,0,0,0,0,0,0,0,0,2,144,0,3,70,0
8.545000,0.00,0.000,0.000,0,31,0.000,0,0,18.000,39.000,55.000,0,0,0,0,0,0,0,0,0,0,2,144,0,3,70,0
8.550000,0.00,0.000,0.000,0,31,0.000,0,0,18.000,39.000,55.000,0,0,0,0,0,0,0,0,0,0,2,144,0,3,70,0
8.555000,0.00,0.000,0.000,0,30,0.000,0,0,18.000,39.000,55.000,0,0,0,0,0,0,0,0,0,0,2,144,0,3,70,0
8.560000,0.00,0.000,0.000,0,30,0.000,0,0,18.000,39.000,55.000,0,0,0,0,0,0,0,0,0,0,2,144,0,3,70,0
8.565000,0.00,0.000,0.000,0,29,0.000,0,0,18.000,39.000,55.000,0,0,0,0,0,0,0,0,0,0,2,144,0,3,70,0
8.570000,0.00,0.000,0.000,0,29,0.000,0,0,18.000,39.000,55.000,0,0,0,0,0,0,0,0,0,0,2,144,0,3,70,0
8.575000,0.00,0.000,0.000,0,28,0.000,0,0,18.000,39.000,55.000,0,0,0,0,0,0,0,0,0,0,2,144,0,3,70,0
8.580000,0.00,0.000,0.000,0,28,0.000,0,0,18.000,39.000,55.000,0,0,0,0,0,0,0,0,0,0,2,144,0,3,70,0
8.585000,0.00,0.000,0.000,0,27,0.000,0,0,18.000,39.000,55.000,0,0,0,0,0,0,0,0,0,0,2,144,0,3,70,0
8.590000,0.00,0.000,0.000,0,27,0.000,0,0,18.000,39.000,55.000,0,0,0,0,0,0,0,0,0,0,2,144,0,3,70,0
8.595000,0.00,0.000,0.000,0,26,0.000,0,0,18.000,39.000,55.000,0,0,0,0,0,0,0,0,0,0,2,144,0,3,70,0
8.600000,0.00,0.000,0.000,0,26,0.000,0,0,18.000,39.000,55.000,0,0,0,0,0,0,0,0,0,0,2,144,0,3,70,0
8.605000,0.00,0.000,0.000,0,25,0.000,0,0,18.000,39.000,55.000,0,0,0,0,0,0,0,0,0,0,2,144,0,3,70,0
8.610000,0.00,0.000,0.000,0,25,0.000,0,0,18.000,39.000,55.000,0,0,0,0,0,0,0,0,0,0,2,144,0,3,70,0
8.615000,0.00,0.000,0.000,0,24,0.000,0,0,18.000,39.000,55.000,0,0,0,0,0,0,0,0,0,0,2,144,0,3,70,0
8.620000,0.00,0.000,0.000,0,24,0.000,0,0,18.000,39.000,55.000,0,0,0,0,0,0,0,0,0,0,2,144,0,3,70,0
8.625000,0.00,0.000,0.000,0,23,0.000,0,0,18.000,39.000,55.000,0,0,0,0,0,0,0,0,0,0,2,144,0,3,70,0
8.630000,0.00,0.000,0.000,0,23,0.000,0,0,18.000,39.000,55.000,0,0,0,0,0,0,0,0,0,0,2,144,0,3,70,0
8.635000,0.00,0.000,0.000,0,23,0.000,0,0,18.000,39.000,55.000,0,0,0,0,0,0,0,0,0,0,2,144,0,3,70,0
8.640000,0.00,0.000,0.000,0,22,0.000,0,0,18.000,39.000,55.000,0,0,0,0,0,0,0,0,0,0,2,144,0,3,70,0
8.645000,0.00,0.000,0.000,0,22,0.000,0,0,18.000,39.000,55.000,0,0,0,0,0,0,0,0,0,0,2,144,0,3,70,0
8.650000,0.00,0.000,0.000,0,21,0.000,0,0,18.000,39.000,55.000,0,0,0,0,0,0,0,0,0,0,2,144,0,3,70,0
8.655000,0.00,0.000,0.000,0,21,0.000,0,0,18.000,39.000,55.000,0,0,0,0,0,0,0,0,0,0,2,144,0,3,70,0
8.660000,0.00,0.000,0.000,0,21,0.000,0,0,18.000,39.000,55.000,0,0,0,0,0,0,0,0,0,0,2,144,0,3,70,0
8.665000,0.00,0.000,0.000,0,20,0.000,0,0,18.000,39.000,55.000,0,0,0,0,0,0,0,0,0,0,2,144,0,3,70,0
8.670000,0.00,0.000,0.000,0,20,0.000,0,0,18.000,39.000,55.000,0,0,0,0,0,0,0,0,0,0,2,144,0,3,70,0
8.675000,0.00,0.000,0.000,0,19,0.000,0,0,18.000,39.000,55.000,0,0,0,0,0,0,0,0,0,0,2,144,0,3,70,0
8.680000,0.00,0.000,0.000,0,19,0.000,0,0,18.000,39.000,55.000,0,0,0,0,0,0,0,0,0,0,2,144,0,3,70,0
8.685000,0.00,0.000,0.000,0,19,0.000,0,0,18.000,39.000,55.000,0,0,0,0,0,0,0,0,0,0,2,144,0,3,70,0
8.690000,0.00,0.000,0.000,0,18,0.000,0,0,18.000,39.000,55.000,0,0,0,0,0,0,0,0,0,0,2,144,0,3,70,0
8.695000,0.00,0.000,0.000,0,18,0.000,0,0,18.000,39.000,55.000,0,0,0,0,0,0,0,0,0,0,2,144,0,3,70,0
8.700000,0.00,0.000,0.000,0,18,0.000,0,0,18.000,39.000,55.000,0,0,0,0,0,0,0,0,0,0,2,144,0,3,70,0
8.705000,0.00,0.000,0.000,0,18,0.000,0,0,18.000,39.000,55.000,0,0,0,0,0,0,0,0,0,0,2,144,0,3,70,0
8.710000,0.00,0.000,0.000,0,17,0.000,0,0,18.000,39.000,55.000,0,0,0,0,0,0,0,0,0,0,2,144,0,3,70,0
8.715000,0.00,0.000,0.000,0,17,0.000,0,0,18.000,39.000,55.000,0,0,0,0,0,0,0,0,0,0,2,144,0,3,70,0
8.720000,0.00,0.000,0.000,0,17,0.000,0,0,18.000,39.000,55.000,0,0,0,0,0,0,0,0,0,0,2,144,0,3,70,0
8.725000,0.00,0.000,0.000,0,16,0.000,0,0,18.000,39.000,55.000,0,0,0,0,0,0,0,0,0,0,2,144,0,3,70,0
8.730000,0.00,0.000,0.000,0,16,0.000,0,0,18.000,39.000,55.000,0,0,0,0,0,0,0,0,0,0,2,144,0,3,70,0
8.735000,0.00,0.000,0.000,0,16,0.000,0,0,18.000,39.000,55.000,0,0,0,0,0,0,0,0,0,0,2,144,0,3,70,0
8.740000,0.00,0.000,0.000,0,15,0.000,0,0,18.000,39.000,55.000,0,0,0,0,0,0,0,0,0,0,2,144,0,3,70,0
8.745000,0.00,0.000,0.000,0,15,0.000,0,0,18.000,39.000,55.000,0,0,0,0,0,0,0,0,0,0,2,144,0,3,70,0
8.750000,0.00,0.000,0.000,0,15,0.000,0,0,18.000,39.000,55.000,0,0,0,0,0,0,0,0,0,0,2,144,0,3,70,0
8.755000,0.00,0.000,0.000,0,15,0.000,0,0,18.000,39.000,55.000,0,0,0,0,0,0,0,0,0,0,2,144,0,3,70,0
8.760000,0.00,0.000,0.000,0,14,0.000,0,0,18.000,39.000,55.000,0,0,0,0,0,0,0,0,0,0,2,144,0,3,70,0
8.765000,0.00,0.000,0.000,0,14,0.000,0,0,18.000,39.000,55.000,0,0,0,0,0,0,0,0,0,0,2,144,0,3,70,0
8.770000,0.00,0.000,0.000,0,14,0.000,0,0,18.000,39.000,55.000,0,0,0,0,0,0,0,0,0,0,2,144,0,3,70,0
8.775000,0.00,0.000,0.000,0,14,0.000,0,0,18.000,39.000,55.000,0,0,0,0,0,0,0,0,0,0,2,144,0,3,70,0
8.780000,0.00,0.000,0.000,0,14,0.000,0,0,18.000,39.000,55.000,0,0,0,0,0,0,0,0,0,0,2,144,0,3,70,0
8.785000,0.00,0.000,0.000,0,13,0.000,0,0,18.000,39.000,55.000,0,0,0,0,0,0,0,0,0,0,2,144,0,3,70,0
8.790000,0.00,0.000,0.000,0,13,0.000,0,0,18.000,39.000,55.000,0,0,0,0,0,0,0,0,0,0,2,144,0,3,70,0
8.795000,0.00,0.000,0.000,0,13,0.000,0,0,18.000,39.000,55.000,0,0,0,0,0,0,0,0,0,0,2,144,0,3,70,0
8.800000,0.00,0.000,0.000,0,13,0.000,0,0,18.000,39.000,55.000,0,0,0,0,0,0,0,0,0,0,2,144,0,3,70,0
8.805000,0.00,0.000,0.000,0,12,0.000,0,0,18.000,39.000,55.000,0,0,0,0,0,0,0,0,0,0,2,144,0,3,70,0
8.810000,0.00,0.000,0.000,0,12,0.000,0,0,18.000,39.000,55.000,0,0,0,0,0,0,0,0,0,0,2,144,0,3,70,0
8.815000,0.00,0.000,0.000,0,12,0.000,0,0,18.000,39.000,55.000,0,0,0,0,0,0,0,0,0,0,2,144,0,3,70,0
8.820000,0.00,0.000,0.000,0,12,0.000,0,0,18.000,39.000,55.000,0,0,0,0,0,0,0,0,0,0,2,144,0,3,70,0
8.825000,0.00,0.000,0.000,0,12,0.000,0,0,18.000,39.000,55.000,0,0,0,0,0,0,0,0,0,0,2,144,0,3,70,0
8.830000,0.00,0.000,0.000,0,11,0.000,0,0,18.000,39.000,55.000,0,0,0,0,0,0,0,0,0,0,2,144,0,3,70,0
8.835000,0.00,0.000,0.000,0,11,0.000,0,0,18.000,39.000,55.000,0,0,0,0,0,0,0,0,0,0,2,144,0,3,70,0
8.840000,0.00,0.000,0.000,0,11,0.000,0,0,18.000,39.000,55.000,0,0,0,0,0,0,0,0,0,0,2,144,0,3,70,0
8.845000,0.00,0.000,0.000,0,11,0.000,0,0,18.000,39.000,55.000,0,0,0,0,0,0,0,0,0,0,2,144,0,3,70,0
8.850000,0.00,0.000,0.000,0,11,0.000,0,0,18.000,39.000,55.000,0,0,0,0,0,0,0,0,0,0,2,144,0,3,70,0
8.855000,0.00,0.000,0.000,0,11,0.000,0,0,18.000,39.000,55.000,0,0,0,0,0,0,0,0,0,0,2,144,0,3,70,0
8.860000,0.00,0.000,0.000,0,10,0.000,0,0,18.000,39.000,55.000,0,0,0,0,0,0,0,0,0,0,2,144,0,3,70,0
8.865000,0.00,0.000,0.000,0,10,0.000,0,0,18.000,39.000,55.000,0,0,0,0,0,0,0,0,0,0,2,144,0,3,70,0
8.870000,0.00,0.000,0.000,0,10,0.000,0,0,18.000,39.000,55.000,0,0,0,0,0,0,0,0,0,0,2,144,0,3,70,0
8.875000,0.00,0.000,0.000,0,10,0.000,0,0,18.000,39.000,55.000,0,0,0,0,0,0,0,0,0,0,2,144,0,3,70,0
8.880000,0.00,0.000,0.000,0,10,0.000,0,0,18.000,39.000,55.000,0,0,0,0,0,0,0,0,0,0,2,144,0,3,70,0
8.885000,0.00,0.000,0.000,0,10,0.000,0,0,18.000,39.000,55.000,0,0,0,0,0,0,0,0,0,0,2,144,0,3,70,0
8.890000,0.00,0.000,0.000,0,10,0.000,0,0,18.000,39.000,55.000,0,0,0,0,0,0,0,0,0,0,2,144,0,3,70,0
8.895000,0.00,0.000,0.000,0,9,0.000,0,0,18.000,39.000,55.000,0,0,0,0,0,0,0,0,0,0,2,144,0,3,70,0
8.900000,0.00,0.000,0.000,0,9,0.000,0,0,18.000,39.000,55.000,0,0,0,0,0,0,0,0,0,0,2,144,0,3,70,0
8.905000,0.00,0.000,0.000,0,9,0.000,0,0,18.000,39.000,55.000,0,0,0,0,0,0,0,0,0,0,2,144,0,3,70,0
8.910000,0.00,0.000,0.000,0,9,0.000,0,0,18.000,39.000,55.000,0,0,0,0,0,0,0,0,0,0,2,144,0,3,70,0
8.915000,0.00,0.000,0.000,0,9,0.000,0,0,18.000,39.000,55.000,0,0,0,0,0,0,0,0,0,0,2,144,0,3,70,0
8.920000,0.00,0.000,0.000,0,9,0.000,0,0,18.000,39.000,55.000,0,0,0,0,0,0,0,0,0,0,2,144,0,3,70,0
8.925000,0.00,0.000,0.000,0,8,0.000,0,0,18.000,39.000,55.000,0,0,0,0,0,0,0,0,0,0,2,144,0,3,70,0
8.930000,0.00,0.000,0.000,0,8,0.000,0,0,18.000,39.000,55.000,0,0,0,0,0,0,0,0,0,0,2,144,0,3,70,0
8.935000,0.00,0.000,0.000,0,8,0.000,0,0,18.000,39.000,55.000,0,0,0,0,0,0,0,0,0,0,2,144,0,3,70,0
8.940000,0.00,0.000,0.000,0,8,0.000,0,0,18.000,39.000,55.000,0,0,0,0,0,0,0,0,0,0,2,144,0,3,70,0
8.945000,0.00,0.000,0.000,0,8,0.000,0,0,18.000,39.000,55.000,0,0,0,0,0,0,0,0,0,0,2,144,0,3,70,0
8.950000,0.00,0.000,0.000,0,8,0.000,0,0,18.000,39.000,55.000,0,0,0,0,0,0,0,0,0,0,2,144,0,3,70,0
8.955000,0.00,0.000,0.000,0,8,0.000,0,0,18.000,39.000,55.000,0,0,0,0,0,0,0,0,0,0,2,144,0,3,70,0
8.960000,0.00,0.000,0.000,0,8,0.000,0,0,18.000,39.000,55.000,0,0,0,0,0,0,0,0,0,0,2,144,0,3,70,0
8.965000,0.00,0.000,0.000,0,7,0.000,0,0,18.000,39.000,55.000,0,0,0,0,0,0,0,0,0,0,2,144,0,3,70,0
8.970000,0.00,0.000,0.000,0,7,0.000,0,0,18.000,39.000,55.000,0,0,0,0,0,0,0,0,0,0,2,144,0,3,70,0
8.975000,0.00,0.000,0.000,0,7,0.000,0,0,18.000,39.000,55.000,0,0,0,0,0,0,0,0,0,0,2,144,0,3,70,0
8.980000,0.00,0.000,0.000,0,7,0.000,0,0,18.000,39.000,55.000,0,0,0,0,0,0,0,0,0,0,2,144,0,3,70,0
8.985000,0.00,0.000,0.000,0,7,0.000,0,0,18.000,39.000,55.000,0,0,0,0,0,0,0,0,0,0,2,144,0,3,70,0
8.990000,0.00,0.000,0.000,0,7,0.000,0,0,18.000,39.000,55.000,0,0,0,0,0,0,0,0,0,0,2,144,0,3,70,0
8.995000,0.00,0.000,0.000,0,7,0.000,0,0,18.000,39.000,55.000,0,0,0,0,0,0,0,0,0,0,2,144,0,3,70,0
9.000000,0.00,0.000,0.000,0,7,0.000,0,0,18.000,39.000,55.000,0,0,0,0,0,0,0,0,0,0,2,144,0,3,70,0
9.005000,0.00,0.000,0.000,0,7,0.000,0,0,18.000,39.000,55.000,0,0,0,0,0,0,0,0,0,0,2,144,0,3,70,0
9.010000,0.00,0.000,0.000,0,7,0.000,0,0,18.000,39.000,55.000,0,0,0,0,0,0,0,0,0,0,2,144,0,3,70,0
9.015000,0.00,0.000,0.000,0,7,0.000,0,0,18.000,39.000,55.000,0,0,0,0,0,0,0,0,0,0,2,144,0,3,70,0
9.020000,0.00,0.000,0.000,0,7,0.000,0,0,18.000,39.000,55.000,0,0,0,0,0,0,0,0,0,0,2,144,0,3,70,0
9.025000,0.00,0.000,0.000,0,7,0.000,0,0,18.000,39.000,55.000,0,0,0,0,0,0,0,0,0,0,2,144,0,3,70,0
9.030000,0.00,0.000,0.000,0,6,0.000,0,0,18.000,39.000,55.000,0,0,0,0,0,0,0,0,0,0,2,144,0,3,70,0
9.035000,0.00,0.000,0.000,0,6,0.000,0,0,18.000,39.000,55.000,0,0,0,0,0,0,0,0,0,0,2,144,0,3,70,0
9.040000,0.00,0.000,0.000,0,6,0.000,0,0,18.000,39.000,55.000,0,0,0,0,0,0,0,0,0,0,2,144,0,3,70,0
9.045000,0.00,0.000,0.000,0,6,0.000,0,0,18.000,39.000,55.000,0,0,0,0,0,0,0,0,0,0,2,144,0,3,70,0
9.050000,0.00,0.000,0.000,0,6,0.000,0,0,18.000,39.000,55.000,0,0,0,0,0,0,0,0,0,0,2,144,0,3,70,0
9.055000,0.00,0.000,0.000,0,6,0.000,0,0,18.000,39.000,55.000,0,0,0,0,0,0,0,0,0,0,2,144,0,3,70,0
9.060000,0.00,0.000,0.000,0,6,0.000,0,0,18.000,39.000,55.000,0,0,0,0,0,0,0,0,0,0,2,144,0,3,70,0
9.065000,0.00,0.000,0.000,0,6,0.000,0,0,18.000,39.000,55.000,0,0,0,0,0,0,0,0,0,0,2,144,0,3,70,0
9.070000,0.00,0.000,0.000,0,6,0.000,0,0,18.000,39.000,55.000,0,0,0,0,0,0,0,0,0,0,2,144,0,3,70,0
9.075000,0.00,0.000,0.000,0,6,0.000,0,0,18.000,39.000,55.000,0,0,0,0,0,0,0,0,0,0,2,144,0,3,70,0
9.080000,0.00,0.000,0.000,0,6,0.000,0,0,18.000,39.000,55.000,0,0,0,0,0,0,0,0,0,0,2,144,0,3,70,0
9.085000,0.00,0.000,0.000,0,6,0.000,0,0,18.000,39.000,55.000,0,0,0,0,0,0,0,0,0,0,2,144,0,3,70,0
9.090000,0.00,0.000,0.000,0,6,0.000,0,0,18.000,39.000,55.000,0,0,0,0,0,0,0,0,0,0,2,144,0,3,70,0
9.095000,0.00,0.000,0.000,0,5,0.000,0,0,18.000,39.000,55.000,0,0,0,0,0,0,0,0,0,0,2,144,0,3,70,0
9.100000,0.00,0.000,0.000,0,5,0.000,0,0,18.000,39.000,55.000,0,0,0,0,0,0,0,0,0,0,2,144,0,3,70,0
9.105000,0.00,0.000,0.000,0,5,0.000,0,0,18.000,39.000,55.000,0,0,0,0,0,0,0,0,0,0,2,144,0,3,70,0
9.110000,0.00,0.000,0.000,0,5,0.000,0,0,18.000,39.000,55.000,0,0,0,0,0,0,0,0,0,0,2,144,0,3,70,0
9.115000,0.00,0.000,0.000,0,5,0.000,0,0,18.000,39.000,55.000,0,0,0,0,0,0,0,0,0,0,2,144,0,3,70,0
9.120000,0.00,0.000,0.000,0,5,0.000,0,0,18.000,39.000,55.000,0,0,0,0,0,0,0,0,0,0,2,144,0,3,70,0
9.125000,0.00,0.000,0.000,0,5,0.000,0,0,18.000,39.000,55.000,0,0,0,0,0,0,0,0,0,0,2,144,0,3,70,0
9.130000,0.00,0.000,0.000,0,5,0.000,0,0,18.000,39.000,55.000,0,0,0,0,0,0,0,0,0,0,2,144,0,3,70,0
9.135000,0.00,0.000,0.000,0,5,0.000,0,0,18.000,39.000,55.000,0,0,0,0,0,0,0,0,0,0,2,144,0,3,70,0
9.140000,0.00,0.000,0.000,0,5,0.000,0,0,18.000,39.000,55.000,0,0,0,0,0,0,0,0,0,0,2,144,0,3,70,0
9.145000,0.00,0.000,0.000,0,5,0.000,0,0,18.000,39.000,55.000,0,0,0,0,0,0,0,0,0,0,2,144,0,3,70,0
9.150000,0.00,0.000,0.000,0,5,0.000,0,0,18.000,39.000,55.000,0,0,0,0,0,0,0,0,0,0,2,144,0,3,70,0
9.155000,0.00,0.000,0.000,0,5,0.000,0,0,18.000,39.000,55.000,0,0,0,0,0,0,0,0,0,0,2,144,0,3,70,0
9.160000,0.00,0.000,0.000,0,4,0.000,0,0,18.000,39.000,55.000,0,0,0,0,0,0,0,0,0,0,2,144,0,3,70,0
9.165000,0.00,0.000,0.000,0,4,0.000,0,0,18.000,39.000,55.000,0,0,0,0,0,0,0,0,0,0,2,144,0,3,70,0
9.170000,0.00,0.000,0.000,0,4,0.000,0,0,18.000,39.000,55.000,0,0,0,0,0,0,0,0,0,0,2,144,0,3,70,0
9.175000,0.00,0.000,0.000,0,4,0.000,0,0,18.000,39.000,55.000,0,0,0,0,0,0,0,0,0,0,2,144,0,3,70,0
9.180000,0.00,0.000,0.000,0,4,0.000,0,0,18.000,39.000,55.000,0,0,0,0,0,0,0,0,0,0,2,144,0,3,70,0
9.185000,0.00,0.000,0.000,0,4,0.000,0,0,18.000,39.000,55.000,0,0,0,0,0,0,0,0,0,0,2,144,0,3,70,0
9.190000,0.00,0.000,0.000,0,4,0.000,0,0,18.000,39.000,55.000,0,0,0,0,0,0,0,0,0,0,2,144,0,3,70,0
9.195000,0.00,0.000,0.000,0,0,0.000,0,0,18.000,39.000,55.000,0,0,0,0,0,0,0,0,0,0,2,144,0,3,70,0
9.200000,0.00,0.000,0.000,0,0,0.000,0,0,18.000,39.000,55.000,0,0,0,0,0,0,0,0,0,0,2,144,0,3,70,0
9.205000,0.00,0.000,0.000,0,0,0.000,0,0,18.000,39.000,55.000,0,0,0,0,0,0,0,0,0,0,2,144,0,3,70,0
9.210000,0.00,0.000,0.000,0,0,0.000,0,0,18.000,39.000,55.000,0,0,0,0,0,0,0,0,0,0,2,144,0,3,70,0
9.215000,0.00,0.000,0.000,0,0,0.000,0,0,18.000,39.000,55.000,0,0,0,0,0,0,0,0,0,0,2,144,0,3,70,0
9.220000,0.00,0.000,0.000,0,0,0.000,0,0,18.000,39.000,55.000,0,0,0,0,0,0,0,0,0,0,2,144,0,3,70,0
9.225000,0.00,0.000,0.000,0,0,0.000,0,0,18.000,39.000,55.000,0,0,0,0,0,0,0,0,0,0,2,144,0,3,70,0
9.230000,0.00,0.000,0.000,0,0,0.000,0,0,18.000,39.000,55.000,0,0,0,0,0,0,0,0,0,0,2,144,0,3,70,0
9.235000,0.00,0.000,0.000,0,0,0.000,0,0,18.000,39.000,55.000,0,0,0,0,0,0,0,0,0,0,2,144,0,3,70,0
9.240000,0.00,0.000,0.000,0,0,0.000,0,0,18.000,39.000,55.000,0,0,0,0,0,0,0,0,0,0,2,144,0,3,70,0
9.245000,0.00,0.000,0.000,0,0,0.000,0,0,18.000,39.000,55.000,0,0,0,0,0,0,0,0,0,0,2,144,0,3,70,0
9.250000,0.00,0.000,0.000,0,0,0.000,0,0,18.000,39.000,55.000,0,0,0,0,0,0,0,0,0,0,2,144,0,3,70,0
9.255000,0.00,0.000,0.000,0,0,0.000,0,0,18.000,39.000,55.000,0,0,0,0,0,0,0,0,0,0,2,144,0,3,70,0
9.260000,0.00,0.000,0.000,0,0,0.000,0,0,18.000,39.000,55.000,0,0,0,0,0,0,0,0,0,0,2,144,0,3,70,0
9.265000,0.00,0.000,0.000,0,0,0.000,0,0,18.000,39.000,55.000,0,0,0,0,0,0,0,0,0,0,2,144,0,3,70,0
9.270000,0.00,0.000,0.000,0,0,0.000,0,0,18.000,39.000,55.000,0,0,0,0,0,0,0,0,0,0,2,144,0,3,70,0
9.275000,0.00,0.000,0.000,0,0,0.000,0,0,18.000,39.000,55.000,0,0,0,0,0,0,0,0,0,0,2,144,0,3,70,0
9.280000,0.00,0.000,0.000,0,0,0.000,0,0,18.000,39.000,55.000,0,0,0,0,0,0,0,0,0,0,2,144,0,3,70,0
9.285000,0.00,0.000,0.000,0,0,0.000,0,0,18.000,39.000,55.000,0,0,0,0,0,0,0,0,0,0,2,144,0,3,70,0
9.290000,0.00,0.000,0.000,0,0,0.000,0,0,18.000,39.000,55.000,0,0,0,0,0,0,0,0,0,0,2,144,0,3,70,0
9.295000,0.00,0.000,0.000,0,0,0.000,0,0,18.000,39.000,55.000,0,0,0,0,0,0,0,0,0,0,2,144,0,3,70,0
9.300000,0.00,0.000,0.000,0,0,0.000,0,0,18.000,39.000,55.000,0,0,0,0,0,0,0,0,0,0,2,144,0,3,70,0
9.305000,0.00,0.000,0.000,0,0,0.000,0,0,18.000,39.000,55.000,0,0,0,0,0,0,0,0,0,0,2,144,0,3,70,0
9.310000,0.00,0.000,0.000,0,0,0.000,0,0,18.000,39.000,55.000,0,0,0,0,0,0,0,0,0,0,2,144,0,3,70,0
9.315000,0.00,0.000,0.000,0,0,0.000,0,0,18.000,39.000,55.000,0,0,0,0,0,0,0,0,0,0,2,144,0,3,70,0
9.320000,0.00,0.000,0.000,0,0,0.000,0,0,18.000,39.000,55.000,0,0,0,0,0,0,0,0,0,0,2,144,0,3,70,0
9.325000,0.00,0.000,0.000,0,0,0.000,0,0,18.000,39.000,55.000,0,0,0,0,0,0,0,0,0,0,2,144,0,3,70,0
9.330000,0.00,0.000,0.000,0,0,0.000,0,0,18.000,39.000,55.000,0,0,0,0,0,0,0,0,0,0,2,144,0,3,70,0
9.335000,0.00,0.000,0.000,0,0,0.000,0,0,18.000,39.000,55.000,0,0,0,0,0,0,0,0,0,0,2,144,0,3,70,0
9.340000,0.00,0.000,0.000,0,0,0.000,0,0,18.000,39.000,55.000,0,0,0,0,0,0,0,0,0,0,2,144,0,3,70,0
9.345000,0.00,0.000,0.000,0,0,0.000,0,0,18.000,39.000,55.000,0,0,0,0,0,0,0,0,0,0,2,144,0,3,70,0
9.350000,0.00,0.000,0.000,0,0,0.000,0,0,18.000,39.000,55.000,0,0,0,0,0,0,0,0,0,0,2,144,0,3,70,0
9.355000,0.00,0.000,0.000,0,0,0.000,0,0,18.000,39.000,55.000,0,0,0,0,0,0,0,0,0,0,2,144,0,3,70,0
9.360000,0.00,0.000,0.000,0,0,0.000,0,0,18.000,39.000,55.000,0,0,0,0,0,0,0,0,0,0,2,144,0,3,70,0
9.365000,0.00,0.000,0.000,0,0,0.000,0,0,18.000,39.000,55.000,0,0,0,0,0,0,0,0,0,0,2,144,0,3,70,0
9.370000,0.00,0.000,0.000,0,0,0.000,0,0,18.000,39.000,55.000,0,0,0,0,0,0,0,0,0,0,2,144,0,3,70,0
9.375000,0.00,0.000,0.000,0,0,0.000,0,0,18.000,39.000,55.000,0,0,0,0,0,0,0,0,0,0,2,144,0,3,70,0
9.380000,0.00,0.000,0.000,0,0,0.000,0,0,18.000,39.000,55.000,0,0,0,0,0,0,0,0,0,0,2,144,0,3,70,0
9.385000,0.00,0.000,0.000,0,0,0.000,0,0,18.000,39.000,55.000,0,0,0,0,0,0,0,0,0,0,2,144,0,3,70,0
9.390000,0.00,0.000,0.000,0,0,0.000,0,0,18.000,39.000,55.000,0,0,0,0,0,0,0,0,0,0,2,144,0,3,70,0
9.395000,0.00,0.000,0.000,0,0,0.000,0,0,18.000,39.000,55.000,0,0,0,0,0,0,0,0,0,0,2,144,0,3,70,0
9.400000,0.00,0.000,0.000,0,0,0.000,0,0,18.000,39.000,55.000,0,0,0,0,0,0,0,0,0,0,2,144,0,3,70,0
9.405000,0.00,0.000,0.000,0,0,0.000,0,0,18.000,39.000,55.000,0,0,0,0,0,0,0,0,0,0,2,144,0,3,70,0
9.410000,0.00,0.000,0.000,0,0,0.000,0,0,18.000,39.000,55.000,0,0,0,0,0,0,0,0,0,0,2,144,0,3,70,0
9.415000,0.00,0.000,0.000,0,0,0.000,0,0,18.000,39.000,55.000,0,0,0,0,0,0,0,0,0,0,2,144,0,3,70,0
9.420000,0.00,0.000,0.000,0,0,0.000,0,0,18.000,39.000,55.000,0,0,0,0,0,0,0,0,0,0,2,144,0,3,70,0
9.425000,0.00,0.000,0.000,0,0,0.000,0,0,18.000,39.000,55.000,0,0,0,0,0,0,0,0,0,0,2,144,0,3,70,0
9.430000,0.00,0.000,0.000,0,0,0.000,0,0,18.000,39.000,55.000,0,0,0,0,0,0,0,0,0,0,2,144,0,3,70,0
9.435000,0.00,0.000,0.000,0,0,0.000,0,0,18.000,39.000,55.000,0,0,0,0,0,0,0,0,0,0,2,144,0,3,70,0
9.440000,0.00,0.000,0.000,0,0,0.000,0,0,18.000,39.000,55.000,0,0,0,0,0,0,0,0,0,0,2,144,0,3,70,0
9.445000,0.00,0.000,0.000,0,0,0.000,0,0,18.000,39.000,55.000,0,0,0,0,0,0,0,0,0,0,2,144,0,3,70,0
9.450000,0.00,0.000,0.000,0,0,0.000,0,0,18.000,39.000,55.000,0,0,0,0,0,0,0,0,0,0,2,144,0,3,70,0
9.455000,0.00,0.000,0.000,0,0,0.000,0,0,18.000,39.000,55.000,0,0,0,0,0,0,0,0,0,0,2,144,0,3,70,0
9.460000,0.00,0.000,0.000,0,0,0.000,0,0,18.000,39.000,55.000,0,0,0,0,0,0,0,0,0,0,2,144,0,3,70,0
9.465000,0.00,0.000,0.000,0,0,0.000,0,0,18.000,39.000,55.000,0,0,0,0,0,0,0,0,0,0,2,144,0,3,70,0
9.470000,0.00,0.000,0.000,0,0,0.000,0,0,18.000,39.000,55.000,0,0,0,0,0,0,0,0,0,0,2,144,0,3,70,0
9.475000,0.00,0.000,0.000,0,0,0.000,0,0,18.000,39.000,55.000,0,0,0,0,0,0,0,0,0,0,2,144,0,3,70,0
9.480000,0.00,0.000,0.000,0,0,0.000,0,0,18.000,39.000,55.000,0,0,0,0,0,0,0,0,0,0,2,144,0,3,70,0
9.485000,0.00,0.000,0.000,0,0,0.000,0,0,18.000,39.000,55.000,0,0,0,0,0,0,0,0,0,0,2,144,0,3,70,0
9.490000,0.00,0.000,0.000,0,0,0.000,0,0,18.000,39.000,55.000,0,0,0,0,0,0,0,0,0,0,2,144,0,3,70,0
9.495000,0.00,0.000,0.000,0,0,0.000,0,0,18.000,39.000,55.000,0,0,0,0,0,0,0,0,0,0,2,144,0,3,70,0
9.500000,0.00,0.000,0.000,0,0,0.000,0,0,18.000,39.000,55.000,0,0,0,0,0,0,0,0,0,0,2,144,0,3,70,0
9.505000,0.00,0.000,0.000,0,0,0.000,0,0,18.000,39.000,55.000,0,0,0,0,0,0,0,0,0,0,2,144,0,3,70,0
9.510000,0.00,0.000,0.000,0,0,0.000,0,0,18.000,39.000,55.000,0,0,0,0,0,0,0,0,0,0,2,144,0,3,70,0
9.515000,0.00,0.000,0.000,0,0,0.000,0,0,18.000,39.000,55.000,0,0,0,0,0,0,0,0,0,0,2,144,0,3,70,0
9.520000,0.00,0.000,0.000,0,0,0.000,0,0,18.000,39.000,55.000,0,0,0,0,0,0,0,0,0,0,2,144,0,3,70,0
9.525000,0.00,0.000,0.000,0,0,0.000,0,0,18.000,39.000,55.000,0,0,0,0,0,0,0,0,0,0,2,144,0,3,70,0
9.530000,0.00,0.000,0.000,0,0,0.000,0,0,18.000,39.000,55.000,0,0,0,0,0,0,0,0,0,0,2,144,0,3,70,0
9.535000,0.00,0.000,0.000,0,0,0.000,0,0,18.000,39.000,55.000,0,0,0,0,0,0,0,0,0,0,2,144,0,3,70,0
9.540000,0.00,0.000,0.000,0,0,0.000,0,0,18.000,39.000,55.000,0,0,0,0,0,0,0,0,0,0,2,144,0,3,70,0
9.545000,0.00,0.000,0.000,0,0,0.000,0,0,18.000,39.000,55.000,0,0,0,0,0,0,0,0,0,0,2,144,0,3,70,0
9.550000,0.00,0.000,0.000,0,0,0.000,0,0,18.000,39.000,55.000,0,0,0,0,0,0,0,0,0,0,2,144,0,3,70,0
9.555000,0.00,0.000,0.000,0,0,0.000,0,0,18.000,39.000,55.000,0,0,0,0,0,0,0,0,0,0,2,144,0,3,70,0
9.560000,0.00,0.000,0.000,0,0,0.000,0,0,18.000,39.000,55.000,0,0,0,0,0,0,0,0,0,0,2,144,0,3,70,0
9.565000,0.00,0.000,0.000,0,0,0.000,0,0,18.000,39.000,55.000,0,0,0,0,0,0,0,0,0,0,2,144,0,3,70,0
9.570000,0.00,0.000,0.000,0,0,0.000,0,0,18.000,39.000,55.000,0,0,0,0,0,0,0,0,0,0,2,144,0,3,70,0
9.575000,0.00,0.000,0.000,0,0,0.000,0,0,18.000,39.000,55.000,0,0,0,0,0,0,0,0,0,0,2,144,0,3,70,0
9.580000,0.00,0.000,0.000,0,0,0.000,0,0,18.000,39.000,55.000,0,0,0,0,0,0,0,0,0,0,2,144,0,3,70,0
9.585000,0.00,0.000,0.000,0,0,0.000,0,0,18.000,39.000,55.000,0,0,0,0,0,0,0,0,0,0,2,144,0,3,70,0
9.590000,0.00,0.000,0.000,0,0,0.000,0,0,18.000,39.000,55.000,0,0,0,0,0,0,0,0,0,0,2,144,0,3,70,0
9.595000,0.00,0.000,0.000,0,0,0.000,0,0,18.000,39.000,55.000,0,0,0,0,0,0,0,0,0,0,2,144,0,3,70,0
9.600000,0.00,0.000,0.000,0,0,0.000,0,0,18.000,39.000,55.000,0,0,0,0,0,0,0,0,0,0,2,144,0,3,70,0
9.605000,0.00,0.000,0.000,0,0,0.000,0,0,18.000,39.000,55.000,0,0,0,0,0,0,0,0,0,0,2,144,0,3,70,0
9.610000,0.00,0.000,0.000,0,0,0.000,0,0,18.000,39.000,55.000,0,0,0,0,0,0,0,0,0,0,2,144,0,3,70,0
9.615000,0.00,0.000,0.000,0,0,0.000,0,0,18.000,39.000,55.000,0,0,0,0,0,0,0,0,0,0,2,144,0,3,70,0
9.620000,0.00,0.000,0.000,0,0,0.000,0,0,18.000,39.000,55.000,0,0,0,0,0,0,0,0,0,0,2,144,0,3,70,0
9.625000,0.00,0.000,0.000,0,0,0.000,0,0,18.000,39.000,55.000,0,0,0,0,0,0,0,0,0,0,2,144,0,3,70,0
9.630000,0.00,0.000,0.000,0,0,0.000,0,0,18.000,39.000,55.000,0,0,0,0,0,0,0,0,0,0,2,144,0,3,70,0
9.635000,0.00,0.000,0.000,0,0,0.000,0,0,18.000,39.000,55.000,0,0,0,0,0,0,0,0,0,0,2,144,0,3,70,0
9.640000,0.00,0.000,0.000,0,0,0.000,0,0,18.000,39.000,55.000,0,0,0,0,0,0,0,0,0,0,2,144,0,3,70,0
9.645000,0.00,0.000,0.000,0,0,0.000,0,0,18.000,39.000,55.000,0,0,0,0,0,0,0,0,0,0,2,144,0,3,70,0
9.650000,0.00,0.000,0.000,0,0,0.000,0,0,18.000,39.000,55.000,0,0,0,0,0,0,0,0,0,0,2,144,0,3,70,0
9.655000,0.00,0.000,0.000,0,0,0.000,0,0,18.000,39.000,55.000,0,0,0,0,0,0,0,0,0,0,2,144,0,3,70,0
9.660000,0.00,0.000,0.000,0,0,0.000,0,0,18.000,39.000,55.000,0,0,0,0,0,0,0,0,0,0,2,144,0,3,70,0
9.665000,0.00,0.000,0.000,0,0,0.000,0,0,18.000,39.000,55.000,0,0,0,0,0,0,0,0,0,0,2,144,0,3,70,0
9.670000,0.00,0.000,0.000,0,0,0.000,0,0,18.000,39.000,55.000,0,0,0,0,0,0,0,0,0,0,2,144,0,3,70,0
9.675000,0.00,0.000,0.000,0,0,0.000,0,0,18.000,39.000,55.000,0,0,0,0,0,0,0,0,0,0,2,144,0,3,70,0
9.680000,0.00,0.000,0.000,0,0,0.000,0,0,18.000,39.000,55.000,0,0,0,0,0,0,0,0,0,0,2,144,0,3,70,0
9.685000,0.00,0.000,0.000,0,0,0.000,0,0,18.000,39.000,55.000,0,0,0,0,0,0,0,0,0,0,2,144,0,3,70,0
9.690000,0.00,0.000,0.000,0,0,0.000,0,0,18.000,39.000,55.000,0,0,0,0,0,0,0,0,0,0,2,144,0,3,70,0
9.695000,0.00,0.000,0.000,0,0,0.000,0,0,18.000,39.000,55.000,0,0,0,0,0,0,0,0,0,0,2,144,0,3,70,0
9.700000,0.00,0.000,0.000,0,0,0.000,0,0,18.000,39.000,55.000,0,0,0,0,0,0,0,0,0,0,2,144,0,3,70,0
9.705000,0.00,0.000,0.000,0,0,0.000,0,0,18.000,39.000,55.000,0,0,0,0,0,0,0,0,0,0,2,144,0,3,70,0
9.710000,0.00,0.000,0.000,0,0,0.000,0,0,18.000,39.000,55.000,0,0,0,0,0,0,0,0,0,0,2,144,0,3,70,0
9.715000,0.00,0.000,0.000,0,0,0.000,0,0,18.000,39.000,55.000,0,0,0,0,0,0,0,0,0,0,2,144,0,3,70,0
9.720000,0.00,0.000,0.000,0,0,0.000,0,0,18.000,39.000,55.000,0,0,0,0,0,0,0,0,0,0,2,144,0,3,70,0
9.725000,0.00,0.000,0.000,0,0,0.000,0,0,18.000,39.000,55.000,0,0,0,0,0,0,0,0,0,0,2,144,0,3,70,0
9.730000,0.00,0.000,0.000,0,0,0.000,0,0,18.000,39.000,55.000,0,0,0,0,0,0,0,0,0,0,2,144,0,3,70,0
9.735000,0.00,0.000,0.000,0,0,0.000,0,0,18.000,39.000,55.000,0,0,0,0,0,0,0,0,0,0,2,144,0,3,70,0
9.740000,0.00,0.000,0.000,0,0,0.000,0,0,18.000,39.000,55.000,0,0,0,0,0,0,0,0,0,0,2,144,0,3,70,0
9.745000,0.00,0.000,0.000,0,0,0.000,0,0,18.000,39.000,55.000,0,0,0,0,0,0,0,0,0,0,2,144,0,3,70,0
9.750000,0.00,0.000,0.000,0,0,0.000,0,0,18.000,39.000,55.000,0,0,0,0,0,0,0,0,0,0,2,144,0,3,70,0
9.755000,0.00,0.000,0.000,0,0,0.000,0,0,18.000,39.000,55.000,0,0,0,0,0,0,0,0,0,0,2,144,0,3,70,0
9.760000,0.00,0.000,0.000,0,0,0.000,0,0,18.000,39.000,55.000,0,0,0,0,0,0,0,0,0,0,2,144,0,3,70,0
9.765000,0.00,0.000,0.000,0,0,0.000,0,0,18.000,39.000,55.000,0,0,0,0,0,0,0,0,0,0,2,144,0,3,70,0
9.770000,0.00,0.000,0.000,0,0,0.000,0,0,18.000,39.000,55.000,0,0,0,0,0,0,0,0,0,0,2,144,0,3,70,0
9.775000,0.00,0.000,0.000,0,0,0.000,0,0,18.000,39.000,55.000,0,0,0,0,0,0,0,0,0,0,2,144,0,3,70,0
9.780000,0.00,0.000,0.000,0,0,0.000,0,0,18.000,39.000,55.000,0,0,0,0,0,0,0,0,0,0,2,144,0,3,70,0
9.785000,0.00,0.000,0.000,0,0,0.000,0,0,18.000,39.000,55.000,0,0,0,0,0,0,0,0,0,0,2,144,0,3,70,0
9.790000,0.00,0.000,0.000,0,0,0.000,0,0,18.000,39.000,55.000,0,0,0,0,0,0,0,0,0,0,2,144,0,3,70,0
9.795000,0.00,0.000,0.000,0,0,0.000,0,0,18.000,39.000,55.000,0,0,0,0,0,0,0,0,0,0,2,144,0,3,70,0
9.800000,0.00,0.000,0.000,0,0,0.000,0,0,18.000,39.000,55.000,0,0,0,0,0,0,0,0,0,0,2,144,0,3,70,0
9.805000,0.00,0.000,0.000,0,0,0.000,0,0,18.000,39.000,55.000,0,0,0,0,0,0,0,0,0,0,2,144,0,3,70,0
9.810000,0.00,0.000,0.000,0,0,0.000,0,0,18.000,39.000,55.000,0,0,0,0,0,0,0,0,0,0,2,144,0,3,70,0
9.815000,0.00,0.000,0.000,0,0,0.000,0,0,18.000,39.000,55.000,0,0,0,0,0,0,0,0,0,0,2,144,0,3,70,0
9.820000,0.00,0.000,0.000,0,0,0.000,0,0,18.000,39.000,55.000,0,0,0,0,0,0,0,0,0,0,2,144,0,3,70,0
9.825000,0.00,0.000,0.000,0,0,0.000,0,0,18.000,39.000,55.000,0,0,0,0,0,0,0,0,0,0,2,144,0,3,70,0
9.830000,0.00,0.000,0.000,0,0,0.000,0,0,18.000,39.000,55.000,0,0,0,0,0,0,0,0,0,0,2,144,0,3,70,0
9.835000,0.00,0.000,0.000,0,0,0.000,0,0,18.000,39.000,55.000,0,0,0,0,0,0,0,0,0,0,2,144,0,3,70,0
9.840000,0.00,0.000,0.000,0,0,0.000,0,0,18.000,39.000,55.000,0,0,0,0,0,0,0,0,0,0,2,144,0,3,70,0
9.845000,0.00,0.000,0.000,0,0,0.000,0,0,18.000,39.000,55.000,0,0,0,0,0,0,0,0,0,0,2,144,0,3,70,0
9.850000,0.00,0.000,0.000,0,0,0.000,0,0,18.000,39.000,55.000,0,0,0,0,0,0,0,0,0,0,2,144,0,3,70,0
9.855000,0.00,0.000,0.000,0,0,0.000,0,0,18.000,39.000,55.000,0,0,0,0,0,0,0,0,0,0,2,144,0,3,70,0
9.860000,0.00,0.000,0.000,0,0,0.000,0,0,18.000,39.000,55.000,0,0,0,0,0,0,0,0,0,0,2,144,0,3,70,0
9.865000,0.00,0.000,0.000,0,0,0.000,0,0,18.000,39.000,55.000,0,0,0,0,0,0,0,0,0,0,2,144,0,3,70,0
9.870000,0.00,0.000,0.000,0,0,0.000,0,0,18.000,39.000,55.000,0,0,0,0,0,0,0,0,0,0,2,144,0,3,70,0
9.875000,0.00,0.000,0.000,0,0,0.000,0,0,18.000,39.000,55.000,0,0,0,0,0,0,0,0,0,0,2,144,0,3,70,0
9.880000,0.00,0.000,0.000,0,0,0.000,0,0,18.000,39.000,55.000,0,0,0,0,0,0,0,0,0,0,2,144,0,3,70,0
9.885000,0.00,0.000,0.000,0,0,0.000,0,0,18.000,39.000,55.000,0,0,0,0,0,0,0,0,0,0,2,144,0,3,70,0
9.890000,0.00,0.000,0.000,0,0,0.000,0,0,18.000,39.000,55.000,0,0,0,0,0,0,0,0,0,0,2,144,0,3,70,0
9.895000,0.00,0.000,0.000,0,0,0.000,0,0,18.000,39.000,55.000,0,0,0,0,0,0,0,0,0,0,2,144,0,3,70,0
9.900000,0.00,0.000,0.000,0,0,0.000,0,0,18.000,39.000,55.000,0,0,0,0,0,0,0,0,0,0,2,144,0,3,70,0
9.905000,0.00,0.000,0.000,0,0,0.000,0,0,18.000,39.000,55.000,0,0,0,0,0,0,0,0,0,0,2,144,0,3,70,0
9.910000,0.00,0.000,0.000,0,0,0.000,0,0,18.000,39.000,55.000,0,0,0,0,0,0,0,0,0,0,2,144,0,3,70,0
9.915000,0.00,0.000,0.000,0,0,0.000,0,0,18.000,39.000,55.000,0,0,0,0,0,0,0,0,0,0,2,144,0,3,70,0
9.920000,0.00,0.000,0.000,0,0,0.000,0,0,18.000,39.000,55.000,0,0,0,0,0,0,0,0,0,0,2,144,0,3,70,0
9.925000,0.00,0.000,0.000,0,0,0.000,0,0,18.000,39.000,55.000,0,0,0,0,0,0,0,0,0,0,2,144,0,3,70,0
9.930000,0.00,0.000,0.000,0,0,0.000,0,0,18.000,39.000,55.000,0,0,0,0,0,0,0,0,0,0,2,144,0,3,70,0
9.935000,0.00,0.000,0.000,0,0,0.000,0,0,18.000,39.000,55.000,0,0,0,0,0,0,0,0,0,0,2,144,0,3,70,0
9.940000,0.00,0.000,0.000,0,0,0.000,0,0,18.000,39.000,55.000,0,0,0,0,0,0,0,0,0,0,2,144,0,3,70,0
9.945000,0.00,0.000,0.000,0,0,0.000,0,0,18.000,39.000,55.000,0,0,0,0,0,0,0,0,0,0,2,144,0,3,70,0
9.950000,0.00,0.000,0.000,0,0,0.000,0,0,18.000,39.000,55.000,0,0,0,0,0,0,0,0,0,0,2,144,0,3,70,0
9.955000,0.00,0.000,0.000,0,0,0.000,0,0,18.000,39.000,55.000,0,0,0,0,0,0,0,0,0,0,2,144,0,3,70,0
9.960000,0.00,0.000,0.000,0,0,0.000,0,0,18.000,39.000,55.000,0,0,0,0,0,0,0,0,0,0,2,144,0,3,70,0
9.965000,0.00,0.000,0.000,0,0,0.000,0,0,18.000,39.000,55.000,0,0,0,0,0,0,0,0,0,0,2,144,0,3,70,0
9.970000,0.00,0.000,0.000,0,0,0.000,0,0,18.000,39.000,55.000,0,0,0,0,0,0,0,0,0,0,2,144,0,3,70,0
9.975000,0.00,0.000,0.000,0,0,0.000,0,0,18.000,39.000,55.000,0,0,0,0,0,0,0,0,0,0,2,144,0,3,70,0
9.980000,0.00,0.000,0.000,0,0,0.000,0,0,18.000,39.000,55.000,0,0,0,0,0,0,0,0,0,0,2,144,0,3,70,0
9.985000,0.00,0.000,0.000,0,0,0.000,0,0,18.000,39.000,55.000,0,0,0,0,0,0,0,0,0,0,2,144,0,3,70,0
9.990000,0.00,0.000,0.000,0,0,0.000,0,0,18.000,39.000,55.000,0,0,0,0,0,0,0,0,0,0,2,144,0,3,70,0
9.995000,0.00,0.000,0.000,0,0,0.000,0,0,18.000,39.000,55.000,0,0,0,0,0,0,0,0,0,0,2,144,0,3,70,0
10.000000,0.00,0.000,0.000,0,0,0.000,0,0,18.000,39.000,55.000,0,0,0,0,0,0,0,0,0,0,2,144,0,3,70,0
