time_s,crank_angle_deg,torque_gen_nm,torque_load_kg,torque_fast_native,torque_run_native,cadence_gen_rpm,cadence_raw_rpm,cadence_control_rpm,speed_kph,battery_v,soc_pct,human_power_w,assist_basis_power_w,motor_power_w,support_pct,iq_mode_request,iq_before_profile_limit,iq_requested,iq_allowed,iq_pre_ramp,iq_ref,session,debug_flags,battery_limit,gate_steps,gate_load_ckg,pedalling
0.005000,0.00,0.000,0.000,0,0,0.000,0,0,18.000,39.000,55.000,0,0,0,0,0,0,0,0,0,0,0,144,0,3,70,0
0.010000,0.00,0.000,0.000,0,0,0.000,0,0,18.000,39.000,55.000,0,0,0,0,0,0,0,0,0,0,0,144,0,3,70,0
0.015000,0.00,0.000,0.000,0,0,0.000,0,0,18.000,39.000,55.000,0,0,0,0,0,0,0,0,0,0,0,144,0,3,70,0
0.020000,0.00,0.000,0.000,0,0,0.000,0,0,18.000,39.000,55.000,0,0,0,0,0,0,0,0,0,0,0,144,0,3,70,0
0.025000,0.00,0.000,0.000,0,0,0.000,0,0,18.000,39.000,55.000,0,0,0,0,0,0,0,0,0,0,0,144,0,3,70,0
0.030000,0.00,0.000,0.000,0,0,0.000,0,0,18.000,39.000,55.000,0,0,0,0,0,0,0,0,0,0,0,144,0,3,70,0
0.035000,0.00,0.000,0.000,0,0,0.000,0,0,18.000,39.000,55.000,0,0,0,0,0,0,0,0,0,0,0,144,0,3,70,0
0.040000,0.00,0.000,0.000,0,0,0.000,0,0,18.000,39.000,55.000,0,0,0,0,0,0,0,0,0,0,0,144,0,3,70,0
0.045000,0.00,0.000,0.000,0,0,0.000,0,0,18.000,39.000,55.000,0,0,0,0,0,0,0,0,0,0,0,144,0,3,70,0
0.050000,0.00,0.000,0.000,0,0,0.000,0,0,18.000,39.000,55.000,0,0,0,0,0,0,0,0,0,0,0,144,0,3,70,0
0.055000,0.00,0.000,0.000,0,0,0.000,0,0,18.000,39.000,55.000,0,0,0,0,0,0,0,0,0,0,0,144,0,3,70,0
0.060000,0.00,0.000,0.000,0,0,0.000,0,0,18.000,39.000,55.000,0,0,0,0,0,0,0,0,0,0,0,144,0,3,70,0
0.065000,0.00,0.000,0.000,0,0,0.000,0,0,18.000,39.000,55.000,0,0,0,0,0,0,0,0,0,0,0,144,0,3,70,0
0.070000,0.00,0.000,0.000,0,0,0.000,0,0,18.000,39.000,55.000,0,0,0,0,0,0,0,0,0,0,0,144,0,3,70,0
0.075000,0.00,0.000,0.000,0,0,0.000,0,0,18.000,39.000,55.000,0,0,0,0,0,0,0,0,0,0,0,144,0,3,70,0
0.080000,0.00,0.000,0.000,0,0,0.000,0,0,18.000,39.000,55.000,0,0,0,0,0,0,0,0,0,0,0,144,0,3,70,0
0.085000,0.00,0.000,0.000,0,0,0.000,0,0,18.000,39.000,55.000,0,0,0,0,0,0,0,0,0,0,0,144,0,3,70,0
0.090000,0.00,0.000,0.000,0,0,0.000,0,0,18.000,39.000,55.000,0,0,0,0,0,0,0,0,0,0,0,144,0,3,70,0
0.095000,0.00,0.000,0.000,0,0,0.000,0,0,18.000,39.000,55.000,0,0,0,0,0,0,0,0,0,0,0,144,0,3,70,0
0.100000,0.00,0.000,0.000,0,0,0.000,0,0,18.000,39.000,55.000,0,0,0,0,0,0,0,0,0,0,0,144,0,3,70,0
0.105000,0.00,0.000,0.000,0,0,0.000,0,0,18.000,39.000,55.000,0,0,0,0,0,0,0,0,0,0,0,144,0,3,70,0
0.110000,0.00,0.000,0.000,0,0,0.000,0,0,18.000,39.000,55.000,0,0,0,0,0,0,0,0,0,0,0,144,0,3,70,0
0.115000,0.00,0.000,0.000,0,0,0.000,0,0,18.000,39.000,55.000,0,0,0,0,0,0,0,0,0,0,0,144,0,3,70,0
0.120000,0.00,0.000,0.000,0,0,0.000,0,0,18.000,39.000,55.000,0,0,0,0,0,0,0,0,0,0,0,144,0,3,70,0
0.125000,0.00,0.000,0.000,0,0,0.000,0,0,18.000,39.000,55.000,0,0,0,0,0,0,0,0,0,0,0,144,0,3,70,0
0.130000,0.00,0.000,0.000,0,0,0.000,0,0,18.000,39.000,55.000,0,0,0,0,0,0,0,0,0,0,0,144,0,3,70,0
0.135000,0.00,0.000,0.000,0,0,0.000,0,0,18.000,39.000,55.000,0,0,0,0,0,0,0,0,0,0,0,144,0,3,70,0
0.140000,0.00,0.000,0.000,0,0,0.000,0,0,18.000,39.000,55.000,0,0,0,0,0,0,0,0,0,0,0,144,0,3,70,0
0.145000,0.00,0.000,0.000,0,0,0.000,0,0,18.000,39.000,55.000,0,0,0,0,0,0,0,0,0,0,0,144,0,3,70,0
0.150000,0.00,0.000,0.000,0,0,0.000,0,0,18.000,39.000,55.000,0,0,0,0,0,0,0,0,0,0,0,144,0,3,70,0
0.155000,0.00,0.000,0.000,0,0,0.000,0,0,18.000,39.000,55.000,0,0,0,0,0,0,0,0,0,0,0,144,0,3,70,0
0.160000,0.00,0.000,0.000,0,0,0.000,0,0,18.000,39.000,55.000,0,0,0,0,0,0,0,0,0,0,0,144,0,3,70,0
0.165000,0.00,0.000,0.000,0,0,0.000,0,0,18.000,39.000,55.000,0,0,0,0,0,0,0,0,0,0,0,144,0,3,70,0
0.170000,0.00,0.000,0.000,0,0,0.000,0,0,18.000,39.000,55.000,0,0,0,0,0,0,0,0,0,0,0,144,0,3,70,0
0.175000,0.00,0.000,0.000,0,0,0.000,0,0,18.000,39.000,55.000,0,0,0,0,0,0,0,0,0,0,0,144,0,3,70,0
0.180000,0.00,0.000,0.000,0,0,0.000,0,0,18.000,39.000,55.000,0,0,0,0,0,0,0,0,0,0,0,144,0,3,70,0
0.185000,0.00,0.000,0.000,0,0,0.000,0,0,18.000,39.000,55.000,0,0,0,0,0,0,0,0,0,0,0,144,0,3,70,0
0.190000,0.00,0.000,0.000,0,0,0.000,0,0,18.000,39.000,55.000,0,0,0,0,0,0,0,0,0,0,0,144,0,3,70,0
0.195000,0.00,0.000,0.000,0,0,0.000,0,0,18.000,39.000,55.000,0,0,0,0,0,0,0,0,0,0,0,144,0,3,70,0
0.200000,0.00,0.000,0.000,0,0,0.000,0,0,18.000,39.000,55.000,0,0,0,0,0,0,0,0,0,0,0,144,0,3,70,0
0.205000,0.00,0.000,0.000,0,0,0.000,0,0,18.000,39.000,55.000,0,0,0,0,0,0,0,0,0,0,0,144,0,3,70,0
0.210000,0.00,0.000,0.000,0,0,0.000,0,0,18.000,39.000,55.000,0,0,0,0,0,0,0,0,0,0,0,144,0,3,70,0
0.215000,0.00,0.000,0.000,0,0,0.000,0,0,18.000,39.000,55.000,0,0,0,0,0,0,0,0,0,0,0,144,0,3,70,0
0.220000,0.00,0.000,0.000,0,0,0.000,0,0,18.000,39.000,55.000,0,0,0,0,0,0,0,0,0,0,0,144,0,3,70,0
0.225000,0.00,0.000,0.000,0,0,0.000,0,0,18.000,39.000,55.000,0,0,0,0,0,0,0,0,0,0,0,144,0,3,70,0
0.230000,0.00,0.000,0.000,0,0,0.000,0,0,18.000,39.000,55.000,0,0,0,0,0,0,0,0,0,0,0,144,0,3,70,0
0.235000,0.00,0.000,0.000,0,0,0.000,0,0,18.000,39.000,55.000,0,0,0,0,0,0,0,0,0,0,0,144,0,3,70,0
0.240000,0.00,0.000,0.000,0,0,0.000,0,0,18.000,39.000,55.000,0,0,0,0,0,0,0,0,0,0,0,144,0,3,70,0
0.245000,0.00,0.000,0.000,0,0,0.000,0,0,18.000,39.000,55.000,0,0,0,0,0,0,0,0,0,0,0,144,0,3,70,0
0.250000,0.00,0.000,0.000,0,0,0.000,0,0,18.000,39.000,55.000,0,0,0,0,0,0,0,0,0,0,0,144,0,3,70,0
0.255000,0.00,0.000,0.000,0,0,0.000,0,0,18.000,39.000,55.000,0,0,0,0,0,0,0,0,0,0,0,144,0,3,70,0
0.260000,0.00,0.000,0.000,0,0,0.000,0,0,18.000,39.000,55.000,0,0,0,0,0,0,0,0,0,0,0,144,0,3,70,0
0.265000,0.00,0.000,0.000,0,0,0.000,0,0,18.000,39.000,55.000,0,0,0,0,0,0,0,0,0,0,0,144,0,3,70,0
0.270000,0.00,0.000,0.000,0,0,0.000,0,0,18.000,39.000,55.000,0,0,0,0,0,0,0,0,0,0,0,144,0,3,70,0
0.275000,0.00,0.000,0.000,0,0,0.000,0,0,18.000,39.000,55.000,0,0,0,0,0,0,0,0,0,0,0,144,0,3,70,0
0.280000,0.00,0.000,0.000,0,0,0.000,0,0,18.000,39.000,55.000,0,0,0,0,0,0,0,0,0,0,0,144,0,3,70,0
0.285000,0.00,0.000,0.000,0,0,0.000,0,0,18.000,39.000,55.000,0,0,0,0,0,0,0,0,0,0,0,144,0,3,70,0
0.290000,0.00,0.000,0.000,0,0,0.000,0,0,18.000,39.000,55.000,0,0,0,0,0,0,0,0,0,0,0,144,0,3,70,0
0.295000,0.00,0.000,0.000,0,0,0.000,0,0,18.000,39.000,55.000,0,0,0,0,0,0,0,0,0,0,0,144,0,3,70,0
0.300000,0.00,0.000,0.000,0,0,0.000,0,0,18.000,39.000,55.000,0,0,0,0,0,0,0,0,0,0,0,144,0,3,70,0
0.305000,0.00,0.000,0.000,0,0,0.000,0,0,18.000,39.000,55.000,0,0,0,0,0,0,0,0,0,0,0,144,0,3,70,0
0.310000,0.00,0.000,0.000,0,0,0.000,0,0,18.000,39.000,55.000,0,0,0,0,0,0,0,0,0,0,0,144,0,3,70,0
0.315000,0.00,0.000,0.000,0,0,0.000,0,0,18.000,39.000,55.000,0,0,0,0,0,0,0,0,0,0,0,144,0,3,70,0
0.320000,0.00,0.000,0.000,0,0,0.000,0,0,18.000,39.000,55.000,0,0,0,0,0,0,0,0,0,0,0,144,0,3,70,0
0.325000,0.00,0.000,0.000,0,0,0.000,0,0,18.000,39.000,55.000,0,0,0,0,0,0,0,0,0,0,0,144,0,3,70,0
0.330000,0.00,0.000,0.000,0,0,0.000,0,0,18.000,39.000,55.000,0,0,0,0,0,0,0,0,0,0,0,144,0,3,70,0
0.335000,0.00,0.000,0.000,0,0,0.000,0,0,18.000,39.000,55.000,0,0,0,0,0,0,0,0,0,0,0,144,0,3,70,0
0.340000,0.00,0.000,0.000,0,0,0.000,0,0,18.000,39.000,55.000,0,0,0,0,0,0,0,0,0,0,0,144,0,3,70,0
0.345000,0.00,0.000,0.000,0,0,0.000,0,0,18.000,39.000,55.000,0,0,0,0,0,0,0,0,0,0,0,144,0,3,70,0
0.350000,0.00,0.000,0.000,0,0,0.000,0,0,18.000,39.000,55.000,0,0,0,0,0,0,0,0,0,0,0,144,0,3,70,0
0.355000,0.00,0.000,0.000,0,0,0.000,0,0,18.000,39.000,55.000,0,0,0,0,0,0,0,0,0,0,0,144,0,3,70,0
0.360000,0.00,0.000,0.000,0,0,0.000,0,0,18.000,39.000,55.000,0,0,0,0,0,0,0,0,0,0,0,144,0,3,70,0
0.365000,0.00,0.000,0.000,0,0,0.000,0,0,18.000,39.000,55.000,0,0,0,0,0,0,0,0,0,0,0,144,0,3,70,0
0.370000,0.00,0.000,0.000,0,0,0.000,0,0,18.000,39.000,55.000,0,0,0,0,0,0,0,0,0,0,0,144,0,3,70,0
0.375000,0.00,0.000,0.000,0,0,0.000,0,0,18.000,39.000,55.000,0,0,0,0,0,0,0,0,0,0,0,144,0,3,70,0
0.380000,0.00,0.000,0.000,0,0,0.000,0,0,18.000,39.000,55.000,0,0,0,0,0,0,0,0,0,0,0,144,0,3,70,0
0.385000,0.00,0.000,0.000,0,0,0.000,0,0,18.000,39.000,55.000,0,0,0,0,0,0,0,0,0,0,0,144,0,3,70,0
0.390000,0.00,0.000,0.000,0,0,0.000,0,0,18.000,39.000,55.000,0,0,0,0,0,0,0,0,0,0,0,144,0,3,70,0
0.395000,0.00,0.000,0.000,0,0,0.000,0,0,18.000,39.000,55.000,0,0,0,0,0,0,0,0,0,0,0,144,0,3,70,0
0.400000,0.00,0.000,0.000,0,0,0.000,0,0,18.000,39.000,55.000,0,0,0,0,0,0,0,0,0,0,0,144,0,3,70,0
0.405000,0.00,0.000,0.000,0,0,0.000,0,0,18.000,39.000,55.000,0,0,0,0,0,0,0,0,0,0,0,144,0,3,70,0
0.410000,0.00,0.000,0.000,0,0,0.000,0,0,18.000,39.000,55.000,0,0,0,0,0,0,0,0,0,0,0,144,0,3,70,0
0.415000,0.00,0.000,0.000,0,0,0.000,0,0,18.000,39.000,55.000,0,0,0,0,0,0,0,0,0,0,0,144,0,3,70,0
0.420000,0.00,0.000,0.000,0,0,0.000,0,0,18.000,39.000,55.000,0,0,0,0,0,0,0,0,0,0,0,144,0,3,70,0
0.425000,0.00,0.000,0.000,0,0,0.000,0,0,18.000,39.000,55.000,0,0,0,0,0,0,0,0,0,0,0,144,0,3,70,0
0.430000,0.00,0.000,0.000,0,0,0.000,0,0,18.000,39.000,55.000,0,0,0,0,0,0,0,0,0,0,0,144,0,3,70,0
0.435000,0.00,0.000,0.000,0,0,0.000,0,0,18.000,39.000,55.000,0,0,0,0,0,0,0,0,0,0,0,144,0,3,70,0
0.440000,0.00,0.000,0.000,0,0,0.000,0,0,18.000,39.000,55.000,0,0,0,0,0,0,0,0,0,0,0,144,0,3,70,0
0.445000,0.00,0.000,0.000,0,0,0.000,0,0,18.000,39.000,55.000,0,0,0,0,0,0,0,0,0,0,0,144,0,3,70,0
0.450000,0.00,0.000,0.000,0,0,0.000,0,0,18.000,39.000,55.000,0,0,0,0,0,0,0,0,0,0,0,144,0,3,70,0
0.455000,0.00,0.000,0.000,0,0,0.000,0,0,18.000,39.000,55.000,0,0,0,0,0,0,0,0,0,0,0,144,0,3,70,0
0.460000,0.00,0.000,0.000,0,0,0.000,0,0,18.000,39.000,55.000,0,0,0,0,0,0,0,0,0,0,0,144,0,3,70,0
0.465000,0.00,0.000,0.000,0,0,0.000,0,0,18.000,39.000,55.000,0,0,0,0,0,0,0,0,0,0,0,144,0,3,70,0
0.470000,0.00,0.000,0.000,0,0,0.000,0,0,18.000,39.000,55.000,0,0,0,0,0,0,0,0,0,0,0,144,0,3,70,0
0.475000,0.00,0.000,0.000,0,0,0.000,0,0,18.000,39.000,55.000,0,0,0,0,0,0,0,0,0,0,0,144,0,3,70,0
0.480000,0.00,0.000,0.000,0,0,0.000,0,0,18.000,39.000,55.000,0,0,0,0,0,0,0,0,0,0,0,144,0,3,70,0
0.485000,0.00,0.000,0.000,0,0,0.000,0,0,18.000,39.000,55.000,0,0,0,0,0,0,0,0,0,0,0,144,0,3,70,0
0.490000,0.00,0.000,0.000,0,0,0.000,0,0,18.000,39.000,55.000,0,0,0,0,0,0,0,0,0,0,0,144,0,3,70,0
0.495000,0.00,0.000,0.000,0,0,0.000,0,0,18.000,39.000,55.000,0,0,0,0,0,0,0,0,0,0,0,144,0,3,70,0
0.500000,0.11,28.063,16.820,2,0,72.000,0,0,18.000,39.000,55.000,0,0,0,0,0,0,0,0,0,0,0,16,0,3,70,1
0.505000,2.27,29.329,17.590,48,1,72.000,0,0,18.000,39.000,55.000,0,0,0,0,0,0,0,0,0,0,0,16,0,3,70,1
0.510000,4.43,30.588,18.350,89,4,72.000,0,0,18.000,39.000,55.000,0,0,0,0,0,0,0,0,0,0,0,16,0,3,70,1
0.515000,6.59,31.836,19.110,127,8,72.000,0,0,18.000,39.000,55.000,0,0,0,0,0,0,0,0,0,0,0,16,0,3,70,1
0.520000,8.75,33.066,19.820,161,14,72.000,0,0,18.000,39.000,55.000,0,0,0,160,10,10,0,0,0,0,0,16,0,3,30,1
0.525000,10.91,34.272,20.580,193,20,72.000,0,0,18.000,39.000,55.000,0,0,0,160,14,14,0,0,0,0,0,16,0,3,30,1
0.530000,13.07,35.450,21.280,222,199,72.000,0,0,18.000,39.000,55.000,0,0,0,160,155,155,155,155,155,14,1,0,0,3,30,1
0.535000,15.23,36.593,21.940,249,201,72.000,0,0,18.000,39.000,55.000,0,0,0,160,157,157,157,157,157,31,1,0,0,3,30,1
0.540000,17.39,37.697,22.590,274,203,72.000,0,0,18.000,39.000,55.000,0,0,0,160,159,159,159,159,159,48,1,0,0,3,30,1
0.545000,19.55,38.756,23.240,297,207,72.000,71,71,18.000,39.000,55.000,279,112,179,160,81,81,81,81,81,65,1,0,0,3,30,1
0.550000,21.71,39.767,23.840,318,211,72.000,71,71,18.000,39.000,55.000,286,114,183,160,83,83,83,83,83,82,1,0,0,3,30,1
0.555000,23.87,40.724,24.440,339,216,72.000,71,71,18.000,39.000,55.000,293,117,188,160,86,86,86,86,86,86,1,0,0,3,30,1
0.560000,26.03,41.623,24.980,357,221,72.000,71,71,18.000,39.000,55.000,300,121,193,160,88,88,88,88,88,88,1,0,0,3,30,1
0.565000,28.19,42.460,25.470,375,227,72.000,71,71,18.000,39.000,55.000,306,125,200,160,91,91,91,91,91,91,1,0,0,3,30,1
0.570000,30.35,43.232,25.910,392,233,72.000,71,71,18.000,39.000,55.000,311,129,206,160,94,94,94,94,94,94,1,0,0,3,30,1
0.575000,32.51,43.935,26.340,407,240,72.000,71,71,18.000,39.000,55.000,316,133,213,160,97,97,97,97,97,97,1,0,0,3,30,1
0.580000,34.67,44.567,26.720,421,247,72.000,71,71,18.000,39.000,55.000,321,138,221,160,100,100,100,100,100,100,1,0,0,3,30,1
0.585000,36.83,45.126,27.050,434,254,72.000,71,71,18.000,39.000,55.000,325,142,228,160,104,104,104,104,104,104,1,0,0,3,30,1
0.590000,38.99,45.608,27.380,447,262,72.000,71,71,18.000,39.000,55.000,329,148,236,160,108,108,108,108,108,108,1,0,0,3,30,1
0.595000,41.15,46.014,27.590,458,270,72.000,71,71,18.000,39.000,55.000,331,153,245,160,111,111,111,111,111,111,1,0,0,3,30,1
0.600000,43.31,46.340,27.810,468,278,72.000,71,71,18.000,39.000,55.000,334,158,253,160,115,115,115,115,115,115,1,0,0,3,30,1
0.605000,45.47,46.586,27.920,477,286,72.000,71,71,18.000,39.000,55.000,335,163,262,160,119,119,119,119,119,119,1,0,0,3,30,1
0.610000,47.63,46.753,28.030,486,294,72.000,71,71,18.000,39.000,55.000,337,168,270,160,123,123,123,123,123,123,1,0,0,3,30,1
0.615000,49.79,46.839,28.080,493,302,72.000,71,71,18.000,39.000,55.000,337,174,278,160,127,127,127,127,127,127,1,0,0,3,30,1
0.620000,51.95,46.846,28.080,500,309,72.000,71,71,18.000,39.000,55.000,337,178,286,160,130,130,130,130,130,130,1,0,0,3,30,1
0.625000,54.11,46.774,28.080,505,317,72.000,71,71,18.000,39.000,55.000,337,184,294,160,134,134,134,134,134,134,1,0,0,3,30,1
0.630000,56.27,46.624,27.970,510,325,72.000,71,71,18.000,39.000,55.000,336,189,302,160,138,138,138,138,138,138,1,0,0,3,30,1
0.635000,58.43,46.398,27.810,514,333,72.000,71,71,18.000,39.000,55.000,334,194,311,160,141,141,141,141,141,141,1,0,0,3,30,1
0.640000,60.59,46.098,27.650,517,340,72.000,71,71,18.000,39.000,55.000,332,199,318,160,145,145,145,145,145,145,1,0,0,3,30,1
0.645000,62.75,45.726,27.430,519,347,72.000,71,71,18.000,39.000,55.000,329,203,325,160,148,148,148,148,148,148,1,0,0,3,30,1
0.650000,64.91,45.285,27.160,520,354,72.000,71,71,18.000,39.000,55.000,326,208,333,160,151,151,151,151,151,151,1,0,0,3,30,1
0.655000,67.07,44.779,26.890,520,361,72.000,71,71,18.000,39.000,55.000,323,212,340,160,155,155,155,155,155,155,1,0,0,3,30,1
0.660000,69.23,44.210,26.510,520,368,72.000,71,71,18.000,39.000,55.000,318,217,347,160,158,158,158,158,158,158,1,0,0,3,30,1
0.665000,71.39,43.583,26.130,518,374,72.000,71,71,18.000,39.000,55.000,314,221,354,160,161,161,161,161,161,161,1,0,0,3,30,1
0.670000,73.55,42.901,25.740,516,380,72.000,71,71,18.000,39.000,55.000,309,225,360,160,164,164,164,164,164,164,1,0,0,3,30,1
0.675000,75.71,42.168,25.310,513,385,72.000,71,71,18.000,39.000,55.000,304,228,365,160,166,166,166,166,166,166,1,0,0,3,30,1
0.680000,77.87,41.390,24.820,510,390,72.000,71,71,18.000,39.000,55.000,298,231,370,160,169,169,169,169,169,169,1,0,0,3,30,1
0.685000,80.03,40.571,24.330,505,395,72.000,71,71,18.000,39.000,55.000,292,235,376,160,171,171,171,171,171,171,1,0,0,3,30,1
0.690000,82.19,39.716,23.840,500,399,72.000,71,71,18.000,39.000,55.000,286,237,380,160,173,173,173,173,173,173,1,0,0,3,30,1
0.695000,84.35,38.829,23.300,495,403,72.000,71,71,18.000,39.000,55.000,280,240,384,160,175,175,175,175,175,175,1,0,0,3,30,1
0.700000,86.51,37.916,22.750,489,407,72.000,71,71,18.000,39.000,55.000,273,242,388,160,177,177,177,177,177,177,1,0,0,3,30,1
0.705000,88.67,36.983,22.150,482,410,72.000,71,71,18.000,39.000,55.000,266,244,391,160,178,178,178,178,178,178,1,0,0,3,30,1
0.710000,90.83,36.035,21.610,475,413,72.000,71,71,18.000,39.000,55.000,259,246,394,160,180,180,180,180,180,180,1,0,0,3,30,1
0.715000,92.99,35.077,21.070,467,415,72.000,71,71,18.000,39.000,55.000,253,248,397,160,181,181,181,181,181,181,1,0,0,3,30,1
0.720000,95.15,34.114,20.470,459,417,72.000,71,71,18.000,39.000,55.000,246,249,399,160,182,182,182,182,182,182,1,0,0,3,30,1
0.725000,97.31,33.152,19.870,451,418,72.000,71,71,18.000,39.000,55.000,238,250,400,160,182,182,182,182,182,182,1,0,0,3,30,1
0.730000,99.47,32.197,19.330,442,420,72.000,71,71,18.000,39.000,55.000,232,251,402,160,183,183,183,183,183,183,1,0,0,3,30,1
0.735000,101.63,31.253,18.730,433,420,72.000,71,71,18.000,39.000,55.000,225,251,402,160,183,183,183,183,183,183,1,0,0,3,30,1
0.740000,103.79,30.325,18.180,424,421,72.000,71,71,18.000,39.000,55.000,218,252,403,160,183,183,183,183,183,183,1,0,0,3,30,1
0.745000,105.95,29.419,17.640,415,421,72.000,71,71,18.000,39.000,55.000,212,252,403,160,183,183,183,183,183,183,1,0,0,3,30,1
0.750000,108.11,28.539,17.100,406,420,72.000,71,71,18.000,39.000,55.000,205,251,402,160,183,183,183,183,183,183,1,0,0,3,30,1
0.755000,110.27,27.691,16.610,396,420,72.000,72,71,18.000,39.000,55.000,199,251,402,160,183,183,183,183,183,183,1,0,0,3,30,1
0.760000,112.43,26.877,16.120,387,419,72.000,72,71,18.000,39.000,55.000,193,250,401,160,183,183,183,183,183,183,1,0,0,3,30,1
0.765000,114.59,26.104,15.680,378,419,72.000,72,71,18.000,39.000,55.000,188,250,401,160,183,183,183,183,183,183,1,0,0,3,30,1
0.770000,116.75,25.373,15.250,369,418,72.000,72,71,18.000,39.000,55.000,183,250,400,160,182,182,182,182,182,182,1,0,0,3,30,1
0.775000,118.91,24.689,14.810,360,417,72.000,72,71,18.000,39.000,55.000,178,249,399,160,182,182,182,182,182,182,1,0,0,3,30,1
0.780000,121.07,24.056,14.430,351,416,72.000,72,71,18.000,39.000,55.000,173,248,398,160,181,181,181,181,181,181,1,0,0,3,30,1
0.785000,123.23,23.475,14.100,343,414,72.000,72,71,18.000,39.000,55.000,169,247,396,160,180,180,180,180,180,180,1,0,0,3,30,1
0.790000,125.39,22.951,13.780,334,413,72.000,71,71,18.000,39.000,55.000,165,246,394,160,180,180,180,180,180,180,1,0,0,3,30,1
0.795000,127.55,22.484,13.510,327,411,72.000,71,71,18.000,39.000,55.000,162,245,392,160,179,179,179,179,179,179,1,0,0,3,30,1
0.800000,129.71,22.077,13.230,319,410,72.000,71,71,18.000,39.000,55.000,159,244,391,160,178,178,178,178,178,178,1,0,0,3,30,1
0.805000,131.87,21.731,13.020,312,408,72.000,71,71,18.000,39.000,55.000,156,243,389,160,177,177,177,177,177,177,1,0,0,3,30,1
0.810000,134.03,21.447,12.850,306,406,72.000,71,71,18.000,39.000,55.000,154,242,387,160,176,176,176,176,176,176,1,0,0,3,30,1
0.815000,136.19,21.226,12.740,300,404,72.000,71,71,18.000,39.000,55.000,153,240,385,160,175,175,175,175,175,175,1,0,0,3,30,1
0.820000,138.35,21.069,12.640,294,402,72.000,71,71,18.000,39.000,55.000,152,239,383,160,174,174,174,174,174,174,1,0,0,3,30,1
0.825000,140.51,20.974,12.580,289,400,72.000,71,71,18.000,39.000,55.000,151,238,381,160,173,173,173,173,173,173,1,0,0,3,30,1
0.830000,142.67,20.943,12.580,285,397,72.000,71,71,18.000,39.000,55.000,151,236,378,160,172,172,172,172,172,172,1,0,0,3,30,1
0.835000,144.83,20.973,12.580,281,395,72.000,71,71,18.000,39.000,55.000,151,235,376,160,171,171,171,171,171,171,1,0,0,3,30,1
0.840000,146.99,21.064,12.640,278,393,72.000,71,71,18.000,39.000,55.000,152,233,374,160,170,170,170,170,170,170,1,0,0,3,30,1
0.845000,149.15,21.213,12.740,276,391,72.000,71,71,18.000,39.000,55.000,153,232,371,160,169,169,169,169,169,169,1,0,0,3,30,1
0.850000,151.31,21.420,12.850,274,388,72.000,71,71,18.000,39.000,55.000,154,230,368,160,168,168,168,168,168,168,1,0,0,3,30,1
0.855000,153.47,21.681,13.020,272,386,72.000,71,71,18.000,39.000,55.000,156,229,366,160,167,167,167,167,167,167,1,0,0,3,30,1
0.860000,155.63,21.994,13.180,272,384,72.000,71,71,18.000,39.000,55.000,158,227,364,160,166,166,166,166,166,166,1,0,0,3,30,1
0.865000,157.79,22.356,13.400,272,382,72.000,71,71,18.000,39.000,55.000,161,226,362,160,165,165,165,165,165,165,1,0,0,3,30,1
0.870000,159.95,22.764,13.670,272,380,72.000,71,71,18.000,39.000,55.000,164,225,360,160,164,164,164,164,164,164,1,0,0,3,30,1
0.875000,162.11,23.213,13.940,273,378,72.000,71,71,18.000,39.000,55.000,167,223,358,160,163,163,163,163,163,163,1,0,0,3,30,1
0.880000,164.27,23.701,14.210,274,375,72.000,71,71,18.000,39.000,55.000,170,222,355,160,162,162,162,162,162,162,1,0,0,3,30,1
0.885000,166.43,24.223,14.540,276,374,72.000,71,71,18.000,39.000,55.000,174,221,354,160,161,161,161,161,161,161,1,0,0,3,30,1
0.890000,168.59,24.774,14.870,279,372,72.000,71,71,18.000,39.000,55.000,178,219,351,160,160,160,160,160,160,160,1,0,0,3,30,1
0.895000,170.75,25.352,15.190,282,370,72.000,71,71,18.000,39.000,55.000,182,218,349,160,159,159,159,159,159,159,1,0,0,3,30,1
0.900000,172.91,25.950,15.570,286,368,72.000,71,71,18.000,39.000,55.000,187,217,347,160,158,158,158,158,158,158,1,0,0,3,30,1
0.905000,175.07,26.564,15.950,290,367,72.000,71,71,18.000,39.000,55.000,191,216,346,160,158,158,158,158,158,158,1,0,0,3,30,1
0.910000,177.23,27.189,16.330,294,365,72.000,71,71,18.000,39.000,55.000,196,215,344,160,157,157,157,157,157,157,1,0,0,3,30,1
0.915000,179.39,27.821,16.720,299,364,72.000,71,71,18.000,39.000,55.000,201,214,343,160,156,156,156,156,156,156,1,0,0,3,30,1
0.920000,181.55,28.454,17.100,304,363,72.000,71,71,18.000,39.000,55.000,205,214,342,160,156,156,156,156,156,156,1,0,0,3,30,1
0.925000,183.71,29.083,17.420,309,362,72.000,71,71,18.000,39.000,55.000,209,213,341,160,155,155,155,155,155,155,1,0,0,3,30,1
0.930000,185.87,29.704,17.800,314,361,72.000,71,71,18.000,39.000,55.000,214,212,340,160,155,155,155,155,155,155,1,0,0,3,30,1
0.935000,188.03,30.312,18.180,320,360,72.000,71,71,18.000,39.000,55.000,218,212,339,160,154,154,154,154,154,154,1,0,0,3,30,1
0.940000,190.19,30.901,18.560,326,359,72.000,71,71,18.000,39.000,55.000,223,211,338,160,154,154,154,154,154,154,1,0,0,3,30,1
0.945000,192.35,31.468,18.890,332,359,72.000,71,71,18.000,39.000,55.000,227,211,338,160,154,154,154,154,154,154,1,0,0,3,30,1
0.950000,194.51,32.007,19.220,337,358,72.000,71,71,18.000,39.000,55.000,231,210,337,160,153,153,153,153,153,153,1,0,0,3,30,1
0.955000,196.67,32.515,19.490,343,358,72.000,71,71,18.000,39.000,55.000,234,210,337,160,153,153,153,153,153,153,1,0,0,3,30,1
0.960000,198.83,32.987,19.820,349,358,72.000,71,71,18.000,39.000,55.000,238,210,337,160,153,153,153,153,153,153,1,0,0,3,30,1
0.965000,200.99,33.418,20.030,355,358,72.000,71,71,18.000,39.000,55.000,240,210,337,160,153,153,153,153,153,153,1,0,0,3,30,1
0.970000,203.15,33.807,20.310,360,358,72.000,71,71,18.000,39.000,55.000,244,210,337,160,153,153,153,153,153,153,1,0,0,3,30,1
0.975000,205.31,34.148,20.470,366,358,72.000,71,71,18.000,39.000,55.000,246,210,337,160,153,153,153,153,153,153,1,0,0,3,30,1
0.980000,207.47,34.439,20.690,371,358,72.000,71,71,18.000,39.000,55.000,248,210,337,160,153,153,153,153,153,153,1,0,0,3,30,1
0.985000,209.63,34.677,20.790,376,359,72.000,71,71,18.000,39.000,55.000,250,211,338,160,154,154,154,154,154,154,1,0,0,3,30,1
0.990000,211.79,34.859,20.900,380,360,72.000,71,71,18.000,39.000,55.000,251,212,339,160,154,154,154,154,154,154,1,0,0,3,30,1
0.995000,213.95,34.983,20.960,384,360,72.000,71,71,18.000,39.000,55.000,252,212,339,160,154,154,154,154,154,154,1,0,0,3,30,1
1.000000,216.11,35.048,21.010,388,361,72.000,71,71,18.000,39.000,55.000,252,212,340,160,155,155,155,155,155,155,1,0,0,3,30,1
1.005000,218.27,35.051,21.010,391,363,72.000,71,71,18.000,39.000,55.000,252,214,342,160,156,156,156,156,156,156,1,0,0,3,30,1
1.010000,220.43,34.993,21.010,394,364,72.000,71,71,18.000,39.000,55.000,252,214,343,160,156,156,156,156,156,156,1,0,0,3,30,1
1.015000,222.59,34.871,20.900,396,365,72.000,71,71,18.000,39.000,55.000,251,215,344,160,157,157,157,157,157,157,1,0,0,3,30,1
1.020000,224.75,34.686,20.790,398,366,72.000,71,71,18.000,39.000,55.000,250,216,345,160,157,157,157,157,157,157,1,0,0,3,30,1
1.025000,226.91,34.438,20.690,399,367,72.000,71,71,18.000,39.000,55.000,248,216,346,160,158,158,158,158,158,158,1,0,0,3,30,1
1.030000,229.07,34.127,20.470,399,369,72.000,71,71,18.000,39.000,55.000,246,218,348,160,159,159,159,159,159,159,1,0,0,3,30,1
1.035000,231.23,33.754,20.250,400,370,72.000,71,71,18.000,39.000,55.000,243,218,349,160,159,159,159,159,159,159,1,0,0,3,30,1
1.040000,233.39,33.321,19.980,399,371,72.000,71,71,18.000,39.000,55.000,240,219,351,160,160,160,160,160,160,160,1,0,0,3,30,1
1.045000,235.55,32.829,19.710,398,372,72.000,71,71,18.000,39.000,55.000,237,219,351,160,160,160,160,160,160,160,1,0,0,3,30,1
1.050000,237.71,32.280,19.380,396,373,72.000,71,71,18.000,39.000,55.000,233,220,353,160,161,161,161,161,161,161,1,0,0,3,30,1
1.055000,239.87,31.676,19.000,394,374,72.000,71,71,18.000,39.000,55.000,228,221,354,160,161,161,161,161,161,161,1,0,0,3,30,1
1.060000,242.03,31.020,18.620,391,375,72.000,71,71,18.000,39.000,55.000,223,222,355,160,162,162,162,162,162,162,1,0,0,3,30,1
1.065000,244.19,30.316,18.180,387,375,72.000,72,71,18.000,39.000,55.000,218,222,355,160,162,162,162,162,162,162,1,0,0,3,30,1
1.070000,246.35,29.566,17.750,383,376,72.000,72,71,18.000,39.000,55.000,213,222,356,160,162,162,162,162,162,162,1,0,0,3,30,1
1.075000,248.51,28.775,17.260,378,376,72.000,72,71,18.000,39.000,55.000,207,222,356,160,162,162,162,162,162,162,1,0,0,3,30,1
1.080000,250.67,27.946,16.770,373,376,72.000,72,71,18.000,39.000,55.000,201,222,356,160,162,162,162,162,162,162,1,0,0,3,30,1
1.085000,252.83,27.083,16.230,367,376,72.000,72,71,18.000,39.000,55.000,195,222,356,160,162,162,162,162,162,162,1,0,0,3,30,1
1.090000,254.99,26.191,15.740,361,376,72.000,72,71,18.000,39.000,55.000,189,222,356,160,162,162,162,162,162,162,1,0,0,3,30,1
1.095000,257.15,25.275,15.140,354,375,72.000,72,71,18.000,39.000,55.000,182,222,355,160,162,162,162,162,162,162,1,0,0,3,30,1
1.100000,259.31,24.340,14.590,347,375,72.000,71,71,18.000,39.000,55.000,175,222,355,160,162,162,162,162,162,162,1,0,0,3,30,1
1.105000,261.47,23.390,14.050,339,374,72.000,71,71,18.000,39.000,55.000,168,221,354,160,161,161,161,161,161,161,1,0,0,3,30,1
1.110000,263.63,22.431,13.450,331,373,72.000,71,71,18.000,39.000,55.000,161,220,353,160,161,161,161,161,161,161,1,0,0,3,30,1
1.115000,265.79,21.469,12.850,322,373,72.000,71,71,18.000,39.000,55.000,154,220,353,160,161,161,161,161,161,161,1,0,0,3,30,1
1.120000,267.95,20.507,12.310,314,371,72.000,71,71,18.000,39.000,55.000,148,219,351,160,160,160,160,160,160,160,1,0,0,3,30,1
1.125000,270.11,19.553,11.710,305,370,72.000,71,71,18.000,39.000,55.000,140,218,349,160,159,159,159,159,159,159,1,0,0,3,30,1
1.130000,272.27,18.610,11.170,295,369,72.000,71,71,18.000,39.000,55.000,134,218,348,160,159,159,159,159,159,159,1,0,0,3,30,1
1.135000,274.43,17.685,10.620,286,367,72.000,71,71,18.000,39.000,55.000,127,216,346,160,158,158,158,158,158,158,1,0,0,3,30,1
1.140000,276.59,16.783,10.080,277,366,72.000,71,71,18.000,39.000,55.000,121,216,345,160,157,157,157,157,157,157,1,0,0,3,30,1
1.145000,278.75,15.910,9.540,267,364,72.000,71,71,18.000,39.000,55.000,114,214,343,160,156,156,156,156,156,156,1,0,0,3,30,1
1.150000,280.91,15.069,9.050,258,362,72.000,71,71,18.000,39.000,55.000,108,213,341,160,155,155,155,155,155,155,1,0,0,3,30,1
1.155000,283.07,14.267,8.560,248,360,72.000,71,71,18.000,39.000,55.000,102,212,339,160,154,154,154,154,154,154,1,0,0,3,30,1
1.160000,285.23,13.508,8.120,239,358,72.000,71,71,18.000,39.000,55.000,97,210,337,160,153,153,153,153,153,153,1,0,0,3,30,1
1.165000,287.39,12.797,7.690,230,355,72.000,71,71,18.000,39.000,55.000,92,208,334,160,152,152,152,152,152,152,1,0,0,3,30,1
1.170000,289.55,12.138,7.310,221,353,72.000,71,71,18.000,39.000,55.000,87,207,332,160,151,151,151,151,151,151,1,0,0,3,30,1
1.175000,291.71,11.536,6.920,212,350,72.000,71,71,18.000,39.000,55.000,83,205,329,160,150,150,150,150,150,150,1,0,0,3,30,1
1.180000,293.87,10.994,6.600,204,347,72.000,71,71,18.000,39.000,55.000,79,203,325,160,148,148,148,148,148,148,1,0,0,3,30,1
1.185000,296.03,10.515,6.330,196,344,72.000,71,71,18.000,39.000,55.000,76,201,322,160,147,147,147,147,147,147,1,0,0,3,30,1
1.190000,298.19,10.104,6.050,188,341,72.000,71,71,18.000,39.000,55.000,72,199,319,160,145,145,145,145,145,145,1,0,0,3,30,1
1.195000,300.35,9.763,5.880,181,338,72.000,71,71,18.000,39.000,55.000,70,197,316,160,144,144,144,144,144,144,1,0,0,3,30,1
1.200000,302.51,9.495,5.710,175,335,72.000,71,71,18.000,39.000,55.000,68,195,313,160,142,142,142,142,142,142,1,0,0,3,30,1
1.205000,304.67,9.302,5.590,168,332,72.000,71,71,18.000,39.000,55.000,67,193,310,160,141,141,141,141,141,141,1,0,0,3,30,1
1.210000,306.83,9.185,5.510,162,329,72.000,71,71,18.000,39.000,55.000,66,191,306,160,140,140,140,140,140,140,1,0,0,3,30,1
1.215000,308.99,9.147,5.510,157,325,72.000,71,71,18.000,39.000,55.000,66,189,302,160,138,138,138,138,138,138,1,0,0,3,30,1
1.220000,311.15,9.188,5.510,153,322,72.000,71,71,18.000,39.000,55.000,66,187,299,160,136,136,136,136,136,136,1,0,0,3,30,1
1.225000,313.31,9.309,5.590,149,319,72.000,71,71,18.000,39.000,55.000,67,185,296,160,135,135,135,135,135,135,1,0,0,3,30,1
1.230000,315.47,9.511,5.710,146,315,72.000,71,71,18.000,39.000,55.000,68,182,292,160,133,133,133,133,133,133,1,0,0,3,30,1
1.235000,317.63,9.792,5.880,144,312,72.000,71,71,18.000,39.000,55.000,70,180,289,160,131,131,131,131,131,131,1,0,0,3,30,1
1.240000,319.79,10.152,6.110,143,309,72.000,71,71,18.000,39.000,55.000,73,178,286,160,130,130,130,130,130,130,1,0,0,3,30,1
1.245000,321.95,10.591,6.330,143,305,72.000,71,71,18.000,39.000,55.000,76,176,281,160,128,128,128,128,128,128,1,0,0,3,30,1
1.250000,324.11,11.107,6.650,143,302,72.000,71,71,18.000,39.000,55.000,79,174,278,160,127,127,127,127,127,127,1,0,0,3,30,1
1.255000,326.27,11.698,7.030,144,299,72.000,71,71,18.000,39.000,55.000,84,172,275,160,125,125,125,125,125,125,1,0,0,3,30,1
1.260000,328.43,12.361,7.410,146,296,72.000,71,71,18.000,39.000,55.000,89,170,272,160,124,124,124,124,124,124,1,0,0,3,30,1
1.265000,330.59,13.095,7.850,149,293,72.000,71,71,18.000,39.000,55.000,94,168,269,160,122,122,122,122,122,122,1,0,0,3,30,1
1.270000,332.75,13.895,8.340,152,290,72.000,71,71,18.000,39.000,55.000,100,166,266,160,121,121,121,121,121,121,1,0,0,3,30,1
1.275000,334.91,14.760,8.830,156,288,72.000,71,71,18.000,39.000,55.000,106,165,264,160,120,120,120,120,120,120,1,0,0,3,30,1
1.280000,337.07,15.684,9.430,161,285,72.000,71,71,18.000,39.000,55.000,113,163,260,160,119,119,119,119,119,119,1,0,0,3,30,1
1.285000,339.23,16.665,10.030,167,283,72.000,71,71,18.000,39.000,55.000,120,161,258,160,118,118,118,118,118,118,1,0,0,3,30,1
1.290000,341.39,17.697,10.620,174,281,72.000,71,71,18.000,39.000,55.000,127,160,256,160,117,117,117,117,117,117,1,0,0,3,30,1
1.295000,343.55,18.776,11.280,181,279,72.000,71,71,18.000,39.000,55.000,135,159,254,160,116,116,116,116,116,116,1,0,0,3,30,1
1.300000,345.71,19.898,11.930,188,277,72.000,71,71,18.000,39.000,55.000,143,157,252,160,115,115,115,115,115,115,1,0,0,3,30,1
1.305000,347.87,21.057,12.640,197,275,72.000,71,71,18.000,39.000,55.000,152,156,250,160,114,114,114,114,114,114,1,0,0,3,30,1
1.310000,350.03,22.248,13.340,206,274,72.000,71,71,18.000,39.000,55.000,160,155,249,160,113,113,113,113,113,113,1,0,0,3,30,1
1.315000,352.19,23.465,14.050,216,273,72.000,71,71,18.000,39.000,55.000,168,155,248,160,113,113,113,113,113,113,1,0,0,3,30,1
1.320000,354.35,24.703,14.810,226,272,72.000,71,71,18.000,39.000,55.000,178,154,247,160,112,112,112,112,112,112,1,0,0,3,30,1
1.325000,356.51,25.956,15.570,236,271,72.000,71,71,18.000,39.000,55.000,187,153,246,160,112,112,112,112,112,112,1,0,0,3,30,1
1.330000,358.67,27.219,16.330,247,270,72.000,71,71,18.000,39.000,55.000,196,153,245,160,111,111,111,111,111,111,1,0,0,3,30,1
1.335000,0.83,28.486,17.100,259,270,72.000,71,71,18.000,39.000,55.000,205,153,245,160,111,111,111,111,111,111,1,0,0,3,30,1
1.340000,2.99,29.750,17.860,271,270,72.000,71,71,18.000,39.000,55.000,214,153,245,160,111,111,111,111,111,111,1,0,0,3,30,1
1.345000,5.15,31.006,18.620,283,270,72.000,71,71,18.000,39.000,55.000,223,153,245,160,111,111,111,111,111,111,1,0,0,3,30,1
1.350000,7.31,32.248,19.330,295,271,72.000,71,71,18.000,39.000,55.000,232,153,246,160,112,112,112,112,112,112,1,0,0,3,30,1
1.355000,9.47,33.471,20.090,307,272,72.000,71,71,18.000,39.000,55.000,241,154,247,160,112,112,112,112,112,112,1,0,0,3,30,1
1.360000,11.63,34.668,20.790,320,274,72.000,71,71,18.000,39.000,55.000,250,155,249,160,113,113,113,113,113,113,1,0,0,3,30,1
1.365000,13.79,35.835,21.500,333,276,72.000,71,71,18.000,39.000,55.000,258,157,251,160,114,114,114,114,114,114,1,0,0,3,30,1
1.370000,15.95,36.966,22.150,345,278,72.000,71,71,18.000,39.000,55.000,266,158,253,160,115,115,115,115,115,115,1,0,0,3,30,1
1.375000,18.11,38.055,22.810,358,281,72.000,71,71,18.000,39.000,55.000,274,160,256,160,117,117,117,117,117,117,1,0,0,3,30,1
1.380000,20.27,39.099,23.460,370,285,72.000,72,71,18.000,39.000,55.000,282,163,260,160,119,119,119,119,119,119,1,0,0,3,30,1
1.385000,22.43,40.092,24.060,383,289,72.000,72,71,18.000,39.000,55.000,289,165,265,160,120,120,120,120,120,120,1,0,0,3,30,1
1.390000,24.59,41.030,24.600,395,293,72.000,72,71,18.000,39.000,55.000,295,168,269,160,122,122,122,122,122,122,1,0,0,3,30,1
1.395000,26.75,41.909,25.150,407,297,72.000,72,71,18.000,39.000,55.000,302,170,273,160,124,124,124,124,124,124,1,0,0,3,30,1
1.400000,28.91,42.725,25.640,418,302,72.000,72,71,18.000,39.000,55.000,308,174,278,160,127,127,127,127,127,127,1,0,0,3,30,1
1.405000,31.07,43.474,26.070,429,307,72.000,72,71,18.000,39.000,55.000,313,177,284,160,129,129,129,129,129,129,1,0,0,3,30,1
1.410000,33.23,44.154,26.510,440,312,72.000,72,71,18.000,39.000,55.000,318,180,289,160,131,131,131,131,131,131,1,0,0,3,30,1
1.415000,35.39,44.762,26.830,450,317,72.000,71,71,18.000,39.000,55.000,322,184,294,160,134,134,134,134,134,134,1,0,0,3,30,1
1.420000,37.55,45.295,27.160,460,323,72.000,71,71,18.000,39.000,55.000,326,187,300,160,137,137,137,137,137,137,1,0,0,3,30,1
1.425000,39.71,45.752,27.430,469,329,72.000,71,71,18.000,39.000,55.000,329,191,306,160,140,140,140,140,140,140,1,0,0,3,30,1
1.430000,41.87,46.131,27.650,477,334,72.000,71,71,18.000,39.000,55.000,332,195,312,160,142,142,142,142,142,142,1,0,0,3,30,1
1.435000,44.03,46.431,27.870,485,340,72.000,71,71,18.000,39.000,55.000,335,199,318,160,145,145,145,145,145,145,1,0,0,3,30,1
1.440000,46.19,46.651,27.970,492,346,72.000,71,71,18.000,39.000,55.000,336,203,324,160,148,148,148,148,148,148,1,0,0,3,30,1
1.445000,48.35,46.790,28.080,499,353,72.000,71,71,18.000,39.000,55.000,337,207,332,160,151,151,151,151,151,151,1,0,0,3,30,1
1.450000,50.51,46.850,28.080,504,359,72.000,71,71,18.000,39.000,55.000,337,211,338,160,154,154,154,154,154,154,1,0,0,3,30,1
1.455000,52.67,46.830,28.080,509,365,72.000,71,71,18.000,39.000,55.000,337,215,344,160,157,157,157,157,157,157,1,0,0,3,30,1
1.460000,54.83,46.732,28.030,514,371,72.000,71,71,18.000,39.000,55.000,337,219,351,160,160,160,160,160,160,160,1,0,0,3,30,1
1.465000,56.99,46.557,27.920,517,376,72.000,71,71,18.000,39.000,55.000,335,222,356,160,162,162,162,162,162,162,1,0,0,3,30,1
1.470000,59.15,46.306,27.760,520,382,72.000,71,71,18.000,39.000,55.000,333,226,362,160,165,165,165,165,165,165,1,0,0,3,30,1
1.475000,61.31,45.982,27.590,522,388,72.000,71,71,18.000,39.000,55.000,331,230,368,160,168,168,168,168,168,168,1,0,0,3,30,1
1.480000,63.47,45.587,27.320,523,393,72.000,71,71,18.000,39.000,55.000,328,233,374,160,170,170,170,170,170,170,1,0,0,3,30,1
1.485000,65.63,45.124,27.050,523,399,72.000,71,71,18.000,39.000,55.000,325,237,380,160,173,173,173,173,173,173,1,0,0,3,30,1
1.490000,67.79,44.596,26.720,523,404,72.000,71,71,18.000,39.000,55.000,321,240,385,160,175,175,175,175,175,175,1,0,0,3,30,1
1.495000,69.95,44.007,26.400,522,408,72.000,71,71,18.000,39.000,55.000,317,243,389,160,177,177,177,177,177,177,1,0,0,3,30,1
1.500000,72.11,43.361,26.020,520,413,72.000,71,71,18.000,39.000,55.000,312,246,394,160,180,180,180,180,180,180,1,0,0,3,30,1
1.505000,74.27,42.662,25.580,517,417,72.000,71,71,18.000,39.000,55.000,307,249,399,160,182,182,182,182,182,182,1,0,0,3,30,1
1.510000,76.43,41.914,25.150,514,421,72.000,71,71,18.000,39.000,55.000,302,252,403,160,183,183,183,183,183,183,1,0,0,3,30,1
1.515000,78.59,41.121,24.660,510,425,72.000,71,71,18.000,39.000,55.000,296,254,407,160,185,185,185,185,185,185,1,0,0,3,30,1
1.520000,80.75,40.290,24.170,505,428,72.000,71,71,18.000,39.000,55.000,290,256,410,160,187,187,187,187,187,187,1,0,0,3,30,1
1.525000,82.91,39.423,23.620,500,431,72.000,71,71,18.000,39.000,55.000,284,258,413,160,188,188,188,188,188,188,1,0,0,3,30,1
1.530000,85.07,38.527,23.130,494,434,72.000,71,71,18.000,39.000,55.000,278,260,417,160,190,190,190,190,190,190,1,0,0,3,30,1
1.535000,87.23,37.607,22.540,487,436,72.000,71,71,18.000,39.000,55.000,271,261,418,160,191,191,191,191,191,191,1,0,0,3,30,1
1.540000,89.39,36.669,21.990,480,438,72.000,71,71,18.000,39.000,55.000,264,263,421,160,192,192,192,192,192,192,1,0,0,3,30,1
1.545000,91.55,35.716,21.390,473,440,72.000,71,71,18.000,39.000,55.000,257,264,423,160,193,193,193,193,193,193,1,0,0,3,30,1
1.550000,93.71,34.756,20.850,465,441,72.000,71,71,18.000,39.000,55.000,250,265,424,160,193,193,193,193,193,193,1,0,0,3,30,1
1.555000,95.87,33.793,20.250,457,442,72.000,71,71,18.000,39.000,55.000,243,265,425,160,194,194,194,194,194,194,1,0,0,3,30,1
1.560000,98.03,32.833,19.710,448,442,72.000,71,71,18.000,39.000,55.000,237,265,425,160,194,194,194,194,194,194,1,0,0,3,30,1
1.565000,100.19,31.880,19.110,440,442,72.000,71,71,18.000,39.000,55.000,229,265,425,160,194,194,194,194,194,194,1,0,0,3,30,1
1.570000,102.35,30.941,18.560,430,442,72.000,71,71,18.000,39.000,55.000,223,265,425,160,194,194,194,194,194,194,1,0,0,3,30,1
1.575000,104.51,30.020,18.020,421,442,72.000,71,71,18.000,39.000,55.000,216,265,425,160,194,194,194,194,194,194,1,0,0,3,30,1
1.580000,106.67,29.123,17.480,412,441,72.000,71,71,18.000,39.000,55.000,210,265,424,160,193,193,193,193,193,193,1,0,0,3,30,1
1.585000,108.83,28.253,16.930,403,440,72.000,71,71,18.000,39.000,55.000,203,264,423,160,193,193,193,193,193,193,1,0,0,3,30,1
1.590000,110.99,27.416,16.440,393,440,72.000,71,71,18.000,39.000,55.000,197,264,423,160,193,193,193,193,193,193,1,0,0,3,30,1
1.595000,113.15,26.615,15.950,384,439,72.000,71,71,18.000,39.000,55.000,191,263,422,160,192,192,192,192,192,192,1,0,0,3,30,1
1.600000,115.31,25.855,15.520,375,438,72.000,71,71,18.000,39.000,55.000,186,263,421,160,192,192,192,192,192,192,1,0,0,3,30,1
1.605000,117.47,25.140,15.080,366,436,72.000,71,71,18.000,39.000,55.000,181,261,418,160,191,191,191,191,191,191,1,0,0,3,30,1
1.610000,119.63,24.473,14.700,357,435,72.000,71,71,18.000,39.000,55.000,176,261,417,160,190,190,190,190,190,190,1,0,0,3,30,1
1.615000,121.79,23.856,14.320,348,433,72.000,71,71,18.000,39.000,55.000,172,259,415,160,189,189,189,189,189,189,1,0,0,3,30,1
1.620000,123.95,23.294,14.000,340,431,72.000,71,71,18.000,39.000,55.000,168,258,413,160,188,188,188,188,188,188,1,0,0,3,30,1
1.625000,126.11,22.789,13.670,332,430,72.000,71,71,18.000,39.000,55.000,164,257,412,160,188,188,188,188,188,188,1,0,0,3,30,1
1.630000,128.27,22.341,13.400,324,428,72.000,71,71,18.000,39.000,55.000,161,256,410,160,187,187,187,187,187,187,1,0,0,3,30,1
1.635000,130.43,21.954,13.180,317,426,72.000,71,71,18.000,39.000,55.000,158,255,408,160,186,186,186,186,186,186,1,0,0,3,30,1
1.640000,132.59,21.629,12.960,310,423,72.000,71,71,18.000,39.000,55.000,155,253,405,160,184,184,184,184,184,184,1,0,0,3,30,1
1.645000,134.75,21.366,12.800,304,421,72.000,71,71,18.000,39.000,55.000,153,252,403,160,183,183,183,183,183,183,1,0,0,3,30,1
1.650000,136.91,21.167,12.690,298,419,72.000,71,71,18.000,39.000,55.000,152,250,401,160,183,183,183,183,183,183,1,0,0,3,30,1
1.655000,139.07,21.030,12.640,293,416,72.000,71,71,18.000,39.000,55.000,152,248,398,160,181,181,181,181,181,181,1,0,0,3,30,1
1.660000,141.23,20.957,12.580,288,414,72.000,71,71,18.000,39.000,55.000,151,247,396,160,180,180,180,180,180,180,1,0,0,3,30,1
1.665000,143.39,20.946,12.580,284,411,72.000,71,71,18.000,39.000,55.000,151,245,392,160,179,179,179,179,179,179,1,0,0,3,30,1
1.670000,145.55,20.996,12.580,280,409,72.000,71,71,18.000,39.000,55.000,151,244,390,160,178,178,178,178,178,178,1,0,0,3,30,1
1.675000,147.71,21.107,12.640,277,406,72.000,71,71,18.000,39.000,55.000,152,242,387,160,176,176,176,176,176,176,1,0,0,3,30,1
1.680000,149.87,21.276,12.740,275,404,72.000,71,71,18.000,39.000,55.000,153,240,385,160,175,175,175,175,175,175,1,0,0,3,30,1
1.685000,152.03,21.501,12.910,273,401,72.000,71,71,18.000,39.000,55.000,155,238,382,160,174,174,174,174,174,174,1,0,0,3,30,1
1.690000,154.19,21.780,13.070,272,399,72.000,72,71,18.000,39.000,55.000,157,237,380,160,173,173,173,173,173,173,1,0,0,3,30,1
1.695000,156.35,22.109,13.230,272,396,72.000,72,71,18.000,39.000,55.000,159,235,377,160,172,172,172,172,172,172,1,0,0,3,30,1
1.700000,158.51,22.487,13.510,272,394,72.000,72,71,18.000,39.000,55.000,162,234,375,160,171,171,171,171,171,171,1,0,0,3,30,1
1.705000,160.67,22.909,13.720,272,391,72.000,72,71,18.000,39.000,55.000,165,232,371,160,169,169,169,169,169,169,1,0,0,3,30,1
1.710000,162.83,23.372,14.000,273,389,72.000,72,71,18.000,39.000,55.000,168,231,369,160,168,168,168,168,168,168,1,0,0,3,30,1
1.715000,164.99,23.871,14.320,275,387,72.000,72,71,18.000,39.000,55.000,172,229,367,160,167,167,167,167,167,167,1,0,0,3,30,1
1.720000,167.15,24.404,14.650,277,385,72.000,72,71,18.000,39.000,55.000,176,228,365,160,166,166,166,166,166,166,1,0,0,3,30,1
1.725000,169.31,24.964,14.970,280,383,72.000,71,71,18.000,39.000,55.000,180,227,363,160,165,165,165,165,165,165,1,0,0,3,30,1
1.730000,171.47,25.549,15.360,283,381,72.000,71,71,18.000,39.000,55.000,184,225,361,160,164,164,164,164,164,164,1,0,0,3,30,1
1.735000,173.63,26.153,15.680,287,379,72.000,71,71,18.000,39.000,55.000,188,224,359,160,163,163,163,163,163,163,1,0,0,3,30,1
1.740000,175.79,26.771,16.060,291,377,72.000,71,71,18.000,39.000,55.000,193,223,357,160,162,162,162,162,162,162,1,0,0,3,30,1
1.745000,177.95,27.399,16.440,295,376,72.000,71,71,18.000,39.000,55.000,197,222,356,160,162,162,162,162,162,162,1,0,0,3,30,1
1.750000,180.11,28.032,16.820,300,374,72.000,71,71,18.000,39.000,55.000,202,221,354,160,161,161,161,161,161,161,1,0,0,3,30,1
1.755000,182.27,28.664,17.210,305,373,72.000,71,71,18.000,39.000,55.000,206,220,353,160,161,161,161,161,161,161,1,0,0,3,30,1
1.760000,184.43,29.291,17.590,311,371,72.000,71,71,18.000,39.000,55.000,211,219,351,160,160,160,160,160,160,160,1,0,0,3,30,1
1.765000,186.59,29.908,17.970,316,370,72.000,71,71,18.000,39.000,55.000,216,218,349,160,159,159,159,159,159,159,1,0,0,3,30,1
1.770000,188.75,30.511,18.290,322,369,72.000,71,71,18.000,39.000,55.000,219,218,348,160,159,159,159,159,159,159,1,0,0,3,30,1
1.775000,190.91,31.093,18.670,328,368,72.000,71,71,18.000,39.000,55.000,224,217,347,160,158,158,158,158,158,158,1,0,0,3,30,1
1.780000,193.07,31.651,19.000,334,368,72.000,71,71,18.000,39.000,55.000,228,217,347,160,158,158,158,158,158,158,1,0,0,3,30,1
1.785000,195.23,32.180,19.330,339,367,72.000,71,71,18.000,39.000,55.000,232,216,346,160,158,158,158,158,158,158,1,0,0,3,30,1
1.790000,197.39,32.676,19.600,345,367,72.000,71,71,18.000,39.000,55.000,235,216,346,160,158,158,158,158,158,158,1,0,0,3,30,1
1.795000,199.55,33.135,19.870,351,366,72.000,71,71,18.000,39.000,55.000,238,216,345,160,157,157,157,157,157,157,1,0,0,3,30,1
1.800000,201.71,33.553,20.140,357,366,72.000,71,71,18.000,39.000,55.000,242,216,345,160,157,157,157,157,157,157,1,0,0,3,30,1
1.805000,203.87,33.926,20.360,362,366,72.000,71,71,18.000,39.000,55.000,244,216,345,160,157,157,157,157,157,157,1,0,0,3,30,1
1.810000,206.03,34.251,20.520,367,366,72.000,71,71,18.000,39.000,55.000,246,216,345,160,157,157,157,157,157,157,1,0,0,3,30,1
1.815000,208.19,34.524,20.690,372,366,72.000,71,71,18.000,39.000,55.000,248,216,345,160,157,157,157,157,157,157,1,0,0,3,30,1
1.820000,210.35,34.744,20.850,377,367,72.000,71,71,18.000,39.000,55.000,250,216,346,160,158,158,158,158,158,158,1,0,0,3,30,1
1.825000,212.51,34.907,20.960,381,367,72.000,71,71,18.000,39.000,55.000,252,216,346,160,158,158,158,158,158,158,1,0,0,3,30,1
1.830000,214.67,35.011,21.010,385,368,72.000,71,71,18.000,39.000,55.000,252,217,347,160,158,158,158,158,158,158,1,0,0,3,30,1
1.835000,216.83,35.056,21.010,389,368,72.000,71,71,18.000,39.000,55.000,252,217,347,160,158,158,158,158,158,158,1,0,0,3,30,1
1.840000,218.99,35.039,21.010,392,369,72.000,71,71,18.000,39.000,55.000,252,218,348,160,159,159,159,159,159,159,1,0,0,3,30,1
1.845000,221.15,34.959,20.960,395,370,72.000,71,71,18.000,39.000,55.000,252,218,349,160,159,159,159,159,159,159,1,0,0,3,30,1
1.850000,223.31,34.816,20.900,397,371,72.000,71,71,18.000,39.000,55.000,251,219,351,160,160,160,160,160,160,160,1,0,0,3,30,1
1.855000,225.47,34.610,20.740,398,372,72.000,71,71,18.000,39.000,55.000,249,219,351,160,160,160,160,160,160,160,1,0,0,3,30,1
1.860000,227.63,34.341,20.580,399,373,72.000,71,71,18.000,39.000,55.000,247,220,353,160,161,161,161,161,161,161,1,0,0,3,30,1
1.865000,229.79,34.010,20.410,400,374,72.000,71,71,18.000,39.000,55.000,245,221,354,160,161,161,161,161,161,161,1,0,0,3,30,1
1.870000,231.95,33.617,20.140,399,375,72.000,71,71,18.000,39.000,55.000,242,222,355,160,162,162,162,162,162,162,1,0,0,3,30,1
1.875000,234.11,33.164,19.870,399,376,72.000,71,71,18.000,39.000,55.000,238,222,356,160,162,162,162,162,162,162,1,0,0,3,30,1
1.880000,236.27,32.652,19.600,397,377,72.000,71,71,18.000,39.000,55.000,235,223,357,160,162,162,162,162,162,162,1,0,0,3,30,1
1.885000,238.43,32.084,19.270,395,378,72.000,71,71,18.000,39.000,55.000,231,223,358,160,163,163,163,163,163,163,1,0,0,3,30,1
1.890000,240.59,31.463,18.890,393,378,72.000,71,71,18.000,39.000,55.000,227,223,358,160,163,163,163,163,163,163,1,0,0,3,30,1
1.895000,242.75,30.791,18.460,390,379,72.000,71,71,18.000,39.000,55.000,222,224,359,160,163,163,163,163,163,163,1,0,0,3,30,1
1.900000,244.91,30.071,18.020,386,379,72.000,71,71,18.000,39.000,55.000,216,224,359,160,163,163,163,163,163,163,1,0,0,3,30,1
1.905000,247.07,29.307,17.590,381,379,72.000,71,71,18.000,39.000,55.000,211,224,359,160,163,163,163,163,163,163,1,0,0,3,30,1
1.910000,249.23,28.502,17.100,377,379,72.000,71,71,18.000,39.000,55.000,205,224,359,160,163,163,163,163,163,163,1,0,0,3,30,1
1.915000,251.39,27.661,16.610,371,379,72.000,71,71,18.000,39.000,55.000,199,224,359,160,163,163,163,163,163,163,1,0,0,3,30,1
1.920000,253.55,26.789,16.060,365,379,72.000,71,71,18.000,39.000,55.000,193,224,359,160,163,163,163,163,163,163,1,0,0,3,30,1
1.925000,255.71,25.888,15.520,358,379,72.000,71,71,18.000,39.000,55.000,186,224,359,160,163,163,163,163,163,163,1,0,0,3,30,1
1.930000,257.87,24.965,14.970,351,378,72.000,71,71,18.000,39.000,55.000,180,223,358,160,163,163,163,163,163,163,1,0,0,3,30,1
1.935000,260.03,24.025,14.430,344,378,72.000,71,71,18.000,39.000,55.000,173,223,358,160,163,163,163,163,163,163,1,0,0,3,30,1
1.940000,262.19,23.071,13.830,336,377,72.000,71,71,18.000,39.000,55.000,166,223,357,160,162,162,162,162,162,162,1,0,0,3,30,1
1.945000,264.35,22.111,13.230,328,376,72.000,71,71,18.000,39.000,55.000,159,222,356,160,162,162,162,162,162,162,1,0,0,3,30,1
1.950000,266.51,21.148,12.690,319,375,72.000,71,71,18.000,39.000,55.000,152,222,355,160,162,162,162,162,162,162,1,0,0,3,30,1
1.955000,268.67,20.188,12.090,311,374,72.000,71,71,18.000,39.000,55.000,145,221,354,160,161,161,161,161,161,161,1,0,0,3,30,1
1.960000,270.83,19.237,11.550,302,373,72.000,71,71,18.000,39.000,55.000,138,220,353,160,161,161,161,161,161,161,1,0,0,3,30,1
1.965000,272.99,18.300,11.000,292,371,72.000,71,71,18.000,39.000,55.000,132,219,351,160,160,160,160,160,160,160,1,0,0,3,30,1
1.970000,275.15,17.382,10.410,283,370,72.000,71,71,18.000,39.000,55.000,125,218,349,160,159,159,159,159,159,159,1,0,0,3,30,1
1.975000,277.31,16.489,9.920,274,368,72.000,71,71,18.000,39.000,55.000,119,217,347,160,158,158,158,158,158,158,1,0,0,3,30,1
1.980000,279.47,15.626,9.370,264,366,72.000,71,71,18.000,39.000,55.000,112,216,345,160,157,157,157,157,157,157,1,0,0,3,30,1
1.985000,281.63,14.797,8.880,255,364,72.000,71,71,18.000,39.000,55.000,106,214,343,160,156,156,156,156,156,156,1,0,0,3,30,1
1.990000,283.79,14.009,8.390,245,362,72.000,71,71,18.000,39.000,55.000,100,213,341,160,155,155,155,155,155,155,1,0,0,3,30,1
1.995000,285.95,13.266,7.960,236,359,72.000,71,71,18.000,39.000,55.000,95,211,338,160,154,154,154,154,154,154,1,0,0,3,30,1
2.000000,288.11,12.572,7.520,227,357,72.000,71,71,18.000,39.000,55.000,90,210,336,160,153,153,153,153,153,153,1,0,0,3,30,1
2.005000,290.27,11.931,7.140,218,354,72.000,72,71,18.000,39.000,55.000,85,208,333,160,151,151,151,151,151,151,1,0,0,3,30,1
2.010000,292.43,11.348,6.820,210,351,72.000,72,71,18.000,39.000,55.000,82,206,330,160,150,150,150,150,150,150,1,0,0,3,30,1
2.015000,294.59,10.827,6.490,201,349,72.000,72,71,18.000,39.000,55.000,78,204,327,160,149,149,149,149,149,149,1,0,0,3,30,1
2.020000,296.75,10.371,6.220,193,346,72.000,72,71,18.000,39.000,55.000,74,203,324,160,148,148,148,148,148,148,1,0,0,3,30,1
2.025000,298.91,9.983,6.000,186,343,72.000,72,71,18.000,39.000,55.000,72,201,321,160,146,146,146,146,146,146,1,0,0,3,30,1
2.030000,301.07,9.666,5.790,179,339,72.000,72,71,18.000,39.000,55.000,69,198,317,160,144,144,144,144,144,144,1,0,0,3,30,1
2.035000,303.23,9.422,5.630,172,336,72.000,72,71,18.000,39.000,55.000,67,196,314,160,143,143,143,143,143,143,1,0,0,3,30,1
2.040000,305.39,9.255,5.550,166,333,72.000,71,71,18.000,39.000,55.000,66,194,311,160,141,141,141,141,141,141,1,0,0,3,30,1
2.045000,307.55,9.164,5.510,161,330,72.000,71,71,18.000,39.000,55.000,66,192,308,160,140,140,140,140,140,140,1,0,0,3,30,1
2.050000,309.71,9.152,5.510,156,326,72.000,71,71,18.000,39.000,55.000,66,189,303,160,138,138,138,138,138,138,1,0,0,3,30,1
2.055000,311.87,9.220,5.550,152,323,72.000,71,71,18.000,39.000,55.000,66,187,300,160,137,137,137,137,137,137,1,0,0,3,30,1
2.060000,314.03,9.368,5.630,148,320,72.000,71,71,18.000,39.000,55.000,67,185,297,160,135,135,135,135,135,135,1,0,0,3,30,1
2.065000,316.19,9.596,5.750,146,316,72.000,71,71,18.000,39.000,55.000,69,183,293,160,133,133,133,133,133,133,1,0,0,3,30,1
2.070000,318.35,9.903,5.960,144,313,72.000,71,71,18.000,39.000,55.000,71,181,290,160,132,132,132,132,132,132,1,0,0,3,30,1
2.075000,320.51,10.290,6.160,143,309,72.000,71,71,18.000,39.000,55.000,74,178,286,160,130,130,130,130,130,130,1,0,0,3,30,1
2.080000,322.67,10.755,6.440,143,306,72.000,71,71,18.000,39.000,55.000,77,176,282,160,129,129,129,129,129,129,1,0,0,3,30,1
2.085000,324.83,11.296,6.760,143,303,72.000,71,71,18.000,39.000,55.000,81,174,279,160,127,127,127,127,127,127,1,0,0,3,30,1
2.090000,326.99,11.911,7.140,145,300,72.000,71,71,18.000,39.000,55.000,85,172,276,160,126,126,126,126,126,126,1,0,0,3,30,1
2.095000,329.15,12.598,7.580,147,297,72.000,71,71,18.000,39.000,55.000,91,170,273,160,124,124,124,124,124,124,1,0,0,3,30,1
2.100000,331.31,13.354,8.010,150,294,72.000,71,71,18.000,39.000,55.000,96,168,270,160,123,123,123,123,123,123,1,0,0,3,30,1
2.105000,333.47,14.176,8.500,154,291,72.000,71,71,18.000,39.000,55.000,102,167,267,160,121,121,121,121,121,121,1,0,0,3,30,1
2.110000,335.63,15.061,9.050,158,289,72.000,71,71,18.000,39.000,55.000,108,165,265,160,120,120,120,120,120,120,1,0,0,3,30,1
2.115000,337.79,16.005,9.590,163,286,72.000,71,71,18.000,39.000,55.000,115,163,262,160,119,119,119,119,119,119,1,0,0,3,30,1
2.120000,339.95,17.003,10.190,169,284,72.000,71,71,18.000,39.000,55.000,122,162,259,160,118,118,118,118,118,118,1,0,0,3,30,1
2.125000,342.11,18.052,10.840,176,282,72.000,71,71,18.000,39.000,55.000,130,161,257,160,117,117,117,117,117,117,1,0,0,3,30,1
2.130000,344.27,19.146,11.490,183,280,72.000,71,71,18.000,39.000,55.000,138,159,255,160,116,116,116,116,116,116,1,0,0,3,30,1
2.135000,346.43,20.280,12.150,191,278,72.000,71,71,18.000,39.000,55.000,146,158,253,160,115,115,115,115,115,115,1,0,0,3,30,1
2.140000,348.59,21.450,12.850,200,276,72.000,71,71,18.000,39.000,55.000,154,157,251,160,114,114,114,114,114,114,1,0,0,3,30,1
2.145000,350.75,22.651,13.620,209,275,72.000,71,71,18.000,39.000,55.000,163,156,250,160,114,114,114,114,114,114,1,0,0,3,30,1
2.150000,352.91,23.875,14.320,219,274,72.000,71,71,18.000,39.000,55.000,172,155,249,160,113,113,113,113,113,113,1,0,0,3,30,1
2.155000,355.07,25.119,15.080,229,273,72.000,71,71,18.000,39.000,55.000,181,155,248,160,113,113,113,113,113,113,1,0,0,3,30,1
2.160000,357.23,26.376,15.850,240,272,72.000,71,71,18.000,39.000,55.000,190,154,247,160,112,112,112,112,112,112,1,0,0,3,30,1
2.165000,359.39,27.641,16.610,251,272,72.000,71,71,18.000,39.000,55.000,199,154,247,160,112,112,112,112,112,112,1,0,0,3,30,1
2.170000,1.55,28.907,17.310,263,271,72.000,71,71,18.000,39.000,55.000,208,153,246,160,112,112,112,112,112,112,1,0,0,3,30,1
2.175000,3.71,30.170,18.080,275,271,72.000,71,71,18.000,39.000,55.000,217,153,246,160,112,112,112,112,112,112,1,0,0,3,30,1
2.180000,5.87,31.422,18.840,287,272,72.000,71,71,18.000,39.000,55.000,226,154,247,160,112,112,112,112,112,112,1,0,0,3,30,1
2.185000,8.03,32.658,19.600,299,272,72.000,71,71,18.000,39.000,55.000,235,154,247,160,112,112,112,112,112,112,1,0,0,3,30,1
2.190000,10.19,33.873,20.310,312,274,72.000,71,71,18.000,39.000,55.000,244,155,249,160,113,113,113,113,113,113,1,0,0,3,30,1
2.195000,12.35,35.061,21.010,324,276,72.000,71,71,18.000,39.000,55.000,252,157,251,160,114,114,114,114,114,114,1,0,0,3,30,1
2.200000,14.51,36.216,21.720,337,278,72.000,71,71,18.000,39.000,55.000,261,158,253,160,115,115,115,115,115,115,1,0,0,3,30,1
2.205000,16.67,37.334,22.370,350,280,72.000,71,71,18.000,39.000,55.000,269,159,255,160,116,116,116,116,116,116,1,0,0,3,30,1
2.210000,18.83,38.408,23.030,362,284,72.000,71,71,18.000,39.000,55.000,276,162,259,160,118,118,118,118,118,118,1,0,0,3,30,1
2.215000,20.99,39.436,23.620,374,287,72.000,71,71,18.000,39.000,55.000,284,164,263,160,120,120,120,120,120,120,1,0,0,3,30,1
2.220000,23.15,40.411,24.220,387,291,72.000,71,71,18.000,39.000,55.000,291,167,267,160,121,121,121,121,121,121,1,0,0,3,30,1
2.225000,25.31,41.330,24.770,399,295,72.000,71,71,18.000,39.000,55.000,297,169,271,160,123,123,123,123,123,123,1,0,0,3,30,1
2.230000,27.47,42.188,25.310,410,299,72.000,71,71,18.000,39.000,55.000,304,172,275,160,125,125,125,125,125,125,1,0,0,3,30,1
2.235000,29.63,42.982,25.800,422,304,72.000,71,71,18.000,39.000,55.000,310,175,280,160,128,128,128,128,128,128,1,0,0,3,30,1
2.240000,31.79,43.709,26.230,433,309,72.000,71,71,18.000,39.000,55.000,315,178,286,160,130,130,130,130,130,130,1,0,0,3,30,1
2.245000,33.95,44.365,26.620,443,314,72.000,71,71,18.000,39.000,55.000,320,182,291,160,132,132,132,132,132,132,1,0,0,3,30,1
2.250000,36.11,44.948,26.940,453,320,72.000,71,71,18.000,39.000,55.000,324,185,297,160,135,135,135,135,135,135,1,0,0,3,30,1
2.255000,38.27,45.456,27.270,463,325,72.000,71,71,18.000,39.000,55.000,327,189,302,160,138,138,138,138,138,138,1,0,0,3,30,1
2.260000,40.43,45.887,27.540,472,331,72.000,71,71,18.000,39.000,55.000,331,193,309,160,140,140,140,140,140,140,1,0,0,3,30,1
2.265000,42.59,46.240,27.760,480,337,72.000,71,71,18.000,39.000,55.000,333,197,315,160,143,143,143,143,143,143,1,0,0,3,30,1
2.270000,44.75,46.513,27.920,488,343,72.000,71,71,18.000,39.000,55.000,335,201,321,160,146,146,146,146,146,146,1,0,0,3,30,1
2.275000,46.91,46.706,28.030,494,349,72.000,71,71,18.000,39.000,55.000,337,204,327,160,149,149,149,149,149,149,1,0,0,3,30,1
2.280000,49.07,46.819,28.080,501,355,72.000,71,71,18.000,39.000,55.000,337,208,334,160,152,152,152,152,152,152,1,0,0,3,30,1
2.285000,51.23,46.852,28.080,506,361,72.000,71,71,18.000,39.000,55.000,337,212,340,160,155,155,155,155,155,155,1,0,0,3,30,1
2.290000,53.39,46.806,28.080,511,367,72.000,71,71,18.000,39.000,55.000,337,216,346,160,158,158,158,158,158,158,1,0,0,3,30,1
2.295000,55.55,46.682,27.970,515,373,72.000,71,71,18.000,39.000,55.000,336,220,353,160,161,161,161,161,161,161,1,0,0,3,30,1
2.300000,57.71,46.481,27.870,518,379,72.000,71,71,18.000,39.000,55.000,335,224,359,160,163,163,163,163,163,163,1,0,0,3,30,1
2.305000,59.87,46.206,27.700,521,385,72.000,71,71,18.000,39.000,55.000,333,228,365,160,166,166,166,166,166,166,1,0,0,3,30,1
2.310000,62.03,45.858,27.490,522,390,72.000,71,71,18.000,39.000,55.000,330,231,370,160,169,169,169,169,169,169,1,0,0,3,30,1
2.315000,64.19,45.440,27.270,523,395,72.000,72,71,18.000,39.000,55.000,327,235,376,160,171,171,171,171,171,171,1,0,0,3,30,1
2.320000,66.35,44.955,27.000,523,401,72.000,72,71,18.000,39.000,55.000,324,238,382,160,174,174,174,174,174,174,1,0,0,3,30,1
2.325000,68.51,44.407,26.620,523,406,72.000,72,71,18.000,39.000,55.000,320,242,387,160,176,176,176,176,176,176,1,0,0,3,30,1
2.330000,70.67,43.798,26.290,521,410,72.000,72,71,18.000,39.000,55.000,316,244,391,160,178,178,178,178,178,178,1,0,0,3,30,1
2.335000,72.83,43.134,25.850,519,415,72.000,72,71,18.000,39.000,55.000,310,248,397,160,181,181,181,181,181,181,1,0,0,3,30,1
2.340000,74.99,42.418,25.420,516,419,72.000,72,71,18.000,39.000,55.000,305,250,401,160,183,183,183,183,183,183,1,0,0,3,30,1
2.345000,77.15,41.654,24.980,513,423,72.000,72,71,18.000,39.000,55.000,300,253,405,160,184,184,184,184,184,184,1,0,0,3,30,1
2.350000,79.31,40.848,24.490,508,426,72.000,71,71,18.000,39.000,55.000,294,255,408,160,186,186,186,186,186,186,1,0,0,3,30,1
2.355000,81.47,40.004,24.000,503,430,72.000,71,71,18.000,39.000,55.000,288,257,412,160,188,188,188,188,188,188,1,0,0,3,30,1
2.360000,83.63,39.128,23.460,498,432,72.000,71,71,18.000,39.000,55.000,282,259,414,160,189,189,189,189,189,189,1,0,0,3,30,1
2.365000,85.79,38.223,22.920,492,435,72.000,71,71,18.000,39.000,55.000,275,261,417,160,190,190,190,190,190,190,1,0,0,3,30,1
2.370000,87.95,37.296,22.370,485,437,72.000,71,71,18.000,39.000,55.000,269,262,420,160,191,191,191,191,191,191,1,0,0,3,30,1
2.375000,90.11,36.352,21.830,478,439,72.000,71,71,18.000,39.000,55.000,262,263,422,160,192,192,192,192,192,192,1,0,0,3,30,1
2.380000,92.27,35.397,21.230,470,440,72.000,71,71,18.000,39.000,55.000,255,264,423,160,193,193,193,193,193,193,1,0,0,3,30,1
2.385000,94.43,34.435,20.690,462,441,72.000,71,71,18.000,39.000,55.000,248,265,424,160,193,193,193,193,193,193,1,0,0,3,30,1
2.390000,96.59,33.472,20.090,454,442,72.000,71,71,18.000,39.000,55.000,241,265,425,160,194,194,194,194,194,194,1,0,0,3,30,1
2.395000,98.75,32.514,19.490,445,442,72.000,71,71,18.000,39.000,55.000,234,265,425,160,194,194,194,194,194,194,1,0,0,3,30,1
2.400000,100.91,31.566,18.950,437,442,72.000,71,71,18.000,39.000,55.000,227,265,425,160,194,194,194,194,194,194,1,0,0,3,30,1
2.405000,103.07,30.632,18.350,427,442,72.000,71,71,18.000,39.000,55.000,220,265,425,160,194,194,194,194,194,194,1,0,0,3,30,1
2.410000,105.23,29.718,17.800,418,442,72.000,71,71,18.000,39.000,55.000,214,265,425,160,194,194,194,194,194,194,1,0,0,3,30,1
2.415000,107.39,28.829,17.310,409,441,72.000,71,71,18.000,39.000,55.000,208,265,424,160,193,193,193,193,193,193,1,0,0,3,30,1
2.420000,109.55,27.970,16.770,400,440,72.000,71,71,18.000,39.000,55.000,201,264,423,160,193,193,193,193,193,193,1,0,0,3,30,1
2.425000,111.71,27.144,16.280,390,440,72.000,71,71,18.000,39.000,55.000,195,264,423,160,193,193,193,193,193,193,1,0,0,3,30,1
2.430000,113.87,26.357,15.790,381,439,72.000,71,71,18.000,39.000,55.000,189,263,422,160,192,192,192,192,192,192,1,0,0,3,30,1
2.435000,116.03,25.612,15.360,372,437,72.000,71,71,18.000,39.000,55.000,184,262,420,160,191,191,191,191,191,191,1,0,0,3,30,1
2.440000,118.19,24.912,14.920,363,436,72.000,71,71,18.000,39.000,55.000,179,261,418,160,191,191,191,191,191,191,1,0,0,3,30,1
2.445000,120.35,24.261,14.540,354,434,72.000,71,71,18.000,39.000,55.000,174,260,417,160,190,190,190,190,190,190,1,0,0,3,30,1
2.450000,122.51,23.663,14.210,345,433,72.000,71,71,18.000,39.000,55.000,170,259,415,160,189,189,189,189,189,189,1,0,0,3,30,1
2.455000,124.67,23.119,13.890,337,431,72.000,71,71,18.000,39.000,55.000,167,258,413,160,188,188,188,188,188,188,1,0,0,3,30,1
2.460000,126.83,22.633,13.560,329,429,72.000,71,71,18.000,39.000,55.000,163,257,411,160,187,187,187,187,187,187,1,0,0,3,30,1
2.465000,128.99,22.206,13.340,322,427,72.000,71,71,18.000,39.000,55.000,160,255,409,160,186,186,186,186,186,186,1,0,0,3,30,1
2.470000,131.15,21.839,13.130,315,425,72.000,71,71,18.000,39.000,55.000,157,254,407,160,185,185,185,185,185,185,1,0,0,3,30,1
2.475000,133.31,21.534,12.910,308,423,72.000,71,71,18.000,39.000,55.000,155,253,405,160,184,184,184,184,184,184,1,0,0,3,30,1
2.480000,135.47,21.293,12.740,302,420,72.000,71,71,18.000,39.000,55.000,153,251,402,160,183,183,183,183,183,183,1,0,0,3,30,1
2.485000,137.63,21.114,12.640,296,418,72.000,71,71,18.000,39.000,55.000,152,250,400,160,182,182,182,182,182,182,1,0,0,3,30,1
2.490000,139.79,20.999,12.580,291,416,72.000,71,71,18.000,39.000,55.000,151,248,398,160,181,181,181,181,181,181,1,0,0,3,30,1
2.495000,141.95,20.946,12.580,287,413,72.000,71,71,18.000,39.000,55.000,151,246,394,160,180,180,180,180,180,180,1,0,0,3,30,1
2.500000,144.11,20.956,12.580,283,411,72.000,71,71,18.000,39.000,55.000,151,245,392,160,179,179,179,179,179,179,1,0,0,3,30,1
2.505000,146.27,21.027,12.640,279,408,72.000,71,71,18.000,39.000,55.000,152,243,389,160,177,177,177,177,177,177,1,0,0,3,30,1
2.510000,148.43,21.157,12.690,277,406,72.000,71,71,18.000,39.000,55.000,152,242,387,160,176,176,176,176,176,176,1,0,0,3,30,1
2.515000,150.59,21.345,12.800,274,403,72.000,71,71,18.000,39.000,55.000,153,240,384,160,175,175,175,175,175,175,1,0,0,3,30,1
2.520000,152.75,21.588,12.960,273,401,72.000,71,71,18.000,39.000,55.000,155,238,382,160,174,174,174,174,174,174,1,0,0,3,30,1
2.525000,154.91,21.884,13.130,272,398,72.000,71,71,18.000,39.000,55.000,157,237,379,160,173,173,173,173,173,173,1,0,0,3,30,1
2.530000,157.07,22.230,13.340,272,396,72.000,71,71,18.000,39.000,55.000,160,235,377,160,172,172,172,172,172,172,1,0,0,3,30,1
2.535000,159.23,22.623,13.560,272,393,72.000,71,71,18.000,39.000,55.000,163,233,374,160,170,170,170,170,170,170,1,0,0,3,30,1
2.540000,161.39,23.059,13.830,272,391,72.000,71,71,18.000,39.000,55.000,166,232,371,160,169,169,169,169,169,169,1,0,0,3,30,1
2.545000,163.55,23.534,14.100,274,389,72.000,71,71,18.000,39.000,55.000,169,231,369,160,168,168,168,168,168,168,1,0,0,3,30,1
2.550000,165.71,24.045,14.430,276,386,72.000,71,71,18.000,39.000,55.000,173,229,366,160,167,167,167,167,167,167,1,0,0,3,30,1
2.555000,167.87,24.588,14.760,278,384,72.000,71,71,18.000,39.000,55.000,177,227,364,160,166,166,166,166,166,166,1,0,0,3,30,1
2.560000,170.03,25.157,15.080,281,382,72.000,71,71,18.000,39.000,55.000,181,226,362,160,165,165,165,165,165,165,1,0,0,3,30,1
2.565000,172.19,25.748,15.460,284,380,72.000,71,71,18.000,39.000,55.000,185,225,360,160,164,164,164,164,164,164,1,0,0,3,30,1
2.570000,174.35,26.357,15.790,288,378,72.000,71,71,18.000,39.000,55.000,189,223,358,160,163,163,163,163,163,163,1,0,0,3,30,1
2.575000,176.51,26.980,16.170,292,377,72.000,71,71,18.000,39.000,55.000,194,223,357,160,162,162,162,162,162,162,1,0,0,3,30,1
2.580000,178.67,27.610,16.550,297,375,72.000,71,71,18.000,39.000,55.000,199,222,355,160,162,162,162,162,162,162,1,0,0,3,30,1
2.585000,180.83,28.243,16.930,302,374,72.000,71,71,18.000,39.000,55.000,203,221,354,160,161,161,161,161,161,161,1,0,0,3,30,1
2.590000,182.99,28.874,17.310,307,372,72.000,71,71,18.000,39.000,55.000,208,219,351,160,160,160,160,160,160,160,1,0,0,3,30,1
2.595000,185.15,29.498,17.690,312,371,72.000,71,71,18.000,39.000,55.000,212,219,351,160,160,160,160,160,160,160,1,0,0,3,30,1
2.600000,187.31,30.111,18.080,318,370,72.000,71,71,18.000,39.000,55.000,217,218,349,160,159,159,159,159,159,159,1,0,0,3,30,1
2.605000,189.47,30.707,18.400,324,369,72.000,71,71,18.000,39.000,55.000,221,218,348,160,159,159,159,159,159,159,1,0,0,3,30,1
2.610000,191.63,31.282,18.780,330,368,72.000,71,71,18.000,39.000,55.000,225,217,347,160,158,158,158,158,158,158,1,0,0,3,30,1
2.615000,193.79,31.831,19.110,336,368,72.000,71,71,18.000,39.000,55.000,229,217,347,160,158,158,158,158,158,158,1,0,0,3,30,1
2.620000,195.95,32.350,19.380,341,367,72.000,71,71,18.000,39.000,55.000,233,216,346,160,158,158,158,158,158,158,1,0,0,3,30,1
2.625000,198.11,32.834,19.710,347,367,72.000,71,71,18.000,39.000,55.000,237,216,346,160,158,158,158,158,158,158,1,0,0,3,30,1
2.630000,200.27,33.279,19.980,353,366,72.000,72,71,18.000,39.000,55.000,240,216,345,160,157,157,157,157,157,157,1,0,0,3,30,1
2.635000,202.43,33.682,20.200,359,366,72.000,72,71,18.000,39.000,55.000,242,216,345,160,157,157,157,157,157,157,1,0,0,3,30,1
2.640000,204.59,34.040,20.410,364,366,72.000,72,71,18.000,39.000,55.000,245,216,345,160,157,157,157,157,157,157,1,0,0,3,30,1
2.645000,206.75,34.348,20.580,369,366,72.000,72,71,18.000,39.000,55.000,247,216,345,160,157,157,157,157,157,157,1,0,0,3,30,1
2.650000,208.91,34.603,20.740,374,366,72.000,72,71,18.000,39.000,55.000,249,216,345,160,157,157,157,157,157,157,1,0,0,3,30,1
2.655000,211.07,34.804,20.900,379,367,72.000,72,71,18.000,39.000,55.000,251,216,346,160,158,158,158,158,158,158,1,0,0,3,30,1
2.660000,213.23,34.948,20.960,383,367,72.000,72,71,18.000,39.000,55.000,252,216,346,160,158,158,158,158,158,158,1,0,0,3,30,1
2.665000,215.39,35.033,21.010,387,368,72.000,71,71,18.000,39.000,55.000,252,217,347,160,158,158,158,158,158,158,1,0,0,3,30,1
2.670000,217.55,35.057,21.010,390,369,72.000,71,71,18.000,39.000,55.000,252,218,348,160,159,159,159,159,159,159,1,0,0,3,30,1
2.675000,219.71,35.019,21.010,393,370,72.000,71,71,18.000,39.000,55.000,252,218,349,160,159,159,159,159,159,159,1,0,0,3,30,1
2.680000,221.87,34.918,20.960,395,371,72.000,71,71,18.000,39.000,55.000,252,219,351,160,160,160,160,160,160,160,1,0,0,3,30,1
2.685000,224.03,34.755,20.850,397,372,72.000,71,71,18.000,39.000,55.000,250,219,351,160,160,160,160,160,160,160,1,0,0,3,30,1
2.690000,226.19,34.528,20.690,399,373,72.000,71,71,18.000,39.000,55.000,248,220,353,160,161,161,161,161,161,161,1,0,0,3,30,1
2.695000,228.35,34.238,20.520,399,374,72.000,71,71,18.000,39.000,55.000,246,221,354,160,161,161,161,161,161,161,1,0,0,3,30,1
2.700000,230.51,33.885,20.310,400,375,72.000,71,71,18.000,39.000,55.000,244,222,355,160,162,162,162,162,162,162,1,0,0,3,30,1
2.705000,232.67,33.472,20.090,399,376,72.000,71,71,18.000,39.000,55.000,241,222,356,160,162,162,162,162,162,162,1,0,0,3,30,1
2.710000,234.83,32.999,19.820,398,377,72.000,71,71,18.000,39.000,55.000,238,223,357,160,162,162,162,162,162,162,1,0,0,3,30,1
2.715000,236.99,32.469,19.490,397,377,72.000,71,71,18.000,39.000,55.000,234,223,357,160,162,162,162,162,162,162,1,0,0,3,30,1
2.720000,239.15,31.883,19.110,395,378,72.000,71,71,18.000,39.000,55.000,229,223,358,160,163,163,163,163,163,163,1,0,0,3,30,1
2.725000,241.31,31.244,18.730,392,379,72.000,71,71,18.000,39.000,55.000,225,224,359,160,163,163,163,163,163,163,1,0,0,3,30,1
2.730000,243.47,30.556,18.350,388,379,72.000,71,71,18.000,39.000,55.000,220,224,359,160,163,163,163,163,163,163,1,0,0,3,30,1
2.735000,245.63,29.821,17.910,384,379,72.000,71,71,18.000,39.000,55.000,215,224,359,160,163,163,163,163,163,163,1,0,0,3,30,1
2.740000,247.79,29.043,17.420,380,380,72.000,71,71,18.000,39.000,55.000,209,225,360,160,164,164,164,164,164,164,1,0,0,3,30,1
2.745000,249.95,28.226,16.930,375,379,72.000,71,71,18.000,39.000,55.000,203,224,359,160,163,163,163,163,163,163,1,0,0,3,30,1
2.750000,252.11,27.374,16.440,369,379,72.000,71,71,18.000,39.000,55.000,197,224,359,160,163,163,163,163,163,163,1,0,0,3,30,1
2.755000,254.27,26.491,15.900,363,379,72.000,71,71,18.000,39.000,55.000,191,224,359,160,163,163,163,163,163,163,1,0,0,3,30,1
2.760000,256.43,25.583,15.360,356,379,72.000,71,71,18.000,39.000,55.000,184,224,359,160,163,163,163,163,163,163,1,0,0,3,30,1
2.765000,258.59,24.654,14.810,349,378,72.000,71,71,18.000,39.000,55.000,178,223,358,160,163,163,163,163,163,163,1,0,0,3,30,1
2.770000,260.75,23.708,14.210,341,378,72.000,71,71,18.000,39.000,55.000,170,223,358,160,163,163,163,163,163,163,1,0,0,3,30,1
2.775000,262.91,22.752,13.670,333,377,72.000,71,71,18.000,39.000,55.000,164,223,357,160,162,162,162,162,162,162,1,0,0,3,30,1
2.780000,265.07,21.790,13.070,325,376,72.000,71,71,18.000,39.000,55.000,157,222,356,160,162,162,162,162,162,162,1,0,0,3,30,1
2.785000,267.23,20.827,12.470,317,375,72.000,71,71,18.000,39.000,55.000,149,222,355,160,162,162,162,162,162,162,1,0,0,3,30,1
2.790000,269.39,19.870,11.930,308,374,72.000,71,71,18.000,39.000,55.000,143,221,354,160,161,161,161,161,161,161,1,0,0,3,30,1
2.795000,271.55,18.923,11.330,299,372,72.000,71,71,18.000,39.000,55.000,136,219,351,160,160,160,160,160,160,160,1,0,0,3,30,1
2.800000,273.71,17.991,10.790,289,371,72.000,71,71,18.000,39.000,55.000,129,219,351,160,160,160,160,160,160,160,1,0,0,3,30,1
2.805000,275.87,17.081,10.240,280,369,72.000,71,71,18.000,39.000,55.000,123,218,348,160,159,159,159,159,159,159,1,0,0,3,30,1
2.810000,278.03,16.197,9.700,270,367,72.000,71,71,18.000,39.000,55.000,116,216,346,160,158,158,158,158,158,158,1,0,0,3,30,1
2.815000,280.19,15.345,9.210,261,365,72.000,71,71,18.000,39.000,55.000,110,215,344,160,157,157,157,157,157,157,1,0,0,3,30,1
2.820000,282.35,14.530,8.720,252,363,72.000,71,71,18.000,39.000,55.000,104,214,342,160,156,156,156,156,156,156,1,0,0,3,30,1
2.825000,284.51,13.756,8.230,242,361,72.000,71,71,18.000,39.000,55.000,98,212,340,160,155,155,155,155,155,155,1,0,0,3,30,1
2.830000,286.67,13.029,7.790,233,359,72.000,71,71,18.000,39.000,55.000,93,211,338,160,154,154,154,154,154,154,1,0,0,3,30,1
2.835000,288.83,12.352,7.410,224,356,72.000,71,71,18.000,39.000,55.000,89,209,335,160,152,152,152,152,152,152,1,0,0,3,30,1
2.840000,290.99,11.730,7.030,215,353,72.000,71,71,18.000,39.000,55.000,84,207,332,160,151,151,151,151,151,151,1,0,0,3,30,1
2.845000,293.15,11.167,6.710,207,351,72.000,71,71,18.000,39.000,55.000,80,206,330,160,150,150,150,150,150,150,1,0,0,3,30,1
2.850000,295.31,10.668,6.380,199,348,72.000,71,71,18.000,39.000,55.000,76,204,326,160,149,149,149,149,149,149,1,0,0,3,30,1
2.855000,297.47,10.234,6.160,191,345,72.000,71,71,18.000,39.000,55.000,74,202,323,160,147,147,147,147,147,147,1,0,0,3,30,1
2.860000,299.63,9.869,5.920,184,342,72.000,71,71,18.000,39.000,55.000,71,200,320,160,146,146,146,146,146,146,1,0,0,3,30,1
2.865000,301.79,9.576,5.750,177,338,72.000,71,71,18.000,39.000,55.000,69,197,316,160,144,144,144,144,144,144,1,0,0,3,30,1
2.870000,303.95,9.358,5.630,170,335,72.000,71,71,18.000,39.000,55.000,67,195,313,160,142,142,142,142,142,142,1,0,0,3,30,1
2.875000,306.11,9.216,5.550,164,332,72.000,71,71,18.000,39.000,55.000,66,193,310,160,141,141,141,141,141,141,1,0,0,3,30,1
2.880000,308.27,9.151,5.510,159,329,72.000,71,71,18.000,39.000,55.000,66,191,306,160,140,140,140,140,140,140,1,0,0,3,30,1
2.885000,310.43,9.166,5.510,154,325,72.000,71,71,18.000,39.000,55.000,66,189,302,160,138,138,138,138,138,138,1,0,0,3,30,1
2.890000,312.59,9.260,5.550,150,322,72.000,71,71,18.000,39.000,55.000,66,187,299,160,136,136,136,136,136,136,1,0,0,3,30,1
2.895000,314.75,9.435,5.670,147,318,72.000,71,71,18.000,39.000,55.000,68,184,295,160,134,134,134,134,134,134,1,0,0,3,30,1
2.900000,316.91,9.689,5.790,145,315,72.000,71,71,18.000,39.000,55.000,69,182,292,160,133,133,133,133,133,133,1,0,0,3,30,1
2.905000,319.07,10.023,6.000,143,312,72.000,71,71,18.000,39.000,55.000,72,180,289,160,131,131,131,131,131,131,1,0,0,3,30,1
2.910000,321.23,10.436,6.270,143,308,72.000,71,71,18.000,39.000,55.000,75,178,285,160,130,130,130,130,130,130,1,0,0,3,30,1
2.915000,323.39,10.927,6.540,143,305,72.000,71,71,18.000,39.000,55.000,78,176,281,160,128,128,128,128,128,128,1,0,0,3,30,1
2.920000,325.55,11.492,6.870,144,302,72.000,71,71,18.000,39.000,55.000,82,174,278,160,127,127,127,127,127,127,1,0,0,3,30,1
2.925000,327.71,12.132,7.310,145,299,72.000,71,71,18.000,39.000,55.000,87,172,275,160,125,125,125,125,125,125,1,0,0,3,30,1
2.930000,329.87,12.842,7.690,148,296,72.000,71,71,18.000,39.000,55.000,92,170,272,160,124,124,124,124,124,124,1,0,0,3,30,1
2.935000,332.03,13.621,8.180,151,293,72.000,71,71,18.000,39.000,55.000,98,168,269,160,122,122,122,122,122,122,1,0,0,3,30,1
2.940000,334.19,14.465,8.670,155,290,72.000,72,72,18.000,39.000,55.000,105,168,269,160,121,121,121,121,121,121,1,0,0,3,30,1
2.945000,336.35,15.370,9.210,160,288,72.000,72,72,18.000,39.000,55.000,112,167,267,160,120,120,120,120,120,120,1,0,0,3,30,1
2.950000,338.51,16.332,9.810,165,285,72.000,72,72,18.000,39.000,55.000,119,165,264,160,119,119,119,119,119,119,1,0,0,3,30,1
2.955000,340.67,17.347,10.410,171,283,72.000,72,72,18.000,39.000,55.000,126,164,262,160,118,118,118,118,118,118,1,0,0,3,30,1
2.960000,342.83,18.412,11.060,178,281,72.000,72,72,18.000,39.000,55.000,134,162,260,160,117,117,117,117,117,117,1,0,0,3,30,1
2.965000,344.99,19.520,11.710,186,279,72.000,72,72,18.000,39.000,55.000,142,161,258,160,116,116,116,116,116,116,1,0,0,3,30,1
2.970000,347.15,20.667,12.420,194,277,72.000,72,72,18.000,39.000,55.000,151,160,256,160,115,115,115,115,115,115,1,0,0,3,30,1
2.975000,349.31,21.847,13.130,203,276,72.000,71,71,18.000,39.000,55.000,157,157,251,160,114,114,114,114,114,114,1,0,0,3,30,1
2.980000,351.47,23.056,13.830,212,274,72.000,71,71,18.000,39.000,55.000,166,155,249,160,113,113,113,113,113,113,1,0,0,3,30,1
2.985000,353.63,24.288,14.590,222,273,72.000,71,71,18.000,39.000,55.000,175,155,248,160,113,113,113,113,113,113,1,0,0,3,30,1
2.990000,355.79,25.537,15.300,233,273,72.000,71,71,18.000,39.000,55.000,184,155,248,160,113,113,113,113,113,113,1,0,0,3,30,1
2.995000,357.95,26.797,16.060,244,272,72.000,71,71,18.000,39.000,55.000,193,154,247,160,112,112,112,112,112,112,1,0,0,3,30,1
3.000000,0.11,28.063,16.820,255,271,72.000,71,71,18.000,39.000,55.000,202,153,246,160,112,112,112,112,112,112,1,0,0,3,30,1
3.005000,2.27,29.329,17.590,267,271,72.000,71,71,18.000,39.000,55.000,211,153,246,160,112,112,112,112,112,112,1,0,0,3,30,1
3.010000,4.43,30.588,18.350,279,271,72.000,71,71,18.000,39.000,55.000,220,153,246,160,112,112,112,112,112,112,1,0,0,3,30,1
3.015000,6.59,31.836,19.110,291,272,72.000,71,71,18.000,39.000,55.000,229,154,247,160,112,112,112,112,112,112,1,0,0,3,30,1
3.020000,8.75,33.066,19.820,303,273,72.000,71,71,18.000,39.000,55.000,238,155,248,160,113,113,113,113,113,113,1,0,0,3,30,1
3.025000,10.91,34.272,20.580,316,274,72.000,71,71,18.000,39.000,55.000,247,155,249,160,113,113,113,113,113,113,1,0,0,3,30,1
3.030000,13.07,35.450,21.280,328,276,72.000,71,71,18.000,39.000,55.000,255,157,251,160,114,114,114,114,114,114,1,0,0,3,30,1
3.035000,15.23,36.593,21.940,341,279,72.000,71,71,18.000,39.000,55.000,263,159,254,160,116,116,116,116,116,116,1,0,0,3,30,1
3.040000,17.39,37.697,22.590,354,281,72.000,71,71,18.000,39.000,55.000,271,160,256,160,117,117,117,117,117,117,1,0,0,3,30,1
3.045000,19.55,38.756,23.240,366,285,72.000,71,71,18.000,39.000,55.000,279,163,260,160,119,119,119,119,119,119,1,0,0,3,30,1
3.050000,21.71,39.767,23.840,379,288,72.000,71,71,18.000,39.000,55.000,286,165,264,160,120,120,120,120,120,120,1,0,0,3,30,1
3.055000,23.87,40.724,24.440,391,292,72.000,71,71,18.000,39.000,55.000,293,167,268,160,122,122,122,122,122,122,1,0,0,3,30,1
3.060000,26.03,41.623,24.980,403,296,72.000,71,71,18.000,39.000,55.000,300,170,272,160,124,124,124,124,124,124,1,0,0,3,30,1
3.065000,28.19,42.460,25.470,414,301,72.000,71,71,18.000,39.000,55.000,306,173,277,160,126,126,126,126,126,126,1,0,0,3,30,1
3.070000,30.35,43.232,25.910,425,306,72.000,71,71,18.000,39.000,55.000,311,176,282,160,129,129,129,129,129,129,1,0,0,3,30,1
3.075000,32.51,43.935,26.340,436,311,72.000,71,71,18.000,39.000,55.000,316,180,288,160,131,131,131,131,131,131,1,0,0,3,30,1
3.080000,34.67,44.567,26.720,447,316,72.000,71,71,18.000,39.000,55.000,321,183,293,160,133,133,133,133,133,133,1,0,0,3,30,1
3.085000,36.83,45.126,27.050,456,322,72.000,71,71,18.000,39.000,55.000,325,187,299,160,136,136,136,136,136,136,1,0,0,3,30,1
3.090000,38.99,45.608,27.380,466,327,72.000,71,71,18.000,39.000,55.000,329,190,305,160,139,139,139,139,139,139,1,0,0,3,30,1
3.095000,41.15,46.014,27.590,474,333,72.000,71,71,18.000,39.000,55.000,331,194,311,160,141,141,141,141,141,141,1,0,0,3,30,1
3.100000,43.31,46.340,27.810,482,339,72.000,71,71,18.000,39.000,55.000,334,198,317,160,144,144,144,144,144,144,1,0,0,3,30,1
3.105000,45.47,46.586,27.920,490,345,72.000,71,71,18.000,39.000,55.000,335,202,323,160,147,147,147,147,147,147,1,0,0,3,30,1
3.110000,47.63,46.753,28.030,497,351,72.000,71,71,18.000,39.000,55.000,337,206,330,160,150,150,150,150,150,150,1,0,0,3,30,1
3.115000,49.79,46.839,28.080,503,357,72.000,71,71,18.000,39.000,55.000,337,210,336,160,153,153,153,153,153,153,1,0,0,3,30,1
3.120000,51.95,46.846,28.080,508,363,72.000,71,71,18.000,39.000,55.000,337,214,342,160,156,156,156,156,156,156,1,0,0,3,30,1
3.125000,54.11,46.774,28.080,512,369,72.000,71,71,18.000,39.000,55.000,337,218,348,160,159,159,159,159,159,159,1,0,0,3,30,1
3.130000,56.27,46.624,27.970,516,375,72.000,71,71,18.000,39.000,55.000,336,222,355,160,162,162,162,162,162,162,1,0,0,3,30,1
3.135000,58.43,46.398,27.810,519,381,72.000,71,71,18.000,39.000,55.000,334,225,361,160,164,164,164,164,164,164,1,0,0,3,30,1
3.140000,60.59,46.098,27.650,521,386,72.000,71,71,18.000,39.000,55.000,332,229,366,160,167,167,167,167,167,167,1,0,0,3,30,1
3.145000,62.75,45.726,27.430,523,392,72.000,71,71,18.000,39.000,55.000,329,233,372,160,170,170,170,170,170,170,1,0,0,3,30,1
3.150000,64.91,45.285,27.160,523,397,72.000,71,71,18.000,39.000,55.000,326,236,378,160,172,172,172,172,172,172,1,0,0,3,30,1
3.155000,67.07,44.779,26.890,523,402,72.000,71,71,18.000,39.000,55.000,323,239,383,160,174,174,174,174,174,174,1,0,0,3,30,1
3.160000,69.23,44.210,26.510,522,407,72.000,71,71,18.000,39.000,55.000,318,242,388,160,177,177,177,177,177,177,1,0,0,3,30,1
3.165000,71.39,43.583,26.130,521,412,72.000,71,71,18.000,39.000,55.000,314,246,393,160,179,179,179,179,179,179,1,0,0,3,30,1
3.170000,73.55,42.901,25.740,518,416,72.000,71,71,18.000,39.000,55.000,309,248,398,160,181,181,181,181,181,181,1,0,0,3,30,1
3.175000,75.71,42.168,25.310,515,420,72.000,71,71,18.000,39.000,55.000,304,251,402,160,183,183,183,183,183,183,1,0,0,3,30,1
3.180000,77.87,41.390,24.820,511,424,72.000,71,71,18.000,39.000,55.000,298,254,406,160,185,185,185,185,185,185,1,0,0,3,30,1
3.185000,80.03,40.571,24.330,507,427,72.000,71,71,18.000,39.000,55.000,292,255,409,160,186,186,186,186,186,186,1,0,0,3,30,1
3.190000,82.19,39.716,23.840,502,431,72.000,71,71,18.000,39.000,55.000,286,258,413,160,188,188,188,188,188,188,1,0,0,3,30,1
3.195000,84.35,38.829,23.300,496,433,72.000,71,71,18.000,39.000,55.000,280,259,415,160,189,189,189,189,189,189,1,0,0,3,30,1
3.200000,86.51,37.916,22.750,490,436,72.000,71,71,18.000,39.000,55.000,273,261,418,160,191,191,191,191,191,191,1,0,0,3,30,1
3.205000,88.67,36.983,22.150,483,438,72.000,71,71,18.000,39.000,55.000,266,263,421,160,192,192,192,192,192,192,1,0,0,3,30,1
3.210000,90.83,36.035,21.610,475,439,72.000,71,71,18.000,39.000,55.000,259,263,422,160,192,192,192,192,192,192,1,0,0,3,30,1
3.215000,92.99,35.077,21.070,468,441,72.000,71,71,18.000,39.000,55.000,253,265,424,160,193,193,193,193,193,193,1,0,0,3,30,1
3.220000,95.15,34.114,20.470,460,442,72.000,71,71,18.000,39.000,55.000,246,265,425,160,194,194,194,194,194,194,1,0,0,3,30,1
3.225000,97.31,33.152,19.870,451,442,72.000,71,71,18.000,39.000,55.000,238,265,425,160,194,194,194,194,194,194,1,0,0,3,30,1
3.230000,99.47,32.197,19.330,442,442,72.000,71,71,18.000,39.000,55.000,232,265,425,160,194,194,194,194,194,194,1,0,0,3,30,1
3.235000,101.63,31.253,18.730,434,442,72.000,71,71,18.000,39.000,55.000,225,265,425,160,194,194,194,194,194,194,1,0,0,3,30,1
3.240000,103.79,30.325,18.180,424,442,72.000,71,71,18.000,39.000,55.000,218,265,425,160,194,194,194,194,194,194,1,0,0,3,30,1
3.245000,105.95,29.419,17.640,415,441,72.000,71,71,18.000,39.000,55.000,212,265,424,160,193,193,193,193,193,193,1,0,0,3,30,1
3.250000,108.11,28.539,17.100,406,441,72.000,71,71,18.000,39.000,55.000,205,265,424,160,193,193,193,193,193,193,1,0,0,3,30,1
3.255000,110.27,27.691,16.610,396,440,72.000,72,72,18.000,39.000,55.000,202,268,429,160,193,193,193,193,193,193,1,0,0,3,30,1
3.260000,112.43,26.877,16.120,387,439,72.000,72,72,18.000,39.000,55.000,196,267,428,160,192,192,192,192,192,192,1,0,0,3,30,1
3.265000,114.59,26.104,15.680,378,438,72.000,72,72,18.000,39.000,55.000,191,266,426,160,192,192,192,192,192,192,1,0,0,3,30,1
3.270000,116.75,25.373,15.250,369,437,72.000,72,72,18.000,39.000,55.000,186,266,426,160,191,191,191,191,191,191,1,0,0,3,30,1
3.275000,118.91,24.689,14.810,360,435,72.000,72,72,18.000,39.000,55.000,180,264,423,160,190,190,190,190,190,190,1,0,0,3,30,1
3.280000,121.07,24.056,14.430,351,434,72.000,72,72,18.000,39.000,55.000,176,264,422,160,190,190,190,190,190,190,1,0,0,3,30,1
3.285000,123.23,23.475,14.100,343,432,72.000,72,72,18.000,39.000,55.000,171,262,420,160,189,189,189,189,189,189,1,0,0,3,30,1
3.290000,125.39,22.951,13.780,334,430,72.000,71,71,18.000,39.000,55.000,165,257,412,160,188,188,188,188,188,188,1,0,0,3,30,1
3.295000,127.55,22.484,13.510,327,428,72.000,71,71,18.000,39.000,55.000,162,256,410,160,187,187,187,187,187,187,1,0,0,3,30,1
3.300000,129.71,22.077,13.230,319,426,72.000,71,71,18.000,39.000,55.000,159,255,408,160,186,186,186,186,186,186,1,0,0,3,30,1
3.305000,131.87,21.731,13.020,312,424,72.000,71,71,18.000,39.000,55.000,156,254,406,160,185,185,185,185,185,185,1,0,0,3,30,1
3.310000,134.03,21.447,12.850,306,422,72.000,71,71,18.000,39.000,55.000,154,252,404,160,184,184,184,184,184,184,1,0,0,3,30,1
3.315000,136.19,21.226,12.740,300,420,72.000,71,71,18.000,39.000,55.000,153,251,402,160,183,183,183,183,183,183,1,0,0,3,30,1
3.320000,138.35,21.069,12.640,294,417,72.000,71,71,18.000,39.000,55.000,152,249,399,160,182,182,182,182,182,182,1,0,0,3,30,1
3.325000,140.51,20.974,12.580,290,415,72.000,71,71,18.000,39.000,55.000,151,248,397,160,181,181,181,181,181,181,1,0,0,3,30,1
3.330000,142.67,20.943,12.580,285,412,72.000,71,71,18.000,39.000,55.000,151,246,393,160,179,179,179,179,179,179,1,0,0,3,30,1
3.335000,144.83,20.973,12.580,281,410,72.000,71,71,18.000,39.000,55.000,151,244,391,160,178,178,178,178,178,178,1,0,0,3,30,1
3.340000,146.99,21.064,12.640,278,407,72.000,71,71,18.000,39.000,55.000,152,242,388,160,177,177,177,177,177,177,1,0,0,3,30,1
3.345000,149.15,21.213,12.740,276,405,72.000,71,71,18.000,39.000,55.000,153,241,386,160,176,176,176,176,176,176,1,0,0,3,30,1
3.350000,151.31,21.420,12.850,274,402,72.000,71,71,18.000,39.000,55.000,154,239,383,160,174,174,174,174,174,174,1,0,0,3,30,1
3.355000,153.47,21.681,13.020,272,400,72.000,71,71,18.000,39.000,55.000,156,238,381,160,173,173,173,173,173,173,1,0,0,3,30,1
3.360000,155.63,21.994,13.180,272,397,72.000,71,71,18.000,39.000,55.000,158,236,378,160,172,172,172,172,172,172,1,0,0,3,30,1
3.365000,157.79,22.356,13.400,272,395,72.000,71,71,18.000,39.000,55.000,161,235,376,160,171,171,171,171,171,171,1,0,0,3,30,1
3.370000,159.95,22.764,13.670,272,392,72.000,71,71,18.000,39.000,55.000,164,233,372,160,170,170,170,170,170,170,1,0,0,3,30,1
3.375000,162.11,23.213,13.940,273,390,72.000,71,71,18.000,39.000,55.000,167,231,370,160,169,169,169,169,169,169,1,0,0,3,30,1
3.380000,164.27,23.701,14.210,274,388,72.000,71,71,18.000,39.000,55.000,170,230,368,160,168,168,168,168,168,168,1,0,0,3,30,1
3.385000,166.43,24.223,14.540,276,386,72.000,71,71,18.000,39.000,55.000,174,229,366,160,167,167,167,167,167,167,1,0,0,3,30,1
3.390000,168.59,24.774,14.870,279,383,72.000,71,71,18.000,39.000,55.000,178,227,363,160,165,165,165,165,165,165,1,0,0,3,30,1
3.395000,170.75,25.352,15.190,282,381,72.000,71,71,18.000,39.000,55.000,182,225,361,160,164,164,164,164,164,164,1,0,0,3,30,1
3.400000,172.91,25.950,15.570,286,380,72.000,71,71,18.000,39.000,55.000,187,225,360,160,164,164,164,164,164,164,1,0,0,3,30,1
3.405000,175.07,26.564,15.950,290,378,72.000,71,71,18.000,39.000,55.000,191,223,358,160,163,163,163,163,163,163,1,0,0,3,30,1
3.410000,177.23,27.189,16.330,294,376,72.000,71,71,18.000,39.000,55.000,196,222,356,160,162,162,162,162,162,162,1,0,0,3,30,1
3.415000,179.39,27.821,16.720,299,375,72.000,71,71,18.000,39.000,55.000,201,222,355,160,162,162,162,162,162,162,1,0,0,3,30,1
3.420000,181.55,28.454,17.100,304,373,72.000,71,71,18.000,39.000,55.000,205,220,353,160,161,161,161,161,161,161,1,0,0,3,30,1
3.425000,183.71,29.083,17.420,309,372,72.000,71,71,18.000,39.000,55.000,209,219,351,160,160,160,160,160,160,160,1,0,0,3,30,1
3.430000,185.87,29.704,17.800,314,371,72.000,71,71,18.000,39.000,55.000,214,219,351,160,160,160,160,160,160,160,1,0,0,3,30,1
3.435000,188.03,30.312,18.180,320,370,72.000,71,71,18.000,39.000,55.000,218,218,349,160,159,159,159,159,159,159,1,0,0,3,30,1
3.440000,190.19,30.901,18.560,326,369,72.000,71,71,18.000,39.000,55.000,223,218,348,160,159,159,159,159,159,159,1,0,0,3,30,1
3.445000,192.35,31.468,18.890,332,368,72.000,71,71,18.000,39.000,55.000,227,217,347,160,158,158,158,158,158,158,1,0,0,3,30,1
3.450000,194.51,32.007,19.220,337,367,72.000,71,71,18.000,39.000,55.000,231,216,346,160,158,158,158,158,158,158,1,0,0,3,30,1
3.455000,196.67,32.515,19.490,343,367,72.000,71,71,18.000,39.000,55.000,234,216,346,160,158,158,158,158,158,158,1,0,0,3,30,1
3.460000,198.83,32.987,19.820,349,367,72.000,71,71,18.000,39.000,55.000,238,216,346,160,158,158,158,158,158,158,1,0,0,3,30,1
3.465000,200.99,33.418,20.030,355,366,72.000,71,71,18.000,39.000,55.000,240,216,345,160,157,157,157,157,157,157,1,0,0,3,30,1
3.470000,203.15,33.807,20.310,360,366,72.000,71,71,18.000,39.000,55.000,244,216,345,160,157,157,157,157,157,157,1,0,0,3,30,1
3.475000,205.31,34.148,20.470,366,366,72.000,71,71,18.000,39.000,55.000,246,216,345,160,157,157,157,157,157,157,1,0,0,3,30,1
3.480000,207.47,34.439,20.690,371,366,72.000,71,71,18.000,39.000,55.000,248,216,345,160,157,157,157,157,157,157,1,0,0,3,30,1
3.485000,209.63,34.677,20.790,376,366,72.000,71,71,18.000,39.000,55.000,250,216,345,160,157,157,157,157,157,157,1,0,0,3,30,1
3.490000,211.79,34.859,20.900,380,367,72.000,71,71,18.000,39.000,55.000,251,216,346,160,158,158,158,158,158,158,1,0,0,3,30,1
3.495000,213.95,34.983,20.960,384,368,72.000,71,71,18.000,39.000,55.000,252,217,347,160,158,158,158,158,158,158,1,0,0,3,30,1
3.500000,216.11,35.048,21.010,388,368,72.000,71,71,18.000,39.000,55.000,252,217,347,160,158,158,158,158,158,158,1,0,0,3,30,1
3.505000,218.27,35.051,21.010,391,369,72.000,71,71,18.000,39.000,55.000,252,218,348,160,159,159,159,159,159,159,1,0,0,3,30,1
3.510000,220.43,34.993,21.010,394,370,72.000,71,71,18.000,39.000,55.000,252,218,349,160,159,159,159,159,159,159,1,0,0,3,30,1
3.515000,222.59,34.871,20.900,396,371,72.000,71,71,18.000,39.000,55.000,251,219,351,160,160,160,160,160,160,160,1,0,0,3,30,1
3.520000,224.75,34.686,20.790,398,372,72.000,71,71,18.000,39.000,55.000,250,219,351,160,160,160,160,160,160,160,1,0,0,3,30,1
3.525000,226.91,34.438,20.690,399,373,72.000,71,71,18.000,39.000,55.000,248,220,353,160,161,161,161,161,161,161,1,0,0,3,30,1
3.530000,229.07,34.127,20.470,399,374,72.000,71,71,18.000,39.000,55.000,246,221,354,160,161,161,161,161,161,161,1,0,0,3,30,1
3.535000,231.23,33.754,20.250,400,375,72.000,71,71,18.000,39.000,55.000,243,222,355,160,162,162,162,162,162,162,1,0,0,3,30,1
3.540000,233.39,33.321,19.980,399,376,72.000,71,71,18.000,39.000,55.000,240,222,356,160,162,162,162,162,162,162,1,0,0,3,30,1
3.545000,235.55,32.829,19.710,398,377,72.000,71,71,18.000,39.000,55.000,237,223,357,160,162,162,162,162,162,162,1,0,0,3,30,1
3.550000,237.71,32.280,19.380,396,378,72.000,71,71,18.000,39.000,55.000,233,223,358,160,163,163,163,163,163,163,1,0,0,3,30,1
3.555000,239.87,31.676,19.000,394,378,72.000,71,71,18.000,39.000,55.000,228,223,358,160,163,163,163,163,163,163,1,0,0,3,30,1
3.560000,242.03,31.020,18.620,391,379,72.000,71,71,18.000,39.000,55.000,223,224,359,160,163,163,163,163,163,163,1,0,0,3,30,1
3.565000,244.19,30.316,18.180,387,379,72.000,72,72,18.000,39.000,55.000,221,227,364,160,163,163,163,163,163,163,1,0,0,3,30,1
3.570000,246.35,29.566,17.750,383,379,72.000,72,72,18.000,39.000,55.000,216,227,364,160,163,163,163,163,163,163,1,0,0,3,30,1
3.575000,248.51,28.775,17.260,378,379,72.000,72,72,18.000,39.000,55.000,210,227,364,160,163,163,163,163,163,163,1,0,0,3,30,1
3.580000,250.67,27.946,16.770,373,379,72.000,72,72,18.000,39.000,55.000,204,227,364,160,163,163,163,163,163,163,1,0,0,3,30,1
3.585000,252.83,27.083,16.230,367,379,72.000,72,72,18.000,39.000,55.000,197,227,364,160,163,163,163,163,163,163,1,0,0,3,30,1
3.590000,254.99,26.191,15.740,361,379,72.000,72,72,18.000,39.000,55.000,191,227,364,160,163,163,163,163,163,163,1,0,0,3,30,1
3.595000,257.15,25.275,15.140,354,379,72.000,72,72,18.000,39.000,55.000,184,227,364,160,163,163,163,163,163,163,1,0,0,3,30,1
3.600000,259.31,24.340,14.590,347,378,72.000,71,71,18.000,39.000,55.000,175,223,358,160,163,163,163,163,163,163,1,0,0,3,30,1
3.605000,261.47,23.390,14.050,339,377,72.000,71,71,18.000,39.000,55.000,168,223,357,160,162,162,162,162,162,162,1,0,0,3,30,1
3.610000,263.63,22.431,13.450,331,377,72.000,71,71,18.000,39.000,55.000,161,223,357,160,162,162,162,162,162,162,1,0,0,3,30,1
3.615000,265.79,21.469,12.850,322,376,72.000,71,71,18.000,39.000,55.000,154,222,356,160,162,162,162,162,162,162,1,0,0,3,30,1
3.620000,267.95,20.507,12.310,314,375,72.000,71,71,18.000,39.000,55.000,148,222,355,160,162,162,162,162,162,162,1,0,0,3,30,1
3.625000,270.11,19.553,11.710,305,373,72.000,71,71,18.000,39.000,55.000,140,220,353,160,161,161,161,161,161,161,1,0,0,3,30,1
3.630000,272.27,18.610,11.170,295,372,72.000,71,71,18.000,39.000,55.000,134,219,351,160,160,160,160,160,160,160,1,0,0,3,30,1
3.635000,274.43,17.685,10.620,286,370,72.000,71,71,18.000,39.000,55.000,127,218,349,160,159,159,159,159,159,159,1,0,0,3,30,1
3.640000,276.59,16.783,10.080,277,369,72.000,71,71,18.000,39.000,55.000,121,218,348,160,159,159,159,159,159,159,1,0,0,3,30,1
3.645000,278.75,15.910,9.540,267,367,72.000,71,71,18.000,39.000,55.000,114,216,346,160,158,158,158,158,158,158,1,0,0,3,30,1
3.650000,280.91,15.069,9.050,258,365,72.000,71,71,18.000,39.000,55.000,108,215,344,160,157,157,157,157,157,157,1,0,0,3,30,1
3.655000,283.07,14.267,8.560,248,362,72.000,71,71,18.000,39.000,55.000,102,213,341,160,155,155,155,155,155,155,1,0,0,3,30,1
3.660000,285.23,13.508,8.120,239,360,72.000,71,71,18.000,39.000,55.000,97,212,339,160,154,154,154,154,154,154,1,0,0,3,30,1
3.665000,287.39,12.797,7.690,230,358,72.000,71,71,18.000,39.000,55.000,92,210,337,160,153,153,153,153,153,153,1,0,0,3,30,1
3.670000,289.55,12.138,7.310,221,355,72.000,71,71,18.000,39.000,55.000,87,208,334,160,152,152,152,152,152,152,1,0,0,3,30,1
3.675000,291.71,11.536,6.920,212,352,72.000,71,71,18.000,39.000,55.000,83,206,331,160,151,151,151,151,151,151,1,0,0,3,30,1
3.680000,293.87,10.994,6.600,204,350,72.000,71,71,18.000,39.000,55.000,79,205,329,160,150,150,150,150,150,150,1,0,0,3,30,1
3.685000,296.03,10.515,6.330,196,347,72.000,71,71,18.000,39.000,55.000,76,203,325,160,148,148,148,148,148,148,1,0,0,3,30,1
3.690000,298.19,10.104,6.050,188,344,72.000,71,71,18.000,39.000,55.000,72,201,322,160,147,147,147,147,147,147,1,0,0,3,30,1
3.695000,300.35,9.763,5.880,181,341,72.000,71,71,18.000,39.000,55.000,70,199,319,160,145,145,145,145,145,145,1,0,0,3,30,1
3.700000,302.51,9.495,5.710,175,337,72.000,71,71,18.000,39.000,55.000,68,197,315,160,143,143,143,143,143,143,1,0,0,3,30,1
3.705000,304.67,9.302,5.590,168,334,72.000,71,71,18.000,39.000,55.000,67,195,312,160,142,142,142,142,142,142,1,0,0,3,30,1
3.710000,306.83,9.185,5.510,162,331,72.000,71,71,18.000,39.000,55.000,66,193,309,160,140,140,140,140,140,140,1,0,0,3,30,1
3.715000,308.99,9.147,5.510,157,327,72.000,71,71,18.000,39.000,55.000,66,190,305,160,139,139,139,139,139,139,1,0,0,3,30,1
3.720000,311.15,9.188,5.510,153,324,72.000,71,71,18.000,39.000,55.000,66,188,301,160,137,137,137,137,137,137,1,0,0,3,30,1
3.725000,313.31,9.309,5.590,149,321,72.000,71,71,18.000,39.000,55.000,67,186,298,160,136,136,136,136,136,136,1,0,0,3,30,1
3.730000,315.47,9.511,5.710,146,317,72.000,71,71,18.000,39.000,55.000,68,184,294,160,134,134,134,134,134,134,1,0,0,3,30,1
3.735000,317.63,9.792,5.880,144,314,72.000,71,71,18.000,39.000,55.000,70,182,291,160,132,132,132,132,132,132,1,0,0,3,30,1
3.740000,319.79,10.152,6.110,143,311,72.000,71,71,18.000,39.000,55.000,73,180,288,160,131,131,131,131,131,131,1,0,0,3,30,1
3.745000,321.95,10.591,6.330,143,307,72.000,71,71,18.000,39.000,55.000,76,177,284,160,129,129,129,129,129,129,1,0,0,3,30,1
3.750000,324.11,11.107,6.650,143,304,72.000,71,71,18.000,39.000,55.000,79,175,280,160,128,128,128,128,128,128,1,0,0,3,30,1
3.755000,326.27,11.698,7.030,144,301,72.000,71,71,18.000,39.000,55.000,84,173,277,160,126,126,126,126,126,126,1,0,0,3,30,1
3.760000,328.43,12.361,7.410,146,298,72.000,71,71,18.000,39.000,55.000,89,171,274,160,125,125,125,125,125,125,1,0,0,3,30,1
3.765000,330.59,13.095,7.850,149,295,72.000,71,71,18.000,39.000,55.000,94,169,271,160,123,123,123,123,123,123,1,0,0,3,30,1
3.770000,332.75,13.895,8.340,152,292,72.000,71,71,18.000,39.000,55.000,100,167,268,160,122,122,122,122,122,122,1,0,0,3,30,1
3.775000,334.91,14.760,8.830,156,289,72.000,71,71,18.000,39.000,55.000,106,165,265,160,120,120,120,120,120,120,1,0,0,3,30,1
3.780000,337.07,15.684,9.430,161,287,72.000,71,71,18.000,39.000,55.000,113,164,263,160,120,120,120,120,120,120,1,0,0,3,30,1
3.785000,339.23,16.665,10.030,167,285,72.000,71,71,18.000,39.000,55.000,120,163,260,160,119,119,119,119,119,119,1,0,0,3,30,1
3.790000,341.39,17.697,10.620,174,282,72.000,71,71,18.000,39.000,55.000,127,161,257,160,117,117,117,117,117,117,1,0,0,3,30,1
3.795000,343.55,18.776,11.280,181,280,72.000,71,71,18.000,39.000,55.000,135,159,255,160,116,116,116,116,116,116,1,0,0,3,30,1
3.800000,345.71,19.898,11.930,188,278,72.000,71,71,18.000,39.000,55.000,143,158,253,160,115,115,115,115,115,115,1,0,0,3,30,1
3.805000,347.87,21.057,12.640,197,277,72.000,71,71,18.000,39.000,55.000,152,157,252,160,115,115,115,115,115,115,1,0,0,3,30,1
3.810000,350.03,22.248,13.340,206,275,72.000,71,71,18.000,39.000,55.000,160,156,250,160,114,114,114,114,114,114,1,0,0,3,30,1
3.815000,352.19,23.465,14.050,216,274,72.000,71,71,18.000,39.000,55.000,168,155,249,160,113,113,113,113,113,113,1,0,0,3,30,1
3.820000,354.35,24.703,14.810,226,273,72.000,71,71,18.000,39.000,55.000,178,155,248,160,113,113,113,113,113,113,1,0,0,3,30,1
3.825000,356.51,25.956,15.570,236,272,72.000,71,71,18.000,39.000,55.000,187,154,247,160,112,112,112,112,112,112,1,0,0,3,30,1
3.830000,358.67,27.219,16.330,247,272,72.000,71,71,18.000,39.000,55.000,196,154,247,160,112,112,112,112,112,112,1,0,0,3,30,1
3.835000,0.83,28.486,17.100,259,271,72.000,71,71,18.000,39.000,55.000,205,153,246,160,112,112,112,112,112,112,1,0,0,3,30,1
3.840000,2.99,29.750,17.860,271,271,72.000,71,71,18.000,39.000,55.000,214,153,246,160,112,112,112,112,112,112,1,0,0,3,30,1
3.845000,5.15,31.006,18.620,283,271,72.000,71,71,18.000,39.000,55.000,223,153,246,160,112,112,112,112,112,112,1,0,0,3,30,1
3.850000,7.31,32.248,19.330,295,272,72.000,71,71,18.000,39.000,55.000,232,154,247,160,112,112,112,112,112,112,1,0,0,3,30,1
3.855000,9.47,33.471,20.090,307,273,72.000,71,71,18.000,39.000,55.000,241,155,248,160,113,113,113,113,113,113,1,0,0,3,30,1
3.860000,11.63,34.668,20.790,320,275,72.000,71,71,18.000,39.000,55.000,250,156,250,160,114,114,114,114,114,114,1,0,0,3,30,1
3.865000,13.79,35.835,21.500,333,277,72.000,71,71,18.000,39.000,55.000,258,157,252,160,115,115,115,115,115,115,1,0,0,3,30,1
3.870000,15.95,36.966,22.150,345,280,72.000,71,71,18.000,39.000,55.000,266,159,255,160,116,116,116,116,116,116,1,0,0,3,30,1
3.875000,18.11,38.055,22.810,358,282,72.000,71,71,18.000,39.000,55.000,274,161,257,160,117,117,117,117,117,117,1,0,0,3,30,1
3.880000,20.27,39.099,23.460,370,286,72.000,72,72,18.000,39.000,55.000,286,166,265,160,119,119,119,119,119,119,1,0,0,3,30,1
3.885000,22.43,40.092,24.060,383,289,72.000,72,72,18.000,39.000,55.000,293,168,268,160,120,120,120,120,120,120,1,0,0,3,30,1
3.890000,24.59,41.030,24.600,395,293,72.000,72,72,18.000,39.000,55.000,300,170,273,160,122,122,122,122,122,122,1,0,0,3,30,1
3.895000,26.75,41.909,25.150,407,298,72.000,72,72,18.000,39.000,55.000,306,174,278,160,125,125,125,125,125,125,1,0,0,3,30,1
3.900000,28.91,42.725,25.640,418,302,72.000,72,72,18.000,39.000,55.000,312,176,282,160,127,127,127,127,127,127,1,0,0,3,30,1
3.905000,31.07,43.474,26.070,429,307,72.000,72,72,18.000,39.000,55.000,317,180,288,160,129,129,129,129,129,129,1,0,0,3,30,1
3.910000,33.23,44.154,26.510,440,313,72.000,72,72,18.000,39.000,55.000,323,183,294,160,132,132,132,132,132,132,1,0,0,3,30,1
3.915000,35.39,44.762,26.830,450,318,72.000,71,71,18.000,39.000,55.000,322,184,295,160,134,134,134,134,134,134,1,0,0,3,30,1
3.920000,37.55,45.295,27.160,460,324,72.000,71,71,18.000,39.000,55.000,326,188,301,160,137,137,137,137,137,137,1,0,0,3,30,1
3.925000,39.71,45.752,27.430,469,329,72.000,71,71,18.000,39.000,55.000,329,191,306,160,140,140,140,140,140,140,1,0,0,3,30,1
3.930000,41.87,46.131,27.650,477,335,72.000,71,71,18.000,39.000,55.000,332,195,313,160,142,142,142,142,142,142,1,0,0,3,30,1
3.935000,44.03,46.431,27.870,485,341,72.000,71,71,18.000,39.000,55.000,335,199,319,160,145,145,145,145,145,145,1,0,0,3,30,1
3.940000,46.19,46.651,27.970,492,347,72.000,71,71,18.000,39.000,55.000,336,203,325,160,148,148,148,148,148,148,1,0,0,3,30,1
3.945000,48.35,46.790,28.080,499,353,72.000,71,71,18.000,39.000,55.000,337,207,332,160,151,151,151,151,151,151,1,0,0,3,30,1
3.950000,50.51,46.850,28.080,504,359,72.000,71,71,18.000,39.000,55.000,337,211,338,160,154,154,154,154,154,154,1,0,0,3,30,1
3.955000,52.67,46.830,28.080,509,365,72.000,71,71,18.000,39.000,55.000,337,215,344,160,157,157,157,157,157,157,1,0,0,3,30,1
3.960000,54.83,46.732,28.030,514,371,72.000,71,71,18.000,39.000,55.000,337,219,351,160,160,160,160,160,160,160,1,0,0,3,30,1
3.965000,56.99,46.557,27.920,517,377,72.000,71,71,18.000,39.000,55.000,335,223,357,160,162,162,162,162,162,162,1,0,0,3,30,1
3.970000,59.15,46.306,27.760,520,383,72.000,71,71,18.000,39.000,55.000,333,227,363,160,165,165,165,165,165,165,1,0,0,3,30,1
3.975000,61.31,45.982,27.590,522,388,72.000,71,71,18.000,39.000,55.000,331,230,368,160,168,168,168,168,168,168,1,0,0,3,30,1
3.980000,63.47,45.587,27.320,523,394,72.000,71,71,18.000,39.000,55.000,328,234,375,160,171,171,171,171,171,171,1,0,0,3,30,1
3.985000,65.63,45.124,27.050,523,399,72.000,71,71,18.000,39.000,55.000,325,237,380,160,173,173,173,173,173,173,1,0,0,3,30,1
3.990000,67.79,44.596,26.720,523,404,72.000,71,71,18.000,39.000,55.000,321,240,385,160,175,175,175,175,175,175,1,0,0,3,30,1
3.995000,69.95,44.007,26.400,522,409,72.000,71,71,18.000,39.000,55.000,317,244,390,160,178,178,178,178,178,178,1,0,0,3,30,1
4.000000,72.11,43.361,26.020,520,413,72.000,71,71,18.000,39.000,55.000,312,246,394,160,180,180,180,180,180,180,1,0,0,3,30,1
4.005000,74.27,42.662,25.580,517,418,72.000,71,71,18.000,39.000,55.000,307,250,400,160,182,182,182,182,182,182,1,0,0,3,30,1
4.010000,76.43,41.914,25.150,514,422,72.000,71,71,18.000,39.000,55.000,302,252,404,160,184,184,184,184,184,184,1,0,0,3,30,1
4.015000,78.59,41.121,24.660,510,425,72.000,71,71,18.000,39.000,55.000,296,254,407,160,185,185,185,185,185,185,1,0,0,3,30,1
4.020000,80.75,40.290,24.170,505,429,72.000,71,71,18.000,39.000,55.000,290,257,411,160,187,187,187,187,187,187,1,0,0,3,30,1
4.025000,82.91,39.423,23.620,500,431,72.000,71,71,18.000,39.000,55.000,284,258,413,160,188,188,188,188,188,188,1,0,0,3,30,1
4.030000,85.07,38.527,23.130,494,434,72.000,71,71,18.000,39.000,55.000,278,260,417,160,190,190,190,190,190,190,1,0,0,3,30,1
4.035000,87.23,37.607,22.540,487,436,72.000,71,71,18.000,39.000,55.000,271,261,418,160,191,191,191,191,191,191,1,0,0,3,30,1
4.040000,89.39,36.669,21.990,480,438,72.000,71,71,18.000,39.000,55.000,264,263,421,160,192,192,192,192,192,192,1,0,0,3,30,1
4.045000,91.55,35.716,21.390,473,440,72.000,71,71,18.000,39.000,55.000,257,264,423,160,193,193,193,193,193,193,1,0,0,3,30,1
4.050000,93.71,34.756,20.850,465,441,72.000,71,71,18.000,39.000,55.000,250,265,424,160,193,193,193,193,193,193,1,0,0,3,30,1
4.055000,95.87,33.793,20.250,457,442,72.000,71,71,18.000,39.000,55.000,243,265,425,160,194,194,194,194,194,194,1,0,0,3,30,1
4.060000,98.03,32.833,19.710,448,442,72.000,71,71,18.000,39.000,55.000,237,265,425,160,194,194,194,194,194,194,1,0,0,3,30,1
4.065000,100.19,31.880,19.110,440,442,72.000,71,71,18.000,39.000,55.000,229,265,425,160,194,194,194,194,194,194,1,0,0,3,30,1
4.070000,102.35,30.941,18.560,430,442,72.000,71,71,18.000,39.000,55.000,223,265,425,160,194,194,194,194,194,194,1,0,0,3,30,1
4.075000,104.51,30.020,18.020,421,442,72.000,71,71,18.000,39.000,55.000,216,265,425,160,194,194,194,194,194,194,1,0,0,3,30,1
4.080000,106.67,29.123,17.480,412,441,72.000,71,71,18.000,39.000,55.000,210,265,424,160,193,193,193,193,193,193,1,0,0,3,30,1
4.085000,108.83,28.253,16.930,403,441,72.000,71,71,18.000,39.000,55.000,203,265,424,160,193,193,193,193,193,193,1,0,0,3,30,1
4.090000,110.99,27.416,16.440,393,440,72.000,71,71,18.000,39.000,55.000,197,264,423,160,193,193,193,193,193,193,1,0,0,3,30,1
4.095000,113.15,26.615,15.950,384,439,72.000,71,71,18.000,39.000,55.000,191,263,422,160,192,192,192,192,192,192,1,0,0,3,30,1
4.100000,115.31,25.855,15.520,375,438,72.000,71,71,18.000,39.000,55.000,186,263,421,160,192,192,192,192,192,192,1,0,0,3,30,1
4.105000,117.47,25.140,15.080,366,436,72.000,71,71,18.000,39.000,55.000,181,261,418,160,191,191,191,191,191,191,1,0,0,3,30,1
4.110000,119.63,24.473,14.700,357,435,72.000,71,71,18.000,39.000,55.000,176,261,417,160,190,190,190,190,190,190,1,0,0,3,30,1
4.115000,121.79,23.856,14.320,348,433,72.000,71,71,18.000,39.000,55.000,172,259,415,160,189,189,189,189,189,189,1,0,0,3,30,1
4.120000,123.95,23.294,14.000,340,432,72.000,71,71,18.000,39.000,55.000,168,259,414,160,189,189,189,189,189,189,1,0,0,3,30,1
4.125000,126.11,22.789,13.670,332,430,72.000,71,71,18.000,39.000,55.000,164,257,412,160,188,188,188,188,188,188,1,0,0,3,30,1
4.130000,128.27,22.341,13.400,324,428,72.000,71,71,18.000,39.000,55.000,161,256,410,160,187,187,187,187,187,187,1,0,0,3,30,1
4.135000,130.43,21.954,13.180,317,426,72.000,71,71,18.000,39.000,55.000,158,255,408,160,186,186,186,186,186,186,1,0,0,3,30,1
4.140000,132.59,21.629,12.960,310,423,72.000,71,71,18.000,39.000,55.000,155,253,405,160,184,184,184,184,184,184,1,0,0,3,30,1
4.145000,134.75,21.366,12.800,304,421,72.000,71,71,18.000,39.000,55.000,153,252,403,160,183,183,183,183,183,183,1,0,0,3,30,1
4.150000,136.91,21.167,12.690,298,419,72.000,71,71,18.000,39.000,55.000,152,250,401,160,183,183,183,183,183,183,1,0,0,3,30,1
4.155000,139.07,21.030,12.640,293,416,72.000,71,71,18.000,39.000,55.000,152,248,398,160,181,181,181,181,181,181,1,0,0,3,30,1
4.160000,141.23,20.957,12.580,288,414,72.000,71,71,18.000,39.000,55.000,151,247,396,160,180,180,180,180,180,180,1,0,0,3,30,1
4.165000,143.39,20.946,12.580,284,411,72.000,71,71,18.000,39.000,55.000,151,245,392,160,179,179,179,179,179,179,1,0,0,3,30,1
4.170000,145.55,20.996,12.580,280,409,72.000,71,71,18.000,39.000,55.000,151,244,390,160,178,178,178,178,178,178,1,0,0,3,30,1
4.175000,147.71,21.107,12.640,277,406,72.000,71,71,18.000,39.000,55.000,152,242,387,160,176,176,176,176,176,176,1,0,0,3,30,1
4.180000,149.87,21.276,12.740,275,404,72.000,71,71,18.000,39.000,55.000,153,240,385,160,175,175,175,175,175,175,1,0,0,3,30,1
4.185000,152.03,21.501,12.910,273,401,72.000,71,71,18.000,39.000,55.000,155,238,382,160,174,174,174,174,174,174,1,0,0,3,30,1
4.190000,154.19,21.780,13.070,272,399,72.000,72,72,18.000,39.000,55.000,159,241,385,160,173,173,173,173,173,173,1,0,0,3,30,1
4.195000,156.35,22.109,13.230,272,396,72.000,72,72,18.000,39.000,55.000,161,239,382,160,172,172,172,172,172,172,1,0,0,3,30,1
4.200000,158.51,22.487,13.510,272,394,72.000,72,72,18.000,39.000,55.000,164,237,380,160,171,171,171,171,171,171,1,0,0,3,30,1
4.205000,160.67,22.909,13.720,272,392,72.000,72,72,18.000,39.000,55.000,167,236,378,160,170,170,170,170,170,170,1,0,0,3,30,1
4.210000,162.83,23.372,14.000,273,389,72.000,72,72,18.000,39.000,55.000,170,234,375,160,168,168,168,168,168,168,1,0,0,3,30,1
4.215000,164.99,23.871,14.320,275,387,72.000,72,72,18.000,39.000,55.000,174,233,372,160,167,167,167,167,167,167,1,0,0,3,30,1
4.220000,167.15,24.404,14.650,277,385,72.000,72,72,18.000,39.000,55.000,178,231,370,160,166,166,166,166,166,166,1,0,0,3,30,1
4.225000,169.31,24.964,14.970,280,383,72.000,71,71,18.000,39.000,55.000,180,227,363,160,165,165,165,165,165,165,1,0,0,3,30,1
4.230000,171.47,25.549,15.360,283,381,72.000,71,71,18.000,39.000,55.000,184,225,361,160,164,164,164,164,164,164,1,0,0,3,30,1
4.235000,173.63,26.153,15.680,287,379,72.000,71,71,18.000,39.000,55.000,188,224,359,160,163,163,163,163,163,163,1,0,0,3,30,1
4.240000,175.79,26.771,16.060,291,377,72.000,71,71,18.000,39.000,55.000,193,223,357,160,162,162,162,162,162,162,1,0,0,3,30,1
4.245000,177.95,27.399,16.440,295,376,72.000,71,71,18.000,39.000,55.000,197,222,356,160,162,162,162,162,162,162,1,0,0,3,30,1
4.250000,180.11,28.032,16.820,300,374,72.000,71,71,18.000,39.000,55.000,202,221,354,160,161,161,161,161,161,161,1,0,0,3,30,1
4.255000,182.27,28.664,17.210,305,373,72.000,71,71,18.000,39.000,55.000,206,220,353,160,161,161,161,161,161,161,1,0,0,3,30,1
4.260000,184.43,29.291,17.590,311,371,72.000,71,71,18.000,39.000,55.000,211,219,351,160,160,160,160,160,160,160,1,0,0,3,30,1
4.265000,186.59,29.908,17.970,316,370,72.000,71,71,18.000,39.000,55.000,216,218,349,160,159,159,159,159,159,159,1,0,0,3,30,1
4.270000,188.75,30.511,18.290,322,369,72.000,71,71,18.000,39.000,55.000,219,218,348,160,159,159,159,159,159,159,1,0,0,3,30,1
4.275000,190.91,31.093,18.670,328,369,72.000,71,71,18.000,39.000,55.000,224,218,348,160,159,159,159,159,159,159,1,0,0,3,30,1
4.280000,193.07,31.651,19.000,334,368,72.000,71,71,18.000,39.000,55.000,228,217,347,160,158,158,158,158,158,158,1,0,0,3,30,1
4.285000,195.23,32.180,19.330,339,367,72.000,71,71,18.000,39.000,55.000,232,216,346,160,158,158,158,158,158,158,1,0,0,3,30,1
4.290000,197.39,32.676,19.600,345,367,72.000,71,71,18.000,39.000,55.000,235,216,346,160,158,158,158,158,158,158,1,0,0,3,30,1
4.295000,199.55,33.135,19.870,351,366,72.000,71,71,18.000,39.000,55.000,238,216,345,160,157,157,157,157,157,157,1,0,0,3,30,1
4.300000,201.71,33.553,20.140,357,366,72.000,71,71,18.000,39.000,55.000,242,216,345,160,157,157,157,157,157,157,1,0,0,3,30,1
4.305000,203.87,33.926,20.360,362,366,72.000,71,71,18.000,39.000,55.000,244,216,345,160,157,157,157,157,157,157,1,0,0,3,30,1
4.310000,206.03,34.251,20.520,367,366,72.000,71,71,18.000,39.000,55.000,246,216,345,160,157,157,157,157,157,157,1,0,0,3,30,1
4.315000,208.19,34.524,20.690,372,366,72.000,71,71,18.000,39.000,55.000,248,216,345,160,157,157,157,157,157,157,1,0,0,3,30,1
4.320000,210.35,34.744,20.850,377,367,72.000,71,71,18.000,39.000,55.000,250,216,346,160,158,158,158,158,158,158,1,0,0,3,30,1
4.325000,212.51,34.907,20.960,381,367,72.000,71,71,18.000,39.000,55.000,252,216,346,160,158,158,158,158,158,158,1,0,0,3,30,1
4.330000,214.67,35.011,21.010,385,368,72.000,71,71,18.000,39.000,55.000,252,217,347,160,158,158,158,158,158,158,1,0,0,3,30,1
4.335000,216.83,35.056,21.010,389,368,72.000,71,71,18.000,39.000,55.000,252,217,347,160,158,158,158,158,158,158,1,0,0,3,30,1
4.340000,218.99,35.039,21.010,392,369,72.000,71,71,18.000,39.000,55.000,252,218,348,160,159,159,159,159,159,159,1,0,0,3,30,1
4.345000,221.15,34.959,20.960,395,370,72.000,71,71,18.000,39.000,55.000,252,218,349,160,159,159,159,159,159,159,1,0,0,3,30,1
4.350000,223.31,34.816,20.900,397,371,72.000,71,71,18.000,39.000,55.000,251,219,351,160,160,160,160,160,160,160,1,0,0,3,30,1
4.355000,225.47,34.610,20.740,398,372,72.000,71,71,18.000,39.000,55.000,249,219,351,160,160,160,160,160,160,160,1,0,0,3,30,1
4.360000,227.63,34.341,20.580,399,373,72.000,71,71,18.000,39.000,55.000,247,220,353,160,161,161,161,161,161,161,1,0,0,3,30,1
4.365000,229.79,34.010,20.410,400,374,72.000,71,71,18.000,39.000,55.000,245,221,354,160,161,161,161,161,161,161,1,0,0,3,30,1
4.370000,231.95,33.617,20.140,399,375,72.000,71,71,18.000,39.000,55.000,242,222,355,160,162,162,162,162,162,162,1,0,0,3,30,1
4.375000,234.11,33.164,19.870,399,376,72.000,71,71,18.000,39.000,55.000,238,222,356,160,162,162,162,162,162,162,1,0,0,3,30,1
4.380000,236.27,32.652,19.600,397,377,72.000,71,71,18.000,39.000,55.000,235,223,357,160,162,162,162,162,162,162,1,0,0,3,30,1
4.385000,238.43,32.084,19.270,395,378,72.000,71,71,18.000,39.000,55.000,231,223,358,160,163,163,163,163,163,163,1,0,0,3,30,1
4.390000,240.59,31.463,18.890,393,379,72.000,71,71,18.000,39.000,55.000,227,224,359,160,163,163,163,163,163,163,1,0,0,3,30,1
4.395000,242.75,30.791,18.460,390,379,72.000,71,71,18.000,39.000,55.000,222,224,359,160,163,163,163,163,163,163,1,0,0,3,30,1
4.400000,244.91,30.071,18.020,386,379,72.000,71,71,18.000,39.000,55.000,216,224,359,160,163,163,163,163,163,163,1,0,0,3,30,1
4.405000,247.07,29.307,17.590,381,379,72.000,71,71,18.000,39.000,55.000,211,224,359,160,163,163,163,163,163,163,1,0,0,3,30,1
4.410000,249.23,28.502,17.100,377,379,72.000,71,71,18.000,39.000,55.000,205,224,359,160,163,163,163,163,163,163,1,0,0,3,30,1
4.415000,251.39,27.661,16.610,371,379,72.000,71,71,18.000,39.000,55.000,199,224,359,160,163,163,163,163,163,163,1,0,0,3,30,1
4.420000,253.55,26.789,16.060,365,379,72.000,71,71,18.000,39.000,55.000,193,224,359,160,163,163,163,163,163,163,1,0,0,3,30,1
4.425000,255.71,25.888,15.520,358,379,72.000,71,71,18.000,39.000,55.000,186,224,359,160,163,163,163,163,163,163,1,0,0,3,30,1
4.430000,257.87,24.965,14.970,351,378,72.000,71,71,18.000,39.000,55.000,180,223,358,160,163,163,163,163,163,163,1,0,0,3,30,1
4.435000,260.03,24.025,14.430,344,378,72.000,71,71,18.000,39.000,55.000,173,223,358,160,163,163,163,163,163,163,1,0,0,3,30,1
4.440000,262.19,23.071,13.830,336,377,72.000,71,71,18.000,39.000,55.000,166,223,357,160,162,162,162,162,162,162,1,0,0,3,30,1
4.445000,264.35,22.111,13.230,328,376,72.000,71,71,18.000,39.000,55.000,159,222,356,160,162,162,162,162,162,162,1,0,0,3,30,1
4.450000,266.51,21.148,12.690,319,375,72.000,71,71,18.000,39.000,55.000,152,222,355,160,162,162,162,162,162,162,1,0,0,3,30,1
4.455000,268.67,20.188,12.090,311,374,72.000,71,71,18.000,39.000,55.000,145,221,354,160,161,161,161,161,161,161,1,0,0,3,30,1
4.460000,270.83,19.237,11.550,302,373,72.000,71,71,18.000,39.000,55.000,138,220,353,160,161,161,161,161,161,161,1,0,0,3,30,1
4.465000,272.99,18.300,11.000,292,371,72.000,71,71,18.000,39.000,55.000,132,219,351,160,160,160,160,160,160,160,1,0,0,3,30,1
4.470000,275.15,17.382,10.410,283,370,72.000,71,71,18.000,39.000,55.000,125,218,349,160,159,159,159,159,159,159,1,0,0,3,30,1
4.475000,277.31,16.489,9.920,274,368,72.000,71,71,18.000,39.000,55.000,119,217,347,160,158,158,158,158,158,158,1,0,0,3,30,1
4.480000,279.47,15.626,9.370,264,366,72.000,71,71,18.000,39.000,55.000,112,216,345,160,157,157,157,157,157,157,1,0,0,3,30,1
4.485000,281.63,14.797,8.880,255,364,72.000,71,71,18.000,39.000,55.000,106,214,343,160,156,156,156,156,156,156,1,0,0,3,30,1
4.490000,283.79,14.009,8.390,245,362,72.000,71,71,18.000,39.000,55.000,100,213,341,160,155,155,155,155,155,155,1,0,0,3,30,1
4.495000,285.95,13.266,7.960,236,359,72.000,71,71,18.000,39.000,55.000,95,211,338,160,154,154,154,154,154,154,1,0,0,3,30,1
4.500000,288.11,12.572,7.520,227,357,72.000,71,71,18.000,39.000,55.000,90,210,336,160,153,153,153,153,153,153,1,0,0,3,30,1
4.505000,290.27,11.931,7.140,218,354,72.000,72,72,18.000,39.000,55.000,87,211,337,160,151,151,151,151,151,151,1,0,0,3,30,1
4.510000,292.43,11.348,6.820,210,351,72.000,72,72,18.000,39.000,55.000,83,209,334,160,150,150,150,150,150,150,1,0,0,3,30,1
4.515000,294.59,10.827,6.490,201,349,72.000,72,72,18.000,39.000,55.000,79,207,332,160,149,149,149,149,149,149,1,0,0,3,30,1
4.520000,296.75,10.371,6.220,193,346,72.000,72,72,18.000,39.000,55.000,75,205,329,160,148,148,148,148,148,148,1,0,0,3,30,1
4.525000,298.91,9.983,6.000,186,343,72.000,72,72,18.000,39.000,55.000,73,203,326,160,146,146,146,146,146,146,1,0,0,3,30,1
4.530000,301.07,9.666,5.790,179,339,72.000,72,72,18.000,39.000,55.000,70,201,321,160,144,144,144,144,144,144,1,0,0,3,30,1
4.535000,303.23,9.422,5.630,172,336,72.000,72,72,18.000,39.000,55.000,68,199,318,160,143,143,143,143,143,143,1,0,0,3,30,1
4.540000,305.39,9.255,5.550,166,333,72.000,71,71,18.000,39.000,55.000,66,194,311,160,141,141,141,141,141,141,1,0,0,3,30,1
4.545000,307.55,9.164,5.510,161,330,72.000,71,71,18.000,39.000,55.000,66,192,308,160,140,140,140,140,140,140,1,0,0,3,30,1
4.550000,309.71,9.152,5.510,156,326,72.000,71,71,18.000,39.000,55.000,66,189,303,160,138,138,138,138,138,138,1,0,0,3,30,1
4.555000,311.87,9.220,5.550,152,323,72.000,71,71,18.000,39.000,55.000,66,187,300,160,137,137,137,137,137,137,1,0,0,3,30,1
4.560000,314.03,9.368,5.630,148,320,72.000,71,71,18.000,39.000,55.000,67,185,297,160,135,135,135,135,135,135,1,0,0,3,30,1
4.565000,316.19,9.596,5.750,146,316,72.000,71,71,18.000,39.000,55.000,69,183,293,160,133,133,133,133,133,133,1,0,0,3,30,1
4.570000,318.35,9.903,5.960,144,313,72.000,71,71,18.000,39.000,55.000,71,181,290,160,132,132,132,132,132,132,1,0,0,3,30,1
4.575000,320.51,10.290,6.160,143,309,72.000,71,71,18.000,39.000,55.000,74,178,286,160,130,130,130,130,130,130,1,0,0,3,30,1
4.580000,322.67,10.755,6.440,143,306,72.000,71,71,18.000,39.000,55.000,77,176,282,160,129,129,129,129,129,129,1,0,0,3,30,1
4.585000,324.83,11.296,6.760,143,303,72.000,71,71,18.000,39.000,55.000,81,174,279,160,127,127,127,127,127,127,1,0,0,3,30,1
4.590000,326.99,11.911,7.140,145,300,72.000,71,71,18.000,39.000,55.000,85,172,276,160,126,126,126,126,126,126,1,0,0,3,30,1
4.595000,329.15,12.598,7.580,147,297,72.000,71,71,18.000,39.000,55.000,91,170,273,160,124,124,124,124,124,124,1,0,0,3,30,1
4.600000,331.31,13.354,8.010,150,294,72.000,71,71,18.000,39.000,55.000,96,168,270,160,123,123,123,123,123,123,1,0,0,3,30,1
4.605000,333.47,14.176,8.500,154,291,72.000,71,71,18.000,39.000,55.000,102,167,267,160,121,121,121,121,121,121,1,0,0,3,30,1
4.610000,335.63,15.061,9.050,158,289,72.000,71,71,18.000,39.000,55.000,108,165,265,160,120,120,120,120,120,120,1,0,0,3,30,1
4.615000,337.79,16.005,9.590,163,286,72.000,71,71,18.000,39.000,55.000,115,163,262,160,119,119,119,119,119,119,1,0,0,3,30,1
4.620000,339.95,17.003,10.190,169,284,72.000,71,71,18.000,39.000,55.000,122,162,259,160,118,118,118,118,118,118,1,0,0,3,30,1
4.625000,342.11,18.052,10.840,176,282,72.000,71,71,18.000,39.000,55.000,130,161,257,160,117,117,117,117,117,117,1,0,0,3,30,1
4.630000,344.27,19.146,11.490,183,280,72.000,71,71,18.000,39.000,55.000,138,159,255,160,116,116,116,116,116,116,1,0,0,3,30,1
4.635000,346.43,20.280,12.150,191,278,72.000,71,71,18.000,39.000,55.000,146,158,253,160,115,115,115,115,115,115,1,0,0,3,30,1
4.640000,348.59,21.450,12.850,200,276,72.000,71,71,18.000,39.000,55.000,154,157,251,160,114,114,114,114,114,114,1,0,0,3,30,1
4.645000,350.75,22.651,13.620,209,275,72.000,71,71,18.000,39.000,55.000,163,156,250,160,114,114,114,114,114,114,1,0,0,3,30,1
4.650000,352.91,23.875,14.320,219,274,72.000,71,71,18.000,39.000,55.000,172,155,249,160,113,113,113,113,113,113,1,0,0,3,30,1
4.655000,355.07,25.119,15.080,229,273,72.000,71,71,18.000,39.000,55.000,181,155,248,160,113,113,113,113,113,113,1,0,0,3,30,1
4.660000,357.23,26.376,15.850,240,272,72.000,71,71,18.000,39.000,55.000,190,154,247,160,112,112,112,112,112,112,1,0,0,3,30,1
4.665000,359.39,27.641,16.610,251,272,72.000,71,71,18.000,39.000,55.000,199,154,247,160,112,112,112,112,112,112,1,0,0,3,30,1
4.670000,1.55,28.907,17.310,263,271,72.000,71,71,18.000,39.000,55.000,208,153,246,160,112,112,112,112,112,112,1,0,0,3,30,1
4.675000,3.71,30.170,18.080,275,271,72.000,71,71,18.000,39.000,55.000,217,153,246,160,112,112,112,112,112,112,1,0,0,3,30,1
4.680000,5.87,31.422,18.840,287,272,72.000,71,71,18.000,39.000,55.000,226,154,247,160,112,112,112,112,112,112,1,0,0,3,30,1
4.685000,8.03,32.658,19.600,299,272,72.000,71,71,18.000,39.000,55.000,235,154,247,160,112,112,112,112,112,112,1,0,0,3,30,1
4.690000,10.19,33.873,20.310,312,274,72.000,71,71,18.000,39.000,55.000,244,155,249,160,113,113,113,113,113,113,1,0,0,3,30,1
4.695000,12.35,35.061,21.010,324,276,72.000,71,71,18.000,39.000,55.000,252,157,251,160,114,114,114,114,114,114,1,0,0,3,30,1
4.700000,14.51,36.216,21.720,337,278,72.000,71,71,18.000,39.000,55.000,261,158,253,160,115,115,115,115,115,115,1,0,0,3,30,1
4.705000,16.67,37.334,22.370,350,280,72.000,71,71,18.000,39.000,55.000,269,159,255,160,116,116,116,116,116,116,1,0,0,3,30,1
4.710000,18.83,38.408,23.030,362,284,72.000,71,71,18.000,39.000,55.000,276,162,259,160,118,118,118,118,118,118,1,0,0,3,30,1
4.715000,20.99,39.436,23.620,374,287,72.000,71,71,18.000,39.000,55.000,284,164,263,160,120,120,120,120,120,120,1,0,0,3,30,1
4.720000,23.15,40.411,24.220,387,291,72.000,71,71,18.000,39.000,55.000,291,167,267,160,121,121,121,121,121,121,1,0,0,3,30,1
4.725000,25.31,41.330,24.770,399,295,72.000,71,71,18.000,39.000,55.000,297,169,271,160,123,123,123,123,123,123,1,0,0,3,30,1
4.730000,27.47,42.188,25.310,410,299,72.000,71,71,18.000,39.000,55.000,304,172,275,160,125,125,125,125,125,125,1,0,0,3,30,1
4.735000,29.63,42.982,25.800,422,304,72.000,71,71,18.000,39.000,55.000,310,175,280,160,128,128,128,128,128,128,1,0,0,3,30,1
4.740000,31.79,43.709,26.230,433,309,72.000,71,71,18.000,39.000,55.000,315,178,286,160,130,130,130,130,130,130,1,0,0,3,30,1
4.745000,33.95,44.365,26.620,443,314,72.000,71,71,18.000,39.000,55.000,320,182,291,160,132,132,132,132,132,132,1,0,0,3,30,1
4.750000,36.11,44.948,26.940,453,320,72.000,71,71,18.000,39.000,55.000,324,185,297,160,135,135,135,135,135,135,1,0,0,3,30,1
4.755000,38.27,45.456,27.270,463,325,72.000,71,71,18.000,39.000,55.000,327,189,302,160,138,138,138,138,138,138,1,0,0,3,30,1
4.760000,40.43,45.887,27.540,472,331,72.000,71,71,18.000,39.000,55.000,331,193,309,160,140,140,140,140,140,140,1,0,0,3,30,1
4.765000,42.59,46.240,27.760,480,337,72.000,71,71,18.000,39.000,55.000,333,197,315,160,143,143,143,143,143,143,1,0,0,3,30,1
4.770000,44.75,46.513,27.920,488,343,72.000,71,71,18.000,39.000,55.000,335,201,321,160,146,146,146,146,146,146,1,0,0,3,30,1
4.775000,46.91,46.706,28.030,494,349,72.000,71,71,18.000,39.000,55.000,337,204,327,160,149,149,149,149,149,149,1,0,0,3,30,1
4.780000,49.07,46.819,28.080,501,355,72.000,71,71,18.000,39.000,55.000,337,208,334,160,152,152,152,152,152,152,1,0,0,3,30,1
4.785000,51.23,46.852,28.080,506,361,72.000,71,71,18.000,39.000,55.000,337,212,340,160,155,155,155,155,155,155,1,0,0,3,30,1
4.790000,53.39,46.806,28.080,511,367,72.000,71,71,18.000,39.000,55.000,337,216,346,160,158,158,158,158,158,158,1,0,0,3,30,1
4.795000,55.55,46.682,27.970,515,373,72.000,71,71,18.000,39.000,55.000,336,220,353,160,161,161,161,161,161,161,1,0,0,3,30,1
4.800000,57.71,46.481,27.870,518,379,72.000,71,71,18.000,39.000,55.000,335,224,359,160,163,163,163,163,163,163,1,0,0,3,30,1
4.805000,59.87,46.206,27.700,521,385,72.000,71,71,18.000,39.000,55.000,333,228,365,160,166,166,166,166,166,166,1,0,0,3,30,1
4.810000,62.03,45.858,27.490,522,390,72.000,71,71,18.000,39.000,55.000,330,231,370,160,169,169,169,169,169,169,1,0,0,3,30,1
4.815000,64.19,45.440,27.270,523,395,72.000,72,72,18.000,39.000,55.000,332,238,381,160,171,171,171,171,171,171,1,0,0,3,30,1
4.820000,66.35,44.955,27.000,523,401,72.000,72,72,18.000,39.000,55.000,329,242,387,160,174,174,174,174,174,174,1,0,0,3,30,1
4.825000,68.51,44.407,26.620,523,406,72.000,72,72,18.000,39.000,55.000,324,245,393,160,176,176,176,176,176,176,1,0,0,3,30,1
4.830000,70.67,43.798,26.290,521,410,72.000,72,72,18.000,39.000,55.000,320,248,397,160,178,178,178,178,178,178,1,0,0,3,30,1
4.835000,72.83,43.134,25.850,519,415,72.000,72,72,18.000,39.000,55.000,315,251,402,160,181,181,181,181,181,181,1,0,0,3,30,1
4.840000,74.99,42.418,25.420,516,419,72.000,72,72,18.000,39.000,55.000,310,254,406,160,183,183,183,183,183,183,1,0,0,3,30,1
4.845000,77.15,41.654,24.980,513,423,72.000,72,72,18.000,39.000,55.000,304,256,411,160,184,184,184,184,184,184,1,0,0,3,30,1
4.850000,79.31,40.848,24.490,508,426,72.000,71,71,18.000,39.000,55.000,294,255,408,160,186,186,186,186,186,186,1,0,0,3,30,1
4.855000,81.47,40.004,24.000,503,430,72.000,71,71,18.000,39.000,55.000,288,257,412,160,188,188,188,188,188,188,1,0,0,3,30,1
4.860000,83.63,39.128,23.460,498,432,72.000,71,71,18.000,39.000,55.000,282,259,414,160,189,189,189,189,189,189,1,0,0,3,30,1
4.865000,85.79,38.223,22.920,492,435,72.000,71,71,18.000,39.000,55.000,275,261,417,160,190,190,190,190,190,190,1,0,0,3,30,1
4.870000,87.95,37.296,22.370,485,437,72.000,71,71,18.000,39.000,55.000,269,262,420,160,191,191,191,191,191,191,1,0,0,3,30,1
4.875000,90.11,36.352,21.830,478,439,72.000,71,71,18.000,39.000,55.000,262,263,422,160,192,192,192,192,192,192,1,0,0,3,30,1
4.880000,92.27,35.397,21.230,470,440,72.000,71,71,18.000,39.000,55.000,255,264,423,160,193,193,193,193,193,193,1,0,0,3,30,1
4.885000,94.43,34.435,20.690,462,441,72.000,71,71,18.000,39.000,55.000,248,265,424,160,193,193,193,193,193,193,1,0,0,3,30,1
4.890000,96.59,33.472,20.090,454,442,72.000,71,71,18.000,39.000,55.000,241,265,425,160,194,194,194,194,194,194,1,0,0,3,30,1
4.895000,98.75,32.514,19.490,445,442,72.000,71,71,18.000,39.000,55.000,234,265,425,160,194,194,194,194,194,194,1,0,0,3,30,1
4.900000,100.91,31.566,18.950,437,442,72.000,71,71,18.000,39.000,55.000,227,265,425,160,194,194,194,194,194,194,1,0,0,3,30,1
4.905000,103.07,30.632,18.350,427,442,72.000,71,71,18.000,39.000,55.000,220,265,425,160,194,194,194,194,194,194,1,0,0,3,30,1
4.910000,105.23,29.718,17.800,418,442,72.000,71,71,18.000,39.000,55.000,214,265,425,160,194,194,194,194,194,194,1,0,0,3,30,1
4.915000,107.39,28.829,17.310,409,441,72.000,71,71,18.000,39.000,55.000,208,265,424,160,193,193,193,193,193,193,1,0,0,3,30,1
4.920000,109.55,27.970,16.770,400,440,72.000,71,71,18.000,39.000,55.000,201,264,423,160,193,193,193,193,193,193,1,0,0,3,30,1
4.925000,111.71,27.144,16.280,390,440,72.000,71,71,18.000,39.000,55.000,195,264,423,160,193,193,193,193,193,193,1,0,0,3,30,1
4.930000,113.87,26.357,15.790,381,439,72.000,71,71,18.000,39.000,55.000,189,263,422,160,192,192,192,192,192,192,1,0,0,3,30,1
4.935000,116.03,25.612,15.360,372,437,72.000,71,71,18.000,39.000,55.000,184,262,420,160,191,191,191,191,191,191,1,0,0,3,30,1
4.940000,118.19,24.912,14.920,363,436,72.000,71,71,18.000,39.000,55.000,179,261,418,160,191,191,191,191,191,191,1,0,0,3,30,1
4.945000,120.35,24.261,14.540,354,434,72.000,71,71,18.000,39.000,55.000,174,260,417,160,190,190,190,190,190,190,1,0,0,3,30,1
4.950000,122.51,23.663,14.210,345,433,72.000,71,71,18.000,39.000,55.000,170,259,415,160,189,189,189,189,189,189,1,0,0,3,30,1
4.955000,124.67,23.119,13.890,337,431,72.000,71,71,18.000,39.000,55.000,167,258,413,160,188,188,188,188,188,188,1,0,0,3,30,1
4.960000,126.83,22.633,13.560,329,429,72.000,71,71,18.000,39.000,55.000,163,257,411,160,187,187,187,187,187,187,1,0,0,3,30,1
4.965000,128.99,22.206,13.340,322,427,72.000,71,71,18.000,39.000,55.000,160,255,409,160,186,186,186,186,186,186,1,0,0,3,30,1
4.970000,131.15,21.839,13.130,315,425,72.000,71,71,18.000,39.000,55.000,157,254,407,160,185,185,185,185,185,185,1,0,0,3,30,1
4.975000,133.31,21.534,12.910,308,423,72.000,71,71,18.000,39.000,55.000,155,253,405,160,184,184,184,184,184,184,1,0,0,3,30,1
4.980000,135.47,21.293,12.740,302,420,72.000,71,71,18.000,39.000,55.000,153,251,402,160,183,183,183,183,183,183,1,0,0,3,30,1
4.985000,137.63,21.114,12.640,296,418,72.000,71,71,18.000,39.000,55.000,152,250,400,160,182,182,182,182,182,182,1,0,0,3,30,1
4.990000,139.79,20.999,12.580,291,416,72.000,71,71,18.000,39.000,55.000,151,248,398,160,181,181,181,181,181,181,1,0,0,3,30,1
4.995000,141.95,20.946,12.580,287,413,72.000,71,71,18.000,39.000,55.000,151,246,394,160,180,180,180,180,180,180,1,0,0,3,30,1
5.000000,144.11,20.956,12.580,283,411,72.000,71,71,18.000,39.000,55.000,151,245,392,160,179,179,179,179,179,179,1,0,0,3,30,1
5.005000,146.27,21.027,12.640,279,408,72.000,71,71,18.000,39.000,55.000,152,243,389,160,177,177,177,177,177,177,1,0,0,3,30,1
5.010000,148.43,21.157,12.690,277,406,72.000,71,71,18.000,39.000,55.000,152,242,387,160,176,176,176,176,176,176,1,0,0,3,30,1
5.015000,150.59,21.345,12.800,274,403,72.000,71,71,18.000,39.000,55.000,153,240,384,160,175,175,175,175,175,175,1,0,0,3,30,1
5.020000,152.75,21.588,12.960,273,401,72.000,71,71,18.000,39.000,55.000,155,238,382,160,174,174,174,174,174,174,1,0,0,3,30,1
5.025000,154.91,21.884,13.130,272,398,72.000,71,71,18.000,39.000,55.000,157,237,379,160,173,173,173,173,173,173,1,0,0,3,30,1
5.030000,157.07,22.230,13.340,272,396,72.000,71,71,18.000,39.000,55.000,160,235,377,160,172,172,172,172,172,172,1,0,0,3,30,1
5.035000,159.23,22.623,13.560,272,393,72.000,71,71,18.000,39.000,55.000,163,233,374,160,170,170,170,170,170,170,1,0,0,3,30,1
5.040000,161.39,23.059,13.830,272,391,72.000,71,71,18.000,39.000,55.000,166,232,371,160,169,169,169,169,169,169,1,0,0,3,30,1
5.045000,163.55,23.534,14.100,274,389,72.000,71,71,18.000,39.000,55.000,169,231,369,160,168,168,168,168,168,168,1,0,0,3,30,1
5.050000,165.71,24.045,14.430,276,386,72.000,71,71,18.000,39.000,55.000,173,229,366,160,167,167,167,167,167,167,1,0,0,3,30,1
5.055000,167.87,24.588,14.760,278,384,72.000,71,71,18.000,39.000,55.000,177,227,364,160,166,166,166,166,166,166,1,0,0,3,30,1
5.060000,170.03,25.157,15.080,281,382,72.000,71,71,18.000,39.000,55.000,181,226,362,160,165,165,165,165,165,165,1,0,0,3,30,1
5.065000,172.19,25.748,15.460,284,380,72.000,71,71,18.000,39.000,55.000,185,225,360,160,164,164,164,164,164,164,1,0,0,3,30,1
5.070000,174.35,26.357,15.790,288,378,72.000,71,71,18.000,39.000,55.000,189,223,358,160,163,163,163,163,163,163,1,0,0,3,30,1
5.075000,176.51,26.980,16.170,292,377,72.000,71,71,18.000,39.000,55.000,194,223,357,160,162,162,162,162,162,162,1,0,0,3,30,1
5.080000,178.67,27.610,16.550,297,375,72.000,71,71,18.000,39.000,55.000,199,222,355,160,162,162,162,162,162,162,1,0,0,3,30,1
5.085000,180.83,28.243,16.930,302,374,72.000,71,71,18.000,39.000,55.000,203,221,354,160,161,161,161,161,161,161,1,0,0,3,30,1
5.090000,182.99,28.874,17.310,307,372,72.000,71,71,18.000,39.000,55.000,208,219,351,160,160,160,160,160,160,160,1,0,0,3,30,1
5.095000,185.15,29.498,17.690,312,371,72.000,71,71,18.000,39.000,55.000,212,219,351,160,160,160,160,160,160,160,1,0,0,3,30,1
5.100000,187.31,30.111,18.080,318,370,72.000,71,71,18.000,39.000,55.000,217,218,349,160,159,159,159,159,159,159,1,0,0,3,30,1
5.105000,189.47,30.707,18.400,324,369,72.000,71,71,18.000,39.000,55.000,221,218,348,160,159,159,159,159,159,159,1,0,0,3,30,1
5.110000,191.63,31.282,18.780,330,368,72.000,71,71,18.000,39.000,55.000,225,217,347,160,158,158,158,158,158,158,1,0,0,3,30,1
5.115000,193.79,31.831,19.110,336,368,72.000,71,71,18.000,39.000,55.000,229,217,347,160,158,158,158,158,158,158,1,0,0,3,30,1
5.120000,195.95,32.350,19.380,341,367,72.000,71,71,18.000,39.000,55.000,233,216,346,160,158,158,158,158,158,158,1,0,0,3,30,1
5.125000,198.11,32.834,19.710,347,367,72.000,71,71,18.000,39.000,55.000,237,216,346,160,158,158,158,158,158,158,1,0,0,3,30,1
5.130000,200.27,33.279,19.980,353,366,72.000,72,72,18.000,39.000,55.000,243,219,350,160,157,157,157,157,157,157,1,0,0,3,30,1
5.135000,202.43,33.682,20.200,359,366,72.000,72,72,18.000,39.000,55.000,246,219,350,160,157,157,157,157,157,157,1,0,0,3,30,1
5.140000,204.59,34.040,20.410,364,366,72.000,72,72,18.000,39.000,55.000,248,219,350,160,157,157,157,157,157,157,1,0,0,3,30,1
5.145000,206.75,34.348,20.580,369,366,72.000,72,72,18.000,39.000,55.000,251,219,350,160,157,157,157,157,157,157,1,0,0,3,30,1
5.150000,208.91,34.603,20.740,374,366,72.000,72,72,18.000,39.000,55.000,252,219,350,160,157,157,157,157,157,157,1,0,0,3,30,1
5.155000,211.07,34.804,20.900,379,367,72.000,72,72,18.000,39.000,55.000,254,219,351,160,158,158,158,158,158,158,1,0,0,3,30,1
5.160000,213.23,34.948,20.960,383,367,72.000,72,72,18.000,39.000,55.000,255,219,351,160,158,158,158,158,158,158,1,0,0,3,30,1
5.165000,215.39,35.033,21.010,387,368,72.000,71,71,18.000,39.000,55.000,252,217,347,160,158,158,158,158,158,158,1,0,0,3,30,1
5.170000,217.55,35.057,21.010,390,369,72.000,71,71,18.000,39.000,55.000,252,218,348,160,159,159,159,159,159,159,1,0,0,3,30,1
5.175000,219.71,35.019,21.010,393,370,72.000,71,71,18.000,39.000,55.000,252,218,349,160,159,159,159,159,159,159,1,0,0,3,30,1
5.180000,221.87,34.918,20.960,395,371,72.000,71,71,18.000,39.000,55.000,252,219,351,160,160,160,160,160,160,160,1,0,0,3,30,1
5.185000,224.03,34.755,20.850,397,372,72.000,71,71,18.000,39.000,55.000,250,219,351,160,160,160,160,160,160,160,1,0,0,3,30,1
5.190000,226.19,34.528,20.690,399,373,72.000,71,71,18.000,39.000,55.000,248,220,353,160,161,161,161,161,161,161,1,0,0,3,30,1
5.195000,228.35,34.238,20.520,399,374,72.000,71,71,18.000,39.000,55.000,246,221,354,160,161,161,161,161,161,161,1,0,0,3,30,1
5.200000,230.51,33.885,20.310,400,375,72.000,71,71,18.000,39.000,55.000,244,222,355,160,162,162,162,162,162,162,1,0,0,3,30,1
5.205000,232.67,33.472,20.090,399,376,72.000,71,71,18.000,39.000,55.000,241,222,356,160,162,162,162,162,162,162,1,0,0,3,30,1
5.210000,234.83,32.999,19.820,398,377,72.000,71,71,18.000,39.000,55.000,238,223,357,160,162,162,162,162,162,162,1,0,0,3,30,1
5.215000,236.99,32.469,19.490,397,377,72.000,71,71,18.000,39.000,55.000,234,223,357,160,162,162,162,162,162,162,1,0,0,3,30,1
5.220000,239.15,31.883,19.110,395,378,72.000,71,71,18.000,39.000,55.000,229,223,358,160,163,163,163,163,163,163,1,0,0,3,30,1
5.225000,241.31,31.244,18.730,392,379,72.000,71,71,18.000,39.000,55.000,225,224,359,160,163,163,163,163,163,163,1,0,0,3,30,1
5.230000,243.47,30.556,18.350,388,379,72.000,71,71,18.000,39.000,55.000,220,224,359,160,163,163,163,163,163,163,1,0,0,3,30,1
5.235000,245.63,29.821,17.910,384,379,72.000,71,71,18.000,39.000,55.000,215,224,359,160,163,163,163,163,163,163,1,0,0,3,30,1
5.240000,247.79,29.043,17.420,380,380,72.000,71,71,18.000,39.000,55.000,209,225,360,160,164,164,164,164,164,164,1,0,0,3,30,1
5.245000,249.95,28.226,16.930,375,379,72.000,71,71,18.000,39.000,55.000,203,224,359,160,163,163,163,163,163,163,1,0,0,3,30,1
5.250000,252.11,27.374,16.440,369,379,72.000,71,71,18.000,39.000,55.000,197,224,359,160,163,163,163,163,163,163,1,0,0,3,30,1
5.255000,254.27,26.491,15.900,363,379,72.000,71,71,18.000,39.000,55.000,191,224,359,160,163,163,163,163,163,163,1,0,0,3,30,1
5.260000,256.43,25.583,15.360,356,379,72.000,71,71,18.000,39.000,55.000,184,224,359,160,163,163,163,163,163,163,1,0,0,3,30,1
5.265000,258.59,24.654,14.810,349,378,72.000,71,71,18.000,39.000,55.000,178,223,358,160,163,163,163,163,163,163,1,0,0,3,30,1
5.270000,260.75,23.708,14.210,341,378,72.000,71,71,18.000,39.000,55.000,170,223,358,160,163,163,163,163,163,163,1,0,0,3,30,1
5.275000,262.91,22.752,13.670,333,377,72.000,71,71,18.000,39.000,55.000,164,223,357,160,162,162,162,162,162,162,1,0,0,3,30,1
5.280000,265.07,21.790,13.070,325,376,72.000,71,71,18.000,39.000,55.000,157,222,356,160,162,162,162,162,162,162,1,0,0,3,30,1
5.285000,267.23,20.827,12.470,317,375,72.000,71,71,18.000,39.000,55.000,149,222,355,160,162,162,162,162,162,162,1,0,0,3,30,1
5.290000,269.39,19.870,11.930,308,374,72.000,71,71,18.000,39.000,55.000,143,221,354,160,161,161,161,161,161,161,1,0,0,3,30,1
5.295000,271.55,18.923,11.330,299,372,72.000,71,71,18.000,39.000,55.000,136,219,351,160,160,160,160,160,160,160,1,0,0,3,30,1
5.300000,273.71,17.991,10.790,289,371,72.000,71,71,18.000,39.000,55.000,129,219,351,160,160,160,160,160,160,160,1,0,0,3,30,1
5.305000,275.87,17.081,10.240,280,369,72.000,71,71,18.000,39.000,55.000,123,218,348,160,159,159,159,159,159,159,1,0,0,3,30,1
5.310000,278.03,16.197,9.700,270,367,72.000,71,71,18.000,39.000,55.000,116,216,346,160,158,158,158,158,158,158,1,0,0,3,30,1
5.315000,280.19,15.345,9.210,261,365,72.000,71,71,18.000,39.000,55.000,110,215,344,160,157,157,157,157,157,157,1,0,0,3,30,1
5.320000,282.35,14.530,8.720,252,363,72.000,71,71,18.000,39.000,55.000,104,214,342,160,156,156,156,156,156,156,1,0,0,3,30,1
5.325000,284.51,13.756,8.230,242,361,72.000,71,71,18.000,39.000,55.000,98,212,340,160,155,155,155,155,155,155,1,0,0,3,30,1
5.330000,286.67,13.029,7.790,233,359,72.000,71,71,18.000,39.000,55.000,93,211,338,160,154,154,154,154,154,154,1,0,0,3,30,1
5.335000,288.83,12.352,7.410,224,356,72.000,71,71,18.000,39.000,55.000,89,209,335,160,152,152,152,152,152,152,1,0,0,3,30,1
5.340000,290.99,11.730,7.030,215,353,72.000,71,71,18.000,39.000,55.000,84,207,332,160,151,151,151,151,151,151,1,0,0,3,30,1
5.345000,293.15,11.167,6.710,207,351,72.000,71,71,18.000,39.000,55.000,80,206,330,160,150,150,150,150,150,150,1,0,0,3,30,1
5.350000,295.31,10.668,6.380,199,348,72.000,71,71,18.000,39.000,55.000,76,204,326,160,149,149,149,149,149,149,1,0,0,3,30,1
5.355000,297.47,10.234,6.160,191,345,72.000,71,71,18.000,39.000,55.000,74,202,323,160,147,147,147,147,147,147,1,0,0,3,30,1
5.360000,299.63,9.869,5.920,184,342,72.000,71,71,18.000,39.000,55.000,71,200,320,160,146,146,146,146,146,146,1,0,0,3,30,1
5.365000,301.79,9.576,5.750,177,338,72.000,71,71,18.000,39.000,55.000,69,197,316,160,144,144,144,144,144,144,1,0,0,3,30,1
5.370000,303.95,9.358,5.630,170,335,72.000,71,71,18.000,39.000,55.000,67,195,313,160,142,142,142,142,142,142,1,0,0,3,30,1
5.375000,306.11,9.216,5.550,164,332,72.000,71,71,18.000,39.000,55.000,66,193,310,160,141,141,141,141,141,141,1,0,0,3,30,1
5.380000,308.27,9.151,5.510,159,329,72.000,71,71,18.000,39.000,55.000,66,191,306,160,140,140,140,140,140,140,1,0,0,3,30,1
5.385000,310.43,9.166,5.510,154,325,72.000,71,71,18.000,39.000,55.000,66,189,302,160,138,138,138,138,138,138,1,0,0,3,30,1
5.390000,312.59,9.260,5.550,150,322,72.000,71,71,18.000,39.000,55.000,66,187,299,160,136,136,136,136,136,136,1,0,0,3,30,1
5.395000,314.75,9.435,5.670,147,318,72.000,71,71,18.000,39.000,55.000,68,184,295,160,134,134,134,134,134,134,1,0,0,3,30,1
5.400000,316.91,9.689,5.790,145,315,72.000,71,71,18.000,39.000,55.000,69,182,292,160,133,133,133,133,133,133,1,0,0,3,30,1
5.405000,319.07,10.023,6.000,143,312,72.000,71,71,18.000,39.000,55.000,72,180,289,160,131,131,131,131,131,131,1,0,0,3,30,1
5.410000,321.23,10.436,6.270,143,308,72.000,71,71,18.000,39.000,55.000,75,178,285,160,130,130,130,130,130,130,1,0,0,3,30,1
5.415000,323.39,10.927,6.540,143,305,72.000,71,71,18.000,39.000,55.000,78,176,281,160,128,128,128,128,128,128,1,0,0,3,30,1
5.420000,325.55,11.492,6.870,144,302,72.000,71,71,18.000,39.000,55.000,82,174,278,160,127,127,127,127,127,127,1,0,0,3,30,1
5.425000,327.71,12.132,7.310,145,299,72.000,71,71,18.000,39.000,55.000,87,172,275,160,125,125,125,125,125,125,1,0,0,3,30,1
5.430000,329.87,12.842,7.690,148,296,72.000,71,71,18.000,39.000,55.000,92,170,272,160,124,124,124,124,124,124,1,0,0,3,30,1
5.435000,332.03,13.621,8.180,151,293,72.000,71,71,18.000,39.000,55.000,98,168,269,160,122,122,122,122,122,122,1,0,0,3,30,1
5.440000,334.19,14.465,8.670,155,290,72.000,72,72,18.000,39.000,55.000,105,168,269,160,121,121,121,121,121,121,1,0,0,3,30,1
5.445000,336.35,15.370,9.210,160,288,72.000,72,72,18.000,39.000,55.000,112,167,267,160,120,120,120,120,120,120,1,0,0,3,30,1
5.450000,338.51,16.332,9.810,165,285,72.000,72,72,18.000,39.000,55.000,119,165,264,160,119,119,119,119,119,119,1,0,0,3,30,1
5.455000,340.67,17.347,10.410,171,283,72.000,72,72,18.000,39.000,55.000,126,164,262,160,118,118,118,118,118,118,1,0,0,3,30,1
5.460000,342.83,18.412,11.060,178,281,72.000,72,72,18.000,39.000,55.000,134,162,260,160,117,117,117,117,117,117,1,0,0,3,30,1
5.465000,344.99,19.520,11.710,186,279,72.000,72,72,18.000,39.000,55.000,142,161,258,160,116,116,116,116,116,116,1,0,0,3,30,1
5.470000,347.15,20.667,12.420,194,277,72.000,72,72,18.000,39.000,55.000,151,160,256,160,115,115,115,115,115,115,1,0,0,3,30,1
5.475000,349.31,21.847,13.130,203,276,72.000,71,71,18.000,39.000,55.000,157,157,251,160,114,114,114,114,114,114,1,0,0,3,30,1
5.480000,351.47,23.056,13.830,212,274,72.000,71,71,18.000,39.000,55.000,166,155,249,160,113,113,113,113,113,113,1,0,0,3,30,1
5.485000,353.63,24.288,14.590,222,273,72.000,71,71,18.000,39.000,55.000,175,155,248,160,113,113,113,113,113,113,1,0,0,3,30,1
5.490000,355.79,25.537,15.300,233,273,72.000,71,71,18.000,39.000,55.000,184,155,248,160,113,113,113,113,113,113,1,0,0,3,30,1
5.495000,357.95,26.797,16.060,244,272,72.000,71,71,18.000,39.000,55.000,193,154,247,160,112,112,112,112,112,112,1,0,0,3,30,1
5.500000,0.11,28.063,16.820,255,271,72.000,71,71,18.000,39.000,55.000,202,153,246,160,112,112,112,112,112,112,1,0,0,3,30,1
5.505000,2.27,29.329,17.590,267,271,72.000,71,71,18.000,39.000,55.000,211,153,246,160,112,112,112,112,112,112,1,0,0,3,30,1
5.510000,4.43,30.588,18.350,279,271,72.000,71,71,18.000,39.000,55.000,220,153,246,160,112,112,112,112,112,112,1,0,0,3,30,1
5.515000,6.59,31.836,19.110,291,272,72.000,71,71,18.000,39.000,55.000,229,154,247,160,112,112,112,112,112,112,1,0,0,3,30,1
5.520000,8.75,33.066,19.820,303,273,72.000,71,71,18.000,39.000,55.000,238,155,248,160,113,113,113,113,113,113,1,0,0,3,30,1
5.525000,10.91,34.272,20.580,316,274,72.000,71,71,18.000,39.000,55.000,247,155,249,160,113,113,113,113,113,113,1,0,0,3,30,1
5.530000,13.07,35.450,21.280,328,276,72.000,71,71,18.000,39.000,55.000,255,157,251,160,114,114,114,114,114,114,1,0,0,3,30,1
5.535000,15.23,36.593,21.940,341,279,72.000,71,71,18.000,39.000,55.000,263,159,254,160,116,116,116,116,116,116,1,0,0,3,30,1
5.540000,17.39,37.697,22.590,354,281,72.000,71,71,18.000,39.000,55.000,271,160,256,160,117,117,117,117,117,117,1,0,0,3,30,1
5.545000,19.55,38.756,23.240,366,285,72.000,71,71,18.000,39.000,55.000,279,163,260,160,119,119,119,119,119,119,1,0,0,3,30,1
5.550000,21.71,39.767,23.840,379,288,72.000,71,71,18.000,39.000,55.000,286,165,264,160,120,120,120,120,120,120,1,0,0,3,30,1
5.555000,23.87,40.724,24.440,391,292,72.000,71,71,18.000,39.000,55.000,293,167,268,160,122,122,122,122,122,122,1,0,0,3,30,1
5.560000,26.03,41.623,24.980,403,296,72.000,71,71,18.000,39.000,55.000,300,170,272,160,124,124,124,124,124,124,1,0,0,3,30,1
5.565000,28.19,42.460,25.470,414,301,72.000,71,71,18.000,39.000,55.000,306,173,277,160,126,126,126,126,126,126,1,0,0,3,30,1
5.570000,30.35,43.232,25.910,425,306,72.000,71,71,18.000,39.000,55.000,311,176,282,160,129,129,129,129,129,129,1,0,0,3,30,1
5.575000,32.51,43.935,26.340,436,311,72.000,71,71,18.000,39.000,55.000,316,180,288,160,131,131,131,131,131,131,1,0,0,3,30,1
5.580000,34.67,44.567,26.720,447,316,72.000,71,71,18.000,39.000,55.000,321,183,293,160,133,133,133,133,133,133,1,0,0,3,30,1
5.585000,36.83,45.126,27.050,456,322,72.000,71,71,18.000,39.000,55.000,325,187,299,160,136,136,136,136,136,136,1,0,0,3,30,1
5.590000,38.99,45.608,27.380,466,327,72.000,71,71,18.000,39.000,55.000,329,190,305,160,139,139,139,139,139,139,1,0,0,3,30,1
5.595000,41.15,46.014,27.590,474,333,72.000,71,71,18.000,39.000,55.000,331,194,311,160,141,141,141,141,141,141,1,0,0,3,30,1
5.600000,43.31,46.340,27.810,482,339,72.000,71,71,18.000,39.000,55.000,334,198,317,160,144,144,144,144,144,144,1,0,0,3,30,1
5.605000,45.47,46.586,27.920,490,345,72.000,71,71,18.000,39.000,55.000,335,202,323,160,147,147,147,147,147,147,1,0,0,3,30,1
5.610000,47.63,46.753,28.030,497,351,72.000,71,71,18.000,39.000,55.000,337,206,330,160,150,150,150,150,150,150,1,0,0,3,30,1
5.615000,49.79,46.839,28.080,503,357,72.000,71,71,18.000,39.000,55.000,337,210,336,160,153,153,153,153,153,153,1,0,0,3,30,1
5.620000,51.95,46.846,28.080,508,363,72.000,71,71,18.000,39.000,55.000,337,214,342,160,156,156,156,156,156,156,1,0,0,3,30,1
5.625000,54.11,46.774,28.080,512,369,72.000,71,71,18.000,39.000,55.000,337,218,348,160,159,159,159,159,159,159,1,0,0,3,30,1
5.630000,56.27,46.624,27.970,516,375,72.000,71,71,18.000,39.000,55.000,336,222,355,160,162,162,162,162,162,162,1,0,0,3,30,1
5.635000,58.43,46.398,27.810,519,381,72.000,71,71,18.000,39.000,55.000,334,225,361,160,164,164,164,164,164,164,1,0,0,3,30,1
5.640000,60.59,46.098,27.650,521,386,72.000,71,71,18.000,39.000,55.000,332,229,366,160,167,167,167,167,167,167,1,0,0,3,30,1
5.645000,62.75,45.726,27.430,523,392,72.000,71,71,18.000,39.000,55.000,329,233,372,160,170,170,170,170,170,170,1,0,0,3,30,1
5.650000,64.91,45.285,27.160,523,397,72.000,71,71,18.000,39.000,55.000,326,236,378,160,172,172,172,172,172,172,1,0,0,3,30,1
5.655000,67.07,44.779,26.890,523,402,72.000,71,71,18.000,39.000,55.000,323,239,383,160,174,174,174,174,174,174,1,0,0,3,30,1
5.660000,69.23,44.210,26.510,522,407,72.000,71,71,18.000,39.000,55.000,318,242,388,160,177,177,177,177,177,177,1,0,0,3,30,1
5.665000,71.39,43.583,26.130,521,412,72.000,71,71,18.000,39.000,55.000,314,246,393,160,179,179,179,179,179,179,1,0,0,3,30,1
5.670000,73.55,42.901,25.740,518,416,72.000,71,71,18.000,39.000,55.000,309,248,398,160,181,181,181,181,181,181,1,0,0,3,30,1
5.675000,75.71,42.168,25.310,515,420,72.000,71,71,18.000,39.000,55.000,304,251,402,160,183,183,183,183,183,183,1,0,0,3,30,1
5.680000,77.87,41.390,24.820,511,424,72.000,71,71,18.000,39.000,55.000,298,254,406,160,185,185,185,185,185,185,1,0,0,3,30,1
5.685000,80.03,40.571,24.330,507,427,72.000,71,71,18.000,39.000,55.000,292,255,409,160,186,186,186,186,186,186,1,0,0,3,30,1
5.690000,82.19,39.716,23.840,502,431,72.000,71,71,18.000,39.000,55.000,286,258,413,160,188,188,188,188,188,188,1,0,0,3,30,1
5.695000,84.35,38.829,23.300,496,433,72.000,71,71,18.000,39.000,55.000,280,259,415,160,189,189,189,189,189,189,1,0,0,3,30,1
5.700000,86.51,37.916,22.750,490,436,72.000,71,71,18.000,39.000,55.000,273,261,418,160,191,191,191,191,191,191,1,0,0,3,30,1
5.705000,88.67,36.983,22.150,483,438,72.000,71,71,18.000,39.000,55.000,266,263,421,160,192,192,192,192,192,192,1,0,0,3,30,1
5.710000,90.83,36.035,21.610,475,439,72.000,71,71,18.000,39.000,55.000,259,263,422,160,192,192,192,192,192,192,1,0,0,3,30,1
5.715000,92.99,35.077,21.070,468,441,72.000,71,71,18.000,39.000,55.000,253,265,424,160,193,193,193,193,193,193,1,0,0,3,30,1
5.720000,95.15,34.114,20.470,460,442,72.000,71,71,18.000,39.000,55.000,246,265,425,160,194,194,194,194,194,194,1,0,0,3,30,1
5.725000,97.31,33.152,19.870,451,442,72.000,71,71,18.000,39.000,55.000,238,265,425,160,194,194,194,194,194,194,1,0,0,3,30,1
5.730000,99.47,32.197,19.330,442,442,72.000,71,71,18.000,39.000,55.000,232,265,425,160,194,194,194,194,194,194,1,0,0,3,30,1
5.735000,101.63,31.253,18.730,434,442,72.000,71,71,18.000,39.000,55.000,225,265,425,160,194,194,194,194,194,194,1,0,0,3,30,1
5.740000,103.79,30.325,18.180,424,442,72.000,71,71,18.000,39.000,55.000,218,265,425,160,194,194,194,194,194,194,1,0,0,3,30,1
5.745000,105.95,29.419,17.640,415,441,72.000,71,71,18.000,39.000,55.000,212,265,424,160,193,193,193,193,193,193,1,0,0,3,30,1
5.750000,108.11,28.539,17.100,406,441,72.000,71,71,18.000,39.000,55.000,205,265,424,160,193,193,193,193,193,193,1,0,0,3,30,1
5.755000,110.27,27.691,16.610,396,440,72.000,72,72,18.000,39.000,55.000,202,268,429,160,193,193,193,193,193,193,1,0,0,3,30,1
5.760000,112.43,26.877,16.120,387,439,72.000,72,72,18.000,39.000,55.000,196,267,428,160,192,192,192,192,192,192,1,0,0,3,30,1
5.765000,114.59,26.104,15.680,378,438,72.000,72,72,18.000,39.000,55.000,191,266,426,160,192,192,192,192,192,192,1,0,0,3,30,1
5.770000,116.75,25.373,15.250,369,437,72.000,72,72,18.000,39.000,55.000,186,266,426,160,191,191,191,191,191,191,1,0,0,3,30,1
5.775000,118.91,24.689,14.810,360,435,72.000,72,72,18.000,39.000,55.000,180,264,423,160,190,190,190,190,190,190,1,0,0,3,30,1
5.780000,121.07,24.056,14.430,351,434,72.000,72,72,18.000,39.000,55.000,176,264,422,160,190,190,190,190,190,190,1,0,0,3,30,1
5.785000,123.23,23.475,14.100,343,432,72.000,72,72,18.000,39.000,55.000,171,262,420,160,189,189,189,189,189,189,1,0,0,3,30,1
5.790000,125.39,22.951,13.780,334,430,72.000,71,71,18.000,39.000,55.000,165,257,412,160,188,188,188,188,188,188,1,0,0,3,30,1
5.795000,127.55,22.484,13.510,327,428,72.000,71,71,18.000,39.000,55.000,162,256,410,160,187,187,187,187,187,187,1,0,0,3,30,1
5.800000,129.71,22.077,13.230,319,426,72.000,71,71,18.000,39.000,55.000,159,255,408,160,186,186,186,186,186,186,1,0,0,3,30,1
5.805000,131.87,21.731,13.020,312,424,72.000,71,71,18.000,39.000,55.000,156,254,406,160,185,185,185,185,185,185,1,0,0,3,30,1
5.810000,134.03,21.447,12.850,306,422,72.000,71,71,18.000,39.000,55.000,154,252,404,160,184,184,184,184,184,184,1,0,0,3,30,1
5.815000,136.19,21.226,12.740,300,420,72.000,71,71,18.000,39.000,55.000,153,251,402,160,183,183,183,183,183,183,1,0,0,3,30,1
5.820000,138.35,21.069,12.640,294,417,72.000,71,71,18.000,39.000,55.000,152,249,399,160,182,182,182,182,182,182,1,0,0,3,30,1
5.825000,140.51,20.974,12.580,290,415,72.000,71,71,18.000,39.000,55.000,151,248,397,160,181,181,181,181,181,181,1,0,0,3,30,1
5.830000,142.67,20.943,12.580,285,412,72.000,71,71,18.000,39.000,55.000,151,246,393,160,179,179,179,179,179,179,1,0,0,3,30,1
5.835000,144.83,20.973,12.580,281,410,72.000,71,71,18.000,39.000,55.000,151,244,391,160,178,178,178,178,178,178,1,0,0,3,30,1
5.840000,146.99,21.064,12.640,278,407,72.000,71,71,18.000,39.000,55.000,152,242,388,160,177,177,177,177,177,177,1,0,0,3,30,1
5.845000,149.15,21.213,12.740,276,405,72.000,71,71,18.000,39.000,55.000,153,241,386,160,176,176,176,176,176,176,1,0,0,3,30,1
5.850000,151.31,21.420,12.850,274,402,72.000,71,71,18.000,39.000,55.000,154,239,383,160,174,174,174,174,174,174,1,0,0,3,30,1
5.855000,153.47,21.681,13.020,272,400,72.000,71,71,18.000,39.000,55.000,156,238,381,160,173,173,173,173,173,173,1,0,0,3,30,1
5.860000,155.63,21.994,13.180,272,397,72.000,71,71,18.000,39.000,55.000,158,236,378,160,172,172,172,172,172,172,1,0,0,3,30,1
5.865000,157.79,22.356,13.400,272,395,72.000,71,71,18.000,39.000,55.000,161,235,376,160,171,171,171,171,171,171,1,0,0,3,30,1
5.870000,159.95,22.764,13.670,272,392,72.000,71,71,18.000,39.000,55.000,164,233,372,160,170,170,170,170,170,170,1,0,0,3,30,1
5.875000,162.11,23.213,13.940,273,390,72.000,71,71,18.000,39.000,55.000,167,231,370,160,169,169,169,169,169,169,1,0,0,3,30,1
5.880000,164.27,23.701,14.210,274,388,72.000,71,71,18.000,39.000,55.000,170,230,368,160,168,168,168,168,168,168,1,0,0,3,30,1
5.885000,166.43,24.223,14.540,276,386,72.000,71,71,18.000,39.000,55.000,174,229,366,160,167,167,167,167,167,167,1,0,0,3,30,1
5.890000,168.59,24.774,14.870,279,383,72.000,71,71,18.000,39.000,55.000,178,227,363,160,165,165,165,165,165,165,1,0,0,3,30,1
5.895000,170.75,25.352,15.190,282,381,72.000,71,71,18.000,39.000,55.000,182,225,361,160,164,164,164,164,164,164,1,0,0,3,30,1
5.900000,172.91,25.950,15.570,286,380,72.000,71,71,18.000,39.000,55.000,187,225,360,160,164,164,164,164,164,164,1,0,0,3,30,1
5.905000,175.07,26.564,15.950,290,378,72.000,71,71,18.000,39.000,55.000,191,223,358,160,163,163,163,163,163,163,1,0,0,3,30,1
5.910000,177.23,27.189,16.330,294,376,72.000,71,71,18.000,39.000,55.000,196,222,356,160,162,162,162,162,162,162,1,0,0,3,30,1
5.915000,179.39,27.821,16.720,299,375,72.000,71,71,18.000,39.000,55.000,201,222,355,160,162,162,162,162,162,162,1,0,0,3,30,1
5.920000,181.55,28.454,17.100,304,373,72.000,71,71,18.000,39.000,55.000,205,220,353,160,161,161,161,161,161,161,1,0,0,3,30,1
5.925000,183.71,29.083,17.420,309,372,72.000,71,71,18.000,39.000,55.000,209,219,351,160,160,160,160,160,160,160,1,0,0,3,30,1
5.930000,185.87,29.704,17.800,314,371,72.000,71,71,18.000,39.000,55.000,214,219,351,160,160,160,160,160,160,160,1,0,0,3,30,1
5.935000,188.03,30.312,18.180,320,370,72.000,71,71,18.000,39.000,55.000,218,218,349,160,159,159,159,159,159,159,1,0,0,3,30,1
5.940000,190.19,30.901,18.560,326,369,72.000,71,71,18.000,39.000,55.000,223,218,348,160,159,159,159,159,159,159,1,0,0,3,30,1
5.945000,192.35,31.468,18.890,332,368,72.000,71,71,18.000,39.000,55.000,227,217,347,160,158,158,158,158,158,158,1,0,0,3,30,1
5.950000,194.51,32.007,19.220,337,367,72.000,71,71,18.000,39.000,55.000,231,216,346,160,158,158,158,158,158,158,1,0,0,3,30,1
5.955000,196.67,32.515,19.490,343,367,72.000,71,71,18.000,39.000,55.000,234,216,346,160,158,158,158,158,158,158,1,0,0,3,30,1
5.960000,198.83,32.987,19.820,349,367,72.000,71,71,18.000,39.000,55.000,238,216,346,160,158,158,158,158,158,158,1,0,0,3,30,1
5.965000,200.99,33.418,20.030,355,366,72.000,71,71,18.000,39.000,55.000,240,216,345,160,157,157,157,157,157,157,1,0,0,3,30,1
5.970000,203.15,33.807,20.310,360,366,72.000,71,71,18.000,39.000,55.000,244,216,345,160,157,157,157,157,157,157,1,0,0,3,30,1
5.975000,205.31,34.148,20.470,366,366,72.000,71,71,18.000,39.000,55.000,246,216,345,160,157,157,157,157,157,157,1,0,0,3,30,1
5.980000,207.47,34.439,20.690,371,366,72.000,71,71,18.000,39.000,55.000,248,216,345,160,157,157,157,157,157,157,1,0,0,3,30,1
5.985000,209.63,34.677,20.790,376,366,72.000,71,71,18.000,39.000,55.000,250,216,345,160,157,157,157,157,157,157,1,0,0,3,30,1
5.990000,211.79,34.859,20.900,380,367,72.000,71,71,18.000,39.000,55.000,251,216,346,160,158,158,158,158,158,158,1,0,0,3,30,1
5.995000,213.95,34.983,20.960,384,368,72.000,71,71,18.000,39.000,55.000,252,217,347,160,158,158,158,158,158,158,1,0,0,3,30,1
6.000000,216.11,35.048,21.010,388,368,72.000,71,71,18.000,39.000,55.000,252,217,347,160,158,158,158,158,158,158,1,0,0,3,30,1
6.005000,218.27,35.051,21.010,391,369,72.000,71,71,18.000,39.000,55.000,252,218,348,160,159,159,159,159,159,159,1,0,0,3,30,1
6.010000,220.43,34.993,21.010,394,370,72.000,71,71,18.000,39.000,55.000,252,218,349,160,159,159,159,159,159,159,1,0,0,3,30,1
6.015000,222.59,34.871,20.900,396,371,72.000,71,71,18.000,39.000,55.000,251,219,351,160,160,160,160,160,160,160,1,0,0,3,30,1
6.020000,224.75,34.686,20.790,398,372,72.000,71,71,18.000,39.000,55.000,250,219,351,160,160,160,160,160,160,160,1,0,0,3,30,1
6.025000,226.91,34.438,20.690,399,373,72.000,71,71,18.000,39.000,55.000,248,220,353,160,161,161,161,161,161,161,1,0,0,3,30,1
6.030000,229.07,34.127,20.470,399,374,72.000,71,71,18.000,39.000,55.000,246,221,354,160,161,161,161,161,161,161,1,0,0,3,30,1
6.035000,231.23,33.754,20.250,400,375,72.000,71,71,18.000,39.000,55.000,243,222,355,160,162,162,162,162,162,162,1,0,0,3,30,1
6.040000,233.39,33.321,19.980,399,376,72.000,71,71,18.000,39.000,55.000,240,222,356,160,162,162,162,162,162,162,1,0,0,3,30,1
6.045000,235.55,32.829,19.710,398,377,72.000,71,71,18.000,39.000,55.000,237,223,357,160,162,162,162,162,162,162,1,0,0,3,30,1
6.050000,237.71,32.280,19.380,396,378,72.000,71,71,18.000,39.000,55.000,233,223,358,160,163,163,163,163,163,163,1,0,0,3,30,1
6.055000,239.87,31.676,19.000,394,378,72.000,71,71,18.000,39.000,55.000,228,223,358,160,163,163,163,163,163,163,1,0,0,3,30,1
6.060000,242.03,31.020,18.620,391,379,72.000,71,71,18.000,39.000,55.000,223,224,359,160,163,163,163,163,163,163,1,0,0,3,30,1
6.065000,244.19,30.316,18.180,387,379,72.000,72,72,18.000,39.000,55.000,221,227,364,160,163,163,163,163,163,163,1,0,0,3,30,1
6.070000,246.35,29.566,17.750,383,379,72.000,72,72,18.000,39.000,55.000,216,227,364,160,163,163,163,163,163,163,1,0,0,3,30,1
6.075000,248.51,28.775,17.260,378,379,72.000,72,72,18.000,39.000,55.000,210,227,364,160,163,163,163,163,163,163,1,0,0,3,30,1
6.080000,250.67,27.946,16.770,373,379,72.000,72,72,18.000,39.000,55.000,204,227,364,160,163,163,163,163,163,163,1,0,0,3,30,1
6.085000,252.83,27.083,16.230,367,379,72.000,72,72,18.000,39.000,55.000,197,227,364,160,163,163,163,163,163,163,1,0,0,3,30,1
6.090000,254.99,26.191,15.740,361,379,72.000,72,72,18.000,39.000,55.000,191,227,364,160,163,163,163,163,163,163,1,0,0,3,30,1
6.095000,257.15,25.275,15.140,354,379,72.000,72,72,18.000,39.000,55.000,184,227,364,160,163,163,163,163,163,163,1,0,0,3,30,1
6.100000,259.31,24.340,14.590,347,378,72.000,71,71,18.000,39.000,55.000,175,223,358,160,163,163,163,163,163,163,1,0,0,3,30,1
6.105000,261.47,23.390,14.050,339,377,72.000,71,71,18.000,39.000,55.000,168,223,357,160,162,162,162,162,162,162,1,0,0,3,30,1
6.110000,263.63,22.431,13.450,331,377,72.000,71,71,18.000,39.000,55.000,161,223,357,160,162,162,162,162,162,162,1,0,0,3,30,1
6.115000,265.79,21.469,12.850,322,376,72.000,71,71,18.000,39.000,55.000,154,222,356,160,162,162,162,162,162,162,1,0,0,3,30,1
6.120000,267.95,20.507,12.310,314,375,72.000,71,71,18.000,39.000,55.000,148,222,355,160,162,162,162,162,162,162,1,0,0,3,30,1
6.125000,270.11,19.553,11.710,305,373,72.000,71,71,18.000,39.000,55.000,140,220,353,160,161,161,161,161,161,161,1,0,0,3,30,1
6.130000,272.27,18.610,11.170,295,372,72.000,71,71,18.000,39.000,55.000,134,219,351,160,160,160,160,160,160,160,1,0,0,3,30,1
6.135000,274.43,17.685,10.620,286,370,72.000,71,71,18.000,39.000,55.000,127,218,349,160,159,159,159,159,159,159,1,0,0,3,30,1
6.140000,276.59,16.783,10.080,277,369,72.000,71,71,18.000,39.000,55.000,121,218,348,160,159,159,159,159,159,159,1,0,0,3,30,1
6.145000,278.75,15.910,9.540,267,367,72.000,71,71,18.000,39.000,55.000,114,216,346,160,158,158,158,158,158,158,1,0,0,3,30,1
6.150000,280.91,15.069,9.050,258,365,72.000,71,71,18.000,39.000,55.000,108,215,344,160,157,157,157,157,157,157,1,0,0,3,30,1
6.155000,283.07,14.267,8.560,248,362,72.000,71,71,18.000,39.000,55.000,102,213,341,160,155,155,155,155,155,155,1,0,0,3,30,1
6.160000,285.23,13.508,8.120,239,360,72.000,71,71,18.000,39.000,55.000,97,212,339,160,154,154,154,154,154,154,1,0,0,3,30,1
6.165000,287.39,12.797,7.690,230,358,72.000,71,71,18.000,39.000,55.000,92,210,337,160,153,153,153,153,153,153,1,0,0,3,30,1
6.170000,289.55,12.138,7.310,221,355,72.000,71,71,18.000,39.000,55.000,87,208,334,160,152,152,152,152,152,152,1,0,0,3,30,1
6.175000,291.71,11.536,6.920,212,352,72.000,71,71,18.000,39.000,55.000,83,206,331,160,151,151,151,151,151,151,1,0,0,3,30,1
6.180000,293.87,10.994,6.600,204,350,72.000,71,71,18.000,39.000,55.000,79,205,329,160,150,150,150,150,150,150,1,0,0,3,30,1
6.185000,296.03,10.515,6.330,196,347,72.000,71,71,18.000,39.000,55.000,76,203,325,160,148,148,148,148,148,148,1,0,0,3,30,1
6.190000,298.19,10.104,6.050,188,344,72.000,71,71,18.000,39.000,55.000,72,201,322,160,147,147,147,147,147,147,1,0,0,3,30,1
6.195000,300.35,9.763,5.880,181,341,72.000,71,71,18.000,39.000,55.000,70,199,319,160,145,145,145,145,145,145,1,0,0,3,30,1
6.200000,302.51,9.495,5.710,175,337,72.000,71,71,18.000,39.000,55.000,68,197,315,160,143,143,143,143,143,143,1,0,0,3,30,1
6.205000,304.67,9.302,5.590,168,334,72.000,71,71,18.000,39.000,55.000,67,195,312,160,142,142,142,142,142,142,1,0,0,3,30,1
6.210000,306.83,9.185,5.510,162,331,72.000,71,71,18.000,39.000,55.000,66,193,309,160,140,140,140,140,140,140,1,0,0,3,30,1
6.215000,308.99,9.147,5.510,157,327,72.000,71,71,18.000,39.000,55.000,66,190,305,160,139,139,139,139,139,139,1,0,0,3,30,1
6.220000,311.15,9.188,5.510,153,324,72.000,71,71,18.000,39.000,55.000,66,188,301,160,137,137,137,137,137,137,1,0,0,3,30,1
6.225000,313.31,9.309,5.590,149,321,72.000,71,71,18.000,39.000,55.000,67,186,298,160,136,136,136,136,136,136,1,0,0,3,30,1
6.230000,315.47,9.511,5.710,146,317,72.000,71,71,18.000,39.000,55.000,68,184,294,160,134,134,134,134,134,134,1,0,0,3,30,1
6.235000,317.63,9.792,5.880,144,314,72.000,71,71,18.000,39.000,55.000,70,182,291,160,132,132,132,132,132,132,1,0,0,3,30,1
6.240000,319.79,10.152,6.110,143,311,72.000,71,71,18.000,39.000,55.000,73,180,288,160,131,131,131,131,131,131,1,0,0,3,30,1
6.245000,321.95,10.591,6.330,143,307,72.000,71,71,18.000,39.000,55.000,76,177,284,160,129,129,129,129,129,129,1,0,0,3,30,1
6.250000,324.11,11.107,6.650,143,304,72.000,71,71,18.000,39.000,55.000,79,175,280,160,128,128,128,128,128,128,1,0,0,3,30,1
6.255000,326.27,11.698,7.030,144,301,72.000,71,71,18.000,39.000,55.000,84,173,277,160,126,126,126,126,126,126,1,0,0,3,30,1
6.260000,328.43,12.361,7.410,146,298,72.000,71,71,18.000,39.000,55.000,89,171,274,160,125,125,125,125,125,125,1,0,0,3,30,1
6.265000,330.59,13.095,7.850,149,295,72.000,71,71,18.000,39.000,55.000,94,169,271,160,123,123,123,123,123,123,1,0,0,3,30,1
6.270000,332.75,13.895,8.340,152,292,72.000,71,71,18.000,39.000,55.000,100,167,268,160,122,122,122,122,122,122,1,0,0,3,30,1
6.275000,334.91,14.760,8.830,156,289,72.000,71,71,18.000,39.000,55.000,106,165,265,160,120,120,120,120,120,120,1,0,0,3,30,1
6.280000,337.07,15.684,9.430,161,287,72.000,71,71,18.000,39.000,55.000,113,164,263,160,120,120,120,120,120,120,1,0,0,3,30,1
6.285000,339.23,16.665,10.030,167,285,72.000,71,71,18.000,39.000,55.000,120,163,260,160,119,119,119,119,119,119,1,0,0,3,30,1
6.290000,341.39,17.697,10.620,174,282,72.000,71,71,18.000,39.000,55.000,127,161,257,160,117,117,117,117,117,117,1,0,0,3,30,1
6.295000,343.55,18.776,11.280,181,280,72.000,71,71,18.000,39.000,55.000,135,159,255,160,116,116,116,116,116,116,1,0,0,3,30,1
6.300000,345.71,19.898,11.930,188,278,72.000,71,71,18.000,39.000,55.000,143,158,253,160,115,115,115,115,115,115,1,0,0,3,30,1
6.305000,347.87,21.057,12.640,197,277,72.000,71,71,18.000,39.000,55.000,152,157,252,160,115,115,115,115,115,115,1,0,0,3,30,1
6.310000,350.03,22.248,13.340,206,275,72.000,71,71,18.000,39.000,55.000,160,156,250,160,114,114,114,114,114,114,1,0,0,3,30,1
6.315000,352.19,23.465,14.050,216,274,72.000,71,71,18.000,39.000,55.000,168,155,249,160,113,113,113,113,113,113,1,0,0,3,30,1
6.320000,354.35,24.703,14.810,226,273,72.000,71,71,18.000,39.000,55.000,178,155,248,160,113,113,113,113,113,113,1,0,0,3,30,1
6.325000,356.51,25.956,15.570,236,272,72.000,71,71,18.000,39.000,55.000,187,154,247,160,112,112,112,112,112,112,1,0,0,3,30,1
6.330000,358.67,27.219,16.330,247,272,72.000,71,71,18.000,39.000,55.000,196,154,247,160,112,112,112,112,112,112,1,0,0,3,30,1
6.335000,0.83,28.486,17.100,259,271,72.000,71,71,18.000,39.000,55.000,205,153,246,160,112,112,112,112,112,112,1,0,0,3,30,1
6.340000,2.99,29.750,17.860,271,271,72.000,71,71,18.000,39.000,55.000,214,153,246,160,112,112,112,112,112,112,1,0,0,3,30,1
6.345000,5.15,31.006,18.620,283,271,72.000,71,71,18.000,39.000,55.000,223,153,246,160,112,112,112,112,112,112,1,0,0,3,30,1
6.350000,7.31,32.248,19.330,295,272,72.000,71,71,18.000,39.000,55.000,232,154,247,160,112,112,112,112,112,112,1,0,0,3,30,1
6.355000,9.47,33.471,20.090,307,273,72.000,71,71,18.000,39.000,55.000,241,155,248,160,113,113,113,113,113,113,1,0,0,3,30,1
6.360000,11.63,34.668,20.790,320,275,72.000,71,71,18.000,39.000,55.000,250,156,250,160,114,114,114,114,114,114,1,0,0,3,30,1
6.365000,13.79,35.835,21.500,333,277,72.000,71,71,18.000,39.000,55.000,258,157,252,160,115,115,115,115,115,115,1,0,0,3,30,1
6.370000,15.95,36.966,22.150,345,280,72.000,71,71,18.000,39.000,55.000,266,159,255,160,116,116,116,116,116,116,1,0,0,3,30,1
6.375000,18.11,38.055,22.810,358,282,72.000,71,71,18.000,39.000,55.000,274,161,257,160,117,117,117,117,117,117,1,0,0,3,30,1
6.380000,20.27,39.099,23.460,370,286,72.000,72,72,18.000,39.000,55.000,286,166,265,160,119,119,119,119,119,119,1,0,0,3,30,1
6.385000,22.43,40.092,24.060,383,289,72.000,72,72,18.000,39.000,55.000,293,168,268,160,120,120,120,120,120,120,1,0,0,3,30,1
6.390000,24.59,41.030,24.600,395,293,72.000,72,72,18.000,39.000,55.000,300,170,273,160,122,122,122,122,122,122,1,0,0,3,30,1
6.395000,26.75,41.909,25.150,407,298,72.000,72,72,18.000,39.000,55.000,306,174,278,160,125,125,125,125,125,125,1,0,0,3,30,1
6.400000,28.91,42.725,25.640,418,302,72.000,72,72,18.000,39.000,55.000,312,176,282,160,127,127,127,127,127,127,1,0,0,3,30,1
6.405000,31.07,43.474,26.070,429,307,72.000,72,72,18.000,39.000,55.000,317,180,288,160,129,129,129,129,129,129,1,0,0,3,30,1
6.410000,33.23,44.154,26.510,440,313,72.000,72,72,18.000,39.000,55.000,323,183,294,160,132,132,132,132,132,132,1,0,0,3,30,1
6.415000,35.39,44.762,26.830,450,318,72.000,71,71,18.000,39.000,55.000,322,184,295,160,134,134,134,134,134,134,1,0,0,3,30,1
6.420000,37.55,45.295,27.160,460,324,72.000,71,71,18.000,39.000,55.000,326,188,301,160,137,137,137,137,137,137,1,0,0,3,30,1
6.425000,39.71,45.752,27.430,469,329,72.000,71,71,18.000,39.000,55.000,329,191,306,160,140,140,140,140,140,140,1,0,0,3,30,1
6.430000,41.87,46.131,27.650,477,335,72.000,71,71,18.000,39.000,55.000,332,195,313,160,142,142,142,142,142,142,1,0,0,3,30,1
6.435000,44.03,46.431,27.870,485,341,72.000,71,71,18.000,39.000,55.000,335,199,319,160,145,145,145,145,145,145,1,0,0,3,30,1
6.440000,46.19,46.651,27.970,492,347,72.000,71,71,18.000,39.000,55.000,336,203,325,160,148,148,148,148,148,148,1,0,0,3,30,1
6.445000,48.35,46.790,28.080,499,353,72.000,71,71,18.000,39.000,55.000,337,207,332,160,151,151,151,151,151,151,1,0,0,3,30,1
6.450000,50.51,46.850,28.080,504,359,72.000,71,71,18.000,39.000,55.000,337,211,338,160,154,154,154,154,154,154,1,0,0,3,30,1
6.455000,52.67,46.830,28.080,509,365,72.000,71,71,18.000,39.000,55.000,337,215,344,160,157,157,157,157,157,157,1,0,0,3,30,1
6.460000,54.83,46.732,28.030,514,371,72.000,71,71,18.000,39.000,55.000,337,219,351,160,160,160,160,160,160,160,1,0,0,3,30,1
6.465000,56.99,46.557,27.920,517,377,72.000,71,71,18.000,39.000,55.000,335,223,357,160,162,162,162,162,162,162,1,0,0,3,30,1
6.470000,59.15,46.306,27.760,520,383,72.000,71,71,18.000,39.000,55.000,333,227,363,160,165,165,165,165,165,165,1,0,0,3,30,1
6.475000,61.31,45.982,27.590,522,388,72.000,71,71,18.000,39.000,55.000,331,230,368,160,168,168,168,168,168,168,1,0,0,3,30,1
6.480000,63.47,45.587,27.320,523,394,72.000,71,71,18.000,39.000,55.000,328,234,375,160,171,171,171,171,171,171,1,0,0,3,30,1
6.485000,65.63,45.124,27.050,523,399,72.000,71,71,18.000,39.000,55.000,325,237,380,160,173,173,173,173,173,173,1,0,0,3,30,1
6.490000,67.79,44.596,26.720,523,404,72.000,71,71,18.000,39.000,55.000,321,240,385,160,175,175,175,175,175,175,1,0,0,3,30,1
6.495000,69.95,44.007,26.400,522,409,72.000,71,71,18.000,39.000,55.000,317,244,390,160,178,178,178,178,178,178,1,0,0,3,30,1
6.500000,72.11,43.361,26.020,520,413,72.000,71,71,18.000,39.000,55.000,312,246,394,160,180,180,180,180,180,180,1,0,0,3,30,1
6.505000,74.27,42.662,25.580,517,418,72.000,71,71,18.000,39.000,55.000,307,250,400,160,182,182,182,182,182,182,1,0,0,3,30,1
6.510000,76.43,41.914,25.150,514,422,72.000,71,71,18.000,39.000,55.000,302,252,404,160,184,184,184,184,184,184,1,0,0,3,30,1
6.515000,78.59,41.121,24.660,510,425,72.000,71,71,18.000,39.000,55.000,296,254,407,160,185,185,185,185,185,185,1,0,0,3,30,1
6.520000,80.75,40.290,24.170,505,429,72.000,71,71,18.000,39.000,55.000,290,257,411,160,187,187,187,187,187,187,1,0,0,3,30,1
6.525000,82.91,39.423,23.620,500,431,72.000,71,71,18.000,39.000,55.000,284,258,413,160,188,188,188,188,188,188,1,0,0,3,30,1
6.530000,85.07,38.527,23.130,494,434,72.000,71,71,18.000,39.000,55.000,278,260,417,160,190,190,190,190,190,190,1,0,0,3,30,1
6.535000,87.23,37.607,22.540,487,436,72.000,71,71,18.000,39.000,55.000,271,261,418,160,191,191,191,191,191,191,1,0,0,3,30,1
6.540000,89.39,36.669,21.990,480,438,72.000,71,71,18.000,39.000,55.000,264,263,421,160,192,192,192,192,192,192,1,0,0,3,30,1
6.545000,91.55,35.716,21.390,473,440,72.000,71,71,18.000,39.000,55.000,257,264,423,160,193,193,193,193,193,193,1,0,0,3,30,1
6.550000,93.71,34.756,20.850,465,441,72.000,71,71,18.000,39.000,55.000,250,265,424,160,193,193,193,193,193,193,1,0,0,3,30,1
6.555000,95.87,33.793,20.250,457,442,72.000,71,71,18.000,39.000,55.000,243,265,425,160,194,194,194,194,194,194,1,0,0,3,30,1
6.560000,98.03,32.833,19.710,448,442,72.000,71,71,18.000,39.000,55.000,237,265,425,160,194,194,194,194,194,194,1,0,0,3,30,1
6.565000,100.19,31.880,19.110,440,442,72.000,71,71,18.000,39.000,55.000,229,265,425,160,194,194,194,194,194,194,1,0,0,3,30,1
6.570000,102.35,30.941,18.560,430,442,72.000,71,71,18.000,39.000,55.000,223,265,425,160,194,194,194,194,194,194,1,0,0,3,30,1
6.575000,104.51,30.020,18.020,421,442,72.000,71,71,18.000,39.000,55.000,216,265,425,160,194,194,194,194,194,194,1,0,0,3,30,1
6.580000,106.67,29.123,17.480,412,441,72.000,71,71,18.000,39.000,55.000,210,265,424,160,193,193,193,193,193,193,1,0,0,3,30,1
6.585000,108.83,28.253,16.930,403,441,72.000,71,71,18.000,39.000,55.000,203,265,424,160,193,193,193,193,193,193,1,0,0,3,30,1
6.590000,110.99,27.416,16.440,393,440,72.000,71,71,18.000,39.000,55.000,197,264,423,160,193,193,193,193,193,193,1,0,0,3,30,1
6.595000,113.15,26.615,15.950,384,439,72.000,71,71,18.000,39.000,55.000,191,263,422,160,192,192,192,192,192,192,1,0,0,3,30,1
6.600000,115.31,25.855,15.520,375,438,72.000,71,71,18.000,39.000,55.000,186,263,421,160,192,192,192,192,192,192,1,0,0,3,30,1
6.605000,117.47,25.140,15.080,366,436,72.000,71,71,18.000,39.000,55.000,181,261,418,160,191,191,191,191,191,191,1,0,0,3,30,1
6.610000,119.63,24.473,14.700,357,435,72.000,71,71,18.000,39.000,55.000,176,261,417,160,190,190,190,190,190,190,1,0,0,3,30,1
6.615000,121.79,23.856,14.320,348,433,72.000,71,71,18.000,39.000,55.000,172,259,415,160,189,189,189,189,189,189,1,0,0,3,30,1
6.620000,123.95,23.294,14.000,340,432,72.000,71,71,18.000,39.000,55.000,168,259,414,160,189,189,189,189,189,189,1,0,0,3,30,1
6.625000,126.11,22.789,13.670,332,430,72.000,71,71,18.000,39.000,55.000,164,257,412,160,188,188,188,188,188,188,1,0,0,3,30,1
6.630000,128.27,22.341,13.400,324,428,72.000,71,71,18.000,39.000,55.000,161,256,410,160,187,187,187,187,187,187,1,0,0,3,30,1
6.635000,130.43,21.954,13.180,317,426,72.000,71,71,18.000,39.000,55.000,158,255,408,160,186,186,186,186,186,186,1,0,0,3,30,1
6.640000,132.59,21.629,12.960,310,423,72.000,71,71,18.000,39.000,55.000,155,253,405,160,184,184,184,184,184,184,1,0,0,3,30,1
6.645000,134.75,21.366,12.800,304,421,72.000,71,71,18.000,39.000,55.000,153,252,403,160,183,183,183,183,183,183,1,0,0,3,30,1
6.650000,136.91,21.167,12.690,298,419,72.000,71,71,18.000,39.000,55.000,152,250,401,160,183,183,183,183,183,183,1,0,0,3,30,1
6.655000,139.07,21.030,12.640,293,416,72.000,71,71,18.000,39.000,55.000,152,248,398,160,181,181,181,181,181,181,1,0,0,3,30,1
6.660000,141.23,20.957,12.580,288,414,72.000,71,71,18.000,39.000,55.000,151,247,396,160,180,180,180,180,180,180,1,0,0,3,30,1
6.665000,143.39,20.946,12.580,284,411,72.000,71,71,18.000,39.000,55.000,151,245,392,160,179,179,179,179,179,179,1,0,0,3,30,1
6.670000,145.55,20.996,12.580,280,409,72.000,71,71,18.000,39.000,55.000,151,244,390,160,178,178,178,178,178,178,1,0,0,3,30,1
6.675000,147.71,21.107,12.640,277,406,72.000,71,71,18.000,39.000,55.000,152,242,387,160,176,176,176,176,176,176,1,0,0,3,30,1
6.680000,149.87,21.276,12.740,275,404,72.000,71,71,18.000,39.000,55.000,153,240,385,160,175,175,175,175,175,175,1,0,0,3,30,1
6.685000,152.03,21.501,12.910,273,401,72.000,71,71,18.000,39.000,55.000,155,238,382,160,174,174,174,174,174,174,1,0,0,3,30,1
6.690000,154.19,21.780,13.070,272,399,72.000,72,72,18.000,39.000,55.000,159,241,385,160,173,173,173,173,173,173,1,0,0,3,30,1
6.695000,156.35,22.109,13.230,272,396,72.000,72,72,18.000,39.000,55.000,161,239,382,160,172,172,172,172,172,172,1,0,0,3,30,1
6.700000,158.51,22.487,13.510,272,394,72.000,72,72,18.000,39.000,55.000,164,237,380,160,171,171,171,171,171,171,1,0,0,3,30,1
6.705000,160.67,22.909,13.720,272,392,72.000,72,72,18.000,39.000,55.000,167,236,378,160,170,170,170,170,170,170,1,0,0,3,30,1
6.710000,162.83,23.372,14.000,273,389,72.000,72,72,18.000,39.000,55.000,170,234,375,160,168,168,168,168,168,168,1,0,0,3,30,1
6.715000,164.99,23.871,14.320,275,387,72.000,72,72,18.000,39.000,55.000,174,233,372,160,167,167,167,167,167,167,1,0,0,3,30,1
6.720000,167.15,24.404,14.650,277,385,72.000,72,72,18.000,39.000,55.000,178,231,370,160,166,166,166,166,166,166,1,0,0,3,30,1
6.725000,169.31,24.964,14.970,280,383,72.000,71,71,18.000,39.000,55.000,180,227,363,160,165,165,165,165,165,165,1,0,0,3,30,1
6.730000,171.47,25.549,15.360,283,381,72.000,71,71,18.000,39.000,55.000,184,225,361,160,164,164,164,164,164,164,1,0,0,3,30,1
6.735000,173.63,26.153,15.680,287,379,72.000,71,71,18.000,39.000,55.000,188,224,359,160,163,163,163,163,163,163,1,0,0,3,30,1
6.740000,175.79,26.771,16.060,291,377,72.000,71,71,18.000,39.000,55.000,193,223,357,160,162,162,162,162,162,162,1,0,0,3,30,1
6.745000,177.95,27.399,16.440,295,376,72.000,71,71,18.000,39.000,55.000,197,222,356,160,162,162,162,162,162,162,1,0,0,3,30,1
6.750000,180.11,28.032,16.820,300,374,72.000,71,71,18.000,39.000,55.000,202,221,354,160,161,161,161,161,161,161,1,0,0,3,30,1
6.755000,182.27,28.664,17.210,305,373,72.000,71,71,18.000,39.000,55.000,206,220,353,160,161,161,161,161,161,161,1,0,0,3,30,1
6.760000,184.43,29.291,17.590,311,371,72.000,71,71,18.000,39.000,55.000,211,219,351,160,160,160,160,160,160,160,1,0,0,3,30,1
6.765000,186.59,29.908,17.970,316,370,72.000,71,71,18.000,39.000,55.000,216,218,349,160,159,159,159,159,159,159,1,0,0,3,30,1
6.770000,188.75,30.511,18.290,322,369,72.000,71,71,18.000,39.000,55.000,219,218,348,160,159,159,159,159,159,159,1,0,0,3,30,1
6.775000,190.91,31.093,18.670,328,369,72.000,71,71,18.000,39.000,55.000,224,218,348,160,159,159,159,159,159,159,1,0,0,3,30,1
6.780000,193.07,31.651,19.000,334,368,72.000,71,71,18.000,39.000,55.000,228,217,347,160,158,158,158,158,158,158,1,0,0,3,30,1
6.785000,195.23,32.180,19.330,339,367,72.000,71,71,18.000,39.000,55.000,232,216,346,160,158,158,158,158,158,158,1,0,0,3,30,1
6.790000,197.39,32.676,19.600,345,367,72.000,71,71,18.000,39.000,55.000,235,216,346,160,158,158,158,158,158,158,1,0,0,3,30,1
6.795000,199.55,33.135,19.870,351,366,72.000,71,71,18.000,39.000,55.000,238,216,345,160,157,157,157,157,157,157,1,0,0,3,30,1
6.800000,201.71,33.553,20.140,357,366,72.000,71,71,18.000,39.000,55.000,242,216,345,160,157,157,157,157,157,157,1,0,0,3,30,1
6.805000,203.87,33.926,20.360,362,366,72.000,71,71,18.000,39.000,55.000,244,216,345,160,157,157,157,157,157,157,1,0,0,3,30,1
6.810000,206.03,34.251,20.520,367,366,72.000,71,71,18.000,39.000,55.000,246,216,345,160,157,157,157,157,157,157,1,0,0,3,30,1
6.815000,208.19,34.524,20.690,372,366,72.000,71,71,18.000,39.000,55.000,248,216,345,160,157,157,157,157,157,157,1,0,0,3,30,1
6.820000,210.35,34.744,20.850,377,367,72.000,71,71,18.000,39.000,55.000,250,216,346,160,158,158,158,158,158,158,1,0,0,3,30,1
6.825000,212.51,34.907,20.960,381,367,72.000,71,71,18.000,39.000,55.000,252,216,346,160,158,158,158,158,158,158,1,0,0,3,30,1
6.830000,214.67,35.011,21.010,385,368,72.000,71,71,18.000,39.000,55.000,252,217,347,160,158,158,158,158,158,158,1,0,0,3,30,1
6.835000,216.83,35.056,21.010,389,368,72.000,71,71,18.000,39.000,55.000,252,217,347,160,158,158,158,158,158,158,1,0,0,3,30,1
6.840000,218.99,35.039,21.010,392,369,72.000,71,71,18.000,39.000,55.000,252,218,348,160,159,159,159,159,159,159,1,0,0,3,30,1
6.845000,221.15,34.959,20.960,395,370,72.000,71,71,18.000,39.000,55.000,252,218,349,160,159,159,159,159,159,159,1,0,0,3,30,1
6.850000,223.31,34.816,20.900,397,371,72.000,71,71,18.000,39.000,55.000,251,219,351,160,160,160,160,160,160,160,1,0,0,3,30,1
6.855000,225.47,34.610,20.740,398,372,72.000,71,71,18.000,39.000,55.000,249,219,351,160,160,160,160,160,160,160,1,0,0,3,30,1
6.860000,227.63,34.341,20.580,399,373,72.000,71,71,18.000,39.000,55.000,247,220,353,160,161,161,161,161,161,161,1,0,0,3,30,1
6.865000,229.79,34.010,20.410,400,374,72.000,71,71,18.000,39.000,55.000,245,221,354,160,161,161,161,161,161,161,1,0,0,3,30,1
6.870000,231.95,33.617,20.140,399,375,72.000,71,71,18.000,39.000,55.000,242,222,355,160,162,162,162,162,162,162,1,0,0,3,30,1
6.875000,234.11,33.164,19.870,399,376,72.000,71,71,18.000,39.000,55.000,238,222,356,160,162,162,162,162,162,162,1,0,0,3,30,1
6.880000,236.27,32.652,19.600,397,377,72.000,71,71,18.000,39.000,55.000,235,223,357,160,162,162,162,162,162,162,1,0,0,3,30,1
6.885000,238.43,32.084,19.270,395,378,72.000,71,71,18.000,39.000,55.000,231,223,358,160,163,163,163,163,163,163,1,0,0,3,30,1
6.890000,240.59,31.463,18.890,393,379,72.000,71,71,18.000,39.000,55.000,227,224,359,160,163,163,163,163,163,163,1,0,0,3,30,1
6.895000,242.75,30.791,18.460,390,379,72.000,71,71,18.000,39.000,55.000,222,224,359,160,163,163,163,163,163,163,1,0,0,3,30,1
6.900000,244.91,30.071,18.020,386,379,72.000,71,71,18.000,39.000,55.000,216,224,359,160,163,163,163,163,163,163,1,0,0,3,30,1
6.905000,247.07,29.307,17.590,381,379,72.000,71,71,18.000,39.000,55.000,211,224,359,160,163,163,163,163,163,163,1,0,0,3,30,1
6.910000,249.23,28.502,17.100,377,379,72.000,71,71,18.000,39.000,55.000,205,224,359,160,163,163,163,163,163,163,1,0,0,3,30,1
6.915000,251.39,27.661,16.610,371,379,72.000,71,71,18.000,39.000,55.000,199,224,359,160,163,163,163,163,163,163,1,0,0,3,30,1
6.920000,253.55,26.789,16.060,365,379,72.000,71,71,18.000,39.000,55.000,193,224,359,160,163,163,163,163,163,163,1,0,0,3,30,1
6.925000,255.71,25.888,15.520,358,379,72.000,71,71,18.000,39.000,55.000,186,224,359,160,163,163,163,163,163,163,1,0,0,3,30,1
6.930000,257.87,24.965,14.970,351,378,72.000,71,71,18.000,39.000,55.000,180,223,358,160,163,163,163,163,163,163,1,0,0,3,30,1
6.935000,260.03,24.025,14.430,344,378,72.000,71,71,18.000,39.000,55.000,173,223,358,160,163,163,163,163,163,163,1,0,0,3,30,1
6.940000,262.19,23.071,13.830,336,377,72.000,71,71,18.000,39.000,55.000,166,223,357,160,162,162,162,162,162,162,1,0,0,3,30,1
6.945000,264.35,22.111,13.230,328,376,72.000,71,71,18.000,39.000,55.000,159,222,356,160,162,162,162,162,162,162,1,0,0,3,30,1
6.950000,266.51,21.148,12.690,319,375,72.000,71,71,18.000,39.000,55.000,152,222,355,160,162,162,162,162,162,162,1,0,0,3,30,1
6.955000,268.67,20.188,12.090,311,374,72.000,71,71,18.000,39.000,55.000,145,221,354,160,161,161,161,161,161,161,1,0,0,3,30,1
6.960000,270.83,19.237,11.550,302,373,72.000,71,71,18.000,39.000,55.000,138,220,353,160,161,161,161,161,161,161,1,0,0,3,30,1
6.965000,272.99,18.300,11.000,292,371,72.000,71,71,18.000,39.000,55.000,132,219,351,160,160,160,160,160,160,160,1,0,0,3,30,1
6.970000,275.15,17.382,10.410,283,370,72.000,71,71,18.000,39.000,55.000,125,218,349,160,159,159,159,159,159,159,1,0,0,3,30,1
6.975000,277.31,16.489,9.920,274,368,72.000,71,71,18.000,39.000,55.000,119,217,347,160,158,158,158,158,158,158,1,0,0,3,30,1
6.980000,279.47,15.626,9.370,264,366,72.000,71,71,18.000,39.000,55.000,112,216,345,160,157,157,157,157,157,157,1,0,0,3,30,1
6.985000,281.63,14.797,8.880,255,364,72.000,71,71,18.000,39.000,55.000,106,214,343,160,156,156,156,156,156,156,1,0,0,3,30,1
6.990000,283.79,14.009,8.390,245,362,72.000,71,71,18.000,39.000,55.000,100,213,341,160,155,155,155,155,155,155,1,0,0,3,30,1
6.995000,285.95,13.266,7.960,236,359,72.000,71,71,18.000,39.000,55.000,95,211,338,160,154,154,154,154,154,154,1,0,0,3,30,1
7.000000,288.11,12.572,7.520,227,357,72.000,71,71,18.000,39.000,55.000,90,210,336,160,153,153,153,153,153,153,1,0,0,3,30,1
7.005000,290.27,11.931,7.140,218,354,72.000,72,72,18.000,39.000,55.000,87,211,337,160,151,151,151,151,151,151,1,0,0,3,30,1
7.010000,292.43,11.348,6.820,210,351,72.000,72,72,18.000,39.000,55.000,83,209,334,160,150,150,150,150,150,150,1,0,0,3,30,1
7.015000,294.59,10.827,6.490,201,349,72.000,72,72,18.000,39.000,55.000,79,207,332,160,149,149,149,149,149,149,1,0,0,3,30,1
7.020000,296.75,10.371,6.220,193,346,72.000,72,72,18.000,39.000,55.000,75,205,329,160,148,148,148,148,148,148,1,0,0,3,30,1
7.025000,298.91,9.983,6.000,186,343,72.000,72,72,18.000,39.000,55.000,73,203,326,160,146,146,146,146,146,146,1,0,0,3,30,1
7.030000,301.07,9.666,5.790,179,339,72.000,72,72,18.000,39.000,55.000,70,201,321,160,144,144,144,144,144,144,1,0,0,3,30,1
7.035000,303.23,9.422,5.630,172,336,72.000,72,72,18.000,39.000,55.000,68,199,318,160,143,143,143,143,143,143,1,0,0,3,30,1
7.040000,305.39,9.255,5.550,166,333,72.000,71,71,18.000,39.000,55.000,66,194,311,160,141,141,141,141,141,141,1,0,0,3,30,1
7.045000,307.55,9.164,5.510,161,330,72.000,71,71,18.000,39.000,55.000,66,192,308,160,140,140,140,140,140,140,1,0,0,3,30,1
7.050000,309.71,9.152,5.510,156,326,72.000,71,71,18.000,39.000,55.000,66,189,303,160,138,138,138,138,138,138,1,0,0,3,30,1
7.055000,311.87,9.220,5.550,152,323,72.000,71,71,18.000,39.000,55.000,66,187,300,160,137,137,137,137,137,137,1,0,0,3,30,1
7.060000,314.03,9.368,5.630,148,320,72.000,71,71,18.000,39.000,55.000,67,185,297,160,135,135,135,135,135,135,1,0,0,3,30,1
7.065000,316.19,9.596,5.750,146,316,72.000,71,71,18.000,39.000,55.000,69,183,293,160,133,133,133,133,133,133,1,0,0,3,30,1
7.070000,318.35,9.903,5.960,144,313,72.000,71,71,18.000,39.000,55.000,71,181,290,160,132,132,132,132,132,132,1,0,0,3,30,1
7.075000,320.51,10.290,6.160,143,309,72.000,71,71,18.000,39.000,55.000,74,178,286,160,130,130,130,130,130,130,1,0,0,3,30,1
7.080000,322.67,10.755,6.440,143,306,72.000,71,71,18.000,39.000,55.000,77,176,282,160,129,129,129,129,129,129,1,0,0,3,30,1
7.085000,324.83,11.296,6.760,143,303,72.000,71,71,18.000,39.000,55.000,81,174,279,160,127,127,127,127,127,127,1,0,0,3,30,1
7.090000,326.99,11.911,7.140,145,300,72.000,71,71,18.000,39.000,55.000,85,172,276,160,126,126,126,126,126,126,1,0,0,3,30,1
7.095000,329.15,12.598,7.580,147,297,72.000,71,71,18.000,39.000,55.000,91,170,273,160,124,124,124,124,124,124,1,0,0,3,30,1
7.100000,331.31,13.354,8.010,150,294,72.000,71,71,18.000,39.000,55.000,96,168,270,160,123,123,123,123,123,123,1,0,0,3,30,1
7.105000,333.47,14.176,8.500,154,291,72.000,71,71,18.000,39.000,55.000,102,167,267,160,121,121,121,121,121,121,1,0,0,3,30,1
7.110000,335.63,15.061,9.050,158,289,72.000,71,71,18.000,39.000,55.000,108,165,265,160,120,120,120,120,120,120,1,0,0,3,30,1
7.115000,337.79,16.005,9.590,163,286,72.000,71,71,18.000,39.000,55.000,115,163,262,160,119,119,119,119,119,119,1,0,0,3,30,1
7.120000,339.95,17.003,10.190,169,284,72.000,71,71,18.000,39.000,55.000,122,162,259,160,118,118,118,118,118,118,1,0,0,3,30,1
7.125000,342.11,18.052,10.840,176,282,72.000,71,71,18.000,39.000,55.000,130,161,257,160,117,117,117,117,117,117,1,0,0,3,30,1
7.130000,344.27,19.146,11.490,183,280,72.000,71,71,18.000,39.000,55.000,138,159,255,160,116,116,116,116,116,116,1,0,0,3,30,1
7.135000,346.43,20.280,12.150,191,278,72.000,71,71,18.000,39.000,55.000,146,158,253,160,115,115,115,115,115,115,1,0,0,3,30,1
7.140000,348.59,21.450,12.850,200,276,72.000,71,71,18.000,39.000,55.000,154,157,251,160,114,114,114,114,114,114,1,0,0,3,30,1
7.145000,350.75,22.651,13.620,209,275,72.000,71,71,18.000,39.000,55.000,163,156,250,160,114,114,114,114,114,114,1,0,0,3,30,1
7.150000,352.91,23.875,14.320,219,274,72.000,71,71,18.000,39.000,55.000,172,155,249,160,113,113,113,113,113,113,1,0,0,3,30,1
7.155000,355.07,25.119,15.080,229,273,72.000,71,71,18.000,39.000,55.000,181,155,248,160,113,113,113,113,113,113,1,0,0,3,30,1
7.160000,357.23,26.376,15.850,240,272,72.000,71,71,18.000,39.000,55.000,190,154,247,160,112,112,112,112,112,112,1,0,0,3,30,1
7.165000,359.39,27.641,16.610,251,272,72.000,71,71,18.000,39.000,55.000,199,154,247,160,112,112,112,112,112,112,1,0,0,3,30,1
7.170000,1.55,28.907,17.310,263,271,72.000,71,71,18.000,39.000,55.000,208,153,246,160,112,112,112,112,112,112,1,0,0,3,30,1
7.175000,3.71,30.170,18.080,275,271,72.000,71,71,18.000,39.000,55.000,217,153,246,160,112,112,112,112,112,112,1,0,0,3,30,1
7.180000,5.87,31.422,18.840,287,272,72.000,71,71,18.000,39.000,55.000,226,154,247,160,112,112,112,112,112,112,1,0,0,3,30,1
7.185000,8.03,32.658,19.600,299,272,72.000,71,71,18.000,39.000,55.000,235,154,247,160,112,112,112,112,112,112,1,0,0,3,30,1
7.190000,10.19,33.873,20.310,312,274,72.000,71,71,18.000,39.000,55.000,244,155,249,160,113,113,113,113,113,113,1,0,0,3,30,1
7.195000,12.35,35.061,21.010,324,276,72.000,71,71,18.000,39.000,55.000,252,157,251,160,114,114,114,114,114,114,1,0,0,3,30,1
7.200000,14.51,36.216,21.720,337,278,72.000,71,71,18.000,39.000,55.000,261,158,253,160,115,115,115,115,115,115,1,0,0,3,30,1
7.205000,16.67,37.334,22.370,350,280,72.000,71,71,18.000,39.000,55.000,269,159,255,160,116,116,116,116,116,116,1,0,0,3,30,1
7.210000,18.83,38.408,23.030,362,284,72.000,71,71,18.000,39.000,55.000,276,162,259,160,118,118,118,118,118,118,1,0,0,3,30,1
7.215000,20.99,39.436,23.620,374,287,72.000,71,71,18.000,39.000,55.000,284,164,263,160,120,120,120,120,120,120,1,0,0,3,30,1
7.220000,23.15,40.411,24.220,387,291,72.000,71,71,18.000,39.000,55.000,291,167,267,160,121,121,121,121,121,121,1,0,0,3,30,1
7.225000,25.31,41.330,24.770,399,295,72.000,71,71,18.000,39.000,55.000,297,169,271,160,123,123,123,123,123,123,1,0,0,3,30,1
7.230000,27.47,42.188,25.310,410,299,72.000,71,71,18.000,39.000,55.000,304,172,275,160,125,125,125,125,125,125,1,0,0,3,30,1
7.235000,29.63,42.982,25.800,422,304,72.000,71,71,18.000,39.000,55.000,310,175,280,160,128,128,128,128,128,128,1,0,0,3,30,1
7.240000,31.79,43.709,26.230,433,309,72.000,71,71,18.000,39.000,55.000,315,178,286,160,130,130,130,130,130,130,1,0,0,3,30,1
7.245000,33.95,44.365,26.620,443,314,72.000,71,71,18.000,39.000,55.000,320,182,291,160,132,132,132,132,132,132,1,0,0,3,30,1
7.250000,36.11,44.948,26.940,453,320,72.000,71,71,18.000,39.000,55.000,324,185,297,160,135,135,135,135,135,135,1,0,0,3,30,1
7.255000,38.27,45.456,27.270,463,325,72.000,71,71,18.000,39.000,55.000,327,189,302,160,138,138,138,138,138,138,1,0,0,3,30,1
7.260000,40.43,45.887,27.540,472,331,72.000,71,71,18.000,39.000,55.000,331,193,309,160,140,140,140,140,140,140,1,0,0,3,30,1
7.265000,42.59,46.240,27.760,480,337,72.000,71,71,18.000,39.000,55.000,333,197,315,160,143,143,143,143,143,143,1,0,0,3,30,1
7.270000,44.75,46.513,27.920,488,343,72.000,71,71,18.000,39.000,55.000,335,201,321,160,146,146,146,146,146,146,1,0,0,3,30,1
7.275000,46.91,46.706,28.030,494,349,72.000,71,71,18.000,39.000,55.000,337,204,327,160,149,149,149,149,149,149,1,0,0,3,30,1
7.280000,49.07,46.819,28.080,501,355,72.000,71,71,18.000,39.000,55.000,337,208,334,160,152,152,152,152,152,152,1,0,0,3,30,1
7.285000,51.23,46.852,28.080,506,361,72.000,71,71,18.000,39.000,55.000,337,212,340,160,155,155,155,155,155,155,1,0,0,3,30,1
7.290000,53.39,46.806,28.080,511,367,72.000,71,71,18.000,39.000,55.000,337,216,346,160,158,158,158,158,158,158,1,0,0,3,30,1
7.295000,55.55,46.682,27.970,515,373,72.000,71,71,18.000,39.000,55.000,336,220,353,160,161,161,161,161,161,161,1,0,0,3,30,1
7.300000,57.71,46.481,27.870,518,379,72.000,71,71,18.000,39.000,55.000,335,224,359,160,163,163,163,163,163,163,1,0,0,3,30,1
7.305000,59.87,46.206,27.700,521,385,72.000,71,71,18.000,39.000,55.000,333,228,365,160,166,166,166,166,166,166,1,0,0,3,30,1
7.310000,62.03,45.858,27.490,522,390,72.000,71,71,18.000,39.000,55.000,330,231,370,160,169,169,169,169,169,169,1,0,0,3,30,1
7.315000,64.19,45.440,27.270,523,395,72.000,72,72,18.000,39.000,55.000,332,238,381,160,171,171,171,171,171,171,1,0,0,3,30,1
7.320000,66.35,44.955,27.000,523,401,72.000,72,72,18.000,39.000,55.000,329,242,387,160,174,174,174,174,174,174,1,0,0,3,30,1
7.325000,68.51,44.407,26.620,523,406,72.000,72,72,18.000,39.000,55.000,324,245,393,160,176,176,176,176,176,176,1,0,0,3,30,1
7.330000,70.67,43.798,26.290,521,410,72.000,72,72,18.000,39.000,55.000,320,248,397,160,178,178,178,178,178,178,1,0,0,3,30,1
7.335000,72.83,43.134,25.850,519,415,72.000,72,72,18.000,39.000,55.000,315,251,402,160,181,181,181,181,181,181,1,0,0,3,30,1
7.340000,74.99,42.418,25.420,516,419,72.000,72,72,18.000,39.000,55.000,310,254,406,160,183,183,183,183,183,183,1,0,0,3,30,1
7.345000,77.15,41.654,24.980,513,423,72.000,72,72,18.000,39.000,55.000,304,256,411,160,184,184,184,184,184,184,1,0,0,3,30,1
7.350000,79.31,40.848,24.490,508,426,72.000,71,71,18.000,39.000,55.000,294,255,408,160,186,186,186,186,186,186,1,0,0,3,30,1
7.355000,81.47,40.004,24.000,503,430,72.000,71,71,18.000,39.000,55.000,288,257,412,160,188,188,188,188,188,188,1,0,0,3,30,1
7.360000,83.63,39.128,23.460,498,432,72.000,71,71,18.000,39.000,55.000,282,259,414,160,189,189,189,189,189,189,1,0,0,3,30,1
7.365000,85.79,38.223,22.920,492,435,72.000,71,71,18.000,39.000,55.000,275,261,417,160,190,190,190,190,190,190,1,0,0,3,30,1
7.370000,87.95,37.296,22.370,485,437,72.000,71,71,18.000,39.000,55.000,269,262,420,160,191,191,191,191,191,191,1,0,0,3,30,1
7.375000,90.11,36.352,21.830,478,439,72.000,71,71,18.000,39.000,55.000,262,263,422,160,192,192,192,192,192,192,1,0,0,3,30,1
7.380000,92.27,35.397,21.230,470,440,72.000,71,71,18.000,39.000,55.000,255,264,423,160,193,193,193,193,193,193,1,0,0,3,30,1
7.385000,94.43,34.435,20.690,462,441,72.000,71,71,18.000,39.000,55.000,248,265,424,160,193,193,193,193,193,193,1,0,0,3,30,1
7.390000,96.59,33.472,20.090,454,442,72.000,71,71,18.000,39.000,55.000,241,265,425,160,194,194,194,194,194,194,1,0,0,3,30,1
7.395000,98.75,32.514,19.490,445,442,72.000,71,71,18.000,39.000,55.000,234,265,425,160,194,194,194,194,194,194,1,0,0,3,30,1
7.400000,100.91,31.566,18.950,437,442,72.000,71,71,18.000,39.000,55.000,227,265,425,160,194,194,194,194,194,194,1,0,0,3,30,1
7.405000,103.07,30.632,18.350,427,442,72.000,71,71,18.000,39.000,55.000,220,265,425,160,194,194,194,194,194,194,1,0,0,3,30,1
7.410000,105.23,29.718,17.800,418,442,72.000,71,71,18.000,39.000,55.000,214,265,425,160,194,194,194,194,194,194,1,0,0,3,30,1
7.415000,107.39,28.829,17.310,409,441,72.000,71,71,18.000,39.000,55.000,208,265,424,160,193,193,193,193,193,193,1,0,0,3,30,1
7.420000,109.55,27.970,16.770,400,440,72.000,71,71,18.000,39.000,55.000,201,264,423,160,193,193,193,193,193,193,1,0,0,3,30,1
7.425000,111.71,27.144,16.280,390,440,72.000,71,71,18.000,39.000,55.000,195,264,423,160,193,193,193,193,193,193,1,0,0,3,30,1
7.430000,113.87,26.357,15.790,381,439,72.000,71,71,18.000,39.000,55.000,189,263,422,160,192,192,192,192,192,192,1,0,0,3,30,1
7.435000,116.03,25.612,15.360,372,437,72.000,71,71,18.000,39.000,55.000,184,262,420,160,191,191,191,191,191,191,1,0,0,3,30,1
7.440000,118.19,24.912,14.920,363,436,72.000,71,71,18.000,39.000,55.000,179,261,418,160,191,191,191,191,191,191,1,0,0,3,30,1
7.445000,120.35,24.261,14.540,354,434,72.000,71,71,18.000,39.000,55.000,174,260,417,160,190,190,190,190,190,190,1,0,0,3,30,1
7.450000,122.51,23.663,14.210,345,433,72.000,71,71,18.000,39.000,55.000,170,259,415,160,189,189,189,189,189,189,1,0,0,3,30,1
7.455000,124.67,23.119,13.890,337,431,72.000,71,71,18.000,39.000,55.000,167,258,413,160,188,188,188,188,188,188,1,0,0,3,30,1
7.460000,126.83,22.633,13.560,329,429,72.000,71,71,18.000,39.000,55.000,163,257,411,160,187,187,187,187,187,187,1,0,0,3,30,1
7.465000,128.99,22.206,13.340,322,427,72.000,71,71,18.000,39.000,55.000,160,255,409,160,186,186,186,186,186,186,1,0,0,3,30,1
7.470000,131.15,21.839,13.130,315,425,72.000,71,71,18.000,39.000,55.000,157,254,407,160,185,185,185,185,185,185,1,0,0,3,30,1
7.475000,133.31,21.534,12.910,308,423,72.000,71,71,18.000,39.000,55.000,155,253,405,160,184,184,184,184,184,184,1,0,0,3,30,1
7.480000,135.47,21.293,12.740,302,420,72.000,71,71,18.000,39.000,55.000,153,251,402,160,183,183,183,183,183,183,1,0,0,3,30,1
7.485000,137.63,21.114,12.640,296,418,72.000,71,71,18.000,39.000,55.000,152,250,400,160,182,182,182,182,182,182,1,0,0,3,30,1
7.490000,139.79,20.999,12.580,291,416,72.000,71,71,18.000,39.000,55.000,151,248,398,160,181,181,181,181,181,181,1,0,0,3,30,1
7.495000,141.95,20.946,12.580,287,413,72.000,71,71,18.000,39.000,55.000,151,246,394,160,180,180,180,180,180,180,1,0,0,3,30,1
7.500000,144.11,20.956,12.580,283,411,72.000,71,71,18.000,39.000,55.000,151,245,392,160,179,179,179,179,179,179,1,0,0,3,30,1
7.505000,146.27,21.027,12.640,279,408,72.000,71,71,18.000,39.000,55.000,152,243,389,160,177,177,177,177,177,177,1,0,0,3,30,1
7.510000,148.43,21.157,12.690,277,406,72.000,71,71,18.000,39.000,55.000,152,242,387,160,176,176,176,176,176,176,1,0,0,3,30,1
7.515000,150.59,21.345,12.800,274,403,72.000,71,71,18.000,39.000,55.000,153,240,384,160,175,175,175,175,175,175,1,0,0,3,30,1
7.520000,152.75,21.588,12.960,273,401,72.000,71,71,18.000,39.000,55.000,155,238,382,160,174,174,174,174,174,174,1,0,0,3,30,1
7.525000,154.91,21.884,13.130,272,398,72.000,71,71,18.000,39.000,55.000,157,237,379,160,173,173,173,173,173,173,1,0,0,3,30,1
7.530000,157.07,22.230,13.340,272,396,72.000,71,71,18.000,39.000,55.000,160,235,377,160,172,172,172,172,172,172,1,0,0,3,30,1
7.535000,159.23,22.623,13.560,272,393,72.000,71,71,18.000,39.000,55.000,163,233,374,160,170,170,170,170,170,170,1,0,0,3,30,1
7.540000,161.39,23.059,13.830,272,391,72.000,71,71,18.000,39.000,55.000,166,232,371,160,169,169,169,169,169,169,1,0,0,3,30,1
7.545000,163.55,23.534,14.100,274,389,72.000,71,71,18.000,39.000,55.000,169,231,369,160,168,168,168,168,168,168,1,0,0,3,30,1
7.550000,165.71,24.045,14.430,276,386,72.000,71,71,18.000,39.000,55.000,173,229,366,160,167,167,167,167,167,167,1,0,0,3,30,1
7.555000,167.87,24.588,14.760,278,384,72.000,71,71,18.000,39.000,55.000,177,227,364,160,166,166,166,166,166,166,1,0,0,3,30,1
7.560000,170.03,25.157,15.080,281,382,72.000,71,71,18.000,39.000,55.000,181,226,362,160,165,165,165,165,165,165,1,0,0,3,30,1
7.565000,172.19,25.748,15.460,284,380,72.000,71,71,18.000,39.000,55.000,185,225,360,160,164,164,164,164,164,164,1,0,0,3,30,1
7.570000,174.35,26.357,15.790,288,378,72.000,71,71,18.000,39.000,55.000,189,223,358,160,163,163,163,163,163,163,1,0,0,3,30,1
7.575000,176.51,26.980,16.170,292,377,72.000,71,71,18.000,39.000,55.000,194,223,357,160,162,162,162,162,162,162,1,0,0,3,30,1
7.580000,178.67,27.610,16.550,297,375,72.000,71,71,18.000,39.000,55.000,199,222,355,160,162,162,162,162,162,162,1,0,0,3,30,1
7.585000,180.83,28.243,16.930,302,374,72.000,71,71,18.000,39.000,55.000,203,221,354,160,161,161,161,161,161,161,1,0,0,3,30,1
7.590000,182.99,28.874,17.310,307,372,72.000,71,71,18.000,39.000,55.000,208,219,351,160,160,160,160,160,160,160,1,0,0,3,30,1
7.595000,185.15,29.498,17.690,312,371,72.000,71,71,18.000,39.000,55.000,212,219,351,160,160,160,160,160,160,160,1,0,0,3,30,1
7.600000,187.31,30.111,18.080,318,370,72.000,71,71,18.000,39.000,55.000,217,218,349,160,159,159,159,159,159,159,1,0,0,3,30,1
7.605000,189.47,30.707,18.400,324,369,72.000,71,71,18.000,39.000,55.000,221,218,348,160,159,159,159,159,159,159,1,0,0,3,30,1
7.610000,191.63,31.282,18.780,330,368,72.000,71,71,18.000,39.000,55.000,225,217,347,160,158,158,158,158,158,158,1,0,0,3,30,1
7.615000,193.79,31.831,19.110,336,368,72.000,71,71,18.000,39.000,55.000,229,217,347,160,158,158,158,158,158,158,1,0,0,3,30,1
7.620000,195.95,32.350,19.380,341,367,72.000,71,71,18.000,39.000,55.000,233,216,346,160,158,158,158,158,158,158,1,0,0,3,30,1
7.625000,198.11,32.834,19.710,347,367,72.000,71,71,18.000,39.000,55.000,237,216,346,160,158,158,158,158,158,158,1,0,0,3,30,1
7.630000,200.27,33.279,19.980,353,366,72.000,72,72,18.000,39.000,55.000,243,219,350,160,157,157,157,157,157,157,1,0,0,3,30,1
7.635000,202.43,33.682,20.200,359,366,72.000,72,72,18.000,39.000,55.000,246,219,350,160,157,157,157,157,157,157,1,0,0,3,30,1
7.640000,204.59,34.040,20.410,364,366,72.000,72,72,18.000,39.000,55.000,248,219,350,160,157,157,157,157,157,157,1,0,0,3,30,1
7.645000,206.75,34.348,20.580,369,366,72.000,72,72,18.000,39.000,55.000,251,219,350,160,157,157,157,157,157,157,1,0,0,3,30,1
7.650000,208.91,34.603,20.740,374,366,72.000,72,72,18.000,39.000,55.000,252,219,350,160,157,157,157,157,157,157,1,0,0,3,30,1
7.655000,211.07,34.804,20.900,379,367,72.000,72,72,18.000,39.000,55.000,254,219,351,160,158,158,158,158,158,158,1,0,0,3,30,1
7.660000,213.23,34.948,20.960,383,367,72.000,72,72,18.000,39.000,55.000,255,219,351,160,158,158,158,158,158,158,1,0,0,3,30,1
7.665000,215.39,35.033,21.010,387,368,72.000,71,71,18.000,39.000,55.000,252,217,347,160,158,158,158,158,158,158,1,0,0,3,30,1
7.670000,217.55,35.057,21.010,390,369,72.000,71,71,18.000,39.000,55.000,252,218,348,160,159,159,159,159,159,159,1,0,0,3,30,1
7.675000,219.71,35.019,21.010,393,370,72.000,71,71,18.000,39.000,55.000,252,218,349,160,159,159,159,159,159,159,1,0,0,3,30,1
7.680000,221.87,34.918,20.960,395,371,72.000,71,71,18.000,39.000,55.000,252,219,351,160,160,160,160,160,160,160,1,0,0,3,30,1
7.685000,224.03,34.755,20.850,397,372,72.000,71,71,18.000,39.000,55.000,250,219,351,160,160,160,160,160,160,160,1,0,0,3,30,1
7.690000,226.19,34.528,20.690,399,373,72.000,71,71,18.000,39.000,55.000,248,220,353,160,161,161,161,161,161,161,1,0,0,3,30,1
7.695000,228.35,34.238,20.520,399,374,72.000,71,71,18.000,39.000,55.000,246,221,354,160,161,161,161,161,161,161,1,0,0,3,30,1
7.700000,230.51,33.885,20.310,400,375,72.000,71,71,18.000,39.000,55.000,244,222,355,160,162,162,162,162,162,162,1,0,0,3,30,1
7.705000,232.67,33.472,20.090,399,376,72.000,71,71,18.000,39.000,55.000,241,222,356,160,162,162,162,162,162,162,1,0,0,3,30,1
7.710000,234.83,32.999,19.820,398,377,72.000,71,71,18.000,39.000,55.000,238,223,357,160,162,162,162,162,162,162,1,0,0,3,30,1
7.715000,236.99,32.469,19.490,397,377,72.000,71,71,18.000,39.000,55.000,234,223,357,160,162,162,162,162,162,162,1,0,0,3,30,1
7.720000,239.15,31.883,19.110,395,378,72.000,71,71,18.000,39.000,55.000,229,223,358,160,163,163,163,163,163,163,1,0,0,3,30,1
7.725000,241.31,31.244,18.730,392,379,72.000,71,71,18.000,39.000,55.000,225,224,359,160,163,163,163,163,163,163,1,0,0,3,30,1
7.730000,243.47,30.556,18.350,388,379,72.000,71,71,18.000,39.000,55.000,220,224,359,160,163,163,163,163,163,163,1,0,0,3,30,1
7.735000,245.63,29.821,17.910,384,379,72.000,71,71,18.000,39.000,55.000,215,224,359,160,163,163,163,163,163,163,1,0,0,3,30,1
7.740000,247.79,29.043,17.420,380,380,72.000,71,71,18.000,39.000,55.000,209,225,360,160,164,164,164,164,164,164,1,0,0,3,30,1
7.745000,249.95,28.226,16.930,375,379,72.000,71,71,18.000,39.000,55.000,203,224,359,160,163,163,163,163,163,163,1,0,0,3,30,1
7.750000,252.11,27.374,16.440,369,379,72.000,71,71,18.000,39.000,55.000,197,224,359,160,163,163,163,163,163,163,1,0,0,3,30,1
7.755000,254.27,26.491,15.900,363,379,72.000,71,71,18.000,39.000,55.000,191,224,359,160,163,163,163,163,163,163,1,0,0,3,30,1
7.760000,256.43,25.583,15.360,356,379,72.000,71,71,18.000,39.000,55.000,184,224,359,160,163,163,163,163,163,163,1,0,0,3,30,1
7.765000,258.59,24.654,14.810,349,378,72.000,71,71,18.000,39.000,55.000,178,223,358,160,163,163,163,163,163,163,1,0,0,3,30,1
7.770000,260.75,23.708,14.210,341,378,72.000,71,71,18.000,39.000,55.000,170,223,358,160,163,163,163,163,163,163,1,0,0,3,30,1
7.775000,262.91,22.752,13.670,333,377,72.000,71,71,18.000,39.000,55.000,164,223,357,160,162,162,162,162,162,162,1,0,0,3,30,1
7.780000,265.07,21.790,13.070,325,376,72.000,71,71,18.000,39.000,55.000,157,222,356,160,162,162,162,162,162,162,1,0,0,3,30,1
7.785000,267.23,20.827,12.470,317,375,72.000,71,71,18.000,39.000,55.000,149,222,355,160,162,162,162,162,162,162,1,0,0,3,30,1
7.790000,269.39,19.870,11.930,308,374,72.000,71,71,18.000,39.000,55.000,143,221,354,160,161,161,161,161,161,161,1,0,0,3,30,1
7.795000,271.55,18.923,11.330,299,372,72.000,71,71,18.000,39.000,55.000,136,219,351,160,160,160,160,160,160,160,1,0,0,3,30,1
7.800000,273.71,17.991,10.790,289,371,72.000,71,71,18.000,39.000,55.000,129,219,351,160,160,160,160,160,160,160,1,0,0,3,30,1
7.805000,275.87,17.081,10.240,280,369,72.000,71,71,18.000,39.000,55.000,123,218,348,160,159,159,159,159,159,159,1,0,0,3,30,1
7.810000,278.03,16.197,9.700,270,367,72.000,71,71,18.000,39.000,55.000,116,216,346,160,158,158,158,158,158,158,1,0,0,3,30,1
7.815000,280.19,15.345,9.210,261,365,72.000,71,71,18.000,39.000,55.000,110,215,344,160,157,157,157,157,157,157,1,0,0,3,30,1
7.820000,282.35,14.530,8.720,252,363,72.000,71,71,18.000,39.000,55.000,104,214,342,160,156,156,156,156,156,156,1,0,0,3,30,1
7.825000,284.51,13.756,8.230,242,361,72.000,71,71,18.000,39.000,55.000,98,212,340,160,155,155,155,155,155,155,1,0,0,3,30,1
7.830000,286.67,13.029,7.790,233,359,72.000,71,71,18.000,39.000,55.000,93,211,338,160,154,154,154,154,154,154,1,0,0,3,30,1
7.835000,288.83,12.352,7.410,224,356,72.000,71,71,18.000,39.000,55.000,89,209,335,160,152,152,152,152,152,152,1,0,0,3,30,1
7.840000,290.99,11.730,7.030,215,353,72.000,71,71,18.000,39.000,55.000,84,207,332,160,151,151,151,151,151,151,1,0,0,3,30,1
7.845000,293.15,11.167,6.710,207,351,72.000,71,71,18.000,39.000,55.000,80,206,330,160,150,150,150,150,150,150,1,0,0,3,30,1
7.850000,295.31,10.668,6.380,199,348,72.000,71,71,18.000,39.000,55.000,76,204,326,160,149,149,149,149,149,149,1,0,0,3,30,1
7.855000,297.47,10.234,6.160,191,345,72.000,71,71,18.000,39.000,55.000,74,202,323,160,147,147,147,147,147,147,1,0,0,3,30,1
7.860000,299.63,9.869,5.920,184,342,72.000,71,71,18.000,39.000,55.000,71,200,320,160,146,146,146,146,146,146,1,0,0,3,30,1
7.865000,301.79,9.576,5.750,177,338,72.000,71,71,18.000,39.000,55.000,69,197,316,160,144,144,144,144,144,144,1,0,0,3,30,1
7.870000,303.95,9.358,5.630,170,335,72.000,71,71,18.000,39.000,55.000,67,195,313,160,142,142,142,142,142,142,1,0,0,3,30,1
7.875000,306.11,9.216,5.550,164,332,72.000,71,71,18.000,39.000,55.000,66,193,310,160,141,141,141,141,141,141,1,0,0,3,30,1
7.880000,308.27,9.151,5.510,159,329,72.000,71,71,18.000,39.000,55.000,66,191,306,160,140,140,140,140,140,140,1,0,0,3,30,1
7.885000,310.43,9.166,5.510,154,325,72.000,71,71,18.000,39.000,55.000,66,189,302,160,138,138,138,138,138,138,1,0,0,3,30,1
7.890000,312.59,9.260,5.550,150,322,72.000,71,71,18.000,39.000,55.000,66,187,299,160,136,136,136,136,136,136,1,0,0,3,30,1
7.895000,314.75,9.435,5.670,147,318,72.000,71,71,18.000,39.000,55.000,68,184,295,160,134,134,134,134,134,134,1,0,0,3,30,1
7.900000,316.91,9.689,5.790,145,315,72.000,71,71,18.000,39.000,55.000,69,182,292,160,133,133,133,133,133,133,1,0,0,3,30,1
7.905000,319.07,10.023,6.000,143,312,72.000,71,71,18.000,39.000,55.000,72,180,289,160,131,131,131,131,131,131,1,0,0,3,30,1
7.910000,321.23,10.436,6.270,143,308,72.000,71,71,18.000,39.000,55.000,75,178,285,160,130,130,130,130,130,130,1,0,0,3,30,1
7.915000,323.39,10.927,6.540,143,305,72.000,71,71,18.000,39.000,55.000,78,176,281,160,128,128,128,128,128,128,1,0,0,3,30,1
7.920000,325.55,11.492,6.870,144,302,72.000,71,71,18.000,39.000,55.000,82,174,278,160,127,127,127,127,127,127,1,0,0,3,30,1
7.925000,327.71,12.132,7.310,145,299,72.000,71,71,18.000,39.000,55.000,87,172,275,160,125,125,125,125,125,125,1,0,0,3,30,1
7.930000,329.87,12.842,7.690,148,296,72.000,71,71,18.000,39.000,55.000,92,170,272,160,124,124,124,124,124,124,1,0,0,3,30,1
7.935000,332.03,13.621,8.180,151,293,72.000,71,71,18.000,39.000,55.000,98,168,269,160,122,122,122,122,122,122,1,0,0,3,30,1
7.940000,334.19,14.465,8.670,155,290,72.000,72,72,18.000,39.000,55.000,105,168,269,160,121,121,121,121,121,121,1,0,0,3,30,1
7.945000,336.35,15.370,9.210,160,288,72.000,72,72,18.000,39.000,55.000,112,167,267,160,120,120,120,120,120,120,1,0,0,3,30,1
7.950000,338.51,16.332,9.810,165,285,72.000,72,72,18.000,39.000,55.000,119,165,264,160,119,119,119,119,119,119,1,0,0,3,30,1
7.955000,340.67,17.347,10.410,171,283,72.000,72,72,18.000,39.000,55.000,126,164,262,160,118,118,118,118,118,118,1,0,0,3,30,1
7.960000,342.83,18.412,11.060,178,281,72.000,72,72,18.000,39.000,55.000,134,162,260,160,117,117,117,117,117,117,1,0,0,3,30,1
7.965000,344.99,19.520,11.710,186,279,72.000,72,72,18.000,39.000,55.000,142,161,258,160,116,116,116,116,116,116,1,0,0,3,30,1
7.970000,347.15,20.667,12.420,194,277,72.000,72,72,18.000,39.000,55.000,151,160,256,160,115,115,115,115,115,115,1,0,0,3,30,1
7.975000,349.31,21.847,13.130,203,276,72.000,71,71,18.000,39.000,55.000,157,157,251,160,114,114,114,114,114,114,1,0,0,3,30,1
7.980000,351.47,23.056,13.830,212,274,72.000,71,71,18.000,39.000,55.000,166,155,249,160,113,113,113,113,113,113,1,0,0,3,30,1
7.985000,353.63,24.288,14.590,222,273,72.000,71,71,18.000,39.000,55.000,175,155,248,160,113,113,113,113,113,113,1,0,0,3,30,1
7.990000,355.79,25.537,15.300,233,273,72.000,71,71,18.000,39.000,55.000,184,155,248,160,113,113,113,113,113,113,1,0,0,3,30,1
7.995000,357.95,26.797,16.060,244,272,72.000,71,71,18.000,39.000,55.000,193,154,247,160,112,112,112,112,112,112,1,0,0,3,30,1
8.000000,0.00,0.000,0.000,253,271,0.000,71,71,18.000,39.000,55.000,0,153,246,160,112,112,112,112,112,112,1,0,0,3,30,0
8.005000,0.00,0.000,0.000,219,271,0.000,71,71,18.000,39.000,55.000,0,153,246,160,112,112,112,112,112,112,1,0,0,3,30,0
8.010000,0.00,0.000,0.000,190,269,0.000,71,71,18.000,39.000,55.000,0,152,244,160,111,111,111,111,111,111,1,0,0,3,30,0
8.015000,0.00,0.000,0.000,164,268,0.000,71,71,18.000,39.000,55.000,0,152,243,160,110,110,110,110,110,110,1,0,0,3,30,0
8.020000,0.00,0.000,0.000,142,265,0.000,71,71,18.000,39.000,55.000,0,149,239,160,109,109,109,109,109,109,1,0,0,3,30,0
8.025000,0.00,0.000,0.000,123,263,0.000,71,71,18.000,39.000,55.000,0,148,237,160,108,108,108,108,108,108,1,0,0,3,30,0
8.030000,0.00,0.000,0.000,107,260,0.000,71,71,18.000,39.000,55.000,0,146,234,160,107,107,107,107,107,107,1,0,0,3,30,0
8.035000,0.00,0.000,0.000,93,257,0.000,71,71,18.000,39.000,55.000,0,144,231,160,105,105,105,105,105,105,1,0,0,3,30,0
8.040000,0.00,0.000,0.000,80,253,0.000,71,71,18.000,39.000,55.000,0,142,227,160,103,103,103,103,103,103,1,0,0,3,30,0
8.045000,0.00,0.000,0.000,70,250,0.000,71,71,18.000,39.000,55.000,0,140,224,160,102,102,102,102,102,102,1,0,0,3,30,0
8.050000,0.00,0.000,0.000,60,246,0.000,71,71,18.000,39.000,55.000,0,137,220,160,100,100,100,100,100,100,1,0,0,3,30,0
8.055000,0.00,0.000,0.000,52,243,0.000,71,71,18.000,39.000,55.000,0,135,217,160,99,99,99,99,99,99,1,0,0,3,30,0
8.060000,0.00,0.000,0.000,45,239,0.000,71,71,18.000,39.000,55.000,0,133,212,160,97,97,97,97,97,97,1,0,0,3,30,0
8.065000,0.00,0.000,0.000,39,235,0.000,71,71,18.000,39.000,55.000,0,130,208,160,95,95,95,95,95,95,1,0,0,3,30,0
8.070000,0.00,0.000,0.000,34,231,0.000,71,71,18.000,39.000,55.000,0,127,204,160,93,93,93,93,93,93,1,0,0,3,30,0
8.075000,0.00,0.000,0.000,30,227,0.000,71,71,18.000,39.000,55.000,0,125,200,160,91,91,91,91,91,91,1,0,0,3,30,0
8.080000,0.00,0.000,0.000,26,223,0.000,71,71,18.000,39.000,55.000,0,122,196,160,89,89,89,89,89,89,1,0,0,3,30,0
8.085000,0.00,0.000,0.000,22,219,0.000,71,71,18.000,39.000,55.000,0,119,191,160,87,87,87,87,87,87,1,0,0,3,30,0
8.090000,0.00,0.000,0.000,19,215,0.000,71,71,18.000,39.000,55.000,0,117,187,160,85,85,85,85,85,85,1,0,0,3,30,0
8.095000,0.00,0.000,0.000,17,212,0.000,71,71,18.000,39.000,55.000,0,115,184,160,84,84,84,84,84,84,1,0,0,3,30,0
8.100000,0.00,0.000,0.000,15,208,0.000,71,71,18.000,39.000,55.000,0,112,180,160,82,82,82,82,82,82,1,0,0,3,30,0
8.105000,0.00,0.000,0.000,13,204,0.000,71,71,18.000,39.000,55.000,0,110,176,160,80,80,80,80,80,80,1,0,0,3,30,0
8.110000,0.00,0.000,0.000,11,200,0.000,71,71,18.000,39.000,55.000,0,107,172,160,78,78,78,78,78,78,1,0,0,3,30,0
8.115000,0.00,0.000,0.000,10,196,0.000,71,71,18.000,39.000,55.000,0,104,167,160,76,76,76,76,76,76,1,0,0,3,30,0
8.120000,0.00,0.000,0.000,8,193,0.000,71,71,18.000,39.000,55.000,0,102,164,160,75,75,75,75,75,75,1,0,0,3,30,0
8.125000,0.00,0.000,0.000,7,189,0.000,71,71,18.000,39.000,55.000,0,100,160,160,73,73,73,73,73,73,1,0,0,3,30,0
8.130000,0.00,0.000,0.000,6,186,0.000,71,71,18.000,39.000,55.000,0,98,157,160,71,71,71,71,71,71,1,0,0,3,30,0
8.135000,0.00,0.000,0.000,6,182,0.000,71,71,18.000,39.000,55.000,0,95,153,160,69,69,69,69,69,69,1,0,0,3,30,0
8.140000,0.00,0.000,0.000,5,179,0.000,71,71,18.000,39.000,55.000,0,93,149,160,68,68,68,68,68,68,1,0,0,3,30,0
8.145000,0.00,0.000,0.000,4,175,0.000,71,71,18.000,39.000,55.000,0,91,145,160,66,66,66,66,66,66,1,0,0,3,30,0
8.150000,0.00,0.000,0.000,4,172,0.000,71,71,18.000,39.000,55.000,0,89,142,160,65,65,65,65,65,65,1,0,0,3,30,0
8.155000,0.00,0.000,0.000,3,168,0.000,71,71,18.000,39.000,55.000,0,86,138,160,63,63,63,63,63,63,1,0,0,3,30,0
8.160000,0.00,0.000,0.000,3,165,0.000,71,71,18.000,39.000,55.000,0,84,135,160,61,61,61,61,61,61,1,0,0,3,30,0
8.165000,0.00,0.000,0.000,3,162,0.000,71,71,18.000,39.000,55.000,0,82,132,160,60,60,60,60,60,60,1,0,0,3,30,0
8.170000,0.00,0.000,0.000,2,159,0.000,71,71,18.000,39.000,55.000,0,80,129,160,58,58,58,58,58,58,1,0,0,3,30,0
8.175000,0.00,0.000,0.000,2,156,0.000,71,71,18.000,39.000,55.000,0,78,125,160,57,57,57,57,57,57,1,0,0,3,30,0
8.180000,0.00,0.000,0.000,2,153,0.000,71,71,18.000,39.000,55.000,0,76,122,160,56,56,56,56,56,56,1,0,0,3,30,0
8.185000,0.00,0.000,0.000,2,150,0.000,71,71,18.000,39.000,55.000,0,74,119,160,54,54,54,54,54,54,1,0,0,3,30,0
8.190000,0.00,0.000,0.000,1,147,0.000,71,71,18.000,39.000,55.000,0,72,116,160,53,53,53,53,53,53,1,0,0,3,30,0
8.195000,0.00,0.000,0.000,1,144,0.000,71,71,18.000,39.000,55.000,0,71,113,160,51,51,51,51,51,51,1,0,0,3,30,0
8.200000,0.00,0.000,0.000,1,141,0.000,0,0,18.000,39.000,55.000,0,0,0,0,0,0,0,0,0,0,2,144,0,3,70,0
8.205000,0.00,0.000,0.000,1,139,0.000,0,0,18.000,39.000,55.000,0,0,0,0,0,0,0,0,0,0,2,144,0,3,70,0
8.210000,0.00,0.000,0.000,1,136,0.000,0,0,18.000,39.000,55.000,0,0,0,0,0,0,0,0,0,0,2,144,0,3,70,0
8.215000,0.00,0.000,0.000,1,133,0.000,0,0,18.000,39.000,55.000,0,0,0,0,0,0,0,0,0,0,2,144,0,3,70,0
8.220000,0.00,0.000,0.000,1,131,0.000,0,0,18.000,39.000,55.000,0,0,0,0,0,0,0,0,0,0,2,144,0,3,70,0
8.225000,0.00,0.000,0.000,1,128,0.000,0,0,18.000,39.000,55.000,0,0,0,0,0,0,0,0,0,0,2,144,0,3,70,0
8.230000,0.00,0.000,0.000,1,126,0.000,0,0,18.000,39.000,55.000,0,0,0,0,0,0,0,0,0,0,2,144,0,3,70,0
8.235000,0.00,0.000,0.000,1,123,0.000,0,0,18.000,39.000,55.000,0,0,0,0,0,0,0,0,0,0,2,144,0,3,70,0
8.240000,0.00,0.000,0.000,0,121,0.000,0,0,18.000,39.000,55.000,0,0,0,0,0,0,0,0,0,0,2,144,0,3,70,0
8.245000,0.00,0.000,0.000,0,119,0.000,0,0,18.000,39.000,55.000,0,0,0,0,0,0,0,0,0,0,2,144,0,3,70,0
8.250000,0.00,0.000,0.000,0,116,0.000,0,0,18.000,39.000,55.000,0,0,0,0,0,0,0,0,0,0,2,144,0,3,70,0
8.255000,0.00,0.000,0.000,0,114,0.000,0,0,18.000,39.000,55.000,0,0,0,0,0,0,0,0,0,0,2,144,0,3,70,0
8.260000,0.00,0.000,0.000,0,112,0.000,0,0,18.000,39.000,55.000,0,0,0,0,0,0,0,0,0,0,2,144,0,3,70,0
8.265000,0.00,0.000,0.000,0,110,0.000,0,0,18.000,39.000,55.000,0,0,0,0,0,0,0,0,0,0,2,144,0,3,70,0
8.270000,0.00,0.000,0.000,0,107,0.000,0,0,18.000,39.000,55.000,0,0,0,0,0,0,0,0,0,0,2,144,0,3,70,0
8.275000,0.00,0.000,0.000,0,105,0.000,0,0,18.000,39.000,55.000,0,0,0,0,0,0,0,0,0,0,2,144,0,3,70,0
8.280000,0.00,0.000,0.000,0,103,0.000,0,0,18.000,39.000,55.000,0,0,0,0,0,0,0,0,0,0,2,144,0,3,70,0
8.285000,0.00,0.000,0.000,0,101,0.000,0,0,18.000,39.000,55.000,0,0,0,0,0,0,0,0,0,0,2,144,0,3,70,0
8.290000,0.00,0.000,0.000,0,99,0.000,0,0,18.000,39.000,55.000,0,0,0,0,0,0,0,0,0,0,2,144,0,3,70,0
8.295000,0.00,0.000,0.000,0,97,0.000,0,0,18.000,39.000,55.000,0,0,0,0,0,0,0,0,0,0,2,144,0,3,70,0
8.300000,0.00,0.000,0.000,0,95,0.000,0,0,18.000,39.000,55.000,0,0,0,0,0,0,0,0,0,0,2,144,0,3,70,0
8.305000,0.00,0.000,0.000,0,94,0.000,0,0,18.000,39.000,55.000,0,0,0,0,0,0,0,0,0,0,2,144,0,3,70,0
8.310000,0.00,0.000,0.000,0,92,0.000,0,0,18.000,39.000,55.000,0,0,0,0,0,0,0,0,0,0,2,144,0,3,70,0
8.315000,0.00,0.000,0.000,0,90,0.000,0,0,18.000,39.000,55.000,0,0,0,0,0,0,0,0,0,0,2,144,0,3,70,0
8.320000,0.00,0.000,0.000,0,88,0.000,0,0,18.000,39.000,55.000,0,0,0,0,0,0,0,0,0,0,2,144,0,3,70,0
8.325000,0.00,0.000,0.000,0,87,0.000,0,0,18.000,39.000,55.000,0,0,0,0,0,0,0,0,0,0,2,144,0,3,70,0
8.330000,0.00,0.000,0.000,0,85,0.000,0,0,18.000,39.000,55.000,0,0,0,0,0,0,0,0,0,0,2,144,0,3,70,0
8.335000,0.00,0.000,0.000,0,83,0.000,0,0,18.000,39.000,55.000,0,0,0,0,0,0,0,0,0,0,2,144,0,3,70,0
8.340000,0.00,0.000,0.000,0,82,0.000,0,0,18.000,39.000,55.000,0,0,0,0,0,0,0,0,0,0,2,144,0,3,70,0
8.345000,0.00,0.000,0.000,0,80,0.000,0,0,18.000,39.000,55.000,0,0,0,0,0,0,0,0,0,0,2,144,0,3,70,0
8.350000,0.00,0.000,0.000,0,79,0.000,0,0,18.000,39.000,55.000,0,0,0,0,0,0,0,0,0,0,2,144,0,3,70,0
8.355000,0.00,0.000,0.000,0,77,0.000,0,0,18.000,39.000,55.000,0,0,0,0,0,0,0,0,0,0,2,144,0,3,70,0
8.360000,0.00,0.000,0.000,0,76,0.000,0,0,18.000,39.000,55.000,0,0,0,0,0,0,0,0,0,0,2,144,0,3,70,0
8.365000,0.00,0.000,0.000,0,74,0.000,0,0,18.000,39.000,55.000,0,0,0,0,0,0,0,0,0,0,2,144,0,3,70,0
8.370000,0.00,0.000,0.000,0,73,0.000,0,0,18.000,39.000,55.000,0,0,0,0,0,0,0,0,0,0,2,144,0,3,70,0
8.375000,0.00,0.000,0.000,0,71,0.000,0,0,18.000,39.000,55.000,0,0,0,0,0,0,0,0,0,0,2,144,0,3,70,0
8.380000,0.00,0.000,0.000,0,70,0.000,0,0,18.000,39.000,55.000,0,0,0,0,0,0,0,0,0,0,2,144,0,3,70,0
8.385000,0.00,0.000,0.000,0,69,0.000,0,0,18.000,39.000,55.000,0,0,0,0,0,0,0,0,0,0,2,144,0,3,70,0
8.390000,0.00,0.000,0.000,0,67,0.000,0,0,18.000,39.000,55.000,0,0,0,0,0,0,0,0,0,0,2,144,0,3,70,0
8.395000,0.00,0.000,0.000,0,66,0.000,0,0,18.000,39.000,55.000,0,0,0,0,0,0,0,0,0,0,2,144,0,3,70,0
8.400000,0.00,0.000,0.000,0,65,0.000,0,0,18.000,39.000,55.000,0,0,0,0,0,0,0,0,0,0,2,144,0,3,70,0
8.405000,0.00,0.000,0.000,0,63,0.000,0,0,18.000,39.000,55.000,0,0,0,0,0,0,0,0,0,0,2,144,0,3,70,0
8.410000,0.00,0.000,0.000,0,62,0.000,0,0,18.000,39.000,55.000,0,0,0,0,0,0,0,0,0,0,2,144,0,3,70,0
8.415000,0.00,0.000,0.000,0,61,0.000,0,0,18.000,39.000,55.000,0,0,0,0,0,0,0,0,0,0,2,144,0,3,70,0
8.420000,0.00,0.000,0.000,0,60,0.000,0,0,18.000,39.000,55.000,0,0,0,0,0,0,0,0,0,0,2,144,0,3,70,0
8.425000,0.00,0.000,0.000,0,59,0.000,0,0,18.000,39.000,55.000,0,0,0,0,0,0,0,0,0,0,2,144,0,3,70,0
8.430000,0.00,0.000,0.000,0,58,0.000,0,0,18.000,39.000,55.000,0,0,0,0,0,0,0,0,0,0,2,144,0,3,70,0
8.435000,0.00,0.000,0.000,0,56,0.000,0,0,18.000,39.000,55.000,0,0,0,0,0,0,0,0,0,0,2,144,0,3,70,0
8.440000,0.00,0.000,0.000,0,55,0.000,0,0,18.000,39.000,55.000,0,0,0,0,0,0,0,0,0,0,2,144,0,3,70,0
8.445000,0.00,0.000,0.000,0,54,0.000,0,0,18.000,39.000,55.000,0,0,0,0,0,0,0,0,0,0,2,144,0,3,70,0
8.450000,0.00,0.000,0.000,0,53,0.000,0,0,18.000,39.000,55.000,0,0,0,0,0,0,0,0,0,0,2,144,0,3,70,0
8.455000,0.00,0.000,0.000,0,52,0.000,0,0,18.000,39.000,55.000,0,0,0,0,0,0,0,0,0,0,2,144,0,3,70,0
8.460000,0.00,0.000,0.000,0,51,0.000,0,0,18.000,39.000,55.000,0,0,0,0,0,0,0,0,0,0,2,144,0,3,70,0
8.465000,0.00,0.000,0.000,0,50,0.000,0,0,18.000,39.000,55.000,0,0,0,0,0,0,0,0,0,0,2,144,0,3,70,0
8.470000,0.00,0.000,0.000,0,49,0.000,0,0,18.000,39.000,55.000,0,0,0,0,0,0,0,0,0,0,2,144,0,3,70,0
8.475000,0.00,0.000,0.000,0,48,0.000,0,0,18.000,39.000,55.000,0,0,0,0,0,0,0,0,0,0,2,144,0,3,70,0
8.480000,0.00,0.000,0.000,0,47,0.000,0,0,18.000,39.000,55.000,0,0,0,0,0,0,0,0,0,0,2,144,0,3,70,0
8.485000,0.00,0.000,0.000,0,47,0.000,0,0,18.000,39.000,55.000,0,0,0,0,0,0,0,0,0,0,2,144,0,3,70,0
8.490000,0.00,0.000,0.000,0,46,0.000,0,0,18.000,39.000,55.000,0,0,0,0,0,0,0,0,0,0,2,144,0,3,70,0
8.495000,0.00,0.000,0.000,0,45,0.000,0,0,18.000,39.000,55.000,0,0,0,0,0,0,0,0,0,0,2,144,0,3,70,0
8.500000,0.00,0.000,0.000,0,44,0.000,0,0,18.000,39.000,55.000,0,0,0,0,0,0,0,0,0,0,2,144,0,3,70,0
8.505000,0.00,0.000,0.000,0,43,0.000,0,0,18.000,39.000,55.000,0,0,0,0,0,0,0,0,0,0,2,144,0,3,70,0
8.510000,0.00,0.000,0.000,0,42,0.000,0,0,18.000,39.000,55.000,0,0,0,0,0,0,0,0,0,0,2,144,0,3,70,0
8.515000,0.00,0.000,0.000,0,42,0.000,0,0,18.000,39.000,55.000,0,0,0,0,0,0,0,0,0,0,2,144,0,3,70,0
8.520000,0.00,0.000,0.000,0,41,0.000,0,0,18.000,39.000,55.000,0,0,0,0,0,0,0,0,0,0,2,144,0,3,70,0
8.525000,0.00,0.000,0.000,0,40,0.000,0,0,18.000,39.000,55.000,0,0,0,0,0,0,0,0,0,0,2,144,0,3,70,0
8.530000,0.00,0.000,0.000,0,39,0.000,0,0,18.000,39.000,55.000,0,0,0,0,0,0,0,0,0,0,2,144,0,3,70,0
8.535000,0.00,0.000,0.000,0,38,0.000,0,0,18.000,39.000,55.000,0,0,0,0,0,0,0,0,0,0,2,144,0,3,70,0
8.540000,0.00,0.000,0.000,0,38,0.000,0,0,18.000,39.000,55.000,0,0,0,0,0,0,0,0,0,0,2,144,0,3,70,0
8.545000,0.00,0.000,0.000,0,37,0.000,0,0,18.000,39.000,55.000,0,0,0,0,0,0,0,0,0,0,2,144,0,3,70,0
8.550000,0.00,0.000,0.000,0,36,0.000,0,0,18.000,39.000,55.000,0,0,0,0,0,0,0,0,0,0,2,144,0,3,70,0
8.555000,0.00,0.000,0.000,0,36,0.000,0,0,18.000,39.000,55.000,0,0,0,0,0,0,0,0,0,0,2,144,0,3,70,0
8.560000,0.00,0.000,0.000,0,35,0.000,0,0,18.000,39.000,55.000,0,0,0,0,0,0,0,0,0,0,2,144,0,3,70,0
8.565000,0.00,0.000,0.000,0,34,0.000,0,0,18.000,39.000,55.000,0,0,0,0,0,0,0,0,0,0,2,144,0,3,70,0
8.570000,0.00,0.000,0.000,0,34,0.000,0,0,18.000,39.000,55.000,0,0,0,0,0,0,0,0,0,0,2,144,0,3,70,0
8.575000,0.00,0.000,0.000,0,33,0.000,0,0,18.000,39.000,55.000,0,0,0,0,0,0,0,0,0,0,2,144,0,3,70,0
8.580000,0.00,0.000,0.000,0,32,0.000,0,0,18.000,39.000,55.000,0,0,0,0,0,0,0,0,0,0,2,144,0,3,70,0
8.585000,0.00,0.000,0.000,0,32,0.000,0,0,18.000,39.000,55.000,0,0,0,0,0,0,0,0,0,0,2,144,0,3,70,0
8.590000,0.00,0.000,0.000,0,31,0.000,0,0,18.000,39.000,55.000,0,0,0,0,0,0,0,0,0,0,2,144,0,3,70,0
8.595000,0.00,0.000,0.000,0,31,0.000,0,0,18.000,39.000,55.000,0,0,0,0,0,0,0,0,0,0,2,144,0,3,70,0
8.600000,0.00,0.000,0.000,0,30,0.000,0,0,18.000,39.000,55.000,0,0,0,0,0,0,0,0,0,0,2,144,0,3,70,0
8.605000,0.00,0.000,0.000,0,30,0.000,0,0,18.000,39.000,55.000,0,0,0,0,0,0,0,0,0,0,2,144,0,3,70,0
8.610000,0.00,0.000,0.000,0,29,0.000,0,0,18.000,39.000,55.000,0,0,0,0,0,0,0,0,0,0,2,144,0,3,70,0
8.615000,0.00,0.000,0.000,0,28,0.000,0,0,18.000,39.000,55.000,0,0,0,0,0,0,0,0,0,0,2,144,0,3,70,0
8.620000,0.00,0.000,0.000,0,28,0.000,0,0,18.000,39.000,55.000,0,0,0,0,0,0,0,0,0,0,2,144,0,3,70,0
8.625000,0.00,0.000,0.000,0,27,0.000,0,0,18.000,39.000,55.000,0,0,0,0,0,0,0,0,0,0,2,144,0,3,70,0
8.630000,0.00,0.000,0.000,0,27,0.000,0,0,18.000,39.000,55.000,0,0,0,0,0,0,0,0,0,0,2,144,0,3,70,0
8.635000,0.00,0.000,0.000,0,26,0.000,0,0,18.000,39.000,55.000,0,0,0,0,0,0,0,0,0,0,2,144,0,3,70,0
8.640000,0.00,0.000,0.000,0,26,0.000,0,0,18.000,39.000,55.000,0,0,0,0,0,0,0,0,0,0,2,144,0,3,70,0
8.645000,0.00,0.000,0.000,0,26,0.000,0,0,18.000,39.000,55.000,0,0,0,0,0,0,0,0,0,0,2,144,0,3,70,0
8.650000,0.00,0.000,0.000,0,25,0.000,0,0,18.000,39.000,55.000,0,0,0,0,0,0,0,0,0,0,2,144,0,3,70,0
8.655000,0.00,0.000,0.000,0,25,0.000,0,0,18.000,39.000,55.000,0,0,0,0,0,0,0,0,0,0,2,144,0,3,70,0
8.660000,0.00,0.000,0.000,0,24,0.000,0,0,18.000,39.000,55.000,0,0,0,0,0,0,0,0,0,0,2,144,0,3,70,0
8.665000,0.00,0.000,0.000,0,24,0.000,0,0,18.000,39.000,55.000,0,0,0,0,0,0,0,0,0,0,2,144,0,3,70,0
8.670000,0.00,0.000,0.000,0,23,0.000,0,0,18.000,39.000,55.000,0,0,0,0,0,0,0,0,0,0,2,144,0,3,70,0
8.675000,0.00,0.000,0.000,0,23,0.000,0,0,18.000,39.000,55.000,0,0,0,0,0,0,0,0,0,0,2,144,0,3,70,0
8.680000,0.00,0.000,0.000,0,22,0.000,0,0,18.000,39.000,55.000,0,0,0,0,0,0,0,0,0,0,2,144,0,3,70,0
8.685000,0.00,0.000,0.000,0,22,0.000,0,0,18.000,39.000,55.000,0,0,0,0,0,0,0,0,0,0,2,144,0,3,70,0
8.690000,0.00,0.000,0.000,0,22,0.000,0,0,18.000,39.000,55.000,0,0,0,0,0,0,0,0,0,0,2,144,0,3,70,0
8.695000,0.00,0.000,0.000,0,21,0.000,0,0,18.000,39.000,55.000,0,0,0,0,0,0,0,0,0,0,2,144,0,3,70,0
8.700000,0.00,0.000,0.000,0,21,0.000,0,0,18.000,39.000,55.000,0,0,0,0,0,0,0,0,0,0,2,144,0,3,70,0
8.705000,0.00,0.000,0.000,0,20,0.000,0,0,18.000,39.000,55.000,0,0,0,0,0,0,0,0,0,0,2,144,0,3,70,0
8.710000,0.00,0.000,0.000,0,20,0.000,0,0,18.000,39.000,55.000,0,0,0,0,0,0,0,0,0,0,2,144,0,3,70,0
8.715000,0.00,0.000,0.000,0,20,0.000,0,0,18.000,39.000,55.000,0,0,0,0,0,0,0,0,0,0,2,144,0,3,70,0
8.720000,0.00,0.000,0.000,0,19,0.000,0,0,18.000,39.000,55.000,0,0,0,0,0,0,0,0,0,0,2,144,0,3,70,0
8.725000,0.00,0.000,0.000,0,19,0.000,0,0,18.000,39.000,55.000,0,0,0,0,0,0,0,0,0,0,2,144,0,3,70,0
8.730000,0.00,0.000,0.000,0,19,0.000,0,0,18.000,39.000,55.000,0,0,0,0,0,0,0,0,0,0,2,144,0,3,70,0
8.735000,0.00,0.000,0.000,0,18,0.000,0,0,18.000,39.000,55.000,0,0,0,0,0,0,0,0,0,0,2,144,0,3,70,0
8.740000,0.00,0.000,0.000,0,18,0.000,0,0,18.000,39.000,55.000,0,0,0,0,0,0,0,0,0,0,2,144,0,3,70,0
8.745000,0.00,0.000,0.000,0,18,0.000,0,0,18.000,39.000,55.000,0,0,0,0,0,0,0,0,0,0,2,144,0,3,70,0
8.750000,0.00,0.000,0.000,0,17,0.000,0,0,18.000,39.000,55.000,0,0,0,0,0,0,0,0,0,0,2,144,0,3,70,0
8.755000,0.00,0.000,0.000,0,17,0.000,0,0,18.000,39.000,55.000,0,0,0,0,0,0,0,0,0,0,2,144,0,3,70,0
8.760000,0.00,0.000,0.000,0,17,0.000,0,0,18.000,39.000,55.000,0,0,0,0,0,0,0,0,0,0,2,144,0,3,70,0
8.765000,0.00,0.000,0.000,0,17,0.000,0,0,18.000,39.000,55.000,0,0,0,0,0,0,0,0,0,0,2,144,0,3,70,0
8.770000,0.00,0.000,0.000,0,16,0.000,0,0,18.000,39.000,55.000,0,0,0,0,0,0,0,0,0,0,2,144,0,3,70,0
8.775000,0.00,0.000,0.000,0,16,0.000,0,0,18.000,39.000,55.000,0,0,0,0,0,0,0,0,0,0,2,144,0,3,70,0
8.780000,0.00,0.000,0.000,0,16,0.000,0,0,18.000,39.000,55.000,0,0,0,0,0,0,0,0,0,0,2,144,0,3,70,0
8.785000,0.00,0.000,0.000,0,15,0.000,0,0,18.000,39.000,55.000,0,0,0,0,0,0,0,0,0,0,2,144,0,3,70,0
8.790000,0.00,0.000,0.000,0,15,0.000,0,0,18.000,39.000,55.000,0,0,0,0,0,0,0,0,0,0,2,144,0,3,70,0
8.795000,0.00,0.000,0.000,0,15,0.000,0,0,18.000,39.000,55.000,0,0,0,0,0,0,0,0,0,0,2,144,0,3,70,0
8.800000,0.00,0.000,0.000,0,15,0.000,0,0,18.000,39.000,55.000,0,0,0,0,0,0,0,0,0,0,2,144,0,3,70,0
8.805000,0.00,0.000,0.000,0,14,0.000,0,0,18.000,39.000,55.000,0,0,0,0,0,0,0,0,0,0,2,144,0,3,70,0
8.810000,0.00,0.000,0.000,0,14,0.000,0,0,18.000,39.000,55.000,0,0,0,0,0,0,0,0,0,0,2,144,0,3,70,0
8.815000,0.00,0.000,0.000,0,14,0.000,0,0,18.000,39.000,55.000,0,0,0,0,0,0,0,0,0,0,2,144,0,3,70,0
8.820000,0.00,0.000,0.000,0,14,0.000,0,0,18.000,39.000,55.000,0,0,0,0,0,0,0,0,0,0,2,144,0,3,70,0
8.825000,0.00,0.000,0.000,0,13,0.000,0,0,18.000,39.000,55.000,0,0,0,0,0,0,0,0,0,0,2,144,0,3,70,0
8.830000,0.00,0.000,0.000,0,13,0.000,0,0,18.000,39.000,55.000,0,0,0,0,0,0,0,0,0,0,2,144,0,3,70,0
8.835000,0.00,0.000,0.000,0,13,0.000,0,0,18.000,39.000,55.000,0,0,0,0,0,0,0,0,0,0,2,144,0,3,70,0
8.840000,0.00,0.000,0.000,0,13,0.000,0,0,18.000,39.000,55.000,0,0,0,0,0,0,0,0,0,0,2,144,0,3,70,0
8.845000,0.00,0.000,0.000,0,13,0.000,0,0,18.000,39.000,55.000,0,0,0,0,0,0,0,0,0,0,2,144,0,3,70,0
8.850000,0.00,0.000,0.000,0,12,0.000,0,0,18.000,39.000,55.000,0,0,0,0,0,0,0,0,0,0,2,144,0,3,70,0
8.855000,0.00,0.000,0.000,0,12,0.000,0,0,18.000,39.000,55.000,0,0,0,0,0,0,0,0,0,0,2,144,0,3,70,0
8.860000,0.00,0.000,0.000,0,12,0.000,0,0,18.000,39.000,55.000,0,0,0,0,0,0,0,0,0,0,2,144,0,3,70,0
8.865000,0.00,0.000,0.000,0,12,0.000,0,0,18.000,39.000,55.000,0,0,0,0,0,0,0,0,0,0,2,144,0,3,70,0
8.870000,0.00,0.000,0.000,0,11,0.000,0,0,18.000,39.000,55.000,0,0,0,0,0,0,0,0,0,0,2,144,0,3,70,0
8.875000,0.00,0.000,0.000,0,11,0.000,0,0,18.000,39.000,55.000,0,0,0,0,0,0,0,0,0,0,2,144,0,3,70,0
8.880000,0.00,0.000,0.000,0,11,0.000,0,0,18.000,39.000,55.000,0,0,0,0,0,0,0,0,0,0,2,144,0,3,70,0
8.885000,0.00,0.000,0.000,0,11,0.000,0,0,18.000,39.000,55.000,0,0,0,0,0,0,0,0,0,0,2,144,0,3,70,0
8.890000,0.00,0.000,0.000,0,11,0.000,0,0,18.000,39.000,55.000,0,0,0,0,0,0,0,0,0,0,2,144,0,3,70,0
8.895000,0.00,0.000,0.000,0,11,0.000,0,0,18.000,39.000,55.000,0,0,0,0,0,0,0,0,0,0,2,144,0,3,70,0
8.900000,0.00,0.000,0.000,0,11,0.000,0,0,18.000,39.000,55.000,0,0,0,0,0,0,0,0,0,0,2,144,0,3,70,0
8.905000,0.00,0.000,0.000,0,10,0.000,0,0,18.000,39.000,55.000,0,0,0,0,0,0,0,0,0,0,2,144,0,3,70,0
8.910000,0.00,0.000,0.000,0,10,0.000,0,0,18.000,39.000,55.000,0,0,0,0,0,0,0,0,0,0,2,144,0,3,70,0
8.915000,0.00,0.000,0.000,0,10,0.000,0,0,18.000,39.000,55.000,0,0,0,0,0,0,0,0,0,0,2,144,0,3,70,0
8.920000,0.00,0.000,0.000,0,10,0.000,0,0,18.000,39.000,55.000,0,0,0,0,0,0,0,0,0,0,2,144,0,3,70,0
8.925000,0.00,0.000,0.000,0,10,0.000,0,0,18.000,39.000,55.000,0,0,0,0,0,0,0,0,0,0,2,144,0,3,70,0
8.930000,0.00,0.000,0.000,0,10,0.000,0,0,18.000,39.000,55.000,0,0,0,0,0,0,0,0,0,0,2,144,0,3,70,0
8.935000,0.00,0.000,0.000,0,9,0.000,0,0,18.000,39.000,55.000,0,0,0,0,0,0,0,0,0,0,2,144,0,3,70,0
8.940000,0.00,0.000,0.000,0,9,0.000,0,0,18.000,39.000,55.000,0,0,0,0,0,0,0,0,0,0,2,144,0,3,70,0
8.945000,0.00,0.000,0.000,0,9,0.000,0,0,18.000,39.000,55.000,0,0,0,0,0,0,0,0,0,0,2,144,0,3,70,0
8.950000,0.00,0.000,0.000,0,9,0.000,0,0,18.000,39.000,55.000,0,0,0,0,0,0,0,0,0,0,2,144,0,3,70,0
8.955000,0.00,0.000,0.000,0,9,0.000,0,0,18.000,39.000,55.000,0,0,0,0,0,0,0,0,0,0,2,144,0,3,70,0
8.960000,0.00,0.000,0.000,0,9,0.000,0,0,18.000,39.000,55.000,0,0,0,0,0,0,0,0,0,0,2,144,0,3,70,0
8.965000,0.00,0.000,0.000,0,9,0.000,0,0,18.000,39.000,55.000,0,0,0,0,0,0,0,0,0,0,2,144,0,3,70,0
8.970000,0.00,0.000,0.000,0,8,0.000,0,0,18.000,39.000,55.000,0,0,0,0,0,0,0,0,0,0,2,144,0,3,70,0
8.975000,0.00,0.000,0.000,0,8,0.000,0,0,18.000,39.000,55.000,0,0,0,0,0,0,0,0,0,0,2,144,0,3,70,0
8.980000,0.00,0.000,0.000,0,8,0.000,0,0,18.000,39.000,55.000,0,0,0,0,0,0,0,0,0,0,2,144,0,3,70,0
8.985000,0.00,0.000,0.000,0,8,0.000,0,0,18.000,39.000,55.000,0,0,0,0,0,0,0,0,0,0,2,144,0,3,70,0
8.990000,0.00,0.000,0.000,0,8,0.000,0,0,18.000,39.000,55.000,0,0,0,0,0,0,0,0,0,0,2,144,0,3,70,0
8.995000,0.00,0.000,0.000,0,8,0.000,0,0,18.000,39.000,55.000,0,0,0,0,0,0,0,0,0,0,2,144,0,3,70,0
9.000000,0.00,0.000,0.000,0,8,0.000,0,0,18.000,39.000,55.000,0,0,0,0,0,0,0,0,0,0,2,144,0,3,70,0
9.005000,0.00,0.000,0.000,0,8,0.000,0,0,18.000,39.000,55.000,0,0,0,0,0,0,0,0,0,0,2,144,0,3,70,0
9.010000,0.00,0.000,0.000,0,7,0.000,0,0,18.000,39.000,55.000,0,0,0,0,0,0,0,0,0,0,2,144,0,3,70,0
9.015000,0.00,0.000,0.000,0,7,0.000,0,0,18.000,39.000,55.000,0,0,0,0,0,0,0,0,0,0,2,144,0,3,70,0
9.020000,0.00,0.000,0.000,0,7,0.000,0,0,18.000,39.000,55.000,0,0,0,0,0,0,0,0,0,0,2,144,0,3,70,0
9.025000,0.00,0.000,0.000,0,7,0.000,0,0,18.000,39.000,55.000,0,0,0,0,0,0,0,0,0,0,2,144,0,3,70,0
9.030000,0.00,0.000,0.000,0,7,0.000,0,0,18.000,39.000,55.000,0,0,0,0,0,0,0,0,0,0,2,144,0,3,70,0
9.035000,0.00,0.000,0.000,0,7,0.000,0,0,18.000,39.000,55.000,0,0,0,0,0,0,0,0,0,0,2,144,0,3,70,0
9.040000,0.00,0.000,0.000,0,7,0.000,0,0,18.000,39.000,55.000,0,0,0,0,0,0,0,0,0,0,2,144,0,3,70,0
9.045000,0.00,0.000,0.000,0,7,0.000,0,0,18.000,39.000,55.000,0,0,0,0,0,0,0,0,0,0,2,144,0,3,70,0
9.050000,0.00,0.000,0.000,0,7,0.000,0,0,18.000,39.000,55.000,0,0,0,0,0,0,0,0,0,0,2,144,0,3,70,0
9.055000,0.00,0.000,0.000,0,7,0.000,0,0,18.000,39.000,55.000,0,0,0,0,0,0,0,0,0,0,2,144,0,3,70,0
9.060000,0.00,0.000,0.000,0,7,0.000,0,0,18.000,39.000,55.000,0,0,0,0,0,0,0,0,0,0,2,144,0,3,70,0
9.065000,0.00,0.000,0.000,0,7,0.000,0,0,18.000,39.000,55.000,0,0,0,0,0,0,0,0,0,0,2,144,0,3,70,0
9.070000,0.00,0.000,0.000,0,7,0.000,0,0,18.000,39.000,55.000,0,0,0,0,0,0,0,0,0,0,2,144,0,3,70,0
9.075000,0.00,0.000,0.000,0,6,0.000,0,0,18.000,39.000,55.000,0,0,0,0,0,0,0,0,0,0,2,144,0,3,70,0
9.080000,0.00,0.000,0.000,0,6,0.000,0,0,18.000,39.000,55.000,0,0,0,0,0,0,0,0,0,0,2,144,0,3,70,0
9.085000,0.00,0.000,0.000,0,6,0.000,0,0,18.000,39.000,55.000,0,0,0,0,0,0,0,0,0,0,2,144,0,3,70,0
9.090000,0.00,0.000,0.000,0,6,0.000,0,0,18.000,39.000,55.000,0,0,0,0,0,0,0,0,0,0,2,144,0,3,70,0
9.095000,0.00,0.000,0.000,0,6,0.000,0,0,18.000,39.000,55.000,0,0,0,0,0,0,0,0,0,0,2,144,0,3,70,0
9.100000,0.00,0.000,0.000,0,6,0.000,0,0,18.000,39.000,55.000,0,0,0,0,0,0,0,0,0,0,2,144,0,3,70,0
9.105000,0.00,0.000,0.000,0,6,0.000,0,0,18.000,39.000,55.000,0,0,0,0,0,0,0,0,0,0,2,144,0,3,70,0
9.110000,0.00,0.000,0.000,0,6,0.000,0,0,18.000,39.000,55.000,0,0,0,0,0,0,0,0,0,0,2,144,0,3,70,0
9.115000,0.00,0.000,0.000,0,6,0.000,0,0,18.000,39.000,55.000,0,0,0,0,0,0,0,0,0,0,2,144,0,3,70,0
9.120000,0.00,0.000,0.000,0,6,0.000,0,0,18.000,39.000,55.000,0,0,0,0,0,0,0,0,0,0,2,144,0,3,70,0
9.125000,0.00,0.000,0.000,0,6,0.000,0,0,18.000,39.000,55.000,0,0,0,0,0,0,0,0,0,0,2,144,0,3,70,0
9.130000,0.00,0.000,0.000,0,6,0.000,0,0,18.000,39.000,55.000,0,0,0,0,0,0,0,0,0,0,2,144,0,3,70,0
9.135000,0.00,0.000,0.000,0,6,0.000,0,0,18.000,39.000,55.000,0,0,0,0,0,0,0,0,0,0,2,144,0,3,70,0
9.140000,0.00,0.000,0.000,0,5,0.000,0,0,18.000,39.000,55.000,0,0,0,0,0,0,0,0,0,0,2,144,0,3,70,0
9.145000,0.00,0.000,0.000,0,5,0.000,0,0,18.000,39.000,55.000,0,0,0,0,0,0,0,0,0,0,2,144,0,3,70,0
9.150000,0.00,0.000,0.000,0,5,0.000,0,0,18.000,39.000,55.000,0,0,0,0,0,0,0,0,0,0,2,144,0,3,70,0
9.155000,0.00,0.000,0.000,0,5,0.000,0,0,18.000,39.000,55.000,0,0,0,0,0,0,0,0,0,0,2,144,0,3,70,0
9.160000,0.00,0.000,0.000,0,5,0.000,0,0,18.000,39.000,55.000,0,0,0,0,0,0,0,0,0,0,2,144,0,3,70,0
9.165000,0.00,0.000,0.000,0,5,0.000,0,0,18.000,39.000,55.000,0,0,0,0,0,0,0,0,0,0,2,144,0,3,70,0
9.170000,0.00,0.000,0.000,0,5,0.000,0,0,18.000,39.000,55.000,0,0,0,0,0,0,0,0,0,0,2,144,0,3,70,0
9.175000,0.00,0.000,0.000,0,5,0.000,0,0,18.000,39.000,55.000,0,0,0,0,0,0,0,0,0,0,2,144,0,3,70,0
9.180000,0.00,0.000,0.000,0,5,0.000,0,0,18.000,39.000,55.000,0,0,0,0,0,0,0,0,0,0,2,144,0,3,70,0
9.185000,0.00,0.000,0.000,0,5,0.000,0,0,18.000,39.000,55.000,0,0,0,0,0,0,0,0,0,0,2,144,0,3,70,0
9.190000,0.00,0.000,0.000,0,5,0.000,0,0,18.000,39.000,55.000,0,0,0,0,0,0,0,0,0,0,2,144,0,3,70,0
9.195000,0.00,0.000,0.000,0,5,0.000,0,0,18.000,39.000,55.000,0,0,0,0,0,0,0,0,0,0,2,144,0,3,70,0
9.200000,0.00,0.000,0.000,0,4,0.000,0,0,18.000,39.000,55.000,0,0,0,0,0,0,0,0,0,0,2,144,0,3,70,0
9.205000,0.00,0.000,0.000,0,4,0.000,0,0,18.000,39.000,55.000,0,0,0,0,0,0,0,0,0,0,2,144,0,3,70,0
9.210000,0.00,0.000,0.000,0,4,0.000,0,0,18.000,39.000,55.000,0,0,0,0,0,0,0,0,0,0,2,144,0,3,70,0
9.215000,0.00,0.000,0.000,0,4,0.000,0,0,18.000,39.000,55.000,0,0,0,0,0,0,0,0,0,0,2,144,0,3,70,0
9.220000,0.00,0.000,0.000,0,4,0.000,0,0,18.000,39.000,55.000,0,0,0,0,0,0,0,0,0,0,2,144,0,3,70,0
9.225000,0.00,0.000,0.000,0,4,0.000,0,0,18.000,39.000,55.000,0,0,0,0,0,0,0,0,0,0,2,144,0,3,70,0
9.230000,0.00,0.000,0.000,0,4,0.000,0,0,18.000,39.000,55.000,0,0,0,0,0,0,0,0,0,0,2,144,0,3,70,0
9.235000,0.00,0.000,0.000,0,4,0.000,0,0,18.000,39.000,55.000,0,0,0,0,0,0,0,0,0,0,2,144,0,3,70,0
9.240000,0.00,0.000,0.000,0,0,0.000,0,0,18.000,39.000,55.000,0,0,0,0,0,0,0,0,0,0,2,144,0,3,70,0
9.245000,0.00,0.000,0.000,0,0,0.000,0,0,18.000,39.000,55.000,0,0,0,0,0,0,0,0,0,0,2,144,0,3,70,0
9.250000,0.00,0.000,0.000,0,0,0.000,0,0,18.000,39.000,55.000,0,0,0,0,0,0,0,0,0,0,2,144,0,3,70,0
9.255000,0.00,0.000,0.000,0,0,0.000,0,0,18.000,39.000,55.000,0,0,0,0,0,0,0,0,0,0,2,144,0,3,70,0
9.260000,0.00,0.000,0.000,0,0,0.000,0,0,18.000,39.000,55.000,0,0,0,0,0,0,0,0,0,0,2,144,0,3,70,0
9.265000,0.00,0.000,0.000,0,0,0.000,0,0,18.000,39.000,55.000,0,0,0,0,0,0,0,0,0,0,2,144,0,3,70,0
9.270000,0.00,0.000,0.000,0,0,0.000,0,0,18.000,39.000,55.000,0,0,0,0,0,0,0,0,0,0,2,144,0,3,70,0
9.275000,0.00,0.000,0.000,0,0,0.000,0,0,18.000,39.000,55.000,0,0,0,0,0,0,0,0,0,0,2,144,0,3,70,0
9.280000,0.00,0.000,0.000,0,0,0.000,0,0,18.000,39.000,55.000,0,0,0,0,0,0,0,0,0,0,2,144,0,3,70,0
9.285000,0.00,0.000,0.000,0,0,0.000,0,0,18.000,39.000,55.000,0,0,0,0,0,0,0,0,0,0,2,144,0,3,70,0
9.290000,0.00,0.000,0.000,0,0,0.000,0,0,18.000,39.000,55.000,0,0,0,0,0,0,0,0,0,0,2,144,0,3,70,0
9.295000,0.00,0.000,0.000,0,0,0.000,0,0,18.000,39.000,55.000,0,0,0,0,0,0,0,0,0,0,2,144,0,3,70,0
9.300000,0.00,0.000,0.000,0,0,0.000,0,0,18.000,39.000,55.000,0,0,0,0,0,0,0,0,0,0,2,144,0,3,70,0
9.305000,0.00,0.000,0.000,0,0,0.000,0,0,18.000,39.000,55.000,0,0,0,0,0,0,0,0,0,0,2,144,0,3,70,0
9.310000,0.00,0.000,0.000,0,0,0.000,0,0,18.000,39.000,55.000,0,0,0,0,0,0,0,0,0,0,2,144,0,3,70,0
9.315000,0.00,0.000,0.000,0,0,0.000,0,0,18.000,39.000,55.000,0,0,0,0,0,0,0,0,0,0,2,144,0,3,70,0
9.320000,0.00,0.000,0.000,0,0,0.000,0,0,18.000,39.000,55.000,0,0,0,0,0,0,0,0,0,0,2,144,0,3,70,0
9.325000,0.00,0.000,0.000,0,0,0.000,0,0,18.000,39.000,55.000,0,0,0,0,0,0,0,0,0,0,2,144,0,3,70,0
9.330000,0.00,0.000,0.000,0,0,0.000,0,0,18.000,39.000,55.000,0,0,0,0,0,0,0,0,0,0,2,144,0,3,70,0
9.335000,0.00,0.000,0.000,0,0,0.000,0,0,18.000,39.000,55.000,0,0,0,0,0,0,0,0,0,0,2,144,0,3,70,0
9.340000,0.00,0.000,0.000,0,0,0.000,0,0,18.000,39.000,55.000,0,0,0,0,0,0,0,0,0,0,2,144,0,3,70,0
9.345000,0.00,0.000,0.000,0,0,0.000,0,0,18.000,39.000,55.000,0,0,0,0,0,0,0,0,0,0,2,144,0,3,70,0
9.350000,0.00,0.000,0.000,0,0,0.000,0,0,18.000,39.000,55.000,0,0,0,0,0,0,0,0,0,0,2,144,0,3,70,0
9.355000,0.00,0.000,0.000,0,0,0.000,0,0,18.000,39.000,55.000,0,0,0,0,0,0,0,0,0,0,2,144,0,3,70,0
9.360000,0.00,0.000,0.000,0,0,0.000,0,0,18.000,39.000,55.000,0,0,0,0,0,0,0,0,0,0,2,144,0,3,70,0
9.365000,0.00,0.000,0.000,0,0,0.000,0,0,18.000,39.000,55.000,0,0,0,0,0,0,0,0,0,0,2,144,0,3,70,0
9.370000,0.00,0.000,0.000,0,0,0.000,0,0,18.000,39.000,55.000,0,0,0,0,0,0,0,0,0,0,2,144,0,3,70,0
9.375000,0.00,0.000,0.000,0,0,0.000,0,0,18.000,39.000,55.000,0,0,0,0,0,0,0,0,0,0,2,144,0,3,70,0
9.380000,0.00,0.000,0.000,0,0,0.000,0,0,18.000,39.000,55.000,0,0,0,0,0,0,0,0,0,0,2,144,0,3,70,0
9.385000,0.00,0.000,0.000,0,0,0.000,0,0,18.000,39.000,55.000,0,0,0,0,0,0,0,0,0,0,2,144,0,3,70,0
9.390000,0.00,0.000,0.000,0,0,0.000,0,0,18.000,39.000,55.000,0,0,0,0,0,0,0,0,0,0,2,144,0,3,70,0
9.395000,0.00,0.000,0.000,0,0,0.000,0,0,18.000,39.000,55.000,0,0,0,0,0,0,0,0,0,0,2,144,0,3,70,0
9.400000,0.00,0.000,0.000,0,0,0.000,0,0,18.000,39.000,55.000,0,0,0,0,0,0,0,0,0,0,2,144,0,3,70,0
9.405000,0.00,0.000,0.000,0,0,0.000,0,0,18.000,39.000,55.000,0,0,0,0,0,0,0,0,0,0,2,144,0,3,70,0
9.410000,0.00,0.000,0.000,0,0,0.000,0,0,18.000,39.000,55.000,0,0,0,0,0,0,0,0,0,0,2,144,0,3,70,0
9.415000,0.00,0.000,0.000,0,0,0.000,0,0,18.000,39.000,55.000,0,0,0,0,0,0,0,0,0,0,2,144,0,3,70,0
9.420000,0.00,0.000,0.000,0,0,0.000,0,0,18.000,39.000,55.000,0,0,0,0,0,0,0,0,0,0,2,144,0,3,70,0
9.425000,0.00,0.000,0.000,0,0,0.000,0,0,18.000,39.000,55.000,0,0,0,0,0,0,0,0,0,0,2,144,0,3,70,0
9.430000,0.00,0.000,0.000,0,0,0.000,0,0,18.000,39.000,55.000,0,0,0,0,0,0,0,0,0,0,2,144,0,3,70,0
9.435000,0.00,0.000,0.000,0,0,0.000,0,0,18.000,39.000,55.000,0,0,0,0,0,0,0,0,0,0,2,144,0,3,70,0
9.440000,0.00,0.000,0.000,0,0,0.000,0,0,18.000,39.000,55.000,0,0,0,0,0,0,0,0,0,0,2,144,0,3,70,0
9.445000,0.00,0.000,0.000,0,0,0.000,0,0,18.000,39.000,55.000,0,0,0,0,0,0,0,0,0,0,2,144,0,3,70,0
9.450000,0.00,0.000,0.000,0,0,0.000,0,0,18.000,39.000,55.000,0,0,0,0,0,0,0,0,0,0,2,144,0,3,70,0
9.455000,0.00,0.000,0.000,0,0,0.000,0,0,18.000,39.000,55.000,0,0,0,0,0,0,0,0,0,0,2,144,0,3,70,0
9.460000,0.00,0.000,0.000,0,0,0.000,0,0,18.000,39.000,55.000,0,0,0,0,0,0,0,0,0,0,2,144,0,3,70,0
9.465000,0.00,0.000,0.000,0,0,0.000,0,0,18.000,39.000,55.000,0,0,0,0,0,0,0,0,0,0,2,144,0,3,70,0
9.470000,0.00,0.000,0.000,0,0,0.000,0,0,18.000,39.000,55.000,0,0,0,0,0,0,0,0,0,0,2,144,0,3,70,0
9.475000,0.00,0.000,0.000,0,0,0.000,0,0,18.000,39.000,55.000,0,0,0,0,0,0,0,0,0,0,2,144,0,3,70,0
9.480000,0.00,0.000,0.000,0,0,0.000,0,0,18.000,39.000,55.000,0,0,0,0,0,0,0,0,0,0,2,144,0,3,70,0
9.485000,0.00,0.000,0.000,0,0,0.000,0,0,18.000,39.000,55.000,0,0,0,0,0,0,0,0,0,0,2,144,0,3,70,0
9.490000,0.00,0.000,0.000,0,0,0.000,0,0,18.000,39.000,55.000,0,0,0,0,0,0,0,0,0,0,2,144,0,3,70,0
9.495000,0.00,0.000,0.000,0,0,0.000,0,0,18.000,39.000,55.000,0,0,0,0,0,0,0,0,0,0,2,144,0,3,70,0
9.500000,0.00,0.000,0.000,0,0,0.000,0,0,18.000,39.000,55.000,0,0,0,0,0,0,0,0,0,0,2,144,0,3,70,0
9.505000,0.00,0.000,0.000,0,0,0.000,0,0,18.000,39.000,55.000,0,0,0,0,0,0,0,0,0,0,2,144,0,3,70,0
9.510000,0.00,0.000,0.000,0,0,0.000,0,0,18.000,39.000,55.000,0,0,0,0,0,0,0,0,0,0,2,144,0,3,70,0
9.515000,0.00,0.000,0.000,0,0,0.000,0,0,18.000,39.000,55.000,0,0,0,0,0,0,0,0,0,0,2,144,0,3,70,0
9.520000,0.00,0.000,0.000,0,0,0.000,0,0,18.000,39.000,55.000,0,0,0,0,0,0,0,0,0,0,2,144,0,3,70,0
9.525000,0.00,0.000,0.000,0,0,0.000,0,0,18.000,39.000,55.000,0,0,0,0,0,0,0,0,0,0,2,144,0,3,70,0
9.530000,0.00,0.000,0.000,0,0,0.000,0,0,18.000,39.000,55.000,0,0,0,0,0,0,0,0,0,0,2,144,0,3,70,0
9.535000,0.00,0.000,0.000,0,0,0.000,0,0,18.000,39.000,55.000,0,0,0,0,0,0,0,0,0,0,2,144,0,3,70,0
9.540000,0.00,0.000,0.000,0,0,0.000,0,0,18.000,39.000,55.000,0,0,0,0,0,0,0,0,0,0,2,144,0,3,70,0
9.545000,0.00,0.000,0.000,0,0,0.000,0,0,18.000,39.000,55.000,0,0,0,0,0,0,0,0,0,0,2,144,0,3,70,0
9.550000,0.00,0.000,0.000,0,0,0.000,0,0,18.000,39.000,55.000,0,0,0,0,0,0,0,0,0,0,2,144,0,3,70,0
9.555000,0.00,0.000,0.000,0,0,0.000,0,0,18.000,39.000,55.000,0,0,0,0,0,0,0,0,0,0,2,144,0,3,70,0
9.560000,0.00,0.000,0.000,0,0,0.000,0,0,18.000,39.000,55.000,0,0,0,0,0,0,0,0,0,0,2,144,0,3,70,0
9.565000,0.00,0.000,0.000,0,0,0.000,0,0,18.000,39.000,55.000,0,0,0,0,0,0,0,0,0,0,2,144,0,3,70,0
9.570000,0.00,0.000,0.000,0,0,0.000,0,0,18.000,39.000,55.000,0,0,0,0,0,0,0,0,0,0,2,144,0,3,70,0
9.575000,0.00,0.000,0.000,0,0,0.000,0,0,18.000,39.000,55.000,0,0,0,0,0,0,0,0,0,0,2,144,0,3,70,0
9.580000,0.00,0.000,0.000,0,0,0.000,0,0,18.000,39.000,55.000,0,0,0,0,0,0,0,0,0,0,2,144,0,3,70,0
9.585000,0.00,0.000,0.000,0,0,0.000,0,0,18.000,39.000,55.000,0,0,0,0,0,0,0,0,0,0,2,144,0,3,70,0
9.590000,0.00,0.000,0.000,0,0,0.000,0,0,18.000,39.000,55.000,0,0,0,0,0,0,0,0,0,0,2,144,0,3,70,0
9.595000,0.00,0.000,0.000,0,0,0.000,0,0,18.000,39.000,55.000,0,0,0,0,0,0,0,0,0,0,2,144,0,3,70,0
9.600000,0.00,0.000,0.000,0,0,0.000,0,0,18.000,39.000,55.000,0,0,0,0,0,0,0,0,0,0,2,144,0,3,70,0
9.605000,0.00,0.000,0.000,0,0,0.000,0,0,18.000,39.000,55.000,0,0,0,0,0,0,0,0,0,0,2,144,0,3,70,0
9.610000,0.00,0.000,0.000,0,0,0.000,0,0,18.000,39.000,55.000,0,0,0,0,0,0,0,0,0,0,2,144,0,3,70,0
9.615000,0.00,0.000,0.000,0,0,0.000,0,0,18.000,39.000,55.000,0,0,0,0,0,0,0,0,0,0,2,144,0,3,70,0
9.620000,0.00,0.000,0.000,0,0,0.000,0,0,18.000,39.000,55.000,0,0,0,0,0,0,0,0,0,0,2,144,0,3,70,0
9.625000,0.00,0.000,0.000,0,0,0.000,0,0,18.000,39.000,55.000,0,0,0,0,0,0,0,0,0,0,2,144,0,3,70,0
9.630000,0.00,0.000,0.000,0,0,0.000,0,0,18.000,39.000,55.000,0,0,0,0,0,0,0,0,0,0,2,144,0,3,70,0
9.635000,0.00,0.000,0.000,0,0,0.000,0,0,18.000,39.000,55.000,0,0,0,0,0,0,0,0,0,0,2,144,0,3,70,0
9.640000,0.00,0.000,0.000,0,0,0.000,0,0,18.000,39.000,55.000,0,0,0,0,0,0,0,0,0,0,2,144,0,3,70,0
9.645000,0.00,0.000,0.000,0,0,0.000,0,0,18.000,39.000,55.000,0,0,0,0,0,0,0,0,0,0,2,144,0,3,70,0
9.650000,0.00,0.000,0.000,0,0,0.000,0,0,18.000,39.000,55.000,0,0,0,0,0,0,0,0,0,0,2,144,0,3,70,0
9.655000,0.00,0.000,0.000,0,0,0.000,0,0,18.000,39.000,55.000,0,0,0,0,0,0,0,0,0,0,2,144,0,3,70,0
9.660000,0.00,0.000,0.000,0,0,0.000,0,0,18.000,39.000,55.000,0,0,0,0,0,0,0,0,0,0,2,144,0,3,70,0
9.665000,0.00,0.000,0.000,0,0,0.000,0,0,18.000,39.000,55.000,0,0,0,0,0,0,0,0,0,0,2,144,0,3,70,0
9.670000,0.00,0.000,0.000,0,0,0.000,0,0,18.000,39.000,55.000,0,0,0,0,0,0,0,0,0,0,2,144,0,3,70,0
9.675000,0.00,0.000,0.000,0,0,0.000,0,0,18.000,39.000,55.000,0,0,0,0,0,0,0,0,0,0,2,144,0,3,70,0
9.680000,0.00,0.000,0.000,0,0,0.000,0,0,18.000,39.000,55.000,0,0,0,0,0,0,0,0,0,0,2,144,0,3,70,0
9.685000,0.00,0.000,0.000,0,0,0.000,0,0,18.000,39.000,55.000,0,0,0,0,0,0,0,0,0,0,2,144,0,3,70,0
9.690000,0.00,0.000,0.000,0,0,0.000,0,0,18.000,39.000,55.000,0,0,0,0,0,0,0,0,0,0,2,144,0,3,70,0
9.695000,0.00,0.000,0.000,0,0,0.000,0,0,18.000,39.000,55.000,0,0,0,0,0,0,0,0,0,0,2,144,0,3,70,0
9.700000,0.00,0.000,0.000,0,0,0.000,0,0,18.000,39.000,55.000,0,0,0,0,0,0,0,0,0,0,2,144,0,3,70,0
9.705000,0.00,0.000,0.000,0,0,0.000,0,0,18.000,39.000,55.000,0,0,0,0,0,0,0,0,0,0,2,144,0,3,70,0
9.710000,0.00,0.000,0.000,0,0,0.000,0,0,18.000,39.000,55.000,0,0,0,0,0,0,0,0,0,0,2,144,0,3,70,0
9.715000,0.00,0.000,0.000,0,0,0.000,0,0,18.000,39.000,55.000,0,0,0,0,0,0,0,0,0,0,2,144,0,3,70,0
9.720000,0.00,0.000,0.000,0,0,0.000,0,0,18.000,39.000,55.000,0,0,0,0,0,0,0,0,0,0,2,144,0,3,70,0
9.725000,0.00,0.000,0.000,0,0,0.000,0,0,18.000,39.000,55.000,0,0,0,0,0,0,0,0,0,0,2,144,0,3,70,0
9.730000,0.00,0.000,0.000,0,0,0.000,0,0,18.000,39.000,55.000,0,0,0,0,0,0,0,0,0,0,2,144,0,3,70,0
9.735000,0.00,0.000,0.000,0,0,0.000,0,0,18.000,39.000,55.000,0,0,0,0,0,0,0,0,0,0,2,144,0,3,70,0
9.740000,0.00,0.000,0.000,0,0,0.000,0,0,18.000,39.000,55.000,0,0,0,0,0,0,0,0,0,0,2,144,0,3,70,0
9.745000,0.00,0.000,0.000,0,0,0.000,0,0,18.000,39.000,55.000,0,0,0,0,0,0,0,0,0,0,2,144,0,3,70,0
9.750000,0.00,0.000,0.000,0,0,0.000,0,0,18.000,39.000,55.000,0,0,0,0,0,0,0,0,0,0,2,144,0,3,70,0
9.755000,0.00,0.000,0.000,0,0,0.000,0,0,18.000,39.000,55.000,0,0,0,0,0,0,0,0,0,0,2,144,0,3,70,0
9.760000,0.00,0.000,0.000,0,0,0.000,0,0,18.000,39.000,55.000,0,0,0,0,0,0,0,0,0,0,2,144,0,3,70,0
9.765000,0.00,0.000,0.000,0,0,0.000,0,0,18.000,39.000,55.000,0,0,0,0,0,0,0,0,0,0,2,144,0,3,70,0
9.770000,0.00,0.000,0.000,0,0,0.000,0,0,18.000,39.000,55.000,0,0,0,0,0,0,0,0,0,0,2,144,0,3,70,0
9.775000,0.00,0.000,0.000,0,0,0.000,0,0,18.000,39.000,55.000,0,0,0,0,0,0,0,0,0,0,2,144,0,3,70,0
9.780000,0.00,0.000,0.000,0,0,0.000,0,0,18.000,39.000,55.000,0,0,0,0,0,0,0,0,0,0,2,144,0,3,70,0
9.785000,0.00,0.000,0.000,0,0,0.000,0,0,18.000,39.000,55.000,0,0,0,0,0,0,0,0,0,0,2,144,0,3,70,0
9.790000,0.00,0.000,0.000,0,0,0.000,0,0,18.000,39.000,55.000,0,0,0,0,0,0,0,0,0,0,2,144,0,3,70,0
9.795000,0.00,0.000,0.000,0,0,0.000,0,0,18.000,39.000,55.000,0,0,0,0,0,0,0,0,0,0,2,144,0,3,70,0
9.800000,0.00,0.000,0.000,0,0,0.000,0,0,18.000,39.000,55.000,0,0,0,0,0,0,0,0,0,0,2,144,0,3,70,0
9.805000,0.00,0.000,0.000,0,0,0.000,0,0,18.000,39.000,55.000,0,0,0,0,0,0,0,0,0,0,2,144,0,3,70,0
9.810000,0.00,0.000,0.000,0,0,0.000,0,0,18.000,39.000,55.000,0,0,0,0,0,0,0,0,0,0,2,144,0,3,70,0
9.815000,0.00,0.000,0.000,0,0,0.000,0,0,18.000,39.000,55.000,0,0,0,0,0,0,0,0,0,0,2,144,0,3,70,0
9.820000,0.00,0.000,0.000,0,0,0.000,0,0,18.000,39.000,55.000,0,0,0,0,0,0,0,0,0,0,2,144,0,3,70,0
9.825000,0.00,0.000,0.000,0,0,0.000,0,0,18.000,39.000,55.000,0,0,0,0,0,0,0,0,0,0,2,144,0,3,70,0
9.830000,0.00,0.000,0.000,0,0,0.000,0,0,18.000,39.000,55.000,0,0,0,0,0,0,0,0,0,0,2,144,0,3,70,0
9.835000,0.00,0.000,0.000,0,0,0.000,0,0,18.000,39.000,55.000,0,0,0,0,0,0,0,0,0,0,2,144,0,3,70,0
9.840000,0.00,0.000,0.000,0,0,0.000,0,0,18.000,39.000,55.000,0,0,0,0,0,0,0,0,0,0,2,144,0,3,70,0
9.845000,0.00,0.000,0.000,0,0,0.000,0,0,18.000,39.000,55.000,0,0,0,0,0,0,0,0,0,0,2,144,0,3,70,0
9.850000,0.00,0.000,0.000,0,0,0.000,0,0,18.000,39.000,55.000,0,0,0,0,0,0,0,0,0,0,2,144,0,3,70,0
9.855000,0.00,0.000,0.000,0,0,0.000,0,0,18.000,39.000,55.000,0,0,0,0,0,0,0,0,0,0,2,144,0,3,70,0
9.860000,0.00,0.000,0.000,0,0,0.000,0,0,18.000,39.000,55.000,0,0,0,0,0,0,0,0,0,0,2,144,0,3,70,0
9.865000,0.00,0.000,0.000,0,0,0.000,0,0,18.000,39.000,55.000,0,0,0,0,0,0,0,0,0,0,2,144,0,3,70,0
9.870000,0.00,0.000,0.000,0,0,0.000,0,0,18.000,39.000,55.000,0,0,0,0,0,0,0,0,0,0,2,144,0,3,70,0
9.875000,0.00,0.000,0.000,0,0,0.000,0,0,18.000,39.000,55.000,0,0,0,0,0,0,0,0,0,0,2,144,0,3,70,0
9.880000,0.00,0.000,0.000,0,0,0.000,0,0,18.000,39.000,55.000,0,0,0,0,0,0,0,0,0,0,2,144,0,3,70,0
9.885000,0.00,0.000,0.000,0,0,0.000,0,0,18.000,39.000,55.000,0,0,0,0,0,0,0,0,0,0,2,144,0,3,70,0
9.890000,0.00,0.000,0.000,0,0,0.000,0,0,18.000,39.000,55.000,0,0,0,0,0,0,0,0,0,0,2,144,0,3,70,0
9.895000,0.00,0.000,0.000,0,0,0.000,0,0,18.000,39.000,55.000,0,0,0,0,0,0,0,0,0,0,2,144,0,3,70,0
9.900000,0.00,0.000,0.000,0,0,0.000,0,0,18.000,39.000,55.000,0,0,0,0,0,0,0,0,0,0,2,144,0,3,70,0
9.905000,0.00,0.000,0.000,0,0,0.000,0,0,18.000,39.000,55.000,0,0,0,0,0,0,0,0,0,0,2,144,0,3,70,0
9.910000,0.00,0.000,0.000,0,0,0.000,0,0,18.000,39.000,55.000,0,0,0,0,0,0,0,0,0,0,2,144,0,3,70,0
9.915000,0.00,0.000,0.000,0,0,0.000,0,0,18.000,39.000,55.000,0,0,0,0,0,0,0,0,0,0,2,144,0,3,70,0
9.920000,0.00,0.000,0.000,0,0,0.000,0,0,18.000,39.000,55.000,0,0,0,0,0,0,0,0,0,0,2,144,0,3,70,0
9.925000,0.00,0.000,0.000,0,0,0.000,0,0,18.000,39.000,55.000,0,0,0,0,0,0,0,0,0,0,2,144,0,3,70,0
9.930000,0.00,0.000,0.000,0,0,0.000,0,0,18.000,39.000,55.000,0,0,0,0,0,0,0,0,0,0,2,144,0,3,70,0
9.935000,0.00,0.000,0.000,0,0,0.000,0,0,18.000,39.000,55.000,0,0,0,0,0,0,0,0,0,0,2,144,0,3,70,0
9.940000,0.00,0.000,0.000,0,0,0.000,0,0,18.000,39.000,55.000,0,0,0,0,0,0,0,0,0,0,2,144,0,3,70,0
9.945000,0.00,0.000,0.000,0,0,0.000,0,0,18.000,39.000,55.000,0,0,0,0,0,0,0,0,0,0,2,144,0,3,70,0
9.950000,0.00,0.000,0.000,0,0,0.000,0,0,18.000,39.000,55.000,0,0,0,0,0,0,0,0,0,0,2,144,0,3,70,0
9.955000,0.00,0.000,0.000,0,0,0.000,0,0,18.000,39.000,55.000,0,0,0,0,0,0,0,0,0,0,2,144,0,3,70,0
9.960000,0.00,0.000,0.000,0,0,0.000,0,0,18.000,39.000,55.000,0,0,0,0,0,0,0,0,0,0,2,144,0,3,70,0
9.965000,0.00,0.000,0.000,0,0,0.000,0,0,18.000,39.000,55.000,0,0,0,0,0,0,0,0,0,0,2,144,0,3,70,0
9.970000,0.00,0.000,0.000,0,0,0.000,0,0,18.000,39.000,55.000,0,0,0,0,0,0,0,0,0,0,2,144,0,3,70,0
9.975000,0.00,0.000,0.000,0,0,0.000,0,0,18.000,39.000,55.000,0,0,0,0,0,0,0,0,0,0,2,144,0,3,70,0
9.980000,0.00,0.000,0.000,0,0,0.000,0,0,18.000,39.000,55.000,0,0,0,0,0,0,0,0,0,0,2,144,0,3,70,0
9.985000,0.00,0.000,0.000,0,0,0.000,0,0,18.000,39.000,55.000,0,0,0,0,0,0,0,0,0,0,2,144,0,3,70,0
9.990000,0.00,0.000,0.000,0,0,0.000,0,0,18.000,39.000,55.000,0,0,0,0,0,0,0,0,0,0,2,144,0,3,70,0
9.995000,0.00,0.000,0.000,0,0,0.000,0,0,18.000,39.000,55.000,0,0,0,0,0,0,0,0,0,0,2,144,0,3,70,0
10.000000,0.00,0.000,0.000,0,0,0.000,0,0,18.000,39.000,55.000,0,0,0,0,0,0,0,0,0,0,2,144,0,3,70,0
