time_s,crank_angle_deg,torque_gen_nm,torque_load_kg,torque_fast_native,torque_run_native,cadence_gen_rpm,cadence_raw_rpm,cadence_control_rpm,speed_kph,battery_v,soc_pct,human_power_w,assist_basis_power_w,motor_power_w,support_pct,iq_mode_request,iq_before_profile_limit,iq_requested,iq_allowed,iq_pre_ramp,iq_ref,session,debug_flags,battery_limit,gate_steps,gate_load_ckg,pedalling,torque_cmd_mean_nm,ride_interval
0.005000,0.00,0.000,0.000,0,0,0.000,0,0,18.000,39.000,55.000,0,0,0,0,0,0,0,0,0,0,0,144,0,3,70,0,28.000,0
0.010000,0.00,0.000,0.000,0,0,0.000,0,0,18.000,39.000,55.000,0,0,0,0,0,0,0,0,0,0,0,144,0,3,70,0,28.000,0
0.015000,0.00,0.000,0.000,0,0,0.000,0,0,18.000,39.000,55.000,0,0,0,0,0,0,0,0,0,0,0,144,0,3,70,0,28.000,0
0.020000,0.00,0.000,0.000,0,0,0.000,0,0,18.000,39.000,55.000,0,0,0,0,0,0,0,0,0,0,0,144,0,3,70,0,28.000,0
0.025000,0.00,0.000,0.000,0,0,0.000,0,0,18.000,39.000,55.000,0,0,0,0,0,0,0,0,0,0,0,144,0,3,70,0,28.000,0
0.030000,0.00,0.000,0.000,0,0,0.000,0,0,18.000,39.000,55.000,0,0,0,0,0,0,0,0,0,0,0,144,0,3,70,0,28.000,0
0.035000,0.00,0.000,0.000,0,0,0.000,0,0,18.000,39.000,55.000,0,0,0,0,0,0,0,0,0,0,0,144,0,3,70,0,28.000,0
0.040000,0.00,0.000,0.000,0,0,0.000,0,0,18.000,39.000,55.000,0,0,0,0,0,0,0,0,0,0,0,144,0,3,70,0,28.000,0
0.045000,0.00,0.000,0.000,0,0,0.000,0,0,18.000,39.000,55.000,0,0,0,0,0,0,0,0,0,0,0,144,0,3,70,0,28.000,0
0.050000,0.00,0.000,0.000,0,0,0.000,0,0,18.000,39.000,55.000,0,0,0,0,0,0,0,0,0,0,0,144,0,3,70,0,28.000,0
0.055000,0.00,0.000,0.000,0,0,0.000,0,0,18.000,39.000,55.000,0,0,0,0,0,0,0,0,0,0,0,144,0,3,70,0,28.000,0
0.060000,0.00,0.000,0.000,0,0,0.000,0,0,18.000,39.000,55.000,0,0,0,0,0,0,0,0,0,0,0,144,0,3,70,0,28.000,0
0.065000,0.00,0.000,0.000,0,0,0.000,0,0,18.000,39.000,55.000,0,0,0,0,0,0,0,0,0,0,0,144,0,3,70,0,28.000,0
0.070000,0.00,0.000,0.000,0,0,0.000,0,0,18.000,39.000,55.000,0,0,0,0,0,0,0,0,0,0,0,144,0,3,70,0,28.000,0
0.075000,0.00,0.000,0.000,0,0,0.000,0,0,18.000,39.000,55.000,0,0,0,0,0,0,0,0,0,0,0,144,0,3,70,0,28.000,0
0.080000,0.00,0.000,0.000,0,0,0.000,0,0,18.000,39.000,55.000,0,0,0,0,0,0,0,0,0,0,0,144,0,3,70,0,28.000,0
0.085000,0.00,0.000,0.000,0,0,0.000,0,0,18.000,39.000,55.000,0,0,0,0,0,0,0,0,0,0,0,144,0,3,70,0,28.000,0
0.090000,0.00,0.000,0.000,0,0,0.000,0,0,18.000,39.000,55.000,0,0,0,0,0,0,0,0,0,0,0,144,0,3,70,0,28.000,0
0.095000,0.00,0.000,0.000,0,0,0.000,0,0,18.000,39.000,55.000,0,0,0,0,0,0,0,0,0,0,0,144,0,3,70,0,28.000,0
0.100000,0.00,0.000,0.000,0,0,0.000,0,0,18.000,39.000,55.000,0,0,0,0,0,0,0,0,0,0,0,144,0,3,70,0,28.000,0
0.105000,0.00,0.000,0.000,0,0,0.000,0,0,18.000,39.000,55.000,0,0,0,0,0,0,0,0,0,0,0,144,0,3,70,0,28.000,0
0.110000,0.00,0.000,0.000,0,0,0.000,0,0,18.000,39.000,55.000,0,0,0,0,0,0,0,0,0,0,0,144,0,3,70,0,28.000,0
0.115000,0.00,0.000,0.000,0,0,0.000,0,0,18.000,39.000,55.000,0,0,0,0,0,0,0,0,0,0,0,144,0,3,70,0,28.000,0
0.120000,0.00,0.000,0.000,0,0,0.000,0,0,18.000,39.000,55.000,0,0,0,0,0,0,0,0,0,0,0,144,0,3,70,0,28.000,0
0.125000,0.00,0.000,0.000,0,0,0.000,0,0,18.000,39.000,55.000,0,0,0,0,0,0,0,0,0,0,0,144,0,3,70,0,28.000,0
0.130000,0.00,0.000,0.000,0,0,0.000,0,0,18.000,39.000,55.000,0,0,0,0,0,0,0,0,0,0,0,144,0,3,70,0,28.000,0
0.135000,0.00,0.000,0.000,0,0,0.000,0,0,18.000,39.000,55.000,0,0,0,0,0,0,0,0,0,0,0,144,0,3,70,0,28.000,0
0.140000,0.00,0.000,0.000,0,0,0.000,0,0,18.000,39.000,55.000,0,0,0,0,0,0,0,0,0,0,0,144,0,3,70,0,28.000,0
0.145000,0.00,0.000,0.000,0,0,0.000,0,0,18.000,39.000,55.000,0,0,0,0,0,0,0,0,0,0,0,144,0,3,70,0,28.000,0
0.150000,0.00,0.000,0.000,0,0,0.000,0,0,18.000,39.000,55.000,0,0,0,0,0,0,0,0,0,0,0,144,0,3,70,0,28.000,0
0.155000,0.00,0.000,0.000,0,0,0.000,0,0,18.000,39.000,55.000,0,0,0,0,0,0,0,0,0,0,0,144,0,3,70,0,28.000,0
0.160000,0.00,0.000,0.000,0,0,0.000,0,0,18.000,39.000,55.000,0,0,0,0,0,0,0,0,0,0,0,144,0,3,70,0,28.000,0
0.165000,0.00,0.000,0.000,0,0,0.000,0,0,18.000,39.000,55.000,0,0,0,0,0,0,0,0,0,0,0,144,0,3,70,0,28.000,0
0.170000,0.00,0.000,0.000,0,0,0.000,0,0,18.000,39.000,55.000,0,0,0,0,0,0,0,0,0,0,0,144,0,3,70,0,28.000,0
0.175000,0.00,0.000,0.000,0,0,0.000,0,0,18.000,39.000,55.000,0,0,0,0,0,0,0,0,0,0,0,144,0,3,70,0,28.000,0
0.180000,0.00,0.000,0.000,0,0,0.000,0,0,18.000,39.000,55.000,0,0,0,0,0,0,0,0,0,0,0,144,0,3,70,0,28.000,0
0.185000,0.00,0.000,0.000,0,0,0.000,0,0,18.000,39.000,55.000,0,0,0,0,0,0,0,0,0,0,0,144,0,3,70,0,28.000,0
0.190000,0.00,0.000,0.000,0,0,0.000,0,0,18.000,39.000,55.000,0,0,0,0,0,0,0,0,0,0,0,144,0,3,70,0,28.000,0
0.195000,0.00,0.000,0.000,0,0,0.000,0,0,18.000,39.000,55.000,0,0,0,0,0,0,0,0,0,0,0,144,0,3,70,0,28.000,0
0.200000,0.00,0.000,0.000,0,0,0.000,0,0,18.000,39.000,55.000,0,0,0,0,0,0,0,0,0,0,0,144,0,3,70,0,28.000,0
0.205000,0.00,0.000,0.000,0,0,0.000,0,0,18.000,39.000,55.000,0,0,0,0,0,0,0,0,0,0,0,144,0,3,70,0,28.000,0
0.210000,0.00,0.000,0.000,0,0,0.000,0,0,18.000,39.000,55.000,0,0,0,0,0,0,0,0,0,0,0,144,0,3,70,0,28.000,0
0.215000,0.00,0.000,0.000,0,0,0.000,0,0,18.000,39.000,55.000,0,0,0,0,0,0,0,0,0,0,0,144,0,3,70,0,28.000,0
0.220000,0.00,0.000,0.000,0,0,0.000,0,0,18.000,39.000,55.000,0,0,0,0,0,0,0,0,0,0,0,144,0,3,70,0,28.000,0
0.225000,0.00,0.000,0.000,0,0,0.000,0,0,18.000,39.000,55.000,0,0,0,0,0,0,0,0,0,0,0,144,0,3,70,0,28.000,0
0.230000,0.00,0.000,0.000,0,0,0.000,0,0,18.000,39.000,55.000,0,0,0,0,0,0,0,0,0,0,0,144,0,3,70,0,28.000,0
0.235000,0.00,0.000,0.000,0,0,0.000,0,0,18.000,39.000,55.000,0,0,0,0,0,0,0,0,0,0,0,144,0,3,70,0,28.000,0
0.240000,0.00,0.000,0.000,0,0,0.000,0,0,18.000,39.000,55.000,0,0,0,0,0,0,0,0,0,0,0,144,0,3,70,0,28.000,0
0.245000,0.00,0.000,0.000,0,0,0.000,0,0,18.000,39.000,55.000,0,0,0,0,0,0,0,0,0,0,0,144,0,3,70,0,28.000,0
0.250000,0.00,0.000,0.000,0,0,0.000,0,0,18.000,39.000,55.000,0,0,0,0,0,0,0,0,0,0,0,144,0,3,70,0,28.000,0
0.255000,0.00,0.000,0.000,0,0,0.000,0,0,18.000,39.000,55.000,0,0,0,0,0,0,0,0,0,0,0,144,0,3,70,0,28.000,0
0.260000,0.00,0.000,0.000,0,0,0.000,0,0,18.000,39.000,55.000,0,0,0,0,0,0,0,0,0,0,0,144,0,3,70,0,28.000,0
0.265000,0.00,0.000,0.000,0,0,0.000,0,0,18.000,39.000,55.000,0,0,0,0,0,0,0,0,0,0,0,144,0,3,70,0,28.000,0
0.270000,0.00,0.000,0.000,0,0,0.000,0,0,18.000,39.000,55.000,0,0,0,0,0,0,0,0,0,0,0,144,0,3,70,0,28.000,0
0.275000,0.00,0.000,0.000,0,0,0.000,0,0,18.000,39.000,55.000,0,0,0,0,0,0,0,0,0,0,0,144,0,3,70,0,28.000,0
0.280000,0.00,0.000,0.000,0,0,0.000,0,0,18.000,39.000,55.000,0,0,0,0,0,0,0,0,0,0,0,144,0,3,70,0,28.000,0
0.285000,0.00,0.000,0.000,0,0,0.000,0,0,18.000,39.000,55.000,0,0,0,0,0,0,0,0,0,0,0,144,0,3,70,0,28.000,0
0.290000,0.00,0.000,0.000,0,0,0.000,0,0,18.000,39.000,55.000,0,0,0,0,0,0,0,0,0,0,0,144,0,3,70,0,28.000,0
0.295000,0.00,0.000,0.000,0,0,0.000,0,0,18.000,39.000,55.000,0,0,0,0,0,0,0,0,0,0,0,144,0,3,70,0,28.000,0
0.300000,0.00,0.000,0.000,0,0,0.000,0,0,18.000,39.000,55.000,0,0,0,0,0,0,0,0,0,0,0,144,0,3,70,0,28.000,0
0.305000,0.00,0.000,0.000,0,0,0.000,0,0,18.000,39.000,55.000,0,0,0,0,0,0,0,0,0,0,0,144,0,3,70,0,28.000,0
0.310000,0.00,0.000,0.000,0,0,0.000,0,0,18.000,39.000,55.000,0,0,0,0,0,0,0,0,0,0,0,144,0,3,70,0,28.000,0
0.315000,0.00,0.000,0.000,0,0,0.000,0,0,18.000,39.000,55.000,0,0,0,0,0,0,0,0,0,0,0,144,0,3,70,0,28.000,0
0.320000,0.00,0.000,0.000,0,0,0.000,0,0,18.000,39.000,55.000,0,0,0,0,0,0,0,0,0,0,0,144,0,3,70,0,28.000,0
0.325000,0.00,0.000,0.000,0,0,0.000,0,0,18.000,39.000,55.000,0,0,0,0,0,0,0,0,0,0,0,144,0,3,70,0,28.000,0
0.330000,0.00,0.000,0.000,0,0,0.000,0,0,18.000,39.000,55.000,0,0,0,0,0,0,0,0,0,0,0,144,0,3,70,0,28.000,0
0.335000,0.00,0.000,0.000,0,0,0.000,0,0,18.000,39.000,55.000,0,0,0,0,0,0,0,0,0,0,0,144,0,3,70,0,28.000,0
0.340000,0.00,0.000,0.000,0,0,0.000,0,0,18.000,39.000,55.000,0,0,0,0,0,0,0,0,0,0,0,144,0,3,70,0,28.000,0
0.345000,0.00,0.000,0.000,0,0,0.000,0,0,18.000,39.000,55.000,0,0,0,0,0,0,0,0,0,0,0,144,0,3,70,0,28.000,0
0.350000,0.00,0.000,0.000,0,0,0.000,0,0,18.000,39.000,55.000,0,0,0,0,0,0,0,0,0,0,0,144,0,3,70,0,28.000,0
0.355000,0.00,0.000,0.000,0,0,0.000,0,0,18.000,39.000,55.000,0,0,0,0,0,0,0,0,0,0,0,144,0,3,70,0,28.000,0
0.360000,0.00,0.000,0.000,0,0,0.000,0,0,18.000,39.000,55.000,0,0,0,0,0,0,0,0,0,0,0,144,0,3,70,0,28.000,0
0.365000,0.00,0.000,0.000,0,0,0.000,0,0,18.000,39.000,55.000,0,0,0,0,0,0,0,0,0,0,0,144,0,3,70,0,28.000,0
0.370000,0.00,0.000,0.000,0,0,0.000,0,0,18.000,39.000,55.000,0,0,0,0,0,0,0,0,0,0,0,144,0,3,70,0,28.000,0
0.375000,0.00,0.000,0.000,0,0,0.000,0,0,18.000,39.000,55.000,0,0,0,0,0,0,0,0,0,0,0,144,0,3,70,0,28.000,0
0.380000,0.00,0.000,0.000,0,0,0.000,0,0,18.000,39.000,55.000,0,0,0,0,0,0,0,0,0,0,0,144,0,3,70,0,28.000,0
0.385000,0.00,0.000,0.000,0,0,0.000,0,0,18.000,39.000,55.000,0,0,0,0,0,0,0,0,0,0,0,144,0,3,70,0,28.000,0
0.390000,0.00,0.000,0.000,0,0,0.000,0,0,18.000,39.000,55.000,0,0,0,0,0,0,0,0,0,0,0,144,0,3,70,0,28.000,0
0.395000,0.00,0.000,0.000,0,0,0.000,0,0,18.000,39.000,55.000,0,0,0,0,0,0,0,0,0,0,0,144,0,3,70,0,28.000,0
0.400000,0.00,0.000,0.000,0,0,0.000,0,0,18.000,39.000,55.000,0,0,0,0,0,0,0,0,0,0,0,144,0,3,70,0,28.000,0
0.405000,0.00,0.000,0.000,0,0,0.000,0,0,18.000,39.000,55.000,0,0,0,0,0,0,0,0,0,0,0,144,0,3,70,0,28.000,0
0.410000,0.00,0.000,0.000,0,0,0.000,0,0,18.000,39.000,55.000,0,0,0,0,0,0,0,0,0,0,0,144,0,3,70,0,28.000,0
0.415000,0.00,0.000,0.000,0,0,0.000,0,0,18.000,39.000,55.000,0,0,0,0,0,0,0,0,0,0,0,144,0,3,70,0,28.000,0
0.420000,0.00,0.000,0.000,0,0,0.000,0,0,18.000,39.000,55.000,0,0,0,0,0,0,0,0,0,0,0,144,0,3,70,0,28.000,0
0.425000,0.00,0.000,0.000,0,0,0.000,0,0,18.000,39.000,55.000,0,0,0,0,0,0,0,0,0,0,0,144,0,3,70,0,28.000,0
0.430000,0.00,0.000,0.000,0,0,0.000,0,0,18.000,39.000,55.000,0,0,0,0,0,0,0,0,0,0,0,144,0,3,70,0,28.000,0
0.435000,0.00,0.000,0.000,0,0,0.000,0,0,18.000,39.000,55.000,0,0,0,0,0,0,0,0,0,0,0,144,0,3,70,0,28.000,0
0.440000,0.00,0.000,0.000,0,0,0.000,0,0,18.000,39.000,55.000,0,0,0,0,0,0,0,0,0,0,0,144,0,3,70,0,28.000,0
0.445000,0.00,0.000,0.000,0,0,0.000,0,0,18.000,39.000,55.000,0,0,0,0,0,0,0,0,0,0,0,144,0,3,70,0,28.000,0
0.450000,0.00,0.000,0.000,0,0,0.000,0,0,18.000,39.000,55.000,0,0,0,0,0,0,0,0,0,0,0,144,0,3,70,0,28.000,0
0.455000,0.00,0.000,0.000,0,0,0.000,0,0,18.000,39.000,55.000,0,0,0,0,0,0,0,0,0,0,0,144,0,3,70,0,28.000,0
0.460000,0.00,0.000,0.000,0,0,0.000,0,0,18.000,39.000,55.000,0,0,0,0,0,0,0,0,0,0,0,144,0,3,70,0,28.000,0
0.465000,0.00,0.000,0.000,0,0,0.000,0,0,18.000,39.000,55.000,0,0,0,0,0,0,0,0,0,0,0,144,0,3,70,0,28.000,0
0.470000,0.00,0.000,0.000,0,0,0.000,0,0,18.000,39.000,55.000,0,0,0,0,0,0,0,0,0,0,0,144,0,3,70,0,28.000,0
0.475000,0.00,0.000,0.000,0,0,0.000,0,0,18.000,39.000,55.000,0,0,0,0,0,0,0,0,0,0,0,144,0,3,70,0,28.000,0
0.480000,0.00,0.000,0.000,0,0,0.000,0,0,18.000,39.000,55.000,0,0,0,0,0,0,0,0,0,0,0,144,0,3,70,0,28.000,0
0.485000,0.00,0.000,0.000,0,0,0.000,0,0,18.000,39.000,55.000,0,0,0,0,0,0,0,0,0,0,0,144,0,3,70,0,28.000,0
0.490000,0.00,0.000,0.000,0,0,0.000,0,0,18.000,39.000,55.000,0,0,0,0,0,0,0,0,0,0,0,144,0,3,70,0,28.000,0
0.495000,0.00,0.000,0.000,0,0,0.000,0,0,18.000,39.000,55.000,0,0,0,0,0,0,0,0,0,0,0,144,0,3,70,0,28.000,0
0.500000,0.11,28.052,16.820,2,0,72.000,0,0,18.000,39.000,55.000,0,0,0,0,0,0,0,0,0,0,0,16,0,3,70,1,28.000,1
0.505000,2.27,29.085,17.480,48,1,72.000,0,0,18.000,39.000,55.000,0,0,0,0,0,0,0,0,0,0,0,16,0,3,70,1,28.000,1
0.510000,4.43,30.113,18.080,88,4,72.000,0,0,18.000,39.000,55.000,0,0,0,0,0,0,0,0,0,0,0,16,0,3,70,1,28.000,1
0.515000,6.59,31.129,18.670,125,8,72.000,0,0,18.000,39.000,55.000,0,0,0,0,0,0,0,0,0,0,0,16,0,3,70,1,28.000,1
0.520000,8.75,32.129,19.270,158,14,72.000,0,0,18.000,39.000,55.000,0,0,0,160,10,10,0,0,0,0,0,16,0,3,30,1,28.000,1
0.525000,10.91,33.106,19.870,189,20,72.000,0,0,18.000,39.000,55.000,0,0,0,160,14,14,0,0,0,0,0,16,0,3,30,1,28.000,1
0.530000,13.07,34.057,20.410,216,194,72.000,0,0,18.000,39.000,55.000,0,0,0,160,151,151,151,151,151,14,1,0,0,3,30,1,28.000,1
0.535000,15.23,34.975,20.960,242,196,72.000,0,0,18.000,39.000,55.000,0,0,0,160,153,153,153,153,153,31,1,0,0,3,30,1,28.000,1
0.540000,17.39,35.856,21.500,265,198,72.000,0,0,18.000,39.000,55.000,0,0,0,160,155,155,155,155,155,48,1,0,0,3,30,1,28.000,1
0.545000,19.55,36.695,21.990,287,201,72.000,71,71,18.000,39.000,55.000,264,108,173,160,78,78,78,78,78,65,1,0,0,3,30,1,28.000,1
0.550000,21.71,37.488,22.480,306,205,72.000,71,71,18.000,39.000,55.000,270,110,177,160,80,80,80,80,80,80,1,0,0,3,30,1,28.000,1
0.555000,23.87,38.231,22.920,325,210,72.000,71,71,18.000,39.000,55.000,275,114,182,160,83,83,83,83,83,83,1,0,0,3,30,1,28.000,1
0.560000,26.03,38.919,23.350,342,215,72.000,71,71,18.000,39.000,55.000,280,117,187,160,85,85,85,85,85,85,1,0,0,3,30,1,28.000,1
0.565000,28.19,39.550,23.730,357,220,72.000,71,71,18.000,39.000,55.000,285,120,193,160,88,88,88,88,88,88,1,0,0,3,30,1,28.000,1
0.570000,30.35,40.119,24.060,372,226,72.000,71,71,18.000,39.000,55.000,289,124,199,160,90,90,90,90,90,90,1,0,0,3,30,1,28.000,1
0.575000,32.51,40.625,24.380,385,232,72.000,71,71,18.000,39.000,55.000,293,128,205,160,93,93,93,93,93,93,1,0,0,3,30,1,28.000,1
0.580000,34.67,41.064,24.660,397,239,72.000,71,71,18.000,39.000,55.000,296,133,212,160,97,97,97,97,97,97,1,0,0,3,30,1,28.000,1
0.585000,36.83,41.434,24.870,408,245,72.000,71,71,18.000,39.000,55.000,299,136,218,160,99,99,99,99,99,99,1,0,0,3,30,1,28.000,1
0.590000,38.99,41.733,25.040,418,252,72.000,71,71,18.000,39.000,55.000,301,141,226,160,103,103,103,103,103,103,1,0,0,3,30,1,28.000,1
0.595000,41.15,41.960,25.150,427,259,72.000,71,71,18.000,39.000,55.000,302,146,233,160,106,106,106,106,106,106,1,0,0,3,30,1,28.000,1
0.600000,43.31,42.114,25.260,436,266,72.000,71,71,18.000,39.000,55.000,303,150,241,160,109,109,109,109,109,109,1,0,0,3,30,1,28.000,1
0.605000,45.47,42.195,25.310,443,273,72.000,71,71,18.000,39.000,55.000,304,155,248,160,113,113,113,113,113,113,1,0,0,3,30,1,28.000,1
0.610000,47.63,42.202,25.310,449,280,72.000,71,71,18.000,39.000,55.000,304,159,255,160,116,116,116,116,116,116,1,0,0,3,30,1,28.000,1
0.615000,49.79,42.135,25.260,455,287,72.000,71,71,18.000,39.000,55.000,303,164,263,160,120,120,120,120,120,120,1,0,0,3,30,1,28.000,1
0.620000,51.95,41.995,25.200,459,294,72.000,71,71,18.000,39.000,55.000,303,168,270,160,123,123,123,123,123,123,1,0,0,3,30,1,28.000,1
0.625000,54.11,41.783,25.040,463,301,72.000,71,71,18.000,39.000,55.000,301,173,277,160,126,126,126,126,126,126,1,0,0,3,30,1,28.000,1
0.630000,56.27,41.501,24.870,466,308,72.000,71,71,18.000,39.000,55.000,299,178,285,160,130,130,130,130,130,130,1,0,0,3,30,1,28.000,1
0.635000,58.43,41.149,24.660,468,314,72.000,71,71,18.000,39.000,55.000,296,182,291,160,132,132,132,132,132,132,1,0,0,3,30,1,28.000,1
0.640000,60.59,40.732,24.440,469,320,72.000,71,71,18.000,39.000,55.000,293,185,297,160,135,135,135,135,135,135,1,0,0,3,30,1,28.000,1
0.645000,62.75,40.250,24.110,470,326,72.000,71,71,18.000,39.000,55.000,289,189,303,160,138,138,138,138,138,138,1,0,0,3,30,1,28.000,1
0.650000,64.91,39.707,23.840,469,332,72.000,71,71,18.000,39.000,55.000,286,193,310,160,141,141,141,141,141,141,1,0,0,3,30,1,28.000,1
0.655000,67.07,39.106,23.460,468,338,72.000,71,71,18.000,39.000,55.000,282,197,316,160,144,144,144,144,144,144,1,0,0,3,30,1,28.000,1
0.660000,69.23,38.451,23.080,466,343,72.000,71,71,18.000,39.000,55.000,277,201,321,160,146,146,146,146,146,146,1,0,0,3,30,1,28.000,1
0.665000,71.39,37.745,22.640,463,348,72.000,71,71,18.000,39.000,55.000,272,204,326,160,149,149,149,149,149,149,1,0,0,3,30,1,28.000,1
0.670000,73.55,36.993,22.210,460,353,72.000,71,71,18.000,39.000,55.000,267,207,332,160,151,151,151,151,151,151,1,0,0,3,30,1,28.000,1
0.675000,75.71,36.199,21.720,456,357,72.000,71,71,18.000,39.000,55.000,261,210,336,160,153,153,153,153,153,153,1,0,0,3,30,1,28.000,1
0.680000,77.87,35.368,21.230,451,361,72.000,71,71,18.000,39.000,55.000,255,212,340,160,155,155,155,155,155,155,1,0,0,3,30,1,28.000,1
0.685000,80.03,34.504,20.690,446,364,72.000,71,71,18.000,39.000,55.000,248,214,343,160,156,156,156,156,156,156,1,0,0,3,30,1,28.000,1
0.690000,82.19,33.613,20.140,440,367,72.000,71,71,18.000,39.000,55.000,242,216,346,160,158,158,158,158,158,158,1,0,0,3,30,1,28.000,1
0.695000,84.35,32.699,19.600,433,370,72.000,71,71,18.000,39.000,55.000,235,218,349,160,159,159,159,159,159,159,1,0,0,3,30,1,28.000,1
0.700000,86.51,31.768,19.050,426,373,72.000,71,71,18.000,39.000,55.000,229,220,353,160,161,161,161,161,161,161,1,0,0,3,30,1,28.000,1
0.705000,88.67,30.825,18.510,419,375,72.000,71,71,18.000,39.000,55.000,222,222,355,160,162,162,162,162,162,162,1,0,0,3,30,1,28.000,1
0.710000,90.83,29.876,17.910,411,376,72.000,71,71,18.000,39.000,55.000,215,222,356,160,162,162,162,162,162,162,1,0,0,3,30,1,28.000,1
0.715000,92.99,28.925,17.370,403,377,72.000,71,71,18.000,39.000,55.000,208,223,357,160,162,162,162,162,162,162,1,0,0,3,30,1,28.000,1
0.720000,95.15,27.979,16.770,394,378,72.000,71,71,18.000,39.000,55.000,201,223,358,160,163,163,163,163,163,163,1,0,0,3,30,1,28.000,1
0.725000,97.31,27.042,16.230,386,379,72.000,71,71,18.000,39.000,55.000,195,224,359,160,163,163,163,163,163,163,1,0,0,3,30,1,28.000,1
0.730000,99.47,26.121,15.680,377,379,72.000,71,71,18.000,39.000,55.000,188,224,359,160,163,163,163,163,163,163,1,0,0,3,30,1,28.000,1
0.735000,101.63,25.219,15.140,368,379,72.000,71,71,18.000,39.000,55.000,182,224,359,160,163,163,163,163,163,163,1,0,0,3,30,1,28.000,1
0.740000,103.79,24.343,14.590,358,378,72.000,71,71,18.000,39.000,55.000,175,223,358,160,163,163,163,163,163,163,1,0,0,3,30,1,28.000,1
0.745000,105.95,23.496,14.100,349,378,72.000,71,71,18.000,39.000,55.000,169,223,358,160,163,163,163,163,163,163,1,0,0,3,30,1,28.000,1
0.750000,108.11,22.685,13.620,340,377,72.000,71,71,18.000,39.000,55.000,163,223,357,160,162,162,162,162,162,162,1,0,0,3,30,1,28.000,1
0.755000,110.27,21.912,13.130,331,377,72.000,72,71,18.000,39.000,55.000,157,223,357,160,162,162,162,162,162,162,1,0,0,3,30,1,28.000,1
0.760000,112.43,21.183,12.690,322,376,72.000,72,71,18.000,39.000,55.000,152,222,356,160,162,162,162,162,162,162,1,0,0,3,30,1,28.000,1
0.765000,114.59,20.502,12.310,313,374,72.000,72,71,18.000,39.000,55.000,148,221,354,160,161,161,161,161,161,161,1,0,0,3,30,1,28.000,1
0.770000,116.75,19.872,11.930,304,373,72.000,72,71,18.000,39.000,55.000,143,220,353,160,161,161,161,161,161,161,1,0,0,3,30,1,28.000,1
0.775000,118.91,19.297,11.550,296,372,72.000,72,71,18.000,39.000,55.000,138,219,351,160,160,160,160,160,160,160,1,0,0,3,30,1,28.000,1
0.780000,121.07,18.780,11.280,288,370,72.000,72,71,18.000,39.000,55.000,135,218,349,160,159,159,159,159,159,159,1,0,0,3,30,1,28.000,1
0.785000,123.23,18.323,11.000,280,369,72.000,72,71,18.000,39.000,55.000,132,218,348,160,159,159,159,159,159,159,1,0,0,3,30,1,28.000,1
0.790000,125.39,17.929,10.730,273,367,72.000,71,71,18.000,39.000,55.000,129,216,346,160,158,158,158,158,158,158,1,0,0,3,30,1,28.000,1
0.795000,127.55,17.600,10.570,266,365,72.000,71,71,18.000,39.000,55.000,127,215,344,160,157,157,157,157,157,157,1,0,0,3,30,1,28.000,1
0.800000,129.71,17.338,10.410,260,363,72.000,71,71,18.000,39.000,55.000,125,214,342,160,156,156,156,156,156,156,1,0,0,3,30,1,28.000,1
0.805000,131.87,17.143,10.300,254,361,72.000,71,71,18.000,39.000,55.000,123,212,340,160,155,155,155,155,155,155,1,0,0,3,30,1,28.000,1
0.810000,134.03,17.018,10.190,249,359,72.000,71,71,18.000,39.000,55.000,122,211,338,160,154,154,154,154,154,154,1,0,0,3,30,1,28.000,1
0.815000,136.19,16.962,10.190,244,356,72.000,71,71,18.000,39.000,55.000,122,209,335,160,152,152,152,152,152,152,1,0,0,3,30,1,28.000,1
0.820000,138.35,16.975,10.190,240,354,72.000,71,71,18.000,39.000,55.000,122,208,333,160,151,151,151,151,151,151,1,0,0,3,30,1,28.000,1
0.825000,140.51,17.057,10.240,236,352,72.000,71,71,18.000,39.000,55.000,123,206,331,160,151,151,151,151,151,151,1,0,0,3,30,1,28.000,1
0.830000,142.67,17.207,10.300,233,350,72.000,71,71,18.000,39.000,55.000,123,205,329,160,150,150,150,150,150,150,1,0,0,3,30,1,28.000,1
0.835000,144.83,17.425,10.460,231,347,72.000,71,71,18.000,39.000,55.000,125,203,325,160,148,148,148,148,148,148,1,0,0,3,30,1,28.000,1
0.840000,146.99,17.708,10.620,230,345,72.000,71,71,18.000,39.000,55.000,127,202,323,160,147,147,147,147,147,147,1,0,0,3,30,1,28.000,1
0.845000,149.15,18.054,10.840,229,343,72.000,71,71,18.000,39.000,55.000,130,201,321,160,146,146,146,146,146,146,1,0,0,3,30,1,28.000,1
0.850000,151.31,18.462,11.060,229,341,72.000,71,71,18.000,39.000,55.000,133,199,319,160,145,145,145,145,145,145,1,0,0,3,30,1,28.000,1
0.855000,153.47,18.929,11.330,229,339,72.000,71,71,18.000,39.000,55.000,136,198,317,160,144,144,144,144,144,144,1,0,0,3,30,1,28.000,1
0.860000,155.63,19.452,11.660,230,336,72.000,71,71,18.000,39.000,55.000,140,196,314,160,143,143,143,143,143,143,1,0,0,3,30,1,28.000,1
0.865000,157.79,20.027,11.980,232,334,72.000,71,71,18.000,39.000,55.000,144,195,312,160,142,142,142,142,142,142,1,0,0,3,30,1,28.000,1
0.870000,159.95,20.651,12.360,234,332,72.000,71,71,18.000,39.000,55.000,148,193,310,160,141,141,141,141,141,141,1,0,0,3,30,1,28.000,1
0.875000,162.11,21.321,12.800,237,331,72.000,71,71,18.000,39.000,55.000,153,193,309,160,140,140,140,140,140,140,1,0,0,3,30,1,28.000,1
0.880000,164.27,22.031,13.230,241,329,72.000,71,71,18.000,39.000,55.000,159,191,306,160,140,140,140,140,140,140,1,0,0,3,30,1,28.000,1
0.885000,166.43,22.777,13.670,245,327,72.000,71,71,18.000,39.000,55.000,164,190,305,160,139,139,139,139,139,139,1,0,0,3,30,1,28.000,1
0.890000,168.59,23.556,14.100,250,326,72.000,71,71,18.000,39.000,55.000,169,189,303,160,138,138,138,138,138,138,1,0,0,3,30,1,28.000,1
0.895000,170.75,24.361,14.590,255,324,72.000,71,71,18.000,39.000,55.000,175,188,301,160,137,137,137,137,137,137,1,0,0,3,30,1,28.000,1
0.900000,172.91,25.189,15.080,261,323,72.000,71,71,18.000,39.000,55.000,181,187,300,160,137,137,137,137,137,137,1,0,0,3,30,1,28.000,1
0.905000,175.07,26.034,15.630,267,322,72.000,71,71,18.000,39.000,55.000,187,187,299,160,136,136,136,136,136,136,1,0,0,3,30,1,28.000,1
0.910000,177.23,26.891,16.120,274,321,72.000,71,71,18.000,39.000,55.000,193,186,298,160,136,136,136,136,136,136,1,0,0,3,30,1,28.000,1
0.915000,179.39,27.755,16.660,281,320,72.000,71,71,18.000,39.000,55.000,200,185,297,160,135,135,135,135,135,135,1,0,0,3,30,1,28.000,1
0.920000,181.55,28.620,17.150,289,319,72.000,71,71,18.000,39.000,55.000,206,185,296,160,135,135,135,135,135,135,1,0,0,3,30,1,28.000,1
0.925000,183.71,29.481,17.690,296,319,72.000,71,71,18.000,39.000,55.000,212,185,296,160,135,135,135,135,135,135,1,0,0,3,30,1,28.000,1
0.930000,185.87,30.334,18.180,304,318,72.000,71,71,18.000,39.000,55.000,218,184,295,160,134,134,134,134,134,134,1,0,0,3,30,1,28.000,1
0.935000,188.03,31.172,18.670,312,318,72.000,71,71,18.000,39.000,55.000,224,184,295,160,134,134,134,134,134,134,1,0,0,3,30,1,28.000,1
0.940000,190.19,31.991,19.160,321,318,72.000,71,71,18.000,39.000,55.000,230,184,295,160,134,134,134,134,134,134,1,0,0,3,30,1,28.000,1
0.945000,192.35,32.785,19.650,329,319,72.000,71,71,18.000,39.000,55.000,236,185,296,160,135,135,135,135,135,135,1,0,0,3,30,1,28.000,1
0.950000,194.51,33.551,20.140,337,319,72.000,71,71,18.000,39.000,55.000,242,185,296,160,135,135,135,135,135,135,1,0,0,3,30,1,28.000,1
0.955000,196.67,34.282,20.580,346,320,72.000,71,71,18.000,39.000,55.000,247,185,297,160,135,135,135,135,135,135,1,0,0,3,30,1,28.000,1
0.960000,198.83,34.975,20.960,354,321,72.000,71,71,18.000,39.000,55.000,252,186,298,160,136,136,136,136,136,136,1,0,0,3,30,1,28.000,1
0.965000,200.99,35.625,21.390,362,323,72.000,71,71,18.000,39.000,55.000,257,187,300,160,137,137,137,137,137,137,1,0,0,3,30,1,28.000,1
0.970000,203.15,36.228,21.720,370,324,72.000,71,71,18.000,39.000,55.000,261,188,301,160,137,137,137,137,137,137,1,0,0,3,30,1,28.000,1
0.975000,205.31,36.781,22.050,378,326,72.000,71,71,18.000,39.000,55.000,265,189,303,160,138,138,138,138,138,138,1,0,0,3,30,1,28.000,1
0.980000,207.47,37.280,22.370,385,329,72.000,71,71,18.000,39.000,55.000,269,191,306,160,140,140,140,140,140,140,1,0,0,3,30,1,28.000,1
0.985000,209.63,37.722,22.640,393,331,72.000,71,71,18.000,39.000,55.000,272,193,309,160,140,140,140,140,140,140,1,0,0,3,30,1,28.000,1
0.990000,211.79,38.104,22.860,399,334,72.000,71,71,18.000,39.000,55.000,274,195,312,160,142,142,142,142,142,142,1,0,0,3,30,1,28.000,1
0.995000,213.95,38.423,23.030,406,336,72.000,71,71,18.000,39.000,55.000,276,196,314,160,143,143,143,143,143,143,1,0,0,3,30,1,28.000,1
1.000000,216.11,38.678,23.190,412,339,72.000,71,71,18.000,39.000,55.000,278,198,317,160,144,144,144,144,144,144,1,0,0,3,30,1,28.000,1
1.005000,218.27,38.866,23.300,417,342,72.000,71,71,18.000,39.000,55.000,280,200,320,160,146,146,146,146,146,146,1,0,0,3,30,1,28.000,1
1.010000,220.43,38.987,23.410,422,346,72.000,71,71,18.000,39.000,55.000,281,203,324,160,148,148,148,148,148,148,1,0,0,3,30,1,28.000,1
1.015000,222.59,39.040,23.410,427,349,72.000,71,71,18.000,39.000,55.000,281,204,327,160,149,149,149,149,149,149,1,0,0,3,30,1,28.000,1
1.020000,224.75,39.023,23.410,431,352,72.000,71,71,18.000,39.000,55.000,281,206,331,160,151,151,151,151,151,151,1,0,0,3,30,1,28.000,1
1.025000,226.91,38.936,23.350,434,355,72.000,71,71,18.000,39.000,55.000,280,208,334,160,152,152,152,152,152,152,1,0,0,3,30,1,28.000,1
1.030000,229.07,38.781,23.240,437,358,72.000,71,71,18.000,39.000,55.000,279,210,337,160,153,153,153,153,153,153,1,0,0,3,30,1,28.000,1
1.035000,231.23,38.557,23.130,439,362,72.000,71,71,18.000,39.000,55.000,278,213,341,160,155,155,155,155,155,155,1,0,0,3,30,1,28.000,1
1.040000,233.39,38.266,22.970,440,365,72.000,71,71,18.000,39.000,55.000,276,215,344,160,157,157,157,157,157,157,1,0,0,3,30,1,28.000,1
1.045000,235.55,37.908,22.750,441,368,72.000,71,71,18.000,39.000,55.000,273,217,347,160,158,158,158,158,158,158,1,0,0,3,30,1,28.000,1
1.050000,237.71,37.487,22.480,441,371,72.000,71,71,18.000,39.000,55.000,270,219,351,160,160,160,160,160,160,160,1,0,0,3,30,1,28.000,1
1.055000,239.87,37.004,22.210,440,374,72.000,71,71,18.000,39.000,55.000,267,221,354,160,161,161,161,161,161,161,1,0,0,3,30,1,28.000,1
1.060000,242.03,36.461,21.880,439,376,72.000,71,71,18.000,39.000,55.000,263,222,356,160,162,162,162,162,162,162,1,0,0,3,30,1,28.000,1
1.065000,244.19,35.861,21.500,437,379,72.000,72,71,18.000,39.000,55.000,258,224,359,160,163,163,163,163,163,163,1,0,0,3,30,1,28.000,1
1.070000,246.35,35.209,21.120,434,381,72.000,72,71,18.000,39.000,55.000,254,225,361,160,164,164,164,164,164,164,1,0,0,3,30,1,28.000,1
1.075000,248.51,34.506,20.690,431,383,72.000,72,71,18.000,39.000,55.000,248,227,363,160,165,165,165,165,165,165,1,0,0,3,30,1,28.000,1
1.080000,250.67,33.758,20.250,427,385,72.000,72,71,18.000,39.000,55.000,243,228,365,160,166,166,166,166,166,166,1,0,0,3,30,1,28.000,1
1.085000,252.83,32.968,19.760,423,387,72.000,72,71,18.000,39.000,55.000,237,229,367,160,167,167,167,167,167,167,1,0,0,3,30,1,28.000,1
1.090000,254.99,32.141,19.270,418,388,72.000,72,71,18.000,39.000,55.000,231,230,368,160,168,168,168,168,168,168,1,0,0,3,30,1,28.000,1
1.095000,257.15,31.281,18.780,412,389,72.000,72,71,18.000,39.000,55.000,225,231,369,160,168,168,168,168,168,168,1,0,0,3,30,1,28.000,1
1.100000,259.31,30.393,18.240,406,390,72.000,71,71,18.000,39.000,55.000,219,231,370,160,169,169,169,169,169,169,1,0,0,3,30,1,28.000,1
1.105000,261.47,29.482,17.690,399,390,72.000,71,71,18.000,39.000,55.000,212,231,370,160,169,169,169,169,169,169,1,0,0,3,30,1,28.000,1
1.110000,263.63,28.553,17.150,392,390,72.000,71,71,18.000,39.000,55.000,206,231,370,160,169,169,169,169,169,169,1,0,0,3,30,1,28.000,1
1.115000,265.79,27.612,16.550,384,390,72.000,71,71,18.000,39.000,55.000,199,231,370,160,169,169,169,169,169,169,1,0,0,3,30,1,28.000,1
1.120000,267.95,26.663,16.010,376,390,72.000,71,71,18.000,39.000,55.000,192,231,370,160,169,169,169,169,169,169,1,0,0,3,30,1,28.000,1
1.125000,270.11,25.713,15.410,368,390,72.000,71,71,18.000,39.000,55.000,185,231,370,160,169,169,169,169,169,169,1,0,0,3,30,1,28.000,1
1.130000,272.27,24.765,14.870,360,389,72.000,71,71,18.000,39.000,55.000,178,231,369,160,168,168,168,168,168,168,1,0,0,3,30,1,28.000,1
1.135000,274.43,23.827,14.270,351,389,72.000,71,71,18.000,39.000,55.000,171,231,369,160,168,168,168,168,168,168,1,0,0,3,30,1,28.000,1
1.140000,276.59,22.903,13.720,342,388,72.000,71,71,18.000,39.000,55.000,165,230,368,160,168,168,168,168,168,168,1,0,0,3,30,1,28.000,1
1.145000,278.75,21.998,13.180,333,387,72.000,71,71,18.000,39.000,55.000,158,229,367,160,167,167,167,167,167,167,1,0,0,3,30,1,28.000,1
1.150000,280.91,21.118,12.690,323,386,72.000,71,71,18.000,39.000,55.000,152,229,366,160,167,167,167,167,167,167,1,0,0,3,30,1,28.000,1
1.155000,283.07,20.268,12.150,314,385,72.000,71,71,18.000,39.000,55.000,146,228,365,160,166,166,166,166,166,166,1,0,0,3,30,1,28.000,1
1.160000,285.23,19.452,11.660,305,383,72.000,71,71,18.000,39.000,55.000,140,227,363,160,165,165,165,165,165,165,1,0,0,3,30,1,28.000,1
1.165000,287.39,18.676,11.220,296,382,72.000,71,71,18.000,39.000,55.000,134,226,362,160,165,165,165,165,165,165,1,0,0,3,30,1,28.000,1
1.170000,289.55,17.943,10.790,286,380,72.000,71,71,18.000,39.000,55.000,129,225,360,160,164,164,164,164,164,164,1,0,0,3,30,1,28.000,1
1.175000,291.71,17.259,10.350,278,378,72.000,71,71,18.000,39.000,55.000,124,223,358,160,163,163,163,163,163,163,1,0,0,3,30,1,28.000,1
1.180000,293.87,16.627,9.970,269,376,72.000,71,71,18.000,39.000,55.000,119,222,356,160,162,162,162,162,162,162,1,0,0,3,30,1,28.000,1
1.185000,296.03,16.051,9.640,260,374,72.000,71,71,18.000,39.000,55.000,115,221,354,160,161,161,161,161,161,161,1,0,0,3,30,1,28.000,1
1.190000,298.19,15.534,9.320,252,371,72.000,71,71,18.000,39.000,55.000,112,219,351,160,160,160,160,160,160,160,1,0,0,3,30,1,28.000,1
1.195000,300.35,15.079,9.050,245,369,72.000,71,71,18.000,39.000,55.000,108,218,348,160,159,159,159,159,159,159,1,0,0,3,30,1,28.000,1
1.200000,302.51,14.690,8.830,237,366,72.000,71,71,18.000,39.000,55.000,106,216,345,160,157,157,157,157,157,157,1,0,0,3,30,1,28.000,1
1.205000,304.67,14.368,8.610,230,364,72.000,71,71,18.000,39.000,55.000,103,214,343,160,156,156,156,156,156,156,1,0,0,3,30,1,28.000,1
1.210000,306.83,14.116,8.450,224,361,72.000,71,71,18.000,39.000,55.000,101,212,340,160,155,155,155,155,155,155,1,0,0,3,30,1,28.000,1
1.215000,308.99,13.935,8.340,218,358,72.000,71,71,18.000,39.000,55.000,100,210,337,160,153,153,153,153,153,153,1,0,0,3,30,1,28.000,1
1.220000,311.15,13.827,8.280,213,356,72.000,71,71,18.000,39.000,55.000,99,209,335,160,152,152,152,152,152,152,1,0,0,3,30,1,28.000,1
1.225000,313.31,13.792,8.280,208,353,72.000,71,71,18.000,39.000,55.000,99,207,332,160,151,151,151,151,151,151,1,0,0,3,30,1,28.000,1
1.230000,315.47,13.831,8.280,204,350,72.000,71,71,18.000,39.000,55.000,99,205,329,160,150,150,150,150,150,150,1,0,0,3,30,1,28.000,1
1.235000,317.63,13.943,8.340,201,347,72.000,71,71,18.000,39.000,55.000,100,203,325,160,148,148,148,148,148,148,1,0,0,3,30,1,28.000,1
1.240000,319.79,14.129,8.500,198,344,72.000,71,71,18.000,39.000,55.000,102,201,322,160,147,147,147,147,147,147,1,0,0,3,30,1,28.000,1
1.245000,321.95,14.388,8.610,196,341,72.000,71,71,18.000,39.000,55.000,103,199,319,160,145,145,145,145,145,145,1,0,0,3,30,1,28.000,1
1.250000,324.11,14.718,8.830,195,338,72.000,71,71,18.000,39.000,55.000,106,197,316,160,144,144,144,144,144,144,1,0,0,3,30,1,28.000,1
1.255000,326.27,15.118,9.050,194,336,72.000,71,71,18.000,39.000,55.000,108,196,314,160,143,143,143,143,143,143,1,0,0,3,30,1,28.000,1
1.260000,328.43,15.586,9.370,194,333,72.000,71,71,18.000,39.000,55.000,112,194,311,160,141,141,141,141,141,141,1,0,0,3,30,1,28.000,1
1.265000,330.59,16.120,9.640,195,330,72.000,71,71,18.000,39.000,55.000,115,192,308,160,140,140,140,140,140,140,1,0,0,3,30,1,28.000,1
1.270000,332.75,16.716,10.030,197,328,72.000,71,71,18.000,39.000,55.000,120,191,305,160,139,139,139,139,139,139,1,0,0,3,30,1,28.000,1
1.275000,334.91,17.372,10.410,199,325,72.000,71,71,18.000,39.000,55.000,125,189,302,160,138,138,138,138,138,138,1,0,0,3,30,1,28.000,1
1.280000,337.07,18.084,10.840,202,323,72.000,71,71,18.000,39.000,55.000,130,187,300,160,137,137,137,137,137,137,1,0,0,3,30,1,28.000,1
1.285000,339.23,18.849,11.330,206,320,72.000,71,71,18.000,39.000,55.000,136,185,297,160,135,135,135,135,135,135,1,0,0,3,30,1,28.000,1
1.290000,341.39,19.663,11.770,210,318,72.000,71,71,18.000,39.000,55.000,141,184,295,160,134,134,134,134,134,134,1,0,0,3,30,1,28.000,1
1.295000,343.55,20.521,12.310,215,316,72.000,71,71,18.000,39.000,55.000,148,183,293,160,133,133,133,133,133,133,1,0,0,3,30,1,28.000,1
1.300000,345.71,21.419,12.850,221,314,72.000,71,71,18.000,39.000,55.000,154,182,291,160,132,132,132,132,132,132,1,0,0,3,30,1,28.000,1
1.305000,347.87,22.351,13.400,227,312,72.000,71,71,18.000,39.000,55.000,161,180,289,160,131,131,131,131,131,131,1,0,0,3,30,1,28.000,1
1.310000,350.03,23.314,14.000,234,311,72.000,71,71,18.000,39.000,55.000,168,180,288,160,131,131,131,131,131,131,1,0,0,3,30,1,28.000,1
1.315000,352.19,24.302,14.590,241,309,72.000,71,71,18.000,39.000,55.000,175,178,286,160,130,130,130,130,130,130,1,0,0,3,30,1,28.000,1
1.320000,354.35,25.310,15.190,249,308,72.000,71,71,18.000,39.000,55.000,182,178,285,160,130,130,130,130,130,130,1,0,0,3,30,1,28.000,1
1.325000,356.51,26.332,15.790,257,307,72.000,71,71,18.000,39.000,55.000,189,177,284,160,129,129,129,129,129,129,1,0,0,3,30,1,28.000,1
1.330000,358.67,27.362,16.390,266,306,72.000,71,71,18.000,39.000,55.000,197,176,282,160,129,129,129,129,129,129,1,0,0,3,30,1,28.000,1
1.335000,0.83,28.396,17.040,275,306,72.000,71,71,18.000,39.000,55.000,204,176,282,160,129,129,129,129,129,129,1,0,0,3,30,1,28.000,1
1.340000,2.99,29.429,17.640,284,305,72.000,71,71,18.000,39.000,55.000,212,176,281,160,128,128,128,128,128,128,1,0,0,3,30,1,28.000,1
1.345000,5.15,30.453,18.290,294,305,72.000,71,71,18.000,39.000,55.000,219,176,281,160,128,128,128,128,128,128,1,0,0,3,30,1,28.000,1
1.350000,7.31,31.464,18.890,303,305,72.000,71,71,18.000,39.000,55.000,227,176,281,160,128,128,128,128,128,128,1,0,0,3,30,1,28.000,1
1.355000,9.47,32.457,19.490,313,305,72.000,71,71,18.000,39.000,55.000,234,176,281,160,128,128,128,128,128,128,1,0,0,3,30,1,28.000,1
1.360000,11.63,33.426,20.030,324,305,72.000,71,71,18.000,39.000,55.000,240,176,281,160,128,128,128,128,128,128,1,0,0,3,30,1,28.000,1
1.365000,13.79,34.367,20.630,334,306,72.000,71,71,18.000,39.000,55.000,248,176,282,160,129,129,129,129,129,129,1,0,0,3,30,1,28.000,1
1.370000,15.95,35.273,21.180,344,308,72.000,71,71,18.000,39.000,55.000,254,178,285,160,130,130,130,130,130,130,1,0,0,3,30,1,28.000,1
1.375000,18.11,36.141,21.670,354,309,72.000,71,71,18.000,39.000,55.000,260,178,286,160,130,130,130,130,130,130,1,0,0,3,30,1,28.000,1
1.380000,20.27,36.965,22.150,364,311,72.000,72,71,18.000,39.000,55.000,266,180,288,160,131,131,131,131,131,131,1,0,0,3,30,1,28.000,1
1.385000,22.43,37.742,22.640,374,314,72.000,72,71,18.000,39.000,55.000,272,182,291,160,132,132,132,132,132,132,1,0,0,3,30,1,28.000,1
1.390000,24.59,38.467,23.080,383,316,72.000,72,71,18.000,39.000,55.000,277,183,293,160,133,133,133,133,133,133,1,0,0,3,30,1,28.000,1
1.395000,26.75,39.136,23.460,393,319,72.000,72,71,18.000,39.000,55.000,282,185,296,160,135,135,135,135,135,135,1,0,0,3,30,1,28.000,1
1.400000,28.91,39.747,23.840,402,322,72.000,72,71,18.000,39.000,55.000,286,187,299,160,136,136,136,136,136,136,1,0,0,3,30,1,28.000,1
1.405000,31.07,40.295,24.170,411,326,72.000,72,71,18.000,39.000,55.000,290,189,303,160,138,138,138,138,138,138,1,0,0,3,30,1,28.000,1
1.410000,33.23,40.779,24.440,419,329,72.000,72,71,18.000,39.000,55.000,293,191,306,160,140,140,140,140,140,140,1,0,0,3,30,1,28.000,1
1.415000,35.39,41.195,24.710,427,333,72.000,71,71,18.000,39.000,55.000,297,194,311,160,141,141,141,141,141,141,1,0,0,3,30,1,28.000,1
1.420000,37.55,41.541,24.930,434,337,72.000,71,71,18.000,39.000,55.000,299,197,315,160,143,143,143,143,143,143,1,0,0,3,30,1,28.000,1
1.425000,39.71,41.817,25.090,441,341,72.000,71,71,18.000,39.000,55.000,301,199,319,160,145,145,145,145,145,145,1,0,0,3,30,1,28.000,1
1.430000,41.87,42.020,25.200,447,345,72.000,71,71,18.000,39.000,55.000,303,202,323,160,147,147,147,147,147,147,1,0,0,3,30,1,28.000,1
1.435000,44.03,42.150,25.260,453,350,72.000,71,71,18.000,39.000,55.000,303,205,329,160,150,150,150,150,150,150,1,0,0,3,30,1,28.000,1
1.440000,46.19,42.206,25.310,458,354,72.000,71,71,18.000,39.000,55.000,304,208,333,160,151,151,151,151,151,151,1,0,0,3,30,1,28.000,1
1.445000,48.35,42.188,25.310,462,358,72.000,71,71,18.000,39.000,55.000,304,210,337,160,153,153,153,153,153,153,1,0,0,3,30,1,28.000,1
1.450000,50.51,42.096,25.260,466,362,72.000,71,71,18.000,39.000,55.000,303,213,341,160,155,155,155,155,155,155,1,0,0,3,30,1,28.000,1
1.455000,52.67,41.932,25.150,469,367,72.000,71,71,18.000,39.000,55.000,302,216,346,160,158,158,158,158,158,158,1,0,0,3,30,1,28.000,1
1.460000,54.83,41.697,24.980,471,371,72.000,71,71,18.000,39.000,55.000,300,219,351,160,160,160,160,160,160,160,1,0,0,3,30,1,28.000,1
1.465000,56.99,41.391,24.820,473,375,72.000,71,71,18.000,39.000,55.000,298,222,355,160,162,162,162,162,162,162,1,0,0,3,30,1,28.000,1
1.470000,59.15,41.017,24.600,474,379,72.000,71,71,18.000,39.000,55.000,295,224,359,160,163,163,163,163,163,163,1,0,0,3,30,1,28.000,1
1.475000,61.31,40.578,24.330,474,383,72.000,71,71,18.000,39.000,55.000,292,227,363,160,165,165,165,165,165,165,1,0,0,3,30,1,28.000,1
1.480000,63.47,40.075,24.060,474,386,72.000,71,71,18.000,39.000,55.000,289,229,366,160,167,167,167,167,167,167,1,0,0,3,30,1,28.000,1
1.485000,65.63,39.513,23.680,472,390,72.000,71,71,18.000,39.000,55.000,284,231,370,160,169,169,169,169,169,169,1,0,0,3,30,1,28.000,1
1.490000,67.79,38.893,23.350,470,393,72.000,71,71,18.000,39.000,55.000,280,233,374,160,170,170,170,170,170,170,1,0,0,3,30,1,28.000,1
1.495000,69.95,38.221,22.920,468,396,72.000,71,71,18.000,39.000,55.000,275,235,377,160,172,172,172,172,172,172,1,0,0,3,30,1,28.000,1
1.500000,72.11,37.499,22.480,465,399,72.000,71,71,18.000,39.000,55.000,270,237,380,160,173,173,173,173,173,173,1,0,0,3,30,1,28.000,1
1.505000,74.27,36.733,22.050,461,402,72.000,71,71,18.000,39.000,55.000,265,239,383,160,174,174,174,174,174,174,1,0,0,3,30,1,28.000,1
1.510000,76.43,35.926,21.560,456,404,72.000,71,71,18.000,39.000,55.000,259,240,385,160,175,175,175,175,175,175,1,0,0,3,30,1,28.000,1
1.515000,78.59,35.083,21.070,451,406,72.000,71,71,18.000,39.000,55.000,253,242,387,160,176,176,176,176,176,176,1,0,0,3,30,1,28.000,1
1.520000,80.75,34.210,20.520,445,408,72.000,71,71,18.000,39.000,55.000,246,243,389,160,177,177,177,177,177,177,1,0,0,3,30,1,28.000,1
1.525000,82.91,33.310,19.980,439,409,72.000,71,71,18.000,39.000,55.000,240,244,390,160,178,178,178,178,178,178,1,0,0,3,30,1,28.000,1
1.530000,85.07,32.390,19.440,432,410,72.000,71,71,18.000,39.000,55.000,233,244,391,160,178,178,178,178,178,178,1,0,0,3,30,1,28.000,1
1.535000,87.23,31.455,18.890,425,411,72.000,71,71,18.000,39.000,55.000,227,245,392,160,179,179,179,179,179,179,1,0,0,3,30,1,28.000,1
1.540000,89.39,30.509,18.290,417,411,72.000,71,71,18.000,39.000,55.000,219,245,392,160,179,179,179,179,179,179,1,0,0,3,30,1,28.000,1
1.545000,91.55,29.559,17.750,409,411,72.000,71,71,18.000,39.000,55.000,213,245,392,160,179,179,179,179,179,179,1,0,0,3,30,1,28.000,1
1.550000,93.71,28.609,17.150,401,411,72.000,71,71,18.000,39.000,55.000,206,245,392,160,179,179,179,179,179,179,1,0,0,3,30,1,28.000,1
1.555000,95.87,27.665,16.610,392,411,72.000,71,71,18.000,39.000,55.000,199,245,392,160,179,179,179,179,179,179,1,0,0,3,30,1,28.000,1
1.560000,98.03,26.733,16.060,383,410,72.000,71,71,18.000,39.000,55.000,193,244,391,160,178,178,178,178,178,178,1,0,0,3,30,1,28.000,1
1.565000,100.19,25.818,15.460,374,410,72.000,71,71,18.000,39.000,55.000,185,244,391,160,178,178,178,178,178,178,1,0,0,3,30,1,28.000,1
1.570000,102.35,24.924,14.970,365,409,72.000,71,71,18.000,39.000,55.000,180,244,390,160,178,178,178,178,178,178,1,0,0,3,30,1,28.000,1
1.575000,104.51,24.057,14.430,356,408,72.000,71,71,18.000,39.000,55.000,173,243,389,160,177,177,177,177,177,177,1,0,0,3,30,1,28.000,1
1.580000,106.67,23.222,13.940,346,407,72.000,71,71,18.000,39.000,55.000,167,242,388,160,177,177,177,177,177,177,1,0,0,3,30,1,28.000,1
1.585000,108.83,22.423,13.450,337,406,72.000,71,71,18.000,39.000,55.000,161,242,387,160,176,176,176,176,176,176,1,0,0,3,30,1,28.000,1
1.590000,110.99,21.664,13.020,328,404,72.000,71,71,18.000,39.000,55.000,156,240,385,160,175,175,175,175,175,175,1,0,0,3,30,1,28.000,1
1.595000,113.15,20.951,12.580,319,403,72.000,71,71,18.000,39.000,55.000,151,240,384,160,175,175,175,175,175,175,1,0,0,3,30,1,28.000,1
1.600000,115.31,20.286,12.150,310,401,72.000,71,71,18.000,39.000,55.000,146,238,382,160,174,174,174,174,174,174,1,0,0,3,30,1,28.000,1
1.605000,117.47,19.674,11.820,302,399,72.000,71,71,18.000,39.000,55.000,142,237,380,160,173,173,173,173,173,173,1,0,0,3,30,1,28.000,1
1.610000,119.63,19.118,11.490,293,397,72.000,71,71,18.000,39.000,55.000,138,236,378,160,172,172,172,172,172,172,1,0,0,3,30,1,28.000,1
1.615000,121.79,18.620,11.170,285,395,72.000,71,71,18.000,39.000,55.000,134,235,376,160,171,171,171,171,171,171,1,0,0,3,30,1,28.000,1
1.620000,123.95,18.184,10.900,278,393,72.000,71,71,18.000,39.000,55.000,131,233,374,160,170,170,170,170,170,170,1,0,0,3,30,1,28.000,1
1.625000,126.11,17.812,10.680,271,391,72.000,71,71,18.000,39.000,55.000,128,232,371,160,169,169,169,169,169,169,1,0,0,3,30,1,28.000,1
1.630000,128.27,17.505,10.510,264,388,72.000,71,71,18.000,39.000,55.000,126,230,368,160,168,168,168,168,168,168,1,0,0,3,30,1,28.000,1
1.635000,130.43,17.265,10.350,258,386,72.000,71,71,18.000,39.000,55.000,124,229,366,160,167,167,167,167,167,167,1,0,0,3,30,1,28.000,1
1.640000,132.59,17.094,10.240,252,383,72.000,71,71,18.000,39.000,55.000,123,227,363,160,165,165,165,165,165,165,1,0,0,3,30,1,28.000,1
1.645000,134.75,16.991,10.190,247,380,72.000,71,71,18.000,39.000,55.000,122,225,360,160,164,164,164,164,164,164,1,0,0,3,30,1,28.000,1
1.650000,136.91,16.958,10.190,242,378,72.000,71,71,18.000,39.000,55.000,122,223,358,160,163,163,163,163,163,163,1,0,0,3,30,1,28.000,1
1.655000,139.07,16.994,10.190,239,375,72.000,71,71,18.000,39.000,55.000,122,222,355,160,162,162,162,162,162,162,1,0,0,3,30,1,28.000,1
1.660000,141.23,17.099,10.240,235,372,72.000,71,71,18.000,39.000,55.000,123,219,351,160,160,160,160,160,160,160,1,0,0,3,30,1,28.000,1
1.665000,143.39,17.272,10.350,233,370,72.000,71,71,18.000,39.000,55.000,124,218,349,160,159,159,159,159,159,159,1,0,0,3,30,1,28.000,1
1.670000,145.55,17.512,10.510,231,367,72.000,71,71,18.000,39.000,55.000,126,216,346,160,158,158,158,158,158,158,1,0,0,3,30,1,28.000,1
1.675000,147.71,17.816,10.680,229,364,72.000,71,71,18.000,39.000,55.000,128,214,343,160,156,156,156,156,156,156,1,0,0,3,30,1,28.000,1
1.680000,149.87,18.184,10.900,229,362,72.000,71,71,18.000,39.000,55.000,131,213,341,160,155,155,155,155,155,155,1,0,0,3,30,1,28.000,1
1.685000,152.03,18.612,11.170,229,359,72.000,71,71,18.000,39.000,55.000,134,211,338,160,154,154,154,154,154,154,1,0,0,3,30,1,28.000,1
1.690000,154.19,19.098,11.440,229,357,72.000,72,71,18.000,39.000,55.000,137,210,336,160,153,153,153,153,153,153,1,0,0,3,30,1,28.000,1
1.695000,156.35,19.638,11.770,231,354,72.000,72,71,18.000,39.000,55.000,141,208,333,160,151,151,151,151,151,151,1,0,0,3,30,1,28.000,1
1.700000,158.51,20.230,12.150,233,352,72.000,72,71,18.000,39.000,55.000,146,206,331,160,151,151,151,151,151,151,1,0,0,3,30,1,28.000,1
1.705000,160.67,20.870,12.530,235,349,72.000,72,71,18.000,39.000,55.000,150,204,327,160,149,149,149,149,149,149,1,0,0,3,30,1,28.000,1
1.710000,162.83,21.553,12.910,239,347,72.000,72,71,18.000,39.000,55.000,155,203,325,160,148,148,148,148,148,148,1,0,0,3,30,1,28.000,1
1.715000,164.99,22.276,13.340,242,345,72.000,72,71,18.000,39.000,55.000,160,202,323,160,147,147,147,147,147,147,1,0,0,3,30,1,28.000,1
1.720000,167.15,23.033,13.830,247,343,72.000,72,71,18.000,39.000,55.000,166,201,321,160,146,146,146,146,146,146,1,0,0,3,30,1,28.000,1
1.725000,169.31,23.821,14.270,252,341,72.000,71,71,18.000,39.000,55.000,171,199,319,160,145,145,145,145,145,145,1,0,0,3,30,1,28.000,1
1.730000,171.47,24.635,14.760,257,340,72.000,71,71,18.000,39.000,55.000,177,199,318,160,145,145,145,145,145,145,1,0,0,3,30,1,28.000,1
1.735000,173.63,25.469,15.300,263,338,72.000,71,71,18.000,39.000,55.000,184,197,316,160,144,144,144,144,144,144,1,0,0,3,30,1,28.000,1
1.740000,175.79,26.319,15.790,270,337,72.000,71,71,18.000,39.000,55.000,189,197,315,160,143,143,143,143,143,143,1,0,0,3,30,1,28.000,1
1.745000,177.95,27.178,16.280,276,336,72.000,71,71,18.000,39.000,55.000,195,196,314,160,143,143,143,143,143,143,1,0,0,3,30,1,28.000,1
1.750000,180.11,28.043,16.820,284,335,72.000,71,71,18.000,39.000,55.000,202,195,313,160,142,142,142,142,142,142,1,0,0,3,30,1,28.000,1
1.755000,182.27,28.908,17.310,291,334,72.000,71,71,18.000,39.000,55.000,208,195,312,160,142,142,142,142,142,142,1,0,0,3,30,1,28.000,1
1.760000,184.43,29.767,17.860,299,333,72.000,71,71,18.000,39.000,55.000,214,194,311,160,141,141,141,141,141,141,1,0,0,3,30,1,28.000,1
1.765000,186.59,30.615,18.350,307,332,72.000,71,71,18.000,39.000,55.000,220,193,310,160,141,141,141,141,141,141,1,0,0,3,30,1,28.000,1
1.770000,188.75,31.447,18.840,315,332,72.000,71,71,18.000,39.000,55.000,226,193,310,160,141,141,141,141,141,141,1,0,0,3,30,1,28.000,1
1.775000,190.91,32.259,19.330,323,332,72.000,71,71,18.000,39.000,55.000,232,193,310,160,141,141,141,141,141,141,1,0,0,3,30,1,28.000,1
1.780000,193.07,33.044,19.820,332,332,72.000,71,71,18.000,39.000,55.000,238,193,310,160,141,141,141,141,141,141,1,0,0,3,30,1,28.000,1
1.785000,195.23,33.798,20.250,340,332,72.000,71,71,18.000,39.000,55.000,243,193,310,160,141,141,141,141,141,141,1,0,0,3,30,1,28.000,1
1.790000,197.39,34.517,20.690,348,332,72.000,71,71,18.000,39.000,55.000,248,193,310,160,141,141,141,141,141,141,1,0,0,3,30,1,28.000,1
1.795000,199.55,35.196,21.120,357,333,72.000,71,71,18.000,39.000,55.000,254,194,311,160,141,141,141,141,141,141,1,0,0,3,30,1,28.000,1
1.800000,201.71,35.831,21.500,365,334,72.000,71,71,18.000,39.000,55.000,258,195,312,160,142,142,142,142,142,142,1,0,0,3,30,1,28.000,1
1.805000,203.87,36.418,21.830,373,336,72.000,71,71,18.000,39.000,55.000,262,196,314,160,143,143,143,143,143,143,1,0,0,3,30,1,28.000,1
1.810000,206.03,36.954,22.150,380,337,72.000,71,71,18.000,39.000,55.000,266,197,315,160,143,143,143,143,143,143,1,0,0,3,30,1,28.000,1
1.815000,208.19,37.434,22.430,388,339,72.000,71,71,18.000,39.000,55.000,269,198,317,160,144,144,144,144,144,144,1,0,0,3,30,1,28.000,1
1.820000,210.35,37.856,22.700,395,341,72.000,71,71,18.000,39.000,55.000,273,199,319,160,145,145,145,145,145,145,1,0,0,3,30,1,28.000,1
1.825000,212.51,38.217,22.920,402,344,72.000,71,71,18.000,39.000,55.000,275,201,322,160,147,147,147,147,147,147,1,0,0,3,30,1,28.000,1
1.830000,214.67,38.515,23.080,408,346,72.000,71,71,18.000,39.000,55.000,277,203,324,160,148,148,148,148,148,148,1,0,0,3,30,1,28.000,1
1.835000,216.83,38.748,23.240,414,349,72.000,71,71,18.000,39.000,55.000,279,204,327,160,149,149,149,149,149,149,1,0,0,3,30,1,28.000,1
1.840000,218.99,38.914,23.350,419,351,72.000,71,71,18.000,39.000,55.000,280,206,330,160,150,150,150,150,150,150,1,0,0,3,30,1,28.000,1
1.845000,221.15,39.012,23.410,424,354,72.000,71,71,18.000,39.000,55.000,281,208,333,160,151,151,151,151,151,151,1,0,0,3,30,1,28.000,1
1.850000,223.31,39.042,23.410,428,357,72.000,71,71,18.000,39.000,55.000,281,210,336,160,153,153,153,153,153,153,1,0,0,3,30,1,28.000,1
1.855000,225.47,39.002,23.410,432,360,72.000,71,71,18.000,39.000,55.000,281,212,339,160,154,154,154,154,154,154,1,0,0,3,30,1,28.000,1
1.860000,227.63,38.892,23.350,435,363,72.000,71,71,18.000,39.000,55.000,280,214,342,160,156,156,156,156,156,156,1,0,0,3,30,1,28.000,1
1.865000,229.79,38.714,23.240,437,366,72.000,71,71,18.000,39.000,55.000,279,216,345,160,157,157,157,157,157,157,1,0,0,3,30,1,28.000,1
1.870000,231.95,38.467,23.080,439,369,72.000,71,71,18.000,39.000,55.000,277,218,348,160,159,159,159,159,159,159,1,0,0,3,30,1,28.000,1
1.875000,234.11,38.154,22.920,440,372,72.000,71,71,18.000,39.000,55.000,275,219,351,160,160,160,160,160,160,160,1,0,0,3,30,1,28.000,1
1.880000,236.27,37.775,22.640,441,375,72.000,71,71,18.000,39.000,55.000,272,222,355,160,162,162,162,162,162,162,1,0,0,3,30,1,28.000,1
1.885000,238.43,37.333,22.370,441,377,72.000,71,71,18.000,39.000,55.000,269,223,357,160,162,162,162,162,162,162,1,0,0,3,30,1,28.000,1
1.890000,240.59,36.829,22.100,440,380,72.000,71,71,18.000,39.000,55.000,265,225,360,160,164,164,164,164,164,164,1,0,0,3,30,1,28.000,1
1.895000,242.75,36.267,21.770,438,382,72.000,71,71,18.000,39.000,55.000,261,226,362,160,165,165,165,165,165,165,1,0,0,3,30,1,28.000,1
1.900000,244.91,35.650,21.390,436,384,72.000,71,71,18.000,39.000,55.000,257,227,364,160,166,166,166,166,166,166,1,0,0,3,30,1,28.000,1
1.905000,247.07,34.980,20.960,433,386,72.000,71,71,18.000,39.000,55.000,252,229,366,160,167,167,167,167,167,167,1,0,0,3,30,1,28.000,1
1.910000,249.23,34.262,20.520,430,388,72.000,71,71,18.000,39.000,55.000,246,230,368,160,168,168,168,168,168,168,1,0,0,3,30,1,28.000,1
1.915000,251.39,33.499,20.090,426,390,72.000,71,71,18.000,39.000,55.000,241,231,370,160,169,169,169,169,169,169,1,0,0,3,30,1,28.000,1
1.920000,253.55,32.696,19.600,421,391,72.000,71,71,18.000,39.000,55.000,235,232,371,160,169,169,169,169,169,169,1,0,0,3,30,1,28.000,1
1.925000,255.71,31.858,19.110,416,392,72.000,71,71,18.000,39.000,55.000,229,233,372,160,170,170,170,170,170,170,1,0,0,3,30,1,28.000,1
1.930000,257.87,30.988,18.560,410,393,72.000,71,71,18.000,39.000,55.000,223,233,374,160,170,170,170,170,170,170,1,0,0,3,30,1,28.000,1
1.935000,260.03,30.092,18.080,404,394,72.000,71,71,18.000,39.000,55.000,217,234,375,160,171,171,171,171,171,171,1,0,0,3,30,1,28.000,1
1.940000,262.19,29.174,17.480,397,394,72.000,71,71,18.000,39.000,55.000,210,234,375,160,171,171,171,171,171,171,1,0,0,3,30,1,28.000,1
1.945000,264.35,28.241,16.930,390,394,72.000,71,71,18.000,39.000,55.000,203,234,375,160,171,171,171,171,171,171,1,0,0,3,30,1,28.000,1
1.950000,266.51,27.296,16.390,382,394,72.000,71,71,18.000,39.000,55.000,197,234,375,160,171,171,171,171,171,171,1,0,0,3,30,1,28.000,1
1.955000,268.67,26.346,15.790,374,393,72.000,71,71,18.000,39.000,55.000,189,233,374,160,170,170,170,170,170,170,1,0,0,3,30,1,28.000,1
1.960000,270.83,25.396,15.250,365,393,72.000,71,71,18.000,39.000,55.000,183,233,374,160,170,170,170,170,170,170,1,0,0,3,30,1,28.000,1
1.965000,272.99,24.451,14.650,357,392,72.000,71,71,18.000,39.000,55.000,176,233,372,160,170,170,170,170,170,170,1,0,0,3,30,1,28.000,1
1.970000,275.15,23.517,14.100,348,392,72.000,71,71,18.000,39.000,55.000,169,233,372,160,170,170,170,170,170,170,1,0,0,3,30,1,28.000,1
1.975000,277.31,22.599,13.560,339,391,72.000,71,71,18.000,39.000,55.000,163,232,371,160,169,169,169,169,169,169,1,0,0,3,30,1,28.000,1
1.980000,279.47,21.702,13.020,329,390,72.000,71,71,18.000,39.000,55.000,156,231,370,160,169,169,169,169,169,169,1,0,0,3,30,1,28.000,1
1.985000,281.63,20.831,12.530,320,388,72.000,71,71,18.000,39.000,55.000,150,230,368,160,168,168,168,168,168,168,1,0,0,3,30,1,28.000,1
1.990000,283.79,19.992,11.980,311,387,72.000,71,71,18.000,39.000,55.000,144,229,367,160,167,167,167,167,167,167,1,0,0,3,30,1,28.000,1
1.995000,285.95,19.189,11.490,302,385,72.000,71,71,18.000,39.000,55.000,138,228,365,160,166,166,166,166,166,166,1,0,0,3,30,1,28.000,1
2.000000,288.11,18.426,11.060,293,384,72.000,71,71,18.000,39.000,55.000,133,227,364,160,166,166,166,166,166,166,1,0,0,3,30,1,28.000,1
2.005000,290.27,17.710,10.620,283,382,72.000,72,71,18.000,39.000,55.000,127,226,362,160,165,165,165,165,165,165,1,0,0,3,30,1,28.000,1
2.010000,292.43,17.042,10.240,275,380,72.000,72,71,18.000,39.000,55.000,123,225,360,160,164,164,164,164,164,164,1,0,0,3,30,1,28.000,1
2.015000,294.59,16.428,9.860,266,378,72.000,72,71,18.000,39.000,55.000,118,223,358,160,163,163,163,163,163,163,1,0,0,3,30,1,28.000,1
2.020000,296.75,15.872,9.540,258,375,72.000,72,71,18.000,39.000,55.000,114,222,355,160,162,162,162,162,162,162,1,0,0,3,30,1,28.000,1
2.025000,298.91,15.375,9.210,250,373,72.000,72,71,18.000,39.000,55.000,110,220,353,160,161,161,161,161,161,161,1,0,0,3,30,1,28.000,1
2.030000,301.07,14.942,8.940,242,370,72.000,72,71,18.000,39.000,55.000,107,218,349,160,159,159,159,159,159,159,1,0,0,3,30,1,28.000,1
2.035000,303.23,14.575,8.720,235,368,72.000,72,71,18.000,39.000,55.000,104,217,347,160,158,158,158,158,158,158,1,0,0,3,30,1,28.000,1
2.040000,305.39,14.276,8.560,228,365,72.000,71,71,18.000,39.000,55.000,102,215,344,160,157,157,157,157,157,157,1,0,0,3,30,1,28.000,1
2.045000,307.55,14.048,8.450,222,363,72.000,71,71,18.000,39.000,55.000,101,214,342,160,156,156,156,156,156,156,1,0,0,3,30,1,28.000,1
2.050000,309.71,13.891,8.340,216,360,72.000,71,71,18.000,39.000,55.000,100,212,339,160,154,154,154,154,154,154,1,0,0,3,30,1,28.000,1
2.055000,311.87,13.807,8.280,211,357,72.000,71,71,18.000,39.000,55.000,99,210,336,160,153,153,153,153,153,153,1,0,0,3,30,1,28.000,1
2.060000,314.03,13.797,8.280,207,354,72.000,71,71,18.000,39.000,55.000,99,208,333,160,151,151,151,151,151,151,1,0,0,3,30,1,28.000,1
2.065000,316.19,13.860,8.280,203,351,72.000,71,71,18.000,39.000,55.000,99,206,330,160,150,150,150,150,150,150,1,0,0,3,30,1,28.000,1
2.070000,318.35,13.997,8.390,200,348,72.000,71,71,18.000,39.000,55.000,100,204,326,160,149,149,149,149,149,149,1,0,0,3,30,1,28.000,1
2.075000,320.51,14.208,8.500,198,345,72.000,71,71,18.000,39.000,55.000,102,202,323,160,147,147,147,147,147,147,1,0,0,3,30,1,28.000,1
2.080000,322.67,14.490,8.670,196,342,72.000,71,71,18.000,39.000,55.000,104,200,320,160,146,146,146,146,146,146,1,0,0,3,30,1,28.000,1
2.085000,324.83,14.844,8.880,195,339,72.000,71,71,18.000,39.000,55.000,106,198,317,160,144,144,144,144,144,144,1,0,0,3,30,1,28.000,1
2.090000,326.99,15.267,9.150,194,337,72.000,71,71,18.000,39.000,55.000,110,197,315,160,143,143,143,143,143,143,1,0,0,3,30,1,28.000,1
2.095000,329.15,15.757,9.430,195,334,72.000,71,71,18.000,39.000,55.000,113,195,312,160,142,142,142,142,142,142,1,0,0,3,30,1,28.000,1
2.100000,331.31,16.312,9.750,196,331,72.000,71,71,18.000,39.000,55.000,117,193,309,160,140,140,140,140,140,140,1,0,0,3,30,1,28.000,1
2.105000,333.47,16.928,10.130,197,329,72.000,71,71,18.000,39.000,55.000,121,191,306,160,140,140,140,140,140,140,1,0,0,3,30,1,28.000,1
2.110000,335.63,17.603,10.570,200,326,72.000,71,71,18.000,39.000,55.000,127,189,303,160,138,138,138,138,138,138,1,0,0,3,30,1,28.000,1
2.115000,337.79,18.334,11.000,203,324,72.000,71,71,18.000,39.000,55.000,132,188,301,160,137,137,137,137,137,137,1,0,0,3,30,1,28.000,1
2.120000,339.95,19.115,11.490,207,321,72.000,71,71,18.000,39.000,55.000,138,186,298,160,136,136,136,136,136,136,1,0,0,3,30,1,28.000,1
2.125000,342.11,19.944,11.980,212,319,72.000,71,71,18.000,39.000,55.000,144,185,296,160,135,135,135,135,135,135,1,0,0,3,30,1,28.000,1
2.130000,344.27,20.816,12.470,217,317,72.000,71,71,18.000,39.000,55.000,149,184,294,160,134,134,134,134,134,134,1,0,0,3,30,1,28.000,1
2.135000,346.43,21.726,13.020,223,315,72.000,71,71,18.000,39.000,55.000,156,182,292,160,133,133,133,133,133,133,1,0,0,3,30,1,28.000,1
2.140000,348.59,22.669,13.620,229,313,72.000,71,71,18.000,39.000,55.000,163,181,290,160,132,132,132,132,132,132,1,0,0,3,30,1,28.000,1
2.145000,350.75,23.641,14.160,236,312,72.000,71,71,18.000,39.000,55.000,170,180,289,160,131,131,131,131,131,131,1,0,0,3,30,1,28.000,1
2.150000,352.91,24.636,14.760,243,310,72.000,71,71,18.000,39.000,55.000,177,179,287,160,130,130,130,130,130,130,1,0,0,3,30,1,28.000,1
2.155000,355.07,25.649,15.410,251,309,72.000,71,71,18.000,39.000,55.000,185,178,286,160,130,130,130,130,130,130,1,0,0,3,30,1,28.000,1
2.160000,357.23,26.674,16.010,260,308,72.000,71,71,18.000,39.000,55.000,192,178,285,160,130,130,130,130,130,130,1,0,0,3,30,1,28.000,1
2.165000,359.39,27.707,16.610,269,307,72.000,71,71,18.000,39.000,55.000,199,177,284,160,129,129,129,129,129,129,1,0,0,3,30,1,28.000,1
2.170000,1.55,28.741,17.260,278,307,72.000,71,71,18.000,39.000,55.000,207,177,284,160,129,129,129,129,129,129,1,0,0,3,30,1,28.000,1
2.175000,3.71,29.771,17.860,287,306,72.000,71,71,18.000,39.000,55.000,214,176,282,160,129,129,129,129,129,129,1,0,0,3,30,1,28.000,1
2.180000,5.87,30.792,18.460,297,306,72.000,71,71,18.000,39.000,55.000,222,176,282,160,129,129,129,129,129,129,1,0,0,3,30,1,28.000,1
2.185000,8.03,31.798,19.050,307,306,72.000,71,71,18.000,39.000,55.000,229,176,282,160,129,129,129,129,129,129,1,0,0,3,30,1,28.000,1
2.190000,10.19,32.783,19.650,317,306,72.000,71,71,18.000,39.000,55.000,236,176,282,160,129,129,129,129,129,129,1,0,0,3,30,1,28.000,1
2.195000,12.35,33.743,20.250,327,307,72.000,71,71,18.000,39.000,55.000,243,177,284,160,129,129,129,129,129,129,1,0,0,3,30,1,28.000,1
2.200000,14.51,34.673,20.790,337,308,72.000,71,71,18.000,39.000,55.000,250,178,285,160,130,130,130,130,130,130,1,0,0,3,30,1,28.000,1
2.205000,16.67,35.567,21.340,347,309,72.000,71,71,18.000,39.000,55.000,256,178,286,160,130,130,130,130,130,130,1,0,0,3,30,1,28.000,1
2.210000,18.83,36.420,21.830,357,311,72.000,71,71,18.000,39.000,55.000,262,180,288,160,131,131,131,131,131,131,1,0,0,3,30,1,28.000,1
2.215000,20.99,37.229,22.320,367,313,72.000,71,71,18.000,39.000,55.000,268,181,290,160,132,132,132,132,132,132,1,0,0,3,30,1,28.000,1
2.220000,23.15,37.989,22.810,377,315,72.000,71,71,18.000,39.000,55.000,274,182,292,160,133,133,133,133,133,133,1,0,0,3,30,1,28.000,1
2.225000,25.31,38.696,23.190,387,318,72.000,71,71,18.000,39.000,55.000,278,184,295,160,134,134,134,134,134,134,1,0,0,3,30,1,28.000,1
2.230000,27.47,39.346,23.620,396,321,72.000,71,71,18.000,39.000,55.000,284,186,298,160,136,136,136,136,136,136,1,0,0,3,30,1,28.000,1
2.235000,29.63,39.937,23.950,405,324,72.000,71,71,18.000,39.000,55.000,288,188,301,160,137,137,137,137,137,137,1,0,0,3,30,1,28.000,1
2.240000,31.79,40.464,24.280,413,328,72.000,71,71,18.000,39.000,55.000,292,191,305,160,139,139,139,139,139,139,1,0,0,3,30,1,28.000,1
2.245000,33.95,40.925,24.550,422,331,72.000,71,71,18.000,39.000,55.000,295,193,309,160,140,140,140,140,140,140,1,0,0,3,30,1,28.000,1
2.250000,36.11,41.318,24.770,429,335,72.000,71,71,18.000,39.000,55.000,297,195,313,160,142,142,142,142,142,142,1,0,0,3,30,1,28.000,1
2.255000,38.27,41.641,24.980,436,339,72.000,71,71,18.000,39.000,55.000,300,198,317,160,144,144,144,144,144,144,1,0,0,3,30,1,28.000,1
2.260000,40.43,41.893,25.150,443,343,72.000,71,71,18.000,39.000,55.000,302,201,321,160,146,146,146,146,146,146,1,0,0,3,30,1,28.000,1
2.265000,42.59,42.071,25.260,449,347,72.000,71,71,18.000,39.000,55.000,303,203,325,160,148,148,148,148,148,148,1,0,0,3,30,1,28.000,1
2.270000,44.75,42.176,25.310,455,352,72.000,71,71,18.000,39.000,55.000,304,206,331,160,151,151,151,151,151,151,1,0,0,3,30,1,28.000,1
2.275000,46.91,42.208,25.310,459,356,72.000,71,71,18.000,39.000,55.000,304,209,335,160,152,152,152,152,152,152,1,0,0,3,30,1,28.000,1
2.280000,49.07,42.165,25.310,464,360,72.000,71,71,18.000,39.000,55.000,304,212,339,160,154,154,154,154,154,154,1,0,0,3,30,1,28.000,1
2.285000,51.23,42.050,25.200,467,365,72.000,71,71,18.000,39.000,55.000,303,215,344,160,157,157,157,157,157,157,1,0,0,3,30,1,28.000,1
2.290000,53.39,41.862,25.090,470,369,72.000,71,71,18.000,39.000,55.000,301,218,348,160,159,159,159,159,159,159,1,0,0,3,30,1,28.000,1
2.295000,55.55,41.603,24.930,472,373,72.000,71,71,18.000,39.000,55.000,299,220,353,160,161,161,161,161,161,161,1,0,0,3,30,1,28.000,1
2.300000,57.71,41.274,24.770,473,377,72.000,71,71,18.000,39.000,55.000,297,223,357,160,162,162,162,162,162,162,1,0,0,3,30,1,28.000,1
2.305000,59.87,40.878,24.490,474,381,72.000,71,71,18.000,39.000,55.000,294,225,361,160,164,164,164,164,164,164,1,0,0,3,30,1,28.000,1
2.310000,62.03,40.417,24.220,474,385,72.000,71,71,18.000,39.000,55.000,291,228,365,160,166,166,166,166,166,166,1,0,0,3,30,1,28.000,1
2.315000,64.19,39.894,23.950,473,388,72.000,72,71,18.000,39.000,55.000,288,230,368,160,168,168,168,168,168,168,1,0,0,3,30,1,28.000,1
2.320000,66.35,39.312,23.570,472,392,72.000,72,71,18.000,39.000,55.000,283,233,372,160,170,170,170,170,170,170,1,0,0,3,30,1,28.000,1
2.325000,68.51,38.675,23.190,470,395,72.000,72,71,18.000,39.000,55.000,278,235,376,160,171,171,171,171,171,171,1,0,0,3,30,1,28.000,1
2.330000,70.67,37.986,22.810,467,398,72.000,72,71,18.000,39.000,55.000,274,237,379,160,173,173,173,173,173,173,1,0,0,3,30,1,28.000,1
2.335000,72.83,37.249,22.320,463,401,72.000,72,71,18.000,39.000,55.000,268,238,382,160,174,174,174,174,174,174,1,0,0,3,30,1,28.000,1
2.340000,74.99,36.468,21.880,459,403,72.000,72,71,18.000,39.000,55.000,263,240,384,160,175,175,175,175,175,175,1,0,0,3,30,1,28.000,1
2.345000,77.15,35.649,21.390,454,405,72.000,72,71,18.000,39.000,55.000,257,241,386,160,176,176,176,176,176,176,1,0,0,3,30,1,28.000,1
2.350000,79.31,34.795,20.850,449,407,72.000,71,71,18.000,39.000,55.000,250,242,388,160,177,177,177,177,177,177,1,0,0,3,30,1,28.000,1
2.355000,81.47,33.913,20.360,443,409,72.000,71,71,18.000,39.000,55.000,244,244,390,160,178,178,178,178,178,178,1,0,0,3,30,1,28.000,1
2.360000,83.63,33.006,19.820,437,410,72.000,71,71,18.000,39.000,55.000,238,244,391,160,178,178,178,178,178,178,1,0,0,3,30,1,28.000,1
2.365000,85.79,32.080,19.220,430,411,72.000,71,71,18.000,39.000,55.000,231,245,392,160,179,179,179,179,179,179,1,0,0,3,30,1,28.000,1
2.370000,87.95,31.140,18.670,422,411,72.000,71,71,18.000,39.000,55.000,224,245,392,160,179,179,179,179,179,179,1,0,0,3,30,1,28.000,1
2.375000,90.11,30.192,18.130,414,411,72.000,71,71,18.000,39.000,55.000,218,245,392,160,179,179,179,179,179,179,1,0,0,3,30,1,28.000,1
2.380000,92.27,29.242,17.530,406,411,72.000,71,71,18.000,39.000,55.000,210,245,392,160,179,179,179,179,179,179,1,0,0,3,30,1,28.000,1
2.385000,94.43,28.294,16.990,398,411,72.000,71,71,18.000,39.000,55.000,204,245,392,160,179,179,179,179,179,179,1,0,0,3,30,1,28.000,1
2.390000,96.59,27.353,16.390,389,411,72.000,71,71,18.000,39.000,55.000,197,245,392,160,179,179,179,179,179,179,1,0,0,3,30,1,28.000,1
2.395000,98.75,26.426,15.850,380,411,72.000,71,71,18.000,39.000,55.000,190,245,392,160,179,179,179,179,179,179,1,0,0,3,30,1,28.000,1
2.400000,100.91,25.517,15.300,371,410,72.000,71,71,18.000,39.000,55.000,184,244,391,160,178,178,178,178,178,178,1,0,0,3,30,1,28.000,1
2.405000,103.07,24.632,14.760,362,409,72.000,71,71,18.000,39.000,55.000,177,244,390,160,178,178,178,178,178,178,1,0,0,3,30,1,28.000,1
2.410000,105.23,23.775,14.270,353,408,72.000,71,71,18.000,39.000,55.000,171,243,389,160,177,177,177,177,177,177,1,0,0,3,30,1,28.000,1
2.415000,107.39,22.951,13.780,343,407,72.000,71,71,18.000,39.000,55.000,165,242,388,160,177,177,177,177,177,177,1,0,0,3,30,1,28.000,1
2.420000,109.55,22.165,13.290,334,406,72.000,71,71,18.000,39.000,55.000,159,242,387,160,176,176,176,176,176,176,1,0,0,3,30,1,28.000,1
2.425000,111.71,21.421,12.850,325,404,72.000,71,71,18.000,39.000,55.000,154,240,385,160,175,175,175,175,175,175,1,0,0,3,30,1,28.000,1
2.430000,113.87,20.724,12.420,316,402,72.000,71,71,18.000,39.000,55.000,149,239,383,160,174,174,174,174,174,174,1,0,0,3,30,1,28.000,1
2.435000,116.03,20.076,12.040,307,401,72.000,71,71,18.000,39.000,55.000,144,238,382,160,174,174,174,174,174,174,1,0,0,3,30,1,28.000,1
2.440000,118.19,19.482,11.710,299,399,72.000,71,71,18.000,39.000,55.000,140,237,380,160,173,173,173,173,173,173,1,0,0,3,30,1,28.000,1
2.445000,120.35,18.945,11.380,291,397,72.000,71,71,18.000,39.000,55.000,136,236,378,160,172,172,172,172,172,172,1,0,0,3,30,1,28.000,1
2.450000,122.51,18.468,11.060,283,395,72.000,71,71,18.000,39.000,55.000,133,235,376,160,171,171,171,171,171,171,1,0,0,3,30,1,28.000,1
2.455000,124.67,18.053,10.840,275,392,72.000,71,71,18.000,39.000,55.000,130,233,372,160,170,170,170,170,170,170,1,0,0,3,30,1,28.000,1
2.460000,126.83,17.702,10.620,268,390,72.000,71,71,18.000,39.000,55.000,127,231,370,160,169,169,169,169,169,169,1,0,0,3,30,1,28.000,1
2.465000,128.99,17.418,10.460,262,388,72.000,71,71,18.000,39.000,55.000,125,230,368,160,168,168,168,168,168,168,1,0,0,3,30,1,28.000,1
2.470000,131.15,17.200,10.300,256,385,72.000,71,71,18.000,39.000,55.000,123,228,365,160,166,166,166,166,166,166,1,0,0,3,30,1,28.000,1
2.475000,133.31,17.052,10.240,250,382,72.000,71,71,18.000,39.000,55.000,123,226,362,160,165,165,165,165,165,165,1,0,0,3,30,1,28.000,1
2.480000,135.47,16.973,10.190,245,380,72.000,71,71,18.000,39.000,55.000,122,225,360,160,164,164,164,164,164,164,1,0,0,3,30,1,28.000,1
2.485000,137.63,16.963,10.190,241,377,72.000,71,71,18.000,39.000,55.000,122,223,357,160,162,162,162,162,162,162,1,0,0,3,30,1,28.000,1
2.490000,139.79,17.022,10.190,237,374,72.000,71,71,18.000,39.000,55.000,122,221,354,160,161,161,161,161,161,161,1,0,0,3,30,1,28.000,1
2.495000,141.95,17.149,10.300,234,372,72.000,71,71,18.000,39.000,55.000,123,219,351,160,160,160,160,160,160,160,1,0,0,3,30,1,28.000,1
2.500000,144.11,17.345,10.410,232,369,72.000,71,71,18.000,39.000,55.000,125,218,348,160,159,159,159,159,159,159,1,0,0,3,30,1,28.000,1
2.505000,146.27,17.606,10.570,230,366,72.000,71,71,18.000,39.000,55.000,127,216,345,160,157,157,157,157,157,157,1,0,0,3,30,1,28.000,1
2.510000,148.43,17.932,10.790,229,364,72.000,71,71,18.000,39.000,55.000,129,214,343,160,156,156,156,156,156,156,1,0,0,3,30,1,28.000,1
2.515000,150.59,18.320,11.000,229,361,72.000,71,71,18.000,39.000,55.000,132,212,340,160,155,155,155,155,155,155,1,0,0,3,30,1,28.000,1
2.520000,152.75,18.767,11.280,229,358,72.000,71,71,18.000,39.000,55.000,135,210,337,160,153,153,153,153,153,153,1,0,0,3,30,1,28.000,1
2.525000,154.91,19.272,11.550,230,356,72.000,71,71,18.000,39.000,55.000,138,209,335,160,152,152,152,152,152,152,1,0,0,3,30,1,28.000,1
2.530000,157.07,19.830,11.870,231,353,72.000,71,71,18.000,39.000,55.000,142,207,332,160,151,151,151,151,151,151,1,0,0,3,30,1,28.000,1
2.535000,159.23,20.438,12.260,233,351,72.000,71,71,18.000,39.000,55.000,147,206,330,160,150,150,150,150,150,150,1,0,0,3,30,1,28.000,1
2.540000,161.39,21.093,12.640,236,349,72.000,71,71,18.000,39.000,55.000,152,204,327,160,149,149,149,149,149,149,1,0,0,3,30,1,28.000,1
2.545000,163.55,21.790,13.070,240,347,72.000,71,71,18.000,39.000,55.000,157,203,325,160,148,148,148,148,148,148,1,0,0,3,30,1,28.000,1
2.550000,165.71,22.525,13.510,244,345,72.000,71,71,18.000,39.000,55.000,162,202,323,160,147,147,147,147,147,147,1,0,0,3,30,1,28.000,1
2.555000,167.87,23.293,14.000,248,343,72.000,71,71,18.000,39.000,55.000,168,201,321,160,146,146,146,146,146,146,1,0,0,3,30,1,28.000,1
2.560000,170.03,24.090,14.430,254,341,72.000,71,71,18.000,39.000,55.000,173,199,319,160,145,145,145,145,145,145,1,0,0,3,30,1,28.000,1
2.565000,172.19,24.911,14.920,259,339,72.000,71,71,18.000,39.000,55.000,179,198,317,160,144,144,144,144,144,144,1,0,0,3,30,1,28.000,1
2.570000,174.35,25.751,15.460,265,338,72.000,71,71,18.000,39.000,55.000,185,197,316,160,144,144,144,144,144,144,1,0,0,3,30,1,28.000,1
2.575000,176.51,26.604,15.950,272,337,72.000,71,71,18.000,39.000,55.000,191,197,315,160,143,143,143,143,143,143,1,0,0,3,30,1,28.000,1
2.580000,178.67,27.466,16.500,279,335,72.000,71,71,18.000,39.000,55.000,198,195,313,160,142,142,142,142,142,142,1,0,0,3,30,1,28.000,1
2.585000,180.83,28.332,16.990,286,334,72.000,71,71,18.000,39.000,55.000,204,195,312,160,142,142,142,142,142,142,1,0,0,3,30,1,28.000,1
2.590000,182.99,29.195,17.530,294,334,72.000,71,71,18.000,39.000,55.000,210,195,312,160,142,142,142,142,142,142,1,0,0,3,30,1,28.000,1
2.595000,185.15,30.051,18.020,302,333,72.000,71,71,18.000,39.000,55.000,216,194,311,160,141,141,141,141,141,141,1,0,0,3,30,1,28.000,1
2.600000,187.31,30.895,18.510,310,332,72.000,71,71,18.000,39.000,55.000,222,193,310,160,141,141,141,141,141,141,1,0,0,3,30,1,28.000,1
2.605000,189.47,31.720,19.050,318,332,72.000,71,71,18.000,39.000,55.000,229,193,310,160,141,141,141,141,141,141,1,0,0,3,30,1,28.000,1
2.610000,191.63,32.523,19.490,326,332,72.000,71,71,18.000,39.000,55.000,234,193,310,160,141,141,141,141,141,141,1,0,0,3,30,1,28.000,1
2.615000,193.79,33.299,19.980,335,332,72.000,71,71,18.000,39.000,55.000,240,193,310,160,141,141,141,141,141,141,1,0,0,3,30,1,28.000,1
2.620000,195.95,34.042,20.410,343,332,72.000,71,71,18.000,39.000,55.000,245,193,310,160,141,141,141,141,141,141,1,0,0,3,30,1,28.000,1
2.625000,198.11,34.748,20.850,351,333,72.000,71,71,18.000,39.000,55.000,250,194,311,160,141,141,141,141,141,141,1,0,0,3,30,1,28.000,1
2.630000,200.27,35.413,21.230,359,334,72.000,72,71,18.000,39.000,55.000,255,195,312,160,142,142,142,142,142,142,1,0,0,3,30,1,28.000,1
2.635000,202.43,36.033,21.610,367,335,72.000,72,71,18.000,39.000,55.000,259,195,313,160,142,142,142,142,142,142,1,0,0,3,30,1,28.000,1
2.640000,204.59,36.603,21.940,375,336,72.000,72,71,18.000,39.000,55.000,263,196,314,160,143,143,143,143,143,143,1,0,0,3,30,1,28.000,1
2.645000,206.75,37.120,22.260,383,338,72.000,72,71,18.000,39.000,55.000,267,197,316,160,144,144,144,144,144,144,1,0,0,3,30,1,28.000,1
2.650000,208.91,37.581,22.540,390,340,72.000,72,71,18.000,39.000,55.000,271,199,318,160,145,145,145,145,145,145,1,0,0,3,30,1,28.000,1
2.655000,211.07,37.983,22.750,397,342,72.000,72,71,18.000,39.000,55.000,273,200,320,160,146,146,146,146,146,146,1,0,0,3,30,1,28.000,1
2.660000,213.23,38.324,22.970,404,344,72.000,72,71,18.000,39.000,55.000,276,201,322,160,147,147,147,147,147,147,1,0,0,3,30,1,28.000,1
2.665000,215.39,38.600,23.130,410,347,72.000,71,71,18.000,39.000,55.000,278,203,325,160,148,148,148,148,148,148,1,0,0,3,30,1,28.000,1
2.670000,217.55,38.811,23.300,416,350,72.000,71,71,18.000,39.000,55.000,280,205,329,160,150,150,150,150,150,150,1,0,0,3,30,1,28.000,1
2.675000,219.71,38.955,23.350,421,352,72.000,71,71,18.000,39.000,55.000,280,206,331,160,151,151,151,151,151,151,1,0,0,3,30,1,28.000,1
2.680000,221.87,39.030,23.410,425,355,72.000,71,71,18.000,39.000,55.000,281,208,334,160,152,152,152,152,152,152,1,0,0,3,30,1,28.000,1
2.685000,224.03,39.036,23.410,429,358,72.000,71,71,18.000,39.000,55.000,281,210,337,160,153,153,153,153,153,153,1,0,0,3,30,1,28.000,1
2.690000,226.19,38.973,23.410,433,361,72.000,71,71,18.000,39.000,55.000,281,212,340,160,155,155,155,155,155,155,1,0,0,3,30,1,28.000,1
2.695000,228.35,38.840,23.300,436,364,72.000,71,71,18.000,39.000,55.000,280,214,343,160,156,156,156,156,156,156,1,0,0,3,30,1,28.000,1
2.700000,230.51,38.639,23.190,438,367,72.000,71,71,18.000,39.000,55.000,278,216,346,160,158,158,158,158,158,158,1,0,0,3,30,1,28.000,1
2.705000,232.67,38.370,23.030,440,370,72.000,71,71,18.000,39.000,55.000,276,218,349,160,159,159,159,159,159,159,1,0,0,3,30,1,28.000,1
2.710000,234.83,38.035,22.810,441,373,72.000,71,71,18.000,39.000,55.000,274,220,353,160,161,161,161,161,161,161,1,0,0,3,30,1,28.000,1
2.715000,236.99,37.634,22.590,441,376,72.000,71,71,18.000,39.000,55.000,271,222,356,160,162,162,162,162,162,162,1,0,0,3,30,1,28.000,1
2.720000,239.15,37.171,22.320,441,378,72.000,71,71,18.000,39.000,55.000,268,223,358,160,163,163,163,163,163,163,1,0,0,3,30,1,28.000,1
2.725000,241.31,36.648,21.990,440,381,72.000,71,71,18.000,39.000,55.000,264,225,361,160,164,164,164,164,164,164,1,0,0,3,30,1,28.000,1
2.730000,243.47,36.067,21.610,438,383,72.000,71,71,18.000,39.000,55.000,259,227,363,160,165,165,165,165,165,165,1,0,0,3,30,1,28.000,1
2.735000,245.63,35.432,21.230,435,385,72.000,71,71,18.000,39.000,55.000,255,228,365,160,166,166,166,166,166,166,1,0,0,3,30,1,28.000,1
2.740000,247.79,34.746,20.850,432,387,72.000,71,71,18.000,39.000,55.000,250,229,367,160,167,167,167,167,167,167,1,0,0,3,30,1,28.000,1
2.745000,249.95,34.012,20.410,429,389,72.000,71,71,18.000,39.000,55.000,245,231,369,160,168,168,168,168,168,168,1,0,0,3,30,1,28.000,1
2.750000,252.11,33.236,19.920,424,390,72.000,71,71,18.000,39.000,55.000,239,231,370,160,169,169,169,169,169,169,1,0,0,3,30,1,28.000,1
2.755000,254.27,32.421,19.440,419,392,72.000,71,71,18.000,39.000,55.000,233,233,372,160,170,170,170,170,170,170,1,0,0,3,30,1,28.000,1
2.760000,256.43,31.571,18.950,414,393,72.000,71,71,18.000,39.000,55.000,227,233,374,160,170,170,170,170,170,170,1,0,0,3,30,1,28.000,1
2.765000,258.59,30.692,18.400,408,393,72.000,71,71,18.000,39.000,55.000,221,233,374,160,170,170,170,170,170,170,1,0,0,3,30,1,28.000,1
2.770000,260.75,29.788,17.860,401,394,72.000,71,71,18.000,39.000,55.000,214,234,375,160,171,171,171,171,171,171,1,0,0,3,30,1,28.000,1
2.775000,262.91,28.865,17.310,394,394,72.000,71,71,18.000,39.000,55.000,208,234,375,160,171,171,171,171,171,171,1,0,0,3,30,1,28.000,1
2.780000,265.07,27.927,16.770,387,394,72.000,71,71,18.000,39.000,55.000,201,234,375,160,171,171,171,171,171,171,1,0,0,3,30,1,28.000,1
2.785000,267.23,26.980,16.170,379,394,72.000,71,71,18.000,39.000,55.000,194,234,375,160,171,171,171,171,171,171,1,0,0,3,30,1,28.000,1
2.790000,269.39,26.029,15.630,371,393,72.000,71,71,18.000,39.000,55.000,187,233,374,160,170,170,170,170,170,170,1,0,0,3,30,1,28.000,1
2.795000,271.55,25.080,15.030,362,393,72.000,71,71,18.000,39.000,55.000,180,233,374,160,170,170,170,170,170,170,1,0,0,3,30,1,28.000,1
2.800000,273.71,24.138,14.490,354,392,72.000,71,71,18.000,39.000,55.000,174,233,372,160,170,170,170,170,170,170,1,0,0,3,30,1,28.000,1
2.805000,275.87,23.209,13.940,345,391,72.000,71,71,18.000,39.000,55.000,167,232,371,160,169,169,169,169,169,169,1,0,0,3,30,1,28.000,1
2.810000,278.03,22.297,13.340,336,390,72.000,71,71,18.000,39.000,55.000,160,231,370,160,169,169,169,169,169,169,1,0,0,3,30,1,28.000,1
2.815000,280.19,21.408,12.850,326,389,72.000,71,71,18.000,39.000,55.000,154,231,369,160,168,168,168,168,168,168,1,0,0,3,30,1,28.000,1
2.820000,282.35,20.547,12.310,317,388,72.000,71,71,18.000,39.000,55.000,148,230,368,160,168,168,168,168,168,168,1,0,0,3,30,1,28.000,1
2.825000,284.51,19.720,11.820,308,386,72.000,71,71,18.000,39.000,55.000,142,229,366,160,167,167,167,167,167,167,1,0,0,3,30,1,28.000,1
2.830000,286.67,18.930,11.330,299,385,72.000,71,71,18.000,39.000,55.000,136,228,365,160,166,166,166,166,166,166,1,0,0,3,30,1,28.000,1
2.835000,288.83,18.182,10.900,290,383,72.000,71,71,18.000,39.000,55.000,131,227,363,160,165,165,165,165,165,165,1,0,0,3,30,1,28.000,1
2.840000,290.99,17.481,10.510,281,381,72.000,71,71,18.000,39.000,55.000,126,225,361,160,164,164,164,164,164,164,1,0,0,3,30,1,28.000,1
2.845000,293.15,16.832,10.080,272,379,72.000,71,71,18.000,39.000,55.000,121,224,359,160,163,163,163,163,163,163,1,0,0,3,30,1,28.000,1
2.850000,295.31,16.236,9.750,263,377,72.000,71,71,18.000,39.000,55.000,117,223,357,160,162,162,162,162,162,162,1,0,0,3,30,1,28.000,1
2.855000,297.47,15.699,9.430,255,375,72.000,71,71,18.000,39.000,55.000,113,222,355,160,162,162,162,162,162,162,1,0,0,3,30,1,28.000,1
2.860000,299.63,15.224,9.150,247,372,72.000,71,71,18.000,39.000,55.000,110,219,351,160,160,160,160,160,160,160,1,0,0,3,30,1,28.000,1
2.865000,301.79,14.812,8.880,240,370,72.000,71,71,18.000,39.000,55.000,106,218,349,160,159,159,159,159,159,159,1,0,0,3,30,1,28.000,1
2.870000,303.95,14.468,8.670,233,367,72.000,71,71,18.000,39.000,55.000,104,216,346,160,158,158,158,158,158,158,1,0,0,3,30,1,28.000,1
2.875000,306.11,14.192,8.500,226,364,72.000,71,71,18.000,39.000,55.000,102,214,343,160,156,156,156,156,156,156,1,0,0,3,30,1,28.000,1
2.880000,308.27,13.988,8.390,220,362,72.000,71,71,18.000,39.000,55.000,100,213,341,160,155,155,155,155,155,155,1,0,0,3,30,1,28.000,1
2.885000,310.43,13.855,8.280,215,359,72.000,71,71,18.000,39.000,55.000,99,211,338,160,154,154,154,154,154,154,1,0,0,3,30,1,28.000,1
2.890000,312.59,13.795,8.280,210,356,72.000,71,71,18.000,39.000,55.000,99,209,335,160,152,152,152,152,152,152,1,0,0,3,30,1,28.000,1
2.895000,314.75,13.810,8.280,206,353,72.000,71,71,18.000,39.000,55.000,99,207,332,160,151,151,151,151,151,151,1,0,0,3,30,1,28.000,1
2.900000,316.91,13.898,8.340,202,350,72.000,71,71,18.000,39.000,55.000,100,205,329,160,150,150,150,150,150,150,1,0,0,3,30,1,28.000,1
2.905000,319.07,14.059,8.450,199,347,72.000,71,71,18.000,39.000,55.000,101,203,325,160,148,148,148,148,148,148,1,0,0,3,30,1,28.000,1
2.910000,321.23,14.294,8.560,197,344,72.000,71,71,18.000,39.000,55.000,102,201,322,160,147,147,147,147,147,147,1,0,0,3,30,1,28.000,1
2.915000,323.39,14.600,8.770,195,341,72.000,71,71,18.000,39.000,55.000,105,199,319,160,145,145,145,145,145,145,1,0,0,3,30,1,28.000,1
2.920000,325.55,14.977,8.990,195,339,72.000,71,71,18.000,39.000,55.000,108,198,317,160,144,144,144,144,144,144,1,0,0,3,30,1,28.000,1
2.925000,327.71,15.423,9.260,194,336,72.000,71,71,18.000,39.000,55.000,111,196,314,160,143,143,143,143,143,143,1,0,0,3,30,1,28.000,1
2.930000,329.87,15.935,9.540,195,333,72.000,71,71,18.000,39.000,55.000,114,194,311,160,141,141,141,141,141,141,1,0,0,3,30,1,28.000,1
2.935000,332.03,16.510,9.920,196,330,72.000,71,71,18.000,39.000,55.000,119,192,308,160,140,140,140,140,140,140,1,0,0,3,30,1,28.000,1
2.940000,334.19,17.147,10.300,198,328,72.000,72,72,18.000,39.000,55.000,125,193,310,160,139,139,139,139,139,139,1,0,0,3,30,1,28.000,1
2.945000,336.35,17.841,10.680,201,325,72.000,72,72,18.000,39.000,55.000,130,191,307,160,138,138,138,138,138,138,1,0,0,3,30,1,28.000,1
2.950000,338.51,18.589,11.170,204,323,72.000,72,72,18.000,39.000,55.000,136,190,305,160,137,137,137,137,137,137,1,0,0,3,30,1,28.000,1
2.955000,340.67,19.387,11.660,208,321,72.000,72,72,18.000,39.000,55.000,142,189,302,160,136,136,136,136,136,136,1,0,0,3,30,1,28.000,1
2.960000,342.83,20.230,12.150,213,318,72.000,72,72,18.000,39.000,55.000,148,187,299,160,134,134,134,134,134,134,1,0,0,3,30,1,28.000,1
2.965000,344.99,21.115,12.690,219,316,72.000,72,72,18.000,39.000,55.000,154,186,297,160,133,133,133,133,133,133,1,0,0,3,30,1,28.000,1
2.970000,347.15,22.037,13.230,225,315,72.000,72,72,18.000,39.000,55.000,161,185,296,160,133,133,133,133,133,133,1,0,0,3,30,1,28.000,1
2.975000,349.31,22.990,13.780,231,313,72.000,71,71,18.000,39.000,55.000,165,181,290,160,132,132,132,132,132,132,1,0,0,3,30,1,28.000,1
2.980000,351.47,23.970,14.380,238,311,72.000,71,71,18.000,39.000,55.000,172,180,288,160,131,131,131,131,131,131,1,0,0,3,30,1,28.000,1
2.985000,353.63,24.972,14.970,246,310,72.000,71,71,18.000,39.000,55.000,180,179,287,160,130,130,130,130,130,130,1,0,0,3,30,1,28.000,1
2.990000,355.79,25.990,15.570,254,309,72.000,71,71,18.000,39.000,55.000,187,178,286,160,130,130,130,130,130,130,1,0,0,3,30,1,28.000,1
2.995000,357.95,27.018,16.230,263,308,72.000,71,71,18.000,39.000,55.000,195,178,285,160,130,130,130,130,130,130,1,0,0,3,30,1,28.000,1
3.000000,0.11,28.052,16.820,272,307,72.000,71,71,18.000,39.000,55.000,202,177,284,160,129,129,129,129,129,129,1,0,0,3,30,1,28.000,1
3.005000,2.27,29.085,17.480,281,307,72.000,71,71,18.000,39.000,55.000,210,177,284,160,129,129,129,129,129,129,1,0,0,3,30,1,28.000,1
3.010000,4.43,30.113,18.080,290,306,72.000,71,71,18.000,39.000,55.000,217,176,282,160,129,129,129,129,129,129,1,0,0,3,30,1,28.000,1
3.015000,6.59,31.129,18.670,300,306,72.000,71,71,18.000,39.000,55.000,224,176,282,160,129,129,129,129,129,129,1,0,0,3,30,1,28.000,1
3.020000,8.75,32.129,19.270,310,306,72.000,71,71,18.000,39.000,55.000,231,176,282,160,129,129,129,129,129,129,1,0,0,3,30,1,28.000,1
3.025000,10.91,33.106,19.870,320,306,72.000,71,71,18.000,39.000,55.000,238,176,282,160,129,129,129,129,129,129,1,0,0,3,30,1,28.000,1
3.030000,13.07,34.057,20.410,330,307,72.000,71,71,18.000,39.000,55.000,245,177,284,160,129,129,129,129,129,129,1,0,0,3,30,1,28.000,1
3.035000,15.23,34.975,20.960,340,308,72.000,71,71,18.000,39.000,55.000,252,178,285,160,130,130,130,130,130,130,1,0,0,3,30,1,28.000,1
3.040000,17.39,35.856,21.500,351,310,72.000,71,71,18.000,39.000,55.000,258,179,287,160,130,130,130,130,130,130,1,0,0,3,30,1,28.000,1
3.045000,19.55,36.695,21.990,361,312,72.000,71,71,18.000,39.000,55.000,264,180,289,160,131,131,131,131,131,131,1,0,0,3,30,1,28.000,1
3.050000,21.71,37.488,22.480,371,314,72.000,71,71,18.000,39.000,55.000,270,182,291,160,132,132,132,132,132,132,1,0,0,3,30,1,28.000,1
3.055000,23.87,38.231,22.920,380,316,72.000,71,71,18.000,39.000,55.000,275,183,293,160,133,133,133,133,133,133,1,0,0,3,30,1,28.000,1
3.060000,26.03,38.919,23.350,390,319,72.000,71,71,18.000,39.000,55.000,280,185,296,160,135,135,135,135,135,135,1,0,0,3,30,1,28.000,1
3.065000,28.19,39.550,23.730,399,322,72.000,71,71,18.000,39.000,55.000,285,187,299,160,136,136,136,136,136,136,1,0,0,3,30,1,28.000,1
3.070000,30.35,40.119,24.060,408,325,72.000,71,71,18.000,39.000,55.000,289,189,302,160,138,138,138,138,138,138,1,0,0,3,30,1,28.000,1
3.075000,32.51,40.625,24.380,416,329,72.000,71,71,18.000,39.000,55.000,293,191,306,160,140,140,140,140,140,140,1,0,0,3,30,1,28.000,1
3.080000,34.67,41.064,24.660,424,333,72.000,71,71,18.000,39.000,55.000,296,194,311,160,141,141,141,141,141,141,1,0,0,3,30,1,28.000,1
3.085000,36.83,41.434,24.870,432,337,72.000,71,71,18.000,39.000,55.000,299,197,315,160,143,143,143,143,143,143,1,0,0,3,30,1,28.000,1
3.090000,38.99,41.733,25.040,439,341,72.000,71,71,18.000,39.000,55.000,301,199,319,160,145,145,145,145,145,145,1,0,0,3,30,1,28.000,1
3.095000,41.15,41.960,25.150,445,345,72.000,71,71,18.000,39.000,55.000,302,202,323,160,147,147,147,147,147,147,1,0,0,3,30,1,28.000,1
3.100000,43.31,42.114,25.260,451,349,72.000,71,71,18.000,39.000,55.000,303,204,327,160,149,149,149,149,149,149,1,0,0,3,30,1,28.000,1
3.105000,45.47,42.195,25.310,456,353,72.000,71,71,18.000,39.000,55.000,304,207,332,160,151,151,151,151,151,151,1,0,0,3,30,1,28.000,1
3.110000,47.63,42.202,25.310,461,357,72.000,71,71,18.000,39.000,55.000,304,210,336,160,153,153,153,153,153,153,1,0,0,3,30,1,28.000,1
3.115000,49.79,42.135,25.260,465,362,72.000,71,71,18.000,39.000,55.000,303,213,341,160,155,155,155,155,155,155,1,0,0,3,30,1,28.000,1
3.120000,51.95,41.995,25.200,468,366,72.000,71,71,18.000,39.000,55.000,303,216,345,160,157,157,157,157,157,157,1,0,0,3,30,1,28.000,1
3.125000,54.11,41.783,25.040,471,370,72.000,71,71,18.000,39.000,55.000,301,218,349,160,159,159,159,159,159,159,1,0,0,3,30,1,28.000,1
3.130000,56.27,41.501,24.870,473,374,72.000,71,71,18.000,39.000,55.000,299,221,354,160,161,161,161,161,161,161,1,0,0,3,30,1,28.000,1
3.135000,58.43,41.149,24.660,474,378,72.000,71,71,18.000,39.000,55.000,296,223,358,160,163,163,163,163,163,163,1,0,0,3,30,1,28.000,1
3.140000,60.59,40.732,24.440,474,382,72.000,71,71,18.000,39.000,55.000,293,226,362,160,165,165,165,165,165,165,1,0,0,3,30,1,28.000,1
3.145000,62.75,40.250,24.110,474,386,72.000,71,71,18.000,39.000,55.000,289,229,366,160,167,167,167,167,167,167,1,0,0,3,30,1,28.000,1
3.150000,64.91,39.707,23.840,473,389,72.000,71,71,18.000,39.000,55.000,286,231,369,160,168,168,168,168,168,168,1,0,0,3,30,1,28.000,1
3.155000,67.07,39.106,23.460,471,393,72.000,71,71,18.000,39.000,55.000,282,233,374,160,170,170,170,170,170,170,1,0,0,3,30,1,28.000,1
3.160000,69.23,38.451,23.080,469,396,72.000,71,71,18.000,39.000,55.000,277,235,377,160,172,172,172,172,172,172,1,0,0,3,30,1,28.000,1
3.165000,71.39,37.745,22.640,466,399,72.000,71,71,18.000,39.000,55.000,272,237,380,160,173,173,173,173,173,173,1,0,0,3,30,1,28.000,1
3.170000,73.55,36.993,22.210,462,401,72.000,71,71,18.000,39.000,55.000,267,238,382,160,174,174,174,174,174,174,1,0,0,3,30,1,28.000,1
3.175000,75.71,36.199,21.720,458,404,72.000,71,71,18.000,39.000,55.000,261,240,385,160,175,175,175,175,175,175,1,0,0,3,30,1,28.000,1
3.180000,77.87,35.368,21.230,453,406,72.000,71,71,18.000,39.000,55.000,255,242,387,160,176,176,176,176,176,176,1,0,0,3,30,1,28.000,1
3.185000,80.03,34.504,20.690,447,408,72.000,71,71,18.000,39.000,55.000,248,243,389,160,177,177,177,177,177,177,1,0,0,3,30,1,28.000,1
3.190000,82.19,33.613,20.140,441,409,72.000,71,71,18.000,39.000,55.000,242,244,390,160,178,178,178,178,178,178,1,0,0,3,30,1,28.000,1
3.195000,84.35,32.699,19.600,434,410,72.000,71,71,18.000,39.000,55.000,235,244,391,160,178,178,178,178,178,178,1,0,0,3,30,1,28.000,1
3.200000,86.51,31.768,19.050,427,411,72.000,71,71,18.000,39.000,55.000,229,245,392,160,179,179,179,179,179,179,1,0,0,3,30,1,28.000,1
3.205000,88.67,30.825,18.510,420,411,72.000,71,71,18.000,39.000,55.000,222,245,392,160,179,179,179,179,179,179,1,0,0,3,30,1,28.000,1
3.210000,90.83,29.876,17.910,412,412,72.000,71,71,18.000,39.000,55.000,215,246,393,160,179,179,179,179,179,179,1,0,0,3,30,1,28.000,1
3.215000,92.99,28.925,17.370,403,411,72.000,71,71,18.000,39.000,55.000,208,245,392,160,179,179,179,179,179,179,1,0,0,3,30,1,28.000,1
3.220000,95.15,27.979,16.770,395,411,72.000,71,71,18.000,39.000,55.000,201,245,392,160,179,179,179,179,179,179,1,0,0,3,30,1,28.000,1
3.225000,97.31,27.042,16.230,386,411,72.000,71,71,18.000,39.000,55.000,195,245,392,160,179,179,179,179,179,179,1,0,0,3,30,1,28.000,1
3.230000,99.47,26.121,15.680,377,410,72.000,71,71,18.000,39.000,55.000,188,244,391,160,178,178,178,178,178,178,1,0,0,3,30,1,28.000,1
3.235000,101.63,25.219,15.140,368,410,72.000,71,71,18.000,39.000,55.000,182,244,391,160,178,178,178,178,178,178,1,0,0,3,30,1,28.000,1
3.240000,103.79,24.343,14.590,359,409,72.000,71,71,18.000,39.000,55.000,175,244,390,160,178,178,178,178,178,178,1,0,0,3,30,1,28.000,1
3.245000,105.95,23.496,14.100,349,408,72.000,71,71,18.000,39.000,55.000,169,243,389,160,177,177,177,177,177,177,1,0,0,3,30,1,28.000,1
3.250000,108.11,22.685,13.620,340,406,72.000,71,71,18.000,39.000,55.000,163,242,387,160,176,176,176,176,176,176,1,0,0,3,30,1,28.000,1
3.255000,110.27,21.912,13.130,331,405,72.000,72,72,18.000,39.000,55.000,160,245,392,160,176,176,176,176,176,176,1,0,0,3,30,1,28.000,1
3.260000,112.43,21.183,12.690,322,404,72.000,72,72,18.000,39.000,55.000,154,244,390,160,175,175,175,175,175,175,1,0,0,3,30,1,28.000,1
3.265000,114.59,20.502,12.310,313,402,72.000,72,72,18.000,39.000,55.000,150,242,388,160,174,174,174,174,174,174,1,0,0,3,30,1,28.000,1
3.270000,116.75,19.872,11.930,304,400,72.000,72,72,18.000,39.000,55.000,145,241,386,160,173,173,173,173,173,173,1,0,0,3,30,1,28.000,1
3.275000,118.91,19.297,11.550,296,398,72.000,72,72,18.000,39.000,55.000,140,240,384,160,173,173,173,173,173,173,1,0,0,3,30,1,28.000,1
3.280000,121.07,18.780,11.280,288,396,72.000,72,72,18.000,39.000,55.000,137,239,382,160,172,172,172,172,172,172,1,0,0,3,30,1,28.000,1
3.285000,123.23,18.323,11.000,280,394,72.000,72,72,18.000,39.000,55.000,134,237,380,160,171,171,171,171,171,171,1,0,0,3,30,1,28.000,1
3.290000,125.39,17.929,10.730,273,392,72.000,71,71,18.000,39.000,55.000,129,233,372,160,170,170,170,170,170,170,1,0,0,3,30,1,28.000,1
3.295000,127.55,17.600,10.570,266,389,72.000,71,71,18.000,39.000,55.000,127,231,369,160,168,168,168,168,168,168,1,0,0,3,30,1,28.000,1
3.300000,129.71,17.338,10.410,260,387,72.000,71,71,18.000,39.000,55.000,125,229,367,160,167,167,167,167,167,167,1,0,0,3,30,1,28.000,1
3.305000,131.87,17.143,10.300,254,384,72.000,71,71,18.000,39.000,55.000,123,227,364,160,166,166,166,166,166,166,1,0,0,3,30,1,28.000,1
3.310000,134.03,17.018,10.190,249,382,72.000,71,71,18.000,39.000,55.000,122,226,362,160,165,165,165,165,165,165,1,0,0,3,30,1,28.000,1
3.315000,136.19,16.962,10.190,244,379,72.000,71,71,18.000,39.000,55.000,122,224,359,160,163,163,163,163,163,163,1,0,0,3,30,1,28.000,1
3.320000,138.35,16.975,10.190,240,376,72.000,71,71,18.000,39.000,55.000,122,222,356,160,162,162,162,162,162,162,1,0,0,3,30,1,28.000,1
3.325000,140.51,17.057,10.240,236,374,72.000,71,71,18.000,39.000,55.000,123,221,354,160,161,161,161,161,161,161,1,0,0,3,30,1,28.000,1
3.330000,142.67,17.207,10.300,233,371,72.000,71,71,18.000,39.000,55.000,123,219,351,160,160,160,160,160,160,160,1,0,0,3,30,1,28.000,1
3.335000,144.83,17.425,10.460,231,368,72.000,71,71,18.000,39.000,55.000,125,217,347,160,158,158,158,158,158,158,1,0,0,3,30,1,28.000,1
3.340000,146.99,17.708,10.620,230,365,72.000,71,71,18.000,39.000,55.000,127,215,344,160,157,157,157,157,157,157,1,0,0,3,30,1,28.000,1
3.345000,149.15,18.054,10.840,229,363,72.000,71,71,18.000,39.000,55.000,130,214,342,160,156,156,156,156,156,156,1,0,0,3,30,1,28.000,1
3.350000,151.31,18.462,11.060,229,360,72.000,71,71,18.000,39.000,55.000,133,212,339,160,154,154,154,154,154,154,1,0,0,3,30,1,28.000,1
3.355000,153.47,18.929,11.330,229,358,72.000,71,71,18.000,39.000,55.000,136,210,337,160,153,153,153,153,153,153,1,0,0,3,30,1,28.000,1
3.360000,155.63,19.452,11.660,230,355,72.000,71,71,18.000,39.000,55.000,140,208,334,160,152,152,152,152,152,152,1,0,0,3,30,1,28.000,1
3.365000,157.79,20.027,11.980,232,353,72.000,71,71,18.000,39.000,55.000,144,207,332,160,151,151,151,151,151,151,1,0,0,3,30,1,28.000,1
3.370000,159.95,20.651,12.360,234,350,72.000,71,71,18.000,39.000,55.000,148,205,329,160,150,150,150,150,150,150,1,0,0,3,30,1,28.000,1
3.375000,162.11,21.321,12.800,237,348,72.000,71,71,18.000,39.000,55.000,153,204,326,160,149,149,149,149,149,149,1,0,0,3,30,1,28.000,1
3.380000,164.27,22.031,13.230,241,346,72.000,71,71,18.000,39.000,55.000,159,203,324,160,148,148,148,148,148,148,1,0,0,3,30,1,28.000,1
3.385000,166.43,22.777,13.670,245,344,72.000,71,71,18.000,39.000,55.000,164,201,322,160,147,147,147,147,147,147,1,0,0,3,30,1,28.000,1
3.390000,168.59,23.556,14.100,250,342,72.000,71,71,18.000,39.000,55.000,169,200,320,160,146,146,146,146,146,146,1,0,0,3,30,1,28.000,1
3.395000,170.75,24.361,14.590,255,340,72.000,71,71,18.000,39.000,55.000,175,199,318,160,145,145,145,145,145,145,1,0,0,3,30,1,28.000,1
3.400000,172.91,25.189,15.080,261,339,72.000,71,71,18.000,39.000,55.000,181,198,317,160,144,144,144,144,144,144,1,0,0,3,30,1,28.000,1
3.405000,175.07,26.034,15.630,267,337,72.000,71,71,18.000,39.000,55.000,187,197,315,160,143,143,143,143,143,143,1,0,0,3,30,1,28.000,1
3.410000,177.23,26.891,16.120,274,336,72.000,71,71,18.000,39.000,55.000,193,196,314,160,143,143,143,143,143,143,1,0,0,3,30,1,28.000,1
3.415000,179.39,27.755,16.660,281,335,72.000,71,71,18.000,39.000,55.000,200,195,313,160,142,142,142,142,142,142,1,0,0,3,30,1,28.000,1
3.420000,181.55,28.620,17.150,289,334,72.000,71,71,18.000,39.000,55.000,206,195,312,160,142,142,142,142,142,142,1,0,0,3,30,1,28.000,1
3.425000,183.71,29.481,17.690,296,333,72.000,71,71,18.000,39.000,55.000,212,194,311,160,141,141,141,141,141,141,1,0,0,3,30,1,28.000,1
3.430000,185.87,30.334,18.180,304,333,72.000,71,71,18.000,39.000,55.000,218,194,311,160,141,141,141,141,141,141,1,0,0,3,30,1,28.000,1
3.435000,188.03,31.172,18.670,312,332,72.000,71,71,18.000,39.000,55.000,224,193,310,160,141,141,141,141,141,141,1,0,0,3,30,1,28.000,1
3.440000,190.19,31.991,19.160,321,332,72.000,71,71,18.000,39.000,55.000,230,193,310,160,141,141,141,141,141,141,1,0,0,3,30,1,28.000,1
3.445000,192.35,32.785,19.650,329,332,72.000,71,71,18.000,39.000,55.000,236,193,310,160,141,141,141,141,141,141,1,0,0,3,30,1,28.000,1
3.450000,194.51,33.551,20.140,337,332,72.000,71,71,18.000,39.000,55.000,242,193,310,160,141,141,141,141,141,141,1,0,0,3,30,1,28.000,1
3.455000,196.67,34.282,20.580,346,332,72.000,71,71,18.000,39.000,55.000,247,193,310,160,141,141,141,141,141,141,1,0,0,3,30,1,28.000,1
3.460000,198.83,34.975,20.960,354,333,72.000,71,71,18.000,39.000,55.000,252,194,311,160,141,141,141,141,141,141,1,0,0,3,30,1,28.000,1
3.465000,200.99,35.625,21.390,362,334,72.000,71,71,18.000,39.000,55.000,257,195,312,160,142,142,142,142,142,142,1,0,0,3,30,1,28.000,1
3.470000,203.15,36.228,21.720,370,335,72.000,71,71,18.000,39.000,55.000,261,195,313,160,142,142,142,142,142,142,1,0,0,3,30,1,28.000,1
3.475000,205.31,36.781,22.050,378,337,72.000,71,71,18.000,39.000,55.000,265,197,315,160,143,143,143,143,143,143,1,0,0,3,30,1,28.000,1
3.480000,207.47,37.280,22.370,385,339,72.000,71,71,18.000,39.000,55.000,269,198,317,160,144,144,144,144,144,144,1,0,0,3,30,1,28.000,1
3.485000,209.63,37.722,22.640,393,341,72.000,71,71,18.000,39.000,55.000,272,199,319,160,145,145,145,145,145,145,1,0,0,3,30,1,28.000,1
3.490000,211.79,38.104,22.860,399,343,72.000,71,71,18.000,39.000,55.000,274,201,321,160,146,146,146,146,146,146,1,0,0,3,30,1,28.000,1
3.495000,213.95,38.423,23.030,406,345,72.000,71,71,18.000,39.000,55.000,276,202,323,160,147,147,147,147,147,147,1,0,0,3,30,1,28.000,1
3.500000,216.11,38.678,23.190,412,348,72.000,71,71,18.000,39.000,55.000,278,204,326,160,149,149,149,149,149,149,1,0,0,3,30,1,28.000,1
3.505000,218.27,38.866,23.300,417,351,72.000,71,71,18.000,39.000,55.000,280,206,330,160,150,150,150,150,150,150,1,0,0,3,30,1,28.000,1
3.510000,220.43,38.987,23.410,422,353,72.000,71,71,18.000,39.000,55.000,281,207,332,160,151,151,151,151,151,151,1,0,0,3,30,1,28.000,1
3.515000,222.59,39.040,23.410,427,356,72.000,71,71,18.000,39.000,55.000,281,209,335,160,152,152,152,152,152,152,1,0,0,3,30,1,28.000,1
3.520000,224.75,39.023,23.410,431,359,72.000,71,71,18.000,39.000,55.000,281,211,338,160,154,154,154,154,154,154,1,0,0,3,30,1,28.000,1
3.525000,226.91,38.936,23.350,434,362,72.000,71,71,18.000,39.000,55.000,280,213,341,160,155,155,155,155,155,155,1,0,0,3,30,1,28.000,1
3.530000,229.07,38.781,23.240,437,365,72.000,71,71,18.000,39.000,55.000,279,215,344,160,157,157,157,157,157,157,1,0,0,3,30,1,28.000,1
3.535000,231.23,38.557,23.130,439,368,72.000,71,71,18.000,39.000,55.000,278,217,347,160,158,158,158,158,158,158,1,0,0,3,30,1,28.000,1
3.540000,233.39,38.266,22.970,440,371,72.000,71,71,18.000,39.000,55.000,276,219,351,160,160,160,160,160,160,160,1,0,0,3,30,1,28.000,1
3.545000,235.55,37.908,22.750,441,374,72.000,71,71,18.000,39.000,55.000,273,221,354,160,161,161,161,161,161,161,1,0,0,3,30,1,28.000,1
3.550000,237.71,37.487,22.480,441,376,72.000,71,71,18.000,39.000,55.000,270,222,356,160,162,162,162,162,162,162,1,0,0,3,30,1,28.000,1
3.555000,239.87,37.004,22.210,440,379,72.000,71,71,18.000,39.000,55.000,267,224,359,160,163,163,163,163,163,163,1,0,0,3,30,1,28.000,1
3.560000,242.03,36.461,21.880,439,381,72.000,71,71,18.000,39.000,55.000,263,225,361,160,164,164,164,164,164,164,1,0,0,3,30,1,28.000,1
3.565000,244.19,35.861,21.500,437,384,72.000,72,72,18.000,39.000,55.000,262,231,369,160,166,166,166,166,166,166,1,0,0,3,30,1,28.000,1
3.570000,246.35,35.209,21.120,434,386,72.000,72,72,18.000,39.000,55.000,257,232,371,160,167,167,167,167,167,167,1,0,0,3,30,1,28.000,1
3.575000,248.51,34.506,20.690,431,388,72.000,72,72,18.000,39.000,55.000,252,233,373,160,168,168,168,168,168,168,1,0,0,3,30,1,28.000,1
3.580000,250.67,33.758,20.250,427,389,72.000,72,72,18.000,39.000,55.000,246,234,375,160,168,168,168,168,168,168,1,0,0,3,30,1,28.000,1
3.585000,252.83,32.968,19.760,423,391,72.000,72,72,18.000,39.000,55.000,241,235,377,160,169,169,169,169,169,169,1,0,0,3,30,1,28.000,1
3.590000,254.99,32.141,19.270,418,392,72.000,72,72,18.000,39.000,55.000,235,236,378,160,170,170,170,170,170,170,1,0,0,3,30,1,28.000,1
3.595000,257.15,31.281,18.780,412,393,72.000,72,72,18.000,39.000,55.000,229,237,379,160,170,170,170,170,170,170,1,0,0,3,30,1,28.000,1
3.600000,259.31,30.393,18.240,406,393,72.000,71,71,18.000,39.000,55.000,219,233,374,160,170,170,170,170,170,170,1,0,0,3,30,1,28.000,1
3.605000,261.47,29.482,17.690,399,394,72.000,71,71,18.000,39.000,55.000,212,234,375,160,171,171,171,171,171,171,1,0,0,3,30,1,28.000,1
3.610000,263.63,28.553,17.150,392,394,72.000,71,71,18.000,39.000,55.000,206,234,375,160,171,171,171,171,171,171,1,0,0,3,30,1,28.000,1
3.615000,265.79,27.612,16.550,384,394,72.000,71,71,18.000,39.000,55.000,199,234,375,160,171,171,171,171,171,171,1,0,0,3,30,1,28.000,1
3.620000,267.95,26.663,16.010,376,394,72.000,71,71,18.000,39.000,55.000,192,234,375,160,171,171,171,171,171,171,1,0,0,3,30,1,28.000,1
3.625000,270.11,25.713,15.410,368,393,72.000,71,71,18.000,39.000,55.000,185,233,374,160,170,170,170,170,170,170,1,0,0,3,30,1,28.000,1
3.630000,272.27,24.765,14.870,360,393,72.000,71,71,18.000,39.000,55.000,178,233,374,160,170,170,170,170,170,170,1,0,0,3,30,1,28.000,1
3.635000,274.43,23.827,14.270,351,392,72.000,71,71,18.000,39.000,55.000,171,233,372,160,170,170,170,170,170,170,1,0,0,3,30,1,28.000,1
3.640000,276.59,22.903,13.720,342,391,72.000,71,71,18.000,39.000,55.000,165,232,371,160,169,169,169,169,169,169,1,0,0,3,30,1,28.000,1
3.645000,278.75,21.998,13.180,333,390,72.000,71,71,18.000,39.000,55.000,158,231,370,160,169,169,169,169,169,169,1,0,0,3,30,1,28.000,1
3.650000,280.91,21.118,12.690,323,389,72.000,71,71,18.000,39.000,55.000,152,231,369,160,168,168,168,168,168,168,1,0,0,3,30,1,28.000,1
3.655000,283.07,20.268,12.150,314,387,72.000,71,71,18.000,39.000,55.000,146,229,367,160,167,167,167,167,167,167,1,0,0,3,30,1,28.000,1
3.660000,285.23,19.452,11.660,305,386,72.000,71,71,18.000,39.000,55.000,140,229,366,160,167,167,167,167,167,167,1,0,0,3,30,1,28.000,1
3.665000,287.39,18.676,11.220,296,384,72.000,71,71,18.000,39.000,55.000,134,227,364,160,166,166,166,166,166,166,1,0,0,3,30,1,28.000,1
3.670000,289.55,17.943,10.790,286,382,72.000,71,71,18.000,39.000,55.000,129,226,362,160,165,165,165,165,165,165,1,0,0,3,30,1,28.000,1
3.675000,291.71,17.259,10.350,278,380,72.000,71,71,18.000,39.000,55.000,124,225,360,160,164,164,164,164,164,164,1,0,0,3,30,1,28.000,1
3.680000,293.87,16.627,9.970,269,378,72.000,71,71,18.000,39.000,55.000,119,223,358,160,163,163,163,163,163,163,1,0,0,3,30,1,28.000,1
3.685000,296.03,16.051,9.640,260,376,72.000,71,71,18.000,39.000,55.000,115,222,356,160,162,162,162,162,162,162,1,0,0,3,30,1,28.000,1
3.690000,298.19,15.534,9.320,252,374,72.000,71,71,18.000,39.000,55.000,112,221,354,160,161,161,161,161,161,161,1,0,0,3,30,1,28.000,1
3.695000,300.35,15.079,9.050,245,371,72.000,71,71,18.000,39.000,55.000,108,219,351,160,160,160,160,160,160,160,1,0,0,3,30,1,28.000,1
3.700000,302.51,14.690,8.830,237,369,72.000,71,71,18.000,39.000,55.000,106,218,348,160,159,159,159,159,159,159,1,0,0,3,30,1,28.000,1
3.705000,304.67,14.368,8.610,230,366,72.000,71,71,18.000,39.000,55.000,103,216,345,160,157,157,157,157,157,157,1,0,0,3,30,1,28.000,1
3.710000,306.83,14.116,8.450,224,363,72.000,71,71,18.000,39.000,55.000,101,214,342,160,156,156,156,156,156,156,1,0,0,3,30,1,28.000,1
3.715000,308.99,13.935,8.340,218,361,72.000,71,71,18.000,39.000,55.000,100,212,340,160,155,155,155,155,155,155,1,0,0,3,30,1,28.000,1
3.720000,311.15,13.827,8.280,213,358,72.000,71,71,18.000,39.000,55.000,99,210,337,160,153,153,153,153,153,153,1,0,0,3,30,1,28.000,1
3.725000,313.31,13.792,8.280,208,355,72.000,71,71,18.000,39.000,55.000,99,208,334,160,152,152,152,152,152,152,1,0,0,3,30,1,28.000,1
3.730000,315.47,13.831,8.280,204,352,72.000,71,71,18.000,39.000,55.000,99,206,331,160,151,151,151,151,151,151,1,0,0,3,30,1,28.000,1
3.735000,317.63,13.943,8.340,201,349,72.000,71,71,18.000,39.000,55.000,100,204,327,160,149,149,149,149,149,149,1,0,0,3,30,1,28.000,1
3.740000,319.79,14.129,8.500,198,346,72.000,71,71,18.000,39.000,55.000,102,203,324,160,148,148,148,148,148,148,1,0,0,3,30,1,28.000,1
3.745000,321.95,14.388,8.610,196,343,72.000,71,71,18.000,39.000,55.000,103,201,321,160,146,146,146,146,146,146,1,0,0,3,30,1,28.000,1
3.750000,324.11,14.718,8.830,195,340,72.000,71,71,18.000,39.000,55.000,106,199,318,160,145,145,145,145,145,145,1,0,0,3,30,1,28.000,1
3.755000,326.27,15.118,9.050,194,338,72.000,71,71,18.000,39.000,55.000,108,197,316,160,144,144,144,144,144,144,1,0,0,3,30,1,28.000,1
3.760000,328.43,15.586,9.370,194,335,72.000,71,71,18.000,39.000,55.000,112,195,313,160,142,142,142,142,142,142,1,0,0,3,30,1,28.000,1
3.765000,330.59,16.120,9.640,195,332,72.000,71,71,18.000,39.000,55.000,115,193,310,160,141,141,141,141,141,141,1,0,0,3,30,1,28.000,1
3.770000,332.75,16.716,10.030,197,329,72.000,71,71,18.000,39.000,55.000,120,191,306,160,140,140,140,140,140,140,1,0,0,3,30,1,28.000,1
3.775000,334.91,17.372,10.410,199,327,72.000,71,71,18.000,39.000,55.000,125,190,305,160,139,139,139,139,139,139,1,0,0,3,30,1,28.000,1
3.780000,337.07,18.084,10.840,202,324,72.000,71,71,18.000,39.000,55.000,130,188,301,160,137,137,137,137,137,137,1,0,0,3,30,1,28.000,1
3.785000,339.23,18.849,11.330,206,322,72.000,71,71,18.000,39.000,55.000,136,187,299,160,136,136,136,136,136,136,1,0,0,3,30,1,28.000,1
3.790000,341.39,19.663,11.770,210,320,72.000,71,71,18.000,39.000,55.000,141,185,297,160,135,135,135,135,135,135,1,0,0,3,30,1,28.000,1
3.795000,343.55,20.521,12.310,215,318,72.000,71,71,18.000,39.000,55.000,148,184,295,160,134,134,134,134,134,134,1,0,0,3,30,1,28.000,1
3.800000,345.71,21.419,12.850,221,316,72.000,71,71,18.000,39.000,55.000,154,183,293,160,133,133,133,133,133,133,1,0,0,3,30,1,28.000,1
3.805000,347.87,22.351,13.400,227,314,72.000,71,71,18.000,39.000,55.000,161,182,291,160,132,132,132,132,132,132,1,0,0,3,30,1,28.000,1
3.810000,350.03,23.314,14.000,234,312,72.000,71,71,18.000,39.000,55.000,168,180,289,160,131,131,131,131,131,131,1,0,0,3,30,1,28.000,1
3.815000,352.19,24.302,14.590,241,311,72.000,71,71,18.000,39.000,55.000,175,180,288,160,131,131,131,131,131,131,1,0,0,3,30,1,28.000,1
3.820000,354.35,25.310,15.190,249,310,72.000,71,71,18.000,39.000,55.000,182,179,287,160,130,130,130,130,130,130,1,0,0,3,30,1,28.000,1
3.825000,356.51,26.332,15.790,257,309,72.000,71,71,18.000,39.000,55.000,189,178,286,160,130,130,130,130,130,130,1,0,0,3,30,1,28.000,1
3.830000,358.67,27.362,16.390,266,308,72.000,71,71,18.000,39.000,55.000,197,178,285,160,130,130,130,130,130,130,1,0,0,3,30,1,28.000,1
3.835000,0.83,28.396,17.040,275,307,72.000,71,71,18.000,39.000,55.000,204,177,284,160,129,129,129,129,129,129,1,0,0,3,30,1,28.000,1
3.840000,2.99,29.429,17.640,284,306,72.000,71,71,18.000,39.000,55.000,212,176,282,160,129,129,129,129,129,129,1,0,0,3,30,1,28.000,1
3.845000,5.15,30.453,18.290,294,306,72.000,71,71,18.000,39.000,55.000,219,176,282,160,129,129,129,129,129,129,1,0,0,3,30,1,28.000,1
3.850000,7.31,31.464,18.890,303,306,72.000,71,71,18.000,39.000,55.000,227,176,282,160,129,129,129,129,129,129,1,0,0,3,30,1,28.000,1
3.855000,9.47,32.457,19.490,313,306,72.000,71,71,18.000,39.000,55.000,234,176,282,160,129,129,129,129,129,129,1,0,0,3,30,1,28.000,1
3.860000,11.63,33.426,20.030,324,307,72.000,71,71,18.000,39.000,55.000,240,177,284,160,129,129,129,129,129,129,1,0,0,3,30,1,28.000,1
3.865000,13.79,34.367,20.630,334,307,72.000,71,71,18.000,39.000,55.000,248,177,284,160,129,129,129,129,129,129,1,0,0,3,30,1,28.000,1
3.870000,15.95,35.273,21.180,344,309,72.000,71,71,18.000,39.000,55.000,254,178,286,160,130,130,130,130,130,130,1,0,0,3,30,1,28.000,1
3.875000,18.11,36.141,21.670,354,310,72.000,71,71,18.000,39.000,55.000,260,179,287,160,130,130,130,130,130,130,1,0,0,3,30,1,28.000,1
3.880000,20.27,36.965,22.150,364,312,72.000,72,72,18.000,39.000,55.000,270,183,293,160,131,131,131,131,131,131,1,0,0,3,30,1,28.000,1
3.885000,22.43,37.742,22.640,374,315,72.000,72,72,18.000,39.000,55.000,276,185,296,160,133,133,133,133,133,133,1,0,0,3,30,1,28.000,1
3.890000,24.59,38.467,23.080,383,317,72.000,72,72,18.000,39.000,55.000,281,186,298,160,134,134,134,134,134,134,1,0,0,3,30,1,28.000,1
3.895000,26.75,39.136,23.460,393,320,72.000,72,72,18.000,39.000,55.000,286,188,301,160,135,135,135,135,135,135,1,0,0,3,30,1,28.000,1
3.900000,28.91,39.747,23.840,402,323,72.000,72,72,18.000,39.000,55.000,290,190,305,160,137,137,137,137,137,137,1,0,0,3,30,1,28.000,1
3.905000,31.07,40.295,24.170,411,327,72.000,72,72,18.000,39.000,55.000,294,193,309,160,139,139,139,139,139,139,1,0,0,3,30,1,28.000,1
3.910000,33.23,40.779,24.440,419,330,72.000,72,72,18.000,39.000,55.000,298,195,312,160,140,140,140,140,140,140,1,0,0,3,30,1,28.000,1
3.915000,35.39,41.195,24.710,427,334,72.000,71,71,18.000,39.000,55.000,297,195,312,160,142,142,142,142,142,142,1,0,0,3,30,1,28.000,1
3.920000,37.55,41.541,24.930,434,338,72.000,71,71,18.000,39.000,55.000,299,197,316,160,144,144,144,144,144,144,1,0,0,3,30,1,28.000,1
3.925000,39.71,41.817,25.090,441,342,72.000,71,71,18.000,39.000,55.000,301,200,320,160,146,146,146,146,146,146,1,0,0,3,30,1,28.000,1
3.930000,41.87,42.020,25.200,447,346,72.000,71,71,18.000,39.000,55.000,303,203,324,160,148,148,148,148,148,148,1,0,0,3,30,1,28.000,1
3.935000,44.03,42.150,25.260,453,350,72.000,71,71,18.000,39.000,55.000,303,205,329,160,150,150,150,150,150,150,1,0,0,3,30,1,28.000,1
3.940000,46.19,42.206,25.310,458,354,72.000,71,71,18.000,39.000,55.000,304,208,333,160,151,151,151,151,151,151,1,0,0,3,30,1,28.000,1
3.945000,48.35,42.188,25.310,462,359,72.000,71,71,18.000,39.000,55.000,304,211,338,160,154,154,154,154,154,154,1,0,0,3,30,1,28.000,1
3.950000,50.51,42.096,25.260,466,363,72.000,71,71,18.000,39.000,55.000,303,214,342,160,156,156,156,156,156,156,1,0,0,3,30,1,28.000,1
3.955000,52.67,41.932,25.150,469,367,72.000,71,71,18.000,39.000,55.000,302,216,346,160,158,158,158,158,158,158,1,0,0,3,30,1,28.000,1
3.960000,54.83,41.697,24.980,471,371,72.000,71,71,18.000,39.000,55.000,300,219,351,160,160,160,160,160,160,160,1,0,0,3,30,1,28.000,1
3.965000,56.99,41.391,24.820,473,376,72.000,71,71,18.000,39.000,55.000,298,222,356,160,162,162,162,162,162,162,1,0,0,3,30,1,28.000,1
3.970000,59.15,41.017,24.600,474,380,72.000,71,71,18.000,39.000,55.000,295,225,360,160,164,164,164,164,164,164,1,0,0,3,30,1,28.000,1
3.975000,61.31,40.578,24.330,474,383,72.000,71,71,18.000,39.000,55.000,292,227,363,160,165,165,165,165,165,165,1,0,0,3,30,1,28.000,1
3.980000,63.47,40.075,24.060,474,387,72.000,71,71,18.000,39.000,55.000,289,229,367,160,167,167,167,167,167,167,1,0,0,3,30,1,28.000,1
3.985000,65.63,39.513,23.680,472,390,72.000,71,71,18.000,39.000,55.000,284,231,370,160,169,169,169,169,169,169,1,0,0,3,30,1,28.000,1
3.990000,67.79,38.893,23.350,470,394,72.000,71,71,18.000,39.000,55.000,280,234,375,160,171,171,171,171,171,171,1,0,0,3,30,1,28.000,1
3.995000,69.95,38.221,22.920,468,397,72.000,71,71,18.000,39.000,55.000,275,236,378,160,172,172,172,172,172,172,1,0,0,3,30,1,28.000,1
4.000000,72.11,37.499,22.480,465,400,72.000,71,71,18.000,39.000,55.000,270,238,381,160,173,173,173,173,173,173,1,0,0,3,30,1,28.000,1
4.005000,74.27,36.733,22.050,461,402,72.000,71,71,18.000,39.000,55.000,265,239,383,160,174,174,174,174,174,174,1,0,0,3,30,1,28.000,1
4.010000,76.43,35.926,21.560,456,404,72.000,71,71,18.000,39.000,55.000,259,240,385,160,175,175,175,175,175,175,1,0,0,3,30,1,28.000,1
4.015000,78.59,35.083,21.070,451,406,72.000,71,71,18.000,39.000,55.000,253,242,387,160,176,176,176,176,176,176,1,0,0,3,30,1,28.000,1
4.020000,80.75,34.210,20.520,445,408,72.000,71,71,18.000,39.000,55.000,246,243,389,160,177,177,177,177,177,177,1,0,0,3,30,1,28.000,1
4.025000,82.91,33.310,19.980,439,409,72.000,71,71,18.000,39.000,55.000,240,244,390,160,178,178,178,178,178,178,1,0,0,3,30,1,28.000,1
4.030000,85.07,32.390,19.440,432,410,72.000,71,71,18.000,39.000,55.000,233,244,391,160,178,178,178,178,178,178,1,0,0,3,30,1,28.000,1
4.035000,87.23,31.455,18.890,425,411,72.000,71,71,18.000,39.000,55.000,227,245,392,160,179,179,179,179,179,179,1,0,0,3,30,1,28.000,1
4.040000,89.39,30.509,18.290,417,411,72.000,71,71,18.000,39.000,55.000,219,245,392,160,179,179,179,179,179,179,1,0,0,3,30,1,28.000,1
4.045000,91.55,29.559,17.750,409,411,72.000,71,71,18.000,39.000,55.000,213,245,392,160,179,179,179,179,179,179,1,0,0,3,30,1,28.000,1
4.050000,93.71,28.609,17.150,401,411,72.000,71,71,18.000,39.000,55.000,206,245,392,160,179,179,179,179,179,179,1,0,0,3,30,1,28.000,1
4.055000,95.87,27.665,16.610,392,411,72.000,71,71,18.000,39.000,55.000,199,245,392,160,179,179,179,179,179,179,1,0,0,3,30,1,28.000,1
4.060000,98.03,26.733,16.060,383,411,72.000,71,71,18.000,39.000,55.000,193,245,392,160,179,179,179,179,179,179,1,0,0,3,30,1,28.000,1
4.065000,100.19,25.818,15.460,374,410,72.000,71,71,18.000,39.000,55.000,185,244,391,160,178,178,178,178,178,178,1,0,0,3,30,1,28.000,1
4.070000,102.35,24.924,14.970,365,409,72.000,71,71,18.000,39.000,55.000,180,244,390,160,178,178,178,178,178,178,1,0,0,3,30,1,28.000,1
4.075000,104.51,24.057,14.430,356,408,72.000,71,71,18.000,39.000,55.000,173,243,389,160,177,177,177,177,177,177,1,0,0,3,30,1,28.000,1
4.080000,106.67,23.222,13.940,346,407,72.000,71,71,18.000,39.000,55.000,167,242,388,160,177,177,177,177,177,177,1,0,0,3,30,1,28.000,1
4.085000,108.83,22.423,13.450,337,406,72.000,71,71,18.000,39.000,55.000,161,242,387,160,176,176,176,176,176,176,1,0,0,3,30,1,28.000,1
4.090000,110.99,21.664,13.020,328,405,72.000,71,71,18.000,39.000,55.000,156,241,386,160,176,176,176,176,176,176,1,0,0,3,30,1,28.000,1
4.095000,113.15,20.951,12.580,319,403,72.000,71,71,18.000,39.000,55.000,151,240,384,160,175,175,175,175,175,175,1,0,0,3,30,1,28.000,1
4.100000,115.31,20.286,12.150,310,401,72.000,71,71,18.000,39.000,55.000,146,238,382,160,174,174,174,174,174,174,1,0,0,3,30,1,28.000,1
4.105000,117.47,19.674,11.820,302,399,72.000,71,71,18.000,39.000,55.000,142,237,380,160,173,173,173,173,173,173,1,0,0,3,30,1,28.000,1
4.110000,119.63,19.118,11.490,293,397,72.000,71,71,18.000,39.000,55.000,138,236,378,160,172,172,172,172,172,172,1,0,0,3,30,1,28.000,1
4.115000,121.79,18.620,11.170,285,395,72.000,71,71,18.000,39.000,55.000,134,235,376,160,171,171,171,171,171,171,1,0,0,3,30,1,28.000,1
4.120000,123.95,18.184,10.900,278,393,72.000,71,71,18.000,39.000,55.000,131,233,374,160,170,170,170,170,170,170,1,0,0,3,30,1,28.000,1
4.125000,126.11,17.812,10.680,271,391,72.000,71,71,18.000,39.000,55.000,128,232,371,160,169,169,169,169,169,169,1,0,0,3,30,1,28.000,1
4.130000,128.27,17.505,10.510,264,388,72.000,71,71,18.000,39.000,55.000,126,230,368,160,168,168,168,168,168,168,1,0,0,3,30,1,28.000,1
4.135000,130.43,17.265,10.350,258,386,72.000,71,71,18.000,39.000,55.000,124,229,366,160,167,167,167,167,167,167,1,0,0,3,30,1,28.000,1
4.140000,132.59,17.094,10.240,252,383,72.000,71,71,18.000,39.000,55.000,123,227,363,160,165,165,165,165,165,165,1,0,0,3,30,1,28.000,1
4.145000,134.75,16.991,10.190,247,381,72.000,71,71,18.000,39.000,55.000,122,225,361,160,164,164,164,164,164,164,1,0,0,3,30,1,28.000,1
4.150000,136.91,16.958,10.190,242,378,72.000,71,71,18.000,39.000,55.000,122,223,358,160,163,163,163,163,163,163,1,0,0,3,30,1,28.000,1
4.155000,139.07,16.994,10.190,239,375,72.000,71,71,18.000,39.000,55.000,122,222,355,160,162,162,162,162,162,162,1,0,0,3,30,1,28.000,1
4.160000,141.23,17.099,10.240,235,373,72.000,71,71,18.000,39.000,55.000,123,220,353,160,161,161,161,161,161,161,1,0,0,3,30,1,28.000,1
4.165000,143.39,17.272,10.350,233,370,72.000,71,71,18.000,39.000,55.000,124,218,349,160,159,159,159,159,159,159,1,0,0,3,30,1,28.000,1
4.170000,145.55,17.512,10.510,231,367,72.000,71,71,18.000,39.000,55.000,126,216,346,160,158,158,158,158,158,158,1,0,0,3,30,1,28.000,1
4.175000,147.71,17.816,10.680,229,365,72.000,71,71,18.000,39.000,55.000,128,215,344,160,157,157,157,157,157,157,1,0,0,3,30,1,28.000,1
4.180000,149.87,18.184,10.900,229,362,72.000,71,71,18.000,39.000,55.000,131,213,341,160,155,155,155,155,155,155,1,0,0,3,30,1,28.000,1
4.185000,152.03,18.612,11.170,229,359,72.000,71,71,18.000,39.000,55.000,134,211,338,160,154,154,154,154,154,154,1,0,0,3,30,1,28.000,1
4.190000,154.19,19.098,11.440,229,357,72.000,72,72,18.000,39.000,55.000,139,213,341,160,153,153,153,153,153,153,1,0,0,3,30,1,28.000,1
4.195000,156.35,19.638,11.770,231,354,72.000,72,72,18.000,39.000,55.000,143,211,337,160,151,151,151,151,151,151,1,0,0,3,30,1,28.000,1
4.200000,158.51,20.230,12.150,233,352,72.000,72,72,18.000,39.000,55.000,148,209,335,160,151,151,151,151,151,151,1,0,0,3,30,1,28.000,1
4.205000,160.67,20.870,12.530,235,350,72.000,72,72,18.000,39.000,55.000,152,208,333,160,150,150,150,150,150,150,1,0,0,3,30,1,28.000,1
4.210000,162.83,21.553,12.910,239,347,72.000,72,72,18.000,39.000,55.000,157,206,330,160,148,148,148,148,148,148,1,0,0,3,30,1,28.000,1
4.215000,164.99,22.276,13.340,242,345,72.000,72,72,18.000,39.000,55.000,162,205,328,160,147,147,147,147,147,147,1,0,0,3,30,1,28.000,1
4.220000,167.15,23.033,13.830,247,343,72.000,72,72,18.000,39.000,55.000,168,203,326,160,146,146,146,146,146,146,1,0,0,3,30,1,28.000,1
4.225000,169.31,23.821,14.270,252,342,72.000,71,71,18.000,39.000,55.000,171,200,320,160,146,146,146,146,146,146,1,0,0,3,30,1,28.000,1
4.230000,171.47,24.635,14.760,257,340,72.000,71,71,18.000,39.000,55.000,177,199,318,160,145,145,145,145,145,145,1,0,0,3,30,1,28.000,1
4.235000,173.63,25.469,15.300,263,338,72.000,71,71,18.000,39.000,55.000,184,197,316,160,144,144,144,144,144,144,1,0,0,3,30,1,28.000,1
4.240000,175.79,26.319,15.790,270,337,72.000,71,71,18.000,39.000,55.000,189,197,315,160,143,143,143,143,143,143,1,0,0,3,30,1,28.000,1
4.245000,177.95,27.178,16.280,276,336,72.000,71,71,18.000,39.000,55.000,195,196,314,160,143,143,143,143,143,143,1,0,0,3,30,1,28.000,1
4.250000,180.11,28.043,16.820,284,335,72.000,71,71,18.000,39.000,55.000,202,195,313,160,142,142,142,142,142,142,1,0,0,3,30,1,28.000,1
4.255000,182.27,28.908,17.310,291,334,72.000,71,71,18.000,39.000,55.000,208,195,312,160,142,142,142,142,142,142,1,0,0,3,30,1,28.000,1
4.260000,184.43,29.767,17.860,299,333,72.000,71,71,18.000,39.000,55.000,214,194,311,160,141,141,141,141,141,141,1,0,0,3,30,1,28.000,1
4.265000,186.59,30.615,18.350,307,332,72.000,71,71,18.000,39.000,55.000,220,193,310,160,141,141,141,141,141,141,1,0,0,3,30,1,28.000,1
4.270000,188.75,31.447,18.840,315,332,72.000,71,71,18.000,39.000,55.000,226,193,310,160,141,141,141,141,141,141,1,0,0,3,30,1,28.000,1
4.275000,190.91,32.259,19.330,323,332,72.000,71,71,18.000,39.000,55.000,232,193,310,160,141,141,141,141,141,141,1,0,0,3,30,1,28.000,1
4.280000,193.07,33.044,19.820,332,332,72.000,71,71,18.000,39.000,55.000,238,193,310,160,141,141,141,141,141,141,1,0,0,3,30,1,28.000,1
4.285000,195.23,33.798,20.250,340,332,72.000,71,71,18.000,39.000,55.000,243,193,310,160,141,141,141,141,141,141,1,0,0,3,30,1,28.000,1
4.290000,197.39,34.517,20.690,348,332,72.000,71,71,18.000,39.000,55.000,248,193,310,160,141,141,141,141,141,141,1,0,0,3,30,1,28.000,1
4.295000,199.55,35.196,21.120,357,333,72.000,71,71,18.000,39.000,55.000,254,194,311,160,141,141,141,141,141,141,1,0,0,3,30,1,28.000,1
4.300000,201.71,35.831,21.500,365,334,72.000,71,71,18.000,39.000,55.000,258,195,312,160,142,142,142,142,142,142,1,0,0,3,30,1,28.000,1
4.305000,203.87,36.418,21.830,373,336,72.000,71,71,18.000,39.000,55.000,262,196,314,160,143,143,143,143,143,143,1,0,0,3,30,1,28.000,1
4.310000,206.03,36.954,22.150,380,337,72.000,71,71,18.000,39.000,55.000,266,197,315,160,143,143,143,143,143,143,1,0,0,3,30,1,28.000,1
4.315000,208.19,37.434,22.430,388,339,72.000,71,71,18.000,39.000,55.000,269,198,317,160,144,144,144,144,144,144,1,0,0,3,30,1,28.000,1
4.320000,210.35,37.856,22.700,395,341,72.000,71,71,18.000,39.000,55.000,273,199,319,160,145,145,145,145,145,145,1,0,0,3,30,1,28.000,1
4.325000,212.51,38.217,22.920,402,344,72.000,71,71,18.000,39.000,55.000,275,201,322,160,147,147,147,147,147,147,1,0,0,3,30,1,28.000,1
4.330000,214.67,38.515,23.080,408,346,72.000,71,71,18.000,39.000,55.000,277,203,324,160,148,148,148,148,148,148,1,0,0,3,30,1,28.000,1
4.335000,216.83,38.748,23.240,414,349,72.000,71,71,18.000,39.000,55.000,279,204,327,160,149,149,149,149,149,149,1,0,0,3,30,1,28.000,1
4.340000,218.99,38.914,23.350,419,351,72.000,71,71,18.000,39.000,55.000,280,206,330,160,150,150,150,150,150,150,1,0,0,3,30,1,28.000,1
4.345000,221.15,39.012,23.410,424,354,72.000,71,71,18.000,39.000,55.000,281,208,333,160,151,151,151,151,151,151,1,0,0,3,30,1,28.000,1
4.350000,223.31,39.042,23.410,428,357,72.000,71,71,18.000,39.000,55.000,281,210,336,160,153,153,153,153,153,153,1,0,0,3,30,1,28.000,1
4.355000,225.47,39.002,23.410,432,360,72.000,71,71,18.000,39.000,55.000,281,212,339,160,154,154,154,154,154,154,1,0,0,3,30,1,28.000,1
4.360000,227.63,38.892,23.350,435,363,72.000,71,71,18.000,39.000,55.000,280,214,342,160,156,156,156,156,156,156,1,0,0,3,30,1,28.000,1
4.365000,229.79,38.714,23.240,437,366,72.000,71,71,18.000,39.000,55.000,279,216,345,160,157,157,157,157,157,157,1,0,0,3,30,1,28.000,1
4.370000,231.95,38.467,23.080,439,369,72.000,71,71,18.000,39.000,55.000,277,218,348,160,159,159,159,159,159,159,1,0,0,3,30,1,28.000,1
4.375000,234.11,38.154,22.920,440,372,72.000,71,71,18.000,39.000,55.000,275,219,351,160,160,160,160,160,160,160,1,0,0,3,30,1,28.000,1
4.380000,236.27,37.775,22.640,441,375,72.000,71,71,18.000,39.000,55.000,272,222,355,160,162,162,162,162,162,162,1,0,0,3,30,1,28.000,1
4.385000,238.43,37.333,22.370,441,377,72.000,71,71,18.000,39.000,55.000,269,223,357,160,162,162,162,162,162,162,1,0,0,3,30,1,28.000,1
4.390000,240.59,36.829,22.100,440,380,72.000,71,71,18.000,39.000,55.000,265,225,360,160,164,164,164,164,164,164,1,0,0,3,30,1,28.000,1
4.395000,242.75,36.267,21.770,438,382,72.000,71,71,18.000,39.000,55.000,261,226,362,160,165,165,165,165,165,165,1,0,0,3,30,1,28.000,1
4.400000,244.91,35.650,21.390,436,384,72.000,71,71,18.000,39.000,55.000,257,227,364,160,166,166,166,166,166,166,1,0,0,3,30,1,28.000,1
4.405000,247.07,34.980,20.960,433,386,72.000,71,71,18.000,39.000,55.000,252,229,366,160,167,167,167,167,167,167,1,0,0,3,30,1,28.000,1
4.410000,249.23,34.262,20.520,430,388,72.000,71,71,18.000,39.000,55.000,246,230,368,160,168,168,168,168,168,168,1,0,0,3,30,1,28.000,1
4.415000,251.39,33.499,20.090,426,390,72.000,71,71,18.000,39.000,55.000,241,231,370,160,169,169,169,169,169,169,1,0,0,3,30,1,28.000,1
4.420000,253.55,32.696,19.600,421,391,72.000,71,71,18.000,39.000,55.000,235,232,371,160,169,169,169,169,169,169,1,0,0,3,30,1,28.000,1
4.425000,255.71,31.858,19.110,416,392,72.000,71,71,18.000,39.000,55.000,229,233,372,160,170,170,170,170,170,170,1,0,0,3,30,1,28.000,1
4.430000,257.87,30.988,18.560,410,393,72.000,71,71,18.000,39.000,55.000,223,233,374,160,170,170,170,170,170,170,1,0,0,3,30,1,28.000,1
4.435000,260.03,30.092,18.080,404,394,72.000,71,71,18.000,39.000,55.000,217,234,375,160,171,171,171,171,171,171,1,0,0,3,30,1,28.000,1
4.440000,262.19,29.174,17.480,397,394,72.000,71,71,18.000,39.000,55.000,210,234,375,160,171,171,171,171,171,171,1,0,0,3,30,1,28.000,1
4.445000,264.35,28.241,16.930,390,394,72.000,71,71,18.000,39.000,55.000,203,234,375,160,171,171,171,171,171,171,1,0,0,3,30,1,28.000,1
4.450000,266.51,27.296,16.390,382,394,72.000,71,71,18.000,39.000,55.000,197,234,375,160,171,171,171,171,171,171,1,0,0,3,30,1,28.000,1
4.455000,268.67,26.346,15.790,374,393,72.000,71,71,18.000,39.000,55.000,189,233,374,160,170,170,170,170,170,170,1,0,0,3,30,1,28.000,1
4.460000,270.83,25.396,15.250,365,393,72.000,71,71,18.000,39.000,55.000,183,233,374,160,170,170,170,170,170,170,1,0,0,3,30,1,28.000,1
4.465000,272.99,24.451,14.650,357,392,72.000,71,71,18.000,39.000,55.000,176,233,372,160,170,170,170,170,170,170,1,0,0,3,30,1,28.000,1
4.470000,275.15,23.517,14.100,348,392,72.000,71,71,18.000,39.000,55.000,169,233,372,160,170,170,170,170,170,170,1,0,0,3,30,1,28.000,1
4.475000,277.31,22.599,13.560,339,391,72.000,71,71,18.000,39.000,55.000,163,232,371,160,169,169,169,169,169,169,1,0,0,3,30,1,28.000,1
4.480000,279.47,21.702,13.020,329,390,72.000,71,71,18.000,39.000,55.000,156,231,370,160,169,169,169,169,169,169,1,0,0,3,30,1,28.000,1
4.485000,281.63,20.831,12.530,320,388,72.000,71,71,18.000,39.000,55.000,150,230,368,160,168,168,168,168,168,168,1,0,0,3,30,1,28.000,1
4.490000,283.79,19.992,11.980,311,387,72.000,71,71,18.000,39.000,55.000,144,229,367,160,167,167,167,167,167,167,1,0,0,3,30,1,28.000,1
4.495000,285.95,19.189,11.490,302,385,72.000,71,71,18.000,39.000,55.000,138,228,365,160,166,166,166,166,166,166,1,0,0,3,30,1,28.000,1
4.500000,288.11,18.426,11.060,293,384,72.000,71,71,18.000,39.000,55.000,133,227,364,160,166,166,166,166,166,166,1,0,0,3,30,1,28.000,1
4.505000,290.27,17.710,10.620,283,382,72.000,72,72,18.000,39.000,55.000,129,229,367,160,165,165,165,165,165,165,1,0,0,3,30,1,28.000,1
4.510000,292.43,17.042,10.240,275,380,72.000,72,72,18.000,39.000,55.000,124,228,365,160,164,164,164,164,164,164,1,0,0,3,30,1,28.000,1
4.515000,294.59,16.428,9.860,266,378,72.000,72,72,18.000,39.000,55.000,120,227,363,160,163,163,163,163,163,163,1,0,0,3,30,1,28.000,1
4.520000,296.75,15.872,9.540,258,375,72.000,72,72,18.000,39.000,55.000,116,225,360,160,162,162,162,162,162,162,1,0,0,3,30,1,28.000,1
4.525000,298.91,15.375,9.210,250,373,72.000,72,72,18.000,39.000,55.000,112,223,358,160,161,161,161,161,161,161,1,0,0,3,30,1,28.000,1
4.530000,301.07,14.942,8.940,242,371,72.000,72,72,18.000,39.000,55.000,109,222,355,160,160,160,160,160,160,160,1,0,0,3,30,1,28.000,1
4.535000,303.23,14.575,8.720,235,368,72.000,72,72,18.000,39.000,55.000,106,220,352,160,158,158,158,158,158,158,1,0,0,3,30,1,28.000,1
4.540000,305.39,14.276,8.560,228,365,72.000,71,71,18.000,39.000,55.000,102,215,344,160,157,157,157,157,157,157,1,0,0,3,30,1,28.000,1
4.545000,307.55,14.048,8.450,222,363,72.000,71,71,18.000,39.000,55.000,101,214,342,160,156,156,156,156,156,156,1,0,0,3,30,1,28.000,1
4.550000,309.71,13.891,8.340,216,360,72.000,71,71,18.000,39.000,55.000,100,212,339,160,154,154,154,154,154,154,1,0,0,3,30,1,28.000,1
4.555000,311.87,13.807,8.280,211,357,72.000,71,71,18.000,39.000,55.000,99,210,336,160,153,153,153,153,153,153,1,0,0,3,30,1,28.000,1
4.560000,314.03,13.797,8.280,207,354,72.000,71,71,18.000,39.000,55.000,99,208,333,160,151,151,151,151,151,151,1,0,0,3,30,1,28.000,1
4.565000,316.19,13.860,8.280,203,351,72.000,71,71,18.000,39.000,55.000,99,206,330,160,150,150,150,150,150,150,1,0,0,3,30,1,28.000,1
4.570000,318.35,13.997,8.390,200,348,72.000,71,71,18.000,39.000,55.000,100,204,326,160,149,149,149,149,149,149,1,0,0,3,30,1,28.000,1
4.575000,320.51,14.208,8.500,198,345,72.000,71,71,18.000,39.000,55.000,102,202,323,160,147,147,147,147,147,147,1,0,0,3,30,1,28.000,1
4.580000,322.67,14.490,8.670,196,342,72.000,71,71,18.000,39.000,55.000,104,200,320,160,146,146,146,146,146,146,1,0,0,3,30,1,28.000,1
4.585000,324.83,14.844,8.880,195,339,72.000,71,71,18.000,39.000,55.000,106,198,317,160,144,144,144,144,144,144,1,0,0,3,30,1,28.000,1
4.590000,326.99,15.267,9.150,194,337,72.000,71,71,18.000,39.000,55.000,110,197,315,160,143,143,143,143,143,143,1,0,0,3,30,1,28.000,1
4.595000,329.15,15.757,9.430,195,334,72.000,71,71,18.000,39.000,55.000,113,195,312,160,142,142,142,142,142,142,1,0,0,3,30,1,28.000,1
4.600000,331.31,16.312,9.750,196,331,72.000,71,71,18.000,39.000,55.000,117,193,309,160,140,140,140,140,140,140,1,0,0,3,30,1,28.000,1
4.605000,333.47,16.928,10.130,197,329,72.000,71,71,18.000,39.000,55.000,121,191,306,160,140,140,140,140,140,140,1,0,0,3,30,1,28.000,1
4.610000,335.63,17.603,10.570,200,326,72.000,71,71,18.000,39.000,55.000,127,189,303,160,138,138,138,138,138,138,1,0,0,3,30,1,28.000,1
4.615000,337.79,18.334,11.000,203,324,72.000,71,71,18.000,39.000,55.000,132,188,301,160,137,137,137,137,137,137,1,0,0,3,30,1,28.000,1
4.620000,339.95,19.115,11.490,207,321,72.000,71,71,18.000,39.000,55.000,138,186,298,160,136,136,136,136,136,136,1,0,0,3,30,1,28.000,1
4.625000,342.11,19.944,11.980,212,319,72.000,71,71,18.000,39.000,55.000,144,185,296,160,135,135,135,135,135,135,1,0,0,3,30,1,28.000,1
4.630000,344.27,20.816,12.470,217,317,72.000,71,71,18.000,39.000,55.000,149,184,294,160,134,134,134,134,134,134,1,0,0,3,30,1,28.000,1
4.635000,346.43,21.726,13.020,223,315,72.000,71,71,18.000,39.000,55.000,156,182,292,160,133,133,133,133,133,133,1,0,0,3,30,1,28.000,1
4.640000,348.59,22.669,13.620,229,313,72.000,71,71,18.000,39.000,55.000,163,181,290,160,132,132,132,132,132,132,1,0,0,3,30,1,28.000,1
4.645000,350.75,23.641,14.160,236,312,72.000,71,71,18.000,39.000,55.000,170,180,289,160,131,131,131,131,131,131,1,0,0,3,30,1,28.000,1
4.650000,352.91,24.636,14.760,243,310,72.000,71,71,18.000,39.000,55.000,177,179,287,160,130,130,130,130,130,130,1,0,0,3,30,1,28.000,1
4.655000,355.07,25.649,15.410,251,309,72.000,71,71,18.000,39.000,55.000,185,178,286,160,130,130,130,130,130,130,1,0,0,3,30,1,28.000,1
4.660000,357.23,26.674,16.010,260,308,72.000,71,71,18.000,39.000,55.000,192,178,285,160,130,130,130,130,130,130,1,0,0,3,30,1,28.000,1
4.665000,359.39,27.707,16.610,269,307,72.000,71,71,18.000,39.000,55.000,199,177,284,160,129,129,129,129,129,129,1,0,0,3,30,1,28.000,1
4.670000,1.55,28.741,17.260,278,307,72.000,71,71,18.000,39.000,55.000,207,177,284,160,129,129,129,129,129,129,1,0,0,3,30,1,28.000,1
4.675000,3.71,29.771,17.860,287,306,72.000,71,71,18.000,39.000,55.000,214,176,282,160,129,129,129,129,129,129,1,0,0,3,30,1,28.000,1
4.680000,5.87,30.792,18.460,297,306,72.000,71,71,18.000,39.000,55.000,222,176,282,160,129,129,129,129,129,129,1,0,0,3,30,1,28.000,1
4.685000,8.03,31.798,19.050,307,306,72.000,71,71,18.000,39.000,55.000,229,176,282,160,129,129,129,129,129,129,1,0,0,3,30,1,28.000,1
4.690000,10.19,32.783,19.650,317,306,72.000,71,71,18.000,39.000,55.000,236,176,282,160,129,129,129,129,129,129,1,0,0,3,30,1,28.000,1
4.695000,12.35,33.743,20.250,327,307,72.000,71,71,18.000,39.000,55.000,243,177,284,160,129,129,129,129,129,129,1,0,0,3,30,1,28.000,1
4.700000,14.51,34.673,20.790,337,308,72.000,71,71,18.000,39.000,55.000,250,178,285,160,130,130,130,130,130,130,1,0,0,3,30,1,28.000,1
4.705000,16.67,35.567,21.340,347,309,72.000,71,71,18.000,39.000,55.000,256,178,286,160,130,130,130,130,130,130,1,0,0,3,30,1,28.000,1
4.710000,18.83,36.420,21.830,357,311,72.000,71,71,18.000,39.000,55.000,262,180,288,160,131,131,131,131,131,131,1,0,0,3,30,1,28.000,1
4.715000,20.99,37.229,22.320,367,313,72.000,71,71,18.000,39.000,55.000,268,181,290,160,132,132,132,132,132,132,1,0,0,3,30,1,28.000,1
4.720000,23.15,37.989,22.810,377,315,72.000,71,71,18.000,39.000,55.000,274,182,292,160,133,133,133,133,133,133,1,0,0,3,30,1,28.000,1
4.725000,25.31,38.696,23.190,387,318,72.000,71,71,18.000,39.000,55.000,278,184,295,160,134,134,134,134,134,134,1,0,0,3,30,1,28.000,1
4.730000,27.47,39.346,23.620,396,321,72.000,71,71,18.000,39.000,55.000,284,186,298,160,136,136,136,136,136,136,1,0,0,3,30,1,28.000,1
4.735000,29.63,39.937,23.950,405,324,72.000,71,71,18.000,39.000,55.000,288,188,301,160,137,137,137,137,137,137,1,0,0,3,30,1,28.000,1
4.740000,31.79,40.464,24.280,413,328,72.000,71,71,18.000,39.000,55.000,292,191,305,160,139,139,139,139,139,139,1,0,0,3,30,1,28.000,1
4.745000,33.95,40.925,24.550,422,331,72.000,71,71,18.000,39.000,55.000,295,193,309,160,140,140,140,140,140,140,1,0,0,3,30,1,28.000,1
4.750000,36.11,41.318,24.770,429,335,72.000,71,71,18.000,39.000,55.000,297,195,313,160,142,142,142,142,142,142,1,0,0,3,30,1,28.000,1
4.755000,38.27,41.641,24.980,436,339,72.000,71,71,18.000,39.000,55.000,300,198,317,160,144,144,144,144,144,144,1,0,0,3,30,1,28.000,1
4.760000,40.43,41.893,25.150,443,343,72.000,71,71,18.000,39.000,55.000,302,201,321,160,146,146,146,146,146,146,1,0,0,3,30,1,28.000,1
4.765000,42.59,42.071,25.260,449,347,72.000,71,71,18.000,39.000,55.000,303,203,325,160,148,148,148,148,148,148,1,0,0,3,30,1,28.000,1
4.770000,44.75,42.176,25.310,455,352,72.000,71,71,18.000,39.000,55.000,304,206,331,160,151,151,151,151,151,151,1,0,0,3,30,1,28.000,1
4.775000,46.91,42.208,25.310,459,356,72.000,71,71,18.000,39.000,55.000,304,209,335,160,152,152,152,152,152,152,1,0,0,3,30,1,28.000,1
4.780000,49.07,42.165,25.310,464,360,72.000,71,71,18.000,39.000,55.000,304,212,339,160,154,154,154,154,154,154,1,0,0,3,30,1,28.000,1
4.785000,51.23,42.050,25.200,467,365,72.000,71,71,18.000,39.000,55.000,303,215,344,160,157,157,157,157,157,157,1,0,0,3,30,1,28.000,1
4.790000,53.39,41.862,25.090,470,369,72.000,71,71,18.000,39.000,55.000,301,218,348,160,159,159,159,159,159,159,1,0,0,3,30,1,28.000,1
4.795000,55.55,41.603,24.930,472,373,72.000,71,71,18.000,39.000,55.000,299,220,353,160,161,161,161,161,161,161,1,0,0,3,30,1,28.000,1
4.800000,57.71,41.274,24.770,473,377,72.000,71,71,18.000,39.000,55.000,297,223,357,160,162,162,162,162,162,162,1,0,0,3,30,1,28.000,1
4.805000,59.87,40.878,24.490,474,381,72.000,71,71,18.000,39.000,55.000,294,225,361,160,164,164,164,164,164,164,1,0,0,3,30,1,28.000,1
4.810000,62.03,40.417,24.220,474,385,72.000,71,71,18.000,39.000,55.000,291,228,365,160,166,166,166,166,166,166,1,0,0,3,30,1,28.000,1
4.815000,64.19,39.894,23.950,473,388,72.000,72,72,18.000,39.000,55.000,292,233,373,160,168,168,168,168,168,168,1,0,0,3,30,1,28.000,1
4.820000,66.35,39.312,23.570,472,392,72.000,72,72,18.000,39.000,55.000,287,236,378,160,170,170,170,170,170,170,1,0,0,3,30,1,28.000,1
4.825000,68.51,38.675,23.190,470,395,72.000,72,72,18.000,39.000,55.000,282,238,381,160,171,171,171,171,171,171,1,0,0,3,30,1,28.000,1
4.830000,70.67,37.986,22.810,467,398,72.000,72,72,18.000,39.000,55.000,278,240,384,160,173,173,173,173,173,173,1,0,0,3,30,1,28.000,1
4.835000,72.83,37.249,22.320,463,401,72.000,72,72,18.000,39.000,55.000,272,242,387,160,174,174,174,174,174,174,1,0,0,3,30,1,28.000,1
4.840000,74.99,36.468,21.880,459,403,72.000,72,72,18.000,39.000,55.000,266,243,389,160,175,175,175,175,175,175,1,0,0,3,30,1,28.000,1
4.845000,77.15,35.649,21.390,454,405,72.000,72,72,18.000,39.000,55.000,260,245,392,160,176,176,176,176,176,176,1,0,0,3,30,1,28.000,1
4.850000,79.31,34.795,20.850,449,407,72.000,71,71,18.000,39.000,55.000,250,242,388,160,177,177,177,177,177,177,1,0,0,3,30,1,28.000,1
4.855000,81.47,33.913,20.360,443,409,72.000,71,71,18.000,39.000,55.000,244,244,390,160,178,178,178,178,178,178,1,0,0,3,30,1,28.000,1
4.860000,83.63,33.006,19.820,437,410,72.000,71,71,18.000,39.000,55.000,238,244,391,160,178,178,178,178,178,178,1,0,0,3,30,1,28.000,1
4.865000,85.79,32.080,19.220,430,411,72.000,71,71,18.000,39.000,55.000,231,245,392,160,179,179,179,179,179,179,1,0,0,3,30,1,28.000,1
4.870000,87.95,31.140,18.670,422,411,72.000,71,71,18.000,39.000,55.000,224,245,392,160,179,179,179,179,179,179,1,0,0,3,30,1,28.000,1
4.875000,90.11,30.192,18.130,414,411,72.000,71,71,18.000,39.000,55.000,218,245,392,160,179,179,179,179,179,179,1,0,0,3,30,1,28.000,1
4.880000,92.27,29.242,17.530,406,411,72.000,71,71,18.000,39.000,55.000,210,245,392,160,179,179,179,179,179,179,1,0,0,3,30,1,28.000,1
4.885000,94.43,28.294,16.990,398,411,72.000,71,71,18.000,39.000,55.000,204,245,392,160,179,179,179,179,179,179,1,0,0,3,30,1,28.000,1
4.890000,96.59,27.353,16.390,389,411,72.000,71,71,18.000,39.000,55.000,197,245,392,160,179,179,179,179,179,179,1,0,0,3,30,1,28.000,1
4.895000,98.75,26.426,15.850,380,411,72.000,71,71,18.000,39.000,55.000,190,245,392,160,179,179,179,179,179,179,1,0,0,3,30,1,28.000,1
4.900000,100.91,25.517,15.300,371,410,72.000,71,71,18.000,39.000,55.000,184,244,391,160,178,178,178,178,178,178,1,0,0,3,30,1,28.000,1
4.905000,103.07,24.632,14.760,362,409,72.000,71,71,18.000,39.000,55.000,177,244,390,160,178,178,178,178,178,178,1,0,0,3,30,1,28.000,1
4.910000,105.23,23.775,14.270,353,408,72.000,71,71,18.000,39.000,55.000,171,243,389,160,177,177,177,177,177,177,1,0,0,3,30,1,28.000,1
4.915000,107.39,22.951,13.780,343,407,72.000,71,71,18.000,39.000,55.000,165,242,388,160,177,177,177,177,177,177,1,0,0,3,30,1,28.000,1
4.920000,109.55,22.165,13.290,334,406,72.000,71,71,18.000,39.000,55.000,159,242,387,160,176,176,176,176,176,176,1,0,0,3,30,1,28.000,1
4.925000,111.71,21.421,12.850,325,404,72.000,71,71,18.000,39.000,55.000,154,240,385,160,175,175,175,175,175,175,1,0,0,3,30,1,28.000,1
4.930000,113.87,20.724,12.420,316,402,72.000,71,71,18.000,39.000,55.000,149,239,383,160,174,174,174,174,174,174,1,0,0,3,30,1,28.000,1
4.935000,116.03,20.076,12.040,307,401,72.000,71,71,18.000,39.000,55.000,144,238,382,160,174,174,174,174,174,174,1,0,0,3,30,1,28.000,1
4.940000,118.19,19.482,11.710,299,399,72.000,71,71,18.000,39.000,55.000,140,237,380,160,173,173,173,173,173,173,1,0,0,3,30,1,28.000,1
4.945000,120.35,18.945,11.380,291,397,72.000,71,71,18.000,39.000,55.000,136,236,378,160,172,172,172,172,172,172,1,0,0,3,30,1,28.000,1
4.950000,122.51,18.468,11.060,283,395,72.000,71,71,18.000,39.000,55.000,133,235,376,160,171,171,171,171,171,171,1,0,0,3,30,1,28.000,1
4.955000,124.67,18.053,10.840,275,392,72.000,71,71,18.000,39.000,55.000,130,233,372,160,170,170,170,170,170,170,1,0,0,3,30,1,28.000,1
4.960000,126.83,17.702,10.620,268,390,72.000,71,71,18.000,39.000,55.000,127,231,370,160,169,169,169,169,169,169,1,0,0,3,30,1,28.000,1
4.965000,128.99,17.418,10.460,262,388,72.000,71,71,18.000,39.000,55.000,125,230,368,160,168,168,168,168,168,168,1,0,0,3,30,1,28.000,1
4.970000,131.15,17.200,10.300,256,385,72.000,71,71,18.000,39.000,55.000,123,228,365,160,166,166,166,166,166,166,1,0,0,3,30,1,28.000,1
4.975000,133.31,17.052,10.240,250,382,72.000,71,71,18.000,39.000,55.000,123,226,362,160,165,165,165,165,165,165,1,0,0,3,30,1,28.000,1
4.980000,135.47,16.973,10.190,245,380,72.000,71,71,18.000,39.000,55.000,122,225,360,160,164,164,164,164,164,164,1,0,0,3,30,1,28.000,1
4.985000,137.63,16.963,10.190,241,377,72.000,71,71,18.000,39.000,55.000,122,223,357,160,162,162,162,162,162,162,1,0,0,3,30,1,28.000,1
4.990000,139.79,17.022,10.190,237,374,72.000,71,71,18.000,39.000,55.000,122,221,354,160,161,161,161,161,161,161,1,0,0,3,30,1,28.000,1
4.995000,141.95,17.149,10.300,234,372,72.000,71,71,18.000,39.000,55.000,123,219,351,160,160,160,160,160,160,160,1,0,0,3,30,1,28.000,1
5.000000,144.00,0.000,0.000,230,369,0.000,71,71,18.000,39.000,55.000,0,218,348,160,159,159,159,159,159,159,1,0,0,3,30,0,28.000,0
5.005000,144.00,0.000,0.000,200,366,0.000,71,71,18.000,39.000,55.000,0,216,345,160,157,157,157,157,157,157,1,0,0,3,30,0,28.000,0
5.010000,144.00,0.000,0.000,173,362,0.000,71,71,18.000,39.000,55.000,0,213,341,160,155,155,155,155,155,155,1,0,0,3,30,0,28.000,0
5.015000,144.00,0.000,0.000,150,358,0.000,71,71,18.000,39.000,55.000,0,210,337,160,153,153,153,153,153,153,1,0,0,3,30,0,28.000,0
5.020000,144.00,0.000,0.000,130,354,0.000,71,71,18.000,39.000,55.000,0,208,333,160,151,151,151,151,151,151,1,0,0,3,30,0,28.000,0
5.025000,144.00,0.000,0.000,113,350,0.000,71,71,18.000,39.000,55.000,0,205,329,160,150,150,150,150,150,150,1,0,0,3,30,0,28.000,0
5.030000,144.00,0.000,0.000,98,345,0.000,71,71,18.000,39.000,55.000,0,202,323,160,147,147,147,147,147,147,1,0,0,3,30,0,28.000,0
5.035000,144.00,0.000,0.000,85,340,0.000,71,71,18.000,39.000,55.000,0,199,318,160,145,145,145,145,145,145,1,0,0,3,30,0,28.000,0
5.040000,144.00,0.000,0.000,73,335,0.000,71,71,18.000,39.000,55.000,0,195,313,160,142,142,142,142,142,142,1,0,0,3,30,0,28.000,0
5.045000,144.00,0.000,0.000,64,329,0.000,71,71,18.000,39.000,55.000,0,191,306,160,140,140,140,140,140,140,1,0,0,3,30,0,28.000,0
5.050000,144.00,0.000,0.000,55,324,0.000,71,71,18.000,39.000,55.000,0,188,301,160,137,137,137,137,137,137,1,0,0,3,30,0,28.000,0
5.055000,144.00,0.000,0.000,48,319,0.000,71,71,18.000,39.000,55.000,0,185,296,160,135,135,135,135,135,135,1,0,0,3,30,0,28.000,0
5.060000,144.00,0.000,0.000,41,313,0.000,71,71,18.000,39.000,55.000,0,181,290,160,132,132,132,132,132,132,1,0,0,3,30,0,28.000,0
5.065000,144.00,0.000,0.000,36,308,0.000,71,71,18.000,39.000,55.000,0,178,285,160,130,130,130,130,130,130,1,0,0,3,30,0,28.000,0
5.070000,144.00,0.000,0.000,31,303,0.000,71,71,18.000,39.000,55.000,0,174,279,160,127,127,127,127,127,127,1,0,0,3,30,0,28.000,0
5.075000,144.00,0.000,0.000,27,297,0.000,71,71,18.000,39.000,55.000,0,170,273,160,124,124,124,124,124,124,1,0,0,3,30,0,28.000,0
5.080000,144.00,0.000,0.000,23,292,0.000,71,71,18.000,39.000,55.000,0,167,268,160,122,122,122,122,122,122,1,0,0,3,30,0,28.000,0
5.085000,144.00,0.000,0.000,20,286,0.000,71,71,18.000,39.000,55.000,0,163,262,160,119,119,119,119,119,119,1,0,0,3,30,0,28.000,0
5.090000,144.00,0.000,0.000,18,281,0.000,71,71,18.000,39.000,55.000,0,160,256,160,117,117,117,117,117,117,1,0,0,3,30,0,28.000,0
5.095000,144.00,0.000,0.000,15,276,0.000,71,71,18.000,39.000,55.000,0,157,251,160,114,114,114,114,114,114,1,0,0,3,30,0,28.000,0
5.100000,144.00,0.000,0.000,13,271,0.000,71,71,18.000,39.000,55.000,0,153,246,160,112,112,112,112,112,112,1,0,0,3,30,0,28.000,0
5.105000,144.00,0.000,0.000,12,266,0.000,71,71,18.000,39.000,55.000,0,150,241,160,109,109,109,109,109,109,1,0,0,3,30,0,28.000,0
5.110000,144.00,0.000,0.000,10,261,0.000,71,71,18.000,39.000,55.000,0,147,235,160,107,107,107,107,107,107,1,0,0,3,30,0,28.000,0
5.115000,144.00,0.000,0.000,9,256,0.000,71,71,18.000,39.000,55.000,0,144,230,160,105,105,105,105,105,105,1,0,0,3,30,0,28.000,0
5.120000,144.00,0.000,0.000,8,251,0.000,71,71,18.000,39.000,55.000,0,140,225,160,102,102,102,102,102,102,1,0,0,3,30,0,28.000,0
5.125000,144.00,0.000,0.000,7,246,0.000,71,71,18.000,39.000,55.000,0,137,220,160,100,100,100,100,100,100,1,0,0,3,30,0,28.000,0
5.130000,144.00,0.000,0.000,6,241,0.000,71,71,18.000,39.000,55.000,0,134,214,160,98,98,98,98,98,98,1,0,0,3,30,0,28.000,0
5.135000,144.00,0.000,0.000,5,237,0.000,71,71,18.000,39.000,55.000,0,131,210,160,96,96,96,96,96,96,1,0,0,3,30,0,28.000,0
5.140000,144.00,0.000,0.000,4,232,0.000,71,71,18.000,39.000,55.000,0,128,205,160,93,93,93,93,93,93,1,0,0,3,30,0,28.000,0
5.145000,144.00,0.000,0.000,4,228,0.000,71,71,18.000,39.000,55.000,0,125,201,160,91,91,91,91,91,91,1,0,0,3,30,0,28.000,0
5.150000,144.00,0.000,0.000,3,223,0.000,71,71,18.000,39.000,55.000,0,122,196,160,89,89,89,89,89,89,1,0,0,3,30,0,28.000,0
5.155000,144.00,0.000,0.000,3,219,0.000,71,71,18.000,39.000,55.000,0,119,191,160,87,87,87,87,87,87,1,0,0,3,30,0,28.000,0
5.160000,144.00,0.000,0.000,3,215,0.000,71,71,18.000,39.000,55.000,0,117,187,160,85,85,85,85,85,85,1,0,0,3,30,0,28.000,0
5.165000,144.00,0.000,0.000,2,211,0.000,71,71,18.000,39.000,55.000,0,114,183,160,83,83,83,83,83,83,1,0,0,3,30,0,28.000,0
5.170000,144.00,0.000,0.000,2,207,0.000,71,71,18.000,39.000,55.000,0,112,179,160,81,81,81,81,81,81,1,0,0,3,30,0,28.000,0
5.175000,144.00,0.000,0.000,2,203,0.000,71,71,18.000,39.000,55.000,0,109,175,160,79,79,79,79,79,79,1,0,0,3,30,0,28.000,0
5.180000,144.00,0.000,0.000,2,199,0.000,71,71,18.000,39.000,55.000,0,106,170,160,77,77,77,77,77,77,1,0,0,3,30,0,28.000,0
5.185000,144.00,0.000,0.000,1,195,0.000,71,71,18.000,39.000,55.000,0,104,166,160,76,76,76,76,76,76,1,0,0,3,30,0,28.000,0
5.190000,144.00,0.000,0.000,1,191,0.000,71,71,18.000,39.000,55.000,0,101,162,160,74,74,74,74,74,74,1,0,0,3,30,0,28.000,0
5.195000,144.00,0.000,0.000,1,187,0.000,71,71,18.000,39.000,55.000,0,98,158,160,72,72,72,72,72,72,1,0,0,3,30,0,28.000,0
5.200000,144.00,0.000,0.000,1,184,0.000,0,0,18.000,39.000,55.000,0,0,0,0,0,0,0,0,0,0,2,144,0,3,70,0,28.000,0
5.205000,144.00,0.000,0.000,1,180,0.000,0,0,18.000,39.000,55.000,0,0,0,0,0,0,0,0,0,0,2,144,0,3,70,0,28.000,0
5.210000,144.00,0.000,0.000,1,176,0.000,0,0,18.000,39.000,55.000,0,0,0,0,0,0,0,0,0,0,2,144,0,3,70,0,28.000,0
5.215000,144.00,0.000,0.000,1,173,0.000,0,0,18.000,39.000,55.000,0,0,0,0,0,0,0,0,0,0,2,144,0,3,70,0,28.000,0
5.220000,144.00,0.000,0.000,1,170,0.000,0,0,18.000,39.000,55.000,0,0,0,0,0,0,0,0,0,0,2,144,0,3,70,0,28.000,0
5.225000,144.00,0.000,0.000,1,166,0.000,0,0,18.000,39.000,55.000,0,0,0,0,0,0,0,0,0,0,2,144,0,3,70,0,28.000,0
5.230000,144.00,0.000,0.000,1,163,0.000,0,0,18.000,39.000,55.000,0,0,0,0,0,0,0,0,0,0,2,144,0,3,70,0,28.000,0
5.235000,144.00,0.000,0.000,0,160,0.000,0,0,18.000,39.000,55.000,0,0,0,0,0,0,0,0,0,0,2,144,0,3,70,0,28.000,0
5.240000,144.00,0.000,0.000,0,157,0.000,0,0,18.000,39.000,55.000,0,0,0,0,0,0,0,0,0,0,2,144,0,3,70,0,28.000,0
5.245000,144.00,0.000,0.000,0,154,0.000,0,0,18.000,39.000,55.000,0,0,0,0,0,0,0,0,0,0,2,144,0,3,70,0,28.000,0
5.250000,144.11,17.345,10.410,2,151,72.000,0,0,18.000,39.000,55.000,0,0,0,0,0,0,0,0,0,0,2,16,0,3,70,1,28.000,2
5.255000,146.27,17.606,10.570,31,148,72.000,0,0,18.000,39.000,55.000,0,0,0,0,0,0,0,0,0,0,2,16,0,3,70,1,28.000,2
5.260000,148.43,17.932,10.790,56,146,72.000,0,0,18.000,39.000,55.000,0,0,0,0,0,0,0,0,0,0,2,16,0,3,70,1,28.000,2
5.265000,150.59,18.320,11.000,79,79,72.000,0,0,18.000,39.000,55.000,0,0,0,160,57,57,57,57,57,5,1,0,0,3,30,1,28.000,2
5.270000,152.75,18.767,11.280,99,99,72.000,0,0,18.000,39.000,55.000,0,0,0,160,71,71,71,71,71,22,1,0,0,3,30,1,28.000,2
5.275000,154.91,19.272,11.550,117,117,72.000,0,0,18.000,39.000,55.000,0,0,0,160,84,84,84,84,84,39,1,0,0,3,30,1,28.000,2
5.280000,157.07,19.830,11.870,134,134,72.000,0,0,18.000,39.000,55.000,0,0,0,160,96,96,96,96,96,56,1,0,0,3,30,1,28.000,2
5.285000,159.23,20.438,12.260,149,149,72.000,0,0,18.000,39.000,55.000,0,0,0,160,108,108,108,108,108,73,1,0,0,3,30,1,28.000,2
5.290000,161.39,21.093,12.640,163,163,72.000,71,71,18.000,39.000,55.000,152,83,133,160,60,60,60,60,60,86,1,0,0,3,30,1,28.000,2
5.295000,163.55,21.790,13.070,176,176,72.000,71,71,18.000,39.000,55.000,157,91,146,160,66,66,66,66,66,66,1,0,0,3,30,1,28.000,2
5.300000,165.71,22.525,13.510,189,189,72.000,71,71,18.000,39.000,55.000,162,100,160,160,73,73,73,73,73,73,1,0,0,3,30,1,28.000,2
5.305000,167.87,23.293,14.000,201,201,72.000,71,71,18.000,39.000,55.000,168,108,173,160,78,78,78,78,78,78,1,0,0,3,30,1,28.000,2
5.310000,170.03,24.090,14.430,212,212,72.000,71,71,18.000,39.000,55.000,173,115,184,160,84,84,84,84,84,84,1,0,0,3,30,1,28.000,2
5.315000,172.19,24.911,14.920,223,223,72.000,71,71,18.000,39.000,55.000,179,122,196,160,89,89,89,89,89,89,1,0,0,3,30,1,28.000,2
5.320000,174.35,25.751,15.460,234,234,72.000,71,71,18.000,39.000,55.000,185,129,207,160,94,94,94,94,94,94,1,0,0,3,30,1,28.000,2
5.325000,176.51,26.604,15.950,245,245,72.000,71,71,18.000,39.000,55.000,191,136,218,160,99,99,99,99,99,99,1,0,0,3,30,1,28.000,2
5.330000,178.67,27.466,16.500,256,256,72.000,71,71,18.000,39.000,55.000,198,144,230,160,105,105,105,105,105,105,1,0,0,3,30,1,28.000,2
5.335000,180.83,28.332,16.990,266,266,72.000,71,71,18.000,39.000,55.000,204,150,241,160,109,109,109,109,109,109,1,0,0,3,30,1,28.000,2
5.340000,182.99,29.195,17.530,276,276,72.000,71,71,18.000,39.000,55.000,210,157,251,160,114,114,114,114,114,114,1,0,0,3,30,1,28.000,2
5.345000,185.15,30.051,18.020,286,286,72.000,71,71,18.000,39.000,55.000,216,163,262,160,119,119,119,119,119,119,1,0,0,3,30,1,28.000,2
5.350000,187.31,30.895,18.510,296,296,72.000,71,71,18.000,39.000,55.000,222,170,272,160,124,124,124,124,124,124,1,0,0,3,30,1,28.000,2
5.355000,189.47,31.720,19.050,306,306,72.000,71,71,18.000,39.000,55.000,229,176,282,160,129,129,129,129,129,129,1,0,0,3,30,1,28.000,2
5.360000,191.63,32.523,19.490,316,316,72.000,71,71,18.000,39.000,55.000,234,183,293,160,133,133,133,133,133,133,1,0,0,3,30,1,28.000,2
5.365000,193.79,33.299,19.980,326,326,72.000,71,71,18.000,39.000,55.000,240,189,303,160,138,138,138,138,138,138,1,0,0,3,30,1,28.000,2
5.370000,195.95,34.042,20.410,335,335,72.000,71,71,18.000,39.000,55.000,245,195,313,160,142,142,142,142,142,142,1,0,0,3,30,1,28.000,2
5.375000,198.11,34.748,20.850,345,345,72.000,71,71,18.000,39.000,55.000,250,202,323,160,147,147,147,147,147,147,1,0,0,3,30,1,28.000,2
5.380000,200.27,35.413,21.230,354,354,72.000,71,71,18.000,39.000,55.000,255,208,333,160,151,151,151,151,151,151,1,0,0,3,30,1,28.000,2
5.385000,202.43,36.033,21.610,363,363,72.000,71,71,18.000,39.000,55.000,259,214,342,160,156,156,156,156,156,156,1,0,0,3,30,1,28.000,2
5.390000,204.59,36.603,21.940,371,371,72.000,71,71,18.000,39.000,55.000,263,219,351,160,160,160,160,160,160,160,1,0,0,3,30,1,28.000,2
5.395000,206.75,37.120,22.260,379,379,72.000,71,71,18.000,39.000,55.000,267,224,359,160,163,163,163,163,163,163,1,0,0,3,30,1,28.000,2
5.400000,208.91,37.581,22.540,387,387,72.000,71,71,18.000,39.000,55.000,271,229,367,160,167,167,167,167,167,167,1,0,0,3,30,1,28.000,2
5.405000,211.07,37.983,22.750,394,393,72.000,71,71,18.000,39.000,55.000,273,233,374,160,170,170,170,170,170,170,1,0,0,3,30,1,28.000,2
5.410000,213.23,38.324,22.970,401,393,72.000,71,71,18.000,39.000,55.000,276,233,374,160,170,170,170,170,170,170,1,0,0,3,30,1,28.000,2
5.415000,215.39,38.600,23.130,408,394,72.000,71,71,18.000,39.000,55.000,278,234,375,160,171,171,171,171,171,171,1,0,0,3,30,1,28.000,2
5.420000,217.55,38.811,23.300,414,394,72.000,71,71,18.000,39.000,55.000,280,234,375,160,171,171,171,171,171,171,1,0,0,3,30,1,28.000,2
5.425000,219.71,38.955,23.350,419,395,72.000,71,71,18.000,39.000,55.000,280,235,376,160,171,171,171,171,171,171,1,0,0,3,30,1,28.000,2
5.430000,221.87,39.030,23.410,424,396,72.000,71,71,18.000,39.000,55.000,281,235,377,160,172,172,172,172,172,172,1,0,0,3,30,1,28.000,2
5.435000,224.03,39.036,23.410,428,397,72.000,71,71,18.000,39.000,55.000,281,236,378,160,172,172,172,172,172,172,1,0,0,3,30,1,28.000,2
5.440000,226.19,38.973,23.410,432,399,72.000,71,71,18.000,39.000,55.000,281,237,380,160,173,173,173,173,173,173,1,0,0,3,30,1,28.000,2
5.445000,228.35,38.840,23.300,435,400,72.000,71,71,18.000,39.000,55.000,280,238,381,160,173,173,173,173,173,173,1,0,0,3,30,1,28.000,2
5.450000,230.51,38.639,23.190,437,402,72.000,71,71,18.000,39.000,55.000,278,239,383,160,174,174,174,174,174,174,1,0,0,3,30,1,28.000,2
5.455000,232.67,38.370,23.030,439,403,72.000,71,71,18.000,39.000,55.000,276,240,384,160,175,175,175,175,175,175,1,0,0,3,30,1,28.000,2
5.460000,234.83,38.035,22.810,440,405,72.000,71,71,18.000,39.000,55.000,274,241,386,160,176,176,176,176,176,176,1,0,0,3,30,1,28.000,2
5.465000,236.99,37.634,22.590,440,406,72.000,71,71,18.000,39.000,55.000,271,242,387,160,176,176,176,176,176,176,1,0,0,3,30,1,28.000,2
5.470000,239.15,37.171,22.320,440,407,72.000,71,71,18.000,39.000,55.000,268,242,388,160,177,177,177,177,177,177,1,0,0,3,30,1,28.000,2
5.475000,241.31,36.648,21.990,439,409,72.000,71,71,18.000,39.000,55.000,264,244,390,160,178,178,178,178,178,178,1,0,0,3,30,1,28.000,2
5.480000,243.47,36.067,21.610,437,410,72.000,71,71,18.000,39.000,55.000,259,244,391,160,178,178,178,178,178,178,1,0,0,3,30,1,28.000,2
5.485000,245.63,35.432,21.230,435,411,72.000,71,71,18.000,39.000,55.000,255,245,392,160,179,179,179,179,179,179,1,0,0,3,30,1,28.000,2
5.490000,247.79,34.746,20.850,432,412,72.000,71,71,18.000,39.000,55.000,250,246,393,160,179,179,179,179,179,179,1,0,0,3,30,1,28.000,2
5.495000,249.95,34.012,20.410,428,412,72.000,71,71,18.000,39.000,55.000,245,246,393,160,179,179,179,179,179,179,1,0,0,3,30,1,28.000,2
5.500000,252.11,33.236,19.920,424,413,72.000,71,71,18.000,39.000,55.000,239,246,394,160,180,180,180,180,180,180,1,0,0,3,30,1,28.000,2
5.505000,254.27,32.421,19.440,419,413,72.000,71,71,18.000,39.000,55.000,233,246,394,160,180,180,180,180,180,180,1,0,0,3,30,1,28.000,2
5.510000,256.43,31.571,18.950,414,413,72.000,71,71,18.000,39.000,55.000,227,246,394,160,180,180,180,180,180,180,1,0,0,3,30,1,28.000,2
5.515000,258.59,30.692,18.400,408,413,72.000,71,71,18.000,39.000,55.000,221,246,394,160,180,180,180,180,180,180,1,0,0,3,30,1,28.000,2
5.520000,260.75,29.788,17.860,401,413,72.000,71,71,18.000,39.000,55.000,214,246,394,160,180,180,180,180,180,180,1,0,0,3,30,1,28.000,2
5.525000,262.91,28.865,17.310,394,413,72.000,71,71,18.000,39.000,55.000,208,246,394,160,180,180,180,180,180,180,1,0,0,3,30,1,28.000,2
5.530000,265.07,27.927,16.770,387,412,72.000,71,71,18.000,39.000,55.000,201,246,393,160,179,179,179,179,179,179,1,0,0,3,30,1,28.000,2
5.535000,267.23,26.980,16.170,379,412,72.000,72,71,18.000,39.000,55.000,194,246,393,160,179,179,179,179,179,179,1,0,0,3,30,1,28.000,2
5.540000,269.39,26.029,15.630,371,411,72.000,72,71,18.000,39.000,55.000,187,245,392,160,179,179,179,179,179,179,1,0,0,3,30,1,28.000,2
5.545000,271.55,25.080,15.030,362,410,72.000,72,71,18.000,39.000,55.000,180,244,391,160,178,178,178,178,178,178,1,0,0,3,30,1,28.000,2
5.550000,273.71,24.138,14.490,354,409,72.000,72,71,18.000,39.000,55.000,174,244,390,160,178,178,178,178,178,178,1,0,0,3,30,1,28.000,2
5.555000,275.87,23.209,13.940,345,408,72.000,72,71,18.000,39.000,55.000,167,243,389,160,177,177,177,177,177,177,1,0,0,3,30,1,28.000,2
5.560000,278.03,22.297,13.340,336,407,72.000,72,71,18.000,39.000,55.000,160,242,388,160,177,177,177,177,177,177,1,0,0,3,30,1,28.000,2
5.565000,280.19,21.408,12.850,326,405,72.000,72,71,18.000,39.000,55.000,154,241,386,160,176,176,176,176,176,176,1,0,0,3,30,1,28.000,2
5.570000,282.35,20.547,12.310,317,404,72.000,71,71,18.000,39.000,55.000,148,240,385,160,175,175,175,175,175,175,1,0,0,3,30,1,28.000,2
5.575000,284.51,19.720,11.820,308,402,72.000,71,71,18.000,39.000,55.000,142,239,383,160,174,174,174,174,174,174,1,0,0,3,30,1,28.000,2
5.580000,286.67,18.930,11.330,299,400,72.000,71,71,18.000,39.000,55.000,136,238,381,160,173,173,173,173,173,173,1,0,0,3,30,1,28.000,2
5.585000,288.83,18.182,10.900,289,398,72.000,71,71,18.000,39.000,55.000,131,237,379,160,173,173,173,173,173,173,1,0,0,3,30,1,28.000,2
5.590000,290.99,17.481,10.510,281,396,72.000,71,71,18.000,39.000,55.000,126,235,377,160,172,172,172,172,172,172,1,0,0,3,30,1,28.000,2
5.595000,293.15,16.832,10.080,272,394,72.000,71,71,18.000,39.000,55.000,121,234,375,160,171,171,171,171,171,171,1,0,0,3,30,1,28.000,2
5.600000,295.31,16.236,9.750,263,391,72.000,71,71,18.000,39.000,55.000,117,232,371,160,169,169,169,169,169,169,1,0,0,3,30,1,28.000,2
5.605000,297.47,15.699,9.430,255,388,72.000,71,71,18.000,39.000,55.000,113,230,368,160,168,168,168,168,168,168,1,0,0,3,30,1,28.000,2
5.610000,299.63,15.224,9.150,247,386,72.000,71,71,18.000,39.000,55.000,110,229,366,160,167,167,167,167,167,167,1,0,0,3,30,1,28.000,2
5.615000,301.79,14.812,8.880,240,383,72.000,71,71,18.000,39.000,55.000,106,227,363,160,165,165,165,165,165,165,1,0,0,3,30,1,28.000,2
5.620000,303.95,14.468,8.670,233,380,72.000,71,71,18.000,39.000,55.000,104,225,360,160,164,164,164,164,164,164,1,0,0,3,30,1,28.000,2
5.625000,306.11,14.192,8.500,226,377,72.000,71,71,18.000,39.000,55.000,102,223,357,160,162,162,162,162,162,162,1,0,0,3,30,1,28.000,2
5.630000,308.27,13.988,8.390,220,374,72.000,71,71,18.000,39.000,55.000,100,221,354,160,161,161,161,161,161,161,1,0,0,3,30,1,28.000,2
5.635000,310.43,13.855,8.280,215,371,72.000,71,71,18.000,39.000,55.000,99,219,351,160,160,160,160,160,160,160,1,0,0,3,30,1,28.000,2
5.640000,312.59,13.795,8.280,210,368,72.000,71,71,18.000,39.000,55.000,99,217,347,160,158,158,158,158,158,158,1,0,0,3,30,1,28.000,2
5.645000,314.75,13.810,8.280,206,365,72.000,71,71,18.000,39.000,55.000,99,215,344,160,157,157,157,157,157,157,1,0,0,3,30,1,28.000,2
5.650000,316.91,13.898,8.340,202,362,72.000,71,71,18.000,39.000,55.000,100,213,341,160,155,155,155,155,155,155,1,0,0,3,30,1,28.000,2
5.655000,319.07,14.059,8.450,199,359,72.000,71,71,18.000,39.000,55.000,101,211,338,160,154,154,154,154,154,154,1,0,0,3,30,1,28.000,2
5.660000,321.23,14.294,8.560,197,355,72.000,71,71,18.000,39.000,55.000,102,208,334,160,152,152,152,152,152,152,1,0,0,3,30,1,28.000,2
5.665000,323.39,14.600,8.770,195,352,72.000,71,71,18.000,39.000,55.000,105,206,331,160,151,151,151,151,151,151,1,0,0,3,30,1,28.000,2
5.670000,325.55,14.977,8.990,194,349,72.000,71,71,18.000,39.000,55.000,108,204,327,160,149,149,149,149,149,149,1,0,0,3,30,1,28.000,2
5.675000,327.71,15.423,9.260,194,346,72.000,71,71,18.000,39.000,55.000,111,203,324,160,148,148,148,148,148,148,1,0,0,3,30,1,28.000,2
5.680000,329.87,15.935,9.540,195,343,72.000,71,71,18.000,39.000,55.000,114,201,321,160,146,146,146,146,146,146,1,0,0,3,30,1,28.000,2
5.685000,332.03,16.510,9.920,196,340,72.000,71,71,18.000,39.000,55.000,119,199,318,160,145,145,145,145,145,145,1,0,0,3,30,1,28.000,2
5.690000,334.19,17.147,10.300,198,338,72.000,71,71,18.000,39.000,55.000,123,197,316,160,144,144,144,144,144,144,1,0,0,3,30,1,28.000,2
5.695000,336.35,17.841,10.680,201,335,72.000,71,71,18.000,39.000,55.000,128,195,313,160,142,142,142,142,142,142,1,0,0,3,30,1,28.000,2
5.700000,338.51,18.589,11.170,204,332,72.000,71,71,18.000,39.000,55.000,134,193,310,160,141,141,141,141,141,141,1,0,0,3,30,1,28.000,2
5.705000,340.67,19.387,11.660,208,330,72.000,71,71,18.000,39.000,55.000,140,192,308,160,140,140,140,140,140,140,1,0,0,3,30,1,28.000,2
5.710000,342.83,20.230,12.150,213,328,72.000,71,71,18.000,39.000,55.000,146,191,305,160,139,139,139,139,139,139,1,0,0,3,30,1,28.000,2
5.715000,344.99,21.115,12.690,219,325,72.000,71,71,18.000,39.000,55.000,152,189,302,160,138,138,138,138,138,138,1,0,0,3,30,1,28.000,2
5.720000,347.15,22.037,13.230,225,323,72.000,71,71,18.000,39.000,55.000,159,187,300,160,137,137,137,137,137,137,1,0,0,3,30,1,28.000,2
5.725000,349.31,22.990,13.780,231,322,72.000,71,71,18.000,39.000,55.000,165,187,299,160,136,136,136,136,136,136,1,0,0,3,30,1,28.000,2
5.730000,351.47,23.970,14.380,238,320,72.000,71,71,18.000,39.000,55.000,172,185,297,160,135,135,135,135,135,135,1,0,0,3,30,1,28.000,2
5.735000,353.63,24.972,14.970,246,318,72.000,71,71,18.000,39.000,55.000,180,184,295,160,134,134,134,134,134,134,1,0,0,3,30,1,28.000,2
5.740000,355.79,25.990,15.570,254,317,72.000,71,71,18.000,39.000,55.000,187,184,294,160,134,134,134,134,134,134,1,0,0,3,30,1,28.000,2
5.745000,357.95,27.018,16.230,263,316,72.000,71,71,18.000,39.000,55.000,195,183,293,160,133,133,133,133,133,133,1,0,0,3,30,1,28.000,2
5.750000,0.11,28.052,16.820,272,315,72.000,71,71,18.000,39.000,55.000,202,182,292,160,133,133,133,133,133,133,1,0,0,3,30,1,28.000,2
5.755000,2.27,29.085,17.480,281,314,72.000,71,71,18.000,39.000,55.000,210,182,291,160,132,132,132,132,132,132,1,0,0,3,30,1,28.000,2
5.760000,4.43,30.113,18.080,290,314,72.000,71,71,18.000,39.000,55.000,217,182,291,160,132,132,132,132,132,132,1,0,0,3,30,1,28.000,2
5.765000,6.59,31.129,18.670,300,313,72.000,71,71,18.000,39.000,55.000,224,181,290,160,132,132,132,132,132,132,1,0,0,3,30,1,28.000,2
5.770000,8.75,32.129,19.270,310,313,72.000,71,71,18.000,39.000,55.000,231,181,290,160,132,132,132,132,132,132,1,0,0,3,30,1,28.000,2
5.775000,10.91,33.106,19.870,320,313,72.000,71,71,18.000,39.000,55.000,238,181,290,160,132,132,132,132,132,132,1,0,0,3,30,1,28.000,2
5.780000,13.07,34.057,20.410,330,314,72.000,71,71,18.000,39.000,55.000,245,182,291,160,132,132,132,132,132,132,1,0,0,3,30,1,28.000,2
5.785000,15.23,34.975,20.960,340,315,72.000,71,71,18.000,39.000,55.000,252,182,292,160,133,133,133,133,133,133,1,0,0,3,30,1,28.000,2
5.790000,17.39,35.856,21.500,351,316,72.000,71,71,18.000,39.000,55.000,258,183,293,160,133,133,133,133,133,133,1,0,0,3,30,1,28.000,2
5.795000,19.55,36.695,21.990,361,318,72.000,71,71,18.000,39.000,55.000,264,184,295,160,134,134,134,134,134,134,1,0,0,3,30,1,28.000,2
5.800000,21.71,37.488,22.480,371,319,72.000,71,71,18.000,39.000,55.000,270,185,296,160,135,135,135,135,135,135,1,0,0,3,30,1,28.000,2
5.805000,23.87,38.231,22.920,380,322,72.000,71,71,18.000,39.000,55.000,275,187,299,160,136,136,136,136,136,136,1,0,0,3,30,1,28.000,2
5.810000,26.03,38.919,23.350,390,324,72.000,71,71,18.000,39.000,55.000,280,188,301,160,137,137,137,137,137,137,1,0,0,3,30,1,28.000,2
5.815000,28.19,39.550,23.730,399,327,72.000,71,71,18.000,39.000,55.000,285,190,305,160,139,139,139,139,139,139,1,0,0,3,30,1,28.000,2
5.820000,30.35,40.119,24.060,408,330,72.000,71,71,18.000,39.000,55.000,289,192,308,160,140,140,140,140,140,140,1,0,0,3,30,1,28.000,2
5.825000,32.51,40.625,24.380,416,334,72.000,71,71,18.000,39.000,55.000,293,195,312,160,142,142,142,142,142,142,1,0,0,3,30,1,28.000,2
5.830000,34.67,41.064,24.660,424,337,72.000,71,71,18.000,39.000,55.000,296,197,315,160,143,143,143,143,143,143,1,0,0,3,30,1,28.000,2
5.835000,36.83,41.434,24.870,432,341,72.000,71,71,18.000,39.000,55.000,299,199,319,160,145,145,145,145,145,145,1,0,0,3,30,1,28.000,2
5.840000,38.99,41.733,25.040,439,345,72.000,71,71,18.000,39.000,55.000,301,202,323,160,147,147,147,147,147,147,1,0,0,3,30,1,28.000,2
5.845000,41.15,41.960,25.150,445,348,72.000,71,71,18.000,39.000,55.000,302,204,326,160,149,149,149,149,149,149,1,0,0,3,30,1,28.000,2
5.850000,43.31,42.114,25.260,451,353,72.000,72,71,18.000,39.000,55.000,303,207,332,160,151,151,151,151,151,151,1,0,0,3,30,1,28.000,2
5.855000,45.47,42.195,25.310,456,357,72.000,72,71,18.000,39.000,55.000,304,210,336,160,153,153,153,153,153,153,1,0,0,3,30,1,28.000,2
5.860000,47.63,42.202,25.310,461,361,72.000,72,71,18.000,39.000,55.000,304,212,340,160,155,155,155,155,155,155,1,0,0,3,30,1,28.000,2
5.865000,49.79,42.135,25.260,465,365,72.000,72,71,18.000,39.000,55.000,303,215,344,160,157,157,157,157,157,157,1,0,0,3,30,1,28.000,2
5.870000,51.95,41.995,25.200,468,369,72.000,72,71,18.000,39.000,55.000,303,218,348,160,159,159,159,159,159,159,1,0,0,3,30,1,28.000,2
5.875000,54.11,41.783,25.040,471,373,72.000,72,71,18.000,39.000,55.000,301,220,353,160,161,161,161,161,161,161,1,0,0,3,30,1,28.000,2
5.880000,56.27,41.501,24.870,473,377,72.000,71,71,18.000,39.000,55.000,299,223,357,160,162,162,162,162,162,162,1,0,0,3,30,1,28.000,2
5.885000,58.43,41.149,24.660,474,381,72.000,71,71,18.000,39.000,55.000,296,225,361,160,164,164,164,164,164,164,1,0,0,3,30,1,28.000,2
5.890000,60.59,40.732,24.440,474,385,72.000,71,71,18.000,39.000,55.000,293,228,365,160,166,166,166,166,166,166,1,0,0,3,30,1,28.000,2
5.895000,62.75,40.250,24.110,474,388,72.000,71,71,18.000,39.000,55.000,289,230,368,160,168,168,168,168,168,168,1,0,0,3,30,1,28.000,2
5.900000,64.91,39.707,23.840,473,392,72.000,71,71,18.000,39.000,55.000,286,233,372,160,170,170,170,170,170,170,1,0,0,3,30,1,28.000,2
5.905000,67.07,39.106,23.460,471,395,72.000,71,71,18.000,39.000,55.000,282,235,376,160,171,171,171,171,171,171,1,0,0,3,30,1,28.000,2
5.910000,69.23,38.451,23.080,469,398,72.000,71,71,18.000,39.000,55.000,277,237,379,160,173,173,173,173,173,173,1,0,0,3,30,1,28.000,2
5.915000,71.39,37.745,22.640,466,401,72.000,71,71,18.000,39.000,55.000,272,238,382,160,174,174,174,174,174,174,1,0,0,3,30,1,28.000,2
5.920000,73.55,36.993,22.210,462,403,72.000,71,71,18.000,39.000,55.000,267,240,384,160,175,175,175,175,175,175,1,0,0,3,30,1,28.000,2
5.925000,75.71,36.199,21.720,458,406,72.000,71,71,18.000,39.000,55.000,261,242,387,160,176,176,176,176,176,176,1,0,0,3,30,1,28.000,2
5.930000,77.87,35.368,21.230,453,408,72.000,71,71,18.000,39.000,55.000,255,243,389,160,177,177,177,177,177,177,1,0,0,3,30,1,28.000,2
5.935000,80.03,34.504,20.690,447,409,72.000,71,71,18.000,39.000,55.000,248,244,390,160,178,178,178,178,178,178,1,0,0,3,30,1,28.000,2
5.940000,82.19,33.613,20.140,441,411,72.000,71,71,18.000,39.000,55.000,242,245,392,160,179,179,179,179,179,179,1,0,0,3,30,1,28.000,2
5.945000,84.35,32.699,19.600,434,412,72.000,71,71,18.000,39.000,55.000,235,246,393,160,179,179,179,179,179,179,1,0,0,3,30,1,28.000,2
5.950000,86.51,31.768,19.050,427,412,72.000,71,71,18.000,39.000,55.000,229,246,393,160,179,179,179,179,179,179,1,0,0,3,30,1,28.000,2
5.955000,88.67,30.825,18.510,420,413,72.000,71,71,18.000,39.000,55.000,222,246,394,160,180,180,180,180,180,180,1,0,0,3,30,1,28.000,2
5.960000,90.83,29.876,17.910,412,413,72.000,71,71,18.000,39.000,55.000,215,246,394,160,180,180,180,180,180,180,1,0,0,3,30,1,28.000,2
5.965000,92.99,28.925,17.370,403,413,72.000,71,71,18.000,39.000,55.000,208,246,394,160,180,180,180,180,180,180,1,0,0,3,30,1,28.000,2
5.970000,95.15,27.979,16.770,395,413,72.000,71,71,18.000,39.000,55.000,201,246,394,160,180,180,180,180,180,180,1,0,0,3,30,1,28.000,2
5.975000,97.31,27.042,16.230,386,412,72.000,71,71,18.000,39.000,55.000,195,246,393,160,179,179,179,179,179,179,1,0,0,3,30,1,28.000,2
5.980000,99.47,26.121,15.680,377,412,72.000,71,71,18.000,39.000,55.000,188,246,393,160,179,179,179,179,179,179,1,0,0,3,30,1,28.000,2
5.985000,101.63,25.219,15.140,368,411,72.000,71,71,18.000,39.000,55.000,182,245,392,160,179,179,179,179,179,179,1,0,0,3,30,1,28.000,2
5.990000,103.79,24.343,14.590,359,410,72.000,71,71,18.000,39.000,55.000,175,244,391,160,178,178,178,178,178,178,1,0,0,3,30,1,28.000,2
5.995000,105.95,23.496,14.100,349,409,72.000,71,71,18.000,39.000,55.000,169,244,390,160,178,178,178,178,178,178,1,0,0,3,30,1,28.000,2
6.000000,108.11,22.685,13.620,340,408,72.000,71,71,18.000,39.000,55.000,163,243,389,160,177,177,177,177,177,177,1,0,0,3,30,1,28.000,2
6.005000,110.27,21.912,13.130,331,406,72.000,71,71,18.000,39.000,55.000,157,242,387,160,176,176,176,176,176,176,1,0,0,3,30,1,28.000,2
6.010000,112.43,21.183,12.690,322,405,72.000,71,71,18.000,39.000,55.000,152,241,386,160,176,176,176,176,176,176,1,0,0,3,30,1,28.000,2
6.015000,114.59,20.502,12.310,313,403,72.000,71,71,18.000,39.000,55.000,148,240,384,160,175,175,175,175,175,175,1,0,0,3,30,1,28.000,2
6.020000,116.75,19.872,11.930,304,401,72.000,71,71,18.000,39.000,55.000,143,238,382,160,174,174,174,174,174,174,1,0,0,3,30,1,28.000,2
6.025000,118.91,19.297,11.550,296,399,72.000,71,71,18.000,39.000,55.000,138,237,380,160,173,173,173,173,173,173,1,0,0,3,30,1,28.000,2
6.030000,121.07,18.780,11.280,288,397,72.000,71,71,18.000,39.000,55.000,135,236,378,160,172,172,172,172,172,172,1,0,0,3,30,1,28.000,2
6.035000,123.23,18.323,11.000,280,395,72.000,71,71,18.000,39.000,55.000,132,235,376,160,171,171,171,171,171,171,1,0,0,3,30,1,28.000,2
6.040000,125.39,17.929,10.730,273,393,72.000,71,71,18.000,39.000,55.000,129,233,374,160,170,170,170,170,170,170,1,0,0,3,30,1,28.000,2
6.045000,127.55,17.600,10.570,266,390,72.000,71,71,18.000,39.000,55.000,127,231,370,160,169,169,169,169,169,169,1,0,0,3,30,1,28.000,2
6.050000,129.71,17.338,10.410,260,388,72.000,71,71,18.000,39.000,55.000,125,230,368,160,168,168,168,168,168,168,1,0,0,3,30,1,28.000,2
6.055000,131.87,17.143,10.300,254,385,72.000,71,71,18.000,39.000,55.000,123,228,365,160,166,166,166,166,166,166,1,0,0,3,30,1,28.000,2
6.060000,134.03,17.018,10.190,249,383,72.000,71,71,18.000,39.000,55.000,122,227,363,160,165,165,165,165,165,165,1,0,0,3,30,1,28.000,2
6.065000,136.19,16.962,10.190,244,380,72.000,71,71,18.000,39.000,55.000,122,225,360,160,164,164,164,164,164,164,1,0,0,3,30,1,28.000,2
6.070000,138.35,16.975,10.190,240,377,72.000,71,71,18.000,39.000,55.000,122,223,357,160,162,162,162,162,162,162,1,0,0,3,30,1,28.000,2
6.075000,140.51,17.057,10.240,236,374,72.000,71,71,18.000,39.000,55.000,123,221,354,160,161,161,161,161,161,161,1,0,0,3,30,1,28.000,2
6.080000,142.67,17.207,10.300,233,372,72.000,71,71,18.000,39.000,55.000,123,219,351,160,160,160,160,160,160,160,1,0,0,3,30,1,28.000,2
6.085000,144.83,17.425,10.460,231,369,72.000,71,71,18.000,39.000,55.000,125,218,348,160,159,159,159,159,159,159,1,0,0,3,30,1,28.000,2
6.090000,146.99,17.708,10.620,230,366,72.000,71,71,18.000,39.000,55.000,127,216,345,160,157,157,157,157,157,157,1,0,0,3,30,1,28.000,2
6.095000,149.15,18.054,10.840,229,364,72.000,71,71,18.000,39.000,55.000,130,214,343,160,156,156,156,156,156,156,1,0,0,3,30,1,28.000,2
6.100000,151.31,18.462,11.060,229,361,72.000,71,71,18.000,39.000,55.000,133,212,340,160,155,155,155,155,155,155,1,0,0,3,30,1,28.000,2
6.105000,153.47,18.929,11.330,229,358,72.000,71,71,18.000,39.000,55.000,136,210,337,160,153,153,153,153,153,153,1,0,0,3,30,1,28.000,2
6.110000,155.63,19.452,11.660,230,356,72.000,71,71,18.000,39.000,55.000,140,209,335,160,152,152,152,152,152,152,1,0,0,3,30,1,28.000,2
6.115000,157.79,20.027,11.980,232,353,72.000,71,71,18.000,39.000,55.000,144,207,332,160,151,151,151,151,151,151,1,0,0,3,30,1,28.000,2
6.120000,159.95,20.651,12.360,234,351,72.000,71,71,18.000,39.000,55.000,148,206,330,160,150,150,150,150,150,150,1,0,0,3,30,1,28.000,2
6.125000,162.11,21.321,12.800,237,349,72.000,71,71,18.000,39.000,55.000,153,204,327,160,149,149,149,149,149,149,1,0,0,3,30,1,28.000,2
6.130000,164.27,22.031,13.230,241,347,72.000,71,71,18.000,39.000,55.000,159,203,325,160,148,148,148,148,148,148,1,0,0,3,30,1,28.000,2
6.135000,166.43,22.777,13.670,245,345,72.000,71,71,18.000,39.000,55.000,164,202,323,160,147,147,147,147,147,147,1,0,0,3,30,1,28.000,2
6.140000,168.59,23.556,14.100,250,343,72.000,71,71,18.000,39.000,55.000,169,201,321,160,146,146,146,146,146,146,1,0,0,3,30,1,28.000,2
6.145000,170.75,24.361,14.590,255,341,72.000,71,71,18.000,39.000,55.000,175,199,319,160,145,145,145,145,145,145,1,0,0,3,30,1,28.000,2
6.150000,172.91,25.189,15.080,261,339,72.000,71,71,18.000,39.000,55.000,181,198,317,160,144,144,144,144,144,144,1,0,0,3,30,1,28.000,2
6.155000,175.07,26.034,15.630,267,338,72.000,71,71,18.000,39.000,55.000,187,197,316,160,144,144,144,144,144,144,1,0,0,3,30,1,28.000,2
6.160000,177.23,26.891,16.120,274,337,72.000,72,71,18.000,39.000,55.000,193,197,315,160,143,143,143,143,143,143,1,0,0,3,30,1,28.000,2
6.165000,179.39,27.755,16.660,281,336,72.000,72,71,18.000,39.000,55.000,200,196,314,160,143,143,143,143,143,143,1,0,0,3,30,1,28.000,2
6.170000,181.55,28.620,17.150,289,335,72.000,72,71,18.000,39.000,55.000,206,195,313,160,142,142,142,142,142,142,1,0,0,3,30,1,28.000,2
6.175000,183.71,29.481,17.690,296,334,72.000,72,71,18.000,39.000,55.000,212,195,312,160,142,142,142,142,142,142,1,0,0,3,30,1,28.000,2
6.180000,185.87,30.334,18.180,304,333,72.000,72,71,18.000,39.000,55.000,218,194,311,160,141,141,141,141,141,141,1,0,0,3,30,1,28.000,2
6.185000,188.03,31.172,18.670,312,333,72.000,72,71,18.000,39.000,55.000,224,194,311,160,141,141,141,141,141,141,1,0,0,3,30,1,28.000,2
6.190000,190.19,31.991,19.160,321,333,72.000,72,71,18.000,39.000,55.000,230,194,311,160,141,141,141,141,141,141,1,0,0,3,30,1,28.000,2
6.195000,192.35,32.785,19.650,329,332,72.000,71,71,18.000,39.000,55.000,236,193,310,160,141,141,141,141,141,141,1,0,0,3,30,1,28.000,2
6.200000,194.51,33.551,20.140,337,332,72.000,71,71,18.000,39.000,55.000,242,193,310,160,141,141,141,141,141,141,1,0,0,3,30,1,28.000,2
6.205000,196.67,34.282,20.580,346,333,72.000,71,71,18.000,39.000,55.000,247,194,311,160,141,141,141,141,141,141,1,0,0,3,30,1,28.000,2
6.210000,198.83,34.975,20.960,354,333,72.000,71,71,18.000,39.000,55.000,252,194,311,160,141,141,141,141,141,141,1,0,0,3,30,1,28.000,2
6.215000,200.99,35.625,21.390,362,334,72.000,71,71,18.000,39.000,55.000,257,195,312,160,142,142,142,142,142,142,1,0,0,3,30,1,28.000,2
6.220000,203.15,36.228,21.720,370,336,72.000,71,71,18.000,39.000,55.000,261,196,314,160,143,143,143,143,143,143,1,0,0,3,30,1,28.000,2
6.225000,205.31,36.781,22.050,378,337,72.000,71,71,18.000,39.000,55.000,265,197,315,160,143,143,143,143,143,143,1,0,0,3,30,1,28.000,2
6.230000,207.47,37.280,22.370,385,339,72.000,71,71,18.000,39.000,55.000,269,198,317,160,144,144,144,144,144,144,1,0,0,3,30,1,28.000,2
6.235000,209.63,37.722,22.640,393,341,72.000,71,71,18.000,39.000,55.000,272,199,319,160,145,145,145,145,145,145,1,0,0,3,30,1,28.000,2
6.240000,211.79,38.104,22.860,399,343,72.000,71,71,18.000,39.000,55.000,274,201,321,160,146,146,146,146,146,146,1,0,0,3,30,1,28.000,2
6.245000,213.95,38.423,23.030,406,346,72.000,71,71,18.000,39.000,55.000,276,203,324,160,148,148,148,148,148,148,1,0,0,3,30,1,28.000,2
6.250000,216.11,38.678,23.190,412,348,72.000,71,71,18.000,39.000,55.000,278,204,326,160,149,149,149,149,149,149,1,0,0,3,30,1,28.000,2
6.255000,218.27,38.866,23.300,417,351,72.000,71,71,18.000,39.000,55.000,280,206,330,160,150,150,150,150,150,150,1,0,0,3,30,1,28.000,2
6.260000,220.43,38.987,23.410,422,354,72.000,71,71,18.000,39.000,55.000,281,208,333,160,151,151,151,151,151,151,1,0,0,3,30,1,28.000,2
6.265000,222.59,39.040,23.410,427,357,72.000,71,71,18.000,39.000,55.000,281,210,336,160,153,153,153,153,153,153,1,0,0,3,30,1,28.000,2
6.270000,224.75,39.023,23.410,431,359,72.000,71,71,18.000,39.000,55.000,281,211,338,160,154,154,154,154,154,154,1,0,0,3,30,1,28.000,2
6.275000,226.91,38.936,23.350,434,362,72.000,71,71,18.000,39.000,55.000,280,213,341,160,155,155,155,155,155,155,1,0,0,3,30,1,28.000,2
6.280000,229.07,38.781,23.240,437,365,72.000,71,71,18.000,39.000,55.000,279,215,344,160,157,157,157,157,157,157,1,0,0,3,30,1,28.000,2
6.285000,231.23,38.557,23.130,439,368,72.000,71,71,18.000,39.000,55.000,278,217,347,160,158,158,158,158,158,158,1,0,0,3,30,1,28.000,2
6.290000,233.39,38.266,22.970,440,371,72.000,71,71,18.000,39.000,55.000,276,219,351,160,160,160,160,160,160,160,1,0,0,3,30,1,28.000,2
6.295000,235.55,37.908,22.750,441,374,72.000,71,71,18.000,39.000,55.000,273,221,354,160,161,161,161,161,161,161,1,0,0,3,30,1,28.000,2
6.300000,237.71,37.487,22.480,441,377,72.000,71,71,18.000,39.000,55.000,270,223,357,160,162,162,162,162,162,162,1,0,0,3,30,1,28.000,2
6.305000,239.87,37.004,22.210,440,379,72.000,71,71,18.000,39.000,55.000,267,224,359,160,163,163,163,163,163,163,1,0,0,3,30,1,28.000,2
6.310000,242.03,36.461,21.880,439,382,72.000,71,71,18.000,39.000,55.000,263,226,362,160,165,165,165,165,165,165,1,0,0,3,30,1,28.000,2
6.315000,244.19,35.861,21.500,437,384,72.000,71,71,18.000,39.000,55.000,258,227,364,160,166,166,166,166,166,166,1,0,0,3,30,1,28.000,2
6.320000,246.35,35.209,21.120,434,386,72.000,71,71,18.000,39.000,55.000,254,229,366,160,167,167,167,167,167,167,1,0,0,3,30,1,28.000,2
6.325000,248.51,34.506,20.690,431,388,72.000,71,71,18.000,39.000,55.000,248,230,368,160,168,168,168,168,168,168,1,0,0,3,30,1,28.000,2
6.330000,250.67,33.758,20.250,427,390,72.000,71,71,18.000,39.000,55.000,243,231,370,160,169,169,169,169,169,169,1,0,0,3,30,1,28.000,2
6.335000,252.83,32.968,19.760,423,391,72.000,71,71,18.000,39.000,55.000,237,232,371,160,169,169,169,169,169,169,1,0,0,3,30,1,28.000,2
6.340000,254.99,32.141,19.270,418,392,72.000,71,71,18.000,39.000,55.000,231,233,372,160,170,170,170,170,170,170,1,0,0,3,30,1,28.000,2
6.345000,257.15,31.281,18.780,412,393,72.000,71,71,18.000,39.000,55.000,225,233,374,160,170,170,170,170,170,170,1,0,0,3,30,1,28.000,2
6.350000,259.31,30.393,18.240,406,394,72.000,71,71,18.000,39.000,55.000,219,234,375,160,171,171,171,171,171,171,1,0,0,3,30,1,28.000,2
6.355000,261.47,29.482,17.690,399,394,72.000,71,71,18.000,39.000,55.000,212,234,375,160,171,171,171,171,171,171,1,0,0,3,30,1,28.000,2
6.360000,263.63,28.553,17.150,392,394,72.000,71,71,18.000,39.000,55.000,206,234,375,160,171,171,171,171,171,171,1,0,0,3,30,1,28.000,2
6.365000,265.79,27.612,16.550,384,394,72.000,71,71,18.000,39.000,55.000,199,234,375,160,171,171,171,171,171,171,1,0,0,3,30,1,28.000,2
6.370000,267.95,26.663,16.010,376,394,72.000,71,71,18.000,39.000,55.000,192,234,375,160,171,171,171,171,171,171,1,0,0,3,30,1,28.000,2
6.375000,270.11,25.713,15.410,368,393,72.000,71,71,18.000,39.000,55.000,185,233,374,160,170,170,170,170,170,170,1,0,0,3,30,1,28.000,2
6.380000,272.27,24.765,14.870,360,393,72.000,71,71,18.000,39.000,55.000,178,233,374,160,170,170,170,170,170,170,1,0,0,3,30,1,28.000,2
6.385000,274.43,23.827,14.270,351,392,72.000,71,71,18.000,39.000,55.000,171,233,372,160,170,170,170,170,170,170,1,0,0,3,30,1,28.000,2
6.390000,276.59,22.903,13.720,342,391,72.000,71,71,18.000,39.000,55.000,165,232,371,160,169,169,169,169,169,169,1,0,0,3,30,1,28.000,2
6.395000,278.75,21.998,13.180,333,390,72.000,71,71,18.000,39.000,55.000,158,231,370,160,169,169,169,169,169,169,1,0,0,3,30,1,28.000,2
6.400000,280.91,21.118,12.690,323,389,72.000,71,71,18.000,39.000,55.000,152,231,369,160,168,168,168,168,168,168,1,0,0,3,30,1,28.000,2
6.405000,283.07,20.268,12.150,314,388,72.000,71,71,18.000,39.000,55.000,146,230,368,160,168,168,168,168,168,168,1,0,0,3,30,1,28.000,2
6.410000,285.23,19.452,11.660,305,386,72.000,71,71,18.000,39.000,55.000,140,229,366,160,167,167,167,167,167,167,1,0,0,3,30,1,28.000,2
6.415000,287.39,18.676,11.220,296,384,72.000,71,71,18.000,39.000,55.000,134,227,364,160,166,166,166,166,166,166,1,0,0,3,30,1,28.000,2
6.420000,289.55,17.943,10.790,286,383,72.000,71,71,18.000,39.000,55.000,129,227,363,160,165,165,165,165,165,165,1,0,0,3,30,1,28.000,2
6.425000,291.71,17.259,10.350,278,381,72.000,71,71,18.000,39.000,55.000,124,225,361,160,164,164,164,164,164,164,1,0,0,3,30,1,28.000,2
6.430000,293.87,16.627,9.970,269,378,72.000,71,71,18.000,39.000,55.000,119,223,358,160,163,163,163,163,163,163,1,0,0,3,30,1,28.000,2
6.435000,296.03,16.051,9.640,260,376,72.000,71,71,18.000,39.000,55.000,115,222,356,160,162,162,162,162,162,162,1,0,0,3,30,1,28.000,2
6.440000,298.19,15.534,9.320,252,374,72.000,71,71,18.000,39.000,55.000,112,221,354,160,161,161,161,161,161,161,1,0,0,3,30,1,28.000,2
6.445000,300.35,15.079,9.050,245,371,72.000,71,71,18.000,39.000,55.000,108,219,351,160,160,160,160,160,160,160,1,0,0,3,30,1,28.000,2
6.450000,302.51,14.690,8.830,237,369,72.000,71,71,18.000,39.000,55.000,106,218,348,160,159,159,159,159,159,159,1,0,0,3,30,1,28.000,2
6.455000,304.67,14.368,8.610,230,366,72.000,71,71,18.000,39.000,55.000,103,216,345,160,157,157,157,157,157,157,1,0,0,3,30,1,28.000,2
6.460000,306.83,14.116,8.450,224,364,72.000,71,71,18.000,39.000,55.000,101,214,343,160,156,156,156,156,156,156,1,0,0,3,30,1,28.000,2
6.465000,308.99,13.935,8.340,218,361,72.000,71,71,18.000,39.000,55.000,100,212,340,160,155,155,155,155,155,155,1,0,0,3,30,1,28.000,2
6.470000,311.15,13.827,8.280,213,358,72.000,71,71,18.000,39.000,55.000,99,210,337,160,153,153,153,153,153,153,1,0,0,3,30,1,28.000,2
6.475000,313.31,13.792,8.280,208,355,72.000,72,71,18.000,39.000,55.000,99,208,334,160,152,152,152,152,152,152,1,0,0,3,30,1,28.000,2
6.480000,315.47,13.831,8.280,204,352,72.000,72,71,18.000,39.000,55.000,99,206,331,160,151,151,151,151,151,151,1,0,0,3,30,1,28.000,2
6.485000,317.63,13.943,8.340,201,349,72.000,72,71,18.000,39.000,55.000,100,204,327,160,149,149,149,149,149,149,1,0,0,3,30,1,28.000,2
6.490000,319.79,14.129,8.500,198,346,72.000,72,71,18.000,39.000,55.000,102,203,324,160,148,148,148,148,148,148,1,0,0,3,30,1,28.000,2
6.495000,321.95,14.388,8.610,196,343,72.000,72,71,18.000,39.000,55.000,103,201,321,160,146,146,146,146,146,146,1,0,0,3,30,1,28.000,2
6.500000,324.11,14.718,8.830,195,341,72.000,72,71,18.000,39.000,55.000,106,199,319,160,145,145,145,145,145,145,1,0,0,3,30,1,28.000,2
6.505000,326.27,15.118,9.050,194,338,72.000,71,71,18.000,39.000,55.000,108,197,316,160,144,144,144,144,144,144,1,0,0,3,30,1,28.000,2
6.510000,328.43,15.586,9.370,194,335,72.000,71,71,18.000,39.000,55.000,112,195,313,160,142,142,142,142,142,142,1,0,0,3,30,1,28.000,2
6.515000,330.59,16.120,9.640,195,332,72.000,71,71,18.000,39.000,55.000,115,193,310,160,141,141,141,141,141,141,1,0,0,3,30,1,28.000,2
6.520000,332.75,16.716,10.030,197,329,72.000,71,71,18.000,39.000,55.000,120,191,306,160,140,140,140,140,140,140,1,0,0,3,30,1,28.000,2
6.525000,334.91,17.372,10.410,199,327,72.000,71,71,18.000,39.000,55.000,125,190,305,160,139,139,139,139,139,139,1,0,0,3,30,1,28.000,2
6.530000,337.07,18.084,10.840,202,324,72.000,71,71,18.000,39.000,55.000,130,188,301,160,137,137,137,137,137,137,1,0,0,3,30,1,28.000,2
6.535000,339.23,18.849,11.330,206,322,72.000,71,71,18.000,39.000,55.000,136,187,299,160,136,136,136,136,136,136,1,0,0,3,30,1,28.000,2
6.540000,341.39,19.663,11.770,210,320,72.000,71,71,18.000,39.000,55.000,141,185,297,160,135,135,135,135,135,135,1,0,0,3,30,1,28.000,2
6.545000,343.55,20.521,12.310,215,318,72.000,71,71,18.000,39.000,55.000,148,184,295,160,134,134,134,134,134,134,1,0,0,3,30,1,28.000,2
6.550000,345.71,21.419,12.850,221,316,72.000,71,71,18.000,39.000,55.000,154,183,293,160,133,133,133,133,133,133,1,0,0,3,30,1,28.000,2
6.555000,347.87,22.351,13.400,227,314,72.000,71,71,18.000,39.000,55.000,161,182,291,160,132,132,132,132,132,132,1,0,0,3,30,1,28.000,2
6.560000,350.03,23.314,14.000,234,312,72.000,71,71,18.000,39.000,55.000,168,180,289,160,131,131,131,131,131,131,1,0,0,3,30,1,28.000,2
6.565000,352.19,24.302,14.590,241,311,72.000,71,71,18.000,39.000,55.000,175,180,288,160,131,131,131,131,131,131,1,0,0,3,30,1,28.000,2
6.570000,354.35,25.310,15.190,249,310,72.000,71,71,18.000,39.000,55.000,182,179,287,160,130,130,130,130,130,130,1,0,0,3,30,1,28.000,2
6.575000,356.51,26.332,15.790,257,309,72.000,71,71,18.000,39.000,55.000,189,178,286,160,130,130,130,130,130,130,1,0,0,3,30,1,28.000,2
6.580000,358.67,27.362,16.390,266,308,72.000,71,71,18.000,39.000,55.000,197,178,285,160,130,130,130,130,130,130,1,0,0,3,30,1,28.000,2
6.585000,0.83,28.396,17.040,275,307,72.000,71,71,18.000,39.000,55.000,204,177,284,160,129,129,129,129,129,129,1,0,0,3,30,1,28.000,2
6.590000,2.99,29.429,17.640,284,307,72.000,71,71,18.000,39.000,55.000,212,177,284,160,129,129,129,129,129,129,1,0,0,3,30,1,28.000,2
6.595000,5.15,30.453,18.290,294,306,72.000,71,71,18.000,39.000,55.000,219,176,282,160,129,129,129,129,129,129,1,0,0,3,30,1,28.000,2
6.600000,7.31,31.464,18.890,303,306,72.000,71,71,18.000,39.000,55.000,227,176,282,160,129,129,129,129,129,129,1,0,0,3,30,1,28.000,2
6.605000,9.47,32.457,19.490,313,306,72.000,71,71,18.000,39.000,55.000,234,176,282,160,129,129,129,129,129,129,1,0,0,3,30,1,28.000,2
6.610000,11.63,33.426,20.030,324,307,72.000,71,71,18.000,39.000,55.000,240,177,284,160,129,129,129,129,129,129,1,0,0,3,30,1,28.000,2
6.615000,13.79,34.367,20.630,334,308,72.000,71,71,18.000,39.000,55.000,248,178,285,160,130,130,130,130,130,130,1,0,0,3,30,1,28.000,2
6.620000,15.95,35.273,21.180,344,309,72.000,71,71,18.000,39.000,55.000,254,178,286,160,130,130,130,130,130,130,1,0,0,3,30,1,28.000,2
6.625000,18.11,36.141,21.670,354,310,72.000,71,71,18.000,39.000,55.000,260,179,287,160,130,130,130,130,130,130,1,0,0,3,30,1,28.000,2
6.630000,20.27,36.965,22.150,364,312,72.000,71,71,18.000,39.000,55.000,266,180,289,160,131,131,131,131,131,131,1,0,0,3,30,1,28.000,2
6.635000,22.43,37.742,22.640,374,315,72.000,71,71,18.000,39.000,55.000,272,182,292,160,133,133,133,133,133,133,1,0,0,3,30,1,28.000,2
6.640000,24.59,38.467,23.080,383,317,72.000,71,71,18.000,39.000,55.000,277,184,294,160,134,134,134,134,134,134,1,0,0,3,30,1,28.000,2
6.645000,26.75,39.136,23.460,393,320,72.000,71,71,18.000,39.000,55.000,282,185,297,160,135,135,135,135,135,135,1,0,0,3,30,1,28.000,2
6.650000,28.91,39.747,23.840,402,323,72.000,71,71,18.000,39.000,55.000,286,187,300,160,137,137,137,137,137,137,1,0,0,3,30,1,28.000,2
6.655000,31.07,40.295,24.170,411,327,72.000,71,71,18.000,39.000,55.000,290,190,305,160,139,139,139,139,139,139,1,0,0,3,30,1,28.000,2
6.660000,33.23,40.779,24.440,419,330,72.000,71,71,18.000,39.000,55.000,293,192,308,160,140,140,140,140,140,140,1,0,0,3,30,1,28.000,2
6.665000,35.39,41.195,24.710,427,334,72.000,71,71,18.000,39.000,55.000,297,195,312,160,142,142,142,142,142,142,1,0,0,3,30,1,28.000,2
6.670000,37.55,41.541,24.930,434,338,72.000,71,71,18.000,39.000,55.000,299,197,316,160,144,144,144,144,144,144,1,0,0,3,30,1,28.000,2
6.675000,39.71,41.817,25.090,441,342,72.000,71,71,18.000,39.000,55.000,301,200,320,160,146,146,146,146,146,146,1,0,0,3,30,1,28.000,2
6.680000,41.87,42.020,25.200,447,346,72.000,71,71,18.000,39.000,55.000,303,203,324,160,148,148,148,148,148,148,1,0,0,3,30,1,28.000,2
6.685000,44.03,42.150,25.260,453,350,72.000,71,71,18.000,39.000,55.000,303,205,329,160,150,150,150,150,150,150,1,0,0,3,30,1,28.000,2
6.690000,46.19,42.206,25.310,458,355,72.000,71,71,18.000,39.000,55.000,304,208,334,160,152,152,152,152,152,152,1,0,0,3,30,1,28.000,2
6.695000,48.35,42.188,25.310,462,359,72.000,71,71,18.000,39.000,55.000,304,211,338,160,154,154,154,154,154,154,1,0,0,3,30,1,28.000,2
6.700000,50.51,42.096,25.260,466,363,72.000,71,71,18.000,39.000,55.000,303,214,342,160,156,156,156,156,156,156,1,0,0,3,30,1,28.000,2
6.705000,52.67,41.932,25.150,469,367,72.000,71,71,18.000,39.000,55.000,302,216,346,160,158,158,158,158,158,158,1,0,0,3,30,1,28.000,2
6.710000,54.83,41.697,24.980,471,371,72.000,71,71,18.000,39.000,55.000,300,219,351,160,160,160,160,160,160,160,1,0,0,3,30,1,28.000,2
6.715000,56.99,41.391,24.820,473,376,72.000,71,71,18.000,39.000,55.000,298,222,356,160,162,162,162,162,162,162,1,0,0,3,30,1,28.000,2
6.720000,59.15,41.017,24.600,474,380,72.000,71,71,18.000,39.000,55.000,295,225,360,160,164,164,164,164,164,164,1,0,0,3,30,1,28.000,2
6.725000,61.31,40.578,24.330,474,383,72.000,71,71,18.000,39.000,55.000,292,227,363,160,165,165,165,165,165,165,1,0,0,3,30,1,28.000,2
6.730000,63.47,40.075,24.060,474,387,72.000,71,71,18.000,39.000,55.000,289,229,367,160,167,167,167,167,167,167,1,0,0,3,30,1,28.000,2
6.735000,65.63,39.513,23.680,472,391,72.000,71,71,18.000,39.000,55.000,284,232,371,160,169,169,169,169,169,169,1,0,0,3,30,1,28.000,2
6.740000,67.79,38.893,23.350,470,394,72.000,71,71,18.000,39.000,55.000,280,234,375,160,171,171,171,171,171,171,1,0,0,3,30,1,28.000,2
6.745000,69.95,38.221,22.920,468,397,72.000,71,71,18.000,39.000,55.000,275,236,378,160,172,172,172,172,172,172,1,0,0,3,30,1,28.000,2
6.750000,72.11,37.499,22.480,465,400,72.000,71,71,18.000,39.000,55.000,270,238,381,160,173,173,173,173,173,173,1,0,0,3,30,1,28.000,2
6.755000,74.27,36.733,22.050,461,402,72.000,71,71,18.000,39.000,55.000,265,239,383,160,174,174,174,174,174,174,1,0,0,3,30,1,28.000,2
6.760000,76.43,35.926,21.560,456,404,72.000,71,71,18.000,39.000,55.000,259,240,385,160,175,175,175,175,175,175,1,0,0,3,30,1,28.000,2
6.765000,78.59,35.083,21.070,451,406,72.000,71,71,18.000,39.000,55.000,253,242,387,160,176,176,176,176,176,176,1,0,0,3,30,1,28.000,2
6.770000,80.75,34.210,20.520,445,408,72.000,71,71,18.000,39.000,55.000,246,243,389,160,177,177,177,177,177,177,1,0,0,3,30,1,28.000,2
6.775000,82.91,33.310,19.980,439,409,72.000,71,71,18.000,39.000,55.000,240,244,390,160,178,178,178,178,178,178,1,0,0,3,30,1,28.000,2
6.780000,85.07,32.390,19.440,432,410,72.000,71,71,18.000,39.000,55.000,233,244,391,160,178,178,178,178,178,178,1,0,0,3,30,1,28.000,2
6.785000,87.23,31.455,18.890,425,411,72.000,72,71,18.000,39.000,55.000,227,245,392,160,179,179,179,179,179,179,1,0,0,3,30,1,28.000,2
6.790000,89.39,30.509,18.290,417,411,72.000,72,71,18.000,39.000,55.000,219,245,392,160,179,179,179,179,179,179,1,0,0,3,30,1,28.000,2
6.795000,91.55,29.559,17.750,409,411,72.000,72,71,18.000,39.000,55.000,213,245,392,160,179,179,179,179,179,179,1,0,0,3,30,1,28.000,2
6.800000,93.71,28.609,17.150,401,411,72.000,72,71,18.000,39.000,55.000,206,245,392,160,179,179,179,179,179,179,1,0,0,3,30,1,28.000,2
6.805000,95.87,27.665,16.610,392,411,72.000,72,71,18.000,39.000,55.000,199,245,392,160,179,179,179,179,179,179,1,0,0,3,30,1,28.000,2
6.810000,98.03,26.733,16.060,383,411,72.000,72,71,18.000,39.000,55.000,193,245,392,160,179,179,179,179,179,179,1,0,0,3,30,1,28.000,2
6.815000,100.19,25.818,15.460,374,410,72.000,72,71,18.000,39.000,55.000,185,244,391,160,178,178,178,178,178,178,1,0,0,3,30,1,28.000,2
6.820000,102.35,24.924,14.970,365,409,72.000,71,71,18.000,39.000,55.000,180,244,390,160,178,178,178,178,178,178,1,0,0,3,30,1,28.000,2
6.825000,104.51,24.057,14.430,356,408,72.000,71,71,18.000,39.000,55.000,173,243,389,160,177,177,177,177,177,177,1,0,0,3,30,1,28.000,2
6.830000,106.67,23.222,13.940,346,407,72.000,71,71,18.000,39.000,55.000,167,242,388,160,177,177,177,177,177,177,1,0,0,3,30,1,28.000,2
6.835000,108.83,22.423,13.450,337,406,72.000,71,71,18.000,39.000,55.000,161,242,387,160,176,176,176,176,176,176,1,0,0,3,30,1,28.000,2
6.840000,110.99,21.664,13.020,328,405,72.000,71,71,18.000,39.000,55.000,156,241,386,160,176,176,176,176,176,176,1,0,0,3,30,1,28.000,2
6.845000,113.15,20.951,12.580,319,403,72.000,71,71,18.000,39.000,55.000,151,240,384,160,175,175,175,175,175,175,1,0,0,3,30,1,28.000,2
6.850000,115.31,20.286,12.150,310,401,72.000,71,71,18.000,39.000,55.000,146,238,382,160,174,174,174,174,174,174,1,0,0,3,30,1,28.000,2
6.855000,117.47,19.674,11.820,302,399,72.000,71,71,18.000,39.000,55.000,142,237,380,160,173,173,173,173,173,173,1,0,0,3,30,1,28.000,2
6.860000,119.63,19.118,11.490,293,397,72.000,71,71,18.000,39.000,55.000,138,236,378,160,172,172,172,172,172,172,1,0,0,3,30,1,28.000,2
6.865000,121.79,18.620,11.170,285,395,72.000,71,71,18.000,39.000,55.000,134,235,376,160,171,171,171,171,171,171,1,0,0,3,30,1,28.000,2
6.870000,123.95,18.184,10.900,278,393,72.000,71,71,18.000,39.000,55.000,131,233,374,160,170,170,170,170,170,170,1,0,0,3,30,1,28.000,2
6.875000,126.11,17.812,10.680,271,391,72.000,71,71,18.000,39.000,55.000,128,232,371,160,169,169,169,169,169,169,1,0,0,3,30,1,28.000,2
6.880000,128.27,17.505,10.510,264,388,72.000,71,71,18.000,39.000,55.000,126,230,368,160,168,168,168,168,168,168,1,0,0,3,30,1,28.000,2
6.885000,130.43,17.265,10.350,258,386,72.000,71,71,18.000,39.000,55.000,124,229,366,160,167,167,167,167,167,167,1,0,0,3,30,1,28.000,2
6.890000,132.59,17.094,10.240,252,383,72.000,71,71,18.000,39.000,55.000,123,227,363,160,165,165,165,165,165,165,1,0,0,3,30,1,28.000,2
6.895000,134.75,16.991,10.190,247,381,72.000,71,71,18.000,39.000,55.000,122,225,361,160,164,164,164,164,164,164,1,0,0,3,30,1,28.000,2
6.900000,136.91,16.958,10.190,242,378,72.000,71,71,18.000,39.000,55.000,122,223,358,160,163,163,163,163,163,163,1,0,0,3,30,1,28.000,2
6.905000,139.07,16.994,10.190,239,375,72.000,71,71,18.000,39.000,55.000,122,222,355,160,162,162,162,162,162,162,1,0,0,3,30,1,28.000,2
6.910000,141.23,17.099,10.240,235,373,72.000,71,71,18.000,39.000,55.000,123,220,353,160,161,161,161,161,161,161,1,0,0,3,30,1,28.000,2
6.915000,143.39,17.272,10.350,233,370,72.000,71,71,18.000,39.000,55.000,124,218,349,160,159,159,159,159,159,159,1,0,0,3,30,1,28.000,2
6.920000,145.55,17.512,10.510,231,367,72.000,71,71,18.000,39.000,55.000,126,216,346,160,158,158,158,158,158,158,1,0,0,3,30,1,28.000,2
6.925000,147.71,17.816,10.680,229,365,72.000,71,71,18.000,39.000,55.000,128,215,344,160,157,157,157,157,157,157,1,0,0,3,30,1,28.000,2
6.930000,149.87,18.184,10.900,229,362,72.000,71,71,18.000,39.000,55.000,131,213,341,160,155,155,155,155,155,155,1,0,0,3,30,1,28.000,2
6.935000,152.03,18.612,11.170,229,359,72.000,71,71,18.000,39.000,55.000,134,211,338,160,154,154,154,154,154,154,1,0,0,3,30,1,28.000,2
6.940000,154.19,19.098,11.440,229,357,72.000,71,71,18.000,39.000,55.000,137,210,336,160,153,153,153,153,153,153,1,0,0,3,30,1,28.000,2
6.945000,156.35,19.638,11.770,231,354,72.000,71,71,18.000,39.000,55.000,141,208,333,160,151,151,151,151,151,151,1,0,0,3,30,1,28.000,2
6.950000,158.51,20.230,12.150,233,352,72.000,71,71,18.000,39.000,55.000,146,206,331,160,151,151,151,151,151,151,1,0,0,3,30,1,28.000,2
6.955000,160.67,20.870,12.530,235,350,72.000,71,71,18.000,39.000,55.000,150,205,329,160,150,150,150,150,150,150,1,0,0,3,30,1,28.000,2
6.960000,162.83,21.553,12.910,239,347,72.000,71,71,18.000,39.000,55.000,155,203,325,160,148,148,148,148,148,148,1,0,0,3,30,1,28.000,2
6.965000,164.99,22.276,13.340,242,345,72.000,71,71,18.000,39.000,55.000,160,202,323,160,147,147,147,147,147,147,1,0,0,3,30,1,28.000,2
6.970000,167.15,23.033,13.830,247,343,72.000,71,71,18.000,39.000,55.000,166,201,321,160,146,146,146,146,146,146,1,0,0,3,30,1,28.000,2
6.975000,169.31,23.821,14.270,252,342,72.000,71,71,18.000,39.000,55.000,171,200,320,160,146,146,146,146,146,146,1,0,0,3,30,1,28.000,2
6.980000,171.47,24.635,14.760,257,340,72.000,71,71,18.000,39.000,55.000,177,199,318,160,145,145,145,145,145,145,1,0,0,3,30,1,28.000,2
6.985000,173.63,25.469,15.300,263,338,72.000,71,71,18.000,39.000,55.000,184,197,316,160,144,144,144,144,144,144,1,0,0,3,30,1,28.000,2
6.990000,175.79,26.319,15.790,270,337,72.000,71,71,18.000,39.000,55.000,189,197,315,160,143,143,143,143,143,143,1,0,0,3,30,1,28.000,2
6.995000,177.95,27.178,16.280,276,336,72.000,71,71,18.000,39.000,55.000,195,196,314,160,143,143,143,143,143,143,1,0,0,3,30,1,28.000,2
7.000000,180.11,28.043,16.820,284,335,72.000,71,71,18.000,39.000,55.000,202,195,313,160,142,142,142,142,142,142,1,0,0,3,30,1,28.000,2
7.005000,182.27,28.908,17.310,291,334,72.000,71,71,18.000,39.000,55.000,208,195,312,160,142,142,142,142,142,142,1,0,0,3,30,1,28.000,2
7.010000,184.43,29.767,17.860,299,333,72.000,71,71,18.000,39.000,55.000,214,194,311,160,141,141,141,141,141,141,1,0,0,3,30,1,28.000,2
7.015000,186.59,30.615,18.350,307,333,72.000,71,71,18.000,39.000,55.000,220,194,311,160,141,141,141,141,141,141,1,0,0,3,30,1,28.000,2
7.020000,188.75,31.447,18.840,315,332,72.000,71,71,18.000,39.000,55.000,226,193,310,160,141,141,141,141,141,141,1,0,0,3,30,1,28.000,2
7.025000,190.91,32.259,19.330,323,332,72.000,71,71,18.000,39.000,55.000,232,193,310,160,141,141,141,141,141,141,1,0,0,3,30,1,28.000,2
7.030000,193.07,33.044,19.820,332,332,72.000,71,71,18.000,39.000,55.000,238,193,310,160,141,141,141,141,141,141,1,0,0,3,30,1,28.000,2
7.035000,195.23,33.798,20.250,340,332,72.000,71,71,18.000,39.000,55.000,243,193,310,160,141,141,141,141,141,141,1,0,0,3,30,1,28.000,2
7.040000,197.39,34.517,20.690,348,332,72.000,71,71,18.000,39.000,55.000,248,193,310,160,141,141,141,141,141,141,1,0,0,3,30,1,28.000,2
7.045000,199.55,35.196,21.120,357,333,72.000,71,71,18.000,39.000,55.000,254,194,311,160,141,141,141,141,141,141,1,0,0,3,30,1,28.000,2
7.050000,201.71,35.831,21.500,365,334,72.000,71,71,18.000,39.000,55.000,258,195,312,160,142,142,142,142,142,142,1,0,0,3,30,1,28.000,2
7.055000,203.87,36.418,21.830,373,336,72.000,71,71,18.000,39.000,55.000,262,196,314,160,143,143,143,143,143,143,1,0,0,3,30,1,28.000,2
7.060000,206.03,36.954,22.150,380,337,72.000,71,71,18.000,39.000,55.000,266,197,315,160,143,143,143,143,143,143,1,0,0,3,30,1,28.000,2
7.065000,208.19,37.434,22.430,388,339,72.000,71,71,18.000,39.000,55.000,269,198,317,160,144,144,144,144,144,144,1,0,0,3,30,1,28.000,2
7.070000,210.35,37.856,22.700,395,341,72.000,71,71,18.000,39.000,55.000,273,199,319,160,145,145,145,145,145,145,1,0,0,3,30,1,28.000,2
7.075000,212.51,38.217,22.920,402,344,72.000,71,71,18.000,39.000,55.000,275,201,322,160,147,147,147,147,147,147,1,0,0,3,30,1,28.000,2
7.080000,214.67,38.515,23.080,408,346,72.000,71,71,18.000,39.000,55.000,277,203,324,160,148,148,148,148,148,148,1,0,0,3,30,1,28.000,2
7.085000,216.83,38.748,23.240,414,349,72.000,71,71,18.000,39.000,55.000,279,204,327,160,149,149,149,149,149,149,1,0,0,3,30,1,28.000,2
7.090000,218.99,38.914,23.350,419,351,72.000,71,71,18.000,39.000,55.000,280,206,330,160,150,150,150,150,150,150,1,0,0,3,30,1,28.000,2
7.095000,221.15,39.012,23.410,424,354,72.000,71,71,18.000,39.000,55.000,281,208,333,160,151,151,151,151,151,151,1,0,0,3,30,1,28.000,2
7.100000,223.31,39.042,23.410,428,357,72.000,72,71,18.000,39.000,55.000,281,210,336,160,153,153,153,153,153,153,1,0,0,3,30,1,28.000,2
7.105000,225.47,39.002,23.410,432,360,72.000,72,71,18.000,39.000,55.000,281,212,339,160,154,154,154,154,154,154,1,0,0,3,30,1,28.000,2
7.110000,227.63,38.892,23.350,435,363,72.000,72,71,18.000,39.000,55.000,280,214,342,160,156,156,156,156,156,156,1,0,0,3,30,1,28.000,2
7.115000,229.79,38.714,23.240,437,366,72.000,72,71,18.000,39.000,55.000,279,216,345,160,157,157,157,157,157,157,1,0,0,3,30,1,28.000,2
7.120000,231.95,38.467,23.080,439,369,72.000,72,71,18.000,39.000,55.000,277,218,348,160,159,159,159,159,159,159,1,0,0,3,30,1,28.000,2
7.125000,234.11,38.154,22.920,440,372,72.000,72,71,18.000,39.000,55.000,275,219,351,160,160,160,160,160,160,160,1,0,0,3,30,1,28.000,2
7.130000,236.27,37.775,22.640,441,375,72.000,71,71,18.000,39.000,55.000,272,222,355,160,162,162,162,162,162,162,1,0,0,3,30,1,28.000,2
7.135000,238.43,37.333,22.370,441,377,72.000,71,71,18.000,39.000,55.000,269,223,357,160,162,162,162,162,162,162,1,0,0,3,30,1,28.000,2
7.140000,240.59,36.829,22.100,440,380,72.000,71,71,18.000,39.000,55.000,265,225,360,160,164,164,164,164,164,164,1,0,0,3,30,1,28.000,2
7.145000,242.75,36.267,21.770,438,382,72.000,71,71,18.000,39.000,55.000,261,226,362,160,165,165,165,165,165,165,1,0,0,3,30,1,28.000,2
7.150000,244.91,35.650,21.390,436,384,72.000,71,71,18.000,39.000,55.000,257,227,364,160,166,166,166,166,166,166,1,0,0,3,30,1,28.000,2
7.155000,247.07,34.980,20.960,433,386,72.000,71,71,18.000,39.000,55.000,252,229,366,160,167,167,167,167,167,167,1,0,0,3,30,1,28.000,2
7.160000,249.23,34.262,20.520,430,388,72.000,71,71,18.000,39.000,55.000,246,230,368,160,168,168,168,168,168,168,1,0,0,3,30,1,28.000,2
7.165000,251.39,33.499,20.090,426,390,72.000,71,71,18.000,39.000,55.000,241,231,370,160,169,169,169,169,169,169,1,0,0,3,30,1,28.000,2
7.170000,253.55,32.696,19.600,421,391,72.000,71,71,18.000,39.000,55.000,235,232,371,160,169,169,169,169,169,169,1,0,0,3,30,1,28.000,2
7.175000,255.71,31.858,19.110,416,392,72.000,71,71,18.000,39.000,55.000,229,233,372,160,170,170,170,170,170,170,1,0,0,3,30,1,28.000,2
7.180000,257.87,30.988,18.560,410,393,72.000,71,71,18.000,39.000,55.000,223,233,374,160,170,170,170,170,170,170,1,0,0,3,30,1,28.000,2
7.185000,260.03,30.092,18.080,404,394,72.000,71,71,18.000,39.000,55.000,217,234,375,160,171,171,171,171,171,171,1,0,0,3,30,1,28.000,2
7.190000,262.19,29.174,17.480,397,394,72.000,71,71,18.000,39.000,55.000,210,234,375,160,171,171,171,171,171,171,1,0,0,3,30,1,28.000,2
7.195000,264.35,28.241,16.930,390,394,72.000,71,71,18.000,39.000,55.000,203,234,375,160,171,171,171,171,171,171,1,0,0,3,30,1,28.000,2
7.200000,266.51,27.296,16.390,382,394,72.000,71,71,18.000,39.000,55.000,197,234,375,160,171,171,171,171,171,171,1,0,0,3,30,1,28.000,2
7.205000,268.67,26.346,15.790,374,393,72.000,71,71,18.000,39.000,55.000,189,233,374,160,170,170,170,170,170,170,1,0,0,3,30,1,28.000,2
7.210000,270.83,25.396,15.250,365,393,72.000,71,71,18.000,39.000,55.000,183,233,374,160,170,170,170,170,170,170,1,0,0,3,30,1,28.000,2
7.215000,272.99,24.451,14.650,357,392,72.000,71,71,18.000,39.000,55.000,176,233,372,160,170,170,170,170,170,170,1,0,0,3,30,1,28.000,2
7.220000,275.15,23.517,14.100,348,392,72.000,71,71,18.000,39.000,55.000,169,233,372,160,170,170,170,170,170,170,1,0,0,3,30,1,28.000,2
7.225000,277.31,22.599,13.560,339,391,72.000,71,71,18.000,39.000,55.000,163,232,371,160,169,169,169,169,169,169,1,0,0,3,30,1,28.000,2
7.230000,279.47,21.702,13.020,329,390,72.000,71,71,18.000,39.000,55.000,156,231,370,160,169,169,169,169,169,169,1,0,0,3,30,1,28.000,2
7.235000,281.63,20.831,12.530,320,388,72.000,71,71,18.000,39.000,55.000,150,230,368,160,168,168,168,168,168,168,1,0,0,3,30,1,28.000,2
7.240000,283.79,19.992,11.980,311,387,72.000,71,71,18.000,39.000,55.000,144,229,367,160,167,167,167,167,167,167,1,0,0,3,30,1,28.000,2
7.245000,285.95,19.189,11.490,302,385,72.000,71,71,18.000,39.000,55.000,138,228,365,160,166,166,166,166,166,166,1,0,0,3,30,1,28.000,2
7.250000,288.11,18.426,11.060,293,384,72.000,71,71,18.000,39.000,55.000,133,227,364,160,166,166,166,166,166,166,1,0,0,3,30,1,28.000,2
7.255000,290.27,17.710,10.620,283,382,72.000,71,71,18.000,39.000,55.000,127,226,362,160,165,165,165,165,165,165,1,0,0,3,30,1,28.000,2
7.260000,292.43,17.042,10.240,275,380,72.000,71,71,18.000,39.000,55.000,123,225,360,160,164,164,164,164,164,164,1,0,0,3,30,1,28.000,2
7.265000,294.59,16.428,9.860,266,378,72.000,71,71,18.000,39.000,55.000,118,223,358,160,163,163,163,163,163,163,1,0,0,3,30,1,28.000,2
7.270000,296.75,15.872,9.540,258,375,72.000,71,71,18.000,39.000,55.000,114,222,355,160,162,162,162,162,162,162,1,0,0,3,30,1,28.000,2
7.275000,298.91,15.375,9.210,250,373,72.000,71,71,18.000,39.000,55.000,110,220,353,160,161,161,161,161,161,161,1,0,0,3,30,1,28.000,2
7.280000,301.07,14.942,8.940,242,371,72.000,71,71,18.000,39.000,55.000,107,219,351,160,160,160,160,160,160,160,1,0,0,3,30,1,28.000,2
7.285000,303.23,14.575,8.720,235,368,72.000,71,71,18.000,39.000,55.000,104,217,347,160,158,158,158,158,158,158,1,0,0,3,30,1,28.000,2
7.290000,305.39,14.276,8.560,228,365,72.000,71,71,18.000,39.000,55.000,102,215,344,160,157,157,157,157,157,157,1,0,0,3,30,1,28.000,2
7.295000,307.55,14.048,8.450,222,363,72.000,71,71,18.000,39.000,55.000,101,214,342,160,156,156,156,156,156,156,1,0,0,3,30,1,28.000,2
7.300000,309.71,13.891,8.340,216,360,72.000,71,71,18.000,39.000,55.000,100,212,339,160,154,154,154,154,154,154,1,0,0,3,30,1,28.000,2
7.305000,311.87,13.807,8.280,211,357,72.000,71,71,18.000,39.000,55.000,99,210,336,160,153,153,153,153,153,153,1,0,0,3,30,1,28.000,2
7.310000,314.03,13.797,8.280,207,354,72.000,71,71,18.000,39.000,55.000,99,208,333,160,151,151,151,151,151,151,1,0,0,3,30,1,28.000,2
7.315000,316.19,13.860,8.280,203,351,72.000,71,71,18.000,39.000,55.000,99,206,330,160,150,150,150,150,150,150,1,0,0,3,30,1,28.000,2
7.320000,318.35,13.997,8.390,200,348,72.000,71,71,18.000,39.000,55.000,100,204,326,160,149,149,149,149,149,149,1,0,0,3,30,1,28.000,2
7.325000,320.51,14.208,8.500,198,345,72.000,71,71,18.000,39.000,55.000,102,202,323,160,147,147,147,147,147,147,1,0,0,3,30,1,28.000,2
7.330000,322.67,14.490,8.670,196,342,72.000,71,71,18.000,39.000,55.000,104,200,320,160,146,146,146,146,146,146,1,0,0,3,30,1,28.000,2
7.335000,324.83,14.844,8.880,195,339,72.000,71,71,18.000,39.000,55.000,106,198,317,160,144,144,144,144,144,144,1,0,0,3,30,1,28.000,2
7.340000,326.99,15.267,9.150,194,337,72.000,71,71,18.000,39.000,55.000,110,197,315,160,143,143,143,143,143,143,1,0,0,3,30,1,28.000,2
7.345000,329.15,15.757,9.430,195,334,72.000,71,71,18.000,39.000,55.000,113,195,312,160,142,142,142,142,142,142,1,0,0,3,30,1,28.000,2
7.350000,331.31,16.312,9.750,196,331,72.000,71,71,18.000,39.000,55.000,117,193,309,160,140,140,140,140,140,140,1,0,0,3,30,1,28.000,2
7.355000,333.47,16.928,10.130,197,329,72.000,71,71,18.000,39.000,55.000,121,191,306,160,140,140,140,140,140,140,1,0,0,3,30,1,28.000,2
7.360000,335.63,17.603,10.570,200,326,72.000,71,71,18.000,39.000,55.000,127,189,303,160,138,138,138,138,138,138,1,0,0,3,30,1,28.000,2
7.365000,337.79,18.334,11.000,203,324,72.000,71,71,18.000,39.000,55.000,132,188,301,160,137,137,137,137,137,137,1,0,0,3,30,1,28.000,2
7.370000,339.95,19.115,11.490,207,321,72.000,71,71,18.000,39.000,55.000,138,186,298,160,136,136,136,136,136,136,1,0,0,3,30,1,28.000,2
7.375000,342.11,19.944,11.980,212,319,72.000,71,71,18.000,39.000,55.000,144,185,296,160,135,135,135,135,135,135,1,0,0,3,30,1,28.000,2
7.380000,344.27,20.816,12.470,217,317,72.000,71,71,18.000,39.000,55.000,149,184,294,160,134,134,134,134,134,134,1,0,0,3,30,1,28.000,2
7.385000,346.43,21.726,13.020,223,315,72.000,71,71,18.000,39.000,55.000,156,182,292,160,133,133,133,133,133,133,1,0,0,3,30,1,28.000,2
7.390000,348.59,22.669,13.620,229,313,72.000,71,71,18.000,39.000,55.000,163,181,290,160,132,132,132,132,132,132,1,0,0,3,30,1,28.000,2
7.395000,350.75,23.641,14.160,236,312,72.000,71,71,18.000,39.000,55.000,170,180,289,160,131,131,131,131,131,131,1,0,0,3,30,1,28.000,2
7.400000,352.91,24.636,14.760,243,310,72.000,71,71,18.000,39.000,55.000,177,179,287,160,130,130,130,130,130,130,1,0,0,3,30,1,28.000,2
7.405000,355.07,25.649,15.410,251,309,72.000,71,71,18.000,39.000,55.000,185,178,286,160,130,130,130,130,130,130,1,0,0,3,30,1,28.000,2
7.410000,357.23,26.674,16.010,260,308,72.000,72,71,18.000,39.000,55.000,192,178,285,160,130,130,130,130,130,130,1,0,0,3,30,1,28.000,2
7.415000,359.39,27.707,16.610,269,307,72.000,72,71,18.000,39.000,55.000,199,177,284,160,129,129,129,129,129,129,1,0,0,3,30,1,28.000,2
7.420000,1.55,28.741,17.260,278,307,72.000,72,71,18.000,39.000,55.000,207,177,284,160,129,129,129,129,129,129,1,0,0,3,30,1,28.000,2
7.425000,3.71,29.771,17.860,287,306,72.000,72,71,18.000,39.000,55.000,214,176,282,160,129,129,129,129,129,129,1,0,0,3,30,1,28.000,2
7.430000,5.87,30.792,18.460,297,306,72.000,72,71,18.000,39.000,55.000,222,176,282,160,129,129,129,129,129,129,1,0,0,3,30,1,28.000,2
7.435000,8.03,31.798,19.050,307,306,72.000,72,71,18.000,39.000,55.000,229,176,282,160,129,129,129,129,129,129,1,0,0,3,30,1,28.000,2
7.440000,10.19,32.783,19.650,317,306,72.000,72,71,18.000,39.000,55.000,236,176,282,160,129,129,129,129,129,129,1,0,0,3,30,1,28.000,2
7.445000,12.35,33.743,20.250,327,307,72.000,71,71,18.000,39.000,55.000,243,177,284,160,129,129,129,129,129,129,1,0,0,3,30,1,28.000,2
7.450000,14.51,34.673,20.790,337,308,72.000,71,71,18.000,39.000,55.000,250,178,285,160,130,130,130,130,130,130,1,0,0,3,30,1,28.000,2
7.455000,16.67,35.567,21.340,347,309,72.000,71,71,18.000,39.000,55.000,256,178,286,160,130,130,130,130,130,130,1,0,0,3,30,1,28.000,2
7.460000,18.83,36.420,21.830,357,311,72.000,71,71,18.000,39.000,55.000,262,180,288,160,131,131,131,131,131,131,1,0,0,3,30,1,28.000,2
7.465000,20.99,37.229,22.320,367,313,72.000,71,71,18.000,39.000,55.000,268,181,290,160,132,132,132,132,132,132,1,0,0,3,30,1,28.000,2
7.470000,23.15,37.989,22.810,377,315,72.000,71,71,18.000,39.000,55.000,274,182,292,160,133,133,133,133,133,133,1,0,0,3,30,1,28.000,2
7.475000,25.31,38.696,23.190,387,318,72.000,71,71,18.000,39.000,55.000,278,184,295,160,134,134,134,134,134,134,1,0,0,3,30,1,28.000,2
7.480000,27.47,39.346,23.620,396,321,72.000,71,71,18.000,39.000,55.000,284,186,298,160,136,136,136,136,136,136,1,0,0,3,30,1,28.000,2
7.485000,29.63,39.937,23.950,405,324,72.000,71,71,18.000,39.000,55.000,288,188,301,160,137,137,137,137,137,137,1,0,0,3,30,1,28.000,2
7.490000,31.79,40.464,24.280,413,328,72.000,71,71,18.000,39.000,55.000,292,191,305,160,139,139,139,139,139,139,1,0,0,3,30,1,28.000,2
7.495000,33.95,40.925,24.550,422,331,72.000,71,71,18.000,39.000,55.000,295,193,309,160,140,140,140,140,140,140,1,0,0,3,30,1,28.000,2
7.500000,36.11,41.318,24.770,429,335,72.000,71,71,18.000,39.000,55.000,297,195,313,160,142,142,142,142,142,142,1,0,0,3,30,1,28.000,2
7.505000,38.27,41.641,24.980,436,339,72.000,71,71,18.000,39.000,55.000,300,198,317,160,144,144,144,144,144,144,1,0,0,3,30,1,28.000,2
7.510000,40.43,41.893,25.150,443,343,72.000,71,71,18.000,39.000,55.000,302,201,321,160,146,146,146,146,146,146,1,0,0,3,30,1,28.000,2
7.515000,42.59,42.071,25.260,449,347,72.000,71,71,18.000,39.000,55.000,303,203,325,160,148,148,148,148,148,148,1,0,0,3,30,1,28.000,2
7.520000,44.75,42.176,25.310,455,352,72.000,71,71,18.000,39.000,55.000,304,206,331,160,151,151,151,151,151,151,1,0,0,3,30,1,28.000,2
7.525000,46.91,42.208,25.310,459,356,72.000,71,71,18.000,39.000,55.000,304,209,335,160,152,152,152,152,152,152,1,0,0,3,30,1,28.000,2
7.530000,49.07,42.165,25.310,464,360,72.000,71,71,18.000,39.000,55.000,304,212,339,160,154,154,154,154,154,154,1,0,0,3,30,1,28.000,2
7.535000,51.23,42.050,25.200,467,365,72.000,71,71,18.000,39.000,55.000,303,215,344,160,157,157,157,157,157,157,1,0,0,3,30,1,28.000,2
7.540000,53.39,41.862,25.090,470,369,72.000,71,71,18.000,39.000,55.000,301,218,348,160,159,159,159,159,159,159,1,0,0,3,30,1,28.000,2
7.545000,55.55,41.603,24.930,472,373,72.000,71,71,18.000,39.000,55.000,299,220,353,160,161,161,161,161,161,161,1,0,0,3,30,1,28.000,2
7.550000,57.71,41.274,24.770,473,377,72.000,71,71,18.000,39.000,55.000,297,223,357,160,162,162,162,162,162,162,1,0,0,3,30,1,28.000,2
7.555000,59.87,40.878,24.490,474,381,72.000,71,71,18.000,39.000,55.000,294,225,361,160,164,164,164,164,164,164,1,0,0,3,30,1,28.000,2
7.560000,62.03,40.417,24.220,474,385,72.000,71,71,18.000,39.000,55.000,291,228,365,160,166,166,166,166,166,166,1,0,0,3,30,1,28.000,2
7.565000,64.19,39.894,23.950,473,388,72.000,71,71,18.000,39.000,55.000,288,230,368,160,168,168,168,168,168,168,1,0,0,3,30,1,28.000,2
7.570000,66.35,39.312,23.570,472,392,72.000,71,71,18.000,39.000,55.000,283,233,372,160,170,170,170,170,170,170,1,0,0,3,30,1,28.000,2
7.575000,68.51,38.675,23.190,470,395,72.000,71,71,18.000,39.000,55.000,278,235,376,160,171,171,171,171,171,171,1,0,0,3,30,1,28.000,2
7.580000,70.67,37.986,22.810,467,398,72.000,71,71,18.000,39.000,55.000,274,237,379,160,173,173,173,173,173,173,1,0,0,3,30,1,28.000,2
7.585000,72.83,37.249,22.320,463,401,72.000,71,71,18.000,39.000,55.000,268,238,382,160,174,174,174,174,174,174,1,0,0,3,30,1,28.000,2
7.590000,74.99,36.468,21.880,459,403,72.000,71,71,18.000,39.000,55.000,263,240,384,160,175,175,175,175,175,175,1,0,0,3,30,1,28.000,2
7.595000,77.15,35.649,21.390,454,405,72.000,71,71,18.000,39.000,55.000,257,241,386,160,176,176,176,176,176,176,1,0,0,3,30,1,28.000,2
7.600000,79.31,34.795,20.850,449,407,72.000,71,71,18.000,39.000,55.000,250,242,388,160,177,177,177,177,177,177,1,0,0,3,30,1,28.000,2
7.605000,81.47,33.913,20.360,443,409,72.000,71,71,18.000,39.000,55.000,244,244,390,160,178,178,178,178,178,178,1,0,0,3,30,1,28.000,2
7.610000,83.63,33.006,19.820,437,410,72.000,71,71,18.000,39.000,55.000,238,244,391,160,178,178,178,178,178,178,1,0,0,3,30,1,28.000,2
7.615000,85.79,32.080,19.220,430,411,72.000,71,71,18.000,39.000,55.000,231,245,392,160,179,179,179,179,179,179,1,0,0,3,30,1,28.000,2
7.620000,87.95,31.140,18.670,422,411,72.000,71,71,18.000,39.000,55.000,224,245,392,160,179,179,179,179,179,179,1,0,0,3,30,1,28.000,2
7.625000,90.11,30.192,18.130,414,411,72.000,71,71,18.000,39.000,55.000,218,245,392,160,179,179,179,179,179,179,1,0,0,3,30,1,28.000,2
7.630000,92.27,29.242,17.530,406,411,72.000,71,71,18.000,39.000,55.000,210,245,392,160,179,179,179,179,179,179,1,0,0,3,30,1,28.000,2
7.635000,94.43,28.294,16.990,398,411,72.000,71,71,18.000,39.000,55.000,204,245,392,160,179,179,179,179,179,179,1,0,0,3,30,1,28.000,2
7.640000,96.59,27.353,16.390,389,411,72.000,71,71,18.000,39.000,55.000,197,245,392,160,179,179,179,179,179,179,1,0,0,3,30,1,28.000,2
7.645000,98.75,26.426,15.850,380,411,72.000,71,71,18.000,39.000,55.000,190,245,392,160,179,179,179,179,179,179,1,0,0,3,30,1,28.000,2
7.650000,100.91,25.517,15.300,371,410,72.000,71,71,18.000,39.000,55.000,184,244,391,160,178,178,178,178,178,178,1,0,0,3,30,1,28.000,2
7.655000,103.07,24.632,14.760,362,409,72.000,71,71,18.000,39.000,55.000,177,244,390,160,178,178,178,178,178,178,1,0,0,3,30,1,28.000,2
7.660000,105.23,23.775,14.270,353,408,72.000,71,71,18.000,39.000,55.000,171,243,389,160,177,177,177,177,177,177,1,0,0,3,30,1,28.000,2
7.665000,107.39,22.951,13.780,343,407,72.000,71,71,18.000,39.000,55.000,165,242,388,160,177,177,177,177,177,177,1,0,0,3,30,1,28.000,2
7.670000,109.55,22.165,13.290,334,406,72.000,71,71,18.000,39.000,55.000,159,242,387,160,176,176,176,176,176,176,1,0,0,3,30,1,28.000,2
7.675000,111.71,21.421,12.850,325,404,72.000,71,71,18.000,39.000,55.000,154,240,385,160,175,175,175,175,175,175,1,0,0,3,30,1,28.000,2
7.680000,113.87,20.724,12.420,316,402,72.000,71,71,18.000,39.000,55.000,149,239,383,160,174,174,174,174,174,174,1,0,0,3,30,1,28.000,2
7.685000,116.03,20.076,12.040,307,401,72.000,71,71,18.000,39.000,55.000,144,238,382,160,174,174,174,174,174,174,1,0,0,3,30,1,28.000,2
7.690000,118.19,19.482,11.710,299,399,72.000,71,71,18.000,39.000,55.000,140,237,380,160,173,173,173,173,173,173,1,0,0,3,30,1,28.000,2
7.695000,120.35,18.945,11.380,291,397,72.000,71,71,18.000,39.000,55.000,136,236,378,160,172,172,172,172,172,172,1,0,0,3,30,1,28.000,2
7.700000,122.51,18.468,11.060,283,395,72.000,71,71,18.000,39.000,55.000,133,235,376,160,171,171,171,171,171,171,1,0,0,3,30,1,28.000,2
7.705000,124.67,18.053,10.840,275,392,72.000,71,71,18.000,39.000,55.000,130,233,372,160,170,170,170,170,170,170,1,0,0,3,30,1,28.000,2
7.710000,126.83,17.702,10.620,268,390,72.000,71,71,18.000,39.000,55.000,127,231,370,160,169,169,169,169,169,169,1,0,0,3,30,1,28.000,2
7.715000,128.99,17.418,10.460,262,388,72.000,71,71,18.000,39.000,55.000,125,230,368,160,168,168,168,168,168,168,1,0,0,3,30,1,28.000,2
7.720000,131.15,17.200,10.300,256,385,72.000,71,71,18.000,39.000,55.000,123,228,365,160,166,166,166,166,166,166,1,0,0,3,30,1,28.000,2
7.725000,133.31,17.052,10.240,250,382,72.000,72,72,18.000,39.000,55.000,124,229,367,160,165,165,165,165,165,165,1,0,0,3,30,1,28.000,2
7.730000,135.47,16.973,10.190,245,380,72.000,72,72,18.000,39.000,55.000,124,228,365,160,164,164,164,164,164,164,1,0,0,3,30,1,28.000,2
7.735000,137.63,16.963,10.190,241,377,72.000,72,72,18.000,39.000,55.000,124,226,362,160,162,162,162,162,162,162,1,0,0,3,30,1,28.000,2
7.740000,139.79,17.022,10.190,237,374,72.000,72,72,18.000,39.000,55.000,124,224,359,160,161,161,161,161,161,161,1,0,0,3,30,1,28.000,2
7.745000,141.95,17.149,10.300,234,372,72.000,72,72,18.000,39.000,55.000,125,223,356,160,160,160,160,160,160,160,1,0,0,3,30,1,28.000,2
7.750000,144.11,17.345,10.410,232,369,72.000,72,72,18.000,39.000,55.000,126,221,353,160,159,159,159,159,159,159,1,0,0,3,30,1,28.000,2
7.755000,146.27,17.606,10.570,230,366,72.000,71,71,18.000,39.000,55.000,127,216,345,160,157,157,157,157,157,157,1,0,0,3,30,1,28.000,2
7.760000,148.43,17.932,10.790,229,364,72.000,71,71,18.000,39.000,55.000,129,214,343,160,156,156,156,156,156,156,1,0,0,3,30,1,28.000,2
7.765000,150.59,18.320,11.000,229,361,72.000,71,71,18.000,39.000,55.000,132,212,340,160,155,155,155,155,155,155,1,0,0,3,30,1,28.000,2
7.770000,152.75,18.767,11.280,229,358,72.000,71,71,18.000,39.000,55.000,135,210,337,160,153,153,153,153,153,153,1,0,0,3,30,1,28.000,2
7.775000,154.91,19.272,11.550,230,356,72.000,71,71,18.000,39.000,55.000,138,209,335,160,152,152,152,152,152,152,1,0,0,3,30,1,28.000,2
7.780000,157.07,19.830,11.870,231,353,72.000,71,71,18.000,39.000,55.000,142,207,332,160,151,151,151,151,151,151,1,0,0,3,30,1,28.000,2
7.785000,159.23,20.438,12.260,233,351,72.000,71,71,18.000,39.000,55.000,147,206,330,160,150,150,150,150,150,150,1,0,0,3,30,1,28.000,2
7.790000,161.39,21.093,12.640,236,349,72.000,71,71,18.000,39.000,55.000,152,204,327,160,149,149,149,149,149,149,1,0,0,3,30,1,28.000,2
7.795000,163.55,21.790,13.070,240,347,72.000,71,71,18.000,39.000,55.000,157,203,325,160,148,148,148,148,148,148,1,0,0,3,30,1,28.000,2
7.800000,165.71,22.525,13.510,244,345,72.000,71,71,18.000,39.000,55.000,162,202,323,160,147,147,147,147,147,147,1,0,0,3,30,1,28.000,2
7.805000,167.87,23.293,14.000,248,343,72.000,71,71,18.000,39.000,55.000,168,201,321,160,146,146,146,146,146,146,1,0,0,3,30,1,28.000,2
7.810000,170.03,24.090,14.430,254,341,72.000,71,71,18.000,39.000,55.000,173,199,319,160,145,145,145,145,145,145,1,0,0,3,30,1,28.000,2
7.815000,172.19,24.911,14.920,259,339,72.000,71,71,18.000,39.000,55.000,179,198,317,160,144,144,144,144,144,144,1,0,0,3,30,1,28.000,2
7.820000,174.35,25.751,15.460,265,338,72.000,71,71,18.000,39.000,55.000,185,197,316,160,144,144,144,144,144,144,1,0,0,3,30,1,28.000,2
7.825000,176.51,26.604,15.950,272,337,72.000,71,71,18.000,39.000,55.000,191,197,315,160,143,143,143,143,143,143,1,0,0,3,30,1,28.000,2
7.830000,178.67,27.466,16.500,279,335,72.000,71,71,18.000,39.000,55.000,198,195,313,160,142,142,142,142,142,142,1,0,0,3,30,1,28.000,2
7.835000,180.83,28.332,16.990,286,334,72.000,71,71,18.000,39.000,55.000,204,195,312,160,142,142,142,142,142,142,1,0,0,3,30,1,28.000,2
7.840000,182.99,29.195,17.530,294,334,72.000,71,71,18.000,39.000,55.000,210,195,312,160,142,142,142,142,142,142,1,0,0,3,30,1,28.000,2
7.845000,185.15,30.051,18.020,302,333,72.000,71,71,18.000,39.000,55.000,216,194,311,160,141,141,141,141,141,141,1,0,0,3,30,1,28.000,2
7.850000,187.31,30.895,18.510,310,332,72.000,71,71,18.000,39.000,55.000,222,193,310,160,141,141,141,141,141,141,1,0,0,3,30,1,28.000,2
7.855000,189.47,31.720,19.050,318,332,72.000,71,71,18.000,39.000,55.000,229,193,310,160,141,141,141,141,141,141,1,0,0,3,30,1,28.000,2
7.860000,191.63,32.523,19.490,326,332,72.000,71,71,18.000,39.000,55.000,234,193,310,160,141,141,141,141,141,141,1,0,0,3,30,1,28.000,2
7.865000,193.79,33.299,19.980,335,332,72.000,71,71,18.000,39.000,55.000,240,193,310,160,141,141,141,141,141,141,1,0,0,3,30,1,28.000,2
7.870000,195.95,34.042,20.410,343,332,72.000,71,71,18.000,39.000,55.000,245,193,310,160,141,141,141,141,141,141,1,0,0,3,30,1,28.000,2
7.875000,198.11,34.748,20.850,351,333,72.000,71,71,18.000,39.000,55.000,250,194,311,160,141,141,141,141,141,141,1,0,0,3,30,1,28.000,2
7.880000,200.27,35.413,21.230,359,334,72.000,71,71,18.000,39.000,55.000,255,195,312,160,142,142,142,142,142,142,1,0,0,3,30,1,28.000,2
7.885000,202.43,36.033,21.610,367,335,72.000,71,71,18.000,39.000,55.000,259,195,313,160,142,142,142,142,142,142,1,0,0,3,30,1,28.000,2
7.890000,204.59,36.603,21.940,375,336,72.000,71,71,18.000,39.000,55.000,263,196,314,160,143,143,143,143,143,143,1,0,0,3,30,1,28.000,2
7.895000,206.75,37.120,22.260,383,338,72.000,71,71,18.000,39.000,55.000,267,197,316,160,144,144,144,144,144,144,1,0,0,3,30,1,28.000,2
7.900000,208.91,37.581,22.540,390,340,72.000,71,71,18.000,39.000,55.000,271,199,318,160,145,145,145,145,145,145,1,0,0,3,30,1,28.000,2
7.905000,211.07,37.983,22.750,397,342,72.000,71,71,18.000,39.000,55.000,273,200,320,160,146,146,146,146,146,146,1,0,0,3,30,1,28.000,2
7.910000,213.23,38.324,22.970,404,344,72.000,71,71,18.000,39.000,55.000,276,201,322,160,147,147,147,147,147,147,1,0,0,3,30,1,28.000,2
7.915000,215.39,38.600,23.130,410,347,72.000,71,71,18.000,39.000,55.000,278,203,325,160,148,148,148,148,148,148,1,0,0,3,30,1,28.000,2
7.920000,217.55,38.811,23.300,416,350,72.000,71,71,18.000,39.000,55.000,280,205,329,160,150,150,150,150,150,150,1,0,0,3,30,1,28.000,2
7.925000,219.71,38.955,23.350,421,352,72.000,71,71,18.000,39.000,55.000,280,206,331,160,151,151,151,151,151,151,1,0,0,3,30,1,28.000,2
7.930000,221.87,39.030,23.410,425,355,72.000,71,71,18.000,39.000,55.000,281,208,334,160,152,152,152,152,152,152,1,0,0,3,30,1,28.000,2
7.935000,224.03,39.036,23.410,429,358,72.000,71,71,18.000,39.000,55.000,281,210,337,160,153,153,153,153,153,153,1,0,0,3,30,1,28.000,2
7.940000,226.19,38.973,23.410,433,361,72.000,71,71,18.000,39.000,55.000,281,212,340,160,155,155,155,155,155,155,1,0,0,3,30,1,28.000,2
7.945000,228.35,38.840,23.300,436,364,72.000,71,71,18.000,39.000,55.000,280,214,343,160,156,156,156,156,156,156,1,0,0,3,30,1,28.000,2
7.950000,230.51,38.639,23.190,438,367,72.000,71,71,18.000,39.000,55.000,278,216,346,160,158,158,158,158,158,158,1,0,0,3,30,1,28.000,2
7.955000,232.67,38.370,23.030,440,370,72.000,71,71,18.000,39.000,55.000,276,218,349,160,159,159,159,159,159,159,1,0,0,3,30,1,28.000,2
7.960000,234.83,38.035,22.810,441,373,72.000,71,71,18.000,39.000,55.000,274,220,353,160,161,161,161,161,161,161,1,0,0,3,30,1,28.000,2
7.965000,236.99,37.634,22.590,441,376,72.000,71,71,18.000,39.000,55.000,271,222,356,160,162,162,162,162,162,162,1,0,0,3,30,1,28.000,2
7.970000,239.15,37.171,22.320,441,378,72.000,71,71,18.000,39.000,55.000,268,223,358,160,163,163,163,163,163,163,1,0,0,3,30,1,28.000,2
7.975000,241.31,36.648,21.990,440,381,72.000,71,71,18.000,39.000,55.000,264,225,361,160,164,164,164,164,164,164,1,0,0,3,30,1,28.000,2
7.980000,243.47,36.067,21.610,438,383,72.000,71,71,18.000,39.000,55.000,259,227,363,160,165,165,165,165,165,165,1,0,0,3,30,1,28.000,2
7.985000,245.63,35.432,21.230,435,385,72.000,71,71,18.000,39.000,55.000,255,228,365,160,166,166,166,166,166,166,1,0,0,3,30,1,28.000,2
7.990000,247.79,34.746,20.850,432,387,72.000,71,71,18.000,39.000,55.000,250,229,367,160,167,167,167,167,167,167,1,0,0,3,30,1,28.000,2
7.995000,249.95,34.012,20.410,429,389,72.000,71,71,18.000,39.000,55.000,245,231,369,160,168,168,168,168,168,168,1,0,0,3,30,1,28.000,2
8.000000,252.00,0.000,0.000,422,390,0.000,71,71,18.000,39.000,55.000,0,231,370,160,169,169,169,169,169,169,1,0,0,3,30,0,28.000,0
8.005000,252.00,0.000,0.000,365,390,0.000,71,71,18.000,39.000,55.000,0,231,370,160,169,169,169,169,169,169,1,0,0,3,30,0,28.000,0
8.010000,252.00,0.000,0.000,317,389,0.000,71,71,18.000,39.000,55.000,0,231,369,160,168,168,168,168,168,168,1,0,0,3,30,0,28.000,0
8.015000,252.00,0.000,0.000,274,388,0.000,71,71,18.000,39.000,55.000,0,230,368,160,168,168,168,168,168,168,1,0,0,3,30,0,28.000,0
8.020000,252.00,0.000,0.000,238,385,0.000,71,71,18.000,39.000,55.000,0,228,365,160,166,166,166,166,166,166,1,0,0,3,30,0,28.000,0
8.025000,252.00,0.000,0.000,206,382,0.000,71,71,18.000,39.000,55.000,0,226,362,160,165,165,165,165,165,165,1,0,0,3,30,0,28.000,0
8.030000,252.00,0.000,0.000,179,378,0.000,71,71,18.000,39.000,55.000,0,223,358,160,163,163,163,163,163,163,1,0,0,3,30,0,28.000,0
8.035000,252.00,0.000,0.000,155,374,0.000,71,71,18.000,39.000,55.000,0,221,354,160,161,161,161,161,161,161,1,0,0,3,30,0,28.000,0
8.040000,252.00,0.000,0.000,134,369,0.000,71,71,18.000,39.000,55.000,0,218,348,160,159,159,159,159,159,159,1,0,0,3,30,0,28.000,0
8.045000,252.00,0.000,0.000,116,365,0.000,71,71,18.000,39.000,55.000,0,215,344,160,157,157,157,157,157,157,1,0,0,3,30,0,28.000,0
8.050000,252.00,0.000,0.000,101,360,0.000,71,71,18.000,39.000,55.000,0,212,339,160,154,154,154,154,154,154,1,0,0,3,30,0,28.000,0
8.055000,252.00,0.000,0.000,87,354,0.000,71,71,18.000,39.000,55.000,0,208,333,160,151,151,151,151,151,151,1,0,0,3,30,0,28.000,0
8.060000,252.00,0.000,0.000,76,349,0.000,71,71,18.000,39.000,55.000,0,204,327,160,149,149,149,149,149,149,1,0,0,3,30,0,28.000,0
8.065000,252.00,0.000,0.000,66,343,0.000,71,71,18.000,39.000,55.000,0,201,321,160,146,146,146,146,146,146,1,0,0,3,30,0,28.000,0
8.070000,252.00,0.000,0.000,57,338,0.000,71,71,18.000,39.000,55.000,0,197,316,160,144,144,144,144,144,144,1,0,0,3,30,0,28.000,0
8.075000,252.00,0.000,0.000,49,332,0.000,71,71,18.000,39.000,55.000,0,193,310,160,141,141,141,141,141,141,1,0,0,3,30,0,28.000,0
8.080000,252.00,0.000,0.000,43,327,0.000,71,71,18.000,39.000,55.000,0,190,305,160,139,139,139,139,139,139,1,0,0,3,30,0,28.000,0
8.085000,252.00,0.000,0.000,37,321,0.000,71,71,18.000,39.000,55.000,0,186,298,160,136,136,136,136,136,136,1,0,0,3,30,0,28.000,0
8.090000,252.00,0.000,0.000,32,315,0.000,71,71,18.000,39.000,55.000,0,182,292,160,133,133,133,133,133,133,1,0,0,3,30,0,28.000,0
8.095000,252.00,0.000,0.000,28,310,0.000,71,71,18.000,39.000,55.000,0,179,287,160,130,130,130,130,130,130,1,0,0,3,30,0,28.000,0
8.100000,252.00,0.000,0.000,24,304,0.000,71,71,18.000,39.000,55.000,0,175,280,160,128,128,128,128,128,128,1,0,0,3,30,0,28.000,0
8.105000,252.00,0.000,0.000,21,299,0.000,71,71,18.000,39.000,55.000,0,172,275,160,125,125,125,125,125,125,1,0,0,3,30,0,28.000,0
8.110000,252.00,0.000,0.000,18,293,0.000,71,71,18.000,39.000,55.000,0,168,269,160,122,122,122,122,122,122,1,0,0,3,30,0,28.000,0
8.115000,252.00,0.000,0.000,16,288,0.000,71,71,18.000,39.000,55.000,0,165,264,160,120,120,120,120,120,120,1,0,0,3,30,0,28.000,0
8.120000,252.00,0.000,0.000,14,282,0.000,71,71,18.000,39.000,55.000,0,161,257,160,117,117,117,117,117,117,1,0,0,3,30,0,28.000,0
8.125000,252.00,0.000,0.000,12,277,0.000,71,71,18.000,39.000,55.000,0,157,252,160,115,115,115,115,115,115,1,0,0,3,30,0,28.000,0
8.130000,252.00,0.000,0.000,10,272,0.000,71,71,18.000,39.000,55.000,0,154,247,160,112,112,112,112,112,112,1,0,0,3,30,0,28.000,0
8.135000,252.00,0.000,0.000,9,267,0.000,71,71,18.000,39.000,55.000,0,151,242,160,110,110,110,110,110,110,1,0,0,3,30,0,28.000,0
8.140000,252.00,0.000,0.000,8,262,0.000,71,71,18.000,39.000,55.000,0,148,236,160,108,108,108,108,108,108,1,0,0,3,30,0,28.000,0
8.145000,252.00,0.000,0.000,7,257,0.000,71,71,18.000,39.000,55.000,0,144,231,160,105,105,105,105,105,105,1,0,0,3,30,0,28.000,0
8.150000,252.00,0.000,0.000,6,252,0.000,71,71,18.000,39.000,55.000,0,141,226,160,103,103,103,103,103,103,1,0,0,3,30,0,28.000,0
8.155000,252.00,0.000,0.000,5,247,0.000,71,71,18.000,39.000,55.000,0,138,221,160,100,100,100,100,100,100,1,0,0,3,30,0,28.000,0
8.160000,252.00,0.000,0.000,5,242,0.000,71,71,18.000,39.000,55.000,0,134,215,160,98,98,98,98,98,98,1,0,0,3,30,0,28.000,0
8.165000,252.00,0.000,0.000,4,237,0.000,71,71,18.000,39.000,55.000,0,131,210,160,96,96,96,96,96,96,1,0,0,3,30,0,28.000,0
8.170000,252.00,0.000,0.000,3,233,0.000,71,71,18.000,39.000,55.000,0,129,206,160,94,94,94,94,94,94,1,0,0,3,30,0,28.000,0
8.175000,252.00,0.000,0.000,3,228,0.000,71,71,18.000,39.000,55.000,0,125,201,160,91,91,91,91,91,91,1,0,0,3,30,0,28.000,0
8.180000,252.00,0.000,0.000,3,224,0.000,71,71,18.000,39.000,55.000,0,123,197,160,89,89,89,89,89,89,1,0,0,3,30,0,28.000,0
8.185000,252.00,0.000,0.000,2,220,0.000,71,71,18.000,39.000,55.000,0,120,193,160,88,88,88,88,88,88,1,0,0,3,30,0,28.000,0
8.190000,252.00,0.000,0.000,2,215,0.000,71,71,18.000,39.000,55.000,0,117,187,160,85,85,85,85,85,85,1,0,0,3,30,0,28.000,0
8.195000,252.00,0.000,0.000,2,211,0.000,71,71,18.000,39.000,55.000,0,114,183,160,83,83,83,83,83,83,1,0,0,3,30,0,28.000,0
8.200000,252.00,0.000,0.000,2,207,0.000,0,0,18.000,39.000,55.000,0,0,0,0,0,0,0,0,0,0,2,144,0,3,70,0,28.000,0
8.205000,252.00,0.000,0.000,1,203,0.000,0,0,18.000,39.000,55.000,0,0,0,0,0,0,0,0,0,0,2,144,0,3,70,0,28.000,0
8.210000,252.00,0.000,0.000,1,199,0.000,0,0,18.000,39.000,55.000,0,0,0,0,0,0,0,0,0,0,2,144,0,3,70,0,28.000,0
8.215000,252.00,0.000,0.000,1,195,0.000,0,0,18.000,39.000,55.000,0,0,0,0,0,0,0,0,0,0,2,144,0,3,70,0,28.000,0
8.220000,252.00,0.000,0.000,1,191,0.000,0,0,18.000,39.000,55.000,0,0,0,0,0,0,0,0,0,0,2,144,0,3,70,0,28.000,0
8.225000,252.00,0.000,0.000,1,188,0.000,0,0,18.000,39.000,55.000,0,0,0,0,0,0,0,0,0,0,2,144,0,3,70,0,28.000,0
8.230000,252.00,0.000,0.000,1,184,0.000,0,0,18.000,39.000,55.000,0,0,0,0,0,0,0,0,0,0,2,144,0,3,70,0,28.000,0
8.235000,252.00,0.000,0.000,1,180,0.000,0,0,18.000,39.000,55.000,0,0,0,0,0,0,0,0,0,0,2,144,0,3,70,0,28.000,0
8.240000,252.00,0.000,0.000,1,177,0.000,0,0,18.000,39.000,55.000,0,0,0,0,0,0,0,0,0,0,2,144,0,3,70,0,28.000,0
8.245000,252.00,0.000,0.000,1,173,0.000,0,0,18.000,39.000,55.000,0,0,0,0,0,0,0,0,0,0,2,144,0,3,70,0,28.000,0
8.250000,252.00,0.000,0.000,1,170,0.000,0,0,18.000,39.000,55.000,0,0,0,0,0,0,0,0,0,0,2,144,0,3,70,0,28.000,0
8.255000,252.00,0.000,0.000,0,167,0.000,0,0,18.000,39.000,55.000,0,0,0,0,0,0,0,0,0,0,2,144,0,3,70,0,28.000,0
8.260000,252.00,0.000,0.000,0,163,0.000,0,0,18.000,39.000,55.000,0,0,0,0,0,0,0,0,0,0,2,144,0,3,70,0,28.000,0
8.265000,252.00,0.000,0.000,0,160,0.000,0,0,18.000,39.000,55.000,0,0,0,0,0,0,0,0,0,0,2,144,0,3,70,0,28.000,0
8.270000,252.00,0.000,0.000,0,157,0.000,0,0,18.000,39.000,55.000,0,0,0,0,0,0,0,0,0,0,2,144,0,3,70,0,28.000,0
8.275000,252.00,0.000,0.000,0,154,0.000,0,0,18.000,39.000,55.000,0,0,0,0,0,0,0,0,0,0,2,144,0,3,70,0,28.000,0
8.280000,252.00,0.000,0.000,0,151,0.000,0,0,18.000,39.000,55.000,0,0,0,0,0,0,0,0,0,0,2,144,0,3,70,0,28.000,0
8.285000,252.00,0.000,0.000,0,148,0.000,0,0,18.000,39.000,55.000,0,0,0,0,0,0,0,0,0,0,2,144,0,3,70,0,28.000,0
8.290000,252.00,0.000,0.000,0,145,0.000,0,0,18.000,39.000,55.000,0,0,0,0,0,0,0,0,0,0,2,144,0,3,70,0,28.000,0
8.295000,252.00,0.000,0.000,0,142,0.000,0,0,18.000,39.000,55.000,0,0,0,0,0,0,0,0,0,0,2,144,0,3,70,0,28.000,0
8.300000,252.00,0.000,0.000,0,140,0.000,0,0,18.000,39.000,55.000,0,0,0,0,0,0,0,0,0,0,2,144,0,3,70,0,28.000,0
8.305000,252.00,0.000,0.000,0,137,0.000,0,0,18.000,39.000,55.000,0,0,0,0,0,0,0,0,0,0,2,144,0,3,70,0,28.000,0
8.310000,252.00,0.000,0.000,0,134,0.000,0,0,18.000,39.000,55.000,0,0,0,0,0,0,0,0,0,0,2,144,0,3,70,0,28.000,0
8.315000,252.00,0.000,0.000,0,132,0.000,0,0,18.000,39.000,55.000,0,0,0,0,0,0,0,0,0,0,2,144,0,3,70,0,28.000,0
8.320000,252.00,0.000,0.000,0,129,0.000,0,0,18.000,39.000,55.000,0,0,0,0,0,0,0,0,0,0,2,144,0,3,70,0,28.000,0
8.325000,252.00,0.000,0.000,0,126,0.000,0,0,18.000,39.000,55.000,0,0,0,0,0,0,0,0,0,0,2,144,0,3,70,0,28.000,0
8.330000,252.00,0.000,0.000,0,124,0.000,0,0,18.000,39.000,55.000,0,0,0,0,0,0,0,0,0,0,2,144,0,3,70,0,28.000,0
8.335000,252.00,0.000,0.000,0,122,0.000,0,0,18.000,39.000,55.000,0,0,0,0,0,0,0,0,0,0,2,144,0,3,70,0,28.000,0
8.340000,252.00,0.000,0.000,0,119,0.000,0,0,18.000,39.000,55.000,0,0,0,0,0,0,0,0,0,0,2,144,0,3,70,0,28.000,0
8.345000,252.00,0.000,0.000,0,117,0.000,0,0,18.000,39.000,55.000,0,0,0,0,0,0,0,0,0,0,2,144,0,3,70,0,28.000,0
8.350000,252.00,0.000,0.000,0,115,0.000,0,0,18.000,39.000,55.000,0,0,0,0,0,0,0,0,0,0,2,144,0,3,70,0,28.000,0
8.355000,252.00,0.000,0.000,0,112,0.000,0,0,18.000,39.000,55.000,0,0,0,0,0,0,0,0,0,0,2,144,0,3,70,0,28.000,0
8.360000,252.00,0.000,0.000,0,110,0.000,0,0,18.000,39.000,55.000,0,0,0,0,0,0,0,0,0,0,2,144,0,3,70,0,28.000,0
8.365000,252.00,0.000,0.000,0,108,0.000,0,0,18.000,39.000,55.000,0,0,0,0,0,0,0,0,0,0,2,144,0,3,70,0,28.000,0
8.370000,252.00,0.000,0.000,0,106,0.000,0,0,18.000,39.000,55.000,0,0,0,0,0,0,0,0,0,0,2,144,0,3,70,0,28.000,0
8.375000,252.00,0.000,0.000,0,104,0.000,0,0,18.000,39.000,55.000,0,0,0,0,0,0,0,0,0,0,2,144,0,3,70,0,28.000,0
8.380000,252.00,0.000,0.000,0,102,0.000,0,0,18.000,39.000,55.000,0,0,0,0,0,0,0,0,0,0,2,144,0,3,70,0,28.000,0
8.385000,252.00,0.000,0.000,0,100,0.000,0,0,18.000,39.000,55.000,0,0,0,0,0,0,0,0,0,0,2,144,0,3,70,0,28.000,0
8.390000,252.00,0.000,0.000,0,98,0.000,0,0,18.000,39.000,55.000,0,0,0,0,0,0,0,0,0,0,2,144,0,3,70,0,28.000,0
8.395000,252.00,0.000,0.000,0,96,0.000,0,0,18.000,39.000,55.000,0,0,0,0,0,0,0,0,0,0,2,144,0,3,70,0,28.000,0
8.400000,252.00,0.000,0.000,0,94,0.000,0,0,18.000,39.000,55.000,0,0,0,0,0,0,0,0,0,0,2,144,0,3,70,0,28.000,0
8.405000,252.00,0.000,0.000,0,92,0.000,0,0,18.000,39.000,55.000,0,0,0,0,0,0,0,0,0,0,2,144,0,3,70,0,28.000,0
8.410000,252.00,0.000,0.000,0,91,0.000,0,0,18.000,39.000,55.000,0,0,0,0,0,0,0,0,0,0,2,144,0,3,70,0,28.000,0
8.415000,252.00,0.000,0.000,0,89,0.000,0,0,18.000,39.000,55.000,0,0,0,0,0,0,0,0,0,0,2,144,0,3,70,0,28.000,0
8.420000,252.00,0.000,0.000,0,87,0.000,0,0,18.000,39.000,55.000,0,0,0,0,0,0,0,0,0,0,2,144,0,3,70,0,28.000,0
8.425000,252.00,0.000,0.000,0,85,0.000,0,0,18.000,39.000,55.000,0,0,0,0,0,0,0,0,0,0,2,144,0,3,70,0,28.000,0
8.430000,252.00,0.000,0.000,0,84,0.000,0,0,18.000,39.000,55.000,0,0,0,0,0,0,0,0,0,0,2,144,0,3,70,0,28.000,0
8.435000,252.00,0.000,0.000,0,82,0.000,0,0,18.000,39.000,55.000,0,0,0,0,0,0,0,0,0,0,2,144,0,3,70,0,28.000,0
8.440000,252.00,0.000,0.000,0,81,0.000,0,0,18.000,39.000,55.000,0,0,0,0,0,0,0,0,0,0,2,144,0,3,70,0,28.000,0
8.445000,252.00,0.000,0.000,0,79,0.000,0,0,18.000,39.000,55.000,0,0,0,0,0,0,0,0,0,0,2,144,0,3,70,0,28.000,0
8.450000,252.00,0.000,0.000,0,77,0.000,0,0,18.000,39.000,55.000,0,0,0,0,0,0,0,0,0,0,2,144,0,3,70,0,28.000,0
8.455000,252.00,0.000,0.000,0,76,0.000,0,0,18.000,39.000,55.000,0,0,0,0,0,0,0,0,0,0,2,144,0,3,70,0,28.000,0
8.460000,252.00,0.000,0.000,0,74,0.000,0,0,18.000,39.000,55.000,0,0,0,0,0,0,0,0,0,0,2,144,0,3,70,0,28.000,0
8.465000,252.00,0.000,0.000,0,73,0.000,0,0,18.000,39.000,55.000,0,0,0,0,0,0,0,0,0,0,2,144,0,3,70,0,28.000,0
8.470000,252.00,0.000,0.000,0,72,0.000,0,0,18.000,39.000,55.000,0,0,0,0,0,0,0,0,0,0,2,144,0,3,70,0,28.000,0
8.475000,252.00,0.000,0.000,0,70,0.000,0,0,18.000,39.000,55.000,0,0,0,0,0,0,0,0,0,0,2,144,0,3,70,0,28.000,0
8.480000,252.00,0.000,0.000,0,69,0.000,0,0,18.000,39.000,55.000,0,0,0,0,0,0,0,0,0,0,2,144,0,3,70,0,28.000,0
8.485000,252.00,0.000,0.000,0,68,0.000,0,0,18.000,39.000,55.000,0,0,0,0,0,0,0,0,0,0,2,144,0,3,70,0,28.000,0
8.490000,252.00,0.000,0.000,0,66,0.000,0,0,18.000,39.000,55.000,0,0,0,0,0,0,0,0,0,0,2,144,0,3,70,0,28.000,0
8.495000,252.00,0.000,0.000,0,65,0.000,0,0,18.000,39.000,55.000,0,0,0,0,0,0,0,0,0,0,2,144,0,3,70,0,28.000,0
8.500000,252.00,0.000,0.000,0,64,0.000,0,0,18.000,39.000,55.000,0,0,0,0,0,0,0,0,0,0,2,144,0,3,70,0,28.000,0
8.505000,252.00,0.000,0.000,0,63,0.000,0,0,18.000,39.000,55.000,0,0,0,0,0,0,0,0,0,0,2,144,0,3,70,0,28.000,0
8.510000,252.00,0.000,0.000,0,61,0.000,0,0,18.000,39.000,55.000,0,0,0,0,0,0,0,0,0,0,2,144,0,3,70,0,28.000,0
8.515000,252.00,0.000,0.000,0,60,0.000,0,0,18.000,39.000,55.000,0,0,0,0,0,0,0,0,0,0,2,144,0,3,70,0,28.000,0
8.520000,252.00,0.000,0.000,0,59,0.000,0,0,18.000,39.000,55.000,0,0,0,0,0,0,0,0,0,0,2,144,0,3,70,0,28.000,0
8.525000,252.00,0.000,0.000,0,58,0.000,0,0,18.000,39.000,55.000,0,0,0,0,0,0,0,0,0,0,2,144,0,3,70,0,28.000,0
8.530000,252.00,0.000,0.000,0,57,0.000,0,0,18.000,39.000,55.000,0,0,0,0,0,0,0,0,0,0,2,144,0,3,70,0,28.000,0
8.535000,252.00,0.000,0.000,0,56,0.000,0,0,18.000,39.000,55.000,0,0,0,0,0,0,0,0,0,0,2,144,0,3,70,0,28.000,0
8.540000,252.00,0.000,0.000,0,55,0.000,0,0,18.000,39.000,55.000,0,0,0,0,0,0,0,0,0,0,2,144,0,3,70,0,28.000,0
8.545000,252.00,0.000,0.000,0,54,0.000,0,0,18.000,39.000,55.000,0,0,0,0,0,0,0,0,0,0,2,144,0,3,70,0,28.000,0
8.550000,252.00,0.000,0.000,0,53,0.000,0,0,18.000,39.000,55.000,0,0,0,0,0,0,0,0,0,0,2,144,0,3,70,0,28.000,0
8.555000,252.00,0.000,0.000,0,52,0.000,0,0,18.000,39.000,55.000,0,0,0,0,0,0,0,0,0,0,2,144,0,3,70,0,28.000,0
8.560000,252.00,0.000,0.000,0,51,0.000,0,0,18.000,39.000,55.000,0,0,0,0,0,0,0,0,0,0,2,144,0,3,70,0,28.000,0
8.565000,252.00,0.000,0.000,0,50,0.000,0,0,18.000,39.000,55.000,0,0,0,0,0,0,0,0,0,0,2,144,0,3,70,0,28.000,0
8.570000,252.00,0.000,0.000,0,49,0.000,0,0,18.000,39.000,55.000,0,0,0,0,0,0,0,0,0,0,2,144,0,3,70,0,28.000,0
8.575000,252.00,0.000,0.000,0,48,0.000,0,0,18.000,39.000,55.000,0,0,0,0,0,0,0,0,0,0,2,144,0,3,70,0,28.000,0
8.580000,252.00,0.000,0.000,0,47,0.000,0,0,18.000,39.000,55.000,0,0,0,0,0,0,0,0,0,0,2,144,0,3,70,0,28.000,0
8.585000,252.00,0.000,0.000,0,46,0.000,0,0,18.000,39.000,55.000,0,0,0,0,0,0,0,0,0,0,2,144,0,3,70,0,28.000,0
8.590000,252.00,0.000,0.000,0,45,0.000,0,0,18.000,39.000,55.000,0,0,0,0,0,0,0,0,0,0,2,144,0,3,70,0,28.000,0
8.595000,252.00,0.000,0.000,0,44,0.000,0,0,18.000,39.000,55.000,0,0,0,0,0,0,0,0,0,0,2,144,0,3,70,0,28.000,0
8.600000,252.00,0.000,0.000,0,43,0.000,0,0,18.000,39.000,55.000,0,0,0,0,0,0,0,0,0,0,2,144,0,3,70,0,28.000,0
8.605000,252.00,0.000,0.000,0,43,0.000,0,0,18.000,39.000,55.000,0,0,0,0,0,0,0,0,0,0,2,144,0,3,70,0,28.000,0
8.610000,252.00,0.000,0.000,0,42,0.000,0,0,18.000,39.000,55.000,0,0,0,0,0,0,0,0,0,0,2,144,0,3,70,0,28.000,0
8.615000,252.00,0.000,0.000,0,41,0.000,0,0,18.000,39.000,55.000,0,0,0,0,0,0,0,0,0,0,2,144,0,3,70,0,28.000,0
8.620000,252.00,0.000,0.000,0,40,0.000,0,0,18.000,39.000,55.000,0,0,0,0,0,0,0,0,0,0,2,144,0,3,70,0,28.000,0
8.625000,252.00,0.000,0.000,0,39,0.000,0,0,18.000,39.000,55.000,0,0,0,0,0,0,0,0,0,0,2,144,0,3,70,0,28.000,0
8.630000,252.00,0.000,0.000,0,39,0.000,0,0,18.000,39.000,55.000,0,0,0,0,0,0,0,0,0,0,2,144,0,3,70,0,28.000,0
8.635000,252.00,0.000,0.000,0,38,0.000,0,0,18.000,39.000,55.000,0,0,0,0,0,0,0,0,0,0,2,144,0,3,70,0,28.000,0
8.640000,252.00,0.000,0.000,0,37,0.000,0,0,18.000,39.000,55.000,0,0,0,0,0,0,0,0,0,0,2,144,0,3,70,0,28.000,0
8.645000,252.00,0.000,0.000,0,37,0.000,0,0,18.000,39.000,55.000,0,0,0,0,0,0,0,0,0,0,2,144,0,3,70,0,28.000,0
8.650000,252.00,0.000,0.000,0,36,0.000,0,0,18.000,39.000,55.000,0,0,0,0,0,0,0,0,0,0,2,144,0,3,70,0,28.000,0
8.655000,252.00,0.000,0.000,0,35,0.000,0,0,18.000,39.000,55.000,0,0,0,0,0,0,0,0,0,0,2,144,0,3,70,0,28.000,0
8.660000,252.00,0.000,0.000,0,35,0.000,0,0,18.000,39.000,55.000,0,0,0,0,0,0,0,0,0,0,2,144,0,3,70,0,28.000,0
8.665000,252.00,0.000,0.000,0,34,0.000,0,0,18.000,39.000,55.000,0,0,0,0,0,0,0,0,0,0,2,144,0,3,70,0,28.000,0
8.670000,252.00,0.000,0.000,0,33,0.000,0,0,18.000,39.000,55.000,0,0,0,0,0,0,0,0,0,0,2,144,0,3,70,0,28.000,0
8.675000,252.00,0.000,0.000,0,33,0.000,0,0,18.000,39.000,55.000,0,0,0,0,0,0,0,0,0,0,2,144,0,3,70,0,28.000,0
8.680000,252.00,0.000,0.000,0,32,0.000,0,0,18.000,39.000,55.000,0,0,0,0,0,0,0,0,0,0,2,144,0,3,70,0,28.000,0
8.685000,252.00,0.000,0.000,0,31,0.000,0,0,18.000,39.000,55.000,0,0,0,0,0,0,0,0,0,0,2,144,0,3,70,0,28.000,0
8.690000,252.00,0.000,0.000,0,31,0.000,0,0,18.000,39.000,55.000,0,0,0,0,0,0,0,0,0,0,2,144,0,3,70,0,28.000,0
8.695000,252.00,0.000,0.000,0,30,0.000,0,0,18.000,39.000,55.000,0,0,0,0,0,0,0,0,0,0,2,144,0,3,70,0,28.000,0
8.700000,252.00,0.000,0.000,0,30,0.000,0,0,18.000,39.000,55.000,0,0,0,0,0,0,0,0,0,0,2,144,0,3,70,0,28.000,0
8.705000,252.00,0.000,0.000,0,29,0.000,0,0,18.000,39.000,55.000,0,0,0,0,0,0,0,0,0,0,2,144,0,3,70,0,28.000,0
8.710000,252.00,0.000,0.000,0,29,0.000,0,0,18.000,39.000,55.000,0,0,0,0,0,0,0,0,0,0,2,144,0,3,70,0,28.000,0
8.715000,252.00,0.000,0.000,0,28,0.000,0,0,18.000,39.000,55.000,0,0,0,0,0,0,0,0,0,0,2,144,0,3,70,0,28.000,0
8.720000,252.00,0.000,0.000,0,28,0.000,0,0,18.000,39.000,55.000,0,0,0,0,0,0,0,0,0,0,2,144,0,3,70,0,28.000,0
8.725000,252.00,0.000,0.000,0,27,0.000,0,0,18.000,39.000,55.000,0,0,0,0,0,0,0,0,0,0,2,144,0,3,70,0,28.000,0
8.730000,252.00,0.000,0.000,0,27,0.000,0,0,18.000,39.000,55.000,0,0,0,0,0,0,0,0,0,0,2,144,0,3,70,0,28.000,0
8.735000,252.00,0.000,0.000,0,26,0.000,0,0,18.000,39.000,55.000,0,0,0,0,0,0,0,0,0,0,2,144,0,3,70,0,28.000,0
8.740000,252.00,0.000,0.000,0,26,0.000,0,0,18.000,39.000,55.000,0,0,0,0,0,0,0,0,0,0,2,144,0,3,70,0,28.000,0
8.745000,252.00,0.000,0.000,0,25,0.000,0,0,18.000,39.000,55.000,0,0,0,0,0,0,0,0,0,0,2,144,0,3,70,0,28.000,0
8.750000,252.00,0.000,0.000,0,25,0.000,0,0,18.000,39.000,55.000,0,0,0,0,0,0,0,0,0,0,2,144,0,3,70,0,28.000,0
8.755000,252.00,0.000,0.000,0,24,0.000,0,0,18.000,39.000,55.000,0,0,0,0,0,0,0,0,0,0,2,144,0,3,70,0,28.000,0
8.760000,252.00,0.000,0.000,0,24,0.000,0,0,18.000,39.000,55.000,0,0,0,0,0,0,0,0,0,0,2,144,0,3,70,0,28.000,0
8.765000,252.00,0.000,0.000,0,23,0.000,0,0,18.000,39.000,55.000,0,0,0,0,0,0,0,0,0,0,2,144,0,3,70,0,28.000,0
8.770000,252.00,0.000,0.000,0,23,0.000,0,0,18.000,39.000,55.000,0,0,0,0,0,0,0,0,0,0,2,144,0,3,70,0,28.000,0
8.775000,252.00,0.000,0.000,0,23,0.000,0,0,18.000,39.000,55.000,0,0,0,0,0,0,0,0,0,0,2,144,0,3,70,0,28.000,0
8.780000,252.00,0.000,0.000,0,22,0.000,0,0,18.000,39.000,55.000,0,0,0,0,0,0,0,0,0,0,2,144,0,3,70,0,28.000,0
8.785000,252.00,0.000,0.000,0,22,0.000,0,0,18.000,39.000,55.000,0,0,0,0,0,0,0,0,0,0,2,144,0,3,70,0,28.000,0
8.790000,252.00,0.000,0.000,0,21,0.000,0,0,18.000,39.000,55.000,0,0,0,0,0,0,0,0,0,0,2,144,0,3,70,0,28.000,0
8.795000,252.00,0.000,0.000,0,21,0.000,0,0,18.000,39.000,55.000,0,0,0,0,0,0,0,0,0,0,2,144,0,3,70,0,28.000,0
8.800000,252.00,0.000,0.000,0,21,0.000,0,0,18.000,39.000,55.000,0,0,0,0,0,0,0,0,0,0,2,144,0,3,70,0,28.000,0
8.805000,252.00,0.000,0.000,0,20,0.000,0,0,18.000,39.000,55.000,0,0,0,0,0,0,0,0,0,0,2,144,0,3,70,0,28.000,0
8.810000,252.00,0.000,0.000,0,20,0.000,0,0,18.000,39.000,55.000,0,0,0,0,0,0,0,0,0,0,2,144,0,3,70,0,28.000,0
8.815000,252.00,0.000,0.000,0,19,0.000,0,0,18.000,39.000,55.000,0,0,0,0,0,0,0,0,0,0,2,144,0,3,70,0,28.000,0
8.820000,252.00,0.000,0.000,0,19,0.000,0,0,18.000,39.000,55.000,0,0,0,0,0,0,0,0,0,0,2,144,0,3,70,0,28.000,0
8.825000,252.00,0.000,0.000,0,19,0.000,0,0,18.000,39.000,55.000,0,0,0,0,0,0,0,0,0,0,2,144,0,3,70,0,28.000,0
8.830000,252.00,0.000,0.000,0,19,0.000,0,0,18.000,39.000,55.000,0,0,0,0,0,0,0,0,0,0,2,144,0,3,70,0,28.000,0
8.835000,252.00,0.000,0.000,0,18,0.000,0,0,18.000,39.000,55.000,0,0,0,0,0,0,0,0,0,0,2,144,0,3,70,0,28.000,0
8.840000,252.00,0.000,0.000,0,18,0.000,0,0,18.000,39.000,55.000,0,0,0,0,0,0,0,0,0,0,2,144,0,3,70,0,28.000,0
8.845000,252.00,0.000,0.000,0,18,0.000,0,0,18.000,39.000,55.000,0,0,0,0,0,0,0,0,0,0,2,144,0,3,70,0,28.000,0
8.850000,252.00,0.000,0.000,0,17,0.000,0,0,18.000,39.000,55.000,0,0,0,0,0,0,0,0,0,0,2,144,0,3,70,0,28.000,0
8.855000,252.00,0.000,0.000,0,17,0.000,0,0,18.000,39.000,55.000,0,0,0,0,0,0,0,0,0,0,2,144,0,3,70,0,28.000,0
8.860000,252.00,0.000,0.000,0,17,0.000,0,0,18.000,39.000,55.000,0,0,0,0,0,0,0,0,0,0,2,144,0,3,70,0,28.000,0
8.865000,252.00,0.000,0.000,0,16,0.000,0,0,18.000,39.000,55.000,0,0,0,0,0,0,0,0,0,0,2,144,0,3,70,0,28.000,0
8.870000,252.00,0.000,0.000,0,16,0.000,0,0,18.000,39.000,55.000,0,0,0,0,0,0,0,0,0,0,2,144,0,3,70,0,28.000,0
8.875000,252.00,0.000,0.000,0,16,0.000,0,0,18.000,39.000,55.000,0,0,0,0,0,0,0,0,0,0,2,144,0,3,70,0,28.000,0
8.880000,252.00,0.000,0.000,0,15,0.000,0,0,18.000,39.000,55.000,0,0,0,0,0,0,0,0,0,0,2,144,0,3,70,0,28.000,0
8.885000,252.00,0.000,0.000,0,15,0.000,0,0,18.000,39.000,55.000,0,0,0,0,0,0,0,0,0,0,2,144,0,3,70,0,28.000,0
8.890000,252.00,0.000,0.000,0,15,0.000,0,0,18.000,39.000,55.000,0,0,0,0,0,0,0,0,0,0,2,144,0,3,70,0,28.000,0
8.895000,252.00,0.000,0.000,0,15,0.000,0,0,18.000,39.000,55.000,0,0,0,0,0,0,0,0,0,0,2,144,0,3,70,0,28.000,0
8.900000,252.00,0.000,0.000,0,14,0.000,0,0,18.000,39.000,55.000,0,0,0,0,0,0,0,0,0,0,2,144,0,3,70,0,28.000,0
8.905000,252.00,0.000,0.000,0,14,0.000,0,0,18.000,39.000,55.000,0,0,0,0,0,0,0,0,0,0,2,144,0,3,70,0,28.000,0
8.910000,252.00,0.000,0.000,0,14,0.000,0,0,18.000,39.000,55.000,0,0,0,0,0,0,0,0,0,0,2,144,0,3,70,0,28.000,0
8.915000,252.00,0.000,0.000,0,14,0.000,0,0,18.000,39.000,55.000,0,0,0,0,0,0,0,0,0,0,2,144,0,3,70,0,28.000,0
8.920000,252.00,0.000,0.000,0,14,0.000,0,0,18.000,39.000,55.000,0,0,0,0,0,0,0,0,0,0,2,144,0,3,70,0,28.000,0
8.925000,252.00,0.000,0.000,0,13,0.000,0,0,18.000,39.000,55.000,0,0,0,0,0,0,0,0,0,0,2,144,0,3,70,0,28.000,0
8.930000,252.00,0.000,0.000,0,13,0.000,0,0,18.000,39.000,55.000,0,0,0,0,0,0,0,0,0,0,2,144,0,3,70,0,28.000,0
8.935000,252.00,0.000,0.000,0,13,0.000,0,0,18.000,39.000,55.000,0,0,0,0,0,0,0,0,0,0,2,144,0,3,70,0,28.000,0
8.940000,252.00,0.000,0.000,0,13,0.000,0,0,18.000,39.000,55.000,0,0,0,0,0,0,0,0,0,0,2,144,0,3,70,0,28.000,0
8.945000,252.00,0.000,0.000,0,12,0.000,0,0,18.000,39.000,55.000,0,0,0,0,0,0,0,0,0,0,2,144,0,3,70,0,28.000,0
8.950000,252.00,0.000,0.000,0,12,0.000,0,0,18.000,39.000,55.000,0,0,0,0,0,0,0,0,0,0,2,144,0,3,70,0,28.000,0
8.955000,252.00,0.000,0.000,0,12,0.000,0,0,18.000,39.000,55.000,0,0,0,0,0,0,0,0,0,0,2,144,0,3,70,0,28.000,0
8.960000,252.00,0.000,0.000,0,12,0.000,0,0,18.000,39.000,55.000,0,0,0,0,0,0,0,0,0,0,2,144,0,3,70,0,28.000,0
8.965000,252.00,0.000,0.000,0,12,0.000,0,0,18.000,39.000,55.000,0,0,0,0,0,0,0,0,0,0,2,144,0,3,70,0,28.000,0
8.970000,252.00,0.000,0.000,0,11,0.000,0,0,18.000,39.000,55.000,0,0,0,0,0,0,0,0,0,0,2,144,0,3,70,0,28.000,0
8.975000,252.00,0.000,0.000,0,11,0.000,0,0,18.000,39.000,55.000,0,0,0,0,0,0,0,0,0,0,2,144,0,3,70,0,28.000,0
8.980000,252.00,0.000,0.000,0,11,0.000,0,0,18.000,39.000,55.000,0,0,0,0,0,0,0,0,0,0,2,144,0,3,70,0,28.000,0
8.985000,252.00,0.000,0.000,0,11,0.000,0,0,18.000,39.000,55.000,0,0,0,0,0,0,0,0,0,0,2,144,0,3,70,0,28.000,0
8.990000,252.00,0.000,0.000,0,11,0.000,0,0,18.000,39.000,55.000,0,0,0,0,0,0,0,0,0,0,2,144,0,3,70,0,28.000,0
8.995000,252.00,0.000,0.000,0,11,0.000,0,0,18.000,39.000,55.000,0,0,0,0,0,0,0,0,0,0,2,144,0,3,70,0,28.000,0
9.000000,252.00,0.000,0.000,0,10,0.000,0,0,18.000,39.000,55.000,0,0,0,0,0,0,0,0,0,0,2,144,0,3,70,0,28.000,0
9.005000,252.00,0.000,0.000,0,10,0.000,0,0,18.000,39.000,55.000,0,0,0,0,0,0,0,0,0,0,2,144,0,3,70,0,28.000,0
9.010000,252.00,0.000,0.000,0,10,0.000,0,0,18.000,39.000,55.000,0,0,0,0,0,0,0,0,0,0,2,144,0,3,70,0,28.000,0
9.015000,252.00,0.000,0.000,0,10,0.000,0,0,18.000,39.000,55.000,0,0,0,0,0,0,0,0,0,0,2,144,0,3,70,0,28.000,0
9.020000,252.00,0.000,0.000,0,10,0.000,0,0,18.000,39.000,55.000,0,0,0,0,0,0,0,0,0,0,2,144,0,3,70,0,28.000,0
9.025000,252.00,0.000,0.000,0,10,0.000,0,0,18.000,39.000,55.000,0,0,0,0,0,0,0,0,0,0,2,144,0,3,70,0,28.000,0
9.030000,252.00,0.000,0.000,0,10,0.000,0,0,18.000,39.000,55.000,0,0,0,0,0,0,0,0,0,0,2,144,0,3,70,0,28.000,0
9.035000,252.00,0.000,0.000,0,9,0.000,0,0,18.000,39.000,55.000,0,0,0,0,0,0,0,0,0,0,2,144,0,3,70,0,28.000,0
9.040000,252.00,0.000,0.000,0,9,0.000,0,0,18.000,39.000,55.000,0,0,0,0,0,0,0,0,0,0,2,144,0,3,70,0,28.000,0
9.045000,252.00,0.000,0.000,0,9,0.000,0,0,18.000,39.000,55.000,0,0,0,0,0,0,0,0,0,0,2,144,0,3,70,0,28.000,0
9.050000,252.00,0.000,0.000,0,9,0.000,0,0,18.000,39.000,55.000,0,0,0,0,0,0,0,0,0,0,2,144,0,3,70,0,28.000,0
9.055000,252.00,0.000,0.000,0,9,0.000,0,0,18.000,39.000,55.000,0,0,0,0,0,0,0,0,0,0,2,144,0,3,70,0,28.000,0
9.060000,252.00,0.000,0.000,0,9,0.000,0,0,18.000,39.000,55.000,0,0,0,0,0,0,0,0,0,0,2,144,0,3,70,0,28.000,0
9.065000,252.00,0.000,0.000,0,8,0.000,0,0,18.000,39.000,55.000,0,0,0,0,0,0,0,0,0,0,2,144,0,3,70,0,28.000,0
9.070000,252.00,0.000,0.000,0,8,0.000,0,0,18.000,39.000,55.000,0,0,0,0,0,0,0,0,0,0,2,144,0,3,70,0,28.000,0
9.075000,252.00,0.000,0.000,0,8,0.000,0,0,18.000,39.000,55.000,0,0,0,0,0,0,0,0,0,0,2,144,0,3,70,0,28.000,0
9.080000,252.00,0.000,0.000,0,8,0.000,0,0,18.000,39.000,55.000,0,0,0,0,0,0,0,0,0,0,2,144,0,3,70,0,28.000,0
9.085000,252.00,0.000,0.000,0,8,0.000,0,0,18.000,39.000,55.000,0,0,0,0,0,0,0,0,0,0,2,144,0,3,70,0,28.000,0
9.090000,252.00,0.000,0.000,0,8,0.000,0,0,18.000,39.000,55.000,0,0,0,0,0,0,0,0,0,0,2,144,0,3,70,0,28.000,0
9.095000,252.00,0.000,0.000,0,8,0.000,0,0,18.000,39.000,55.000,0,0,0,0,0,0,0,0,0,0,2,144,0,3,70,0,28.000,0
9.100000,252.00,0.000,0.000,0,8,0.000,0,0,18.000,39.000,55.000,0,0,0,0,0,0,0,0,0,0,2,144,0,3,70,0,28.000,0
9.105000,252.00,0.000,0.000,0,7,0.000,0,0,18.000,39.000,55.000,0,0,0,0,0,0,0,0,0,0,2,144,0,3,70,0,28.000,0
9.110000,252.00,0.000,0.000,0,7,0.000,0,0,18.000,39.000,55.000,0,0,0,0,0,0,0,0,0,0,2,144,0,3,70,0,28.000,0
9.115000,252.00,0.000,0.000,0,7,0.000,0,0,18.000,39.000,55.000,0,0,0,0,0,0,0,0,0,0,2,144,0,3,70,0,28.000,0
9.120000,252.00,0.000,0.000,0,7,0.000,0,0,18.000,39.000,55.000,0,0,0,0,0,0,0,0,0,0,2,144,0,3,70,0,28.000,0
9.125000,252.00,0.000,0.000,0,7,0.000,0,0,18.000,39.000,55.000,0,0,0,0,0,0,0,0,0,0,2,144,0,3,70,0,28.000,0
9.130000,252.00,0.000,0.000,0,7,0.000,0,0,18.000,39.000,55.000,0,0,0,0,0,0,0,0,0,0,2,144,0,3,70,0,28.000,0
9.135000,252.00,0.000,0.000,0,7,0.000,0,0,18.000,39.000,55.000,0,0,0,0,0,0,0,0,0,0,2,144,0,3,70,0,28.000,0
9.140000,252.00,0.000,0.000,0,7,0.000,0,0,18.000,39.000,55.000,0,0,0,0,0,0,0,0,0,0,2,144,0,3,70,0,28.000,0
9.145000,252.00,0.000,0.000,0,7,0.000,0,0,18.000,39.000,55.000,0,0,0,0,0,0,0,0,0,0,2,144,0,3,70,0,28.000,0
9.150000,252.00,0.000,0.000,0,7,0.000,0,0,18.000,39.000,55.000,0,0,0,0,0,0,0,0,0,0,2,144,0,3,70,0,28.000,0
9.155000,252.00,0.000,0.000,0,7,0.000,0,0,18.000,39.000,55.000,0,0,0,0,0,0,0,0,0,0,2,144,0,3,70,0,28.000,0
9.160000,252.00,0.000,0.000,0,7,0.000,0,0,18.000,39.000,55.000,0,0,0,0,0,0,0,0,0,0,2,144,0,3,70,0,28.000,0
9.165000,252.00,0.000,0.000,0,7,0.000,0,0,18.000,39.000,55.000,0,0,0,0,0,0,0,0,0,0,2,144,0,3,70,0,28.000,0
9.170000,252.00,0.000,0.000,0,6,0.000,0,0,18.000,39.000,55.000,0,0,0,0,0,0,0,0,0,0,2,144,0,3,70,0,28.000,0
9.175000,252.00,0.000,0.000,0,6,0.000,0,0,18.000,39.000,55.000,0,0,0,0,0,0,0,0,0,0,2,144,0,3,70,0,28.000,0
9.180000,252.00,0.000,0.000,0,6,0.000,0,0,18.000,39.000,55.000,0,0,0,0,0,0,0,0,0,0,2,144,0,3,70,0,28.000,0
9.185000,252.00,0.000,0.000,0,6,0.000,0,0,18.000,39.000,55.000,0,0,0,0,0,0,0,0,0,0,2,144,0,3,70,0,28.000,0
9.190000,252.00,0.000,0.000,0,6,0.000,0,0,18.000,39.000,55.000,0,0,0,0,0,0,0,0,0,0,2,144,0,3,70,0,28.000,0
9.195000,252.00,0.000,0.000,0,6,0.000,0,0,18.000,39.000,55.000,0,0,0,0,0,0,0,0,0,0,2,144,0,3,70,0,28.000,0
9.200000,252.00,0.000,0.000,0,6,0.000,0,0,18.000,39.000,55.000,0,0,0,0,0,0,0,0,0,0,2,144,0,3,70,0,28.000,0
9.205000,252.00,0.000,0.000,0,6,0.000,0,0,18.000,39.000,55.000,0,0,0,0,0,0,0,0,0,0,2,144,0,3,70,0,28.000,0
9.210000,252.00,0.000,0.000,0,6,0.000,0,0,18.000,39.000,55.000,0,0,0,0,0,0,0,0,0,0,2,144,0,3,70,0,28.000,0
9.215000,252.00,0.000,0.000,0,6,0.000,0,0,18.000,39.000,55.000,0,0,0,0,0,0,0,0,0,0,2,144,0,3,70,0,28.000,0
9.220000,252.00,0.000,0.000,0,6,0.000,0,0,18.000,39.000,55.000,0,0,0,0,0,0,0,0,0,0,2,144,0,3,70,0,28.000,0
9.225000,252.00,0.000,0.000,0,6,0.000,0,0,18.000,39.000,55.000,0,0,0,0,0,0,0,0,0,0,2,144,0,3,70,0,28.000,0
9.230000,252.00,0.000,0.000,0,6,0.000,0,0,18.000,39.000,55.000,0,0,0,0,0,0,0,0,0,0,2,144,0,3,70,0,28.000,0
9.235000,252.00,0.000,0.000,0,5,0.000,0,0,18.000,39.000,55.000,0,0,0,0,0,0,0,0,0,0,2,144,0,3,70,0,28.000,0
9.240000,252.00,0.000,0.000,0,5,0.000,0,0,18.000,39.000,55.000,0,0,0,0,0,0,0,0,0,0,2,144,0,3,70,0,28.000,0
9.245000,252.00,0.000,0.000,0,5,0.000,0,0,18.000,39.000,55.000,0,0,0,0,0,0,0,0,0,0,2,144,0,3,70,0,28.000,0
9.250000,252.00,0.000,0.000,0,5,0.000,0,0,18.000,39.000,55.000,0,0,0,0,0,0,0,0,0,0,2,144,0,3,70,0,28.000,0
9.255000,252.00,0.000,0.000,0,5,0.000,0,0,18.000,39.000,55.000,0,0,0,0,0,0,0,0,0,0,2,144,0,3,70,0,28.000,0
9.260000,252.00,0.000,0.000,0,5,0.000,0,0,18.000,39.000,55.000,0,0,0,0,0,0,0,0,0,0,2,144,0,3,70,0,28.000,0
9.265000,252.00,0.000,0.000,0,5,0.000,0,0,18.000,39.000,55.000,0,0,0,0,0,0,0,0,0,0,2,144,0,3,70,0,28.000,0
9.270000,252.00,0.000,0.000,0,5,0.000,0,0,18.000,39.000,55.000,0,0,0,0,0,0,0,0,0,0,2,144,0,3,70,0,28.000,0
9.275000,252.00,0.000,0.000,0,5,0.000,0,0,18.000,39.000,55.000,0,0,0,0,0,0,0,0,0,0,2,144,0,3,70,0,28.000,0
9.280000,252.00,0.000,0.000,0,5,0.000,0,0,18.000,39.000,55.000,0,0,0,0,0,0,0,0,0,0,2,144,0,3,70,0,28.000,0
9.285000,252.00,0.000,0.000,0,5,0.000,0,0,18.000,39.000,55.000,0,0,0,0,0,0,0,0,0,0,2,144,0,3,70,0,28.000,0
9.290000,252.00,0.000,0.000,0,5,0.000,0,0,18.000,39.000,55.000,0,0,0,0,0,0,0,0,0,0,2,144,0,3,70,0,28.000,0
9.295000,252.00,0.000,0.000,0,5,0.000,0,0,18.000,39.000,55.000,0,0,0,0,0,0,0,0,0,0,2,144,0,3,70,0,28.000,0
9.300000,252.00,0.000,0.000,0,4,0.000,0,0,18.000,39.000,55.000,0,0,0,0,0,0,0,0,0,0,2,144,0,3,70,0,28.000,0
9.305000,252.00,0.000,0.000,0,4,0.000,0,0,18.000,39.000,55.000,0,0,0,0,0,0,0,0,0,0,2,144,0,3,70,0,28.000,0
9.310000,252.00,0.000,0.000,0,4,0.000,0,0,18.000,39.000,55.000,0,0,0,0,0,0,0,0,0,0,2,144,0,3,70,0,28.000,0
9.315000,252.00,0.000,0.000,0,4,0.000,0,0,18.000,39.000,55.000,0,0,0,0,0,0,0,0,0,0,2,144,0,3,70,0,28.000,0
9.320000,252.00,0.000,0.000,0,4,0.000,0,0,18.000,39.000,55.000,0,0,0,0,0,0,0,0,0,0,2,144,0,3,70,0,28.000,0
9.325000,252.00,0.000,0.000,0,4,0.000,0,0,18.000,39.000,55.000,0,0,0,0,0,0,0,0,0,0,2,144,0,3,70,0,28.000,0
9.330000,252.00,0.000,0.000,0,4,0.000,0,0,18.000,39.000,55.000,0,0,0,0,0,0,0,0,0,0,2,144,0,3,70,0,28.000,0
9.335000,252.00,0.000,0.000,0,0,0.000,0,0,18.000,39.000,55.000,0,0,0,0,0,0,0,0,0,0,2,144,0,3,70,0,28.000,0
9.340000,252.00,0.000,0.000,0,0,0.000,0,0,18.000,39.000,55.000,0,0,0,0,0,0,0,0,0,0,2,144,0,3,70,0,28.000,0
9.345000,252.00,0.000,0.000,0,0,0.000,0,0,18.000,39.000,55.000,0,0,0,0,0,0,0,0,0,0,2,144,0,3,70,0,28.000,0
9.350000,252.00,0.000,0.000,0,0,0.000,0,0,18.000,39.000,55.000,0,0,0,0,0,0,0,0,0,0,2,144,0,3,70,0,28.000,0
9.355000,252.00,0.000,0.000,0,0,0.000,0,0,18.000,39.000,55.000,0,0,0,0,0,0,0,0,0,0,2,144,0,3,70,0,28.000,0
9.360000,252.00,0.000,0.000,0,0,0.000,0,0,18.000,39.000,55.000,0,0,0,0,0,0,0,0,0,0,2,144,0,3,70,0,28.000,0
9.365000,252.00,0.000,0.000,0,0,0.000,0,0,18.000,39.000,55.000,0,0,0,0,0,0,0,0,0,0,2,144,0,3,70,0,28.000,0
9.370000,252.00,0.000,0.000,0,0,0.000,0,0,18.000,39.000,55.000,0,0,0,0,0,0,0,0,0,0,2,144,0,3,70,0,28.000,0
9.375000,252.00,0.000,0.000,0,0,0.000,0,0,18.000,39.000,55.000,0,0,0,0,0,0,0,0,0,0,2,144,0,3,70,0,28.000,0
9.380000,252.00,0.000,0.000,0,0,0.000,0,0,18.000,39.000,55.000,0,0,0,0,0,0,0,0,0,0,2,144,0,3,70,0,28.000,0
9.385000,252.00,0.000,0.000,0,0,0.000,0,0,18.000,39.000,55.000,0,0,0,0,0,0,0,0,0,0,2,144,0,3,70,0,28.000,0
9.390000,252.00,0.000,0.000,0,0,0.000,0,0,18.000,39.000,55.000,0,0,0,0,0,0,0,0,0,0,2,144,0,3,70,0,28.000,0
9.395000,252.00,0.000,0.000,0,0,0.000,0,0,18.000,39.000,55.000,0,0,0,0,0,0,0,0,0,0,2,144,0,3,70,0,28.000,0
9.400000,252.00,0.000,0.000,0,0,0.000,0,0,18.000,39.000,55.000,0,0,0,0,0,0,0,0,0,0,2,144,0,3,70,0,28.000,0
9.405000,252.00,0.000,0.000,0,0,0.000,0,0,18.000,39.000,55.000,0,0,0,0,0,0,0,0,0,0,2,144,0,3,70,0,28.000,0
9.410000,252.00,0.000,0.000,0,0,0.000,0,0,18.000,39.000,55.000,0,0,0,0,0,0,0,0,0,0,2,144,0,3,70,0,28.000,0
9.415000,252.00,0.000,0.000,0,0,0.000,0,0,18.000,39.000,55.000,0,0,0,0,0,0,0,0,0,0,2,144,0,3,70,0,28.000,0
9.420000,252.00,0.000,0.000,0,0,0.000,0,0,18.000,39.000,55.000,0,0,0,0,0,0,0,0,0,0,2,144,0,3,70,0,28.000,0
9.425000,252.00,0.000,0.000,0,0,0.000,0,0,18.000,39.000,55.000,0,0,0,0,0,0,0,0,0,0,2,144,0,3,70,0,28.000,0
9.430000,252.00,0.000,0.000,0,0,0.000,0,0,18.000,39.000,55.000,0,0,0,0,0,0,0,0,0,0,2,144,0,3,70,0,28.000,0
9.435000,252.00,0.000,0.000,0,0,0.000,0,0,18.000,39.000,55.000,0,0,0,0,0,0,0,0,0,0,2,144,0,3,70,0,28.000,0
9.440000,252.00,0.000,0.000,0,0,0.000,0,0,18.000,39.000,55.000,0,0,0,0,0,0,0,0,0,0,2,144,0,3,70,0,28.000,0
9.445000,252.00,0.000,0.000,0,0,0.000,0,0,18.000,39.000,55.000,0,0,0,0,0,0,0,0,0,0,2,144,0,3,70,0,28.000,0
9.450000,252.00,0.000,0.000,0,0,0.000,0,0,18.000,39.000,55.000,0,0,0,0,0,0,0,0,0,0,2,144,0,3,70,0,28.000,0
9.455000,252.00,0.000,0.000,0,0,0.000,0,0,18.000,39.000,55.000,0,0,0,0,0,0,0,0,0,0,2,144,0,3,70,0,28.000,0
9.460000,252.00,0.000,0.000,0,0,0.000,0,0,18.000,39.000,55.000,0,0,0,0,0,0,0,0,0,0,2,144,0,3,70,0,28.000,0
9.465000,252.00,0.000,0.000,0,0,0.000,0,0,18.000,39.000,55.000,0,0,0,0,0,0,0,0,0,0,2,144,0,3,70,0,28.000,0
9.470000,252.00,0.000,0.000,0,0,0.000,0,0,18.000,39.000,55.000,0,0,0,0,0,0,0,0,0,0,2,144,0,3,70,0,28.000,0
9.475000,252.00,0.000,0.000,0,0,0.000,0,0,18.000,39.000,55.000,0,0,0,0,0,0,0,0,0,0,2,144,0,3,70,0,28.000,0
9.480000,252.00,0.000,0.000,0,0,0.000,0,0,18.000,39.000,55.000,0,0,0,0,0,0,0,0,0,0,2,144,0,3,70,0,28.000,0
9.485000,252.00,0.000,0.000,0,0,0.000,0,0,18.000,39.000,55.000,0,0,0,0,0,0,0,0,0,0,2,144,0,3,70,0,28.000,0
9.490000,252.00,0.000,0.000,0,0,0.000,0,0,18.000,39.000,55.000,0,0,0,0,0,0,0,0,0,0,2,144,0,3,70,0,28.000,0
9.495000,252.00,0.000,0.000,0,0,0.000,0,0,18.000,39.000,55.000,0,0,0,0,0,0,0,0,0,0,2,144,0,3,70,0,28.000,0
9.500000,252.00,0.000,0.000,0,0,0.000,0,0,18.000,39.000,55.000,0,0,0,0,0,0,0,0,0,0,2,144,0,3,70,0,28.000,0
9.505000,252.00,0.000,0.000,0,0,0.000,0,0,18.000,39.000,55.000,0,0,0,0,0,0,0,0,0,0,2,144,0,3,70,0,28.000,0
9.510000,252.00,0.000,0.000,0,0,0.000,0,0,18.000,39.000,55.000,0,0,0,0,0,0,0,0,0,0,2,144,0,3,70,0,28.000,0
9.515000,252.00,0.000,0.000,0,0,0.000,0,0,18.000,39.000,55.000,0,0,0,0,0,0,0,0,0,0,2,144,0,3,70,0,28.000,0
9.520000,252.00,0.000,0.000,0,0,0.000,0,0,18.000,39.000,55.000,0,0,0,0,0,0,0,0,0,0,2,144,0,3,70,0,28.000,0
9.525000,252.00,0.000,0.000,0,0,0.000,0,0,18.000,39.000,55.000,0,0,0,0,0,0,0,0,0,0,2,144,0,3,70,0,28.000,0
9.530000,252.00,0.000,0.000,0,0,0.000,0,0,18.000,39.000,55.000,0,0,0,0,0,0,0,0,0,0,2,144,0,3,70,0,28.000,0
9.535000,252.00,0.000,0.000,0,0,0.000,0,0,18.000,39.000,55.000,0,0,0,0,0,0,0,0,0,0,2,144,0,3,70,0,28.000,0
9.540000,252.00,0.000,0.000,0,0,0.000,0,0,18.000,39.000,55.000,0,0,0,0,0,0,0,0,0,0,2,144,0,3,70,0,28.000,0
9.545000,252.00,0.000,0.000,0,0,0.000,0,0,18.000,39.000,55.000,0,0,0,0,0,0,0,0,0,0,2,144,0,3,70,0,28.000,0
9.550000,252.00,0.000,0.000,0,0,0.000,0,0,18.000,39.000,55.000,0,0,0,0,0,0,0,0,0,0,2,144,0,3,70,0,28.000,0
9.555000,252.00,0.000,0.000,0,0,0.000,0,0,18.000,39.000,55.000,0,0,0,0,0,0,0,0,0,0,2,144,0,3,70,0,28.000,0
9.560000,252.00,0.000,0.000,0,0,0.000,0,0,18.000,39.000,55.000,0,0,0,0,0,0,0,0,0,0,2,144,0,3,70,0,28.000,0
9.565000,252.00,0.000,0.000,0,0,0.000,0,0,18.000,39.000,55.000,0,0,0,0,0,0,0,0,0,0,2,144,0,3,70,0,28.000,0
9.570000,252.00,0.000,0.000,0,0,0.000,0,0,18.000,39.000,55.000,0,0,0,0,0,0,0,0,0,0,2,144,0,3,70,0,28.000,0
9.575000,252.00,0.000,0.000,0,0,0.000,0,0,18.000,39.000,55.000,0,0,0,0,0,0,0,0,0,0,2,144,0,3,70,0,28.000,0
9.580000,252.00,0.000,0.000,0,0,0.000,0,0,18.000,39.000,55.000,0,0,0,0,0,0,0,0,0,0,2,144,0,3,70,0,28.000,0
9.585000,252.00,0.000,0.000,0,0,0.000,0,0,18.000,39.000,55.000,0,0,0,0,0,0,0,0,0,0,2,144,0,3,70,0,28.000,0
9.590000,252.00,0.000,0.000,0,0,0.000,0,0,18.000,39.000,55.000,0,0,0,0,0,0,0,0,0,0,2,144,0,3,70,0,28.000,0
9.595000,252.00,0.000,0.000,0,0,0.000,0,0,18.000,39.000,55.000,0,0,0,0,0,0,0,0,0,0,2,144,0,3,70,0,28.000,0
9.600000,252.00,0.000,0.000,0,0,0.000,0,0,18.000,39.000,55.000,0,0,0,0,0,0,0,0,0,0,2,144,0,3,70,0,28.000,0
9.605000,252.00,0.000,0.000,0,0,0.000,0,0,18.000,39.000,55.000,0,0,0,0,0,0,0,0,0,0,2,144,0,3,70,0,28.000,0
9.610000,252.00,0.000,0.000,0,0,0.000,0,0,18.000,39.000,55.000,0,0,0,0,0,0,0,0,0,0,2,144,0,3,70,0,28.000,0
9.615000,252.00,0.000,0.000,0,0,0.000,0,0,18.000,39.000,55.000,0,0,0,0,0,0,0,0,0,0,2,144,0,3,70,0,28.000,0
9.620000,252.00,0.000,0.000,0,0,0.000,0,0,18.000,39.000,55.000,0,0,0,0,0,0,0,0,0,0,2,144,0,3,70,0,28.000,0
9.625000,252.00,0.000,0.000,0,0,0.000,0,0,18.000,39.000,55.000,0,0,0,0,0,0,0,0,0,0,2,144,0,3,70,0,28.000,0
9.630000,252.00,0.000,0.000,0,0,0.000,0,0,18.000,39.000,55.000,0,0,0,0,0,0,0,0,0,0,2,144,0,3,70,0,28.000,0
9.635000,252.00,0.000,0.000,0,0,0.000,0,0,18.000,39.000,55.000,0,0,0,0,0,0,0,0,0,0,2,144,0,3,70,0,28.000,0
9.640000,252.00,0.000,0.000,0,0,0.000,0,0,18.000,39.000,55.000,0,0,0,0,0,0,0,0,0,0,2,144,0,3,70,0,28.000,0
9.645000,252.00,0.000,0.000,0,0,0.000,0,0,18.000,39.000,55.000,0,0,0,0,0,0,0,0,0,0,2,144,0,3,70,0,28.000,0
9.650000,252.00,0.000,0.000,0,0,0.000,0,0,18.000,39.000,55.000,0,0,0,0,0,0,0,0,0,0,2,144,0,3,70,0,28.000,0
9.655000,252.00,0.000,0.000,0,0,0.000,0,0,18.000,39.000,55.000,0,0,0,0,0,0,0,0,0,0,2,144,0,3,70,0,28.000,0
9.660000,252.00,0.000,0.000,0,0,0.000,0,0,18.000,39.000,55.000,0,0,0,0,0,0,0,0,0,0,2,144,0,3,70,0,28.000,0
9.665000,252.00,0.000,0.000,0,0,0.000,0,0,18.000,39.000,55.000,0,0,0,0,0,0,0,0,0,0,2,144,0,3,70,0,28.000,0
9.670000,252.00,0.000,0.000,0,0,0.000,0,0,18.000,39.000,55.000,0,0,0,0,0,0,0,0,0,0,2,144,0,3,70,0,28.000,0
9.675000,252.00,0.000,0.000,0,0,0.000,0,0,18.000,39.000,55.000,0,0,0,0,0,0,0,0,0,0,2,144,0,3,70,0,28.000,0
9.680000,252.00,0.000,0.000,0,0,0.000,0,0,18.000,39.000,55.000,0,0,0,0,0,0,0,0,0,0,2,144,0,3,70,0,28.000,0
9.685000,252.00,0.000,0.000,0,0,0.000,0,0,18.000,39.000,55.000,0,0,0,0,0,0,0,0,0,0,2,144,0,3,70,0,28.000,0
9.690000,252.00,0.000,0.000,0,0,0.000,0,0,18.000,39.000,55.000,0,0,0,0,0,0,0,0,0,0,2,144,0,3,70,0,28.000,0
9.695000,252.00,0.000,0.000,0,0,0.000,0,0,18.000,39.000,55.000,0,0,0,0,0,0,0,0,0,0,2,144,0,3,70,0,28.000,0
9.700000,252.00,0.000,0.000,0,0,0.000,0,0,18.000,39.000,55.000,0,0,0,0,0,0,0,0,0,0,2,144,0,3,70,0,28.000,0
9.705000,252.00,0.000,0.000,0,0,0.000,0,0,18.000,39.000,55.000,0,0,0,0,0,0,0,0,0,0,2,144,0,3,70,0,28.000,0
9.710000,252.00,0.000,0.000,0,0,0.000,0,0,18.000,39.000,55.000,0,0,0,0,0,0,0,0,0,0,2,144,0,3,70,0,28.000,0
9.715000,252.00,0.000,0.000,0,0,0.000,0,0,18.000,39.000,55.000,0,0,0,0,0,0,0,0,0,0,2,144,0,3,70,0,28.000,0
9.720000,252.00,0.000,0.000,0,0,0.000,0,0,18.000,39.000,55.000,0,0,0,0,0,0,0,0,0,0,2,144,0,3,70,0,28.000,0
9.725000,252.00,0.000,0.000,0,0,0.000,0,0,18.000,39.000,55.000,0,0,0,0,0,0,0,0,0,0,2,144,0,3,70,0,28.000,0
9.730000,252.00,0.000,0.000,0,0,0.000,0,0,18.000,39.000,55.000,0,0,0,0,0,0,0,0,0,0,2,144,0,3,70,0,28.000,0
9.735000,252.00,0.000,0.000,0,0,0.000,0,0,18.000,39.000,55.000,0,0,0,0,0,0,0,0,0,0,2,144,0,3,70,0,28.000,0
9.740000,252.00,0.000,0.000,0,0,0.000,0,0,18.000,39.000,55.000,0,0,0,0,0,0,0,0,0,0,2,144,0,3,70,0,28.000,0
9.745000,252.00,0.000,0.000,0,0,0.000,0,0,18.000,39.000,55.000,0,0,0,0,0,0,0,0,0,0,2,144,0,3,70,0,28.000,0
9.750000,252.00,0.000,0.000,0,0,0.000,0,0,18.000,39.000,55.000,0,0,0,0,0,0,0,0,0,0,2,144,0,3,70,0,28.000,0
9.755000,252.00,0.000,0.000,0,0,0.000,0,0,18.000,39.000,55.000,0,0,0,0,0,0,0,0,0,0,2,144,0,3,70,0,28.000,0
9.760000,252.00,0.000,0.000,0,0,0.000,0,0,18.000,39.000,55.000,0,0,0,0,0,0,0,0,0,0,2,144,0,3,70,0,28.000,0
9.765000,252.00,0.000,0.000,0,0,0.000,0,0,18.000,39.000,55.000,0,0,0,0,0,0,0,0,0,0,2,144,0,3,70,0,28.000,0
9.770000,252.00,0.000,0.000,0,0,0.000,0,0,18.000,39.000,55.000,0,0,0,0,0,0,0,0,0,0,2,144,0,3,70,0,28.000,0
9.775000,252.00,0.000,0.000,0,0,0.000,0,0,18.000,39.000,55.000,0,0,0,0,0,0,0,0,0,0,2,144,0,3,70,0,28.000,0
9.780000,252.00,0.000,0.000,0,0,0.000,0,0,18.000,39.000,55.000,0,0,0,0,0,0,0,0,0,0,2,144,0,3,70,0,28.000,0
9.785000,252.00,0.000,0.000,0,0,0.000,0,0,18.000,39.000,55.000,0,0,0,0,0,0,0,0,0,0,2,144,0,3,70,0,28.000,0
9.790000,252.00,0.000,0.000,0,0,0.000,0,0,18.000,39.000,55.000,0,0,0,0,0,0,0,0,0,0,2,144,0,3,70,0,28.000,0
9.795000,252.00,0.000,0.000,0,0,0.000,0,0,18.000,39.000,55.000,0,0,0,0,0,0,0,0,0,0,2,144,0,3,70,0,28.000,0
9.800000,252.00,0.000,0.000,0,0,0.000,0,0,18.000,39.000,55.000,0,0,0,0,0,0,0,0,0,0,2,144,0,3,70,0,28.000,0
9.805000,252.00,0.000,0.000,0,0,0.000,0,0,18.000,39.000,55.000,0,0,0,0,0,0,0,0,0,0,2,144,0,3,70,0,28.000,0
9.810000,252.00,0.000,0.000,0,0,0.000,0,0,18.000,39.000,55.000,0,0,0,0,0,0,0,0,0,0,2,144,0,3,70,0,28.000,0
9.815000,252.00,0.000,0.000,0,0,0.000,0,0,18.000,39.000,55.000,0,0,0,0,0,0,0,0,0,0,2,144,0,3,70,0,28.000,0
9.820000,252.00,0.000,0.000,0,0,0.000,0,0,18.000,39.000,55.000,0,0,0,0,0,0,0,0,0,0,2,144,0,3,70,0,28.000,0
9.825000,252.00,0.000,0.000,0,0,0.000,0,0,18.000,39.000,55.000,0,0,0,0,0,0,0,0,0,0,2,144,0,3,70,0,28.000,0
9.830000,252.00,0.000,0.000,0,0,0.000,0,0,18.000,39.000,55.000,0,0,0,0,0,0,0,0,0,0,2,144,0,3,70,0,28.000,0
9.835000,252.00,0.000,0.000,0,0,0.000,0,0,18.000,39.000,55.000,0,0,0,0,0,0,0,0,0,0,2,144,0,3,70,0,28.000,0
9.840000,252.00,0.000,0.000,0,0,0.000,0,0,18.000,39.000,55.000,0,0,0,0,0,0,0,0,0,0,2,144,0,3,70,0,28.000,0
9.845000,252.00,0.000,0.000,0,0,0.000,0,0,18.000,39.000,55.000,0,0,0,0,0,0,0,0,0,0,2,144,0,3,70,0,28.000,0
9.850000,252.00,0.000,0.000,0,0,0.000,0,0,18.000,39.000,55.000,0,0,0,0,0,0,0,0,0,0,2,144,0,3,70,0,28.000,0
9.855000,252.00,0.000,0.000,0,0,0.000,0,0,18.000,39.000,55.000,0,0,0,0,0,0,0,0,0,0,2,144,0,3,70,0,28.000,0
9.860000,252.00,0.000,0.000,0,0,0.000,0,0,18.000,39.000,55.000,0,0,0,0,0,0,0,0,0,0,2,144,0,3,70,0,28.000,0
9.865000,252.00,0.000,0.000,0,0,0.000,0,0,18.000,39.000,55.000,0,0,0,0,0,0,0,0,0,0,2,144,0,3,70,0,28.000,0
9.870000,252.00,0.000,0.000,0,0,0.000,0,0,18.000,39.000,55.000,0,0,0,0,0,0,0,0,0,0,2,144,0,3,70,0,28.000,0
9.875000,252.00,0.000,0.000,0,0,0.000,0,0,18.000,39.000,55.000,0,0,0,0,0,0,0,0,0,0,2,144,0,3,70,0,28.000,0
9.880000,252.00,0.000,0.000,0,0,0.000,0,0,18.000,39.000,55.000,0,0,0,0,0,0,0,0,0,0,2,144,0,3,70,0,28.000,0
9.885000,252.00,0.000,0.000,0,0,0.000,0,0,18.000,39.000,55.000,0,0,0,0,0,0,0,0,0,0,2,144,0,3,70,0,28.000,0
9.890000,252.00,0.000,0.000,0,0,0.000,0,0,18.000,39.000,55.000,0,0,0,0,0,0,0,0,0,0,2,144,0,3,70,0,28.000,0
9.895000,252.00,0.000,0.000,0,0,0.000,0,0,18.000,39.000,55.000,0,0,0,0,0,0,0,0,0,0,2,144,0,3,70,0,28.000,0
9.900000,252.00,0.000,0.000,0,0,0.000,0,0,18.000,39.000,55.000,0,0,0,0,0,0,0,0,0,0,2,144,0,3,70,0,28.000,0
9.905000,252.00,0.000,0.000,0,0,0.000,0,0,18.000,39.000,55.000,0,0,0,0,0,0,0,0,0,0,2,144,0,3,70,0,28.000,0
9.910000,252.00,0.000,0.000,0,0,0.000,0,0,18.000,39.000,55.000,0,0,0,0,0,0,0,0,0,0,2,144,0,3,70,0,28.000,0
9.915000,252.00,0.000,0.000,0,0,0.000,0,0,18.000,39.000,55.000,0,0,0,0,0,0,0,0,0,0,2,144,0,3,70,0,28.000,0
9.920000,252.00,0.000,0.000,0,0,0.000,0,0,18.000,39.000,55.000,0,0,0,0,0,0,0,0,0,0,2,144,0,3,70,0,28.000,0
9.925000,252.00,0.000,0.000,0,0,0.000,0,0,18.000,39.000,55.000,0,0,0,0,0,0,0,0,0,0,2,144,0,3,70,0,28.000,0
9.930000,252.00,0.000,0.000,0,0,0.000,0,0,18.000,39.000,55.000,0,0,0,0,0,0,0,0,0,0,2,144,0,3,70,0,28.000,0
9.935000,252.00,0.000,0.000,0,0,0.000,0,0,18.000,39.000,55.000,0,0,0,0,0,0,0,0,0,0,2,144,0,3,70,0,28.000,0
9.940000,252.00,0.000,0.000,0,0,0.000,0,0,18.000,39.000,55.000,0,0,0,0,0,0,0,0,0,0,2,144,0,3,70,0,28.000,0
9.945000,252.00,0.000,0.000,0,0,0.000,0,0,18.000,39.000,55.000,0,0,0,0,0,0,0,0,0,0,2,144,0,3,70,0,28.000,0
9.950000,252.00,0.000,0.000,0,0,0.000,0,0,18.000,39.000,55.000,0,0,0,0,0,0,0,0,0,0,2,144,0,3,70,0,28.000,0
9.955000,252.00,0.000,0.000,0,0,0.000,0,0,18.000,39.000,55.000,0,0,0,0,0,0,0,0,0,0,2,144,0,3,70,0,28.000,0
9.960000,252.00,0.000,0.000,0,0,0.000,0,0,18.000,39.000,55.000,0,0,0,0,0,0,0,0,0,0,2,144,0,3,70,0,28.000,0
9.965000,252.00,0.000,0.000,0,0,0.000,0,0,18.000,39.000,55.000,0,0,0,0,0,0,0,0,0,0,2,144,0,3,70,0,28.000,0
9.970000,252.00,0.000,0.000,0,0,0.000,0,0,18.000,39.000,55.000,0,0,0,0,0,0,0,0,0,0,2,144,0,3,70,0,28.000,0
9.975000,252.00,0.000,0.000,0,0,0.000,0,0,18.000,39.000,55.000,0,0,0,0,0,0,0,0,0,0,2,144,0,3,70,0,28.000,0
9.980000,252.00,0.000,0.000,0,0,0.000,0,0,18.000,39.000,55.000,0,0,0,0,0,0,0,0,0,0,2,144,0,3,70,0,28.000,0
9.985000,252.00,0.000,0.000,0,0,0.000,0,0,18.000,39.000,55.000,0,0,0,0,0,0,0,0,0,0,2,144,0,3,70,0,28.000,0
9.990000,252.00,0.000,0.000,0,0,0.000,0,0,18.000,39.000,55.000,0,0,0,0,0,0,0,0,0,0,2,144,0,3,70,0,28.000,0
9.995000,252.00,0.000,0.000,0,0,0.000,0,0,18.000,39.000,55.000,0,0,0,0,0,0,0,0,0,0,2,144,0,3,70,0,28.000,0
10.000000,252.00,0.000,0.000,0,0,0.000,0,0,18.000,39.000,55.000,0,0,0,0,0,0,0,0,0,0,2,144,0,3,70,0,28.000,0
10.005000,252.00,0.000,0.000,0,0,0.000,0,0,18.000,39.000,55.000,0,0,0,0,0,0,0,0,0,0,2,144,0,3,70,0,28.000,0
10.010000,252.00,0.000,0.000,0,0,0.000,0,0,18.000,39.000,55.000,0,0,0,0,0,0,0,0,0,0,2,144,0,3,70,0,28.000,0
10.015000,252.00,0.000,0.000,0,0,0.000,0,0,18.000,39.000,55.000,0,0,0,0,0,0,0,0,0,0,2,144,0,3,70,0,28.000,0
10.020000,252.00,0.000,0.000,0,0,0.000,0,0,18.000,39.000,55.000,0,0,0,0,0,0,0,0,0,0,2,144,0,3,70,0,28.000,0
10.025000,252.00,0.000,0.000,0,0,0.000,0,0,18.000,39.000,55.000,0,0,0,0,0,0,0,0,0,0,2,144,0,3,70,0,28.000,0
10.030000,252.00,0.000,0.000,0,0,0.000,0,0,18.000,39.000,55.000,0,0,0,0,0,0,0,0,0,0,2,144,0,3,70,0,28.000,0
10.035000,252.00,0.000,0.000,0,0,0.000,0,0,18.000,39.000,55.000,0,0,0,0,0,0,0,0,0,0,2,144,0,3,70,0,28.000,0
10.040000,252.00,0.000,0.000,0,0,0.000,0,0,18.000,39.000,55.000,0,0,0,0,0,0,0,0,0,0,2,144,0,3,70,0,28.000,0
10.045000,252.00,0.000,0.000,0,0,0.000,0,0,18.000,39.000,55.000,0,0,0,0,0,0,0,0,0,0,2,144,0,3,70,0,28.000,0
10.050000,252.00,0.000,0.000,0,0,0.000,0,0,18.000,39.000,55.000,0,0,0,0,0,0,0,0,0,0,2,144,0,3,70,0,28.000,0
10.055000,252.00,0.000,0.000,0,0,0.000,0,0,18.000,39.000,55.000,0,0,0,0,0,0,0,0,0,0,2,144,0,3,70,0,28.000,0
10.060000,252.00,0.000,0.000,0,0,0.000,0,0,18.000,39.000,55.000,0,0,0,0,0,0,0,0,0,0,2,144,0,3,70,0,28.000,0
10.065000,252.00,0.000,0.000,0,0,0.000,0,0,18.000,39.000,55.000,0,0,0,0,0,0,0,0,0,0,2,144,0,3,70,0,28.000,0
10.070000,252.00,0.000,0.000,0,0,0.000,0,0,18.000,39.000,55.000,0,0,0,0,0,0,0,0,0,0,2,144,0,3,70,0,28.000,0
10.075000,252.00,0.000,0.000,0,0,0.000,0,0,18.000,39.000,55.000,0,0,0,0,0,0,0,0,0,0,2,144,0,3,70,0,28.000,0
10.080000,252.00,0.000,0.000,0,0,0.000,0,0,18.000,39.000,55.000,0,0,0,0,0,0,0,0,0,0,2,144,0,3,70,0,28.000,0
10.085000,252.00,0.000,0.000,0,0,0.000,0,0,18.000,39.000,55.000,0,0,0,0,0,0,0,0,0,0,2,144,0,3,70,0,28.000,0
10.090000,252.00,0.000,0.000,0,0,0.000,0,0,18.000,39.000,55.000,0,0,0,0,0,0,0,0,0,0,2,144,0,3,70,0,28.000,0
10.095000,252.00,0.000,0.000,0,0,0.000,0,0,18.000,39.000,55.000,0,0,0,0,0,0,0,0,0,0,2,144,0,3,70,0,28.000,0
10.100000,252.00,0.000,0.000,0,0,0.000,0,0,18.000,39.000,55.000,0,0,0,0,0,0,0,0,0,0,2,144,0,3,70,0,28.000,0
10.105000,252.00,0.000,0.000,0,0,0.000,0,0,18.000,39.000,55.000,0,0,0,0,0,0,0,0,0,0,2,144,0,3,70,0,28.000,0
10.110000,252.00,0.000,0.000,0,0,0.000,0,0,18.000,39.000,55.000,0,0,0,0,0,0,0,0,0,0,2,144,0,3,70,0,28.000,0
10.115000,252.00,0.000,0.000,0,0,0.000,0,0,18.000,39.000,55.000,0,0,0,0,0,0,0,0,0,0,2,144,0,3,70,0,28.000,0
10.120000,252.00,0.000,0.000,0,0,0.000,0,0,18.000,39.000,55.000,0,0,0,0,0,0,0,0,0,0,2,144,0,3,70,0,28.000,0
10.125000,252.00,0.000,0.000,0,0,0.000,0,0,18.000,39.000,55.000,0,0,0,0,0,0,0,0,0,0,2,144,0,3,70,0,28.000,0
10.130000,252.00,0.000,0.000,0,0,0.000,0,0,18.000,39.000,55.000,0,0,0,0,0,0,0,0,0,0,2,144,0,3,70,0,28.000,0
10.135000,252.00,0.000,0.000,0,0,0.000,0,0,18.000,39.000,55.000,0,0,0,0,0,0,0,0,0,0,2,144,0,3,70,0,28.000,0
10.140000,252.00,0.000,0.000,0,0,0.000,0,0,18.000,39.000,55.000,0,0,0,0,0,0,0,0,0,0,2,144,0,3,70,0,28.000,0
10.145000,252.00,0.000,0.000,0,0,0.000,0,0,18.000,39.000,55.000,0,0,0,0,0,0,0,0,0,0,2,144,0,3,70,0,28.000,0
10.150000,252.00,0.000,0.000,0,0,0.000,0,0,18.000,39.000,55.000,0,0,0,0,0,0,0,0,0,0,2,144,0,3,70,0,28.000,0
10.155000,252.00,0.000,0.000,0,0,0.000,0,0,18.000,39.000,55.000,0,0,0,0,0,0,0,0,0,0,2,144,0,3,70,0,28.000,0
10.160000,252.00,0.000,0.000,0,0,0.000,0,0,18.000,39.000,55.000,0,0,0,0,0,0,0,0,0,0,2,144,0,3,70,0,28.000,0
10.165000,252.00,0.000,0.000,0,0,0.000,0,0,18.000,39.000,55.000,0,0,0,0,0,0,0,0,0,0,2,144,0,3,70,0,28.000,0
10.170000,252.00,0.000,0.000,0,0,0.000,0,0,18.000,39.000,55.000,0,0,0,0,0,0,0,0,0,0,2,144,0,3,70,0,28.000,0
10.175000,252.00,0.000,0.000,0,0,0.000,0,0,18.000,39.000,55.000,0,0,0,0,0,0,0,0,0,0,2,144,0,3,70,0,28.000,0
10.180000,252.00,0.000,0.000,0,0,0.000,0,0,18.000,39.000,55.000,0,0,0,0,0,0,0,0,0,0,2,144,0,3,70,0,28.000,0
10.185000,252.00,0.000,0.000,0,0,0.000,0,0,18.000,39.000,55.000,0,0,0,0,0,0,0,0,0,0,2,144,0,3,70,0,28.000,0
10.190000,252.00,0.000,0.000,0,0,0.000,0,0,18.000,39.000,55.000,0,0,0,0,0,0,0,0,0,0,2,144,0,3,70,0,28.000,0
10.195000,252.00,0.000,0.000,0,0,0.000,0,0,18.000,39.000,55.000,0,0,0,0,0,0,0,0,0,0,2,144,0,3,70,0,28.000,0
10.200000,252.00,0.000,0.000,0,0,0.000,0,0,18.000,39.000,55.000,0,0,0,0,0,0,0,0,0,0,2,144,0,3,70,0,28.000,0
10.205000,252.00,0.000,0.000,0,0,0.000,0,0,18.000,39.000,55.000,0,0,0,0,0,0,0,0,0,0,2,144,0,3,70,0,28.000,0
10.210000,252.00,0.000,0.000,0,0,0.000,0,0,18.000,39.000,55.000,0,0,0,0,0,0,0,0,0,0,2,144,0,3,70,0,28.000,0
10.215000,252.00,0.000,0.000,0,0,0.000,0,0,18.000,39.000,55.000,0,0,0,0,0,0,0,0,0,0,2,144,0,3,70,0,28.000,0
10.220000,252.00,0.000,0.000,0,0,0.000,0,0,18.000,39.000,55.000,0,0,0,0,0,0,0,0,0,0,2,144,0,3,70,0,28.000,0
10.225000,252.00,0.000,0.000,0,0,0.000,0,0,18.000,39.000,55.000,0,0,0,0,0,0,0,0,0,0,2,144,0,3,70,0,28.000,0
10.230000,252.00,0.000,0.000,0,0,0.000,0,0,18.000,39.000,55.000,0,0,0,0,0,0,0,0,0,0,2,144,0,3,70,0,28.000,0
10.235000,252.00,0.000,0.000,0,0,0.000,0,0,18.000,39.000,55.000,0,0,0,0,0,0,0,0,0,0,2,144,0,3,70,0,28.000,0
10.240000,252.00,0.000,0.000,0,0,0.000,0,0,18.000,39.000,55.000,0,0,0,0,0,0,0,0,0,0,2,144,0,3,70,0,28.000,0
10.245000,252.00,0.000,0.000,0,0,0.000,0,0,18.000,39.000,55.000,0,0,0,0,0,0,0,0,0,0,2,144,0,3,70,0,28.000,0
10.250000,252.00,0.000,0.000,0,0,0.000,0,0,18.000,39.000,55.000,0,0,0,0,0,0,0,0,0,0,2,144,0,3,70,0,28.000,0
10.255000,252.00,0.000,0.000,0,0,0.000,0,0,18.000,39.000,55.000,0,0,0,0,0,0,0,0,0,0,2,144,0,3,70,0,28.000,0
10.260000,252.00,0.000,0.000,0,0,0.000,0,0,18.000,39.000,55.000,0,0,0,0,0,0,0,0,0,0,2,144,0,3,70,0,28.000,0
10.265000,252.00,0.000,0.000,0,0,0.000,0,0,18.000,39.000,55.000,0,0,0,0,0,0,0,0,0,0,2,144,0,3,70,0,28.000,0
10.270000,252.00,0.000,0.000,0,0,0.000,0,0,18.000,39.000,55.000,0,0,0,0,0,0,0,0,0,0,2,144,0,3,70,0,28.000,0
10.275000,252.00,0.000,0.000,0,0,0.000,0,0,18.000,39.000,55.000,0,0,0,0,0,0,0,0,0,0,2,144,0,3,70,0,28.000,0
10.280000,252.00,0.000,0.000,0,0,0.000,0,0,18.000,39.000,55.000,0,0,0,0,0,0,0,0,0,0,2,144,0,3,70,0,28.000,0
10.285000,252.00,0.000,0.000,0,0,0.000,0,0,18.000,39.000,55.000,0,0,0,0,0,0,0,0,0,0,2,144,0,3,70,0,28.000,0
10.290000,252.00,0.000,0.000,0,0,0.000,0,0,18.000,39.000,55.000,0,0,0,0,0,0,0,0,0,0,2,144,0,3,70,0,28.000,0
10.295000,252.00,0.000,0.000,0,0,0.000,0,0,18.000,39.000,55.000,0,0,0,0,0,0,0,0,0,0,2,144,0,3,70,0,28.000,0
10.300000,252.00,0.000,0.000,0,0,0.000,0,0,18.000,39.000,55.000,0,0,0,0,0,0,0,0,0,0,2,144,0,3,70,0,28.000,0
10.305000,252.00,0.000,0.000,0,0,0.000,0,0,18.000,39.000,55.000,0,0,0,0,0,0,0,0,0,0,2,144,0,3,70,0,28.000,0
10.310000,252.00,0.000,0.000,0,0,0.000,0,0,18.000,39.000,55.000,0,0,0,0,0,0,0,0,0,0,2,144,0,3,70,0,28.000,0
10.315000,252.00,0.000,0.000,0,0,0.000,0,0,18.000,39.000,55.000,0,0,0,0,0,0,0,0,0,0,2,144,0,3,70,0,28.000,0
10.320000,252.00,0.000,0.000,0,0,0.000,0,0,18.000,39.000,55.000,0,0,0,0,0,0,0,0,0,0,2,144,0,3,70,0,28.000,0
10.325000,252.00,0.000,0.000,0,0,0.000,0,0,18.000,39.000,55.000,0,0,0,0,0,0,0,0,0,0,2,144,0,3,70,0,28.000,0
10.330000,252.00,0.000,0.000,0,0,0.000,0,0,18.000,39.000,55.000,0,0,0,0,0,0,0,0,0,0,2,144,0,3,70,0,28.000,0
10.335000,252.00,0.000,0.000,0,0,0.000,0,0,18.000,39.000,55.000,0,0,0,0,0,0,0,0,0,0,2,144,0,3,70,0,28.000,0
10.340000,252.00,0.000,0.000,0,0,0.000,0,0,18.000,39.000,55.000,0,0,0,0,0,0,0,0,0,0,2,144,0,3,70,0,28.000,0
10.345000,252.00,0.000,0.000,0,0,0.000,0,0,18.000,39.000,55.000,0,0,0,0,0,0,0,0,0,0,2,144,0,3,70,0,28.000,0
10.350000,252.00,0.000,0.000,0,0,0.000,0,0,18.000,39.000,55.000,0,0,0,0,0,0,0,0,0,0,2,144,0,3,70,0,28.000,0
10.355000,252.00,0.000,0.000,0,0,0.000,0,0,18.000,39.000,55.000,0,0,0,0,0,0,0,0,0,0,2,144,0,3,70,0,28.000,0
10.360000,252.00,0.000,0.000,0,0,0.000,0,0,18.000,39.000,55.000,0,0,0,0,0,0,0,0,0,0,2,144,0,3,70,0,28.000,0
10.365000,252.00,0.000,0.000,0,0,0.000,0,0,18.000,39.000,55.000,0,0,0,0,0,0,0,0,0,0,2,144,0,3,70,0,28.000,0
10.370000,252.00,0.000,0.000,0,0,0.000,0,0,18.000,39.000,55.000,0,0,0,0,0,0,0,0,0,0,2,144,0,3,70,0,28.000,0
10.375000,252.00,0.000,0.000,0,0,0.000,0,0,18.000,39.000,55.000,0,0,0,0,0,0,0,0,0,0,2,144,0,3,70,0,28.000,0
10.380000,252.00,0.000,0.000,0,0,0.000,0,0,18.000,39.000,55.000,0,0,0,0,0,0,0,0,0,0,2,144,0,3,70,0,28.000,0
10.385000,252.00,0.000,0.000,0,0,0.000,0,0,18.000,39.000,55.000,0,0,0,0,0,0,0,0,0,0,2,144,0,3,70,0,28.000,0
10.390000,252.00,0.000,0.000,0,0,0.000,0,0,18.000,39.000,55.000,0,0,0,0,0,0,0,0,0,0,2,144,0,3,70,0,28.000,0
10.395000,252.00,0.000,0.000,0,0,0.000,0,0,18.000,39.000,55.000,0,0,0,0,0,0,0,0,0,0,2,144,0,3,70,0,28.000,0
10.400000,252.00,0.000,0.000,0,0,0.000,0,0,18.000,39.000,55.000,0,0,0,0,0,0,0,0,0,0,2,144,0,3,70,0,28.000,0
10.405000,252.00,0.000,0.000,0,0,0.000,0,0,18.000,39.000,55.000,0,0,0,0,0,0,0,0,0,0,2,144,0,3,70,0,28.000,0
10.410000,252.00,0.000,0.000,0,0,0.000,0,0,18.000,39.000,55.000,0,0,0,0,0,0,0,0,0,0,2,144,0,3,70,0,28.000,0
10.415000,252.00,0.000,0.000,0,0,0.000,0,0,18.000,39.000,55.000,0,0,0,0,0,0,0,0,0,0,2,144,0,3,70,0,28.000,0
10.420000,252.00,0.000,0.000,0,0,0.000,0,0,18.000,39.000,55.000,0,0,0,0,0,0,0,0,0,0,2,144,0,3,70,0,28.000,0
10.425000,252.00,0.000,0.000,0,0,0.000,0,0,18.000,39.000,55.000,0,0,0,0,0,0,0,0,0,0,2,144,0,3,70,0,28.000,0
10.430000,252.00,0.000,0.000,0,0,0.000,0,0,18.000,39.000,55.000,0,0,0,0,0,0,0,0,0,0,2,144,0,3,70,0,28.000,0
10.435000,252.00,0.000,0.000,0,0,0.000,0,0,18.000,39.000,55.000,0,0,0,0,0,0,0,0,0,0,2,144,0,3,70,0,28.000,0
10.440000,252.00,0.000,0.000,0,0,0.000,0,0,18.000,39.000,55.000,0,0,0,0,0,0,0,0,0,0,2,144,0,3,70,0,28.000,0
10.445000,252.00,0.000,0.000,0,0,0.000,0,0,18.000,39.000,55.000,0,0,0,0,0,0,0,0,0,0,2,144,0,3,70,0,28.000,0
10.450000,252.00,0.000,0.000,0,0,0.000,0,0,18.000,39.000,55.000,0,0,0,0,0,0,0,0,0,0,2,144,0,3,70,0,28.000,0
10.455000,252.00,0.000,0.000,0,0,0.000,0,0,18.000,39.000,55.000,0,0,0,0,0,0,0,0,0,0,2,144,0,3,70,0,28.000,0
10.460000,252.00,0.000,0.000,0,0,0.000,0,0,18.000,39.000,55.000,0,0,0,0,0,0,0,0,0,0,2,144,0,3,70,0,28.000,0
10.465000,252.00,0.000,0.000,0,0,0.000,0,0,18.000,39.000,55.000,0,0,0,0,0,0,0,0,0,0,2,144,0,3,70,0,28.000,0
10.470000,252.00,0.000,0.000,0,0,0.000,0,0,18.000,39.000,55.000,0,0,0,0,0,0,0,0,0,0,2,144,0,3,70,0,28.000,0
10.475000,252.00,0.000,0.000,0,0,0.000,0,0,18.000,39.000,55.000,0,0,0,0,0,0,0,0,0,0,2,144,0,3,70,0,28.000,0
10.480000,252.00,0.000,0.000,0,0,0.000,0,0,18.000,39.000,55.000,0,0,0,0,0,0,0,0,0,0,2,144,0,3,70,0,28.000,0
10.485000,252.00,0.000,0.000,0,0,0.000,0,0,18.000,39.000,55.000,0,0,0,0,0,0,0,0,0,0,2,144,0,3,70,0,28.000,0
10.490000,252.00,0.000,0.000,0,0,0.000,0,0,18.000,39.000,55.000,0,0,0,0,0,0,0,0,0,0,2,144,0,3,70,0,28.000,0
10.495000,252.00,0.000,0.000,0,0,0.000,0,0,18.000,39.000,55.000,0,0,0,0,0,0,0,0,0,0,2,144,0,3,70,0,28.000,0
10.500000,252.00,0.000,0.000,0,0,0.000,0,0,18.000,39.000,55.000,0,0,0,0,0,0,0,0,0,0,2,144,0,3,70,0,28.000,0
10.505000,252.00,0.000,0.000,0,0,0.000,0,0,18.000,39.000,55.000,0,0,0,0,0,0,0,0,0,0,2,144,0,3,70,0,28.000,0
10.510000,252.00,0.000,0.000,0,0,0.000,0,0,18.000,39.000,55.000,0,0,0,0,0,0,0,0,0,0,2,144,0,3,70,0,28.000,0
10.515000,252.00,0.000,0.000,0,0,0.000,0,0,18.000,39.000,55.000,0,0,0,0,0,0,0,0,0,0,2,144,0,3,70,0,28.000,0
10.520000,252.00,0.000,0.000,0,0,0.000,0,0,18.000,39.000,55.000,0,0,0,0,0,0,0,0,0,0,2,144,0,3,70,0,28.000,0
10.525000,252.00,0.000,0.000,0,0,0.000,0,0,18.000,39.000,55.000,0,0,0,0,0,0,0,0,0,0,2,144,0,3,70,0,28.000,0
10.530000,252.00,0.000,0.000,0,0,0.000,0,0,18.000,39.000,55.000,0,0,0,0,0,0,0,0,0,0,2,144,0,3,70,0,28.000,0
10.535000,252.00,0.000,0.000,0,0,0.000,0,0,18.000,39.000,55.000,0,0,0,0,0,0,0,0,0,0,2,144,0,3,70,0,28.000,0
10.540000,252.00,0.000,0.000,0,0,0.000,0,0,18.000,39.000,55.000,0,0,0,0,0,0,0,0,0,0,2,144,0,3,70,0,28.000,0
10.545000,252.00,0.000,0.000,0,0,0.000,0,0,18.000,39.000,55.000,0,0,0,0,0,0,0,0,0,0,2,144,0,3,70,0,28.000,0
10.550000,252.00,0.000,0.000,0,0,0.000,0,0,18.000,39.000,55.000,0,0,0,0,0,0,0,0,0,0,2,144,0,3,70,0,28.000,0
10.555000,252.00,0.000,0.000,0,0,0.000,0,0,18.000,39.000,55.000,0,0,0,0,0,0,0,0,0,0,2,144,0,3,70,0,28.000,0
10.560000,252.00,0.000,0.000,0,0,0.000,0,0,18.000,39.000,55.000,0,0,0,0,0,0,0,0,0,0,2,144,0,3,70,0,28.000,0
10.565000,252.00,0.000,0.000,0,0,0.000,0,0,18.000,39.000,55.000,0,0,0,0,0,0,0,0,0,0,2,144,0,3,70,0,28.000,0
10.570000,252.00,0.000,0.000,0,0,0.000,0,0,18.000,39.000,55.000,0,0,0,0,0,0,0,0,0,0,2,144,0,3,70,0,28.000,0
10.575000,252.00,0.000,0.000,0,0,0.000,0,0,18.000,39.000,55.000,0,0,0,0,0,0,0,0,0,0,2,144,0,3,70,0,28.000,0
10.580000,252.00,0.000,0.000,0,0,0.000,0,0,18.000,39.000,55.000,0,0,0,0,0,0,0,0,0,0,2,144,0,3,70,0,28.000,0
10.585000,252.00,0.000,0.000,0,0,0.000,0,0,18.000,39.000,55.000,0,0,0,0,0,0,0,0,0,0,2,144,0,3,70,0,28.000,0
10.590000,252.00,0.000,0.000,0,0,0.000,0,0,18.000,39.000,55.000,0,0,0,0,0,0,0,0,0,0,2,144,0,3,70,0,28.000,0
10.595000,252.00,0.000,0.000,0,0,0.000,0,0,18.000,39.000,55.000,0,0,0,0,0,0,0,0,0,0,2,144,0,3,70,0,28.000,0
10.600000,252.00,0.000,0.000,0,0,0.000,0,0,18.000,39.000,55.000,0,0,0,0,0,0,0,0,0,0,2,144,0,3,70,0,28.000,0
10.605000,252.00,0.000,0.000,0,0,0.000,0,0,18.000,39.000,55.000,0,0,0,0,0,0,0,0,0,0,2,144,0,3,70,0,28.000,0
10.610000,252.00,0.000,0.000,0,0,0.000,0,0,18.000,39.000,55.000,0,0,0,0,0,0,0,0,0,0,2,144,0,3,70,0,28.000,0
10.615000,252.00,0.000,0.000,0,0,0.000,0,0,18.000,39.000,55.000,0,0,0,0,0,0,0,0,0,0,2,144,0,3,70,0,28.000,0
10.620000,252.00,0.000,0.000,0,0,0.000,0,0,18.000,39.000,55.000,0,0,0,0,0,0,0,0,0,0,2,144,0,3,70,0,28.000,0
10.625000,252.00,0.000,0.000,0,0,0.000,0,0,18.000,39.000,55.000,0,0,0,0,0,0,0,0,0,0,2,144,0,3,70,0,28.000,0
10.630000,252.00,0.000,0.000,0,0,0.000,0,0,18.000,39.000,55.000,0,0,0,0,0,0,0,0,0,0,2,144,0,3,70,0,28.000,0
10.635000,252.00,0.000,0.000,0,0,0.000,0,0,18.000,39.000,55.000,0,0,0,0,0,0,0,0,0,0,2,144,0,3,70,0,28.000,0
10.640000,252.00,0.000,0.000,0,0,0.000,0,0,18.000,39.000,55.000,0,0,0,0,0,0,0,0,0,0,2,144,0,3,70,0,28.000,0
10.645000,252.00,0.000,0.000,0,0,0.000,0,0,18.000,39.000,55.000,0,0,0,0,0,0,0,0,0,0,2,144,0,3,70,0,28.000,0
10.650000,252.00,0.000,0.000,0,0,0.000,0,0,18.000,39.000,55.000,0,0,0,0,0,0,0,0,0,0,2,144,0,3,70,0,28.000,0
10.655000,252.00,0.000,0.000,0,0,0.000,0,0,18.000,39.000,55.000,0,0,0,0,0,0,0,0,0,0,2,144,0,3,70,0,28.000,0
10.660000,252.00,0.000,0.000,0,0,0.000,0,0,18.000,39.000,55.000,0,0,0,0,0,0,0,0,0,0,2,144,0,3,70,0,28.000,0
10.665000,252.00,0.000,0.000,0,0,0.000,0,0,18.000,39.000,55.000,0,0,0,0,0,0,0,0,0,0,2,144,0,3,70,0,28.000,0
10.670000,252.00,0.000,0.000,0,0,0.000,0,0,18.000,39.000,55.000,0,0,0,0,0,0,0,0,0,0,2,144,0,3,70,0,28.000,0
10.675000,252.00,0.000,0.000,0,0,0.000,0,0,18.000,39.000,55.000,0,0,0,0,0,0,0,0,0,0,2,144,0,3,70,0,28.000,0
10.680000,252.00,0.000,0.000,0,0,0.000,0,0,18.000,39.000,55.000,0,0,0,0,0,0,0,0,0,0,2,144,0,3,70,0,28.000,0
10.685000,252.00,0.000,0.000,0,0,0.000,0,0,18.000,39.000,55.000,0,0,0,0,0,0,0,0,0,0,2,144,0,3,70,0,28.000,0
10.690000,252.00,0.000,0.000,0,0,0.000,0,0,18.000,39.000,55.000,0,0,0,0,0,0,0,0,0,0,2,144,0,3,70,0,28.000,0
10.695000,252.00,0.000,0.000,0,0,0.000,0,0,18.000,39.000,55.000,0,0,0,0,0,0,0,0,0,0,2,144,0,3,70,0,28.000,0
10.700000,252.00,0.000,0.000,0,0,0.000,0,0,18.000,39.000,55.000,0,0,0,0,0,0,0,0,0,0,2,144,0,3,70,0,28.000,0
10.705000,252.00,0.000,0.000,0,0,0.000,0,0,18.000,39.000,55.000,0,0,0,0,0,0,0,0,0,0,2,144,0,3,70,0,28.000,0
10.710000,252.00,0.000,0.000,0,0,0.000,0,0,18.000,39.000,55.000,0,0,0,0,0,0,0,0,0,0,2,144,0,3,70,0,28.000,0
10.715000,252.00,0.000,0.000,0,0,0.000,0,0,18.000,39.000,55.000,0,0,0,0,0,0,0,0,0,0,2,144,0,3,70,0,28.000,0
10.720000,252.00,0.000,0.000,0,0,0.000,0,0,18.000,39.000,55.000,0,0,0,0,0,0,0,0,0,0,2,144,0,3,70,0,28.000,0
10.725000,252.00,0.000,0.000,0,0,0.000,0,0,18.000,39.000,55.000,0,0,0,0,0,0,0,0,0,0,2,144,0,3,70,0,28.000,0
10.730000,252.00,0.000,0.000,0,0,0.000,0,0,18.000,39.000,55.000,0,0,0,0,0,0,0,0,0,0,2,144,0,3,70,0,28.000,0
10.735000,252.00,0.000,0.000,0,0,0.000,0,0,18.000,39.000,55.000,0,0,0,0,0,0,0,0,0,0,2,144,0,3,70,0,28.000,0
10.740000,252.00,0.000,0.000,0,0,0.000,0,0,18.000,39.000,55.000,0,0,0,0,0,0,0,0,0,0,2,144,0,3,70,0,28.000,0
10.745000,252.00,0.000,0.000,0,0,0.000,0,0,18.000,39.000,55.000,0,0,0,0,0,0,0,0,0,0,2,144,0,3,70,0,28.000,0
10.750000,252.00,0.000,0.000,0,0,0.000,0,0,18.000,39.000,55.000,0,0,0,0,0,0,0,0,0,0,2,144,0,3,70,0,28.000,0
10.755000,252.00,0.000,0.000,0,0,0.000,0,0,18.000,39.000,55.000,0,0,0,0,0,0,0,0,0,0,2,144,0,3,70,0,28.000,0
10.760000,252.00,0.000,0.000,0,0,0.000,0,0,18.000,39.000,55.000,0,0,0,0,0,0,0,0,0,0,2,144,0,3,70,0,28.000,0
10.765000,252.00,0.000,0.000,0,0,0.000,0,0,18.000,39.000,55.000,0,0,0,0,0,0,0,0,0,0,2,144,0,3,70,0,28.000,0
10.770000,252.00,0.000,0.000,0,0,0.000,0,0,18.000,39.000,55.000,0,0,0,0,0,0,0,0,0,0,2,144,0,3,70,0,28.000,0
10.775000,252.00,0.000,0.000,0,0,0.000,0,0,18.000,39.000,55.000,0,0,0,0,0,0,0,0,0,0,2,144,0,3,70,0,28.000,0
10.780000,252.00,0.000,0.000,0,0,0.000,0,0,18.000,39.000,55.000,0,0,0,0,0,0,0,0,0,0,2,144,0,3,70,0,28.000,0
10.785000,252.00,0.000,0.000,0,0,0.000,0,0,18.000,39.000,55.000,0,0,0,0,0,0,0,0,0,0,2,144,0,3,70,0,28.000,0
10.790000,252.00,0.000,0.000,0,0,0.000,0,0,18.000,39.000,55.000,0,0,0,0,0,0,0,0,0,0,2,144,0,3,70,0,28.000,0
10.795000,252.00,0.000,0.000,0,0,0.000,0,0,18.000,39.000,55.000,0,0,0,0,0,0,0,0,0,0,2,144,0,3,70,0,28.000,0
10.800000,252.00,0.000,0.000,0,0,0.000,0,0,18.000,39.000,55.000,0,0,0,0,0,0,0,0,0,0,2,144,0,3,70,0,28.000,0
10.805000,252.00,0.000,0.000,0,0,0.000,0,0,18.000,39.000,55.000,0,0,0,0,0,0,0,0,0,0,2,144,0,3,70,0,28.000,0
10.810000,252.00,0.000,0.000,0,0,0.000,0,0,18.000,39.000,55.000,0,0,0,0,0,0,0,0,0,0,2,144,0,3,70,0,28.000,0
10.815000,252.00,0.000,0.000,0,0,0.000,0,0,18.000,39.000,55.000,0,0,0,0,0,0,0,0,0,0,2,144,0,3,70,0,28.000,0
10.820000,252.00,0.000,0.000,0,0,0.000,0,0,18.000,39.000,55.000,0,0,0,0,0,0,0,0,0,0,2,144,0,3,70,0,28.000,0
10.825000,252.00,0.000,0.000,0,0,0.000,0,0,18.000,39.000,55.000,0,0,0,0,0,0,0,0,0,0,2,144,0,3,70,0,28.000,0
10.830000,252.00,0.000,0.000,0,0,0.000,0,0,18.000,39.000,55.000,0,0,0,0,0,0,0,0,0,0,2,144,0,3,70,0,28.000,0
10.835000,252.00,0.000,0.000,0,0,0.000,0,0,18.000,39.000,55.000,0,0,0,0,0,0,0,0,0,0,2,144,0,3,70,0,28.000,0
10.840000,252.00,0.000,0.000,0,0,0.000,0,0,18.000,39.000,55.000,0,0,0,0,0,0,0,0,0,0,2,144,0,3,70,0,28.000,0
10.845000,252.00,0.000,0.000,0,0,0.000,0,0,18.000,39.000,55.000,0,0,0,0,0,0,0,0,0,0,2,144,0,3,70,0,28.000,0
10.850000,252.00,0.000,0.000,0,0,0.000,0,0,18.000,39.000,55.000,0,0,0,0,0,0,0,0,0,0,2,144,0,3,70,0,28.000,0
10.855000,252.00,0.000,0.000,0,0,0.000,0,0,18.000,39.000,55.000,0,0,0,0,0,0,0,0,0,0,2,144,0,3,70,0,28.000,0
10.860000,252.00,0.000,0.000,0,0,0.000,0,0,18.000,39.000,55.000,0,0,0,0,0,0,0,0,0,0,2,144,0,3,70,0,28.000,0
10.865000,252.00,0.000,0.000,0,0,0.000,0,0,18.000,39.000,55.000,0,0,0,0,0,0,0,0,0,0,2,144,0,3,70,0,28.000,0
10.870000,252.00,0.000,0.000,0,0,0.000,0,0,18.000,39.000,55.000,0,0,0,0,0,0,0,0,0,0,2,144,0,3,70,0,28.000,0
10.875000,252.00,0.000,0.000,0,0,0.000,0,0,18.000,39.000,55.000,0,0,0,0,0,0,0,0,0,0,2,144,0,3,70,0,28.000,0
10.880000,252.00,0.000,0.000,0,0,0.000,0,0,18.000,39.000,55.000,0,0,0,0,0,0,0,0,0,0,2,144,0,3,70,0,28.000,0
10.885000,252.00,0.000,0.000,0,0,0.000,0,0,18.000,39.000,55.000,0,0,0,0,0,0,0,0,0,0,2,144,0,3,70,0,28.000,0
10.890000,252.00,0.000,0.000,0,0,0.000,0,0,18.000,39.000,55.000,0,0,0,0,0,0,0,0,0,0,2,144,0,3,70,0,28.000,0
10.895000,252.00,0.000,0.000,0,0,0.000,0,0,18.000,39.000,55.000,0,0,0,0,0,0,0,0,0,0,2,144,0,3,70,0,28.000,0
10.900000,252.00,0.000,0.000,0,0,0.000,0,0,18.000,39.000,55.000,0,0,0,0,0,0,0,0,0,0,2,144,0,3,70,0,28.000,0
10.905000,252.00,0.000,0.000,0,0,0.000,0,0,18.000,39.000,55.000,0,0,0,0,0,0,0,0,0,0,2,144,0,3,70,0,28.000,0
10.910000,252.00,0.000,0.000,0,0,0.000,0,0,18.000,39.000,55.000,0,0,0,0,0,0,0,0,0,0,2,144,0,3,70,0,28.000,0
10.915000,252.00,0.000,0.000,0,0,0.000,0,0,18.000,39.000,55.000,0,0,0,0,0,0,0,0,0,0,2,144,0,3,70,0,28.000,0
10.920000,252.00,0.000,0.000,0,0,0.000,0,0,18.000,39.000,55.000,0,0,0,0,0,0,0,0,0,0,2,144,0,3,70,0,28.000,0
10.925000,252.00,0.000,0.000,0,0,0.000,0,0,18.000,39.000,55.000,0,0,0,0,0,0,0,0,0,0,2,144,0,3,70,0,28.000,0
10.930000,252.00,0.000,0.000,0,0,0.000,0,0,18.000,39.000,55.000,0,0,0,0,0,0,0,0,0,0,2,144,0,3,70,0,28.000,0
10.935000,252.00,0.000,0.000,0,0,0.000,0,0,18.000,39.000,55.000,0,0,0,0,0,0,0,0,0,0,2,144,0,3,70,0,28.000,0
10.940000,252.00,0.000,0.000,0,0,0.000,0,0,18.000,39.000,55.000,0,0,0,0,0,0,0,0,0,0,2,144,0,3,70,0,28.000,0
10.945000,252.00,0.000,0.000,0,0,0.000,0,0,18.000,39.000,55.000,0,0,0,0,0,0,0,0,0,0,2,144,0,3,70,0,28.000,0
10.950000,252.00,0.000,0.000,0,0,0.000,0,0,18.000,39.000,55.000,0,0,0,0,0,0,0,0,0,0,2,144,0,3,70,0,28.000,0
10.955000,252.00,0.000,0.000,0,0,0.000,0,0,18.000,39.000,55.000,0,0,0,0,0,0,0,0,0,0,2,144,0,3,70,0,28.000,0
10.960000,252.00,0.000,0.000,0,0,0.000,0,0,18.000,39.000,55.000,0,0,0,0,0,0,0,0,0,0,2,144,0,3,70,0,28.000,0
10.965000,252.00,0.000,0.000,0,0,0.000,0,0,18.000,39.000,55.000,0,0,0,0,0,0,0,0,0,0,2,144,0,3,70,0,28.000,0
10.970000,252.00,0.000,0.000,0,0,0.000,0,0,18.000,39.000,55.000,0,0,0,0,0,0,0,0,0,0,2,144,0,3,70,0,28.000,0
10.975000,252.00,0.000,0.000,0,0,0.000,0,0,18.000,39.000,55.000,0,0,0,0,0,0,0,0,0,0,2,144,0,3,70,0,28.000,0
10.980000,252.00,0.000,0.000,0,0,0.000,0,0,18.000,39.000,55.000,0,0,0,0,0,0,0,0,0,0,2,144,0,3,70,0,28.000,0
10.985000,252.00,0.000,0.000,0,0,0.000,0,0,18.000,39.000,55.000,0,0,0,0,0,0,0,0,0,0,2,144,0,3,70,0,28.000,0
10.990000,252.00,0.000,0.000,0,0,0.000,0,0,18.000,39.000,55.000,0,0,0,0,0,0,0,0,0,0,2,144,0,3,70,0,28.000,0
10.995000,252.00,0.000,0.000,0,0,0.000,0,0,18.000,39.000,55.000,0,0,0,0,0,0,0,0,0,0,2,144,0,3,70,0,28.000,0
11.000000,252.00,0.000,0.000,0,0,0.000,0,0,18.000,39.000,55.000,0,0,0,0,0,0,0,0,0,0,2,144,0,3,70,0,28.000,0
11.005000,252.00,0.000,0.000,0,0,0.000,0,0,18.000,39.000,55.000,0,0,0,0,0,0,0,0,0,0,2,144,0,3,70,0,28.000,0
11.010000,252.00,0.000,0.000,0,0,0.000,0,0,18.000,39.000,55.000,0,0,0,0,0,0,0,0,0,0,2,144,0,3,70,0,28.000,0
11.015000,252.00,0.000,0.000,0,0,0.000,0,0,18.000,39.000,55.000,0,0,0,0,0,0,0,0,0,0,2,144,0,3,70,0,28.000,0
11.020000,252.00,0.000,0.000,0,0,0.000,0,0,18.000,39.000,55.000,0,0,0,0,0,0,0,0,0,0,2,144,0,3,70,0,28.000,0
11.025000,252.00,0.000,0.000,0,0,0.000,0,0,18.000,39.000,55.000,0,0,0,0,0,0,0,0,0,0,2,144,0,3,70,0,28.000,0
11.030000,252.00,0.000,0.000,0,0,0.000,0,0,18.000,39.000,55.000,0,0,0,0,0,0,0,0,0,0,2,144,0,3,70,0,28.000,0
11.035000,252.00,0.000,0.000,0,0,0.000,0,0,18.000,39.000,55.000,0,0,0,0,0,0,0,0,0,0,2,144,0,3,70,0,28.000,0
11.040000,252.00,0.000,0.000,0,0,0.000,0,0,18.000,39.000,55.000,0,0,0,0,0,0,0,0,0,0,2,144,0,3,70,0,28.000,0
11.045000,252.00,0.000,0.000,0,0,0.000,0,0,18.000,39.000,55.000,0,0,0,0,0,0,0,0,0,0,2,144,0,3,70,0,28.000,0
11.050000,252.00,0.000,0.000,0,0,0.000,0,0,18.000,39.000,55.000,0,0,0,0,0,0,0,0,0,0,2,144,0,3,70,0,28.000,0
11.055000,252.00,0.000,0.000,0,0,0.000,0,0,18.000,39.000,55.000,0,0,0,0,0,0,0,0,0,0,2,144,0,3,70,0,28.000,0
11.060000,252.00,0.000,0.000,0,0,0.000,0,0,18.000,39.000,55.000,0,0,0,0,0,0,0,0,0,0,2,144,0,3,70,0,28.000,0
11.065000,252.00,0.000,0.000,0,0,0.000,0,0,18.000,39.000,55.000,0,0,0,0,0,0,0,0,0,0,2,144,0,3,70,0,28.000,0
11.070000,252.00,0.000,0.000,0,0,0.000,0,0,18.000,39.000,55.000,0,0,0,0,0,0,0,0,0,0,2,144,0,3,70,0,28.000,0
11.075000,252.00,0.000,0.000,0,0,0.000,0,0,18.000,39.000,55.000,0,0,0,0,0,0,0,0,0,0,2,144,0,3,70,0,28.000,0
11.080000,252.00,0.000,0.000,0,0,0.000,0,0,18.000,39.000,55.000,0,0,0,0,0,0,0,0,0,0,2,144,0,3,70,0,28.000,0
11.085000,252.00,0.000,0.000,0,0,0.000,0,0,18.000,39.000,55.000,0,0,0,0,0,0,0,0,0,0,2,144,0,3,70,0,28.000,0
11.090000,252.00,0.000,0.000,0,0,0.000,0,0,18.000,39.000,55.000,0,0,0,0,0,0,0,0,0,0,2,144,0,3,70,0,28.000,0
11.095000,252.00,0.000,0.000,0,0,0.000,0,0,18.000,39.000,55.000,0,0,0,0,0,0,0,0,0,0,2,144,0,3,70,0,28.000,0
11.100000,252.00,0.000,0.000,0,0,0.000,0,0,18.000,39.000,55.000,0,0,0,0,0,0,0,0,0,0,2,144,0,3,70,0,28.000,0
11.105000,252.00,0.000,0.000,0,0,0.000,0,0,18.000,39.000,55.000,0,0,0,0,0,0,0,0,0,0,2,144,0,3,70,0,28.000,0
11.110000,252.00,0.000,0.000,0,0,0.000,0,0,18.000,39.000,55.000,0,0,0,0,0,0,0,0,0,0,2,144,0,3,70,0,28.000,0
11.115000,252.00,0.000,0.000,0,0,0.000,0,0,18.000,39.000,55.000,0,0,0,0,0,0,0,0,0,0,2,144,0,3,70,0,28.000,0
11.120000,252.00,0.000,0.000,0,0,0.000,0,0,18.000,39.000,55.000,0,0,0,0,0,0,0,0,0,0,2,144,0,3,70,0,28.000,0
11.125000,252.00,0.000,0.000,0,0,0.000,0,0,18.000,39.000,55.000,0,0,0,0,0,0,0,0,0,0,2,144,0,3,70,0,28.000,0
11.130000,252.00,0.000,0.000,0,0,0.000,0,0,18.000,39.000,55.000,0,0,0,0,0,0,0,0,0,0,2,144,0,3,70,0,28.000,0
11.135000,252.00,0.000,0.000,0,0,0.000,0,0,18.000,39.000,55.000,0,0,0,0,0,0,0,0,0,0,2,144,0,3,70,0,28.000,0
11.140000,252.00,0.000,0.000,0,0,0.000,0,0,18.000,39.000,55.000,0,0,0,0,0,0,0,0,0,0,2,144,0,3,70,0,28.000,0
11.145000,252.00,0.000,0.000,0,0,0.000,0,0,18.000,39.000,55.000,0,0,0,0,0,0,0,0,0,0,2,144,0,3,70,0,28.000,0
11.150000,252.00,0.000,0.000,0,0,0.000,0,0,18.000,39.000,55.000,0,0,0,0,0,0,0,0,0,0,2,144,0,3,70,0,28.000,0
11.155000,252.00,0.000,0.000,0,0,0.000,0,0,18.000,39.000,55.000,0,0,0,0,0,0,0,0,0,0,2,144,0,3,70,0,28.000,0
11.160000,252.00,0.000,0.000,0,0,0.000,0,0,18.000,39.000,55.000,0,0,0,0,0,0,0,0,0,0,2,144,0,3,70,0,28.000,0
11.165000,252.00,0.000,0.000,0,0,0.000,0,0,18.000,39.000,55.000,0,0,0,0,0,0,0,0,0,0,2,144,0,3,70,0,28.000,0
11.170000,252.00,0.000,0.000,0,0,0.000,0,0,18.000,39.000,55.000,0,0,0,0,0,0,0,0,0,0,2,144,0,3,70,0,28.000,0
11.175000,252.00,0.000,0.000,0,0,0.000,0,0,18.000,39.000,55.000,0,0,0,0,0,0,0,0,0,0,2,144,0,3,70,0,28.000,0
11.180000,252.00,0.000,0.000,0,0,0.000,0,0,18.000,39.000,55.000,0,0,0,0,0,0,0,0,0,0,2,144,0,3,70,0,28.000,0
11.185000,252.00,0.000,0.000,0,0,0.000,0,0,18.000,39.000,55.000,0,0,0,0,0,0,0,0,0,0,2,144,0,3,70,0,28.000,0
11.190000,252.00,0.000,0.000,0,0,0.000,0,0,18.000,39.000,55.000,0,0,0,0,0,0,0,0,0,0,2,144,0,3,70,0,28.000,0
11.195000,252.00,0.000,0.000,0,0,0.000,0,0,18.000,39.000,55.000,0,0,0,0,0,0,0,0,0,0,2,144,0,3,70,0,28.000,0
11.200000,252.00,0.000,0.000,0,0,0.000,0,0,18.000,39.000,55.000,0,0,0,0,0,0,0,0,0,0,2,144,0,3,70,0,28.000,0
11.205000,252.00,0.000,0.000,0,0,0.000,0,0,18.000,39.000,55.000,0,0,0,0,0,0,0,0,0,0,2,144,0,3,70,0,28.000,0
11.210000,252.00,0.000,0.000,0,0,0.000,0,0,18.000,39.000,55.000,0,0,0,0,0,0,0,0,0,0,2,144,0,3,70,0,28.000,0
11.215000,252.00,0.000,0.000,0,0,0.000,0,0,18.000,39.000,55.000,0,0,0,0,0,0,0,0,0,0,2,144,0,3,70,0,28.000,0
11.220000,252.00,0.000,0.000,0,0,0.000,0,0,18.000,39.000,55.000,0,0,0,0,0,0,0,0,0,0,2,144,0,3,70,0,28.000,0
11.225000,252.00,0.000,0.000,0,0,0.000,0,0,18.000,39.000,55.000,0,0,0,0,0,0,0,0,0,0,2,144,0,3,70,0,28.000,0
11.230000,252.00,0.000,0.000,0,0,0.000,0,0,18.000,39.000,55.000,0,0,0,0,0,0,0,0,0,0,2,144,0,3,70,0,28.000,0
11.235000,252.00,0.000,0.000,0,0,0.000,0,0,18.000,39.000,55.000,0,0,0,0,0,0,0,0,0,0,2,144,0,3,70,0,28.000,0
11.240000,252.00,0.000,0.000,0,0,0.000,0,0,18.000,39.000,55.000,0,0,0,0,0,0,0,0,0,0,2,144,0,3,70,0,28.000,0
11.245000,252.00,0.000,0.000,0,0,0.000,0,0,18.000,39.000,55.000,0,0,0,0,0,0,0,0,0,0,2,144,0,3,70,0,28.000,0
11.250000,252.00,0.000,0.000,0,0,0.000,0,0,18.000,39.000,55.000,0,0,0,0,0,0,0,0,0,0,2,144,0,3,70,0,28.000,0
11.255000,252.00,0.000,0.000,0,0,0.000,0,0,18.000,39.000,55.000,0,0,0,0,0,0,0,0,0,0,2,144,0,3,70,0,28.000,0
11.260000,252.00,0.000,0.000,0,0,0.000,0,0,18.000,39.000,55.000,0,0,0,0,0,0,0,0,0,0,2,144,0,3,70,0,28.000,0
11.265000,252.00,0.000,0.000,0,0,0.000,0,0,18.000,39.000,55.000,0,0,0,0,0,0,0,0,0,0,2,144,0,3,70,0,28.000,0
11.270000,252.00,0.000,0.000,0,0,0.000,0,0,18.000,39.000,55.000,0,0,0,0,0,0,0,0,0,0,2,144,0,3,70,0,28.000,0
11.275000,252.00,0.000,0.000,0,0,0.000,0,0,18.000,39.000,55.000,0,0,0,0,0,0,0,0,0,0,2,144,0,3,70,0,28.000,0
11.280000,252.00,0.000,0.000,0,0,0.000,0,0,18.000,39.000,55.000,0,0,0,0,0,0,0,0,0,0,2,144,0,3,70,0,28.000,0
11.285000,252.00,0.000,0.000,0,0,0.000,0,0,18.000,39.000,55.000,0,0,0,0,0,0,0,0,0,0,2,144,0,3,70,0,28.000,0
11.290000,252.00,0.000,0.000,0,0,0.000,0,0,18.000,39.000,55.000,0,0,0,0,0,0,0,0,0,0,2,144,0,3,70,0,28.000,0
11.295000,252.00,0.000,0.000,0,0,0.000,0,0,18.000,39.000,55.000,0,0,0,0,0,0,0,0,0,0,2,144,0,3,70,0,28.000,0
11.300000,252.00,0.000,0.000,0,0,0.000,0,0,18.000,39.000,55.000,0,0,0,0,0,0,0,0,0,0,2,144,0,3,70,0,28.000,0
11.305000,252.00,0.000,0.000,0,0,0.000,0,0,18.000,39.000,55.000,0,0,0,0,0,0,0,0,0,0,2,144,0,3,70,0,28.000,0
11.310000,252.00,0.000,0.000,0,0,0.000,0,0,18.000,39.000,55.000,0,0,0,0,0,0,0,0,0,0,2,144,0,3,70,0,28.000,0
11.315000,252.00,0.000,0.000,0,0,0.000,0,0,18.000,39.000,55.000,0,0,0,0,0,0,0,0,0,0,2,144,0,3,70,0,28.000,0
11.320000,252.00,0.000,0.000,0,0,0.000,0,0,18.000,39.000,55.000,0,0,0,0,0,0,0,0,0,0,2,144,0,3,70,0,28.000,0
11.325000,252.00,0.000,0.000,0,0,0.000,0,0,18.000,39.000,55.000,0,0,0,0,0,0,0,0,0,0,2,144,0,3,70,0,28.000,0
11.330000,252.00,0.000,0.000,0,0,0.000,0,0,18.000,39.000,55.000,0,0,0,0,0,0,0,0,0,0,2,144,0,3,70,0,28.000,0
11.335000,252.00,0.000,0.000,0,0,0.000,0,0,18.000,39.000,55.000,0,0,0,0,0,0,0,0,0,0,2,144,0,3,70,0,28.000,0
11.340000,252.00,0.000,0.000,0,0,0.000,0,0,18.000,39.000,55.000,0,0,0,0,0,0,0,0,0,0,2,144,0,3,70,0,28.000,0
11.345000,252.00,0.000,0.000,0,0,0.000,0,0,18.000,39.000,55.000,0,0,0,0,0,0,0,0,0,0,2,144,0,3,70,0,28.000,0
11.350000,252.00,0.000,0.000,0,0,0.000,0,0,18.000,39.000,55.000,0,0,0,0,0,0,0,0,0,0,2,144,0,3,70,0,28.000,0
11.355000,252.00,0.000,0.000,0,0,0.000,0,0,18.000,39.000,55.000,0,0,0,0,0,0,0,0,0,0,2,144,0,3,70,0,28.000,0
11.360000,252.00,0.000,0.000,0,0,0.000,0,0,18.000,39.000,55.000,0,0,0,0,0,0,0,0,0,0,2,144,0,3,70,0,28.000,0
11.365000,252.00,0.000,0.000,0,0,0.000,0,0,18.000,39.000,55.000,0,0,0,0,0,0,0,0,0,0,2,144,0,3,70,0,28.000,0
11.370000,252.00,0.000,0.000,0,0,0.000,0,0,18.000,39.000,55.000,0,0,0,0,0,0,0,0,0,0,2,144,0,3,70,0,28.000,0
11.375000,252.00,0.000,0.000,0,0,0.000,0,0,18.000,39.000,55.000,0,0,0,0,0,0,0,0,0,0,2,144,0,3,70,0,28.000,0
11.380000,252.00,0.000,0.000,0,0,0.000,0,0,18.000,39.000,55.000,0,0,0,0,0,0,0,0,0,0,2,144,0,3,70,0,28.000,0
11.385000,252.00,0.000,0.000,0,0,0.000,0,0,18.000,39.000,55.000,0,0,0,0,0,0,0,0,0,0,2,144,0,3,70,0,28.000,0
11.390000,252.00,0.000,0.000,0,0,0.000,0,0,18.000,39.000,55.000,0,0,0,0,0,0,0,0,0,0,2,144,0,3,70,0,28.000,0
11.395000,252.00,0.000,0.000,0,0,0.000,0,0,18.000,39.000,55.000,0,0,0,0,0,0,0,0,0,0,2,144,0,3,70,0,28.000,0
11.400000,252.00,0.000,0.000,0,0,0.000,0,0,18.000,39.000,55.000,0,0,0,0,0,0,0,0,0,0,2,144,0,3,70,0,28.000,0
11.405000,252.00,0.000,0.000,0,0,0.000,0,0,18.000,39.000,55.000,0,0,0,0,0,0,0,0,0,0,2,144,0,3,70,0,28.000,0
11.410000,252.00,0.000,0.000,0,0,0.000,0,0,18.000,39.000,55.000,0,0,0,0,0,0,0,0,0,0,2,144,0,3,70,0,28.000,0
11.415000,252.00,0.000,0.000,0,0,0.000,0,0,18.000,39.000,55.000,0,0,0,0,0,0,0,0,0,0,2,144,0,3,70,0,28.000,0
11.420000,252.00,0.000,0.000,0,0,0.000,0,0,18.000,39.000,55.000,0,0,0,0,0,0,0,0,0,0,2,144,0,3,70,0,28.000,0
11.425000,252.00,0.000,0.000,0,0,0.000,0,0,18.000,39.000,55.000,0,0,0,0,0,0,0,0,0,0,2,144,0,3,70,0,28.000,0
11.430000,252.00,0.000,0.000,0,0,0.000,0,0,18.000,39.000,55.000,0,0,0,0,0,0,0,0,0,0,2,144,0,3,70,0,28.000,0
11.435000,252.00,0.000,0.000,0,0,0.000,0,0,18.000,39.000,55.000,0,0,0,0,0,0,0,0,0,0,2,144,0,3,70,0,28.000,0
11.440000,252.00,0.000,0.000,0,0,0.000,0,0,18.000,39.000,55.000,0,0,0,0,0,0,0,0,0,0,2,144,0,3,70,0,28.000,0
11.445000,252.00,0.000,0.000,0,0,0.000,0,0,18.000,39.000,55.000,0,0,0,0,0,0,0,0,0,0,2,144,0,3,70,0,28.000,0
11.450000,252.00,0.000,0.000,0,0,0.000,0,0,18.000,39.000,55.000,0,0,0,0,0,0,0,0,0,0,2,144,0,3,70,0,28.000,0
11.455000,252.00,0.000,0.000,0,0,0.000,0,0,18.000,39.000,55.000,0,0,0,0,0,0,0,0,0,0,2,144,0,3,70,0,28.000,0
11.460000,252.00,0.000,0.000,0,0,0.000,0,0,18.000,39.000,55.000,0,0,0,0,0,0,0,0,0,0,2,144,0,3,70,0,28.000,0
11.465000,252.00,0.000,0.000,0,0,0.000,0,0,18.000,39.000,55.000,0,0,0,0,0,0,0,0,0,0,2,144,0,3,70,0,28.000,0
11.470000,252.00,0.000,0.000,0,0,0.000,0,0,18.000,39.000,55.000,0,0,0,0,0,0,0,0,0,0,2,144,0,3,70,0,28.000,0
11.475000,252.00,0.000,0.000,0,0,0.000,0,0,18.000,39.000,55.000,0,0,0,0,0,0,0,0,0,0,2,144,0,3,70,0,28.000,0
11.480000,252.00,0.000,0.000,0,0,0.000,0,0,18.000,39.000,55.000,0,0,0,0,0,0,0,0,0,0,2,144,0,3,70,0,28.000,0
11.485000,252.00,0.000,0.000,0,0,0.000,0,0,18.000,39.000,55.000,0,0,0,0,0,0,0,0,0,0,2,144,0,3,70,0,28.000,0
11.490000,252.00,0.000,0.000,0,0,0.000,0,0,18.000,39.000,55.000,0,0,0,0,0,0,0,0,0,0,2,144,0,3,70,0,28.000,0
11.495000,252.00,0.000,0.000,0,0,0.000,0,0,18.000,39.000,55.000,0,0,0,0,0,0,0,0,0,0,2,144,0,3,70,0,28.000,0
11.500000,252.00,0.000,0.000,0,0,0.000,0,0,18.000,39.000,55.000,0,0,0,0,0,0,0,0,0,0,2,144,0,3,70,0,28.000,0
11.505000,252.00,0.000,0.000,0,0,0.000,0,0,18.000,39.000,55.000,0,0,0,0,0,0,0,0,0,0,2,144,0,3,70,0,28.000,0
11.510000,252.00,0.000,0.000,0,0,0.000,0,0,18.000,39.000,55.000,0,0,0,0,0,0,0,0,0,0,2,144,0,3,70,0,28.000,0
11.515000,252.00,0.000,0.000,0,0,0.000,0,0,18.000,39.000,55.000,0,0,0,0,0,0,0,0,0,0,2,144,0,3,70,0,28.000,0
11.520000,252.00,0.000,0.000,0,0,0.000,0,0,18.000,39.000,55.000,0,0,0,0,0,0,0,0,0,0,2,144,0,3,70,0,28.000,0
11.525000,252.00,0.000,0.000,0,0,0.000,0,0,18.000,39.000,55.000,0,0,0,0,0,0,0,0,0,0,2,144,0,3,70,0,28.000,0
11.530000,252.00,0.000,0.000,0,0,0.000,0,0,18.000,39.000,55.000,0,0,0,0,0,0,0,0,0,0,2,144,0,3,70,0,28.000,0
11.535000,252.00,0.000,0.000,0,0,0.000,0,0,18.000,39.000,55.000,0,0,0,0,0,0,0,0,0,0,2,144,0,3,70,0,28.000,0
11.540000,252.00,0.000,0.000,0,0,0.000,0,0,18.000,39.000,55.000,0,0,0,0,0,0,0,0,0,0,2,144,0,3,70,0,28.000,0
11.545000,252.00,0.000,0.000,0,0,0.000,0,0,18.000,39.000,55.000,0,0,0,0,0,0,0,0,0,0,2,144,0,3,70,0,28.000,0
11.550000,252.00,0.000,0.000,0,0,0.000,0,0,18.000,39.000,55.000,0,0,0,0,0,0,0,0,0,0,2,144,0,3,70,0,28.000,0
11.555000,252.00,0.000,0.000,0,0,0.000,0,0,18.000,39.000,55.000,0,0,0,0,0,0,0,0,0,0,2,144,0,3,70,0,28.000,0
11.560000,252.00,0.000,0.000,0,0,0.000,0,0,18.000,39.000,55.000,0,0,0,0,0,0,0,0,0,0,2,144,0,3,70,0,28.000,0
11.565000,252.00,0.000,0.000,0,0,0.000,0,0,18.000,39.000,55.000,0,0,0,0,0,0,0,0,0,0,2,144,0,3,70,0,28.000,0
11.570000,252.00,0.000,0.000,0,0,0.000,0,0,18.000,39.000,55.000,0,0,0,0,0,0,0,0,0,0,2,144,0,3,70,0,28.000,0
11.575000,252.00,0.000,0.000,0,0,0.000,0,0,18.000,39.000,55.000,0,0,0,0,0,0,0,0,0,0,2,144,0,3,70,0,28.000,0
11.580000,252.00,0.000,0.000,0,0,0.000,0,0,18.000,39.000,55.000,0,0,0,0,0,0,0,0,0,0,2,144,0,3,70,0,28.000,0
11.585000,252.00,0.000,0.000,0,0,0.000,0,0,18.000,39.000,55.000,0,0,0,0,0,0,0,0,0,0,2,144,0,3,70,0,28.000,0
11.590000,252.00,0.000,0.000,0,0,0.000,0,0,18.000,39.000,55.000,0,0,0,0,0,0,0,0,0,0,2,144,0,3,70,0,28.000,0
11.595000,252.00,0.000,0.000,0,0,0.000,0,0,18.000,39.000,55.000,0,0,0,0,0,0,0,0,0,0,2,144,0,3,70,0,28.000,0
11.600000,252.00,0.000,0.000,0,0,0.000,0,0,18.000,39.000,55.000,0,0,0,0,0,0,0,0,0,0,2,144,0,3,70,0,28.000,0
11.605000,252.00,0.000,0.000,0,0,0.000,0,0,18.000,39.000,55.000,0,0,0,0,0,0,0,0,0,0,2,144,0,3,70,0,28.000,0
11.610000,252.00,0.000,0.000,0,0,0.000,0,0,18.000,39.000,55.000,0,0,0,0,0,0,0,0,0,0,2,144,0,3,70,0,28.000,0
11.615000,252.00,0.000,0.000,0,0,0.000,0,0,18.000,39.000,55.000,0,0,0,0,0,0,0,0,0,0,2,144,0,3,70,0,28.000,0
11.620000,252.00,0.000,0.000,0,0,0.000,0,0,18.000,39.000,55.000,0,0,0,0,0,0,0,0,0,0,2,144,0,3,70,0,28.000,0
11.625000,252.00,0.000,0.000,0,0,0.000,0,0,18.000,39.000,55.000,0,0,0,0,0,0,0,0,0,0,2,144,0,3,70,0,28.000,0
11.630000,252.00,0.000,0.000,0,0,0.000,0,0,18.000,39.000,55.000,0,0,0,0,0,0,0,0,0,0,2,144,0,3,70,0,28.000,0
11.635000,252.00,0.000,0.000,0,0,0.000,0,0,18.000,39.000,55.000,0,0,0,0,0,0,0,0,0,0,2,144,0,3,70,0,28.000,0
11.640000,252.00,0.000,0.000,0,0,0.000,0,0,18.000,39.000,55.000,0,0,0,0,0,0,0,0,0,0,2,144,0,3,70,0,28.000,0
11.645000,252.00,0.000,0.000,0,0,0.000,0,0,18.000,39.000,55.000,0,0,0,0,0,0,0,0,0,0,2,144,0,3,70,0,28.000,0
11.650000,252.00,0.000,0.000,0,0,0.000,0,0,18.000,39.000,55.000,0,0,0,0,0,0,0,0,0,0,2,144,0,3,70,0,28.000,0
11.655000,252.00,0.000,0.000,0,0,0.000,0,0,18.000,39.000,55.000,0,0,0,0,0,0,0,0,0,0,2,144,0,3,70,0,28.000,0
11.660000,252.00,0.000,0.000,0,0,0.000,0,0,18.000,39.000,55.000,0,0,0,0,0,0,0,0,0,0,2,144,0,3,70,0,28.000,0
11.665000,252.00,0.000,0.000,0,0,0.000,0,0,18.000,39.000,55.000,0,0,0,0,0,0,0,0,0,0,2,144,0,3,70,0,28.000,0
11.670000,252.00,0.000,0.000,0,0,0.000,0,0,18.000,39.000,55.000,0,0,0,0,0,0,0,0,0,0,2,144,0,3,70,0,28.000,0
11.675000,252.00,0.000,0.000,0,0,0.000,0,0,18.000,39.000,55.000,0,0,0,0,0,0,0,0,0,0,2,144,0,3,70,0,28.000,0
11.680000,252.00,0.000,0.000,0,0,0.000,0,0,18.000,39.000,55.000,0,0,0,0,0,0,0,0,0,0,2,144,0,3,70,0,28.000,0
11.685000,252.00,0.000,0.000,0,0,0.000,0,0,18.000,39.000,55.000,0,0,0,0,0,0,0,0,0,0,2,144,0,3,70,0,28.000,0
11.690000,252.00,0.000,0.000,0,0,0.000,0,0,18.000,39.000,55.000,0,0,0,0,0,0,0,0,0,0,2,144,0,3,70,0,28.000,0
11.695000,252.00,0.000,0.000,0,0,0.000,0,0,18.000,39.000,55.000,0,0,0,0,0,0,0,0,0,0,2,144,0,3,70,0,28.000,0
11.700000,252.00,0.000,0.000,0,0,0.000,0,0,18.000,39.000,55.000,0,0,0,0,0,0,0,0,0,0,2,144,0,3,70,0,28.000,0
11.705000,252.00,0.000,0.000,0,0,0.000,0,0,18.000,39.000,55.000,0,0,0,0,0,0,0,0,0,0,2,144,0,3,70,0,28.000,0
11.710000,252.00,0.000,0.000,0,0,0.000,0,0,18.000,39.000,55.000,0,0,0,0,0,0,0,0,0,0,2,144,0,3,70,0,28.000,0
11.715000,252.00,0.000,0.000,0,0,0.000,0,0,18.000,39.000,55.000,0,0,0,0,0,0,0,0,0,0,2,144,0,3,70,0,28.000,0
11.720000,252.00,0.000,0.000,0,0,0.000,0,0,18.000,39.000,55.000,0,0,0,0,0,0,0,0,0,0,2,144,0,3,70,0,28.000,0
11.725000,252.00,0.000,0.000,0,0,0.000,0,0,18.000,39.000,55.000,0,0,0,0,0,0,0,0,0,0,2,144,0,3,70,0,28.000,0
11.730000,252.00,0.000,0.000,0,0,0.000,0,0,18.000,39.000,55.000,0,0,0,0,0,0,0,0,0,0,2,144,0,3,70,0,28.000,0
11.735000,252.00,0.000,0.000,0,0,0.000,0,0,18.000,39.000,55.000,0,0,0,0,0,0,0,0,0,0,2,144,0,3,70,0,28.000,0
11.740000,252.00,0.000,0.000,0,0,0.000,0,0,18.000,39.000,55.000,0,0,0,0,0,0,0,0,0,0,2,144,0,3,70,0,28.000,0
11.745000,252.00,0.000,0.000,0,0,0.000,0,0,18.000,39.000,55.000,0,0,0,0,0,0,0,0,0,0,2,144,0,3,70,0,28.000,0
11.750000,252.00,0.000,0.000,0,0,0.000,0,0,18.000,39.000,55.000,0,0,0,0,0,0,0,0,0,0,2,144,0,3,70,0,28.000,0
11.755000,252.00,0.000,0.000,0,0,0.000,0,0,18.000,39.000,55.000,0,0,0,0,0,0,0,0,0,0,2,144,0,3,70,0,28.000,0
11.760000,252.00,0.000,0.000,0,0,0.000,0,0,18.000,39.000,55.000,0,0,0,0,0,0,0,0,0,0,2,144,0,3,70,0,28.000,0
11.765000,252.00,0.000,0.000,0,0,0.000,0,0,18.000,39.000,55.000,0,0,0,0,0,0,0,0,0,0,2,144,0,3,70,0,28.000,0
11.770000,252.00,0.000,0.000,0,0,0.000,0,0,18.000,39.000,55.000,0,0,0,0,0,0,0,0,0,0,2,144,0,3,70,0,28.000,0
11.775000,252.00,0.000,0.000,0,0,0.000,0,0,18.000,39.000,55.000,0,0,0,0,0,0,0,0,0,0,2,144,0,3,70,0,28.000,0
11.780000,252.00,0.000,0.000,0,0,0.000,0,0,18.000,39.000,55.000,0,0,0,0,0,0,0,0,0,0,2,144,0,3,70,0,28.000,0
11.785000,252.00,0.000,0.000,0,0,0.000,0,0,18.000,39.000,55.000,0,0,0,0,0,0,0,0,0,0,2,144,0,3,70,0,28.000,0
11.790000,252.00,0.000,0.000,0,0,0.000,0,0,18.000,39.000,55.000,0,0,0,0,0,0,0,0,0,0,2,144,0,3,70,0,28.000,0
11.795000,252.00,0.000,0.000,0,0,0.000,0,0,18.000,39.000,55.000,0,0,0,0,0,0,0,0,0,0,2,144,0,3,70,0,28.000,0
11.800000,252.00,0.000,0.000,0,0,0.000,0,0,18.000,39.000,55.000,0,0,0,0,0,0,0,0,0,0,2,144,0,3,70,0,28.000,0
11.805000,252.00,0.000,0.000,0,0,0.000,0,0,18.000,39.000,55.000,0,0,0,0,0,0,0,0,0,0,2,144,0,3,70,0,28.000,0
11.810000,252.00,0.000,0.000,0,0,0.000,0,0,18.000,39.000,55.000,0,0,0,0,0,0,0,0,0,0,2,144,0,3,70,0,28.000,0
11.815000,252.00,0.000,0.000,0,0,0.000,0,0,18.000,39.000,55.000,0,0,0,0,0,0,0,0,0,0,2,144,0,3,70,0,28.000,0
11.820000,252.00,0.000,0.000,0,0,0.000,0,0,18.000,39.000,55.000,0,0,0,0,0,0,0,0,0,0,2,144,0,3,70,0,28.000,0
11.825000,252.00,0.000,0.000,0,0,0.000,0,0,18.000,39.000,55.000,0,0,0,0,0,0,0,0,0,0,2,144,0,3,70,0,28.000,0
11.830000,252.00,0.000,0.000,0,0,0.000,0,0,18.000,39.000,55.000,0,0,0,0,0,0,0,0,0,0,2,144,0,3,70,0,28.000,0
11.835000,252.00,0.000,0.000,0,0,0.000,0,0,18.000,39.000,55.000,0,0,0,0,0,0,0,0,0,0,2,144,0,3,70,0,28.000,0
11.840000,252.00,0.000,0.000,0,0,0.000,0,0,18.000,39.000,55.000,0,0,0,0,0,0,0,0,0,0,2,144,0,3,70,0,28.000,0
11.845000,252.00,0.000,0.000,0,0,0.000,0,0,18.000,39.000,55.000,0,0,0,0,0,0,0,0,0,0,2,144,0,3,70,0,28.000,0
11.850000,252.00,0.000,0.000,0,0,0.000,0,0,18.000,39.000,55.000,0,0,0,0,0,0,0,0,0,0,2,144,0,3,70,0,28.000,0
11.855000,252.00,0.000,0.000,0,0,0.000,0,0,18.000,39.000,55.000,0,0,0,0,0,0,0,0,0,0,2,144,0,3,70,0,28.000,0
11.860000,252.00,0.000,0.000,0,0,0.000,0,0,18.000,39.000,55.000,0,0,0,0,0,0,0,0,0,0,2,144,0,3,70,0,28.000,0
11.865000,252.00,0.000,0.000,0,0,0.000,0,0,18.000,39.000,55.000,0,0,0,0,0,0,0,0,0,0,2,144,0,3,70,0,28.000,0
11.870000,252.00,0.000,0.000,0,0,0.000,0,0,18.000,39.000,55.000,0,0,0,0,0,0,0,0,0,0,2,144,0,3,70,0,28.000,0
11.875000,252.00,0.000,0.000,0,0,0.000,0,0,18.000,39.000,55.000,0,0,0,0,0,0,0,0,0,0,2,144,0,3,70,0,28.000,0
11.880000,252.00,0.000,0.000,0,0,0.000,0,0,18.000,39.000,55.000,0,0,0,0,0,0,0,0,0,0,2,144,0,3,70,0,28.000,0
11.885000,252.00,0.000,0.000,0,0,0.000,0,0,18.000,39.000,55.000,0,0,0,0,0,0,0,0,0,0,2,144,0,3,70,0,28.000,0
11.890000,252.00,0.000,0.000,0,0,0.000,0,0,18.000,39.000,55.000,0,0,0,0,0,0,0,0,0,0,2,144,0,3,70,0,28.000,0
11.895000,252.00,0.000,0.000,0,0,0.000,0,0,18.000,39.000,55.000,0,0,0,0,0,0,0,0,0,0,2,144,0,3,70,0,28.000,0
11.900000,252.00,0.000,0.000,0,0,0.000,0,0,18.000,39.000,55.000,0,0,0,0,0,0,0,0,0,0,2,144,0,3,70,0,28.000,0
11.905000,252.00,0.000,0.000,0,0,0.000,0,0,18.000,39.000,55.000,0,0,0,0,0,0,0,0,0,0,2,144,0,3,70,0,28.000,0
11.910000,252.00,0.000,0.000,0,0,0.000,0,0,18.000,39.000,55.000,0,0,0,0,0,0,0,0,0,0,2,144,0,3,70,0,28.000,0
11.915000,252.00,0.000,0.000,0,0,0.000,0,0,18.000,39.000,55.000,0,0,0,0,0,0,0,0,0,0,2,144,0,3,70,0,28.000,0
11.920000,252.00,0.000,0.000,0,0,0.000,0,0,18.000,39.000,55.000,0,0,0,0,0,0,0,0,0,0,2,144,0,3,70,0,28.000,0
11.925000,252.00,0.000,0.000,0,0,0.000,0,0,18.000,39.000,55.000,0,0,0,0,0,0,0,0,0,0,2,144,0,3,70,0,28.000,0
11.930000,252.00,0.000,0.000,0,0,0.000,0,0,18.000,39.000,55.000,0,0,0,0,0,0,0,0,0,0,2,144,0,3,70,0,28.000,0
11.935000,252.00,0.000,0.000,0,0,0.000,0,0,18.000,39.000,55.000,0,0,0,0,0,0,0,0,0,0,2,144,0,3,70,0,28.000,0
11.940000,252.00,0.000,0.000,0,0,0.000,0,0,18.000,39.000,55.000,0,0,0,0,0,0,0,0,0,0,2,144,0,3,70,0,28.000,0
11.945000,252.00,0.000,0.000,0,0,0.000,0,0,18.000,39.000,55.000,0,0,0,0,0,0,0,0,0,0,2,144,0,3,70,0,28.000,0
11.950000,252.00,0.000,0.000,0,0,0.000,0,0,18.000,39.000,55.000,0,0,0,0,0,0,0,0,0,0,2,144,0,3,70,0,28.000,0
11.955000,252.00,0.000,0.000,0,0,0.000,0,0,18.000,39.000,55.000,0,0,0,0,0,0,0,0,0,0,2,144,0,3,70,0,28.000,0
11.960000,252.00,0.000,0.000,0,0,0.000,0,0,18.000,39.000,55.000,0,0,0,0,0,0,0,0,0,0,2,144,0,3,70,0,28.000,0
11.965000,252.00,0.000,0.000,0,0,0.000,0,0,18.000,39.000,55.000,0,0,0,0,0,0,0,0,0,0,2,144,0,3,70,0,28.000,0
11.970000,252.00,0.000,0.000,0,0,0.000,0,0,18.000,39.000,55.000,0,0,0,0,0,0,0,0,0,0,2,144,0,3,70,0,28.000,0
11.975000,252.00,0.000,0.000,0,0,0.000,0,0,18.000,39.000,55.000,0,0,0,0,0,0,0,0,0,0,2,144,0,3,70,0,28.000,0
11.980000,252.00,0.000,0.000,0,0,0.000,0,0,18.000,39.000,55.000,0,0,0,0,0,0,0,0,0,0,2,144,0,3,70,0,28.000,0
11.985000,252.00,0.000,0.000,0,0,0.000,0,0,18.000,39.000,55.000,0,0,0,0,0,0,0,0,0,0,2,144,0,3,70,0,28.000,0
11.990000,252.00,0.000,0.000,0,0,0.000,0,0,18.000,39.000,55.000,0,0,0,0,0,0,0,0,0,0,2,144,0,3,70,0,28.000,0
11.995000,252.00,0.000,0.000,0,0,0.000,0,0,18.000,39.000,55.000,0,0,0,0,0,0,0,0,0,0,2,144,0,3,70,0,28.000,0
12.000000,252.00,0.000,0.000,0,0,0.000,0,0,18.000,39.000,55.000,0,0,0,0,0,0,0,0,0,0,2,144,0,3,70,0,28.000,0
