time_s,crank_angle_deg,torque_gen_nm,torque_load_kg,torque_fast_native,torque_run_native,cadence_gen_rpm,cadence_raw_rpm,cadence_control_rpm,speed_kph,battery_v,soc_pct,human_power_w,assist_basis_power_w,motor_power_w,support_pct,iq_mode_request,iq_before_profile_limit,iq_requested,iq_allowed,iq_pre_ramp,iq_ref,session,debug_flags,battery_limit,gate_steps,gate_load_ckg,pedalling,torque_cmd_mean_nm,ride_interval
0.005000,0.00,0.000,0.000,0,0,0.000,0,0,18.000,39.000,55.000,0,0,0,0,0,0,0,0,0,0,0,144,0,3,70,0,15.000,0
0.010000,0.00,0.000,0.000,0,0,0.000,0,0,18.000,39.000,55.000,0,0,0,0,0,0,0,0,0,0,0,144,0,3,70,0,15.000,0
0.015000,0.00,0.000,0.000,0,0,0.000,0,0,18.000,39.000,55.000,0,0,0,0,0,0,0,0,0,0,0,144,0,3,70,0,15.000,0
0.020000,0.00,0.000,0.000,0,0,0.000,0,0,18.000,39.000,55.000,0,0,0,0,0,0,0,0,0,0,0,144,0,3,70,0,15.000,0
0.025000,0.00,0.000,0.000,0,0,0.000,0,0,18.000,39.000,55.000,0,0,0,0,0,0,0,0,0,0,0,144,0,3,70,0,15.000,0
0.030000,0.00,0.000,0.000,0,0,0.000,0,0,18.000,39.000,55.000,0,0,0,0,0,0,0,0,0,0,0,144,0,3,70,0,15.000,0
0.035000,0.00,0.000,0.000,0,0,0.000,0,0,18.000,39.000,55.000,0,0,0,0,0,0,0,0,0,0,0,144,0,3,70,0,15.000,0
0.040000,0.00,0.000,0.000,0,0,0.000,0,0,18.000,39.000,55.000,0,0,0,0,0,0,0,0,0,0,0,144,0,3,70,0,15.000,0
0.045000,0.00,0.000,0.000,0,0,0.000,0,0,18.000,39.000,55.000,0,0,0,0,0,0,0,0,0,0,0,144,0,3,70,0,15.000,0
0.050000,0.00,0.000,0.000,0,0,0.000,0,0,18.000,39.000,55.000,0,0,0,0,0,0,0,0,0,0,0,144,0,3,70,0,15.000,0
0.055000,0.00,0.000,0.000,0,0,0.000,0,0,18.000,39.000,55.000,0,0,0,0,0,0,0,0,0,0,0,144,0,3,70,0,15.000,0
0.060000,0.00,0.000,0.000,0,0,0.000,0,0,18.000,39.000,55.000,0,0,0,0,0,0,0,0,0,0,0,144,0,3,70,0,15.000,0
0.065000,0.00,0.000,0.000,0,0,0.000,0,0,18.000,39.000,55.000,0,0,0,0,0,0,0,0,0,0,0,144,0,3,70,0,15.000,0
0.070000,0.00,0.000,0.000,0,0,0.000,0,0,18.000,39.000,55.000,0,0,0,0,0,0,0,0,0,0,0,144,0,3,70,0,15.000,0
0.075000,0.00,0.000,0.000,0,0,0.000,0,0,18.000,39.000,55.000,0,0,0,0,0,0,0,0,0,0,0,144,0,3,70,0,15.000,0
0.080000,0.00,0.000,0.000,0,0,0.000,0,0,18.000,39.000,55.000,0,0,0,0,0,0,0,0,0,0,0,144,0,3,70,0,15.000,0
0.085000,0.00,0.000,0.000,0,0,0.000,0,0,18.000,39.000,55.000,0,0,0,0,0,0,0,0,0,0,0,144,0,3,70,0,15.000,0
0.090000,0.00,0.000,0.000,0,0,0.000,0,0,18.000,39.000,55.000,0,0,0,0,0,0,0,0,0,0,0,144,0,3,70,0,15.000,0
0.095000,0.00,0.000,0.000,0,0,0.000,0,0,18.000,39.000,55.000,0,0,0,0,0,0,0,0,0,0,0,144,0,3,70,0,15.000,0
0.100000,0.00,0.000,0.000,0,0,0.000,0,0,18.000,39.000,55.000,0,0,0,0,0,0,0,0,0,0,0,144,0,3,70,0,15.000,0
0.105000,0.00,0.000,0.000,0,0,0.000,0,0,18.000,39.000,55.000,0,0,0,0,0,0,0,0,0,0,0,144,0,3,70,0,15.000,0
0.110000,0.00,0.000,0.000,0,0,0.000,0,0,18.000,39.000,55.000,0,0,0,0,0,0,0,0,0,0,0,144,0,3,70,0,15.000,0
0.115000,0.00,0.000,0.000,0,0,0.000,0,0,18.000,39.000,55.000,0,0,0,0,0,0,0,0,0,0,0,144,0,3,70,0,15.000,0
0.120000,0.00,0.000,0.000,0,0,0.000,0,0,18.000,39.000,55.000,0,0,0,0,0,0,0,0,0,0,0,144,0,3,70,0,15.000,0
0.125000,0.00,0.000,0.000,0,0,0.000,0,0,18.000,39.000,55.000,0,0,0,0,0,0,0,0,0,0,0,144,0,3,70,0,15.000,0
0.130000,0.00,0.000,0.000,0,0,0.000,0,0,18.000,39.000,55.000,0,0,0,0,0,0,0,0,0,0,0,144,0,3,70,0,15.000,0
0.135000,0.00,0.000,0.000,0,0,0.000,0,0,18.000,39.000,55.000,0,0,0,0,0,0,0,0,0,0,0,144,0,3,70,0,15.000,0
0.140000,0.00,0.000,0.000,0,0,0.000,0,0,18.000,39.000,55.000,0,0,0,0,0,0,0,0,0,0,0,144,0,3,70,0,15.000,0
0.145000,0.00,0.000,0.000,0,0,0.000,0,0,18.000,39.000,55.000,0,0,0,0,0,0,0,0,0,0,0,144,0,3,70,0,15.000,0
0.150000,0.00,0.000,0.000,0,0,0.000,0,0,18.000,39.000,55.000,0,0,0,0,0,0,0,0,0,0,0,144,0,3,70,0,15.000,0
0.155000,0.00,0.000,0.000,0,0,0.000,0,0,18.000,39.000,55.000,0,0,0,0,0,0,0,0,0,0,0,144,0,3,70,0,15.000,0
0.160000,0.00,0.000,0.000,0,0,0.000,0,0,18.000,39.000,55.000,0,0,0,0,0,0,0,0,0,0,0,144,0,3,70,0,15.000,0
0.165000,0.00,0.000,0.000,0,0,0.000,0,0,18.000,39.000,55.000,0,0,0,0,0,0,0,0,0,0,0,144,0,3,70,0,15.000,0
0.170000,0.00,0.000,0.000,0,0,0.000,0,0,18.000,39.000,55.000,0,0,0,0,0,0,0,0,0,0,0,144,0,3,70,0,15.000,0
0.175000,0.00,0.000,0.000,0,0,0.000,0,0,18.000,39.000,55.000,0,0,0,0,0,0,0,0,0,0,0,144,0,3,70,0,15.000,0
0.180000,0.00,0.000,0.000,0,0,0.000,0,0,18.000,39.000,55.000,0,0,0,0,0,0,0,0,0,0,0,144,0,3,70,0,15.000,0
0.185000,0.00,0.000,0.000,0,0,0.000,0,0,18.000,39.000,55.000,0,0,0,0,0,0,0,0,0,0,0,144,0,3,70,0,15.000,0
0.190000,0.00,0.000,0.000,0,0,0.000,0,0,18.000,39.000,55.000,0,0,0,0,0,0,0,0,0,0,0,144,0,3,70,0,15.000,0
0.195000,0.00,0.000,0.000,0,0,0.000,0,0,18.000,39.000,55.000,0,0,0,0,0,0,0,0,0,0,0,144,0,3,70,0,15.000,0
0.200000,0.00,0.000,0.000,0,0,0.000,0,0,18.000,39.000,55.000,0,0,0,0,0,0,0,0,0,0,0,144,0,3,70,0,15.000,0
0.205000,0.00,0.000,0.000,0,0,0.000,0,0,18.000,39.000,55.000,0,0,0,0,0,0,0,0,0,0,0,144,0,3,70,0,15.000,0
0.210000,0.00,0.000,0.000,0,0,0.000,0,0,18.000,39.000,55.000,0,0,0,0,0,0,0,0,0,0,0,144,0,3,70,0,15.000,0
0.215000,0.00,0.000,0.000,0,0,0.000,0,0,18.000,39.000,55.000,0,0,0,0,0,0,0,0,0,0,0,144,0,3,70,0,15.000,0
0.220000,0.00,0.000,0.000,0,0,0.000,0,0,18.000,39.000,55.000,0,0,0,0,0,0,0,0,0,0,0,144,0,3,70,0,15.000,0
0.225000,0.00,0.000,0.000,0,0,0.000,0,0,18.000,39.000,55.000,0,0,0,0,0,0,0,0,0,0,0,144,0,3,70,0,15.000,0
0.230000,0.00,0.000,0.000,0,0,0.000,0,0,18.000,39.000,55.000,0,0,0,0,0,0,0,0,0,0,0,144,0,3,70,0,15.000,0
0.235000,0.00,0.000,0.000,0,0,0.000,0,0,18.000,39.000,55.000,0,0,0,0,0,0,0,0,0,0,0,144,0,3,70,0,15.000,0
0.240000,0.00,0.000,0.000,0,0,0.000,0,0,18.000,39.000,55.000,0,0,0,0,0,0,0,0,0,0,0,144,0,3,70,0,15.000,0
0.245000,0.00,0.000,0.000,0,0,0.000,0,0,18.000,39.000,55.000,0,0,0,0,0,0,0,0,0,0,0,144,0,3,70,0,15.000,0
0.250000,0.00,0.000,0.000,0,0,0.000,0,0,18.000,39.000,55.000,0,0,0,0,0,0,0,0,0,0,0,144,0,3,70,0,15.000,0
0.255000,0.00,0.000,0.000,0,0,0.000,0,0,18.000,39.000,55.000,0,0,0,0,0,0,0,0,0,0,0,144,0,3,70,0,15.000,0
0.260000,0.00,0.000,0.000,0,0,0.000,0,0,18.000,39.000,55.000,0,0,0,0,0,0,0,0,0,0,0,144,0,3,70,0,15.000,0
0.265000,0.00,0.000,0.000,0,0,0.000,0,0,18.000,39.000,55.000,0,0,0,0,0,0,0,0,0,0,0,144,0,3,70,0,15.000,0
0.270000,0.00,0.000,0.000,0,0,0.000,0,0,18.000,39.000,55.000,0,0,0,0,0,0,0,0,0,0,0,144,0,3,70,0,15.000,0
0.275000,0.00,0.000,0.000,0,0,0.000,0,0,18.000,39.000,55.000,0,0,0,0,0,0,0,0,0,0,0,144,0,3,70,0,15.000,0
0.280000,0.00,0.000,0.000,0,0,0.000,0,0,18.000,39.000,55.000,0,0,0,0,0,0,0,0,0,0,0,144,0,3,70,0,15.000,0
0.285000,0.00,0.000,0.000,0,0,0.000,0,0,18.000,39.000,55.000,0,0,0,0,0,0,0,0,0,0,0,144,0,3,70,0,15.000,0
0.290000,0.00,0.000,0.000,0,0,0.000,0,0,18.000,39.000,55.000,0,0,0,0,0,0,0,0,0,0,0,144,0,3,70,0,15.000,0
0.295000,0.00,0.000,0.000,0,0,0.000,0,0,18.000,39.000,55.000,0,0,0,0,0,0,0,0,0,0,0,144,0,3,70,0,15.000,0
0.300000,0.00,0.000,0.000,0,0,0.000,0,0,18.000,39.000,55.000,0,0,0,0,0,0,0,0,0,0,0,144,0,3,70,0,15.000,0
0.305000,0.00,0.000,0.000,0,0,0.000,0,0,18.000,39.000,55.000,0,0,0,0,0,0,0,0,0,0,0,144,0,3,70,0,15.000,0
0.310000,0.00,0.000,0.000,0,0,0.000,0,0,18.000,39.000,55.000,0,0,0,0,0,0,0,0,0,0,0,144,0,3,70,0,15.000,0
0.315000,0.00,0.000,0.000,0,0,0.000,0,0,18.000,39.000,55.000,0,0,0,0,0,0,0,0,0,0,0,144,0,3,70,0,15.000,0
0.320000,0.00,0.000,0.000,0,0,0.000,0,0,18.000,39.000,55.000,0,0,0,0,0,0,0,0,0,0,0,144,0,3,70,0,15.000,0
0.325000,0.00,0.000,0.000,0,0,0.000,0,0,18.000,39.000,55.000,0,0,0,0,0,0,0,0,0,0,0,144,0,3,70,0,15.000,0
0.330000,0.00,0.000,0.000,0,0,0.000,0,0,18.000,39.000,55.000,0,0,0,0,0,0,0,0,0,0,0,144,0,3,70,0,15.000,0
0.335000,0.00,0.000,0.000,0,0,0.000,0,0,18.000,39.000,55.000,0,0,0,0,0,0,0,0,0,0,0,144,0,3,70,0,15.000,0
0.340000,0.00,0.000,0.000,0,0,0.000,0,0,18.000,39.000,55.000,0,0,0,0,0,0,0,0,0,0,0,144,0,3,70,0,15.000,0
0.345000,0.00,0.000,0.000,0,0,0.000,0,0,18.000,39.000,55.000,0,0,0,0,0,0,0,0,0,0,0,144,0,3,70,0,15.000,0
0.350000,0.00,0.000,0.000,0,0,0.000,0,0,18.000,39.000,55.000,0,0,0,0,0,0,0,0,0,0,0,144,0,3,70,0,15.000,0
0.355000,0.00,0.000,0.000,0,0,0.000,0,0,18.000,39.000,55.000,0,0,0,0,0,0,0,0,0,0,0,144,0,3,70,0,15.000,0
0.360000,0.00,0.000,0.000,0,0,0.000,0,0,18.000,39.000,55.000,0,0,0,0,0,0,0,0,0,0,0,144,0,3,70,0,15.000,0
0.365000,0.00,0.000,0.000,0,0,0.000,0,0,18.000,39.000,55.000,0,0,0,0,0,0,0,0,0,0,0,144,0,3,70,0,15.000,0
0.370000,0.00,0.000,0.000,0,0,0.000,0,0,18.000,39.000,55.000,0,0,0,0,0,0,0,0,0,0,0,144,0,3,70,0,15.000,0
0.375000,0.00,0.000,0.000,0,0,0.000,0,0,18.000,39.000,55.000,0,0,0,0,0,0,0,0,0,0,0,144,0,3,70,0,15.000,0
0.380000,0.00,0.000,0.000,0,0,0.000,0,0,18.000,39.000,55.000,0,0,0,0,0,0,0,0,0,0,0,144,0,3,70,0,15.000,0
0.385000,0.00,0.000,0.000,0,0,0.000,0,0,18.000,39.000,55.000,0,0,0,0,0,0,0,0,0,0,0,144,0,3,70,0,15.000,0
0.390000,0.00,0.000,0.000,0,0,0.000,0,0,18.000,39.000,55.000,0,0,0,0,0,0,0,0,0,0,0,144,0,3,70,0,15.000,0
0.395000,0.00,0.000,0.000,0,0,0.000,0,0,18.000,39.000,55.000,0,0,0,0,0,0,0,0,0,0,0,144,0,3,70,0,15.000,0
0.400000,0.00,0.000,0.000,0,0,0.000,0,0,18.000,39.000,55.000,0,0,0,0,0,0,0,0,0,0,0,144,0,3,70,0,15.000,0
0.405000,0.00,0.000,0.000,0,0,0.000,0,0,18.000,39.000,55.000,0,0,0,0,0,0,0,0,0,0,0,144,0,3,70,0,15.000,0
0.410000,0.00,0.000,0.000,0,0,0.000,0,0,18.000,39.000,55.000,0,0,0,0,0,0,0,0,0,0,0,144,0,3,70,0,15.000,0
0.415000,0.00,0.000,0.000,0,0,0.000,0,0,18.000,39.000,55.000,0,0,0,0,0,0,0,0,0,0,0,144,0,3,70,0,15.000,0
0.420000,0.00,0.000,0.000,0,0,0.000,0,0,18.000,39.000,55.000,0,0,0,0,0,0,0,0,0,0,0,144,0,3,70,0,15.000,0
0.425000,0.00,0.000,0.000,0,0,0.000,0,0,18.000,39.000,55.000,0,0,0,0,0,0,0,0,0,0,0,144,0,3,70,0,15.000,0
0.430000,0.00,0.000,0.000,0,0,0.000,0,0,18.000,39.000,55.000,0,0,0,0,0,0,0,0,0,0,0,144,0,3,70,0,15.000,0
0.435000,0.00,0.000,0.000,0,0,0.000,0,0,18.000,39.000,55.000,0,0,0,0,0,0,0,0,0,0,0,144,0,3,70,0,15.000,0
0.440000,0.00,0.000,0.000,0,0,0.000,0,0,18.000,39.000,55.000,0,0,0,0,0,0,0,0,0,0,0,144,0,3,70,0,15.000,0
0.445000,0.00,0.000,0.000,0,0,0.000,0,0,18.000,39.000,55.000,0,0,0,0,0,0,0,0,0,0,0,144,0,3,70,0,15.000,0
0.450000,0.00,0.000,0.000,0,0,0.000,0,0,18.000,39.000,55.000,0,0,0,0,0,0,0,0,0,0,0,144,0,3,70,0,15.000,0
0.455000,0.00,0.000,0.000,0,0,0.000,0,0,18.000,39.000,55.000,0,0,0,0,0,0,0,0,0,0,0,144,0,3,70,0,15.000,0
0.460000,0.00,0.000,0.000,0,0,0.000,0,0,18.000,39.000,55.000,0,0,0,0,0,0,0,0,0,0,0,144,0,3,70,0,15.000,0
0.465000,0.00,0.000,0.000,0,0,0.000,0,0,18.000,39.000,55.000,0,0,0,0,0,0,0,0,0,0,0,144,0,3,70,0,15.000,0
0.470000,0.00,0.000,0.000,0,0,0.000,0,0,18.000,39.000,55.000,0,0,0,0,0,0,0,0,0,0,0,144,0,3,70,0,15.000,0
0.475000,0.00,0.000,0.000,0,0,0.000,0,0,18.000,39.000,55.000,0,0,0,0,0,0,0,0,0,0,0,144,0,3,70,0,15.000,0
0.480000,0.00,0.000,0.000,0,0,0.000,0,0,18.000,39.000,55.000,0,0,0,0,0,0,0,0,0,0,0,144,0,3,70,0,15.000,0
0.485000,0.00,0.000,0.000,0,0,0.000,0,0,18.000,39.000,55.000,0,0,0,0,0,0,0,0,0,0,0,144,0,3,70,0,15.000,0
0.490000,0.00,0.000,0.000,0,0,0.000,0,0,18.000,39.000,55.000,0,0,0,0,0,0,0,0,0,0,0,144,0,3,70,0,15.000,0
0.495000,0.00,0.000,0.000,0,0,0.000,0,0,18.000,39.000,55.000,0,0,0,0,0,0,0,0,0,0,0,144,0,3,70,0,15.000,0
0.500000,0.11,15.000,8.990,1,0,72.000,0,0,18.000,39.000,55.000,0,0,0,0,0,0,0,0,0,0,0,16,0,3,70,1,15.000,1
0.505000,2.27,15.000,8.990,27,1,72.000,0,0,18.000,39.000,55.000,0,0,0,0,0,0,0,0,0,0,0,16,0,3,70,1,15.000,1
0.510000,4.43,15.000,8.990,49,2,72.000,0,0,18.000,39.000,55.000,0,0,0,0,0,0,0,0,0,0,0,16,0,3,70,1,15.000,1
0.515000,6.59,15.000,8.990,68,4,72.000,0,0,18.000,39.000,55.000,0,0,0,0,0,0,0,0,0,0,0,16,0,3,70,1,15.000,1
0.520000,8.75,15.000,8.990,84,7,72.000,0,0,18.000,39.000,55.000,0,0,0,160,5,5,0,0,0,0,0,16,0,3,30,1,15.000,1
0.525000,10.91,15.000,8.990,98,11,72.000,0,0,18.000,39.000,55.000,0,0,0,160,7,7,0,0,0,0,0,16,0,3,30,1,15.000,1
0.530000,13.07,15.000,8.990,111,101,72.000,0,0,18.000,39.000,55.000,0,0,0,160,72,72,72,72,72,14,1,0,0,3,30,1,15.000,1
0.535000,15.23,15.000,8.990,121,102,72.000,0,0,18.000,39.000,55.000,0,0,0,160,73,73,73,73,73,31,1,0,0,3,30,1,15.000,1
0.540000,17.39,15.000,8.990,131,103,72.000,0,0,18.000,39.000,55.000,0,0,0,160,74,74,74,74,74,48,1,0,0,3,30,1,15.000,1
0.545000,19.55,15.000,8.990,139,104,72.000,71,71,18.000,39.000,55.000,108,51,82,160,37,37,37,37,37,50,1,0,0,3,30,1,15.000,1
0.550000,21.71,15.000,8.990,146,106,72.000,71,71,18.000,39.000,55.000,108,52,83,160,38,38,38,38,38,38,1,0,0,3,30,1,15.000,1
0.555000,23.87,15.000,8.990,152,107,72.000,71,71,18.000,39.000,55.000,108,52,84,160,38,38,38,38,38,38,1,0,0,3,30,1,15.000,1
0.560000,26.03,15.000,8.990,157,109,72.000,71,71,18.000,39.000,55.000,108,53,86,160,39,39,39,39,39,39,1,0,0,3,30,1,15.000,1
0.565000,28.19,15.000,8.990,161,111,72.000,71,71,18.000,39.000,55.000,108,54,87,160,40,40,40,40,40,40,1,0,0,3,30,1,15.000,1
0.570000,30.35,15.000,8.990,165,113,72.000,71,71,18.000,39.000,55.000,108,55,89,160,40,40,40,40,40,40,1,0,0,3,30,1,15.000,1
0.575000,32.51,15.000,8.990,169,115,72.000,71,71,18.000,39.000,55.000,108,56,91,160,41,41,41,41,41,41,1,0,0,3,30,1,15.000,1
0.580000,34.67,15.000,8.990,172,118,72.000,71,71,18.000,39.000,55.000,108,58,93,160,42,42,42,42,42,42,1,0,0,3,30,1,15.000,1
0.585000,36.83,15.000,8.990,174,120,72.000,71,71,18.000,39.000,55.000,108,59,94,160,43,43,43,43,43,43,1,0,0,3,30,1,15.000,1
0.590000,38.99,15.000,8.990,176,122,72.000,71,71,18.000,39.000,55.000,108,60,96,160,43,43,43,43,43,43,1,0,0,3,30,1,15.000,1
0.595000,41.15,15.000,8.990,178,124,72.000,71,71,18.000,39.000,55.000,108,61,98,160,44,44,44,44,44,44,1,0,0,3,30,1,15.000,1
0.600000,43.31,15.000,8.990,180,126,72.000,71,71,18.000,39.000,55.000,108,62,99,160,45,45,45,45,45,45,1,0,0,3,30,1,15.000,1
0.605000,45.47,15.000,8.990,181,129,72.000,71,71,18.000,39.000,55.000,108,63,101,160,46,46,46,46,46,46,1,0,0,3,30,1,15.000,1
0.610000,47.63,15.000,8.990,183,131,72.000,71,71,18.000,39.000,55.000,108,64,103,160,47,47,47,47,47,47,1,0,0,3,30,1,15.000,1
0.615000,49.79,15.000,8.990,184,133,72.000,71,71,18.000,39.000,55.000,108,65,105,160,48,48,48,48,48,48,1,0,0,3,30,1,15.000,1
0.620000,51.95,15.000,8.990,185,135,72.000,71,71,18.000,39.000,55.000,108,66,106,160,48,48,48,48,48,48,1,0,0,3,30,1,15.000,1
0.625000,54.11,15.000,8.990,185,137,72.000,71,71,18.000,39.000,55.000,108,67,108,160,49,49,49,49,49,49,1,0,0,3,30,1,15.000,1
0.630000,56.27,15.000,8.990,186,139,72.000,71,71,18.000,39.000,55.000,108,68,109,160,50,50,50,50,50,50,1,0,0,3,30,1,15.000,1
0.635000,58.43,15.000,8.990,187,141,72.000,71,71,18.000,39.000,55.000,108,69,111,160,50,50,50,50,50,50,1,0,0,3,30,1,15.000,1
0.640000,60.59,15.000,8.990,187,143,72.000,71,71,18.000,39.000,55.000,108,70,113,160,51,51,51,51,51,51,1,0,0,3,30,1,15.000,1
0.645000,62.75,15.000,8.990,188,144,72.000,71,71,18.000,39.000,55.000,108,71,113,160,51,51,51,51,51,51,1,0,0,3,30,1,15.000,1
0.650000,64.91,15.000,8.990,188,146,72.000,71,71,18.000,39.000,55.000,108,72,115,160,52,52,52,52,52,52,1,0,0,3,30,1,15.000,1
0.655000,67.07,15.000,8.990,188,148,72.000,71,71,18.000,39.000,55.000,108,73,117,160,53,53,53,53,53,53,1,0,0,3,30,1,15.000,1
0.660000,69.23,15.000,8.990,189,150,72.000,71,71,18.000,39.000,55.000,108,74,119,160,54,54,54,54,54,54,1,0,0,3,30,1,15.000,1
0.665000,71.39,15.000,8.990,189,151,72.000,71,71,18.000,39.000,55.000,108,75,120,160,55,55,55,55,55,55,1,0,0,3,30,1,15.000,1
0.670000,73.55,15.000,8.990,189,153,72.000,71,71,18.000,39.000,55.000,108,76,122,160,56,56,56,56,56,56,1,0,0,3,30,1,15.000,1
0.675000,75.71,15.000,8.990,189,154,72.000,71,71,18.000,39.000,55.000,108,77,123,160,56,56,56,56,56,56,1,0,0,3,30,1,15.000,1
0.680000,77.87,15.000,8.990,190,155,72.000,71,71,18.000,39.000,55.000,108,78,124,160,56,56,56,56,56,56,1,0,0,3,30,1,15.000,1
0.685000,80.03,15.000,8.990,190,157,72.000,71,71,18.000,39.000,55.000,108,79,127,160,57,57,57,57,57,57,1,0,0,3,30,1,15.000,1
0.690000,82.19,15.000,8.990,190,158,72.000,71,71,18.000,39.000,55.000,108,79,127,160,58,58,58,58,58,58,1,0,0,3,30,1,15.000,1
0.695000,84.35,15.000,8.990,190,159,72.000,71,71,18.000,39.000,55.000,108,80,129,160,58,58,58,58,58,58,1,0,0,3,30,1,15.000,1
0.700000,86.51,15.000,8.990,190,161,72.000,71,71,18.000,39.000,55.000,108,82,131,160,59,59,59,59,59,59,1,0,0,3,30,1,15.000,1
0.705000,88.67,15.000,8.990,190,162,72.000,71,71,18.000,39.000,55.000,108,82,132,160,60,60,60,60,60,60,1,0,0,3,30,1,15.000,1
0.710000,90.83,15.000,8.990,190,163,72.000,71,71,18.000,39.000,55.000,108,83,133,160,60,60,60,60,60,60,1,0,0,3,30,1,15.000,1
0.715000,92.99,15.000,8.990,190,164,72.000,71,71,18.000,39.000,55.000,108,83,134,160,61,61,61,61,61,61,1,0,0,3,30,1,15.000,1
0.720000,95.15,15.000,8.990,190,165,72.000,71,71,18.000,39.000,55.000,108,84,135,160,61,61,61,61,61,61,1,0,0,3,30,1,15.000,1
0.725000,97.31,15.000,8.990,190,166,72.000,71,71,18.000,39.000,55.000,108,85,136,160,62,62,62,62,62,62,1,0,0,3,30,1,15.000,1
0.730000,99.47,15.000,8.990,191,167,72.000,71,71,18.000,39.000,55.000,108,85,137,160,62,62,62,62,62,62,1,0,0,3,30,1,15.000,1
0.735000,101.63,15.000,8.990,191,168,72.000,71,71,18.000,39.000,55.000,108,86,138,160,63,63,63,63,63,63,1,0,0,3,30,1,15.000,1
0.740000,103.79,15.000,8.990,191,169,72.000,71,71,18.000,39.000,55.000,108,87,139,160,63,63,63,63,63,63,1,0,0,3,30,1,15.000,1
0.745000,105.95,15.000,8.990,191,170,72.000,71,71,18.000,39.000,55.000,108,87,140,160,64,64,64,64,64,64,1,0,0,3,30,1,15.000,1
0.750000,108.11,15.000,8.990,191,171,72.000,71,71,18.000,39.000,55.000,108,88,141,160,64,64,64,64,64,64,1,0,0,3,30,1,15.000,1
0.755000,110.27,15.000,8.990,191,171,72.000,72,71,18.000,39.000,55.000,108,88,141,160,64,64,64,64,64,64,1,0,0,3,30,1,15.000,1
0.760000,112.43,15.000,8.990,191,172,72.000,72,71,18.000,39.000,55.000,108,89,142,160,65,65,65,65,65,65,1,0,0,3,30,1,15.000,1
0.765000,114.59,15.000,8.990,191,173,72.000,72,71,18.000,39.000,55.000,108,89,143,160,65,65,65,65,65,65,1,0,0,3,30,1,15.000,1
0.770000,116.75,15.000,8.990,191,173,72.000,72,71,18.000,39.000,55.000,108,89,143,160,65,65,65,65,65,65,1,0,0,3,30,1,15.000,1
0.775000,118.91,15.000,8.990,191,174,72.000,72,71,18.000,39.000,55.000,108,90,144,160,66,66,66,66,66,66,1,0,0,3,30,1,15.000,1
0.780000,121.07,15.000,8.990,191,175,72.000,72,71,18.000,39.000,55.000,108,91,145,160,66,66,66,66,66,66,1,0,0,3,30,1,15.000,1
0.785000,123.23,15.000,8.990,191,175,72.000,72,71,18.000,39.000,55.000,108,91,145,160,66,66,66,66,66,66,1,0,0,3,30,1,15.000,1
0.790000,125.39,15.000,8.990,191,176,72.000,71,71,18.000,39.000,55.000,108,91,146,160,66,66,66,66,66,66,1,0,0,3,30,1,15.000,1
0.795000,127.55,15.000,8.990,191,177,72.000,71,71,18.000,39.000,55.000,108,92,147,160,67,67,67,67,67,67,1,0,0,3,30,1,15.000,1
0.800000,129.71,15.000,8.990,191,177,72.000,71,71,18.000,39.000,55.000,108,92,147,160,67,67,67,67,67,67,1,0,0,3,30,1,15.000,1
0.805000,131.87,15.000,8.990,191,178,72.000,71,71,18.000,39.000,55.000,108,93,148,160,67,67,67,67,67,67,1,0,0,3,30,1,15.000,1
0.810000,134.03,15.000,8.990,191,178,72.000,71,71,18.000,39.000,55.000,108,93,148,160,67,67,67,67,67,67,1,0,0,3,30,1,15.000,1
0.815000,136.19,15.000,8.990,191,179,72.000,71,71,18.000,39.000,55.000,108,93,149,160,68,68,68,68,68,68,1,0,0,3,30,1,15.000,1
0.820000,138.35,15.000,8.990,191,179,72.000,71,71,18.000,39.000,55.000,108,93,149,160,68,68,68,68,68,68,1,0,0,3,30,1,15.000,1
0.825000,140.51,15.000,8.990,191,180,72.000,71,71,18.000,39.000,55.000,108,94,151,160,68,68,68,68,68,68,1,0,0,3,30,1,15.000,1
0.830000,142.67,15.000,8.990,191,180,72.000,71,71,18.000,39.000,55.000,108,94,151,160,68,68,68,68,68,68,1,0,0,3,30,1,15.000,1
0.835000,144.83,15.000,8.990,191,180,72.000,71,71,18.000,39.000,55.000,108,94,151,160,68,68,68,68,68,68,1,0,0,3,30,1,15.000,1
0.840000,146.99,15.000,8.990,191,181,72.000,71,71,18.000,39.000,55.000,108,95,152,160,69,69,69,69,69,69,1,0,0,3,30,1,15.000,1
0.845000,149.15,15.000,8.990,191,181,72.000,71,71,18.000,39.000,55.000,108,95,152,160,69,69,69,69,69,69,1,0,0,3,30,1,15.000,1
0.850000,151.31,15.000,8.990,191,182,72.000,71,71,18.000,39.000,55.000,108,95,153,160,69,69,69,69,69,69,1,0,0,3,30,1,15.000,1
0.855000,153.47,15.000,8.990,191,182,72.000,71,71,18.000,39.000,55.000,108,95,153,160,69,69,69,69,69,69,1,0,0,3,30,1,15.000,1
0.860000,155.63,15.000,8.990,191,182,72.000,71,71,18.000,39.000,55.000,108,95,153,160,69,69,69,69,69,69,1,0,0,3,30,1,15.000,1
0.865000,157.79,15.000,8.990,191,183,72.000,71,71,18.000,39.000,55.000,108,96,154,160,70,70,70,70,70,70,1,0,0,3,30,1,15.000,1
0.870000,159.95,15.000,8.990,191,183,72.000,71,71,18.000,39.000,55.000,108,96,154,160,70,70,70,70,70,70,1,0,0,3,30,1,15.000,1
0.875000,162.11,15.000,8.990,191,183,72.000,71,71,18.000,39.000,55.000,108,96,154,160,70,70,70,70,70,70,1,0,0,3,30,1,15.000,1
0.880000,164.27,15.000,8.990,191,183,72.000,71,71,18.000,39.000,55.000,108,96,154,160,70,70,70,70,70,70,1,0,0,3,30,1,15.000,1
0.885000,166.43,15.000,8.990,191,184,72.000,71,71,18.000,39.000,55.000,108,97,155,160,70,70,70,70,70,70,1,0,0,3,30,1,15.000,1
0.890000,168.59,15.000,8.990,191,184,72.000,71,71,18.000,39.000,55.000,108,97,155,160,70,70,70,70,70,70,1,0,0,3,30,1,15.000,1
0.895000,170.75,15.000,8.990,191,184,72.000,71,71,18.000,39.000,55.000,108,97,155,160,70,70,70,70,70,70,1,0,0,3,30,1,15.000,1
0.900000,172.91,15.000,8.990,191,184,72.000,71,71,18.000,39.000,55.000,108,97,155,160,70,70,70,70,70,70,1,0,0,3,30,1,15.000,1
0.905000,175.07,15.000,8.990,191,185,72.000,71,71,18.000,39.000,55.000,108,97,156,160,71,71,71,71,71,71,1,0,0,3,30,1,15.000,1
0.910000,177.23,15.000,8.990,191,185,72.000,71,71,18.000,39.000,55.000,108,97,156,160,71,71,71,71,71,71,1,0,0,3,30,1,15.000,1
0.915000,179.39,15.000,8.990,191,185,72.000,71,71,18.000,39.000,55.000,108,97,156,160,71,71,71,71,71,71,1,0,0,3,30,1,15.000,1
0.920000,181.55,15.000,8.990,191,185,72.000,71,71,18.000,39.000,55.000,108,97,156,160,71,71,71,71,71,71,1,0,0,3,30,1,15.000,1
0.925000,183.71,15.000,8.990,191,186,72.000,71,71,18.000,39.000,55.000,108,98,157,160,71,71,71,71,71,71,1,0,0,3,30,1,15.000,1
0.930000,185.87,15.000,8.990,191,186,72.000,71,71,18.000,39.000,55.000,108,98,157,160,71,71,71,71,71,71,1,0,0,3,30,1,15.000,1
0.935000,188.03,15.000,8.990,191,186,72.000,71,71,18.000,39.000,55.000,108,98,157,160,71,71,71,71,71,71,1,0,0,3,30,1,15.000,1
0.940000,190.19,15.000,8.990,191,186,72.000,71,71,18.000,39.000,55.000,108,98,157,160,71,71,71,71,71,71,1,0,0,3,30,1,15.000,1
0.945000,192.35,15.000,8.990,191,186,72.000,71,71,18.000,39.000,55.000,108,98,157,160,71,71,71,71,71,71,1,0,0,3,30,1,15.000,1
0.950000,194.51,15.000,8.990,191,186,72.000,71,71,18.000,39.000,55.000,108,98,157,160,71,71,71,71,71,71,1,0,0,3,30,1,15.000,1
0.955000,196.67,15.000,8.990,191,186,72.000,71,71,18.000,39.000,55.000,108,98,157,160,71,71,71,71,71,71,1,0,0,3,30,1,15.000,1
0.960000,198.83,15.000,8.990,191,187,72.000,71,71,18.000,39.000,55.000,108,98,158,160,72,72,72,72,72,72,1,0,0,3,30,1,15.000,1
0.965000,200.99,15.000,8.990,191,187,72.000,71,71,18.000,39.000,55.000,108,98,158,160,72,72,72,72,72,72,1,0,0,3,30,1,15.000,1
0.970000,203.15,15.000,8.990,191,187,72.000,71,71,18.000,39.000,55.000,108,98,158,160,72,72,72,72,72,72,1,0,0,3,30,1,15.000,1
0.975000,205.31,15.000,8.990,191,187,72.000,71,71,18.000,39.000,55.000,108,98,158,160,72,72,72,72,72,72,1,0,0,3,30,1,15.000,1
0.980000,207.47,15.000,8.990,191,187,72.000,71,71,18.000,39.000,55.000,108,98,158,160,72,72,72,72,72,72,1,0,0,3,30,1,15.000,1
0.985000,209.63,15.000,8.990,191,187,72.000,71,71,18.000,39.000,55.000,108,98,158,160,72,72,72,72,72,72,1,0,0,3,30,1,15.000,1
0.990000,211.79,15.000,8.990,191,187,72.000,71,71,18.000,39.000,55.000,108,98,158,160,72,72,72,72,72,72,1,0,0,3,30,1,15.000,1
0.995000,213.95,15.000,8.990,191,187,72.000,71,71,18.000,39.000,55.000,108,98,158,160,72,72,72,72,72,72,1,0,0,3,30,1,15.000,1
1.000000,216.11,15.000,8.990,191,188,72.000,71,71,18.000,39.000,55.000,108,99,159,160,72,72,72,72,72,72,1,0,0,3,30,1,15.000,1
1.005000,218.27,15.000,8.990,191,188,72.000,71,71,18.000,39.000,55.000,108,99,159,160,72,72,72,72,72,72,1,0,0,3,30,1,15.000,1
1.010000,220.43,15.000,8.990,191,188,72.000,71,71,18.000,39.000,55.000,108,99,159,160,72,72,72,72,72,72,1,0,0,3,30,1,15.000,1
1.015000,222.59,15.000,8.990,191,188,72.000,71,71,18.000,39.000,55.000,108,99,159,160,72,72,72,72,72,72,1,0,0,3,30,1,15.000,1
1.020000,224.75,15.000,8.990,191,188,72.000,71,71,18.000,39.000,55.000,108,99,159,160,72,72,72,72,72,72,1,0,0,3,30,1,15.000,1
1.025000,226.91,15.000,8.990,191,188,72.000,71,71,18.000,39.000,55.000,108,99,159,160,72,72,72,72,72,72,1,0,0,3,30,1,15.000,1
1.030000,229.07,15.000,8.990,191,188,72.000,71,71,18.000,39.000,55.000,108,99,159,160,72,72,72,72,72,72,1,0,0,3,30,1,15.000,1
1.035000,231.23,15.000,8.990,191,188,72.000,71,71,18.000,39.000,55.000,108,99,159,160,72,72,72,72,72,72,1,0,0,3,30,1,15.000,1
1.040000,233.39,15.000,8.990,191,188,72.000,71,71,18.000,39.000,55.000,108,99,159,160,72,72,72,72,72,72,1,0,0,3,30,1,15.000,1
1.045000,235.55,15.000,8.990,191,188,72.000,71,71,18.000,39.000,55.000,108,99,159,160,72,72,72,72,72,72,1,0,0,3,30,1,15.000,1
1.050000,237.71,15.000,8.990,191,188,72.000,71,71,18.000,39.000,55.000,108,99,159,160,72,72,72,72,72,72,1,0,0,3,30,1,15.000,1
1.055000,239.87,15.000,8.990,191,188,72.000,71,71,18.000,39.000,55.000,108,99,159,160,72,72,72,72,72,72,1,0,0,3,30,1,15.000,1
1.060000,242.03,15.000,8.990,191,188,72.000,71,71,18.000,39.000,55.000,108,99,159,160,72,72,72,72,72,72,1,0,0,3,30,1,15.000,1
1.065000,244.19,15.000,8.990,191,189,72.000,72,71,18.000,39.000,55.000,108,100,160,160,73,73,73,73,73,73,1,0,0,3,30,1,15.000,1
1.070000,246.35,15.000,8.990,191,189,72.000,72,71,18.000,39.000,55.000,108,100,160,160,73,73,73,73,73,73,1,0,0,3,30,1,15.000,1
1.075000,248.51,15.000,8.990,191,189,72.000,72,71,18.000,39.000,55.000,108,100,160,160,73,73,73,73,73,73,1,0,0,3,30,1,15.000,1
1.080000,250.67,15.000,8.990,191,189,72.000,72,71,18.000,39.000,55.000,108,100,160,160,73,73,73,73,73,73,1,0,0,3,30,1,15.000,1
1.085000,252.83,15.000,8.990,191,189,72.000,72,71,18.000,39.000,55.000,108,100,160,160,73,73,73,73,73,73,1,0,0,3,30,1,15.000,1
1.090000,254.99,15.000,8.990,191,189,72.000,72,71,18.000,39.000,55.000,108,100,160,160,73,73,73,73,73,73,1,0,0,3,30,1,15.000,1
1.095000,257.15,15.000,8.990,191,189,72.000,72,71,18.000,39.000,55.000,108,100,160,160,73,73,73,73,73,73,1,0,0,3,30,1,15.000,1
1.100000,259.31,15.000,8.990,191,189,72.000,71,71,18.000,39.000,55.000,108,100,160,160,73,73,73,73,73,73,1,0,0,3,30,1,15.000,1
1.105000,261.47,15.000,8.990,191,189,72.000,71,71,18.000,39.000,55.000,108,100,160,160,73,73,73,73,73,73,1,0,0,3,30,1,15.000,1
1.110000,263.63,15.000,8.990,191,189,72.000,71,71,18.000,39.000,55.000,108,100,160,160,73,73,73,73,73,73,1,0,0,3,30,1,15.000,1
1.115000,265.79,15.000,8.990,191,189,72.000,71,71,18.000,39.000,55.000,108,100,160,160,73,73,73,73,73,73,1,0,0,3,30,1,15.000,1
1.120000,267.95,15.000,8.990,191,189,72.000,71,71,18.000,39.000,55.000,108,100,160,160,73,73,73,73,73,73,1,0,0,3,30,1,15.000,1
1.125000,270.11,15.000,8.990,191,190,72.000,71,71,18.000,39.000,55.000,108,100,161,160,73,73,73,73,73,73,1,0,0,3,30,1,15.000,1
1.130000,272.27,15.000,8.990,191,190,72.000,71,71,18.000,39.000,55.000,108,100,161,160,73,73,73,73,73,73,1,0,0,3,30,1,15.000,1
1.135000,274.43,15.000,8.990,191,190,72.000,71,71,18.000,39.000,55.000,108,100,161,160,73,73,73,73,73,73,1,0,0,3,30,1,15.000,1
1.140000,276.59,15.000,8.990,191,190,72.000,71,71,18.000,39.000,55.000,108,100,161,160,73,73,73,73,73,73,1,0,0,3,30,1,15.000,1
1.145000,278.75,15.000,8.990,191,190,72.000,71,71,18.000,39.000,55.000,108,100,161,160,73,73,73,73,73,73,1,0,0,3,30,1,15.000,1
1.150000,280.91,15.000,8.990,191,190,72.000,71,71,18.000,39.000,55.000,108,100,161,160,73,73,73,73,73,73,1,0,0,3,30,1,15.000,1
1.155000,283.07,15.000,8.990,191,190,72.000,71,71,18.000,39.000,55.000,108,100,161,160,73,73,73,73,73,73,1,0,0,3,30,1,15.000,1
1.160000,285.23,15.000,8.990,191,190,72.000,71,71,18.000,39.000,55.000,108,100,161,160,73,73,73,73,73,73,1,0,0,3,30,1,15.000,1
1.165000,287.39,15.000,8.990,191,190,72.000,71,71,18.000,39.000,55.000,108,100,161,160,73,73,73,73,73,73,1,0,0,3,30,1,15.000,1
1.170000,289.55,15.000,8.990,191,190,72.000,71,71,18.000,39.000,55.000,108,100,161,160,73,73,73,73,73,73,1,0,0,3,30,1,15.000,1
1.175000,291.71,15.000,8.990,191,190,72.000,71,71,18.000,39.000,55.000,108,100,161,160,73,73,73,73,73,73,1,0,0,3,30,1,15.000,1
1.180000,293.87,15.000,8.990,191,190,72.000,71,71,18.000,39.000,55.000,108,100,161,160,73,73,73,73,73,73,1,0,0,3,30,1,15.000,1
1.185000,296.03,15.000,8.990,191,190,72.000,71,71,18.000,39.000,55.000,108,100,161,160,73,73,73,73,73,73,1,0,0,3,30,1,15.000,1
1.190000,298.19,15.000,8.990,191,191,72.000,71,71,18.000,39.000,55.000,108,101,162,160,74,74,74,74,74,74,1,0,0,3,30,1,15.000,1
1.195000,300.35,15.000,8.990,191,191,72.000,71,71,18.000,39.000,55.000,108,101,162,160,74,74,74,74,74,74,1,0,0,3,30,1,15.000,1
1.200000,302.51,15.000,8.990,191,191,72.000,71,71,18.000,39.000,55.000,108,101,162,160,74,74,74,74,74,74,1,0,0,3,30,1,15.000,1
1.205000,304.67,15.000,8.990,191,191,72.000,71,71,18.000,39.000,55.000,108,101,162,160,74,74,74,74,74,74,1,0,0,3,30,1,15.000,1
1.210000,306.83,15.000,8.990,191,191,72.000,71,71,18.000,39.000,55.000,108,101,162,160,74,74,74,74,74,74,1,0,0,3,30,1,15.000,1
1.215000,308.99,15.000,8.990,191,191,72.000,71,71,18.000,39.000,55.000,108,101,162,160,74,74,74,74,74,74,1,0,0,3,30,1,15.000,1
1.220000,311.15,15.000,8.990,191,191,72.000,71,71,18.000,39.000,55.000,108,101,162,160,74,74,74,74,74,74,1,0,0,3,30,1,15.000,1
1.225000,313.31,15.000,8.990,191,191,72.000,71,71,18.000,39.000,55.000,108,101,162,160,74,74,74,74,74,74,1,0,0,3,30,1,15.000,1
1.230000,315.47,15.000,8.990,191,191,72.000,71,71,18.000,39.000,55.000,108,101,162,160,74,74,74,74,74,74,1,0,0,3,30,1,15.000,1
1.235000,317.63,15.000,8.990,191,191,72.000,71,71,18.000,39.000,55.000,108,101,162,160,74,74,74,74,74,74,1,0,0,3,30,1,15.000,1
1.240000,319.79,15.000,8.990,191,191,72.000,71,71,18.000,39.000,55.000,108,101,162,160,74,74,74,74,74,74,1,0,0,3,30,1,15.000,1
1.245000,321.95,15.000,8.990,191,191,72.000,71,71,18.000,39.000,55.000,108,101,162,160,74,74,74,74,74,74,1,0,0,3,30,1,15.000,1
1.250000,324.11,15.000,8.990,191,191,72.000,71,71,18.000,39.000,55.000,108,101,162,160,74,74,74,74,74,74,1,0,0,3,30,1,15.000,1
1.255000,326.27,15.000,8.990,191,191,72.000,71,71,18.000,39.000,55.000,108,101,162,160,74,74,74,74,74,74,1,0,0,3,30,1,15.000,1
1.260000,328.43,15.000,8.990,191,191,72.000,71,71,18.000,39.000,55.000,108,101,162,160,74,74,74,74,74,74,1,0,0,3,30,1,15.000,1
1.265000,330.59,15.000,8.990,191,191,72.000,71,71,18.000,39.000,55.000,108,101,162,160,74,74,74,74,74,74,1,0,0,3,30,1,15.000,1
1.270000,332.75,15.000,8.990,191,191,72.000,71,71,18.000,39.000,55.000,108,101,162,160,74,74,74,74,74,74,1,0,0,3,30,1,15.000,1
1.275000,334.91,15.000,8.990,191,191,72.000,71,71,18.000,39.000,55.000,108,101,162,160,74,74,74,74,74,74,1,0,0,3,30,1,15.000,1
1.280000,337.07,15.000,8.990,191,191,72.000,71,71,18.000,39.000,55.000,108,101,162,160,74,74,74,74,74,74,1,0,0,3,30,1,15.000,1
1.285000,339.23,15.000,8.990,191,191,72.000,71,71,18.000,39.000,55.000,108,101,162,160,74,74,74,74,74,74,1,0,0,3,30,1,15.000,1
1.290000,341.39,15.000,8.990,191,191,72.000,71,71,18.000,39.000,55.000,108,101,162,160,74,74,74,74,74,74,1,0,0,3,30,1,15.000,1
1.295000,343.55,15.000,8.990,191,191,72.000,71,71,18.000,39.000,55.000,108,101,162,160,74,74,74,74,74,74,1,0,0,3,30,1,15.000,1
1.300000,345.71,15.000,8.990,191,191,72.000,71,71,18.000,39.000,55.000,108,101,162,160,74,74,74,74,74,74,1,0,0,3,30,1,15.000,1
1.305000,347.87,15.000,8.990,191,191,72.000,71,71,18.000,39.000,55.000,108,101,162,160,74,74,74,74,74,74,1,0,0,3,30,1,15.000,1
1.310000,350.03,15.000,8.990,191,191,72.000,71,71,18.000,39.000,55.000,108,101,162,160,74,74,74,74,74,74,1,0,0,3,30,1,15.000,1
1.315000,352.19,15.000,8.990,191,191,72.000,71,71,18.000,39.000,55.000,108,101,162,160,74,74,74,74,74,74,1,0,0,3,30,1,15.000,1
1.320000,354.35,15.000,8.990,191,191,72.000,71,71,18.000,39.000,55.000,108,101,162,160,74,74,74,74,74,74,1,0,0,3,30,1,15.000,1
1.325000,356.51,15.000,8.990,191,191,72.000,71,71,18.000,39.000,55.000,108,101,162,160,74,74,74,74,74,74,1,0,0,3,30,1,15.000,1
1.330000,358.67,15.000,8.990,191,191,72.000,71,71,18.000,39.000,55.000,108,101,162,160,74,74,74,74,74,74,1,0,0,3,30,1,15.000,1
1.335000,0.83,15.000,8.990,191,191,72.000,71,71,18.000,39.000,55.000,108,101,162,160,74,74,74,74,74,74,1,0,0,3,30,1,15.000,1
1.340000,2.99,15.000,8.990,191,191,72.000,71,71,18.000,39.000,55.000,108,101,162,160,74,74,74,74,74,74,1,0,0,3,30,1,15.000,1
1.345000,5.15,15.000,8.990,191,191,72.000,71,71,18.000,39.000,55.000,108,101,162,160,74,74,74,74,74,74,1,0,0,3,30,1,15.000,1
1.350000,7.31,15.000,8.990,191,191,72.000,71,71,18.000,39.000,55.000,108,101,162,160,74,74,74,74,74,74,1,0,0,3,30,1,15.000,1
1.355000,9.47,15.000,8.990,191,191,72.000,71,71,18.000,39.000,55.000,108,101,162,160,74,74,74,74,74,74,1,0,0,3,30,1,15.000,1
1.360000,11.63,15.000,8.990,191,191,72.000,71,71,18.000,39.000,55.000,108,101,162,160,74,74,74,74,74,74,1,0,0,3,30,1,15.000,1
1.365000,13.79,15.000,8.990,191,191,72.000,71,71,18.000,39.000,55.000,108,101,162,160,74,74,74,74,74,74,1,0,0,3,30,1,15.000,1
1.370000,15.95,15.000,8.990,191,191,72.000,71,71,18.000,39.000,55.000,108,101,162,160,74,74,74,74,74,74,1,0,0,3,30,1,15.000,1
1.375000,18.11,15.000,8.990,191,191,72.000,71,71,18.000,39.000,55.000,108,101,162,160,74,74,74,74,74,74,1,0,0,3,30,1,15.000,1
1.380000,20.27,15.000,8.990,191,191,72.000,72,71,18.000,39.000,55.000,108,101,162,160,74,74,74,74,74,74,1,0,0,3,30,1,15.000,1
1.385000,22.43,15.000,8.990,191,191,72.000,72,71,18.000,39.000,55.000,108,101,162,160,74,74,74,74,74,74,1,0,0,3,30,1,15.000,1
1.390000,24.59,15.000,8.990,191,191,72.000,72,71,18.000,39.000,55.000,108,101,162,160,74,74,74,74,74,74,1,0,0,3,30,1,15.000,1
1.395000,26.75,15.000,8.990,191,191,72.000,72,71,18.000,39.000,55.000,108,101,162,160,74,74,74,74,74,74,1,0,0,3,30,1,15.000,1
1.400000,28.91,15.000,8.990,191,191,72.000,72,71,18.000,39.000,55.000,108,101,162,160,74,74,74,74,74,74,1,0,0,3,30,1,15.000,1
1.405000,31.07,15.000,8.990,191,191,72.000,72,71,18.000,39.000,55.000,108,101,162,160,74,74,74,74,74,74,1,0,0,3,30,1,15.000,1
1.410000,33.23,15.000,8.990,191,191,72.000,72,71,18.000,39.000,55.000,108,101,162,160,74,74,74,74,74,74,1,0,0,3,30,1,15.000,1
1.415000,35.39,15.000,8.990,191,191,72.000,71,71,18.000,39.000,55.000,108,101,162,160,74,74,74,74,74,74,1,0,0,3,30,1,15.000,1
1.420000,37.55,15.000,8.990,191,191,72.000,71,71,18.000,39.000,55.000,108,101,162,160,74,74,74,74,74,74,1,0,0,3,30,1,15.000,1
1.425000,39.71,15.000,8.990,191,191,72.000,71,71,18.000,39.000,55.000,108,101,162,160,74,74,74,74,74,74,1,0,0,3,30,1,15.000,1
1.430000,41.87,15.000,8.990,191,191,72.000,71,71,18.000,39.000,55.000,108,101,162,160,74,74,74,74,74,74,1,0,0,3,30,1,15.000,1
1.435000,44.03,15.000,8.990,191,191,72.000,71,71,18.000,39.000,55.000,108,101,162,160,74,74,74,74,74,74,1,0,0,3,30,1,15.000,1
1.440000,46.19,15.000,8.990,191,191,72.000,71,71,18.000,39.000,55.000,108,101,162,160,74,74,74,74,74,74,1,0,0,3,30,1,15.000,1
1.445000,48.35,15.000,8.990,191,191,72.000,71,71,18.000,39.000,55.000,108,101,162,160,74,74,74,74,74,74,1,0,0,3,30,1,15.000,1
1.450000,50.51,15.000,8.990,191,191,72.000,71,71,18.000,39.000,55.000,108,101,162,160,74,74,74,74,74,74,1,0,0,3,30,1,15.000,1
1.455000,52.67,15.000,8.990,191,191,72.000,71,71,18.000,39.000,55.000,108,101,162,160,74,74,74,74,74,74,1,0,0,3,30,1,15.000,1
1.460000,54.83,15.000,8.990,191,191,72.000,71,71,18.000,39.000,55.000,108,101,162,160,74,74,74,74,74,74,1,0,0,3,30,1,15.000,1
1.465000,56.99,15.000,8.990,191,191,72.000,71,71,18.000,39.000,55.000,108,101,162,160,74,74,74,74,74,74,1,0,0,3,30,1,15.000,1
1.470000,59.15,15.000,8.990,191,191,72.000,71,71,18.000,39.000,55.000,108,101,162,160,74,74,74,74,74,74,1,0,0,3,30,1,15.000,1
1.475000,61.31,15.000,8.990,191,191,72.000,71,71,18.000,39.000,55.000,108,101,162,160,74,74,74,74,74,74,1,0,0,3,30,1,15.000,1
1.480000,63.47,15.000,8.990,191,191,72.000,71,71,18.000,39.000,55.000,108,101,162,160,74,74,74,74,74,74,1,0,0,3,30,1,15.000,1
1.485000,65.63,15.000,8.990,191,191,72.000,71,71,18.000,39.000,55.000,108,101,162,160,74,74,74,74,74,74,1,0,0,3,30,1,15.000,1
1.490000,67.79,15.000,8.990,191,191,72.000,71,71,18.000,39.000,55.000,108,101,162,160,74,74,74,74,74,74,1,0,0,3,30,1,15.000,1
1.495000,69.95,15.000,8.990,191,191,72.000,71,71,18.000,39.000,55.000,108,101,162,160,74,74,74,74,74,74,1,0,0,3,30,1,15.000,1
1.500000,72.11,15.000,8.990,191,191,72.000,71,71,18.000,39.000,55.000,108,101,162,160,74,74,74,74,74,74,1,0,0,3,30,1,15.000,1
1.505000,74.27,15.000,8.990,191,191,72.000,71,71,18.000,39.000,55.000,108,101,162,160,74,74,74,74,74,74,1,0,0,3,30,1,15.000,1
1.510000,76.43,15.000,8.990,191,191,72.000,71,71,18.000,39.000,55.000,108,101,162,160,74,74,74,74,74,74,1,0,0,3,30,1,15.000,1
1.515000,78.59,15.000,8.990,191,191,72.000,71,71,18.000,39.000,55.000,108,101,162,160,74,74,74,74,74,74,1,0,0,3,30,1,15.000,1
1.520000,80.75,15.000,8.990,191,191,72.000,71,71,18.000,39.000,55.000,108,101,162,160,74,74,74,74,74,74,1,0,0,3,30,1,15.000,1
1.525000,82.91,15.000,8.990,191,191,72.000,71,71,18.000,39.000,55.000,108,101,162,160,74,74,74,74,74,74,1,0,0,3,30,1,15.000,1
1.530000,85.07,15.000,8.990,191,191,72.000,71,71,18.000,39.000,55.000,108,101,162,160,74,74,74,74,74,74,1,0,0,3,30,1,15.000,1
1.535000,87.23,15.000,8.990,191,191,72.000,71,71,18.000,39.000,55.000,108,101,162,160,74,74,74,74,74,74,1,0,0,3,30,1,15.000,1
1.540000,89.39,15.000,8.990,191,191,72.000,71,71,18.000,39.000,55.000,108,101,162,160,74,74,74,74,74,74,1,0,0,3,30,1,15.000,1
1.545000,91.55,15.000,8.990,191,191,72.000,71,71,18.000,39.000,55.000,108,101,162,160,74,74,74,74,74,74,1,0,0,3,30,1,15.000,1
1.550000,93.71,15.000,8.990,191,191,72.000,71,71,18.000,39.000,55.000,108,101,162,160,74,74,74,74,74,74,1,0,0,3,30,1,15.000,1
1.555000,95.87,15.000,8.990,191,191,72.000,71,71,18.000,39.000,55.000,108,101,162,160,74,74,74,74,74,74,1,0,0,3,30,1,15.000,1
1.560000,98.03,15.000,8.990,191,191,72.000,71,71,18.000,39.000,55.000,108,101,162,160,74,74,74,74,74,74,1,0,0,3,30,1,15.000,1
1.565000,100.19,15.000,8.990,191,191,72.000,71,71,18.000,39.000,55.000,108,101,162,160,74,74,74,74,74,74,1,0,0,3,30,1,15.000,1
1.570000,102.35,15.000,8.990,191,191,72.000,71,71,18.000,39.000,55.000,108,101,162,160,74,74,74,74,74,74,1,0,0,3,30,1,15.000,1
1.575000,104.51,15.000,8.990,191,191,72.000,71,71,18.000,39.000,55.000,108,101,162,160,74,74,74,74,74,74,1,0,0,3,30,1,15.000,1
1.580000,106.67,15.000,8.990,191,191,72.000,71,71,18.000,39.000,55.000,108,101,162,160,74,74,74,74,74,74,1,0,0,3,30,1,15.000,1
1.585000,108.83,15.000,8.990,191,191,72.000,71,71,18.000,39.000,55.000,108,101,162,160,74,74,74,74,74,74,1,0,0,3,30,1,15.000,1
1.590000,110.99,15.000,8.990,191,191,72.000,71,71,18.000,39.000,55.000,108,101,162,160,74,74,74,74,74,74,1,0,0,3,30,1,15.000,1
1.595000,113.15,15.000,8.990,191,191,72.000,71,71,18.000,39.000,55.000,108,101,162,160,74,74,74,74,74,74,1,0,0,3,30,1,15.000,1
1.600000,115.31,15.000,8.990,191,191,72.000,71,71,18.000,39.000,55.000,108,101,162,160,74,74,74,74,74,74,1,0,0,3,30,1,15.000,1
1.605000,117.47,15.000,8.990,191,191,72.000,71,71,18.000,39.000,55.000,108,101,162,160,74,74,74,74,74,74,1,0,0,3,30,1,15.000,1
1.610000,119.63,15.000,8.990,191,191,72.000,71,71,18.000,39.000,55.000,108,101,162,160,74,74,74,74,74,74,1,0,0,3,30,1,15.000,1
1.615000,121.79,15.000,8.990,191,191,72.000,71,71,18.000,39.000,55.000,108,101,162,160,74,74,74,74,74,74,1,0,0,3,30,1,15.000,1
1.620000,123.95,15.000,8.990,191,191,72.000,71,71,18.000,39.000,55.000,108,101,162,160,74,74,74,74,74,74,1,0,0,3,30,1,15.000,1
1.625000,126.11,15.000,8.990,191,191,72.000,71,71,18.000,39.000,55.000,108,101,162,160,74,74,74,74,74,74,1,0,0,3,30,1,15.000,1
1.630000,128.27,15.000,8.990,191,191,72.000,71,71,18.000,39.000,55.000,108,101,162,160,74,74,74,74,74,74,1,0,0,3,30,1,15.000,1
1.635000,130.43,15.000,8.990,191,191,72.000,71,71,18.000,39.000,55.000,108,101,162,160,74,74,74,74,74,74,1,0,0,3,30,1,15.000,1
1.640000,132.59,15.000,8.990,191,191,72.000,71,71,18.000,39.000,55.000,108,101,162,160,74,74,74,74,74,74,1,0,0,3,30,1,15.000,1
1.645000,134.75,15.000,8.990,191,191,72.000,71,71,18.000,39.000,55.000,108,101,162,160,74,74,74,74,74,74,1,0,0,3,30,1,15.000,1
1.650000,136.91,15.000,8.990,191,191,72.000,71,71,18.000,39.000,55.000,108,101,162,160,74,74,74,74,74,74,1,0,0,3,30,1,15.000,1
1.655000,139.07,15.000,8.990,191,191,72.000,71,71,18.000,39.000,55.000,108,101,162,160,74,74,74,74,74,74,1,0,0,3,30,1,15.000,1
1.660000,141.23,15.000,8.990,191,191,72.000,71,71,18.000,39.000,55.000,108,101,162,160,74,74,74,74,74,74,1,0,0,3,30,1,15.000,1
1.665000,143.39,15.000,8.990,191,191,72.000,71,71,18.000,39.000,55.000,108,101,162,160,74,74,74,74,74,74,1,0,0,3,30,1,15.000,1
1.670000,145.55,15.000,8.990,191,191,72.000,71,71,18.000,39.000,55.000,108,101,162,160,74,74,74,74,74,74,1,0,0,3,30,1,15.000,1
1.675000,147.71,15.000,8.990,191,191,72.000,71,71,18.000,39.000,55.000,108,101,162,160,74,74,74,74,74,74,1,0,0,3,30,1,15.000,1
1.680000,149.87,15.000,8.990,191,191,72.000,71,71,18.000,39.000,55.000,108,101,162,160,74,74,74,74,74,74,1,0,0,3,30,1,15.000,1
1.685000,152.03,15.000,8.990,191,191,72.000,71,71,18.000,39.000,55.000,108,101,162,160,74,74,74,74,74,74,1,0,0,3,30,1,15.000,1
1.690000,154.19,15.000,8.990,191,191,72.000,72,71,18.000,39.000,55.000,108,101,162,160,74,74,74,74,74,74,1,0,0,3,30,1,15.000,1
1.695000,156.35,15.000,8.990,191,191,72.000,72,71,18.000,39.000,55.000,108,101,162,160,74,74,74,74,74,74,1,0,0,3,30,1,15.000,1
1.700000,158.51,15.000,8.990,191,191,72.000,72,71,18.000,39.000,55.000,108,101,162,160,74,74,74,74,74,74,1,0,0,3,30,1,15.000,1
1.705000,160.67,15.000,8.990,191,191,72.000,72,71,18.000,39.000,55.000,108,101,162,160,74,74,74,74,74,74,1,0,0,3,30,1,15.000,1
1.710000,162.83,15.000,8.990,191,191,72.000,72,71,18.000,39.000,55.000,108,101,162,160,74,74,74,74,74,74,1,0,0,3,30,1,15.000,1
1.715000,164.99,15.000,8.990,191,191,72.000,72,71,18.000,39.000,55.000,108,101,162,160,74,74,74,74,74,74,1,0,0,3,30,1,15.000,1
1.720000,167.15,15.000,8.990,191,191,72.000,72,71,18.000,39.000,55.000,108,101,162,160,74,74,74,74,74,74,1,0,0,3,30,1,15.000,1
1.725000,169.31,15.000,8.990,191,191,72.000,71,71,18.000,39.000,55.000,108,101,162,160,74,74,74,74,74,74,1,0,0,3,30,1,15.000,1
1.730000,171.47,15.000,8.990,191,191,72.000,71,71,18.000,39.000,55.000,108,101,162,160,74,74,74,74,74,74,1,0,0,3,30,1,15.000,1
1.735000,173.63,15.000,8.990,191,191,72.000,71,71,18.000,39.000,55.000,108,101,162,160,74,74,74,74,74,74,1,0,0,3,30,1,15.000,1
1.740000,175.79,15.000,8.990,191,191,72.000,71,71,18.000,39.000,55.000,108,101,162,160,74,74,74,74,74,74,1,0,0,3,30,1,15.000,1
1.745000,177.95,15.000,8.990,191,191,72.000,71,71,18.000,39.000,55.000,108,101,162,160,74,74,74,74,74,74,1,0,0,3,30,1,15.000,1
1.750000,180.11,15.000,8.990,191,191,72.000,71,71,18.000,39.000,55.000,108,101,162,160,74,74,74,74,74,74,1,0,0,3,30,1,15.000,1
1.755000,182.27,15.000,8.990,191,191,72.000,71,71,18.000,39.000,55.000,108,101,162,160,74,74,74,74,74,74,1,0,0,3,30,1,15.000,1
1.760000,184.43,15.000,8.990,191,191,72.000,71,71,18.000,39.000,55.000,108,101,162,160,74,74,74,74,74,74,1,0,0,3,30,1,15.000,1
1.765000,186.59,15.000,8.990,191,191,72.000,71,71,18.000,39.000,55.000,108,101,162,160,74,74,74,74,74,74,1,0,0,3,30,1,15.000,1
1.770000,188.75,15.000,8.990,191,191,72.000,71,71,18.000,39.000,55.000,108,101,162,160,74,74,74,74,74,74,1,0,0,3,30,1,15.000,1
1.775000,190.91,15.000,8.990,191,191,72.000,71,71,18.000,39.000,55.000,108,101,162,160,74,74,74,74,74,74,1,0,0,3,30,1,15.000,1
1.780000,193.07,15.000,8.990,191,191,72.000,71,71,18.000,39.000,55.000,108,101,162,160,74,74,74,74,74,74,1,0,0,3,30,1,15.000,1
1.785000,195.23,15.000,8.990,191,191,72.000,71,71,18.000,39.000,55.000,108,101,162,160,74,74,74,74,74,74,1,0,0,3,30,1,15.000,1
1.790000,197.39,15.000,8.990,191,191,72.000,71,71,18.000,39.000,55.000,108,101,162,160,74,74,74,74,74,74,1,0,0,3,30,1,15.000,1
1.795000,199.55,15.000,8.990,191,191,72.000,71,71,18.000,39.000,55.000,108,101,162,160,74,74,74,74,74,74,1,0,0,3,30,1,15.000,1
1.800000,201.71,15.000,8.990,191,191,72.000,71,71,18.000,39.000,55.000,108,101,162,160,74,74,74,74,74,74,1,0,0,3,30,1,15.000,1
1.805000,203.87,15.000,8.990,191,191,72.000,71,71,18.000,39.000,55.000,108,101,162,160,74,74,74,74,74,74,1,0,0,3,30,1,15.000,1
1.810000,206.03,15.000,8.990,191,191,72.000,71,71,18.000,39.000,55.000,108,101,162,160,74,74,74,74,74,74,1,0,0,3,30,1,15.000,1
1.815000,208.19,15.000,8.990,191,191,72.000,71,71,18.000,39.000,55.000,108,101,162,160,74,74,74,74,74,74,1,0,0,3,30,1,15.000,1
1.820000,210.35,15.000,8.990,191,191,72.000,71,71,18.000,39.000,55.000,108,101,162,160,74,74,74,74,74,74,1,0,0,3,30,1,15.000,1
1.825000,212.51,15.000,8.990,191,191,72.000,71,71,18.000,39.000,55.000,108,101,162,160,74,74,74,74,74,74,1,0,0,3,30,1,15.000,1
1.830000,214.67,15.000,8.990,191,191,72.000,71,71,18.000,39.000,55.000,108,101,162,160,74,74,74,74,74,74,1,0,0,3,30,1,15.000,1
1.835000,216.83,15.000,8.990,191,191,72.000,71,71,18.000,39.000,55.000,108,101,162,160,74,74,74,74,74,74,1,0,0,3,30,1,15.000,1
1.840000,218.99,15.000,8.990,191,191,72.000,71,71,18.000,39.000,55.000,108,101,162,160,74,74,74,74,74,74,1,0,0,3,30,1,15.000,1
1.845000,221.15,15.000,8.990,191,191,72.000,71,71,18.000,39.000,55.000,108,101,162,160,74,74,74,74,74,74,1,0,0,3,30,1,15.000,1
1.850000,223.31,15.000,8.990,191,191,72.000,71,71,18.000,39.000,55.000,108,101,162,160,74,74,74,74,74,74,1,0,0,3,30,1,15.000,1
1.855000,225.47,15.000,8.990,191,191,72.000,71,71,18.000,39.000,55.000,108,101,162,160,74,74,74,74,74,74,1,0,0,3,30,1,15.000,1
1.860000,227.63,15.000,8.990,191,191,72.000,71,71,18.000,39.000,55.000,108,101,162,160,74,74,74,74,74,74,1,0,0,3,30,1,15.000,1
1.865000,229.79,15.000,8.990,191,191,72.000,71,71,18.000,39.000,55.000,108,101,162,160,74,74,74,74,74,74,1,0,0,3,30,1,15.000,1
1.870000,231.95,15.000,8.990,191,191,72.000,71,71,18.000,39.000,55.000,108,101,162,160,74,74,74,74,74,74,1,0,0,3,30,1,15.000,1
1.875000,234.11,15.000,8.990,191,191,72.000,71,71,18.000,39.000,55.000,108,101,162,160,74,74,74,74,74,74,1,0,0,3,30,1,15.000,1
1.880000,236.27,15.000,8.990,191,191,72.000,71,71,18.000,39.000,55.000,108,101,162,160,74,74,74,74,74,74,1,0,0,3,30,1,15.000,1
1.885000,238.43,15.000,8.990,191,191,72.000,71,71,18.000,39.000,55.000,108,101,162,160,74,74,74,74,74,74,1,0,0,3,30,1,15.000,1
1.890000,240.59,15.000,8.990,191,191,72.000,71,71,18.000,39.000,55.000,108,101,162,160,74,74,74,74,74,74,1,0,0,3,30,1,15.000,1
1.895000,242.75,15.000,8.990,191,191,72.000,71,71,18.000,39.000,55.000,108,101,162,160,74,74,74,74,74,74,1,0,0,3,30,1,15.000,1
1.900000,244.91,15.000,8.990,191,191,72.000,71,71,18.000,39.000,55.000,108,101,162,160,74,74,74,74,74,74,1,0,0,3,30,1,15.000,1
1.905000,247.07,15.000,8.990,191,191,72.000,71,71,18.000,39.000,55.000,108,101,162,160,74,74,74,74,74,74,1,0,0,3,30,1,15.000,1
1.910000,249.23,15.000,8.990,191,191,72.000,71,71,18.000,39.000,55.000,108,101,162,160,74,74,74,74,74,74,1,0,0,3,30,1,15.000,1
1.915000,251.39,15.000,8.990,191,191,72.000,71,71,18.000,39.000,55.000,108,101,162,160,74,74,74,74,74,74,1,0,0,3,30,1,15.000,1
1.920000,253.55,15.000,8.990,191,191,72.000,71,71,18.000,39.000,55.000,108,101,162,160,74,74,74,74,74,74,1,0,0,3,30,1,15.000,1
1.925000,255.71,15.000,8.990,191,191,72.000,71,71,18.000,39.000,55.000,108,101,162,160,74,74,74,74,74,74,1,0,0,3,30,1,15.000,1
1.930000,257.87,15.000,8.990,191,191,72.000,71,71,18.000,39.000,55.000,108,101,162,160,74,74,74,74,74,74,1,0,0,3,30,1,15.000,1
1.935000,260.03,15.000,8.990,191,191,72.000,71,71,18.000,39.000,55.000,108,101,162,160,74,74,74,74,74,74,1,0,0,3,30,1,15.000,1
1.940000,262.19,15.000,8.990,191,191,72.000,71,71,18.000,39.000,55.000,108,101,162,160,74,74,74,74,74,74,1,0,0,3,30,1,15.000,1
1.945000,264.35,15.000,8.990,191,191,72.000,71,71,18.000,39.000,55.000,108,101,162,160,74,74,74,74,74,74,1,0,0,3,30,1,15.000,1
1.950000,266.51,15.000,8.990,191,191,72.000,71,71,18.000,39.000,55.000,108,101,162,160,74,74,74,74,74,74,1,0,0,3,30,1,15.000,1
1.955000,268.67,15.000,8.990,191,191,72.000,71,71,18.000,39.000,55.000,108,101,162,160,74,74,74,74,74,74,1,0,0,3,30,1,15.000,1
1.960000,270.83,15.000,8.990,191,191,72.000,71,71,18.000,39.000,55.000,108,101,162,160,74,74,74,74,74,74,1,0,0,3,30,1,15.000,1
1.965000,272.99,15.000,8.990,191,191,72.000,71,71,18.000,39.000,55.000,108,101,162,160,74,74,74,74,74,74,1,0,0,3,30,1,15.000,1
1.970000,275.15,15.000,8.990,191,191,72.000,71,71,18.000,39.000,55.000,108,101,162,160,74,74,74,74,74,74,1,0,0,3,30,1,15.000,1
1.975000,277.31,15.000,8.990,191,191,72.000,71,71,18.000,39.000,55.000,108,101,162,160,74,74,74,74,74,74,1,0,0,3,30,1,15.000,1
1.980000,279.47,15.000,8.990,191,191,72.000,71,71,18.000,39.000,55.000,108,101,162,160,74,74,74,74,74,74,1,0,0,3,30,1,15.000,1
1.985000,281.63,15.000,8.990,191,191,72.000,71,71,18.000,39.000,55.000,108,101,162,160,74,74,74,74,74,74,1,0,0,3,30,1,15.000,1
1.990000,283.79,15.000,8.990,191,191,72.000,71,71,18.000,39.000,55.000,108,101,162,160,74,74,74,74,74,74,1,0,0,3,30,1,15.000,1
1.995000,285.95,15.000,8.990,191,191,72.000,71,71,18.000,39.000,55.000,108,101,162,160,74,74,74,74,74,74,1,0,0,3,30,1,15.000,1
2.000000,288.11,15.000,8.990,191,191,72.000,71,71,18.000,39.000,55.000,108,101,162,160,74,74,74,74,74,74,1,0,0,3,30,1,15.000,1
2.005000,290.27,15.000,8.990,191,191,72.000,72,71,18.000,39.000,55.000,108,101,162,160,74,74,74,74,74,74,1,0,0,3,30,1,15.000,1
2.010000,292.43,15.000,8.990,191,191,72.000,72,71,18.000,39.000,55.000,108,101,162,160,74,74,74,74,74,74,1,0,0,3,30,1,15.000,1
2.015000,294.59,15.000,8.990,191,191,72.000,72,71,18.000,39.000,55.000,108,101,162,160,74,74,74,74,74,74,1,0,0,3,30,1,15.000,1
2.020000,296.75,15.000,8.990,191,191,72.000,72,71,18.000,39.000,55.000,108,101,162,160,74,74,74,74,74,74,1,0,0,3,30,1,15.000,1
2.025000,298.91,15.000,8.990,191,191,72.000,72,71,18.000,39.000,55.000,108,101,162,160,74,74,74,74,74,74,1,0,0,3,30,1,15.000,1
2.030000,301.07,15.000,8.990,191,191,72.000,72,71,18.000,39.000,55.000,108,101,162,160,74,74,74,74,74,74,1,0,0,3,30,1,15.000,1
2.035000,303.23,15.000,8.990,191,191,72.000,72,71,18.000,39.000,55.000,108,101,162,160,74,74,74,74,74,74,1,0,0,3,30,1,15.000,1
2.040000,305.39,15.000,8.990,191,191,72.000,71,71,18.000,39.000,55.000,108,101,162,160,74,74,74,74,74,74,1,0,0,3,30,1,15.000,1
2.045000,307.55,15.000,8.990,191,191,72.000,71,71,18.000,39.000,55.000,108,101,162,160,74,74,74,74,74,74,1,0,0,3,30,1,15.000,1
2.050000,309.71,15.000,8.990,191,191,72.000,71,71,18.000,39.000,55.000,108,101,162,160,74,74,74,74,74,74,1,0,0,3,30,1,15.000,1
2.055000,311.87,15.000,8.990,191,191,72.000,71,71,18.000,39.000,55.000,108,101,162,160,74,74,74,74,74,74,1,0,0,3,30,1,15.000,1
2.060000,314.03,15.000,8.990,191,191,72.000,71,71,18.000,39.000,55.000,108,101,162,160,74,74,74,74,74,74,1,0,0,3,30,1,15.000,1
2.065000,316.19,15.000,8.990,191,191,72.000,71,71,18.000,39.000,55.000,108,101,162,160,74,74,74,74,74,74,1,0,0,3,30,1,15.000,1
2.070000,318.35,15.000,8.990,191,191,72.000,71,71,18.000,39.000,55.000,108,101,162,160,74,74,74,74,74,74,1,0,0,3,30,1,15.000,1
2.075000,320.51,15.000,8.990,191,191,72.000,71,71,18.000,39.000,55.000,108,101,162,160,74,74,74,74,74,74,1,0,0,3,30,1,15.000,1
2.080000,322.67,15.000,8.990,191,191,72.000,71,71,18.000,39.000,55.000,108,101,162,160,74,74,74,74,74,74,1,0,0,3,30,1,15.000,1
2.085000,324.83,15.000,8.990,191,191,72.000,71,71,18.000,39.000,55.000,108,101,162,160,74,74,74,74,74,74,1,0,0,3,30,1,15.000,1
2.090000,326.99,15.000,8.990,191,191,72.000,71,71,18.000,39.000,55.000,108,101,162,160,74,74,74,74,74,74,1,0,0,3,30,1,15.000,1
2.095000,329.15,15.000,8.990,191,191,72.000,71,71,18.000,39.000,55.000,108,101,162,160,74,74,74,74,74,74,1,0,0,3,30,1,15.000,1
2.100000,331.31,15.000,8.990,191,191,72.000,71,71,18.000,39.000,55.000,108,101,162,160,74,74,74,74,74,74,1,0,0,3,30,1,15.000,1
2.105000,333.47,15.000,8.990,191,191,72.000,71,71,18.000,39.000,55.000,108,101,162,160,74,74,74,74,74,74,1,0,0,3,30,1,15.000,1
2.110000,335.63,15.000,8.990,191,191,72.000,71,71,18.000,39.000,55.000,108,101,162,160,74,74,74,74,74,74,1,0,0,3,30,1,15.000,1
2.115000,337.79,15.000,8.990,191,191,72.000,71,71,18.000,39.000,55.000,108,101,162,160,74,74,74,74,74,74,1,0,0,3,30,1,15.000,1
2.120000,339.95,15.000,8.990,191,191,72.000,71,71,18.000,39.000,55.000,108,101,162,160,74,74,74,74,74,74,1,0,0,3,30,1,15.000,1
2.125000,342.11,15.000,8.990,191,191,72.000,71,71,18.000,39.000,55.000,108,101,162,160,74,74,74,74,74,74,1,0,0,3,30,1,15.000,1
2.130000,344.27,15.000,8.990,191,191,72.000,71,71,18.000,39.000,55.000,108,101,162,160,74,74,74,74,74,74,1,0,0,3,30,1,15.000,1
2.135000,346.43,15.000,8.990,191,191,72.000,71,71,18.000,39.000,55.000,108,101,162,160,74,74,74,74,74,74,1,0,0,3,30,1,15.000,1
2.140000,348.59,15.000,8.990,191,191,72.000,71,71,18.000,39.000,55.000,108,101,162,160,74,74,74,74,74,74,1,0,0,3,30,1,15.000,1
2.145000,350.75,15.000,8.990,191,191,72.000,71,71,18.000,39.000,55.000,108,101,162,160,74,74,74,74,74,74,1,0,0,3,30,1,15.000,1
2.150000,352.91,15.000,8.990,191,191,72.000,71,71,18.000,39.000,55.000,108,101,162,160,74,74,74,74,74,74,1,0,0,3,30,1,15.000,1
2.155000,355.07,15.000,8.990,191,191,72.000,71,71,18.000,39.000,55.000,108,101,162,160,74,74,74,74,74,74,1,0,0,3,30,1,15.000,1
2.160000,357.23,15.000,8.990,191,191,72.000,71,71,18.000,39.000,55.000,108,101,162,160,74,74,74,74,74,74,1,0,0,3,30,1,15.000,1
2.165000,359.39,15.000,8.990,191,191,72.000,71,71,18.000,39.000,55.000,108,101,162,160,74,74,74,74,74,74,1,0,0,3,30,1,15.000,1
2.170000,1.55,15.000,8.990,191,191,72.000,71,71,18.000,39.000,55.000,108,101,162,160,74,74,74,74,74,74,1,0,0,3,30,1,15.000,1
2.175000,3.71,15.000,8.990,191,191,72.000,71,71,18.000,39.000,55.000,108,101,162,160,74,74,74,74,74,74,1,0,0,3,30,1,15.000,1
2.180000,5.87,15.000,8.990,191,191,72.000,71,71,18.000,39.000,55.000,108,101,162,160,74,74,74,74,74,74,1,0,0,3,30,1,15.000,1
2.185000,8.03,15.000,8.990,191,191,72.000,71,71,18.000,39.000,55.000,108,101,162,160,74,74,74,74,74,74,1,0,0,3,30,1,15.000,1
2.190000,10.19,15.000,8.990,191,191,72.000,71,71,18.000,39.000,55.000,108,101,162,160,74,74,74,74,74,74,1,0,0,3,30,1,15.000,1
2.195000,12.35,15.000,8.990,191,191,72.000,71,71,18.000,39.000,55.000,108,101,162,160,74,74,74,74,74,74,1,0,0,3,30,1,15.000,1
2.200000,14.51,15.000,8.990,191,191,72.000,71,71,18.000,39.000,55.000,108,101,162,160,74,74,74,74,74,74,1,0,0,3,30,1,15.000,1
2.205000,16.67,15.000,8.990,191,191,72.000,71,71,18.000,39.000,55.000,108,101,162,160,74,74,74,74,74,74,1,0,0,3,30,1,15.000,1
2.210000,18.83,15.000,8.990,191,191,72.000,71,71,18.000,39.000,55.000,108,101,162,160,74,74,74,74,74,74,1,0,0,3,30,1,15.000,1
2.215000,20.99,15.000,8.990,191,191,72.000,71,71,18.000,39.000,55.000,108,101,162,160,74,74,74,74,74,74,1,0,0,3,30,1,15.000,1
2.220000,23.15,15.000,8.990,191,191,72.000,71,71,18.000,39.000,55.000,108,101,162,160,74,74,74,74,74,74,1,0,0,3,30,1,15.000,1
2.225000,25.31,15.000,8.990,191,191,72.000,71,71,18.000,39.000,55.000,108,101,162,160,74,74,74,74,74,74,1,0,0,3,30,1,15.000,1
2.230000,27.47,15.000,8.990,191,191,72.000,71,71,18.000,39.000,55.000,108,101,162,160,74,74,74,74,74,74,1,0,0,3,30,1,15.000,1
2.235000,29.63,15.000,8.990,191,191,72.000,71,71,18.000,39.000,55.000,108,101,162,160,74,74,74,74,74,74,1,0,0,3,30,1,15.000,1
2.240000,31.79,15.000,8.990,191,191,72.000,71,71,18.000,39.000,55.000,108,101,162,160,74,74,74,74,74,74,1,0,0,3,30,1,15.000,1
2.245000,33.95,15.000,8.990,191,191,72.000,71,71,18.000,39.000,55.000,108,101,162,160,74,74,74,74,74,74,1,0,0,3,30,1,15.000,1
2.250000,36.11,15.000,8.990,191,191,72.000,71,71,18.000,39.000,55.000,108,101,162,160,74,74,74,74,74,74,1,0,0,3,30,1,15.000,1
2.255000,38.27,15.000,8.990,191,191,72.000,71,71,18.000,39.000,55.000,108,101,162,160,74,74,74,74,74,74,1,0,0,3,30,1,15.000,1
2.260000,40.43,15.000,8.990,191,191,72.000,71,71,18.000,39.000,55.000,108,101,162,160,74,74,74,74,74,74,1,0,0,3,30,1,15.000,1
2.265000,42.59,15.000,8.990,191,191,72.000,71,71,18.000,39.000,55.000,108,101,162,160,74,74,74,74,74,74,1,0,0,3,30,1,15.000,1
2.270000,44.75,15.000,8.990,191,191,72.000,71,71,18.000,39.000,55.000,108,101,162,160,74,74,74,74,74,74,1,0,0,3,30,1,15.000,1
2.275000,46.91,15.000,8.990,191,191,72.000,71,71,18.000,39.000,55.000,108,101,162,160,74,74,74,74,74,74,1,0,0,3,30,1,15.000,1
2.280000,49.07,15.000,8.990,191,191,72.000,71,71,18.000,39.000,55.000,108,101,162,160,74,74,74,74,74,74,1,0,0,3,30,1,15.000,1
2.285000,51.23,15.000,8.990,191,191,72.000,71,71,18.000,39.000,55.000,108,101,162,160,74,74,74,74,74,74,1,0,0,3,30,1,15.000,1
2.290000,53.39,15.000,8.990,191,191,72.000,71,71,18.000,39.000,55.000,108,101,162,160,74,74,74,74,74,74,1,0,0,3,30,1,15.000,1
2.295000,55.55,15.000,8.990,191,191,72.000,71,71,18.000,39.000,55.000,108,101,162,160,74,74,74,74,74,74,1,0,0,3,30,1,15.000,1
2.300000,57.71,15.000,8.990,191,191,72.000,71,71,18.000,39.000,55.000,108,101,162,160,74,74,74,74,74,74,1,0,0,3,30,1,15.000,1
2.305000,59.87,15.000,8.990,191,191,72.000,71,71,18.000,39.000,55.000,108,101,162,160,74,74,74,74,74,74,1,0,0,3,30,1,15.000,1
2.310000,62.03,15.000,8.990,191,191,72.000,71,71,18.000,39.000,55.000,108,101,162,160,74,74,74,74,74,74,1,0,0,3,30,1,15.000,1
2.315000,64.19,15.000,8.990,191,191,72.000,72,71,18.000,39.000,55.000,108,101,162,160,74,74,74,74,74,74,1,0,0,3,30,1,15.000,1
2.320000,66.35,15.000,8.990,191,191,72.000,72,71,18.000,39.000,55.000,108,101,162,160,74,74,74,74,74,74,1,0,0,3,30,1,15.000,1
2.325000,68.51,15.000,8.990,191,191,72.000,72,71,18.000,39.000,55.000,108,101,162,160,74,74,74,74,74,74,1,0,0,3,30,1,15.000,1
2.330000,70.67,15.000,8.990,191,191,72.000,72,71,18.000,39.000,55.000,108,101,162,160,74,74,74,74,74,74,1,0,0,3,30,1,15.000,1
2.335000,72.83,15.000,8.990,191,191,72.000,72,71,18.000,39.000,55.000,108,101,162,160,74,74,74,74,74,74,1,0,0,3,30,1,15.000,1
2.340000,74.99,15.000,8.990,191,191,72.000,72,71,18.000,39.000,55.000,108,101,162,160,74,74,74,74,74,74,1,0,0,3,30,1,15.000,1
2.345000,77.15,15.000,8.990,191,191,72.000,72,71,18.000,39.000,55.000,108,101,162,160,74,74,74,74,74,74,1,0,0,3,30,1,15.000,1
2.350000,79.31,15.000,8.990,191,191,72.000,71,71,18.000,39.000,55.000,108,101,162,160,74,74,74,74,74,74,1,0,0,3,30,1,15.000,1
2.355000,81.47,15.000,8.990,191,191,72.000,71,71,18.000,39.000,55.000,108,101,162,160,74,74,74,74,74,74,1,0,0,3,30,1,15.000,1
2.360000,83.63,15.000,8.990,191,191,72.000,71,71,18.000,39.000,55.000,108,101,162,160,74,74,74,74,74,74,1,0,0,3,30,1,15.000,1
2.365000,85.79,15.000,8.990,191,191,72.000,71,71,18.000,39.000,55.000,108,101,162,160,74,74,74,74,74,74,1,0,0,3,30,1,15.000,1
2.370000,87.95,15.000,8.990,191,191,72.000,71,71,18.000,39.000,55.000,108,101,162,160,74,74,74,74,74,74,1,0,0,3,30,1,15.000,1
2.375000,90.11,15.000,8.990,191,191,72.000,71,71,18.000,39.000,55.000,108,101,162,160,74,74,74,74,74,74,1,0,0,3,30,1,15.000,1
2.380000,92.27,15.000,8.990,191,191,72.000,71,71,18.000,39.000,55.000,108,101,162,160,74,74,74,74,74,74,1,0,0,3,30,1,15.000,1
2.385000,94.43,15.000,8.990,191,191,72.000,71,71,18.000,39.000,55.000,108,101,162,160,74,74,74,74,74,74,1,0,0,3,30,1,15.000,1
2.390000,96.59,15.000,8.990,191,191,72.000,71,71,18.000,39.000,55.000,108,101,162,160,74,74,74,74,74,74,1,0,0,3,30,1,15.000,1
2.395000,98.75,15.000,8.990,191,191,72.000,71,71,18.000,39.000,55.000,108,101,162,160,74,74,74,74,74,74,1,0,0,3,30,1,15.000,1
2.400000,100.91,15.000,8.990,191,191,72.000,71,71,18.000,39.000,55.000,108,101,162,160,74,74,74,74,74,74,1,0,0,3,30,1,15.000,1
2.405000,103.07,15.000,8.990,191,191,72.000,71,71,18.000,39.000,55.000,108,101,162,160,74,74,74,74,74,74,1,0,0,3,30,1,15.000,1
2.410000,105.23,15.000,8.990,191,191,72.000,71,71,18.000,39.000,55.000,108,101,162,160,74,74,74,74,74,74,1,0,0,3,30,1,15.000,1
2.415000,107.39,15.000,8.990,191,191,72.000,71,71,18.000,39.000,55.000,108,101,162,160,74,74,74,74,74,74,1,0,0,3,30,1,15.000,1
2.420000,109.55,15.000,8.990,191,191,72.000,71,71,18.000,39.000,55.000,108,101,162,160,74,74,74,74,74,74,1,0,0,3,30,1,15.000,1
2.425000,111.71,15.000,8.990,191,191,72.000,71,71,18.000,39.000,55.000,108,101,162,160,74,74,74,74,74,74,1,0,0,3,30,1,15.000,1
2.430000,113.87,15.000,8.990,191,191,72.000,71,71,18.000,39.000,55.000,108,101,162,160,74,74,74,74,74,74,1,0,0,3,30,1,15.000,1
2.435000,116.03,15.000,8.990,191,191,72.000,71,71,18.000,39.000,55.000,108,101,162,160,74,74,74,74,74,74,1,0,0,3,30,1,15.000,1
2.440000,118.19,15.000,8.990,191,191,72.000,71,71,18.000,39.000,55.000,108,101,162,160,74,74,74,74,74,74,1,0,0,3,30,1,15.000,1
2.445000,120.35,15.000,8.990,191,191,72.000,71,71,18.000,39.000,55.000,108,101,162,160,74,74,74,74,74,74,1,0,0,3,30,1,15.000,1
2.450000,122.51,15.000,8.990,191,191,72.000,71,71,18.000,39.000,55.000,108,101,162,160,74,74,74,74,74,74,1,0,0,3,30,1,15.000,1
2.455000,124.67,15.000,8.990,191,191,72.000,71,71,18.000,39.000,55.000,108,101,162,160,74,74,74,74,74,74,1,0,0,3,30,1,15.000,1
2.460000,126.83,15.000,8.990,191,191,72.000,71,71,18.000,39.000,55.000,108,101,162,160,74,74,74,74,74,74,1,0,0,3,30,1,15.000,1
2.465000,128.99,15.000,8.990,191,191,72.000,71,71,18.000,39.000,55.000,108,101,162,160,74,74,74,74,74,74,1,0,0,3,30,1,15.000,1
2.470000,131.15,15.000,8.990,191,191,72.000,71,71,18.000,39.000,55.000,108,101,162,160,74,74,74,74,74,74,1,0,0,3,30,1,15.000,1
2.475000,133.31,15.000,8.990,191,191,72.000,71,71,18.000,39.000,55.000,108,101,162,160,74,74,74,74,74,74,1,0,0,3,30,1,15.000,1
2.480000,135.47,15.000,8.990,191,191,72.000,71,71,18.000,39.000,55.000,108,101,162,160,74,74,74,74,74,74,1,0,0,3,30,1,15.000,1
2.485000,137.63,15.000,8.990,191,191,72.000,71,71,18.000,39.000,55.000,108,101,162,160,74,74,74,74,74,74,1,0,0,3,30,1,15.000,1
2.490000,139.79,15.000,8.990,191,191,72.000,71,71,18.000,39.000,55.000,108,101,162,160,74,74,74,74,74,74,1,0,0,3,30,1,15.000,1
2.495000,141.95,15.000,8.990,191,191,72.000,71,71,18.000,39.000,55.000,108,101,162,160,74,74,74,74,74,74,1,0,0,3,30,1,15.000,1
2.500000,144.11,15.000,8.990,191,191,72.000,71,71,18.000,39.000,55.000,108,101,162,160,74,74,74,74,74,74,1,0,0,3,30,1,15.000,1
2.505000,146.27,15.000,8.990,191,191,72.000,71,71,18.000,39.000,55.000,108,101,162,160,74,74,74,74,74,74,1,0,0,3,30,1,15.000,1
2.510000,148.43,15.000,8.990,191,191,72.000,71,71,18.000,39.000,55.000,108,101,162,160,74,74,74,74,74,74,1,0,0,3,30,1,15.000,1
2.515000,150.59,15.000,8.990,191,191,72.000,71,71,18.000,39.000,55.000,108,101,162,160,74,74,74,74,74,74,1,0,0,3,30,1,15.000,1
2.520000,152.75,15.000,8.990,191,191,72.000,71,71,18.000,39.000,55.000,108,101,162,160,74,74,74,74,74,74,1,0,0,3,30,1,15.000,1
2.525000,154.91,15.000,8.990,191,191,72.000,71,71,18.000,39.000,55.000,108,101,162,160,74,74,74,74,74,74,1,0,0,3,30,1,15.000,1
2.530000,157.07,15.000,8.990,191,191,72.000,71,71,18.000,39.000,55.000,108,101,162,160,74,74,74,74,74,74,1,0,0,3,30,1,15.000,1
2.535000,159.23,15.000,8.990,191,191,72.000,71,71,18.000,39.000,55.000,108,101,162,160,74,74,74,74,74,74,1,0,0,3,30,1,15.000,1
2.540000,161.39,15.000,8.990,191,191,72.000,71,71,18.000,39.000,55.000,108,101,162,160,74,74,74,74,74,74,1,0,0,3,30,1,15.000,1
2.545000,163.55,15.000,8.990,191,191,72.000,71,71,18.000,39.000,55.000,108,101,162,160,74,74,74,74,74,74,1,0,0,3,30,1,15.000,1
2.550000,165.71,15.000,8.990,191,191,72.000,71,71,18.000,39.000,55.000,108,101,162,160,74,74,74,74,74,74,1,0,0,3,30,1,15.000,1
2.555000,167.87,15.000,8.990,191,191,72.000,71,71,18.000,39.000,55.000,108,101,162,160,74,74,74,74,74,74,1,0,0,3,30,1,15.000,1
2.560000,170.03,15.000,8.990,191,191,72.000,71,71,18.000,39.000,55.000,108,101,162,160,74,74,74,74,74,74,1,0,0,3,30,1,15.000,1
2.565000,172.19,15.000,8.990,191,191,72.000,71,71,18.000,39.000,55.000,108,101,162,160,74,74,74,74,74,74,1,0,0,3,30,1,15.000,1
2.570000,174.35,15.000,8.990,191,191,72.000,71,71,18.000,39.000,55.000,108,101,162,160,74,74,74,74,74,74,1,0,0,3,30,1,15.000,1
2.575000,176.51,15.000,8.990,191,191,72.000,71,71,18.000,39.000,55.000,108,101,162,160,74,74,74,74,74,74,1,0,0,3,30,1,15.000,1
2.580000,178.67,15.000,8.990,191,191,72.000,71,71,18.000,39.000,55.000,108,101,162,160,74,74,74,74,74,74,1,0,0,3,30,1,15.000,1
2.585000,180.83,15.000,8.990,191,191,72.000,71,71,18.000,39.000,55.000,108,101,162,160,74,74,74,74,74,74,1,0,0,3,30,1,15.000,1
2.590000,182.99,15.000,8.990,191,191,72.000,71,71,18.000,39.000,55.000,108,101,162,160,74,74,74,74,74,74,1,0,0,3,30,1,15.000,1
2.595000,185.15,15.000,8.990,191,191,72.000,71,71,18.000,39.000,55.000,108,101,162,160,74,74,74,74,74,74,1,0,0,3,30,1,15.000,1
2.600000,187.31,15.000,8.990,191,191,72.000,71,71,18.000,39.000,55.000,108,101,162,160,74,74,74,74,74,74,1,0,0,3,30,1,15.000,1
2.605000,189.47,15.000,8.990,191,191,72.000,71,71,18.000,39.000,55.000,108,101,162,160,74,74,74,74,74,74,1,0,0,3,30,1,15.000,1
2.610000,191.63,15.000,8.990,191,191,72.000,71,71,18.000,39.000,55.000,108,101,162,160,74,74,74,74,74,74,1,0,0,3,30,1,15.000,1
2.615000,193.79,15.000,8.990,191,191,72.000,71,71,18.000,39.000,55.000,108,101,162,160,74,74,74,74,74,74,1,0,0,3,30,1,15.000,1
2.620000,195.95,15.000,8.990,191,191,72.000,71,71,18.000,39.000,55.000,108,101,162,160,74,74,74,74,74,74,1,0,0,3,30,1,15.000,1
2.625000,198.11,15.000,8.990,191,191,72.000,71,71,18.000,39.000,55.000,108,101,162,160,74,74,74,74,74,74,1,0,0,3,30,1,15.000,1
2.630000,200.27,15.000,8.990,191,191,72.000,72,71,18.000,39.000,55.000,108,101,162,160,74,74,74,74,74,74,1,0,0,3,30,1,15.000,1
2.635000,202.43,15.000,8.990,191,191,72.000,72,71,18.000,39.000,55.000,108,101,162,160,74,74,74,74,74,74,1,0,0,3,30,1,15.000,1
2.640000,204.59,15.000,8.990,191,191,72.000,72,71,18.000,39.000,55.000,108,101,162,160,74,74,74,74,74,74,1,0,0,3,30,1,15.000,1
2.645000,206.75,15.000,8.990,191,191,72.000,72,71,18.000,39.000,55.000,108,101,162,160,74,74,74,74,74,74,1,0,0,3,30,1,15.000,1
2.650000,208.91,15.000,8.990,191,191,72.000,72,71,18.000,39.000,55.000,108,101,162,160,74,74,74,74,74,74,1,0,0,3,30,1,15.000,1
2.655000,211.07,15.000,8.990,191,191,72.000,72,71,18.000,39.000,55.000,108,101,162,160,74,74,74,74,74,74,1,0,0,3,30,1,15.000,1
2.660000,213.23,15.000,8.990,191,191,72.000,72,71,18.000,39.000,55.000,108,101,162,160,74,74,74,74,74,74,1,0,0,3,30,1,15.000,1
2.665000,215.39,15.000,8.990,191,191,72.000,71,71,18.000,39.000,55.000,108,101,162,160,74,74,74,74,74,74,1,0,0,3,30,1,15.000,1
2.670000,217.55,15.000,8.990,191,191,72.000,71,71,18.000,39.000,55.000,108,101,162,160,74,74,74,74,74,74,1,0,0,3,30,1,15.000,1
2.675000,219.71,15.000,8.990,191,191,72.000,71,71,18.000,39.000,55.000,108,101,162,160,74,74,74,74,74,74,1,0,0,3,30,1,15.000,1
2.680000,221.87,15.000,8.990,191,191,72.000,71,71,18.000,39.000,55.000,108,101,162,160,74,74,74,74,74,74,1,0,0,3,30,1,15.000,1
2.685000,224.03,15.000,8.990,191,191,72.000,71,71,18.000,39.000,55.000,108,101,162,160,74,74,74,74,74,74,1,0,0,3,30,1,15.000,1
2.690000,226.19,15.000,8.990,191,191,72.000,71,71,18.000,39.000,55.000,108,101,162,160,74,74,74,74,74,74,1,0,0,3,30,1,15.000,1
2.695000,228.35,15.000,8.990,191,191,72.000,71,71,18.000,39.000,55.000,108,101,162,160,74,74,74,74,74,74,1,0,0,3,30,1,15.000,1
2.700000,230.51,15.000,8.990,191,191,72.000,71,71,18.000,39.000,55.000,108,101,162,160,74,74,74,74,74,74,1,0,0,3,30,1,15.000,1
2.705000,232.67,15.000,8.990,191,191,72.000,71,71,18.000,39.000,55.000,108,101,162,160,74,74,74,74,74,74,1,0,0,3,30,1,15.000,1
2.710000,234.83,15.000,8.990,191,191,72.000,71,71,18.000,39.000,55.000,108,101,162,160,74,74,74,74,74,74,1,0,0,3,30,1,15.000,1
2.715000,236.99,15.000,8.990,191,191,72.000,71,71,18.000,39.000,55.000,108,101,162,160,74,74,74,74,74,74,1,0,0,3,30,1,15.000,1
2.720000,239.15,15.000,8.990,191,191,72.000,71,71,18.000,39.000,55.000,108,101,162,160,74,74,74,74,74,74,1,0,0,3,30,1,15.000,1
2.725000,241.31,15.000,8.990,191,191,72.000,71,71,18.000,39.000,55.000,108,101,162,160,74,74,74,74,74,74,1,0,0,3,30,1,15.000,1
2.730000,243.47,15.000,8.990,191,191,72.000,71,71,18.000,39.000,55.000,108,101,162,160,74,74,74,74,74,74,1,0,0,3,30,1,15.000,1
2.735000,245.63,15.000,8.990,191,191,72.000,71,71,18.000,39.000,55.000,108,101,162,160,74,74,74,74,74,74,1,0,0,3,30,1,15.000,1
2.740000,247.79,15.000,8.990,191,191,72.000,71,71,18.000,39.000,55.000,108,101,162,160,74,74,74,74,74,74,1,0,0,3,30,1,15.000,1
2.745000,249.95,15.000,8.990,191,191,72.000,71,71,18.000,39.000,55.000,108,101,162,160,74,74,74,74,74,74,1,0,0,3,30,1,15.000,1
2.750000,252.11,15.000,8.990,191,191,72.000,71,71,18.000,39.000,55.000,108,101,162,160,74,74,74,74,74,74,1,0,0,3,30,1,15.000,1
2.755000,254.27,15.000,8.990,191,191,72.000,71,71,18.000,39.000,55.000,108,101,162,160,74,74,74,74,74,74,1,0,0,3,30,1,15.000,1
2.760000,256.43,15.000,8.990,191,191,72.000,71,71,18.000,39.000,55.000,108,101,162,160,74,74,74,74,74,74,1,0,0,3,30,1,15.000,1
2.765000,258.59,15.000,8.990,191,191,72.000,71,71,18.000,39.000,55.000,108,101,162,160,74,74,74,74,74,74,1,0,0,3,30,1,15.000,1
2.770000,260.75,15.000,8.990,191,191,72.000,71,71,18.000,39.000,55.000,108,101,162,160,74,74,74,74,74,74,1,0,0,3,30,1,15.000,1
2.775000,262.91,15.000,8.990,191,191,72.000,71,71,18.000,39.000,55.000,108,101,162,160,74,74,74,74,74,74,1,0,0,3,30,1,15.000,1
2.780000,265.07,15.000,8.990,191,191,72.000,71,71,18.000,39.000,55.000,108,101,162,160,74,74,74,74,74,74,1,0,0,3,30,1,15.000,1
2.785000,267.23,15.000,8.990,191,191,72.000,71,71,18.000,39.000,55.000,108,101,162,160,74,74,74,74,74,74,1,0,0,3,30,1,15.000,1
2.790000,269.39,15.000,8.990,191,191,72.000,71,71,18.000,39.000,55.000,108,101,162,160,74,74,74,74,74,74,1,0,0,3,30,1,15.000,1
2.795000,271.55,15.000,8.990,191,191,72.000,71,71,18.000,39.000,55.000,108,101,162,160,74,74,74,74,74,74,1,0,0,3,30,1,15.000,1
2.800000,273.71,15.000,8.990,191,191,72.000,71,71,18.000,39.000,55.000,108,101,162,160,74,74,74,74,74,74,1,0,0,3,30,1,15.000,1
2.805000,275.87,15.000,8.990,191,191,72.000,71,71,18.000,39.000,55.000,108,101,162,160,74,74,74,74,74,74,1,0,0,3,30,1,15.000,1
2.810000,278.03,15.000,8.990,191,191,72.000,71,71,18.000,39.000,55.000,108,101,162,160,74,74,74,74,74,74,1,0,0,3,30,1,15.000,1
2.815000,280.19,15.000,8.990,191,191,72.000,71,71,18.000,39.000,55.000,108,101,162,160,74,74,74,74,74,74,1,0,0,3,30,1,15.000,1
2.820000,282.35,15.000,8.990,191,191,72.000,71,71,18.000,39.000,55.000,108,101,162,160,74,74,74,74,74,74,1,0,0,3,30,1,15.000,1
2.825000,284.51,15.000,8.990,191,191,72.000,71,71,18.000,39.000,55.000,108,101,162,160,74,74,74,74,74,74,1,0,0,3,30,1,15.000,1
2.830000,286.67,15.000,8.990,191,191,72.000,71,71,18.000,39.000,55.000,108,101,162,160,74,74,74,74,74,74,1,0,0,3,30,1,15.000,1
2.835000,288.83,15.000,8.990,191,191,72.000,71,71,18.000,39.000,55.000,108,101,162,160,74,74,74,74,74,74,1,0,0,3,30,1,15.000,1
2.840000,290.99,15.000,8.990,191,191,72.000,71,71,18.000,39.000,55.000,108,101,162,160,74,74,74,74,74,74,1,0,0,3,30,1,15.000,1
2.845000,293.15,15.000,8.990,191,191,72.000,71,71,18.000,39.000,55.000,108,101,162,160,74,74,74,74,74,74,1,0,0,3,30,1,15.000,1
2.850000,295.31,15.000,8.990,191,191,72.000,71,71,18.000,39.000,55.000,108,101,162,160,74,74,74,74,74,74,1,0,0,3,30,1,15.000,1
2.855000,297.47,15.000,8.990,191,191,72.000,71,71,18.000,39.000,55.000,108,101,162,160,74,74,74,74,74,74,1,0,0,3,30,1,15.000,1
2.860000,299.63,15.000,8.990,191,191,72.000,71,71,18.000,39.000,55.000,108,101,162,160,74,74,74,74,74,74,1,0,0,3,30,1,15.000,1
2.865000,301.79,15.000,8.990,191,191,72.000,71,71,18.000,39.000,55.000,108,101,162,160,74,74,74,74,74,74,1,0,0,3,30,1,15.000,1
2.870000,303.95,15.000,8.990,191,191,72.000,71,71,18.000,39.000,55.000,108,101,162,160,74,74,74,74,74,74,1,0,0,3,30,1,15.000,1
2.875000,306.11,15.000,8.990,191,191,72.000,71,71,18.000,39.000,55.000,108,101,162,160,74,74,74,74,74,74,1,0,0,3,30,1,15.000,1
2.880000,308.27,15.000,8.990,191,191,72.000,71,71,18.000,39.000,55.000,108,101,162,160,74,74,74,74,74,74,1,0,0,3,30,1,15.000,1
2.885000,310.43,15.000,8.990,191,191,72.000,71,71,18.000,39.000,55.000,108,101,162,160,74,74,74,74,74,74,1,0,0,3,30,1,15.000,1
2.890000,312.59,15.000,8.990,191,191,72.000,71,71,18.000,39.000,55.000,108,101,162,160,74,74,74,74,74,74,1,0,0,3,30,1,15.000,1
2.895000,314.75,15.000,8.990,191,191,72.000,71,71,18.000,39.000,55.000,108,101,162,160,74,74,74,74,74,74,1,0,0,3,30,1,15.000,1
2.900000,316.91,15.000,8.990,191,191,72.000,71,71,18.000,39.000,55.000,108,101,162,160,74,74,74,74,74,74,1,0,0,3,30,1,15.000,1
2.905000,319.07,15.000,8.990,191,191,72.000,71,71,18.000,39.000,55.000,108,101,162,160,74,74,74,74,74,74,1,0,0,3,30,1,15.000,1
2.910000,321.23,15.000,8.990,191,191,72.000,71,71,18.000,39.000,55.000,108,101,162,160,74,74,74,74,74,74,1,0,0,3,30,1,15.000,1
2.915000,323.39,15.000,8.990,191,191,72.000,71,71,18.000,39.000,55.000,108,101,162,160,74,74,74,74,74,74,1,0,0,3,30,1,15.000,1
2.920000,325.55,15.000,8.990,191,191,72.000,71,71,18.000,39.000,55.000,108,101,162,160,74,74,74,74,74,74,1,0,0,3,30,1,15.000,1
2.925000,327.71,15.000,8.990,191,191,72.000,71,71,18.000,39.000,55.000,108,101,162,160,74,74,74,74,74,74,1,0,0,3,30,1,15.000,1
2.930000,329.87,15.000,8.990,191,191,72.000,71,71,18.000,39.000,55.000,108,101,162,160,74,74,74,74,74,74,1,0,0,3,30,1,15.000,1
2.935000,332.03,15.000,8.990,191,191,72.000,71,71,18.000,39.000,55.000,108,101,162,160,74,74,74,74,74,74,1,0,0,3,30,1,15.000,1
2.940000,334.19,15.000,8.990,191,191,72.000,72,72,18.000,39.000,55.000,109,103,164,160,74,74,74,74,74,74,1,0,0,3,30,1,15.000,1
2.945000,336.35,15.000,8.990,191,191,72.000,72,72,18.000,39.000,55.000,109,103,164,160,74,74,74,74,74,74,1,0,0,3,30,1,15.000,1
2.950000,338.51,15.000,8.990,191,191,72.000,72,72,18.000,39.000,55.000,109,103,164,160,74,74,74,74,74,74,1,0,0,3,30,1,15.000,1
2.955000,340.67,15.000,8.990,191,191,72.000,72,72,18.000,39.000,55.000,109,103,164,160,74,74,74,74,74,74,1,0,0,3,30,1,15.000,1
2.960000,342.83,15.000,8.990,191,191,72.000,72,72,18.000,39.000,55.000,109,103,164,160,74,74,74,74,74,74,1,0,0,3,30,1,15.000,1
2.965000,344.99,15.000,8.990,191,191,72.000,72,72,18.000,39.000,55.000,109,103,164,160,74,74,74,74,74,74,1,0,0,3,30,1,15.000,1
2.970000,347.15,15.000,8.990,191,191,72.000,72,72,18.000,39.000,55.000,109,103,164,160,74,74,74,74,74,74,1,0,0,3,30,1,15.000,1
2.975000,349.31,15.000,8.990,191,191,72.000,71,71,18.000,39.000,55.000,108,101,162,160,74,74,74,74,74,74,1,0,0,3,30,1,15.000,1
2.980000,351.47,15.000,8.990,191,191,72.000,71,71,18.000,39.000,55.000,108,101,162,160,74,74,74,74,74,74,1,0,0,3,30,1,15.000,1
2.985000,353.63,15.000,8.990,191,191,72.000,71,71,18.000,39.000,55.000,108,101,162,160,74,74,74,74,74,74,1,0,0,3,30,1,15.000,1
2.990000,355.79,15.000,8.990,191,191,72.000,71,71,18.000,39.000,55.000,108,101,162,160,74,74,74,74,74,74,1,0,0,3,30,1,15.000,1
2.995000,357.95,15.000,8.990,191,191,72.000,71,71,18.000,39.000,55.000,108,101,162,160,74,74,74,74,74,74,1,0,0,3,30,1,15.000,1
3.000000,0.11,15.000,8.990,191,191,72.000,71,71,18.000,39.000,55.000,108,101,162,160,74,74,74,74,74,74,1,0,0,3,30,1,15.000,1
3.005000,2.27,15.000,8.990,191,191,72.000,71,71,18.000,39.000,55.000,108,101,162,160,74,74,74,74,74,74,1,0,0,3,30,1,15.000,1
3.010000,4.43,15.000,8.990,191,191,72.000,71,71,18.000,39.000,55.000,108,101,162,160,74,74,74,74,74,74,1,0,0,3,30,1,15.000,1
3.015000,6.59,15.000,8.990,191,191,72.000,71,71,18.000,39.000,55.000,108,101,162,160,74,74,74,74,74,74,1,0,0,3,30,1,15.000,1
3.020000,8.75,15.000,8.990,191,191,72.000,71,71,18.000,39.000,55.000,108,101,162,160,74,74,74,74,74,74,1,0,0,3,30,1,15.000,1
3.025000,10.91,15.000,8.990,191,191,72.000,71,71,18.000,39.000,55.000,108,101,162,160,74,74,74,74,74,74,1,0,0,3,30,1,15.000,1
3.030000,13.07,15.000,8.990,191,191,72.000,71,71,18.000,39.000,55.000,108,101,162,160,74,74,74,74,74,74,1,0,0,3,30,1,15.000,1
3.035000,15.23,15.000,8.990,191,191,72.000,71,71,18.000,39.000,55.000,108,101,162,160,74,74,74,74,74,74,1,0,0,3,30,1,15.000,1
3.040000,17.39,15.000,8.990,191,191,72.000,71,71,18.000,39.000,55.000,108,101,162,160,74,74,74,74,74,74,1,0,0,3,30,1,15.000,1
3.045000,19.55,15.000,8.990,191,191,72.000,71,71,18.000,39.000,55.000,108,101,162,160,74,74,74,74,74,74,1,0,0,3,30,1,15.000,1
3.050000,21.71,15.000,8.990,191,191,72.000,71,71,18.000,39.000,55.000,108,101,162,160,74,74,74,74,74,74,1,0,0,3,30,1,15.000,1
3.055000,23.87,15.000,8.990,191,191,72.000,71,71,18.000,39.000,55.000,108,101,162,160,74,74,74,74,74,74,1,0,0,3,30,1,15.000,1
3.060000,26.03,15.000,8.990,191,191,72.000,71,71,18.000,39.000,55.000,108,101,162,160,74,74,74,74,74,74,1,0,0,3,30,1,15.000,1
3.065000,28.19,15.000,8.990,191,191,72.000,71,71,18.000,39.000,55.000,108,101,162,160,74,74,74,74,74,74,1,0,0,3,30,1,15.000,1
3.070000,30.35,15.000,8.990,191,191,72.000,71,71,18.000,39.000,55.000,108,101,162,160,74,74,74,74,74,74,1,0,0,3,30,1,15.000,1
3.075000,32.51,15.000,8.990,191,191,72.000,71,71,18.000,39.000,55.000,108,101,162,160,74,74,74,74,74,74,1,0,0,3,30,1,15.000,1
3.080000,34.67,15.000,8.990,191,191,72.000,71,71,18.000,39.000,55.000,108,101,162,160,74,74,74,74,74,74,1,0,0,3,30,1,15.000,1
3.085000,36.83,15.000,8.990,191,191,72.000,71,71,18.000,39.000,55.000,108,101,162,160,74,74,74,74,74,74,1,0,0,3,30,1,15.000,1
3.090000,38.99,15.000,8.990,191,191,72.000,71,71,18.000,39.000,55.000,108,101,162,160,74,74,74,74,74,74,1,0,0,3,30,1,15.000,1
3.095000,41.15,15.000,8.990,191,191,72.000,71,71,18.000,39.000,55.000,108,101,162,160,74,74,74,74,74,74,1,0,0,3,30,1,15.000,1
3.100000,43.31,15.000,8.990,191,191,72.000,71,71,18.000,39.000,55.000,108,101,162,160,74,74,74,74,74,74,1,0,0,3,30,1,15.000,1
3.105000,45.47,15.000,8.990,191,191,72.000,71,71,18.000,39.000,55.000,108,101,162,160,74,74,74,74,74,74,1,0,0,3,30,1,15.000,1
3.110000,47.63,15.000,8.990,191,191,72.000,71,71,18.000,39.000,55.000,108,101,162,160,74,74,74,74,74,74,1,0,0,3,30,1,15.000,1
3.115000,49.79,15.000,8.990,191,191,72.000,71,71,18.000,39.000,55.000,108,101,162,160,74,74,74,74,74,74,1,0,0,3,30,1,15.000,1
3.120000,51.95,15.000,8.990,191,191,72.000,71,71,18.000,39.000,55.000,108,101,162,160,74,74,74,74,74,74,1,0,0,3,30,1,15.000,1
3.125000,54.11,15.000,8.990,191,191,72.000,71,71,18.000,39.000,55.000,108,101,162,160,74,74,74,74,74,74,1,0,0,3,30,1,15.000,1
3.130000,56.27,15.000,8.990,191,191,72.000,71,71,18.000,39.000,55.000,108,101,162,160,74,74,74,74,74,74,1,0,0,3,30,1,15.000,1
3.135000,58.43,15.000,8.990,191,191,72.000,71,71,18.000,39.000,55.000,108,101,162,160,74,74,74,74,74,74,1,0,0,3,30,1,15.000,1
3.140000,60.59,15.000,8.990,191,191,72.000,71,71,18.000,39.000,55.000,108,101,162,160,74,74,74,74,74,74,1,0,0,3,30,1,15.000,1
3.145000,62.75,15.000,8.990,191,191,72.000,71,71,18.000,39.000,55.000,108,101,162,160,74,74,74,74,74,74,1,0,0,3,30,1,15.000,1
3.150000,64.91,15.000,8.990,191,191,72.000,71,71,18.000,39.000,55.000,108,101,162,160,74,74,74,74,74,74,1,0,0,3,30,1,15.000,1
3.155000,67.07,15.000,8.990,191,191,72.000,71,71,18.000,39.000,55.000,108,101,162,160,74,74,74,74,74,74,1,0,0,3,30,1,15.000,1
3.160000,69.23,15.000,8.990,191,191,72.000,71,71,18.000,39.000,55.000,108,101,162,160,74,74,74,74,74,74,1,0,0,3,30,1,15.000,1
3.165000,71.39,15.000,8.990,191,191,72.000,71,71,18.000,39.000,55.000,108,101,162,160,74,74,74,74,74,74,1,0,0,3,30,1,15.000,1
3.170000,73.55,15.000,8.990,191,191,72.000,71,71,18.000,39.000,55.000,108,101,162,160,74,74,74,74,74,74,1,0,0,3,30,1,15.000,1
3.175000,75.71,15.000,8.990,191,191,72.000,71,71,18.000,39.000,55.000,108,101,162,160,74,74,74,74,74,74,1,0,0,3,30,1,15.000,1
3.180000,77.87,15.000,8.990,191,191,72.000,71,71,18.000,39.000,55.000,108,101,162,160,74,74,74,74,74,74,1,0,0,3,30,1,15.000,1
3.185000,80.03,15.000,8.990,191,191,72.000,71,71,18.000,39.000,55.000,108,101,162,160,74,74,74,74,74,74,1,0,0,3,30,1,15.000,1
3.190000,82.19,15.000,8.990,191,191,72.000,71,71,18.000,39.000,55.000,108,101,162,160,74,74,74,74,74,74,1,0,0,3,30,1,15.000,1
3.195000,84.35,15.000,8.990,191,191,72.000,71,71,18.000,39.000,55.000,108,101,162,160,74,74,74,74,74,74,1,0,0,3,30,1,15.000,1
3.200000,86.51,15.000,8.990,191,191,72.000,71,71,18.000,39.000,55.000,108,101,162,160,74,74,74,74,74,74,1,0,0,3,30,1,15.000,1
3.205000,88.67,15.000,8.990,191,191,72.000,71,71,18.000,39.000,55.000,108,101,162,160,74,74,74,74,74,74,1,0,0,3,30,1,15.000,1
3.210000,90.83,15.000,8.990,191,191,72.000,71,71,18.000,39.000,55.000,108,101,162,160,74,74,74,74,74,74,1,0,0,3,30,1,15.000,1
3.215000,92.99,15.000,8.990,191,191,72.000,71,71,18.000,39.000,55.000,108,101,162,160,74,74,74,74,74,74,1,0,0,3,30,1,15.000,1
3.220000,95.15,15.000,8.990,191,191,72.000,71,71,18.000,39.000,55.000,108,101,162,160,74,74,74,74,74,74,1,0,0,3,30,1,15.000,1
3.225000,97.31,15.000,8.990,191,191,72.000,71,71,18.000,39.000,55.000,108,101,162,160,74,74,74,74,74,74,1,0,0,3,30,1,15.000,1
3.230000,99.47,15.000,8.990,191,191,72.000,71,71,18.000,39.000,55.000,108,101,162,160,74,74,74,74,74,74,1,0,0,3,30,1,15.000,1
3.235000,101.63,15.000,8.990,191,191,72.000,71,71,18.000,39.000,55.000,108,101,162,160,74,74,74,74,74,74,1,0,0,3,30,1,15.000,1
3.240000,103.79,15.000,8.990,191,191,72.000,71,71,18.000,39.000,55.000,108,101,162,160,74,74,74,74,74,74,1,0,0,3,30,1,15.000,1
3.245000,105.95,15.000,8.990,191,191,72.000,71,71,18.000,39.000,55.000,108,101,162,160,74,74,74,74,74,74,1,0,0,3,30,1,15.000,1
3.250000,108.11,15.000,8.990,191,191,72.000,71,71,18.000,39.000,55.000,108,101,162,160,74,74,74,74,74,74,1,0,0,3,30,1,15.000,1
3.255000,110.27,15.000,8.990,191,191,72.000,72,72,18.000,39.000,55.000,109,103,164,160,74,74,74,74,74,74,1,0,0,3,30,1,15.000,1
3.260000,112.43,15.000,8.990,191,191,72.000,72,72,18.000,39.000,55.000,109,103,164,160,74,74,74,74,74,74,1,0,0,3,30,1,15.000,1
3.265000,114.59,15.000,8.990,191,191,72.000,72,72,18.000,39.000,55.000,109,103,164,160,74,74,74,74,74,74,1,0,0,3,30,1,15.000,1
3.270000,116.75,15.000,8.990,191,191,72.000,72,72,18.000,39.000,55.000,109,103,164,160,74,74,74,74,74,74,1,0,0,3,30,1,15.000,1
3.275000,118.91,15.000,8.990,191,191,72.000,72,72,18.000,39.000,55.000,109,103,164,160,74,74,74,74,74,74,1,0,0,3,30,1,15.000,1
3.280000,121.07,15.000,8.990,191,191,72.000,72,72,18.000,39.000,55.000,109,103,164,160,74,74,74,74,74,74,1,0,0,3,30,1,15.000,1
3.285000,123.23,15.000,8.990,191,191,72.000,72,72,18.000,39.000,55.000,109,103,164,160,74,74,74,74,74,74,1,0,0,3,30,1,15.000,1
3.290000,125.39,15.000,8.990,191,191,72.000,71,71,18.000,39.000,55.000,108,101,162,160,74,74,74,74,74,74,1,0,0,3,30,1,15.000,1
3.295000,127.55,15.000,8.990,191,191,72.000,71,71,18.000,39.000,55.000,108,101,162,160,74,74,74,74,74,74,1,0,0,3,30,1,15.000,1
3.300000,129.71,15.000,8.990,191,191,72.000,71,71,18.000,39.000,55.000,108,101,162,160,74,74,74,74,74,74,1,0,0,3,30,1,15.000,1
3.305000,131.87,15.000,8.990,191,191,72.000,71,71,18.000,39.000,55.000,108,101,162,160,74,74,74,74,74,74,1,0,0,3,30,1,15.000,1
3.310000,134.03,15.000,8.990,191,191,72.000,71,71,18.000,39.000,55.000,108,101,162,160,74,74,74,74,74,74,1,0,0,3,30,1,15.000,1
3.315000,136.19,15.000,8.990,191,191,72.000,71,71,18.000,39.000,55.000,108,101,162,160,74,74,74,74,74,74,1,0,0,3,30,1,15.000,1
3.320000,138.35,15.000,8.990,191,191,72.000,71,71,18.000,39.000,55.000,108,101,162,160,74,74,74,74,74,74,1,0,0,3,30,1,15.000,1
3.325000,140.51,15.000,8.990,191,191,72.000,71,71,18.000,39.000,55.000,108,101,162,160,74,74,74,74,74,74,1,0,0,3,30,1,15.000,1
3.330000,142.67,15.000,8.990,191,191,72.000,71,71,18.000,39.000,55.000,108,101,162,160,74,74,74,74,74,74,1,0,0,3,30,1,15.000,1
3.335000,144.83,15.000,8.990,191,191,72.000,71,71,18.000,39.000,55.000,108,101,162,160,74,74,74,74,74,74,1,0,0,3,30,1,15.000,1
3.340000,146.99,15.000,8.990,191,191,72.000,71,71,18.000,39.000,55.000,108,101,162,160,74,74,74,74,74,74,1,0,0,3,30,1,15.000,1
3.345000,149.15,15.000,8.990,191,191,72.000,71,71,18.000,39.000,55.000,108,101,162,160,74,74,74,74,74,74,1,0,0,3,30,1,15.000,1
3.350000,151.31,15.000,8.990,191,191,72.000,71,71,18.000,39.000,55.000,108,101,162,160,74,74,74,74,74,74,1,0,0,3,30,1,15.000,1
3.355000,153.47,15.000,8.990,191,191,72.000,71,71,18.000,39.000,55.000,108,101,162,160,74,74,74,74,74,74,1,0,0,3,30,1,15.000,1
3.360000,155.63,15.000,8.990,191,191,72.000,71,71,18.000,39.000,55.000,108,101,162,160,74,74,74,74,74,74,1,0,0,3,30,1,15.000,1
3.365000,157.79,15.000,8.990,191,191,72.000,71,71,18.000,39.000,55.000,108,101,162,160,74,74,74,74,74,74,1,0,0,3,30,1,15.000,1
3.370000,159.95,15.000,8.990,191,191,72.000,71,71,18.000,39.000,55.000,108,101,162,160,74,74,74,74,74,74,1,0,0,3,30,1,15.000,1
3.375000,162.11,15.000,8.990,191,191,72.000,71,71,18.000,39.000,55.000,108,101,162,160,74,74,74,74,74,74,1,0,0,3,30,1,15.000,1
3.380000,164.27,15.000,8.990,191,191,72.000,71,71,18.000,39.000,55.000,108,101,162,160,74,74,74,74,74,74,1,0,0,3,30,1,15.000,1
3.385000,166.43,15.000,8.990,191,191,72.000,71,71,18.000,39.000,55.000,108,101,162,160,74,74,74,74,74,74,1,0,0,3,30,1,15.000,1
3.390000,168.59,15.000,8.990,191,191,72.000,71,71,18.000,39.000,55.000,108,101,162,160,74,74,74,74,74,74,1,0,0,3,30,1,15.000,1
3.395000,170.75,15.000,8.990,191,191,72.000,71,71,18.000,39.000,55.000,108,101,162,160,74,74,74,74,74,74,1,0,0,3,30,1,15.000,1
3.400000,172.91,15.000,8.990,191,191,72.000,71,71,18.000,39.000,55.000,108,101,162,160,74,74,74,74,74,74,1,0,0,3,30,1,15.000,1
3.405000,175.07,15.000,8.990,191,191,72.000,71,71,18.000,39.000,55.000,108,101,162,160,74,74,74,74,74,74,1,0,0,3,30,1,15.000,1
3.410000,177.23,15.000,8.990,191,191,72.000,71,71,18.000,39.000,55.000,108,101,162,160,74,74,74,74,74,74,1,0,0,3,30,1,15.000,1
3.415000,179.39,15.000,8.990,191,191,72.000,71,71,18.000,39.000,55.000,108,101,162,160,74,74,74,74,74,74,1,0,0,3,30,1,15.000,1
3.420000,181.55,15.000,8.990,191,191,72.000,71,71,18.000,39.000,55.000,108,101,162,160,74,74,74,74,74,74,1,0,0,3,30,1,15.000,1
3.425000,183.71,15.000,8.990,191,191,72.000,71,71,18.000,39.000,55.000,108,101,162,160,74,74,74,74,74,74,1,0,0,3,30,1,15.000,1
3.430000,185.87,15.000,8.990,191,191,72.000,71,71,18.000,39.000,55.000,108,101,162,160,74,74,74,74,74,74,1,0,0,3,30,1,15.000,1
3.435000,188.03,15.000,8.990,191,191,72.000,71,71,18.000,39.000,55.000,108,101,162,160,74,74,74,74,74,74,1,0,0,3,30,1,15.000,1
3.440000,190.19,15.000,8.990,191,191,72.000,71,71,18.000,39.000,55.000,108,101,162,160,74,74,74,74,74,74,1,0,0,3,30,1,15.000,1
3.445000,192.35,15.000,8.990,191,191,72.000,71,71,18.000,39.000,55.000,108,101,162,160,74,74,74,74,74,74,1,0,0,3,30,1,15.000,1
3.450000,194.51,15.000,8.990,191,191,72.000,71,71,18.000,39.000,55.000,108,101,162,160,74,74,74,74,74,74,1,0,0,3,30,1,15.000,1
3.455000,196.67,15.000,8.990,191,191,72.000,71,71,18.000,39.000,55.000,108,101,162,160,74,74,74,74,74,74,1,0,0,3,30,1,15.000,1
3.460000,198.83,15.000,8.990,191,191,72.000,71,71,18.000,39.000,55.000,108,101,162,160,74,74,74,74,74,74,1,0,0,3,30,1,15.000,1
3.465000,200.99,15.000,8.990,191,191,72.000,71,71,18.000,39.000,55.000,108,101,162,160,74,74,74,74,74,74,1,0,0,3,30,1,15.000,1
3.470000,203.15,15.000,8.990,191,191,72.000,71,71,18.000,39.000,55.000,108,101,162,160,74,74,74,74,74,74,1,0,0,3,30,1,15.000,1
3.475000,205.31,15.000,8.990,191,191,72.000,71,71,18.000,39.000,55.000,108,101,162,160,74,74,74,74,74,74,1,0,0,3,30,1,15.000,1
3.480000,207.47,15.000,8.990,191,191,72.000,71,71,18.000,39.000,55.000,108,101,162,160,74,74,74,74,74,74,1,0,0,3,30,1,15.000,1
3.485000,209.63,15.000,8.990,191,191,72.000,71,71,18.000,39.000,55.000,108,101,162,160,74,74,74,74,74,74,1,0,0,3,30,1,15.000,1
3.490000,211.79,15.000,8.990,191,191,72.000,71,71,18.000,39.000,55.000,108,101,162,160,74,74,74,74,74,74,1,0,0,3,30,1,15.000,1
3.495000,213.95,15.000,8.990,191,191,72.000,71,71,18.000,39.000,55.000,108,101,162,160,74,74,74,74,74,74,1,0,0,3,30,1,15.000,1
3.500000,216.11,15.000,8.990,191,191,72.000,71,71,18.000,39.000,55.000,108,101,162,160,74,74,74,74,74,74,1,0,0,3,30,1,15.000,1
3.505000,218.27,15.000,8.990,191,191,72.000,71,71,18.000,39.000,55.000,108,101,162,160,74,74,74,74,74,74,1,0,0,3,30,1,15.000,1
3.510000,220.43,15.000,8.990,191,191,72.000,71,71,18.000,39.000,55.000,108,101,162,160,74,74,74,74,74,74,1,0,0,3,30,1,15.000,1
3.515000,222.59,15.000,8.990,191,191,72.000,71,71,18.000,39.000,55.000,108,101,162,160,74,74,74,74,74,74,1,0,0,3,30,1,15.000,1
3.520000,224.75,15.000,8.990,191,191,72.000,71,71,18.000,39.000,55.000,108,101,162,160,74,74,74,74,74,74,1,0,0,3,30,1,15.000,1
3.525000,226.91,15.000,8.990,191,191,72.000,71,71,18.000,39.000,55.000,108,101,162,160,74,74,74,74,74,74,1,0,0,3,30,1,15.000,1
3.530000,229.07,15.000,8.990,191,191,72.000,71,71,18.000,39.000,55.000,108,101,162,160,74,74,74,74,74,74,1,0,0,3,30,1,15.000,1
3.535000,231.23,15.000,8.990,191,191,72.000,71,71,18.000,39.000,55.000,108,101,162,160,74,74,74,74,74,74,1,0,0,3,30,1,15.000,1
3.540000,233.39,15.000,8.990,191,191,72.000,71,71,18.000,39.000,55.000,108,101,162,160,74,74,74,74,74,74,1,0,0,3,30,1,15.000,1
3.545000,235.55,15.000,8.990,191,191,72.000,71,71,18.000,39.000,55.000,108,101,162,160,74,74,74,74,74,74,1,0,0,3,30,1,15.000,1
3.550000,237.71,15.000,8.990,191,191,72.000,71,71,18.000,39.000,55.000,108,101,162,160,74,74,74,74,74,74,1,0,0,3,30,1,15.000,1
3.555000,239.87,15.000,8.990,191,191,72.000,71,71,18.000,39.000,55.000,108,101,162,160,74,74,74,74,74,74,1,0,0,3,30,1,15.000,1
3.560000,242.03,15.000,8.990,191,191,72.000,71,71,18.000,39.000,55.000,108,101,162,160,74,74,74,74,74,74,1,0,0,3,30,1,15.000,1
3.565000,244.19,15.000,8.990,191,191,72.000,72,72,18.000,39.000,55.000,109,103,164,160,74,74,74,74,74,74,1,0,0,3,30,1,15.000,1
3.570000,246.35,15.000,8.990,191,191,72.000,72,72,18.000,39.000,55.000,109,103,164,160,74,74,74,74,74,74,1,0,0,3,30,1,15.000,1
3.575000,248.51,15.000,8.990,191,191,72.000,72,72,18.000,39.000,55.000,109,103,164,160,74,74,74,74,74,74,1,0,0,3,30,1,15.000,1
3.580000,250.67,15.000,8.990,191,191,72.000,72,72,18.000,39.000,55.000,109,103,164,160,74,74,74,74,74,74,1,0,0,3,30,1,15.000,1
3.585000,252.83,15.000,8.990,191,191,72.000,72,72,18.000,39.000,55.000,109,103,164,160,74,74,74,74,74,74,1,0,0,3,30,1,15.000,1
3.590000,254.99,15.000,8.990,191,191,72.000,72,72,18.000,39.000,55.000,109,103,164,160,74,74,74,74,74,74,1,0,0,3,30,1,15.000,1
3.595000,257.15,15.000,8.990,191,191,72.000,72,72,18.000,39.000,55.000,109,103,164,160,74,74,74,74,74,74,1,0,0,3,30,1,15.000,1
3.600000,259.31,15.000,8.990,191,191,72.000,71,71,18.000,39.000,55.000,108,101,162,160,74,74,74,74,74,74,1,0,0,3,30,1,15.000,1
3.605000,261.47,15.000,8.990,191,191,72.000,71,71,18.000,39.000,55.000,108,101,162,160,74,74,74,74,74,74,1,0,0,3,30,1,15.000,1
3.610000,263.63,15.000,8.990,191,191,72.000,71,71,18.000,39.000,55.000,108,101,162,160,74,74,74,74,74,74,1,0,0,3,30,1,15.000,1
3.615000,265.79,15.000,8.990,191,191,72.000,71,71,18.000,39.000,55.000,108,101,162,160,74,74,74,74,74,74,1,0,0,3,30,1,15.000,1
3.620000,267.95,15.000,8.990,191,191,72.000,71,71,18.000,39.000,55.000,108,101,162,160,74,74,74,74,74,74,1,0,0,3,30,1,15.000,1
3.625000,270.11,15.000,8.990,191,191,72.000,71,71,18.000,39.000,55.000,108,101,162,160,74,74,74,74,74,74,1,0,0,3,30,1,15.000,1
3.630000,272.27,15.000,8.990,191,191,72.000,71,71,18.000,39.000,55.000,108,101,162,160,74,74,74,74,74,74,1,0,0,3,30,1,15.000,1
3.635000,274.43,15.000,8.990,191,191,72.000,71,71,18.000,39.000,55.000,108,101,162,160,74,74,74,74,74,74,1,0,0,3,30,1,15.000,1
3.640000,276.59,15.000,8.990,191,191,72.000,71,71,18.000,39.000,55.000,108,101,162,160,74,74,74,74,74,74,1,0,0,3,30,1,15.000,1
3.645000,278.75,15.000,8.990,191,191,72.000,71,71,18.000,39.000,55.000,108,101,162,160,74,74,74,74,74,74,1,0,0,3,30,1,15.000,1
3.650000,280.91,15.000,8.990,191,191,72.000,71,71,18.000,39.000,55.000,108,101,162,160,74,74,74,74,74,74,1,0,0,3,30,1,15.000,1
3.655000,283.07,15.000,8.990,191,191,72.000,71,71,18.000,39.000,55.000,108,101,162,160,74,74,74,74,74,74,1,0,0,3,30,1,15.000,1
3.660000,285.23,15.000,8.990,191,191,72.000,71,71,18.000,39.000,55.000,108,101,162,160,74,74,74,74,74,74,1,0,0,3,30,1,15.000,1
3.665000,287.39,15.000,8.990,191,191,72.000,71,71,18.000,39.000,55.000,108,101,162,160,74,74,74,74,74,74,1,0,0,3,30,1,15.000,1
3.670000,289.55,15.000,8.990,191,191,72.000,71,71,18.000,39.000,55.000,108,101,162,160,74,74,74,74,74,74,1,0,0,3,30,1,15.000,1
3.675000,291.71,15.000,8.990,191,191,72.000,71,71,18.000,39.000,55.000,108,101,162,160,74,74,74,74,74,74,1,0,0,3,30,1,15.000,1
3.680000,293.87,15.000,8.990,191,191,72.000,71,71,18.000,39.000,55.000,108,101,162,160,74,74,74,74,74,74,1,0,0,3,30,1,15.000,1
3.685000,296.03,15.000,8.990,191,191,72.000,71,71,18.000,39.000,55.000,108,101,162,160,74,74,74,74,74,74,1,0,0,3,30,1,15.000,1
3.690000,298.19,15.000,8.990,191,191,72.000,71,71,18.000,39.000,55.000,108,101,162,160,74,74,74,74,74,74,1,0,0,3,30,1,15.000,1
3.695000,300.35,15.000,8.990,191,191,72.000,71,71,18.000,39.000,55.000,108,101,162,160,74,74,74,74,74,74,1,0,0,3,30,1,15.000,1
3.700000,302.51,15.000,8.990,191,191,72.000,71,71,18.000,39.000,55.000,108,101,162,160,74,74,74,74,74,74,1,0,0,3,30,1,15.000,1
3.705000,304.67,15.000,8.990,191,191,72.000,71,71,18.000,39.000,55.000,108,101,162,160,74,74,74,74,74,74,1,0,0,3,30,1,15.000,1
3.710000,306.83,15.000,8.990,191,191,72.000,71,71,18.000,39.000,55.000,108,101,162,160,74,74,74,74,74,74,1,0,0,3,30,1,15.000,1
3.715000,308.99,15.000,8.990,191,191,72.000,71,71,18.000,39.000,55.000,108,101,162,160,74,74,74,74,74,74,1,0,0,3,30,1,15.000,1
3.720000,311.15,15.000,8.990,191,191,72.000,71,71,18.000,39.000,55.000,108,101,162,160,74,74,74,74,74,74,1,0,0,3,30,1,15.000,1
3.725000,313.31,15.000,8.990,191,191,72.000,71,71,18.000,39.000,55.000,108,101,162,160,74,74,74,74,74,74,1,0,0,3,30,1,15.000,1
3.730000,315.47,15.000,8.990,191,191,72.000,71,71,18.000,39.000,55.000,108,101,162,160,74,74,74,74,74,74,1,0,0,3,30,1,15.000,1
3.735000,317.63,15.000,8.990,191,191,72.000,71,71,18.000,39.000,55.000,108,101,162,160,74,74,74,74,74,74,1,0,0,3,30,1,15.000,1
3.740000,319.79,15.000,8.990,191,191,72.000,71,71,18.000,39.000,55.000,108,101,162,160,74,74,74,74,74,74,1,0,0,3,30,1,15.000,1
3.745000,321.95,15.000,8.990,191,191,72.000,71,71,18.000,39.000,55.000,108,101,162,160,74,74,74,74,74,74,1,0,0,3,30,1,15.000,1
3.750000,324.11,15.000,8.990,191,191,72.000,71,71,18.000,39.000,55.000,108,101,162,160,74,74,74,74,74,74,1,0,0,3,30,1,15.000,1
3.755000,326.27,15.000,8.990,191,191,72.000,71,71,18.000,39.000,55.000,108,101,162,160,74,74,74,74,74,74,1,0,0,3,30,1,15.000,1
3.760000,328.43,15.000,8.990,191,191,72.000,71,71,18.000,39.000,55.000,108,101,162,160,74,74,74,74,74,74,1,0,0,3,30,1,15.000,1
3.765000,330.59,15.000,8.990,191,191,72.000,71,71,18.000,39.000,55.000,108,101,162,160,74,74,74,74,74,74,1,0,0,3,30,1,15.000,1
3.770000,332.75,15.000,8.990,191,191,72.000,71,71,18.000,39.000,55.000,108,101,162,160,74,74,74,74,74,74,1,0,0,3,30,1,15.000,1
3.775000,334.91,15.000,8.990,191,191,72.000,71,71,18.000,39.000,55.000,108,101,162,160,74,74,74,74,74,74,1,0,0,3,30,1,15.000,1
3.780000,337.07,15.000,8.990,191,191,72.000,71,71,18.000,39.000,55.000,108,101,162,160,74,74,74,74,74,74,1,0,0,3,30,1,15.000,1
3.785000,339.23,15.000,8.990,191,191,72.000,71,71,18.000,39.000,55.000,108,101,162,160,74,74,74,74,74,74,1,0,0,3,30,1,15.000,1
3.790000,341.39,15.000,8.990,191,191,72.000,71,71,18.000,39.000,55.000,108,101,162,160,74,74,74,74,74,74,1,0,0,3,30,1,15.000,1
3.795000,343.55,15.000,8.990,191,191,72.000,71,71,18.000,39.000,55.000,108,101,162,160,74,74,74,74,74,74,1,0,0,3,30,1,15.000,1
3.800000,345.71,15.000,8.990,191,191,72.000,71,71,18.000,39.000,55.000,108,101,162,160,74,74,74,74,74,74,1,0,0,3,30,1,15.000,1
3.805000,347.87,15.000,8.990,191,191,72.000,71,71,18.000,39.000,55.000,108,101,162,160,74,74,74,74,74,74,1,0,0,3,30,1,15.000,1
3.810000,350.03,15.000,8.990,191,191,72.000,71,71,18.000,39.000,55.000,108,101,162,160,74,74,74,74,74,74,1,0,0,3,30,1,15.000,1
3.815000,352.19,15.000,8.990,191,191,72.000,71,71,18.000,39.000,55.000,108,101,162,160,74,74,74,74,74,74,1,0,0,3,30,1,15.000,1
3.820000,354.35,15.000,8.990,191,191,72.000,71,71,18.000,39.000,55.000,108,101,162,160,74,74,74,74,74,74,1,0,0,3,30,1,15.000,1
3.825000,356.51,15.000,8.990,191,191,72.000,71,71,18.000,39.000,55.000,108,101,162,160,74,74,74,74,74,74,1,0,0,3,30,1,15.000,1
3.830000,358.67,15.000,8.990,191,191,72.000,71,71,18.000,39.000,55.000,108,101,162,160,74,74,74,74,74,74,1,0,0,3,30,1,15.000,1
3.835000,0.83,15.000,8.990,191,191,72.000,71,71,18.000,39.000,55.000,108,101,162,160,74,74,74,74,74,74,1,0,0,3,30,1,15.000,1
3.840000,2.99,15.000,8.990,191,191,72.000,71,71,18.000,39.000,55.000,108,101,162,160,74,74,74,74,74,74,1,0,0,3,30,1,15.000,1
3.845000,5.15,15.000,8.990,191,191,72.000,71,71,18.000,39.000,55.000,108,101,162,160,74,74,74,74,74,74,1,0,0,3,30,1,15.000,1
3.850000,7.31,15.000,8.990,191,191,72.000,71,71,18.000,39.000,55.000,108,101,162,160,74,74,74,74,74,74,1,0,0,3,30,1,15.000,1
3.855000,9.47,15.000,8.990,191,191,72.000,71,71,18.000,39.000,55.000,108,101,162,160,74,74,74,74,74,74,1,0,0,3,30,1,15.000,1
3.860000,11.63,15.000,8.990,191,191,72.000,71,71,18.000,39.000,55.000,108,101,162,160,74,74,74,74,74,74,1,0,0,3,30,1,15.000,1
3.865000,13.79,15.000,8.990,191,191,72.000,71,71,18.000,39.000,55.000,108,101,162,160,74,74,74,74,74,74,1,0,0,3,30,1,15.000,1
3.870000,15.95,15.000,8.990,191,191,72.000,71,71,18.000,39.000,55.000,108,101,162,160,74,74,74,74,74,74,1,0,0,3,30,1,15.000,1
3.875000,18.11,15.000,8.990,191,191,72.000,71,71,18.000,39.000,55.000,108,101,162,160,74,74,74,74,74,74,1,0,0,3,30,1,15.000,1
3.880000,20.27,15.000,8.990,191,191,72.000,72,72,18.000,39.000,55.000,109,103,164,160,74,74,74,74,74,74,1,0,0,3,30,1,15.000,1
3.885000,22.43,15.000,8.990,191,191,72.000,72,72,18.000,39.000,55.000,109,103,164,160,74,74,74,74,74,74,1,0,0,3,30,1,15.000,1
3.890000,24.59,15.000,8.990,191,191,72.000,72,72,18.000,39.000,55.000,109,103,164,160,74,74,74,74,74,74,1,0,0,3,30,1,15.000,1
3.895000,26.75,15.000,8.990,191,191,72.000,72,72,18.000,39.000,55.000,109,103,164,160,74,74,74,74,74,74,1,0,0,3,30,1,15.000,1
3.900000,28.91,15.000,8.990,191,191,72.000,72,72,18.000,39.000,55.000,109,103,164,160,74,74,74,74,74,74,1,0,0,3,30,1,15.000,1
3.905000,31.07,15.000,8.990,191,191,72.000,72,72,18.000,39.000,55.000,109,103,164,160,74,74,74,74,74,74,1,0,0,3,30,1,15.000,1
3.910000,33.23,15.000,8.990,191,191,72.000,72,72,18.000,39.000,55.000,109,103,164,160,74,74,74,74,74,74,1,0,0,3,30,1,15.000,1
3.915000,35.39,15.000,8.990,191,191,72.000,71,71,18.000,39.000,55.000,108,101,162,160,74,74,74,74,74,74,1,0,0,3,30,1,15.000,1
3.920000,37.55,15.000,8.990,191,191,72.000,71,71,18.000,39.000,55.000,108,101,162,160,74,74,74,74,74,74,1,0,0,3,30,1,15.000,1
3.925000,39.71,15.000,8.990,191,191,72.000,71,71,18.000,39.000,55.000,108,101,162,160,74,74,74,74,74,74,1,0,0,3,30,1,15.000,1
3.930000,41.87,15.000,8.990,191,191,72.000,71,71,18.000,39.000,55.000,108,101,162,160,74,74,74,74,74,74,1,0,0,3,30,1,15.000,1
3.935000,44.03,15.000,8.990,191,191,72.000,71,71,18.000,39.000,55.000,108,101,162,160,74,74,74,74,74,74,1,0,0,3,30,1,15.000,1
3.940000,46.19,15.000,8.990,191,191,72.000,71,71,18.000,39.000,55.000,108,101,162,160,74,74,74,74,74,74,1,0,0,3,30,1,15.000,1
3.945000,48.35,15.000,8.990,191,191,72.000,71,71,18.000,39.000,55.000,108,101,162,160,74,74,74,74,74,74,1,0,0,3,30,1,15.000,1
3.950000,50.51,15.000,8.990,191,191,72.000,71,71,18.000,39.000,55.000,108,101,162,160,74,74,74,74,74,74,1,0,0,3,30,1,15.000,1
3.955000,52.67,15.000,8.990,191,191,72.000,71,71,18.000,39.000,55.000,108,101,162,160,74,74,74,74,74,74,1,0,0,3,30,1,15.000,1
3.960000,54.83,15.000,8.990,191,191,72.000,71,71,18.000,39.000,55.000,108,101,162,160,74,74,74,74,74,74,1,0,0,3,30,1,15.000,1
3.965000,56.99,15.000,8.990,191,191,72.000,71,71,18.000,39.000,55.000,108,101,162,160,74,74,74,74,74,74,1,0,0,3,30,1,15.000,1
3.970000,59.15,15.000,8.990,191,191,72.000,71,71,18.000,39.000,55.000,108,101,162,160,74,74,74,74,74,74,1,0,0,3,30,1,15.000,1
3.975000,61.31,15.000,8.990,191,191,72.000,71,71,18.000,39.000,55.000,108,101,162,160,74,74,74,74,74,74,1,0,0,3,30,1,15.000,1
3.980000,63.47,15.000,8.990,191,191,72.000,71,71,18.000,39.000,55.000,108,101,162,160,74,74,74,74,74,74,1,0,0,3,30,1,15.000,1
3.985000,65.63,15.000,8.990,191,191,72.000,71,71,18.000,39.000,55.000,108,101,162,160,74,74,74,74,74,74,1,0,0,3,30,1,15.000,1
3.990000,67.79,15.000,8.990,191,191,72.000,71,71,18.000,39.000,55.000,108,101,162,160,74,74,74,74,74,74,1,0,0,3,30,1,15.000,1
3.995000,69.95,15.000,8.990,191,191,72.000,71,71,18.000,39.000,55.000,108,101,162,160,74,74,74,74,74,74,1,0,0,3,30,1,15.000,1
4.000000,72.11,15.000,8.990,191,191,72.000,71,71,18.000,39.000,55.000,108,101,162,160,74,74,74,74,74,74,1,0,0,3,30,1,15.000,1
4.005000,74.27,15.000,8.990,191,191,72.000,71,71,18.000,39.000,55.000,108,101,162,160,74,74,74,74,74,74,1,0,0,3,30,1,15.000,1
4.010000,76.43,15.000,8.990,191,191,72.000,71,71,18.000,39.000,55.000,108,101,162,160,74,74,74,74,74,74,1,0,0,3,30,1,15.000,1
4.015000,78.59,15.000,8.990,191,191,72.000,71,71,18.000,39.000,55.000,108,101,162,160,74,74,74,74,74,74,1,0,0,3,30,1,15.000,1
4.020000,80.75,15.000,8.990,191,191,72.000,71,71,18.000,39.000,55.000,108,101,162,160,74,74,74,74,74,74,1,0,0,3,30,1,15.000,1
4.025000,82.91,15.000,8.990,191,191,72.000,71,71,18.000,39.000,55.000,108,101,162,160,74,74,74,74,74,74,1,0,0,3,30,1,15.000,1
4.030000,85.07,15.000,8.990,191,191,72.000,71,71,18.000,39.000,55.000,108,101,162,160,74,74,74,74,74,74,1,0,0,3,30,1,15.000,1
4.035000,87.23,15.000,8.990,191,191,72.000,71,71,18.000,39.000,55.000,108,101,162,160,74,74,74,74,74,74,1,0,0,3,30,1,15.000,1
4.040000,89.39,15.000,8.990,191,191,72.000,71,71,18.000,39.000,55.000,108,101,162,160,74,74,74,74,74,74,1,0,0,3,30,1,15.000,1
4.045000,91.55,15.000,8.990,191,191,72.000,71,71,18.000,39.000,55.000,108,101,162,160,74,74,74,74,74,74,1,0,0,3,30,1,15.000,1
4.050000,93.71,15.000,8.990,191,191,72.000,71,71,18.000,39.000,55.000,108,101,162,160,74,74,74,74,74,74,1,0,0,3,30,1,15.000,1
4.055000,95.87,15.000,8.990,191,191,72.000,71,71,18.000,39.000,55.000,108,101,162,160,74,74,74,74,74,74,1,0,0,3,30,1,15.000,1
4.060000,98.03,15.000,8.990,191,191,72.000,71,71,18.000,39.000,55.000,108,101,162,160,74,74,74,74,74,74,1,0,0,3,30,1,15.000,1
4.065000,100.19,15.000,8.990,191,191,72.000,71,71,18.000,39.000,55.000,108,101,162,160,74,74,74,74,74,74,1,0,0,3,30,1,15.000,1
4.070000,102.35,15.000,8.990,191,191,72.000,71,71,18.000,39.000,55.000,108,101,162,160,74,74,74,74,74,74,1,0,0,3,30,1,15.000,1
4.075000,104.51,15.000,8.990,191,191,72.000,71,71,18.000,39.000,55.000,108,101,162,160,74,74,74,74,74,74,1,0,0,3,30,1,15.000,1
4.080000,106.67,15.000,8.990,191,191,72.000,71,71,18.000,39.000,55.000,108,101,162,160,74,74,74,74,74,74,1,0,0,3,30,1,15.000,1
4.085000,108.83,15.000,8.990,191,191,72.000,71,71,18.000,39.000,55.000,108,101,162,160,74,74,74,74,74,74,1,0,0,3,30,1,15.000,1
4.090000,110.99,15.000,8.990,191,191,72.000,71,71,18.000,39.000,55.000,108,101,162,160,74,74,74,74,74,74,1,0,0,3,30,1,15.000,1
4.095000,113.15,15.000,8.990,191,191,72.000,71,71,18.000,39.000,55.000,108,101,162,160,74,74,74,74,74,74,1,0,0,3,30,1,15.000,1
4.100000,115.31,15.000,8.990,191,191,72.000,71,71,18.000,39.000,55.000,108,101,162,160,74,74,74,74,74,74,1,0,0,3,30,1,15.000,1
4.105000,117.47,15.000,8.990,191,191,72.000,71,71,18.000,39.000,55.000,108,101,162,160,74,74,74,74,74,74,1,0,0,3,30,1,15.000,1
4.110000,119.63,15.000,8.990,191,191,72.000,71,71,18.000,39.000,55.000,108,101,162,160,74,74,74,74,74,74,1,0,0,3,30,1,15.000,1
4.115000,121.79,15.000,8.990,191,191,72.000,71,71,18.000,39.000,55.000,108,101,162,160,74,74,74,74,74,74,1,0,0,3,30,1,15.000,1
4.120000,123.95,15.000,8.990,191,191,72.000,71,71,18.000,39.000,55.000,108,101,162,160,74,74,74,74,74,74,1,0,0,3,30,1,15.000,1
4.125000,126.11,15.000,8.990,191,191,72.000,71,71,18.000,39.000,55.000,108,101,162,160,74,74,74,74,74,74,1,0,0,3,30,1,15.000,1
4.130000,128.27,15.000,8.990,191,191,72.000,71,71,18.000,39.000,55.000,108,101,162,160,74,74,74,74,74,74,1,0,0,3,30,1,15.000,1
4.135000,130.43,15.000,8.990,191,191,72.000,71,71,18.000,39.000,55.000,108,101,162,160,74,74,74,74,74,74,1,0,0,3,30,1,15.000,1
4.140000,132.59,15.000,8.990,191,191,72.000,71,71,18.000,39.000,55.000,108,101,162,160,74,74,74,74,74,74,1,0,0,3,30,1,15.000,1
4.145000,134.75,15.000,8.990,191,191,72.000,71,71,18.000,39.000,55.000,108,101,162,160,74,74,74,74,74,74,1,0,0,3,30,1,15.000,1
4.150000,136.91,15.000,8.990,191,191,72.000,71,71,18.000,39.000,55.000,108,101,162,160,74,74,74,74,74,74,1,0,0,3,30,1,15.000,1
4.155000,139.07,15.000,8.990,191,191,72.000,71,71,18.000,39.000,55.000,108,101,162,160,74,74,74,74,74,74,1,0,0,3,30,1,15.000,1
4.160000,141.23,15.000,8.990,191,191,72.000,71,71,18.000,39.000,55.000,108,101,162,160,74,74,74,74,74,74,1,0,0,3,30,1,15.000,1
4.165000,143.39,15.000,8.990,191,191,72.000,71,71,18.000,39.000,55.000,108,101,162,160,74,74,74,74,74,74,1,0,0,3,30,1,15.000,1
4.170000,145.55,15.000,8.990,191,191,72.000,71,71,18.000,39.000,55.000,108,101,162,160,74,74,74,74,74,74,1,0,0,3,30,1,15.000,1
4.175000,147.71,15.000,8.990,191,191,72.000,71,71,18.000,39.000,55.000,108,101,162,160,74,74,74,74,74,74,1,0,0,3,30,1,15.000,1
4.180000,149.87,15.000,8.990,191,191,72.000,71,71,18.000,39.000,55.000,108,101,162,160,74,74,74,74,74,74,1,0,0,3,30,1,15.000,1
4.185000,152.03,15.000,8.990,191,191,72.000,71,71,18.000,39.000,55.000,108,101,162,160,74,74,74,74,74,74,1,0,0,3,30,1,15.000,1
4.190000,154.19,15.000,8.990,191,191,72.000,72,72,18.000,39.000,55.000,109,103,164,160,74,74,74,74,74,74,1,0,0,3,30,1,15.000,1
4.195000,156.35,15.000,8.990,191,191,72.000,72,72,18.000,39.000,55.000,109,103,164,160,74,74,74,74,74,74,1,0,0,3,30,1,15.000,1
4.200000,158.51,15.000,8.990,191,191,72.000,72,72,18.000,39.000,55.000,109,103,164,160,74,74,74,74,74,74,1,0,0,3,30,1,15.000,1
4.205000,160.67,15.000,8.990,191,191,72.000,72,72,18.000,39.000,55.000,109,103,164,160,74,74,74,74,74,74,1,0,0,3,30,1,15.000,1
4.210000,162.83,15.000,8.990,191,191,72.000,72,72,18.000,39.000,55.000,109,103,164,160,74,74,74,74,74,74,1,0,0,3,30,1,15.000,1
4.215000,164.99,15.000,8.990,191,191,72.000,72,72,18.000,39.000,55.000,109,103,164,160,74,74,74,74,74,74,1,0,0,3,30,1,15.000,1
4.220000,167.15,15.000,8.990,191,191,72.000,72,72,18.000,39.000,55.000,109,103,164,160,74,74,74,74,74,74,1,0,0,3,30,1,15.000,1
4.225000,169.31,15.000,8.990,191,191,72.000,71,71,18.000,39.000,55.000,108,101,162,160,74,74,74,74,74,74,1,0,0,3,30,1,15.000,1
4.230000,171.47,15.000,8.990,191,191,72.000,71,71,18.000,39.000,55.000,108,101,162,160,74,74,74,74,74,74,1,0,0,3,30,1,15.000,1
4.235000,173.63,15.000,8.990,191,191,72.000,71,71,18.000,39.000,55.000,108,101,162,160,74,74,74,74,74,74,1,0,0,3,30,1,15.000,1
4.240000,175.79,15.000,8.990,191,191,72.000,71,71,18.000,39.000,55.000,108,101,162,160,74,74,74,74,74,74,1,0,0,3,30,1,15.000,1
4.245000,177.95,15.000,8.990,191,191,72.000,71,71,18.000,39.000,55.000,108,101,162,160,74,74,74,74,74,74,1,0,0,3,30,1,15.000,1
4.250000,180.11,15.000,8.990,191,191,72.000,71,71,18.000,39.000,55.000,108,101,162,160,74,74,74,74,74,74,1,0,0,3,30,1,15.000,1
4.255000,182.27,15.000,8.990,191,191,72.000,71,71,18.000,39.000,55.000,108,101,162,160,74,74,74,74,74,74,1,0,0,3,30,1,15.000,1
4.260000,184.43,15.000,8.990,191,191,72.000,71,71,18.000,39.000,55.000,108,101,162,160,74,74,74,74,74,74,1,0,0,3,30,1,15.000,1
4.265000,186.59,15.000,8.990,191,191,72.000,71,71,18.000,39.000,55.000,108,101,162,160,74,74,74,74,74,74,1,0,0,3,30,1,15.000,1
4.270000,188.75,15.000,8.990,191,191,72.000,71,71,18.000,39.000,55.000,108,101,162,160,74,74,74,74,74,74,1,0,0,3,30,1,15.000,1
4.275000,190.91,15.000,8.990,191,191,72.000,71,71,18.000,39.000,55.000,108,101,162,160,74,74,74,74,74,74,1,0,0,3,30,1,15.000,1
4.280000,193.07,15.000,8.990,191,191,72.000,71,71,18.000,39.000,55.000,108,101,162,160,74,74,74,74,74,74,1,0,0,3,30,1,15.000,1
4.285000,195.23,15.000,8.990,191,191,72.000,71,71,18.000,39.000,55.000,108,101,162,160,74,74,74,74,74,74,1,0,0,3,30,1,15.000,1
4.290000,197.39,15.000,8.990,191,191,72.000,71,71,18.000,39.000,55.000,108,101,162,160,74,74,74,74,74,74,1,0,0,3,30,1,15.000,1
4.295000,199.55,15.000,8.990,191,191,72.000,71,71,18.000,39.000,55.000,108,101,162,160,74,74,74,74,74,74,1,0,0,3,30,1,15.000,1
4.300000,201.71,15.000,8.990,191,191,72.000,71,71,18.000,39.000,55.000,108,101,162,160,74,74,74,74,74,74,1,0,0,3,30,1,15.000,1
4.305000,203.87,15.000,8.990,191,191,72.000,71,71,18.000,39.000,55.000,108,101,162,160,74,74,74,74,74,74,1,0,0,3,30,1,15.000,1
4.310000,206.03,15.000,8.990,191,191,72.000,71,71,18.000,39.000,55.000,108,101,162,160,74,74,74,74,74,74,1,0,0,3,30,1,15.000,1
4.315000,208.19,15.000,8.990,191,191,72.000,71,71,18.000,39.000,55.000,108,101,162,160,74,74,74,74,74,74,1,0,0,3,30,1,15.000,1
4.320000,210.35,15.000,8.990,191,191,72.000,71,71,18.000,39.000,55.000,108,101,162,160,74,74,74,74,74,74,1,0,0,3,30,1,15.000,1
4.325000,212.51,15.000,8.990,191,191,72.000,71,71,18.000,39.000,55.000,108,101,162,160,74,74,74,74,74,74,1,0,0,3,30,1,15.000,1
4.330000,214.67,15.000,8.990,191,191,72.000,71,71,18.000,39.000,55.000,108,101,162,160,74,74,74,74,74,74,1,0,0,3,30,1,15.000,1
4.335000,216.83,15.000,8.990,191,191,72.000,71,71,18.000,39.000,55.000,108,101,162,160,74,74,74,74,74,74,1,0,0,3,30,1,15.000,1
4.340000,218.99,15.000,8.990,191,191,72.000,71,71,18.000,39.000,55.000,108,101,162,160,74,74,74,74,74,74,1,0,0,3,30,1,15.000,1
4.345000,221.15,15.000,8.990,191,191,72.000,71,71,18.000,39.000,55.000,108,101,162,160,74,74,74,74,74,74,1,0,0,3,30,1,15.000,1
4.350000,223.31,15.000,8.990,191,191,72.000,71,71,18.000,39.000,55.000,108,101,162,160,74,74,74,74,74,74,1,0,0,3,30,1,15.000,1
4.355000,225.47,15.000,8.990,191,191,72.000,71,71,18.000,39.000,55.000,108,101,162,160,74,74,74,74,74,74,1,0,0,3,30,1,15.000,1
4.360000,227.63,15.000,8.990,191,191,72.000,71,71,18.000,39.000,55.000,108,101,162,160,74,74,74,74,74,74,1,0,0,3,30,1,15.000,1
4.365000,229.79,15.000,8.990,191,191,72.000,71,71,18.000,39.000,55.000,108,101,162,160,74,74,74,74,74,74,1,0,0,3,30,1,15.000,1
4.370000,231.95,15.000,8.990,191,191,72.000,71,71,18.000,39.000,55.000,108,101,162,160,74,74,74,74,74,74,1,0,0,3,30,1,15.000,1
4.375000,234.11,15.000,8.990,191,191,72.000,71,71,18.000,39.000,55.000,108,101,162,160,74,74,74,74,74,74,1,0,0,3,30,1,15.000,1
4.380000,236.27,15.000,8.990,191,191,72.000,71,71,18.000,39.000,55.000,108,101,162,160,74,74,74,74,74,74,1,0,0,3,30,1,15.000,1
4.385000,238.43,15.000,8.990,191,191,72.000,71,71,18.000,39.000,55.000,108,101,162,160,74,74,74,74,74,74,1,0,0,3,30,1,15.000,1
4.390000,240.59,15.000,8.990,191,191,72.000,71,71,18.000,39.000,55.000,108,101,162,160,74,74,74,74,74,74,1,0,0,3,30,1,15.000,1
4.395000,242.75,15.000,8.990,191,191,72.000,71,71,18.000,39.000,55.000,108,101,162,160,74,74,74,74,74,74,1,0,0,3,30,1,15.000,1
4.400000,244.91,15.000,8.990,191,191,72.000,71,71,18.000,39.000,55.000,108,101,162,160,74,74,74,74,74,74,1,0,0,3,30,1,15.000,1
4.405000,247.07,15.000,8.990,191,191,72.000,71,71,18.000,39.000,55.000,108,101,162,160,74,74,74,74,74,74,1,0,0,3,30,1,15.000,1
4.410000,249.23,15.000,8.990,191,191,72.000,71,71,18.000,39.000,55.000,108,101,162,160,74,74,74,74,74,74,1,0,0,3,30,1,15.000,1
4.415000,251.39,15.000,8.990,191,191,72.000,71,71,18.000,39.000,55.000,108,101,162,160,74,74,74,74,74,74,1,0,0,3,30,1,15.000,1
4.420000,253.55,15.000,8.990,191,191,72.000,71,71,18.000,39.000,55.000,108,101,162,160,74,74,74,74,74,74,1,0,0,3,30,1,15.000,1
4.425000,255.71,15.000,8.990,191,191,72.000,71,71,18.000,39.000,55.000,108,101,162,160,74,74,74,74,74,74,1,0,0,3,30,1,15.000,1
4.430000,257.87,15.000,8.990,191,191,72.000,71,71,18.000,39.000,55.000,108,101,162,160,74,74,74,74,74,74,1,0,0,3,30,1,15.000,1
4.435000,260.03,15.000,8.990,191,191,72.000,71,71,18.000,39.000,55.000,108,101,162,160,74,74,74,74,74,74,1,0,0,3,30,1,15.000,1
4.440000,262.19,15.000,8.990,191,191,72.000,71,71,18.000,39.000,55.000,108,101,162,160,74,74,74,74,74,74,1,0,0,3,30,1,15.000,1
4.445000,264.35,15.000,8.990,191,191,72.000,71,71,18.000,39.000,55.000,108,101,162,160,74,74,74,74,74,74,1,0,0,3,30,1,15.000,1
4.450000,266.51,15.000,8.990,191,191,72.000,71,71,18.000,39.000,55.000,108,101,162,160,74,74,74,74,74,74,1,0,0,3,30,1,15.000,1
4.455000,268.67,15.000,8.990,191,191,72.000,71,71,18.000,39.000,55.000,108,101,162,160,74,74,74,74,74,74,1,0,0,3,30,1,15.000,1
4.460000,270.83,15.000,8.990,191,191,72.000,71,71,18.000,39.000,55.000,108,101,162,160,74,74,74,74,74,74,1,0,0,3,30,1,15.000,1
4.465000,272.99,15.000,8.990,191,191,72.000,71,71,18.000,39.000,55.000,108,101,162,160,74,74,74,74,74,74,1,0,0,3,30,1,15.000,1
4.470000,275.15,15.000,8.990,191,191,72.000,71,71,18.000,39.000,55.000,108,101,162,160,74,74,74,74,74,74,1,0,0,3,30,1,15.000,1
4.475000,277.31,15.000,8.990,191,191,72.000,71,71,18.000,39.000,55.000,108,101,162,160,74,74,74,74,74,74,1,0,0,3,30,1,15.000,1
4.480000,279.47,15.000,8.990,191,191,72.000,71,71,18.000,39.000,55.000,108,101,162,160,74,74,74,74,74,74,1,0,0,3,30,1,15.000,1
4.485000,281.63,15.000,8.990,191,191,72.000,71,71,18.000,39.000,55.000,108,101,162,160,74,74,74,74,74,74,1,0,0,3,30,1,15.000,1
4.490000,283.79,15.000,8.990,191,191,72.000,71,71,18.000,39.000,55.000,108,101,162,160,74,74,74,74,74,74,1,0,0,3,30,1,15.000,1
4.495000,285.95,15.000,8.990,191,191,72.000,71,71,18.000,39.000,55.000,108,101,162,160,74,74,74,74,74,74,1,0,0,3,30,1,15.000,1
4.500000,288.11,15.000,8.990,191,191,72.000,71,71,18.000,39.000,55.000,108,101,162,160,74,74,74,74,74,74,1,0,0,3,30,1,15.000,1
4.505000,290.27,15.000,8.990,191,191,72.000,72,72,18.000,39.000,55.000,109,103,164,160,74,74,74,74,74,74,1,0,0,3,30,1,15.000,1
4.510000,292.43,15.000,8.990,191,191,72.000,72,72,18.000,39.000,55.000,109,103,164,160,74,74,74,74,74,74,1,0,0,3,30,1,15.000,1
4.515000,294.59,15.000,8.990,191,191,72.000,72,72,18.000,39.000,55.000,109,103,164,160,74,74,74,74,74,74,1,0,0,3,30,1,15.000,1
4.520000,296.75,15.000,8.990,191,191,72.000,72,72,18.000,39.000,55.000,109,103,164,160,74,74,74,74,74,74,1,0,0,3,30,1,15.000,1
4.525000,298.91,15.000,8.990,191,191,72.000,72,72,18.000,39.000,55.000,109,103,164,160,74,74,74,74,74,74,1,0,0,3,30,1,15.000,1
4.530000,301.07,15.000,8.990,191,191,72.000,72,72,18.000,39.000,55.000,109,103,164,160,74,74,74,74,74,74,1,0,0,3,30,1,15.000,1
4.535000,303.23,15.000,8.990,191,191,72.000,72,72,18.000,39.000,55.000,109,103,164,160,74,74,74,74,74,74,1,0,0,3,30,1,15.000,1
4.540000,305.39,15.000,8.990,191,191,72.000,71,71,18.000,39.000,55.000,108,101,162,160,74,74,74,74,74,74,1,0,0,3,30,1,15.000,1
4.545000,307.55,15.000,8.990,191,191,72.000,71,71,18.000,39.000,55.000,108,101,162,160,74,74,74,74,74,74,1,0,0,3,30,1,15.000,1
4.550000,309.71,15.000,8.990,191,191,72.000,71,71,18.000,39.000,55.000,108,101,162,160,74,74,74,74,74,74,1,0,0,3,30,1,15.000,1
4.555000,311.87,15.000,8.990,191,191,72.000,71,71,18.000,39.000,55.000,108,101,162,160,74,74,74,74,74,74,1,0,0,3,30,1,15.000,1
4.560000,314.03,15.000,8.990,191,191,72.000,71,71,18.000,39.000,55.000,108,101,162,160,74,74,74,74,74,74,1,0,0,3,30,1,15.000,1
4.565000,316.19,15.000,8.990,191,191,72.000,71,71,18.000,39.000,55.000,108,101,162,160,74,74,74,74,74,74,1,0,0,3,30,1,15.000,1
4.570000,318.35,15.000,8.990,191,191,72.000,71,71,18.000,39.000,55.000,108,101,162,160,74,74,74,74,74,74,1,0,0,3,30,1,15.000,1
4.575000,320.51,15.000,8.990,191,191,72.000,71,71,18.000,39.000,55.000,108,101,162,160,74,74,74,74,74,74,1,0,0,3,30,1,15.000,1
4.580000,322.67,15.000,8.990,191,191,72.000,71,71,18.000,39.000,55.000,108,101,162,160,74,74,74,74,74,74,1,0,0,3,30,1,15.000,1
4.585000,324.83,15.000,8.990,191,191,72.000,71,71,18.000,39.000,55.000,108,101,162,160,74,74,74,74,74,74,1,0,0,3,30,1,15.000,1
4.590000,326.99,15.000,8.990,191,191,72.000,71,71,18.000,39.000,55.000,108,101,162,160,74,74,74,74,74,74,1,0,0,3,30,1,15.000,1
4.595000,329.15,15.000,8.990,191,191,72.000,71,71,18.000,39.000,55.000,108,101,162,160,74,74,74,74,74,74,1,0,0,3,30,1,15.000,1
4.600000,331.31,15.000,8.990,191,191,72.000,71,71,18.000,39.000,55.000,108,101,162,160,74,74,74,74,74,74,1,0,0,3,30,1,15.000,1
4.605000,333.47,15.000,8.990,191,191,72.000,71,71,18.000,39.000,55.000,108,101,162,160,74,74,74,74,74,74,1,0,0,3,30,1,15.000,1
4.610000,335.63,15.000,8.990,191,191,72.000,71,71,18.000,39.000,55.000,108,101,162,160,74,74,74,74,74,74,1,0,0,3,30,1,15.000,1
4.615000,337.79,15.000,8.990,191,191,72.000,71,71,18.000,39.000,55.000,108,101,162,160,74,74,74,74,74,74,1,0,0,3,30,1,15.000,1
4.620000,339.95,15.000,8.990,191,191,72.000,71,71,18.000,39.000,55.000,108,101,162,160,74,74,74,74,74,74,1,0,0,3,30,1,15.000,1
4.625000,342.11,15.000,8.990,191,191,72.000,71,71,18.000,39.000,55.000,108,101,162,160,74,74,74,74,74,74,1,0,0,3,30,1,15.000,1
4.630000,344.27,15.000,8.990,191,191,72.000,71,71,18.000,39.000,55.000,108,101,162,160,74,74,74,74,74,74,1,0,0,3,30,1,15.000,1
4.635000,346.43,15.000,8.990,191,191,72.000,71,71,18.000,39.000,55.000,108,101,162,160,74,74,74,74,74,74,1,0,0,3,30,1,15.000,1
4.640000,348.59,15.000,8.990,191,191,72.000,71,71,18.000,39.000,55.000,108,101,162,160,74,74,74,74,74,74,1,0,0,3,30,1,15.000,1
4.645000,350.75,15.000,8.990,191,191,72.000,71,71,18.000,39.000,55.000,108,101,162,160,74,74,74,74,74,74,1,0,0,3,30,1,15.000,1
4.650000,352.91,15.000,8.990,191,191,72.000,71,71,18.000,39.000,55.000,108,101,162,160,74,74,74,74,74,74,1,0,0,3,30,1,15.000,1
4.655000,355.07,15.000,8.990,191,191,72.000,71,71,18.000,39.000,55.000,108,101,162,160,74,74,74,74,74,74,1,0,0,3,30,1,15.000,1
4.660000,357.23,15.000,8.990,191,191,72.000,71,71,18.000,39.000,55.000,108,101,162,160,74,74,74,74,74,74,1,0,0,3,30,1,15.000,1
4.665000,359.39,15.000,8.990,191,191,72.000,71,71,18.000,39.000,55.000,108,101,162,160,74,74,74,74,74,74,1,0,0,3,30,1,15.000,1
4.670000,1.55,15.000,8.990,191,191,72.000,71,71,18.000,39.000,55.000,108,101,162,160,74,74,74,74,74,74,1,0,0,3,30,1,15.000,1
4.675000,3.71,15.000,8.990,191,191,72.000,71,71,18.000,39.000,55.000,108,101,162,160,74,74,74,74,74,74,1,0,0,3,30,1,15.000,1
4.680000,5.87,15.000,8.990,191,191,72.000,71,71,18.000,39.000,55.000,108,101,162,160,74,74,74,74,74,74,1,0,0,3,30,1,15.000,1
4.685000,8.03,15.000,8.990,191,191,72.000,71,71,18.000,39.000,55.000,108,101,162,160,74,74,74,74,74,74,1,0,0,3,30,1,15.000,1
4.690000,10.19,15.000,8.990,191,191,72.000,71,71,18.000,39.000,55.000,108,101,162,160,74,74,74,74,74,74,1,0,0,3,30,1,15.000,1
4.695000,12.35,15.000,8.990,191,191,72.000,71,71,18.000,39.000,55.000,108,101,162,160,74,74,74,74,74,74,1,0,0,3,30,1,15.000,1
4.700000,14.51,15.000,8.990,191,191,72.000,71,71,18.000,39.000,55.000,108,101,162,160,74,74,74,74,74,74,1,0,0,3,30,1,15.000,1
4.705000,16.67,15.000,8.990,191,191,72.000,71,71,18.000,39.000,55.000,108,101,162,160,74,74,74,74,74,74,1,0,0,3,30,1,15.000,1
4.710000,18.83,15.000,8.990,191,191,72.000,71,71,18.000,39.000,55.000,108,101,162,160,74,74,74,74,74,74,1,0,0,3,30,1,15.000,1
4.715000,20.99,15.000,8.990,191,191,72.000,71,71,18.000,39.000,55.000,108,101,162,160,74,74,74,74,74,74,1,0,0,3,30,1,15.000,1
4.720000,23.15,15.000,8.990,191,191,72.000,71,71,18.000,39.000,55.000,108,101,162,160,74,74,74,74,74,74,1,0,0,3,30,1,15.000,1
4.725000,25.31,15.000,8.990,191,191,72.000,71,71,18.000,39.000,55.000,108,101,162,160,74,74,74,74,74,74,1,0,0,3,30,1,15.000,1
4.730000,27.47,15.000,8.990,191,191,72.000,71,71,18.000,39.000,55.000,108,101,162,160,74,74,74,74,74,74,1,0,0,3,30,1,15.000,1
4.735000,29.63,15.000,8.990,191,191,72.000,71,71,18.000,39.000,55.000,108,101,162,160,74,74,74,74,74,74,1,0,0,3,30,1,15.000,1
4.740000,31.79,15.000,8.990,191,191,72.000,71,71,18.000,39.000,55.000,108,101,162,160,74,74,74,74,74,74,1,0,0,3,30,1,15.000,1
4.745000,33.95,15.000,8.990,191,191,72.000,71,71,18.000,39.000,55.000,108,101,162,160,74,74,74,74,74,74,1,0,0,3,30,1,15.000,1
4.750000,36.11,15.000,8.990,191,191,72.000,71,71,18.000,39.000,55.000,108,101,162,160,74,74,74,74,74,74,1,0,0,3,30,1,15.000,1
4.755000,38.27,15.000,8.990,191,191,72.000,71,71,18.000,39.000,55.000,108,101,162,160,74,74,74,74,74,74,1,0,0,3,30,1,15.000,1
4.760000,40.43,15.000,8.990,191,191,72.000,71,71,18.000,39.000,55.000,108,101,162,160,74,74,74,74,74,74,1,0,0,3,30,1,15.000,1
4.765000,42.59,15.000,8.990,191,191,72.000,71,71,18.000,39.000,55.000,108,101,162,160,74,74,74,74,74,74,1,0,0,3,30,1,15.000,1
4.770000,44.75,15.000,8.990,191,191,72.000,71,71,18.000,39.000,55.000,108,101,162,160,74,74,74,74,74,74,1,0,0,3,30,1,15.000,1
4.775000,46.91,15.000,8.990,191,191,72.000,71,71,18.000,39.000,55.000,108,101,162,160,74,74,74,74,74,74,1,0,0,3,30,1,15.000,1
4.780000,49.07,15.000,8.990,191,191,72.000,71,71,18.000,39.000,55.000,108,101,162,160,74,74,74,74,74,74,1,0,0,3,30,1,15.000,1
4.785000,51.23,15.000,8.990,191,191,72.000,71,71,18.000,39.000,55.000,108,101,162,160,74,74,74,74,74,74,1,0,0,3,30,1,15.000,1
4.790000,53.39,15.000,8.990,191,191,72.000,71,71,18.000,39.000,55.000,108,101,162,160,74,74,74,74,74,74,1,0,0,3,30,1,15.000,1
4.795000,55.55,15.000,8.990,191,191,72.000,71,71,18.000,39.000,55.000,108,101,162,160,74,74,74,74,74,74,1,0,0,3,30,1,15.000,1
4.800000,57.71,15.000,8.990,191,191,72.000,71,71,18.000,39.000,55.000,108,101,162,160,74,74,74,74,74,74,1,0,0,3,30,1,15.000,1
4.805000,59.87,15.000,8.990,191,191,72.000,71,71,18.000,39.000,55.000,108,101,162,160,74,74,74,74,74,74,1,0,0,3,30,1,15.000,1
4.810000,62.03,15.000,8.990,191,191,72.000,71,71,18.000,39.000,55.000,108,101,162,160,74,74,74,74,74,74,1,0,0,3,30,1,15.000,1
4.815000,64.19,15.000,8.990,191,191,72.000,72,72,18.000,39.000,55.000,109,103,164,160,74,74,74,74,74,74,1,0,0,3,30,1,15.000,1
4.820000,66.35,15.000,8.990,191,191,72.000,72,72,18.000,39.000,55.000,109,103,164,160,74,74,74,74,74,74,1,0,0,3,30,1,15.000,1
4.825000,68.51,15.000,8.990,191,191,72.000,72,72,18.000,39.000,55.000,109,103,164,160,74,74,74,74,74,74,1,0,0,3,30,1,15.000,1
4.830000,70.67,15.000,8.990,191,191,72.000,72,72,18.000,39.000,55.000,109,103,164,160,74,74,74,74,74,74,1,0,0,3,30,1,15.000,1
4.835000,72.83,15.000,8.990,191,191,72.000,72,72,18.000,39.000,55.000,109,103,164,160,74,74,74,74,74,74,1,0,0,3,30,1,15.000,1
4.840000,74.99,15.000,8.990,191,191,72.000,72,72,18.000,39.000,55.000,109,103,164,160,74,74,74,74,74,74,1,0,0,3,30,1,15.000,1
4.845000,77.15,15.000,8.990,191,191,72.000,72,72,18.000,39.000,55.000,109,103,164,160,74,74,74,74,74,74,1,0,0,3,30,1,15.000,1
4.850000,79.31,15.000,8.990,191,191,72.000,71,71,18.000,39.000,55.000,108,101,162,160,74,74,74,74,74,74,1,0,0,3,30,1,15.000,1
4.855000,81.47,15.000,8.990,191,191,72.000,71,71,18.000,39.000,55.000,108,101,162,160,74,74,74,74,74,74,1,0,0,3,30,1,15.000,1
4.860000,83.63,15.000,8.990,191,191,72.000,71,71,18.000,39.000,55.000,108,101,162,160,74,74,74,74,74,74,1,0,0,3,30,1,15.000,1
4.865000,85.79,15.000,8.990,191,191,72.000,71,71,18.000,39.000,55.000,108,101,162,160,74,74,74,74,74,74,1,0,0,3,30,1,15.000,1
4.870000,87.95,15.000,8.990,191,191,72.000,71,71,18.000,39.000,55.000,108,101,162,160,74,74,74,74,74,74,1,0,0,3,30,1,15.000,1
4.875000,90.11,15.000,8.990,191,191,72.000,71,71,18.000,39.000,55.000,108,101,162,160,74,74,74,74,74,74,1,0,0,3,30,1,15.000,1
4.880000,92.27,15.000,8.990,191,191,72.000,71,71,18.000,39.000,55.000,108,101,162,160,74,74,74,74,74,74,1,0,0,3,30,1,15.000,1
4.885000,94.43,15.000,8.990,191,191,72.000,71,71,18.000,39.000,55.000,108,101,162,160,74,74,74,74,74,74,1,0,0,3,30,1,15.000,1
4.890000,96.59,15.000,8.990,191,191,72.000,71,71,18.000,39.000,55.000,108,101,162,160,74,74,74,74,74,74,1,0,0,3,30,1,15.000,1
4.895000,98.75,15.000,8.990,191,191,72.000,71,71,18.000,39.000,55.000,108,101,162,160,74,74,74,74,74,74,1,0,0,3,30,1,15.000,1
4.900000,100.91,15.000,8.990,191,191,72.000,71,71,18.000,39.000,55.000,108,101,162,160,74,74,74,74,74,74,1,0,0,3,30,1,15.000,1
4.905000,103.07,15.000,8.990,191,191,72.000,71,71,18.000,39.000,55.000,108,101,162,160,74,74,74,74,74,74,1,0,0,3,30,1,15.000,1
4.910000,105.23,15.000,8.990,191,191,72.000,71,71,18.000,39.000,55.000,108,101,162,160,74,74,74,74,74,74,1,0,0,3,30,1,15.000,1
4.915000,107.39,15.000,8.990,191,191,72.000,71,71,18.000,39.000,55.000,108,101,162,160,74,74,74,74,74,74,1,0,0,3,30,1,15.000,1
4.920000,109.55,15.000,8.990,191,191,72.000,71,71,18.000,39.000,55.000,108,101,162,160,74,74,74,74,74,74,1,0,0,3,30,1,15.000,1
4.925000,111.71,15.000,8.990,191,191,72.000,71,71,18.000,39.000,55.000,108,101,162,160,74,74,74,74,74,74,1,0,0,3,30,1,15.000,1
4.930000,113.87,15.000,8.990,191,191,72.000,71,71,18.000,39.000,55.000,108,101,162,160,74,74,74,74,74,74,1,0,0,3,30,1,15.000,1
4.935000,116.03,15.000,8.990,191,191,72.000,71,71,18.000,39.000,55.000,108,101,162,160,74,74,74,74,74,74,1,0,0,3,30,1,15.000,1
4.940000,118.19,15.000,8.990,191,191,72.000,71,71,18.000,39.000,55.000,108,101,162,160,74,74,74,74,74,74,1,0,0,3,30,1,15.000,1
4.945000,120.35,15.000,8.990,191,191,72.000,71,71,18.000,39.000,55.000,108,101,162,160,74,74,74,74,74,74,1,0,0,3,30,1,15.000,1
4.950000,122.51,15.000,8.990,191,191,72.000,71,71,18.000,39.000,55.000,108,101,162,160,74,74,74,74,74,74,1,0,0,3,30,1,15.000,1
4.955000,124.67,15.000,8.990,191,191,72.000,71,71,18.000,39.000,55.000,108,101,162,160,74,74,74,74,74,74,1,0,0,3,30,1,15.000,1
4.960000,126.83,15.000,8.990,191,191,72.000,71,71,18.000,39.000,55.000,108,101,162,160,74,74,74,74,74,74,1,0,0,3,30,1,15.000,1
4.965000,128.99,15.000,8.990,191,191,72.000,71,71,18.000,39.000,55.000,108,101,162,160,74,74,74,74,74,74,1,0,0,3,30,1,15.000,1
4.970000,131.15,15.000,8.990,191,191,72.000,71,71,18.000,39.000,55.000,108,101,162,160,74,74,74,74,74,74,1,0,0,3,30,1,15.000,1
4.975000,133.31,15.000,8.990,191,191,72.000,71,71,18.000,39.000,55.000,108,101,162,160,74,74,74,74,74,74,1,0,0,3,30,1,15.000,1
4.980000,135.47,15.000,8.990,191,191,72.000,71,71,18.000,39.000,55.000,108,101,162,160,74,74,74,74,74,74,1,0,0,3,30,1,15.000,1
4.985000,137.63,15.000,8.990,191,191,72.000,71,71,18.000,39.000,55.000,108,101,162,160,74,74,74,74,74,74,1,0,0,3,30,1,15.000,1
4.990000,139.79,15.000,8.990,191,191,72.000,71,71,18.000,39.000,55.000,108,101,162,160,74,74,74,74,74,74,1,0,0,3,30,1,15.000,1
4.995000,141.95,15.000,8.990,191,191,72.000,71,71,18.000,39.000,55.000,108,101,162,160,74,74,74,74,74,74,1,0,0,3,30,1,15.000,1
5.000000,144.11,40.000,24.000,193,191,72.000,71,71,18.000,39.000,55.000,288,101,162,160,74,74,74,74,74,74,1,0,0,3,30,1,40.000,1
5.005000,146.27,40.000,24.000,230,192,72.000,71,71,18.000,39.000,55.000,288,102,163,160,74,74,74,74,74,74,1,0,0,3,30,1,40.000,1
5.010000,148.43,40.000,24.000,261,194,72.000,71,71,18.000,39.000,55.000,288,103,165,160,75,75,75,75,75,75,1,0,0,3,30,1,40.000,1
5.015000,150.59,40.000,24.000,289,197,72.000,71,71,18.000,39.000,55.000,288,105,168,160,76,76,76,76,76,76,1,0,0,3,30,1,40.000,1
5.020000,152.75,40.000,24.000,312,202,72.000,71,71,18.000,39.000,55.000,288,108,174,160,79,79,79,79,79,79,1,0,0,3,30,1,40.000,1
5.025000,154.91,40.000,24.000,333,207,72.000,71,71,18.000,39.000,55.000,288,112,179,160,81,81,81,81,81,81,1,0,0,3,30,1,40.000,1
5.030000,157.07,40.000,24.000,351,212,72.000,71,71,18.000,39.000,55.000,288,115,184,160,84,84,84,84,84,84,1,0,0,3,30,1,40.000,1
5.035000,159.23,40.000,24.000,366,218,72.000,71,71,18.000,39.000,55.000,288,119,190,160,87,87,87,87,87,87,1,0,0,3,30,1,40.000,1
5.040000,161.39,40.000,24.000,380,224,72.000,71,71,18.000,39.000,55.000,288,123,197,160,89,89,89,89,89,89,1,0,0,3,30,1,40.000,1
5.045000,163.55,40.000,24.000,391,231,72.000,71,71,18.000,39.000,55.000,288,127,204,160,93,93,93,93,93,93,1,0,0,3,30,1,40.000,1
5.050000,165.71,40.000,24.000,401,238,72.000,71,71,18.000,39.000,55.000,288,132,211,160,96,96,96,96,96,96,1,0,0,3,30,1,40.000,1
5.055000,167.87,40.000,24.000,410,245,72.000,71,71,18.000,39.000,55.000,288,136,218,160,99,99,99,99,99,99,1,0,0,3,30,1,40.000,1
5.060000,170.03,40.000,24.000,418,251,72.000,71,71,18.000,39.000,55.000,288,140,225,160,102,102,102,102,102,102,1,0,0,3,30,1,40.000,1
5.065000,172.19,40.000,24.000,424,258,72.000,71,71,18.000,39.000,55.000,288,145,232,160,106,106,106,106,106,106,1,0,0,3,30,1,40.000,1
5.070000,174.35,40.000,24.000,430,265,72.000,71,71,18.000,39.000,55.000,288,149,239,160,109,109,109,109,109,109,1,0,0,3,30,1,40.000,1
5.075000,176.51,40.000,24.000,435,272,72.000,71,71,18.000,39.000,55.000,288,154,247,160,112,112,112,112,112,112,1,0,0,3,30,1,40.000,1
5.080000,178.67,40.000,24.000,439,279,72.000,71,71,18.000,39.000,55.000,288,159,254,160,116,116,116,116,116,116,1,0,0,3,30,1,40.000,1
5.085000,180.83,40.000,24.000,443,285,72.000,71,71,18.000,39.000,55.000,288,163,260,160,119,119,119,119,119,119,1,0,0,3,30,1,40.000,1
5.090000,182.99,40.000,24.000,446,292,72.000,71,71,18.000,39.000,55.000,288,167,268,160,122,122,122,122,122,122,1,0,0,3,30,1,40.000,1
5.095000,185.15,40.000,24.000,449,298,72.000,71,71,18.000,39.000,55.000,288,171,274,160,125,125,125,125,125,125,1,0,0,3,30,1,40.000,1
5.100000,187.31,40.000,24.000,451,304,72.000,71,71,18.000,39.000,55.000,288,175,280,160,128,128,128,128,128,128,1,0,0,3,30,1,40.000,1
5.105000,189.47,40.000,24.000,453,310,72.000,71,71,18.000,39.000,55.000,288,179,287,160,130,130,130,130,130,130,1,0,0,3,30,1,40.000,1
5.110000,191.63,40.000,24.000,455,316,72.000,71,71,18.000,39.000,55.000,288,183,293,160,133,133,133,133,133,133,1,0,0,3,30,1,40.000,1
5.115000,193.79,40.000,24.000,457,322,72.000,71,71,18.000,39.000,55.000,288,187,299,160,136,136,136,136,136,136,1,0,0,3,30,1,40.000,1
5.120000,195.95,40.000,24.000,458,327,72.000,71,71,18.000,39.000,55.000,288,190,305,160,139,139,139,139,139,139,1,0,0,3,30,1,40.000,1
5.125000,198.11,40.000,24.000,459,333,72.000,71,71,18.000,39.000,55.000,288,194,311,160,141,141,141,141,141,141,1,0,0,3,30,1,40.000,1
5.130000,200.27,40.000,24.000,460,338,72.000,72,72,18.000,39.000,55.000,292,200,320,160,144,144,144,144,144,144,1,0,0,3,30,1,40.000,1
5.135000,202.43,40.000,24.000,461,343,72.000,72,72,18.000,39.000,55.000,292,203,326,160,146,146,146,146,146,146,1,0,0,3,30,1,40.000,1
5.140000,204.59,40.000,24.000,462,348,72.000,72,72,18.000,39.000,55.000,292,207,331,160,149,149,149,149,149,149,1,0,0,3,30,1,40.000,1
5.145000,206.75,40.000,24.000,462,352,72.000,72,72,18.000,39.000,55.000,292,209,335,160,151,151,151,151,151,151,1,0,0,3,30,1,40.000,1
5.150000,208.91,40.000,24.000,463,357,72.000,72,72,18.000,39.000,55.000,292,213,341,160,153,153,153,153,153,153,1,0,0,3,30,1,40.000,1
5.155000,211.07,40.000,24.000,464,361,72.000,72,72,18.000,39.000,55.000,292,215,345,160,155,155,155,155,155,155,1,0,0,3,30,1,40.000,1
5.160000,213.23,40.000,24.000,464,365,72.000,72,72,18.000,39.000,55.000,292,218,349,160,157,157,157,157,157,157,1,0,0,3,30,1,40.000,1
5.165000,215.39,40.000,24.000,464,369,72.000,71,71,18.000,39.000,55.000,288,218,348,160,159,159,159,159,159,159,1,0,0,3,30,1,40.000,1
5.170000,217.55,40.000,24.000,465,373,72.000,71,71,18.000,39.000,55.000,288,220,353,160,161,161,161,161,161,161,1,0,0,3,30,1,40.000,1
5.175000,219.71,40.000,24.000,465,377,72.000,71,71,18.000,39.000,55.000,288,223,357,160,162,162,162,162,162,162,1,0,0,3,30,1,40.000,1
5.180000,221.87,40.000,24.000,465,380,72.000,71,71,18.000,39.000,55.000,288,225,360,160,164,164,164,164,164,164,1,0,0,3,30,1,40.000,1
5.185000,224.03,40.000,24.000,465,384,72.000,71,71,18.000,39.000,55.000,288,227,364,160,166,166,166,166,166,166,1,0,0,3,30,1,40.000,1
5.190000,226.19,40.000,24.000,466,387,72.000,71,71,18.000,39.000,55.000,288,229,367,160,167,167,167,167,167,167,1,0,0,3,30,1,40.000,1
5.195000,228.35,40.000,24.000,466,390,72.000,71,71,18.000,39.000,55.000,288,231,370,160,169,169,169,169,169,169,1,0,0,3,30,1,40.000,1
5.200000,230.51,40.000,24.000,466,393,72.000,71,71,18.000,39.000,55.000,288,233,374,160,170,170,170,170,170,170,1,0,0,3,30,1,40.000,1
5.205000,232.67,40.000,24.000,466,396,72.000,71,71,18.000,39.000,55.000,288,235,377,160,172,172,172,172,172,172,1,0,0,3,30,1,40.000,1
5.210000,234.83,40.000,24.000,466,399,72.000,71,71,18.000,39.000,55.000,288,237,380,160,173,173,173,173,173,173,1,0,0,3,30,1,40.000,1
5.215000,236.99,40.000,24.000,466,402,72.000,71,71,18.000,39.000,55.000,288,239,383,160,174,174,174,174,174,174,1,0,0,3,30,1,40.000,1
5.220000,239.15,40.000,24.000,466,404,72.000,71,71,18.000,39.000,55.000,288,240,385,160,175,175,175,175,175,175,1,0,0,3,30,1,40.000,1
5.225000,241.31,40.000,24.000,466,407,72.000,71,71,18.000,39.000,55.000,288,242,388,160,177,177,177,177,177,177,1,0,0,3,30,1,40.000,1
5.230000,243.47,40.000,24.000,466,409,72.000,71,71,18.000,39.000,55.000,288,244,390,160,178,178,178,178,178,178,1,0,0,3,30,1,40.000,1
5.235000,245.63,40.000,24.000,466,411,72.000,71,71,18.000,39.000,55.000,288,245,392,160,179,179,179,179,179,179,1,0,0,3,30,1,40.000,1
5.240000,247.79,40.000,24.000,467,414,72.000,71,71,18.000,39.000,55.000,288,247,396,160,180,180,180,180,180,180,1,0,0,3,30,1,40.000,1
5.245000,249.95,40.000,24.000,467,416,72.000,71,71,18.000,39.000,55.000,288,248,398,160,181,181,181,181,181,181,1,0,0,3,30,1,40.000,1
5.250000,252.11,40.000,24.000,467,418,72.000,71,71,18.000,39.000,55.000,288,250,400,160,182,182,182,182,182,182,1,0,0,3,30,1,40.000,1
5.255000,254.27,40.000,24.000,467,420,72.000,71,71,18.000,39.000,55.000,288,251,402,160,183,183,183,183,183,183,1,0,0,3,30,1,40.000,1
5.260000,256.43,40.000,24.000,467,422,72.000,71,71,18.000,39.000,55.000,288,252,404,160,184,184,184,184,184,184,1,0,0,3,30,1,40.000,1
5.265000,258.59,40.000,24.000,467,423,72.000,71,71,18.000,39.000,55.000,288,253,405,160,184,184,184,184,184,184,1,0,0,3,30,1,40.000,1
5.270000,260.75,40.000,24.000,467,425,72.000,71,71,18.000,39.000,55.000,288,254,407,160,185,185,185,185,185,185,1,0,0,3,30,1,40.000,1
5.275000,262.91,40.000,24.000,467,427,72.000,71,71,18.000,39.000,55.000,288,255,409,160,186,186,186,186,186,186,1,0,0,3,30,1,40.000,1
5.280000,265.07,40.000,24.000,467,429,72.000,71,71,18.000,39.000,55.000,288,257,411,160,187,187,187,187,187,187,1,0,0,3,30,1,40.000,1
5.285000,267.23,40.000,24.000,467,430,72.000,71,71,18.000,39.000,55.000,288,257,412,160,188,188,188,188,188,188,1,0,0,3,30,1,40.000,1
5.290000,269.39,40.000,24.000,467,432,72.000,71,71,18.000,39.000,55.000,288,259,414,160,189,189,189,189,189,189,1,0,0,3,30,1,40.000,1
5.295000,271.55,40.000,24.000,467,433,72.000,71,71,18.000,39.000,55.000,288,259,415,160,189,189,189,189,189,189,1,0,0,3,30,1,40.000,1
5.300000,273.71,40.000,24.000,467,434,72.000,71,71,18.000,39.000,55.000,288,260,417,160,190,190,190,190,190,190,1,0,0,3,30,1,40.000,1
5.305000,275.87,40.000,24.000,467,436,72.000,71,71,18.000,39.000,55.000,288,261,418,160,191,191,191,191,191,191,1,0,0,3,30,1,40.000,1
5.310000,278.03,40.000,24.000,467,437,72.000,71,71,18.000,39.000,55.000,288,262,420,160,191,191,191,191,191,191,1,0,0,3,30,1,40.000,1
5.315000,280.19,40.000,24.000,467,438,72.000,71,71,18.000,39.000,55.000,288,263,421,160,192,192,192,192,192,192,1,0,0,3,30,1,40.000,1
5.320000,282.35,40.000,24.000,467,439,72.000,71,71,18.000,39.000,55.000,288,263,422,160,192,192,192,192,192,192,1,0,0,3,30,1,40.000,1
5.325000,284.51,40.000,24.000,467,440,72.000,71,71,18.000,39.000,55.000,288,264,423,160,193,193,193,193,193,193,1,0,0,3,30,1,40.000,1
5.330000,286.67,40.000,24.000,467,441,72.000,71,71,18.000,39.000,55.000,288,265,424,160,193,193,193,193,193,193,1,0,0,3,30,1,40.000,1
5.335000,288.83,40.000,24.000,467,442,72.000,71,71,18.000,39.000,55.000,288,265,425,160,194,194,194,194,194,194,1,0,0,3,30,1,40.000,1
5.340000,290.99,40.000,24.000,467,443,72.000,71,71,18.000,39.000,55.000,288,266,426,160,194,194,194,194,194,194,1,0,0,3,30,1,40.000,1
5.345000,293.15,40.000,24.000,467,444,72.000,71,71,18.000,39.000,55.000,288,267,427,160,194,194,194,194,194,194,1,0,0,3,30,1,40.000,1
5.350000,295.31,40.000,24.000,467,445,72.000,71,71,18.000,39.000,55.000,288,267,428,160,195,195,195,195,195,195,1,0,0,3,30,1,40.000,1
5.355000,297.47,40.000,24.000,467,446,72.000,71,71,18.000,39.000,55.000,288,268,429,160,195,195,195,195,195,195,1,0,0,3,30,1,40.000,1
5.360000,299.63,40.000,24.000,467,447,72.000,71,71,18.000,39.000,55.000,288,269,430,160,196,196,196,196,196,196,1,0,0,3,30,1,40.000,1
5.365000,301.79,40.000,24.000,467,448,72.000,71,71,18.000,39.000,55.000,288,269,431,160,196,196,196,196,196,196,1,0,0,3,30,1,40.000,1
5.370000,303.95,40.000,24.000,467,448,72.000,71,71,18.000,39.000,55.000,288,269,431,160,196,196,196,196,196,196,1,0,0,3,30,1,40.000,1
5.375000,306.11,40.000,24.000,467,449,72.000,71,71,18.000,39.000,55.000,288,270,432,160,197,197,197,197,197,197,1,0,0,3,30,1,40.000,1
5.380000,308.27,40.000,24.000,467,450,72.000,71,71,18.000,39.000,55.000,288,271,433,160,197,197,197,197,197,197,1,0,0,3,30,1,40.000,1
5.385000,310.43,40.000,24.000,467,450,72.000,71,71,18.000,39.000,55.000,288,271,433,160,197,197,197,197,197,197,1,0,0,3,30,1,40.000,1
5.390000,312.59,40.000,24.000,467,451,72.000,71,71,18.000,39.000,55.000,288,271,434,160,198,198,198,198,198,198,1,0,0,3,30,1,40.000,1
5.395000,314.75,40.000,24.000,467,452,72.000,71,71,18.000,39.000,55.000,288,272,435,160,198,198,198,198,198,198,1,0,0,3,30,1,40.000,1
5.400000,316.91,40.000,24.000,467,452,72.000,71,71,18.000,39.000,55.000,288,272,435,160,198,198,198,198,198,198,1,0,0,3,30,1,40.000,1
5.405000,319.07,40.000,24.000,467,453,72.000,71,71,18.000,39.000,55.000,288,273,436,160,199,199,199,199,199,199,1,0,0,3,30,1,40.000,1
5.410000,321.23,40.000,24.000,467,453,72.000,71,71,18.000,39.000,55.000,288,273,436,160,199,199,199,199,199,199,1,0,0,3,30,1,40.000,1
5.415000,323.39,40.000,24.000,467,454,72.000,71,71,18.000,39.000,55.000,288,273,437,160,199,199,199,199,199,199,1,0,0,3,30,1,40.000,1
5.420000,325.55,40.000,24.000,467,454,72.000,71,71,18.000,39.000,55.000,288,273,437,160,199,199,199,199,199,199,1,0,0,3,30,1,40.000,1
5.425000,327.71,40.000,24.000,467,455,72.000,71,71,18.000,39.000,55.000,288,274,438,160,200,200,200,200,200,200,1,0,0,3,30,1,40.000,1
5.430000,329.87,40.000,24.000,467,455,72.000,71,71,18.000,39.000,55.000,288,274,438,160,200,200,200,200,200,200,1,0,0,3,30,1,40.000,1
5.435000,332.03,40.000,24.000,467,456,72.000,71,71,18.000,39.000,55.000,288,274,439,160,200,200,200,200,200,200,1,0,0,3,30,1,40.000,1
5.440000,334.19,40.000,24.000,467,456,72.000,72,72,18.000,39.000,55.000,292,278,446,160,200,200,200,200,200,200,1,0,0,3,30,1,40.000,1
5.445000,336.35,40.000,24.000,467,457,72.000,72,72,18.000,39.000,55.000,292,279,447,160,201,201,201,201,201,201,1,0,0,3,30,1,40.000,1
5.450000,338.51,40.000,24.000,467,457,72.000,72,72,18.000,39.000,55.000,292,279,447,160,201,201,201,201,201,201,1,0,0,3,30,1,40.000,1
5.455000,340.67,40.000,24.000,467,457,72.000,72,72,18.000,39.000,55.000,292,279,447,160,201,201,201,201,201,201,1,0,0,3,30,1,40.000,1
5.460000,342.83,40.000,24.000,467,458,72.000,72,72,18.000,39.000,55.000,292,280,448,160,201,201,201,201,201,201,1,0,0,3,30,1,40.000,1
5.465000,344.99,40.000,24.000,467,458,72.000,72,72,18.000,39.000,55.000,292,280,448,160,201,201,201,201,201,201,1,0,0,3,30,1,40.000,1
5.470000,347.15,40.000,24.000,467,458,72.000,72,72,18.000,39.000,55.000,292,280,448,160,201,201,201,201,201,201,1,0,0,3,30,1,40.000,1
5.475000,349.31,40.000,24.000,467,459,72.000,71,71,18.000,39.000,55.000,288,276,443,160,202,202,202,202,202,202,1,0,0,3,30,1,40.000,1
5.480000,351.47,40.000,24.000,467,459,72.000,71,71,18.000,39.000,55.000,288,276,443,160,202,202,202,202,202,202,1,0,0,3,30,1,40.000,1
5.485000,353.63,40.000,24.000,467,459,72.000,71,71,18.000,39.000,55.000,288,276,443,160,202,202,202,202,202,202,1,0,0,3,30,1,40.000,1
5.490000,355.79,40.000,24.000,467,460,72.000,71,71,18.000,39.000,55.000,288,277,444,160,202,202,202,202,202,202,1,0,0,3,30,1,40.000,1
5.495000,357.95,40.000,24.000,467,460,72.000,71,71,18.000,39.000,55.000,288,277,444,160,202,202,202,202,202,202,1,0,0,3,30,1,40.000,1
5.500000,0.11,40.000,24.000,467,460,72.000,71,71,18.000,39.000,55.000,288,277,444,160,202,202,202,202,202,202,1,0,0,3,30,1,40.000,1
5.505000,2.27,40.000,24.000,467,460,72.000,71,71,18.000,39.000,55.000,288,277,444,160,202,202,202,202,202,202,1,0,0,3,30,1,40.000,1
5.510000,4.43,40.000,24.000,467,461,72.000,71,71,18.000,39.000,55.000,288,278,445,160,203,203,203,203,203,203,1,0,0,3,30,1,40.000,1
5.515000,6.59,40.000,24.000,467,461,72.000,71,71,18.000,39.000,55.000,288,278,445,160,203,203,203,203,203,203,1,0,0,3,30,1,40.000,1
5.520000,8.75,40.000,24.000,467,461,72.000,71,71,18.000,39.000,55.000,288,278,445,160,203,203,203,203,203,203,1,0,0,3,30,1,40.000,1
5.525000,10.91,40.000,24.000,467,461,72.000,71,71,18.000,39.000,55.000,288,278,445,160,203,203,203,203,203,203,1,0,0,3,30,1,40.000,1
5.530000,13.07,40.000,24.000,467,461,72.000,71,71,18.000,39.000,55.000,288,278,445,160,203,203,203,203,203,203,1,0,0,3,30,1,40.000,1
5.535000,15.23,40.000,24.000,467,462,72.000,71,71,18.000,39.000,55.000,288,278,446,160,203,203,203,203,203,203,1,0,0,3,30,1,40.000,1
5.540000,17.39,40.000,24.000,467,462,72.000,71,71,18.000,39.000,55.000,288,278,446,160,203,203,203,203,203,203,1,0,0,3,30,1,40.000,1
5.545000,19.55,40.000,24.000,467,462,72.000,71,71,18.000,39.000,55.000,288,278,446,160,203,203,203,203,203,203,1,0,0,3,30,1,40.000,1
5.550000,21.71,40.000,24.000,467,462,72.000,71,71,18.000,39.000,55.000,288,278,446,160,203,203,203,203,203,203,1,0,0,3,30,1,40.000,1
5.555000,23.87,40.000,24.000,467,462,72.000,71,71,18.000,39.000,55.000,288,278,446,160,203,203,203,203,203,203,1,0,0,3,30,1,40.000,1
5.560000,26.03,40.000,24.000,467,462,72.000,71,71,18.000,39.000,55.000,288,278,446,160,203,203,203,203,203,203,1,0,0,3,30,1,40.000,1
5.565000,28.19,40.000,24.000,467,463,72.000,71,71,18.000,39.000,55.000,288,279,447,160,204,204,204,204,204,204,1,0,0,3,30,1,40.000,1
5.570000,30.35,40.000,24.000,467,463,72.000,71,71,18.000,39.000,55.000,288,279,447,160,204,204,204,204,204,204,1,0,0,3,30,1,40.000,1
5.575000,32.51,40.000,24.000,467,463,72.000,71,71,18.000,39.000,55.000,288,279,447,160,204,204,204,204,204,204,1,0,0,3,30,1,40.000,1
5.580000,34.67,40.000,24.000,467,463,72.000,71,71,18.000,39.000,55.000,288,279,447,160,204,204,204,204,204,204,1,0,0,3,30,1,40.000,1
5.585000,36.83,40.000,24.000,467,463,72.000,71,71,18.000,39.000,55.000,288,279,447,160,204,204,204,204,204,204,1,0,0,3,30,1,40.000,1
5.590000,38.99,40.000,24.000,467,463,72.000,71,71,18.000,39.000,55.000,288,279,447,160,204,204,204,204,204,204,1,0,0,3,30,1,40.000,1
5.595000,41.15,40.000,24.000,467,463,72.000,71,71,18.000,39.000,55.000,288,279,447,160,204,204,204,204,204,204,1,0,0,3,30,1,40.000,1
5.600000,43.31,40.000,24.000,467,463,72.000,71,71,18.000,39.000,55.000,288,279,447,160,204,204,204,204,204,204,1,0,0,3,30,1,40.000,1
5.605000,45.47,40.000,24.000,467,464,72.000,71,71,18.000,39.000,55.000,288,280,448,160,204,204,204,204,204,204,1,0,0,3,30,1,40.000,1
5.610000,47.63,40.000,24.000,467,464,72.000,71,71,18.000,39.000,55.000,288,280,448,160,204,204,204,204,204,204,1,0,0,3,30,1,40.000,1
5.615000,49.79,40.000,24.000,467,464,72.000,71,71,18.000,39.000,55.000,288,280,448,160,204,204,204,204,204,204,1,0,0,3,30,1,40.000,1
5.620000,51.95,40.000,24.000,467,464,72.000,71,71,18.000,39.000,55.000,288,280,448,160,204,204,204,204,204,204,1,0,0,3,30,1,40.000,1
5.625000,54.11,40.000,24.000,467,464,72.000,71,71,18.000,39.000,55.000,288,280,448,160,204,204,204,204,204,204,1,0,0,3,30,1,40.000,1
5.630000,56.27,40.000,24.000,467,464,72.000,71,71,18.000,39.000,55.000,288,280,448,160,204,204,204,204,204,204,1,0,0,3,30,1,40.000,1
5.635000,58.43,40.000,24.000,467,464,72.000,71,71,18.000,39.000,55.000,288,280,448,160,204,204,204,204,204,204,1,0,0,3,30,1,40.000,1
5.640000,60.59,40.000,24.000,467,464,72.000,71,71,18.000,39.000,55.000,288,280,448,160,204,204,204,204,204,204,1,0,0,3,30,1,40.000,1
5.645000,62.75,40.000,24.000,467,464,72.000,71,71,18.000,39.000,55.000,288,280,448,160,204,204,204,204,204,204,1,0,0,3,30,1,40.000,1
5.650000,64.91,40.000,24.000,467,464,72.000,71,71,18.000,39.000,55.000,288,280,448,160,204,204,204,204,204,204,1,0,0,3,30,1,40.000,1
5.655000,67.07,40.000,24.000,467,464,72.000,71,71,18.000,39.000,55.000,288,280,448,160,204,204,204,204,204,204,1,0,0,3,30,1,40.000,1
5.660000,69.23,40.000,24.000,467,464,72.000,71,71,18.000,39.000,55.000,288,280,448,160,204,204,204,204,204,204,1,0,0,3,30,1,40.000,1
5.665000,71.39,40.000,24.000,467,464,72.000,71,71,18.000,39.000,55.000,288,280,448,160,204,204,204,204,204,204,1,0,0,3,30,1,40.000,1
5.670000,73.55,40.000,24.000,467,465,72.000,71,71,18.000,39.000,55.000,288,280,449,160,204,204,204,204,204,204,1,0,0,3,30,1,40.000,1
5.675000,75.71,40.000,24.000,467,465,72.000,71,71,18.000,39.000,55.000,288,280,449,160,204,204,204,204,204,204,1,0,0,3,30,1,40.000,1
5.680000,77.87,40.000,24.000,467,465,72.000,71,71,18.000,39.000,55.000,288,280,449,160,204,204,204,204,204,204,1,0,0,3,30,1,40.000,1
5.685000,80.03,40.000,24.000,467,465,72.000,71,71,18.000,39.000,55.000,288,280,449,160,204,204,204,204,204,204,1,0,0,3,30,1,40.000,1
5.690000,82.19,40.000,24.000,467,465,72.000,71,71,18.000,39.000,55.000,288,280,449,160,204,204,204,204,204,204,1,0,0,3,30,1,40.000,1
5.695000,84.35,40.000,24.000,467,465,72.000,71,71,18.000,39.000,55.000,288,280,449,160,204,204,204,204,204,204,1,0,0,3,30,1,40.000,1
5.700000,86.51,40.000,24.000,467,465,72.000,71,71,18.000,39.000,55.000,288,280,449,160,204,204,204,204,204,204,1,0,0,3,30,1,40.000,1
5.705000,88.67,40.000,24.000,467,465,72.000,71,71,18.000,39.000,55.000,288,280,449,160,204,204,204,204,204,204,1,0,0,3,30,1,40.000,1
5.710000,90.83,40.000,24.000,467,465,72.000,71,71,18.000,39.000,55.000,288,280,449,160,204,204,204,204,204,204,1,0,0,3,30,1,40.000,1
5.715000,92.99,40.000,24.000,467,465,72.000,71,71,18.000,39.000,55.000,288,280,449,160,204,204,204,204,204,204,1,0,0,3,30,1,40.000,1
5.720000,95.15,40.000,24.000,467,465,72.000,71,71,18.000,39.000,55.000,288,280,449,160,204,204,204,204,204,204,1,0,0,3,30,1,40.000,1
5.725000,97.31,40.000,24.000,467,465,72.000,71,71,18.000,39.000,55.000,288,280,449,160,204,204,204,204,204,204,1,0,0,3,30,1,40.000,1
5.730000,99.47,40.000,24.000,467,465,72.000,71,71,18.000,39.000,55.000,288,280,449,160,204,204,204,204,204,204,1,0,0,3,30,1,40.000,1
5.735000,101.63,40.000,24.000,467,466,72.000,71,71,18.000,39.000,55.000,288,281,450,160,205,205,205,205,205,205,1,0,0,3,30,1,40.000,1
5.740000,103.79,40.000,24.000,467,466,72.000,71,71,18.000,39.000,55.000,288,281,450,160,205,205,205,205,205,205,1,0,0,3,30,1,40.000,1
5.745000,105.95,40.000,24.000,467,466,72.000,71,71,18.000,39.000,55.000,288,281,450,160,205,205,205,205,205,205,1,0,0,3,30,1,40.000,1
5.750000,108.11,40.000,24.000,467,466,72.000,71,71,18.000,39.000,55.000,288,281,450,160,205,205,205,205,205,205,1,0,0,3,30,1,40.000,1
5.755000,110.27,40.000,24.000,467,466,72.000,72,72,18.000,39.000,55.000,292,285,456,160,205,205,205,205,205,205,1,0,0,3,30,1,40.000,1
5.760000,112.43,40.000,24.000,467,466,72.000,72,72,18.000,39.000,55.000,292,285,456,160,205,205,205,205,205,205,1,0,0,3,30,1,40.000,1
5.765000,114.59,40.000,24.000,467,466,72.000,72,72,18.000,39.000,55.000,292,285,456,160,205,205,205,205,205,205,1,0,0,3,30,1,40.000,1
5.770000,116.75,40.000,24.000,467,466,72.000,72,72,18.000,39.000,55.000,292,285,456,160,205,205,205,205,205,205,1,0,0,3,30,1,40.000,1
5.775000,118.91,40.000,24.000,467,466,72.000,72,72,18.000,39.000,55.000,292,285,456,160,205,205,205,205,205,205,1,0,0,3,30,1,40.000,1
5.780000,121.07,40.000,24.000,467,466,72.000,72,72,18.000,39.000,55.000,292,285,456,160,205,205,205,205,205,205,1,0,0,3,30,1,40.000,1
5.785000,123.23,40.000,24.000,467,466,72.000,72,72,18.000,39.000,55.000,292,285,456,160,205,205,205,205,205,205,1,0,0,3,30,1,40.000,1
5.790000,125.39,40.000,24.000,467,466,72.000,71,71,18.000,39.000,55.000,288,281,450,160,205,205,205,205,205,205,1,0,0,3,30,1,40.000,1
5.795000,127.55,40.000,24.000,467,466,72.000,71,71,18.000,39.000,55.000,288,281,450,160,205,205,205,205,205,205,1,0,0,3,30,1,40.000,1
5.800000,129.71,40.000,24.000,467,467,72.000,71,71,18.000,39.000,55.000,288,282,451,160,205,205,205,205,205,205,1,0,0,3,30,1,40.000,1
5.805000,131.87,40.000,24.000,467,467,72.000,71,71,18.000,39.000,55.000,288,282,451,160,205,205,205,205,205,205,1,0,0,3,30,1,40.000,1
5.810000,134.03,40.000,24.000,467,467,72.000,71,71,18.000,39.000,55.000,288,282,451,160,205,205,205,205,205,205,1,0,0,3,30,1,40.000,1
5.815000,136.19,40.000,24.000,467,467,72.000,71,71,18.000,39.000,55.000,288,282,451,160,205,205,205,205,205,205,1,0,0,3,30,1,40.000,1
5.820000,138.35,40.000,24.000,467,467,72.000,71,71,18.000,39.000,55.000,288,282,451,160,205,205,205,205,205,205,1,0,0,3,30,1,40.000,1
5.825000,140.51,40.000,24.000,467,467,72.000,71,71,18.000,39.000,55.000,288,282,451,160,205,205,205,205,205,205,1,0,0,3,30,1,40.000,1
5.830000,142.67,40.000,24.000,467,467,72.000,71,71,18.000,39.000,55.000,288,282,451,160,205,205,205,205,205,205,1,0,0,3,30,1,40.000,1
5.835000,144.83,40.000,24.000,467,467,72.000,71,71,18.000,39.000,55.000,288,282,451,160,205,205,205,205,205,205,1,0,0,3,30,1,40.000,1
5.840000,146.99,40.000,24.000,467,467,72.000,71,71,18.000,39.000,55.000,288,282,451,160,205,205,205,205,205,205,1,0,0,3,30,1,40.000,1
5.845000,149.15,40.000,24.000,467,467,72.000,71,71,18.000,39.000,55.000,288,282,451,160,205,205,205,205,205,205,1,0,0,3,30,1,40.000,1
5.850000,151.31,40.000,24.000,467,467,72.000,71,71,18.000,39.000,55.000,288,282,451,160,205,205,205,205,205,205,1,0,0,3,30,1,40.000,1
5.855000,153.47,40.000,24.000,467,467,72.000,71,71,18.000,39.000,55.000,288,282,451,160,205,205,205,205,205,205,1,0,0,3,30,1,40.000,1
5.860000,155.63,40.000,24.000,467,467,72.000,71,71,18.000,39.000,55.000,288,282,451,160,205,205,205,205,205,205,1,0,0,3,30,1,40.000,1
5.865000,157.79,40.000,24.000,467,467,72.000,71,71,18.000,39.000,55.000,288,282,451,160,205,205,205,205,205,205,1,0,0,3,30,1,40.000,1
5.870000,159.95,40.000,24.000,467,467,72.000,71,71,18.000,39.000,55.000,288,282,451,160,205,205,205,205,205,205,1,0,0,3,30,1,40.000,1
5.875000,162.11,40.000,24.000,467,467,72.000,71,71,18.000,39.000,55.000,288,282,451,160,205,205,205,205,205,205,1,0,0,3,30,1,40.000,1
5.880000,164.27,40.000,24.000,467,467,72.000,71,71,18.000,39.000,55.000,288,282,451,160,205,205,205,205,205,205,1,0,0,3,30,1,40.000,1
5.885000,166.43,40.000,24.000,467,467,72.000,71,71,18.000,39.000,55.000,288,282,451,160,205,205,205,205,205,205,1,0,0,3,30,1,40.000,1
5.890000,168.59,40.000,24.000,467,467,72.000,71,71,18.000,39.000,55.000,288,282,451,160,205,205,205,205,205,205,1,0,0,3,30,1,40.000,1
5.895000,170.75,40.000,24.000,467,467,72.000,71,71,18.000,39.000,55.000,288,282,451,160,205,205,205,205,205,205,1,0,0,3,30,1,40.000,1
5.900000,172.91,40.000,24.000,467,467,72.000,71,71,18.000,39.000,55.000,288,282,451,160,205,205,205,205,205,205,1,0,0,3,30,1,40.000,1
5.905000,175.07,40.000,24.000,467,467,72.000,71,71,18.000,39.000,55.000,288,282,451,160,205,205,205,205,205,205,1,0,0,3,30,1,40.000,1
5.910000,177.23,40.000,24.000,467,467,72.000,71,71,18.000,39.000,55.000,288,282,451,160,205,205,205,205,205,205,1,0,0,3,30,1,40.000,1
5.915000,179.39,40.000,24.000,467,467,72.000,71,71,18.000,39.000,55.000,288,282,451,160,205,205,205,205,205,205,1,0,0,3,30,1,40.000,1
5.920000,181.55,40.000,24.000,467,467,72.000,71,71,18.000,39.000,55.000,288,282,451,160,205,205,205,205,205,205,1,0,0,3,30,1,40.000,1
5.925000,183.71,40.000,24.000,467,467,72.000,71,71,18.000,39.000,55.000,288,282,451,160,205,205,205,205,205,205,1,0,0,3,30,1,40.000,1
5.930000,185.87,40.000,24.000,467,467,72.000,71,71,18.000,39.000,55.000,288,282,451,160,205,205,205,205,205,205,1,0,0,3,30,1,40.000,1
5.935000,188.03,40.000,24.000,467,467,72.000,71,71,18.000,39.000,55.000,288,282,451,160,205,205,205,205,205,205,1,0,0,3,30,1,40.000,1
5.940000,190.19,40.000,24.000,467,467,72.000,71,71,18.000,39.000,55.000,288,282,451,160,205,205,205,205,205,205,1,0,0,3,30,1,40.000,1
5.945000,192.35,40.000,24.000,467,467,72.000,71,71,18.000,39.000,55.000,288,282,451,160,205,205,205,205,205,205,1,0,0,3,30,1,40.000,1
5.950000,194.51,40.000,24.000,467,467,72.000,71,71,18.000,39.000,55.000,288,282,451,160,205,205,205,205,205,205,1,0,0,3,30,1,40.000,1
5.955000,196.67,40.000,24.000,467,467,72.000,71,71,18.000,39.000,55.000,288,282,451,160,205,205,205,205,205,205,1,0,0,3,30,1,40.000,1
5.960000,198.83,40.000,24.000,467,467,72.000,71,71,18.000,39.000,55.000,288,282,451,160,205,205,205,205,205,205,1,0,0,3,30,1,40.000,1
5.965000,200.99,40.000,24.000,467,467,72.000,71,71,18.000,39.000,55.000,288,282,451,160,205,205,205,205,205,205,1,0,0,3,30,1,40.000,1
5.970000,203.15,40.000,24.000,467,467,72.000,71,71,18.000,39.000,55.000,288,282,451,160,205,205,205,205,205,205,1,0,0,3,30,1,40.000,1
5.975000,205.31,40.000,24.000,467,467,72.000,71,71,18.000,39.000,55.000,288,282,451,160,205,205,205,205,205,205,1,0,0,3,30,1,40.000,1
5.980000,207.47,40.000,24.000,467,467,72.000,71,71,18.000,39.000,55.000,288,282,451,160,205,205,205,205,205,205,1,0,0,3,30,1,40.000,1
5.985000,209.63,40.000,24.000,467,467,72.000,71,71,18.000,39.000,55.000,288,282,451,160,205,205,205,205,205,205,1,0,0,3,30,1,40.000,1
5.990000,211.79,40.000,24.000,467,467,72.000,71,71,18.000,39.000,55.000,288,282,451,160,205,205,205,205,205,205,1,0,0,3,30,1,40.000,1
5.995000,213.95,40.000,24.000,467,467,72.000,71,71,18.000,39.000,55.000,288,282,451,160,205,205,205,205,205,205,1,0,0,3,30,1,40.000,1
6.000000,216.11,40.000,24.000,467,467,72.000,71,71,18.000,39.000,55.000,288,282,451,160,205,205,205,205,205,205,1,0,0,3,30,1,40.000,1
6.005000,218.27,40.000,24.000,467,467,72.000,71,71,18.000,39.000,55.000,288,282,451,160,205,205,205,205,205,205,1,0,0,3,30,1,40.000,1
6.010000,220.43,40.000,24.000,467,467,72.000,71,71,18.000,39.000,55.000,288,282,451,160,205,205,205,205,205,205,1,0,0,3,30,1,40.000,1
6.015000,222.59,40.000,24.000,467,467,72.000,71,71,18.000,39.000,55.000,288,282,451,160,205,205,205,205,205,205,1,0,0,3,30,1,40.000,1
6.020000,224.75,40.000,24.000,467,467,72.000,71,71,18.000,39.000,55.000,288,282,451,160,205,205,205,205,205,205,1,0,0,3,30,1,40.000,1
6.025000,226.91,40.000,24.000,467,467,72.000,71,71,18.000,39.000,55.000,288,282,451,160,205,205,205,205,205,205,1,0,0,3,30,1,40.000,1
6.030000,229.07,40.000,24.000,467,467,72.000,71,71,18.000,39.000,55.000,288,282,451,160,205,205,205,205,205,205,1,0,0,3,30,1,40.000,1
6.035000,231.23,40.000,24.000,467,467,72.000,71,71,18.000,39.000,55.000,288,282,451,160,205,205,205,205,205,205,1,0,0,3,30,1,40.000,1
6.040000,233.39,40.000,24.000,467,467,72.000,71,71,18.000,39.000,55.000,288,282,451,160,205,205,205,205,205,205,1,0,0,3,30,1,40.000,1
6.045000,235.55,40.000,24.000,467,467,72.000,71,71,18.000,39.000,55.000,288,282,451,160,205,205,205,205,205,205,1,0,0,3,30,1,40.000,1
6.050000,237.71,40.000,24.000,467,467,72.000,71,71,18.000,39.000,55.000,288,282,451,160,205,205,205,205,205,205,1,0,0,3,30,1,40.000,1
6.055000,239.87,40.000,24.000,467,467,72.000,71,71,18.000,39.000,55.000,288,282,451,160,205,205,205,205,205,205,1,0,0,3,30,1,40.000,1
6.060000,242.03,40.000,24.000,467,467,72.000,71,71,18.000,39.000,55.000,288,282,451,160,205,205,205,205,205,205,1,0,0,3,30,1,40.000,1
6.065000,244.19,40.000,24.000,467,467,72.000,72,72,18.000,39.000,55.000,292,286,457,160,205,205,205,205,205,205,1,0,0,3,30,1,40.000,1
6.070000,246.35,40.000,24.000,467,467,72.000,72,72,18.000,39.000,55.000,292,286,457,160,205,205,205,205,205,205,1,0,0,3,30,1,40.000,1
6.075000,248.51,40.000,24.000,467,467,72.000,72,72,18.000,39.000,55.000,292,286,457,160,205,205,205,205,205,205,1,0,0,3,30,1,40.000,1
6.080000,250.67,40.000,24.000,467,467,72.000,72,72,18.000,39.000,55.000,292,286,457,160,205,205,205,205,205,205,1,0,0,3,30,1,40.000,1
6.085000,252.83,40.000,24.000,467,467,72.000,72,72,18.000,39.000,55.000,292,286,457,160,205,205,205,205,205,205,1,0,0,3,30,1,40.000,1
6.090000,254.99,40.000,24.000,467,467,72.000,72,72,18.000,39.000,55.000,292,286,457,160,205,205,205,205,205,205,1,0,0,3,30,1,40.000,1
6.095000,257.15,40.000,24.000,467,467,72.000,72,72,18.000,39.000,55.000,292,286,457,160,205,205,205,205,205,205,1,0,0,3,30,1,40.000,1
6.100000,259.31,40.000,24.000,467,467,72.000,71,71,18.000,39.000,55.000,288,282,451,160,205,205,205,205,205,205,1,0,0,3,30,1,40.000,1
6.105000,261.47,40.000,24.000,467,467,72.000,71,71,18.000,39.000,55.000,288,282,451,160,205,205,205,205,205,205,1,0,0,3,30,1,40.000,1
6.110000,263.63,40.000,24.000,467,467,72.000,71,71,18.000,39.000,55.000,288,282,451,160,205,205,205,205,205,205,1,0,0,3,30,1,40.000,1
6.115000,265.79,40.000,24.000,467,467,72.000,71,71,18.000,39.000,55.000,288,282,451,160,205,205,205,205,205,205,1,0,0,3,30,1,40.000,1
6.120000,267.95,40.000,24.000,467,467,72.000,71,71,18.000,39.000,55.000,288,282,451,160,205,205,205,205,205,205,1,0,0,3,30,1,40.000,1
6.125000,270.11,40.000,24.000,467,467,72.000,71,71,18.000,39.000,55.000,288,282,451,160,205,205,205,205,205,205,1,0,0,3,30,1,40.000,1
6.130000,272.27,40.000,24.000,467,467,72.000,71,71,18.000,39.000,55.000,288,282,451,160,205,205,205,205,205,205,1,0,0,3,30,1,40.000,1
6.135000,274.43,40.000,24.000,467,467,72.000,71,71,18.000,39.000,55.000,288,282,451,160,205,205,205,205,205,205,1,0,0,3,30,1,40.000,1
6.140000,276.59,40.000,24.000,467,467,72.000,71,71,18.000,39.000,55.000,288,282,451,160,205,205,205,205,205,205,1,0,0,3,30,1,40.000,1
6.145000,278.75,40.000,24.000,467,467,72.000,71,71,18.000,39.000,55.000,288,282,451,160,205,205,205,205,205,205,1,0,0,3,30,1,40.000,1
6.150000,280.91,40.000,24.000,467,467,72.000,71,71,18.000,39.000,55.000,288,282,451,160,205,205,205,205,205,205,1,0,0,3,30,1,40.000,1
6.155000,283.07,40.000,24.000,467,467,72.000,71,71,18.000,39.000,55.000,288,282,451,160,205,205,205,205,205,205,1,0,0,3,30,1,40.000,1
6.160000,285.23,40.000,24.000,467,467,72.000,71,71,18.000,39.000,55.000,288,282,451,160,205,205,205,205,205,205,1,0,0,3,30,1,40.000,1
6.165000,287.39,40.000,24.000,467,467,72.000,71,71,18.000,39.000,55.000,288,282,451,160,205,205,205,205,205,205,1,0,0,3,30,1,40.000,1
6.170000,289.55,40.000,24.000,467,467,72.000,71,71,18.000,39.000,55.000,288,282,451,160,205,205,205,205,205,205,1,0,0,3,30,1,40.000,1
6.175000,291.71,40.000,24.000,467,467,72.000,71,71,18.000,39.000,55.000,288,282,451,160,205,205,205,205,205,205,1,0,0,3,30,1,40.000,1
6.180000,293.87,40.000,24.000,467,467,72.000,71,71,18.000,39.000,55.000,288,282,451,160,205,205,205,205,205,205,1,0,0,3,30,1,40.000,1
6.185000,296.03,40.000,24.000,467,467,72.000,71,71,18.000,39.000,55.000,288,282,451,160,205,205,205,205,205,205,1,0,0,3,30,1,40.000,1
6.190000,298.19,40.000,24.000,467,467,72.000,71,71,18.000,39.000,55.000,288,282,451,160,205,205,205,205,205,205,1,0,0,3,30,1,40.000,1
6.195000,300.35,40.000,24.000,467,467,72.000,71,71,18.000,39.000,55.000,288,282,451,160,205,205,205,205,205,205,1,0,0,3,30,1,40.000,1
6.200000,302.51,40.000,24.000,467,467,72.000,71,71,18.000,39.000,55.000,288,282,451,160,205,205,205,205,205,205,1,0,0,3,30,1,40.000,1
6.205000,304.67,40.000,24.000,467,467,72.000,71,71,18.000,39.000,55.000,288,282,451,160,205,205,205,205,205,205,1,0,0,3,30,1,40.000,1
6.210000,306.83,40.000,24.000,467,467,72.000,71,71,18.000,39.000,55.000,288,282,451,160,205,205,205,205,205,205,1,0,0,3,30,1,40.000,1
6.215000,308.99,40.000,24.000,467,467,72.000,71,71,18.000,39.000,55.000,288,282,451,160,205,205,205,205,205,205,1,0,0,3,30,1,40.000,1
6.220000,311.15,40.000,24.000,467,467,72.000,71,71,18.000,39.000,55.000,288,282,451,160,205,205,205,205,205,205,1,0,0,3,30,1,40.000,1
6.225000,313.31,40.000,24.000,467,467,72.000,71,71,18.000,39.000,55.000,288,282,451,160,205,205,205,205,205,205,1,0,0,3,30,1,40.000,1
6.230000,315.47,40.000,24.000,467,467,72.000,71,71,18.000,39.000,55.000,288,282,451,160,205,205,205,205,205,205,1,0,0,3,30,1,40.000,1
6.235000,317.63,40.000,24.000,467,467,72.000,71,71,18.000,39.000,55.000,288,282,451,160,205,205,205,205,205,205,1,0,0,3,30,1,40.000,1
6.240000,319.79,40.000,24.000,467,467,72.000,71,71,18.000,39.000,55.000,288,282,451,160,205,205,205,205,205,205,1,0,0,3,30,1,40.000,1
6.245000,321.95,40.000,24.000,467,467,72.000,71,71,18.000,39.000,55.000,288,282,451,160,205,205,205,205,205,205,1,0,0,3,30,1,40.000,1
6.250000,324.11,40.000,24.000,467,467,72.000,71,71,18.000,39.000,55.000,288,282,451,160,205,205,205,205,205,205,1,0,0,3,30,1,40.000,1
6.255000,326.27,40.000,24.000,467,467,72.000,71,71,18.000,39.000,55.000,288,282,451,160,205,205,205,205,205,205,1,0,0,3,30,1,40.000,1
6.260000,328.43,40.000,24.000,467,467,72.000,71,71,18.000,39.000,55.000,288,282,451,160,205,205,205,205,205,205,1,0,0,3,30,1,40.000,1
6.265000,330.59,40.000,24.000,467,467,72.000,71,71,18.000,39.000,55.000,288,282,451,160,205,205,205,205,205,205,1,0,0,3,30,1,40.000,1
6.270000,332.75,40.000,24.000,467,467,72.000,71,71,18.000,39.000,55.000,288,282,451,160,205,205,205,205,205,205,1,0,0,3,30,1,40.000,1
6.275000,334.91,40.000,24.000,467,467,72.000,71,71,18.000,39.000,55.000,288,282,451,160,205,205,205,205,205,205,1,0,0,3,30,1,40.000,1
6.280000,337.07,40.000,24.000,467,467,72.000,71,71,18.000,39.000,55.000,288,282,451,160,205,205,205,205,205,205,1,0,0,3,30,1,40.000,1
6.285000,339.23,40.000,24.000,467,467,72.000,71,71,18.000,39.000,55.000,288,282,451,160,205,205,205,205,205,205,1,0,0,3,30,1,40.000,1
6.290000,341.39,40.000,24.000,467,467,72.000,71,71,18.000,39.000,55.000,288,282,451,160,205,205,205,205,205,205,1,0,0,3,30,1,40.000,1
6.295000,343.55,40.000,24.000,467,467,72.000,71,71,18.000,39.000,55.000,288,282,451,160,205,205,205,205,205,205,1,0,0,3,30,1,40.000,1
6.300000,345.71,40.000,24.000,467,467,72.000,71,71,18.000,39.000,55.000,288,282,451,160,205,205,205,205,205,205,1,0,0,3,30,1,40.000,1
6.305000,347.87,40.000,24.000,467,467,72.000,71,71,18.000,39.000,55.000,288,282,451,160,205,205,205,205,205,205,1,0,0,3,30,1,40.000,1
6.310000,350.03,40.000,24.000,467,467,72.000,71,71,18.000,39.000,55.000,288,282,451,160,205,205,205,205,205,205,1,0,0,3,30,1,40.000,1
6.315000,352.19,40.000,24.000,467,467,72.000,71,71,18.000,39.000,55.000,288,282,451,160,205,205,205,205,205,205,1,0,0,3,30,1,40.000,1
6.320000,354.35,40.000,24.000,467,467,72.000,71,71,18.000,39.000,55.000,288,282,451,160,205,205,205,205,205,205,1,0,0,3,30,1,40.000,1
6.325000,356.51,40.000,24.000,467,467,72.000,71,71,18.000,39.000,55.000,288,282,451,160,205,205,205,205,205,205,1,0,0,3,30,1,40.000,1
6.330000,358.67,40.000,24.000,467,467,72.000,71,71,18.000,39.000,55.000,288,282,451,160,205,205,205,205,205,205,1,0,0,3,30,1,40.000,1
6.335000,0.83,40.000,24.000,467,467,72.000,71,71,18.000,39.000,55.000,288,282,451,160,205,205,205,205,205,205,1,0,0,3,30,1,40.000,1
6.340000,2.99,40.000,24.000,467,467,72.000,71,71,18.000,39.000,55.000,288,282,451,160,205,205,205,205,205,205,1,0,0,3,30,1,40.000,1
6.345000,5.15,40.000,24.000,467,467,72.000,71,71,18.000,39.000,55.000,288,282,451,160,205,205,205,205,205,205,1,0,0,3,30,1,40.000,1
6.350000,7.31,40.000,24.000,467,467,72.000,71,71,18.000,39.000,55.000,288,282,451,160,205,205,205,205,205,205,1,0,0,3,30,1,40.000,1
6.355000,9.47,40.000,24.000,467,467,72.000,71,71,18.000,39.000,55.000,288,282,451,160,205,205,205,205,205,205,1,0,0,3,30,1,40.000,1
6.360000,11.63,40.000,24.000,467,467,72.000,71,71,18.000,39.000,55.000,288,282,451,160,205,205,205,205,205,205,1,0,0,3,30,1,40.000,1
6.365000,13.79,40.000,24.000,467,467,72.000,71,71,18.000,39.000,55.000,288,282,451,160,205,205,205,205,205,205,1,0,0,3,30,1,40.000,1
6.370000,15.95,40.000,24.000,467,467,72.000,71,71,18.000,39.000,55.000,288,282,451,160,205,205,205,205,205,205,1,0,0,3,30,1,40.000,1
6.375000,18.11,40.000,24.000,467,467,72.000,71,71,18.000,39.000,55.000,288,282,451,160,205,205,205,205,205,205,1,0,0,3,30,1,40.000,1
6.380000,20.27,40.000,24.000,467,467,72.000,72,72,18.000,39.000,55.000,292,286,457,160,205,205,205,205,205,205,1,0,0,3,30,1,40.000,1
6.385000,22.43,40.000,24.000,467,467,72.000,72,72,18.000,39.000,55.000,292,286,457,160,205,205,205,205,205,205,1,0,0,3,30,1,40.000,1
6.390000,24.59,40.000,24.000,467,467,72.000,72,72,18.000,39.000,55.000,292,286,457,160,205,205,205,205,205,205,1,0,0,3,30,1,40.000,1
6.395000,26.75,40.000,24.000,467,467,72.000,72,72,18.000,39.000,55.000,292,286,457,160,205,205,205,205,205,205,1,0,0,3,30,1,40.000,1
6.400000,28.91,40.000,24.000,467,467,72.000,72,72,18.000,39.000,55.000,292,286,457,160,205,205,205,205,205,205,1,0,0,3,30,1,40.000,1
6.405000,31.07,40.000,24.000,467,467,72.000,72,72,18.000,39.000,55.000,292,286,457,160,205,205,205,205,205,205,1,0,0,3,30,1,40.000,1
6.410000,33.23,40.000,24.000,467,467,72.000,72,72,18.000,39.000,55.000,292,286,457,160,205,205,205,205,205,205,1,0,0,3,30,1,40.000,1
6.415000,35.39,40.000,24.000,467,467,72.000,71,71,18.000,39.000,55.000,288,282,451,160,205,205,205,205,205,205,1,0,0,3,30,1,40.000,1
6.420000,37.55,40.000,24.000,467,467,72.000,71,71,18.000,39.000,55.000,288,282,451,160,205,205,205,205,205,205,1,0,0,3,30,1,40.000,1
6.425000,39.71,40.000,24.000,467,467,72.000,71,71,18.000,39.000,55.000,288,282,451,160,205,205,205,205,205,205,1,0,0,3,30,1,40.000,1
6.430000,41.87,40.000,24.000,467,467,72.000,71,71,18.000,39.000,55.000,288,282,451,160,205,205,205,205,205,205,1,0,0,3,30,1,40.000,1
6.435000,44.03,40.000,24.000,467,467,72.000,71,71,18.000,39.000,55.000,288,282,451,160,205,205,205,205,205,205,1,0,0,3,30,1,40.000,1
6.440000,46.19,40.000,24.000,467,467,72.000,71,71,18.000,39.000,55.000,288,282,451,160,205,205,205,205,205,205,1,0,0,3,30,1,40.000,1
6.445000,48.35,40.000,24.000,467,467,72.000,71,71,18.000,39.000,55.000,288,282,451,160,205,205,205,205,205,205,1,0,0,3,30,1,40.000,1
6.450000,50.51,40.000,24.000,467,467,72.000,71,71,18.000,39.000,55.000,288,282,451,160,205,205,205,205,205,205,1,0,0,3,30,1,40.000,1
6.455000,52.67,40.000,24.000,467,467,72.000,71,71,18.000,39.000,55.000,288,282,451,160,205,205,205,205,205,205,1,0,0,3,30,1,40.000,1
6.460000,54.83,40.000,24.000,467,467,72.000,71,71,18.000,39.000,55.000,288,282,451,160,205,205,205,205,205,205,1,0,0,3,30,1,40.000,1
6.465000,56.99,40.000,24.000,467,467,72.000,71,71,18.000,39.000,55.000,288,282,451,160,205,205,205,205,205,205,1,0,0,3,30,1,40.000,1
6.470000,59.15,40.000,24.000,467,467,72.000,71,71,18.000,39.000,55.000,288,282,451,160,205,205,205,205,205,205,1,0,0,3,30,1,40.000,1
6.475000,61.31,40.000,24.000,467,467,72.000,71,71,18.000,39.000,55.000,288,282,451,160,205,205,205,205,205,205,1,0,0,3,30,1,40.000,1
6.480000,63.47,40.000,24.000,467,467,72.000,71,71,18.000,39.000,55.000,288,282,451,160,205,205,205,205,205,205,1,0,0,3,30,1,40.000,1
6.485000,65.63,40.000,24.000,467,467,72.000,71,71,18.000,39.000,55.000,288,282,451,160,205,205,205,205,205,205,1,0,0,3,30,1,40.000,1
6.490000,67.79,40.000,24.000,467,467,72.000,71,71,18.000,39.000,55.000,288,282,451,160,205,205,205,205,205,205,1,0,0,3,30,1,40.000,1
6.495000,69.95,40.000,24.000,467,467,72.000,71,71,18.000,39.000,55.000,288,282,451,160,205,205,205,205,205,205,1,0,0,3,30,1,40.000,1
6.500000,72.11,40.000,24.000,467,467,72.000,71,71,18.000,39.000,55.000,288,282,451,160,205,205,205,205,205,205,1,0,0,3,30,1,40.000,1
6.505000,74.27,40.000,24.000,467,467,72.000,71,71,18.000,39.000,55.000,288,282,451,160,205,205,205,205,205,205,1,0,0,3,30,1,40.000,1
6.510000,76.43,40.000,24.000,467,467,72.000,71,71,18.000,39.000,55.000,288,282,451,160,205,205,205,205,205,205,1,0,0,3,30,1,40.000,1
6.515000,78.59,40.000,24.000,467,467,72.000,71,71,18.000,39.000,55.000,288,282,451,160,205,205,205,205,205,205,1,0,0,3,30,1,40.000,1
6.520000,80.75,40.000,24.000,467,467,72.000,71,71,18.000,39.000,55.000,288,282,451,160,205,205,205,205,205,205,1,0,0,3,30,1,40.000,1
6.525000,82.91,40.000,24.000,467,467,72.000,71,71,18.000,39.000,55.000,288,282,451,160,205,205,205,205,205,205,1,0,0,3,30,1,40.000,1
6.530000,85.07,40.000,24.000,467,467,72.000,71,71,18.000,39.000,55.000,288,282,451,160,205,205,205,205,205,205,1,0,0,3,30,1,40.000,1
6.535000,87.23,40.000,24.000,467,467,72.000,71,71,18.000,39.000,55.000,288,282,451,160,205,205,205,205,205,205,1,0,0,3,30,1,40.000,1
6.540000,89.39,40.000,24.000,467,467,72.000,71,71,18.000,39.000,55.000,288,282,451,160,205,205,205,205,205,205,1,0,0,3,30,1,40.000,1
6.545000,91.55,40.000,24.000,467,467,72.000,71,71,18.000,39.000,55.000,288,282,451,160,205,205,205,205,205,205,1,0,0,3,30,1,40.000,1
6.550000,93.71,40.000,24.000,467,467,72.000,71,71,18.000,39.000,55.000,288,282,451,160,205,205,205,205,205,205,1,0,0,3,30,1,40.000,1
6.555000,95.87,40.000,24.000,467,467,72.000,71,71,18.000,39.000,55.000,288,282,451,160,205,205,205,205,205,205,1,0,0,3,30,1,40.000,1
6.560000,98.03,40.000,24.000,467,467,72.000,71,71,18.000,39.000,55.000,288,282,451,160,205,205,205,205,205,205,1,0,0,3,30,1,40.000,1
6.565000,100.19,40.000,24.000,467,467,72.000,71,71,18.000,39.000,55.000,288,282,451,160,205,205,205,205,205,205,1,0,0,3,30,1,40.000,1
6.570000,102.35,40.000,24.000,467,467,72.000,71,71,18.000,39.000,55.000,288,282,451,160,205,205,205,205,205,205,1,0,0,3,30,1,40.000,1
6.575000,104.51,40.000,24.000,467,467,72.000,71,71,18.000,39.000,55.000,288,282,451,160,205,205,205,205,205,205,1,0,0,3,30,1,40.000,1
6.580000,106.67,40.000,24.000,467,467,72.000,71,71,18.000,39.000,55.000,288,282,451,160,205,205,205,205,205,205,1,0,0,3,30,1,40.000,1
6.585000,108.83,40.000,24.000,467,467,72.000,71,71,18.000,39.000,55.000,288,282,451,160,205,205,205,205,205,205,1,0,0,3,30,1,40.000,1
6.590000,110.99,40.000,24.000,467,467,72.000,71,71,18.000,39.000,55.000,288,282,451,160,205,205,205,205,205,205,1,0,0,3,30,1,40.000,1
6.595000,113.15,40.000,24.000,467,467,72.000,71,71,18.000,39.000,55.000,288,282,451,160,205,205,205,205,205,205,1,0,0,3,30,1,40.000,1
6.600000,115.31,40.000,24.000,467,467,72.000,71,71,18.000,39.000,55.000,288,282,451,160,205,205,205,205,205,205,1,0,0,3,30,1,40.000,1
6.605000,117.47,40.000,24.000,467,467,72.000,71,71,18.000,39.000,55.000,288,282,451,160,205,205,205,205,205,205,1,0,0,3,30,1,40.000,1
6.610000,119.63,40.000,24.000,467,467,72.000,71,71,18.000,39.000,55.000,288,282,451,160,205,205,205,205,205,205,1,0,0,3,30,1,40.000,1
6.615000,121.79,40.000,24.000,467,467,72.000,71,71,18.000,39.000,55.000,288,282,451,160,205,205,205,205,205,205,1,0,0,3,30,1,40.000,1
6.620000,123.95,40.000,24.000,467,467,72.000,71,71,18.000,39.000,55.000,288,282,451,160,205,205,205,205,205,205,1,0,0,3,30,1,40.000,1
6.625000,126.11,40.000,24.000,467,467,72.000,71,71,18.000,39.000,55.000,288,282,451,160,205,205,205,205,205,205,1,0,0,3,30,1,40.000,1
6.630000,128.27,40.000,24.000,467,467,72.000,71,71,18.000,39.000,55.000,288,282,451,160,205,205,205,205,205,205,1,0,0,3,30,1,40.000,1
6.635000,130.43,40.000,24.000,467,467,72.000,71,71,18.000,39.000,55.000,288,282,451,160,205,205,205,205,205,205,1,0,0,3,30,1,40.000,1
6.640000,132.59,40.000,24.000,467,467,72.000,71,71,18.000,39.000,55.000,288,282,451,160,205,205,205,205,205,205,1,0,0,3,30,1,40.000,1
6.645000,134.75,40.000,24.000,467,467,72.000,71,71,18.000,39.000,55.000,288,282,451,160,205,205,205,205,205,205,1,0,0,3,30,1,40.000,1
6.650000,136.91,40.000,24.000,467,467,72.000,71,71,18.000,39.000,55.000,288,282,451,160,205,205,205,205,205,205,1,0,0,3,30,1,40.000,1
6.655000,139.07,40.000,24.000,467,467,72.000,71,71,18.000,39.000,55.000,288,282,451,160,205,205,205,205,205,205,1,0,0,3,30,1,40.000,1
6.660000,141.23,40.000,24.000,467,467,72.000,71,71,18.000,39.000,55.000,288,282,451,160,205,205,205,205,205,205,1,0,0,3,30,1,40.000,1
6.665000,143.39,40.000,24.000,467,467,72.000,71,71,18.000,39.000,55.000,288,282,451,160,205,205,205,205,205,205,1,0,0,3,30,1,40.000,1
6.670000,145.55,40.000,24.000,467,467,72.000,71,71,18.000,39.000,55.000,288,282,451,160,205,205,205,205,205,205,1,0,0,3,30,1,40.000,1
6.675000,147.71,40.000,24.000,467,467,72.000,71,71,18.000,39.000,55.000,288,282,451,160,205,205,205,205,205,205,1,0,0,3,30,1,40.000,1
6.680000,149.87,40.000,24.000,467,467,72.000,71,71,18.000,39.000,55.000,288,282,451,160,205,205,205,205,205,205,1,0,0,3,30,1,40.000,1
6.685000,152.03,40.000,24.000,467,467,72.000,71,71,18.000,39.000,55.000,288,282,451,160,205,205,205,205,205,205,1,0,0,3,30,1,40.000,1
6.690000,154.19,40.000,24.000,467,467,72.000,72,72,18.000,39.000,55.000,292,286,457,160,205,205,205,205,205,205,1,0,0,3,30,1,40.000,1
6.695000,156.35,40.000,24.000,467,467,72.000,72,72,18.000,39.000,55.000,292,286,457,160,205,205,205,205,205,205,1,0,0,3,30,1,40.000,1
6.700000,158.51,40.000,24.000,467,467,72.000,72,72,18.000,39.000,55.000,292,286,457,160,205,205,205,205,205,205,1,0,0,3,30,1,40.000,1
6.705000,160.67,40.000,24.000,467,467,72.000,72,72,18.000,39.000,55.000,292,286,457,160,205,205,205,205,205,205,1,0,0,3,30,1,40.000,1
6.710000,162.83,40.000,24.000,467,467,72.000,72,72,18.000,39.000,55.000,292,286,457,160,205,205,205,205,205,205,1,0,0,3,30,1,40.000,1
6.715000,164.99,40.000,24.000,467,467,72.000,72,72,18.000,39.000,55.000,292,286,457,160,205,205,205,205,205,205,1,0,0,3,30,1,40.000,1
6.720000,167.15,40.000,24.000,467,467,72.000,72,72,18.000,39.000,55.000,292,286,457,160,205,205,205,205,205,205,1,0,0,3,30,1,40.000,1
6.725000,169.31,40.000,24.000,467,467,72.000,71,71,18.000,39.000,55.000,288,282,451,160,205,205,205,205,205,205,1,0,0,3,30,1,40.000,1
6.730000,171.47,40.000,24.000,467,467,72.000,71,71,18.000,39.000,55.000,288,282,451,160,205,205,205,205,205,205,1,0,0,3,30,1,40.000,1
6.735000,173.63,40.000,24.000,467,467,72.000,71,71,18.000,39.000,55.000,288,282,451,160,205,205,205,205,205,205,1,0,0,3,30,1,40.000,1
6.740000,175.79,40.000,24.000,467,467,72.000,71,71,18.000,39.000,55.000,288,282,451,160,205,205,205,205,205,205,1,0,0,3,30,1,40.000,1
6.745000,177.95,40.000,24.000,467,467,72.000,71,71,18.000,39.000,55.000,288,282,451,160,205,205,205,205,205,205,1,0,0,3,30,1,40.000,1
6.750000,180.11,40.000,24.000,467,467,72.000,71,71,18.000,39.000,55.000,288,282,451,160,205,205,205,205,205,205,1,0,0,3,30,1,40.000,1
6.755000,182.27,40.000,24.000,467,467,72.000,71,71,18.000,39.000,55.000,288,282,451,160,205,205,205,205,205,205,1,0,0,3,30,1,40.000,1
6.760000,184.43,40.000,24.000,467,467,72.000,71,71,18.000,39.000,55.000,288,282,451,160,205,205,205,205,205,205,1,0,0,3,30,1,40.000,1
6.765000,186.59,40.000,24.000,467,467,72.000,71,71,18.000,39.000,55.000,288,282,451,160,205,205,205,205,205,205,1,0,0,3,30,1,40.000,1
6.770000,188.75,40.000,24.000,467,467,72.000,71,71,18.000,39.000,55.000,288,282,451,160,205,205,205,205,205,205,1,0,0,3,30,1,40.000,1
6.775000,190.91,40.000,24.000,467,467,72.000,71,71,18.000,39.000,55.000,288,282,451,160,205,205,205,205,205,205,1,0,0,3,30,1,40.000,1
6.780000,193.07,40.000,24.000,467,467,72.000,71,71,18.000,39.000,55.000,288,282,451,160,205,205,205,205,205,205,1,0,0,3,30,1,40.000,1
6.785000,195.23,40.000,24.000,467,467,72.000,71,71,18.000,39.000,55.000,288,282,451,160,205,205,205,205,205,205,1,0,0,3,30,1,40.000,1
6.790000,197.39,40.000,24.000,467,467,72.000,71,71,18.000,39.000,55.000,288,282,451,160,205,205,205,205,205,205,1,0,0,3,30,1,40.000,1
6.795000,199.55,40.000,24.000,467,467,72.000,71,71,18.000,39.000,55.000,288,282,451,160,205,205,205,205,205,205,1,0,0,3,30,1,40.000,1
6.800000,201.71,40.000,24.000,467,467,72.000,71,71,18.000,39.000,55.000,288,282,451,160,205,205,205,205,205,205,1,0,0,3,30,1,40.000,1
6.805000,203.87,40.000,24.000,467,467,72.000,71,71,18.000,39.000,55.000,288,282,451,160,205,205,205,205,205,205,1,0,0,3,30,1,40.000,1
6.810000,206.03,40.000,24.000,467,467,72.000,71,71,18.000,39.000,55.000,288,282,451,160,205,205,205,205,205,205,1,0,0,3,30,1,40.000,1
6.815000,208.19,40.000,24.000,467,467,72.000,71,71,18.000,39.000,55.000,288,282,451,160,205,205,205,205,205,205,1,0,0,3,30,1,40.000,1
6.820000,210.35,40.000,24.000,467,467,72.000,71,71,18.000,39.000,55.000,288,282,451,160,205,205,205,205,205,205,1,0,0,3,30,1,40.000,1
6.825000,212.51,40.000,24.000,467,467,72.000,71,71,18.000,39.000,55.000,288,282,451,160,205,205,205,205,205,205,1,0,0,3,30,1,40.000,1
6.830000,214.67,40.000,24.000,467,467,72.000,71,71,18.000,39.000,55.000,288,282,451,160,205,205,205,205,205,205,1,0,0,3,30,1,40.000,1
6.835000,216.83,40.000,24.000,467,467,72.000,71,71,18.000,39.000,55.000,288,282,451,160,205,205,205,205,205,205,1,0,0,3,30,1,40.000,1
6.840000,218.99,40.000,24.000,467,467,72.000,71,71,18.000,39.000,55.000,288,282,451,160,205,205,205,205,205,205,1,0,0,3,30,1,40.000,1
6.845000,221.15,40.000,24.000,467,467,72.000,71,71,18.000,39.000,55.000,288,282,451,160,205,205,205,205,205,205,1,0,0,3,30,1,40.000,1
6.850000,223.31,40.000,24.000,467,467,72.000,71,71,18.000,39.000,55.000,288,282,451,160,205,205,205,205,205,205,1,0,0,3,30,1,40.000,1
6.855000,225.47,40.000,24.000,467,467,72.000,71,71,18.000,39.000,55.000,288,282,451,160,205,205,205,205,205,205,1,0,0,3,30,1,40.000,1
6.860000,227.63,40.000,24.000,467,467,72.000,71,71,18.000,39.000,55.000,288,282,451,160,205,205,205,205,205,205,1,0,0,3,30,1,40.000,1
6.865000,229.79,40.000,24.000,467,467,72.000,71,71,18.000,39.000,55.000,288,282,451,160,205,205,205,205,205,205,1,0,0,3,30,1,40.000,1
6.870000,231.95,40.000,24.000,467,467,72.000,71,71,18.000,39.000,55.000,288,282,451,160,205,205,205,205,205,205,1,0,0,3,30,1,40.000,1
6.875000,234.11,40.000,24.000,467,467,72.000,71,71,18.000,39.000,55.000,288,282,451,160,205,205,205,205,205,205,1,0,0,3,30,1,40.000,1
6.880000,236.27,40.000,24.000,467,467,72.000,71,71,18.000,39.000,55.000,288,282,451,160,205,205,205,205,205,205,1,0,0,3,30,1,40.000,1
6.885000,238.43,40.000,24.000,467,467,72.000,71,71,18.000,39.000,55.000,288,282,451,160,205,205,205,205,205,205,1,0,0,3,30,1,40.000,1
6.890000,240.59,40.000,24.000,467,467,72.000,71,71,18.000,39.000,55.000,288,282,451,160,205,205,205,205,205,205,1,0,0,3,30,1,40.000,1
6.895000,242.75,40.000,24.000,467,467,72.000,71,71,18.000,39.000,55.000,288,282,451,160,205,205,205,205,205,205,1,0,0,3,30,1,40.000,1
6.900000,244.91,40.000,24.000,467,467,72.000,71,71,18.000,39.000,55.000,288,282,451,160,205,205,205,205,205,205,1,0,0,3,30,1,40.000,1
6.905000,247.07,40.000,24.000,467,467,72.000,71,71,18.000,39.000,55.000,288,282,451,160,205,205,205,205,205,205,1,0,0,3,30,1,40.000,1
6.910000,249.23,40.000,24.000,467,467,72.000,71,71,18.000,39.000,55.000,288,282,451,160,205,205,205,205,205,205,1,0,0,3,30,1,40.000,1
6.915000,251.39,40.000,24.000,467,467,72.000,71,71,18.000,39.000,55.000,288,282,451,160,205,205,205,205,205,205,1,0,0,3,30,1,40.000,1
6.920000,253.55,40.000,24.000,467,467,72.000,71,71,18.000,39.000,55.000,288,282,451,160,205,205,205,205,205,205,1,0,0,3,30,1,40.000,1
6.925000,255.71,40.000,24.000,467,467,72.000,71,71,18.000,39.000,55.000,288,282,451,160,205,205,205,205,205,205,1,0,0,3,30,1,40.000,1
6.930000,257.87,40.000,24.000,467,467,72.000,71,71,18.000,39.000,55.000,288,282,451,160,205,205,205,205,205,205,1,0,0,3,30,1,40.000,1
6.935000,260.03,40.000,24.000,467,467,72.000,71,71,18.000,39.000,55.000,288,282,451,160,205,205,205,205,205,205,1,0,0,3,30,1,40.000,1
6.940000,262.19,40.000,24.000,467,467,72.000,71,71,18.000,39.000,55.000,288,282,451,160,205,205,205,205,205,205,1,0,0,3,30,1,40.000,1
6.945000,264.35,40.000,24.000,467,467,72.000,71,71,18.000,39.000,55.000,288,282,451,160,205,205,205,205,205,205,1,0,0,3,30,1,40.000,1
6.950000,266.51,40.000,24.000,467,467,72.000,71,71,18.000,39.000,55.000,288,282,451,160,205,205,205,205,205,205,1,0,0,3,30,1,40.000,1
6.955000,268.67,40.000,24.000,467,467,72.000,71,71,18.000,39.000,55.000,288,282,451,160,205,205,205,205,205,205,1,0,0,3,30,1,40.000,1
6.960000,270.83,40.000,24.000,467,467,72.000,71,71,18.000,39.000,55.000,288,282,451,160,205,205,205,205,205,205,1,0,0,3,30,1,40.000,1
6.965000,272.99,40.000,24.000,467,467,72.000,71,71,18.000,39.000,55.000,288,282,451,160,205,205,205,205,205,205,1,0,0,3,30,1,40.000,1
6.970000,275.15,40.000,24.000,467,467,72.000,71,71,18.000,39.000,55.000,288,282,451,160,205,205,205,205,205,205,1,0,0,3,30,1,40.000,1
6.975000,277.31,40.000,24.000,467,467,72.000,71,71,18.000,39.000,55.000,288,282,451,160,205,205,205,205,205,205,1,0,0,3,30,1,40.000,1
6.980000,279.47,40.000,24.000,467,467,72.000,71,71,18.000,39.000,55.000,288,282,451,160,205,205,205,205,205,205,1,0,0,3,30,1,40.000,1
6.985000,281.63,40.000,24.000,467,467,72.000,71,71,18.000,39.000,55.000,288,282,451,160,205,205,205,205,205,205,1,0,0,3,30,1,40.000,1
6.990000,283.79,40.000,24.000,467,467,72.000,71,71,18.000,39.000,55.000,288,282,451,160,205,205,205,205,205,205,1,0,0,3,30,1,40.000,1
6.995000,285.95,40.000,24.000,467,467,72.000,71,71,18.000,39.000,55.000,288,282,451,160,205,205,205,205,205,205,1,0,0,3,30,1,40.000,1
7.000000,288.11,40.000,24.000,467,467,72.000,71,71,18.000,39.000,55.000,288,282,451,160,205,205,205,205,205,205,1,0,0,3,30,1,40.000,1
7.005000,290.27,40.000,24.000,467,467,72.000,72,72,18.000,39.000,55.000,292,286,457,160,205,205,205,205,205,205,1,0,0,3,30,1,40.000,1
7.010000,292.43,40.000,24.000,467,467,72.000,72,72,18.000,39.000,55.000,292,286,457,160,205,205,205,205,205,205,1,0,0,3,30,1,40.000,1
7.015000,294.59,40.000,24.000,467,467,72.000,72,72,18.000,39.000,55.000,292,286,457,160,205,205,205,205,205,205,1,0,0,3,30,1,40.000,1
7.020000,296.75,40.000,24.000,467,467,72.000,72,72,18.000,39.000,55.000,292,286,457,160,205,205,205,205,205,205,1,0,0,3,30,1,40.000,1
7.025000,298.91,40.000,24.000,467,467,72.000,72,72,18.000,39.000,55.000,292,286,457,160,205,205,205,205,205,205,1,0,0,3,30,1,40.000,1
7.030000,301.07,40.000,24.000,467,467,72.000,72,72,18.000,39.000,55.000,292,286,457,160,205,205,205,205,205,205,1,0,0,3,30,1,40.000,1
7.035000,303.23,40.000,24.000,467,467,72.000,72,72,18.000,39.000,55.000,292,286,457,160,205,205,205,205,205,205,1,0,0,3,30,1,40.000,1
7.040000,305.39,40.000,24.000,467,467,72.000,71,71,18.000,39.000,55.000,288,282,451,160,205,205,205,205,205,205,1,0,0,3,30,1,40.000,1
7.045000,307.55,40.000,24.000,467,467,72.000,71,71,18.000,39.000,55.000,288,282,451,160,205,205,205,205,205,205,1,0,0,3,30,1,40.000,1
7.050000,309.71,40.000,24.000,467,467,72.000,71,71,18.000,39.000,55.000,288,282,451,160,205,205,205,205,205,205,1,0,0,3,30,1,40.000,1
7.055000,311.87,40.000,24.000,467,467,72.000,71,71,18.000,39.000,55.000,288,282,451,160,205,205,205,205,205,205,1,0,0,3,30,1,40.000,1
7.060000,314.03,40.000,24.000,467,467,72.000,71,71,18.000,39.000,55.000,288,282,451,160,205,205,205,205,205,205,1,0,0,3,30,1,40.000,1
7.065000,316.19,40.000,24.000,467,467,72.000,71,71,18.000,39.000,55.000,288,282,451,160,205,205,205,205,205,205,1,0,0,3,30,1,40.000,1
7.070000,318.35,40.000,24.000,467,467,72.000,71,71,18.000,39.000,55.000,288,282,451,160,205,205,205,205,205,205,1,0,0,3,30,1,40.000,1
7.075000,320.51,40.000,24.000,467,467,72.000,71,71,18.000,39.000,55.000,288,282,451,160,205,205,205,205,205,205,1,0,0,3,30,1,40.000,1
7.080000,322.67,40.000,24.000,467,467,72.000,71,71,18.000,39.000,55.000,288,282,451,160,205,205,205,205,205,205,1,0,0,3,30,1,40.000,1
7.085000,324.83,40.000,24.000,467,467,72.000,71,71,18.000,39.000,55.000,288,282,451,160,205,205,205,205,205,205,1,0,0,3,30,1,40.000,1
7.090000,326.99,40.000,24.000,467,467,72.000,71,71,18.000,39.000,55.000,288,282,451,160,205,205,205,205,205,205,1,0,0,3,30,1,40.000,1
7.095000,329.15,40.000,24.000,467,467,72.000,71,71,18.000,39.000,55.000,288,282,451,160,205,205,205,205,205,205,1,0,0,3,30,1,40.000,1
7.100000,331.31,40.000,24.000,467,467,72.000,71,71,18.000,39.000,55.000,288,282,451,160,205,205,205,205,205,205,1,0,0,3,30,1,40.000,1
7.105000,333.47,40.000,24.000,467,467,72.000,71,71,18.000,39.000,55.000,288,282,451,160,205,205,205,205,205,205,1,0,0,3,30,1,40.000,1
7.110000,335.63,40.000,24.000,467,467,72.000,71,71,18.000,39.000,55.000,288,282,451,160,205,205,205,205,205,205,1,0,0,3,30,1,40.000,1
7.115000,337.79,40.000,24.000,467,467,72.000,71,71,18.000,39.000,55.000,288,282,451,160,205,205,205,205,205,205,1,0,0,3,30,1,40.000,1
7.120000,339.95,40.000,24.000,467,467,72.000,71,71,18.000,39.000,55.000,288,282,451,160,205,205,205,205,205,205,1,0,0,3,30,1,40.000,1
7.125000,342.11,40.000,24.000,467,467,72.000,71,71,18.000,39.000,55.000,288,282,451,160,205,205,205,205,205,205,1,0,0,3,30,1,40.000,1
7.130000,344.27,40.000,24.000,467,467,72.000,71,71,18.000,39.000,55.000,288,282,451,160,205,205,205,205,205,205,1,0,0,3,30,1,40.000,1
7.135000,346.43,40.000,24.000,467,467,72.000,71,71,18.000,39.000,55.000,288,282,451,160,205,205,205,205,205,205,1,0,0,3,30,1,40.000,1
7.140000,348.59,40.000,24.000,467,467,72.000,71,71,18.000,39.000,55.000,288,282,451,160,205,205,205,205,205,205,1,0,0,3,30,1,40.000,1
7.145000,350.75,40.000,24.000,467,467,72.000,71,71,18.000,39.000,55.000,288,282,451,160,205,205,205,205,205,205,1,0,0,3,30,1,40.000,1
7.150000,352.91,40.000,24.000,467,467,72.000,71,71,18.000,39.000,55.000,288,282,451,160,205,205,205,205,205,205,1,0,0,3,30,1,40.000,1
7.155000,355.07,40.000,24.000,467,467,72.000,71,71,18.000,39.000,55.000,288,282,451,160,205,205,205,205,205,205,1,0,0,3,30,1,40.000,1
7.160000,357.23,40.000,24.000,467,467,72.000,71,71,18.000,39.000,55.000,288,282,451,160,205,205,205,205,205,205,1,0,0,3,30,1,40.000,1
7.165000,359.39,40.000,24.000,467,467,72.000,71,71,18.000,39.000,55.000,288,282,451,160,205,205,205,205,205,205,1,0,0,3,30,1,40.000,1
7.170000,1.55,40.000,24.000,467,467,72.000,71,71,18.000,39.000,55.000,288,282,451,160,205,205,205,205,205,205,1,0,0,3,30,1,40.000,1
7.175000,3.71,40.000,24.000,467,467,72.000,71,71,18.000,39.000,55.000,288,282,451,160,205,205,205,205,205,205,1,0,0,3,30,1,40.000,1
7.180000,5.87,40.000,24.000,467,467,72.000,71,71,18.000,39.000,55.000,288,282,451,160,205,205,205,205,205,205,1,0,0,3,30,1,40.000,1
7.185000,8.03,40.000,24.000,467,467,72.000,71,71,18.000,39.000,55.000,288,282,451,160,205,205,205,205,205,205,1,0,0,3,30,1,40.000,1
7.190000,10.19,40.000,24.000,467,467,72.000,71,71,18.000,39.000,55.000,288,282,451,160,205,205,205,205,205,205,1,0,0,3,30,1,40.000,1
7.195000,12.35,40.000,24.000,467,467,72.000,71,71,18.000,39.000,55.000,288,282,451,160,205,205,205,205,205,205,1,0,0,3,30,1,40.000,1
7.200000,14.51,40.000,24.000,467,467,72.000,71,71,18.000,39.000,55.000,288,282,451,160,205,205,205,205,205,205,1,0,0,3,30,1,40.000,1
7.205000,16.67,40.000,24.000,467,467,72.000,71,71,18.000,39.000,55.000,288,282,451,160,205,205,205,205,205,205,1,0,0,3,30,1,40.000,1
7.210000,18.83,40.000,24.000,467,467,72.000,71,71,18.000,39.000,55.000,288,282,451,160,205,205,205,205,205,205,1,0,0,3,30,1,40.000,1
7.215000,20.99,40.000,24.000,467,467,72.000,71,71,18.000,39.000,55.000,288,282,451,160,205,205,205,205,205,205,1,0,0,3,30,1,40.000,1
7.220000,23.15,40.000,24.000,467,467,72.000,71,71,18.000,39.000,55.000,288,282,451,160,205,205,205,205,205,205,1,0,0,3,30,1,40.000,1
7.225000,25.31,40.000,24.000,467,467,72.000,71,71,18.000,39.000,55.000,288,282,451,160,205,205,205,205,205,205,1,0,0,3,30,1,40.000,1
7.230000,27.47,40.000,24.000,467,467,72.000,71,71,18.000,39.000,55.000,288,282,451,160,205,205,205,205,205,205,1,0,0,3,30,1,40.000,1
7.235000,29.63,40.000,24.000,467,467,72.000,71,71,18.000,39.000,55.000,288,282,451,160,205,205,205,205,205,205,1,0,0,3,30,1,40.000,1
7.240000,31.79,40.000,24.000,467,467,72.000,71,71,18.000,39.000,55.000,288,282,451,160,205,205,205,205,205,205,1,0,0,3,30,1,40.000,1
7.245000,33.95,40.000,24.000,467,467,72.000,71,71,18.000,39.000,55.000,288,282,451,160,205,205,205,205,205,205,1,0,0,3,30,1,40.000,1
7.250000,36.11,40.000,24.000,467,467,72.000,71,71,18.000,39.000,55.000,288,282,451,160,205,205,205,205,205,205,1,0,0,3,30,1,40.000,1
7.255000,38.27,40.000,24.000,467,467,72.000,71,71,18.000,39.000,55.000,288,282,451,160,205,205,205,205,205,205,1,0,0,3,30,1,40.000,1
7.260000,40.43,40.000,24.000,467,467,72.000,71,71,18.000,39.000,55.000,288,282,451,160,205,205,205,205,205,205,1,0,0,3,30,1,40.000,1
7.265000,42.59,40.000,24.000,467,467,72.000,71,71,18.000,39.000,55.000,288,282,451,160,205,205,205,205,205,205,1,0,0,3,30,1,40.000,1
7.270000,44.75,40.000,24.000,467,467,72.000,71,71,18.000,39.000,55.000,288,282,451,160,205,205,205,205,205,205,1,0,0,3,30,1,40.000,1
7.275000,46.91,40.000,24.000,467,467,72.000,71,71,18.000,39.000,55.000,288,282,451,160,205,205,205,205,205,205,1,0,0,3,30,1,40.000,1
7.280000,49.07,40.000,24.000,467,467,72.000,71,71,18.000,39.000,55.000,288,282,451,160,205,205,205,205,205,205,1,0,0,3,30,1,40.000,1
7.285000,51.23,40.000,24.000,467,467,72.000,71,71,18.000,39.000,55.000,288,282,451,160,205,205,205,205,205,205,1,0,0,3,30,1,40.000,1
7.290000,53.39,40.000,24.000,467,467,72.000,71,71,18.000,39.000,55.000,288,282,451,160,205,205,205,205,205,205,1,0,0,3,30,1,40.000,1
7.295000,55.55,40.000,24.000,467,467,72.000,71,71,18.000,39.000,55.000,288,282,451,160,205,205,205,205,205,205,1,0,0,3,30,1,40.000,1
7.300000,57.71,40.000,24.000,467,467,72.000,71,71,18.000,39.000,55.000,288,282,451,160,205,205,205,205,205,205,1,0,0,3,30,1,40.000,1
7.305000,59.87,40.000,24.000,467,467,72.000,71,71,18.000,39.000,55.000,288,282,451,160,205,205,205,205,205,205,1,0,0,3,30,1,40.000,1
7.310000,62.03,40.000,24.000,467,467,72.000,71,71,18.000,39.000,55.000,288,282,451,160,205,205,205,205,205,205,1,0,0,3,30,1,40.000,1
7.315000,64.19,40.000,24.000,467,467,72.000,72,72,18.000,39.000,55.000,292,286,457,160,205,205,205,205,205,205,1,0,0,3,30,1,40.000,1
7.320000,66.35,40.000,24.000,467,467,72.000,72,72,18.000,39.000,55.000,292,286,457,160,205,205,205,205,205,205,1,0,0,3,30,1,40.000,1
7.325000,68.51,40.000,24.000,467,467,72.000,72,72,18.000,39.000,55.000,292,286,457,160,205,205,205,205,205,205,1,0,0,3,30,1,40.000,1
7.330000,70.67,40.000,24.000,467,467,72.000,72,72,18.000,39.000,55.000,292,286,457,160,205,205,205,205,205,205,1,0,0,3,30,1,40.000,1
7.335000,72.83,40.000,24.000,467,467,72.000,72,72,18.000,39.000,55.000,292,286,457,160,205,205,205,205,205,205,1,0,0,3,30,1,40.000,1
7.340000,74.99,40.000,24.000,467,467,72.000,72,72,18.000,39.000,55.000,292,286,457,160,205,205,205,205,205,205,1,0,0,3,30,1,40.000,1
7.345000,77.15,40.000,24.000,467,467,72.000,72,72,18.000,39.000,55.000,292,286,457,160,205,205,205,205,205,205,1,0,0,3,30,1,40.000,1
7.350000,79.31,40.000,24.000,467,467,72.000,71,71,18.000,39.000,55.000,288,282,451,160,205,205,205,205,205,205,1,0,0,3,30,1,40.000,1
7.355000,81.47,40.000,24.000,467,467,72.000,71,71,18.000,39.000,55.000,288,282,451,160,205,205,205,205,205,205,1,0,0,3,30,1,40.000,1
7.360000,83.63,40.000,24.000,467,467,72.000,71,71,18.000,39.000,55.000,288,282,451,160,205,205,205,205,205,205,1,0,0,3,30,1,40.000,1
7.365000,85.79,40.000,24.000,467,467,72.000,71,71,18.000,39.000,55.000,288,282,451,160,205,205,205,205,205,205,1,0,0,3,30,1,40.000,1
7.370000,87.95,40.000,24.000,467,467,72.000,71,71,18.000,39.000,55.000,288,282,451,160,205,205,205,205,205,205,1,0,0,3,30,1,40.000,1
7.375000,90.11,40.000,24.000,467,467,72.000,71,71,18.000,39.000,55.000,288,282,451,160,205,205,205,205,205,205,1,0,0,3,30,1,40.000,1
7.380000,92.27,40.000,24.000,467,467,72.000,71,71,18.000,39.000,55.000,288,282,451,160,205,205,205,205,205,205,1,0,0,3,30,1,40.000,1
7.385000,94.43,40.000,24.000,467,467,72.000,71,71,18.000,39.000,55.000,288,282,451,160,205,205,205,205,205,205,1,0,0,3,30,1,40.000,1
7.390000,96.59,40.000,24.000,467,467,72.000,71,71,18.000,39.000,55.000,288,282,451,160,205,205,205,205,205,205,1,0,0,3,30,1,40.000,1
7.395000,98.75,40.000,24.000,467,467,72.000,71,71,18.000,39.000,55.000,288,282,451,160,205,205,205,205,205,205,1,0,0,3,30,1,40.000,1
7.400000,100.91,40.000,24.000,467,467,72.000,71,71,18.000,39.000,55.000,288,282,451,160,205,205,205,205,205,205,1,0,0,3,30,1,40.000,1
7.405000,103.07,40.000,24.000,467,467,72.000,71,71,18.000,39.000,55.000,288,282,451,160,205,205,205,205,205,205,1,0,0,3,30,1,40.000,1
7.410000,105.23,40.000,24.000,467,467,72.000,71,71,18.000,39.000,55.000,288,282,451,160,205,205,205,205,205,205,1,0,0,3,30,1,40.000,1
7.415000,107.39,40.000,24.000,467,467,72.000,71,71,18.000,39.000,55.000,288,282,451,160,205,205,205,205,205,205,1,0,0,3,30,1,40.000,1
7.420000,109.55,40.000,24.000,467,467,72.000,71,71,18.000,39.000,55.000,288,282,451,160,205,205,205,205,205,205,1,0,0,3,30,1,40.000,1
7.425000,111.71,40.000,24.000,467,467,72.000,71,71,18.000,39.000,55.000,288,282,451,160,205,205,205,205,205,205,1,0,0,3,30,1,40.000,1
7.430000,113.87,40.000,24.000,467,467,72.000,71,71,18.000,39.000,55.000,288,282,451,160,205,205,205,205,205,205,1,0,0,3,30,1,40.000,1
7.435000,116.03,40.000,24.000,467,467,72.000,71,71,18.000,39.000,55.000,288,282,451,160,205,205,205,205,205,205,1,0,0,3,30,1,40.000,1
7.440000,118.19,40.000,24.000,467,467,72.000,71,71,18.000,39.000,55.000,288,282,451,160,205,205,205,205,205,205,1,0,0,3,30,1,40.000,1
7.445000,120.35,40.000,24.000,467,467,72.000,71,71,18.000,39.000,55.000,288,282,451,160,205,205,205,205,205,205,1,0,0,3,30,1,40.000,1
7.450000,122.51,40.000,24.000,467,467,72.000,71,71,18.000,39.000,55.000,288,282,451,160,205,205,205,205,205,205,1,0,0,3,30,1,40.000,1
7.455000,124.67,40.000,24.000,467,467,72.000,71,71,18.000,39.000,55.000,288,282,451,160,205,205,205,205,205,205,1,0,0,3,30,1,40.000,1
7.460000,126.83,40.000,24.000,467,467,72.000,71,71,18.000,39.000,55.000,288,282,451,160,205,205,205,205,205,205,1,0,0,3,30,1,40.000,1
7.465000,128.99,40.000,24.000,467,467,72.000,71,71,18.000,39.000,55.000,288,282,451,160,205,205,205,205,205,205,1,0,0,3,30,1,40.000,1
7.470000,131.15,40.000,24.000,467,467,72.000,71,71,18.000,39.000,55.000,288,282,451,160,205,205,205,205,205,205,1,0,0,3,30,1,40.000,1
7.475000,133.31,40.000,24.000,467,467,72.000,71,71,18.000,39.000,55.000,288,282,451,160,205,205,205,205,205,205,1,0,0,3,30,1,40.000,1
7.480000,135.47,40.000,24.000,467,467,72.000,71,71,18.000,39.000,55.000,288,282,451,160,205,205,205,205,205,205,1,0,0,3,30,1,40.000,1
7.485000,137.63,40.000,24.000,467,467,72.000,71,71,18.000,39.000,55.000,288,282,451,160,205,205,205,205,205,205,1,0,0,3,30,1,40.000,1
7.490000,139.79,40.000,24.000,467,467,72.000,71,71,18.000,39.000,55.000,288,282,451,160,205,205,205,205,205,205,1,0,0,3,30,1,40.000,1
7.495000,141.95,40.000,24.000,467,467,72.000,71,71,18.000,39.000,55.000,288,282,451,160,205,205,205,205,205,205,1,0,0,3,30,1,40.000,1
7.500000,144.11,40.000,24.000,467,467,72.000,71,71,18.000,39.000,55.000,288,282,451,160,205,205,205,205,205,205,1,0,0,3,30,1,40.000,1
7.505000,146.27,40.000,24.000,467,467,72.000,71,71,18.000,39.000,55.000,288,282,451,160,205,205,205,205,205,205,1,0,0,3,30,1,40.000,1
7.510000,148.43,40.000,24.000,467,467,72.000,71,71,18.000,39.000,55.000,288,282,451,160,205,205,205,205,205,205,1,0,0,3,30,1,40.000,1
7.515000,150.59,40.000,24.000,467,467,72.000,71,71,18.000,39.000,55.000,288,282,451,160,205,205,205,205,205,205,1,0,0,3,30,1,40.000,1
7.520000,152.75,40.000,24.000,467,467,72.000,71,71,18.000,39.000,55.000,288,282,451,160,205,205,205,205,205,205,1,0,0,3,30,1,40.000,1
7.525000,154.91,40.000,24.000,467,467,72.000,71,71,18.000,39.000,55.000,288,282,451,160,205,205,205,205,205,205,1,0,0,3,30,1,40.000,1
7.530000,157.07,40.000,24.000,467,467,72.000,71,71,18.000,39.000,55.000,288,282,451,160,205,205,205,205,205,205,1,0,0,3,30,1,40.000,1
7.535000,159.23,40.000,24.000,467,467,72.000,71,71,18.000,39.000,55.000,288,282,451,160,205,205,205,205,205,205,1,0,0,3,30,1,40.000,1
7.540000,161.39,40.000,24.000,467,467,72.000,71,71,18.000,39.000,55.000,288,282,451,160,205,205,205,205,205,205,1,0,0,3,30,1,40.000,1
7.545000,163.55,40.000,24.000,467,467,72.000,71,71,18.000,39.000,55.000,288,282,451,160,205,205,205,205,205,205,1,0,0,3,30,1,40.000,1
7.550000,165.71,40.000,24.000,467,467,72.000,71,71,18.000,39.000,55.000,288,282,451,160,205,205,205,205,205,205,1,0,0,3,30,1,40.000,1
7.555000,167.87,40.000,24.000,467,467,72.000,71,71,18.000,39.000,55.000,288,282,451,160,205,205,205,205,205,205,1,0,0,3,30,1,40.000,1
7.560000,170.03,40.000,24.000,467,467,72.000,71,71,18.000,39.000,55.000,288,282,451,160,205,205,205,205,205,205,1,0,0,3,30,1,40.000,1
7.565000,172.19,40.000,24.000,467,467,72.000,71,71,18.000,39.000,55.000,288,282,451,160,205,205,205,205,205,205,1,0,0,3,30,1,40.000,1
7.570000,174.35,40.000,24.000,467,467,72.000,71,71,18.000,39.000,55.000,288,282,451,160,205,205,205,205,205,205,1,0,0,3,30,1,40.000,1
7.575000,176.51,40.000,24.000,467,467,72.000,71,71,18.000,39.000,55.000,288,282,451,160,205,205,205,205,205,205,1,0,0,3,30,1,40.000,1
7.580000,178.67,40.000,24.000,467,467,72.000,71,71,18.000,39.000,55.000,288,282,451,160,205,205,205,205,205,205,1,0,0,3,30,1,40.000,1
7.585000,180.83,40.000,24.000,467,467,72.000,71,71,18.000,39.000,55.000,288,282,451,160,205,205,205,205,205,205,1,0,0,3,30,1,40.000,1
7.590000,182.99,40.000,24.000,467,467,72.000,71,71,18.000,39.000,55.000,288,282,451,160,205,205,205,205,205,205,1,0,0,3,30,1,40.000,1
7.595000,185.15,40.000,24.000,467,467,72.000,71,71,18.000,39.000,55.000,288,282,451,160,205,205,205,205,205,205,1,0,0,3,30,1,40.000,1
7.600000,187.31,40.000,24.000,467,467,72.000,71,71,18.000,39.000,55.000,288,282,451,160,205,205,205,205,205,205,1,0,0,3,30,1,40.000,1
7.605000,189.47,40.000,24.000,467,467,72.000,71,71,18.000,39.000,55.000,288,282,451,160,205,205,205,205,205,205,1,0,0,3,30,1,40.000,1
7.610000,191.63,40.000,24.000,467,467,72.000,71,71,18.000,39.000,55.000,288,282,451,160,205,205,205,205,205,205,1,0,0,3,30,1,40.000,1
7.615000,193.79,40.000,24.000,467,467,72.000,71,71,18.000,39.000,55.000,288,282,451,160,205,205,205,205,205,205,1,0,0,3,30,1,40.000,1
7.620000,195.95,40.000,24.000,467,467,72.000,71,71,18.000,39.000,55.000,288,282,451,160,205,205,205,205,205,205,1,0,0,3,30,1,40.000,1
7.625000,198.11,40.000,24.000,467,467,72.000,71,71,18.000,39.000,55.000,288,282,451,160,205,205,205,205,205,205,1,0,0,3,30,1,40.000,1
7.630000,200.27,40.000,24.000,467,467,72.000,72,72,18.000,39.000,55.000,292,286,457,160,205,205,205,205,205,205,1,0,0,3,30,1,40.000,1
7.635000,202.43,40.000,24.000,467,467,72.000,72,72,18.000,39.000,55.000,292,286,457,160,205,205,205,205,205,205,1,0,0,3,30,1,40.000,1
7.640000,204.59,40.000,24.000,467,467,72.000,72,72,18.000,39.000,55.000,292,286,457,160,205,205,205,205,205,205,1,0,0,3,30,1,40.000,1
7.645000,206.75,40.000,24.000,467,467,72.000,72,72,18.000,39.000,55.000,292,286,457,160,205,205,205,205,205,205,1,0,0,3,30,1,40.000,1
7.650000,208.91,40.000,24.000,467,467,72.000,72,72,18.000,39.000,55.000,292,286,457,160,205,205,205,205,205,205,1,0,0,3,30,1,40.000,1
7.655000,211.07,40.000,24.000,467,467,72.000,72,72,18.000,39.000,55.000,292,286,457,160,205,205,205,205,205,205,1,0,0,3,30,1,40.000,1
7.660000,213.23,40.000,24.000,467,467,72.000,72,72,18.000,39.000,55.000,292,286,457,160,205,205,205,205,205,205,1,0,0,3,30,1,40.000,1
7.665000,215.39,40.000,24.000,467,467,72.000,71,71,18.000,39.000,55.000,288,282,451,160,205,205,205,205,205,205,1,0,0,3,30,1,40.000,1
7.670000,217.55,40.000,24.000,467,467,72.000,71,71,18.000,39.000,55.000,288,282,451,160,205,205,205,205,205,205,1,0,0,3,30,1,40.000,1
7.675000,219.71,40.000,24.000,467,467,72.000,71,71,18.000,39.000,55.000,288,282,451,160,205,205,205,205,205,205,1,0,0,3,30,1,40.000,1
7.680000,221.87,40.000,24.000,467,467,72.000,71,71,18.000,39.000,55.000,288,282,451,160,205,205,205,205,205,205,1,0,0,3,30,1,40.000,1
7.685000,224.03,40.000,24.000,467,467,72.000,71,71,18.000,39.000,55.000,288,282,451,160,205,205,205,205,205,205,1,0,0,3,30,1,40.000,1
7.690000,226.19,40.000,24.000,467,467,72.000,71,71,18.000,39.000,55.000,288,282,451,160,205,205,205,205,205,205,1,0,0,3,30,1,40.000,1
7.695000,228.35,40.000,24.000,467,467,72.000,71,71,18.000,39.000,55.000,288,282,451,160,205,205,205,205,205,205,1,0,0,3,30,1,40.000,1
7.700000,230.51,40.000,24.000,467,467,72.000,71,71,18.000,39.000,55.000,288,282,451,160,205,205,205,205,205,205,1,0,0,3,30,1,40.000,1
7.705000,232.67,40.000,24.000,467,467,72.000,71,71,18.000,39.000,55.000,288,282,451,160,205,205,205,205,205,205,1,0,0,3,30,1,40.000,1
7.710000,234.83,40.000,24.000,467,467,72.000,71,71,18.000,39.000,55.000,288,282,451,160,205,205,205,205,205,205,1,0,0,3,30,1,40.000,1
7.715000,236.99,40.000,24.000,467,467,72.000,71,71,18.000,39.000,55.000,288,282,451,160,205,205,205,205,205,205,1,0,0,3,30,1,40.000,1
7.720000,239.15,40.000,24.000,467,467,72.000,71,71,18.000,39.000,55.000,288,282,451,160,205,205,205,205,205,205,1,0,0,3,30,1,40.000,1
7.725000,241.31,40.000,24.000,467,467,72.000,71,71,18.000,39.000,55.000,288,282,451,160,205,205,205,205,205,205,1,0,0,3,30,1,40.000,1
7.730000,243.47,40.000,24.000,467,467,72.000,71,71,18.000,39.000,55.000,288,282,451,160,205,205,205,205,205,205,1,0,0,3,30,1,40.000,1
7.735000,245.63,40.000,24.000,467,467,72.000,71,71,18.000,39.000,55.000,288,282,451,160,205,205,205,205,205,205,1,0,0,3,30,1,40.000,1
7.740000,247.79,40.000,24.000,467,467,72.000,71,71,18.000,39.000,55.000,288,282,451,160,205,205,205,205,205,205,1,0,0,3,30,1,40.000,1
7.745000,249.95,40.000,24.000,467,467,72.000,71,71,18.000,39.000,55.000,288,282,451,160,205,205,205,205,205,205,1,0,0,3,30,1,40.000,1
7.750000,252.11,40.000,24.000,467,467,72.000,71,71,18.000,39.000,55.000,288,282,451,160,205,205,205,205,205,205,1,0,0,3,30,1,40.000,1
7.755000,254.27,40.000,24.000,467,467,72.000,71,71,18.000,39.000,55.000,288,282,451,160,205,205,205,205,205,205,1,0,0,3,30,1,40.000,1
7.760000,256.43,40.000,24.000,467,467,72.000,71,71,18.000,39.000,55.000,288,282,451,160,205,205,205,205,205,205,1,0,0,3,30,1,40.000,1
7.765000,258.59,40.000,24.000,467,467,72.000,71,71,18.000,39.000,55.000,288,282,451,160,205,205,205,205,205,205,1,0,0,3,30,1,40.000,1
7.770000,260.75,40.000,24.000,467,467,72.000,71,71,18.000,39.000,55.000,288,282,451,160,205,205,205,205,205,205,1,0,0,3,30,1,40.000,1
7.775000,262.91,40.000,24.000,467,467,72.000,71,71,18.000,39.000,55.000,288,282,451,160,205,205,205,205,205,205,1,0,0,3,30,1,40.000,1
7.780000,265.07,40.000,24.000,467,467,72.000,71,71,18.000,39.000,55.000,288,282,451,160,205,205,205,205,205,205,1,0,0,3,30,1,40.000,1
7.785000,267.23,40.000,24.000,467,467,72.000,71,71,18.000,39.000,55.000,288,282,451,160,205,205,205,205,205,205,1,0,0,3,30,1,40.000,1
7.790000,269.39,40.000,24.000,467,467,72.000,71,71,18.000,39.000,55.000,288,282,451,160,205,205,205,205,205,205,1,0,0,3,30,1,40.000,1
7.795000,271.55,40.000,24.000,467,467,72.000,71,71,18.000,39.000,55.000,288,282,451,160,205,205,205,205,205,205,1,0,0,3,30,1,40.000,1
7.800000,273.71,40.000,24.000,467,467,72.000,71,71,18.000,39.000,55.000,288,282,451,160,205,205,205,205,205,205,1,0,0,3,30,1,40.000,1
7.805000,275.87,40.000,24.000,467,467,72.000,71,71,18.000,39.000,55.000,288,282,451,160,205,205,205,205,205,205,1,0,0,3,30,1,40.000,1
7.810000,278.03,40.000,24.000,467,467,72.000,71,71,18.000,39.000,55.000,288,282,451,160,205,205,205,205,205,205,1,0,0,3,30,1,40.000,1
7.815000,280.19,40.000,24.000,467,467,72.000,71,71,18.000,39.000,55.000,288,282,451,160,205,205,205,205,205,205,1,0,0,3,30,1,40.000,1
7.820000,282.35,40.000,24.000,467,467,72.000,71,71,18.000,39.000,55.000,288,282,451,160,205,205,205,205,205,205,1,0,0,3,30,1,40.000,1
7.825000,284.51,40.000,24.000,467,467,72.000,71,71,18.000,39.000,55.000,288,282,451,160,205,205,205,205,205,205,1,0,0,3,30,1,40.000,1
7.830000,286.67,40.000,24.000,467,467,72.000,71,71,18.000,39.000,55.000,288,282,451,160,205,205,205,205,205,205,1,0,0,3,30,1,40.000,1
7.835000,288.83,40.000,24.000,467,467,72.000,71,71,18.000,39.000,55.000,288,282,451,160,205,205,205,205,205,205,1,0,0,3,30,1,40.000,1
7.840000,290.99,40.000,24.000,467,467,72.000,71,71,18.000,39.000,55.000,288,282,451,160,205,205,205,205,205,205,1,0,0,3,30,1,40.000,1
7.845000,293.15,40.000,24.000,467,467,72.000,71,71,18.000,39.000,55.000,288,282,451,160,205,205,205,205,205,205,1,0,0,3,30,1,40.000,1
7.850000,295.31,40.000,24.000,467,467,72.000,71,71,18.000,39.000,55.000,288,282,451,160,205,205,205,205,205,205,1,0,0,3,30,1,40.000,1
7.855000,297.47,40.000,24.000,467,467,72.000,71,71,18.000,39.000,55.000,288,282,451,160,205,205,205,205,205,205,1,0,0,3,30,1,40.000,1
7.860000,299.63,40.000,24.000,467,467,72.000,71,71,18.000,39.000,55.000,288,282,451,160,205,205,205,205,205,205,1,0,0,3,30,1,40.000,1
7.865000,301.79,40.000,24.000,467,467,72.000,71,71,18.000,39.000,55.000,288,282,451,160,205,205,205,205,205,205,1,0,0,3,30,1,40.000,1
7.870000,303.95,40.000,24.000,467,467,72.000,71,71,18.000,39.000,55.000,288,282,451,160,205,205,205,205,205,205,1,0,0,3,30,1,40.000,1
7.875000,306.11,40.000,24.000,467,467,72.000,71,71,18.000,39.000,55.000,288,282,451,160,205,205,205,205,205,205,1,0,0,3,30,1,40.000,1
7.880000,308.27,40.000,24.000,467,467,72.000,71,71,18.000,39.000,55.000,288,282,451,160,205,205,205,205,205,205,1,0,0,3,30,1,40.000,1
7.885000,310.43,40.000,24.000,467,467,72.000,71,71,18.000,39.000,55.000,288,282,451,160,205,205,205,205,205,205,1,0,0,3,30,1,40.000,1
7.890000,312.59,40.000,24.000,467,467,72.000,71,71,18.000,39.000,55.000,288,282,451,160,205,205,205,205,205,205,1,0,0,3,30,1,40.000,1
7.895000,314.75,40.000,24.000,467,467,72.000,71,71,18.000,39.000,55.000,288,282,451,160,205,205,205,205,205,205,1,0,0,3,30,1,40.000,1
7.900000,316.91,40.000,24.000,467,467,72.000,71,71,18.000,39.000,55.000,288,282,451,160,205,205,205,205,205,205,1,0,0,3,30,1,40.000,1
7.905000,319.07,40.000,24.000,467,467,72.000,71,71,18.000,39.000,55.000,288,282,451,160,205,205,205,205,205,205,1,0,0,3,30,1,40.000,1
7.910000,321.23,40.000,24.000,467,467,72.000,71,71,18.000,39.000,55.000,288,282,451,160,205,205,205,205,205,205,1,0,0,3,30,1,40.000,1
7.915000,323.39,40.000,24.000,467,467,72.000,71,71,18.000,39.000,55.000,288,282,451,160,205,205,205,205,205,205,1,0,0,3,30,1,40.000,1
7.920000,325.55,40.000,24.000,467,467,72.000,71,71,18.000,39.000,55.000,288,282,451,160,205,205,205,205,205,205,1,0,0,3,30,1,40.000,1
7.925000,327.71,40.000,24.000,467,467,72.000,71,71,18.000,39.000,55.000,288,282,451,160,205,205,205,205,205,205,1,0,0,3,30,1,40.000,1
7.930000,329.87,40.000,24.000,467,467,72.000,71,71,18.000,39.000,55.000,288,282,451,160,205,205,205,205,205,205,1,0,0,3,30,1,40.000,1
7.935000,332.03,40.000,24.000,467,467,72.000,71,71,18.000,39.000,55.000,288,282,451,160,205,205,205,205,205,205,1,0,0,3,30,1,40.000,1
7.940000,334.19,40.000,24.000,467,467,72.000,72,72,18.000,39.000,55.000,292,286,457,160,205,205,205,205,205,205,1,0,0,3,30,1,40.000,1
7.945000,336.35,40.000,24.000,467,467,72.000,72,72,18.000,39.000,55.000,292,286,457,160,205,205,205,205,205,205,1,0,0,3,30,1,40.000,1
7.950000,338.51,40.000,24.000,467,467,72.000,72,72,18.000,39.000,55.000,292,286,457,160,205,205,205,205,205,205,1,0,0,3,30,1,40.000,1
7.955000,340.67,40.000,24.000,467,467,72.000,72,72,18.000,39.000,55.000,292,286,457,160,205,205,205,205,205,205,1,0,0,3,30,1,40.000,1
7.960000,342.83,40.000,24.000,467,467,72.000,72,72,18.000,39.000,55.000,292,286,457,160,205,205,205,205,205,205,1,0,0,3,30,1,40.000,1
7.965000,344.99,40.000,24.000,467,467,72.000,72,72,18.000,39.000,55.000,292,286,457,160,205,205,205,205,205,205,1,0,0,3,30,1,40.000,1
7.970000,347.15,40.000,24.000,467,467,72.000,72,72,18.000,39.000,55.000,292,286,457,160,205,205,205,205,205,205,1,0,0,3,30,1,40.000,1
7.975000,349.31,40.000,24.000,467,467,72.000,71,71,18.000,39.000,55.000,288,282,451,160,205,205,205,205,205,205,1,0,0,3,30,1,40.000,1
7.980000,351.47,40.000,24.000,467,467,72.000,71,71,18.000,39.000,55.000,288,282,451,160,205,205,205,205,205,205,1,0,0,3,30,1,40.000,1
7.985000,353.63,40.000,24.000,467,467,72.000,71,71,18.000,39.000,55.000,288,282,451,160,205,205,205,205,205,205,1,0,0,3,30,1,40.000,1
7.990000,355.79,40.000,24.000,467,467,72.000,71,71,18.000,39.000,55.000,288,282,451,160,205,205,205,205,205,205,1,0,0,3,30,1,40.000,1
7.995000,357.95,40.000,24.000,467,467,72.000,71,71,18.000,39.000,55.000,288,282,451,160,205,205,205,205,205,205,1,0,0,3,30,1,40.000,1
8.000000,0.11,40.000,24.000,467,467,72.000,71,71,18.000,39.000,55.000,288,282,451,160,205,205,205,205,205,205,1,0,0,3,30,1,40.000,1
8.005000,2.27,40.000,24.000,467,467,72.000,71,71,18.000,39.000,55.000,288,282,451,160,205,205,205,205,205,205,1,0,0,3,30,1,40.000,1
8.010000,4.43,40.000,24.000,467,467,72.000,71,71,18.000,39.000,55.000,288,282,451,160,205,205,205,205,205,205,1,0,0,3,30,1,40.000,1
8.015000,6.59,40.000,24.000,467,467,72.000,71,71,18.000,39.000,55.000,288,282,451,160,205,205,205,205,205,205,1,0,0,3,30,1,40.000,1
8.020000,8.75,40.000,24.000,467,467,72.000,71,71,18.000,39.000,55.000,288,282,451,160,205,205,205,205,205,205,1,0,0,3,30,1,40.000,1
8.025000,10.91,40.000,24.000,467,467,72.000,71,71,18.000,39.000,55.000,288,282,451,160,205,205,205,205,205,205,1,0,0,3,30,1,40.000,1
8.030000,13.07,40.000,24.000,467,467,72.000,71,71,18.000,39.000,55.000,288,282,451,160,205,205,205,205,205,205,1,0,0,3,30,1,40.000,1
8.035000,15.23,40.000,24.000,467,467,72.000,71,71,18.000,39.000,55.000,288,282,451,160,205,205,205,205,205,205,1,0,0,3,30,1,40.000,1
8.040000,17.39,40.000,24.000,467,467,72.000,71,71,18.000,39.000,55.000,288,282,451,160,205,205,205,205,205,205,1,0,0,3,30,1,40.000,1
8.045000,19.55,40.000,24.000,467,467,72.000,71,71,18.000,39.000,55.000,288,282,451,160,205,205,205,205,205,205,1,0,0,3,30,1,40.000,1
8.050000,21.71,40.000,24.000,467,467,72.000,71,71,18.000,39.000,55.000,288,282,451,160,205,205,205,205,205,205,1,0,0,3,30,1,40.000,1
8.055000,23.87,40.000,24.000,467,467,72.000,71,71,18.000,39.000,55.000,288,282,451,160,205,205,205,205,205,205,1,0,0,3,30,1,40.000,1
8.060000,26.03,40.000,24.000,467,467,72.000,71,71,18.000,39.000,55.000,288,282,451,160,205,205,205,205,205,205,1,0,0,3,30,1,40.000,1
8.065000,28.19,40.000,24.000,467,467,72.000,71,71,18.000,39.000,55.000,288,282,451,160,205,205,205,205,205,205,1,0,0,3,30,1,40.000,1
8.070000,30.35,40.000,24.000,467,467,72.000,71,71,18.000,39.000,55.000,288,282,451,160,205,205,205,205,205,205,1,0,0,3,30,1,40.000,1
8.075000,32.51,40.000,24.000,467,467,72.000,71,71,18.000,39.000,55.000,288,282,451,160,205,205,205,205,205,205,1,0,0,3,30,1,40.000,1
8.080000,34.67,40.000,24.000,467,467,72.000,71,71,18.000,39.000,55.000,288,282,451,160,205,205,205,205,205,205,1,0,0,3,30,1,40.000,1
8.085000,36.83,40.000,24.000,467,467,72.000,71,71,18.000,39.000,55.000,288,282,451,160,205,205,205,205,205,205,1,0,0,3,30,1,40.000,1
8.090000,38.99,40.000,24.000,467,467,72.000,71,71,18.000,39.000,55.000,288,282,451,160,205,205,205,205,205,205,1,0,0,3,30,1,40.000,1
8.095000,41.15,40.000,24.000,467,467,72.000,71,71,18.000,39.000,55.000,288,282,451,160,205,205,205,205,205,205,1,0,0,3,30,1,40.000,1
8.100000,43.31,40.000,24.000,467,467,72.000,71,71,18.000,39.000,55.000,288,282,451,160,205,205,205,205,205,205,1,0,0,3,30,1,40.000,1
8.105000,45.47,40.000,24.000,467,467,72.000,71,71,18.000,39.000,55.000,288,282,451,160,205,205,205,205,205,205,1,0,0,3,30,1,40.000,1
8.110000,47.63,40.000,24.000,467,467,72.000,71,71,18.000,39.000,55.000,288,282,451,160,205,205,205,205,205,205,1,0,0,3,30,1,40.000,1
8.115000,49.79,40.000,24.000,467,467,72.000,71,71,18.000,39.000,55.000,288,282,451,160,205,205,205,205,205,205,1,0,0,3,30,1,40.000,1
8.120000,51.95,40.000,24.000,467,467,72.000,71,71,18.000,39.000,55.000,288,282,451,160,205,205,205,205,205,205,1,0,0,3,30,1,40.000,1
8.125000,54.11,40.000,24.000,467,467,72.000,71,71,18.000,39.000,55.000,288,282,451,160,205,205,205,205,205,205,1,0,0,3,30,1,40.000,1
8.130000,56.27,40.000,24.000,467,467,72.000,71,71,18.000,39.000,55.000,288,282,451,160,205,205,205,205,205,205,1,0,0,3,30,1,40.000,1
8.135000,58.43,40.000,24.000,467,467,72.000,71,71,18.000,39.000,55.000,288,282,451,160,205,205,205,205,205,205,1,0,0,3,30,1,40.000,1
8.140000,60.59,40.000,24.000,467,467,72.000,71,71,18.000,39.000,55.000,288,282,451,160,205,205,205,205,205,205,1,0,0,3,30,1,40.000,1
8.145000,62.75,40.000,24.000,467,467,72.000,71,71,18.000,39.000,55.000,288,282,451,160,205,205,205,205,205,205,1,0,0,3,30,1,40.000,1
8.150000,64.91,40.000,24.000,467,467,72.000,71,71,18.000,39.000,55.000,288,282,451,160,205,205,205,205,205,205,1,0,0,3,30,1,40.000,1
8.155000,67.07,40.000,24.000,467,467,72.000,71,71,18.000,39.000,55.000,288,282,451,160,205,205,205,205,205,205,1,0,0,3,30,1,40.000,1
8.160000,69.23,40.000,24.000,467,467,72.000,71,71,18.000,39.000,55.000,288,282,451,160,205,205,205,205,205,205,1,0,0,3,30,1,40.000,1
8.165000,71.39,40.000,24.000,467,467,72.000,71,71,18.000,39.000,55.000,288,282,451,160,205,205,205,205,205,205,1,0,0,3,30,1,40.000,1
8.170000,73.55,40.000,24.000,467,467,72.000,71,71,18.000,39.000,55.000,288,282,451,160,205,205,205,205,205,205,1,0,0,3,30,1,40.000,1
8.175000,75.71,40.000,24.000,467,467,72.000,71,71,18.000,39.000,55.000,288,282,451,160,205,205,205,205,205,205,1,0,0,3,30,1,40.000,1
8.180000,77.87,40.000,24.000,467,467,72.000,71,71,18.000,39.000,55.000,288,282,451,160,205,205,205,205,205,205,1,0,0,3,30,1,40.000,1
8.185000,80.03,40.000,24.000,467,467,72.000,71,71,18.000,39.000,55.000,288,282,451,160,205,205,205,205,205,205,1,0,0,3,30,1,40.000,1
8.190000,82.19,40.000,24.000,467,467,72.000,71,71,18.000,39.000,55.000,288,282,451,160,205,205,205,205,205,205,1,0,0,3,30,1,40.000,1
8.195000,84.35,40.000,24.000,467,467,72.000,71,71,18.000,39.000,55.000,288,282,451,160,205,205,205,205,205,205,1,0,0,3,30,1,40.000,1
8.200000,86.51,40.000,24.000,467,467,72.000,71,71,18.000,39.000,55.000,288,282,451,160,205,205,205,205,205,205,1,0,0,3,30,1,40.000,1
8.205000,88.67,40.000,24.000,467,467,72.000,71,71,18.000,39.000,55.000,288,282,451,160,205,205,205,205,205,205,1,0,0,3,30,1,40.000,1
8.210000,90.83,40.000,24.000,467,467,72.000,71,71,18.000,39.000,55.000,288,282,451,160,205,205,205,205,205,205,1,0,0,3,30,1,40.000,1
8.215000,92.99,40.000,24.000,467,467,72.000,71,71,18.000,39.000,55.000,288,282,451,160,205,205,205,205,205,205,1,0,0,3,30,1,40.000,1
8.220000,95.15,40.000,24.000,467,467,72.000,71,71,18.000,39.000,55.000,288,282,451,160,205,205,205,205,205,205,1,0,0,3,30,1,40.000,1
8.225000,97.31,40.000,24.000,467,467,72.000,71,71,18.000,39.000,55.000,288,282,451,160,205,205,205,205,205,205,1,0,0,3,30,1,40.000,1
8.230000,99.47,40.000,24.000,467,467,72.000,71,71,18.000,39.000,55.000,288,282,451,160,205,205,205,205,205,205,1,0,0,3,30,1,40.000,1
8.235000,101.63,40.000,24.000,467,467,72.000,71,71,18.000,39.000,55.000,288,282,451,160,205,205,205,205,205,205,1,0,0,3,30,1,40.000,1
8.240000,103.79,40.000,24.000,467,467,72.000,71,71,18.000,39.000,55.000,288,282,451,160,205,205,205,205,205,205,1,0,0,3,30,1,40.000,1
8.245000,105.95,40.000,24.000,467,467,72.000,71,71,18.000,39.000,55.000,288,282,451,160,205,205,205,205,205,205,1,0,0,3,30,1,40.000,1
8.250000,108.11,40.000,24.000,467,467,72.000,71,71,18.000,39.000,55.000,288,282,451,160,205,205,205,205,205,205,1,0,0,3,30,1,40.000,1
8.255000,110.27,40.000,24.000,467,467,72.000,72,72,18.000,39.000,55.000,292,286,457,160,205,205,205,205,205,205,1,0,0,3,30,1,40.000,1
8.260000,112.43,40.000,24.000,467,467,72.000,72,72,18.000,39.000,55.000,292,286,457,160,205,205,205,205,205,205,1,0,0,3,30,1,40.000,1
8.265000,114.59,40.000,24.000,467,467,72.000,72,72,18.000,39.000,55.000,292,286,457,160,205,205,205,205,205,205,1,0,0,3,30,1,40.000,1
8.270000,116.75,40.000,24.000,467,467,72.000,72,72,18.000,39.000,55.000,292,286,457,160,205,205,205,205,205,205,1,0,0,3,30,1,40.000,1
8.275000,118.91,40.000,24.000,467,467,72.000,72,72,18.000,39.000,55.000,292,286,457,160,205,205,205,205,205,205,1,0,0,3,30,1,40.000,1
8.280000,121.07,40.000,24.000,467,467,72.000,72,72,18.000,39.000,55.000,292,286,457,160,205,205,205,205,205,205,1,0,0,3,30,1,40.000,1
8.285000,123.23,40.000,24.000,467,467,72.000,72,72,18.000,39.000,55.000,292,286,457,160,205,205,205,205,205,205,1,0,0,3,30,1,40.000,1
8.290000,125.39,40.000,24.000,467,467,72.000,71,71,18.000,39.000,55.000,288,282,451,160,205,205,205,205,205,205,1,0,0,3,30,1,40.000,1
8.295000,127.55,40.000,24.000,467,467,72.000,71,71,18.000,39.000,55.000,288,282,451,160,205,205,205,205,205,205,1,0,0,3,30,1,40.000,1
8.300000,129.71,40.000,24.000,467,467,72.000,71,71,18.000,39.000,55.000,288,282,451,160,205,205,205,205,205,205,1,0,0,3,30,1,40.000,1
8.305000,131.87,40.000,24.000,467,467,72.000,71,71,18.000,39.000,55.000,288,282,451,160,205,205,205,205,205,205,1,0,0,3,30,1,40.000,1
8.310000,134.03,40.000,24.000,467,467,72.000,71,71,18.000,39.000,55.000,288,282,451,160,205,205,205,205,205,205,1,0,0,3,30,1,40.000,1
8.315000,136.19,40.000,24.000,467,467,72.000,71,71,18.000,39.000,55.000,288,282,451,160,205,205,205,205,205,205,1,0,0,3,30,1,40.000,1
8.320000,138.35,40.000,24.000,467,467,72.000,71,71,18.000,39.000,55.000,288,282,451,160,205,205,205,205,205,205,1,0,0,3,30,1,40.000,1
8.325000,140.51,40.000,24.000,467,467,72.000,71,71,18.000,39.000,55.000,288,282,451,160,205,205,205,205,205,205,1,0,0,3,30,1,40.000,1
8.330000,142.67,40.000,24.000,467,467,72.000,71,71,18.000,39.000,55.000,288,282,451,160,205,205,205,205,205,205,1,0,0,3,30,1,40.000,1
8.335000,144.83,40.000,24.000,467,467,72.000,71,71,18.000,39.000,55.000,288,282,451,160,205,205,205,205,205,205,1,0,0,3,30,1,40.000,1
8.340000,146.99,40.000,24.000,467,467,72.000,71,71,18.000,39.000,55.000,288,282,451,160,205,205,205,205,205,205,1,0,0,3,30,1,40.000,1
8.345000,149.15,40.000,24.000,467,467,72.000,71,71,18.000,39.000,55.000,288,282,451,160,205,205,205,205,205,205,1,0,0,3,30,1,40.000,1
8.350000,151.31,40.000,24.000,467,467,72.000,71,71,18.000,39.000,55.000,288,282,451,160,205,205,205,205,205,205,1,0,0,3,30,1,40.000,1
8.355000,153.47,40.000,24.000,467,467,72.000,71,71,18.000,39.000,55.000,288,282,451,160,205,205,205,205,205,205,1,0,0,3,30,1,40.000,1
8.360000,155.63,40.000,24.000,467,467,72.000,71,71,18.000,39.000,55.000,288,282,451,160,205,205,205,205,205,205,1,0,0,3,30,1,40.000,1
8.365000,157.79,40.000,24.000,467,467,72.000,71,71,18.000,39.000,55.000,288,282,451,160,205,205,205,205,205,205,1,0,0,3,30,1,40.000,1
8.370000,159.95,40.000,24.000,467,467,72.000,71,71,18.000,39.000,55.000,288,282,451,160,205,205,205,205,205,205,1,0,0,3,30,1,40.000,1
8.375000,162.11,40.000,24.000,467,467,72.000,71,71,18.000,39.000,55.000,288,282,451,160,205,205,205,205,205,205,1,0,0,3,30,1,40.000,1
8.380000,164.27,40.000,24.000,467,467,72.000,71,71,18.000,39.000,55.000,288,282,451,160,205,205,205,205,205,205,1,0,0,3,30,1,40.000,1
8.385000,166.43,40.000,24.000,467,467,72.000,71,71,18.000,39.000,55.000,288,282,451,160,205,205,205,205,205,205,1,0,0,3,30,1,40.000,1
8.390000,168.59,40.000,24.000,467,467,72.000,71,71,18.000,39.000,55.000,288,282,451,160,205,205,205,205,205,205,1,0,0,3,30,1,40.000,1
8.395000,170.75,40.000,24.000,467,467,72.000,71,71,18.000,39.000,55.000,288,282,451,160,205,205,205,205,205,205,1,0,0,3,30,1,40.000,1
8.400000,172.91,40.000,24.000,467,467,72.000,71,71,18.000,39.000,55.000,288,282,451,160,205,205,205,205,205,205,1,0,0,3,30,1,40.000,1
8.405000,175.07,40.000,24.000,467,467,72.000,71,71,18.000,39.000,55.000,288,282,451,160,205,205,205,205,205,205,1,0,0,3,30,1,40.000,1
8.410000,177.23,40.000,24.000,467,467,72.000,71,71,18.000,39.000,55.000,288,282,451,160,205,205,205,205,205,205,1,0,0,3,30,1,40.000,1
8.415000,179.39,40.000,24.000,467,467,72.000,71,71,18.000,39.000,55.000,288,282,451,160,205,205,205,205,205,205,1,0,0,3,30,1,40.000,1
8.420000,181.55,40.000,24.000,467,467,72.000,71,71,18.000,39.000,55.000,288,282,451,160,205,205,205,205,205,205,1,0,0,3,30,1,40.000,1
8.425000,183.71,40.000,24.000,467,467,72.000,71,71,18.000,39.000,55.000,288,282,451,160,205,205,205,205,205,205,1,0,0,3,30,1,40.000,1
8.430000,185.87,40.000,24.000,467,467,72.000,71,71,18.000,39.000,55.000,288,282,451,160,205,205,205,205,205,205,1,0,0,3,30,1,40.000,1
8.435000,188.03,40.000,24.000,467,467,72.000,71,71,18.000,39.000,55.000,288,282,451,160,205,205,205,205,205,205,1,0,0,3,30,1,40.000,1
8.440000,190.19,40.000,24.000,467,467,72.000,71,71,18.000,39.000,55.000,288,282,451,160,205,205,205,205,205,205,1,0,0,3,30,1,40.000,1
8.445000,192.35,40.000,24.000,467,467,72.000,71,71,18.000,39.000,55.000,288,282,451,160,205,205,205,205,205,205,1,0,0,3,30,1,40.000,1
8.450000,194.51,40.000,24.000,467,467,72.000,71,71,18.000,39.000,55.000,288,282,451,160,205,205,205,205,205,205,1,0,0,3,30,1,40.000,1
8.455000,196.67,40.000,24.000,467,467,72.000,71,71,18.000,39.000,55.000,288,282,451,160,205,205,205,205,205,205,1,0,0,3,30,1,40.000,1
8.460000,198.83,40.000,24.000,467,467,72.000,71,71,18.000,39.000,55.000,288,282,451,160,205,205,205,205,205,205,1,0,0,3,30,1,40.000,1
8.465000,200.99,40.000,24.000,467,467,72.000,71,71,18.000,39.000,55.000,288,282,451,160,205,205,205,205,205,205,1,0,0,3,30,1,40.000,1
8.470000,203.15,40.000,24.000,467,467,72.000,71,71,18.000,39.000,55.000,288,282,451,160,205,205,205,205,205,205,1,0,0,3,30,1,40.000,1
8.475000,205.31,40.000,24.000,467,467,72.000,71,71,18.000,39.000,55.000,288,282,451,160,205,205,205,205,205,205,1,0,0,3,30,1,40.000,1
8.480000,207.47,40.000,24.000,467,467,72.000,71,71,18.000,39.000,55.000,288,282,451,160,205,205,205,205,205,205,1,0,0,3,30,1,40.000,1
8.485000,209.63,40.000,24.000,467,467,72.000,71,71,18.000,39.000,55.000,288,282,451,160,205,205,205,205,205,205,1,0,0,3,30,1,40.000,1
8.490000,211.79,40.000,24.000,467,467,72.000,71,71,18.000,39.000,55.000,288,282,451,160,205,205,205,205,205,205,1,0,0,3,30,1,40.000,1
8.495000,213.95,40.000,24.000,467,467,72.000,71,71,18.000,39.000,55.000,288,282,451,160,205,205,205,205,205,205,1,0,0,3,30,1,40.000,1
8.500000,216.11,40.000,24.000,467,467,72.000,71,71,18.000,39.000,55.000,288,282,451,160,205,205,205,205,205,205,1,0,0,3,30,1,40.000,1
8.505000,218.27,40.000,24.000,467,467,72.000,71,71,18.000,39.000,55.000,288,282,451,160,205,205,205,205,205,205,1,0,0,3,30,1,40.000,1
8.510000,220.43,40.000,24.000,467,467,72.000,71,71,18.000,39.000,55.000,288,282,451,160,205,205,205,205,205,205,1,0,0,3,30,1,40.000,1
8.515000,222.59,40.000,24.000,467,467,72.000,71,71,18.000,39.000,55.000,288,282,451,160,205,205,205,205,205,205,1,0,0,3,30,1,40.000,1
8.520000,224.75,40.000,24.000,467,467,72.000,71,71,18.000,39.000,55.000,288,282,451,160,205,205,205,205,205,205,1,0,0,3,30,1,40.000,1
8.525000,226.91,40.000,24.000,467,467,72.000,71,71,18.000,39.000,55.000,288,282,451,160,205,205,205,205,205,205,1,0,0,3,30,1,40.000,1
8.530000,229.07,40.000,24.000,467,467,72.000,71,71,18.000,39.000,55.000,288,282,451,160,205,205,205,205,205,205,1,0,0,3,30,1,40.000,1
8.535000,231.23,40.000,24.000,467,467,72.000,71,71,18.000,39.000,55.000,288,282,451,160,205,205,205,205,205,205,1,0,0,3,30,1,40.000,1
8.540000,233.39,40.000,24.000,467,467,72.000,71,71,18.000,39.000,55.000,288,282,451,160,205,205,205,205,205,205,1,0,0,3,30,1,40.000,1
8.545000,235.55,40.000,24.000,467,467,72.000,71,71,18.000,39.000,55.000,288,282,451,160,205,205,205,205,205,205,1,0,0,3,30,1,40.000,1
8.550000,237.71,40.000,24.000,467,467,72.000,71,71,18.000,39.000,55.000,288,282,451,160,205,205,205,205,205,205,1,0,0,3,30,1,40.000,1
8.555000,239.87,40.000,24.000,467,467,72.000,71,71,18.000,39.000,55.000,288,282,451,160,205,205,205,205,205,205,1,0,0,3,30,1,40.000,1
8.560000,242.03,40.000,24.000,467,467,72.000,71,71,18.000,39.000,55.000,288,282,451,160,205,205,205,205,205,205,1,0,0,3,30,1,40.000,1
8.565000,244.19,40.000,24.000,467,467,72.000,72,72,18.000,39.000,55.000,292,286,457,160,205,205,205,205,205,205,1,0,0,3,30,1,40.000,1
8.570000,246.35,40.000,24.000,467,467,72.000,72,72,18.000,39.000,55.000,292,286,457,160,205,205,205,205,205,205,1,0,0,3,30,1,40.000,1
8.575000,248.51,40.000,24.000,467,467,72.000,72,72,18.000,39.000,55.000,292,286,457,160,205,205,205,205,205,205,1,0,0,3,30,1,40.000,1
8.580000,250.67,40.000,24.000,467,467,72.000,72,72,18.000,39.000,55.000,292,286,457,160,205,205,205,205,205,205,1,0,0,3,30,1,40.000,1
8.585000,252.83,40.000,24.000,467,467,72.000,72,72,18.000,39.000,55.000,292,286,457,160,205,205,205,205,205,205,1,0,0,3,30,1,40.000,1
8.590000,254.99,40.000,24.000,467,467,72.000,72,72,18.000,39.000,55.000,292,286,457,160,205,205,205,205,205,205,1,0,0,3,30,1,40.000,1
8.595000,257.15,40.000,24.000,467,467,72.000,72,72,18.000,39.000,55.000,292,286,457,160,205,205,205,205,205,205,1,0,0,3,30,1,40.000,1
8.600000,259.31,40.000,24.000,467,467,72.000,71,71,18.000,39.000,55.000,288,282,451,160,205,205,205,205,205,205,1,0,0,3,30,1,40.000,1
8.605000,261.47,40.000,24.000,467,467,72.000,71,71,18.000,39.000,55.000,288,282,451,160,205,205,205,205,205,205,1,0,0,3,30,1,40.000,1
8.610000,263.63,40.000,24.000,467,467,72.000,71,71,18.000,39.000,55.000,288,282,451,160,205,205,205,205,205,205,1,0,0,3,30,1,40.000,1
8.615000,265.79,40.000,24.000,467,467,72.000,71,71,18.000,39.000,55.000,288,282,451,160,205,205,205,205,205,205,1,0,0,3,30,1,40.000,1
8.620000,267.95,40.000,24.000,467,467,72.000,71,71,18.000,39.000,55.000,288,282,451,160,205,205,205,205,205,205,1,0,0,3,30,1,40.000,1
8.625000,270.11,40.000,24.000,467,467,72.000,71,71,18.000,39.000,55.000,288,282,451,160,205,205,205,205,205,205,1,0,0,3,30,1,40.000,1
8.630000,272.27,40.000,24.000,467,467,72.000,71,71,18.000,39.000,55.000,288,282,451,160,205,205,205,205,205,205,1,0,0,3,30,1,40.000,1
8.635000,274.43,40.000,24.000,467,467,72.000,71,71,18.000,39.000,55.000,288,282,451,160,205,205,205,205,205,205,1,0,0,3,30,1,40.000,1
8.640000,276.59,40.000,24.000,467,467,72.000,71,71,18.000,39.000,55.000,288,282,451,160,205,205,205,205,205,205,1,0,0,3,30,1,40.000,1
8.645000,278.75,40.000,24.000,467,467,72.000,71,71,18.000,39.000,55.000,288,282,451,160,205,205,205,205,205,205,1,0,0,3,30,1,40.000,1
8.650000,280.91,40.000,24.000,467,467,72.000,71,71,18.000,39.000,55.000,288,282,451,160,205,205,205,205,205,205,1,0,0,3,30,1,40.000,1
8.655000,283.07,40.000,24.000,467,467,72.000,71,71,18.000,39.000,55.000,288,282,451,160,205,205,205,205,205,205,1,0,0,3,30,1,40.000,1
8.660000,285.23,40.000,24.000,467,467,72.000,71,71,18.000,39.000,55.000,288,282,451,160,205,205,205,205,205,205,1,0,0,3,30,1,40.000,1
8.665000,287.39,40.000,24.000,467,467,72.000,71,71,18.000,39.000,55.000,288,282,451,160,205,205,205,205,205,205,1,0,0,3,30,1,40.000,1
8.670000,289.55,40.000,24.000,467,467,72.000,71,71,18.000,39.000,55.000,288,282,451,160,205,205,205,205,205,205,1,0,0,3,30,1,40.000,1
8.675000,291.71,40.000,24.000,467,467,72.000,71,71,18.000,39.000,55.000,288,282,451,160,205,205,205,205,205,205,1,0,0,3,30,1,40.000,1
8.680000,293.87,40.000,24.000,467,467,72.000,71,71,18.000,39.000,55.000,288,282,451,160,205,205,205,205,205,205,1,0,0,3,30,1,40.000,1
8.685000,296.03,40.000,24.000,467,467,72.000,71,71,18.000,39.000,55.000,288,282,451,160,205,205,205,205,205,205,1,0,0,3,30,1,40.000,1
8.690000,298.19,40.000,24.000,467,467,72.000,71,71,18.000,39.000,55.000,288,282,451,160,205,205,205,205,205,205,1,0,0,3,30,1,40.000,1
8.695000,300.35,40.000,24.000,467,467,72.000,71,71,18.000,39.000,55.000,288,282,451,160,205,205,205,205,205,205,1,0,0,3,30,1,40.000,1
8.700000,302.51,40.000,24.000,467,467,72.000,71,71,18.000,39.000,55.000,288,282,451,160,205,205,205,205,205,205,1,0,0,3,30,1,40.000,1
8.705000,304.67,40.000,24.000,467,467,72.000,71,71,18.000,39.000,55.000,288,282,451,160,205,205,205,205,205,205,1,0,0,3,30,1,40.000,1
8.710000,306.83,40.000,24.000,467,467,72.000,71,71,18.000,39.000,55.000,288,282,451,160,205,205,205,205,205,205,1,0,0,3,30,1,40.000,1
8.715000,308.99,40.000,24.000,467,467,72.000,71,71,18.000,39.000,55.000,288,282,451,160,205,205,205,205,205,205,1,0,0,3,30,1,40.000,1
8.720000,311.15,40.000,24.000,467,467,72.000,71,71,18.000,39.000,55.000,288,282,451,160,205,205,205,205,205,205,1,0,0,3,30,1,40.000,1
8.725000,313.31,40.000,24.000,467,467,72.000,71,71,18.000,39.000,55.000,288,282,451,160,205,205,205,205,205,205,1,0,0,3,30,1,40.000,1
8.730000,315.47,40.000,24.000,467,467,72.000,71,71,18.000,39.000,55.000,288,282,451,160,205,205,205,205,205,205,1,0,0,3,30,1,40.000,1
8.735000,317.63,40.000,24.000,467,467,72.000,71,71,18.000,39.000,55.000,288,282,451,160,205,205,205,205,205,205,1,0,0,3,30,1,40.000,1
8.740000,319.79,40.000,24.000,467,467,72.000,71,71,18.000,39.000,55.000,288,282,451,160,205,205,205,205,205,205,1,0,0,3,30,1,40.000,1
8.745000,321.95,40.000,24.000,467,467,72.000,71,71,18.000,39.000,55.000,288,282,451,160,205,205,205,205,205,205,1,0,0,3,30,1,40.000,1
8.750000,324.11,40.000,24.000,467,467,72.000,71,71,18.000,39.000,55.000,288,282,451,160,205,205,205,205,205,205,1,0,0,3,30,1,40.000,1
8.755000,326.27,40.000,24.000,467,467,72.000,71,71,18.000,39.000,55.000,288,282,451,160,205,205,205,205,205,205,1,0,0,3,30,1,40.000,1
8.760000,328.43,40.000,24.000,467,467,72.000,71,71,18.000,39.000,55.000,288,282,451,160,205,205,205,205,205,205,1,0,0,3,30,1,40.000,1
8.765000,330.59,40.000,24.000,467,467,72.000,71,71,18.000,39.000,55.000,288,282,451,160,205,205,205,205,205,205,1,0,0,3,30,1,40.000,1
8.770000,332.75,40.000,24.000,467,467,72.000,71,71,18.000,39.000,55.000,288,282,451,160,205,205,205,205,205,205,1,0,0,3,30,1,40.000,1
8.775000,334.91,40.000,24.000,467,467,72.000,71,71,18.000,39.000,55.000,288,282,451,160,205,205,205,205,205,205,1,0,0,3,30,1,40.000,1
8.780000,337.07,40.000,24.000,467,467,72.000,71,71,18.000,39.000,55.000,288,282,451,160,205,205,205,205,205,205,1,0,0,3,30,1,40.000,1
8.785000,339.23,40.000,24.000,467,467,72.000,71,71,18.000,39.000,55.000,288,282,451,160,205,205,205,205,205,205,1,0,0,3,30,1,40.000,1
8.790000,341.39,40.000,24.000,467,467,72.000,71,71,18.000,39.000,55.000,288,282,451,160,205,205,205,205,205,205,1,0,0,3,30,1,40.000,1
8.795000,343.55,40.000,24.000,467,467,72.000,71,71,18.000,39.000,55.000,288,282,451,160,205,205,205,205,205,205,1,0,0,3,30,1,40.000,1
8.800000,345.71,40.000,24.000,467,467,72.000,71,71,18.000,39.000,55.000,288,282,451,160,205,205,205,205,205,205,1,0,0,3,30,1,40.000,1
8.805000,347.87,40.000,24.000,467,467,72.000,71,71,18.000,39.000,55.000,288,282,451,160,205,205,205,205,205,205,1,0,0,3,30,1,40.000,1
8.810000,350.03,40.000,24.000,467,467,72.000,71,71,18.000,39.000,55.000,288,282,451,160,205,205,205,205,205,205,1,0,0,3,30,1,40.000,1
8.815000,352.19,40.000,24.000,467,467,72.000,71,71,18.000,39.000,55.000,288,282,451,160,205,205,205,205,205,205,1,0,0,3,30,1,40.000,1
8.820000,354.35,40.000,24.000,467,467,72.000,71,71,18.000,39.000,55.000,288,282,451,160,205,205,205,205,205,205,1,0,0,3,30,1,40.000,1
8.825000,356.51,40.000,24.000,467,467,72.000,71,71,18.000,39.000,55.000,288,282,451,160,205,205,205,205,205,205,1,0,0,3,30,1,40.000,1
8.830000,358.67,40.000,24.000,467,467,72.000,71,71,18.000,39.000,55.000,288,282,451,160,205,205,205,205,205,205,1,0,0,3,30,1,40.000,1
8.835000,0.83,40.000,24.000,467,467,72.000,71,71,18.000,39.000,55.000,288,282,451,160,205,205,205,205,205,205,1,0,0,3,30,1,40.000,1
8.840000,2.99,40.000,24.000,467,467,72.000,71,71,18.000,39.000,55.000,288,282,451,160,205,205,205,205,205,205,1,0,0,3,30,1,40.000,1
8.845000,5.15,40.000,24.000,467,467,72.000,71,71,18.000,39.000,55.000,288,282,451,160,205,205,205,205,205,205,1,0,0,3,30,1,40.000,1
8.850000,7.31,40.000,24.000,467,467,72.000,71,71,18.000,39.000,55.000,288,282,451,160,205,205,205,205,205,205,1,0,0,3,30,1,40.000,1
8.855000,9.47,40.000,24.000,467,467,72.000,71,71,18.000,39.000,55.000,288,282,451,160,205,205,205,205,205,205,1,0,0,3,30,1,40.000,1
8.860000,11.63,40.000,24.000,467,467,72.000,71,71,18.000,39.000,55.000,288,282,451,160,205,205,205,205,205,205,1,0,0,3,30,1,40.000,1
8.865000,13.79,40.000,24.000,467,467,72.000,71,71,18.000,39.000,55.000,288,282,451,160,205,205,205,205,205,205,1,0,0,3,30,1,40.000,1
8.870000,15.95,40.000,24.000,467,467,72.000,71,71,18.000,39.000,55.000,288,282,451,160,205,205,205,205,205,205,1,0,0,3,30,1,40.000,1
8.875000,18.11,40.000,24.000,467,467,72.000,71,71,18.000,39.000,55.000,288,282,451,160,205,205,205,205,205,205,1,0,0,3,30,1,40.000,1
8.880000,20.27,40.000,24.000,467,467,72.000,72,72,18.000,39.000,55.000,292,286,457,160,205,205,205,205,205,205,1,0,0,3,30,1,40.000,1
8.885000,22.43,40.000,24.000,467,467,72.000,72,72,18.000,39.000,55.000,292,286,457,160,205,205,205,205,205,205,1,0,0,3,30,1,40.000,1
8.890000,24.59,40.000,24.000,467,467,72.000,72,72,18.000,39.000,55.000,292,286,457,160,205,205,205,205,205,205,1,0,0,3,30,1,40.000,1
8.895000,26.75,40.000,24.000,467,467,72.000,72,72,18.000,39.000,55.000,292,286,457,160,205,205,205,205,205,205,1,0,0,3,30,1,40.000,1
8.900000,28.91,40.000,24.000,467,467,72.000,72,72,18.000,39.000,55.000,292,286,457,160,205,205,205,205,205,205,1,0,0,3,30,1,40.000,1
8.905000,31.07,40.000,24.000,467,467,72.000,72,72,18.000,39.000,55.000,292,286,457,160,205,205,205,205,205,205,1,0,0,3,30,1,40.000,1
8.910000,33.23,40.000,24.000,467,467,72.000,72,72,18.000,39.000,55.000,292,286,457,160,205,205,205,205,205,205,1,0,0,3,30,1,40.000,1
8.915000,35.39,40.000,24.000,467,467,72.000,71,71,18.000,39.000,55.000,288,282,451,160,205,205,205,205,205,205,1,0,0,3,30,1,40.000,1
8.920000,37.55,40.000,24.000,467,467,72.000,71,71,18.000,39.000,55.000,288,282,451,160,205,205,205,205,205,205,1,0,0,3,30,1,40.000,1
8.925000,39.71,40.000,24.000,467,467,72.000,71,71,18.000,39.000,55.000,288,282,451,160,205,205,205,205,205,205,1,0,0,3,30,1,40.000,1
8.930000,41.87,40.000,24.000,467,467,72.000,71,71,18.000,39.000,55.000,288,282,451,160,205,205,205,205,205,205,1,0,0,3,30,1,40.000,1
8.935000,44.03,40.000,24.000,467,467,72.000,71,71,18.000,39.000,55.000,288,282,451,160,205,205,205,205,205,205,1,0,0,3,30,1,40.000,1
8.940000,46.19,40.000,24.000,467,467,72.000,71,71,18.000,39.000,55.000,288,282,451,160,205,205,205,205,205,205,1,0,0,3,30,1,40.000,1
8.945000,48.35,40.000,24.000,467,467,72.000,71,71,18.000,39.000,55.000,288,282,451,160,205,205,205,205,205,205,1,0,0,3,30,1,40.000,1
8.950000,50.51,40.000,24.000,467,467,72.000,71,71,18.000,39.000,55.000,288,282,451,160,205,205,205,205,205,205,1,0,0,3,30,1,40.000,1
8.955000,52.67,40.000,24.000,467,467,72.000,71,71,18.000,39.000,55.000,288,282,451,160,205,205,205,205,205,205,1,0,0,3,30,1,40.000,1
8.960000,54.83,40.000,24.000,467,467,72.000,71,71,18.000,39.000,55.000,288,282,451,160,205,205,205,205,205,205,1,0,0,3,30,1,40.000,1
8.965000,56.99,40.000,24.000,467,467,72.000,71,71,18.000,39.000,55.000,288,282,451,160,205,205,205,205,205,205,1,0,0,3,30,1,40.000,1
8.970000,59.15,40.000,24.000,467,467,72.000,71,71,18.000,39.000,55.000,288,282,451,160,205,205,205,205,205,205,1,0,0,3,30,1,40.000,1
8.975000,61.31,40.000,24.000,467,467,72.000,71,71,18.000,39.000,55.000,288,282,451,160,205,205,205,205,205,205,1,0,0,3,30,1,40.000,1
8.980000,63.47,40.000,24.000,467,467,72.000,71,71,18.000,39.000,55.000,288,282,451,160,205,205,205,205,205,205,1,0,0,3,30,1,40.000,1
8.985000,65.63,40.000,24.000,467,467,72.000,71,71,18.000,39.000,55.000,288,282,451,160,205,205,205,205,205,205,1,0,0,3,30,1,40.000,1
8.990000,67.79,40.000,24.000,467,467,72.000,71,71,18.000,39.000,55.000,288,282,451,160,205,205,205,205,205,205,1,0,0,3,30,1,40.000,1
8.995000,69.95,40.000,24.000,467,467,72.000,71,71,18.000,39.000,55.000,288,282,451,160,205,205,205,205,205,205,1,0,0,3,30,1,40.000,1
9.000000,72.11,40.000,24.000,467,467,72.000,71,71,18.000,39.000,55.000,288,282,451,160,205,205,205,205,205,205,1,0,0,3,30,1,40.000,1
9.005000,74.27,40.000,24.000,467,467,72.000,71,71,18.000,39.000,55.000,288,282,451,160,205,205,205,205,205,205,1,0,0,3,30,1,40.000,1
9.010000,76.43,40.000,24.000,467,467,72.000,71,71,18.000,39.000,55.000,288,282,451,160,205,205,205,205,205,205,1,0,0,3,30,1,40.000,1
9.015000,78.59,40.000,24.000,467,467,72.000,71,71,18.000,39.000,55.000,288,282,451,160,205,205,205,205,205,205,1,0,0,3,30,1,40.000,1
9.020000,80.75,40.000,24.000,467,467,72.000,71,71,18.000,39.000,55.000,288,282,451,160,205,205,205,205,205,205,1,0,0,3,30,1,40.000,1
9.025000,82.91,40.000,24.000,467,467,72.000,71,71,18.000,39.000,55.000,288,282,451,160,205,205,205,205,205,205,1,0,0,3,30,1,40.000,1
9.030000,85.07,40.000,24.000,467,467,72.000,71,71,18.000,39.000,55.000,288,282,451,160,205,205,205,205,205,205,1,0,0,3,30,1,40.000,1
9.035000,87.23,40.000,24.000,467,467,72.000,71,71,18.000,39.000,55.000,288,282,451,160,205,205,205,205,205,205,1,0,0,3,30,1,40.000,1
9.040000,89.39,40.000,24.000,467,467,72.000,71,71,18.000,39.000,55.000,288,282,451,160,205,205,205,205,205,205,1,0,0,3,30,1,40.000,1
9.045000,91.55,40.000,24.000,467,467,72.000,71,71,18.000,39.000,55.000,288,282,451,160,205,205,205,205,205,205,1,0,0,3,30,1,40.000,1
9.050000,93.71,40.000,24.000,467,467,72.000,71,71,18.000,39.000,55.000,288,282,451,160,205,205,205,205,205,205,1,0,0,3,30,1,40.000,1
9.055000,95.87,40.000,24.000,467,467,72.000,71,71,18.000,39.000,55.000,288,282,451,160,205,205,205,205,205,205,1,0,0,3,30,1,40.000,1
9.060000,98.03,40.000,24.000,467,467,72.000,71,71,18.000,39.000,55.000,288,282,451,160,205,205,205,205,205,205,1,0,0,3,30,1,40.000,1
9.065000,100.19,40.000,24.000,467,467,72.000,71,71,18.000,39.000,55.000,288,282,451,160,205,205,205,205,205,205,1,0,0,3,30,1,40.000,1
9.070000,102.35,40.000,24.000,467,467,72.000,71,71,18.000,39.000,55.000,288,282,451,160,205,205,205,205,205,205,1,0,0,3,30,1,40.000,1
9.075000,104.51,40.000,24.000,467,467,72.000,71,71,18.000,39.000,55.000,288,282,451,160,205,205,205,205,205,205,1,0,0,3,30,1,40.000,1
9.080000,106.67,40.000,24.000,467,467,72.000,71,71,18.000,39.000,55.000,288,282,451,160,205,205,205,205,205,205,1,0,0,3,30,1,40.000,1
9.085000,108.83,40.000,24.000,467,467,72.000,71,71,18.000,39.000,55.000,288,282,451,160,205,205,205,205,205,205,1,0,0,3,30,1,40.000,1
9.090000,110.99,40.000,24.000,467,467,72.000,71,71,18.000,39.000,55.000,288,282,451,160,205,205,205,205,205,205,1,0,0,3,30,1,40.000,1
9.095000,113.15,40.000,24.000,467,467,72.000,71,71,18.000,39.000,55.000,288,282,451,160,205,205,205,205,205,205,1,0,0,3,30,1,40.000,1
9.100000,115.31,40.000,24.000,467,467,72.000,71,71,18.000,39.000,55.000,288,282,451,160,205,205,205,205,205,205,1,0,0,3,30,1,40.000,1
9.105000,117.47,40.000,24.000,467,467,72.000,71,71,18.000,39.000,55.000,288,282,451,160,205,205,205,205,205,205,1,0,0,3,30,1,40.000,1
9.110000,119.63,40.000,24.000,467,467,72.000,71,71,18.000,39.000,55.000,288,282,451,160,205,205,205,205,205,205,1,0,0,3,30,1,40.000,1
9.115000,121.79,40.000,24.000,467,467,72.000,71,71,18.000,39.000,55.000,288,282,451,160,205,205,205,205,205,205,1,0,0,3,30,1,40.000,1
9.120000,123.95,40.000,24.000,467,467,72.000,71,71,18.000,39.000,55.000,288,282,451,160,205,205,205,205,205,205,1,0,0,3,30,1,40.000,1
9.125000,126.11,40.000,24.000,467,467,72.000,71,71,18.000,39.000,55.000,288,282,451,160,205,205,205,205,205,205,1,0,0,3,30,1,40.000,1
9.130000,128.27,40.000,24.000,467,467,72.000,71,71,18.000,39.000,55.000,288,282,451,160,205,205,205,205,205,205,1,0,0,3,30,1,40.000,1
9.135000,130.43,40.000,24.000,467,467,72.000,71,71,18.000,39.000,55.000,288,282,451,160,205,205,205,205,205,205,1,0,0,3,30,1,40.000,1
9.140000,132.59,40.000,24.000,467,467,72.000,71,71,18.000,39.000,55.000,288,282,451,160,205,205,205,205,205,205,1,0,0,3,30,1,40.000,1
9.145000,134.75,40.000,24.000,467,467,72.000,71,71,18.000,39.000,55.000,288,282,451,160,205,205,205,205,205,205,1,0,0,3,30,1,40.000,1
9.150000,136.91,40.000,24.000,467,467,72.000,71,71,18.000,39.000,55.000,288,282,451,160,205,205,205,205,205,205,1,0,0,3,30,1,40.000,1
9.155000,139.07,40.000,24.000,467,467,72.000,71,71,18.000,39.000,55.000,288,282,451,160,205,205,205,205,205,205,1,0,0,3,30,1,40.000,1
9.160000,141.23,40.000,24.000,467,467,72.000,71,71,18.000,39.000,55.000,288,282,451,160,205,205,205,205,205,205,1,0,0,3,30,1,40.000,1
9.165000,143.39,40.000,24.000,467,467,72.000,71,71,18.000,39.000,55.000,288,282,451,160,205,205,205,205,205,205,1,0,0,3,30,1,40.000,1
9.170000,145.55,40.000,24.000,467,467,72.000,71,71,18.000,39.000,55.000,288,282,451,160,205,205,205,205,205,205,1,0,0,3,30,1,40.000,1
9.175000,147.71,40.000,24.000,467,467,72.000,71,71,18.000,39.000,55.000,288,282,451,160,205,205,205,205,205,205,1,0,0,3,30,1,40.000,1
9.180000,149.87,40.000,24.000,467,467,72.000,71,71,18.000,39.000,55.000,288,282,451,160,205,205,205,205,205,205,1,0,0,3,30,1,40.000,1
9.185000,152.03,40.000,24.000,467,467,72.000,71,71,18.000,39.000,55.000,288,282,451,160,205,205,205,205,205,205,1,0,0,3,30,1,40.000,1
9.190000,154.19,40.000,24.000,467,467,72.000,72,72,18.000,39.000,55.000,292,286,457,160,205,205,205,205,205,205,1,0,0,3,30,1,40.000,1
9.195000,156.35,40.000,24.000,467,467,72.000,72,72,18.000,39.000,55.000,292,286,457,160,205,205,205,205,205,205,1,0,0,3,30,1,40.000,1
9.200000,158.51,40.000,24.000,467,467,72.000,72,72,18.000,39.000,55.000,292,286,457,160,205,205,205,205,205,205,1,0,0,3,30,1,40.000,1
9.205000,160.67,40.000,24.000,467,467,72.000,72,72,18.000,39.000,55.000,292,286,457,160,205,205,205,205,205,205,1,0,0,3,30,1,40.000,1
9.210000,162.83,40.000,24.000,467,467,72.000,72,72,18.000,39.000,55.000,292,286,457,160,205,205,205,205,205,205,1,0,0,3,30,1,40.000,1
9.215000,164.99,40.000,24.000,467,467,72.000,72,72,18.000,39.000,55.000,292,286,457,160,205,205,205,205,205,205,1,0,0,3,30,1,40.000,1
9.220000,167.15,40.000,24.000,467,467,72.000,72,72,18.000,39.000,55.000,292,286,457,160,205,205,205,205,205,205,1,0,0,3,30,1,40.000,1
9.225000,169.31,40.000,24.000,467,467,72.000,71,71,18.000,39.000,55.000,288,282,451,160,205,205,205,205,205,205,1,0,0,3,30,1,40.000,1
9.230000,171.47,40.000,24.000,467,467,72.000,71,71,18.000,39.000,55.000,288,282,451,160,205,205,205,205,205,205,1,0,0,3,30,1,40.000,1
9.235000,173.63,40.000,24.000,467,467,72.000,71,71,18.000,39.000,55.000,288,282,451,160,205,205,205,205,205,205,1,0,0,3,30,1,40.000,1
9.240000,175.79,40.000,24.000,467,467,72.000,71,71,18.000,39.000,55.000,288,282,451,160,205,205,205,205,205,205,1,0,0,3,30,1,40.000,1
9.245000,177.95,40.000,24.000,467,467,72.000,71,71,18.000,39.000,55.000,288,282,451,160,205,205,205,205,205,205,1,0,0,3,30,1,40.000,1
9.250000,180.11,40.000,24.000,467,467,72.000,71,71,18.000,39.000,55.000,288,282,451,160,205,205,205,205,205,205,1,0,0,3,30,1,40.000,1
9.255000,182.27,40.000,24.000,467,467,72.000,71,71,18.000,39.000,55.000,288,282,451,160,205,205,205,205,205,205,1,0,0,3,30,1,40.000,1
9.260000,184.43,40.000,24.000,467,467,72.000,71,71,18.000,39.000,55.000,288,282,451,160,205,205,205,205,205,205,1,0,0,3,30,1,40.000,1
9.265000,186.59,40.000,24.000,467,467,72.000,71,71,18.000,39.000,55.000,288,282,451,160,205,205,205,205,205,205,1,0,0,3,30,1,40.000,1
9.270000,188.75,40.000,24.000,467,467,72.000,71,71,18.000,39.000,55.000,288,282,451,160,205,205,205,205,205,205,1,0,0,3,30,1,40.000,1
9.275000,190.91,40.000,24.000,467,467,72.000,71,71,18.000,39.000,55.000,288,282,451,160,205,205,205,205,205,205,1,0,0,3,30,1,40.000,1
9.280000,193.07,40.000,24.000,467,467,72.000,71,71,18.000,39.000,55.000,288,282,451,160,205,205,205,205,205,205,1,0,0,3,30,1,40.000,1
9.285000,195.23,40.000,24.000,467,467,72.000,71,71,18.000,39.000,55.000,288,282,451,160,205,205,205,205,205,205,1,0,0,3,30,1,40.000,1
9.290000,197.39,40.000,24.000,467,467,72.000,71,71,18.000,39.000,55.000,288,282,451,160,205,205,205,205,205,205,1,0,0,3,30,1,40.000,1
9.295000,199.55,40.000,24.000,467,467,72.000,71,71,18.000,39.000,55.000,288,282,451,160,205,205,205,205,205,205,1,0,0,3,30,1,40.000,1
9.300000,201.71,40.000,24.000,467,467,72.000,71,71,18.000,39.000,55.000,288,282,451,160,205,205,205,205,205,205,1,0,0,3,30,1,40.000,1
9.305000,203.87,40.000,24.000,467,467,72.000,71,71,18.000,39.000,55.000,288,282,451,160,205,205,205,205,205,205,1,0,0,3,30,1,40.000,1
9.310000,206.03,40.000,24.000,467,467,72.000,71,71,18.000,39.000,55.000,288,282,451,160,205,205,205,205,205,205,1,0,0,3,30,1,40.000,1
9.315000,208.19,40.000,24.000,467,467,72.000,71,71,18.000,39.000,55.000,288,282,451,160,205,205,205,205,205,205,1,0,0,3,30,1,40.000,1
9.320000,210.35,40.000,24.000,467,467,72.000,71,71,18.000,39.000,55.000,288,282,451,160,205,205,205,205,205,205,1,0,0,3,30,1,40.000,1
9.325000,212.51,40.000,24.000,467,467,72.000,71,71,18.000,39.000,55.000,288,282,451,160,205,205,205,205,205,205,1,0,0,3,30,1,40.000,1
9.330000,214.67,40.000,24.000,467,467,72.000,71,71,18.000,39.000,55.000,288,282,451,160,205,205,205,205,205,205,1,0,0,3,30,1,40.000,1
9.335000,216.83,40.000,24.000,467,467,72.000,71,71,18.000,39.000,55.000,288,282,451,160,205,205,205,205,205,205,1,0,0,3,30,1,40.000,1
9.340000,218.99,40.000,24.000,467,467,72.000,71,71,18.000,39.000,55.000,288,282,451,160,205,205,205,205,205,205,1,0,0,3,30,1,40.000,1
9.345000,221.15,40.000,24.000,467,467,72.000,71,71,18.000,39.000,55.000,288,282,451,160,205,205,205,205,205,205,1,0,0,3,30,1,40.000,1
9.350000,223.31,40.000,24.000,467,467,72.000,71,71,18.000,39.000,55.000,288,282,451,160,205,205,205,205,205,205,1,0,0,3,30,1,40.000,1
9.355000,225.47,40.000,24.000,467,467,72.000,71,71,18.000,39.000,55.000,288,282,451,160,205,205,205,205,205,205,1,0,0,3,30,1,40.000,1
9.360000,227.63,40.000,24.000,467,467,72.000,71,71,18.000,39.000,55.000,288,282,451,160,205,205,205,205,205,205,1,0,0,3,30,1,40.000,1
9.365000,229.79,40.000,24.000,467,467,72.000,71,71,18.000,39.000,55.000,288,282,451,160,205,205,205,205,205,205,1,0,0,3,30,1,40.000,1
9.370000,231.95,40.000,24.000,467,467,72.000,71,71,18.000,39.000,55.000,288,282,451,160,205,205,205,205,205,205,1,0,0,3,30,1,40.000,1
9.375000,234.11,40.000,24.000,467,467,72.000,71,71,18.000,39.000,55.000,288,282,451,160,205,205,205,205,205,205,1,0,0,3,30,1,40.000,1
9.380000,236.27,40.000,24.000,467,467,72.000,71,71,18.000,39.000,55.000,288,282,451,160,205,205,205,205,205,205,1,0,0,3,30,1,40.000,1
9.385000,238.43,40.000,24.000,467,467,72.000,71,71,18.000,39.000,55.000,288,282,451,160,205,205,205,205,205,205,1,0,0,3,30,1,40.000,1
9.390000,240.59,40.000,24.000,467,467,72.000,71,71,18.000,39.000,55.000,288,282,451,160,205,205,205,205,205,205,1,0,0,3,30,1,40.000,1
9.395000,242.75,40.000,24.000,467,467,72.000,71,71,18.000,39.000,55.000,288,282,451,160,205,205,205,205,205,205,1,0,0,3,30,1,40.000,1
9.400000,244.91,40.000,24.000,467,467,72.000,71,71,18.000,39.000,55.000,288,282,451,160,205,205,205,205,205,205,1,0,0,3,30,1,40.000,1
9.405000,247.07,40.000,24.000,467,467,72.000,71,71,18.000,39.000,55.000,288,282,451,160,205,205,205,205,205,205,1,0,0,3,30,1,40.000,1
9.410000,249.23,40.000,24.000,467,467,72.000,71,71,18.000,39.000,55.000,288,282,451,160,205,205,205,205,205,205,1,0,0,3,30,1,40.000,1
9.415000,251.39,40.000,24.000,467,467,72.000,71,71,18.000,39.000,55.000,288,282,451,160,205,205,205,205,205,205,1,0,0,3,30,1,40.000,1
9.420000,253.55,40.000,24.000,467,467,72.000,71,71,18.000,39.000,55.000,288,282,451,160,205,205,205,205,205,205,1,0,0,3,30,1,40.000,1
9.425000,255.71,40.000,24.000,467,467,72.000,71,71,18.000,39.000,55.000,288,282,451,160,205,205,205,205,205,205,1,0,0,3,30,1,40.000,1
9.430000,257.87,40.000,24.000,467,467,72.000,71,71,18.000,39.000,55.000,288,282,451,160,205,205,205,205,205,205,1,0,0,3,30,1,40.000,1
9.435000,260.03,40.000,24.000,467,467,72.000,71,71,18.000,39.000,55.000,288,282,451,160,205,205,205,205,205,205,1,0,0,3,30,1,40.000,1
9.440000,262.19,40.000,24.000,467,467,72.000,71,71,18.000,39.000,55.000,288,282,451,160,205,205,205,205,205,205,1,0,0,3,30,1,40.000,1
9.445000,264.35,40.000,24.000,467,467,72.000,71,71,18.000,39.000,55.000,288,282,451,160,205,205,205,205,205,205,1,0,0,3,30,1,40.000,1
9.450000,266.51,40.000,24.000,467,467,72.000,71,71,18.000,39.000,55.000,288,282,451,160,205,205,205,205,205,205,1,0,0,3,30,1,40.000,1
9.455000,268.67,40.000,24.000,467,467,72.000,71,71,18.000,39.000,55.000,288,282,451,160,205,205,205,205,205,205,1,0,0,3,30,1,40.000,1
9.460000,270.83,40.000,24.000,467,467,72.000,71,71,18.000,39.000,55.000,288,282,451,160,205,205,205,205,205,205,1,0,0,3,30,1,40.000,1
9.465000,272.99,40.000,24.000,467,467,72.000,71,71,18.000,39.000,55.000,288,282,451,160,205,205,205,205,205,205,1,0,0,3,30,1,40.000,1
9.470000,275.15,40.000,24.000,467,467,72.000,71,71,18.000,39.000,55.000,288,282,451,160,205,205,205,205,205,205,1,0,0,3,30,1,40.000,1
9.475000,277.31,40.000,24.000,467,467,72.000,71,71,18.000,39.000,55.000,288,282,451,160,205,205,205,205,205,205,1,0,0,3,30,1,40.000,1
9.480000,279.47,40.000,24.000,467,467,72.000,71,71,18.000,39.000,55.000,288,282,451,160,205,205,205,205,205,205,1,0,0,3,30,1,40.000,1
9.485000,281.63,40.000,24.000,467,467,72.000,71,71,18.000,39.000,55.000,288,282,451,160,205,205,205,205,205,205,1,0,0,3,30,1,40.000,1
9.490000,283.79,40.000,24.000,467,467,72.000,71,71,18.000,39.000,55.000,288,282,451,160,205,205,205,205,205,205,1,0,0,3,30,1,40.000,1
9.495000,285.95,40.000,24.000,467,467,72.000,71,71,18.000,39.000,55.000,288,282,451,160,205,205,205,205,205,205,1,0,0,3,30,1,40.000,1
9.500000,288.11,40.000,24.000,467,467,72.000,71,71,18.000,39.000,55.000,288,282,451,160,205,205,205,205,205,205,1,0,0,3,30,1,40.000,1
9.505000,290.27,40.000,24.000,467,467,72.000,72,72,18.000,39.000,55.000,292,286,457,160,205,205,205,205,205,205,1,0,0,3,30,1,40.000,1
9.510000,292.43,40.000,24.000,467,467,72.000,72,72,18.000,39.000,55.000,292,286,457,160,205,205,205,205,205,205,1,0,0,3,30,1,40.000,1
9.515000,294.59,40.000,24.000,467,467,72.000,72,72,18.000,39.000,55.000,292,286,457,160,205,205,205,205,205,205,1,0,0,3,30,1,40.000,1
9.520000,296.75,40.000,24.000,467,467,72.000,72,72,18.000,39.000,55.000,292,286,457,160,205,205,205,205,205,205,1,0,0,3,30,1,40.000,1
9.525000,298.91,40.000,24.000,467,467,72.000,72,72,18.000,39.000,55.000,292,286,457,160,205,205,205,205,205,205,1,0,0,3,30,1,40.000,1
9.530000,301.07,40.000,24.000,467,467,72.000,72,72,18.000,39.000,55.000,292,286,457,160,205,205,205,205,205,205,1,0,0,3,30,1,40.000,1
9.535000,303.23,40.000,24.000,467,467,72.000,72,72,18.000,39.000,55.000,292,286,457,160,205,205,205,205,205,205,1,0,0,3,30,1,40.000,1
9.540000,305.39,40.000,24.000,467,467,72.000,71,71,18.000,39.000,55.000,288,282,451,160,205,205,205,205,205,205,1,0,0,3,30,1,40.000,1
9.545000,307.55,40.000,24.000,467,467,72.000,71,71,18.000,39.000,55.000,288,282,451,160,205,205,205,205,205,205,1,0,0,3,30,1,40.000,1
9.550000,309.71,40.000,24.000,467,467,72.000,71,71,18.000,39.000,55.000,288,282,451,160,205,205,205,205,205,205,1,0,0,3,30,1,40.000,1
9.555000,311.87,40.000,24.000,467,467,72.000,71,71,18.000,39.000,55.000,288,282,451,160,205,205,205,205,205,205,1,0,0,3,30,1,40.000,1
9.560000,314.03,40.000,24.000,467,467,72.000,71,71,18.000,39.000,55.000,288,282,451,160,205,205,205,205,205,205,1,0,0,3,30,1,40.000,1
9.565000,316.19,40.000,24.000,467,467,72.000,71,71,18.000,39.000,55.000,288,282,451,160,205,205,205,205,205,205,1,0,0,3,30,1,40.000,1
9.570000,318.35,40.000,24.000,467,467,72.000,71,71,18.000,39.000,55.000,288,282,451,160,205,205,205,205,205,205,1,0,0,3,30,1,40.000,1
9.575000,320.51,40.000,24.000,467,467,72.000,71,71,18.000,39.000,55.000,288,282,451,160,205,205,205,205,205,205,1,0,0,3,30,1,40.000,1
9.580000,322.67,40.000,24.000,467,467,72.000,71,71,18.000,39.000,55.000,288,282,451,160,205,205,205,205,205,205,1,0,0,3,30,1,40.000,1
9.585000,324.83,40.000,24.000,467,467,72.000,71,71,18.000,39.000,55.000,288,282,451,160,205,205,205,205,205,205,1,0,0,3,30,1,40.000,1
9.590000,326.99,40.000,24.000,467,467,72.000,71,71,18.000,39.000,55.000,288,282,451,160,205,205,205,205,205,205,1,0,0,3,30,1,40.000,1
9.595000,329.15,40.000,24.000,467,467,72.000,71,71,18.000,39.000,55.000,288,282,451,160,205,205,205,205,205,205,1,0,0,3,30,1,40.000,1
9.600000,331.31,40.000,24.000,467,467,72.000,71,71,18.000,39.000,55.000,288,282,451,160,205,205,205,205,205,205,1,0,0,3,30,1,40.000,1
9.605000,333.47,40.000,24.000,467,467,72.000,71,71,18.000,39.000,55.000,288,282,451,160,205,205,205,205,205,205,1,0,0,3,30,1,40.000,1
9.610000,335.63,40.000,24.000,467,467,72.000,71,71,18.000,39.000,55.000,288,282,451,160,205,205,205,205,205,205,1,0,0,3,30,1,40.000,1
9.615000,337.79,40.000,24.000,467,467,72.000,71,71,18.000,39.000,55.000,288,282,451,160,205,205,205,205,205,205,1,0,0,3,30,1,40.000,1
9.620000,339.95,40.000,24.000,467,467,72.000,71,71,18.000,39.000,55.000,288,282,451,160,205,205,205,205,205,205,1,0,0,3,30,1,40.000,1
9.625000,342.11,40.000,24.000,467,467,72.000,71,71,18.000,39.000,55.000,288,282,451,160,205,205,205,205,205,205,1,0,0,3,30,1,40.000,1
9.630000,344.27,40.000,24.000,467,467,72.000,71,71,18.000,39.000,55.000,288,282,451,160,205,205,205,205,205,205,1,0,0,3,30,1,40.000,1
9.635000,346.43,40.000,24.000,467,467,72.000,71,71,18.000,39.000,55.000,288,282,451,160,205,205,205,205,205,205,1,0,0,3,30,1,40.000,1
9.640000,348.59,40.000,24.000,467,467,72.000,71,71,18.000,39.000,55.000,288,282,451,160,205,205,205,205,205,205,1,0,0,3,30,1,40.000,1
9.645000,350.75,40.000,24.000,467,467,72.000,71,71,18.000,39.000,55.000,288,282,451,160,205,205,205,205,205,205,1,0,0,3,30,1,40.000,1
9.650000,352.91,40.000,24.000,467,467,72.000,71,71,18.000,39.000,55.000,288,282,451,160,205,205,205,205,205,205,1,0,0,3,30,1,40.000,1
9.655000,355.07,40.000,24.000,467,467,72.000,71,71,18.000,39.000,55.000,288,282,451,160,205,205,205,205,205,205,1,0,0,3,30,1,40.000,1
9.660000,357.23,40.000,24.000,467,467,72.000,71,71,18.000,39.000,55.000,288,282,451,160,205,205,205,205,205,205,1,0,0,3,30,1,40.000,1
9.665000,359.39,40.000,24.000,467,467,72.000,71,71,18.000,39.000,55.000,288,282,451,160,205,205,205,205,205,205,1,0,0,3,30,1,40.000,1
9.670000,1.55,40.000,24.000,467,467,72.000,71,71,18.000,39.000,55.000,288,282,451,160,205,205,205,205,205,205,1,0,0,3,30,1,40.000,1
9.675000,3.71,40.000,24.000,467,467,72.000,71,71,18.000,39.000,55.000,288,282,451,160,205,205,205,205,205,205,1,0,0,3,30,1,40.000,1
9.680000,5.87,40.000,24.000,467,467,72.000,71,71,18.000,39.000,55.000,288,282,451,160,205,205,205,205,205,205,1,0,0,3,30,1,40.000,1
9.685000,8.03,40.000,24.000,467,467,72.000,71,71,18.000,39.000,55.000,288,282,451,160,205,205,205,205,205,205,1,0,0,3,30,1,40.000,1
9.690000,10.19,40.000,24.000,467,467,72.000,71,71,18.000,39.000,55.000,288,282,451,160,205,205,205,205,205,205,1,0,0,3,30,1,40.000,1
9.695000,12.35,40.000,24.000,467,467,72.000,71,71,18.000,39.000,55.000,288,282,451,160,205,205,205,205,205,205,1,0,0,3,30,1,40.000,1
9.700000,14.51,40.000,24.000,467,467,72.000,71,71,18.000,39.000,55.000,288,282,451,160,205,205,205,205,205,205,1,0,0,3,30,1,40.000,1
9.705000,16.67,40.000,24.000,467,467,72.000,71,71,18.000,39.000,55.000,288,282,451,160,205,205,205,205,205,205,1,0,0,3,30,1,40.000,1
9.710000,18.83,40.000,24.000,467,467,72.000,71,71,18.000,39.000,55.000,288,282,451,160,205,205,205,205,205,205,1,0,0,3,30,1,40.000,1
9.715000,20.99,40.000,24.000,467,467,72.000,71,71,18.000,39.000,55.000,288,282,451,160,205,205,205,205,205,205,1,0,0,3,30,1,40.000,1
9.720000,23.15,40.000,24.000,467,467,72.000,71,71,18.000,39.000,55.000,288,282,451,160,205,205,205,205,205,205,1,0,0,3,30,1,40.000,1
9.725000,25.31,40.000,24.000,467,467,72.000,71,71,18.000,39.000,55.000,288,282,451,160,205,205,205,205,205,205,1,0,0,3,30,1,40.000,1
9.730000,27.47,40.000,24.000,467,467,72.000,71,71,18.000,39.000,55.000,288,282,451,160,205,205,205,205,205,205,1,0,0,3,30,1,40.000,1
9.735000,29.63,40.000,24.000,467,467,72.000,71,71,18.000,39.000,55.000,288,282,451,160,205,205,205,205,205,205,1,0,0,3,30,1,40.000,1
9.740000,31.79,40.000,24.000,467,467,72.000,71,71,18.000,39.000,55.000,288,282,451,160,205,205,205,205,205,205,1,0,0,3,30,1,40.000,1
9.745000,33.95,40.000,24.000,467,467,72.000,71,71,18.000,39.000,55.000,288,282,451,160,205,205,205,205,205,205,1,0,0,3,30,1,40.000,1
9.750000,36.11,40.000,24.000,467,467,72.000,71,71,18.000,39.000,55.000,288,282,451,160,205,205,205,205,205,205,1,0,0,3,30,1,40.000,1
9.755000,38.27,40.000,24.000,467,467,72.000,71,71,18.000,39.000,55.000,288,282,451,160,205,205,205,205,205,205,1,0,0,3,30,1,40.000,1
9.760000,40.43,40.000,24.000,467,467,72.000,71,71,18.000,39.000,55.000,288,282,451,160,205,205,205,205,205,205,1,0,0,3,30,1,40.000,1
9.765000,42.59,40.000,24.000,467,467,72.000,71,71,18.000,39.000,55.000,288,282,451,160,205,205,205,205,205,205,1,0,0,3,30,1,40.000,1
9.770000,44.75,40.000,24.000,467,467,72.000,71,71,18.000,39.000,55.000,288,282,451,160,205,205,205,205,205,205,1,0,0,3,30,1,40.000,1
9.775000,46.91,40.000,24.000,467,467,72.000,71,71,18.000,39.000,55.000,288,282,451,160,205,205,205,205,205,205,1,0,0,3,30,1,40.000,1
9.780000,49.07,40.000,24.000,467,467,72.000,71,71,18.000,39.000,55.000,288,282,451,160,205,205,205,205,205,205,1,0,0,3,30,1,40.000,1
9.785000,51.23,40.000,24.000,467,467,72.000,71,71,18.000,39.000,55.000,288,282,451,160,205,205,205,205,205,205,1,0,0,3,30,1,40.000,1
9.790000,53.39,40.000,24.000,467,467,72.000,71,71,18.000,39.000,55.000,288,282,451,160,205,205,205,205,205,205,1,0,0,3,30,1,40.000,1
9.795000,55.55,40.000,24.000,467,467,72.000,71,71,18.000,39.000,55.000,288,282,451,160,205,205,205,205,205,205,1,0,0,3,30,1,40.000,1
9.800000,57.71,40.000,24.000,467,467,72.000,71,71,18.000,39.000,55.000,288,282,451,160,205,205,205,205,205,205,1,0,0,3,30,1,40.000,1
9.805000,59.87,40.000,24.000,467,467,72.000,71,71,18.000,39.000,55.000,288,282,451,160,205,205,205,205,205,205,1,0,0,3,30,1,40.000,1
9.810000,62.03,40.000,24.000,467,467,72.000,71,71,18.000,39.000,55.000,288,282,451,160,205,205,205,205,205,205,1,0,0,3,30,1,40.000,1
9.815000,64.19,40.000,24.000,467,467,72.000,72,72,18.000,39.000,55.000,292,286,457,160,205,205,205,205,205,205,1,0,0,3,30,1,40.000,1
9.820000,66.35,40.000,24.000,467,467,72.000,72,72,18.000,39.000,55.000,292,286,457,160,205,205,205,205,205,205,1,0,0,3,30,1,40.000,1
9.825000,68.51,40.000,24.000,467,467,72.000,72,72,18.000,39.000,55.000,292,286,457,160,205,205,205,205,205,205,1,0,0,3,30,1,40.000,1
9.830000,70.67,40.000,24.000,467,467,72.000,72,72,18.000,39.000,55.000,292,286,457,160,205,205,205,205,205,205,1,0,0,3,30,1,40.000,1
9.835000,72.83,40.000,24.000,467,467,72.000,72,72,18.000,39.000,55.000,292,286,457,160,205,205,205,205,205,205,1,0,0,3,30,1,40.000,1
9.840000,74.99,40.000,24.000,467,467,72.000,72,72,18.000,39.000,55.000,292,286,457,160,205,205,205,205,205,205,1,0,0,3,30,1,40.000,1
9.845000,77.15,40.000,24.000,467,467,72.000,72,72,18.000,39.000,55.000,292,286,457,160,205,205,205,205,205,205,1,0,0,3,30,1,40.000,1
9.850000,79.31,40.000,24.000,467,467,72.000,71,71,18.000,39.000,55.000,288,282,451,160,205,205,205,205,205,205,1,0,0,3,30,1,40.000,1
9.855000,81.47,40.000,24.000,467,467,72.000,71,71,18.000,39.000,55.000,288,282,451,160,205,205,205,205,205,205,1,0,0,3,30,1,40.000,1
9.860000,83.63,40.000,24.000,467,467,72.000,71,71,18.000,39.000,55.000,288,282,451,160,205,205,205,205,205,205,1,0,0,3,30,1,40.000,1
9.865000,85.79,40.000,24.000,467,467,72.000,71,71,18.000,39.000,55.000,288,282,451,160,205,205,205,205,205,205,1,0,0,3,30,1,40.000,1
9.870000,87.95,40.000,24.000,467,467,72.000,71,71,18.000,39.000,55.000,288,282,451,160,205,205,205,205,205,205,1,0,0,3,30,1,40.000,1
9.875000,90.11,40.000,24.000,467,467,72.000,71,71,18.000,39.000,55.000,288,282,451,160,205,205,205,205,205,205,1,0,0,3,30,1,40.000,1
9.880000,92.27,40.000,24.000,467,467,72.000,71,71,18.000,39.000,55.000,288,282,451,160,205,205,205,205,205,205,1,0,0,3,30,1,40.000,1
9.885000,94.43,40.000,24.000,467,467,72.000,71,71,18.000,39.000,55.000,288,282,451,160,205,205,205,205,205,205,1,0,0,3,30,1,40.000,1
9.890000,96.59,40.000,24.000,467,467,72.000,71,71,18.000,39.000,55.000,288,282,451,160,205,205,205,205,205,205,1,0,0,3,30,1,40.000,1
9.895000,98.75,40.000,24.000,467,467,72.000,71,71,18.000,39.000,55.000,288,282,451,160,205,205,205,205,205,205,1,0,0,3,30,1,40.000,1
9.900000,100.91,40.000,24.000,467,467,72.000,71,71,18.000,39.000,55.000,288,282,451,160,205,205,205,205,205,205,1,0,0,3,30,1,40.000,1
9.905000,103.07,40.000,24.000,467,467,72.000,71,71,18.000,39.000,55.000,288,282,451,160,205,205,205,205,205,205,1,0,0,3,30,1,40.000,1
9.910000,105.23,40.000,24.000,467,467,72.000,71,71,18.000,39.000,55.000,288,282,451,160,205,205,205,205,205,205,1,0,0,3,30,1,40.000,1
9.915000,107.39,40.000,24.000,467,467,72.000,71,71,18.000,39.000,55.000,288,282,451,160,205,205,205,205,205,205,1,0,0,3,30,1,40.000,1
9.920000,109.55,40.000,24.000,467,467,72.000,71,71,18.000,39.000,55.000,288,282,451,160,205,205,205,205,205,205,1,0,0,3,30,1,40.000,1
9.925000,111.71,40.000,24.000,467,467,72.000,71,71,18.000,39.000,55.000,288,282,451,160,205,205,205,205,205,205,1,0,0,3,30,1,40.000,1
9.930000,113.87,40.000,24.000,467,467,72.000,71,71,18.000,39.000,55.000,288,282,451,160,205,205,205,205,205,205,1,0,0,3,30,1,40.000,1
9.935000,116.03,40.000,24.000,467,467,72.000,71,71,18.000,39.000,55.000,288,282,451,160,205,205,205,205,205,205,1,0,0,3,30,1,40.000,1
9.940000,118.19,40.000,24.000,467,467,72.000,71,71,18.000,39.000,55.000,288,282,451,160,205,205,205,205,205,205,1,0,0,3,30,1,40.000,1
9.945000,120.35,40.000,24.000,467,467,72.000,71,71,18.000,39.000,55.000,288,282,451,160,205,205,205,205,205,205,1,0,0,3,30,1,40.000,1
9.950000,122.51,40.000,24.000,467,467,72.000,71,71,18.000,39.000,55.000,288,282,451,160,205,205,205,205,205,205,1,0,0,3,30,1,40.000,1
9.955000,124.67,40.000,24.000,467,467,72.000,71,71,18.000,39.000,55.000,288,282,451,160,205,205,205,205,205,205,1,0,0,3,30,1,40.000,1
9.960000,126.83,40.000,24.000,467,467,72.000,71,71,18.000,39.000,55.000,288,282,451,160,205,205,205,205,205,205,1,0,0,3,30,1,40.000,1
9.965000,128.99,40.000,24.000,467,467,72.000,71,71,18.000,39.000,55.000,288,282,451,160,205,205,205,205,205,205,1,0,0,3,30,1,40.000,1
9.970000,131.15,40.000,24.000,467,467,72.000,71,71,18.000,39.000,55.000,288,282,451,160,205,205,205,205,205,205,1,0,0,3,30,1,40.000,1
9.975000,133.31,40.000,24.000,467,467,72.000,71,71,18.000,39.000,55.000,288,282,451,160,205,205,205,205,205,205,1,0,0,3,30,1,40.000,1
9.980000,135.47,40.000,24.000,467,467,72.000,71,71,18.000,39.000,55.000,288,282,451,160,205,205,205,205,205,205,1,0,0,3,30,1,40.000,1
9.985000,137.63,40.000,24.000,467,467,72.000,71,71,18.000,39.000,55.000,288,282,451,160,205,205,205,205,205,205,1,0,0,3,30,1,40.000,1
9.990000,139.79,40.000,24.000,467,467,72.000,71,71,18.000,39.000,55.000,288,282,451,160,205,205,205,205,205,205,1,0,0,3,30,1,40.000,1
9.995000,141.95,40.000,24.000,467,467,72.000,71,71,18.000,39.000,55.000,288,282,451,160,205,205,205,205,205,205,1,0,0,3,30,1,40.000,1
10.000000,144.11,40.000,24.000,467,467,72.000,71,71,18.000,39.000,55.000,288,282,451,160,205,205,205,205,205,205,1,0,0,3,30,1,40.000,1
