time_s,crank_angle_deg,torque_gen_nm,torque_load_kg,torque_fast_native,torque_run_native,cadence_gen_rpm,cadence_raw_rpm,cadence_control_rpm,speed_kph,battery_v,soc_pct,human_power_w,assist_basis_power_w,motor_power_w,support_pct,iq_mode_request,iq_before_profile_limit,iq_requested,iq_allowed,iq_pre_ramp,iq_ref,session,debug_flags,battery_limit,gate_steps,gate_load_ckg,pedalling,torque_cmd_mean_nm,ride_interval
0.005000,0.00,0.000,0.000,0,0,0.000,0,0,18.000,39.000,55.000,0,0,0,0,0,0,0,0,0,0,0,144,0,3,70,0,40.000,0
0.010000,0.00,0.000,0.000,0,0,0.000,0,0,18.000,39.000,55.000,0,0,0,0,0,0,0,0,0,0,0,144,0,3,70,0,40.000,0
0.015000,0.00,0.000,0.000,0,0,0.000,0,0,18.000,39.000,55.000,0,0,0,0,0,0,0,0,0,0,0,144,0,3,70,0,40.000,0
0.020000,0.00,0.000,0.000,0,0,0.000,0,0,18.000,39.000,55.000,0,0,0,0,0,0,0,0,0,0,0,144,0,3,70,0,40.000,0
0.025000,0.00,0.000,0.000,0,0,0.000,0,0,18.000,39.000,55.000,0,0,0,0,0,0,0,0,0,0,0,144,0,3,70,0,40.000,0
0.030000,0.00,0.000,0.000,0,0,0.000,0,0,18.000,39.000,55.000,0,0,0,0,0,0,0,0,0,0,0,144,0,3,70,0,40.000,0
0.035000,0.00,0.000,0.000,0,0,0.000,0,0,18.000,39.000,55.000,0,0,0,0,0,0,0,0,0,0,0,144,0,3,70,0,40.000,0
0.040000,0.00,0.000,0.000,0,0,0.000,0,0,18.000,39.000,55.000,0,0,0,0,0,0,0,0,0,0,0,144,0,3,70,0,40.000,0
0.045000,0.00,0.000,0.000,0,0,0.000,0,0,18.000,39.000,55.000,0,0,0,0,0,0,0,0,0,0,0,144,0,3,70,0,40.000,0
0.050000,0.00,0.000,0.000,0,0,0.000,0,0,18.000,39.000,55.000,0,0,0,0,0,0,0,0,0,0,0,144,0,3,70,0,40.000,0
0.055000,0.00,0.000,0.000,0,0,0.000,0,0,18.000,39.000,55.000,0,0,0,0,0,0,0,0,0,0,0,144,0,3,70,0,40.000,0
0.060000,0.00,0.000,0.000,0,0,0.000,0,0,18.000,39.000,55.000,0,0,0,0,0,0,0,0,0,0,0,144,0,3,70,0,40.000,0
0.065000,0.00,0.000,0.000,0,0,0.000,0,0,18.000,39.000,55.000,0,0,0,0,0,0,0,0,0,0,0,144,0,3,70,0,40.000,0
0.070000,0.00,0.000,0.000,0,0,0.000,0,0,18.000,39.000,55.000,0,0,0,0,0,0,0,0,0,0,0,144,0,3,70,0,40.000,0
0.075000,0.00,0.000,0.000,0,0,0.000,0,0,18.000,39.000,55.000,0,0,0,0,0,0,0,0,0,0,0,144,0,3,70,0,40.000,0
0.080000,0.00,0.000,0.000,0,0,0.000,0,0,18.000,39.000,55.000,0,0,0,0,0,0,0,0,0,0,0,144,0,3,70,0,40.000,0
0.085000,0.00,0.000,0.000,0,0,0.000,0,0,18.000,39.000,55.000,0,0,0,0,0,0,0,0,0,0,0,144,0,3,70,0,40.000,0
0.090000,0.00,0.000,0.000,0,0,0.000,0,0,18.000,39.000,55.000,0,0,0,0,0,0,0,0,0,0,0,144,0,3,70,0,40.000,0
0.095000,0.00,0.000,0.000,0,0,0.000,0,0,18.000,39.000,55.000,0,0,0,0,0,0,0,0,0,0,0,144,0,3,70,0,40.000,0
0.100000,0.00,0.000,0.000,0,0,0.000,0,0,18.000,39.000,55.000,0,0,0,0,0,0,0,0,0,0,0,144,0,3,70,0,40.000,0
0.105000,0.00,0.000,0.000,0,0,0.000,0,0,18.000,39.000,55.000,0,0,0,0,0,0,0,0,0,0,0,144,0,3,70,0,40.000,0
0.110000,0.00,0.000,0.000,0,0,0.000,0,0,18.000,39.000,55.000,0,0,0,0,0,0,0,0,0,0,0,144,0,3,70,0,40.000,0
0.115000,0.00,0.000,0.000,0,0,0.000,0,0,18.000,39.000,55.000,0,0,0,0,0,0,0,0,0,0,0,144,0,3,70,0,40.000,0
0.120000,0.00,0.000,0.000,0,0,0.000,0,0,18.000,39.000,55.000,0,0,0,0,0,0,0,0,0,0,0,144,0,3,70,0,40.000,0
0.125000,0.00,0.000,0.000,0,0,0.000,0,0,18.000,39.000,55.000,0,0,0,0,0,0,0,0,0,0,0,144,0,3,70,0,40.000,0
0.130000,0.00,0.000,0.000,0,0,0.000,0,0,18.000,39.000,55.000,0,0,0,0,0,0,0,0,0,0,0,144,0,3,70,0,40.000,0
0.135000,0.00,0.000,0.000,0,0,0.000,0,0,18.000,39.000,55.000,0,0,0,0,0,0,0,0,0,0,0,144,0,3,70,0,40.000,0
0.140000,0.00,0.000,0.000,0,0,0.000,0,0,18.000,39.000,55.000,0,0,0,0,0,0,0,0,0,0,0,144,0,3,70,0,40.000,0
0.145000,0.00,0.000,0.000,0,0,0.000,0,0,18.000,39.000,55.000,0,0,0,0,0,0,0,0,0,0,0,144,0,3,70,0,40.000,0
0.150000,0.00,0.000,0.000,0,0,0.000,0,0,18.000,39.000,55.000,0,0,0,0,0,0,0,0,0,0,0,144,0,3,70,0,40.000,0
0.155000,0.00,0.000,0.000,0,0,0.000,0,0,18.000,39.000,55.000,0,0,0,0,0,0,0,0,0,0,0,144,0,3,70,0,40.000,0
0.160000,0.00,0.000,0.000,0,0,0.000,0,0,18.000,39.000,55.000,0,0,0,0,0,0,0,0,0,0,0,144,0,3,70,0,40.000,0
0.165000,0.00,0.000,0.000,0,0,0.000,0,0,18.000,39.000,55.000,0,0,0,0,0,0,0,0,0,0,0,144,0,3,70,0,40.000,0
0.170000,0.00,0.000,0.000,0,0,0.000,0,0,18.000,39.000,55.000,0,0,0,0,0,0,0,0,0,0,0,144,0,3,70,0,40.000,0
0.175000,0.00,0.000,0.000,0,0,0.000,0,0,18.000,39.000,55.000,0,0,0,0,0,0,0,0,0,0,0,144,0,3,70,0,40.000,0
0.180000,0.00,0.000,0.000,0,0,0.000,0,0,18.000,39.000,55.000,0,0,0,0,0,0,0,0,0,0,0,144,0,3,70,0,40.000,0
0.185000,0.00,0.000,0.000,0,0,0.000,0,0,18.000,39.000,55.000,0,0,0,0,0,0,0,0,0,0,0,144,0,3,70,0,40.000,0
0.190000,0.00,0.000,0.000,0,0,0.000,0,0,18.000,39.000,55.000,0,0,0,0,0,0,0,0,0,0,0,144,0,3,70,0,40.000,0
0.195000,0.00,0.000,0.000,0,0,0.000,0,0,18.000,39.000,55.000,0,0,0,0,0,0,0,0,0,0,0,144,0,3,70,0,40.000,0
0.200000,0.00,0.000,0.000,0,0,0.000,0,0,18.000,39.000,55.000,0,0,0,0,0,0,0,0,0,0,0,144,0,3,70,0,40.000,0
0.205000,0.00,0.000,0.000,0,0,0.000,0,0,18.000,39.000,55.000,0,0,0,0,0,0,0,0,0,0,0,144,0,3,70,0,40.000,0
0.210000,0.00,0.000,0.000,0,0,0.000,0,0,18.000,39.000,55.000,0,0,0,0,0,0,0,0,0,0,0,144,0,3,70,0,40.000,0
0.215000,0.00,0.000,0.000,0,0,0.000,0,0,18.000,39.000,55.000,0,0,0,0,0,0,0,0,0,0,0,144,0,3,70,0,40.000,0
0.220000,0.00,0.000,0.000,0,0,0.000,0,0,18.000,39.000,55.000,0,0,0,0,0,0,0,0,0,0,0,144,0,3,70,0,40.000,0
0.225000,0.00,0.000,0.000,0,0,0.000,0,0,18.000,39.000,55.000,0,0,0,0,0,0,0,0,0,0,0,144,0,3,70,0,40.000,0
0.230000,0.00,0.000,0.000,0,0,0.000,0,0,18.000,39.000,55.000,0,0,0,0,0,0,0,0,0,0,0,144,0,3,70,0,40.000,0
0.235000,0.00,0.000,0.000,0,0,0.000,0,0,18.000,39.000,55.000,0,0,0,0,0,0,0,0,0,0,0,144,0,3,70,0,40.000,0
0.240000,0.00,0.000,0.000,0,0,0.000,0,0,18.000,39.000,55.000,0,0,0,0,0,0,0,0,0,0,0,144,0,3,70,0,40.000,0
0.245000,0.00,0.000,0.000,0,0,0.000,0,0,18.000,39.000,55.000,0,0,0,0,0,0,0,0,0,0,0,144,0,3,70,0,40.000,0
0.250000,0.00,0.000,0.000,0,0,0.000,0,0,18.000,39.000,55.000,0,0,0,0,0,0,0,0,0,0,0,144,0,3,70,0,40.000,0
0.255000,0.00,0.000,0.000,0,0,0.000,0,0,18.000,39.000,55.000,0,0,0,0,0,0,0,0,0,0,0,144,0,3,70,0,40.000,0
0.260000,0.00,0.000,0.000,0,0,0.000,0,0,18.000,39.000,55.000,0,0,0,0,0,0,0,0,0,0,0,144,0,3,70,0,40.000,0
0.265000,0.00,0.000,0.000,0,0,0.000,0,0,18.000,39.000,55.000,0,0,0,0,0,0,0,0,0,0,0,144,0,3,70,0,40.000,0
0.270000,0.00,0.000,0.000,0,0,0.000,0,0,18.000,39.000,55.000,0,0,0,0,0,0,0,0,0,0,0,144,0,3,70,0,40.000,0
0.275000,0.00,0.000,0.000,0,0,0.000,0,0,18.000,39.000,55.000,0,0,0,0,0,0,0,0,0,0,0,144,0,3,70,0,40.000,0
0.280000,0.00,0.000,0.000,0,0,0.000,0,0,18.000,39.000,55.000,0,0,0,0,0,0,0,0,0,0,0,144,0,3,70,0,40.000,0
0.285000,0.00,0.000,0.000,0,0,0.000,0,0,18.000,39.000,55.000,0,0,0,0,0,0,0,0,0,0,0,144,0,3,70,0,40.000,0
0.290000,0.00,0.000,0.000,0,0,0.000,0,0,18.000,39.000,55.000,0,0,0,0,0,0,0,0,0,0,0,144,0,3,70,0,40.000,0
0.295000,0.00,0.000,0.000,0,0,0.000,0,0,18.000,39.000,55.000,0,0,0,0,0,0,0,0,0,0,0,144,0,3,70,0,40.000,0
0.300000,0.00,0.000,0.000,0,0,0.000,0,0,18.000,39.000,55.000,0,0,0,0,0,0,0,0,0,0,0,144,0,3,70,0,40.000,0
0.305000,0.00,0.000,0.000,0,0,0.000,0,0,18.000,39.000,55.000,0,0,0,0,0,0,0,0,0,0,0,144,0,3,70,0,40.000,0
0.310000,0.00,0.000,0.000,0,0,0.000,0,0,18.000,39.000,55.000,0,0,0,0,0,0,0,0,0,0,0,144,0,3,70,0,40.000,0
0.315000,0.00,0.000,0.000,0,0,0.000,0,0,18.000,39.000,55.000,0,0,0,0,0,0,0,0,0,0,0,144,0,3,70,0,40.000,0
0.320000,0.00,0.000,0.000,0,0,0.000,0,0,18.000,39.000,55.000,0,0,0,0,0,0,0,0,0,0,0,144,0,3,70,0,40.000,0
0.325000,0.00,0.000,0.000,0,0,0.000,0,0,18.000,39.000,55.000,0,0,0,0,0,0,0,0,0,0,0,144,0,3,70,0,40.000,0
0.330000,0.00,0.000,0.000,0,0,0.000,0,0,18.000,39.000,55.000,0,0,0,0,0,0,0,0,0,0,0,144,0,3,70,0,40.000,0
0.335000,0.00,0.000,0.000,0,0,0.000,0,0,18.000,39.000,55.000,0,0,0,0,0,0,0,0,0,0,0,144,0,3,70,0,40.000,0
0.340000,0.00,0.000,0.000,0,0,0.000,0,0,18.000,39.000,55.000,0,0,0,0,0,0,0,0,0,0,0,144,0,3,70,0,40.000,0
0.345000,0.00,0.000,0.000,0,0,0.000,0,0,18.000,39.000,55.000,0,0,0,0,0,0,0,0,0,0,0,144,0,3,70,0,40.000,0
0.350000,0.00,0.000,0.000,0,0,0.000,0,0,18.000,39.000,55.000,0,0,0,0,0,0,0,0,0,0,0,144,0,3,70,0,40.000,0
0.355000,0.00,0.000,0.000,0,0,0.000,0,0,18.000,39.000,55.000,0,0,0,0,0,0,0,0,0,0,0,144,0,3,70,0,40.000,0
0.360000,0.00,0.000,0.000,0,0,0.000,0,0,18.000,39.000,55.000,0,0,0,0,0,0,0,0,0,0,0,144,0,3,70,0,40.000,0
0.365000,0.00,0.000,0.000,0,0,0.000,0,0,18.000,39.000,55.000,0,0,0,0,0,0,0,0,0,0,0,144,0,3,70,0,40.000,0
0.370000,0.00,0.000,0.000,0,0,0.000,0,0,18.000,39.000,55.000,0,0,0,0,0,0,0,0,0,0,0,144,0,3,70,0,40.000,0
0.375000,0.00,0.000,0.000,0,0,0.000,0,0,18.000,39.000,55.000,0,0,0,0,0,0,0,0,0,0,0,144,0,3,70,0,40.000,0
0.380000,0.00,0.000,0.000,0,0,0.000,0,0,18.000,39.000,55.000,0,0,0,0,0,0,0,0,0,0,0,144,0,3,70,0,40.000,0
0.385000,0.00,0.000,0.000,0,0,0.000,0,0,18.000,39.000,55.000,0,0,0,0,0,0,0,0,0,0,0,144,0,3,70,0,40.000,0
0.390000,0.00,0.000,0.000,0,0,0.000,0,0,18.000,39.000,55.000,0,0,0,0,0,0,0,0,0,0,0,144,0,3,70,0,40.000,0
0.395000,0.00,0.000,0.000,0,0,0.000,0,0,18.000,39.000,55.000,0,0,0,0,0,0,0,0,0,0,0,144,0,3,70,0,40.000,0
0.400000,0.00,0.000,0.000,0,0,0.000,0,0,18.000,39.000,55.000,0,0,0,0,0,0,0,0,0,0,0,144,0,3,70,0,40.000,0
0.405000,0.00,0.000,0.000,0,0,0.000,0,0,18.000,39.000,55.000,0,0,0,0,0,0,0,0,0,0,0,144,0,3,70,0,40.000,0
0.410000,0.00,0.000,0.000,0,0,0.000,0,0,18.000,39.000,55.000,0,0,0,0,0,0,0,0,0,0,0,144,0,3,70,0,40.000,0
0.415000,0.00,0.000,0.000,0,0,0.000,0,0,18.000,39.000,55.000,0,0,0,0,0,0,0,0,0,0,0,144,0,3,70,0,40.000,0
0.420000,0.00,0.000,0.000,0,0,0.000,0,0,18.000,39.000,55.000,0,0,0,0,0,0,0,0,0,0,0,144,0,3,70,0,40.000,0
0.425000,0.00,0.000,0.000,0,0,0.000,0,0,18.000,39.000,55.000,0,0,0,0,0,0,0,0,0,0,0,144,0,3,70,0,40.000,0
0.430000,0.00,0.000,0.000,0,0,0.000,0,0,18.000,39.000,55.000,0,0,0,0,0,0,0,0,0,0,0,144,0,3,70,0,40.000,0
0.435000,0.00,0.000,0.000,0,0,0.000,0,0,18.000,39.000,55.000,0,0,0,0,0,0,0,0,0,0,0,144,0,3,70,0,40.000,0
0.440000,0.00,0.000,0.000,0,0,0.000,0,0,18.000,39.000,55.000,0,0,0,0,0,0,0,0,0,0,0,144,0,3,70,0,40.000,0
0.445000,0.00,0.000,0.000,0,0,0.000,0,0,18.000,39.000,55.000,0,0,0,0,0,0,0,0,0,0,0,144,0,3,70,0,40.000,0
0.450000,0.00,0.000,0.000,0,0,0.000,0,0,18.000,39.000,55.000,0,0,0,0,0,0,0,0,0,0,0,144,0,3,70,0,40.000,0
0.455000,0.00,0.000,0.000,0,0,0.000,0,0,18.000,39.000,55.000,0,0,0,0,0,0,0,0,0,0,0,144,0,3,70,0,40.000,0
0.460000,0.00,0.000,0.000,0,0,0.000,0,0,18.000,39.000,55.000,0,0,0,0,0,0,0,0,0,0,0,144,0,3,70,0,40.000,0
0.465000,0.00,0.000,0.000,0,0,0.000,0,0,18.000,39.000,55.000,0,0,0,0,0,0,0,0,0,0,0,144,0,3,70,0,40.000,0
0.470000,0.00,0.000,0.000,0,0,0.000,0,0,18.000,39.000,55.000,0,0,0,0,0,0,0,0,0,0,0,144,0,3,70,0,40.000,0
0.475000,0.00,0.000,0.000,0,0,0.000,0,0,18.000,39.000,55.000,0,0,0,0,0,0,0,0,0,0,0,144,0,3,70,0,40.000,0
0.480000,0.00,0.000,0.000,0,0,0.000,0,0,18.000,39.000,55.000,0,0,0,0,0,0,0,0,0,0,0,144,0,3,70,0,40.000,0
0.485000,0.00,0.000,0.000,0,0,0.000,0,0,18.000,39.000,55.000,0,0,0,0,0,0,0,0,0,0,0,144,0,3,70,0,40.000,0
0.490000,0.00,0.000,0.000,0,0,0.000,0,0,18.000,39.000,55.000,0,0,0,0,0,0,0,0,0,0,0,144,0,3,70,0,40.000,0
0.495000,0.00,0.000,0.000,0,0,0.000,0,0,18.000,39.000,55.000,0,0,0,0,0,0,0,0,0,0,0,144,0,3,70,0,40.000,0
0.500000,0.18,40.000,24.000,3,0,120.000,0,0,18.000,39.000,55.000,0,0,0,0,0,0,0,0,0,0,0,16,0,3,70,1,40.000,1
0.505000,3.78,40.000,24.000,65,1,120.000,0,0,18.000,39.000,55.000,0,0,0,0,0,0,0,0,0,0,0,16,0,3,70,1,40.000,1
0.510000,7.38,40.000,24.000,119,5,120.000,0,0,18.000,39.000,55.000,0,0,0,0,0,0,0,0,0,0,0,16,0,3,70,1,40.000,1
0.515000,10.98,40.000,24.000,165,11,120.000,0,0,18.000,39.000,55.000,0,0,0,160,7,7,0,0,0,0,0,16,0,3,30,1,40.000,1
0.520000,14.58,40.000,24.000,206,171,120.000,0,0,18.000,39.000,55.000,0,0,0,160,129,129,129,129,129,16,1,0,0,3,30,1,40.000,1
0.525000,18.18,40.000,24.000,240,173,120.000,0,0,18.000,39.000,55.000,0,0,0,160,131,131,131,131,131,33,1,0,0,3,30,1,40.000,1
0.530000,21.78,40.000,24.000,271,176,120.000,119,119,18.000,39.000,55.000,483,153,246,160,66,66,66,66,66,51,1,0,0,3,30,1,40.000,1
0.535000,25.38,40.000,24.000,297,181,120.000,119,119,18.000,39.000,55.000,483,159,254,160,69,69,69,69,69,69,1,0,0,3,30,1,40.000,1
0.540000,28.98,40.000,24.000,320,186,120.000,119,119,18.000,39.000,55.000,483,164,263,160,71,71,71,71,71,71,1,0,0,3,30,1,40.000,1
0.545000,32.58,40.000,24.000,339,192,120.000,119,119,18.000,39.000,55.000,483,171,274,160,74,74,74,74,74,74,1,0,0,3,30,1,40.000,1
0.550000,36.18,40.000,24.000,356,198,120.000,120,119,18.000,39.000,55.000,483,178,284,160,77,77,77,77,77,77,1,0,0,3,30,1,40.000,1
0.555000,39.78,40.000,24.000,371,205,120.000,120,119,18.000,39.000,55.000,483,185,297,160,80,80,80,80,80,80,1,0,0,3,30,1,40.000,1
0.560000,43.38,40.000,24.000,384,212,120.000,120,119,18.000,39.000,55.000,483,193,309,160,84,84,84,84,84,84,1,0,0,3,30,1,40.000,1
0.565000,46.98,40.000,24.000,395,219,120.000,120,119,18.000,39.000,55.000,483,200,321,160,87,87,87,87,87,87,1,0,0,3,30,1,40.000,1
0.570000,50.58,40.000,24.000,404,226,120.000,120,119,18.000,39.000,55.000,483,208,333,160,90,90,90,90,90,90,1,0,0,3,30,1,40.000,1
0.575000,54.18,40.000,24.000,413,234,120.000,120,119,18.000,39.000,55.000,483,217,348,160,94,94,94,94,94,94,1,0,0,3,30,1,40.000,1
0.580000,57.78,40.000,24.000,420,241,120.000,120,119,18.000,39.000,55.000,483,225,360,160,98,98,98,98,98,98,1,0,0,3,30,1,40.000,1
0.585000,61.38,40.000,24.000,426,249,120.000,120,119,18.000,39.000,55.000,483,233,374,160,101,101,101,101,101,101,1,0,0,3,30,1,40.000,1
0.590000,64.98,40.000,24.000,432,256,120.000,119,119,18.000,39.000,55.000,483,241,386,160,105,105,105,105,105,105,1,0,0,3,30,1,40.000,1
0.595000,68.58,40.000,24.000,436,263,120.000,119,119,18.000,39.000,55.000,483,249,398,160,108,108,108,108,108,108,1,0,0,3,30,1,40.000,1
0.600000,72.18,40.000,24.000,440,270,120.000,119,119,18.000,39.000,55.000,483,256,410,160,111,111,111,111,111,111,1,0,0,3,30,1,40.000,1
0.605000,75.78,40.000,24.000,444,277,120.000,119,119,18.000,39.000,55.000,483,264,423,160,115,115,115,115,115,115,1,0,0,3,30,1,40.000,1
0.610000,79.38,40.000,24.000,447,284,120.000,120,119,18.000,39.000,55.000,483,272,435,160,118,118,118,118,118,118,1,0,0,3,30,1,40.000,1
0.615000,82.98,40.000,24.000,450,291,120.000,120,119,18.000,39.000,55.000,483,280,448,160,121,121,121,121,121,121,1,0,0,3,30,1,40.000,1
0.620000,86.58,40.000,24.000,452,297,120.000,120,119,18.000,39.000,55.000,483,286,458,160,124,124,124,124,124,124,1,0,0,3,30,1,40.000,1
0.625000,90.18,40.000,24.000,454,304,120.000,120,119,18.000,39.000,55.000,483,294,470,160,128,128,128,128,128,128,1,0,0,3,30,1,40.000,1
0.630000,93.78,40.000,24.000,456,310,120.000,120,119,18.000,39.000,55.000,483,300,481,160,130,130,130,130,130,130,1,0,0,3,30,1,40.000,1
0.635000,97.38,40.000,24.000,457,316,120.000,120,119,18.000,39.000,55.000,483,307,491,160,133,133,133,133,133,133,1,0,0,3,30,1,40.000,1
0.640000,100.98,40.000,24.000,458,322,120.000,120,119,18.000,39.000,55.000,483,313,502,160,136,136,136,136,136,136,1,0,0,3,30,1,40.000,1
0.645000,104.58,40.000,24.000,459,327,120.000,120,119,18.000,39.000,55.000,483,319,511,160,139,139,139,139,139,139,1,0,0,3,30,1,40.000,1
0.650000,108.18,40.000,24.000,460,332,120.000,120,119,18.000,39.000,55.000,483,324,519,160,141,141,141,141,141,141,1,0,0,3,30,1,40.000,1
0.655000,111.78,40.000,24.000,461,338,120.000,119,119,18.000,39.000,55.000,483,331,530,160,144,144,144,144,144,144,1,0,0,3,30,1,40.000,1
0.660000,115.38,40.000,24.000,462,343,120.000,119,119,18.000,39.000,55.000,483,337,539,160,146,146,146,146,146,146,1,0,0,3,30,1,40.000,1
0.665000,118.98,40.000,24.000,463,348,120.000,119,119,18.000,39.000,55.000,483,342,547,160,149,149,149,149,149,149,1,0,0,3,30,1,40.000,1
0.670000,122.58,40.000,24.000,463,352,120.000,119,119,18.000,39.000,55.000,483,346,555,160,151,151,151,151,151,151,1,0,0,3,30,1,40.000,1
0.675000,126.18,40.000,24.000,464,357,120.000,120,119,18.000,39.000,55.000,483,352,563,160,153,153,153,153,153,153,1,0,0,3,30,1,40.000,1
0.680000,129.78,40.000,24.000,464,361,120.000,120,119,18.000,39.000,55.000,483,356,570,160,155,155,155,155,155,155,1,0,0,3,30,1,40.000,1
0.685000,133.38,40.000,24.000,464,365,120.000,120,119,18.000,39.000,55.000,483,361,577,160,157,157,157,157,157,157,1,0,0,3,30,1,40.000,1
0.690000,136.98,40.000,24.000,465,369,120.000,120,119,18.000,39.000,55.000,483,365,584,160,159,159,159,159,159,159,1,0,0,3,30,1,40.000,1
0.695000,140.58,40.000,24.000,465,373,120.000,120,119,18.000,39.000,55.000,483,369,591,160,161,161,161,161,161,161,1,0,0,3,30,1,40.000,1
0.700000,144.18,40.000,24.000,465,377,120.000,120,119,18.000,39.000,55.000,483,374,598,160,162,162,162,162,162,162,1,0,0,3,30,1,40.000,1
0.705000,147.78,40.000,24.000,465,380,120.000,120,119,18.000,39.000,55.000,483,377,604,160,164,164,164,164,164,164,1,0,0,3,30,1,40.000,1
0.710000,151.38,40.000,24.000,466,384,120.000,120,119,18.000,39.000,55.000,483,382,611,160,166,166,166,166,166,166,1,0,0,3,30,1,40.000,1
0.715000,154.98,40.000,24.000,466,387,120.000,119,119,18.000,39.000,55.000,483,385,616,160,167,167,167,167,167,167,1,0,0,3,30,1,40.000,1
0.720000,158.58,40.000,24.000,466,390,120.000,119,119,18.000,39.000,55.000,483,388,621,160,169,169,169,169,169,169,1,0,0,3,30,1,40.000,1
0.725000,162.18,40.000,24.000,466,393,120.000,119,119,18.000,39.000,55.000,483,391,627,160,170,170,170,170,170,170,1,0,0,3,30,1,40.000,1
0.730000,165.78,40.000,24.000,466,396,120.000,119,119,18.000,39.000,55.000,483,395,632,160,172,172,172,172,172,172,1,0,0,3,30,1,40.000,1
0.735000,169.38,40.000,24.000,466,399,120.000,120,119,18.000,39.000,55.000,483,398,637,160,173,173,173,173,173,173,1,0,0,3,30,1,40.000,1
0.740000,172.98,40.000,24.000,466,402,120.000,120,119,18.000,39.000,55.000,483,401,642,160,174,174,174,174,174,174,1,0,0,3,30,1,40.000,1
0.745000,176.58,40.000,24.000,466,404,120.000,120,119,18.000,39.000,55.000,483,403,646,160,175,175,175,175,175,175,1,0,0,3,30,1,40.000,1
0.750000,180.18,40.000,24.000,466,407,120.000,120,119,18.000,39.000,55.000,483,407,651,160,177,177,177,177,177,177,1,0,0,3,30,1,40.000,1
0.755000,183.78,40.000,24.000,466,409,120.000,120,120,18.000,39.000,55.000,487,412,660,160,178,178,178,178,178,178,1,0,0,3,30,1,40.000,1
0.760000,187.38,40.000,24.000,467,412,120.000,120,120,18.000,39.000,55.000,487,416,665,160,179,179,179,179,179,179,1,0,0,3,30,1,40.000,1
0.765000,190.98,40.000,24.000,467,414,120.000,120,120,18.000,39.000,55.000,487,418,669,160,180,180,180,180,180,180,1,0,0,3,30,1,40.000,1
0.770000,194.58,40.000,24.000,467,416,120.000,120,120,18.000,39.000,55.000,487,420,672,160,181,181,181,181,181,181,1,0,0,3,30,1,40.000,1
0.775000,198.18,40.000,24.000,467,418,120.000,120,120,18.000,39.000,55.000,487,422,676,160,182,182,182,182,182,182,1,0,0,3,30,1,40.000,1
0.780000,201.78,40.000,24.000,467,420,120.000,119,119,18.000,39.000,55.000,483,421,674,160,183,183,183,183,183,183,1,0,0,3,30,1,40.000,1
0.785000,205.38,40.000,24.000,467,422,120.000,119,119,18.000,39.000,55.000,483,423,677,160,184,184,184,184,184,184,1,0,0,3,30,1,40.000,1
0.790000,208.98,40.000,24.000,467,424,120.000,119,119,18.000,39.000,55.000,483,425,681,160,185,185,185,185,185,185,1,0,0,3,30,1,40.000,1
0.795000,212.58,40.000,24.000,467,425,120.000,119,119,18.000,39.000,55.000,483,426,683,160,185,185,185,185,185,185,1,0,0,3,30,1,40.000,1
0.800000,216.18,40.000,24.000,467,427,120.000,120,120,18.000,39.000,55.000,487,432,692,160,186,186,186,186,186,186,1,0,0,3,30,1,40.000,1
0.805000,219.78,40.000,24.000,467,429,120.000,120,120,18.000,39.000,55.000,487,434,695,160,187,187,187,187,187,187,1,0,0,3,30,1,40.000,1
0.810000,223.38,40.000,24.000,467,430,120.000,120,120,18.000,39.000,55.000,487,436,697,160,188,188,188,188,188,188,1,0,0,3,30,1,40.000,1
0.815000,226.98,40.000,24.000,467,432,120.000,120,120,18.000,39.000,55.000,487,438,701,160,189,189,189,189,189,189,1,0,0,3,30,1,40.000,1
0.820000,230.58,40.000,24.000,467,433,120.000,120,120,18.000,39.000,55.000,487,439,702,160,189,189,189,189,189,189,1,0,0,3,30,1,40.000,1
0.825000,234.18,40.000,24.000,467,434,120.000,120,120,18.000,39.000,55.000,487,440,704,160,190,190,190,190,190,190,1,0,0,3,30,1,40.000,1
0.830000,237.78,40.000,24.000,467,436,120.000,120,120,18.000,39.000,55.000,487,442,708,160,191,191,191,191,191,191,1,0,0,3,30,1,40.000,1
0.835000,241.38,40.000,24.000,467,437,120.000,120,120,18.000,39.000,55.000,487,443,710,160,191,191,191,191,191,191,1,0,0,3,30,1,40.000,1
0.840000,244.98,40.000,24.000,467,438,120.000,119,119,18.000,39.000,55.000,483,441,705,160,192,192,192,192,192,192,1,0,0,3,30,1,40.000,1
0.845000,248.58,40.000,24.000,467,439,120.000,119,119,18.000,39.000,55.000,483,442,707,160,192,192,192,192,192,192,1,0,0,3,30,1,40.000,1
0.850000,252.18,40.000,24.000,467,440,120.000,119,119,18.000,39.000,55.000,483,443,709,160,193,193,193,193,193,193,1,0,0,3,30,1,40.000,1
0.855000,255.78,40.000,24.000,467,441,120.000,119,119,18.000,39.000,55.000,483,444,711,160,193,193,193,193,193,193,1,0,0,3,30,1,40.000,1
0.860000,259.38,40.000,24.000,467,442,120.000,120,120,18.000,39.000,55.000,487,449,718,160,194,194,194,194,194,194,1,0,0,3,30,1,40.000,1
0.865000,262.98,40.000,24.000,467,443,120.000,120,120,18.000,39.000,55.000,487,450,720,160,194,194,194,194,194,194,1,0,0,3,30,1,40.000,1
0.870000,266.58,40.000,24.000,467,444,120.000,120,120,18.000,39.000,55.000,487,451,722,160,194,194,194,194,194,194,1,0,0,3,30,1,40.000,1
0.875000,270.18,40.000,24.000,467,445,120.000,120,120,18.000,39.000,55.000,487,452,724,160,195,195,195,195,195,195,1,0,0,3,30,1,40.000,1
0.880000,273.78,40.000,24.000,467,446,120.000,120,120,18.000,39.000,55.000,487,453,725,160,195,195,195,195,195,195,1,0,0,3,30,1,40.000,1
0.885000,277.38,40.000,24.000,467,447,120.000,120,120,18.000,39.000,55.000,487,454,727,160,196,196,196,196,196,196,1,0,0,3,30,1,40.000,1
0.890000,280.98,40.000,24.000,467,448,120.000,120,120,18.000,39.000,55.000,487,455,729,160,196,196,196,196,196,196,1,0,0,3,30,1,40.000,1
0.895000,284.58,40.000,24.000,467,448,120.000,120,120,18.000,39.000,55.000,487,455,729,160,196,196,196,196,196,196,1,0,0,3,30,1,40.000,1
0.900000,288.18,40.000,24.000,467,449,120.000,120,120,18.000,39.000,55.000,487,456,731,160,197,197,197,197,197,197,1,0,0,3,30,1,40.000,1
0.905000,291.78,40.000,24.000,467,450,120.000,119,119,18.000,39.000,55.000,483,454,727,160,197,197,197,197,197,197,1,0,0,3,30,1,40.000,1
0.910000,295.38,40.000,24.000,467,450,120.000,119,119,18.000,39.000,55.000,483,454,727,160,197,197,197,197,197,197,1,0,0,3,30,1,40.000,1
0.915000,298.98,40.000,24.000,467,451,120.000,119,119,18.000,39.000,55.000,483,455,728,160,198,198,198,198,198,198,1,0,0,3,30,1,40.000,1
0.920000,302.58,40.000,24.000,467,452,120.000,119,119,18.000,39.000,55.000,483,456,730,160,198,198,198,198,198,198,1,0,0,3,30,1,40.000,1
0.925000,306.18,40.000,24.000,467,452,120.000,120,120,18.000,39.000,55.000,487,460,736,160,198,198,198,198,198,198,1,0,0,3,30,1,40.000,1
0.930000,309.78,40.000,24.000,467,453,120.000,120,120,18.000,39.000,55.000,487,461,738,160,199,199,199,199,199,199,1,0,0,3,30,1,40.000,1
0.935000,313.38,40.000,24.000,467,453,120.000,120,120,18.000,39.000,55.000,487,461,738,160,199,199,199,199,199,199,1,0,0,3,30,1,40.000,1
0.940000,316.98,40.000,24.000,467,454,120.000,120,120,18.000,39.000,55.000,487,462,739,160,199,199,199,199,199,199,1,0,0,3,30,1,40.000,1
0.945000,320.58,40.000,24.000,467,454,120.000,120,120,18.000,39.000,55.000,487,462,739,160,199,199,199,199,199,199,1,0,0,3,30,1,40.000,1
0.950000,324.18,40.000,24.000,467,455,120.000,120,120,18.000,39.000,55.000,487,463,741,160,200,200,200,200,200,200,1,0,0,3,30,1,40.000,1
0.955000,327.78,40.000,24.000,467,455,120.000,120,120,18.000,39.000,55.000,487,463,741,160,200,200,200,200,200,200,1,0,0,3,30,1,40.000,1
0.960000,331.38,40.000,24.000,467,456,120.000,120,120,18.000,39.000,55.000,487,464,743,160,200,200,200,200,200,200,1,0,0,3,30,1,40.000,1
0.965000,334.98,40.000,24.000,467,456,120.000,119,119,18.000,39.000,55.000,483,460,737,160,200,200,200,200,200,200,1,0,0,3,30,1,40.000,1
0.970000,338.58,40.000,24.000,467,457,120.000,119,119,18.000,39.000,55.000,483,462,739,160,201,201,201,201,201,201,1,0,0,3,30,1,40.000,1
0.975000,342.18,40.000,24.000,467,457,120.000,119,119,18.000,39.000,55.000,483,462,739,160,201,201,201,201,201,201,1,0,0,3,30,1,40.000,1
0.980000,345.78,40.000,24.000,467,457,120.000,119,119,18.000,39.000,55.000,483,462,739,160,201,201,201,201,201,201,1,0,0,3,30,1,40.000,1
0.985000,349.38,40.000,24.000,467,458,120.000,120,120,18.000,39.000,55.000,487,466,747,160,201,201,201,201,201,201,1,0,0,3,30,1,40.000,1
0.990000,352.98,40.000,24.000,467,458,120.000,120,120,18.000,39.000,55.000,487,466,747,160,201,201,201,201,201,201,1,0,0,3,30,1,40.000,1
0.995000,356.58,40.000,24.000,467,458,120.000,120,120,18.000,39.000,55.000,487,466,747,160,201,201,201,201,201,201,1,0,0,3,30,1,40.000,1
1.000000,0.18,40.000,24.000,467,459,120.000,120,120,18.000,39.000,55.000,487,468,749,160,202,202,202,202,202,202,1,0,0,3,30,1,40.000,1
1.005000,3.78,40.000,24.000,467,459,120.000,120,120,18.000,39.000,55.000,487,468,749,160,202,202,202,202,202,202,1,0,0,3,30,1,40.000,1
1.010000,7.38,40.000,24.000,467,459,120.000,120,120,18.000,39.000,55.000,487,468,749,160,202,202,202,202,202,202,1,0,0,3,30,1,40.000,1
1.015000,10.98,40.000,24.000,467,460,120.000,120,120,18.000,39.000,55.000,487,469,750,160,202,202,202,202,202,202,1,0,0,3,30,1,40.000,1
1.020000,14.58,40.000,24.000,467,460,120.000,120,120,18.000,39.000,55.000,487,469,750,160,202,202,202,202,202,202,1,0,0,3,30,1,40.000,1
1.025000,18.18,40.000,24.000,467,460,120.000,120,120,18.000,39.000,55.000,487,469,750,160,202,202,202,202,202,202,1,0,0,3,30,1,40.000,1
1.030000,21.78,40.000,24.000,467,460,120.000,119,119,18.000,39.000,55.000,483,465,744,160,202,202,202,202,202,202,1,0,0,3,30,1,40.000,1
1.035000,25.38,40.000,24.000,467,461,120.000,119,119,18.000,39.000,55.000,483,466,746,160,203,203,203,203,203,203,1,0,0,3,30,1,40.000,1
1.040000,28.98,40.000,24.000,467,461,120.000,119,119,18.000,39.000,55.000,483,466,746,160,203,203,203,203,203,203,1,0,0,3,30,1,40.000,1
1.045000,32.58,40.000,24.000,467,461,120.000,119,119,18.000,39.000,55.000,483,466,746,160,203,203,203,203,203,203,1,0,0,3,30,1,40.000,1
1.050000,36.18,40.000,24.000,467,461,120.000,120,120,18.000,39.000,55.000,487,470,752,160,203,203,203,203,203,203,1,0,0,3,30,1,40.000,1
1.055000,39.78,40.000,24.000,467,461,120.000,120,120,18.000,39.000,55.000,487,470,752,160,203,203,203,203,203,203,1,0,0,3,30,1,40.000,1
1.060000,43.38,40.000,24.000,467,462,120.000,120,120,18.000,39.000,55.000,487,471,754,160,203,203,203,203,203,203,1,0,0,3,30,1,40.000,1
1.065000,46.98,40.000,24.000,467,462,120.000,120,120,18.000,39.000,55.000,487,471,754,160,203,203,203,203,203,203,1,0,0,3,30,1,40.000,1
1.070000,50.58,40.000,24.000,467,462,120.000,120,120,18.000,39.000,55.000,487,471,754,160,203,203,203,203,203,203,1,0,0,3,30,1,40.000,1
1.075000,54.18,40.000,24.000,467,462,120.000,120,120,18.000,39.000,55.000,487,471,754,160,203,203,203,203,203,203,1,0,0,3,30,1,40.000,1
1.080000,57.78,40.000,24.000,467,462,120.000,120,120,18.000,39.000,55.000,487,471,754,160,203,203,203,203,203,203,1,0,0,3,30,1,40.000,1
1.085000,61.38,40.000,24.000,467,462,120.000,120,120,18.000,39.000,55.000,487,471,754,160,203,203,203,203,203,203,1,0,0,3,30,1,40.000,1
1.090000,64.98,40.000,24.000,467,463,120.000,119,119,18.000,39.000,55.000,483,468,749,160,204,204,204,204,204,204,1,0,0,3,30,1,40.000,1
1.095000,68.58,40.000,24.000,467,463,120.000,119,119,18.000,39.000,55.000,483,468,749,160,204,204,204,204,204,204,1,0,0,3,30,1,40.000,1
1.100000,72.18,40.000,24.000,467,463,120.000,119,119,18.000,39.000,55.000,483,468,749,160,204,204,204,204,204,204,1,0,0,3,30,1,40.000,1
1.105000,75.78,40.000,24.000,467,463,120.000,119,119,18.000,39.000,55.000,483,468,749,160,204,204,204,204,204,204,1,0,0,3,30,1,40.000,1
1.110000,79.38,40.000,24.000,467,463,120.000,120,120,18.000,39.000,55.000,487,472,755,160,204,204,204,204,204,204,1,0,0,3,30,1,40.000,1
1.115000,82.98,40.000,24.000,467,463,120.000,120,120,18.000,39.000,55.000,487,472,755,160,204,204,204,204,204,204,1,0,0,3,30,1,40.000,1
1.120000,86.58,40.000,24.000,467,463,120.000,120,120,18.000,39.000,55.000,487,472,755,160,204,204,204,204,204,204,1,0,0,3,30,1,40.000,1
1.125000,90.18,40.000,24.000,467,463,120.000,120,120,18.000,39.000,55.000,487,472,755,160,204,204,204,204,204,204,1,0,0,3,30,1,40.000,1
1.130000,93.78,40.000,24.000,467,464,120.000,120,120,18.000,39.000,55.000,487,473,757,160,204,204,204,204,204,204,1,0,0,3,30,1,40.000,1
1.135000,97.38,40.000,24.000,467,464,120.000,120,120,18.000,39.000,55.000,487,473,757,160,204,204,204,204,204,204,1,0,0,3,30,1,40.000,1
1.140000,100.98,40.000,24.000,467,464,120.000,120,120,18.000,39.000,55.000,487,473,757,160,204,204,204,204,204,204,1,0,0,3,30,1,40.000,1
1.145000,104.58,40.000,24.000,467,464,120.000,120,120,18.000,39.000,55.000,487,473,757,160,204,204,204,204,204,204,1,0,0,3,30,1,40.000,1
1.150000,108.18,40.000,24.000,467,464,120.000,120,120,18.000,39.000,55.000,487,473,757,160,204,204,204,204,204,204,1,0,0,3,30,1,40.000,1
1.155000,111.78,40.000,24.000,467,464,120.000,119,119,18.000,39.000,55.000,483,469,751,160,204,204,204,204,204,204,1,0,0,3,30,1,40.000,1
1.160000,115.38,40.000,24.000,467,464,120.000,119,119,18.000,39.000,55.000,483,469,751,160,204,204,204,204,204,204,1,0,0,3,30,1,40.000,1
1.165000,118.98,40.000,24.000,467,464,120.000,119,119,18.000,39.000,55.000,483,469,751,160,204,204,204,204,204,204,1,0,0,3,30,1,40.000,1
1.170000,122.58,40.000,24.000,467,464,120.000,119,119,18.000,39.000,55.000,483,469,751,160,204,204,204,204,204,204,1,0,0,3,30,1,40.000,1
1.175000,126.18,40.000,24.000,467,464,120.000,120,120,18.000,39.000,55.000,487,473,757,160,204,204,204,204,204,204,1,0,0,3,30,1,40.000,1
1.180000,129.78,40.000,24.000,467,464,120.000,120,120,18.000,39.000,55.000,487,473,757,160,204,204,204,204,204,204,1,0,0,3,30,1,40.000,1
1.185000,133.38,40.000,24.000,467,464,120.000,120,120,18.000,39.000,55.000,487,473,757,160,204,204,204,204,204,204,1,0,0,3,30,1,40.000,1
1.190000,136.98,40.000,24.000,467,464,120.000,120,120,18.000,39.000,55.000,487,473,757,160,204,204,204,204,204,204,1,0,0,3,30,1,40.000,1
1.195000,140.58,40.000,24.000,467,465,120.000,120,120,18.000,39.000,55.000,487,474,759,160,204,204,204,204,204,204,1,0,0,3,30,1,40.000,1
1.200000,144.18,40.000,24.000,467,465,120.000,120,120,18.000,39.000,55.000,487,474,759,160,204,204,204,204,204,204,1,0,0,3,30,1,40.000,1
1.205000,147.78,40.000,24.000,467,465,120.000,120,120,18.000,39.000,55.000,487,474,759,160,204,204,204,204,204,204,1,0,0,3,30,1,40.000,1
1.210000,151.38,40.000,24.000,467,465,120.000,120,120,18.000,39.000,55.000,487,474,759,160,204,204,204,204,204,204,1,0,0,3,30,1,40.000,1
1.215000,154.98,40.000,24.000,467,465,120.000,119,119,18.000,39.000,55.000,483,470,753,160,204,204,204,204,204,204,1,0,0,3,30,1,40.000,1
1.220000,158.58,40.000,24.000,467,465,120.000,119,119,18.000,39.000,55.000,483,470,753,160,204,204,204,204,204,204,1,0,0,3,30,1,40.000,1
1.225000,162.18,40.000,24.000,467,465,120.000,119,119,18.000,39.000,55.000,483,470,753,160,204,204,204,204,204,204,1,0,0,3,30,1,40.000,1
1.230000,165.78,40.000,24.000,467,465,120.000,119,119,18.000,39.000,55.000,483,470,753,160,204,204,204,204,204,204,1,0,0,3,30,1,40.000,1
1.235000,169.38,40.000,24.000,467,465,120.000,120,120,18.000,39.000,55.000,487,474,759,160,204,204,204,204,204,204,1,0,0,3,30,1,40.000,1
1.240000,172.98,40.000,24.000,467,465,120.000,120,120,18.000,39.000,55.000,487,474,759,160,204,204,204,204,204,204,1,0,0,3,30,1,40.000,1
1.245000,176.58,40.000,24.000,467,465,120.000,120,120,18.000,39.000,55.000,487,474,759,160,204,204,204,204,204,204,1,0,0,3,30,1,40.000,1
1.250000,180.18,40.000,24.000,467,465,120.000,120,120,18.000,39.000,55.000,487,474,759,160,204,204,204,204,204,204,1,0,0,3,30,1,40.000,1
1.255000,183.78,40.000,24.000,467,465,120.000,120,120,18.000,39.000,55.000,487,474,759,160,204,204,204,204,204,204,1,0,0,3,30,1,40.000,1
1.260000,187.38,40.000,24.000,467,466,120.000,120,120,18.000,39.000,55.000,487,475,761,160,205,205,205,205,205,205,1,0,0,3,30,1,40.000,1
1.265000,190.98,40.000,24.000,467,466,120.000,120,120,18.000,39.000,55.000,487,475,761,160,205,205,205,205,205,205,1,0,0,3,30,1,40.000,1
1.270000,194.58,40.000,24.000,467,466,120.000,120,120,18.000,39.000,55.000,487,475,761,160,205,205,205,205,205,205,1,0,0,3,30,1,40.000,1
1.275000,198.18,40.000,24.000,467,466,120.000,120,120,18.000,39.000,55.000,487,475,761,160,205,205,205,205,205,205,1,0,0,3,30,1,40.000,1
1.280000,201.78,40.000,24.000,467,466,120.000,119,119,18.000,39.000,55.000,483,471,755,160,205,205,205,205,205,205,1,0,0,3,30,1,40.000,1
1.285000,205.38,40.000,24.000,467,466,120.000,119,119,18.000,39.000,55.000,483,471,755,160,205,205,205,205,205,205,1,0,0,3,30,1,40.000,1
1.290000,208.98,40.000,24.000,467,466,120.000,119,119,18.000,39.000,55.000,483,471,755,160,205,205,205,205,205,205,1,0,0,3,30,1,40.000,1
1.295000,212.58,40.000,24.000,467,466,120.000,119,119,18.000,39.000,55.000,483,471,755,160,205,205,205,205,205,205,1,0,0,3,30,1,40.000,1
1.300000,216.18,40.000,24.000,467,466,120.000,120,120,18.000,39.000,55.000,487,475,761,160,205,205,205,205,205,205,1,0,0,3,30,1,40.000,1
1.305000,219.78,40.000,24.000,467,466,120.000,120,120,18.000,39.000,55.000,487,475,761,160,205,205,205,205,205,205,1,0,0,3,30,1,40.000,1
1.310000,223.38,40.000,24.000,467,466,120.000,120,120,18.000,39.000,55.000,487,475,761,160,205,205,205,205,205,205,1,0,0,3,30,1,40.000,1
1.315000,226.98,40.000,24.000,467,466,120.000,120,120,18.000,39.000,55.000,487,475,761,160,205,205,205,205,205,205,1,0,0,3,30,1,40.000,1
1.320000,230.58,40.000,24.000,467,466,120.000,120,120,18.000,39.000,55.000,487,475,761,160,205,205,205,205,205,205,1,0,0,3,30,1,40.000,1
1.325000,234.18,40.000,24.000,467,467,120.000,120,120,18.000,39.000,55.000,487,476,763,160,205,205,205,205,205,205,1,0,0,3,30,1,40.000,1
1.330000,237.78,40.000,24.000,467,467,120.000,120,120,18.000,39.000,55.000,487,476,763,160,205,205,205,205,205,205,1,0,0,3,30,1,40.000,1
1.335000,241.38,40.000,24.000,467,467,120.000,120,120,18.000,39.000,55.000,487,476,763,160,205,205,205,205,205,205,1,0,0,3,30,1,40.000,1
1.340000,244.98,40.000,24.000,467,467,120.000,119,119,18.000,39.000,55.000,483,472,756,160,205,205,205,205,205,205,1,0,0,3,30,1,40.000,1
1.345000,248.58,40.000,24.000,467,467,120.000,119,119,18.000,39.000,55.000,483,472,756,160,205,205,205,205,205,205,1,0,0,3,30,1,40.000,1
1.350000,252.18,40.000,24.000,467,467,120.000,119,119,18.000,39.000,55.000,483,472,756,160,205,205,205,205,205,205,1,0,0,3,30,1,40.000,1
1.355000,255.78,40.000,24.000,467,467,120.000,119,119,18.000,39.000,55.000,483,472,756,160,205,205,205,205,205,205,1,0,0,3,30,1,40.000,1
1.360000,259.38,40.000,24.000,467,467,120.000,120,120,18.000,39.000,55.000,487,476,763,160,205,205,205,205,205,205,1,0,0,3,30,1,40.000,1
1.365000,262.98,40.000,24.000,467,467,120.000,120,120,18.000,39.000,55.000,487,476,763,160,205,205,205,205,205,205,1,0,0,3,30,1,40.000,1
1.370000,266.58,40.000,24.000,467,467,120.000,120,120,18.000,39.000,55.000,487,476,763,160,205,205,205,205,205,205,1,0,0,3,30,1,40.000,1
1.375000,270.18,40.000,24.000,467,467,120.000,120,120,18.000,39.000,55.000,487,476,763,160,205,205,205,205,205,205,1,0,0,3,30,1,40.000,1
1.380000,273.78,40.000,24.000,467,467,120.000,120,120,18.000,39.000,55.000,487,476,763,160,205,205,205,205,205,205,1,0,0,3,30,1,40.000,1
1.385000,277.38,40.000,24.000,467,467,120.000,120,120,18.000,39.000,55.000,487,476,763,160,205,205,205,205,205,205,1,0,0,3,30,1,40.000,1
1.390000,280.98,40.000,24.000,467,467,120.000,120,120,18.000,39.000,55.000,487,476,763,160,205,205,205,205,205,205,1,0,0,3,30,1,40.000,1
1.395000,284.58,40.000,24.000,467,467,120.000,120,120,18.000,39.000,55.000,487,476,763,160,205,205,205,205,205,205,1,0,0,3,30,1,40.000,1
1.400000,288.18,40.000,24.000,467,467,120.000,120,120,18.000,39.000,55.000,487,476,763,160,205,205,205,205,205,205,1,0,0,3,30,1,40.000,1
1.405000,291.78,40.000,24.000,467,467,120.000,119,119,18.000,39.000,55.000,483,472,756,160,205,205,205,205,205,205,1,0,0,3,30,1,40.000,1
1.410000,295.38,40.000,24.000,467,467,120.000,119,119,18.000,39.000,55.000,483,472,756,160,205,205,205,205,205,205,1,0,0,3,30,1,40.000,1
1.415000,298.98,40.000,24.000,467,467,120.000,119,119,18.000,39.000,55.000,483,472,756,160,205,205,205,205,205,205,1,0,0,3,30,1,40.000,1
1.420000,302.58,40.000,24.000,467,467,120.000,119,119,18.000,39.000,55.000,483,472,756,160,205,205,205,205,205,205,1,0,0,3,30,1,40.000,1
1.425000,306.18,40.000,24.000,467,467,120.000,120,120,18.000,39.000,55.000,487,476,763,160,205,205,205,205,205,205,1,0,0,3,30,1,40.000,1
1.430000,309.78,40.000,24.000,467,467,120.000,120,120,18.000,39.000,55.000,487,476,763,160,205,205,205,205,205,205,1,0,0,3,30,1,40.000,1
1.435000,313.38,40.000,24.000,467,467,120.000,120,120,18.000,39.000,55.000,487,476,763,160,205,205,205,205,205,205,1,0,0,3,30,1,40.000,1
1.440000,316.98,40.000,24.000,467,467,120.000,120,120,18.000,39.000,55.000,487,476,763,160,205,205,205,205,205,205,1,0,0,3,30,1,40.000,1
1.445000,320.58,40.000,24.000,467,467,120.000,120,120,18.000,39.000,55.000,487,476,763,160,205,205,205,205,205,205,1,0,0,3,30,1,40.000,1
1.450000,324.18,40.000,24.000,467,467,120.000,120,120,18.000,39.000,55.000,487,476,763,160,205,205,205,205,205,205,1,0,0,3,30,1,40.000,1
1.455000,327.78,40.000,24.000,467,467,120.000,120,120,18.000,39.000,55.000,487,476,763,160,205,205,205,205,205,205,1,0,0,3,30,1,40.000,1
1.460000,331.38,40.000,24.000,467,467,120.000,120,120,18.000,39.000,55.000,487,476,763,160,205,205,205,205,205,205,1,0,0,3,30,1,40.000,1
1.465000,334.98,40.000,24.000,467,467,120.000,119,119,18.000,39.000,55.000,483,472,756,160,205,205,205,205,205,205,1,0,0,3,30,1,40.000,1
1.470000,338.58,40.000,24.000,467,467,120.000,119,119,18.000,39.000,55.000,483,472,756,160,205,205,205,205,205,205,1,0,0,3,30,1,40.000,1
1.475000,342.18,40.000,24.000,467,467,120.000,119,119,18.000,39.000,55.000,483,472,756,160,205,205,205,205,205,205,1,0,0,3,30,1,40.000,1
1.480000,345.78,40.000,24.000,467,467,120.000,119,119,18.000,39.000,55.000,483,472,756,160,205,205,205,205,205,205,1,0,0,3,30,1,40.000,1
1.485000,349.38,40.000,24.000,467,467,120.000,120,120,18.000,39.000,55.000,487,476,763,160,205,205,205,205,205,205,1,0,0,3,30,1,40.000,1
1.490000,352.98,40.000,24.000,467,467,120.000,120,120,18.000,39.000,55.000,487,476,763,160,205,205,205,205,205,205,1,0,0,3,30,1,40.000,1
1.495000,356.58,40.000,24.000,467,467,120.000,120,120,18.000,39.000,55.000,487,476,763,160,205,205,205,205,205,205,1,0,0,3,30,1,40.000,1
1.500000,0.18,40.000,24.000,467,467,120.000,120,120,18.000,39.000,55.000,487,476,763,160,205,205,205,205,205,205,1,0,0,3,30,1,40.000,1
1.505000,3.78,40.000,24.000,467,467,120.000,120,120,18.000,39.000,55.000,487,476,763,160,205,205,205,205,205,205,1,0,0,3,30,1,40.000,1
1.510000,7.38,40.000,24.000,467,467,120.000,120,120,18.000,39.000,55.000,487,476,763,160,205,205,205,205,205,205,1,0,0,3,30,1,40.000,1
1.515000,10.98,40.000,24.000,467,467,120.000,120,120,18.000,39.000,55.000,487,476,763,160,205,205,205,205,205,205,1,0,0,3,30,1,40.000,1
1.520000,14.58,40.000,24.000,467,467,120.000,120,120,18.000,39.000,55.000,487,476,763,160,205,205,205,205,205,205,1,0,0,3,30,1,40.000,1
1.525000,18.18,40.000,24.000,467,467,120.000,120,120,18.000,39.000,55.000,487,476,763,160,205,205,205,205,205,205,1,0,0,3,30,1,40.000,1
1.530000,21.78,40.000,24.000,467,467,120.000,119,119,18.000,39.000,55.000,483,472,756,160,205,205,205,205,205,205,1,0,0,3,30,1,40.000,1
1.535000,25.38,40.000,24.000,467,467,120.000,119,119,18.000,39.000,55.000,483,472,756,160,205,205,205,205,205,205,1,0,0,3,30,1,40.000,1
1.540000,28.98,40.000,24.000,467,467,120.000,119,119,18.000,39.000,55.000,483,472,756,160,205,205,205,205,205,205,1,0,0,3,30,1,40.000,1
1.545000,32.58,40.000,24.000,467,467,120.000,119,119,18.000,39.000,55.000,483,472,756,160,205,205,205,205,205,205,1,0,0,3,30,1,40.000,1
1.550000,36.18,40.000,24.000,467,467,120.000,120,120,18.000,39.000,55.000,487,476,763,160,205,205,205,205,205,205,1,0,0,3,30,1,40.000,1
1.555000,39.78,40.000,24.000,467,467,120.000,120,120,18.000,39.000,55.000,487,476,763,160,205,205,205,205,205,205,1,0,0,3,30,1,40.000,1
1.560000,43.38,40.000,24.000,467,467,120.000,120,120,18.000,39.000,55.000,487,476,763,160,205,205,205,205,205,205,1,0,0,3,30,1,40.000,1
1.565000,46.98,40.000,24.000,467,467,120.000,120,120,18.000,39.000,55.000,487,476,763,160,205,205,205,205,205,205,1,0,0,3,30,1,40.000,1
1.570000,50.58,40.000,24.000,467,467,120.000,120,120,18.000,39.000,55.000,487,476,763,160,205,205,205,205,205,205,1,0,0,3,30,1,40.000,1
1.575000,54.18,40.000,24.000,467,467,120.000,120,120,18.000,39.000,55.000,487,476,763,160,205,205,205,205,205,205,1,0,0,3,30,1,40.000,1
1.580000,57.78,40.000,24.000,467,467,120.000,120,120,18.000,39.000,55.000,487,476,763,160,205,205,205,205,205,205,1,0,0,3,30,1,40.000,1
1.585000,61.38,40.000,24.000,467,467,120.000,120,120,18.000,39.000,55.000,487,476,763,160,205,205,205,205,205,205,1,0,0,3,30,1,40.000,1
1.590000,64.98,40.000,24.000,467,467,120.000,119,119,18.000,39.000,55.000,483,472,756,160,205,205,205,205,205,205,1,0,0,3,30,1,40.000,1
1.595000,68.58,40.000,24.000,467,467,120.000,119,119,18.000,39.000,55.000,483,472,756,160,205,205,205,205,205,205,1,0,0,3,30,1,40.000,1
1.600000,72.18,40.000,24.000,467,467,120.000,119,119,18.000,39.000,55.000,483,472,756,160,205,205,205,205,205,205,1,0,0,3,30,1,40.000,1
1.605000,75.78,40.000,24.000,467,467,120.000,119,119,18.000,39.000,55.000,483,472,756,160,205,205,205,205,205,205,1,0,0,3,30,1,40.000,1
1.610000,79.38,40.000,24.000,467,467,120.000,120,120,18.000,39.000,55.000,487,476,763,160,205,205,205,205,205,205,1,0,0,3,30,1,40.000,1
1.615000,82.98,40.000,24.000,467,467,120.000,120,120,18.000,39.000,55.000,487,476,763,160,205,205,205,205,205,205,1,0,0,3,30,1,40.000,1
1.620000,86.58,40.000,24.000,467,467,120.000,120,120,18.000,39.000,55.000,487,476,763,160,205,205,205,205,205,205,1,0,0,3,30,1,40.000,1
1.625000,90.18,40.000,24.000,467,467,120.000,120,120,18.000,39.000,55.000,487,476,763,160,205,205,205,205,205,205,1,0,0,3,30,1,40.000,1
1.630000,93.78,40.000,24.000,467,467,120.000,120,120,18.000,39.000,55.000,487,476,763,160,205,205,205,205,205,205,1,0,0,3,30,1,40.000,1
1.635000,97.38,40.000,24.000,467,467,120.000,120,120,18.000,39.000,55.000,487,476,763,160,205,205,205,205,205,205,1,0,0,3,30,1,40.000,1
1.640000,100.98,40.000,24.000,467,467,120.000,120,120,18.000,39.000,55.000,487,476,763,160,205,205,205,205,205,205,1,0,0,3,30,1,40.000,1
1.645000,104.58,40.000,24.000,467,467,120.000,120,120,18.000,39.000,55.000,487,476,763,160,205,205,205,205,205,205,1,0,0,3,30,1,40.000,1
1.650000,108.18,40.000,24.000,467,467,120.000,120,120,18.000,39.000,55.000,487,476,763,160,205,205,205,205,205,205,1,0,0,3,30,1,40.000,1
1.655000,111.78,40.000,24.000,467,467,120.000,119,119,18.000,39.000,55.000,483,472,756,160,205,205,205,205,205,205,1,0,0,3,30,1,40.000,1
1.660000,115.38,40.000,24.000,467,467,120.000,119,119,18.000,39.000,55.000,483,472,756,160,205,205,205,205,205,205,1,0,0,3,30,1,40.000,1
1.665000,118.98,40.000,24.000,467,467,120.000,119,119,18.000,39.000,55.000,483,472,756,160,205,205,205,205,205,205,1,0,0,3,30,1,40.000,1
1.670000,122.58,40.000,24.000,467,467,120.000,119,119,18.000,39.000,55.000,483,472,756,160,205,205,205,205,205,205,1,0,0,3,30,1,40.000,1
1.675000,126.18,40.000,24.000,467,467,120.000,120,120,18.000,39.000,55.000,487,476,763,160,205,205,205,205,205,205,1,0,0,3,30,1,40.000,1
1.680000,129.78,40.000,24.000,467,467,120.000,120,120,18.000,39.000,55.000,487,476,763,160,205,205,205,205,205,205,1,0,0,3,30,1,40.000,1
1.685000,133.38,40.000,24.000,467,467,120.000,120,120,18.000,39.000,55.000,487,476,763,160,205,205,205,205,205,205,1,0,0,3,30,1,40.000,1
1.690000,136.98,40.000,24.000,467,467,120.000,120,120,18.000,39.000,55.000,487,476,763,160,205,205,205,205,205,205,1,0,0,3,30,1,40.000,1
1.695000,140.58,40.000,24.000,467,467,120.000,120,120,18.000,39.000,55.000,487,476,763,160,205,205,205,205,205,205,1,0,0,3,30,1,40.000,1
1.700000,144.18,40.000,24.000,467,467,120.000,120,120,18.000,39.000,55.000,487,476,763,160,205,205,205,205,205,205,1,0,0,3,30,1,40.000,1
1.705000,147.78,40.000,24.000,467,467,120.000,120,120,18.000,39.000,55.000,487,476,763,160,205,205,205,205,205,205,1,0,0,3,30,1,40.000,1
1.710000,151.38,40.000,24.000,467,467,120.000,120,120,18.000,39.000,55.000,487,476,763,160,205,205,205,205,205,205,1,0,0,3,30,1,40.000,1
1.715000,154.98,40.000,24.000,467,467,120.000,119,119,18.000,39.000,55.000,483,472,756,160,205,205,205,205,205,205,1,0,0,3,30,1,40.000,1
1.720000,158.58,40.000,24.000,467,467,120.000,119,119,18.000,39.000,55.000,483,472,756,160,205,205,205,205,205,205,1,0,0,3,30,1,40.000,1
1.725000,162.18,40.000,24.000,467,467,120.000,119,119,18.000,39.000,55.000,483,472,756,160,205,205,205,205,205,205,1,0,0,3,30,1,40.000,1
1.730000,165.78,40.000,24.000,467,467,120.000,119,119,18.000,39.000,55.000,483,472,756,160,205,205,205,205,205,205,1,0,0,3,30,1,40.000,1
1.735000,169.38,40.000,24.000,467,467,120.000,120,120,18.000,39.000,55.000,487,476,763,160,205,205,205,205,205,205,1,0,0,3,30,1,40.000,1
1.740000,172.98,40.000,24.000,467,467,120.000,120,120,18.000,39.000,55.000,487,476,763,160,205,205,205,205,205,205,1,0,0,3,30,1,40.000,1
1.745000,176.58,40.000,24.000,467,467,120.000,120,120,18.000,39.000,55.000,487,476,763,160,205,205,205,205,205,205,1,0,0,3,30,1,40.000,1
1.750000,180.18,40.000,24.000,467,467,120.000,120,120,18.000,39.000,55.000,487,476,763,160,205,205,205,205,205,205,1,0,0,3,30,1,40.000,1
1.755000,183.78,40.000,24.000,467,467,120.000,120,120,18.000,39.000,55.000,487,476,763,160,205,205,205,205,205,205,1,0,0,3,30,1,40.000,1
1.760000,187.38,40.000,24.000,467,467,120.000,120,120,18.000,39.000,55.000,487,476,763,160,205,205,205,205,205,205,1,0,0,3,30,1,40.000,1
1.765000,190.98,40.000,24.000,467,467,120.000,120,120,18.000,39.000,55.000,487,476,763,160,205,205,205,205,205,205,1,0,0,3,30,1,40.000,1
1.770000,194.58,40.000,24.000,467,467,120.000,120,120,18.000,39.000,55.000,487,476,763,160,205,205,205,205,205,205,1,0,0,3,30,1,40.000,1
1.775000,198.18,40.000,24.000,467,467,120.000,120,120,18.000,39.000,55.000,487,476,763,160,205,205,205,205,205,205,1,0,0,3,30,1,40.000,1
1.780000,201.78,40.000,24.000,467,467,120.000,119,119,18.000,39.000,55.000,483,472,756,160,205,205,205,205,205,205,1,0,0,3,30,1,40.000,1
1.785000,205.38,40.000,24.000,467,467,120.000,119,119,18.000,39.000,55.000,483,472,756,160,205,205,205,205,205,205,1,0,0,3,30,1,40.000,1
1.790000,208.98,40.000,24.000,467,467,120.000,119,119,18.000,39.000,55.000,483,472,756,160,205,205,205,205,205,205,1,0,0,3,30,1,40.000,1
1.795000,212.58,40.000,24.000,467,467,120.000,119,119,18.000,39.000,55.000,483,472,756,160,205,205,205,205,205,205,1,0,0,3,30,1,40.000,1
1.800000,216.18,40.000,24.000,467,467,120.000,120,120,18.000,39.000,55.000,487,476,763,160,205,205,205,205,205,205,1,0,0,3,30,1,40.000,1
1.805000,219.78,40.000,24.000,467,467,120.000,120,120,18.000,39.000,55.000,487,476,763,160,205,205,205,205,205,205,1,0,0,3,30,1,40.000,1
1.810000,223.38,40.000,24.000,467,467,120.000,120,120,18.000,39.000,55.000,487,476,763,160,205,205,205,205,205,205,1,0,0,3,30,1,40.000,1
1.815000,226.98,40.000,24.000,467,467,120.000,120,120,18.000,39.000,55.000,487,476,763,160,205,205,205,205,205,205,1,0,0,3,30,1,40.000,1
1.820000,230.58,40.000,24.000,467,467,120.000,120,120,18.000,39.000,55.000,487,476,763,160,205,205,205,205,205,205,1,0,0,3,30,1,40.000,1
1.825000,234.18,40.000,24.000,467,467,120.000,120,120,18.000,39.000,55.000,487,476,763,160,205,205,205,205,205,205,1,0,0,3,30,1,40.000,1
1.830000,237.78,40.000,24.000,467,467,120.000,120,120,18.000,39.000,55.000,487,476,763,160,205,205,205,205,205,205,1,0,0,3,30,1,40.000,1
1.835000,241.38,40.000,24.000,467,467,120.000,120,120,18.000,39.000,55.000,487,476,763,160,205,205,205,205,205,205,1,0,0,3,30,1,40.000,1
1.840000,244.98,40.000,24.000,467,467,120.000,119,119,18.000,39.000,55.000,483,472,756,160,205,205,205,205,205,205,1,0,0,3,30,1,40.000,1
1.845000,248.58,40.000,24.000,467,467,120.000,119,119,18.000,39.000,55.000,483,472,756,160,205,205,205,205,205,205,1,0,0,3,30,1,40.000,1
1.850000,252.18,40.000,24.000,467,467,120.000,119,119,18.000,39.000,55.000,483,472,756,160,205,205,205,205,205,205,1,0,0,3,30,1,40.000,1
1.855000,255.78,40.000,24.000,467,467,120.000,119,119,18.000,39.000,55.000,483,472,756,160,205,205,205,205,205,205,1,0,0,3,30,1,40.000,1
1.860000,259.38,40.000,24.000,467,467,120.000,120,120,18.000,39.000,55.000,487,476,763,160,205,205,205,205,205,205,1,0,0,3,30,1,40.000,1
1.865000,262.98,40.000,24.000,467,467,120.000,120,120,18.000,39.000,55.000,487,476,763,160,205,205,205,205,205,205,1,0,0,3,30,1,40.000,1
1.870000,266.58,40.000,24.000,467,467,120.000,120,120,18.000,39.000,55.000,487,476,763,160,205,205,205,205,205,205,1,0,0,3,30,1,40.000,1
1.875000,270.18,40.000,24.000,467,467,120.000,120,120,18.000,39.000,55.000,487,476,763,160,205,205,205,205,205,205,1,0,0,3,30,1,40.000,1
1.880000,273.78,40.000,24.000,467,467,120.000,120,120,18.000,39.000,55.000,487,476,763,160,205,205,205,205,205,205,1,0,0,3,30,1,40.000,1
1.885000,277.38,40.000,24.000,467,467,120.000,120,120,18.000,39.000,55.000,487,476,763,160,205,205,205,205,205,205,1,0,0,3,30,1,40.000,1
1.890000,280.98,40.000,24.000,467,467,120.000,120,120,18.000,39.000,55.000,487,476,763,160,205,205,205,205,205,205,1,0,0,3,30,1,40.000,1
1.895000,284.58,40.000,24.000,467,467,120.000,120,120,18.000,39.000,55.000,487,476,763,160,205,205,205,205,205,205,1,0,0,3,30,1,40.000,1
1.900000,288.18,40.000,24.000,467,467,120.000,120,120,18.000,39.000,55.000,487,476,763,160,205,205,205,205,205,205,1,0,0,3,30,1,40.000,1
1.905000,291.78,40.000,24.000,467,467,120.000,119,119,18.000,39.000,55.000,483,472,756,160,205,205,205,205,205,205,1,0,0,3,30,1,40.000,1
1.910000,295.38,40.000,24.000,467,467,120.000,119,119,18.000,39.000,55.000,483,472,756,160,205,205,205,205,205,205,1,0,0,3,30,1,40.000,1
1.915000,298.98,40.000,24.000,467,467,120.000,119,119,18.000,39.000,55.000,483,472,756,160,205,205,205,205,205,205,1,0,0,3,30,1,40.000,1
1.920000,302.58,40.000,24.000,467,467,120.000,119,119,18.000,39.000,55.000,483,472,756,160,205,205,205,205,205,205,1,0,0,3,30,1,40.000,1
1.925000,306.18,40.000,24.000,467,467,120.000,120,120,18.000,39.000,55.000,487,476,763,160,205,205,205,205,205,205,1,0,0,3,30,1,40.000,1
1.930000,309.78,40.000,24.000,467,467,120.000,120,120,18.000,39.000,55.000,487,476,763,160,205,205,205,205,205,205,1,0,0,3,30,1,40.000,1
1.935000,313.38,40.000,24.000,467,467,120.000,120,120,18.000,39.000,55.000,487,476,763,160,205,205,205,205,205,205,1,0,0,3,30,1,40.000,1
1.940000,316.98,40.000,24.000,467,467,120.000,120,120,18.000,39.000,55.000,487,476,763,160,205,205,205,205,205,205,1,0,0,3,30,1,40.000,1
1.945000,320.58,40.000,24.000,467,467,120.000,120,120,18.000,39.000,55.000,487,476,763,160,205,205,205,205,205,205,1,0,0,3,30,1,40.000,1
1.950000,324.18,40.000,24.000,467,467,120.000,120,120,18.000,39.000,55.000,487,476,763,160,205,205,205,205,205,205,1,0,0,3,30,1,40.000,1
1.955000,327.78,40.000,24.000,467,467,120.000,120,120,18.000,39.000,55.000,487,476,763,160,205,205,205,205,205,205,1,0,0,3,30,1,40.000,1
1.960000,331.38,40.000,24.000,467,467,120.000,120,120,18.000,39.000,55.000,487,476,763,160,205,205,205,205,205,205,1,0,0,3,30,1,40.000,1
1.965000,334.98,40.000,24.000,467,467,120.000,119,119,18.000,39.000,55.000,483,472,756,160,205,205,205,205,205,205,1,0,0,3,30,1,40.000,1
1.970000,338.58,40.000,24.000,467,467,120.000,119,119,18.000,39.000,55.000,483,472,756,160,205,205,205,205,205,205,1,0,0,3,30,1,40.000,1
1.975000,342.18,40.000,24.000,467,467,120.000,119,119,18.000,39.000,55.000,483,472,756,160,205,205,205,205,205,205,1,0,0,3,30,1,40.000,1
1.980000,345.78,40.000,24.000,467,467,120.000,119,119,18.000,39.000,55.000,483,472,756,160,205,205,205,205,205,205,1,0,0,3,30,1,40.000,1
1.985000,349.38,40.000,24.000,467,467,120.000,120,120,18.000,39.000,55.000,487,476,763,160,205,205,205,205,205,205,1,0,0,3,30,1,40.000,1
1.990000,352.98,40.000,24.000,467,467,120.000,120,120,18.000,39.000,55.000,487,476,763,160,205,205,205,205,205,205,1,0,0,3,30,1,40.000,1
1.995000,356.58,40.000,24.000,467,467,120.000,120,120,18.000,39.000,55.000,487,476,763,160,205,205,205,205,205,205,1,0,0,3,30,1,40.000,1
2.000000,0.18,40.000,24.000,467,467,120.000,120,120,18.000,39.000,55.000,487,476,763,160,205,205,205,205,205,205,1,0,0,3,30,1,40.000,1
2.005000,3.78,40.000,24.000,467,467,120.000,120,120,18.000,39.000,55.000,487,476,763,160,205,205,205,205,205,205,1,0,0,3,30,1,40.000,1
2.010000,7.38,40.000,24.000,467,467,120.000,120,120,18.000,39.000,55.000,487,476,763,160,205,205,205,205,205,205,1,0,0,3,30,1,40.000,1
2.015000,10.98,40.000,24.000,467,467,120.000,120,120,18.000,39.000,55.000,487,476,763,160,205,205,205,205,205,205,1,0,0,3,30,1,40.000,1
2.020000,14.58,40.000,24.000,467,467,120.000,120,120,18.000,39.000,55.000,487,476,763,160,205,205,205,205,205,205,1,0,0,3,30,1,40.000,1
2.025000,18.18,40.000,24.000,467,467,120.000,120,120,18.000,39.000,55.000,487,476,763,160,205,205,205,205,205,205,1,0,0,3,30,1,40.000,1
2.030000,21.78,40.000,24.000,467,467,120.000,119,119,18.000,39.000,55.000,483,472,756,160,205,205,205,205,205,205,1,0,0,3,30,1,40.000,1
2.035000,25.38,40.000,24.000,467,467,120.000,119,119,18.000,39.000,55.000,483,472,756,160,205,205,205,205,205,205,1,0,0,3,30,1,40.000,1
2.040000,28.98,40.000,24.000,467,467,120.000,119,119,18.000,39.000,55.000,483,472,756,160,205,205,205,205,205,205,1,0,0,3,30,1,40.000,1
2.045000,32.58,40.000,24.000,467,467,120.000,119,119,18.000,39.000,55.000,483,472,756,160,205,205,205,205,205,205,1,0,0,3,30,1,40.000,1
2.050000,36.18,40.000,24.000,467,467,120.000,120,120,18.000,39.000,55.000,487,476,763,160,205,205,205,205,205,205,1,0,0,3,30,1,40.000,1
2.055000,39.78,40.000,24.000,467,467,120.000,120,120,18.000,39.000,55.000,487,476,763,160,205,205,205,205,205,205,1,0,0,3,30,1,40.000,1
2.060000,43.38,40.000,24.000,467,467,120.000,120,120,18.000,39.000,55.000,487,476,763,160,205,205,205,205,205,205,1,0,0,3,30,1,40.000,1
2.065000,46.98,40.000,24.000,467,467,120.000,120,120,18.000,39.000,55.000,487,476,763,160,205,205,205,205,205,205,1,0,0,3,30,1,40.000,1
2.070000,50.58,40.000,24.000,467,467,120.000,120,120,18.000,39.000,55.000,487,476,763,160,205,205,205,205,205,205,1,0,0,3,30,1,40.000,1
2.075000,54.18,40.000,24.000,467,467,120.000,120,120,18.000,39.000,55.000,487,476,763,160,205,205,205,205,205,205,1,0,0,3,30,1,40.000,1
2.080000,57.78,40.000,24.000,467,467,120.000,120,120,18.000,39.000,55.000,487,476,763,160,205,205,205,205,205,205,1,0,0,3,30,1,40.000,1
2.085000,61.38,40.000,24.000,467,467,120.000,120,120,18.000,39.000,55.000,487,476,763,160,205,205,205,205,205,205,1,0,0,3,30,1,40.000,1
2.090000,64.98,40.000,24.000,467,467,120.000,119,119,18.000,39.000,55.000,483,472,756,160,205,205,205,205,205,205,1,0,0,3,30,1,40.000,1
2.095000,68.58,40.000,24.000,467,467,120.000,119,119,18.000,39.000,55.000,483,472,756,160,205,205,205,205,205,205,1,0,0,3,30,1,40.000,1
2.100000,72.18,40.000,24.000,467,467,120.000,119,119,18.000,39.000,55.000,483,472,756,160,205,205,205,205,205,205,1,0,0,3,30,1,40.000,1
2.105000,75.78,40.000,24.000,467,467,120.000,119,119,18.000,39.000,55.000,483,472,756,160,205,205,205,205,205,205,1,0,0,3,30,1,40.000,1
2.110000,79.38,40.000,24.000,467,467,120.000,120,120,18.000,39.000,55.000,487,476,763,160,205,205,205,205,205,205,1,0,0,3,30,1,40.000,1
2.115000,82.98,40.000,24.000,467,467,120.000,120,120,18.000,39.000,55.000,487,476,763,160,205,205,205,205,205,205,1,0,0,3,30,1,40.000,1
2.120000,86.58,40.000,24.000,467,467,120.000,120,120,18.000,39.000,55.000,487,476,763,160,205,205,205,205,205,205,1,0,0,3,30,1,40.000,1
2.125000,90.18,40.000,24.000,467,467,120.000,120,120,18.000,39.000,55.000,487,476,763,160,205,205,205,205,205,205,1,0,0,3,30,1,40.000,1
2.130000,93.78,40.000,24.000,467,467,120.000,120,120,18.000,39.000,55.000,487,476,763,160,205,205,205,205,205,205,1,0,0,3,30,1,40.000,1
2.135000,97.38,40.000,24.000,467,467,120.000,120,120,18.000,39.000,55.000,487,476,763,160,205,205,205,205,205,205,1,0,0,3,30,1,40.000,1
2.140000,100.98,40.000,24.000,467,467,120.000,120,120,18.000,39.000,55.000,487,476,763,160,205,205,205,205,205,205,1,0,0,3,30,1,40.000,1
2.145000,104.58,40.000,24.000,467,467,120.000,120,120,18.000,39.000,55.000,487,476,763,160,205,205,205,205,205,205,1,0,0,3,30,1,40.000,1
2.150000,108.18,40.000,24.000,467,467,120.000,120,120,18.000,39.000,55.000,487,476,763,160,205,205,205,205,205,205,1,0,0,3,30,1,40.000,1
2.155000,111.78,40.000,24.000,467,467,120.000,119,119,18.000,39.000,55.000,483,472,756,160,205,205,205,205,205,205,1,0,0,3,30,1,40.000,1
2.160000,115.38,40.000,24.000,467,467,120.000,119,119,18.000,39.000,55.000,483,472,756,160,205,205,205,205,205,205,1,0,0,3,30,1,40.000,1
2.165000,118.98,40.000,24.000,467,467,120.000,119,119,18.000,39.000,55.000,483,472,756,160,205,205,205,205,205,205,1,0,0,3,30,1,40.000,1
2.170000,122.58,40.000,24.000,467,467,120.000,119,119,18.000,39.000,55.000,483,472,756,160,205,205,205,205,205,205,1,0,0,3,30,1,40.000,1
2.175000,126.18,40.000,24.000,467,467,120.000,120,120,18.000,39.000,55.000,487,476,763,160,205,205,205,205,205,205,1,0,0,3,30,1,40.000,1
2.180000,129.78,40.000,24.000,467,467,120.000,120,120,18.000,39.000,55.000,487,476,763,160,205,205,205,205,205,205,1,0,0,3,30,1,40.000,1
2.185000,133.38,40.000,24.000,467,467,120.000,120,120,18.000,39.000,55.000,487,476,763,160,205,205,205,205,205,205,1,0,0,3,30,1,40.000,1
2.190000,136.98,40.000,24.000,467,467,120.000,120,120,18.000,39.000,55.000,487,476,763,160,205,205,205,205,205,205,1,0,0,3,30,1,40.000,1
2.195000,140.58,40.000,24.000,467,467,120.000,120,120,18.000,39.000,55.000,487,476,763,160,205,205,205,205,205,205,1,0,0,3,30,1,40.000,1
2.200000,144.18,40.000,24.000,467,467,120.000,120,120,18.000,39.000,55.000,487,476,763,160,205,205,205,205,205,205,1,0,0,3,30,1,40.000,1
2.205000,147.78,40.000,24.000,467,467,120.000,120,120,18.000,39.000,55.000,487,476,763,160,205,205,205,205,205,205,1,0,0,3,30,1,40.000,1
2.210000,151.38,40.000,24.000,467,467,120.000,120,120,18.000,39.000,55.000,487,476,763,160,205,205,205,205,205,205,1,0,0,3,30,1,40.000,1
2.215000,154.98,40.000,24.000,467,467,120.000,119,119,18.000,39.000,55.000,483,472,756,160,205,205,205,205,205,205,1,0,0,3,30,1,40.000,1
2.220000,158.58,40.000,24.000,467,467,120.000,119,119,18.000,39.000,55.000,483,472,756,160,205,205,205,205,205,205,1,0,0,3,30,1,40.000,1
2.225000,162.18,40.000,24.000,467,467,120.000,119,119,18.000,39.000,55.000,483,472,756,160,205,205,205,205,205,205,1,0,0,3,30,1,40.000,1
2.230000,165.78,40.000,24.000,467,467,120.000,119,119,18.000,39.000,55.000,483,472,756,160,205,205,205,205,205,205,1,0,0,3,30,1,40.000,1
2.235000,169.38,40.000,24.000,467,467,120.000,120,120,18.000,39.000,55.000,487,476,763,160,205,205,205,205,205,205,1,0,0,3,30,1,40.000,1
2.240000,172.98,40.000,24.000,467,467,120.000,120,120,18.000,39.000,55.000,487,476,763,160,205,205,205,205,205,205,1,0,0,3,30,1,40.000,1
2.245000,176.58,40.000,24.000,467,467,120.000,120,120,18.000,39.000,55.000,487,476,763,160,205,205,205,205,205,205,1,0,0,3,30,1,40.000,1
2.250000,180.18,40.000,24.000,467,467,120.000,120,120,18.000,39.000,55.000,487,476,763,160,205,205,205,205,205,205,1,0,0,3,30,1,40.000,1
2.255000,183.78,40.000,24.000,467,467,120.000,120,120,18.000,39.000,55.000,487,476,763,160,205,205,205,205,205,205,1,0,0,3,30,1,40.000,1
2.260000,187.38,40.000,24.000,467,467,120.000,120,120,18.000,39.000,55.000,487,476,763,160,205,205,205,205,205,205,1,0,0,3,30,1,40.000,1
2.265000,190.98,40.000,24.000,467,467,120.000,120,120,18.000,39.000,55.000,487,476,763,160,205,205,205,205,205,205,1,0,0,3,30,1,40.000,1
2.270000,194.58,40.000,24.000,467,467,120.000,120,120,18.000,39.000,55.000,487,476,763,160,205,205,205,205,205,205,1,0,0,3,30,1,40.000,1
2.275000,198.18,40.000,24.000,467,467,120.000,120,120,18.000,39.000,55.000,487,476,763,160,205,205,205,205,205,205,1,0,0,3,30,1,40.000,1
2.280000,201.78,40.000,24.000,467,467,120.000,119,119,18.000,39.000,55.000,483,472,756,160,205,205,205,205,205,205,1,0,0,3,30,1,40.000,1
2.285000,205.38,40.000,24.000,467,467,120.000,119,119,18.000,39.000,55.000,483,472,756,160,205,205,205,205,205,205,1,0,0,3,30,1,40.000,1
2.290000,208.98,40.000,24.000,467,467,120.000,119,119,18.000,39.000,55.000,483,472,756,160,205,205,205,205,205,205,1,0,0,3,30,1,40.000,1
2.295000,212.58,40.000,24.000,467,467,120.000,119,119,18.000,39.000,55.000,483,472,756,160,205,205,205,205,205,205,1,0,0,3,30,1,40.000,1
2.300000,216.18,40.000,24.000,467,467,120.000,120,120,18.000,39.000,55.000,487,476,763,160,205,205,205,205,205,205,1,0,0,3,30,1,40.000,1
2.305000,219.78,40.000,24.000,467,467,120.000,120,120,18.000,39.000,55.000,487,476,763,160,205,205,205,205,205,205,1,0,0,3,30,1,40.000,1
2.310000,223.38,40.000,24.000,467,467,120.000,120,120,18.000,39.000,55.000,487,476,763,160,205,205,205,205,205,205,1,0,0,3,30,1,40.000,1
2.315000,226.98,40.000,24.000,467,467,120.000,120,120,18.000,39.000,55.000,487,476,763,160,205,205,205,205,205,205,1,0,0,3,30,1,40.000,1
2.320000,230.58,40.000,24.000,467,467,120.000,120,120,18.000,39.000,55.000,487,476,763,160,205,205,205,205,205,205,1,0,0,3,30,1,40.000,1
2.325000,234.18,40.000,24.000,467,467,120.000,120,120,18.000,39.000,55.000,487,476,763,160,205,205,205,205,205,205,1,0,0,3,30,1,40.000,1
2.330000,237.78,40.000,24.000,467,467,120.000,120,120,18.000,39.000,55.000,487,476,763,160,205,205,205,205,205,205,1,0,0,3,30,1,40.000,1
2.335000,241.38,40.000,24.000,467,467,120.000,120,120,18.000,39.000,55.000,487,476,763,160,205,205,205,205,205,205,1,0,0,3,30,1,40.000,1
2.340000,244.98,40.000,24.000,467,467,120.000,119,119,18.000,39.000,55.000,483,472,756,160,205,205,205,205,205,205,1,0,0,3,30,1,40.000,1
2.345000,248.58,40.000,24.000,467,467,120.000,119,119,18.000,39.000,55.000,483,472,756,160,205,205,205,205,205,205,1,0,0,3,30,1,40.000,1
2.350000,252.18,40.000,24.000,467,467,120.000,119,119,18.000,39.000,55.000,483,472,756,160,205,205,205,205,205,205,1,0,0,3,30,1,40.000,1
2.355000,255.78,40.000,24.000,467,467,120.000,119,119,18.000,39.000,55.000,483,472,756,160,205,205,205,205,205,205,1,0,0,3,30,1,40.000,1
2.360000,259.38,40.000,24.000,467,467,120.000,120,120,18.000,39.000,55.000,487,476,763,160,205,205,205,205,205,205,1,0,0,3,30,1,40.000,1
2.365000,262.98,40.000,24.000,467,467,120.000,120,120,18.000,39.000,55.000,487,476,763,160,205,205,205,205,205,205,1,0,0,3,30,1,40.000,1
2.370000,266.58,40.000,24.000,467,467,120.000,120,120,18.000,39.000,55.000,487,476,763,160,205,205,205,205,205,205,1,0,0,3,30,1,40.000,1
2.375000,270.18,40.000,24.000,467,467,120.000,120,120,18.000,39.000,55.000,487,476,763,160,205,205,205,205,205,205,1,0,0,3,30,1,40.000,1
2.380000,273.78,40.000,24.000,467,467,120.000,120,120,18.000,39.000,55.000,487,476,763,160,205,205,205,205,205,205,1,0,0,3,30,1,40.000,1
2.385000,277.38,40.000,24.000,467,467,120.000,120,120,18.000,39.000,55.000,487,476,763,160,205,205,205,205,205,205,1,0,0,3,30,1,40.000,1
2.390000,280.98,40.000,24.000,467,467,120.000,120,120,18.000,39.000,55.000,487,476,763,160,205,205,205,205,205,205,1,0,0,3,30,1,40.000,1
2.395000,284.58,40.000,24.000,467,467,120.000,120,120,18.000,39.000,55.000,487,476,763,160,205,205,205,205,205,205,1,0,0,3,30,1,40.000,1
2.400000,288.18,40.000,24.000,467,467,120.000,120,120,18.000,39.000,55.000,487,476,763,160,205,205,205,205,205,205,1,0,0,3,30,1,40.000,1
2.405000,291.78,40.000,24.000,467,467,120.000,119,119,18.000,39.000,55.000,483,472,756,160,205,205,205,205,205,205,1,0,0,3,30,1,40.000,1
2.410000,295.38,40.000,24.000,467,467,120.000,119,119,18.000,39.000,55.000,483,472,756,160,205,205,205,205,205,205,1,0,0,3,30,1,40.000,1
2.415000,298.98,40.000,24.000,467,467,120.000,119,119,18.000,39.000,55.000,483,472,756,160,205,205,205,205,205,205,1,0,0,3,30,1,40.000,1
2.420000,302.58,40.000,24.000,467,467,120.000,119,119,18.000,39.000,55.000,483,472,756,160,205,205,205,205,205,205,1,0,0,3,30,1,40.000,1
2.425000,306.18,40.000,24.000,467,467,120.000,120,120,18.000,39.000,55.000,487,476,763,160,205,205,205,205,205,205,1,0,0,3,30,1,40.000,1
2.430000,309.78,40.000,24.000,467,467,120.000,120,120,18.000,39.000,55.000,487,476,763,160,205,205,205,205,205,205,1,0,0,3,30,1,40.000,1
2.435000,313.38,40.000,24.000,467,467,120.000,120,120,18.000,39.000,55.000,487,476,763,160,205,205,205,205,205,205,1,0,0,3,30,1,40.000,1
2.440000,316.98,40.000,24.000,467,467,120.000,120,120,18.000,39.000,55.000,487,476,763,160,205,205,205,205,205,205,1,0,0,3,30,1,40.000,1
2.445000,320.58,40.000,24.000,467,467,120.000,120,120,18.000,39.000,55.000,487,476,763,160,205,205,205,205,205,205,1,0,0,3,30,1,40.000,1
2.450000,324.18,40.000,24.000,467,467,120.000,120,120,18.000,39.000,55.000,487,476,763,160,205,205,205,205,205,205,1,0,0,3,30,1,40.000,1
2.455000,327.78,40.000,24.000,467,467,120.000,120,120,18.000,39.000,55.000,487,476,763,160,205,205,205,205,205,205,1,0,0,3,30,1,40.000,1
2.460000,331.38,40.000,24.000,467,467,120.000,120,120,18.000,39.000,55.000,487,476,763,160,205,205,205,205,205,205,1,0,0,3,30,1,40.000,1
2.465000,334.98,40.000,24.000,467,467,120.000,119,119,18.000,39.000,55.000,483,472,756,160,205,205,205,205,205,205,1,0,0,3,30,1,40.000,1
2.470000,338.58,40.000,24.000,467,467,120.000,119,119,18.000,39.000,55.000,483,472,756,160,205,205,205,205,205,205,1,0,0,3,30,1,40.000,1
2.475000,342.18,40.000,24.000,467,467,120.000,119,119,18.000,39.000,55.000,483,472,756,160,205,205,205,205,205,205,1,0,0,3,30,1,40.000,1
2.480000,345.78,40.000,24.000,467,467,120.000,119,119,18.000,39.000,55.000,483,472,756,160,205,205,205,205,205,205,1,0,0,3,30,1,40.000,1
2.485000,349.38,40.000,24.000,467,467,120.000,120,120,18.000,39.000,55.000,487,476,763,160,205,205,205,205,205,205,1,0,0,3,30,1,40.000,1
2.490000,352.98,40.000,24.000,467,467,120.000,120,120,18.000,39.000,55.000,487,476,763,160,205,205,205,205,205,205,1,0,0,3,30,1,40.000,1
2.495000,356.58,40.000,24.000,467,467,120.000,120,120,18.000,39.000,55.000,487,476,763,160,205,205,205,205,205,205,1,0,0,3,30,1,40.000,1
2.500000,0.18,40.000,24.000,467,467,120.000,120,120,18.000,39.000,55.000,487,476,763,160,205,205,205,205,205,205,1,0,0,3,30,1,40.000,1
2.505000,3.78,40.000,24.000,467,467,120.000,120,120,18.000,39.000,55.000,487,476,763,160,205,205,205,205,205,205,1,0,0,3,30,1,40.000,1
2.510000,7.38,40.000,24.000,467,467,120.000,120,120,18.000,39.000,55.000,487,476,763,160,205,205,205,205,205,205,1,0,0,3,30,1,40.000,1
2.515000,10.98,40.000,24.000,467,467,120.000,120,120,18.000,39.000,55.000,487,476,763,160,205,205,205,205,205,205,1,0,0,3,30,1,40.000,1
2.520000,14.58,40.000,24.000,467,467,120.000,120,120,18.000,39.000,55.000,487,476,763,160,205,205,205,205,205,205,1,0,0,3,30,1,40.000,1
2.525000,18.18,40.000,24.000,467,467,120.000,120,120,18.000,39.000,55.000,487,476,763,160,205,205,205,205,205,205,1,0,0,3,30,1,40.000,1
2.530000,21.78,40.000,24.000,467,467,120.000,119,119,18.000,39.000,55.000,483,472,756,160,205,205,205,205,205,205,1,0,0,3,30,1,40.000,1
2.535000,25.38,40.000,24.000,467,467,120.000,119,119,18.000,39.000,55.000,483,472,756,160,205,205,205,205,205,205,1,0,0,3,30,1,40.000,1
2.540000,28.98,40.000,24.000,467,467,120.000,119,119,18.000,39.000,55.000,483,472,756,160,205,205,205,205,205,205,1,0,0,3,30,1,40.000,1
2.545000,32.58,40.000,24.000,467,467,120.000,119,119,18.000,39.000,55.000,483,472,756,160,205,205,205,205,205,205,1,0,0,3,30,1,40.000,1
2.550000,36.18,40.000,24.000,467,467,120.000,120,120,18.000,39.000,55.000,487,476,763,160,205,205,205,205,205,205,1,0,0,3,30,1,40.000,1
2.555000,39.78,40.000,24.000,467,467,120.000,120,120,18.000,39.000,55.000,487,476,763,160,205,205,205,205,205,205,1,0,0,3,30,1,40.000,1
2.560000,43.38,40.000,24.000,467,467,120.000,120,120,18.000,39.000,55.000,487,476,763,160,205,205,205,205,205,205,1,0,0,3,30,1,40.000,1
2.565000,46.98,40.000,24.000,467,467,120.000,120,120,18.000,39.000,55.000,487,476,763,160,205,205,205,205,205,205,1,0,0,3,30,1,40.000,1
2.570000,50.58,40.000,24.000,467,467,120.000,120,120,18.000,39.000,55.000,487,476,763,160,205,205,205,205,205,205,1,0,0,3,30,1,40.000,1
2.575000,54.18,40.000,24.000,467,467,120.000,120,120,18.000,39.000,55.000,487,476,763,160,205,205,205,205,205,205,1,0,0,3,30,1,40.000,1
2.580000,57.78,40.000,24.000,467,467,120.000,120,120,18.000,39.000,55.000,487,476,763,160,205,205,205,205,205,205,1,0,0,3,30,1,40.000,1
2.585000,61.38,40.000,24.000,467,467,120.000,120,120,18.000,39.000,55.000,487,476,763,160,205,205,205,205,205,205,1,0,0,3,30,1,40.000,1
2.590000,64.98,40.000,24.000,467,467,120.000,119,119,18.000,39.000,55.000,483,472,756,160,205,205,205,205,205,205,1,0,0,3,30,1,40.000,1
2.595000,68.58,40.000,24.000,467,467,120.000,119,119,18.000,39.000,55.000,483,472,756,160,205,205,205,205,205,205,1,0,0,3,30,1,40.000,1
2.600000,72.18,40.000,24.000,467,467,120.000,119,119,18.000,39.000,55.000,483,472,756,160,205,205,205,205,205,205,1,0,0,3,30,1,40.000,1
2.605000,75.78,40.000,24.000,467,467,120.000,119,119,18.000,39.000,55.000,483,472,756,160,205,205,205,205,205,205,1,0,0,3,30,1,40.000,1
2.610000,79.38,40.000,24.000,467,467,120.000,120,120,18.000,39.000,55.000,487,476,763,160,205,205,205,205,205,205,1,0,0,3,30,1,40.000,1
2.615000,82.98,40.000,24.000,467,467,120.000,120,120,18.000,39.000,55.000,487,476,763,160,205,205,205,205,205,205,1,0,0,3,30,1,40.000,1
2.620000,86.58,40.000,24.000,467,467,120.000,120,120,18.000,39.000,55.000,487,476,763,160,205,205,205,205,205,205,1,0,0,3,30,1,40.000,1
2.625000,90.18,40.000,24.000,467,467,120.000,120,120,18.000,39.000,55.000,487,476,763,160,205,205,205,205,205,205,1,0,0,3,30,1,40.000,1
2.630000,93.78,40.000,24.000,467,467,120.000,120,120,18.000,39.000,55.000,487,476,763,160,205,205,205,205,205,205,1,0,0,3,30,1,40.000,1
2.635000,97.38,40.000,24.000,467,467,120.000,120,120,18.000,39.000,55.000,487,476,763,160,205,205,205,205,205,205,1,0,0,3,30,1,40.000,1
2.640000,100.98,40.000,24.000,467,467,120.000,120,120,18.000,39.000,55.000,487,476,763,160,205,205,205,205,205,205,1,0,0,3,30,1,40.000,1
2.645000,104.58,40.000,24.000,467,467,120.000,120,120,18.000,39.000,55.000,487,476,763,160,205,205,205,205,205,205,1,0,0,3,30,1,40.000,1
2.650000,108.18,40.000,24.000,467,467,120.000,120,120,18.000,39.000,55.000,487,476,763,160,205,205,205,205,205,205,1,0,0,3,30,1,40.000,1
2.655000,111.78,40.000,24.000,467,467,120.000,119,119,18.000,39.000,55.000,483,472,756,160,205,205,205,205,205,205,1,0,0,3,30,1,40.000,1
2.660000,115.38,40.000,24.000,467,467,120.000,119,119,18.000,39.000,55.000,483,472,756,160,205,205,205,205,205,205,1,0,0,3,30,1,40.000,1
2.665000,118.98,40.000,24.000,467,467,120.000,119,119,18.000,39.000,55.000,483,472,756,160,205,205,205,205,205,205,1,0,0,3,30,1,40.000,1
2.670000,122.58,40.000,24.000,467,467,120.000,119,119,18.000,39.000,55.000,483,472,756,160,205,205,205,205,205,205,1,0,0,3,30,1,40.000,1
2.675000,126.18,40.000,24.000,467,467,120.000,120,120,18.000,39.000,55.000,487,476,763,160,205,205,205,205,205,205,1,0,0,3,30,1,40.000,1
2.680000,129.78,40.000,24.000,467,467,120.000,120,120,18.000,39.000,55.000,487,476,763,160,205,205,205,205,205,205,1,0,0,3,30,1,40.000,1
2.685000,133.38,40.000,24.000,467,467,120.000,120,120,18.000,39.000,55.000,487,476,763,160,205,205,205,205,205,205,1,0,0,3,30,1,40.000,1
2.690000,136.98,40.000,24.000,467,467,120.000,120,120,18.000,39.000,55.000,487,476,763,160,205,205,205,205,205,205,1,0,0,3,30,1,40.000,1
2.695000,140.58,40.000,24.000,467,467,120.000,120,120,18.000,39.000,55.000,487,476,763,160,205,205,205,205,205,205,1,0,0,3,30,1,40.000,1
2.700000,144.18,40.000,24.000,467,467,120.000,120,120,18.000,39.000,55.000,487,476,763,160,205,205,205,205,205,205,1,0,0,3,30,1,40.000,1
2.705000,147.78,40.000,24.000,467,467,120.000,120,120,18.000,39.000,55.000,487,476,763,160,205,205,205,205,205,205,1,0,0,3,30,1,40.000,1
2.710000,151.38,40.000,24.000,467,467,120.000,120,120,18.000,39.000,55.000,487,476,763,160,205,205,205,205,205,205,1,0,0,3,30,1,40.000,1
2.715000,154.98,40.000,24.000,467,467,120.000,119,119,18.000,39.000,55.000,483,472,756,160,205,205,205,205,205,205,1,0,0,3,30,1,40.000,1
2.720000,158.58,40.000,24.000,467,467,120.000,119,119,18.000,39.000,55.000,483,472,756,160,205,205,205,205,205,205,1,0,0,3,30,1,40.000,1
2.725000,162.18,40.000,24.000,467,467,120.000,119,119,18.000,39.000,55.000,483,472,756,160,205,205,205,205,205,205,1,0,0,3,30,1,40.000,1
2.730000,165.78,40.000,24.000,467,467,120.000,119,119,18.000,39.000,55.000,483,472,756,160,205,205,205,205,205,205,1,0,0,3,30,1,40.000,1
2.735000,169.38,40.000,24.000,467,467,120.000,120,120,18.000,39.000,55.000,487,476,763,160,205,205,205,205,205,205,1,0,0,3,30,1,40.000,1
2.740000,172.98,40.000,24.000,467,467,120.000,120,120,18.000,39.000,55.000,487,476,763,160,205,205,205,205,205,205,1,0,0,3,30,1,40.000,1
2.745000,176.58,40.000,24.000,467,467,120.000,120,120,18.000,39.000,55.000,487,476,763,160,205,205,205,205,205,205,1,0,0,3,30,1,40.000,1
2.750000,180.18,40.000,24.000,467,467,120.000,120,120,18.000,39.000,55.000,487,476,763,160,205,205,205,205,205,205,1,0,0,3,30,1,40.000,1
2.755000,183.78,40.000,24.000,467,467,120.000,120,120,18.000,39.000,55.000,487,476,763,160,205,205,205,205,205,205,1,0,0,3,30,1,40.000,1
2.760000,187.38,40.000,24.000,467,467,120.000,120,120,18.000,39.000,55.000,487,476,763,160,205,205,205,205,205,205,1,0,0,3,30,1,40.000,1
2.765000,190.98,40.000,24.000,467,467,120.000,120,120,18.000,39.000,55.000,487,476,763,160,205,205,205,205,205,205,1,0,0,3,30,1,40.000,1
2.770000,194.58,40.000,24.000,467,467,120.000,120,120,18.000,39.000,55.000,487,476,763,160,205,205,205,205,205,205,1,0,0,3,30,1,40.000,1
2.775000,198.18,40.000,24.000,467,467,120.000,120,120,18.000,39.000,55.000,487,476,763,160,205,205,205,205,205,205,1,0,0,3,30,1,40.000,1
2.780000,201.78,40.000,24.000,467,467,120.000,119,119,18.000,39.000,55.000,483,472,756,160,205,205,205,205,205,205,1,0,0,3,30,1,40.000,1
2.785000,205.38,40.000,24.000,467,467,120.000,119,119,18.000,39.000,55.000,483,472,756,160,205,205,205,205,205,205,1,0,0,3,30,1,40.000,1
2.790000,208.98,40.000,24.000,467,467,120.000,119,119,18.000,39.000,55.000,483,472,756,160,205,205,205,205,205,205,1,0,0,3,30,1,40.000,1
2.795000,212.58,40.000,24.000,467,467,120.000,119,119,18.000,39.000,55.000,483,472,756,160,205,205,205,205,205,205,1,0,0,3,30,1,40.000,1
2.800000,216.18,40.000,24.000,467,467,120.000,120,120,18.000,39.000,55.000,487,476,763,160,205,205,205,205,205,205,1,0,0,3,30,1,40.000,1
2.805000,219.78,40.000,24.000,467,467,120.000,120,120,18.000,39.000,55.000,487,476,763,160,205,205,205,205,205,205,1,0,0,3,30,1,40.000,1
2.810000,223.38,40.000,24.000,467,467,120.000,120,120,18.000,39.000,55.000,487,476,763,160,205,205,205,205,205,205,1,0,0,3,30,1,40.000,1
2.815000,226.98,40.000,24.000,467,467,120.000,120,120,18.000,39.000,55.000,487,476,763,160,205,205,205,205,205,205,1,0,0,3,30,1,40.000,1
2.820000,230.58,40.000,24.000,467,467,120.000,120,120,18.000,39.000,55.000,487,476,763,160,205,205,205,205,205,205,1,0,0,3,30,1,40.000,1
2.825000,234.18,40.000,24.000,467,467,120.000,120,120,18.000,39.000,55.000,487,476,763,160,205,205,205,205,205,205,1,0,0,3,30,1,40.000,1
2.830000,237.78,40.000,24.000,467,467,120.000,120,120,18.000,39.000,55.000,487,476,763,160,205,205,205,205,205,205,1,0,0,3,30,1,40.000,1
2.835000,241.38,40.000,24.000,467,467,120.000,120,120,18.000,39.000,55.000,487,476,763,160,205,205,205,205,205,205,1,0,0,3,30,1,40.000,1
2.840000,244.98,40.000,24.000,467,467,120.000,119,119,18.000,39.000,55.000,483,472,756,160,205,205,205,205,205,205,1,0,0,3,30,1,40.000,1
2.845000,248.58,40.000,24.000,467,467,120.000,119,119,18.000,39.000,55.000,483,472,756,160,205,205,205,205,205,205,1,0,0,3,30,1,40.000,1
2.850000,252.18,40.000,24.000,467,467,120.000,119,119,18.000,39.000,55.000,483,472,756,160,205,205,205,205,205,205,1,0,0,3,30,1,40.000,1
2.855000,255.78,40.000,24.000,467,467,120.000,119,119,18.000,39.000,55.000,483,472,756,160,205,205,205,205,205,205,1,0,0,3,30,1,40.000,1
2.860000,259.38,40.000,24.000,467,467,120.000,120,120,18.000,39.000,55.000,487,476,763,160,205,205,205,205,205,205,1,0,0,3,30,1,40.000,1
2.865000,262.98,40.000,24.000,467,467,120.000,120,120,18.000,39.000,55.000,487,476,763,160,205,205,205,205,205,205,1,0,0,3,30,1,40.000,1
2.870000,266.58,40.000,24.000,467,467,120.000,120,120,18.000,39.000,55.000,487,476,763,160,205,205,205,205,205,205,1,0,0,3,30,1,40.000,1
2.875000,270.18,40.000,24.000,467,467,120.000,120,120,18.000,39.000,55.000,487,476,763,160,205,205,205,205,205,205,1,0,0,3,30,1,40.000,1
2.880000,273.78,40.000,24.000,467,467,120.000,120,120,18.000,39.000,55.000,487,476,763,160,205,205,205,205,205,205,1,0,0,3,30,1,40.000,1
2.885000,277.38,40.000,24.000,467,467,120.000,120,120,18.000,39.000,55.000,487,476,763,160,205,205,205,205,205,205,1,0,0,3,30,1,40.000,1
2.890000,280.98,40.000,24.000,467,467,120.000,120,120,18.000,39.000,55.000,487,476,763,160,205,205,205,205,205,205,1,0,0,3,30,1,40.000,1
2.895000,284.58,40.000,24.000,467,467,120.000,120,120,18.000,39.000,55.000,487,476,763,160,205,205,205,205,205,205,1,0,0,3,30,1,40.000,1
2.900000,288.18,40.000,24.000,467,467,120.000,120,120,18.000,39.000,55.000,487,476,763,160,205,205,205,205,205,205,1,0,0,3,30,1,40.000,1
2.905000,291.78,40.000,24.000,467,467,120.000,119,119,18.000,39.000,55.000,483,472,756,160,205,205,205,205,205,205,1,0,0,3,30,1,40.000,1
2.910000,295.38,40.000,24.000,467,467,120.000,119,119,18.000,39.000,55.000,483,472,756,160,205,205,205,205,205,205,1,0,0,3,30,1,40.000,1
2.915000,298.98,40.000,24.000,467,467,120.000,119,119,18.000,39.000,55.000,483,472,756,160,205,205,205,205,205,205,1,0,0,3,30,1,40.000,1
2.920000,302.58,40.000,24.000,467,467,120.000,119,119,18.000,39.000,55.000,483,472,756,160,205,205,205,205,205,205,1,0,0,3,30,1,40.000,1
2.925000,306.18,40.000,24.000,467,467,120.000,120,120,18.000,39.000,55.000,487,476,763,160,205,205,205,205,205,205,1,0,0,3,30,1,40.000,1
2.930000,309.78,40.000,24.000,467,467,120.000,120,120,18.000,39.000,55.000,487,476,763,160,205,205,205,205,205,205,1,0,0,3,30,1,40.000,1
2.935000,313.38,40.000,24.000,467,467,120.000,120,120,18.000,39.000,55.000,487,476,763,160,205,205,205,205,205,205,1,0,0,3,30,1,40.000,1
2.940000,316.98,40.000,24.000,467,467,120.000,120,120,18.000,39.000,55.000,487,476,763,160,205,205,205,205,205,205,1,0,0,3,30,1,40.000,1
2.945000,320.58,40.000,24.000,467,467,120.000,120,120,18.000,39.000,55.000,487,476,763,160,205,205,205,205,205,205,1,0,0,3,30,1,40.000,1
2.950000,324.18,40.000,24.000,467,467,120.000,120,120,18.000,39.000,55.000,487,476,763,160,205,205,205,205,205,205,1,0,0,3,30,1,40.000,1
2.955000,327.78,40.000,24.000,467,467,120.000,120,120,18.000,39.000,55.000,487,476,763,160,205,205,205,205,205,205,1,0,0,3,30,1,40.000,1
2.960000,331.38,40.000,24.000,467,467,120.000,120,120,18.000,39.000,55.000,487,476,763,160,205,205,205,205,205,205,1,0,0,3,30,1,40.000,1
2.965000,334.98,40.000,24.000,467,467,120.000,119,119,18.000,39.000,55.000,483,472,756,160,205,205,205,205,205,205,1,0,0,3,30,1,40.000,1
2.970000,338.58,40.000,24.000,467,467,120.000,119,119,18.000,39.000,55.000,483,472,756,160,205,205,205,205,205,205,1,0,0,3,30,1,40.000,1
2.975000,342.18,40.000,24.000,467,467,120.000,119,119,18.000,39.000,55.000,483,472,756,160,205,205,205,205,205,205,1,0,0,3,30,1,40.000,1
2.980000,345.78,40.000,24.000,467,467,120.000,119,119,18.000,39.000,55.000,483,472,756,160,205,205,205,205,205,205,1,0,0,3,30,1,40.000,1
2.985000,349.38,40.000,24.000,467,467,120.000,120,120,18.000,39.000,55.000,487,476,763,160,205,205,205,205,205,205,1,0,0,3,30,1,40.000,1
2.990000,352.98,40.000,24.000,467,467,120.000,120,120,18.000,39.000,55.000,487,476,763,160,205,205,205,205,205,205,1,0,0,3,30,1,40.000,1
2.995000,356.58,40.000,24.000,467,467,120.000,120,120,18.000,39.000,55.000,487,476,763,160,205,205,205,205,205,205,1,0,0,3,30,1,40.000,1
3.000000,0.18,40.000,24.000,467,467,120.000,120,120,18.000,39.000,55.000,487,476,763,160,205,205,205,205,205,205,1,0,0,3,30,1,40.000,1
3.005000,3.78,40.000,24.000,467,467,120.000,120,120,18.000,39.000,55.000,487,476,763,160,205,205,205,205,205,205,1,0,0,3,30,1,40.000,1
3.010000,7.38,40.000,24.000,467,467,120.000,120,120,18.000,39.000,55.000,487,476,763,160,205,205,205,205,205,205,1,0,0,3,30,1,40.000,1
3.015000,10.98,40.000,24.000,467,467,120.000,120,120,18.000,39.000,55.000,487,476,763,160,205,205,205,205,205,205,1,0,0,3,30,1,40.000,1
3.020000,14.58,40.000,24.000,467,467,120.000,120,120,18.000,39.000,55.000,487,476,763,160,205,205,205,205,205,205,1,0,0,3,30,1,40.000,1
3.025000,18.18,40.000,24.000,467,467,120.000,120,120,18.000,39.000,55.000,487,476,763,160,205,205,205,205,205,205,1,0,0,3,30,1,40.000,1
3.030000,21.78,40.000,24.000,467,467,120.000,119,119,18.000,39.000,55.000,483,472,756,160,205,205,205,205,205,205,1,0,0,3,30,1,40.000,1
3.035000,25.38,40.000,24.000,467,467,120.000,119,119,18.000,39.000,55.000,483,472,756,160,205,205,205,205,205,205,1,0,0,3,30,1,40.000,1
3.040000,28.98,40.000,24.000,467,467,120.000,119,119,18.000,39.000,55.000,483,472,756,160,205,205,205,205,205,205,1,0,0,3,30,1,40.000,1
3.045000,32.58,40.000,24.000,467,467,120.000,119,119,18.000,39.000,55.000,483,472,756,160,205,205,205,205,205,205,1,0,0,3,30,1,40.000,1
3.050000,36.18,40.000,24.000,467,467,120.000,120,120,18.000,39.000,55.000,487,476,763,160,205,205,205,205,205,205,1,0,0,3,30,1,40.000,1
3.055000,39.78,40.000,24.000,467,467,120.000,120,120,18.000,39.000,55.000,487,476,763,160,205,205,205,205,205,205,1,0,0,3,30,1,40.000,1
3.060000,43.38,40.000,24.000,467,467,120.000,120,120,18.000,39.000,55.000,487,476,763,160,205,205,205,205,205,205,1,0,0,3,30,1,40.000,1
3.065000,46.98,40.000,24.000,467,467,120.000,120,120,18.000,39.000,55.000,487,476,763,160,205,205,205,205,205,205,1,0,0,3,30,1,40.000,1
3.070000,50.58,40.000,24.000,467,467,120.000,120,120,18.000,39.000,55.000,487,476,763,160,205,205,205,205,205,205,1,0,0,3,30,1,40.000,1
3.075000,54.18,40.000,24.000,467,467,120.000,120,120,18.000,39.000,55.000,487,476,763,160,205,205,205,205,205,205,1,0,0,3,30,1,40.000,1
3.080000,57.78,40.000,24.000,467,467,120.000,120,120,18.000,39.000,55.000,487,476,763,160,205,205,205,205,205,205,1,0,0,3,30,1,40.000,1
3.085000,61.38,40.000,24.000,467,467,120.000,120,120,18.000,39.000,55.000,487,476,763,160,205,205,205,205,205,205,1,0,0,3,30,1,40.000,1
3.090000,64.98,40.000,24.000,467,467,120.000,119,119,18.000,39.000,55.000,483,472,756,160,205,205,205,205,205,205,1,0,0,3,30,1,40.000,1
3.095000,68.58,40.000,24.000,467,467,120.000,119,119,18.000,39.000,55.000,483,472,756,160,205,205,205,205,205,205,1,0,0,3,30,1,40.000,1
3.100000,72.18,40.000,24.000,467,467,120.000,119,119,18.000,39.000,55.000,483,472,756,160,205,205,205,205,205,205,1,0,0,3,30,1,40.000,1
3.105000,75.78,40.000,24.000,467,467,120.000,119,119,18.000,39.000,55.000,483,472,756,160,205,205,205,205,205,205,1,0,0,3,30,1,40.000,1
3.110000,79.38,40.000,24.000,467,467,120.000,120,120,18.000,39.000,55.000,487,476,763,160,205,205,205,205,205,205,1,0,0,3,30,1,40.000,1
3.115000,82.98,40.000,24.000,467,467,120.000,120,120,18.000,39.000,55.000,487,476,763,160,205,205,205,205,205,205,1,0,0,3,30,1,40.000,1
3.120000,86.58,40.000,24.000,467,467,120.000,120,120,18.000,39.000,55.000,487,476,763,160,205,205,205,205,205,205,1,0,0,3,30,1,40.000,1
3.125000,90.18,40.000,24.000,467,467,120.000,120,120,18.000,39.000,55.000,487,476,763,160,205,205,205,205,205,205,1,0,0,3,30,1,40.000,1
3.130000,93.78,40.000,24.000,467,467,120.000,120,120,18.000,39.000,55.000,487,476,763,160,205,205,205,205,205,205,1,0,0,3,30,1,40.000,1
3.135000,97.38,40.000,24.000,467,467,120.000,120,120,18.000,39.000,55.000,487,476,763,160,205,205,205,205,205,205,1,0,0,3,30,1,40.000,1
3.140000,100.98,40.000,24.000,467,467,120.000,120,120,18.000,39.000,55.000,487,476,763,160,205,205,205,205,205,205,1,0,0,3,30,1,40.000,1
3.145000,104.58,40.000,24.000,467,467,120.000,120,120,18.000,39.000,55.000,487,476,763,160,205,205,205,205,205,205,1,0,0,3,30,1,40.000,1
3.150000,108.18,40.000,24.000,467,467,120.000,120,120,18.000,39.000,55.000,487,476,763,160,205,205,205,205,205,205,1,0,0,3,30,1,40.000,1
3.155000,111.78,40.000,24.000,467,467,120.000,119,119,18.000,39.000,55.000,483,472,756,160,205,205,205,205,205,205,1,0,0,3,30,1,40.000,1
3.160000,115.38,40.000,24.000,467,467,120.000,119,119,18.000,39.000,55.000,483,472,756,160,205,205,205,205,205,205,1,0,0,3,30,1,40.000,1
3.165000,118.98,40.000,24.000,467,467,120.000,119,119,18.000,39.000,55.000,483,472,756,160,205,205,205,205,205,205,1,0,0,3,30,1,40.000,1
3.170000,122.58,40.000,24.000,467,467,120.000,119,119,18.000,39.000,55.000,483,472,756,160,205,205,205,205,205,205,1,0,0,3,30,1,40.000,1
3.175000,126.18,40.000,24.000,467,467,120.000,120,120,18.000,39.000,55.000,487,476,763,160,205,205,205,205,205,205,1,0,0,3,30,1,40.000,1
3.180000,129.78,40.000,24.000,467,467,120.000,120,120,18.000,39.000,55.000,487,476,763,160,205,205,205,205,205,205,1,0,0,3,30,1,40.000,1
3.185000,133.38,40.000,24.000,467,467,120.000,120,120,18.000,39.000,55.000,487,476,763,160,205,205,205,205,205,205,1,0,0,3,30,1,40.000,1
3.190000,136.98,40.000,24.000,467,467,120.000,120,120,18.000,39.000,55.000,487,476,763,160,205,205,205,205,205,205,1,0,0,3,30,1,40.000,1
3.195000,140.58,40.000,24.000,467,467,120.000,120,120,18.000,39.000,55.000,487,476,763,160,205,205,205,205,205,205,1,0,0,3,30,1,40.000,1
3.200000,144.18,40.000,24.000,467,467,120.000,120,120,18.000,39.000,55.000,487,476,763,160,205,205,205,205,205,205,1,0,0,3,30,1,40.000,1
3.205000,147.78,40.000,24.000,467,467,120.000,120,120,18.000,39.000,55.000,487,476,763,160,205,205,205,205,205,205,1,0,0,3,30,1,40.000,1
3.210000,151.38,40.000,24.000,467,467,120.000,120,120,18.000,39.000,55.000,487,476,763,160,205,205,205,205,205,205,1,0,0,3,30,1,40.000,1
3.215000,154.98,40.000,24.000,467,467,120.000,119,119,18.000,39.000,55.000,483,472,756,160,205,205,205,205,205,205,1,0,0,3,30,1,40.000,1
3.220000,158.58,40.000,24.000,467,467,120.000,119,119,18.000,39.000,55.000,483,472,756,160,205,205,205,205,205,205,1,0,0,3,30,1,40.000,1
3.225000,162.18,40.000,24.000,467,467,120.000,119,119,18.000,39.000,55.000,483,472,756,160,205,205,205,205,205,205,1,0,0,3,30,1,40.000,1
3.230000,165.78,40.000,24.000,467,467,120.000,119,119,18.000,39.000,55.000,483,472,756,160,205,205,205,205,205,205,1,0,0,3,30,1,40.000,1
3.235000,169.38,40.000,24.000,467,467,120.000,120,120,18.000,39.000,55.000,487,476,763,160,205,205,205,205,205,205,1,0,0,3,30,1,40.000,1
3.240000,172.98,40.000,24.000,467,467,120.000,120,120,18.000,39.000,55.000,487,476,763,160,205,205,205,205,205,205,1,0,0,3,30,1,40.000,1
3.245000,176.58,40.000,24.000,467,467,120.000,120,120,18.000,39.000,55.000,487,476,763,160,205,205,205,205,205,205,1,0,0,3,30,1,40.000,1
3.250000,180.18,40.000,24.000,467,467,120.000,120,120,18.000,39.000,55.000,487,476,763,160,205,205,205,205,205,205,1,0,0,3,30,1,40.000,1
3.255000,183.78,40.000,24.000,467,467,120.000,120,120,18.000,39.000,55.000,487,476,763,160,205,205,205,205,205,205,1,0,0,3,30,1,40.000,1
3.260000,187.38,40.000,24.000,467,467,120.000,120,120,18.000,39.000,55.000,487,476,763,160,205,205,205,205,205,205,1,0,0,3,30,1,40.000,1
3.265000,190.98,40.000,24.000,467,467,120.000,120,120,18.000,39.000,55.000,487,476,763,160,205,205,205,205,205,205,1,0,0,3,30,1,40.000,1
3.270000,194.58,40.000,24.000,467,467,120.000,120,120,18.000,39.000,55.000,487,476,763,160,205,205,205,205,205,205,1,0,0,3,30,1,40.000,1
3.275000,198.18,40.000,24.000,467,467,120.000,120,120,18.000,39.000,55.000,487,476,763,160,205,205,205,205,205,205,1,0,0,3,30,1,40.000,1
3.280000,201.78,40.000,24.000,467,467,120.000,119,119,18.000,39.000,55.000,483,472,756,160,205,205,205,205,205,205,1,0,0,3,30,1,40.000,1
3.285000,205.38,40.000,24.000,467,467,120.000,119,119,18.000,39.000,55.000,483,472,756,160,205,205,205,205,205,205,1,0,0,3,30,1,40.000,1
3.290000,208.98,40.000,24.000,467,467,120.000,119,119,18.000,39.000,55.000,483,472,756,160,205,205,205,205,205,205,1,0,0,3,30,1,40.000,1
3.295000,212.58,40.000,24.000,467,467,120.000,119,119,18.000,39.000,55.000,483,472,756,160,205,205,205,205,205,205,1,0,0,3,30,1,40.000,1
3.300000,216.18,40.000,24.000,467,467,120.000,120,120,18.000,39.000,55.000,487,476,763,160,205,205,205,205,205,205,1,0,0,3,30,1,40.000,1
3.305000,219.78,40.000,24.000,467,467,120.000,120,120,18.000,39.000,55.000,487,476,763,160,205,205,205,205,205,205,1,0,0,3,30,1,40.000,1
3.310000,223.38,40.000,24.000,467,467,120.000,120,120,18.000,39.000,55.000,487,476,763,160,205,205,205,205,205,205,1,0,0,3,30,1,40.000,1
3.315000,226.98,40.000,24.000,467,467,120.000,120,120,18.000,39.000,55.000,487,476,763,160,205,205,205,205,205,205,1,0,0,3,30,1,40.000,1
3.320000,230.58,40.000,24.000,467,467,120.000,120,120,18.000,39.000,55.000,487,476,763,160,205,205,205,205,205,205,1,0,0,3,30,1,40.000,1
3.325000,234.18,40.000,24.000,467,467,120.000,120,120,18.000,39.000,55.000,487,476,763,160,205,205,205,205,205,205,1,0,0,3,30,1,40.000,1
3.330000,237.78,40.000,24.000,467,467,120.000,120,120,18.000,39.000,55.000,487,476,763,160,205,205,205,205,205,205,1,0,0,3,30,1,40.000,1
3.335000,241.38,40.000,24.000,467,467,120.000,120,120,18.000,39.000,55.000,487,476,763,160,205,205,205,205,205,205,1,0,0,3,30,1,40.000,1
3.340000,244.98,40.000,24.000,467,467,120.000,119,119,18.000,39.000,55.000,483,472,756,160,205,205,205,205,205,205,1,0,0,3,30,1,40.000,1
3.345000,248.58,40.000,24.000,467,467,120.000,119,119,18.000,39.000,55.000,483,472,756,160,205,205,205,205,205,205,1,0,0,3,30,1,40.000,1
3.350000,252.18,40.000,24.000,467,467,120.000,119,119,18.000,39.000,55.000,483,472,756,160,205,205,205,205,205,205,1,0,0,3,30,1,40.000,1
3.355000,255.78,40.000,24.000,467,467,120.000,119,119,18.000,39.000,55.000,483,472,756,160,205,205,205,205,205,205,1,0,0,3,30,1,40.000,1
3.360000,259.38,40.000,24.000,467,467,120.000,120,120,18.000,39.000,55.000,487,476,763,160,205,205,205,205,205,205,1,0,0,3,30,1,40.000,1
3.365000,262.98,40.000,24.000,467,467,120.000,120,120,18.000,39.000,55.000,487,476,763,160,205,205,205,205,205,205,1,0,0,3,30,1,40.000,1
3.370000,266.58,40.000,24.000,467,467,120.000,120,120,18.000,39.000,55.000,487,476,763,160,205,205,205,205,205,205,1,0,0,3,30,1,40.000,1
3.375000,270.18,40.000,24.000,467,467,120.000,120,120,18.000,39.000,55.000,487,476,763,160,205,205,205,205,205,205,1,0,0,3,30,1,40.000,1
3.380000,273.78,40.000,24.000,467,467,120.000,120,120,18.000,39.000,55.000,487,476,763,160,205,205,205,205,205,205,1,0,0,3,30,1,40.000,1
3.385000,277.38,40.000,24.000,467,467,120.000,120,120,18.000,39.000,55.000,487,476,763,160,205,205,205,205,205,205,1,0,0,3,30,1,40.000,1
3.390000,280.98,40.000,24.000,467,467,120.000,120,120,18.000,39.000,55.000,487,476,763,160,205,205,205,205,205,205,1,0,0,3,30,1,40.000,1
3.395000,284.58,40.000,24.000,467,467,120.000,120,120,18.000,39.000,55.000,487,476,763,160,205,205,205,205,205,205,1,0,0,3,30,1,40.000,1
3.400000,288.18,40.000,24.000,467,467,120.000,120,120,18.000,39.000,55.000,487,476,763,160,205,205,205,205,205,205,1,0,0,3,30,1,40.000,1
3.405000,291.78,40.000,24.000,467,467,120.000,119,119,18.000,39.000,55.000,483,472,756,160,205,205,205,205,205,205,1,0,0,3,30,1,40.000,1
3.410000,295.38,40.000,24.000,467,467,120.000,119,119,18.000,39.000,55.000,483,472,756,160,205,205,205,205,205,205,1,0,0,3,30,1,40.000,1
3.415000,298.98,40.000,24.000,467,467,120.000,119,119,18.000,39.000,55.000,483,472,756,160,205,205,205,205,205,205,1,0,0,3,30,1,40.000,1
3.420000,302.58,40.000,24.000,467,467,120.000,119,119,18.000,39.000,55.000,483,472,756,160,205,205,205,205,205,205,1,0,0,3,30,1,40.000,1
3.425000,306.18,40.000,24.000,467,467,120.000,120,120,18.000,39.000,55.000,487,476,763,160,205,205,205,205,205,205,1,0,0,3,30,1,40.000,1
3.430000,309.78,40.000,24.000,467,467,120.000,120,120,18.000,39.000,55.000,487,476,763,160,205,205,205,205,205,205,1,0,0,3,30,1,40.000,1
3.435000,313.38,40.000,24.000,467,467,120.000,120,120,18.000,39.000,55.000,487,476,763,160,205,205,205,205,205,205,1,0,0,3,30,1,40.000,1
3.440000,316.98,40.000,24.000,467,467,120.000,120,120,18.000,39.000,55.000,487,476,763,160,205,205,205,205,205,205,1,0,0,3,30,1,40.000,1
3.445000,320.58,40.000,24.000,467,467,120.000,120,120,18.000,39.000,55.000,487,476,763,160,205,205,205,205,205,205,1,0,0,3,30,1,40.000,1
3.450000,324.18,40.000,24.000,467,467,120.000,120,120,18.000,39.000,55.000,487,476,763,160,205,205,205,205,205,205,1,0,0,3,30,1,40.000,1
3.455000,327.78,40.000,24.000,467,467,120.000,120,120,18.000,39.000,55.000,487,476,763,160,205,205,205,205,205,205,1,0,0,3,30,1,40.000,1
3.460000,331.38,40.000,24.000,467,467,120.000,120,120,18.000,39.000,55.000,487,476,763,160,205,205,205,205,205,205,1,0,0,3,30,1,40.000,1
3.465000,334.98,40.000,24.000,467,467,120.000,119,119,18.000,39.000,55.000,483,472,756,160,205,205,205,205,205,205,1,0,0,3,30,1,40.000,1
3.470000,338.58,40.000,24.000,467,467,120.000,119,119,18.000,39.000,55.000,483,472,756,160,205,205,205,205,205,205,1,0,0,3,30,1,40.000,1
3.475000,342.18,40.000,24.000,467,467,120.000,119,119,18.000,39.000,55.000,483,472,756,160,205,205,205,205,205,205,1,0,0,3,30,1,40.000,1
3.480000,345.78,40.000,24.000,467,467,120.000,119,119,18.000,39.000,55.000,483,472,756,160,205,205,205,205,205,205,1,0,0,3,30,1,40.000,1
3.485000,349.38,40.000,24.000,467,467,120.000,120,120,18.000,39.000,55.000,487,476,763,160,205,205,205,205,205,205,1,0,0,3,30,1,40.000,1
3.490000,352.98,40.000,24.000,467,467,120.000,120,120,18.000,39.000,55.000,487,476,763,160,205,205,205,205,205,205,1,0,0,3,30,1,40.000,1
3.495000,356.58,40.000,24.000,467,467,120.000,120,120,18.000,39.000,55.000,487,476,763,160,205,205,205,205,205,205,1,0,0,3,30,1,40.000,1
3.500000,0.18,40.000,24.000,467,467,120.000,120,120,18.000,39.000,55.000,487,476,763,160,205,205,205,205,205,205,1,0,0,3,30,1,40.000,1
3.505000,3.78,40.000,24.000,467,467,120.000,120,120,18.000,39.000,55.000,487,476,763,160,205,205,205,205,205,205,1,0,0,3,30,1,40.000,1
3.510000,7.38,40.000,24.000,467,467,120.000,120,120,18.000,39.000,55.000,487,476,763,160,205,205,205,205,205,205,1,0,0,3,30,1,40.000,1
3.515000,10.98,40.000,24.000,467,467,120.000,120,120,18.000,39.000,55.000,487,476,763,160,205,205,205,205,205,205,1,0,0,3,30,1,40.000,1
3.520000,14.58,40.000,24.000,467,467,120.000,120,120,18.000,39.000,55.000,487,476,763,160,205,205,205,205,205,205,1,0,0,3,30,1,40.000,1
3.525000,18.18,40.000,24.000,467,467,120.000,120,120,18.000,39.000,55.000,487,476,763,160,205,205,205,205,205,205,1,0,0,3,30,1,40.000,1
3.530000,21.78,40.000,24.000,467,467,120.000,119,119,18.000,39.000,55.000,483,472,756,160,205,205,205,205,205,205,1,0,0,3,30,1,40.000,1
3.535000,25.38,40.000,24.000,467,467,120.000,119,119,18.000,39.000,55.000,483,472,756,160,205,205,205,205,205,205,1,0,0,3,30,1,40.000,1
3.540000,28.98,40.000,24.000,467,467,120.000,119,119,18.000,39.000,55.000,483,472,756,160,205,205,205,205,205,205,1,0,0,3,30,1,40.000,1
3.545000,32.58,40.000,24.000,467,467,120.000,119,119,18.000,39.000,55.000,483,472,756,160,205,205,205,205,205,205,1,0,0,3,30,1,40.000,1
3.550000,36.18,40.000,24.000,467,467,120.000,120,120,18.000,39.000,55.000,487,476,763,160,205,205,205,205,205,205,1,0,0,3,30,1,40.000,1
3.555000,39.78,40.000,24.000,467,467,120.000,120,120,18.000,39.000,55.000,487,476,763,160,205,205,205,205,205,205,1,0,0,3,30,1,40.000,1
3.560000,43.38,40.000,24.000,467,467,120.000,120,120,18.000,39.000,55.000,487,476,763,160,205,205,205,205,205,205,1,0,0,3,30,1,40.000,1
3.565000,46.98,40.000,24.000,467,467,120.000,120,120,18.000,39.000,55.000,487,476,763,160,205,205,205,205,205,205,1,0,0,3,30,1,40.000,1
3.570000,50.58,40.000,24.000,467,467,120.000,120,120,18.000,39.000,55.000,487,476,763,160,205,205,205,205,205,205,1,0,0,3,30,1,40.000,1
3.575000,54.18,40.000,24.000,467,467,120.000,120,120,18.000,39.000,55.000,487,476,763,160,205,205,205,205,205,205,1,0,0,3,30,1,40.000,1
3.580000,57.78,40.000,24.000,467,467,120.000,120,120,18.000,39.000,55.000,487,476,763,160,205,205,205,205,205,205,1,0,0,3,30,1,40.000,1
3.585000,61.38,40.000,24.000,467,467,120.000,120,120,18.000,39.000,55.000,487,476,763,160,205,205,205,205,205,205,1,0,0,3,30,1,40.000,1
3.590000,64.98,40.000,24.000,467,467,120.000,119,119,18.000,39.000,55.000,483,472,756,160,205,205,205,205,205,205,1,0,0,3,30,1,40.000,1
3.595000,68.58,40.000,24.000,467,467,120.000,119,119,18.000,39.000,55.000,483,472,756,160,205,205,205,205,205,205,1,0,0,3,30,1,40.000,1
3.600000,72.18,40.000,24.000,467,467,120.000,119,119,18.000,39.000,55.000,483,472,756,160,205,205,205,205,205,205,1,0,0,3,30,1,40.000,1
3.605000,75.78,40.000,24.000,467,467,120.000,119,119,18.000,39.000,55.000,483,472,756,160,205,205,205,205,205,205,1,0,0,3,30,1,40.000,1
3.610000,79.38,40.000,24.000,467,467,120.000,120,120,18.000,39.000,55.000,487,476,763,160,205,205,205,205,205,205,1,0,0,3,30,1,40.000,1
3.615000,82.98,40.000,24.000,467,467,120.000,120,120,18.000,39.000,55.000,487,476,763,160,205,205,205,205,205,205,1,0,0,3,30,1,40.000,1
3.620000,86.58,40.000,24.000,467,467,120.000,120,120,18.000,39.000,55.000,487,476,763,160,205,205,205,205,205,205,1,0,0,3,30,1,40.000,1
3.625000,90.18,40.000,24.000,467,467,120.000,120,120,18.000,39.000,55.000,487,476,763,160,205,205,205,205,205,205,1,0,0,3,30,1,40.000,1
3.630000,93.78,40.000,24.000,467,467,120.000,120,120,18.000,39.000,55.000,487,476,763,160,205,205,205,205,205,205,1,0,0,3,30,1,40.000,1
3.635000,97.38,40.000,24.000,467,467,120.000,120,120,18.000,39.000,55.000,487,476,763,160,205,205,205,205,205,205,1,0,0,3,30,1,40.000,1
3.640000,100.98,40.000,24.000,467,467,120.000,120,120,18.000,39.000,55.000,487,476,763,160,205,205,205,205,205,205,1,0,0,3,30,1,40.000,1
3.645000,104.58,40.000,24.000,467,467,120.000,120,120,18.000,39.000,55.000,487,476,763,160,205,205,205,205,205,205,1,0,0,3,30,1,40.000,1
3.650000,108.18,40.000,24.000,467,467,120.000,120,120,18.000,39.000,55.000,487,476,763,160,205,205,205,205,205,205,1,0,0,3,30,1,40.000,1
3.655000,111.78,40.000,24.000,467,467,120.000,119,119,18.000,39.000,55.000,483,472,756,160,205,205,205,205,205,205,1,0,0,3,30,1,40.000,1
3.660000,115.38,40.000,24.000,467,467,120.000,119,119,18.000,39.000,55.000,483,472,756,160,205,205,205,205,205,205,1,0,0,3,30,1,40.000,1
3.665000,118.98,40.000,24.000,467,467,120.000,119,119,18.000,39.000,55.000,483,472,756,160,205,205,205,205,205,205,1,0,0,3,30,1,40.000,1
3.670000,122.58,40.000,24.000,467,467,120.000,119,119,18.000,39.000,55.000,483,472,756,160,205,205,205,205,205,205,1,0,0,3,30,1,40.000,1
3.675000,126.18,40.000,24.000,467,467,120.000,120,120,18.000,39.000,55.000,487,476,763,160,205,205,205,205,205,205,1,0,0,3,30,1,40.000,1
3.680000,129.78,40.000,24.000,467,467,120.000,120,120,18.000,39.000,55.000,487,476,763,160,205,205,205,205,205,205,1,0,0,3,30,1,40.000,1
3.685000,133.38,40.000,24.000,467,467,120.000,120,120,18.000,39.000,55.000,487,476,763,160,205,205,205,205,205,205,1,0,0,3,30,1,40.000,1
3.690000,136.98,40.000,24.000,467,467,120.000,120,120,18.000,39.000,55.000,487,476,763,160,205,205,205,205,205,205,1,0,0,3,30,1,40.000,1
3.695000,140.58,40.000,24.000,467,467,120.000,120,120,18.000,39.000,55.000,487,476,763,160,205,205,205,205,205,205,1,0,0,3,30,1,40.000,1
3.700000,144.18,40.000,24.000,467,467,120.000,120,120,18.000,39.000,55.000,487,476,763,160,205,205,205,205,205,205,1,0,0,3,30,1,40.000,1
3.705000,147.78,40.000,24.000,467,467,120.000,120,120,18.000,39.000,55.000,487,476,763,160,205,205,205,205,205,205,1,0,0,3,30,1,40.000,1
3.710000,151.38,40.000,24.000,467,467,120.000,120,120,18.000,39.000,55.000,487,476,763,160,205,205,205,205,205,205,1,0,0,3,30,1,40.000,1
3.715000,154.98,40.000,24.000,467,467,120.000,119,119,18.000,39.000,55.000,483,472,756,160,205,205,205,205,205,205,1,0,0,3,30,1,40.000,1
3.720000,158.58,40.000,24.000,467,467,120.000,119,119,18.000,39.000,55.000,483,472,756,160,205,205,205,205,205,205,1,0,0,3,30,1,40.000,1
3.725000,162.18,40.000,24.000,467,467,120.000,119,119,18.000,39.000,55.000,483,472,756,160,205,205,205,205,205,205,1,0,0,3,30,1,40.000,1
3.730000,165.78,40.000,24.000,467,467,120.000,119,119,18.000,39.000,55.000,483,472,756,160,205,205,205,205,205,205,1,0,0,3,30,1,40.000,1
3.735000,169.38,40.000,24.000,467,467,120.000,120,120,18.000,39.000,55.000,487,476,763,160,205,205,205,205,205,205,1,0,0,3,30,1,40.000,1
3.740000,172.98,40.000,24.000,467,467,120.000,120,120,18.000,39.000,55.000,487,476,763,160,205,205,205,205,205,205,1,0,0,3,30,1,40.000,1
3.745000,176.58,40.000,24.000,467,467,120.000,120,120,18.000,39.000,55.000,487,476,763,160,205,205,205,205,205,205,1,0,0,3,30,1,40.000,1
3.750000,180.18,40.000,24.000,467,467,120.000,120,120,18.000,39.000,55.000,487,476,763,160,205,205,205,205,205,205,1,0,0,3,30,1,40.000,1
3.755000,183.78,40.000,24.000,467,467,120.000,120,120,18.000,39.000,55.000,487,476,763,160,205,205,205,205,205,205,1,0,0,3,30,1,40.000,1
3.760000,187.38,40.000,24.000,467,467,120.000,120,120,18.000,39.000,55.000,487,476,763,160,205,205,205,205,205,205,1,0,0,3,30,1,40.000,1
3.765000,190.98,40.000,24.000,467,467,120.000,120,120,18.000,39.000,55.000,487,476,763,160,205,205,205,205,205,205,1,0,0,3,30,1,40.000,1
3.770000,194.58,40.000,24.000,467,467,120.000,120,120,18.000,39.000,55.000,487,476,763,160,205,205,205,205,205,205,1,0,0,3,30,1,40.000,1
3.775000,198.18,40.000,24.000,467,467,120.000,120,120,18.000,39.000,55.000,487,476,763,160,205,205,205,205,205,205,1,0,0,3,30,1,40.000,1
3.780000,201.78,40.000,24.000,467,467,120.000,119,119,18.000,39.000,55.000,483,472,756,160,205,205,205,205,205,205,1,0,0,3,30,1,40.000,1
3.785000,205.38,40.000,24.000,467,467,120.000,119,119,18.000,39.000,55.000,483,472,756,160,205,205,205,205,205,205,1,0,0,3,30,1,40.000,1
3.790000,208.98,40.000,24.000,467,467,120.000,119,119,18.000,39.000,55.000,483,472,756,160,205,205,205,205,205,205,1,0,0,3,30,1,40.000,1
3.795000,212.58,40.000,24.000,467,467,120.000,119,119,18.000,39.000,55.000,483,472,756,160,205,205,205,205,205,205,1,0,0,3,30,1,40.000,1
3.800000,216.18,40.000,24.000,467,467,120.000,120,120,18.000,39.000,55.000,487,476,763,160,205,205,205,205,205,205,1,0,0,3,30,1,40.000,1
3.805000,219.78,40.000,24.000,467,467,120.000,120,120,18.000,39.000,55.000,487,476,763,160,205,205,205,205,205,205,1,0,0,3,30,1,40.000,1
3.810000,223.38,40.000,24.000,467,467,120.000,120,120,18.000,39.000,55.000,487,476,763,160,205,205,205,205,205,205,1,0,0,3,30,1,40.000,1
3.815000,226.98,40.000,24.000,467,467,120.000,120,120,18.000,39.000,55.000,487,476,763,160,205,205,205,205,205,205,1,0,0,3,30,1,40.000,1
3.820000,230.58,40.000,24.000,467,467,120.000,120,120,18.000,39.000,55.000,487,476,763,160,205,205,205,205,205,205,1,0,0,3,30,1,40.000,1
3.825000,234.18,40.000,24.000,467,467,120.000,120,120,18.000,39.000,55.000,487,476,763,160,205,205,205,205,205,205,1,0,0,3,30,1,40.000,1
3.830000,237.78,40.000,24.000,467,467,120.000,120,120,18.000,39.000,55.000,487,476,763,160,205,205,205,205,205,205,1,0,0,3,30,1,40.000,1
3.835000,241.38,40.000,24.000,467,467,120.000,120,120,18.000,39.000,55.000,487,476,763,160,205,205,205,205,205,205,1,0,0,3,30,1,40.000,1
3.840000,244.98,40.000,24.000,467,467,120.000,119,119,18.000,39.000,55.000,483,472,756,160,205,205,205,205,205,205,1,0,0,3,30,1,40.000,1
3.845000,248.58,40.000,24.000,467,467,120.000,119,119,18.000,39.000,55.000,483,472,756,160,205,205,205,205,205,205,1,0,0,3,30,1,40.000,1
3.850000,252.18,40.000,24.000,467,467,120.000,119,119,18.000,39.000,55.000,483,472,756,160,205,205,205,205,205,205,1,0,0,3,30,1,40.000,1
3.855000,255.78,40.000,24.000,467,467,120.000,119,119,18.000,39.000,55.000,483,472,756,160,205,205,205,205,205,205,1,0,0,3,30,1,40.000,1
3.860000,259.38,40.000,24.000,467,467,120.000,120,120,18.000,39.000,55.000,487,476,763,160,205,205,205,205,205,205,1,0,0,3,30,1,40.000,1
3.865000,262.98,40.000,24.000,467,467,120.000,120,120,18.000,39.000,55.000,487,476,763,160,205,205,205,205,205,205,1,0,0,3,30,1,40.000,1
3.870000,266.58,40.000,24.000,467,467,120.000,120,120,18.000,39.000,55.000,487,476,763,160,205,205,205,205,205,205,1,0,0,3,30,1,40.000,1
3.875000,270.18,40.000,24.000,467,467,120.000,120,120,18.000,39.000,55.000,487,476,763,160,205,205,205,205,205,205,1,0,0,3,30,1,40.000,1
3.880000,273.78,40.000,24.000,467,467,120.000,120,120,18.000,39.000,55.000,487,476,763,160,205,205,205,205,205,205,1,0,0,3,30,1,40.000,1
3.885000,277.38,40.000,24.000,467,467,120.000,120,120,18.000,39.000,55.000,487,476,763,160,205,205,205,205,205,205,1,0,0,3,30,1,40.000,1
3.890000,280.98,40.000,24.000,467,467,120.000,120,120,18.000,39.000,55.000,487,476,763,160,205,205,205,205,205,205,1,0,0,3,30,1,40.000,1
3.895000,284.58,40.000,24.000,467,467,120.000,120,120,18.000,39.000,55.000,487,476,763,160,205,205,205,205,205,205,1,0,0,3,30,1,40.000,1
3.900000,288.18,40.000,24.000,467,467,120.000,120,120,18.000,39.000,55.000,487,476,763,160,205,205,205,205,205,205,1,0,0,3,30,1,40.000,1
3.905000,291.78,40.000,24.000,467,467,120.000,119,119,18.000,39.000,55.000,483,472,756,160,205,205,205,205,205,205,1,0,0,3,30,1,40.000,1
3.910000,295.38,40.000,24.000,467,467,120.000,119,119,18.000,39.000,55.000,483,472,756,160,205,205,205,205,205,205,1,0,0,3,30,1,40.000,1
3.915000,298.98,40.000,24.000,467,467,120.000,119,119,18.000,39.000,55.000,483,472,756,160,205,205,205,205,205,205,1,0,0,3,30,1,40.000,1
3.920000,302.58,40.000,24.000,467,467,120.000,119,119,18.000,39.000,55.000,483,472,756,160,205,205,205,205,205,205,1,0,0,3,30,1,40.000,1
3.925000,306.18,40.000,24.000,467,467,120.000,120,120,18.000,39.000,55.000,487,476,763,160,205,205,205,205,205,205,1,0,0,3,30,1,40.000,1
3.930000,309.78,40.000,24.000,467,467,120.000,120,120,18.000,39.000,55.000,487,476,763,160,205,205,205,205,205,205,1,0,0,3,30,1,40.000,1
3.935000,313.38,40.000,24.000,467,467,120.000,120,120,18.000,39.000,55.000,487,476,763,160,205,205,205,205,205,205,1,0,0,3,30,1,40.000,1
3.940000,316.98,40.000,24.000,467,467,120.000,120,120,18.000,39.000,55.000,487,476,763,160,205,205,205,205,205,205,1,0,0,3,30,1,40.000,1
3.945000,320.58,40.000,24.000,467,467,120.000,120,120,18.000,39.000,55.000,487,476,763,160,205,205,205,205,205,205,1,0,0,3,30,1,40.000,1
3.950000,324.18,40.000,24.000,467,467,120.000,120,120,18.000,39.000,55.000,487,476,763,160,205,205,205,205,205,205,1,0,0,3,30,1,40.000,1
3.955000,327.78,40.000,24.000,467,467,120.000,120,120,18.000,39.000,55.000,487,476,763,160,205,205,205,205,205,205,1,0,0,3,30,1,40.000,1
3.960000,331.38,40.000,24.000,467,467,120.000,120,120,18.000,39.000,55.000,487,476,763,160,205,205,205,205,205,205,1,0,0,3,30,1,40.000,1
3.965000,334.98,40.000,24.000,467,467,120.000,119,119,18.000,39.000,55.000,483,472,756,160,205,205,205,205,205,205,1,0,0,3,30,1,40.000,1
3.970000,338.58,40.000,24.000,467,467,120.000,119,119,18.000,39.000,55.000,483,472,756,160,205,205,205,205,205,205,1,0,0,3,30,1,40.000,1
3.975000,342.18,40.000,24.000,467,467,120.000,119,119,18.000,39.000,55.000,483,472,756,160,205,205,205,205,205,205,1,0,0,3,30,1,40.000,1
3.980000,345.78,40.000,24.000,467,467,120.000,119,119,18.000,39.000,55.000,483,472,756,160,205,205,205,205,205,205,1,0,0,3,30,1,40.000,1
3.985000,349.38,40.000,24.000,467,467,120.000,120,120,18.000,39.000,55.000,487,476,763,160,205,205,205,205,205,205,1,0,0,3,30,1,40.000,1
3.990000,352.98,40.000,24.000,467,467,120.000,120,120,18.000,39.000,55.000,487,476,763,160,205,205,205,205,205,205,1,0,0,3,30,1,40.000,1
3.995000,356.58,40.000,24.000,467,467,120.000,120,120,18.000,39.000,55.000,487,476,763,160,205,205,205,205,205,205,1,0,0,3,30,1,40.000,1
4.000000,0.18,40.000,24.000,467,467,120.000,120,120,18.000,39.000,55.000,487,476,763,160,205,205,205,205,205,205,1,0,0,3,30,1,40.000,1
4.005000,3.78,40.000,24.000,467,467,120.000,120,120,18.000,39.000,55.000,487,476,763,160,205,205,205,205,205,205,1,0,0,3,30,1,40.000,1
4.010000,7.38,40.000,24.000,467,467,120.000,120,120,18.000,39.000,55.000,487,476,763,160,205,205,205,205,205,205,1,0,0,3,30,1,40.000,1
4.015000,10.98,40.000,24.000,467,467,120.000,120,120,18.000,39.000,55.000,487,476,763,160,205,205,205,205,205,205,1,0,0,3,30,1,40.000,1
4.020000,14.58,40.000,24.000,467,467,120.000,120,120,18.000,39.000,55.000,487,476,763,160,205,205,205,205,205,205,1,0,0,3,30,1,40.000,1
4.025000,18.18,40.000,24.000,467,467,120.000,120,120,18.000,39.000,55.000,487,476,763,160,205,205,205,205,205,205,1,0,0,3,30,1,40.000,1
4.030000,21.78,40.000,24.000,467,467,120.000,119,119,18.000,39.000,55.000,483,472,756,160,205,205,205,205,205,205,1,0,0,3,30,1,40.000,1
4.035000,25.38,40.000,24.000,467,467,120.000,119,119,18.000,39.000,55.000,483,472,756,160,205,205,205,205,205,205,1,0,0,3,30,1,40.000,1
4.040000,28.98,40.000,24.000,467,467,120.000,119,119,18.000,39.000,55.000,483,472,756,160,205,205,205,205,205,205,1,0,0,3,30,1,40.000,1
4.045000,32.58,40.000,24.000,467,467,120.000,119,119,18.000,39.000,55.000,483,472,756,160,205,205,205,205,205,205,1,0,0,3,30,1,40.000,1
4.050000,36.18,40.000,24.000,467,467,120.000,120,120,18.000,39.000,55.000,487,476,763,160,205,205,205,205,205,205,1,0,0,3,30,1,40.000,1
4.055000,39.78,40.000,24.000,467,467,120.000,120,120,18.000,39.000,55.000,487,476,763,160,205,205,205,205,205,205,1,0,0,3,30,1,40.000,1
4.060000,43.38,40.000,24.000,467,467,120.000,120,120,18.000,39.000,55.000,487,476,763,160,205,205,205,205,205,205,1,0,0,3,30,1,40.000,1
4.065000,46.98,40.000,24.000,467,467,120.000,120,120,18.000,39.000,55.000,487,476,763,160,205,205,205,205,205,205,1,0,0,3,30,1,40.000,1
4.070000,50.58,40.000,24.000,467,467,120.000,120,120,18.000,39.000,55.000,487,476,763,160,205,205,205,205,205,205,1,0,0,3,30,1,40.000,1
4.075000,54.18,40.000,24.000,467,467,120.000,120,120,18.000,39.000,55.000,487,476,763,160,205,205,205,205,205,205,1,0,0,3,30,1,40.000,1
4.080000,57.78,40.000,24.000,467,467,120.000,120,120,18.000,39.000,55.000,487,476,763,160,205,205,205,205,205,205,1,0,0,3,30,1,40.000,1
4.085000,61.38,40.000,24.000,467,467,120.000,120,120,18.000,39.000,55.000,487,476,763,160,205,205,205,205,205,205,1,0,0,3,30,1,40.000,1
4.090000,64.98,40.000,24.000,467,467,120.000,119,119,18.000,39.000,55.000,483,472,756,160,205,205,205,205,205,205,1,0,0,3,30,1,40.000,1
4.095000,68.58,40.000,24.000,467,467,120.000,119,119,18.000,39.000,55.000,483,472,756,160,205,205,205,205,205,205,1,0,0,3,30,1,40.000,1
4.100000,72.18,40.000,24.000,467,467,120.000,119,119,18.000,39.000,55.000,483,472,756,160,205,205,205,205,205,205,1,0,0,3,30,1,40.000,1
4.105000,75.78,40.000,24.000,467,467,120.000,119,119,18.000,39.000,55.000,483,472,756,160,205,205,205,205,205,205,1,0,0,3,30,1,40.000,1
4.110000,79.38,40.000,24.000,467,467,120.000,120,120,18.000,39.000,55.000,487,476,763,160,205,205,205,205,205,205,1,0,0,3,30,1,40.000,1
4.115000,82.98,40.000,24.000,467,467,120.000,120,120,18.000,39.000,55.000,487,476,763,160,205,205,205,205,205,205,1,0,0,3,30,1,40.000,1
4.120000,86.58,40.000,24.000,467,467,120.000,120,120,18.000,39.000,55.000,487,476,763,160,205,205,205,205,205,205,1,0,0,3,30,1,40.000,1
4.125000,90.18,40.000,24.000,467,467,120.000,120,120,18.000,39.000,55.000,487,476,763,160,205,205,205,205,205,205,1,0,0,3,30,1,40.000,1
4.130000,93.78,40.000,24.000,467,467,120.000,120,120,18.000,39.000,55.000,487,476,763,160,205,205,205,205,205,205,1,0,0,3,30,1,40.000,1
4.135000,97.38,40.000,24.000,467,467,120.000,120,120,18.000,39.000,55.000,487,476,763,160,205,205,205,205,205,205,1,0,0,3,30,1,40.000,1
4.140000,100.98,40.000,24.000,467,467,120.000,120,120,18.000,39.000,55.000,487,476,763,160,205,205,205,205,205,205,1,0,0,3,30,1,40.000,1
4.145000,104.58,40.000,24.000,467,467,120.000,120,120,18.000,39.000,55.000,487,476,763,160,205,205,205,205,205,205,1,0,0,3,30,1,40.000,1
4.150000,108.18,40.000,24.000,467,467,120.000,120,120,18.000,39.000,55.000,487,476,763,160,205,205,205,205,205,205,1,0,0,3,30,1,40.000,1
4.155000,111.78,40.000,24.000,467,467,120.000,119,119,18.000,39.000,55.000,483,472,756,160,205,205,205,205,205,205,1,0,0,3,30,1,40.000,1
4.160000,115.38,40.000,24.000,467,467,120.000,119,119,18.000,39.000,55.000,483,472,756,160,205,205,205,205,205,205,1,0,0,3,30,1,40.000,1
4.165000,118.98,40.000,24.000,467,467,120.000,119,119,18.000,39.000,55.000,483,472,756,160,205,205,205,205,205,205,1,0,0,3,30,1,40.000,1
4.170000,122.58,40.000,24.000,467,467,120.000,119,119,18.000,39.000,55.000,483,472,756,160,205,205,205,205,205,205,1,0,0,3,30,1,40.000,1
4.175000,126.18,40.000,24.000,467,467,120.000,120,120,18.000,39.000,55.000,487,476,763,160,205,205,205,205,205,205,1,0,0,3,30,1,40.000,1
4.180000,129.78,40.000,24.000,467,467,120.000,120,120,18.000,39.000,55.000,487,476,763,160,205,205,205,205,205,205,1,0,0,3,30,1,40.000,1
4.185000,133.38,40.000,24.000,467,467,120.000,120,120,18.000,39.000,55.000,487,476,763,160,205,205,205,205,205,205,1,0,0,3,30,1,40.000,1
4.190000,136.98,40.000,24.000,467,467,120.000,120,120,18.000,39.000,55.000,487,476,763,160,205,205,205,205,205,205,1,0,0,3,30,1,40.000,1
4.195000,140.58,40.000,24.000,467,467,120.000,120,120,18.000,39.000,55.000,487,476,763,160,205,205,205,205,205,205,1,0,0,3,30,1,40.000,1
4.200000,144.18,40.000,24.000,467,467,120.000,120,120,18.000,39.000,55.000,487,476,763,160,205,205,205,205,205,205,1,0,0,3,30,1,40.000,1
4.205000,147.78,40.000,24.000,467,467,120.000,120,120,18.000,39.000,55.000,487,476,763,160,205,205,205,205,205,205,1,0,0,3,30,1,40.000,1
4.210000,151.38,40.000,24.000,467,467,120.000,120,120,18.000,39.000,55.000,487,476,763,160,205,205,205,205,205,205,1,0,0,3,30,1,40.000,1
4.215000,154.98,40.000,24.000,467,467,120.000,119,119,18.000,39.000,55.000,483,472,756,160,205,205,205,205,205,205,1,0,0,3,30,1,40.000,1
4.220000,158.58,40.000,24.000,467,467,120.000,119,119,18.000,39.000,55.000,483,472,756,160,205,205,205,205,205,205,1,0,0,3,30,1,40.000,1
4.225000,162.18,40.000,24.000,467,467,120.000,119,119,18.000,39.000,55.000,483,472,756,160,205,205,205,205,205,205,1,0,0,3,30,1,40.000,1
4.230000,165.78,40.000,24.000,467,467,120.000,119,119,18.000,39.000,55.000,483,472,756,160,205,205,205,205,205,205,1,0,0,3,30,1,40.000,1
4.235000,169.38,40.000,24.000,467,467,120.000,120,120,18.000,39.000,55.000,487,476,763,160,205,205,205,205,205,205,1,0,0,3,30,1,40.000,1
4.240000,172.98,40.000,24.000,467,467,120.000,120,120,18.000,39.000,55.000,487,476,763,160,205,205,205,205,205,205,1,0,0,3,30,1,40.000,1
4.245000,176.58,40.000,24.000,467,467,120.000,120,120,18.000,39.000,55.000,487,476,763,160,205,205,205,205,205,205,1,0,0,3,30,1,40.000,1
4.250000,180.18,40.000,24.000,467,467,120.000,120,120,18.000,39.000,55.000,487,476,763,160,205,205,205,205,205,205,1,0,0,3,30,1,40.000,1
4.255000,183.78,40.000,24.000,467,467,120.000,120,120,18.000,39.000,55.000,487,476,763,160,205,205,205,205,205,205,1,0,0,3,30,1,40.000,1
4.260000,187.38,40.000,24.000,467,467,120.000,120,120,18.000,39.000,55.000,487,476,763,160,205,205,205,205,205,205,1,0,0,3,30,1,40.000,1
4.265000,190.98,40.000,24.000,467,467,120.000,120,120,18.000,39.000,55.000,487,476,763,160,205,205,205,205,205,205,1,0,0,3,30,1,40.000,1
4.270000,194.58,40.000,24.000,467,467,120.000,120,120,18.000,39.000,55.000,487,476,763,160,205,205,205,205,205,205,1,0,0,3,30,1,40.000,1
4.275000,198.18,40.000,24.000,467,467,120.000,120,120,18.000,39.000,55.000,487,476,763,160,205,205,205,205,205,205,1,0,0,3,30,1,40.000,1
4.280000,201.78,40.000,24.000,467,467,120.000,119,119,18.000,39.000,55.000,483,472,756,160,205,205,205,205,205,205,1,0,0,3,30,1,40.000,1
4.285000,205.38,40.000,24.000,467,467,120.000,119,119,18.000,39.000,55.000,483,472,756,160,205,205,205,205,205,205,1,0,0,3,30,1,40.000,1
4.290000,208.98,40.000,24.000,467,467,120.000,119,119,18.000,39.000,55.000,483,472,756,160,205,205,205,205,205,205,1,0,0,3,30,1,40.000,1
4.295000,212.58,40.000,24.000,467,467,120.000,119,119,18.000,39.000,55.000,483,472,756,160,205,205,205,205,205,205,1,0,0,3,30,1,40.000,1
4.300000,216.18,40.000,24.000,467,467,120.000,120,120,18.000,39.000,55.000,487,476,763,160,205,205,205,205,205,205,1,0,0,3,30,1,40.000,1
4.305000,219.78,40.000,24.000,467,467,120.000,120,120,18.000,39.000,55.000,487,476,763,160,205,205,205,205,205,205,1,0,0,3,30,1,40.000,1
4.310000,223.38,40.000,24.000,467,467,120.000,120,120,18.000,39.000,55.000,487,476,763,160,205,205,205,205,205,205,1,0,0,3,30,1,40.000,1
4.315000,226.98,40.000,24.000,467,467,120.000,120,120,18.000,39.000,55.000,487,476,763,160,205,205,205,205,205,205,1,0,0,3,30,1,40.000,1
4.320000,230.58,40.000,24.000,467,467,120.000,120,120,18.000,39.000,55.000,487,476,763,160,205,205,205,205,205,205,1,0,0,3,30,1,40.000,1
4.325000,234.18,40.000,24.000,467,467,120.000,120,120,18.000,39.000,55.000,487,476,763,160,205,205,205,205,205,205,1,0,0,3,30,1,40.000,1
4.330000,237.78,40.000,24.000,467,467,120.000,120,120,18.000,39.000,55.000,487,476,763,160,205,205,205,205,205,205,1,0,0,3,30,1,40.000,1
4.335000,241.38,40.000,24.000,467,467,120.000,120,120,18.000,39.000,55.000,487,476,763,160,205,205,205,205,205,205,1,0,0,3,30,1,40.000,1
4.340000,244.98,40.000,24.000,467,467,120.000,119,119,18.000,39.000,55.000,483,472,756,160,205,205,205,205,205,205,1,0,0,3,30,1,40.000,1
4.345000,248.58,40.000,24.000,467,467,120.000,119,119,18.000,39.000,55.000,483,472,756,160,205,205,205,205,205,205,1,0,0,3,30,1,40.000,1
4.350000,252.18,40.000,24.000,467,467,120.000,119,119,18.000,39.000,55.000,483,472,756,160,205,205,205,205,205,205,1,0,0,3,30,1,40.000,1
4.355000,255.78,40.000,24.000,467,467,120.000,119,119,18.000,39.000,55.000,483,472,756,160,205,205,205,205,205,205,1,0,0,3,30,1,40.000,1
4.360000,259.38,40.000,24.000,467,467,120.000,120,120,18.000,39.000,55.000,487,476,763,160,205,205,205,205,205,205,1,0,0,3,30,1,40.000,1
4.365000,262.98,40.000,24.000,467,467,120.000,120,120,18.000,39.000,55.000,487,476,763,160,205,205,205,205,205,205,1,0,0,3,30,1,40.000,1
4.370000,266.58,40.000,24.000,467,467,120.000,120,120,18.000,39.000,55.000,487,476,763,160,205,205,205,205,205,205,1,0,0,3,30,1,40.000,1
4.375000,270.18,40.000,24.000,467,467,120.000,120,120,18.000,39.000,55.000,487,476,763,160,205,205,205,205,205,205,1,0,0,3,30,1,40.000,1
4.380000,273.78,40.000,24.000,467,467,120.000,120,120,18.000,39.000,55.000,487,476,763,160,205,205,205,205,205,205,1,0,0,3,30,1,40.000,1
4.385000,277.38,40.000,24.000,467,467,120.000,120,120,18.000,39.000,55.000,487,476,763,160,205,205,205,205,205,205,1,0,0,3,30,1,40.000,1
4.390000,280.98,40.000,24.000,467,467,120.000,120,120,18.000,39.000,55.000,487,476,763,160,205,205,205,205,205,205,1,0,0,3,30,1,40.000,1
4.395000,284.58,40.000,24.000,467,467,120.000,120,120,18.000,39.000,55.000,487,476,763,160,205,205,205,205,205,205,1,0,0,3,30,1,40.000,1
4.400000,288.18,40.000,24.000,467,467,120.000,120,120,18.000,39.000,55.000,487,476,763,160,205,205,205,205,205,205,1,0,0,3,30,1,40.000,1
4.405000,291.78,40.000,24.000,467,467,120.000,119,119,18.000,39.000,55.000,483,472,756,160,205,205,205,205,205,205,1,0,0,3,30,1,40.000,1
4.410000,295.38,40.000,24.000,467,467,120.000,119,119,18.000,39.000,55.000,483,472,756,160,205,205,205,205,205,205,1,0,0,3,30,1,40.000,1
4.415000,298.98,40.000,24.000,467,467,120.000,119,119,18.000,39.000,55.000,483,472,756,160,205,205,205,205,205,205,1,0,0,3,30,1,40.000,1
4.420000,302.58,40.000,24.000,467,467,120.000,119,119,18.000,39.000,55.000,483,472,756,160,205,205,205,205,205,205,1,0,0,3,30,1,40.000,1
4.425000,306.18,40.000,24.000,467,467,120.000,120,120,18.000,39.000,55.000,487,476,763,160,205,205,205,205,205,205,1,0,0,3,30,1,40.000,1
4.430000,309.78,40.000,24.000,467,467,120.000,120,120,18.000,39.000,55.000,487,476,763,160,205,205,205,205,205,205,1,0,0,3,30,1,40.000,1
4.435000,313.38,40.000,24.000,467,467,120.000,120,120,18.000,39.000,55.000,487,476,763,160,205,205,205,205,205,205,1,0,0,3,30,1,40.000,1
4.440000,316.98,40.000,24.000,467,467,120.000,120,120,18.000,39.000,55.000,487,476,763,160,205,205,205,205,205,205,1,0,0,3,30,1,40.000,1
4.445000,320.58,40.000,24.000,467,467,120.000,120,120,18.000,39.000,55.000,487,476,763,160,205,205,205,205,205,205,1,0,0,3,30,1,40.000,1
4.450000,324.18,40.000,24.000,467,467,120.000,120,120,18.000,39.000,55.000,487,476,763,160,205,205,205,205,205,205,1,0,0,3,30,1,40.000,1
4.455000,327.78,40.000,24.000,467,467,120.000,120,120,18.000,39.000,55.000,487,476,763,160,205,205,205,205,205,205,1,0,0,3,30,1,40.000,1
4.460000,331.38,40.000,24.000,467,467,120.000,120,120,18.000,39.000,55.000,487,476,763,160,205,205,205,205,205,205,1,0,0,3,30,1,40.000,1
4.465000,334.98,40.000,24.000,467,467,120.000,119,119,18.000,39.000,55.000,483,472,756,160,205,205,205,205,205,205,1,0,0,3,30,1,40.000,1
4.470000,338.58,40.000,24.000,467,467,120.000,119,119,18.000,39.000,55.000,483,472,756,160,205,205,205,205,205,205,1,0,0,3,30,1,40.000,1
4.475000,342.18,40.000,24.000,467,467,120.000,119,119,18.000,39.000,55.000,483,472,756,160,205,205,205,205,205,205,1,0,0,3,30,1,40.000,1
4.480000,345.78,40.000,24.000,467,467,120.000,119,119,18.000,39.000,55.000,483,472,756,160,205,205,205,205,205,205,1,0,0,3,30,1,40.000,1
4.485000,349.38,40.000,24.000,467,467,120.000,120,120,18.000,39.000,55.000,487,476,763,160,205,205,205,205,205,205,1,0,0,3,30,1,40.000,1
4.490000,352.98,40.000,24.000,467,467,120.000,120,120,18.000,39.000,55.000,487,476,763,160,205,205,205,205,205,205,1,0,0,3,30,1,40.000,1
4.495000,356.58,40.000,24.000,467,467,120.000,120,120,18.000,39.000,55.000,487,476,763,160,205,205,205,205,205,205,1,0,0,3,30,1,40.000,1
4.500000,0.18,40.000,24.000,467,467,120.000,120,120,18.000,39.000,55.000,487,476,763,160,205,205,205,205,205,205,1,0,0,3,30,1,40.000,1
4.505000,3.78,40.000,24.000,467,467,120.000,120,120,18.000,39.000,55.000,487,476,763,160,205,205,205,205,205,205,1,0,0,3,30,1,40.000,1
4.510000,7.38,40.000,24.000,467,467,120.000,120,120,18.000,39.000,55.000,487,476,763,160,205,205,205,205,205,205,1,0,0,3,30,1,40.000,1
4.515000,10.98,40.000,24.000,467,467,120.000,120,120,18.000,39.000,55.000,487,476,763,160,205,205,205,205,205,205,1,0,0,3,30,1,40.000,1
4.520000,14.58,40.000,24.000,467,467,120.000,120,120,18.000,39.000,55.000,487,476,763,160,205,205,205,205,205,205,1,0,0,3,30,1,40.000,1
4.525000,18.18,40.000,24.000,467,467,120.000,120,120,18.000,39.000,55.000,487,476,763,160,205,205,205,205,205,205,1,0,0,3,30,1,40.000,1
4.530000,21.78,40.000,24.000,467,467,120.000,119,119,18.000,39.000,55.000,483,472,756,160,205,205,205,205,205,205,1,0,0,3,30,1,40.000,1
4.535000,25.38,40.000,24.000,467,467,120.000,119,119,18.000,39.000,55.000,483,472,756,160,205,205,205,205,205,205,1,0,0,3,30,1,40.000,1
4.540000,28.98,40.000,24.000,467,467,120.000,119,119,18.000,39.000,55.000,483,472,756,160,205,205,205,205,205,205,1,0,0,3,30,1,40.000,1
4.545000,32.58,40.000,24.000,467,467,120.000,119,119,18.000,39.000,55.000,483,472,756,160,205,205,205,205,205,205,1,0,0,3,30,1,40.000,1
4.550000,36.18,40.000,24.000,467,467,120.000,120,120,18.000,39.000,55.000,487,476,763,160,205,205,205,205,205,205,1,0,0,3,30,1,40.000,1
4.555000,39.78,40.000,24.000,467,467,120.000,120,120,18.000,39.000,55.000,487,476,763,160,205,205,205,205,205,205,1,0,0,3,30,1,40.000,1
4.560000,43.38,40.000,24.000,467,467,120.000,120,120,18.000,39.000,55.000,487,476,763,160,205,205,205,205,205,205,1,0,0,3,30,1,40.000,1
4.565000,46.98,40.000,24.000,467,467,120.000,120,120,18.000,39.000,55.000,487,476,763,160,205,205,205,205,205,205,1,0,0,3,30,1,40.000,1
4.570000,50.58,40.000,24.000,467,467,120.000,120,120,18.000,39.000,55.000,487,476,763,160,205,205,205,205,205,205,1,0,0,3,30,1,40.000,1
4.575000,54.18,40.000,24.000,467,467,120.000,120,120,18.000,39.000,55.000,487,476,763,160,205,205,205,205,205,205,1,0,0,3,30,1,40.000,1
4.580000,57.78,40.000,24.000,467,467,120.000,120,120,18.000,39.000,55.000,487,476,763,160,205,205,205,205,205,205,1,0,0,3,30,1,40.000,1
4.585000,61.38,40.000,24.000,467,467,120.000,120,120,18.000,39.000,55.000,487,476,763,160,205,205,205,205,205,205,1,0,0,3,30,1,40.000,1
4.590000,64.98,40.000,24.000,467,467,120.000,119,119,18.000,39.000,55.000,483,472,756,160,205,205,205,205,205,205,1,0,0,3,30,1,40.000,1
4.595000,68.58,40.000,24.000,467,467,120.000,119,119,18.000,39.000,55.000,483,472,756,160,205,205,205,205,205,205,1,0,0,3,30,1,40.000,1
4.600000,72.18,40.000,24.000,467,467,120.000,119,119,18.000,39.000,55.000,483,472,756,160,205,205,205,205,205,205,1,0,0,3,30,1,40.000,1
4.605000,75.78,40.000,24.000,467,467,120.000,119,119,18.000,39.000,55.000,483,472,756,160,205,205,205,205,205,205,1,0,0,3,30,1,40.000,1
4.610000,79.38,40.000,24.000,467,467,120.000,120,120,18.000,39.000,55.000,487,476,763,160,205,205,205,205,205,205,1,0,0,3,30,1,40.000,1
4.615000,82.98,40.000,24.000,467,467,120.000,120,120,18.000,39.000,55.000,487,476,763,160,205,205,205,205,205,205,1,0,0,3,30,1,40.000,1
4.620000,86.58,40.000,24.000,467,467,120.000,120,120,18.000,39.000,55.000,487,476,763,160,205,205,205,205,205,205,1,0,0,3,30,1,40.000,1
4.625000,90.18,40.000,24.000,467,467,120.000,120,120,18.000,39.000,55.000,487,476,763,160,205,205,205,205,205,205,1,0,0,3,30,1,40.000,1
4.630000,93.78,40.000,24.000,467,467,120.000,120,120,18.000,39.000,55.000,487,476,763,160,205,205,205,205,205,205,1,0,0,3,30,1,40.000,1
4.635000,97.38,40.000,24.000,467,467,120.000,120,120,18.000,39.000,55.000,487,476,763,160,205,205,205,205,205,205,1,0,0,3,30,1,40.000,1
4.640000,100.98,40.000,24.000,467,467,120.000,120,120,18.000,39.000,55.000,487,476,763,160,205,205,205,205,205,205,1,0,0,3,30,1,40.000,1
4.645000,104.58,40.000,24.000,467,467,120.000,120,120,18.000,39.000,55.000,487,476,763,160,205,205,205,205,205,205,1,0,0,3,30,1,40.000,1
4.650000,108.18,40.000,24.000,467,467,120.000,120,120,18.000,39.000,55.000,487,476,763,160,205,205,205,205,205,205,1,0,0,3,30,1,40.000,1
4.655000,111.78,40.000,24.000,467,467,120.000,119,119,18.000,39.000,55.000,483,472,756,160,205,205,205,205,205,205,1,0,0,3,30,1,40.000,1
4.660000,115.38,40.000,24.000,467,467,120.000,119,119,18.000,39.000,55.000,483,472,756,160,205,205,205,205,205,205,1,0,0,3,30,1,40.000,1
4.665000,118.98,40.000,24.000,467,467,120.000,119,119,18.000,39.000,55.000,483,472,756,160,205,205,205,205,205,205,1,0,0,3,30,1,40.000,1
4.670000,122.58,40.000,24.000,467,467,120.000,119,119,18.000,39.000,55.000,483,472,756,160,205,205,205,205,205,205,1,0,0,3,30,1,40.000,1
4.675000,126.18,40.000,24.000,467,467,120.000,120,120,18.000,39.000,55.000,487,476,763,160,205,205,205,205,205,205,1,0,0,3,30,1,40.000,1
4.680000,129.78,40.000,24.000,467,467,120.000,120,120,18.000,39.000,55.000,487,476,763,160,205,205,205,205,205,205,1,0,0,3,30,1,40.000,1
4.685000,133.38,40.000,24.000,467,467,120.000,120,120,18.000,39.000,55.000,487,476,763,160,205,205,205,205,205,205,1,0,0,3,30,1,40.000,1
4.690000,136.98,40.000,24.000,467,467,120.000,120,120,18.000,39.000,55.000,487,476,763,160,205,205,205,205,205,205,1,0,0,3,30,1,40.000,1
4.695000,140.58,40.000,24.000,467,467,120.000,120,120,18.000,39.000,55.000,487,476,763,160,205,205,205,205,205,205,1,0,0,3,30,1,40.000,1
4.700000,144.18,40.000,24.000,467,467,120.000,120,120,18.000,39.000,55.000,487,476,763,160,205,205,205,205,205,205,1,0,0,3,30,1,40.000,1
4.705000,147.78,40.000,24.000,467,467,120.000,120,120,18.000,39.000,55.000,487,476,763,160,205,205,205,205,205,205,1,0,0,3,30,1,40.000,1
4.710000,151.38,40.000,24.000,467,467,120.000,120,120,18.000,39.000,55.000,487,476,763,160,205,205,205,205,205,205,1,0,0,3,30,1,40.000,1
4.715000,154.98,40.000,24.000,467,467,120.000,119,119,18.000,39.000,55.000,483,472,756,160,205,205,205,205,205,205,1,0,0,3,30,1,40.000,1
4.720000,158.58,40.000,24.000,467,467,120.000,119,119,18.000,39.000,55.000,483,472,756,160,205,205,205,205,205,205,1,0,0,3,30,1,40.000,1
4.725000,162.18,40.000,24.000,467,467,120.000,119,119,18.000,39.000,55.000,483,472,756,160,205,205,205,205,205,205,1,0,0,3,30,1,40.000,1
4.730000,165.78,40.000,24.000,467,467,120.000,119,119,18.000,39.000,55.000,483,472,756,160,205,205,205,205,205,205,1,0,0,3,30,1,40.000,1
4.735000,169.38,40.000,24.000,467,467,120.000,120,120,18.000,39.000,55.000,487,476,763,160,205,205,205,205,205,205,1,0,0,3,30,1,40.000,1
4.740000,172.98,40.000,24.000,467,467,120.000,120,120,18.000,39.000,55.000,487,476,763,160,205,205,205,205,205,205,1,0,0,3,30,1,40.000,1
4.745000,176.58,40.000,24.000,467,467,120.000,120,120,18.000,39.000,55.000,487,476,763,160,205,205,205,205,205,205,1,0,0,3,30,1,40.000,1
4.750000,180.18,40.000,24.000,467,467,120.000,120,120,18.000,39.000,55.000,487,476,763,160,205,205,205,205,205,205,1,0,0,3,30,1,40.000,1
4.755000,183.78,40.000,24.000,467,467,120.000,120,120,18.000,39.000,55.000,487,476,763,160,205,205,205,205,205,205,1,0,0,3,30,1,40.000,1
4.760000,187.38,40.000,24.000,467,467,120.000,120,120,18.000,39.000,55.000,487,476,763,160,205,205,205,205,205,205,1,0,0,3,30,1,40.000,1
4.765000,190.98,40.000,24.000,467,467,120.000,120,120,18.000,39.000,55.000,487,476,763,160,205,205,205,205,205,205,1,0,0,3,30,1,40.000,1
4.770000,194.58,40.000,24.000,467,467,120.000,120,120,18.000,39.000,55.000,487,476,763,160,205,205,205,205,205,205,1,0,0,3,30,1,40.000,1
4.775000,198.18,40.000,24.000,467,467,120.000,120,120,18.000,39.000,55.000,487,476,763,160,205,205,205,205,205,205,1,0,0,3,30,1,40.000,1
4.780000,201.78,40.000,24.000,467,467,120.000,119,119,18.000,39.000,55.000,483,472,756,160,205,205,205,205,205,205,1,0,0,3,30,1,40.000,1
4.785000,205.38,40.000,24.000,467,467,120.000,119,119,18.000,39.000,55.000,483,472,756,160,205,205,205,205,205,205,1,0,0,3,30,1,40.000,1
4.790000,208.98,40.000,24.000,467,467,120.000,119,119,18.000,39.000,55.000,483,472,756,160,205,205,205,205,205,205,1,0,0,3,30,1,40.000,1
4.795000,212.58,40.000,24.000,467,467,120.000,119,119,18.000,39.000,55.000,483,472,756,160,205,205,205,205,205,205,1,0,0,3,30,1,40.000,1
4.800000,216.18,40.000,24.000,467,467,120.000,120,120,18.000,39.000,55.000,487,476,763,160,205,205,205,205,205,205,1,0,0,3,30,1,40.000,1
4.805000,219.78,40.000,24.000,467,467,120.000,120,120,18.000,39.000,55.000,487,476,763,160,205,205,205,205,205,205,1,0,0,3,30,1,40.000,1
4.810000,223.38,40.000,24.000,467,467,120.000,120,120,18.000,39.000,55.000,487,476,763,160,205,205,205,205,205,205,1,0,0,3,30,1,40.000,1
4.815000,226.98,40.000,24.000,467,467,120.000,120,120,18.000,39.000,55.000,487,476,763,160,205,205,205,205,205,205,1,0,0,3,30,1,40.000,1
4.820000,230.58,40.000,24.000,467,467,120.000,120,120,18.000,39.000,55.000,487,476,763,160,205,205,205,205,205,205,1,0,0,3,30,1,40.000,1
4.825000,234.18,40.000,24.000,467,467,120.000,120,120,18.000,39.000,55.000,487,476,763,160,205,205,205,205,205,205,1,0,0,3,30,1,40.000,1
4.830000,237.78,40.000,24.000,467,467,120.000,120,120,18.000,39.000,55.000,487,476,763,160,205,205,205,205,205,205,1,0,0,3,30,1,40.000,1
4.835000,241.38,40.000,24.000,467,467,120.000,120,120,18.000,39.000,55.000,487,476,763,160,205,205,205,205,205,205,1,0,0,3,30,1,40.000,1
4.840000,244.98,40.000,24.000,467,467,120.000,119,119,18.000,39.000,55.000,483,472,756,160,205,205,205,205,205,205,1,0,0,3,30,1,40.000,1
4.845000,248.58,40.000,24.000,467,467,120.000,119,119,18.000,39.000,55.000,483,472,756,160,205,205,205,205,205,205,1,0,0,3,30,1,40.000,1
4.850000,252.18,40.000,24.000,467,467,120.000,119,119,18.000,39.000,55.000,483,472,756,160,205,205,205,205,205,205,1,0,0,3,30,1,40.000,1
4.855000,255.78,40.000,24.000,467,467,120.000,119,119,18.000,39.000,55.000,483,472,756,160,205,205,205,205,205,205,1,0,0,3,30,1,40.000,1
4.860000,259.38,40.000,24.000,467,467,120.000,120,120,18.000,39.000,55.000,487,476,763,160,205,205,205,205,205,205,1,0,0,3,30,1,40.000,1
4.865000,262.98,40.000,24.000,467,467,120.000,120,120,18.000,39.000,55.000,487,476,763,160,205,205,205,205,205,205,1,0,0,3,30,1,40.000,1
4.870000,266.58,40.000,24.000,467,467,120.000,120,120,18.000,39.000,55.000,487,476,763,160,205,205,205,205,205,205,1,0,0,3,30,1,40.000,1
4.875000,270.18,40.000,24.000,467,467,120.000,120,120,18.000,39.000,55.000,487,476,763,160,205,205,205,205,205,205,1,0,0,3,30,1,40.000,1
4.880000,273.78,40.000,24.000,467,467,120.000,120,120,18.000,39.000,55.000,487,476,763,160,205,205,205,205,205,205,1,0,0,3,30,1,40.000,1
4.885000,277.38,40.000,24.000,467,467,120.000,120,120,18.000,39.000,55.000,487,476,763,160,205,205,205,205,205,205,1,0,0,3,30,1,40.000,1
4.890000,280.98,40.000,24.000,467,467,120.000,120,120,18.000,39.000,55.000,487,476,763,160,205,205,205,205,205,205,1,0,0,3,30,1,40.000,1
4.895000,284.58,40.000,24.000,467,467,120.000,120,120,18.000,39.000,55.000,487,476,763,160,205,205,205,205,205,205,1,0,0,3,30,1,40.000,1
4.900000,288.18,40.000,24.000,467,467,120.000,120,120,18.000,39.000,55.000,487,476,763,160,205,205,205,205,205,205,1,0,0,3,30,1,40.000,1
4.905000,291.78,40.000,24.000,467,467,120.000,119,119,18.000,39.000,55.000,483,472,756,160,205,205,205,205,205,205,1,0,0,3,30,1,40.000,1
4.910000,295.38,40.000,24.000,467,467,120.000,119,119,18.000,39.000,55.000,483,472,756,160,205,205,205,205,205,205,1,0,0,3,30,1,40.000,1
4.915000,298.98,40.000,24.000,467,467,120.000,119,119,18.000,39.000,55.000,483,472,756,160,205,205,205,205,205,205,1,0,0,3,30,1,40.000,1
4.920000,302.58,40.000,24.000,467,467,120.000,119,119,18.000,39.000,55.000,483,472,756,160,205,205,205,205,205,205,1,0,0,3,30,1,40.000,1
4.925000,306.18,40.000,24.000,467,467,120.000,120,120,18.000,39.000,55.000,487,476,763,160,205,205,205,205,205,205,1,0,0,3,30,1,40.000,1
4.930000,309.78,40.000,24.000,467,467,120.000,120,120,18.000,39.000,55.000,487,476,763,160,205,205,205,205,205,205,1,0,0,3,30,1,40.000,1
4.935000,313.38,40.000,24.000,467,467,120.000,120,120,18.000,39.000,55.000,487,476,763,160,205,205,205,205,205,205,1,0,0,3,30,1,40.000,1
4.940000,316.98,40.000,24.000,467,467,120.000,120,120,18.000,39.000,55.000,487,476,763,160,205,205,205,205,205,205,1,0,0,3,30,1,40.000,1
4.945000,320.58,40.000,24.000,467,467,120.000,120,120,18.000,39.000,55.000,487,476,763,160,205,205,205,205,205,205,1,0,0,3,30,1,40.000,1
4.950000,324.18,40.000,24.000,467,467,120.000,120,120,18.000,39.000,55.000,487,476,763,160,205,205,205,205,205,205,1,0,0,3,30,1,40.000,1
4.955000,327.78,40.000,24.000,467,467,120.000,120,120,18.000,39.000,55.000,487,476,763,160,205,205,205,205,205,205,1,0,0,3,30,1,40.000,1
4.960000,331.38,40.000,24.000,467,467,120.000,120,120,18.000,39.000,55.000,487,476,763,160,205,205,205,205,205,205,1,0,0,3,30,1,40.000,1
4.965000,334.98,40.000,24.000,467,467,120.000,119,119,18.000,39.000,55.000,483,472,756,160,205,205,205,205,205,205,1,0,0,3,30,1,40.000,1
4.970000,338.58,40.000,24.000,467,467,120.000,119,119,18.000,39.000,55.000,483,472,756,160,205,205,205,205,205,205,1,0,0,3,30,1,40.000,1
4.975000,342.18,40.000,24.000,467,467,120.000,119,119,18.000,39.000,55.000,483,472,756,160,205,205,205,205,205,205,1,0,0,3,30,1,40.000,1
4.980000,345.78,40.000,24.000,467,467,120.000,119,119,18.000,39.000,55.000,483,472,756,160,205,205,205,205,205,205,1,0,0,3,30,1,40.000,1
4.985000,349.38,40.000,24.000,467,467,120.000,120,120,18.000,39.000,55.000,487,476,763,160,205,205,205,205,205,205,1,0,0,3,30,1,40.000,1
4.990000,352.98,40.000,24.000,467,467,120.000,120,120,18.000,39.000,55.000,487,476,763,160,205,205,205,205,205,205,1,0,0,3,30,1,40.000,1
4.995000,356.58,40.000,24.000,467,467,120.000,120,120,18.000,39.000,55.000,487,476,763,160,205,205,205,205,205,205,1,0,0,3,30,1,40.000,1
5.000000,0.18,15.000,8.990,465,467,120.000,120,120,18.000,39.000,55.000,182,476,763,160,205,205,205,205,205,205,1,0,0,3,30,1,15.000,1
5.005000,3.78,15.000,8.990,428,467,120.000,120,120,18.000,39.000,55.000,182,476,763,160,205,205,205,205,205,205,1,0,0,3,30,1,15.000,1
5.010000,7.38,15.000,8.990,397,466,120.000,120,120,18.000,39.000,55.000,182,475,761,160,205,205,205,205,205,205,1,0,0,3,30,1,15.000,1
5.015000,10.98,15.000,8.990,369,464,120.000,120,120,18.000,39.000,55.000,182,473,757,160,204,204,204,204,204,204,1,0,0,3,30,1,15.000,1
5.020000,14.58,15.000,8.990,346,462,120.000,120,120,18.000,39.000,55.000,182,471,754,160,203,203,203,203,203,203,1,0,0,3,30,1,15.000,1
5.025000,18.18,15.000,8.990,325,459,120.000,120,120,18.000,39.000,55.000,182,468,749,160,202,202,202,202,202,202,1,0,0,3,30,1,15.000,1
5.030000,21.78,15.000,8.990,307,457,120.000,119,119,18.000,39.000,55.000,181,462,739,160,201,201,201,201,201,201,1,0,0,3,30,1,15.000,1
5.035000,25.38,15.000,8.990,292,453,120.000,119,119,18.000,39.000,55.000,181,457,732,160,199,199,199,199,199,199,1,0,0,3,30,1,15.000,1
5.040000,28.98,15.000,8.990,278,450,120.000,119,119,18.000,39.000,55.000,181,454,727,160,197,197,197,197,197,197,1,0,0,3,30,1,15.000,1
5.045000,32.58,15.000,8.990,267,447,120.000,119,119,18.000,39.000,55.000,181,450,721,160,196,196,196,196,196,196,1,0,0,3,30,1,15.000,1
5.050000,36.18,15.000,8.990,257,443,120.000,120,120,18.000,39.000,55.000,182,450,720,160,194,194,194,194,194,194,1,0,0,3,30,1,15.000,1
5.055000,39.78,15.000,8.990,248,439,120.000,120,120,18.000,39.000,55.000,182,445,713,160,192,192,192,192,192,192,1,0,0,3,30,1,15.000,1
5.060000,43.38,15.000,8.990,240,435,120.000,120,120,18.000,39.000,55.000,182,441,706,160,190,190,190,190,190,190,1,0,0,3,30,1,15.000,1
5.065000,46.98,15.000,8.990,234,432,120.000,120,120,18.000,39.000,55.000,182,438,701,160,189,189,189,189,189,189,1,0,0,3,30,1,15.000,1
5.070000,50.58,15.000,8.990,228,428,120.000,120,120,18.000,39.000,55.000,182,433,694,160,187,187,187,187,187,187,1,0,0,3,30,1,15.000,1
5.075000,54.18,15.000,8.990,223,424,120.000,120,120,18.000,39.000,55.000,182,429,686,160,185,185,185,185,185,185,1,0,0,3,30,1,15.000,1
5.080000,57.78,15.000,8.990,219,420,120.000,120,120,18.000,39.000,55.000,182,424,679,160,183,183,183,183,183,183,1,0,0,3,30,1,15.000,1
5.085000,61.38,15.000,8.990,215,416,120.000,120,120,18.000,39.000,55.000,182,420,672,160,181,181,181,181,181,181,1,0,0,3,30,1,15.000,1
5.090000,64.98,15.000,8.990,212,412,120.000,119,119,18.000,39.000,55.000,181,412,660,160,179,179,179,179,179,179,1,0,0,3,30,1,15.000,1
5.095000,68.58,15.000,8.990,209,408,120.000,119,119,18.000,39.000,55.000,181,408,653,160,177,177,177,177,177,177,1,0,0,3,30,1,15.000,1
5.100000,72.18,15.000,8.990,207,404,120.000,119,119,18.000,39.000,55.000,181,403,646,160,175,175,175,175,175,175,1,0,0,3,30,1,15.000,1
5.105000,75.78,15.000,8.990,205,400,120.000,119,119,18.000,39.000,55.000,181,399,639,160,173,173,173,173,173,173,1,0,0,3,30,1,15.000,1
5.110000,79.38,15.000,8.990,203,396,120.000,120,120,18.000,39.000,55.000,182,398,637,160,172,172,172,172,172,172,1,0,0,3,30,1,15.000,1
5.115000,82.98,15.000,8.990,201,392,120.000,120,120,18.000,39.000,55.000,182,393,630,160,170,170,170,170,170,170,1,0,0,3,30,1,15.000,1
5.120000,86.58,15.000,8.990,200,389,120.000,120,120,18.000,39.000,55.000,182,390,625,160,168,168,168,168,168,168,1,0,0,3,30,1,15.000,1
5.125000,90.18,15.000,8.990,199,385,120.000,120,120,18.000,39.000,55.000,182,386,617,160,166,166,166,166,166,166,1,0,0,3,30,1,15.000,1
5.130000,93.78,15.000,8.990,198,381,120.000,120,120,18.000,39.000,55.000,182,381,610,160,164,164,164,164,164,164,1,0,0,3,30,1,15.000,1
5.135000,97.38,15.000,8.990,197,378,120.000,120,120,18.000,39.000,55.000,182,378,605,160,163,163,163,163,163,163,1,0,0,3,30,1,15.000,1
5.140000,100.98,15.000,8.990,196,374,120.000,120,120,18.000,39.000,55.000,182,374,598,160,161,161,161,161,161,161,1,0,0,3,30,1,15.000,1
5.145000,104.58,15.000,8.990,196,371,120.000,120,120,18.000,39.000,55.000,182,370,593,160,160,160,160,160,160,160,1,0,0,3,30,1,15.000,1
5.150000,108.18,15.000,8.990,195,367,120.000,120,120,18.000,39.000,55.000,182,366,586,160,158,158,158,158,158,158,1,0,0,3,30,1,15.000,1
5.155000,111.78,15.000,8.990,194,364,120.000,119,119,18.000,39.000,55.000,181,360,576,160,156,156,156,156,156,156,1,0,0,3,30,1,15.000,1
5.160000,115.38,15.000,8.990,194,360,120.000,119,119,18.000,39.000,55.000,181,355,568,160,154,154,154,154,154,154,1,0,0,3,30,1,15.000,1
5.165000,118.98,15.000,8.990,194,357,120.000,119,119,18.000,39.000,55.000,181,352,563,160,153,153,153,153,153,153,1,0,0,3,30,1,15.000,1
5.170000,122.58,15.000,8.990,193,354,120.000,119,119,18.000,39.000,55.000,181,348,558,160,151,151,151,151,151,151,1,0,0,3,30,1,15.000,1
5.175000,126.18,15.000,8.990,193,351,120.000,120,120,18.000,39.000,55.000,182,348,557,160,150,150,150,150,150,150,1,0,0,3,30,1,15.000,1
5.180000,129.78,15.000,8.990,193,348,120.000,120,120,18.000,39.000,55.000,182,345,552,160,149,149,149,149,149,149,1,0,0,3,30,1,15.000,1
5.185000,133.38,15.000,8.990,193,345,120.000,120,120,18.000,39.000,55.000,182,341,547,160,147,147,147,147,147,147,1,0,0,3,30,1,15.000,1
5.190000,136.98,15.000,8.990,192,342,120.000,120,120,18.000,39.000,55.000,182,338,541,160,146,146,146,146,146,146,1,0,0,3,30,1,15.000,1
5.195000,140.58,15.000,8.990,192,339,120.000,120,120,18.000,39.000,55.000,182,335,536,160,144,144,144,144,144,144,1,0,0,3,30,1,15.000,1
5.200000,144.18,15.000,8.990,192,336,120.000,120,120,18.000,39.000,55.000,182,331,531,160,143,143,143,143,143,143,1,0,0,3,30,1,15.000,1
5.205000,147.78,15.000,8.990,192,333,120.000,120,120,18.000,39.000,55.000,182,328,525,160,141,141,141,141,141,141,1,0,0,3,30,1,15.000,1
5.210000,151.38,15.000,8.990,192,330,120.000,120,120,18.000,39.000,55.000,182,325,520,160,140,140,140,140,140,140,1,0,0,3,30,1,15.000,1
5.215000,154.98,15.000,8.990,192,328,120.000,119,119,18.000,39.000,55.000,181,320,512,160,139,139,139,139,139,139,1,0,0,3,30,1,15.000,1
5.220000,158.58,15.000,8.990,192,325,120.000,119,119,18.000,39.000,55.000,181,317,507,160,138,138,138,138,138,138,1,0,0,3,30,1,15.000,1
5.225000,162.18,15.000,8.990,192,322,120.000,119,119,18.000,39.000,55.000,181,313,502,160,136,136,136,136,136,136,1,0,0,3,30,1,15.000,1
5.230000,165.78,15.000,8.990,192,320,120.000,119,119,18.000,39.000,55.000,181,311,498,160,135,135,135,135,135,135,1,0,0,3,30,1,15.000,1
5.235000,169.38,15.000,8.990,192,317,120.000,120,120,18.000,39.000,55.000,182,311,497,160,134,134,134,134,134,134,1,0,0,3,30,1,15.000,1
5.240000,172.98,15.000,8.990,191,315,120.000,120,120,18.000,39.000,55.000,182,308,494,160,133,133,133,133,133,133,1,0,0,3,30,1,15.000,1
5.245000,176.58,15.000,8.990,191,313,120.000,120,120,18.000,39.000,55.000,182,306,490,160,132,132,132,132,132,132,1,0,0,3,30,1,15.000,1
5.250000,180.18,15.000,8.990,191,310,120.000,120,120,18.000,39.000,55.000,182,303,485,160,130,130,130,130,130,130,1,0,0,3,30,1,15.000,1
5.255000,183.78,15.000,8.990,191,308,120.000,120,120,18.000,39.000,55.000,182,301,481,160,130,130,130,130,130,130,1,0,0,3,30,1,15.000,1
5.260000,187.38,15.000,8.990,191,306,120.000,120,120,18.000,39.000,55.000,182,298,478,160,129,129,129,129,129,129,1,0,0,3,30,1,15.000,1
5.265000,190.98,15.000,8.990,191,303,120.000,120,120,18.000,39.000,55.000,182,295,472,160,127,127,127,127,127,127,1,0,0,3,30,1,15.000,1
5.270000,194.58,15.000,8.990,191,301,120.000,120,120,18.000,39.000,55.000,182,293,469,160,126,126,126,126,126,126,1,0,0,3,30,1,15.000,1
5.275000,198.18,15.000,8.990,191,299,120.000,120,120,18.000,39.000,55.000,182,291,465,160,125,125,125,125,125,125,1,0,0,3,30,1,15.000,1
5.280000,201.78,15.000,8.990,191,297,120.000,119,119,18.000,39.000,55.000,181,286,458,160,124,124,124,124,124,124,1,0,0,3,30,1,15.000,1
5.285000,205.38,15.000,8.990,191,295,120.000,119,119,18.000,39.000,55.000,181,284,454,160,123,123,123,123,123,123,1,0,0,3,30,1,15.000,1
5.290000,208.98,15.000,8.990,191,293,120.000,119,119,18.000,39.000,55.000,181,282,451,160,122,122,122,122,122,122,1,0,0,3,30,1,15.000,1
5.295000,212.58,15.000,8.990,191,291,120.000,119,119,18.000,39.000,55.000,181,280,448,160,121,121,121,121,121,121,1,0,0,3,30,1,15.000,1
5.300000,216.18,15.000,8.990,191,289,120.000,120,120,18.000,39.000,55.000,182,280,448,160,120,120,120,120,120,120,1,0,0,3,30,1,15.000,1
5.305000,219.78,15.000,8.990,191,287,120.000,120,120,18.000,39.000,55.000,182,277,444,160,120,120,120,120,120,120,1,0,0,3,30,1,15.000,1
5.310000,223.38,15.000,8.990,191,285,120.000,120,120,18.000,39.000,55.000,182,275,441,160,119,119,119,119,119,119,1,0,0,3,30,1,15.000,1
5.315000,226.98,15.000,8.990,191,283,120.000,120,120,18.000,39.000,55.000,182,273,437,160,118,118,118,118,118,118,1,0,0,3,30,1,15.000,1
5.320000,230.58,15.000,8.990,191,282,120.000,120,120,18.000,39.000,55.000,182,272,435,160,117,117,117,117,117,117,1,0,0,3,30,1,15.000,1
5.325000,234.18,15.000,8.990,191,280,120.000,120,120,18.000,39.000,55.000,182,270,432,160,116,116,116,116,116,116,1,0,0,3,30,1,15.000,1
5.330000,237.78,15.000,8.990,191,278,120.000,120,120,18.000,39.000,55.000,182,267,428,160,115,115,115,115,115,115,1,0,0,3,30,1,15.000,1
5.335000,241.38,15.000,8.990,191,276,120.000,120,120,18.000,39.000,55.000,182,265,425,160,114,114,114,114,114,114,1,0,0,3,30,1,15.000,1
5.340000,244.98,15.000,8.990,191,275,120.000,119,119,18.000,39.000,55.000,181,262,419,160,114,114,114,114,114,114,1,0,0,3,30,1,15.000,1
5.345000,248.58,15.000,8.990,191,273,120.000,119,119,18.000,39.000,55.000,181,260,416,160,113,113,113,113,113,113,1,0,0,3,30,1,15.000,1
5.350000,252.18,15.000,8.990,191,272,120.000,119,119,18.000,39.000,55.000,181,259,414,160,112,112,112,112,112,112,1,0,0,3,30,1,15.000,1
5.355000,255.78,15.000,8.990,191,270,120.000,119,119,18.000,39.000,55.000,181,256,410,160,111,111,111,111,111,111,1,0,0,3,30,1,15.000,1
5.360000,259.38,15.000,8.990,191,268,120.000,120,120,18.000,39.000,55.000,182,256,411,160,110,110,110,110,110,110,1,0,0,3,30,1,15.000,1
5.365000,262.98,15.000,8.990,191,267,120.000,120,120,18.000,39.000,55.000,182,255,409,160,110,110,110,110,110,110,1,0,0,3,30,1,15.000,1
5.370000,266.58,15.000,8.990,191,265,120.000,120,120,18.000,39.000,55.000,182,253,405,160,109,109,109,109,109,109,1,0,0,3,30,1,15.000,1
5.375000,270.18,15.000,8.990,191,264,120.000,120,120,18.000,39.000,55.000,182,252,403,160,109,109,109,109,109,109,1,0,0,3,30,1,15.000,1
5.380000,273.78,15.000,8.990,191,263,120.000,120,120,18.000,39.000,55.000,182,251,402,160,108,108,108,108,108,108,1,0,0,3,30,1,15.000,1
5.385000,277.38,15.000,8.990,191,261,120.000,120,120,18.000,39.000,55.000,182,249,398,160,107,107,107,107,107,107,1,0,0,3,30,1,15.000,1
5.390000,280.98,15.000,8.990,191,260,120.000,120,120,18.000,39.000,55.000,182,248,396,160,107,107,107,107,107,107,1,0,0,3,30,1,15.000,1
5.395000,284.58,15.000,8.990,191,259,120.000,120,120,18.000,39.000,55.000,182,246,395,160,106,106,106,106,106,106,1,0,0,3,30,1,15.000,1
5.400000,288.18,15.000,8.990,191,257,120.000,120,120,18.000,39.000,55.000,182,244,391,160,105,105,105,105,105,105,1,0,0,3,30,1,15.000,1
5.405000,291.78,15.000,8.990,191,256,120.000,119,119,18.000,39.000,55.000,181,241,386,160,105,105,105,105,105,105,1,0,0,3,30,1,15.000,1
5.410000,295.38,15.000,8.990,191,255,120.000,119,119,18.000,39.000,55.000,181,240,384,160,104,104,104,104,104,104,1,0,0,3,30,1,15.000,1
5.415000,298.98,15.000,8.990,191,253,120.000,119,119,18.000,39.000,55.000,181,238,381,160,103,103,103,103,103,103,1,0,0,3,30,1,15.000,1
5.420000,302.58,15.000,8.990,191,252,120.000,119,119,18.000,39.000,55.000,181,237,379,160,103,103,103,103,103,103,1,0,0,3,30,1,15.000,1
5.425000,306.18,15.000,8.990,191,251,120.000,120,120,18.000,39.000,55.000,182,238,380,160,102,102,102,102,102,102,1,0,0,3,30,1,15.000,1
5.430000,309.78,15.000,8.990,191,250,120.000,120,120,18.000,39.000,55.000,182,237,379,160,102,102,102,102,102,102,1,0,0,3,30,1,15.000,1
5.435000,313.38,15.000,8.990,191,249,120.000,120,120,18.000,39.000,55.000,182,235,377,160,101,101,101,101,101,101,1,0,0,3,30,1,15.000,1
5.440000,316.98,15.000,8.990,191,248,120.000,120,120,18.000,39.000,55.000,182,234,375,160,101,101,101,101,101,101,1,0,0,3,30,1,15.000,1
5.445000,320.58,15.000,8.990,191,247,120.000,120,120,18.000,39.000,55.000,182,233,373,160,100,100,100,100,100,100,1,0,0,3,30,1,15.000,1
5.450000,324.18,15.000,8.990,191,246,120.000,120,120,18.000,39.000,55.000,182,232,372,160,100,100,100,100,100,100,1,0,0,3,30,1,15.000,1
5.455000,327.78,15.000,8.990,191,245,120.000,120,120,18.000,39.000,55.000,182,231,370,160,99,99,99,99,99,99,1,0,0,3,30,1,15.000,1
5.460000,331.38,15.000,8.990,191,244,120.000,120,120,18.000,39.000,55.000,182,230,368,160,99,99,99,99,99,99,1,0,0,3,30,1,15.000,1
5.465000,334.98,15.000,8.990,191,243,120.000,119,119,18.000,39.000,55.000,181,227,363,160,99,99,99,99,99,99,1,0,0,3,30,1,15.000,1
5.470000,338.58,15.000,8.990,191,242,120.000,119,119,18.000,39.000,55.000,181,226,361,160,98,98,98,98,98,98,1,0,0,3,30,1,15.000,1
5.475000,342.18,15.000,8.990,191,241,120.000,119,119,18.000,39.000,55.000,181,225,360,160,98,98,98,98,98,98,1,0,0,3,30,1,15.000,1
5.480000,345.78,15.000,8.990,191,240,120.000,119,119,18.000,39.000,55.000,181,223,358,160,97,97,97,97,97,97,1,0,0,3,30,1,15.000,1
5.485000,349.38,15.000,8.990,191,239,120.000,120,120,18.000,39.000,55.000,182,224,359,160,97,97,97,97,97,97,1,0,0,3,30,1,15.000,1
5.490000,352.98,15.000,8.990,191,238,120.000,120,120,18.000,39.000,55.000,182,223,357,160,96,96,96,96,96,96,1,0,0,3,30,1,15.000,1
5.495000,356.58,15.000,8.990,191,237,120.000,120,120,18.000,39.000,55.000,182,222,356,160,96,96,96,96,96,96,1,0,0,3,30,1,15.000,1
5.500000,0.18,15.000,8.990,191,236,120.000,120,120,18.000,39.000,55.000,182,221,354,160,95,95,95,95,95,95,1,0,0,3,30,1,15.000,1
5.505000,3.78,15.000,8.990,191,235,120.000,120,120,18.000,39.000,55.000,182,220,352,160,95,95,95,95,95,95,1,0,0,3,30,1,15.000,1
5.510000,7.38,15.000,8.990,191,234,120.000,120,120,18.000,39.000,55.000,182,219,350,160,94,94,94,94,94,94,1,0,0,3,30,1,15.000,1
5.515000,10.98,15.000,8.990,191,234,120.000,120,120,18.000,39.000,55.000,182,219,350,160,94,94,94,94,94,94,1,0,0,3,30,1,15.000,1
5.520000,14.58,15.000,8.990,191,233,120.000,120,120,18.000,39.000,55.000,182,218,348,160,94,94,94,94,94,94,1,0,0,3,30,1,15.000,1
5.525000,18.18,15.000,8.990,191,232,120.000,120,120,18.000,39.000,55.000,182,217,347,160,93,93,93,93,93,93,1,0,0,3,30,1,15.000,1
5.530000,21.78,15.000,8.990,191,231,120.000,119,119,18.000,39.000,55.000,181,214,342,160,93,93,93,93,93,93,1,0,0,3,30,1,15.000,1
5.535000,25.38,15.000,8.990,191,230,120.000,119,119,18.000,39.000,55.000,181,213,340,160,92,92,92,92,92,92,1,0,0,3,30,1,15.000,1
5.540000,28.98,15.000,8.990,191,230,120.000,119,119,18.000,39.000,55.000,181,213,340,160,92,92,92,92,92,92,1,0,0,3,30,1,15.000,1
5.545000,32.58,15.000,8.990,191,229,120.000,119,119,18.000,39.000,55.000,181,211,338,160,92,92,92,92,92,92,1,0,0,3,30,1,15.000,1
5.550000,36.18,15.000,8.990,191,228,120.000,120,120,18.000,39.000,55.000,182,212,340,160,91,91,91,91,91,91,1,0,0,3,30,1,15.000,1
5.555000,39.78,15.000,8.990,191,228,120.000,120,120,18.000,39.000,55.000,182,212,340,160,91,91,91,91,91,91,1,0,0,3,30,1,15.000,1
5.560000,43.38,15.000,8.990,191,227,120.000,120,120,18.000,39.000,55.000,182,211,338,160,91,91,91,91,91,91,1,0,0,3,30,1,15.000,1
5.565000,46.98,15.000,8.990,191,226,120.000,120,120,18.000,39.000,55.000,182,210,336,160,90,90,90,90,90,90,1,0,0,3,30,1,15.000,1
5.570000,50.58,15.000,8.990,191,226,120.000,120,120,18.000,39.000,55.000,182,210,336,160,90,90,90,90,90,90,1,0,0,3,30,1,15.000,1
5.575000,54.18,15.000,8.990,191,225,120.000,120,120,18.000,39.000,55.000,182,209,335,160,90,90,90,90,90,90,1,0,0,3,30,1,15.000,1
5.580000,57.78,15.000,8.990,191,224,120.000,120,120,18.000,39.000,55.000,182,208,333,160,89,89,89,89,89,89,1,0,0,3,30,1,15.000,1
5.585000,61.38,15.000,8.990,191,224,120.000,120,120,18.000,39.000,55.000,182,208,333,160,89,89,89,89,89,89,1,0,0,3,30,1,15.000,1
5.590000,64.98,15.000,8.990,191,223,120.000,119,119,18.000,39.000,55.000,181,205,328,160,89,89,89,89,89,89,1,0,0,3,30,1,15.000,1
5.595000,68.58,15.000,8.990,191,222,120.000,119,119,18.000,39.000,55.000,181,204,326,160,88,88,88,88,88,88,1,0,0,3,30,1,15.000,1
5.600000,72.18,15.000,8.990,191,222,120.000,119,119,18.000,39.000,55.000,181,204,326,160,88,88,88,88,88,88,1,0,0,3,30,1,15.000,1
5.605000,75.78,15.000,8.990,191,221,120.000,119,119,18.000,39.000,55.000,181,203,325,160,88,88,88,88,88,88,1,0,0,3,30,1,15.000,1
5.610000,79.38,15.000,8.990,191,221,120.000,120,120,18.000,39.000,55.000,182,204,327,160,88,88,88,88,88,88,1,0,0,3,30,1,15.000,1
5.615000,82.98,15.000,8.990,191,220,120.000,120,120,18.000,39.000,55.000,182,203,326,160,88,88,88,88,88,88,1,0,0,3,30,1,15.000,1
5.620000,86.58,15.000,8.990,191,220,120.000,120,120,18.000,39.000,55.000,182,203,326,160,88,88,88,88,88,88,1,0,0,3,30,1,15.000,1
5.625000,90.18,15.000,8.990,191,219,120.000,120,120,18.000,39.000,55.000,182,202,324,160,87,87,87,87,87,87,1,0,0,3,30,1,15.000,1
5.630000,93.78,15.000,8.990,191,219,120.000,120,120,18.000,39.000,55.000,182,202,324,160,87,87,87,87,87,87,1,0,0,3,30,1,15.000,1
5.635000,97.38,15.000,8.990,191,218,120.000,120,120,18.000,39.000,55.000,182,201,322,160,87,87,87,87,87,87,1,0,0,3,30,1,15.000,1
5.640000,100.98,15.000,8.990,191,218,120.000,120,120,18.000,39.000,55.000,182,201,322,160,87,87,87,87,87,87,1,0,0,3,30,1,15.000,1
5.645000,104.58,15.000,8.990,191,217,120.000,120,120,18.000,39.000,55.000,182,200,320,160,86,86,86,86,86,86,1,0,0,3,30,1,15.000,1
5.650000,108.18,15.000,8.990,191,217,120.000,120,120,18.000,39.000,55.000,182,200,320,160,86,86,86,86,86,86,1,0,0,3,30,1,15.000,1
5.655000,111.78,15.000,8.990,191,216,120.000,119,119,18.000,39.000,55.000,181,197,316,160,86,86,86,86,86,86,1,0,0,3,30,1,15.000,1
5.660000,115.38,15.000,8.990,191,216,120.000,119,119,18.000,39.000,55.000,181,197,316,160,86,86,86,86,86,86,1,0,0,3,30,1,15.000,1
5.665000,118.98,15.000,8.990,191,215,120.000,119,119,18.000,39.000,55.000,181,196,314,160,85,85,85,85,85,85,1,0,0,3,30,1,15.000,1
5.670000,122.58,15.000,8.990,191,215,120.000,119,119,18.000,39.000,55.000,181,196,314,160,85,85,85,85,85,85,1,0,0,3,30,1,15.000,1
5.675000,126.18,15.000,8.990,191,214,120.000,120,120,18.000,39.000,55.000,182,197,315,160,85,85,85,85,85,85,1,0,0,3,30,1,15.000,1
5.680000,129.78,15.000,8.990,191,214,120.000,120,120,18.000,39.000,55.000,182,197,315,160,85,85,85,85,85,85,1,0,0,3,30,1,15.000,1
5.685000,133.38,15.000,8.990,191,214,120.000,120,120,18.000,39.000,55.000,182,197,315,160,85,85,85,85,85,85,1,0,0,3,30,1,15.000,1
5.690000,136.98,15.000,8.990,191,213,120.000,120,120,18.000,39.000,55.000,182,195,313,160,84,84,84,84,84,84,1,0,0,3,30,1,15.000,1
5.695000,140.58,15.000,8.990,191,213,120.000,120,120,18.000,39.000,55.000,182,195,313,160,84,84,84,84,84,84,1,0,0,3,30,1,15.000,1
5.700000,144.18,15.000,8.990,191,212,120.000,120,120,18.000,39.000,55.000,182,194,311,160,84,84,84,84,84,84,1,0,0,3,30,1,15.000,1
5.705000,147.78,15.000,8.990,191,212,120.000,120,120,18.000,39.000,55.000,182,194,311,160,84,84,84,84,84,84,1,0,0,3,30,1,15.000,1
5.710000,151.38,15.000,8.990,191,212,120.000,120,120,18.000,39.000,55.000,182,194,311,160,84,84,84,84,84,84,1,0,0,3,30,1,15.000,1
5.715000,154.98,15.000,8.990,191,211,120.000,119,119,18.000,39.000,55.000,181,192,307,160,83,83,83,83,83,83,1,0,0,3,30,1,15.000,1
5.720000,158.58,15.000,8.990,191,211,120.000,119,119,18.000,39.000,55.000,181,192,307,160,83,83,83,83,83,83,1,0,0,3,30,1,15.000,1
5.725000,162.18,15.000,8.990,191,210,120.000,119,119,18.000,39.000,55.000,181,191,305,160,83,83,83,83,83,83,1,0,0,3,30,1,15.000,1
5.730000,165.78,15.000,8.990,191,210,120.000,119,119,18.000,39.000,55.000,181,191,305,160,83,83,83,83,83,83,1,0,0,3,30,1,15.000,1
5.735000,169.38,15.000,8.990,191,210,120.000,120,120,18.000,39.000,55.000,182,192,308,160,83,83,83,83,83,83,1,0,0,3,30,1,15.000,1
5.740000,172.98,15.000,8.990,191,210,120.000,120,120,18.000,39.000,55.000,182,192,308,160,83,83,83,83,83,83,1,0,0,3,30,1,15.000,1
5.745000,176.58,15.000,8.990,191,209,120.000,120,120,18.000,39.000,55.000,182,191,306,160,82,82,82,82,82,82,1,0,0,3,30,1,15.000,1
5.750000,180.18,15.000,8.990,191,209,120.000,120,120,18.000,39.000,55.000,182,191,306,160,82,82,82,82,82,82,1,0,0,3,30,1,15.000,1
5.755000,183.78,15.000,8.990,191,209,120.000,120,120,18.000,39.000,55.000,182,191,306,160,82,82,82,82,82,82,1,0,0,3,30,1,15.000,1
5.760000,187.38,15.000,8.990,191,208,120.000,120,120,18.000,39.000,55.000,182,190,304,160,82,82,82,82,82,82,1,0,0,3,30,1,15.000,1
5.765000,190.98,15.000,8.990,191,208,120.000,120,120,18.000,39.000,55.000,182,190,304,160,82,82,82,82,82,82,1,0,0,3,30,1,15.000,1
5.770000,194.58,15.000,8.990,191,208,120.000,120,120,18.000,39.000,55.000,182,190,304,160,82,82,82,82,82,82,1,0,0,3,30,1,15.000,1
5.775000,198.18,15.000,8.990,191,207,120.000,120,120,18.000,39.000,55.000,182,189,303,160,81,81,81,81,81,81,1,0,0,3,30,1,15.000,1
5.780000,201.78,15.000,8.990,191,207,120.000,119,119,18.000,39.000,55.000,181,187,300,160,81,81,81,81,81,81,1,0,0,3,30,1,15.000,1
5.785000,205.38,15.000,8.990,191,207,120.000,119,119,18.000,39.000,55.000,181,187,300,160,81,81,81,81,81,81,1,0,0,3,30,1,15.000,1
5.790000,208.98,15.000,8.990,191,206,120.000,119,119,18.000,39.000,55.000,181,186,298,160,81,81,81,81,81,81,1,0,0,3,30,1,15.000,1
5.795000,212.58,15.000,8.990,191,206,120.000,119,119,18.000,39.000,55.000,181,186,298,160,81,81,81,81,81,81,1,0,0,3,30,1,15.000,1
5.800000,216.18,15.000,8.990,191,206,120.000,120,120,18.000,39.000,55.000,182,188,301,160,81,81,81,81,81,81,1,0,0,3,30,1,15.000,1
5.805000,219.78,15.000,8.990,191,206,120.000,120,120,18.000,39.000,55.000,182,188,301,160,81,81,81,81,81,81,1,0,0,3,30,1,15.000,1
5.810000,223.38,15.000,8.990,191,205,120.000,120,120,18.000,39.000,55.000,182,187,299,160,80,80,80,80,80,80,1,0,0,3,30,1,15.000,1
5.815000,226.98,15.000,8.990,191,205,120.000,120,120,18.000,39.000,55.000,182,187,299,160,80,80,80,80,80,80,1,0,0,3,30,1,15.000,1
5.820000,230.58,15.000,8.990,191,205,120.000,120,120,18.000,39.000,55.000,182,187,299,160,80,80,80,80,80,80,1,0,0,3,30,1,15.000,1
5.825000,234.18,15.000,8.990,191,205,120.000,120,120,18.000,39.000,55.000,182,187,299,160,80,80,80,80,80,80,1,0,0,3,30,1,15.000,1
5.830000,237.78,15.000,8.990,191,205,120.000,120,120,18.000,39.000,55.000,182,187,299,160,80,80,80,80,80,80,1,0,0,3,30,1,15.000,1
5.835000,241.38,15.000,8.990,191,204,120.000,120,120,18.000,39.000,55.000,182,186,297,160,80,80,80,80,80,80,1,0,0,3,30,1,15.000,1
5.840000,244.98,15.000,8.990,191,204,120.000,119,119,18.000,39.000,55.000,181,184,295,160,80,80,80,80,80,80,1,0,0,3,30,1,15.000,1
5.845000,248.58,15.000,8.990,191,204,120.000,119,119,18.000,39.000,55.000,181,184,295,160,80,80,80,80,80,80,1,0,0,3,30,1,15.000,1
5.850000,252.18,15.000,8.990,191,204,120.000,119,119,18.000,39.000,55.000,181,184,295,160,80,80,80,80,80,80,1,0,0,3,30,1,15.000,1
5.855000,255.78,15.000,8.990,191,203,120.000,119,119,18.000,39.000,55.000,181,183,293,160,79,79,79,79,79,79,1,0,0,3,30,1,15.000,1
5.860000,259.38,15.000,8.990,191,203,120.000,120,120,18.000,39.000,55.000,182,184,295,160,79,79,79,79,79,79,1,0,0,3,30,1,15.000,1
5.865000,262.98,15.000,8.990,191,203,120.000,120,120,18.000,39.000,55.000,182,184,295,160,79,79,79,79,79,79,1,0,0,3,30,1,15.000,1
5.870000,266.58,15.000,8.990,191,203,120.000,120,120,18.000,39.000,55.000,182,184,295,160,79,79,79,79,79,79,1,0,0,3,30,1,15.000,1
5.875000,270.18,15.000,8.990,191,203,120.000,120,120,18.000,39.000,55.000,182,184,295,160,79,79,79,79,79,79,1,0,0,3,30,1,15.000,1
5.880000,273.78,15.000,8.990,191,202,120.000,120,120,18.000,39.000,55.000,182,183,294,160,79,79,79,79,79,79,1,0,0,3,30,1,15.000,1
5.885000,277.38,15.000,8.990,191,202,120.000,120,120,18.000,39.000,55.000,182,183,294,160,79,79,79,79,79,79,1,0,0,3,30,1,15.000,1
5.890000,280.98,15.000,8.990,191,202,120.000,120,120,18.000,39.000,55.000,182,183,294,160,79,79,79,79,79,79,1,0,0,3,30,1,15.000,1
5.895000,284.58,15.000,8.990,191,202,120.000,120,120,18.000,39.000,55.000,182,183,294,160,79,79,79,79,79,79,1,0,0,3,30,1,15.000,1
5.900000,288.18,15.000,8.990,191,202,120.000,120,120,18.000,39.000,55.000,182,183,294,160,79,79,79,79,79,79,1,0,0,3,30,1,15.000,1
5.905000,291.78,15.000,8.990,191,202,120.000,119,119,18.000,39.000,55.000,181,182,291,160,79,79,79,79,79,79,1,0,0,3,30,1,15.000,1
5.910000,295.38,15.000,8.990,191,201,120.000,119,119,18.000,39.000,55.000,181,181,289,160,78,78,78,78,78,78,1,0,0,3,30,1,15.000,1
5.915000,298.98,15.000,8.990,191,201,120.000,119,119,18.000,39.000,55.000,181,181,289,160,78,78,78,78,78,78,1,0,0,3,30,1,15.000,1
5.920000,302.58,15.000,8.990,191,201,120.000,119,119,18.000,39.000,55.000,181,181,289,160,78,78,78,78,78,78,1,0,0,3,30,1,15.000,1
5.925000,306.18,15.000,8.990,191,201,120.000,120,120,18.000,39.000,55.000,182,182,292,160,78,78,78,78,78,78,1,0,0,3,30,1,15.000,1
5.930000,309.78,15.000,8.990,191,201,120.000,120,120,18.000,39.000,55.000,182,182,292,160,78,78,78,78,78,78,1,0,0,3,30,1,15.000,1
5.935000,313.38,15.000,8.990,191,201,120.000,120,120,18.000,39.000,55.000,182,182,292,160,78,78,78,78,78,78,1,0,0,3,30,1,15.000,1
5.940000,316.98,15.000,8.990,191,201,120.000,120,120,18.000,39.000,55.000,182,182,292,160,78,78,78,78,78,78,1,0,0,3,30,1,15.000,1
5.945000,320.58,15.000,8.990,191,200,120.000,120,120,18.000,39.000,55.000,182,181,290,160,78,78,78,78,78,78,1,0,0,3,30,1,15.000,1
5.950000,324.18,15.000,8.990,191,200,120.000,120,120,18.000,39.000,55.000,182,181,290,160,78,78,78,78,78,78,1,0,0,3,30,1,15.000,1
5.955000,327.78,15.000,8.990,191,200,120.000,120,120,18.000,39.000,55.000,182,181,290,160,78,78,78,78,78,78,1,0,0,3,30,1,15.000,1
5.960000,331.38,15.000,8.990,191,200,120.000,120,120,18.000,39.000,55.000,182,181,290,160,78,78,78,78,78,78,1,0,0,3,30,1,15.000,1
5.965000,334.98,15.000,8.990,191,200,120.000,119,119,18.000,39.000,55.000,181,180,288,160,78,78,78,78,78,78,1,0,0,3,30,1,15.000,1
5.970000,338.58,15.000,8.990,191,200,120.000,119,119,18.000,39.000,55.000,181,180,288,160,78,78,78,78,78,78,1,0,0,3,30,1,15.000,1
5.975000,342.18,15.000,8.990,191,199,120.000,119,119,18.000,39.000,55.000,181,179,286,160,77,77,77,77,77,77,1,0,0,3,30,1,15.000,1
5.980000,345.78,15.000,8.990,191,199,120.000,119,119,18.000,39.000,55.000,181,179,286,160,77,77,77,77,77,77,1,0,0,3,30,1,15.000,1
5.985000,349.38,15.000,8.990,191,199,120.000,120,120,18.000,39.000,55.000,182,180,288,160,77,77,77,77,77,77,1,0,0,3,30,1,15.000,1
5.990000,352.98,15.000,8.990,191,199,120.000,120,120,18.000,39.000,55.000,182,180,288,160,77,77,77,77,77,77,1,0,0,3,30,1,15.000,1
5.995000,356.58,15.000,8.990,191,199,120.000,120,120,18.000,39.000,55.000,182,180,288,160,77,77,77,77,77,77,1,0,0,3,30,1,15.000,1
6.000000,0.18,15.000,8.990,191,199,120.000,120,120,18.000,39.000,55.000,182,180,288,160,77,77,77,77,77,77,1,0,0,3,30,1,15.000,1
6.005000,3.78,15.000,8.990,191,199,120.000,120,120,18.000,39.000,55.000,182,180,288,160,77,77,77,77,77,77,1,0,0,3,30,1,15.000,1
6.010000,7.38,15.000,8.990,191,199,120.000,120,120,18.000,39.000,55.000,182,180,288,160,77,77,77,77,77,77,1,0,0,3,30,1,15.000,1
6.015000,10.98,15.000,8.990,191,198,120.000,120,120,18.000,39.000,55.000,182,179,287,160,77,77,77,77,77,77,1,0,0,3,30,1,15.000,1
6.020000,14.58,15.000,8.990,191,198,120.000,120,120,18.000,39.000,55.000,182,179,287,160,77,77,77,77,77,77,1,0,0,3,30,1,15.000,1
6.025000,18.18,15.000,8.990,191,198,120.000,120,120,18.000,39.000,55.000,182,179,287,160,77,77,77,77,77,77,1,0,0,3,30,1,15.000,1
6.030000,21.78,15.000,8.990,191,198,120.000,119,119,18.000,39.000,55.000,181,178,284,160,77,77,77,77,77,77,1,0,0,3,30,1,15.000,1
6.035000,25.38,15.000,8.990,191,198,120.000,119,119,18.000,39.000,55.000,181,178,284,160,77,77,77,77,77,77,1,0,0,3,30,1,15.000,1
6.040000,28.98,15.000,8.990,191,198,120.000,119,119,18.000,39.000,55.000,181,178,284,160,77,77,77,77,77,77,1,0,0,3,30,1,15.000,1
6.045000,32.58,15.000,8.990,191,198,120.000,119,119,18.000,39.000,55.000,181,178,284,160,77,77,77,77,77,77,1,0,0,3,30,1,15.000,1
6.050000,36.18,15.000,8.990,191,198,120.000,120,120,18.000,39.000,55.000,182,179,287,160,77,77,77,77,77,77,1,0,0,3,30,1,15.000,1
6.055000,39.78,15.000,8.990,191,198,120.000,120,120,18.000,39.000,55.000,182,179,287,160,77,77,77,77,77,77,1,0,0,3,30,1,15.000,1
6.060000,43.38,15.000,8.990,191,198,120.000,120,120,18.000,39.000,55.000,182,179,287,160,77,77,77,77,77,77,1,0,0,3,30,1,15.000,1
6.065000,46.98,15.000,8.990,191,198,120.000,120,120,18.000,39.000,55.000,182,179,287,160,77,77,77,77,77,77,1,0,0,3,30,1,15.000,1
6.070000,50.58,15.000,8.990,191,198,120.000,120,120,18.000,39.000,55.000,182,179,287,160,77,77,77,77,77,77,1,0,0,3,30,1,15.000,1
6.075000,54.18,15.000,8.990,191,198,120.000,120,120,18.000,39.000,55.000,182,179,287,160,77,77,77,77,77,77,1,0,0,3,30,1,15.000,1
6.080000,57.78,15.000,8.990,191,197,120.000,120,120,18.000,39.000,55.000,182,178,285,160,76,76,76,76,76,76,1,0,0,3,30,1,15.000,1
6.085000,61.38,15.000,8.990,191,197,120.000,120,120,18.000,39.000,55.000,182,178,285,160,76,76,76,76,76,76,1,0,0,3,30,1,15.000,1
6.090000,64.98,15.000,8.990,191,197,120.000,119,119,18.000,39.000,55.000,181,176,282,160,76,76,76,76,76,76,1,0,0,3,30,1,15.000,1
6.095000,68.58,15.000,8.990,191,197,120.000,119,119,18.000,39.000,55.000,181,176,282,160,76,76,76,76,76,76,1,0,0,3,30,1,15.000,1
6.100000,72.18,15.000,8.990,191,197,120.000,119,119,18.000,39.000,55.000,181,176,282,160,76,76,76,76,76,76,1,0,0,3,30,1,15.000,1
6.105000,75.78,15.000,8.990,191,197,120.000,119,119,18.000,39.000,55.000,181,176,282,160,76,76,76,76,76,76,1,0,0,3,30,1,15.000,1
6.110000,79.38,15.000,8.990,191,197,120.000,120,120,18.000,39.000,55.000,182,178,285,160,76,76,76,76,76,76,1,0,0,3,30,1,15.000,1
6.115000,82.98,15.000,8.990,191,197,120.000,120,120,18.000,39.000,55.000,182,178,285,160,76,76,76,76,76,76,1,0,0,3,30,1,15.000,1
6.120000,86.58,15.000,8.990,191,197,120.000,120,120,18.000,39.000,55.000,182,178,285,160,76,76,76,76,76,76,1,0,0,3,30,1,15.000,1
6.125000,90.18,15.000,8.990,191,197,120.000,120,120,18.000,39.000,55.000,182,178,285,160,76,76,76,76,76,76,1,0,0,3,30,1,15.000,1
6.130000,93.78,15.000,8.990,191,197,120.000,120,120,18.000,39.000,55.000,182,178,285,160,76,76,76,76,76,76,1,0,0,3,30,1,15.000,1
6.135000,97.38,15.000,8.990,191,197,120.000,120,120,18.000,39.000,55.000,182,178,285,160,76,76,76,76,76,76,1,0,0,3,30,1,15.000,1
6.140000,100.98,15.000,8.990,191,197,120.000,120,120,18.000,39.000,55.000,182,178,285,160,76,76,76,76,76,76,1,0,0,3,30,1,15.000,1
6.145000,104.58,15.000,8.990,191,196,120.000,120,120,18.000,39.000,55.000,182,177,283,160,76,76,76,76,76,76,1,0,0,3,30,1,15.000,1
6.150000,108.18,15.000,8.990,191,196,120.000,120,120,18.000,39.000,55.000,182,177,283,160,76,76,76,76,76,76,1,0,0,3,30,1,15.000,1
6.155000,111.78,15.000,8.990,191,196,120.000,119,119,18.000,39.000,55.000,181,175,281,160,76,76,76,76,76,76,1,0,0,3,30,1,15.000,1
6.160000,115.38,15.000,8.990,191,196,120.000,119,119,18.000,39.000,55.000,181,175,281,160,76,76,76,76,76,76,1,0,0,3,30,1,15.000,1
6.165000,118.98,15.000,8.990,191,196,120.000,119,119,18.000,39.000,55.000,181,175,281,160,76,76,76,76,76,76,1,0,0,3,30,1,15.000,1
6.170000,122.58,15.000,8.990,191,196,120.000,119,119,18.000,39.000,55.000,181,175,281,160,76,76,76,76,76,76,1,0,0,3,30,1,15.000,1
6.175000,126.18,15.000,8.990,191,196,120.000,120,120,18.000,39.000,55.000,182,177,283,160,76,76,76,76,76,76,1,0,0,3,30,1,15.000,1
6.180000,129.78,15.000,8.990,191,196,120.000,120,120,18.000,39.000,55.000,182,177,283,160,76,76,76,76,76,76,1,0,0,3,30,1,15.000,1
6.185000,133.38,15.000,8.990,191,196,120.000,120,120,18.000,39.000,55.000,182,177,283,160,76,76,76,76,76,76,1,0,0,3,30,1,15.000,1
6.190000,136.98,15.000,8.990,191,196,120.000,120,120,18.000,39.000,55.000,182,177,283,160,76,76,76,76,76,76,1,0,0,3,30,1,15.000,1
6.195000,140.58,15.000,8.990,191,196,120.000,120,120,18.000,39.000,55.000,182,177,283,160,76,76,76,76,76,76,1,0,0,3,30,1,15.000,1
6.200000,144.18,15.000,8.990,191,196,120.000,120,120,18.000,39.000,55.000,182,177,283,160,76,76,76,76,76,76,1,0,0,3,30,1,15.000,1
6.205000,147.78,15.000,8.990,191,196,120.000,120,120,18.000,39.000,55.000,182,177,283,160,76,76,76,76,76,76,1,0,0,3,30,1,15.000,1
6.210000,151.38,15.000,8.990,191,195,120.000,120,120,18.000,39.000,55.000,182,176,281,160,76,76,76,76,76,76,1,0,0,3,30,1,15.000,1
6.215000,154.98,15.000,8.990,191,195,120.000,119,119,18.000,39.000,55.000,181,174,279,160,76,76,76,76,76,76,1,0,0,3,30,1,15.000,1
6.220000,158.58,15.000,8.990,191,195,120.000,119,119,18.000,39.000,55.000,181,174,279,160,76,76,76,76,76,76,1,0,0,3,30,1,15.000,1
6.225000,162.18,15.000,8.990,191,195,120.000,119,119,18.000,39.000,55.000,181,174,279,160,76,76,76,76,76,76,1,0,0,3,30,1,15.000,1
6.230000,165.78,15.000,8.990,191,195,120.000,119,119,18.000,39.000,55.000,181,174,279,160,76,76,76,76,76,76,1,0,0,3,30,1,15.000,1
6.235000,169.38,15.000,8.990,191,195,120.000,120,120,18.000,39.000,55.000,182,176,281,160,76,76,76,76,76,76,1,0,0,3,30,1,15.000,1
6.240000,172.98,15.000,8.990,191,195,120.000,120,120,18.000,39.000,55.000,182,176,281,160,76,76,76,76,76,76,1,0,0,3,30,1,15.000,1
6.245000,176.58,15.000,8.990,191,195,120.000,120,120,18.000,39.000,55.000,182,176,281,160,76,76,76,76,76,76,1,0,0,3,30,1,15.000,1
6.250000,180.18,15.000,8.990,191,195,120.000,120,120,18.000,39.000,55.000,182,176,281,160,76,76,76,76,76,76,1,0,0,3,30,1,15.000,1
6.255000,183.78,15.000,8.990,191,195,120.000,120,120,18.000,39.000,55.000,182,176,281,160,76,76,76,76,76,76,1,0,0,3,30,1,15.000,1
6.260000,187.38,15.000,8.990,191,195,120.000,120,120,18.000,39.000,55.000,182,176,281,160,76,76,76,76,76,76,1,0,0,3,30,1,15.000,1
6.265000,190.98,15.000,8.990,191,195,120.000,120,120,18.000,39.000,55.000,182,176,281,160,76,76,76,76,76,76,1,0,0,3,30,1,15.000,1
6.270000,194.58,15.000,8.990,191,195,120.000,120,120,18.000,39.000,55.000,182,176,281,160,76,76,76,76,76,76,1,0,0,3,30,1,15.000,1
6.275000,198.18,15.000,8.990,191,194,120.000,120,120,18.000,39.000,55.000,182,175,280,160,75,75,75,75,75,75,1,0,0,3,30,1,15.000,1
6.280000,201.78,15.000,8.990,191,194,120.000,119,119,18.000,39.000,55.000,181,173,277,160,75,75,75,75,75,75,1,0,0,3,30,1,15.000,1
6.285000,205.38,15.000,8.990,191,194,120.000,119,119,18.000,39.000,55.000,181,173,277,160,75,75,75,75,75,75,1,0,0,3,30,1,15.000,1
6.290000,208.98,15.000,8.990,191,194,120.000,119,119,18.000,39.000,55.000,181,173,277,160,75,75,75,75,75,75,1,0,0,3,30,1,15.000,1
6.295000,212.58,15.000,8.990,191,194,120.000,119,119,18.000,39.000,55.000,181,173,277,160,75,75,75,75,75,75,1,0,0,3,30,1,15.000,1
6.300000,216.18,15.000,8.990,191,194,120.000,120,120,18.000,39.000,55.000,182,175,280,160,75,75,75,75,75,75,1,0,0,3,30,1,15.000,1
6.305000,219.78,15.000,8.990,191,194,120.000,120,120,18.000,39.000,55.000,182,175,280,160,75,75,75,75,75,75,1,0,0,3,30,1,15.000,1
6.310000,223.38,15.000,8.990,191,194,120.000,120,120,18.000,39.000,55.000,182,175,280,160,75,75,75,75,75,75,1,0,0,3,30,1,15.000,1
6.315000,226.98,15.000,8.990,191,194,120.000,120,120,18.000,39.000,55.000,182,175,280,160,75,75,75,75,75,75,1,0,0,3,30,1,15.000,1
6.320000,230.58,15.000,8.990,191,194,120.000,120,120,18.000,39.000,55.000,182,175,280,160,75,75,75,75,75,75,1,0,0,3,30,1,15.000,1
6.325000,234.18,15.000,8.990,191,194,120.000,120,120,18.000,39.000,55.000,182,175,280,160,75,75,75,75,75,75,1,0,0,3,30,1,15.000,1
6.330000,237.78,15.000,8.990,191,194,120.000,120,120,18.000,39.000,55.000,182,175,280,160,75,75,75,75,75,75,1,0,0,3,30,1,15.000,1
6.335000,241.38,15.000,8.990,191,193,120.000,120,120,18.000,39.000,55.000,182,174,278,160,75,75,75,75,75,75,1,0,0,3,30,1,15.000,1
6.340000,244.98,15.000,8.990,191,193,120.000,119,119,18.000,39.000,55.000,181,172,276,160,75,75,75,75,75,75,1,0,0,3,30,1,15.000,1
6.345000,248.58,15.000,8.990,191,193,120.000,119,119,18.000,39.000,55.000,181,172,276,160,75,75,75,75,75,75,1,0,0,3,30,1,15.000,1
6.350000,252.18,15.000,8.990,191,193,120.000,119,119,18.000,39.000,55.000,181,172,276,160,75,75,75,75,75,75,1,0,0,3,30,1,15.000,1
6.355000,255.78,15.000,8.990,191,193,120.000,119,119,18.000,39.000,55.000,181,172,276,160,75,75,75,75,75,75,1,0,0,3,30,1,15.000,1
6.360000,259.38,15.000,8.990,191,193,120.000,120,120,18.000,39.000,55.000,182,174,278,160,75,75,75,75,75,75,1,0,0,3,30,1,15.000,1
6.365000,262.98,15.000,8.990,191,193,120.000,120,120,18.000,39.000,55.000,182,174,278,160,75,75,75,75,75,75,1,0,0,3,30,1,15.000,1
6.370000,266.58,15.000,8.990,191,193,120.000,120,120,18.000,39.000,55.000,182,174,278,160,75,75,75,75,75,75,1,0,0,3,30,1,15.000,1
6.375000,270.18,15.000,8.990,191,193,120.000,120,120,18.000,39.000,55.000,182,174,278,160,75,75,75,75,75,75,1,0,0,3,30,1,15.000,1
6.380000,273.78,15.000,8.990,191,193,120.000,120,120,18.000,39.000,55.000,182,174,278,160,75,75,75,75,75,75,1,0,0,3,30,1,15.000,1
6.385000,277.38,15.000,8.990,191,193,120.000,120,120,18.000,39.000,55.000,182,174,278,160,75,75,75,75,75,75,1,0,0,3,30,1,15.000,1
6.390000,280.98,15.000,8.990,191,193,120.000,120,120,18.000,39.000,55.000,182,174,278,160,75,75,75,75,75,75,1,0,0,3,30,1,15.000,1
6.395000,284.58,15.000,8.990,191,193,120.000,120,120,18.000,39.000,55.000,182,174,278,160,75,75,75,75,75,75,1,0,0,3,30,1,15.000,1
6.400000,288.18,15.000,8.990,191,192,120.000,120,120,18.000,39.000,55.000,182,172,276,160,74,74,74,74,74,74,1,0,0,3,30,1,15.000,1
6.405000,291.78,15.000,8.990,191,192,120.000,119,119,18.000,39.000,55.000,181,171,274,160,74,74,74,74,74,74,1,0,0,3,30,1,15.000,1
6.410000,295.38,15.000,8.990,191,192,120.000,119,119,18.000,39.000,55.000,181,171,274,160,74,74,74,74,74,74,1,0,0,3,30,1,15.000,1
6.415000,298.98,15.000,8.990,191,192,120.000,119,119,18.000,39.000,55.000,181,171,274,160,74,74,74,74,74,74,1,0,0,3,30,1,15.000,1
6.420000,302.58,15.000,8.990,191,192,120.000,119,119,18.000,39.000,55.000,181,171,274,160,74,74,74,74,74,74,1,0,0,3,30,1,15.000,1
6.425000,306.18,15.000,8.990,191,192,120.000,120,120,18.000,39.000,55.000,182,172,276,160,74,74,74,74,74,74,1,0,0,3,30,1,15.000,1
6.430000,309.78,15.000,8.990,191,192,120.000,120,120,18.000,39.000,55.000,182,172,276,160,74,74,74,74,74,74,1,0,0,3,30,1,15.000,1
6.435000,313.38,15.000,8.990,191,192,120.000,120,120,18.000,39.000,55.000,182,172,276,160,74,74,74,74,74,74,1,0,0,3,30,1,15.000,1
6.440000,316.98,15.000,8.990,191,192,120.000,120,120,18.000,39.000,55.000,182,172,276,160,74,74,74,74,74,74,1,0,0,3,30,1,15.000,1
6.445000,320.58,15.000,8.990,191,192,120.000,120,120,18.000,39.000,55.000,182,172,276,160,74,74,74,74,74,74,1,0,0,3,30,1,15.000,1
6.450000,324.18,15.000,8.990,191,192,120.000,120,120,18.000,39.000,55.000,182,172,276,160,74,74,74,74,74,74,1,0,0,3,30,1,15.000,1
6.455000,327.78,15.000,8.990,191,192,120.000,120,120,18.000,39.000,55.000,182,172,276,160,74,74,74,74,74,74,1,0,0,3,30,1,15.000,1
6.460000,331.38,15.000,8.990,191,192,120.000,120,120,18.000,39.000,55.000,182,172,276,160,74,74,74,74,74,74,1,0,0,3,30,1,15.000,1
6.465000,334.98,15.000,8.990,191,191,120.000,119,119,18.000,39.000,55.000,181,170,272,160,74,74,74,74,74,74,1,0,0,3,30,1,15.000,1
6.470000,338.58,15.000,8.990,191,191,120.000,119,119,18.000,39.000,55.000,181,170,272,160,74,74,74,74,74,74,1,0,0,3,30,1,15.000,1
6.475000,342.18,15.000,8.990,191,191,120.000,119,119,18.000,39.000,55.000,181,170,272,160,74,74,74,74,74,74,1,0,0,3,30,1,15.000,1
6.480000,345.78,15.000,8.990,191,191,120.000,119,119,18.000,39.000,55.000,181,170,272,160,74,74,74,74,74,74,1,0,0,3,30,1,15.000,1
6.485000,349.38,15.000,8.990,191,191,120.000,120,120,18.000,39.000,55.000,182,171,274,160,74,74,74,74,74,74,1,0,0,3,30,1,15.000,1
6.490000,352.98,15.000,8.990,191,191,120.000,120,120,18.000,39.000,55.000,182,171,274,160,74,74,74,74,74,74,1,0,0,3,30,1,15.000,1
6.495000,356.58,15.000,8.990,191,191,120.000,120,120,18.000,39.000,55.000,182,171,274,160,74,74,74,74,74,74,1,0,0,3,30,1,15.000,1
6.500000,0.18,15.000,8.990,191,191,120.000,120,120,18.000,39.000,55.000,182,171,274,160,74,74,74,74,74,74,1,0,0,3,30,1,15.000,1
6.505000,3.78,15.000,8.990,191,191,120.000,120,120,18.000,39.000,55.000,182,171,274,160,74,74,74,74,74,74,1,0,0,3,30,1,15.000,1
6.510000,7.38,15.000,8.990,191,191,120.000,120,120,18.000,39.000,55.000,182,171,274,160,74,74,74,74,74,74,1,0,0,3,30,1,15.000,1
6.515000,10.98,15.000,8.990,191,191,120.000,120,120,18.000,39.000,55.000,182,171,274,160,74,74,74,74,74,74,1,0,0,3,30,1,15.000,1
6.520000,14.58,15.000,8.990,191,191,120.000,120,120,18.000,39.000,55.000,182,171,274,160,74,74,74,74,74,74,1,0,0,3,30,1,15.000,1
6.525000,18.18,15.000,8.990,191,191,120.000,120,120,18.000,39.000,55.000,182,171,274,160,74,74,74,74,74,74,1,0,0,3,30,1,15.000,1
6.530000,21.78,15.000,8.990,191,191,120.000,119,119,18.000,39.000,55.000,181,170,272,160,74,74,74,74,74,74,1,0,0,3,30,1,15.000,1
6.535000,25.38,15.000,8.990,191,191,120.000,119,119,18.000,39.000,55.000,181,170,272,160,74,74,74,74,74,74,1,0,0,3,30,1,15.000,1
6.540000,28.98,15.000,8.990,191,191,120.000,119,119,18.000,39.000,55.000,181,170,272,160,74,74,74,74,74,74,1,0,0,3,30,1,15.000,1
6.545000,32.58,15.000,8.990,191,191,120.000,119,119,18.000,39.000,55.000,181,170,272,160,74,74,74,74,74,74,1,0,0,3,30,1,15.000,1
6.550000,36.18,15.000,8.990,191,191,120.000,120,120,18.000,39.000,55.000,182,171,274,160,74,74,74,74,74,74,1,0,0,3,30,1,15.000,1
6.555000,39.78,15.000,8.990,191,191,120.000,120,120,18.000,39.000,55.000,182,171,274,160,74,74,74,74,74,74,1,0,0,3,30,1,15.000,1
6.560000,43.38,15.000,8.990,191,191,120.000,120,120,18.000,39.000,55.000,182,171,274,160,74,74,74,74,74,74,1,0,0,3,30,1,15.000,1
6.565000,46.98,15.000,8.990,191,191,120.000,120,120,18.000,39.000,55.000,182,171,274,160,74,74,74,74,74,74,1,0,0,3,30,1,15.000,1
6.570000,50.58,15.000,8.990,191,191,120.000,120,120,18.000,39.000,55.000,182,171,274,160,74,74,74,74,74,74,1,0,0,3,30,1,15.000,1
6.575000,54.18,15.000,8.990,191,191,120.000,120,120,18.000,39.000,55.000,182,171,274,160,74,74,74,74,74,74,1,0,0,3,30,1,15.000,1
6.580000,57.78,15.000,8.990,191,191,120.000,120,120,18.000,39.000,55.000,182,171,274,160,74,74,74,74,74,74,1,0,0,3,30,1,15.000,1
6.585000,61.38,15.000,8.990,191,191,120.000,120,120,18.000,39.000,55.000,182,171,274,160,74,74,74,74,74,74,1,0,0,3,30,1,15.000,1
6.590000,64.98,15.000,8.990,191,191,120.000,119,119,18.000,39.000,55.000,181,170,272,160,74,74,74,74,74,74,1,0,0,3,30,1,15.000,1
6.595000,68.58,15.000,8.990,191,191,120.000,119,119,18.000,39.000,55.000,181,170,272,160,74,74,74,74,74,74,1,0,0,3,30,1,15.000,1
6.600000,72.18,15.000,8.990,191,191,120.000,119,119,18.000,39.000,55.000,181,170,272,160,74,74,74,74,74,74,1,0,0,3,30,1,15.000,1
6.605000,75.78,15.000,8.990,191,191,120.000,119,119,18.000,39.000,55.000,181,170,272,160,74,74,74,74,74,74,1,0,0,3,30,1,15.000,1
6.610000,79.38,15.000,8.990,191,191,120.000,120,120,18.000,39.000,55.000,182,171,274,160,74,74,74,74,74,74,1,0,0,3,30,1,15.000,1
6.615000,82.98,15.000,8.990,191,191,120.000,120,120,18.000,39.000,55.000,182,171,274,160,74,74,74,74,74,74,1,0,0,3,30,1,15.000,1
6.620000,86.58,15.000,8.990,191,191,120.000,120,120,18.000,39.000,55.000,182,171,274,160,74,74,74,74,74,74,1,0,0,3,30,1,15.000,1
6.625000,90.18,15.000,8.990,191,191,120.000,120,120,18.000,39.000,55.000,182,171,274,160,74,74,74,74,74,74,1,0,0,3,30,1,15.000,1
6.630000,93.78,15.000,8.990,191,191,120.000,120,120,18.000,39.000,55.000,182,171,274,160,74,74,74,74,74,74,1,0,0,3,30,1,15.000,1
6.635000,97.38,15.000,8.990,191,191,120.000,120,120,18.000,39.000,55.000,182,171,274,160,74,74,74,74,74,74,1,0,0,3,30,1,15.000,1
6.640000,100.98,15.000,8.990,191,191,120.000,120,120,18.000,39.000,55.000,182,171,274,160,74,74,74,74,74,74,1,0,0,3,30,1,15.000,1
6.645000,104.58,15.000,8.990,191,191,120.000,120,120,18.000,39.000,55.000,182,171,274,160,74,74,74,74,74,74,1,0,0,3,30,1,15.000,1
6.650000,108.18,15.000,8.990,191,191,120.000,120,120,18.000,39.000,55.000,182,171,274,160,74,74,74,74,74,74,1,0,0,3,30,1,15.000,1
6.655000,111.78,15.000,8.990,191,191,120.000,119,119,18.000,39.000,55.000,181,170,272,160,74,74,74,74,74,74,1,0,0,3,30,1,15.000,1
6.660000,115.38,15.000,8.990,191,191,120.000,119,119,18.000,39.000,55.000,181,170,272,160,74,74,74,74,74,74,1,0,0,3,30,1,15.000,1
6.665000,118.98,15.000,8.990,191,191,120.000,119,119,18.000,39.000,55.000,181,170,272,160,74,74,74,74,74,74,1,0,0,3,30,1,15.000,1
6.670000,122.58,15.000,8.990,191,191,120.000,119,119,18.000,39.000,55.000,181,170,272,160,74,74,74,74,74,74,1,0,0,3,30,1,15.000,1
6.675000,126.18,15.000,8.990,191,191,120.000,120,120,18.000,39.000,55.000,182,171,274,160,74,74,74,74,74,74,1,0,0,3,30,1,15.000,1
6.680000,129.78,15.000,8.990,191,191,120.000,120,120,18.000,39.000,55.000,182,171,274,160,74,74,74,74,74,74,1,0,0,3,30,1,15.000,1
6.685000,133.38,15.000,8.990,191,191,120.000,120,120,18.000,39.000,55.000,182,171,274,160,74,74,74,74,74,74,1,0,0,3,30,1,15.000,1
6.690000,136.98,15.000,8.990,191,191,120.000,120,120,18.000,39.000,55.000,182,171,274,160,74,74,74,74,74,74,1,0,0,3,30,1,15.000,1
6.695000,140.58,15.000,8.990,191,191,120.000,120,120,18.000,39.000,55.000,182,171,274,160,74,74,74,74,74,74,1,0,0,3,30,1,15.000,1
6.700000,144.18,15.000,8.990,191,191,120.000,120,120,18.000,39.000,55.000,182,171,274,160,74,74,74,74,74,74,1,0,0,3,30,1,15.000,1
6.705000,147.78,15.000,8.990,191,191,120.000,120,120,18.000,39.000,55.000,182,171,274,160,74,74,74,74,74,74,1,0,0,3,30,1,15.000,1
6.710000,151.38,15.000,8.990,191,191,120.000,120,120,18.000,39.000,55.000,182,171,274,160,74,74,74,74,74,74,1,0,0,3,30,1,15.000,1
6.715000,154.98,15.000,8.990,191,191,120.000,119,119,18.000,39.000,55.000,181,170,272,160,74,74,74,74,74,74,1,0,0,3,30,1,15.000,1
6.720000,158.58,15.000,8.990,191,191,120.000,119,119,18.000,39.000,55.000,181,170,272,160,74,74,74,74,74,74,1,0,0,3,30,1,15.000,1
6.725000,162.18,15.000,8.990,191,191,120.000,119,119,18.000,39.000,55.000,181,170,272,160,74,74,74,74,74,74,1,0,0,3,30,1,15.000,1
6.730000,165.78,15.000,8.990,191,191,120.000,119,119,18.000,39.000,55.000,181,170,272,160,74,74,74,74,74,74,1,0,0,3,30,1,15.000,1
6.735000,169.38,15.000,8.990,191,191,120.000,120,120,18.000,39.000,55.000,182,171,274,160,74,74,74,74,74,74,1,0,0,3,30,1,15.000,1
6.740000,172.98,15.000,8.990,191,191,120.000,120,120,18.000,39.000,55.000,182,171,274,160,74,74,74,74,74,74,1,0,0,3,30,1,15.000,1
6.745000,176.58,15.000,8.990,191,191,120.000,120,120,18.000,39.000,55.000,182,171,274,160,74,74,74,74,74,74,1,0,0,3,30,1,15.000,1
6.750000,180.18,15.000,8.990,191,191,120.000,120,120,18.000,39.000,55.000,182,171,274,160,74,74,74,74,74,74,1,0,0,3,30,1,15.000,1
6.755000,183.78,15.000,8.990,191,191,120.000,120,120,18.000,39.000,55.000,182,171,274,160,74,74,74,74,74,74,1,0,0,3,30,1,15.000,1
6.760000,187.38,15.000,8.990,191,191,120.000,120,120,18.000,39.000,55.000,182,171,274,160,74,74,74,74,74,74,1,0,0,3,30,1,15.000,1
6.765000,190.98,15.000,8.990,191,191,120.000,120,120,18.000,39.000,55.000,182,171,274,160,74,74,74,74,74,74,1,0,0,3,30,1,15.000,1
6.770000,194.58,15.000,8.990,191,191,120.000,120,120,18.000,39.000,55.000,182,171,274,160,74,74,74,74,74,74,1,0,0,3,30,1,15.000,1
6.775000,198.18,15.000,8.990,191,191,120.000,120,120,18.000,39.000,55.000,182,171,274,160,74,74,74,74,74,74,1,0,0,3,30,1,15.000,1
6.780000,201.78,15.000,8.990,191,191,120.000,119,119,18.000,39.000,55.000,181,170,272,160,74,74,74,74,74,74,1,0,0,3,30,1,15.000,1
6.785000,205.38,15.000,8.990,191,191,120.000,119,119,18.000,39.000,55.000,181,170,272,160,74,74,74,74,74,74,1,0,0,3,30,1,15.000,1
6.790000,208.98,15.000,8.990,191,191,120.000,119,119,18.000,39.000,55.000,181,170,272,160,74,74,74,74,74,74,1,0,0,3,30,1,15.000,1
6.795000,212.58,15.000,8.990,191,191,120.000,119,119,18.000,39.000,55.000,181,170,272,160,74,74,74,74,74,74,1,0,0,3,30,1,15.000,1
6.800000,216.18,15.000,8.990,191,191,120.000,120,120,18.000,39.000,55.000,182,171,274,160,74,74,74,74,74,74,1,0,0,3,30,1,15.000,1
6.805000,219.78,15.000,8.990,191,191,120.000,120,120,18.000,39.000,55.000,182,171,274,160,74,74,74,74,74,74,1,0,0,3,30,1,15.000,1
6.810000,223.38,15.000,8.990,191,191,120.000,120,120,18.000,39.000,55.000,182,171,274,160,74,74,74,74,74,74,1,0,0,3,30,1,15.000,1
6.815000,226.98,15.000,8.990,191,191,120.000,120,120,18.000,39.000,55.000,182,171,274,160,74,74,74,74,74,74,1,0,0,3,30,1,15.000,1
6.820000,230.58,15.000,8.990,191,191,120.000,120,120,18.000,39.000,55.000,182,171,274,160,74,74,74,74,74,74,1,0,0,3,30,1,15.000,1
6.825000,234.18,15.000,8.990,191,191,120.000,120,120,18.000,39.000,55.000,182,171,274,160,74,74,74,74,74,74,1,0,0,3,30,1,15.000,1
6.830000,237.78,15.000,8.990,191,191,120.000,120,120,18.000,39.000,55.000,182,171,274,160,74,74,74,74,74,74,1,0,0,3,30,1,15.000,1
6.835000,241.38,15.000,8.990,191,191,120.000,120,120,18.000,39.000,55.000,182,171,274,160,74,74,74,74,74,74,1,0,0,3,30,1,15.000,1
6.840000,244.98,15.000,8.990,191,191,120.000,119,119,18.000,39.000,55.000,181,170,272,160,74,74,74,74,74,74,1,0,0,3,30,1,15.000,1
6.845000,248.58,15.000,8.990,191,191,120.000,119,119,18.000,39.000,55.000,181,170,272,160,74,74,74,74,74,74,1,0,0,3,30,1,15.000,1
6.850000,252.18,15.000,8.990,191,191,120.000,119,119,18.000,39.000,55.000,181,170,272,160,74,74,74,74,74,74,1,0,0,3,30,1,15.000,1
6.855000,255.78,15.000,8.990,191,191,120.000,119,119,18.000,39.000,55.000,181,170,272,160,74,74,74,74,74,74,1,0,0,3,30,1,15.000,1
6.860000,259.38,15.000,8.990,191,191,120.000,120,120,18.000,39.000,55.000,182,171,274,160,74,74,74,74,74,74,1,0,0,3,30,1,15.000,1
6.865000,262.98,15.000,8.990,191,191,120.000,120,120,18.000,39.000,55.000,182,171,274,160,74,74,74,74,74,74,1,0,0,3,30,1,15.000,1
6.870000,266.58,15.000,8.990,191,191,120.000,120,120,18.000,39.000,55.000,182,171,274,160,74,74,74,74,74,74,1,0,0,3,30,1,15.000,1
6.875000,270.18,15.000,8.990,191,191,120.000,120,120,18.000,39.000,55.000,182,171,274,160,74,74,74,74,74,74,1,0,0,3,30,1,15.000,1
6.880000,273.78,15.000,8.990,191,191,120.000,120,120,18.000,39.000,55.000,182,171,274,160,74,74,74,74,74,74,1,0,0,3,30,1,15.000,1
6.885000,277.38,15.000,8.990,191,191,120.000,120,120,18.000,39.000,55.000,182,171,274,160,74,74,74,74,74,74,1,0,0,3,30,1,15.000,1
6.890000,280.98,15.000,8.990,191,191,120.000,120,120,18.000,39.000,55.000,182,171,274,160,74,74,74,74,74,74,1,0,0,3,30,1,15.000,1
6.895000,284.58,15.000,8.990,191,191,120.000,120,120,18.000,39.000,55.000,182,171,274,160,74,74,74,74,74,74,1,0,0,3,30,1,15.000,1
6.900000,288.18,15.000,8.990,191,191,120.000,120,120,18.000,39.000,55.000,182,171,274,160,74,74,74,74,74,74,1,0,0,3,30,1,15.000,1
6.905000,291.78,15.000,8.990,191,191,120.000,119,119,18.000,39.000,55.000,181,170,272,160,74,74,74,74,74,74,1,0,0,3,30,1,15.000,1
6.910000,295.38,15.000,8.990,191,191,120.000,119,119,18.000,39.000,55.000,181,170,272,160,74,74,74,74,74,74,1,0,0,3,30,1,15.000,1
6.915000,298.98,15.000,8.990,191,191,120.000,119,119,18.000,39.000,55.000,181,170,272,160,74,74,74,74,74,74,1,0,0,3,30,1,15.000,1
6.920000,302.58,15.000,8.990,191,191,120.000,119,119,18.000,39.000,55.000,181,170,272,160,74,74,74,74,74,74,1,0,0,3,30,1,15.000,1
6.925000,306.18,15.000,8.990,191,191,120.000,120,120,18.000,39.000,55.000,182,171,274,160,74,74,74,74,74,74,1,0,0,3,30,1,15.000,1
6.930000,309.78,15.000,8.990,191,191,120.000,120,120,18.000,39.000,55.000,182,171,274,160,74,74,74,74,74,74,1,0,0,3,30,1,15.000,1
6.935000,313.38,15.000,8.990,191,191,120.000,120,120,18.000,39.000,55.000,182,171,274,160,74,74,74,74,74,74,1,0,0,3,30,1,15.000,1
6.940000,316.98,15.000,8.990,191,191,120.000,120,120,18.000,39.000,55.000,182,171,274,160,74,74,74,74,74,74,1,0,0,3,30,1,15.000,1
6.945000,320.58,15.000,8.990,191,191,120.000,120,120,18.000,39.000,55.000,182,171,274,160,74,74,74,74,74,74,1,0,0,3,30,1,15.000,1
6.950000,324.18,15.000,8.990,191,191,120.000,120,120,18.000,39.000,55.000,182,171,274,160,74,74,74,74,74,74,1,0,0,3,30,1,15.000,1
6.955000,327.78,15.000,8.990,191,191,120.000,120,120,18.000,39.000,55.000,182,171,274,160,74,74,74,74,74,74,1,0,0,3,30,1,15.000,1
6.960000,331.38,15.000,8.990,191,191,120.000,120,120,18.000,39.000,55.000,182,171,274,160,74,74,74,74,74,74,1,0,0,3,30,1,15.000,1
6.965000,334.98,15.000,8.990,191,191,120.000,119,119,18.000,39.000,55.000,181,170,272,160,74,74,74,74,74,74,1,0,0,3,30,1,15.000,1
6.970000,338.58,15.000,8.990,191,191,120.000,119,119,18.000,39.000,55.000,181,170,272,160,74,74,74,74,74,74,1,0,0,3,30,1,15.000,1
6.975000,342.18,15.000,8.990,191,191,120.000,119,119,18.000,39.000,55.000,181,170,272,160,74,74,74,74,74,74,1,0,0,3,30,1,15.000,1
6.980000,345.78,15.000,8.990,191,191,120.000,119,119,18.000,39.000,55.000,181,170,272,160,74,74,74,74,74,74,1,0,0,3,30,1,15.000,1
6.985000,349.38,15.000,8.990,191,191,120.000,120,120,18.000,39.000,55.000,182,171,274,160,74,74,74,74,74,74,1,0,0,3,30,1,15.000,1
6.990000,352.98,15.000,8.990,191,191,120.000,120,120,18.000,39.000,55.000,182,171,274,160,74,74,74,74,74,74,1,0,0,3,30,1,15.000,1
6.995000,356.58,15.000,8.990,191,191,120.000,120,120,18.000,39.000,55.000,182,171,274,160,74,74,74,74,74,74,1,0,0,3,30,1,15.000,1
7.000000,0.18,15.000,8.990,191,191,120.000,120,120,18.000,39.000,55.000,182,171,274,160,74,74,74,74,74,74,1,0,0,3,30,1,15.000,1
7.005000,3.78,15.000,8.990,191,191,120.000,120,120,18.000,39.000,55.000,182,171,274,160,74,74,74,74,74,74,1,0,0,3,30,1,15.000,1
7.010000,7.38,15.000,8.990,191,191,120.000,120,120,18.000,39.000,55.000,182,171,274,160,74,74,74,74,74,74,1,0,0,3,30,1,15.000,1
7.015000,10.98,15.000,8.990,191,191,120.000,120,120,18.000,39.000,55.000,182,171,274,160,74,74,74,74,74,74,1,0,0,3,30,1,15.000,1
7.020000,14.58,15.000,8.990,191,191,120.000,120,120,18.000,39.000,55.000,182,171,274,160,74,74,74,74,74,74,1,0,0,3,30,1,15.000,1
7.025000,18.18,15.000,8.990,191,191,120.000,120,120,18.000,39.000,55.000,182,171,274,160,74,74,74,74,74,74,1,0,0,3,30,1,15.000,1
7.030000,21.78,15.000,8.990,191,191,120.000,119,119,18.000,39.000,55.000,181,170,272,160,74,74,74,74,74,74,1,0,0,3,30,1,15.000,1
7.035000,25.38,15.000,8.990,191,191,120.000,119,119,18.000,39.000,55.000,181,170,272,160,74,74,74,74,74,74,1,0,0,3,30,1,15.000,1
7.040000,28.98,15.000,8.990,191,191,120.000,119,119,18.000,39.000,55.000,181,170,272,160,74,74,74,74,74,74,1,0,0,3,30,1,15.000,1
7.045000,32.58,15.000,8.990,191,191,120.000,119,119,18.000,39.000,55.000,181,170,272,160,74,74,74,74,74,74,1,0,0,3,30,1,15.000,1
7.050000,36.18,15.000,8.990,191,191,120.000,120,120,18.000,39.000,55.000,182,171,274,160,74,74,74,74,74,74,1,0,0,3,30,1,15.000,1
7.055000,39.78,15.000,8.990,191,191,120.000,120,120,18.000,39.000,55.000,182,171,274,160,74,74,74,74,74,74,1,0,0,3,30,1,15.000,1
7.060000,43.38,15.000,8.990,191,191,120.000,120,120,18.000,39.000,55.000,182,171,274,160,74,74,74,74,74,74,1,0,0,3,30,1,15.000,1
7.065000,46.98,15.000,8.990,191,191,120.000,120,120,18.000,39.000,55.000,182,171,274,160,74,74,74,74,74,74,1,0,0,3,30,1,15.000,1
7.070000,50.58,15.000,8.990,191,191,120.000,120,120,18.000,39.000,55.000,182,171,274,160,74,74,74,74,74,74,1,0,0,3,30,1,15.000,1
7.075000,54.18,15.000,8.990,191,191,120.000,120,120,18.000,39.000,55.000,182,171,274,160,74,74,74,74,74,74,1,0,0,3,30,1,15.000,1
7.080000,57.78,15.000,8.990,191,191,120.000,120,120,18.000,39.000,55.000,182,171,274,160,74,74,74,74,74,74,1,0,0,3,30,1,15.000,1
7.085000,61.38,15.000,8.990,191,191,120.000,120,120,18.000,39.000,55.000,182,171,274,160,74,74,74,74,74,74,1,0,0,3,30,1,15.000,1
7.090000,64.98,15.000,8.990,191,191,120.000,119,119,18.000,39.000,55.000,181,170,272,160,74,74,74,74,74,74,1,0,0,3,30,1,15.000,1
7.095000,68.58,15.000,8.990,191,191,120.000,119,119,18.000,39.000,55.000,181,170,272,160,74,74,74,74,74,74,1,0,0,3,30,1,15.000,1
7.100000,72.18,15.000,8.990,191,191,120.000,119,119,18.000,39.000,55.000,181,170,272,160,74,74,74,74,74,74,1,0,0,3,30,1,15.000,1
7.105000,75.78,15.000,8.990,191,191,120.000,119,119,18.000,39.000,55.000,181,170,272,160,74,74,74,74,74,74,1,0,0,3,30,1,15.000,1
7.110000,79.38,15.000,8.990,191,191,120.000,120,120,18.000,39.000,55.000,182,171,274,160,74,74,74,74,74,74,1,0,0,3,30,1,15.000,1
7.115000,82.98,15.000,8.990,191,191,120.000,120,120,18.000,39.000,55.000,182,171,274,160,74,74,74,74,74,74,1,0,0,3,30,1,15.000,1
7.120000,86.58,15.000,8.990,191,191,120.000,120,120,18.000,39.000,55.000,182,171,274,160,74,74,74,74,74,74,1,0,0,3,30,1,15.000,1
7.125000,90.18,15.000,8.990,191,191,120.000,120,120,18.000,39.000,55.000,182,171,274,160,74,74,74,74,74,74,1,0,0,3,30,1,15.000,1
7.130000,93.78,15.000,8.990,191,191,120.000,120,120,18.000,39.000,55.000,182,171,274,160,74,74,74,74,74,74,1,0,0,3,30,1,15.000,1
7.135000,97.38,15.000,8.990,191,191,120.000,120,120,18.000,39.000,55.000,182,171,274,160,74,74,74,74,74,74,1,0,0,3,30,1,15.000,1
7.140000,100.98,15.000,8.990,191,191,120.000,120,120,18.000,39.000,55.000,182,171,274,160,74,74,74,74,74,74,1,0,0,3,30,1,15.000,1
7.145000,104.58,15.000,8.990,191,191,120.000,120,120,18.000,39.000,55.000,182,171,274,160,74,74,74,74,74,74,1,0,0,3,30,1,15.000,1
7.150000,108.18,15.000,8.990,191,191,120.000,120,120,18.000,39.000,55.000,182,171,274,160,74,74,74,74,74,74,1,0,0,3,30,1,15.000,1
7.155000,111.78,15.000,8.990,191,191,120.000,119,119,18.000,39.000,55.000,181,170,272,160,74,74,74,74,74,74,1,0,0,3,30,1,15.000,1
7.160000,115.38,15.000,8.990,191,191,120.000,119,119,18.000,39.000,55.000,181,170,272,160,74,74,74,74,74,74,1,0,0,3,30,1,15.000,1
7.165000,118.98,15.000,8.990,191,191,120.000,119,119,18.000,39.000,55.000,181,170,272,160,74,74,74,74,74,74,1,0,0,3,30,1,15.000,1
7.170000,122.58,15.000,8.990,191,191,120.000,119,119,18.000,39.000,55.000,181,170,272,160,74,74,74,74,74,74,1,0,0,3,30,1,15.000,1
7.175000,126.18,15.000,8.990,191,191,120.000,120,120,18.000,39.000,55.000,182,171,274,160,74,74,74,74,74,74,1,0,0,3,30,1,15.000,1
7.180000,129.78,15.000,8.990,191,191,120.000,120,120,18.000,39.000,55.000,182,171,274,160,74,74,74,74,74,74,1,0,0,3,30,1,15.000,1
7.185000,133.38,15.000,8.990,191,191,120.000,120,120,18.000,39.000,55.000,182,171,274,160,74,74,74,74,74,74,1,0,0,3,30,1,15.000,1
7.190000,136.98,15.000,8.990,191,191,120.000,120,120,18.000,39.000,55.000,182,171,274,160,74,74,74,74,74,74,1,0,0,3,30,1,15.000,1
7.195000,140.58,15.000,8.990,191,191,120.000,120,120,18.000,39.000,55.000,182,171,274,160,74,74,74,74,74,74,1,0,0,3,30,1,15.000,1
7.200000,144.18,15.000,8.990,191,191,120.000,120,120,18.000,39.000,55.000,182,171,274,160,74,74,74,74,74,74,1,0,0,3,30,1,15.000,1
7.205000,147.78,15.000,8.990,191,191,120.000,120,120,18.000,39.000,55.000,182,171,274,160,74,74,74,74,74,74,1,0,0,3,30,1,15.000,1
7.210000,151.38,15.000,8.990,191,191,120.000,120,120,18.000,39.000,55.000,182,171,274,160,74,74,74,74,74,74,1,0,0,3,30,1,15.000,1
7.215000,154.98,15.000,8.990,191,191,120.000,119,119,18.000,39.000,55.000,181,170,272,160,74,74,74,74,74,74,1,0,0,3,30,1,15.000,1
7.220000,158.58,15.000,8.990,191,191,120.000,119,119,18.000,39.000,55.000,181,170,272,160,74,74,74,74,74,74,1,0,0,3,30,1,15.000,1
7.225000,162.18,15.000,8.990,191,191,120.000,119,119,18.000,39.000,55.000,181,170,272,160,74,74,74,74,74,74,1,0,0,3,30,1,15.000,1
7.230000,165.78,15.000,8.990,191,191,120.000,119,119,18.000,39.000,55.000,181,170,272,160,74,74,74,74,74,74,1,0,0,3,30,1,15.000,1
7.235000,169.38,15.000,8.990,191,191,120.000,120,120,18.000,39.000,55.000,182,171,274,160,74,74,74,74,74,74,1,0,0,3,30,1,15.000,1
7.240000,172.98,15.000,8.990,191,191,120.000,120,120,18.000,39.000,55.000,182,171,274,160,74,74,74,74,74,74,1,0,0,3,30,1,15.000,1
7.245000,176.58,15.000,8.990,191,191,120.000,120,120,18.000,39.000,55.000,182,171,274,160,74,74,74,74,74,74,1,0,0,3,30,1,15.000,1
7.250000,180.18,15.000,8.990,191,191,120.000,120,120,18.000,39.000,55.000,182,171,274,160,74,74,74,74,74,74,1,0,0,3,30,1,15.000,1
7.255000,183.78,15.000,8.990,191,191,120.000,120,120,18.000,39.000,55.000,182,171,274,160,74,74,74,74,74,74,1,0,0,3,30,1,15.000,1
7.260000,187.38,15.000,8.990,191,191,120.000,120,120,18.000,39.000,55.000,182,171,274,160,74,74,74,74,74,74,1,0,0,3,30,1,15.000,1
7.265000,190.98,15.000,8.990,191,191,120.000,120,120,18.000,39.000,55.000,182,171,274,160,74,74,74,74,74,74,1,0,0,3,30,1,15.000,1
7.270000,194.58,15.000,8.990,191,191,120.000,120,120,18.000,39.000,55.000,182,171,274,160,74,74,74,74,74,74,1,0,0,3,30,1,15.000,1
7.275000,198.18,15.000,8.990,191,191,120.000,120,120,18.000,39.000,55.000,182,171,274,160,74,74,74,74,74,74,1,0,0,3,30,1,15.000,1
7.280000,201.78,15.000,8.990,191,191,120.000,119,119,18.000,39.000,55.000,181,170,272,160,74,74,74,74,74,74,1,0,0,3,30,1,15.000,1
7.285000,205.38,15.000,8.990,191,191,120.000,119,119,18.000,39.000,55.000,181,170,272,160,74,74,74,74,74,74,1,0,0,3,30,1,15.000,1
7.290000,208.98,15.000,8.990,191,191,120.000,119,119,18.000,39.000,55.000,181,170,272,160,74,74,74,74,74,74,1,0,0,3,30,1,15.000,1
7.295000,212.58,15.000,8.990,191,191,120.000,119,119,18.000,39.000,55.000,181,170,272,160,74,74,74,74,74,74,1,0,0,3,30,1,15.000,1
7.300000,216.18,15.000,8.990,191,191,120.000,120,120,18.000,39.000,55.000,182,171,274,160,74,74,74,74,74,74,1,0,0,3,30,1,15.000,1
7.305000,219.78,15.000,8.990,191,191,120.000,120,120,18.000,39.000,55.000,182,171,274,160,74,74,74,74,74,74,1,0,0,3,30,1,15.000,1
7.310000,223.38,15.000,8.990,191,191,120.000,120,120,18.000,39.000,55.000,182,171,274,160,74,74,74,74,74,74,1,0,0,3,30,1,15.000,1
7.315000,226.98,15.000,8.990,191,191,120.000,120,120,18.000,39.000,55.000,182,171,274,160,74,74,74,74,74,74,1,0,0,3,30,1,15.000,1
7.320000,230.58,15.000,8.990,191,191,120.000,120,120,18.000,39.000,55.000,182,171,274,160,74,74,74,74,74,74,1,0,0,3,30,1,15.000,1
7.325000,234.18,15.000,8.990,191,191,120.000,120,120,18.000,39.000,55.000,182,171,274,160,74,74,74,74,74,74,1,0,0,3,30,1,15.000,1
7.330000,237.78,15.000,8.990,191,191,120.000,120,120,18.000,39.000,55.000,182,171,274,160,74,74,74,74,74,74,1,0,0,3,30,1,15.000,1
7.335000,241.38,15.000,8.990,191,191,120.000,120,120,18.000,39.000,55.000,182,171,274,160,74,74,74,74,74,74,1,0,0,3,30,1,15.000,1
7.340000,244.98,15.000,8.990,191,191,120.000,119,119,18.000,39.000,55.000,181,170,272,160,74,74,74,74,74,74,1,0,0,3,30,1,15.000,1
7.345000,248.58,15.000,8.990,191,191,120.000,119,119,18.000,39.000,55.000,181,170,272,160,74,74,74,74,74,74,1,0,0,3,30,1,15.000,1
7.350000,252.18,15.000,8.990,191,191,120.000,119,119,18.000,39.000,55.000,181,170,272,160,74,74,74,74,74,74,1,0,0,3,30,1,15.000,1
7.355000,255.78,15.000,8.990,191,191,120.000,119,119,18.000,39.000,55.000,181,170,272,160,74,74,74,74,74,74,1,0,0,3,30,1,15.000,1
7.360000,259.38,15.000,8.990,191,191,120.000,120,120,18.000,39.000,55.000,182,171,274,160,74,74,74,74,74,74,1,0,0,3,30,1,15.000,1
7.365000,262.98,15.000,8.990,191,191,120.000,120,120,18.000,39.000,55.000,182,171,274,160,74,74,74,74,74,74,1,0,0,3,30,1,15.000,1
7.370000,266.58,15.000,8.990,191,191,120.000,120,120,18.000,39.000,55.000,182,171,274,160,74,74,74,74,74,74,1,0,0,3,30,1,15.000,1
7.375000,270.18,15.000,8.990,191,191,120.000,120,120,18.000,39.000,55.000,182,171,274,160,74,74,74,74,74,74,1,0,0,3,30,1,15.000,1
7.380000,273.78,15.000,8.990,191,191,120.000,120,120,18.000,39.000,55.000,182,171,274,160,74,74,74,74,74,74,1,0,0,3,30,1,15.000,1
7.385000,277.38,15.000,8.990,191,191,120.000,120,120,18.000,39.000,55.000,182,171,274,160,74,74,74,74,74,74,1,0,0,3,30,1,15.000,1
7.390000,280.98,15.000,8.990,191,191,120.000,120,120,18.000,39.000,55.000,182,171,274,160,74,74,74,74,74,74,1,0,0,3,30,1,15.000,1
7.395000,284.58,15.000,8.990,191,191,120.000,120,120,18.000,39.000,55.000,182,171,274,160,74,74,74,74,74,74,1,0,0,3,30,1,15.000,1
7.400000,288.18,15.000,8.990,191,191,120.000,120,120,18.000,39.000,55.000,182,171,274,160,74,74,74,74,74,74,1,0,0,3,30,1,15.000,1
7.405000,291.78,15.000,8.990,191,191,120.000,119,119,18.000,39.000,55.000,181,170,272,160,74,74,74,74,74,74,1,0,0,3,30,1,15.000,1
7.410000,295.38,15.000,8.990,191,191,120.000,119,119,18.000,39.000,55.000,181,170,272,160,74,74,74,74,74,74,1,0,0,3,30,1,15.000,1
7.415000,298.98,15.000,8.990,191,191,120.000,119,119,18.000,39.000,55.000,181,170,272,160,74,74,74,74,74,74,1,0,0,3,30,1,15.000,1
7.420000,302.58,15.000,8.990,191,191,120.000,119,119,18.000,39.000,55.000,181,170,272,160,74,74,74,74,74,74,1,0,0,3,30,1,15.000,1
7.425000,306.18,15.000,8.990,191,191,120.000,120,120,18.000,39.000,55.000,182,171,274,160,74,74,74,74,74,74,1,0,0,3,30,1,15.000,1
7.430000,309.78,15.000,8.990,191,191,120.000,120,120,18.000,39.000,55.000,182,171,274,160,74,74,74,74,74,74,1,0,0,3,30,1,15.000,1
7.435000,313.38,15.000,8.990,191,191,120.000,120,120,18.000,39.000,55.000,182,171,274,160,74,74,74,74,74,74,1,0,0,3,30,1,15.000,1
7.440000,316.98,15.000,8.990,191,191,120.000,120,120,18.000,39.000,55.000,182,171,274,160,74,74,74,74,74,74,1,0,0,3,30,1,15.000,1
7.445000,320.58,15.000,8.990,191,191,120.000,120,120,18.000,39.000,55.000,182,171,274,160,74,74,74,74,74,74,1,0,0,3,30,1,15.000,1
7.450000,324.18,15.000,8.990,191,191,120.000,120,120,18.000,39.000,55.000,182,171,274,160,74,74,74,74,74,74,1,0,0,3,30,1,15.000,1
7.455000,327.78,15.000,8.990,191,191,120.000,120,120,18.000,39.000,55.000,182,171,274,160,74,74,74,74,74,74,1,0,0,3,30,1,15.000,1
7.460000,331.38,15.000,8.990,191,191,120.000,120,120,18.000,39.000,55.000,182,171,274,160,74,74,74,74,74,74,1,0,0,3,30,1,15.000,1
7.465000,334.98,15.000,8.990,191,191,120.000,119,119,18.000,39.000,55.000,181,170,272,160,74,74,74,74,74,74,1,0,0,3,30,1,15.000,1
7.470000,338.58,15.000,8.990,191,191,120.000,119,119,18.000,39.000,55.000,181,170,272,160,74,74,74,74,74,74,1,0,0,3,30,1,15.000,1
7.475000,342.18,15.000,8.990,191,191,120.000,119,119,18.000,39.000,55.000,181,170,272,160,74,74,74,74,74,74,1,0,0,3,30,1,15.000,1
7.480000,345.78,15.000,8.990,191,191,120.000,119,119,18.000,39.000,55.000,181,170,272,160,74,74,74,74,74,74,1,0,0,3,30,1,15.000,1
7.485000,349.38,15.000,8.990,191,191,120.000,120,120,18.000,39.000,55.000,182,171,274,160,74,74,74,74,74,74,1,0,0,3,30,1,15.000,1
7.490000,352.98,15.000,8.990,191,191,120.000,120,120,18.000,39.000,55.000,182,171,274,160,74,74,74,74,74,74,1,0,0,3,30,1,15.000,1
7.495000,356.58,15.000,8.990,191,191,120.000,120,120,18.000,39.000,55.000,182,171,274,160,74,74,74,74,74,74,1,0,0,3,30,1,15.000,1
7.500000,0.18,15.000,8.990,191,191,120.000,120,120,18.000,39.000,55.000,182,171,274,160,74,74,74,74,74,74,1,0,0,3,30,1,15.000,1
7.505000,3.78,15.000,8.990,191,191,120.000,120,120,18.000,39.000,55.000,182,171,274,160,74,74,74,74,74,74,1,0,0,3,30,1,15.000,1
7.510000,7.38,15.000,8.990,191,191,120.000,120,120,18.000,39.000,55.000,182,171,274,160,74,74,74,74,74,74,1,0,0,3,30,1,15.000,1
7.515000,10.98,15.000,8.990,191,191,120.000,120,120,18.000,39.000,55.000,182,171,274,160,74,74,74,74,74,74,1,0,0,3,30,1,15.000,1
7.520000,14.58,15.000,8.990,191,191,120.000,120,120,18.000,39.000,55.000,182,171,274,160,74,74,74,74,74,74,1,0,0,3,30,1,15.000,1
7.525000,18.18,15.000,8.990,191,191,120.000,120,120,18.000,39.000,55.000,182,171,274,160,74,74,74,74,74,74,1,0,0,3,30,1,15.000,1
7.530000,21.78,15.000,8.990,191,191,120.000,119,119,18.000,39.000,55.000,181,170,272,160,74,74,74,74,74,74,1,0,0,3,30,1,15.000,1
7.535000,25.38,15.000,8.990,191,191,120.000,119,119,18.000,39.000,55.000,181,170,272,160,74,74,74,74,74,74,1,0,0,3,30,1,15.000,1
7.540000,28.98,15.000,8.990,191,191,120.000,119,119,18.000,39.000,55.000,181,170,272,160,74,74,74,74,74,74,1,0,0,3,30,1,15.000,1
7.545000,32.58,15.000,8.990,191,191,120.000,119,119,18.000,39.000,55.000,181,170,272,160,74,74,74,74,74,74,1,0,0,3,30,1,15.000,1
7.550000,36.18,15.000,8.990,191,191,120.000,120,120,18.000,39.000,55.000,182,171,274,160,74,74,74,74,74,74,1,0,0,3,30,1,15.000,1
7.555000,39.78,15.000,8.990,191,191,120.000,120,120,18.000,39.000,55.000,182,171,274,160,74,74,74,74,74,74,1,0,0,3,30,1,15.000,1
7.560000,43.38,15.000,8.990,191,191,120.000,120,120,18.000,39.000,55.000,182,171,274,160,74,74,74,74,74,74,1,0,0,3,30,1,15.000,1
7.565000,46.98,15.000,8.990,191,191,120.000,120,120,18.000,39.000,55.000,182,171,274,160,74,74,74,74,74,74,1,0,0,3,30,1,15.000,1
7.570000,50.58,15.000,8.990,191,191,120.000,120,120,18.000,39.000,55.000,182,171,274,160,74,74,74,74,74,74,1,0,0,3,30,1,15.000,1
7.575000,54.18,15.000,8.990,191,191,120.000,120,120,18.000,39.000,55.000,182,171,274,160,74,74,74,74,74,74,1,0,0,3,30,1,15.000,1
7.580000,57.78,15.000,8.990,191,191,120.000,120,120,18.000,39.000,55.000,182,171,274,160,74,74,74,74,74,74,1,0,0,3,30,1,15.000,1
7.585000,61.38,15.000,8.990,191,191,120.000,120,120,18.000,39.000,55.000,182,171,274,160,74,74,74,74,74,74,1,0,0,3,30,1,15.000,1
7.590000,64.98,15.000,8.990,191,191,120.000,119,119,18.000,39.000,55.000,181,170,272,160,74,74,74,74,74,74,1,0,0,3,30,1,15.000,1
7.595000,68.58,15.000,8.990,191,191,120.000,119,119,18.000,39.000,55.000,181,170,272,160,74,74,74,74,74,74,1,0,0,3,30,1,15.000,1
7.600000,72.18,15.000,8.990,191,191,120.000,119,119,18.000,39.000,55.000,181,170,272,160,74,74,74,74,74,74,1,0,0,3,30,1,15.000,1
7.605000,75.78,15.000,8.990,191,191,120.000,119,119,18.000,39.000,55.000,181,170,272,160,74,74,74,74,74,74,1,0,0,3,30,1,15.000,1
7.610000,79.38,15.000,8.990,191,191,120.000,120,120,18.000,39.000,55.000,182,171,274,160,74,74,74,74,74,74,1,0,0,3,30,1,15.000,1
7.615000,82.98,15.000,8.990,191,191,120.000,120,120,18.000,39.000,55.000,182,171,274,160,74,74,74,74,74,74,1,0,0,3,30,1,15.000,1
7.620000,86.58,15.000,8.990,191,191,120.000,120,120,18.000,39.000,55.000,182,171,274,160,74,74,74,74,74,74,1,0,0,3,30,1,15.000,1
7.625000,90.18,15.000,8.990,191,191,120.000,120,120,18.000,39.000,55.000,182,171,274,160,74,74,74,74,74,74,1,0,0,3,30,1,15.000,1
7.630000,93.78,15.000,8.990,191,191,120.000,120,120,18.000,39.000,55.000,182,171,274,160,74,74,74,74,74,74,1,0,0,3,30,1,15.000,1
7.635000,97.38,15.000,8.990,191,191,120.000,120,120,18.000,39.000,55.000,182,171,274,160,74,74,74,74,74,74,1,0,0,3,30,1,15.000,1
7.640000,100.98,15.000,8.990,191,191,120.000,120,120,18.000,39.000,55.000,182,171,274,160,74,74,74,74,74,74,1,0,0,3,30,1,15.000,1
7.645000,104.58,15.000,8.990,191,191,120.000,120,120,18.000,39.000,55.000,182,171,274,160,74,74,74,74,74,74,1,0,0,3,30,1,15.000,1
7.650000,108.18,15.000,8.990,191,191,120.000,120,120,18.000,39.000,55.000,182,171,274,160,74,74,74,74,74,74,1,0,0,3,30,1,15.000,1
7.655000,111.78,15.000,8.990,191,191,120.000,119,119,18.000,39.000,55.000,181,170,272,160,74,74,74,74,74,74,1,0,0,3,30,1,15.000,1
7.660000,115.38,15.000,8.990,191,191,120.000,119,119,18.000,39.000,55.000,181,170,272,160,74,74,74,74,74,74,1,0,0,3,30,1,15.000,1
7.665000,118.98,15.000,8.990,191,191,120.000,119,119,18.000,39.000,55.000,181,170,272,160,74,74,74,74,74,74,1,0,0,3,30,1,15.000,1
7.670000,122.58,15.000,8.990,191,191,120.000,119,119,18.000,39.000,55.000,181,170,272,160,74,74,74,74,74,74,1,0,0,3,30,1,15.000,1
7.675000,126.18,15.000,8.990,191,191,120.000,120,120,18.000,39.000,55.000,182,171,274,160,74,74,74,74,74,74,1,0,0,3,30,1,15.000,1
7.680000,129.78,15.000,8.990,191,191,120.000,120,120,18.000,39.000,55.000,182,171,274,160,74,74,74,74,74,74,1,0,0,3,30,1,15.000,1
7.685000,133.38,15.000,8.990,191,191,120.000,120,120,18.000,39.000,55.000,182,171,274,160,74,74,74,74,74,74,1,0,0,3,30,1,15.000,1
7.690000,136.98,15.000,8.990,191,191,120.000,120,120,18.000,39.000,55.000,182,171,274,160,74,74,74,74,74,74,1,0,0,3,30,1,15.000,1
7.695000,140.58,15.000,8.990,191,191,120.000,120,120,18.000,39.000,55.000,182,171,274,160,74,74,74,74,74,74,1,0,0,3,30,1,15.000,1
7.700000,144.18,15.000,8.990,191,191,120.000,120,120,18.000,39.000,55.000,182,171,274,160,74,74,74,74,74,74,1,0,0,3,30,1,15.000,1
7.705000,147.78,15.000,8.990,191,191,120.000,120,120,18.000,39.000,55.000,182,171,274,160,74,74,74,74,74,74,1,0,0,3,30,1,15.000,1
7.710000,151.38,15.000,8.990,191,191,120.000,120,120,18.000,39.000,55.000,182,171,274,160,74,74,74,74,74,74,1,0,0,3,30,1,15.000,1
7.715000,154.98,15.000,8.990,191,191,120.000,119,119,18.000,39.000,55.000,181,170,272,160,74,74,74,74,74,74,1,0,0,3,30,1,15.000,1
7.720000,158.58,15.000,8.990,191,191,120.000,119,119,18.000,39.000,55.000,181,170,272,160,74,74,74,74,74,74,1,0,0,3,30,1,15.000,1
7.725000,162.18,15.000,8.990,191,191,120.000,119,119,18.000,39.000,55.000,181,170,272,160,74,74,74,74,74,74,1,0,0,3,30,1,15.000,1
7.730000,165.78,15.000,8.990,191,191,120.000,119,119,18.000,39.000,55.000,181,170,272,160,74,74,74,74,74,74,1,0,0,3,30,1,15.000,1
7.735000,169.38,15.000,8.990,191,191,120.000,120,120,18.000,39.000,55.000,182,171,274,160,74,74,74,74,74,74,1,0,0,3,30,1,15.000,1
7.740000,172.98,15.000,8.990,191,191,120.000,120,120,18.000,39.000,55.000,182,171,274,160,74,74,74,74,74,74,1,0,0,3,30,1,15.000,1
7.745000,176.58,15.000,8.990,191,191,120.000,120,120,18.000,39.000,55.000,182,171,274,160,74,74,74,74,74,74,1,0,0,3,30,1,15.000,1
7.750000,180.18,15.000,8.990,191,191,120.000,120,120,18.000,39.000,55.000,182,171,274,160,74,74,74,74,74,74,1,0,0,3,30,1,15.000,1
7.755000,183.78,15.000,8.990,191,191,120.000,120,120,18.000,39.000,55.000,182,171,274,160,74,74,74,74,74,74,1,0,0,3,30,1,15.000,1
7.760000,187.38,15.000,8.990,191,191,120.000,120,120,18.000,39.000,55.000,182,171,274,160,74,74,74,74,74,74,1,0,0,3,30,1,15.000,1
7.765000,190.98,15.000,8.990,191,191,120.000,120,120,18.000,39.000,55.000,182,171,274,160,74,74,74,74,74,74,1,0,0,3,30,1,15.000,1
7.770000,194.58,15.000,8.990,191,191,120.000,120,120,18.000,39.000,55.000,182,171,274,160,74,74,74,74,74,74,1,0,0,3,30,1,15.000,1
7.775000,198.18,15.000,8.990,191,191,120.000,120,120,18.000,39.000,55.000,182,171,274,160,74,74,74,74,74,74,1,0,0,3,30,1,15.000,1
7.780000,201.78,15.000,8.990,191,191,120.000,119,119,18.000,39.000,55.000,181,170,272,160,74,74,74,74,74,74,1,0,0,3,30,1,15.000,1
7.785000,205.38,15.000,8.990,191,191,120.000,119,119,18.000,39.000,55.000,181,170,272,160,74,74,74,74,74,74,1,0,0,3,30,1,15.000,1
7.790000,208.98,15.000,8.990,191,191,120.000,119,119,18.000,39.000,55.000,181,170,272,160,74,74,74,74,74,74,1,0,0,3,30,1,15.000,1
7.795000,212.58,15.000,8.990,191,191,120.000,119,119,18.000,39.000,55.000,181,170,272,160,74,74,74,74,74,74,1,0,0,3,30,1,15.000,1
7.800000,216.18,15.000,8.990,191,191,120.000,120,120,18.000,39.000,55.000,182,171,274,160,74,74,74,74,74,74,1,0,0,3,30,1,15.000,1
7.805000,219.78,15.000,8.990,191,191,120.000,120,120,18.000,39.000,55.000,182,171,274,160,74,74,74,74,74,74,1,0,0,3,30,1,15.000,1
7.810000,223.38,15.000,8.990,191,191,120.000,120,120,18.000,39.000,55.000,182,171,274,160,74,74,74,74,74,74,1,0,0,3,30,1,15.000,1
7.815000,226.98,15.000,8.990,191,191,120.000,120,120,18.000,39.000,55.000,182,171,274,160,74,74,74,74,74,74,1,0,0,3,30,1,15.000,1
7.820000,230.58,15.000,8.990,191,191,120.000,120,120,18.000,39.000,55.000,182,171,274,160,74,74,74,74,74,74,1,0,0,3,30,1,15.000,1
7.825000,234.18,15.000,8.990,191,191,120.000,120,120,18.000,39.000,55.000,182,171,274,160,74,74,74,74,74,74,1,0,0,3,30,1,15.000,1
7.830000,237.78,15.000,8.990,191,191,120.000,120,120,18.000,39.000,55.000,182,171,274,160,74,74,74,74,74,74,1,0,0,3,30,1,15.000,1
7.835000,241.38,15.000,8.990,191,191,120.000,120,120,18.000,39.000,55.000,182,171,274,160,74,74,74,74,74,74,1,0,0,3,30,1,15.000,1
7.840000,244.98,15.000,8.990,191,191,120.000,119,119,18.000,39.000,55.000,181,170,272,160,74,74,74,74,74,74,1,0,0,3,30,1,15.000,1
7.845000,248.58,15.000,8.990,191,191,120.000,119,119,18.000,39.000,55.000,181,170,272,160,74,74,74,74,74,74,1,0,0,3,30,1,15.000,1
7.850000,252.18,15.000,8.990,191,191,120.000,119,119,18.000,39.000,55.000,181,170,272,160,74,74,74,74,74,74,1,0,0,3,30,1,15.000,1
7.855000,255.78,15.000,8.990,191,191,120.000,119,119,18.000,39.000,55.000,181,170,272,160,74,74,74,74,74,74,1,0,0,3,30,1,15.000,1
7.860000,259.38,15.000,8.990,191,191,120.000,120,120,18.000,39.000,55.000,182,171,274,160,74,74,74,74,74,74,1,0,0,3,30,1,15.000,1
7.865000,262.98,15.000,8.990,191,191,120.000,120,120,18.000,39.000,55.000,182,171,274,160,74,74,74,74,74,74,1,0,0,3,30,1,15.000,1
7.870000,266.58,15.000,8.990,191,191,120.000,120,120,18.000,39.000,55.000,182,171,274,160,74,74,74,74,74,74,1,0,0,3,30,1,15.000,1
7.875000,270.18,15.000,8.990,191,191,120.000,120,120,18.000,39.000,55.000,182,171,274,160,74,74,74,74,74,74,1,0,0,3,30,1,15.000,1
7.880000,273.78,15.000,8.990,191,191,120.000,120,120,18.000,39.000,55.000,182,171,274,160,74,74,74,74,74,74,1,0,0,3,30,1,15.000,1
7.885000,277.38,15.000,8.990,191,191,120.000,120,120,18.000,39.000,55.000,182,171,274,160,74,74,74,74,74,74,1,0,0,3,30,1,15.000,1
7.890000,280.98,15.000,8.990,191,191,120.000,120,120,18.000,39.000,55.000,182,171,274,160,74,74,74,74,74,74,1,0,0,3,30,1,15.000,1
7.895000,284.58,15.000,8.990,191,191,120.000,120,120,18.000,39.000,55.000,182,171,274,160,74,74,74,74,74,74,1,0,0,3,30,1,15.000,1
7.900000,288.18,15.000,8.990,191,191,120.000,120,120,18.000,39.000,55.000,182,171,274,160,74,74,74,74,74,74,1,0,0,3,30,1,15.000,1
7.905000,291.78,15.000,8.990,191,191,120.000,119,119,18.000,39.000,55.000,181,170,272,160,74,74,74,74,74,74,1,0,0,3,30,1,15.000,1
7.910000,295.38,15.000,8.990,191,191,120.000,119,119,18.000,39.000,55.000,181,170,272,160,74,74,74,74,74,74,1,0,0,3,30,1,15.000,1
7.915000,298.98,15.000,8.990,191,191,120.000,119,119,18.000,39.000,55.000,181,170,272,160,74,74,74,74,74,74,1,0,0,3,30,1,15.000,1
7.920000,302.58,15.000,8.990,191,191,120.000,119,119,18.000,39.000,55.000,181,170,272,160,74,74,74,74,74,74,1,0,0,3,30,1,15.000,1
7.925000,306.18,15.000,8.990,191,191,120.000,120,120,18.000,39.000,55.000,182,171,274,160,74,74,74,74,74,74,1,0,0,3,30,1,15.000,1
7.930000,309.78,15.000,8.990,191,191,120.000,120,120,18.000,39.000,55.000,182,171,274,160,74,74,74,74,74,74,1,0,0,3,30,1,15.000,1
7.935000,313.38,15.000,8.990,191,191,120.000,120,120,18.000,39.000,55.000,182,171,274,160,74,74,74,74,74,74,1,0,0,3,30,1,15.000,1
7.940000,316.98,15.000,8.990,191,191,120.000,120,120,18.000,39.000,55.000,182,171,274,160,74,74,74,74,74,74,1,0,0,3,30,1,15.000,1
7.945000,320.58,15.000,8.990,191,191,120.000,120,120,18.000,39.000,55.000,182,171,274,160,74,74,74,74,74,74,1,0,0,3,30,1,15.000,1
7.950000,324.18,15.000,8.990,191,191,120.000,120,120,18.000,39.000,55.000,182,171,274,160,74,74,74,74,74,74,1,0,0,3,30,1,15.000,1
7.955000,327.78,15.000,8.990,191,191,120.000,120,120,18.000,39.000,55.000,182,171,274,160,74,74,74,74,74,74,1,0,0,3,30,1,15.000,1
7.960000,331.38,15.000,8.990,191,191,120.000,120,120,18.000,39.000,55.000,182,171,274,160,74,74,74,74,74,74,1,0,0,3,30,1,15.000,1
7.965000,334.98,15.000,8.990,191,191,120.000,119,119,18.000,39.000,55.000,181,170,272,160,74,74,74,74,74,74,1,0,0,3,30,1,15.000,1
7.970000,338.58,15.000,8.990,191,191,120.000,119,119,18.000,39.000,55.000,181,170,272,160,74,74,74,74,74,74,1,0,0,3,30,1,15.000,1
7.975000,342.18,15.000,8.990,191,191,120.000,119,119,18.000,39.000,55.000,181,170,272,160,74,74,74,74,74,74,1,0,0,3,30,1,15.000,1
7.980000,345.78,15.000,8.990,191,191,120.000,119,119,18.000,39.000,55.000,181,170,272,160,74,74,74,74,74,74,1,0,0,3,30,1,15.000,1
7.985000,349.38,15.000,8.990,191,191,120.000,120,120,18.000,39.000,55.000,182,171,274,160,74,74,74,74,74,74,1,0,0,3,30,1,15.000,1
7.990000,352.98,15.000,8.990,191,191,120.000,120,120,18.000,39.000,55.000,182,171,274,160,74,74,74,74,74,74,1,0,0,3,30,1,15.000,1
7.995000,356.58,15.000,8.990,191,191,120.000,120,120,18.000,39.000,55.000,182,171,274,160,74,74,74,74,74,74,1,0,0,3,30,1,15.000,1
8.000000,0.18,15.000,8.990,191,191,120.000,120,120,18.000,39.000,55.000,182,171,274,160,74,74,74,74,74,74,1,0,0,3,30,1,15.000,1
8.005000,3.78,15.000,8.990,191,191,120.000,120,120,18.000,39.000,55.000,182,171,274,160,74,74,74,74,74,74,1,0,0,3,30,1,15.000,1
8.010000,7.38,15.000,8.990,191,191,120.000,120,120,18.000,39.000,55.000,182,171,274,160,74,74,74,74,74,74,1,0,0,3,30,1,15.000,1
8.015000,10.98,15.000,8.990,191,191,120.000,120,120,18.000,39.000,55.000,182,171,274,160,74,74,74,74,74,74,1,0,0,3,30,1,15.000,1
8.020000,14.58,15.000,8.990,191,191,120.000,120,120,18.000,39.000,55.000,182,171,274,160,74,74,74,74,74,74,1,0,0,3,30,1,15.000,1
8.025000,18.18,15.000,8.990,191,191,120.000,120,120,18.000,39.000,55.000,182,171,274,160,74,74,74,74,74,74,1,0,0,3,30,1,15.000,1
8.030000,21.78,15.000,8.990,191,191,120.000,119,119,18.000,39.000,55.000,181,170,272,160,74,74,74,74,74,74,1,0,0,3,30,1,15.000,1
8.035000,25.38,15.000,8.990,191,191,120.000,119,119,18.000,39.000,55.000,181,170,272,160,74,74,74,74,74,74,1,0,0,3,30,1,15.000,1
8.040000,28.98,15.000,8.990,191,191,120.000,119,119,18.000,39.000,55.000,181,170,272,160,74,74,74,74,74,74,1,0,0,3,30,1,15.000,1
8.045000,32.58,15.000,8.990,191,191,120.000,119,119,18.000,39.000,55.000,181,170,272,160,74,74,74,74,74,74,1,0,0,3,30,1,15.000,1
8.050000,36.18,15.000,8.990,191,191,120.000,120,120,18.000,39.000,55.000,182,171,274,160,74,74,74,74,74,74,1,0,0,3,30,1,15.000,1
8.055000,39.78,15.000,8.990,191,191,120.000,120,120,18.000,39.000,55.000,182,171,274,160,74,74,74,74,74,74,1,0,0,3,30,1,15.000,1
8.060000,43.38,15.000,8.990,191,191,120.000,120,120,18.000,39.000,55.000,182,171,274,160,74,74,74,74,74,74,1,0,0,3,30,1,15.000,1
8.065000,46.98,15.000,8.990,191,191,120.000,120,120,18.000,39.000,55.000,182,171,274,160,74,74,74,74,74,74,1,0,0,3,30,1,15.000,1
8.070000,50.58,15.000,8.990,191,191,120.000,120,120,18.000,39.000,55.000,182,171,274,160,74,74,74,74,74,74,1,0,0,3,30,1,15.000,1
8.075000,54.18,15.000,8.990,191,191,120.000,120,120,18.000,39.000,55.000,182,171,274,160,74,74,74,74,74,74,1,0,0,3,30,1,15.000,1
8.080000,57.78,15.000,8.990,191,191,120.000,120,120,18.000,39.000,55.000,182,171,274,160,74,74,74,74,74,74,1,0,0,3,30,1,15.000,1
8.085000,61.38,15.000,8.990,191,191,120.000,120,120,18.000,39.000,55.000,182,171,274,160,74,74,74,74,74,74,1,0,0,3,30,1,15.000,1
8.090000,64.98,15.000,8.990,191,191,120.000,119,119,18.000,39.000,55.000,181,170,272,160,74,74,74,74,74,74,1,0,0,3,30,1,15.000,1
8.095000,68.58,15.000,8.990,191,191,120.000,119,119,18.000,39.000,55.000,181,170,272,160,74,74,74,74,74,74,1,0,0,3,30,1,15.000,1
8.100000,72.18,15.000,8.990,191,191,120.000,119,119,18.000,39.000,55.000,181,170,272,160,74,74,74,74,74,74,1,0,0,3,30,1,15.000,1
8.105000,75.78,15.000,8.990,191,191,120.000,119,119,18.000,39.000,55.000,181,170,272,160,74,74,74,74,74,74,1,0,0,3,30,1,15.000,1
8.110000,79.38,15.000,8.990,191,191,120.000,120,120,18.000,39.000,55.000,182,171,274,160,74,74,74,74,74,74,1,0,0,3,30,1,15.000,1
8.115000,82.98,15.000,8.990,191,191,120.000,120,120,18.000,39.000,55.000,182,171,274,160,74,74,74,74,74,74,1,0,0,3,30,1,15.000,1
8.120000,86.58,15.000,8.990,191,191,120.000,120,120,18.000,39.000,55.000,182,171,274,160,74,74,74,74,74,74,1,0,0,3,30,1,15.000,1
8.125000,90.18,15.000,8.990,191,191,120.000,120,120,18.000,39.000,55.000,182,171,274,160,74,74,74,74,74,74,1,0,0,3,30,1,15.000,1
8.130000,93.78,15.000,8.990,191,191,120.000,120,120,18.000,39.000,55.000,182,171,274,160,74,74,74,74,74,74,1,0,0,3,30,1,15.000,1
8.135000,97.38,15.000,8.990,191,191,120.000,120,120,18.000,39.000,55.000,182,171,274,160,74,74,74,74,74,74,1,0,0,3,30,1,15.000,1
8.140000,100.98,15.000,8.990,191,191,120.000,120,120,18.000,39.000,55.000,182,171,274,160,74,74,74,74,74,74,1,0,0,3,30,1,15.000,1
8.145000,104.58,15.000,8.990,191,191,120.000,120,120,18.000,39.000,55.000,182,171,274,160,74,74,74,74,74,74,1,0,0,3,30,1,15.000,1
8.150000,108.18,15.000,8.990,191,191,120.000,120,120,18.000,39.000,55.000,182,171,274,160,74,74,74,74,74,74,1,0,0,3,30,1,15.000,1
8.155000,111.78,15.000,8.990,191,191,120.000,119,119,18.000,39.000,55.000,181,170,272,160,74,74,74,74,74,74,1,0,0,3,30,1,15.000,1
8.160000,115.38,15.000,8.990,191,191,120.000,119,119,18.000,39.000,55.000,181,170,272,160,74,74,74,74,74,74,1,0,0,3,30,1,15.000,1
8.165000,118.98,15.000,8.990,191,191,120.000,119,119,18.000,39.000,55.000,181,170,272,160,74,74,74,74,74,74,1,0,0,3,30,1,15.000,1
8.170000,122.58,15.000,8.990,191,191,120.000,119,119,18.000,39.000,55.000,181,170,272,160,74,74,74,74,74,74,1,0,0,3,30,1,15.000,1
8.175000,126.18,15.000,8.990,191,191,120.000,120,120,18.000,39.000,55.000,182,171,274,160,74,74,74,74,74,74,1,0,0,3,30,1,15.000,1
8.180000,129.78,15.000,8.990,191,191,120.000,120,120,18.000,39.000,55.000,182,171,274,160,74,74,74,74,74,74,1,0,0,3,30,1,15.000,1
8.185000,133.38,15.000,8.990,191,191,120.000,120,120,18.000,39.000,55.000,182,171,274,160,74,74,74,74,74,74,1,0,0,3,30,1,15.000,1
8.190000,136.98,15.000,8.990,191,191,120.000,120,120,18.000,39.000,55.000,182,171,274,160,74,74,74,74,74,74,1,0,0,3,30,1,15.000,1
8.195000,140.58,15.000,8.990,191,191,120.000,120,120,18.000,39.000,55.000,182,171,274,160,74,74,74,74,74,74,1,0,0,3,30,1,15.000,1
8.200000,144.18,15.000,8.990,191,191,120.000,120,120,18.000,39.000,55.000,182,171,274,160,74,74,74,74,74,74,1,0,0,3,30,1,15.000,1
8.205000,147.78,15.000,8.990,191,191,120.000,120,120,18.000,39.000,55.000,182,171,274,160,74,74,74,74,74,74,1,0,0,3,30,1,15.000,1
8.210000,151.38,15.000,8.990,191,191,120.000,120,120,18.000,39.000,55.000,182,171,274,160,74,74,74,74,74,74,1,0,0,3,30,1,15.000,1
8.215000,154.98,15.000,8.990,191,191,120.000,119,119,18.000,39.000,55.000,181,170,272,160,74,74,74,74,74,74,1,0,0,3,30,1,15.000,1
8.220000,158.58,15.000,8.990,191,191,120.000,119,119,18.000,39.000,55.000,181,170,272,160,74,74,74,74,74,74,1,0,0,3,30,1,15.000,1
8.225000,162.18,15.000,8.990,191,191,120.000,119,119,18.000,39.000,55.000,181,170,272,160,74,74,74,74,74,74,1,0,0,3,30,1,15.000,1
8.230000,165.78,15.000,8.990,191,191,120.000,119,119,18.000,39.000,55.000,181,170,272,160,74,74,74,74,74,74,1,0,0,3,30,1,15.000,1
8.235000,169.38,15.000,8.990,191,191,120.000,120,120,18.000,39.000,55.000,182,171,274,160,74,74,74,74,74,74,1,0,0,3,30,1,15.000,1
8.240000,172.98,15.000,8.990,191,191,120.000,120,120,18.000,39.000,55.000,182,171,274,160,74,74,74,74,74,74,1,0,0,3,30,1,15.000,1
8.245000,176.58,15.000,8.990,191,191,120.000,120,120,18.000,39.000,55.000,182,171,274,160,74,74,74,74,74,74,1,0,0,3,30,1,15.000,1
8.250000,180.18,15.000,8.990,191,191,120.000,120,120,18.000,39.000,55.000,182,171,274,160,74,74,74,74,74,74,1,0,0,3,30,1,15.000,1
8.255000,183.78,15.000,8.990,191,191,120.000,120,120,18.000,39.000,55.000,182,171,274,160,74,74,74,74,74,74,1,0,0,3,30,1,15.000,1
8.260000,187.38,15.000,8.990,191,191,120.000,120,120,18.000,39.000,55.000,182,171,274,160,74,74,74,74,74,74,1,0,0,3,30,1,15.000,1
8.265000,190.98,15.000,8.990,191,191,120.000,120,120,18.000,39.000,55.000,182,171,274,160,74,74,74,74,74,74,1,0,0,3,30,1,15.000,1
8.270000,194.58,15.000,8.990,191,191,120.000,120,120,18.000,39.000,55.000,182,171,274,160,74,74,74,74,74,74,1,0,0,3,30,1,15.000,1
8.275000,198.18,15.000,8.990,191,191,120.000,120,120,18.000,39.000,55.000,182,171,274,160,74,74,74,74,74,74,1,0,0,3,30,1,15.000,1
8.280000,201.78,15.000,8.990,191,191,120.000,119,119,18.000,39.000,55.000,181,170,272,160,74,74,74,74,74,74,1,0,0,3,30,1,15.000,1
8.285000,205.38,15.000,8.990,191,191,120.000,119,119,18.000,39.000,55.000,181,170,272,160,74,74,74,74,74,74,1,0,0,3,30,1,15.000,1
8.290000,208.98,15.000,8.990,191,191,120.000,119,119,18.000,39.000,55.000,181,170,272,160,74,74,74,74,74,74,1,0,0,3,30,1,15.000,1
8.295000,212.58,15.000,8.990,191,191,120.000,119,119,18.000,39.000,55.000,181,170,272,160,74,74,74,74,74,74,1,0,0,3,30,1,15.000,1
8.300000,216.18,15.000,8.990,191,191,120.000,120,120,18.000,39.000,55.000,182,171,274,160,74,74,74,74,74,74,1,0,0,3,30,1,15.000,1
8.305000,219.78,15.000,8.990,191,191,120.000,120,120,18.000,39.000,55.000,182,171,274,160,74,74,74,74,74,74,1,0,0,3,30,1,15.000,1
8.310000,223.38,15.000,8.990,191,191,120.000,120,120,18.000,39.000,55.000,182,171,274,160,74,74,74,74,74,74,1,0,0,3,30,1,15.000,1
8.315000,226.98,15.000,8.990,191,191,120.000,120,120,18.000,39.000,55.000,182,171,274,160,74,74,74,74,74,74,1,0,0,3,30,1,15.000,1
8.320000,230.58,15.000,8.990,191,191,120.000,120,120,18.000,39.000,55.000,182,171,274,160,74,74,74,74,74,74,1,0,0,3,30,1,15.000,1
8.325000,234.18,15.000,8.990,191,191,120.000,120,120,18.000,39.000,55.000,182,171,274,160,74,74,74,74,74,74,1,0,0,3,30,1,15.000,1
8.330000,237.78,15.000,8.990,191,191,120.000,120,120,18.000,39.000,55.000,182,171,274,160,74,74,74,74,74,74,1,0,0,3,30,1,15.000,1
8.335000,241.38,15.000,8.990,191,191,120.000,120,120,18.000,39.000,55.000,182,171,274,160,74,74,74,74,74,74,1,0,0,3,30,1,15.000,1
8.340000,244.98,15.000,8.990,191,191,120.000,119,119,18.000,39.000,55.000,181,170,272,160,74,74,74,74,74,74,1,0,0,3,30,1,15.000,1
8.345000,248.58,15.000,8.990,191,191,120.000,119,119,18.000,39.000,55.000,181,170,272,160,74,74,74,74,74,74,1,0,0,3,30,1,15.000,1
8.350000,252.18,15.000,8.990,191,191,120.000,119,119,18.000,39.000,55.000,181,170,272,160,74,74,74,74,74,74,1,0,0,3,30,1,15.000,1
8.355000,255.78,15.000,8.990,191,191,120.000,119,119,18.000,39.000,55.000,181,170,272,160,74,74,74,74,74,74,1,0,0,3,30,1,15.000,1
8.360000,259.38,15.000,8.990,191,191,120.000,120,120,18.000,39.000,55.000,182,171,274,160,74,74,74,74,74,74,1,0,0,3,30,1,15.000,1
8.365000,262.98,15.000,8.990,191,191,120.000,120,120,18.000,39.000,55.000,182,171,274,160,74,74,74,74,74,74,1,0,0,3,30,1,15.000,1
8.370000,266.58,15.000,8.990,191,191,120.000,120,120,18.000,39.000,55.000,182,171,274,160,74,74,74,74,74,74,1,0,0,3,30,1,15.000,1
8.375000,270.18,15.000,8.990,191,191,120.000,120,120,18.000,39.000,55.000,182,171,274,160,74,74,74,74,74,74,1,0,0,3,30,1,15.000,1
8.380000,273.78,15.000,8.990,191,191,120.000,120,120,18.000,39.000,55.000,182,171,274,160,74,74,74,74,74,74,1,0,0,3,30,1,15.000,1
8.385000,277.38,15.000,8.990,191,191,120.000,120,120,18.000,39.000,55.000,182,171,274,160,74,74,74,74,74,74,1,0,0,3,30,1,15.000,1
8.390000,280.98,15.000,8.990,191,191,120.000,120,120,18.000,39.000,55.000,182,171,274,160,74,74,74,74,74,74,1,0,0,3,30,1,15.000,1
8.395000,284.58,15.000,8.990,191,191,120.000,120,120,18.000,39.000,55.000,182,171,274,160,74,74,74,74,74,74,1,0,0,3,30,1,15.000,1
8.400000,288.18,15.000,8.990,191,191,120.000,120,120,18.000,39.000,55.000,182,171,274,160,74,74,74,74,74,74,1,0,0,3,30,1,15.000,1
8.405000,291.78,15.000,8.990,191,191,120.000,119,119,18.000,39.000,55.000,181,170,272,160,74,74,74,74,74,74,1,0,0,3,30,1,15.000,1
8.410000,295.38,15.000,8.990,191,191,120.000,119,119,18.000,39.000,55.000,181,170,272,160,74,74,74,74,74,74,1,0,0,3,30,1,15.000,1
8.415000,298.98,15.000,8.990,191,191,120.000,119,119,18.000,39.000,55.000,181,170,272,160,74,74,74,74,74,74,1,0,0,3,30,1,15.000,1
8.420000,302.58,15.000,8.990,191,191,120.000,119,119,18.000,39.000,55.000,181,170,272,160,74,74,74,74,74,74,1,0,0,3,30,1,15.000,1
8.425000,306.18,15.000,8.990,191,191,120.000,120,120,18.000,39.000,55.000,182,171,274,160,74,74,74,74,74,74,1,0,0,3,30,1,15.000,1
8.430000,309.78,15.000,8.990,191,191,120.000,120,120,18.000,39.000,55.000,182,171,274,160,74,74,74,74,74,74,1,0,0,3,30,1,15.000,1
8.435000,313.38,15.000,8.990,191,191,120.000,120,120,18.000,39.000,55.000,182,171,274,160,74,74,74,74,74,74,1,0,0,3,30,1,15.000,1
8.440000,316.98,15.000,8.990,191,191,120.000,120,120,18.000,39.000,55.000,182,171,274,160,74,74,74,74,74,74,1,0,0,3,30,1,15.000,1
8.445000,320.58,15.000,8.990,191,191,120.000,120,120,18.000,39.000,55.000,182,171,274,160,74,74,74,74,74,74,1,0,0,3,30,1,15.000,1
8.450000,324.18,15.000,8.990,191,191,120.000,120,120,18.000,39.000,55.000,182,171,274,160,74,74,74,74,74,74,1,0,0,3,30,1,15.000,1
8.455000,327.78,15.000,8.990,191,191,120.000,120,120,18.000,39.000,55.000,182,171,274,160,74,74,74,74,74,74,1,0,0,3,30,1,15.000,1
8.460000,331.38,15.000,8.990,191,191,120.000,120,120,18.000,39.000,55.000,182,171,274,160,74,74,74,74,74,74,1,0,0,3,30,1,15.000,1
8.465000,334.98,15.000,8.990,191,191,120.000,119,119,18.000,39.000,55.000,181,170,272,160,74,74,74,74,74,74,1,0,0,3,30,1,15.000,1
8.470000,338.58,15.000,8.990,191,191,120.000,119,119,18.000,39.000,55.000,181,170,272,160,74,74,74,74,74,74,1,0,0,3,30,1,15.000,1
8.475000,342.18,15.000,8.990,191,191,120.000,119,119,18.000,39.000,55.000,181,170,272,160,74,74,74,74,74,74,1,0,0,3,30,1,15.000,1
8.480000,345.78,15.000,8.990,191,191,120.000,119,119,18.000,39.000,55.000,181,170,272,160,74,74,74,74,74,74,1,0,0,3,30,1,15.000,1
8.485000,349.38,15.000,8.990,191,191,120.000,120,120,18.000,39.000,55.000,182,171,274,160,74,74,74,74,74,74,1,0,0,3,30,1,15.000,1
8.490000,352.98,15.000,8.990,191,191,120.000,120,120,18.000,39.000,55.000,182,171,274,160,74,74,74,74,74,74,1,0,0,3,30,1,15.000,1
8.495000,356.58,15.000,8.990,191,191,120.000,120,120,18.000,39.000,55.000,182,171,274,160,74,74,74,74,74,74,1,0,0,3,30,1,15.000,1
8.500000,0.18,15.000,8.990,191,191,120.000,120,120,18.000,39.000,55.000,182,171,274,160,74,74,74,74,74,74,1,0,0,3,30,1,15.000,1
8.505000,3.78,15.000,8.990,191,191,120.000,120,120,18.000,39.000,55.000,182,171,274,160,74,74,74,74,74,74,1,0,0,3,30,1,15.000,1
8.510000,7.38,15.000,8.990,191,191,120.000,120,120,18.000,39.000,55.000,182,171,274,160,74,74,74,74,74,74,1,0,0,3,30,1,15.000,1
8.515000,10.98,15.000,8.990,191,191,120.000,120,120,18.000,39.000,55.000,182,171,274,160,74,74,74,74,74,74,1,0,0,3,30,1,15.000,1
8.520000,14.58,15.000,8.990,191,191,120.000,120,120,18.000,39.000,55.000,182,171,274,160,74,74,74,74,74,74,1,0,0,3,30,1,15.000,1
8.525000,18.18,15.000,8.990,191,191,120.000,120,120,18.000,39.000,55.000,182,171,274,160,74,74,74,74,74,74,1,0,0,3,30,1,15.000,1
8.530000,21.78,15.000,8.990,191,191,120.000,119,119,18.000,39.000,55.000,181,170,272,160,74,74,74,74,74,74,1,0,0,3,30,1,15.000,1
8.535000,25.38,15.000,8.990,191,191,120.000,119,119,18.000,39.000,55.000,181,170,272,160,74,74,74,74,74,74,1,0,0,3,30,1,15.000,1
8.540000,28.98,15.000,8.990,191,191,120.000,119,119,18.000,39.000,55.000,181,170,272,160,74,74,74,74,74,74,1,0,0,3,30,1,15.000,1
8.545000,32.58,15.000,8.990,191,191,120.000,119,119,18.000,39.000,55.000,181,170,272,160,74,74,74,74,74,74,1,0,0,3,30,1,15.000,1
8.550000,36.18,15.000,8.990,191,191,120.000,120,120,18.000,39.000,55.000,182,171,274,160,74,74,74,74,74,74,1,0,0,3,30,1,15.000,1
8.555000,39.78,15.000,8.990,191,191,120.000,120,120,18.000,39.000,55.000,182,171,274,160,74,74,74,74,74,74,1,0,0,3,30,1,15.000,1
8.560000,43.38,15.000,8.990,191,191,120.000,120,120,18.000,39.000,55.000,182,171,274,160,74,74,74,74,74,74,1,0,0,3,30,1,15.000,1
8.565000,46.98,15.000,8.990,191,191,120.000,120,120,18.000,39.000,55.000,182,171,274,160,74,74,74,74,74,74,1,0,0,3,30,1,15.000,1
8.570000,50.58,15.000,8.990,191,191,120.000,120,120,18.000,39.000,55.000,182,171,274,160,74,74,74,74,74,74,1,0,0,3,30,1,15.000,1
8.575000,54.18,15.000,8.990,191,191,120.000,120,120,18.000,39.000,55.000,182,171,274,160,74,74,74,74,74,74,1,0,0,3,30,1,15.000,1
8.580000,57.78,15.000,8.990,191,191,120.000,120,120,18.000,39.000,55.000,182,171,274,160,74,74,74,74,74,74,1,0,0,3,30,1,15.000,1
8.585000,61.38,15.000,8.990,191,191,120.000,120,120,18.000,39.000,55.000,182,171,274,160,74,74,74,74,74,74,1,0,0,3,30,1,15.000,1
8.590000,64.98,15.000,8.990,191,191,120.000,119,119,18.000,39.000,55.000,181,170,272,160,74,74,74,74,74,74,1,0,0,3,30,1,15.000,1
8.595000,68.58,15.000,8.990,191,191,120.000,119,119,18.000,39.000,55.000,181,170,272,160,74,74,74,74,74,74,1,0,0,3,30,1,15.000,1
8.600000,72.18,15.000,8.990,191,191,120.000,119,119,18.000,39.000,55.000,181,170,272,160,74,74,74,74,74,74,1,0,0,3,30,1,15.000,1
8.605000,75.78,15.000,8.990,191,191,120.000,119,119,18.000,39.000,55.000,181,170,272,160,74,74,74,74,74,74,1,0,0,3,30,1,15.000,1
8.610000,79.38,15.000,8.990,191,191,120.000,120,120,18.000,39.000,55.000,182,171,274,160,74,74,74,74,74,74,1,0,0,3,30,1,15.000,1
8.615000,82.98,15.000,8.990,191,191,120.000,120,120,18.000,39.000,55.000,182,171,274,160,74,74,74,74,74,74,1,0,0,3,30,1,15.000,1
8.620000,86.58,15.000,8.990,191,191,120.000,120,120,18.000,39.000,55.000,182,171,274,160,74,74,74,74,74,74,1,0,0,3,30,1,15.000,1
8.625000,90.18,15.000,8.990,191,191,120.000,120,120,18.000,39.000,55.000,182,171,274,160,74,74,74,74,74,74,1,0,0,3,30,1,15.000,1
8.630000,93.78,15.000,8.990,191,191,120.000,120,120,18.000,39.000,55.000,182,171,274,160,74,74,74,74,74,74,1,0,0,3,30,1,15.000,1
8.635000,97.38,15.000,8.990,191,191,120.000,120,120,18.000,39.000,55.000,182,171,274,160,74,74,74,74,74,74,1,0,0,3,30,1,15.000,1
8.640000,100.98,15.000,8.990,191,191,120.000,120,120,18.000,39.000,55.000,182,171,274,160,74,74,74,74,74,74,1,0,0,3,30,1,15.000,1
8.645000,104.58,15.000,8.990,191,191,120.000,120,120,18.000,39.000,55.000,182,171,274,160,74,74,74,74,74,74,1,0,0,3,30,1,15.000,1
8.650000,108.18,15.000,8.990,191,191,120.000,120,120,18.000,39.000,55.000,182,171,274,160,74,74,74,74,74,74,1,0,0,3,30,1,15.000,1
8.655000,111.78,15.000,8.990,191,191,120.000,119,119,18.000,39.000,55.000,181,170,272,160,74,74,74,74,74,74,1,0,0,3,30,1,15.000,1
8.660000,115.38,15.000,8.990,191,191,120.000,119,119,18.000,39.000,55.000,181,170,272,160,74,74,74,74,74,74,1,0,0,3,30,1,15.000,1
8.665000,118.98,15.000,8.990,191,191,120.000,119,119,18.000,39.000,55.000,181,170,272,160,74,74,74,74,74,74,1,0,0,3,30,1,15.000,1
8.670000,122.58,15.000,8.990,191,191,120.000,119,119,18.000,39.000,55.000,181,170,272,160,74,74,74,74,74,74,1,0,0,3,30,1,15.000,1
8.675000,126.18,15.000,8.990,191,191,120.000,120,120,18.000,39.000,55.000,182,171,274,160,74,74,74,74,74,74,1,0,0,3,30,1,15.000,1
8.680000,129.78,15.000,8.990,191,191,120.000,120,120,18.000,39.000,55.000,182,171,274,160,74,74,74,74,74,74,1,0,0,3,30,1,15.000,1
8.685000,133.38,15.000,8.990,191,191,120.000,120,120,18.000,39.000,55.000,182,171,274,160,74,74,74,74,74,74,1,0,0,3,30,1,15.000,1
8.690000,136.98,15.000,8.990,191,191,120.000,120,120,18.000,39.000,55.000,182,171,274,160,74,74,74,74,74,74,1,0,0,3,30,1,15.000,1
8.695000,140.58,15.000,8.990,191,191,120.000,120,120,18.000,39.000,55.000,182,171,274,160,74,74,74,74,74,74,1,0,0,3,30,1,15.000,1
8.700000,144.18,15.000,8.990,191,191,120.000,120,120,18.000,39.000,55.000,182,171,274,160,74,74,74,74,74,74,1,0,0,3,30,1,15.000,1
8.705000,147.78,15.000,8.990,191,191,120.000,120,120,18.000,39.000,55.000,182,171,274,160,74,74,74,74,74,74,1,0,0,3,30,1,15.000,1
8.710000,151.38,15.000,8.990,191,191,120.000,120,120,18.000,39.000,55.000,182,171,274,160,74,74,74,74,74,74,1,0,0,3,30,1,15.000,1
8.715000,154.98,15.000,8.990,191,191,120.000,119,119,18.000,39.000,55.000,181,170,272,160,74,74,74,74,74,74,1,0,0,3,30,1,15.000,1
8.720000,158.58,15.000,8.990,191,191,120.000,119,119,18.000,39.000,55.000,181,170,272,160,74,74,74,74,74,74,1,0,0,3,30,1,15.000,1
8.725000,162.18,15.000,8.990,191,191,120.000,119,119,18.000,39.000,55.000,181,170,272,160,74,74,74,74,74,74,1,0,0,3,30,1,15.000,1
8.730000,165.78,15.000,8.990,191,191,120.000,119,119,18.000,39.000,55.000,181,170,272,160,74,74,74,74,74,74,1,0,0,3,30,1,15.000,1
8.735000,169.38,15.000,8.990,191,191,120.000,120,120,18.000,39.000,55.000,182,171,274,160,74,74,74,74,74,74,1,0,0,3,30,1,15.000,1
8.740000,172.98,15.000,8.990,191,191,120.000,120,120,18.000,39.000,55.000,182,171,274,160,74,74,74,74,74,74,1,0,0,3,30,1,15.000,1
8.745000,176.58,15.000,8.990,191,191,120.000,120,120,18.000,39.000,55.000,182,171,274,160,74,74,74,74,74,74,1,0,0,3,30,1,15.000,1
8.750000,180.18,15.000,8.990,191,191,120.000,120,120,18.000,39.000,55.000,182,171,274,160,74,74,74,74,74,74,1,0,0,3,30,1,15.000,1
8.755000,183.78,15.000,8.990,191,191,120.000,120,120,18.000,39.000,55.000,182,171,274,160,74,74,74,74,74,74,1,0,0,3,30,1,15.000,1
8.760000,187.38,15.000,8.990,191,191,120.000,120,120,18.000,39.000,55.000,182,171,274,160,74,74,74,74,74,74,1,0,0,3,30,1,15.000,1
8.765000,190.98,15.000,8.990,191,191,120.000,120,120,18.000,39.000,55.000,182,171,274,160,74,74,74,74,74,74,1,0,0,3,30,1,15.000,1
8.770000,194.58,15.000,8.990,191,191,120.000,120,120,18.000,39.000,55.000,182,171,274,160,74,74,74,74,74,74,1,0,0,3,30,1,15.000,1
8.775000,198.18,15.000,8.990,191,191,120.000,120,120,18.000,39.000,55.000,182,171,274,160,74,74,74,74,74,74,1,0,0,3,30,1,15.000,1
8.780000,201.78,15.000,8.990,191,191,120.000,119,119,18.000,39.000,55.000,181,170,272,160,74,74,74,74,74,74,1,0,0,3,30,1,15.000,1
8.785000,205.38,15.000,8.990,191,191,120.000,119,119,18.000,39.000,55.000,181,170,272,160,74,74,74,74,74,74,1,0,0,3,30,1,15.000,1
8.790000,208.98,15.000,8.990,191,191,120.000,119,119,18.000,39.000,55.000,181,170,272,160,74,74,74,74,74,74,1,0,0,3,30,1,15.000,1
8.795000,212.58,15.000,8.990,191,191,120.000,119,119,18.000,39.000,55.000,181,170,272,160,74,74,74,74,74,74,1,0,0,3,30,1,15.000,1
8.800000,216.18,15.000,8.990,191,191,120.000,120,120,18.000,39.000,55.000,182,171,274,160,74,74,74,74,74,74,1,0,0,3,30,1,15.000,1
8.805000,219.78,15.000,8.990,191,191,120.000,120,120,18.000,39.000,55.000,182,171,274,160,74,74,74,74,74,74,1,0,0,3,30,1,15.000,1
8.810000,223.38,15.000,8.990,191,191,120.000,120,120,18.000,39.000,55.000,182,171,274,160,74,74,74,74,74,74,1,0,0,3,30,1,15.000,1
8.815000,226.98,15.000,8.990,191,191,120.000,120,120,18.000,39.000,55.000,182,171,274,160,74,74,74,74,74,74,1,0,0,3,30,1,15.000,1
8.820000,230.58,15.000,8.990,191,191,120.000,120,120,18.000,39.000,55.000,182,171,274,160,74,74,74,74,74,74,1,0,0,3,30,1,15.000,1
8.825000,234.18,15.000,8.990,191,191,120.000,120,120,18.000,39.000,55.000,182,171,274,160,74,74,74,74,74,74,1,0,0,3,30,1,15.000,1
8.830000,237.78,15.000,8.990,191,191,120.000,120,120,18.000,39.000,55.000,182,171,274,160,74,74,74,74,74,74,1,0,0,3,30,1,15.000,1
8.835000,241.38,15.000,8.990,191,191,120.000,120,120,18.000,39.000,55.000,182,171,274,160,74,74,74,74,74,74,1,0,0,3,30,1,15.000,1
8.840000,244.98,15.000,8.990,191,191,120.000,119,119,18.000,39.000,55.000,181,170,272,160,74,74,74,74,74,74,1,0,0,3,30,1,15.000,1
8.845000,248.58,15.000,8.990,191,191,120.000,119,119,18.000,39.000,55.000,181,170,272,160,74,74,74,74,74,74,1,0,0,3,30,1,15.000,1
8.850000,252.18,15.000,8.990,191,191,120.000,119,119,18.000,39.000,55.000,181,170,272,160,74,74,74,74,74,74,1,0,0,3,30,1,15.000,1
8.855000,255.78,15.000,8.990,191,191,120.000,119,119,18.000,39.000,55.000,181,170,272,160,74,74,74,74,74,74,1,0,0,3,30,1,15.000,1
8.860000,259.38,15.000,8.990,191,191,120.000,120,120,18.000,39.000,55.000,182,171,274,160,74,74,74,74,74,74,1,0,0,3,30,1,15.000,1
8.865000,262.98,15.000,8.990,191,191,120.000,120,120,18.000,39.000,55.000,182,171,274,160,74,74,74,74,74,74,1,0,0,3,30,1,15.000,1
8.870000,266.58,15.000,8.990,191,191,120.000,120,120,18.000,39.000,55.000,182,171,274,160,74,74,74,74,74,74,1,0,0,3,30,1,15.000,1
8.875000,270.18,15.000,8.990,191,191,120.000,120,120,18.000,39.000,55.000,182,171,274,160,74,74,74,74,74,74,1,0,0,3,30,1,15.000,1
8.880000,273.78,15.000,8.990,191,191,120.000,120,120,18.000,39.000,55.000,182,171,274,160,74,74,74,74,74,74,1,0,0,3,30,1,15.000,1
8.885000,277.38,15.000,8.990,191,191,120.000,120,120,18.000,39.000,55.000,182,171,274,160,74,74,74,74,74,74,1,0,0,3,30,1,15.000,1
8.890000,280.98,15.000,8.990,191,191,120.000,120,120,18.000,39.000,55.000,182,171,274,160,74,74,74,74,74,74,1,0,0,3,30,1,15.000,1
8.895000,284.58,15.000,8.990,191,191,120.000,120,120,18.000,39.000,55.000,182,171,274,160,74,74,74,74,74,74,1,0,0,3,30,1,15.000,1
8.900000,288.18,15.000,8.990,191,191,120.000,120,120,18.000,39.000,55.000,182,171,274,160,74,74,74,74,74,74,1,0,0,3,30,1,15.000,1
8.905000,291.78,15.000,8.990,191,191,120.000,119,119,18.000,39.000,55.000,181,170,272,160,74,74,74,74,74,74,1,0,0,3,30,1,15.000,1
8.910000,295.38,15.000,8.990,191,191,120.000,119,119,18.000,39.000,55.000,181,170,272,160,74,74,74,74,74,74,1,0,0,3,30,1,15.000,1
8.915000,298.98,15.000,8.990,191,191,120.000,119,119,18.000,39.000,55.000,181,170,272,160,74,74,74,74,74,74,1,0,0,3,30,1,15.000,1
8.920000,302.58,15.000,8.990,191,191,120.000,119,119,18.000,39.000,55.000,181,170,272,160,74,74,74,74,74,74,1,0,0,3,30,1,15.000,1
8.925000,306.18,15.000,8.990,191,191,120.000,120,120,18.000,39.000,55.000,182,171,274,160,74,74,74,74,74,74,1,0,0,3,30,1,15.000,1
8.930000,309.78,15.000,8.990,191,191,120.000,120,120,18.000,39.000,55.000,182,171,274,160,74,74,74,74,74,74,1,0,0,3,30,1,15.000,1
8.935000,313.38,15.000,8.990,191,191,120.000,120,120,18.000,39.000,55.000,182,171,274,160,74,74,74,74,74,74,1,0,0,3,30,1,15.000,1
8.940000,316.98,15.000,8.990,191,191,120.000,120,120,18.000,39.000,55.000,182,171,274,160,74,74,74,74,74,74,1,0,0,3,30,1,15.000,1
8.945000,320.58,15.000,8.990,191,191,120.000,120,120,18.000,39.000,55.000,182,171,274,160,74,74,74,74,74,74,1,0,0,3,30,1,15.000,1
8.950000,324.18,15.000,8.990,191,191,120.000,120,120,18.000,39.000,55.000,182,171,274,160,74,74,74,74,74,74,1,0,0,3,30,1,15.000,1
8.955000,327.78,15.000,8.990,191,191,120.000,120,120,18.000,39.000,55.000,182,171,274,160,74,74,74,74,74,74,1,0,0,3,30,1,15.000,1
8.960000,331.38,15.000,8.990,191,191,120.000,120,120,18.000,39.000,55.000,182,171,274,160,74,74,74,74,74,74,1,0,0,3,30,1,15.000,1
8.965000,334.98,15.000,8.990,191,191,120.000,119,119,18.000,39.000,55.000,181,170,272,160,74,74,74,74,74,74,1,0,0,3,30,1,15.000,1
8.970000,338.58,15.000,8.990,191,191,120.000,119,119,18.000,39.000,55.000,181,170,272,160,74,74,74,74,74,74,1,0,0,3,30,1,15.000,1
8.975000,342.18,15.000,8.990,191,191,120.000,119,119,18.000,39.000,55.000,181,170,272,160,74,74,74,74,74,74,1,0,0,3,30,1,15.000,1
8.980000,345.78,15.000,8.990,191,191,120.000,119,119,18.000,39.000,55.000,181,170,272,160,74,74,74,74,74,74,1,0,0,3,30,1,15.000,1
8.985000,349.38,15.000,8.990,191,191,120.000,120,120,18.000,39.000,55.000,182,171,274,160,74,74,74,74,74,74,1,0,0,3,30,1,15.000,1
8.990000,352.98,15.000,8.990,191,191,120.000,120,120,18.000,39.000,55.000,182,171,274,160,74,74,74,74,74,74,1,0,0,3,30,1,15.000,1
8.995000,356.58,15.000,8.990,191,191,120.000,120,120,18.000,39.000,55.000,182,171,274,160,74,74,74,74,74,74,1,0,0,3,30,1,15.000,1
9.000000,0.18,15.000,8.990,191,191,120.000,120,120,18.000,39.000,55.000,182,171,274,160,74,74,74,74,74,74,1,0,0,3,30,1,15.000,1
9.005000,3.78,15.000,8.990,191,191,120.000,120,120,18.000,39.000,55.000,182,171,274,160,74,74,74,74,74,74,1,0,0,3,30,1,15.000,1
9.010000,7.38,15.000,8.990,191,191,120.000,120,120,18.000,39.000,55.000,182,171,274,160,74,74,74,74,74,74,1,0,0,3,30,1,15.000,1
9.015000,10.98,15.000,8.990,191,191,120.000,120,120,18.000,39.000,55.000,182,171,274,160,74,74,74,74,74,74,1,0,0,3,30,1,15.000,1
9.020000,14.58,15.000,8.990,191,191,120.000,120,120,18.000,39.000,55.000,182,171,274,160,74,74,74,74,74,74,1,0,0,3,30,1,15.000,1
9.025000,18.18,15.000,8.990,191,191,120.000,120,120,18.000,39.000,55.000,182,171,274,160,74,74,74,74,74,74,1,0,0,3,30,1,15.000,1
9.030000,21.78,15.000,8.990,191,191,120.000,119,119,18.000,39.000,55.000,181,170,272,160,74,74,74,74,74,74,1,0,0,3,30,1,15.000,1
9.035000,25.38,15.000,8.990,191,191,120.000,119,119,18.000,39.000,55.000,181,170,272,160,74,74,74,74,74,74,1,0,0,3,30,1,15.000,1
9.040000,28.98,15.000,8.990,191,191,120.000,119,119,18.000,39.000,55.000,181,170,272,160,74,74,74,74,74,74,1,0,0,3,30,1,15.000,1
9.045000,32.58,15.000,8.990,191,191,120.000,119,119,18.000,39.000,55.000,181,170,272,160,74,74,74,74,74,74,1,0,0,3,30,1,15.000,1
9.050000,36.18,15.000,8.990,191,191,120.000,120,120,18.000,39.000,55.000,182,171,274,160,74,74,74,74,74,74,1,0,0,3,30,1,15.000,1
9.055000,39.78,15.000,8.990,191,191,120.000,120,120,18.000,39.000,55.000,182,171,274,160,74,74,74,74,74,74,1,0,0,3,30,1,15.000,1
9.060000,43.38,15.000,8.990,191,191,120.000,120,120,18.000,39.000,55.000,182,171,274,160,74,74,74,74,74,74,1,0,0,3,30,1,15.000,1
9.065000,46.98,15.000,8.990,191,191,120.000,120,120,18.000,39.000,55.000,182,171,274,160,74,74,74,74,74,74,1,0,0,3,30,1,15.000,1
9.070000,50.58,15.000,8.990,191,191,120.000,120,120,18.000,39.000,55.000,182,171,274,160,74,74,74,74,74,74,1,0,0,3,30,1,15.000,1
9.075000,54.18,15.000,8.990,191,191,120.000,120,120,18.000,39.000,55.000,182,171,274,160,74,74,74,74,74,74,1,0,0,3,30,1,15.000,1
9.080000,57.78,15.000,8.990,191,191,120.000,120,120,18.000,39.000,55.000,182,171,274,160,74,74,74,74,74,74,1,0,0,3,30,1,15.000,1
9.085000,61.38,15.000,8.990,191,191,120.000,120,120,18.000,39.000,55.000,182,171,274,160,74,74,74,74,74,74,1,0,0,3,30,1,15.000,1
9.090000,64.98,15.000,8.990,191,191,120.000,119,119,18.000,39.000,55.000,181,170,272,160,74,74,74,74,74,74,1,0,0,3,30,1,15.000,1
9.095000,68.58,15.000,8.990,191,191,120.000,119,119,18.000,39.000,55.000,181,170,272,160,74,74,74,74,74,74,1,0,0,3,30,1,15.000,1
9.100000,72.18,15.000,8.990,191,191,120.000,119,119,18.000,39.000,55.000,181,170,272,160,74,74,74,74,74,74,1,0,0,3,30,1,15.000,1
9.105000,75.78,15.000,8.990,191,191,120.000,119,119,18.000,39.000,55.000,181,170,272,160,74,74,74,74,74,74,1,0,0,3,30,1,15.000,1
9.110000,79.38,15.000,8.990,191,191,120.000,120,120,18.000,39.000,55.000,182,171,274,160,74,74,74,74,74,74,1,0,0,3,30,1,15.000,1
9.115000,82.98,15.000,8.990,191,191,120.000,120,120,18.000,39.000,55.000,182,171,274,160,74,74,74,74,74,74,1,0,0,3,30,1,15.000,1
9.120000,86.58,15.000,8.990,191,191,120.000,120,120,18.000,39.000,55.000,182,171,274,160,74,74,74,74,74,74,1,0,0,3,30,1,15.000,1
9.125000,90.18,15.000,8.990,191,191,120.000,120,120,18.000,39.000,55.000,182,171,274,160,74,74,74,74,74,74,1,0,0,3,30,1,15.000,1
9.130000,93.78,15.000,8.990,191,191,120.000,120,120,18.000,39.000,55.000,182,171,274,160,74,74,74,74,74,74,1,0,0,3,30,1,15.000,1
9.135000,97.38,15.000,8.990,191,191,120.000,120,120,18.000,39.000,55.000,182,171,274,160,74,74,74,74,74,74,1,0,0,3,30,1,15.000,1
9.140000,100.98,15.000,8.990,191,191,120.000,120,120,18.000,39.000,55.000,182,171,274,160,74,74,74,74,74,74,1,0,0,3,30,1,15.000,1
9.145000,104.58,15.000,8.990,191,191,120.000,120,120,18.000,39.000,55.000,182,171,274,160,74,74,74,74,74,74,1,0,0,3,30,1,15.000,1
9.150000,108.18,15.000,8.990,191,191,120.000,120,120,18.000,39.000,55.000,182,171,274,160,74,74,74,74,74,74,1,0,0,3,30,1,15.000,1
9.155000,111.78,15.000,8.990,191,191,120.000,119,119,18.000,39.000,55.000,181,170,272,160,74,74,74,74,74,74,1,0,0,3,30,1,15.000,1
9.160000,115.38,15.000,8.990,191,191,120.000,119,119,18.000,39.000,55.000,181,170,272,160,74,74,74,74,74,74,1,0,0,3,30,1,15.000,1
9.165000,118.98,15.000,8.990,191,191,120.000,119,119,18.000,39.000,55.000,181,170,272,160,74,74,74,74,74,74,1,0,0,3,30,1,15.000,1
9.170000,122.58,15.000,8.990,191,191,120.000,119,119,18.000,39.000,55.000,181,170,272,160,74,74,74,74,74,74,1,0,0,3,30,1,15.000,1
9.175000,126.18,15.000,8.990,191,191,120.000,120,120,18.000,39.000,55.000,182,171,274,160,74,74,74,74,74,74,1,0,0,3,30,1,15.000,1
9.180000,129.78,15.000,8.990,191,191,120.000,120,120,18.000,39.000,55.000,182,171,274,160,74,74,74,74,74,74,1,0,0,3,30,1,15.000,1
9.185000,133.38,15.000,8.990,191,191,120.000,120,120,18.000,39.000,55.000,182,171,274,160,74,74,74,74,74,74,1,0,0,3,30,1,15.000,1
9.190000,136.98,15.000,8.990,191,191,120.000,120,120,18.000,39.000,55.000,182,171,274,160,74,74,74,74,74,74,1,0,0,3,30,1,15.000,1
9.195000,140.58,15.000,8.990,191,191,120.000,120,120,18.000,39.000,55.000,182,171,274,160,74,74,74,74,74,74,1,0,0,3,30,1,15.000,1
9.200000,144.18,15.000,8.990,191,191,120.000,120,120,18.000,39.000,55.000,182,171,274,160,74,74,74,74,74,74,1,0,0,3,30,1,15.000,1
9.205000,147.78,15.000,8.990,191,191,120.000,120,120,18.000,39.000,55.000,182,171,274,160,74,74,74,74,74,74,1,0,0,3,30,1,15.000,1
9.210000,151.38,15.000,8.990,191,191,120.000,120,120,18.000,39.000,55.000,182,171,274,160,74,74,74,74,74,74,1,0,0,3,30,1,15.000,1
9.215000,154.98,15.000,8.990,191,191,120.000,119,119,18.000,39.000,55.000,181,170,272,160,74,74,74,74,74,74,1,0,0,3,30,1,15.000,1
9.220000,158.58,15.000,8.990,191,191,120.000,119,119,18.000,39.000,55.000,181,170,272,160,74,74,74,74,74,74,1,0,0,3,30,1,15.000,1
9.225000,162.18,15.000,8.990,191,191,120.000,119,119,18.000,39.000,55.000,181,170,272,160,74,74,74,74,74,74,1,0,0,3,30,1,15.000,1
9.230000,165.78,15.000,8.990,191,191,120.000,119,119,18.000,39.000,55.000,181,170,272,160,74,74,74,74,74,74,1,0,0,3,30,1,15.000,1
9.235000,169.38,15.000,8.990,191,191,120.000,120,120,18.000,39.000,55.000,182,171,274,160,74,74,74,74,74,74,1,0,0,3,30,1,15.000,1
9.240000,172.98,15.000,8.990,191,191,120.000,120,120,18.000,39.000,55.000,182,171,274,160,74,74,74,74,74,74,1,0,0,3,30,1,15.000,1
9.245000,176.58,15.000,8.990,191,191,120.000,120,120,18.000,39.000,55.000,182,171,274,160,74,74,74,74,74,74,1,0,0,3,30,1,15.000,1
9.250000,180.18,15.000,8.990,191,191,120.000,120,120,18.000,39.000,55.000,182,171,274,160,74,74,74,74,74,74,1,0,0,3,30,1,15.000,1
9.255000,183.78,15.000,8.990,191,191,120.000,120,120,18.000,39.000,55.000,182,171,274,160,74,74,74,74,74,74,1,0,0,3,30,1,15.000,1
9.260000,187.38,15.000,8.990,191,191,120.000,120,120,18.000,39.000,55.000,182,171,274,160,74,74,74,74,74,74,1,0,0,3,30,1,15.000,1
9.265000,190.98,15.000,8.990,191,191,120.000,120,120,18.000,39.000,55.000,182,171,274,160,74,74,74,74,74,74,1,0,0,3,30,1,15.000,1
9.270000,194.58,15.000,8.990,191,191,120.000,120,120,18.000,39.000,55.000,182,171,274,160,74,74,74,74,74,74,1,0,0,3,30,1,15.000,1
9.275000,198.18,15.000,8.990,191,191,120.000,120,120,18.000,39.000,55.000,182,171,274,160,74,74,74,74,74,74,1,0,0,3,30,1,15.000,1
9.280000,201.78,15.000,8.990,191,191,120.000,119,119,18.000,39.000,55.000,181,170,272,160,74,74,74,74,74,74,1,0,0,3,30,1,15.000,1
9.285000,205.38,15.000,8.990,191,191,120.000,119,119,18.000,39.000,55.000,181,170,272,160,74,74,74,74,74,74,1,0,0,3,30,1,15.000,1
9.290000,208.98,15.000,8.990,191,191,120.000,119,119,18.000,39.000,55.000,181,170,272,160,74,74,74,74,74,74,1,0,0,3,30,1,15.000,1
9.295000,212.58,15.000,8.990,191,191,120.000,119,119,18.000,39.000,55.000,181,170,272,160,74,74,74,74,74,74,1,0,0,3,30,1,15.000,1
9.300000,216.18,15.000,8.990,191,191,120.000,120,120,18.000,39.000,55.000,182,171,274,160,74,74,74,74,74,74,1,0,0,3,30,1,15.000,1
9.305000,219.78,15.000,8.990,191,191,120.000,120,120,18.000,39.000,55.000,182,171,274,160,74,74,74,74,74,74,1,0,0,3,30,1,15.000,1
9.310000,223.38,15.000,8.990,191,191,120.000,120,120,18.000,39.000,55.000,182,171,274,160,74,74,74,74,74,74,1,0,0,3,30,1,15.000,1
9.315000,226.98,15.000,8.990,191,191,120.000,120,120,18.000,39.000,55.000,182,171,274,160,74,74,74,74,74,74,1,0,0,3,30,1,15.000,1
9.320000,230.58,15.000,8.990,191,191,120.000,120,120,18.000,39.000,55.000,182,171,274,160,74,74,74,74,74,74,1,0,0,3,30,1,15.000,1
9.325000,234.18,15.000,8.990,191,191,120.000,120,120,18.000,39.000,55.000,182,171,274,160,74,74,74,74,74,74,1,0,0,3,30,1,15.000,1
9.330000,237.78,15.000,8.990,191,191,120.000,120,120,18.000,39.000,55.000,182,171,274,160,74,74,74,74,74,74,1,0,0,3,30,1,15.000,1
9.335000,241.38,15.000,8.990,191,191,120.000,120,120,18.000,39.000,55.000,182,171,274,160,74,74,74,74,74,74,1,0,0,3,30,1,15.000,1
9.340000,244.98,15.000,8.990,191,191,120.000,119,119,18.000,39.000,55.000,181,170,272,160,74,74,74,74,74,74,1,0,0,3,30,1,15.000,1
9.345000,248.58,15.000,8.990,191,191,120.000,119,119,18.000,39.000,55.000,181,170,272,160,74,74,74,74,74,74,1,0,0,3,30,1,15.000,1
9.350000,252.18,15.000,8.990,191,191,120.000,119,119,18.000,39.000,55.000,181,170,272,160,74,74,74,74,74,74,1,0,0,3,30,1,15.000,1
9.355000,255.78,15.000,8.990,191,191,120.000,119,119,18.000,39.000,55.000,181,170,272,160,74,74,74,74,74,74,1,0,0,3,30,1,15.000,1
9.360000,259.38,15.000,8.990,191,191,120.000,120,120,18.000,39.000,55.000,182,171,274,160,74,74,74,74,74,74,1,0,0,3,30,1,15.000,1
9.365000,262.98,15.000,8.990,191,191,120.000,120,120,18.000,39.000,55.000,182,171,274,160,74,74,74,74,74,74,1,0,0,3,30,1,15.000,1
9.370000,266.58,15.000,8.990,191,191,120.000,120,120,18.000,39.000,55.000,182,171,274,160,74,74,74,74,74,74,1,0,0,3,30,1,15.000,1
9.375000,270.18,15.000,8.990,191,191,120.000,120,120,18.000,39.000,55.000,182,171,274,160,74,74,74,74,74,74,1,0,0,3,30,1,15.000,1
9.380000,273.78,15.000,8.990,191,191,120.000,120,120,18.000,39.000,55.000,182,171,274,160,74,74,74,74,74,74,1,0,0,3,30,1,15.000,1
9.385000,277.38,15.000,8.990,191,191,120.000,120,120,18.000,39.000,55.000,182,171,274,160,74,74,74,74,74,74,1,0,0,3,30,1,15.000,1
9.390000,280.98,15.000,8.990,191,191,120.000,120,120,18.000,39.000,55.000,182,171,274,160,74,74,74,74,74,74,1,0,0,3,30,1,15.000,1
9.395000,284.58,15.000,8.990,191,191,120.000,120,120,18.000,39.000,55.000,182,171,274,160,74,74,74,74,74,74,1,0,0,3,30,1,15.000,1
9.400000,288.18,15.000,8.990,191,191,120.000,120,120,18.000,39.000,55.000,182,171,274,160,74,74,74,74,74,74,1,0,0,3,30,1,15.000,1
9.405000,291.78,15.000,8.990,191,191,120.000,119,119,18.000,39.000,55.000,181,170,272,160,74,74,74,74,74,74,1,0,0,3,30,1,15.000,1
9.410000,295.38,15.000,8.990,191,191,120.000,119,119,18.000,39.000,55.000,181,170,272,160,74,74,74,74,74,74,1,0,0,3,30,1,15.000,1
9.415000,298.98,15.000,8.990,191,191,120.000,119,119,18.000,39.000,55.000,181,170,272,160,74,74,74,74,74,74,1,0,0,3,30,1,15.000,1
9.420000,302.58,15.000,8.990,191,191,120.000,119,119,18.000,39.000,55.000,181,170,272,160,74,74,74,74,74,74,1,0,0,3,30,1,15.000,1
9.425000,306.18,15.000,8.990,191,191,120.000,120,120,18.000,39.000,55.000,182,171,274,160,74,74,74,74,74,74,1,0,0,3,30,1,15.000,1
9.430000,309.78,15.000,8.990,191,191,120.000,120,120,18.000,39.000,55.000,182,171,274,160,74,74,74,74,74,74,1,0,0,3,30,1,15.000,1
9.435000,313.38,15.000,8.990,191,191,120.000,120,120,18.000,39.000,55.000,182,171,274,160,74,74,74,74,74,74,1,0,0,3,30,1,15.000,1
9.440000,316.98,15.000,8.990,191,191,120.000,120,120,18.000,39.000,55.000,182,171,274,160,74,74,74,74,74,74,1,0,0,3,30,1,15.000,1
9.445000,320.58,15.000,8.990,191,191,120.000,120,120,18.000,39.000,55.000,182,171,274,160,74,74,74,74,74,74,1,0,0,3,30,1,15.000,1
9.450000,324.18,15.000,8.990,191,191,120.000,120,120,18.000,39.000,55.000,182,171,274,160,74,74,74,74,74,74,1,0,0,3,30,1,15.000,1
9.455000,327.78,15.000,8.990,191,191,120.000,120,120,18.000,39.000,55.000,182,171,274,160,74,74,74,74,74,74,1,0,0,3,30,1,15.000,1
9.460000,331.38,15.000,8.990,191,191,120.000,120,120,18.000,39.000,55.000,182,171,274,160,74,74,74,74,74,74,1,0,0,3,30,1,15.000,1
9.465000,334.98,15.000,8.990,191,191,120.000,119,119,18.000,39.000,55.000,181,170,272,160,74,74,74,74,74,74,1,0,0,3,30,1,15.000,1
9.470000,338.58,15.000,8.990,191,191,120.000,119,119,18.000,39.000,55.000,181,170,272,160,74,74,74,74,74,74,1,0,0,3,30,1,15.000,1
9.475000,342.18,15.000,8.990,191,191,120.000,119,119,18.000,39.000,55.000,181,170,272,160,74,74,74,74,74,74,1,0,0,3,30,1,15.000,1
9.480000,345.78,15.000,8.990,191,191,120.000,119,119,18.000,39.000,55.000,181,170,272,160,74,74,74,74,74,74,1,0,0,3,30,1,15.000,1
9.485000,349.38,15.000,8.990,191,191,120.000,120,120,18.000,39.000,55.000,182,171,274,160,74,74,74,74,74,74,1,0,0,3,30,1,15.000,1
9.490000,352.98,15.000,8.990,191,191,120.000,120,120,18.000,39.000,55.000,182,171,274,160,74,74,74,74,74,74,1,0,0,3,30,1,15.000,1
9.495000,356.58,15.000,8.990,191,191,120.000,120,120,18.000,39.000,55.000,182,171,274,160,74,74,74,74,74,74,1,0,0,3,30,1,15.000,1
9.500000,0.18,15.000,8.990,191,191,120.000,120,120,18.000,39.000,55.000,182,171,274,160,74,74,74,74,74,74,1,0,0,3,30,1,15.000,1
9.505000,3.78,15.000,8.990,191,191,120.000,120,120,18.000,39.000,55.000,182,171,274,160,74,74,74,74,74,74,1,0,0,3,30,1,15.000,1
9.510000,7.38,15.000,8.990,191,191,120.000,120,120,18.000,39.000,55.000,182,171,274,160,74,74,74,74,74,74,1,0,0,3,30,1,15.000,1
9.515000,10.98,15.000,8.990,191,191,120.000,120,120,18.000,39.000,55.000,182,171,274,160,74,74,74,74,74,74,1,0,0,3,30,1,15.000,1
9.520000,14.58,15.000,8.990,191,191,120.000,120,120,18.000,39.000,55.000,182,171,274,160,74,74,74,74,74,74,1,0,0,3,30,1,15.000,1
9.525000,18.18,15.000,8.990,191,191,120.000,120,120,18.000,39.000,55.000,182,171,274,160,74,74,74,74,74,74,1,0,0,3,30,1,15.000,1
9.530000,21.78,15.000,8.990,191,191,120.000,119,119,18.000,39.000,55.000,181,170,272,160,74,74,74,74,74,74,1,0,0,3,30,1,15.000,1
9.535000,25.38,15.000,8.990,191,191,120.000,119,119,18.000,39.000,55.000,181,170,272,160,74,74,74,74,74,74,1,0,0,3,30,1,15.000,1
9.540000,28.98,15.000,8.990,191,191,120.000,119,119,18.000,39.000,55.000,181,170,272,160,74,74,74,74,74,74,1,0,0,3,30,1,15.000,1
9.545000,32.58,15.000,8.990,191,191,120.000,119,119,18.000,39.000,55.000,181,170,272,160,74,74,74,74,74,74,1,0,0,3,30,1,15.000,1
9.550000,36.18,15.000,8.990,191,191,120.000,120,120,18.000,39.000,55.000,182,171,274,160,74,74,74,74,74,74,1,0,0,3,30,1,15.000,1
9.555000,39.78,15.000,8.990,191,191,120.000,120,120,18.000,39.000,55.000,182,171,274,160,74,74,74,74,74,74,1,0,0,3,30,1,15.000,1
9.560000,43.38,15.000,8.990,191,191,120.000,120,120,18.000,39.000,55.000,182,171,274,160,74,74,74,74,74,74,1,0,0,3,30,1,15.000,1
9.565000,46.98,15.000,8.990,191,191,120.000,120,120,18.000,39.000,55.000,182,171,274,160,74,74,74,74,74,74,1,0,0,3,30,1,15.000,1
9.570000,50.58,15.000,8.990,191,191,120.000,120,120,18.000,39.000,55.000,182,171,274,160,74,74,74,74,74,74,1,0,0,3,30,1,15.000,1
9.575000,54.18,15.000,8.990,191,191,120.000,120,120,18.000,39.000,55.000,182,171,274,160,74,74,74,74,74,74,1,0,0,3,30,1,15.000,1
9.580000,57.78,15.000,8.990,191,191,120.000,120,120,18.000,39.000,55.000,182,171,274,160,74,74,74,74,74,74,1,0,0,3,30,1,15.000,1
9.585000,61.38,15.000,8.990,191,191,120.000,120,120,18.000,39.000,55.000,182,171,274,160,74,74,74,74,74,74,1,0,0,3,30,1,15.000,1
9.590000,64.98,15.000,8.990,191,191,120.000,119,119,18.000,39.000,55.000,181,170,272,160,74,74,74,74,74,74,1,0,0,3,30,1,15.000,1
9.595000,68.58,15.000,8.990,191,191,120.000,119,119,18.000,39.000,55.000,181,170,272,160,74,74,74,74,74,74,1,0,0,3,30,1,15.000,1
9.600000,72.18,15.000,8.990,191,191,120.000,119,119,18.000,39.000,55.000,181,170,272,160,74,74,74,74,74,74,1,0,0,3,30,1,15.000,1
9.605000,75.78,15.000,8.990,191,191,120.000,119,119,18.000,39.000,55.000,181,170,272,160,74,74,74,74,74,74,1,0,0,3,30,1,15.000,1
9.610000,79.38,15.000,8.990,191,191,120.000,120,120,18.000,39.000,55.000,182,171,274,160,74,74,74,74,74,74,1,0,0,3,30,1,15.000,1
9.615000,82.98,15.000,8.990,191,191,120.000,120,120,18.000,39.000,55.000,182,171,274,160,74,74,74,74,74,74,1,0,0,3,30,1,15.000,1
9.620000,86.58,15.000,8.990,191,191,120.000,120,120,18.000,39.000,55.000,182,171,274,160,74,74,74,74,74,74,1,0,0,3,30,1,15.000,1
9.625000,90.18,15.000,8.990,191,191,120.000,120,120,18.000,39.000,55.000,182,171,274,160,74,74,74,74,74,74,1,0,0,3,30,1,15.000,1
9.630000,93.78,15.000,8.990,191,191,120.000,120,120,18.000,39.000,55.000,182,171,274,160,74,74,74,74,74,74,1,0,0,3,30,1,15.000,1
9.635000,97.38,15.000,8.990,191,191,120.000,120,120,18.000,39.000,55.000,182,171,274,160,74,74,74,74,74,74,1,0,0,3,30,1,15.000,1
9.640000,100.98,15.000,8.990,191,191,120.000,120,120,18.000,39.000,55.000,182,171,274,160,74,74,74,74,74,74,1,0,0,3,30,1,15.000,1
9.645000,104.58,15.000,8.990,191,191,120.000,120,120,18.000,39.000,55.000,182,171,274,160,74,74,74,74,74,74,1,0,0,3,30,1,15.000,1
9.650000,108.18,15.000,8.990,191,191,120.000,120,120,18.000,39.000,55.000,182,171,274,160,74,74,74,74,74,74,1,0,0,3,30,1,15.000,1
9.655000,111.78,15.000,8.990,191,191,120.000,119,119,18.000,39.000,55.000,181,170,272,160,74,74,74,74,74,74,1,0,0,3,30,1,15.000,1
9.660000,115.38,15.000,8.990,191,191,120.000,119,119,18.000,39.000,55.000,181,170,272,160,74,74,74,74,74,74,1,0,0,3,30,1,15.000,1
9.665000,118.98,15.000,8.990,191,191,120.000,119,119,18.000,39.000,55.000,181,170,272,160,74,74,74,74,74,74,1,0,0,3,30,1,15.000,1
9.670000,122.58,15.000,8.990,191,191,120.000,119,119,18.000,39.000,55.000,181,170,272,160,74,74,74,74,74,74,1,0,0,3,30,1,15.000,1
9.675000,126.18,15.000,8.990,191,191,120.000,120,120,18.000,39.000,55.000,182,171,274,160,74,74,74,74,74,74,1,0,0,3,30,1,15.000,1
9.680000,129.78,15.000,8.990,191,191,120.000,120,120,18.000,39.000,55.000,182,171,274,160,74,74,74,74,74,74,1,0,0,3,30,1,15.000,1
9.685000,133.38,15.000,8.990,191,191,120.000,120,120,18.000,39.000,55.000,182,171,274,160,74,74,74,74,74,74,1,0,0,3,30,1,15.000,1
9.690000,136.98,15.000,8.990,191,191,120.000,120,120,18.000,39.000,55.000,182,171,274,160,74,74,74,74,74,74,1,0,0,3,30,1,15.000,1
9.695000,140.58,15.000,8.990,191,191,120.000,120,120,18.000,39.000,55.000,182,171,274,160,74,74,74,74,74,74,1,0,0,3,30,1,15.000,1
9.700000,144.18,15.000,8.990,191,191,120.000,120,120,18.000,39.000,55.000,182,171,274,160,74,74,74,74,74,74,1,0,0,3,30,1,15.000,1
9.705000,147.78,15.000,8.990,191,191,120.000,120,120,18.000,39.000,55.000,182,171,274,160,74,74,74,74,74,74,1,0,0,3,30,1,15.000,1
9.710000,151.38,15.000,8.990,191,191,120.000,120,120,18.000,39.000,55.000,182,171,274,160,74,74,74,74,74,74,1,0,0,3,30,1,15.000,1
9.715000,154.98,15.000,8.990,191,191,120.000,119,119,18.000,39.000,55.000,181,170,272,160,74,74,74,74,74,74,1,0,0,3,30,1,15.000,1
9.720000,158.58,15.000,8.990,191,191,120.000,119,119,18.000,39.000,55.000,181,170,272,160,74,74,74,74,74,74,1,0,0,3,30,1,15.000,1
9.725000,162.18,15.000,8.990,191,191,120.000,119,119,18.000,39.000,55.000,181,170,272,160,74,74,74,74,74,74,1,0,0,3,30,1,15.000,1
9.730000,165.78,15.000,8.990,191,191,120.000,119,119,18.000,39.000,55.000,181,170,272,160,74,74,74,74,74,74,1,0,0,3,30,1,15.000,1
9.735000,169.38,15.000,8.990,191,191,120.000,120,120,18.000,39.000,55.000,182,171,274,160,74,74,74,74,74,74,1,0,0,3,30,1,15.000,1
9.740000,172.98,15.000,8.990,191,191,120.000,120,120,18.000,39.000,55.000,182,171,274,160,74,74,74,74,74,74,1,0,0,3,30,1,15.000,1
9.745000,176.58,15.000,8.990,191,191,120.000,120,120,18.000,39.000,55.000,182,171,274,160,74,74,74,74,74,74,1,0,0,3,30,1,15.000,1
9.750000,180.18,15.000,8.990,191,191,120.000,120,120,18.000,39.000,55.000,182,171,274,160,74,74,74,74,74,74,1,0,0,3,30,1,15.000,1
9.755000,183.78,15.000,8.990,191,191,120.000,120,120,18.000,39.000,55.000,182,171,274,160,74,74,74,74,74,74,1,0,0,3,30,1,15.000,1
9.760000,187.38,15.000,8.990,191,191,120.000,120,120,18.000,39.000,55.000,182,171,274,160,74,74,74,74,74,74,1,0,0,3,30,1,15.000,1
9.765000,190.98,15.000,8.990,191,191,120.000,120,120,18.000,39.000,55.000,182,171,274,160,74,74,74,74,74,74,1,0,0,3,30,1,15.000,1
9.770000,194.58,15.000,8.990,191,191,120.000,120,120,18.000,39.000,55.000,182,171,274,160,74,74,74,74,74,74,1,0,0,3,30,1,15.000,1
9.775000,198.18,15.000,8.990,191,191,120.000,120,120,18.000,39.000,55.000,182,171,274,160,74,74,74,74,74,74,1,0,0,3,30,1,15.000,1
9.780000,201.78,15.000,8.990,191,191,120.000,119,119,18.000,39.000,55.000,181,170,272,160,74,74,74,74,74,74,1,0,0,3,30,1,15.000,1
9.785000,205.38,15.000,8.990,191,191,120.000,119,119,18.000,39.000,55.000,181,170,272,160,74,74,74,74,74,74,1,0,0,3,30,1,15.000,1
9.790000,208.98,15.000,8.990,191,191,120.000,119,119,18.000,39.000,55.000,181,170,272,160,74,74,74,74,74,74,1,0,0,3,30,1,15.000,1
9.795000,212.58,15.000,8.990,191,191,120.000,119,119,18.000,39.000,55.000,181,170,272,160,74,74,74,74,74,74,1,0,0,3,30,1,15.000,1
9.800000,216.18,15.000,8.990,191,191,120.000,120,120,18.000,39.000,55.000,182,171,274,160,74,74,74,74,74,74,1,0,0,3,30,1,15.000,1
9.805000,219.78,15.000,8.990,191,191,120.000,120,120,18.000,39.000,55.000,182,171,274,160,74,74,74,74,74,74,1,0,0,3,30,1,15.000,1
9.810000,223.38,15.000,8.990,191,191,120.000,120,120,18.000,39.000,55.000,182,171,274,160,74,74,74,74,74,74,1,0,0,3,30,1,15.000,1
9.815000,226.98,15.000,8.990,191,191,120.000,120,120,18.000,39.000,55.000,182,171,274,160,74,74,74,74,74,74,1,0,0,3,30,1,15.000,1
9.820000,230.58,15.000,8.990,191,191,120.000,120,120,18.000,39.000,55.000,182,171,274,160,74,74,74,74,74,74,1,0,0,3,30,1,15.000,1
9.825000,234.18,15.000,8.990,191,191,120.000,120,120,18.000,39.000,55.000,182,171,274,160,74,74,74,74,74,74,1,0,0,3,30,1,15.000,1
9.830000,237.78,15.000,8.990,191,191,120.000,120,120,18.000,39.000,55.000,182,171,274,160,74,74,74,74,74,74,1,0,0,3,30,1,15.000,1
9.835000,241.38,15.000,8.990,191,191,120.000,120,120,18.000,39.000,55.000,182,171,274,160,74,74,74,74,74,74,1,0,0,3,30,1,15.000,1
9.840000,244.98,15.000,8.990,191,191,120.000,119,119,18.000,39.000,55.000,181,170,272,160,74,74,74,74,74,74,1,0,0,3,30,1,15.000,1
9.845000,248.58,15.000,8.990,191,191,120.000,119,119,18.000,39.000,55.000,181,170,272,160,74,74,74,74,74,74,1,0,0,3,30,1,15.000,1
9.850000,252.18,15.000,8.990,191,191,120.000,119,119,18.000,39.000,55.000,181,170,272,160,74,74,74,74,74,74,1,0,0,3,30,1,15.000,1
9.855000,255.78,15.000,8.990,191,191,120.000,119,119,18.000,39.000,55.000,181,170,272,160,74,74,74,74,74,74,1,0,0,3,30,1,15.000,1
9.860000,259.38,15.000,8.990,191,191,120.000,120,120,18.000,39.000,55.000,182,171,274,160,74,74,74,74,74,74,1,0,0,3,30,1,15.000,1
9.865000,262.98,15.000,8.990,191,191,120.000,120,120,18.000,39.000,55.000,182,171,274,160,74,74,74,74,74,74,1,0,0,3,30,1,15.000,1
9.870000,266.58,15.000,8.990,191,191,120.000,120,120,18.000,39.000,55.000,182,171,274,160,74,74,74,74,74,74,1,0,0,3,30,1,15.000,1
9.875000,270.18,15.000,8.990,191,191,120.000,120,120,18.000,39.000,55.000,182,171,274,160,74,74,74,74,74,74,1,0,0,3,30,1,15.000,1
9.880000,273.78,15.000,8.990,191,191,120.000,120,120,18.000,39.000,55.000,182,171,274,160,74,74,74,74,74,74,1,0,0,3,30,1,15.000,1
9.885000,277.38,15.000,8.990,191,191,120.000,120,120,18.000,39.000,55.000,182,171,274,160,74,74,74,74,74,74,1,0,0,3,30,1,15.000,1
9.890000,280.98,15.000,8.990,191,191,120.000,120,120,18.000,39.000,55.000,182,171,274,160,74,74,74,74,74,74,1,0,0,3,30,1,15.000,1
9.895000,284.58,15.000,8.990,191,191,120.000,120,120,18.000,39.000,55.000,182,171,274,160,74,74,74,74,74,74,1,0,0,3,30,1,15.000,1
9.900000,288.18,15.000,8.990,191,191,120.000,120,120,18.000,39.000,55.000,182,171,274,160,74,74,74,74,74,74,1,0,0,3,30,1,15.000,1
9.905000,291.78,15.000,8.990,191,191,120.000,119,119,18.000,39.000,55.000,181,170,272,160,74,74,74,74,74,74,1,0,0,3,30,1,15.000,1
9.910000,295.38,15.000,8.990,191,191,120.000,119,119,18.000,39.000,55.000,181,170,272,160,74,74,74,74,74,74,1,0,0,3,30,1,15.000,1
9.915000,298.98,15.000,8.990,191,191,120.000,119,119,18.000,39.000,55.000,181,170,272,160,74,74,74,74,74,74,1,0,0,3,30,1,15.000,1
9.920000,302.58,15.000,8.990,191,191,120.000,119,119,18.000,39.000,55.000,181,170,272,160,74,74,74,74,74,74,1,0,0,3,30,1,15.000,1
9.925000,306.18,15.000,8.990,191,191,120.000,120,120,18.000,39.000,55.000,182,171,274,160,74,74,74,74,74,74,1,0,0,3,30,1,15.000,1
9.930000,309.78,15.000,8.990,191,191,120.000,120,120,18.000,39.000,55.000,182,171,274,160,74,74,74,74,74,74,1,0,0,3,30,1,15.000,1
9.935000,313.38,15.000,8.990,191,191,120.000,120,120,18.000,39.000,55.000,182,171,274,160,74,74,74,74,74,74,1,0,0,3,30,1,15.000,1
9.940000,316.98,15.000,8.990,191,191,120.000,120,120,18.000,39.000,55.000,182,171,274,160,74,74,74,74,74,74,1,0,0,3,30,1,15.000,1
9.945000,320.58,15.000,8.990,191,191,120.000,120,120,18.000,39.000,55.000,182,171,274,160,74,74,74,74,74,74,1,0,0,3,30,1,15.000,1
9.950000,324.18,15.000,8.990,191,191,120.000,120,120,18.000,39.000,55.000,182,171,274,160,74,74,74,74,74,74,1,0,0,3,30,1,15.000,1
9.955000,327.78,15.000,8.990,191,191,120.000,120,120,18.000,39.000,55.000,182,171,274,160,74,74,74,74,74,74,1,0,0,3,30,1,15.000,1
9.960000,331.38,15.000,8.990,191,191,120.000,120,120,18.000,39.000,55.000,182,171,274,160,74,74,74,74,74,74,1,0,0,3,30,1,15.000,1
9.965000,334.98,15.000,8.990,191,191,120.000,119,119,18.000,39.000,55.000,181,170,272,160,74,74,74,74,74,74,1,0,0,3,30,1,15.000,1
9.970000,338.58,15.000,8.990,191,191,120.000,119,119,18.000,39.000,55.000,181,170,272,160,74,74,74,74,74,74,1,0,0,3,30,1,15.000,1
9.975000,342.18,15.000,8.990,191,191,120.000,119,119,18.000,39.000,55.000,181,170,272,160,74,74,74,74,74,74,1,0,0,3,30,1,15.000,1
9.980000,345.78,15.000,8.990,191,191,120.000,119,119,18.000,39.000,55.000,181,170,272,160,74,74,74,74,74,74,1,0,0,3,30,1,15.000,1
9.985000,349.38,15.000,8.990,191,191,120.000,120,120,18.000,39.000,55.000,182,171,274,160,74,74,74,74,74,74,1,0,0,3,30,1,15.000,1
9.990000,352.98,15.000,8.990,191,191,120.000,120,120,18.000,39.000,55.000,182,171,274,160,74,74,74,74,74,74,1,0,0,3,30,1,15.000,1
9.995000,356.58,15.000,8.990,191,191,120.000,120,120,18.000,39.000,55.000,182,171,274,160,74,74,74,74,74,74,1,0,0,3,30,1,15.000,1
10.000000,0.18,15.000,8.990,191,191,120.000,120,120,18.000,39.000,55.000,182,171,274,160,74,74,74,74,74,74,1,0,0,3,30,1,15.000,1
