time_s,crank_angle_deg,torque_gen_nm,torque_load_kg,torque_fast_native,torque_run_native,cadence_gen_rpm,cadence_raw_rpm,cadence_control_rpm,speed_kph,battery_v,soc_pct,human_power_w,assist_basis_power_w,motor_power_w,support_pct,iq_mode_request,iq_before_profile_limit,iq_requested,iq_allowed,iq_pre_ramp,iq_ref,session,debug_flags,battery_limit,gate_steps,gate_load_ckg,pedalling,torque_cmd_mean_nm,ride_interval
0.005000,0.00,0.000,0.000,0,0,0.000,0,0,18.000,39.000,55.000,0,0,0,0,0,0,0,0,0,0,0,144,0,3,70,0,15.000,0
0.010000,0.00,0.000,0.000,0,0,0.000,0,0,18.000,39.000,55.000,0,0,0,0,0,0,0,0,0,0,0,144,0,3,70,0,15.000,0
0.015000,0.00,0.000,0.000,0,0,0.000,0,0,18.000,39.000,55.000,0,0,0,0,0,0,0,0,0,0,0,144,0,3,70,0,15.000,0
0.020000,0.00,0.000,0.000,0,0,0.000,0,0,18.000,39.000,55.000,0,0,0,0,0,0,0,0,0,0,0,144,0,3,70,0,15.000,0
0.025000,0.00,0.000,0.000,0,0,0.000,0,0,18.000,39.000,55.000,0,0,0,0,0,0,0,0,0,0,0,144,0,3,70,0,15.000,0
0.030000,0.00,0.000,0.000,0,0,0.000,0,0,18.000,39.000,55.000,0,0,0,0,0,0,0,0,0,0,0,144,0,3,70,0,15.000,0
0.035000,0.00,0.000,0.000,0,0,0.000,0,0,18.000,39.000,55.000,0,0,0,0,0,0,0,0,0,0,0,144,0,3,70,0,15.000,0
0.040000,0.00,0.000,0.000,0,0,0.000,0,0,18.000,39.000,55.000,0,0,0,0,0,0,0,0,0,0,0,144,0,3,70,0,15.000,0
0.045000,0.00,0.000,0.000,0,0,0.000,0,0,18.000,39.000,55.000,0,0,0,0,0,0,0,0,0,0,0,144,0,3,70,0,15.000,0
0.050000,0.00,0.000,0.000,0,0,0.000,0,0,18.000,39.000,55.000,0,0,0,0,0,0,0,0,0,0,0,144,0,3,70,0,15.000,0
0.055000,0.00,0.000,0.000,0,0,0.000,0,0,18.000,39.000,55.000,0,0,0,0,0,0,0,0,0,0,0,144,0,3,70,0,15.000,0
0.060000,0.00,0.000,0.000,0,0,0.000,0,0,18.000,39.000,55.000,0,0,0,0,0,0,0,0,0,0,0,144,0,3,70,0,15.000,0
0.065000,0.00,0.000,0.000,0,0,0.000,0,0,18.000,39.000,55.000,0,0,0,0,0,0,0,0,0,0,0,144,0,3,70,0,15.000,0
0.070000,0.00,0.000,0.000,0,0,0.000,0,0,18.000,39.000,55.000,0,0,0,0,0,0,0,0,0,0,0,144,0,3,70,0,15.000,0
0.075000,0.00,0.000,0.000,0,0,0.000,0,0,18.000,39.000,55.000,0,0,0,0,0,0,0,0,0,0,0,144,0,3,70,0,15.000,0
0.080000,0.00,0.000,0.000,0,0,0.000,0,0,18.000,39.000,55.000,0,0,0,0,0,0,0,0,0,0,0,144,0,3,70,0,15.000,0
0.085000,0.00,0.000,0.000,0,0,0.000,0,0,18.000,39.000,55.000,0,0,0,0,0,0,0,0,0,0,0,144,0,3,70,0,15.000,0
0.090000,0.00,0.000,0.000,0,0,0.000,0,0,18.000,39.000,55.000,0,0,0,0,0,0,0,0,0,0,0,144,0,3,70,0,15.000,0
0.095000,0.00,0.000,0.000,0,0,0.000,0,0,18.000,39.000,55.000,0,0,0,0,0,0,0,0,0,0,0,144,0,3,70,0,15.000,0
0.100000,0.00,0.000,0.000,0,0,0.000,0,0,18.000,39.000,55.000,0,0,0,0,0,0,0,0,0,0,0,144,0,3,70,0,15.000,0
0.105000,0.00,0.000,0.000,0,0,0.000,0,0,18.000,39.000,55.000,0,0,0,0,0,0,0,0,0,0,0,144,0,3,70,0,15.000,0
0.110000,0.00,0.000,0.000,0,0,0.000,0,0,18.000,39.000,55.000,0,0,0,0,0,0,0,0,0,0,0,144,0,3,70,0,15.000,0
0.115000,0.00,0.000,0.000,0,0,0.000,0,0,18.000,39.000,55.000,0,0,0,0,0,0,0,0,0,0,0,144,0,3,70,0,15.000,0
0.120000,0.00,0.000,0.000,0,0,0.000,0,0,18.000,39.000,55.000,0,0,0,0,0,0,0,0,0,0,0,144,0,3,70,0,15.000,0
0.125000,0.00,0.000,0.000,0,0,0.000,0,0,18.000,39.000,55.000,0,0,0,0,0,0,0,0,0,0,0,144,0,3,70,0,15.000,0
0.130000,0.00,0.000,0.000,0,0,0.000,0,0,18.000,39.000,55.000,0,0,0,0,0,0,0,0,0,0,0,144,0,3,70,0,15.000,0
0.135000,0.00,0.000,0.000,0,0,0.000,0,0,18.000,39.000,55.000,0,0,0,0,0,0,0,0,0,0,0,144,0,3,70,0,15.000,0
0.140000,0.00,0.000,0.000,0,0,0.000,0,0,18.000,39.000,55.000,0,0,0,0,0,0,0,0,0,0,0,144,0,3,70,0,15.000,0
0.145000,0.00,0.000,0.000,0,0,0.000,0,0,18.000,39.000,55.000,0,0,0,0,0,0,0,0,0,0,0,144,0,3,70,0,15.000,0
0.150000,0.00,0.000,0.000,0,0,0.000,0,0,18.000,39.000,55.000,0,0,0,0,0,0,0,0,0,0,0,144,0,3,70,0,15.000,0
0.155000,0.00,0.000,0.000,0,0,0.000,0,0,18.000,39.000,55.000,0,0,0,0,0,0,0,0,0,0,0,144,0,3,70,0,15.000,0
0.160000,0.00,0.000,0.000,0,0,0.000,0,0,18.000,39.000,55.000,0,0,0,0,0,0,0,0,0,0,0,144,0,3,70,0,15.000,0
0.165000,0.00,0.000,0.000,0,0,0.000,0,0,18.000,39.000,55.000,0,0,0,0,0,0,0,0,0,0,0,144,0,3,70,0,15.000,0
0.170000,0.00,0.000,0.000,0,0,0.000,0,0,18.000,39.000,55.000,0,0,0,0,0,0,0,0,0,0,0,144,0,3,70,0,15.000,0
0.175000,0.00,0.000,0.000,0,0,0.000,0,0,18.000,39.000,55.000,0,0,0,0,0,0,0,0,0,0,0,144,0,3,70,0,15.000,0
0.180000,0.00,0.000,0.000,0,0,0.000,0,0,18.000,39.000,55.000,0,0,0,0,0,0,0,0,0,0,0,144,0,3,70,0,15.000,0
0.185000,0.00,0.000,0.000,0,0,0.000,0,0,18.000,39.000,55.000,0,0,0,0,0,0,0,0,0,0,0,144,0,3,70,0,15.000,0
0.190000,0.00,0.000,0.000,0,0,0.000,0,0,18.000,39.000,55.000,0,0,0,0,0,0,0,0,0,0,0,144,0,3,70,0,15.000,0
0.195000,0.00,0.000,0.000,0,0,0.000,0,0,18.000,39.000,55.000,0,0,0,0,0,0,0,0,0,0,0,144,0,3,70,0,15.000,0
0.200000,0.00,0.000,0.000,0,0,0.000,0,0,18.000,39.000,55.000,0,0,0,0,0,0,0,0,0,0,0,144,0,3,70,0,15.000,0
0.205000,0.00,0.000,0.000,0,0,0.000,0,0,18.000,39.000,55.000,0,0,0,0,0,0,0,0,0,0,0,144,0,3,70,0,15.000,0
0.210000,0.00,0.000,0.000,0,0,0.000,0,0,18.000,39.000,55.000,0,0,0,0,0,0,0,0,0,0,0,144,0,3,70,0,15.000,0
0.215000,0.00,0.000,0.000,0,0,0.000,0,0,18.000,39.000,55.000,0,0,0,0,0,0,0,0,0,0,0,144,0,3,70,0,15.000,0
0.220000,0.00,0.000,0.000,0,0,0.000,0,0,18.000,39.000,55.000,0,0,0,0,0,0,0,0,0,0,0,144,0,3,70,0,15.000,0
0.225000,0.00,0.000,0.000,0,0,0.000,0,0,18.000,39.000,55.000,0,0,0,0,0,0,0,0,0,0,0,144,0,3,70,0,15.000,0
0.230000,0.00,0.000,0.000,0,0,0.000,0,0,18.000,39.000,55.000,0,0,0,0,0,0,0,0,0,0,0,144,0,3,70,0,15.000,0
0.235000,0.00,0.000,0.000,0,0,0.000,0,0,18.000,39.000,55.000,0,0,0,0,0,0,0,0,0,0,0,144,0,3,70,0,15.000,0
0.240000,0.00,0.000,0.000,0,0,0.000,0,0,18.000,39.000,55.000,0,0,0,0,0,0,0,0,0,0,0,144,0,3,70,0,15.000,0
0.245000,0.00,0.000,0.000,0,0,0.000,0,0,18.000,39.000,55.000,0,0,0,0,0,0,0,0,0,0,0,144,0,3,70,0,15.000,0
0.250000,0.00,0.000,0.000,0,0,0.000,0,0,18.000,39.000,55.000,0,0,0,0,0,0,0,0,0,0,0,144,0,3,70,0,15.000,0
0.255000,0.00,0.000,0.000,0,0,0.000,0,0,18.000,39.000,55.000,0,0,0,0,0,0,0,0,0,0,0,144,0,3,70,0,15.000,0
0.260000,0.00,0.000,0.000,0,0,0.000,0,0,18.000,39.000,55.000,0,0,0,0,0,0,0,0,0,0,0,144,0,3,70,0,15.000,0
0.265000,0.00,0.000,0.000,0,0,0.000,0,0,18.000,39.000,55.000,0,0,0,0,0,0,0,0,0,0,0,144,0,3,70,0,15.000,0
0.270000,0.00,0.000,0.000,0,0,0.000,0,0,18.000,39.000,55.000,0,0,0,0,0,0,0,0,0,0,0,144,0,3,70,0,15.000,0
0.275000,0.00,0.000,0.000,0,0,0.000,0,0,18.000,39.000,55.000,0,0,0,0,0,0,0,0,0,0,0,144,0,3,70,0,15.000,0
0.280000,0.00,0.000,0.000,0,0,0.000,0,0,18.000,39.000,55.000,0,0,0,0,0,0,0,0,0,0,0,144,0,3,70,0,15.000,0
0.285000,0.00,0.000,0.000,0,0,0.000,0,0,18.000,39.000,55.000,0,0,0,0,0,0,0,0,0,0,0,144,0,3,70,0,15.000,0
0.290000,0.00,0.000,0.000,0,0,0.000,0,0,18.000,39.000,55.000,0,0,0,0,0,0,0,0,0,0,0,144,0,3,70,0,15.000,0
0.295000,0.00,0.000,0.000,0,0,0.000,0,0,18.000,39.000,55.000,0,0,0,0,0,0,0,0,0,0,0,144,0,3,70,0,15.000,0
0.300000,0.00,0.000,0.000,0,0,0.000,0,0,18.000,39.000,55.000,0,0,0,0,0,0,0,0,0,0,0,144,0,3,70,0,15.000,0
0.305000,0.00,0.000,0.000,0,0,0.000,0,0,18.000,39.000,55.000,0,0,0,0,0,0,0,0,0,0,0,144,0,3,70,0,15.000,0
0.310000,0.00,0.000,0.000,0,0,0.000,0,0,18.000,39.000,55.000,0,0,0,0,0,0,0,0,0,0,0,144,0,3,70,0,15.000,0
0.315000,0.00,0.000,0.000,0,0,0.000,0,0,18.000,39.000,55.000,0,0,0,0,0,0,0,0,0,0,0,144,0,3,70,0,15.000,0
0.320000,0.00,0.000,0.000,0,0,0.000,0,0,18.000,39.000,55.000,0,0,0,0,0,0,0,0,0,0,0,144,0,3,70,0,15.000,0
0.325000,0.00,0.000,0.000,0,0,0.000,0,0,18.000,39.000,55.000,0,0,0,0,0,0,0,0,0,0,0,144,0,3,70,0,15.000,0
0.330000,0.00,0.000,0.000,0,0,0.000,0,0,18.000,39.000,55.000,0,0,0,0,0,0,0,0,0,0,0,144,0,3,70,0,15.000,0
0.335000,0.00,0.000,0.000,0,0,0.000,0,0,18.000,39.000,55.000,0,0,0,0,0,0,0,0,0,0,0,144,0,3,70,0,15.000,0
0.340000,0.00,0.000,0.000,0,0,0.000,0,0,18.000,39.000,55.000,0,0,0,0,0,0,0,0,0,0,0,144,0,3,70,0,15.000,0
0.345000,0.00,0.000,0.000,0,0,0.000,0,0,18.000,39.000,55.000,0,0,0,0,0,0,0,0,0,0,0,144,0,3,70,0,15.000,0
0.350000,0.00,0.000,0.000,0,0,0.000,0,0,18.000,39.000,55.000,0,0,0,0,0,0,0,0,0,0,0,144,0,3,70,0,15.000,0
0.355000,0.00,0.000,0.000,0,0,0.000,0,0,18.000,39.000,55.000,0,0,0,0,0,0,0,0,0,0,0,144,0,3,70,0,15.000,0
0.360000,0.00,0.000,0.000,0,0,0.000,0,0,18.000,39.000,55.000,0,0,0,0,0,0,0,0,0,0,0,144,0,3,70,0,15.000,0
0.365000,0.00,0.000,0.000,0,0,0.000,0,0,18.000,39.000,55.000,0,0,0,0,0,0,0,0,0,0,0,144,0,3,70,0,15.000,0
0.370000,0.00,0.000,0.000,0,0,0.000,0,0,18.000,39.000,55.000,0,0,0,0,0,0,0,0,0,0,0,144,0,3,70,0,15.000,0
0.375000,0.00,0.000,0.000,0,0,0.000,0,0,18.000,39.000,55.000,0,0,0,0,0,0,0,0,0,0,0,144,0,3,70,0,15.000,0
0.380000,0.00,0.000,0.000,0,0,0.000,0,0,18.000,39.000,55.000,0,0,0,0,0,0,0,0,0,0,0,144,0,3,70,0,15.000,0
0.385000,0.00,0.000,0.000,0,0,0.000,0,0,18.000,39.000,55.000,0,0,0,0,0,0,0,0,0,0,0,144,0,3,70,0,15.000,0
0.390000,0.00,0.000,0.000,0,0,0.000,0,0,18.000,39.000,55.000,0,0,0,0,0,0,0,0,0,0,0,144,0,3,70,0,15.000,0
0.395000,0.00,0.000,0.000,0,0,0.000,0,0,18.000,39.000,55.000,0,0,0,0,0,0,0,0,0,0,0,144,0,3,70,0,15.000,0
0.400000,0.00,0.000,0.000,0,0,0.000,0,0,18.000,39.000,55.000,0,0,0,0,0,0,0,0,0,0,0,144,0,3,70,0,15.000,0
0.405000,0.00,0.000,0.000,0,0,0.000,0,0,18.000,39.000,55.000,0,0,0,0,0,0,0,0,0,0,0,144,0,3,70,0,15.000,0
0.410000,0.00,0.000,0.000,0,0,0.000,0,0,18.000,39.000,55.000,0,0,0,0,0,0,0,0,0,0,0,144,0,3,70,0,15.000,0
0.415000,0.00,0.000,0.000,0,0,0.000,0,0,18.000,39.000,55.000,0,0,0,0,0,0,0,0,0,0,0,144,0,3,70,0,15.000,0
0.420000,0.00,0.000,0.000,0,0,0.000,0,0,18.000,39.000,55.000,0,0,0,0,0,0,0,0,0,0,0,144,0,3,70,0,15.000,0
0.425000,0.00,0.000,0.000,0,0,0.000,0,0,18.000,39.000,55.000,0,0,0,0,0,0,0,0,0,0,0,144,0,3,70,0,15.000,0
0.430000,0.00,0.000,0.000,0,0,0.000,0,0,18.000,39.000,55.000,0,0,0,0,0,0,0,0,0,0,0,144,0,3,70,0,15.000,0
0.435000,0.00,0.000,0.000,0,0,0.000,0,0,18.000,39.000,55.000,0,0,0,0,0,0,0,0,0,0,0,144,0,3,70,0,15.000,0
0.440000,0.00,0.000,0.000,0,0,0.000,0,0,18.000,39.000,55.000,0,0,0,0,0,0,0,0,0,0,0,144,0,3,70,0,15.000,0
0.445000,0.00,0.000,0.000,0,0,0.000,0,0,18.000,39.000,55.000,0,0,0,0,0,0,0,0,0,0,0,144,0,3,70,0,15.000,0
0.450000,0.00,0.000,0.000,0,0,0.000,0,0,18.000,39.000,55.000,0,0,0,0,0,0,0,0,0,0,0,144,0,3,70,0,15.000,0
0.455000,0.00,0.000,0.000,0,0,0.000,0,0,18.000,39.000,55.000,0,0,0,0,0,0,0,0,0,0,0,144,0,3,70,0,15.000,0
0.460000,0.00,0.000,0.000,0,0,0.000,0,0,18.000,39.000,55.000,0,0,0,0,0,0,0,0,0,0,0,144,0,3,70,0,15.000,0
0.465000,0.00,0.000,0.000,0,0,0.000,0,0,18.000,39.000,55.000,0,0,0,0,0,0,0,0,0,0,0,144,0,3,70,0,15.000,0
0.470000,0.00,0.000,0.000,0,0,0.000,0,0,18.000,39.000,55.000,0,0,0,0,0,0,0,0,0,0,0,144,0,3,70,0,15.000,0
0.475000,0.00,0.000,0.000,0,0,0.000,0,0,18.000,39.000,55.000,0,0,0,0,0,0,0,0,0,0,0,144,0,3,70,0,15.000,0
0.480000,0.00,0.000,0.000,0,0,0.000,0,0,18.000,39.000,55.000,0,0,0,0,0,0,0,0,0,0,0,144,0,3,70,0,15.000,0
0.485000,0.00,0.000,0.000,0,0,0.000,0,0,18.000,39.000,55.000,0,0,0,0,0,0,0,0,0,0,0,144,0,3,70,0,15.000,0
0.490000,0.00,0.000,0.000,0,0,0.000,0,0,18.000,39.000,55.000,0,0,0,0,0,0,0,0,0,0,0,144,0,3,70,0,15.000,0
0.495000,0.00,0.000,0.000,0,0,0.000,0,0,18.000,39.000,55.000,0,0,0,0,0,0,0,0,0,0,0,144,0,3,70,0,15.000,0
0.500000,0.11,15.028,8.990,1,0,72.000,0,0,18.000,39.000,55.000,0,0,0,0,0,0,0,0,0,0,0,16,0,3,70,1,15.000,1
0.505000,2.27,15.581,9.370,27,1,72.000,0,0,18.000,39.000,55.000,0,0,0,0,0,0,0,0,0,0,0,16,0,3,70,1,15.000,1
0.510000,4.43,16.132,9.700,50,2,72.000,0,0,18.000,39.000,55.000,0,0,0,0,0,0,0,0,0,0,0,16,0,3,70,1,15.000,1
0.515000,6.59,16.676,10.030,71,5,72.000,0,0,18.000,39.000,55.000,0,0,0,0,0,0,0,0,0,0,0,16,0,3,70,1,15.000,1
0.520000,8.75,17.212,10.300,90,8,72.000,0,0,18.000,39.000,55.000,0,0,0,160,5,5,0,0,0,0,0,16,0,3,30,1,15.000,1
0.525000,10.91,17.736,10.620,107,11,72.000,0,0,18.000,39.000,55.000,0,0,0,160,7,7,0,0,0,0,0,16,0,3,30,1,15.000,1
0.530000,13.07,18.245,10.950,123,110,72.000,0,0,18.000,39.000,55.000,0,0,0,160,79,79,79,79,79,14,1,0,0,3,30,1,15.000,1
0.535000,15.23,18.737,11.220,137,111,72.000,0,0,18.000,39.000,55.000,0,0,0,160,80,80,80,80,80,31,1,0,0,3,30,1,15.000,1
0.540000,17.39,19.209,11.490,150,112,72.000,0,0,18.000,39.000,55.000,0,0,0,160,80,80,80,80,80,48,1,0,0,3,30,1,15.000,1
0.545000,19.55,19.658,11.770,162,114,72.000,71,71,18.000,39.000,55.000,141,56,90,160,41,41,41,41,41,50,1,0,0,3,30,1,15.000,1
0.550000,21.71,20.083,12.040,173,116,72.000,71,71,18.000,39.000,55.000,144,57,91,160,41,41,41,41,41,41,1,0,0,3,30,1,15.000,1
0.555000,23.87,20.481,12.310,183,119,72.000,71,71,18.000,39.000,55.000,148,58,94,160,42,42,42,42,42,42,1,0,0,3,30,1,15.000,1
0.560000,26.03,20.850,12.530,193,122,72.000,71,71,18.000,39.000,55.000,150,60,96,160,43,43,43,43,43,43,1,0,0,3,30,1,15.000,1
0.565000,28.19,21.187,12.690,201,125,72.000,71,71,18.000,39.000,55.000,152,61,98,160,45,45,45,45,45,45,1,0,0,3,30,1,15.000,1
0.570000,30.35,21.493,12.910,209,128,72.000,71,71,18.000,39.000,55.000,155,63,101,160,46,46,46,46,46,46,1,0,0,3,30,1,15.000,1
0.575000,32.51,21.763,13.070,217,131,72.000,71,71,18.000,39.000,55.000,157,64,103,160,47,47,47,47,47,47,1,0,0,3,30,1,15.000,1
0.580000,34.67,21.998,13.180,223,135,72.000,71,71,18.000,39.000,55.000,158,66,106,160,48,48,48,48,48,48,1,0,0,3,30,1,15.000,1
0.585000,36.83,22.197,13.290,229,139,72.000,71,71,18.000,39.000,55.000,159,68,109,160,50,50,50,50,50,50,1,0,0,3,30,1,15.000,1
0.590000,38.99,22.357,13.400,235,142,72.000,71,71,18.000,39.000,55.000,161,70,112,160,51,51,51,51,51,51,1,0,0,3,30,1,15.000,1
0.595000,41.15,22.479,13.510,240,146,72.000,71,71,18.000,39.000,55.000,162,72,115,160,52,52,52,52,52,52,1,0,0,3,30,1,15.000,1
0.600000,43.31,22.561,13.510,245,150,72.000,71,71,18.000,39.000,55.000,162,74,119,160,54,54,54,54,54,54,1,0,0,3,30,1,15.000,1
0.605000,45.47,22.605,13.560,249,154,72.000,71,71,18.000,39.000,55.000,163,77,123,160,56,56,56,56,56,56,1,0,0,3,30,1,15.000,1
0.610000,47.63,22.608,13.560,252,158,72.000,71,71,18.000,39.000,55.000,163,79,127,160,58,58,58,58,58,58,1,0,0,3,30,1,15.000,1
0.615000,49.79,22.572,13.560,255,162,72.000,71,71,18.000,39.000,55.000,163,82,132,160,60,60,60,60,60,60,1,0,0,3,30,1,15.000,1
0.620000,51.95,22.497,13.510,258,166,72.000,71,71,18.000,39.000,55.000,162,85,136,160,62,62,62,62,62,62,1,0,0,3,30,1,15.000,1
0.625000,54.11,22.384,13.450,260,169,72.000,71,71,18.000,39.000,55.000,161,87,139,160,63,63,63,63,63,63,1,0,0,3,30,1,15.000,1
0.630000,56.27,22.233,13.340,261,173,72.000,71,71,18.000,39.000,55.000,160,89,143,160,65,65,65,65,65,65,1,0,0,3,30,1,15.000,1
0.635000,58.43,22.044,13.230,262,177,72.000,71,71,18.000,39.000,55.000,159,92,147,160,67,67,67,67,67,67,1,0,0,3,30,1,15.000,1
0.640000,60.59,21.821,13.070,263,180,72.000,71,71,18.000,39.000,55.000,157,94,151,160,68,68,68,68,68,68,1,0,0,3,30,1,15.000,1
0.645000,62.75,21.562,12.910,263,184,72.000,71,71,18.000,39.000,55.000,155,97,155,160,70,70,70,70,70,70,1,0,0,3,30,1,15.000,1
0.650000,64.91,21.271,12.740,263,187,72.000,71,71,18.000,39.000,55.000,153,98,158,160,72,72,72,72,72,72,1,0,0,3,30,1,15.000,1
0.655000,67.07,20.950,12.580,262,190,72.000,71,71,18.000,39.000,55.000,151,100,161,160,73,73,73,73,73,73,1,0,0,3,30,1,15.000,1
0.660000,69.23,20.599,12.360,261,193,72.000,71,71,18.000,39.000,55.000,148,102,164,160,75,75,75,75,75,75,1,0,0,3,30,1,15.000,1
0.665000,71.39,20.221,12.150,260,195,72.000,71,71,18.000,39.000,55.000,146,104,166,160,76,76,76,76,76,76,1,0,0,3,30,1,15.000,1
0.670000,73.55,19.818,11.870,258,198,72.000,71,71,18.000,39.000,55.000,142,106,169,160,77,77,77,77,77,77,1,0,0,3,30,1,15.000,1
0.675000,75.71,19.392,11.660,256,200,72.000,71,71,18.000,39.000,55.000,140,107,172,160,78,78,78,78,78,78,1,0,0,3,30,1,15.000,1
0.680000,77.87,18.947,11.380,254,203,72.000,71,71,18.000,39.000,55.000,136,109,175,160,79,79,79,79,79,79,1,0,0,3,30,1,15.000,1
0.685000,80.03,18.484,11.110,251,205,72.000,71,71,18.000,39.000,55.000,133,110,177,160,80,80,80,80,80,80,1,0,0,3,30,1,15.000,1
0.690000,82.19,18.007,10.790,248,206,72.000,71,71,18.000,39.000,55.000,129,111,178,160,81,81,81,81,81,81,1,0,0,3,30,1,15.000,1
0.695000,84.35,17.517,10.510,244,208,72.000,71,71,18.000,39.000,55.000,126,112,180,160,82,82,82,82,82,82,1,0,0,3,30,1,15.000,1
0.700000,86.51,17.019,10.190,240,209,72.000,71,71,18.000,39.000,55.000,122,113,181,160,82,82,82,82,82,82,1,0,0,3,30,1,15.000,1
0.705000,88.67,16.513,9.920,236,210,72.000,71,71,18.000,39.000,55.000,119,114,182,160,83,83,83,83,83,83,1,0,0,3,30,1,15.000,1
0.710000,90.83,16.005,9.590,232,211,72.000,71,71,18.000,39.000,55.000,115,114,183,160,83,83,83,83,83,83,1,0,0,3,30,1,15.000,1
0.715000,92.99,15.496,9.260,228,212,72.000,71,71,18.000,39.000,55.000,111,115,184,160,84,84,84,84,84,84,1,0,0,3,30,1,15.000,1
0.720000,95.15,14.989,8.990,223,213,72.000,71,71,18.000,39.000,55.000,108,115,185,160,84,84,84,84,84,84,1,0,0,3,30,1,15.000,1
0.725000,97.31,14.487,8.670,219,213,72.000,71,71,18.000,39.000,55.000,104,115,185,160,84,84,84,84,84,84,1,0,0,3,30,1,15.000,1
0.730000,99.47,13.993,8.390,214,213,72.000,71,71,18.000,39.000,55.000,100,115,185,160,84,84,84,84,84,84,1,0,0,3,30,1,15.000,1
0.735000,101.63,13.510,8.120,209,213,72.000,71,71,18.000,39.000,55.000,97,115,185,160,84,84,84,84,84,84,1,0,0,3,30,1,15.000,1
0.740000,103.79,13.041,7.790,204,213,72.000,71,71,18.000,39.000,55.000,93,115,185,160,84,84,84,84,84,84,1,0,0,3,30,1,15.000,1
0.745000,105.95,12.587,7.520,199,213,72.000,71,71,18.000,39.000,55.000,90,115,185,160,84,84,84,84,84,84,1,0,0,3,30,1,15.000,1
0.750000,108.11,12.152,7.310,194,212,72.000,71,71,18.000,39.000,55.000,87,115,184,160,84,84,84,84,84,84,1,0,0,3,30,1,15.000,1
0.755000,110.27,11.739,7.030,189,212,72.000,72,71,18.000,39.000,55.000,84,115,184,160,84,84,84,84,84,84,1,0,0,3,30,1,15.000,1
0.760000,112.43,11.348,6.820,184,212,72.000,72,71,18.000,39.000,55.000,82,115,184,160,84,84,84,84,84,84,1,0,0,3,30,1,15.000,1
0.765000,114.59,10.983,6.600,180,211,72.000,72,71,18.000,39.000,55.000,79,114,183,160,83,83,83,83,83,83,1,0,0,3,30,1,15.000,1
0.770000,116.75,10.646,6.380,175,210,72.000,72,71,18.000,39.000,55.000,76,114,182,160,83,83,83,83,83,83,1,0,0,3,30,1,15.000,1
0.775000,118.91,10.338,6.220,171,210,72.000,72,71,18.000,39.000,55.000,74,114,182,160,83,83,83,83,83,83,1,0,0,3,30,1,15.000,1
0.780000,121.07,10.060,6.050,166,209,72.000,72,71,18.000,39.000,55.000,72,113,181,160,82,82,82,82,82,82,1,0,0,3,30,1,15.000,1
0.785000,123.23,9.816,5.880,162,208,72.000,72,71,18.000,39.000,55.000,70,112,180,160,82,82,82,82,82,82,1,0,0,3,30,1,15.000,1
0.790000,125.39,9.605,5.750,158,207,72.000,71,71,18.000,39.000,55.000,69,112,179,160,81,81,81,81,81,81,1,0,0,3,30,1,15.000,1
0.795000,127.55,9.428,5.670,154,206,72.000,71,71,18.000,39.000,55.000,68,111,178,160,81,81,81,81,81,81,1,0,0,3,30,1,15.000,1
0.800000,129.71,9.288,5.590,151,205,72.000,71,71,18.000,39.000,55.000,67,110,177,160,80,80,80,80,80,80,1,0,0,3,30,1,15.000,1
0.805000,131.87,9.184,5.510,147,204,72.000,71,71,18.000,39.000,55.000,66,110,176,160,80,80,80,80,80,80,1,0,0,3,30,1,15.000,1
0.810000,134.03,9.117,5.470,144,203,72.000,71,71,18.000,39.000,55.000,65,109,175,160,79,79,79,79,79,79,1,0,0,3,30,1,15.000,1
0.815000,136.19,9.087,5.470,141,202,72.000,71,71,18.000,39.000,55.000,65,108,174,160,79,79,79,79,79,79,1,0,0,3,30,1,15.000,1
0.820000,138.35,9.094,5.470,139,201,72.000,71,71,18.000,39.000,55.000,65,108,173,160,78,78,78,78,78,78,1,0,0,3,30,1,15.000,1
0.825000,140.51,9.138,5.470,137,199,72.000,71,71,18.000,39.000,55.000,65,106,170,160,77,77,77,77,77,77,1,0,0,3,30,1,15.000,1
0.830000,142.67,9.218,5.550,135,198,72.000,71,71,18.000,39.000,55.000,66,106,169,160,77,77,77,77,77,77,1,0,0,3,30,1,15.000,1
0.835000,144.83,9.335,5.590,134,197,72.000,71,71,18.000,39.000,55.000,67,105,168,160,76,76,76,76,76,76,1,0,0,3,30,1,15.000,1
0.840000,146.99,9.486,5.670,133,196,72.000,71,71,18.000,39.000,55.000,68,104,167,160,76,76,76,76,76,76,1,0,0,3,30,1,15.000,1
0.845000,149.15,9.672,5.790,133,194,72.000,71,71,18.000,39.000,55.000,69,103,165,160,75,75,75,75,75,75,1,0,0,3,30,1,15.000,1
0.850000,151.31,9.891,5.920,133,193,72.000,71,71,18.000,39.000,55.000,71,102,164,160,75,75,75,75,75,75,1,0,0,3,30,1,15.000,1
0.855000,153.47,10.141,6.050,133,192,72.000,71,71,18.000,39.000,55.000,72,102,163,160,74,74,74,74,74,74,1,0,0,3,30,1,15.000,1
0.860000,155.63,10.421,6.270,134,191,72.000,71,71,18.000,39.000,55.000,75,101,162,160,74,74,74,74,74,74,1,0,0,3,30,1,15.000,1
0.865000,157.79,10.729,6.440,135,190,72.000,71,71,18.000,39.000,55.000,77,100,161,160,73,73,73,73,73,73,1,0,0,3,30,1,15.000,1
0.870000,159.95,11.063,6.650,136,189,72.000,71,71,18.000,39.000,55.000,79,100,160,160,73,73,73,73,73,73,1,0,0,3,30,1,15.000,1
0.875000,162.11,11.422,6.870,138,188,72.000,71,71,18.000,39.000,55.000,82,99,159,160,72,72,72,72,72,72,1,0,0,3,30,1,15.000,1
0.880000,164.27,11.802,7.090,140,187,72.000,71,71,18.000,39.000,55.000,85,98,158,160,72,72,72,72,72,72,1,0,0,3,30,1,15.000,1
0.885000,166.43,12.202,7.310,143,186,72.000,71,71,18.000,39.000,55.000,87,98,157,160,71,71,71,71,71,71,1,0,0,3,30,1,15.000,1
0.890000,168.59,12.619,7.580,145,185,72.000,71,71,18.000,39.000,55.000,91,97,156,160,71,71,71,71,71,71,1,0,0,3,30,1,15.000,1
0.895000,170.75,13.051,7.850,148,185,72.000,71,71,18.000,39.000,55.000,94,97,156,160,71,71,71,71,71,71,1,0,0,3,30,1,15.000,1
0.900000,172.91,13.494,8.070,151,184,72.000,71,71,18.000,39.000,55.000,97,97,155,160,70,70,70,70,70,70,1,0,0,3,30,1,15.000,1
0.905000,175.07,13.947,8.390,155,183,72.000,71,71,18.000,39.000,55.000,100,96,154,160,70,70,70,70,70,70,1,0,0,3,30,1,15.000,1
0.910000,177.23,14.406,8.670,158,183,72.000,71,71,18.000,39.000,55.000,104,96,154,160,70,70,70,70,70,70,1,0,0,3,30,1,15.000,1
0.915000,179.39,14.869,8.940,162,182,72.000,71,71,18.000,39.000,55.000,107,95,153,160,69,69,69,69,69,69,1,0,0,3,30,1,15.000,1
0.920000,181.55,15.332,9.210,166,182,72.000,71,71,18.000,39.000,55.000,110,95,153,160,69,69,69,69,69,69,1,0,0,3,30,1,15.000,1
0.925000,183.71,15.794,9.480,170,182,72.000,71,71,18.000,39.000,55.000,114,95,153,160,69,69,69,69,69,69,1,0,0,3,30,1,15.000,1
0.930000,185.87,16.250,9.750,175,182,72.000,71,71,18.000,39.000,55.000,117,95,153,160,69,69,69,69,69,69,1,0,0,3,30,1,15.000,1
0.935000,188.03,16.699,10.030,179,182,72.000,71,71,18.000,39.000,55.000,120,95,153,160,69,69,69,69,69,69,1,0,0,3,30,1,15.000,1
0.940000,190.19,17.138,10.300,183,182,72.000,71,71,18.000,39.000,55.000,123,95,153,160,69,69,69,69,69,69,1,0,0,3,30,1,15.000,1
0.945000,192.35,17.564,10.510,188,182,72.000,71,71,18.000,39.000,55.000,126,95,153,160,69,69,69,69,69,69,1,0,0,3,30,1,15.000,1
0.950000,194.51,17.973,10.790,192,182,72.000,71,71,18.000,39.000,55.000,129,95,153,160,69,69,69,69,69,69,1,0,0,3,30,1,15.000,1
0.955000,196.67,18.365,11.000,197,183,72.000,71,71,18.000,39.000,55.000,132,96,154,160,70,70,70,70,70,70,1,0,0,3,30,1,15.000,1
0.960000,198.83,18.736,11.220,201,183,72.000,71,71,18.000,39.000,55.000,134,96,154,160,70,70,70,70,70,70,1,0,0,3,30,1,15.000,1
0.965000,200.99,19.085,11.440,206,184,72.000,71,71,18.000,39.000,55.000,137,97,155,160,70,70,70,70,70,70,1,0,0,3,30,1,15.000,1
0.970000,203.15,19.408,11.660,210,185,72.000,71,71,18.000,39.000,55.000,140,97,156,160,71,71,71,71,71,71,1,0,0,3,30,1,15.000,1
0.975000,205.31,19.704,11.820,214,186,72.000,71,71,18.000,39.000,55.000,142,98,157,160,71,71,71,71,71,71,1,0,0,3,30,1,15.000,1
0.980000,207.47,19.971,11.980,218,187,72.000,71,71,18.000,39.000,55.000,144,98,158,160,72,72,72,72,72,72,1,0,0,3,30,1,15.000,1
0.985000,209.63,20.208,12.150,222,189,72.000,71,71,18.000,39.000,55.000,146,100,160,160,73,73,73,73,73,73,1,0,0,3,30,1,15.000,1
0.990000,211.79,20.413,12.260,226,190,72.000,71,71,18.000,39.000,55.000,147,100,161,160,73,73,73,73,73,73,1,0,0,3,30,1,15.000,1
0.995000,213.95,20.584,12.360,229,191,72.000,71,71,18.000,39.000,55.000,148,101,162,160,74,74,74,74,74,74,1,0,0,3,30,1,15.000,1
1.000000,216.11,20.720,12.420,232,193,72.000,71,71,18.000,39.000,55.000,149,102,164,160,75,75,75,75,75,75,1,0,0,3,30,1,15.000,1
1.005000,218.27,20.821,12.470,235,195,72.000,71,71,18.000,39.000,55.000,149,104,166,160,76,76,76,76,76,76,1,0,0,3,30,1,15.000,1
1.010000,220.43,20.886,12.530,238,196,72.000,71,71,18.000,39.000,55.000,150,104,167,160,76,76,76,76,76,76,1,0,0,3,30,1,15.000,1
1.015000,222.59,20.914,12.530,240,198,72.000,71,71,18.000,39.000,55.000,150,106,169,160,77,77,77,77,77,77,1,0,0,3,30,1,15.000,1
1.020000,224.75,20.905,12.530,242,200,72.000,71,71,18.000,39.000,55.000,150,107,172,160,78,78,78,78,78,78,1,0,0,3,30,1,15.000,1
1.025000,226.91,20.859,12.530,244,202,72.000,71,71,18.000,39.000,55.000,150,108,174,160,79,79,79,79,79,79,1,0,0,3,30,1,15.000,1
1.030000,229.07,20.775,12.470,246,203,72.000,71,71,18.000,39.000,55.000,149,109,175,160,79,79,79,79,79,79,1,0,0,3,30,1,15.000,1
1.035000,231.23,20.656,12.360,247,205,72.000,71,71,18.000,39.000,55.000,148,110,177,160,80,80,80,80,80,80,1,0,0,3,30,1,15.000,1
1.040000,233.39,20.499,12.310,248,207,72.000,71,71,18.000,39.000,55.000,148,112,179,160,81,81,81,81,81,81,1,0,0,3,30,1,15.000,1
1.045000,235.55,20.308,12.200,248,208,72.000,71,71,18.000,39.000,55.000,146,112,180,160,82,82,82,82,82,82,1,0,0,3,30,1,15.000,1
1.050000,237.71,20.082,12.040,248,210,72.000,71,71,18.000,39.000,55.000,144,114,182,160,83,83,83,83,83,83,1,0,0,3,30,1,15.000,1
1.055000,239.87,19.823,11.870,248,211,72.000,71,71,18.000,39.000,55.000,142,114,183,160,83,83,83,83,83,83,1,0,0,3,30,1,15.000,1
1.060000,242.03,19.532,11.710,247,213,72.000,71,71,18.000,39.000,55.000,140,115,185,160,84,84,84,84,84,84,1,0,0,3,30,1,15.000,1
1.065000,244.19,19.211,11.490,246,214,72.000,72,71,18.000,39.000,55.000,138,116,186,160,85,85,85,85,85,85,1,0,0,3,30,1,15.000,1
1.070000,246.35,18.862,11.330,245,215,72.000,72,71,18.000,39.000,55.000,136,117,187,160,85,85,85,85,85,85,1,0,0,3,30,1,15.000,1
1.075000,248.51,18.486,11.110,243,217,72.000,72,71,18.000,39.000,55.000,133,118,189,160,86,86,86,86,86,86,1,0,0,3,30,1,15.000,1
1.080000,250.67,18.085,10.840,241,218,72.000,72,71,18.000,39.000,55.000,130,119,190,160,87,87,87,87,87,87,1,0,0,3,30,1,15.000,1
1.085000,252.83,17.662,10.570,238,218,72.000,72,71,18.000,39.000,55.000,127,119,190,160,87,87,87,87,87,87,1,0,0,3,30,1,15.000,1
1.090000,254.99,17.218,10.350,236,219,72.000,72,71,18.000,39.000,55.000,124,119,191,160,87,87,87,87,87,87,1,0,0,3,30,1,15.000,1
1.095000,257.15,16.758,10.030,233,220,72.000,72,71,18.000,39.000,55.000,120,120,193,160,88,88,88,88,88,88,1,0,0,3,30,1,15.000,1
1.100000,259.31,16.282,9.750,229,220,72.000,71,71,18.000,39.000,55.000,117,120,193,160,88,88,88,88,88,88,1,0,0,3,30,1,15.000,1
1.105000,261.47,15.794,9.480,226,220,72.000,71,71,18.000,39.000,55.000,114,120,193,160,88,88,88,88,88,88,1,0,0,3,30,1,15.000,1
1.110000,263.63,15.296,9.150,222,221,72.000,71,71,18.000,39.000,55.000,110,121,193,160,88,88,88,88,88,88,1,0,0,3,30,1,15.000,1
1.115000,265.79,14.792,8.880,218,220,72.000,71,71,18.000,39.000,55.000,106,120,193,160,88,88,88,88,88,88,1,0,0,3,30,1,15.000,1
1.120000,267.95,14.284,8.560,214,220,72.000,71,71,18.000,39.000,55.000,102,120,193,160,88,88,88,88,88,88,1,0,0,3,30,1,15.000,1
1.125000,270.11,13.775,8.280,209,220,72.000,71,71,18.000,39.000,55.000,99,120,193,160,88,88,88,88,88,88,1,0,0,3,30,1,15.000,1
1.130000,272.27,13.267,7.960,205,220,72.000,71,71,18.000,39.000,55.000,95,120,193,160,88,88,88,88,88,88,1,0,0,3,30,1,15.000,1
1.135000,274.43,12.764,7.690,200,220,72.000,71,71,18.000,39.000,55.000,92,120,193,160,88,88,88,88,88,88,1,0,0,3,30,1,15.000,1
1.140000,276.59,12.269,7.360,195,219,72.000,71,71,18.000,39.000,55.000,88,119,191,160,87,87,87,87,87,87,1,0,0,3,30,1,15.000,1
1.145000,278.75,11.785,7.090,190,219,72.000,71,71,18.000,39.000,55.000,85,119,191,160,87,87,87,87,87,87,1,0,0,3,30,1,15.000,1
1.150000,280.91,11.313,6.820,185,218,72.000,71,71,18.000,39.000,55.000,82,119,190,160,87,87,87,87,87,87,1,0,0,3,30,1,15.000,1
1.155000,283.07,10.858,6.490,180,218,72.000,71,71,18.000,39.000,55.000,78,119,190,160,87,87,87,87,87,87,1,0,0,3,30,1,15.000,1
1.160000,285.23,10.421,6.270,175,217,72.000,71,71,18.000,39.000,55.000,75,118,189,160,86,86,86,86,86,86,1,0,0,3,30,1,15.000,1
1.165000,287.39,10.005,6.000,170,216,72.000,71,71,18.000,39.000,55.000,72,117,188,160,86,86,86,86,86,86,1,0,0,3,30,1,15.000,1
1.170000,289.55,9.612,5.750,165,215,72.000,71,71,18.000,39.000,55.000,69,117,187,160,85,85,85,85,85,85,1,0,0,3,30,1,15.000,1
1.175000,291.71,9.246,5.550,160,214,72.000,71,71,18.000,39.000,55.000,66,116,186,160,85,85,85,85,85,85,1,0,0,3,30,1,15.000,1
1.180000,293.87,8.907,5.340,155,213,72.000,71,71,18.000,39.000,55.000,64,115,185,160,84,84,84,84,84,84,1,0,0,3,30,1,15.000,1
1.185000,296.03,8.599,5.180,150,212,72.000,71,71,18.000,39.000,55.000,62,115,184,160,84,84,84,84,84,84,1,0,0,3,30,1,15.000,1
1.190000,298.19,8.322,4.970,145,211,72.000,71,71,18.000,39.000,55.000,59,114,183,160,83,83,83,83,83,83,1,0,0,3,30,1,15.000,1
1.195000,300.35,8.078,4.850,141,209,72.000,71,71,18.000,39.000,55.000,58,113,181,160,82,82,82,82,82,82,1,0,0,3,30,1,15.000,1
1.200000,302.51,7.870,4.730,136,208,72.000,71,71,18.000,39.000,55.000,56,112,180,160,82,82,82,82,82,82,1,0,0,3,30,1,15.000,1
1.205000,304.67,7.697,4.600,132,207,72.000,71,71,18.000,39.000,55.000,55,112,179,160,81,81,81,81,81,81,1,0,0,3,30,1,15.000,1
1.210000,306.83,7.562,4.520,128,205,72.000,71,71,18.000,39.000,55.000,54,110,177,160,80,80,80,80,80,80,1,0,0,3,30,1,15.000,1
1.215000,308.99,7.465,4.480,124,203,72.000,71,71,18.000,39.000,55.000,53,109,175,160,79,79,79,79,79,79,1,0,0,3,30,1,15.000,1
1.220000,311.15,7.407,4.440,121,202,72.000,71,71,18.000,39.000,55.000,53,108,174,160,79,79,79,79,79,79,1,0,0,3,30,1,15.000,1
1.225000,313.31,7.389,4.440,118,200,72.000,71,71,18.000,39.000,55.000,53,107,172,160,78,78,78,78,78,78,1,0,0,3,30,1,15.000,1
1.230000,315.47,7.409,4.440,115,199,72.000,71,71,18.000,39.000,55.000,53,106,170,160,77,77,77,77,77,77,1,0,0,3,30,1,15.000,1
1.235000,317.63,7.470,4.480,113,197,72.000,71,71,18.000,39.000,55.000,53,105,168,160,76,76,76,76,76,76,1,0,0,3,30,1,15.000,1
1.240000,319.79,7.569,4.520,111,195,72.000,71,71,18.000,39.000,55.000,54,104,166,160,76,76,76,76,76,76,1,0,0,3,30,1,15.000,1
1.245000,321.95,7.708,4.600,110,194,72.000,71,71,18.000,39.000,55.000,55,103,165,160,75,75,75,75,75,75,1,0,0,3,30,1,15.000,1
1.250000,324.11,7.885,4.730,109,192,72.000,71,71,18.000,39.000,55.000,56,102,163,160,74,74,74,74,74,74,1,0,0,3,30,1,15.000,1
1.255000,326.27,8.099,4.850,109,190,72.000,71,71,18.000,39.000,55.000,58,100,161,160,73,73,73,73,73,73,1,0,0,3,30,1,15.000,1
1.260000,328.43,8.350,5.010,109,189,72.000,71,71,18.000,39.000,55.000,60,100,160,160,73,73,73,73,73,73,1,0,0,3,30,1,15.000,1
1.265000,330.59,8.636,5.180,110,187,72.000,71,71,18.000,39.000,55.000,62,98,158,160,72,72,72,72,72,72,1,0,0,3,30,1,15.000,1
1.270000,332.75,8.955,5.380,111,186,72.000,71,71,18.000,39.000,55.000,64,98,157,160,71,71,71,71,71,71,1,0,0,3,30,1,15.000,1
1.275000,334.91,9.306,5.590,112,184,72.000,71,71,18.000,39.000,55.000,67,97,155,160,70,70,70,70,70,70,1,0,0,3,30,1,15.000,1
1.280000,337.07,9.688,5.790,115,183,72.000,71,71,18.000,39.000,55.000,69,96,154,160,70,70,70,70,70,70,1,0,0,3,30,1,15.000,1
1.285000,339.23,10.098,6.050,117,182,72.000,71,71,18.000,39.000,55.000,72,95,153,160,69,69,69,69,69,69,1,0,0,3,30,1,15.000,1
1.290000,341.39,10.534,6.330,120,181,72.000,71,71,18.000,39.000,55.000,76,95,152,160,69,69,69,69,69,69,1,0,0,3,30,1,15.000,1
1.295000,343.55,10.993,6.600,123,179,72.000,71,71,18.000,39.000,55.000,79,93,149,160,68,68,68,68,68,68,1,0,0,3,30,1,15.000,1
1.300000,345.71,11.474,6.870,127,178,72.000,71,71,18.000,39.000,55.000,82,93,148,160,67,67,67,67,67,67,1,0,0,3,30,1,15.000,1
1.305000,347.87,11.974,7.200,131,177,72.000,71,71,18.000,39.000,55.000,86,92,147,160,67,67,67,67,67,67,1,0,0,3,30,1,15.000,1
1.310000,350.03,12.490,7.470,135,177,72.000,71,71,18.000,39.000,55.000,89,92,147,160,67,67,67,67,67,67,1,0,0,3,30,1,15.000,1
1.315000,352.19,13.019,7.790,139,176,72.000,71,71,18.000,39.000,55.000,93,91,146,160,66,66,66,66,66,66,1,0,0,3,30,1,15.000,1
1.320000,354.35,13.559,8.120,143,175,72.000,71,71,18.000,39.000,55.000,97,91,145,160,66,66,66,66,66,66,1,0,0,3,30,1,15.000,1
1.325000,356.51,14.106,8.450,148,175,72.000,71,71,18.000,39.000,55.000,101,91,145,160,66,66,66,66,66,66,1,0,0,3,30,1,15.000,1
1.330000,358.67,14.658,8.770,153,174,72.000,71,71,18.000,39.000,55.000,105,90,144,160,66,66,66,66,66,66,1,0,0,3,30,1,15.000,1
1.335000,0.83,15.212,9.100,158,174,72.000,71,71,18.000,39.000,55.000,109,90,144,160,66,66,66,66,66,66,1,0,0,3,30,1,15.000,1
1.340000,2.99,15.765,9.480,163,174,72.000,71,71,18.000,39.000,55.000,114,90,144,160,66,66,66,66,66,66,1,0,0,3,30,1,15.000,1
1.345000,5.15,16.314,9.810,168,174,72.000,71,71,18.000,39.000,55.000,117,90,144,160,66,66,66,66,66,66,1,0,0,3,30,1,15.000,1
1.350000,7.31,16.856,10.130,174,174,72.000,71,71,18.000,39.000,55.000,121,90,144,160,66,66,66,66,66,66,1,0,0,3,30,1,15.000,1
1.355000,9.47,17.388,10.410,179,174,72.000,71,71,18.000,39.000,55.000,125,90,144,160,66,66,66,66,66,66,1,0,0,3,30,1,15.000,1
1.360000,11.63,17.907,10.730,185,174,72.000,71,71,18.000,39.000,55.000,129,90,144,160,66,66,66,66,66,66,1,0,0,3,30,1,15.000,1
1.365000,13.79,18.411,11.060,190,174,72.000,71,71,18.000,39.000,55.000,133,90,144,160,66,66,66,66,66,66,1,0,0,3,30,1,15.000,1
1.370000,15.95,18.896,11.330,196,175,72.000,71,71,18.000,39.000,55.000,136,91,145,160,66,66,66,66,66,66,1,0,0,3,30,1,15.000,1
1.375000,18.11,19.361,11.600,201,176,72.000,71,71,18.000,39.000,55.000,139,91,146,160,66,66,66,66,66,66,1,0,0,3,30,1,15.000,1
1.380000,20.27,19.803,11.870,206,177,72.000,72,71,18.000,39.000,55.000,142,92,147,160,67,67,67,67,67,67,1,0,0,3,30,1,15.000,1
1.385000,22.43,20.219,12.150,212,178,72.000,72,71,18.000,39.000,55.000,146,93,148,160,67,67,67,67,67,67,1,0,0,3,30,1,15.000,1
1.390000,24.59,20.607,12.360,217,180,72.000,72,71,18.000,39.000,55.000,148,94,151,160,68,68,68,68,68,68,1,0,0,3,30,1,15.000,1
1.395000,26.75,20.966,12.580,222,181,72.000,72,71,18.000,39.000,55.000,151,95,152,160,69,69,69,69,69,69,1,0,0,3,30,1,15.000,1
1.400000,28.91,21.293,12.740,227,183,72.000,72,71,18.000,39.000,55.000,153,96,154,160,70,70,70,70,70,70,1,0,0,3,30,1,15.000,1
1.405000,31.07,21.587,12.960,232,185,72.000,72,71,18.000,39.000,55.000,155,97,156,160,71,71,71,71,71,71,1,0,0,3,30,1,15.000,1
1.410000,33.23,21.846,13.130,236,187,72.000,72,71,18.000,39.000,55.000,157,98,158,160,72,72,72,72,72,72,1,0,0,3,30,1,15.000,1
1.415000,35.39,22.069,13.230,240,189,72.000,71,71,18.000,39.000,55.000,159,100,160,160,73,73,73,73,73,73,1,0,0,3,30,1,15.000,1
1.420000,37.55,22.254,13.340,244,191,72.000,71,71,18.000,39.000,55.000,160,101,162,160,74,74,74,74,74,74,1,0,0,3,30,1,15.000,1
1.425000,39.71,22.402,13.450,248,193,72.000,71,71,18.000,39.000,55.000,161,102,164,160,75,75,75,75,75,75,1,0,0,3,30,1,15.000,1
1.430000,41.87,22.511,13.510,251,196,72.000,71,71,18.000,39.000,55.000,162,104,167,160,76,76,76,76,76,76,1,0,0,3,30,1,15.000,1
1.435000,44.03,22.580,13.560,254,198,72.000,71,71,18.000,39.000,55.000,163,106,169,160,77,77,77,77,77,77,1,0,0,3,30,1,15.000,1
1.440000,46.19,22.610,13.560,257,200,72.000,71,71,18.000,39.000,55.000,163,107,172,160,78,78,78,78,78,78,1,0,0,3,30,1,15.000,1
1.445000,48.35,22.601,13.560,259,203,72.000,71,71,18.000,39.000,55.000,163,109,175,160,79,79,79,79,79,79,1,0,0,3,30,1,15.000,1
1.450000,50.51,22.552,13.510,261,205,72.000,71,71,18.000,39.000,55.000,162,110,177,160,80,80,80,80,80,80,1,0,0,3,30,1,15.000,1
1.455000,52.67,22.464,13.450,263,207,72.000,71,71,18.000,39.000,55.000,161,112,179,160,81,81,81,81,81,81,1,0,0,3,30,1,15.000,1
1.460000,54.83,22.338,13.400,264,210,72.000,71,71,18.000,39.000,55.000,161,114,182,160,83,83,83,83,83,83,1,0,0,3,30,1,15.000,1
1.465000,56.99,22.174,13.290,265,212,72.000,71,71,18.000,39.000,55.000,159,115,184,160,84,84,84,84,84,84,1,0,0,3,30,1,15.000,1
1.470000,59.15,21.974,13.180,266,214,72.000,71,71,18.000,39.000,55.000,158,116,186,160,85,85,85,85,85,85,1,0,0,3,30,1,15.000,1
1.475000,61.31,21.738,13.020,266,216,72.000,71,71,18.000,39.000,55.000,156,117,188,160,86,86,86,86,86,86,1,0,0,3,30,1,15.000,1
1.480000,63.47,21.469,12.850,266,218,72.000,71,71,18.000,39.000,55.000,154,119,190,160,87,87,87,87,87,87,1,0,0,3,30,1,15.000,1
1.485000,65.63,21.168,12.690,265,220,72.000,71,71,18.000,39.000,55.000,152,120,193,160,88,88,88,88,88,88,1,0,0,3,30,1,15.000,1
1.490000,67.79,20.836,12.530,264,222,72.000,71,71,18.000,39.000,55.000,150,121,194,160,88,88,88,88,88,88,1,0,0,3,30,1,15.000,1
1.495000,69.95,20.475,12.260,263,223,72.000,71,71,18.000,39.000,55.000,147,122,196,160,89,89,89,89,89,89,1,0,0,3,30,1,15.000,1
1.500000,72.11,20.089,12.040,261,225,72.000,71,71,18.000,39.000,55.000,144,123,198,160,90,90,90,90,90,90,1,0,0,3,30,1,15.000,1
1.505000,74.27,19.678,11.820,259,226,72.000,71,71,18.000,39.000,55.000,142,124,199,160,90,90,90,90,90,90,1,0,0,3,30,1,15.000,1
1.510000,76.43,19.246,11.550,256,227,72.000,71,71,18.000,39.000,55.000,138,125,200,160,91,91,91,91,91,91,1,0,0,3,30,1,15.000,1
1.515000,78.59,18.795,11.280,254,229,72.000,71,71,18.000,39.000,55.000,135,126,202,160,92,92,92,92,92,92,1,0,0,3,30,1,15.000,1
1.520000,80.75,18.327,11.000,250,229,72.000,71,71,18.000,39.000,55.000,132,126,202,160,92,92,92,92,92,92,1,0,0,3,30,1,15.000,1
1.525000,82.91,17.845,10.680,247,230,72.000,71,71,18.000,39.000,55.000,128,127,203,160,92,92,92,92,92,92,1,0,0,3,30,1,15.000,1
1.530000,85.07,17.352,10.410,243,231,72.000,71,71,18.000,39.000,55.000,125,127,204,160,93,93,93,93,93,93,1,0,0,3,30,1,15.000,1
1.535000,87.23,16.851,10.130,240,231,72.000,71,71,18.000,39.000,55.000,121,127,204,160,93,93,93,93,93,93,1,0,0,3,30,1,15.000,1
1.540000,89.39,16.344,9.810,235,231,72.000,71,71,18.000,39.000,55.000,117,127,204,160,93,93,93,93,93,93,1,0,0,3,30,1,15.000,1
1.545000,91.55,15.835,9.480,231,231,72.000,71,71,18.000,39.000,55.000,114,127,204,160,93,93,93,93,93,93,1,0,0,3,30,1,15.000,1
1.550000,93.71,15.326,9.210,227,231,72.000,71,71,18.000,39.000,55.000,110,127,204,160,93,93,93,93,93,93,1,0,0,3,30,1,15.000,1
1.555000,95.87,14.821,8.880,222,231,72.000,71,71,18.000,39.000,55.000,106,127,204,160,93,93,93,93,93,93,1,0,0,3,30,1,15.000,1
1.560000,98.03,14.321,8.610,217,231,72.000,71,71,18.000,39.000,55.000,103,127,204,160,93,93,93,93,93,93,1,0,0,3,30,1,15.000,1
1.565000,100.19,13.831,8.280,212,231,72.000,71,71,18.000,39.000,55.000,99,127,204,160,93,93,93,93,93,93,1,0,0,3,30,1,15.000,1
1.570000,102.35,13.352,8.010,208,230,72.000,71,71,18.000,39.000,55.000,96,127,203,160,92,92,92,92,92,92,1,0,0,3,30,1,15.000,1
1.575000,104.51,12.888,7.740,203,230,72.000,71,71,18.000,39.000,55.000,93,127,203,160,92,92,92,92,92,92,1,0,0,3,30,1,15.000,1
1.580000,106.67,12.440,7.470,198,229,72.000,71,71,18.000,39.000,55.000,89,126,202,160,92,92,92,92,92,92,1,0,0,3,30,1,15.000,1
1.585000,108.83,12.012,7.200,193,229,72.000,71,71,18.000,39.000,55.000,86,126,202,160,92,92,92,92,92,92,1,0,0,3,30,1,15.000,1
1.590000,110.99,11.606,6.980,188,228,72.000,71,71,18.000,39.000,55.000,83,125,201,160,91,91,91,91,91,91,1,0,0,3,30,1,15.000,1
1.595000,113.15,11.224,6.710,183,227,72.000,71,71,18.000,39.000,55.000,80,125,200,160,91,91,91,91,91,91,1,0,0,3,30,1,15.000,1
1.600000,115.31,10.868,6.540,178,226,72.000,71,71,18.000,39.000,55.000,78,124,199,160,90,90,90,90,90,90,1,0,0,3,30,1,15.000,1
1.605000,117.47,10.540,6.330,174,225,72.000,71,71,18.000,39.000,55.000,76,123,198,160,90,90,90,90,90,90,1,0,0,3,30,1,15.000,1
1.610000,119.63,10.242,6.160,169,224,72.000,71,71,18.000,39.000,55.000,74,123,197,160,89,89,89,89,89,89,1,0,0,3,30,1,15.000,1
1.615000,121.79,9.975,6.000,165,223,72.000,71,71,18.000,39.000,55.000,72,122,196,160,89,89,89,89,89,89,1,0,0,3,30,1,15.000,1
1.620000,123.95,9.742,5.840,161,222,72.000,71,71,18.000,39.000,55.000,70,121,194,160,88,88,88,88,88,88,1,0,0,3,30,1,15.000,1
1.625000,126.11,9.542,5.710,157,221,72.000,71,71,18.000,39.000,55.000,68,121,193,160,88,88,88,88,88,88,1,0,0,3,30,1,15.000,1
1.630000,128.27,9.378,5.630,153,220,72.000,71,71,18.000,39.000,55.000,67,120,193,160,88,88,88,88,88,88,1,0,0,3,30,1,15.000,1
1.635000,130.43,9.249,5.550,149,218,72.000,71,71,18.000,39.000,55.000,66,119,190,160,87,87,87,87,87,87,1,0,0,3,30,1,15.000,1
1.640000,132.59,9.157,5.510,146,217,72.000,71,71,18.000,39.000,55.000,66,118,189,160,86,86,86,86,86,86,1,0,0,3,30,1,15.000,1
1.645000,134.75,9.103,5.470,143,216,72.000,71,71,18.000,39.000,55.000,65,117,188,160,86,86,86,86,86,86,1,0,0,3,30,1,15.000,1
1.650000,136.91,9.085,5.470,140,214,72.000,71,71,18.000,39.000,55.000,65,116,186,160,85,85,85,85,85,85,1,0,0,3,30,1,15.000,1
1.655000,139.07,9.104,5.470,138,213,72.000,71,71,18.000,39.000,55.000,65,115,185,160,84,84,84,84,84,84,1,0,0,3,30,1,15.000,1
1.660000,141.23,9.160,5.510,136,211,72.000,71,71,18.000,39.000,55.000,66,114,183,160,83,83,83,83,83,83,1,0,0,3,30,1,15.000,1
1.665000,143.39,9.253,5.550,135,210,72.000,71,71,18.000,39.000,55.000,66,114,182,160,83,83,83,83,83,83,1,0,0,3,30,1,15.000,1
1.670000,145.55,9.381,5.630,134,208,72.000,71,71,18.000,39.000,55.000,67,112,180,160,82,82,82,82,82,82,1,0,0,3,30,1,15.000,1
1.675000,147.71,9.544,5.710,133,207,72.000,71,71,18.000,39.000,55.000,68,112,179,160,81,81,81,81,81,81,1,0,0,3,30,1,15.000,1
1.680000,149.87,9.741,5.840,133,205,72.000,71,71,18.000,39.000,55.000,70,110,177,160,80,80,80,80,80,80,1,0,0,3,30,1,15.000,1
1.685000,152.03,9.971,6.000,133,204,72.000,71,71,18.000,39.000,55.000,72,110,176,160,80,80,80,80,80,80,1,0,0,3,30,1,15.000,1
1.690000,154.19,10.231,6.160,133,203,72.000,72,71,18.000,39.000,55.000,74,109,175,160,79,79,79,79,79,79,1,0,0,3,30,1,15.000,1
1.695000,156.35,10.520,6.330,134,201,72.000,72,71,18.000,39.000,55.000,76,108,173,160,78,78,78,78,78,78,1,0,0,3,30,1,15.000,1
1.700000,158.51,10.838,6.490,135,200,72.000,72,71,18.000,39.000,55.000,78,107,172,160,78,78,78,78,78,78,1,0,0,3,30,1,15.000,1
1.705000,160.67,11.180,6.710,137,199,72.000,72,71,18.000,39.000,55.000,80,106,170,160,77,77,77,77,77,77,1,0,0,3,30,1,15.000,1
1.710000,162.83,11.546,6.920,139,198,72.000,72,71,18.000,39.000,55.000,83,106,169,160,77,77,77,77,77,77,1,0,0,3,30,1,15.000,1
1.715000,164.99,11.933,7.140,141,196,72.000,72,71,18.000,39.000,55.000,85,104,167,160,76,76,76,76,76,76,1,0,0,3,30,1,15.000,1
1.720000,167.15,12.339,7.410,143,195,72.000,72,71,18.000,39.000,55.000,89,104,166,160,76,76,76,76,76,76,1,0,0,3,30,1,15.000,1
1.725000,169.31,12.761,7.630,146,194,72.000,71,71,18.000,39.000,55.000,91,103,165,160,75,75,75,75,75,75,1,0,0,3,30,1,15.000,1
1.730000,171.47,13.197,7.900,149,194,72.000,71,71,18.000,39.000,55.000,95,103,165,160,75,75,75,75,75,75,1,0,0,3,30,1,15.000,1
1.735000,173.63,13.644,8.180,152,193,72.000,71,71,18.000,39.000,55.000,98,102,164,160,75,75,75,75,75,75,1,0,0,3,30,1,15.000,1
1.740000,175.79,14.099,8.450,156,192,72.000,71,71,18.000,39.000,55.000,101,102,163,160,74,74,74,74,74,74,1,0,0,3,30,1,15.000,1
1.745000,177.95,14.560,8.720,160,191,72.000,71,71,18.000,39.000,55.000,104,101,162,160,74,74,74,74,74,74,1,0,0,3,30,1,15.000,1
1.750000,180.11,15.023,8.990,164,191,72.000,71,71,18.000,39.000,55.000,108,101,162,160,74,74,74,74,74,74,1,0,0,3,30,1,15.000,1
1.755000,182.27,15.486,9.260,168,190,72.000,71,71,18.000,39.000,55.000,111,100,161,160,73,73,73,73,73,73,1,0,0,3,30,1,15.000,1
1.760000,184.43,15.947,9.590,172,190,72.000,71,71,18.000,39.000,55.000,115,100,161,160,73,73,73,73,73,73,1,0,0,3,30,1,15.000,1
1.765000,186.59,16.401,9.860,176,190,72.000,71,71,18.000,39.000,55.000,118,100,161,160,73,73,73,73,73,73,1,0,0,3,30,1,15.000,1
1.770000,188.75,16.847,10.130,180,190,72.000,71,71,18.000,39.000,55.000,121,100,161,160,73,73,73,73,73,73,1,0,0,3,30,1,15.000,1
1.775000,190.91,17.281,10.350,185,189,72.000,71,71,18.000,39.000,55.000,124,100,160,160,73,73,73,73,73,73,1,0,0,3,30,1,15.000,1
1.780000,193.07,17.702,10.620,189,189,72.000,71,71,18.000,39.000,55.000,127,100,160,160,73,73,73,73,73,73,1,0,0,3,30,1,15.000,1
1.785000,195.23,18.106,10.840,194,189,72.000,71,71,18.000,39.000,55.000,130,100,160,160,73,73,73,73,73,73,1,0,0,3,30,1,15.000,1
1.790000,197.39,18.491,11.110,198,190,72.000,71,71,18.000,39.000,55.000,133,100,161,160,73,73,73,73,73,73,1,0,0,3,30,1,15.000,1
1.795000,199.55,18.855,11.330,203,190,72.000,71,71,18.000,39.000,55.000,136,100,161,160,73,73,73,73,73,73,1,0,0,3,30,1,15.000,1
1.800000,201.71,19.195,11.490,207,191,72.000,71,71,18.000,39.000,55.000,138,101,162,160,74,74,74,74,74,74,1,0,0,3,30,1,15.000,1
1.805000,203.87,19.510,11.710,211,191,72.000,71,71,18.000,39.000,55.000,140,101,162,160,74,74,74,74,74,74,1,0,0,3,30,1,15.000,1
1.810000,206.03,19.797,11.870,216,192,72.000,71,71,18.000,39.000,55.000,142,102,163,160,74,74,74,74,74,74,1,0,0,3,30,1,15.000,1
1.815000,208.19,20.054,12.040,219,193,72.000,71,71,18.000,39.000,55.000,144,102,164,160,75,75,75,75,75,75,1,0,0,3,30,1,15.000,1
1.820000,210.35,20.280,12.150,223,194,72.000,71,71,18.000,39.000,55.000,146,103,165,160,75,75,75,75,75,75,1,0,0,3,30,1,15.000,1
1.825000,212.51,20.473,12.260,227,196,72.000,71,71,18.000,39.000,55.000,147,104,167,160,76,76,76,76,76,76,1,0,0,3,30,1,15.000,1
1.830000,214.67,20.633,12.360,230,197,72.000,71,71,18.000,39.000,55.000,148,105,168,160,76,76,76,76,76,76,1,0,0,3,30,1,15.000,1
1.835000,216.83,20.758,12.470,233,198,72.000,71,71,18.000,39.000,55.000,149,106,169,160,77,77,77,77,77,77,1,0,0,3,30,1,15.000,1
1.840000,218.99,20.847,12.530,236,200,72.000,71,71,18.000,39.000,55.000,150,107,172,160,78,78,78,78,78,78,1,0,0,3,30,1,15.000,1
1.845000,221.15,20.899,12.530,239,201,72.000,71,71,18.000,39.000,55.000,150,108,173,160,78,78,78,78,78,78,1,0,0,3,30,1,15.000,1
1.850000,223.31,20.915,12.530,241,203,72.000,71,71,18.000,39.000,55.000,150,109,175,160,79,79,79,79,79,79,1,0,0,3,30,1,15.000,1
1.855000,225.47,20.894,12.530,243,204,72.000,71,71,18.000,39.000,55.000,150,110,176,160,80,80,80,80,80,80,1,0,0,3,30,1,15.000,1
1.860000,227.63,20.835,12.530,245,206,72.000,71,71,18.000,39.000,55.000,150,111,178,160,81,81,81,81,81,81,1,0,0,3,30,1,15.000,1
1.865000,229.79,20.740,12.420,246,208,72.000,71,71,18.000,39.000,55.000,149,112,180,160,82,82,82,82,82,82,1,0,0,3,30,1,15.000,1
1.870000,231.95,20.608,12.360,247,209,72.000,71,71,18.000,39.000,55.000,148,113,181,160,82,82,82,82,82,82,1,0,0,3,30,1,15.000,1
1.875000,234.11,20.440,12.260,248,211,72.000,71,71,18.000,39.000,55.000,147,114,183,160,83,83,83,83,83,83,1,0,0,3,30,1,15.000,1
1.880000,236.27,20.237,12.150,248,212,72.000,71,71,18.000,39.000,55.000,146,115,184,160,84,84,84,84,84,84,1,0,0,3,30,1,15.000,1
1.885000,238.43,20.000,11.980,248,214,72.000,71,71,18.000,39.000,55.000,144,116,186,160,85,85,85,85,85,85,1,0,0,3,30,1,15.000,1
1.890000,240.59,19.730,11.820,248,215,72.000,71,71,18.000,39.000,55.000,142,117,187,160,85,85,85,85,85,85,1,0,0,3,30,1,15.000,1
1.895000,242.75,19.429,11.660,247,216,72.000,71,71,18.000,39.000,55.000,140,117,188,160,86,86,86,86,86,86,1,0,0,3,30,1,15.000,1
1.900000,244.91,19.098,11.440,246,217,72.000,71,71,18.000,39.000,55.000,137,118,189,160,86,86,86,86,86,86,1,0,0,3,30,1,15.000,1
1.905000,247.07,18.739,11.220,244,218,72.000,71,71,18.000,39.000,55.000,134,119,190,160,87,87,87,87,87,87,1,0,0,3,30,1,15.000,1
1.910000,249.23,18.355,11.000,242,219,72.000,71,71,18.000,39.000,55.000,132,119,191,160,87,87,87,87,87,87,1,0,0,3,30,1,15.000,1
1.915000,251.39,17.946,10.790,240,220,72.000,71,71,18.000,39.000,55.000,129,120,193,160,88,88,88,88,88,88,1,0,0,3,30,1,15.000,1
1.920000,253.55,17.516,10.510,238,221,72.000,71,71,18.000,39.000,55.000,126,121,193,160,88,88,88,88,88,88,1,0,0,3,30,1,15.000,1
1.925000,255.71,17.067,10.240,235,222,72.000,71,71,18.000,39.000,55.000,123,121,194,160,88,88,88,88,88,88,1,0,0,3,30,1,15.000,1
1.930000,257.87,16.601,9.970,232,222,72.000,71,71,18.000,39.000,55.000,119,121,194,160,88,88,88,88,88,88,1,0,0,3,30,1,15.000,1
1.935000,260.03,16.121,9.640,228,222,72.000,71,71,18.000,39.000,55.000,115,121,194,160,88,88,88,88,88,88,1,0,0,3,30,1,15.000,1
1.940000,262.19,15.629,9.370,225,222,72.000,71,71,18.000,39.000,55.000,112,121,194,160,88,88,88,88,88,88,1,0,0,3,30,1,15.000,1
1.945000,264.35,15.129,9.050,221,222,72.000,71,71,18.000,39.000,55.000,108,121,194,160,88,88,88,88,88,88,1,0,0,3,30,1,15.000,1
1.950000,266.51,14.623,8.770,217,222,72.000,71,71,18.000,39.000,55.000,105,121,194,160,88,88,88,88,88,88,1,0,0,3,30,1,15.000,1
1.955000,268.67,14.114,8.450,212,222,72.000,71,71,18.000,39.000,55.000,101,121,194,160,88,88,88,88,88,88,1,0,0,3,30,1,15.000,1
1.960000,270.83,13.605,8.180,208,222,72.000,71,71,18.000,39.000,55.000,98,121,194,160,88,88,88,88,88,88,1,0,0,3,30,1,15.000,1
1.965000,272.99,13.099,7.850,203,222,72.000,71,71,18.000,39.000,55.000,94,121,194,160,88,88,88,88,88,88,1,0,0,3,30,1,15.000,1
1.970000,275.15,12.598,7.580,198,221,72.000,71,71,18.000,39.000,55.000,91,121,193,160,88,88,88,88,88,88,1,0,0,3,30,1,15.000,1
1.975000,277.31,12.106,7.250,193,221,72.000,71,71,18.000,39.000,55.000,87,121,193,160,88,88,88,88,88,88,1,0,0,3,30,1,15.000,1
1.980000,279.47,11.626,6.980,189,220,72.000,71,71,18.000,39.000,55.000,83,120,193,160,88,88,88,88,88,88,1,0,0,3,30,1,15.000,1
1.985000,281.63,11.159,6.710,184,220,72.000,71,71,18.000,39.000,55.000,80,120,193,160,88,88,88,88,88,88,1,0,0,3,30,1,15.000,1
1.990000,283.79,10.710,6.440,179,219,72.000,71,71,18.000,39.000,55.000,77,119,191,160,87,87,87,87,87,87,1,0,0,3,30,1,15.000,1
1.995000,285.95,10.280,6.160,174,218,72.000,71,71,18.000,39.000,55.000,74,119,190,160,87,87,87,87,87,87,1,0,0,3,30,1,15.000,1
2.000000,288.11,9.871,5.920,169,217,72.000,71,71,18.000,39.000,55.000,71,118,189,160,86,86,86,86,86,86,1,0,0,3,30,1,15.000,1
2.005000,290.27,9.487,5.670,164,216,72.000,72,71,18.000,39.000,55.000,68,117,188,160,86,86,86,86,86,86,1,0,0,3,30,1,15.000,1
2.010000,292.43,9.130,5.470,159,215,72.000,72,71,18.000,39.000,55.000,65,117,187,160,85,85,85,85,85,85,1,0,0,3,30,1,15.000,1
2.015000,294.59,8.801,5.260,154,214,72.000,72,71,18.000,39.000,55.000,63,116,186,160,85,85,85,85,85,85,1,0,0,3,30,1,15.000,1
2.020000,296.75,8.503,5.100,149,213,72.000,72,71,18.000,39.000,55.000,61,115,185,160,84,84,84,84,84,84,1,0,0,3,30,1,15.000,1
2.025000,298.91,8.237,4.930,144,212,72.000,72,71,18.000,39.000,55.000,59,115,184,160,84,84,84,84,84,84,1,0,0,3,30,1,15.000,1
2.030000,301.07,8.005,4.810,139,210,72.000,72,71,18.000,39.000,55.000,57,114,182,160,83,83,83,83,83,83,1,0,0,3,30,1,15.000,1
2.035000,303.23,7.808,4.680,135,209,72.000,72,71,18.000,39.000,55.000,56,113,181,160,82,82,82,82,82,82,1,0,0,3,30,1,15.000,1
2.040000,305.39,7.648,4.600,130,207,72.000,71,71,18.000,39.000,55.000,55,112,179,160,81,81,81,81,81,81,1,0,0,3,30,1,15.000,1
2.045000,307.55,7.526,4.520,126,206,72.000,71,71,18.000,39.000,55.000,54,111,178,160,81,81,81,81,81,81,1,0,0,3,30,1,15.000,1
2.050000,309.71,7.442,4.480,123,204,72.000,71,71,18.000,39.000,55.000,53,110,176,160,80,80,80,80,80,80,1,0,0,3,30,1,15.000,1
2.055000,311.87,7.397,4.440,120,203,72.000,71,71,18.000,39.000,55.000,53,109,175,160,79,79,79,79,79,79,1,0,0,3,30,1,15.000,1
2.060000,314.03,7.391,4.440,117,201,72.000,71,71,18.000,39.000,55.000,53,108,173,160,78,78,78,78,78,78,1,0,0,3,30,1,15.000,1
2.065000,316.19,7.425,4.440,114,199,72.000,71,71,18.000,39.000,55.000,53,106,170,160,77,77,77,77,77,77,1,0,0,3,30,1,15.000,1
2.070000,318.35,7.499,4.520,112,198,72.000,71,71,18.000,39.000,55.000,54,106,169,160,77,77,77,77,77,77,1,0,0,3,30,1,15.000,1
2.075000,320.51,7.611,4.560,111,196,72.000,71,71,18.000,39.000,55.000,54,104,167,160,76,76,76,76,76,76,1,0,0,3,30,1,15.000,1
2.080000,322.67,7.763,4.640,110,194,72.000,71,71,18.000,39.000,55.000,55,103,165,160,75,75,75,75,75,75,1,0,0,3,30,1,15.000,1
2.085000,324.83,7.952,4.770,109,193,72.000,71,71,18.000,39.000,55.000,57,102,164,160,75,75,75,75,75,75,1,0,0,3,30,1,15.000,1
2.090000,326.99,8.179,4.890,109,191,72.000,71,71,18.000,39.000,55.000,58,101,162,160,74,74,74,74,74,74,1,0,0,3,30,1,15.000,1
2.095000,329.15,8.441,5.050,109,190,72.000,71,71,18.000,39.000,55.000,60,100,161,160,73,73,73,73,73,73,1,0,0,3,30,1,15.000,1
2.100000,331.31,8.738,5.260,110,188,72.000,71,71,18.000,39.000,55.000,63,99,159,160,72,72,72,72,72,72,1,0,0,3,30,1,15.000,1
2.105000,333.47,9.069,5.420,111,187,72.000,71,71,18.000,39.000,55.000,65,98,158,160,72,72,72,72,72,72,1,0,0,3,30,1,15.000,1
2.110000,335.63,9.430,5.670,113,185,72.000,71,71,18.000,39.000,55.000,68,97,156,160,71,71,71,71,71,71,1,0,0,3,30,1,15.000,1
2.115000,337.79,9.822,5.880,115,184,72.000,71,71,18.000,39.000,55.000,70,97,155,160,70,70,70,70,70,70,1,0,0,3,30,1,15.000,1
2.120000,339.95,10.240,6.160,118,182,72.000,71,71,18.000,39.000,55.000,74,95,153,160,69,69,69,69,69,69,1,0,0,3,30,1,15.000,1
2.125000,342.11,10.684,6.440,121,181,72.000,71,71,18.000,39.000,55.000,77,95,152,160,69,69,69,69,69,69,1,0,0,3,30,1,15.000,1
2.130000,344.27,11.151,6.710,125,180,72.000,71,71,18.000,39.000,55.000,80,94,151,160,68,68,68,68,68,68,1,0,0,3,30,1,15.000,1
2.135000,346.43,11.639,6.980,128,179,72.000,71,71,18.000,39.000,55.000,83,93,149,160,68,68,68,68,68,68,1,0,0,3,30,1,15.000,1
2.140000,348.59,12.144,7.310,132,178,72.000,71,71,18.000,39.000,55.000,87,93,148,160,67,67,67,67,67,67,1,0,0,3,30,1,15.000,1
2.145000,350.75,12.665,7.580,136,177,72.000,71,71,18.000,39.000,55.000,91,92,147,160,67,67,67,67,67,67,1,0,0,3,30,1,15.000,1
2.150000,352.91,13.198,7.900,140,177,72.000,71,71,18.000,39.000,55.000,95,92,147,160,67,67,67,67,67,67,1,0,0,3,30,1,15.000,1
2.155000,355.07,13.740,8.230,145,176,72.000,71,71,18.000,39.000,55.000,98,91,146,160,66,66,66,66,66,66,1,0,0,3,30,1,15.000,1
2.160000,357.23,14.290,8.560,150,175,72.000,71,71,18.000,39.000,55.000,102,91,145,160,66,66,66,66,66,66,1,0,0,3,30,1,15.000,1
2.165000,359.39,14.843,8.880,154,175,72.000,71,71,18.000,39.000,55.000,106,91,145,160,66,66,66,66,66,66,1,0,0,3,30,1,15.000,1
2.170000,1.55,15.397,9.260,160,175,72.000,71,71,18.000,39.000,55.000,111,91,145,160,66,66,66,66,66,66,1,0,0,3,30,1,15.000,1
2.175000,3.71,15.949,9.590,165,174,72.000,71,71,18.000,39.000,55.000,115,90,144,160,66,66,66,66,66,66,1,0,0,3,30,1,15.000,1
2.180000,5.87,16.496,9.920,170,174,72.000,71,71,18.000,39.000,55.000,119,90,144,160,66,66,66,66,66,66,1,0,0,3,30,1,15.000,1
2.185000,8.03,17.034,10.240,175,174,72.000,71,71,18.000,39.000,55.000,123,90,144,160,66,66,66,66,66,66,1,0,0,3,30,1,15.000,1
2.190000,10.19,17.562,10.510,181,174,72.000,71,71,18.000,39.000,55.000,126,90,144,160,66,66,66,66,66,66,1,0,0,3,30,1,15.000,1
2.195000,12.35,18.077,10.840,186,175,72.000,71,71,18.000,39.000,55.000,130,91,145,160,66,66,66,66,66,66,1,0,0,3,30,1,15.000,1
2.200000,14.51,18.575,11.110,192,175,72.000,71,71,18.000,39.000,55.000,133,91,145,160,66,66,66,66,66,66,1,0,0,3,30,1,15.000,1
2.205000,16.67,19.054,11.440,197,176,72.000,71,71,18.000,39.000,55.000,137,91,146,160,66,66,66,66,66,66,1,0,0,3,30,1,15.000,1
2.210000,18.83,19.511,11.710,203,177,72.000,71,71,18.000,39.000,55.000,140,92,147,160,67,67,67,67,67,67,1,0,0,3,30,1,15.000,1
2.215000,20.99,19.944,11.980,208,178,72.000,71,71,18.000,39.000,55.000,144,93,148,160,67,67,67,67,67,67,1,0,0,3,30,1,15.000,1
2.220000,23.15,20.351,12.200,214,179,72.000,71,71,18.000,39.000,55.000,146,93,149,160,68,68,68,68,68,68,1,0,0,3,30,1,15.000,1
2.225000,25.31,20.730,12.420,219,181,72.000,71,71,18.000,39.000,55.000,149,95,152,160,69,69,69,69,69,69,1,0,0,3,30,1,15.000,1
2.230000,27.47,21.078,12.640,224,183,72.000,71,71,18.000,39.000,55.000,152,96,154,160,70,70,70,70,70,70,1,0,0,3,30,1,15.000,1
2.235000,29.63,21.395,12.850,229,184,72.000,71,71,18.000,39.000,55.000,154,97,155,160,70,70,70,70,70,70,1,0,0,3,30,1,15.000,1
2.240000,31.79,21.677,13.020,233,186,72.000,71,71,18.000,39.000,55.000,156,98,157,160,71,71,71,71,71,71,1,0,0,3,30,1,15.000,1
2.245000,33.95,21.924,13.130,238,188,72.000,71,71,18.000,39.000,55.000,157,99,159,160,72,72,72,72,72,72,1,0,0,3,30,1,15.000,1
2.250000,36.11,22.135,13.290,242,190,72.000,71,71,18.000,39.000,55.000,159,100,161,160,73,73,73,73,73,73,1,0,0,3,30,1,15.000,1
2.255000,38.27,22.308,13.400,246,192,72.000,71,71,18.000,39.000,55.000,161,102,163,160,74,74,74,74,74,74,1,0,0,3,30,1,15.000,1
2.260000,40.43,22.442,13.450,249,195,72.000,71,71,18.000,39.000,55.000,161,104,166,160,76,76,76,76,76,76,1,0,0,3,30,1,15.000,1
2.265000,42.59,22.538,13.510,252,197,72.000,71,71,18.000,39.000,55.000,162,105,168,160,76,76,76,76,76,76,1,0,0,3,30,1,15.000,1
2.270000,44.75,22.595,13.560,255,199,72.000,71,71,18.000,39.000,55.000,163,106,170,160,77,77,77,77,77,77,1,0,0,3,30,1,15.000,1
2.275000,46.91,22.611,13.560,258,201,72.000,71,71,18.000,39.000,55.000,163,108,173,160,78,78,78,78,78,78,1,0,0,3,30,1,15.000,1
2.280000,49.07,22.589,13.560,260,204,72.000,71,71,18.000,39.000,55.000,163,110,176,160,80,80,80,80,80,80,1,0,0,3,30,1,15.000,1
2.285000,51.23,22.527,13.510,262,206,72.000,71,71,18.000,39.000,55.000,162,111,178,160,81,81,81,81,81,81,1,0,0,3,30,1,15.000,1
2.290000,53.39,22.426,13.450,264,208,72.000,71,71,18.000,39.000,55.000,161,112,180,160,82,82,82,82,82,82,1,0,0,3,30,1,15.000,1
2.295000,55.55,22.287,13.340,265,211,72.000,71,71,18.000,39.000,55.000,160,114,183,160,83,83,83,83,83,83,1,0,0,3,30,1,15.000,1
2.300000,57.71,22.111,13.230,265,213,72.000,71,71,18.000,39.000,55.000,159,115,185,160,84,84,84,84,84,84,1,0,0,3,30,1,15.000,1
2.305000,59.87,21.899,13.130,266,215,72.000,71,71,18.000,39.000,55.000,157,117,187,160,85,85,85,85,85,85,1,0,0,3,30,1,15.000,1
2.310000,62.03,21.652,13.020,266,217,72.000,71,71,18.000,39.000,55.000,156,118,189,160,86,86,86,86,86,86,1,0,0,3,30,1,15.000,1
2.315000,64.19,21.372,12.800,265,219,72.000,72,71,18.000,39.000,55.000,153,119,191,160,87,87,87,87,87,87,1,0,0,3,30,1,15.000,1
2.320000,66.35,21.060,12.640,265,221,72.000,72,71,18.000,39.000,55.000,152,121,193,160,88,88,88,88,88,88,1,0,0,3,30,1,15.000,1
2.325000,68.51,20.719,12.420,264,222,72.000,72,71,18.000,39.000,55.000,149,121,194,160,88,88,88,88,88,88,1,0,0,3,30,1,15.000,1
2.330000,70.67,20.349,12.200,262,224,72.000,72,71,18.000,39.000,55.000,146,123,197,160,89,89,89,89,89,89,1,0,0,3,30,1,15.000,1
2.335000,72.83,19.955,11.980,260,226,72.000,72,71,18.000,39.000,55.000,144,124,199,160,90,90,90,90,90,90,1,0,0,3,30,1,15.000,1
2.340000,74.99,19.536,11.710,258,227,72.000,72,71,18.000,39.000,55.000,140,125,200,160,91,91,91,91,91,91,1,0,0,3,30,1,15.000,1
2.345000,77.15,19.098,11.440,255,228,72.000,72,71,18.000,39.000,55.000,137,125,201,160,91,91,91,91,91,91,1,0,0,3,30,1,15.000,1
2.350000,79.31,18.640,11.170,253,229,72.000,71,71,18.000,39.000,55.000,134,126,202,160,92,92,92,92,92,92,1,0,0,3,30,1,15.000,1
2.355000,81.47,18.167,10.900,249,230,72.000,71,71,18.000,39.000,55.000,131,127,203,160,92,92,92,92,92,92,1,0,0,3,30,1,15.000,1
2.360000,83.63,17.682,10.620,246,231,72.000,71,71,18.000,39.000,55.000,127,127,204,160,93,93,93,93,93,93,1,0,0,3,30,1,15.000,1
2.365000,85.79,17.186,10.300,242,231,72.000,71,71,18.000,39.000,55.000,123,127,204,160,93,93,93,93,93,93,1,0,0,3,30,1,15.000,1
2.370000,87.95,16.682,10.030,238,231,72.000,71,71,18.000,39.000,55.000,120,127,204,160,93,93,93,93,93,93,1,0,0,3,30,1,15.000,1
2.375000,90.11,16.175,9.700,234,232,72.000,71,71,18.000,39.000,55.000,116,128,205,160,93,93,93,93,93,93,1,0,0,3,30,1,15.000,1
2.380000,92.27,15.665,9.430,230,232,72.000,71,71,18.000,39.000,55.000,113,128,205,160,93,93,93,93,93,93,1,0,0,3,30,1,15.000,1
2.385000,94.43,15.157,9.100,225,232,72.000,71,71,18.000,39.000,55.000,109,128,205,160,93,93,93,93,93,93,1,0,0,3,30,1,15.000,1
2.390000,96.59,14.653,8.770,220,231,72.000,71,71,18.000,39.000,55.000,105,127,204,160,93,93,93,93,93,93,1,0,0,3,30,1,15.000,1
2.395000,98.75,14.157,8.500,216,231,72.000,71,71,18.000,39.000,55.000,102,127,204,160,93,93,93,93,93,93,1,0,0,3,30,1,15.000,1
2.400000,100.91,13.670,8.180,211,231,72.000,71,71,18.000,39.000,55.000,98,127,204,160,93,93,93,93,93,93,1,0,0,3,30,1,15.000,1
2.405000,103.07,13.196,7.900,206,230,72.000,71,71,18.000,39.000,55.000,95,127,203,160,92,92,92,92,92,92,1,0,0,3,30,1,15.000,1
2.410000,105.23,12.736,7.630,201,230,72.000,71,71,18.000,39.000,55.000,91,127,203,160,92,92,92,92,92,92,1,0,0,3,30,1,15.000,1
2.415000,107.39,12.295,7.360,196,229,72.000,71,71,18.000,39.000,55.000,88,126,202,160,92,92,92,92,92,92,1,0,0,3,30,1,15.000,1
2.420000,109.55,11.874,7.140,191,229,72.000,71,71,18.000,39.000,55.000,85,126,202,160,92,92,92,92,92,92,1,0,0,3,30,1,15.000,1
2.425000,111.71,11.476,6.870,186,228,72.000,71,71,18.000,39.000,55.000,82,125,201,160,91,91,91,91,91,91,1,0,0,3,30,1,15.000,1
2.430000,113.87,11.102,6.650,181,227,72.000,71,71,18.000,39.000,55.000,79,125,200,160,91,91,91,91,91,91,1,0,0,3,30,1,15.000,1
2.435000,116.03,10.755,6.440,177,226,72.000,71,71,18.000,39.000,55.000,77,124,199,160,90,90,90,90,90,90,1,0,0,3,30,1,15.000,1
2.440000,118.19,10.437,6.270,172,225,72.000,71,71,18.000,39.000,55.000,75,123,198,160,90,90,90,90,90,90,1,0,0,3,30,1,15.000,1
2.445000,120.35,10.149,6.110,168,224,72.000,71,71,18.000,39.000,55.000,73,123,197,160,89,89,89,89,89,89,1,0,0,3,30,1,15.000,1
2.450000,122.51,9.894,5.920,164,223,72.000,71,71,18.000,39.000,55.000,71,122,196,160,89,89,89,89,89,89,1,0,0,3,30,1,15.000,1
2.455000,124.67,9.671,5.790,159,222,72.000,71,71,18.000,39.000,55.000,69,121,194,160,88,88,88,88,88,88,1,0,0,3,30,1,15.000,1
2.460000,126.83,9.483,5.670,155,221,72.000,71,71,18.000,39.000,55.000,68,121,193,160,88,88,88,88,88,88,1,0,0,3,30,1,15.000,1
2.465000,128.99,9.331,5.590,152,219,72.000,71,71,18.000,39.000,55.000,67,119,191,160,87,87,87,87,87,87,1,0,0,3,30,1,15.000,1
2.470000,131.15,9.215,5.550,148,218,72.000,71,71,18.000,39.000,55.000,66,119,190,160,87,87,87,87,87,87,1,0,0,3,30,1,15.000,1
2.475000,133.31,9.135,5.470,145,217,72.000,71,71,18.000,39.000,55.000,65,118,189,160,86,86,86,86,86,86,1,0,0,3,30,1,15.000,1
2.480000,135.47,9.092,5.470,142,215,72.000,71,71,18.000,39.000,55.000,65,117,187,160,85,85,85,85,85,85,1,0,0,3,30,1,15.000,1
2.485000,137.63,9.087,5.470,140,214,72.000,71,71,18.000,39.000,55.000,65,116,186,160,85,85,85,85,85,85,1,0,0,3,30,1,15.000,1
2.490000,139.79,9.119,5.470,137,212,72.000,71,71,18.000,39.000,55.000,65,115,184,160,84,84,84,84,84,84,1,0,0,3,30,1,15.000,1
2.495000,141.95,9.187,5.510,136,211,72.000,71,71,18.000,39.000,55.000,66,114,183,160,83,83,83,83,83,83,1,0,0,3,30,1,15.000,1
2.500000,144.11,9.292,5.590,134,209,72.000,71,71,18.000,39.000,55.000,67,113,181,160,82,82,82,82,82,82,1,0,0,3,30,1,15.000,1
2.505000,146.27,9.432,5.670,133,208,72.000,71,71,18.000,39.000,55.000,68,112,180,160,82,82,82,82,82,82,1,0,0,3,30,1,15.000,1
2.510000,148.43,9.606,5.750,133,206,72.000,71,71,18.000,39.000,55.000,69,111,178,160,81,81,81,81,81,81,1,0,0,3,30,1,15.000,1
2.515000,150.59,9.814,5.880,133,205,72.000,71,71,18.000,39.000,55.000,70,110,177,160,80,80,80,80,80,80,1,0,0,3,30,1,15.000,1
2.520000,152.75,10.054,6.050,133,204,72.000,71,71,18.000,39.000,55.000,72,110,176,160,80,80,80,80,80,80,1,0,0,3,30,1,15.000,1
2.525000,154.91,10.324,6.160,134,202,72.000,71,71,18.000,39.000,55.000,74,108,174,160,79,79,79,79,79,79,1,0,0,3,30,1,15.000,1
2.530000,157.07,10.623,6.380,135,201,72.000,71,71,18.000,39.000,55.000,76,108,173,160,78,78,78,78,78,78,1,0,0,3,30,1,15.000,1
2.535000,159.23,10.949,6.540,136,200,72.000,71,71,18.000,39.000,55.000,78,107,172,160,78,78,78,78,78,78,1,0,0,3,30,1,15.000,1
2.540000,161.39,11.300,6.760,138,198,72.000,71,71,18.000,39.000,55.000,81,106,169,160,77,77,77,77,77,77,1,0,0,3,30,1,15.000,1
2.545000,163.55,11.673,6.980,139,197,72.000,71,71,18.000,39.000,55.000,83,105,168,160,76,76,76,76,76,76,1,0,0,3,30,1,15.000,1
2.550000,165.71,12.067,7.250,142,196,72.000,71,71,18.000,39.000,55.000,87,104,167,160,76,76,76,76,76,76,1,0,0,3,30,1,15.000,1
2.555000,167.87,12.478,7.470,144,195,72.000,71,71,18.000,39.000,55.000,89,104,166,160,76,76,76,76,76,76,1,0,0,3,30,1,15.000,1
2.560000,170.03,12.905,7.740,147,194,72.000,71,71,18.000,39.000,55.000,93,103,165,160,75,75,75,75,75,75,1,0,0,3,30,1,15.000,1
2.565000,172.19,13.345,8.010,150,193,72.000,71,71,18.000,39.000,55.000,96,102,164,160,75,75,75,75,75,75,1,0,0,3,30,1,15.000,1
2.570000,174.35,13.795,8.280,154,193,72.000,71,71,18.000,39.000,55.000,99,102,164,160,75,75,75,75,75,75,1,0,0,3,30,1,15.000,1
2.575000,176.51,14.252,8.560,157,192,72.000,71,71,18.000,39.000,55.000,102,102,163,160,74,74,74,74,74,74,1,0,0,3,30,1,15.000,1
2.580000,178.67,14.714,8.830,161,191,72.000,71,71,18.000,39.000,55.000,106,101,162,160,74,74,74,74,74,74,1,0,0,3,30,1,15.000,1
2.585000,180.83,15.178,9.100,165,191,72.000,71,71,18.000,39.000,55.000,109,101,162,160,74,74,74,74,74,74,1,0,0,3,30,1,15.000,1
2.590000,182.99,15.640,9.370,169,190,72.000,71,71,18.000,39.000,55.000,112,100,161,160,73,73,73,73,73,73,1,0,0,3,30,1,15.000,1
2.595000,185.15,16.099,9.640,173,190,72.000,71,71,18.000,39.000,55.000,115,100,161,160,73,73,73,73,73,73,1,0,0,3,30,1,15.000,1
2.600000,187.31,16.551,9.920,178,190,72.000,71,71,18.000,39.000,55.000,119,100,161,160,73,73,73,73,73,73,1,0,0,3,30,1,15.000,1
2.605000,189.47,16.993,10.190,182,190,72.000,71,71,18.000,39.000,55.000,122,100,161,160,73,73,73,73,73,73,1,0,0,3,30,1,15.000,1
2.610000,191.63,17.423,10.460,186,190,72.000,71,71,18.000,39.000,55.000,125,100,161,160,73,73,73,73,73,73,1,0,0,3,30,1,15.000,1
2.615000,193.79,17.839,10.680,191,190,72.000,71,71,18.000,39.000,55.000,128,100,161,160,73,73,73,73,73,73,1,0,0,3,30,1,15.000,1
2.620000,195.95,18.237,10.950,195,190,72.000,71,71,18.000,39.000,55.000,131,100,161,160,73,73,73,73,73,73,1,0,0,3,30,1,15.000,1
2.625000,198.11,18.615,11.170,200,190,72.000,71,71,18.000,39.000,55.000,134,100,161,160,73,73,73,73,73,73,1,0,0,3,30,1,15.000,1
2.630000,200.27,18.971,11.380,204,190,72.000,72,71,18.000,39.000,55.000,136,100,161,160,73,73,73,73,73,73,1,0,0,3,30,1,15.000,1
2.635000,202.43,19.303,11.600,209,191,72.000,72,71,18.000,39.000,55.000,139,101,162,160,74,74,74,74,74,74,1,0,0,3,30,1,15.000,1
2.640000,204.59,19.609,11.770,213,192,72.000,72,71,18.000,39.000,55.000,141,102,163,160,74,74,74,74,74,74,1,0,0,3,30,1,15.000,1
2.645000,206.75,19.886,11.930,217,193,72.000,72,71,18.000,39.000,55.000,143,102,164,160,75,75,75,75,75,75,1,0,0,3,30,1,15.000,1
2.650000,208.91,20.133,12.090,221,194,72.000,72,71,18.000,39.000,55.000,145,103,165,160,75,75,75,75,75,75,1,0,0,3,30,1,15.000,1
2.655000,211.07,20.348,12.200,225,195,72.000,72,71,18.000,39.000,55.000,146,104,166,160,76,76,76,76,76,76,1,0,0,3,30,1,15.000,1
2.660000,213.23,20.531,12.310,228,196,72.000,72,71,18.000,39.000,55.000,148,104,167,160,76,76,76,76,76,76,1,0,0,3,30,1,15.000,1
2.665000,215.39,20.679,12.420,231,197,72.000,71,71,18.000,39.000,55.000,149,105,168,160,76,76,76,76,76,76,1,0,0,3,30,1,15.000,1
2.670000,217.55,20.792,12.470,234,199,72.000,71,71,18.000,39.000,55.000,149,106,170,160,77,77,77,77,77,77,1,0,0,3,30,1,15.000,1
2.675000,219.71,20.869,12.530,237,200,72.000,71,71,18.000,39.000,55.000,150,107,172,160,78,78,78,78,78,78,1,0,0,3,30,1,15.000,1
2.680000,221.87,20.909,12.530,240,202,72.000,71,71,18.000,39.000,55.000,150,108,174,160,79,79,79,79,79,79,1,0,0,3,30,1,15.000,1
2.685000,224.03,20.912,12.530,242,203,72.000,71,71,18.000,39.000,55.000,150,109,175,160,79,79,79,79,79,79,1,0,0,3,30,1,15.000,1
2.690000,226.19,20.878,12.530,244,205,72.000,71,71,18.000,39.000,55.000,150,110,177,160,80,80,80,80,80,80,1,0,0,3,30,1,15.000,1
2.695000,228.35,20.807,12.470,245,207,72.000,71,71,18.000,39.000,55.000,149,112,179,160,81,81,81,81,81,81,1,0,0,3,30,1,15.000,1
2.700000,230.51,20.700,12.420,246,208,72.000,71,71,18.000,39.000,55.000,149,112,180,160,82,82,82,82,82,82,1,0,0,3,30,1,15.000,1
2.705000,232.67,20.555,12.310,247,210,72.000,71,71,18.000,39.000,55.000,148,114,182,160,83,83,83,83,83,83,1,0,0,3,30,1,15.000,1
2.710000,234.83,20.376,12.200,248,211,72.000,71,71,18.000,39.000,55.000,146,114,183,160,83,83,83,83,83,83,1,0,0,3,30,1,15.000,1
2.715000,236.99,20.161,12.090,248,213,72.000,71,71,18.000,39.000,55.000,145,115,185,160,84,84,84,84,84,84,1,0,0,3,30,1,15.000,1
2.720000,239.15,19.913,11.930,248,214,72.000,71,71,18.000,39.000,55.000,143,116,186,160,85,85,85,85,85,85,1,0,0,3,30,1,15.000,1
2.725000,241.31,19.633,11.770,247,215,72.000,71,71,18.000,39.000,55.000,141,117,187,160,85,85,85,85,85,85,1,0,0,3,30,1,15.000,1
2.730000,243.47,19.322,11.600,246,217,72.000,71,71,18.000,39.000,55.000,139,118,189,160,86,86,86,86,86,86,1,0,0,3,30,1,15.000,1
2.735000,245.63,18.981,11.380,245,218,72.000,71,71,18.000,39.000,55.000,136,119,190,160,87,87,87,87,87,87,1,0,0,3,30,1,15.000,1
2.740000,247.79,18.614,11.170,244,219,72.000,71,71,18.000,39.000,55.000,134,119,191,160,87,87,87,87,87,87,1,0,0,3,30,1,15.000,1
2.745000,249.95,18.221,10.950,242,220,72.000,71,71,18.000,39.000,55.000,131,120,193,160,88,88,88,88,88,88,1,0,0,3,30,1,15.000,1
2.750000,252.11,17.805,10.680,239,221,72.000,71,71,18.000,39.000,55.000,128,121,193,160,88,88,88,88,88,88,1,0,0,3,30,1,15.000,1
2.755000,254.27,17.368,10.410,237,221,72.000,71,71,18.000,39.000,55.000,125,121,193,160,88,88,88,88,88,88,1,0,0,3,30,1,15.000,1
2.760000,256.43,16.913,10.130,234,222,72.000,71,71,18.000,39.000,55.000,121,121,194,160,88,88,88,88,88,88,1,0,0,3,30,1,15.000,1
2.765000,258.59,16.442,9.860,231,222,72.000,71,71,18.000,39.000,55.000,118,121,194,160,88,88,88,88,88,88,1,0,0,3,30,1,15.000,1
2.770000,260.75,15.958,9.590,227,222,72.000,71,71,18.000,39.000,55.000,115,121,194,160,88,88,88,88,88,88,1,0,0,3,30,1,15.000,1
2.775000,262.91,15.463,9.260,223,222,72.000,71,71,18.000,39.000,55.000,111,121,194,160,88,88,88,88,88,88,1,0,0,3,30,1,15.000,1
2.780000,265.07,14.961,8.990,219,222,72.000,71,71,18.000,39.000,55.000,108,121,194,160,88,88,88,88,88,88,1,0,0,3,30,1,15.000,1
2.785000,267.23,14.454,8.670,215,222,72.000,71,71,18.000,39.000,55.000,104,121,194,160,88,88,88,88,88,88,1,0,0,3,30,1,15.000,1
2.790000,269.39,13.944,8.340,211,222,72.000,71,71,18.000,39.000,55.000,100,121,194,160,88,88,88,88,88,88,1,0,0,3,30,1,15.000,1
2.795000,271.55,13.436,8.070,206,222,72.000,71,71,18.000,39.000,55.000,97,121,194,160,88,88,88,88,88,88,1,0,0,3,30,1,15.000,1
2.800000,273.71,12.931,7.740,202,222,72.000,71,71,18.000,39.000,55.000,93,121,194,160,88,88,88,88,88,88,1,0,0,3,30,1,15.000,1
2.805000,275.87,12.433,7.470,197,221,72.000,71,71,18.000,39.000,55.000,89,121,193,160,88,88,88,88,88,88,1,0,0,3,30,1,15.000,1
2.810000,278.03,11.945,7.140,192,221,72.000,71,71,18.000,39.000,55.000,85,121,193,160,88,88,88,88,88,88,1,0,0,3,30,1,15.000,1
2.815000,280.19,11.469,6.870,187,220,72.000,71,71,18.000,39.000,55.000,82,120,193,160,88,88,88,88,88,88,1,0,0,3,30,1,15.000,1
2.820000,282.35,11.008,6.600,182,219,72.000,71,71,18.000,39.000,55.000,79,119,191,160,87,87,87,87,87,87,1,0,0,3,30,1,15.000,1
2.825000,284.51,10.564,6.330,177,219,72.000,71,71,18.000,39.000,55.000,76,119,191,160,87,87,87,87,87,87,1,0,0,3,30,1,15.000,1
2.830000,286.67,10.141,6.050,172,218,72.000,71,71,18.000,39.000,55.000,72,119,190,160,87,87,87,87,87,87,1,0,0,3,30,1,15.000,1
2.835000,288.83,9.741,5.840,167,217,72.000,71,71,18.000,39.000,55.000,70,118,189,160,86,86,86,86,86,86,1,0,0,3,30,1,15.000,1
2.840000,290.99,9.365,5.630,162,216,72.000,71,71,18.000,39.000,55.000,67,117,188,160,86,86,86,86,86,86,1,0,0,3,30,1,15.000,1
2.845000,293.15,9.017,5.420,157,215,72.000,71,71,18.000,39.000,55.000,65,117,187,160,85,85,85,85,85,85,1,0,0,3,30,1,15.000,1
2.850000,295.31,8.698,5.220,152,214,72.000,71,71,18.000,39.000,55.000,62,116,186,160,85,85,85,85,85,85,1,0,0,3,30,1,15.000,1
2.855000,297.47,8.410,5.050,147,212,72.000,71,71,18.000,39.000,55.000,60,115,184,160,84,84,84,84,84,84,1,0,0,3,30,1,15.000,1
2.860000,299.63,8.156,4.890,142,211,72.000,71,71,18.000,39.000,55.000,58,114,183,160,83,83,83,83,83,83,1,0,0,3,30,1,15.000,1
2.865000,301.79,7.935,4.770,138,210,72.000,71,71,18.000,39.000,55.000,57,114,182,160,83,83,83,83,83,83,1,0,0,3,30,1,15.000,1
2.870000,303.95,7.751,4.640,133,208,72.000,71,71,18.000,39.000,55.000,55,112,180,160,82,82,82,82,82,82,1,0,0,3,30,1,15.000,1
2.875000,306.11,7.603,4.560,129,207,72.000,71,71,18.000,39.000,55.000,54,112,179,160,81,81,81,81,81,81,1,0,0,3,30,1,15.000,1
2.880000,308.27,7.493,4.480,125,205,72.000,71,71,18.000,39.000,55.000,53,110,177,160,80,80,80,80,80,80,1,0,0,3,30,1,15.000,1
2.885000,310.43,7.422,4.440,122,204,72.000,71,71,18.000,39.000,55.000,53,110,176,160,80,80,80,80,80,80,1,0,0,3,30,1,15.000,1
2.890000,312.59,7.390,4.440,119,202,72.000,71,71,18.000,39.000,55.000,53,108,174,160,79,79,79,79,79,79,1,0,0,3,30,1,15.000,1
2.895000,314.75,7.398,4.440,116,200,72.000,71,71,18.000,39.000,55.000,53,107,172,160,78,78,78,78,78,78,1,0,0,3,30,1,15.000,1
2.900000,316.91,7.445,4.480,114,199,72.000,71,71,18.000,39.000,55.000,53,106,170,160,77,77,77,77,77,77,1,0,0,3,30,1,15.000,1
2.905000,319.07,7.532,4.520,112,197,72.000,71,71,18.000,39.000,55.000,54,105,168,160,76,76,76,76,76,76,1,0,0,3,30,1,15.000,1
2.910000,321.23,7.657,4.600,110,196,72.000,71,71,18.000,39.000,55.000,55,104,167,160,76,76,76,76,76,76,1,0,0,3,30,1,15.000,1
2.915000,323.39,7.822,4.680,109,194,72.000,71,71,18.000,39.000,55.000,56,103,165,160,75,75,75,75,75,75,1,0,0,3,30,1,15.000,1
2.920000,325.55,8.024,4.810,109,192,72.000,71,71,18.000,39.000,55.000,57,102,163,160,74,74,74,74,74,74,1,0,0,3,30,1,15.000,1
2.925000,327.71,8.262,4.970,109,191,72.000,71,71,18.000,39.000,55.000,59,101,162,160,74,74,74,74,74,74,1,0,0,3,30,1,15.000,1
2.930000,329.87,8.536,5.140,109,189,72.000,71,71,18.000,39.000,55.000,61,100,160,160,73,73,73,73,73,73,1,0,0,3,30,1,15.000,1
2.935000,332.03,8.845,5.300,110,188,72.000,71,71,18.000,39.000,55.000,63,99,159,160,72,72,72,72,72,72,1,0,0,3,30,1,15.000,1
2.940000,334.19,9.186,5.510,112,186,72.000,72,72,18.000,39.000,55.000,67,99,159,160,71,71,71,71,71,71,1,0,0,3,30,1,15.000,1
2.945000,336.35,9.558,5.710,114,185,72.000,72,72,18.000,39.000,55.000,69,99,158,160,71,71,71,71,71,71,1,0,0,3,30,1,15.000,1
2.950000,338.51,9.958,5.960,116,183,72.000,72,72,18.000,39.000,55.000,72,97,156,160,70,70,70,70,70,70,1,0,0,3,30,1,15.000,1
2.955000,340.67,10.386,6.220,119,182,72.000,72,72,18.000,39.000,55.000,75,97,155,160,69,69,69,69,69,69,1,0,0,3,30,1,15.000,1
2.960000,342.83,10.838,6.490,122,181,72.000,72,72,18.000,39.000,55.000,79,96,154,160,69,69,69,69,69,69,1,0,0,3,30,1,15.000,1
2.965000,344.99,11.312,6.820,126,180,72.000,72,72,18.000,39.000,55.000,83,95,153,160,68,68,68,68,68,68,1,0,0,3,30,1,15.000,1
2.970000,347.15,11.805,7.090,129,179,72.000,72,72,18.000,39.000,55.000,86,95,152,160,68,68,68,68,68,68,1,0,0,3,30,1,15.000,1
2.975000,349.31,12.316,7.410,133,178,72.000,71,71,18.000,39.000,55.000,89,93,148,160,67,67,67,67,67,67,1,0,0,3,30,1,15.000,1
2.980000,351.47,12.841,7.690,137,177,72.000,71,71,18.000,39.000,55.000,92,92,147,160,67,67,67,67,67,67,1,0,0,3,30,1,15.000,1
2.985000,353.63,13.378,8.010,142,176,72.000,71,71,18.000,39.000,55.000,96,91,146,160,66,66,66,66,66,66,1,0,0,3,30,1,15.000,1
2.990000,355.79,13.923,8.340,146,176,72.000,71,71,18.000,39.000,55.000,100,91,146,160,66,66,66,66,66,66,1,0,0,3,30,1,15.000,1
2.995000,357.95,14.474,8.670,151,175,72.000,71,71,18.000,39.000,55.000,104,91,145,160,66,66,66,66,66,66,1,0,0,3,30,1,15.000,1
3.000000,0.11,15.028,8.990,156,175,72.000,71,71,18.000,39.000,55.000,108,91,145,160,66,66,66,66,66,66,1,0,0,3,30,1,15.000,1
3.005000,2.27,15.581,9.370,161,175,72.000,71,71,18.000,39.000,55.000,112,91,145,160,66,66,66,66,66,66,1,0,0,3,30,1,15.000,1
3.010000,4.43,16.132,9.700,167,174,72.000,71,71,18.000,39.000,55.000,116,90,144,160,66,66,66,66,66,66,1,0,0,3,30,1,15.000,1
3.015000,6.59,16.676,10.030,172,174,72.000,71,71,18.000,39.000,55.000,120,90,144,160,66,66,66,66,66,66,1,0,0,3,30,1,15.000,1
3.020000,8.75,17.212,10.300,177,174,72.000,71,71,18.000,39.000,55.000,123,90,144,160,66,66,66,66,66,66,1,0,0,3,30,1,15.000,1
3.025000,10.91,17.736,10.620,183,175,72.000,71,71,18.000,39.000,55.000,127,91,145,160,66,66,66,66,66,66,1,0,0,3,30,1,15.000,1
3.030000,13.07,18.245,10.950,188,175,72.000,71,71,18.000,39.000,55.000,131,91,145,160,66,66,66,66,66,66,1,0,0,3,30,1,15.000,1
3.035000,15.23,18.737,11.220,194,176,72.000,71,71,18.000,39.000,55.000,134,91,146,160,66,66,66,66,66,66,1,0,0,3,30,1,15.000,1
3.040000,17.39,19.209,11.490,199,176,72.000,71,71,18.000,39.000,55.000,138,91,146,160,66,66,66,66,66,66,1,0,0,3,30,1,15.000,1
3.045000,19.55,19.658,11.770,205,177,72.000,71,71,18.000,39.000,55.000,141,92,147,160,67,67,67,67,67,67,1,0,0,3,30,1,15.000,1
3.050000,21.71,20.083,12.040,210,179,72.000,71,71,18.000,39.000,55.000,144,93,149,160,68,68,68,68,68,68,1,0,0,3,30,1,15.000,1
3.055000,23.87,20.481,12.310,215,180,72.000,71,71,18.000,39.000,55.000,148,94,151,160,68,68,68,68,68,68,1,0,0,3,30,1,15.000,1
3.060000,26.03,20.850,12.530,220,181,72.000,71,71,18.000,39.000,55.000,150,95,152,160,69,69,69,69,69,69,1,0,0,3,30,1,15.000,1
3.065000,28.19,21.187,12.690,225,183,72.000,71,71,18.000,39.000,55.000,152,96,154,160,70,70,70,70,70,70,1,0,0,3,30,1,15.000,1
3.070000,30.35,21.493,12.910,230,185,72.000,71,71,18.000,39.000,55.000,155,97,156,160,71,71,71,71,71,71,1,0,0,3,30,1,15.000,1
3.075000,32.51,21.763,13.070,235,187,72.000,71,71,18.000,39.000,55.000,157,98,158,160,72,72,72,72,72,72,1,0,0,3,30,1,15.000,1
3.080000,34.67,21.998,13.180,239,189,72.000,71,71,18.000,39.000,55.000,158,100,160,160,73,73,73,73,73,73,1,0,0,3,30,1,15.000,1
3.085000,36.83,22.197,13.290,243,191,72.000,71,71,18.000,39.000,55.000,159,101,162,160,74,74,74,74,74,74,1,0,0,3,30,1,15.000,1
3.090000,38.99,22.357,13.400,247,193,72.000,71,71,18.000,39.000,55.000,161,102,164,160,75,75,75,75,75,75,1,0,0,3,30,1,15.000,1
3.095000,41.15,22.479,13.510,250,195,72.000,71,71,18.000,39.000,55.000,162,104,166,160,76,76,76,76,76,76,1,0,0,3,30,1,15.000,1
3.100000,43.31,22.561,13.510,253,198,72.000,71,71,18.000,39.000,55.000,162,106,169,160,77,77,77,77,77,77,1,0,0,3,30,1,15.000,1
3.105000,45.47,22.605,13.560,256,200,72.000,71,71,18.000,39.000,55.000,163,107,172,160,78,78,78,78,78,78,1,0,0,3,30,1,15.000,1
3.110000,47.63,22.608,13.560,259,202,72.000,71,71,18.000,39.000,55.000,163,108,174,160,79,79,79,79,79,79,1,0,0,3,30,1,15.000,1
3.115000,49.79,22.572,13.560,261,205,72.000,71,71,18.000,39.000,55.000,163,110,177,160,80,80,80,80,80,80,1,0,0,3,30,1,15.000,1
3.120000,51.95,22.497,13.510,263,207,72.000,71,71,18.000,39.000,55.000,162,112,179,160,81,81,81,81,81,81,1,0,0,3,30,1,15.000,1
3.125000,54.11,22.384,13.450,264,209,72.000,71,71,18.000,39.000,55.000,161,113,181,160,82,82,82,82,82,82,1,0,0,3,30,1,15.000,1
3.130000,56.27,22.233,13.340,265,211,72.000,71,71,18.000,39.000,55.000,160,114,183,160,83,83,83,83,83,83,1,0,0,3,30,1,15.000,1
3.135000,58.43,22.044,13.230,266,214,72.000,71,71,18.000,39.000,55.000,159,116,186,160,85,85,85,85,85,85,1,0,0,3,30,1,15.000,1
3.140000,60.59,21.821,13.070,266,216,72.000,71,71,18.000,39.000,55.000,157,117,188,160,86,86,86,86,86,86,1,0,0,3,30,1,15.000,1
3.145000,62.75,21.562,12.910,266,218,72.000,71,71,18.000,39.000,55.000,155,119,190,160,87,87,87,87,87,87,1,0,0,3,30,1,15.000,1
3.150000,64.91,21.271,12.740,265,220,72.000,71,71,18.000,39.000,55.000,153,120,193,160,88,88,88,88,88,88,1,0,0,3,30,1,15.000,1
3.155000,67.07,20.950,12.580,264,221,72.000,71,71,18.000,39.000,55.000,151,121,193,160,88,88,88,88,88,88,1,0,0,3,30,1,15.000,1
3.160000,69.23,20.599,12.360,263,223,72.000,71,71,18.000,39.000,55.000,148,122,196,160,89,89,89,89,89,89,1,0,0,3,30,1,15.000,1
3.165000,71.39,20.221,12.150,261,225,72.000,71,71,18.000,39.000,55.000,146,123,198,160,90,90,90,90,90,90,1,0,0,3,30,1,15.000,1
3.170000,73.55,19.818,11.870,259,226,72.000,71,71,18.000,39.000,55.000,142,124,199,160,90,90,90,90,90,90,1,0,0,3,30,1,15.000,1
3.175000,75.71,19.392,11.660,257,227,72.000,71,71,18.000,39.000,55.000,140,125,200,160,91,91,91,91,91,91,1,0,0,3,30,1,15.000,1
3.180000,77.87,18.947,11.380,254,228,72.000,71,71,18.000,39.000,55.000,136,125,201,160,91,91,91,91,91,91,1,0,0,3,30,1,15.000,1
3.185000,80.03,18.484,11.110,251,229,72.000,71,71,18.000,39.000,55.000,133,126,202,160,92,92,92,92,92,92,1,0,0,3,30,1,15.000,1
3.190000,82.19,18.007,10.790,248,230,72.000,71,71,18.000,39.000,55.000,129,127,203,160,92,92,92,92,92,92,1,0,0,3,30,1,15.000,1
3.195000,84.35,17.517,10.510,245,231,72.000,71,71,18.000,39.000,55.000,126,127,204,160,93,93,93,93,93,93,1,0,0,3,30,1,15.000,1
3.200000,86.51,17.019,10.190,241,231,72.000,71,71,18.000,39.000,55.000,122,127,204,160,93,93,93,93,93,93,1,0,0,3,30,1,15.000,1
3.205000,88.67,16.513,9.920,237,232,72.000,71,71,18.000,39.000,55.000,119,128,205,160,93,93,93,93,93,93,1,0,0,3,30,1,15.000,1
3.210000,90.83,16.005,9.590,233,232,72.000,71,71,18.000,39.000,55.000,115,128,205,160,93,93,93,93,93,93,1,0,0,3,30,1,15.000,1
3.215000,92.99,15.496,9.260,228,232,72.000,71,71,18.000,39.000,55.000,111,128,205,160,93,93,93,93,93,93,1,0,0,3,30,1,15.000,1
3.220000,95.15,14.989,8.990,224,232,72.000,71,71,18.000,39.000,55.000,108,128,205,160,93,93,93,93,93,93,1,0,0,3,30,1,15.000,1
3.225000,97.31,14.487,8.670,219,231,72.000,71,71,18.000,39.000,55.000,104,127,204,160,93,93,93,93,93,93,1,0,0,3,30,1,15.000,1
3.230000,99.47,13.993,8.390,214,231,72.000,71,71,18.000,39.000,55.000,100,127,204,160,93,93,93,93,93,93,1,0,0,3,30,1,15.000,1
3.235000,101.63,13.510,8.120,209,231,72.000,71,71,18.000,39.000,55.000,97,127,204,160,93,93,93,93,93,93,1,0,0,3,30,1,15.000,1
3.240000,103.79,13.041,7.790,204,230,72.000,71,71,18.000,39.000,55.000,93,127,203,160,92,92,92,92,92,92,1,0,0,3,30,1,15.000,1
3.245000,105.95,12.587,7.520,199,230,72.000,71,71,18.000,39.000,55.000,90,127,203,160,92,92,92,92,92,92,1,0,0,3,30,1,15.000,1
3.250000,108.11,12.152,7.310,194,229,72.000,71,71,18.000,39.000,55.000,87,126,202,160,92,92,92,92,92,92,1,0,0,3,30,1,15.000,1
3.255000,110.27,11.739,7.030,189,228,72.000,72,72,18.000,39.000,55.000,85,127,204,160,91,91,91,91,91,91,1,0,0,3,30,1,15.000,1
3.260000,112.43,11.348,6.820,185,228,72.000,72,72,18.000,39.000,55.000,83,127,204,160,91,91,91,91,91,91,1,0,0,3,30,1,15.000,1
3.265000,114.59,10.983,6.600,180,227,72.000,72,72,18.000,39.000,55.000,80,126,203,160,91,91,91,91,91,91,1,0,0,3,30,1,15.000,1
3.270000,116.75,10.646,6.380,175,226,72.000,72,72,18.000,39.000,55.000,77,126,201,160,90,90,90,90,90,90,1,0,0,3,30,1,15.000,1
3.275000,118.91,10.338,6.220,171,225,72.000,72,72,18.000,39.000,55.000,75,125,201,160,90,90,90,90,90,90,1,0,0,3,30,1,15.000,1
3.280000,121.07,10.060,6.050,166,224,72.000,72,72,18.000,39.000,55.000,73,124,199,160,89,89,89,89,89,89,1,0,0,3,30,1,15.000,1
3.285000,123.23,9.816,5.880,162,223,72.000,72,72,18.000,39.000,55.000,71,124,198,160,89,89,89,89,89,89,1,0,0,3,30,1,15.000,1
3.290000,125.39,9.605,5.750,158,221,72.000,71,71,18.000,39.000,55.000,69,121,193,160,88,88,88,88,88,88,1,0,0,3,30,1,15.000,1
3.295000,127.55,9.428,5.670,154,220,72.000,71,71,18.000,39.000,55.000,68,120,193,160,88,88,88,88,88,88,1,0,0,3,30,1,15.000,1
3.300000,129.71,9.288,5.590,151,219,72.000,71,71,18.000,39.000,55.000,67,119,191,160,87,87,87,87,87,87,1,0,0,3,30,1,15.000,1
3.305000,131.87,9.184,5.510,147,218,72.000,71,71,18.000,39.000,55.000,66,119,190,160,87,87,87,87,87,87,1,0,0,3,30,1,15.000,1
3.310000,134.03,9.117,5.470,144,216,72.000,71,71,18.000,39.000,55.000,65,117,188,160,86,86,86,86,86,86,1,0,0,3,30,1,15.000,1
3.315000,136.19,9.087,5.470,141,215,72.000,71,71,18.000,39.000,55.000,65,117,187,160,85,85,85,85,85,85,1,0,0,3,30,1,15.000,1
3.320000,138.35,9.094,5.470,139,213,72.000,71,71,18.000,39.000,55.000,65,115,185,160,84,84,84,84,84,84,1,0,0,3,30,1,15.000,1
3.325000,140.51,9.138,5.470,137,212,72.000,71,71,18.000,39.000,55.000,65,115,184,160,84,84,84,84,84,84,1,0,0,3,30,1,15.000,1
3.330000,142.67,9.218,5.550,135,210,72.000,71,71,18.000,39.000,55.000,66,114,182,160,83,83,83,83,83,83,1,0,0,3,30,1,15.000,1
3.335000,144.83,9.335,5.590,134,209,72.000,71,71,18.000,39.000,55.000,67,113,181,160,82,82,82,82,82,82,1,0,0,3,30,1,15.000,1
3.340000,146.99,9.486,5.670,133,207,72.000,71,71,18.000,39.000,55.000,68,112,179,160,81,81,81,81,81,81,1,0,0,3,30,1,15.000,1
3.345000,149.15,9.672,5.790,133,206,72.000,71,71,18.000,39.000,55.000,69,111,178,160,81,81,81,81,81,81,1,0,0,3,30,1,15.000,1
3.350000,151.31,9.891,5.920,133,205,72.000,71,71,18.000,39.000,55.000,71,110,177,160,80,80,80,80,80,80,1,0,0,3,30,1,15.000,1
3.355000,153.47,10.141,6.050,133,203,72.000,71,71,18.000,39.000,55.000,72,109,175,160,79,79,79,79,79,79,1,0,0,3,30,1,15.000,1
3.360000,155.63,10.421,6.270,134,202,72.000,71,71,18.000,39.000,55.000,75,108,174,160,79,79,79,79,79,79,1,0,0,3,30,1,15.000,1
3.365000,157.79,10.729,6.440,135,200,72.000,71,71,18.000,39.000,55.000,77,107,172,160,78,78,78,78,78,78,1,0,0,3,30,1,15.000,1
3.370000,159.95,11.063,6.650,136,199,72.000,71,71,18.000,39.000,55.000,79,106,170,160,77,77,77,77,77,77,1,0,0,3,30,1,15.000,1
3.375000,162.11,11.422,6.870,138,198,72.000,71,71,18.000,39.000,55.000,82,106,169,160,77,77,77,77,77,77,1,0,0,3,30,1,15.000,1
3.380000,164.27,11.802,7.090,140,197,72.000,71,71,18.000,39.000,55.000,85,105,168,160,76,76,76,76,76,76,1,0,0,3,30,1,15.000,1
3.385000,166.43,12.202,7.310,143,196,72.000,71,71,18.000,39.000,55.000,87,104,167,160,76,76,76,76,76,76,1,0,0,3,30,1,15.000,1
3.390000,168.59,12.619,7.580,145,195,72.000,71,71,18.000,39.000,55.000,91,104,166,160,76,76,76,76,76,76,1,0,0,3,30,1,15.000,1
3.395000,170.75,13.051,7.850,148,194,72.000,71,71,18.000,39.000,55.000,94,103,165,160,75,75,75,75,75,75,1,0,0,3,30,1,15.000,1
3.400000,172.91,13.494,8.070,151,193,72.000,71,71,18.000,39.000,55.000,97,102,164,160,75,75,75,75,75,75,1,0,0,3,30,1,15.000,1
3.405000,175.07,13.947,8.390,155,192,72.000,71,71,18.000,39.000,55.000,100,102,163,160,74,74,74,74,74,74,1,0,0,3,30,1,15.000,1
3.410000,177.23,14.406,8.670,158,192,72.000,71,71,18.000,39.000,55.000,104,102,163,160,74,74,74,74,74,74,1,0,0,3,30,1,15.000,1
3.415000,179.39,14.869,8.940,162,191,72.000,71,71,18.000,39.000,55.000,107,101,162,160,74,74,74,74,74,74,1,0,0,3,30,1,15.000,1
3.420000,181.55,15.332,9.210,166,191,72.000,71,71,18.000,39.000,55.000,110,101,162,160,74,74,74,74,74,74,1,0,0,3,30,1,15.000,1
3.425000,183.71,15.794,9.480,170,190,72.000,71,71,18.000,39.000,55.000,114,100,161,160,73,73,73,73,73,73,1,0,0,3,30,1,15.000,1
3.430000,185.87,16.250,9.750,175,190,72.000,71,71,18.000,39.000,55.000,117,100,161,160,73,73,73,73,73,73,1,0,0,3,30,1,15.000,1
3.435000,188.03,16.699,10.030,179,190,72.000,71,71,18.000,39.000,55.000,120,100,161,160,73,73,73,73,73,73,1,0,0,3,30,1,15.000,1
3.440000,190.19,17.138,10.300,183,190,72.000,71,71,18.000,39.000,55.000,123,100,161,160,73,73,73,73,73,73,1,0,0,3,30,1,15.000,1
3.445000,192.35,17.564,10.510,188,190,72.000,71,71,18.000,39.000,55.000,126,100,161,160,73,73,73,73,73,73,1,0,0,3,30,1,15.000,1
3.450000,194.51,17.973,10.790,192,190,72.000,71,71,18.000,39.000,55.000,129,100,161,160,73,73,73,73,73,73,1,0,0,3,30,1,15.000,1
3.455000,196.67,18.365,11.000,197,190,72.000,71,71,18.000,39.000,55.000,132,100,161,160,73,73,73,73,73,73,1,0,0,3,30,1,15.000,1
3.460000,198.83,18.736,11.220,201,190,72.000,71,71,18.000,39.000,55.000,134,100,161,160,73,73,73,73,73,73,1,0,0,3,30,1,15.000,1
3.465000,200.99,19.085,11.440,206,191,72.000,71,71,18.000,39.000,55.000,137,101,162,160,74,74,74,74,74,74,1,0,0,3,30,1,15.000,1
3.470000,203.15,19.408,11.660,210,191,72.000,71,71,18.000,39.000,55.000,140,101,162,160,74,74,74,74,74,74,1,0,0,3,30,1,15.000,1
3.475000,205.31,19.704,11.820,214,192,72.000,71,71,18.000,39.000,55.000,142,102,163,160,74,74,74,74,74,74,1,0,0,3,30,1,15.000,1
3.480000,207.47,19.971,11.980,218,193,72.000,71,71,18.000,39.000,55.000,144,102,164,160,75,75,75,75,75,75,1,0,0,3,30,1,15.000,1
3.485000,209.63,20.208,12.150,222,194,72.000,71,71,18.000,39.000,55.000,146,103,165,160,75,75,75,75,75,75,1,0,0,3,30,1,15.000,1
3.490000,211.79,20.413,12.260,226,195,72.000,71,71,18.000,39.000,55.000,147,104,166,160,76,76,76,76,76,76,1,0,0,3,30,1,15.000,1
3.495000,213.95,20.584,12.360,229,197,72.000,71,71,18.000,39.000,55.000,148,105,168,160,76,76,76,76,76,76,1,0,0,3,30,1,15.000,1
3.500000,216.11,20.720,12.420,232,198,72.000,71,71,18.000,39.000,55.000,149,106,169,160,77,77,77,77,77,77,1,0,0,3,30,1,15.000,1
3.505000,218.27,20.821,12.470,235,199,72.000,71,71,18.000,39.000,55.000,149,106,170,160,77,77,77,77,77,77,1,0,0,3,30,1,15.000,1
3.510000,220.43,20.886,12.530,238,201,72.000,71,71,18.000,39.000,55.000,150,108,173,160,78,78,78,78,78,78,1,0,0,3,30,1,15.000,1
3.515000,222.59,20.914,12.530,240,202,72.000,71,71,18.000,39.000,55.000,150,108,174,160,79,79,79,79,79,79,1,0,0,3,30,1,15.000,1
3.520000,224.75,20.905,12.530,242,204,72.000,71,71,18.000,39.000,55.000,150,110,176,160,80,80,80,80,80,80,1,0,0,3,30,1,15.000,1
3.525000,226.91,20.859,12.530,244,205,72.000,71,71,18.000,39.000,55.000,150,110,177,160,80,80,80,80,80,80,1,0,0,3,30,1,15.000,1
3.530000,229.07,20.775,12.470,246,207,72.000,71,71,18.000,39.000,55.000,149,112,179,160,81,81,81,81,81,81,1,0,0,3,30,1,15.000,1
3.535000,231.23,20.656,12.360,247,209,72.000,71,71,18.000,39.000,55.000,148,113,181,160,82,82,82,82,82,82,1,0,0,3,30,1,15.000,1
3.540000,233.39,20.499,12.310,248,210,72.000,71,71,18.000,39.000,55.000,148,114,182,160,83,83,83,83,83,83,1,0,0,3,30,1,15.000,1
3.545000,235.55,20.308,12.200,248,212,72.000,71,71,18.000,39.000,55.000,146,115,184,160,84,84,84,84,84,84,1,0,0,3,30,1,15.000,1
3.550000,237.71,20.082,12.040,248,213,72.000,71,71,18.000,39.000,55.000,144,115,185,160,84,84,84,84,84,84,1,0,0,3,30,1,15.000,1
3.555000,239.87,19.823,11.870,248,214,72.000,71,71,18.000,39.000,55.000,142,116,186,160,85,85,85,85,85,85,1,0,0,3,30,1,15.000,1
3.560000,242.03,19.532,11.710,247,216,72.000,71,71,18.000,39.000,55.000,140,117,188,160,86,86,86,86,86,86,1,0,0,3,30,1,15.000,1
3.565000,244.19,19.211,11.490,246,217,72.000,72,72,18.000,39.000,55.000,140,120,192,160,86,86,86,86,86,86,1,0,0,3,30,1,15.000,1
3.570000,246.35,18.862,11.330,245,218,72.000,72,72,18.000,39.000,55.000,138,120,193,160,87,87,87,87,87,87,1,0,0,3,30,1,15.000,1
3.575000,248.51,18.486,11.110,243,219,72.000,72,72,18.000,39.000,55.000,135,121,194,160,87,87,87,87,87,87,1,0,0,3,30,1,15.000,1
3.580000,250.67,18.085,10.840,241,220,72.000,72,72,18.000,39.000,55.000,132,122,195,160,88,88,88,88,88,88,1,0,0,3,30,1,15.000,1
3.585000,252.83,17.662,10.570,238,221,72.000,72,72,18.000,39.000,55.000,128,122,196,160,88,88,88,88,88,88,1,0,0,3,30,1,15.000,1
3.590000,254.99,17.218,10.350,236,221,72.000,72,72,18.000,39.000,55.000,126,122,196,160,88,88,88,88,88,88,1,0,0,3,30,1,15.000,1
3.595000,257.15,16.758,10.030,233,222,72.000,72,72,18.000,39.000,55.000,122,123,197,160,88,88,88,88,88,88,1,0,0,3,30,1,15.000,1
3.600000,259.31,16.282,9.750,229,222,72.000,71,71,18.000,39.000,55.000,117,121,194,160,88,88,88,88,88,88,1,0,0,3,30,1,15.000,1
3.605000,261.47,15.794,9.480,226,222,72.000,71,71,18.000,39.000,55.000,114,121,194,160,88,88,88,88,88,88,1,0,0,3,30,1,15.000,1
3.610000,263.63,15.296,9.150,222,222,72.000,71,71,18.000,39.000,55.000,110,121,194,160,88,88,88,88,88,88,1,0,0,3,30,1,15.000,1
3.615000,265.79,14.792,8.880,218,222,72.000,71,71,18.000,39.000,55.000,106,121,194,160,88,88,88,88,88,88,1,0,0,3,30,1,15.000,1
3.620000,267.95,14.284,8.560,214,222,72.000,71,71,18.000,39.000,55.000,102,121,194,160,88,88,88,88,88,88,1,0,0,3,30,1,15.000,1
3.625000,270.11,13.775,8.280,209,222,72.000,71,71,18.000,39.000,55.000,99,121,194,160,88,88,88,88,88,88,1,0,0,3,30,1,15.000,1
3.630000,272.27,13.267,7.960,205,222,72.000,71,71,18.000,39.000,55.000,95,121,194,160,88,88,88,88,88,88,1,0,0,3,30,1,15.000,1
3.635000,274.43,12.764,7.690,200,221,72.000,71,71,18.000,39.000,55.000,92,121,193,160,88,88,88,88,88,88,1,0,0,3,30,1,15.000,1
3.640000,276.59,12.269,7.360,195,221,72.000,71,71,18.000,39.000,55.000,88,121,193,160,88,88,88,88,88,88,1,0,0,3,30,1,15.000,1
3.645000,278.75,11.785,7.090,190,221,72.000,71,71,18.000,39.000,55.000,85,121,193,160,88,88,88,88,88,88,1,0,0,3,30,1,15.000,1
3.650000,280.91,11.313,6.820,185,220,72.000,71,71,18.000,39.000,55.000,82,120,193,160,88,88,88,88,88,88,1,0,0,3,30,1,15.000,1
3.655000,283.07,10.858,6.490,180,219,72.000,71,71,18.000,39.000,55.000,78,119,191,160,87,87,87,87,87,87,1,0,0,3,30,1,15.000,1
3.660000,285.23,10.421,6.270,175,218,72.000,71,71,18.000,39.000,55.000,75,119,190,160,87,87,87,87,87,87,1,0,0,3,30,1,15.000,1
3.665000,287.39,10.005,6.000,170,218,72.000,71,71,18.000,39.000,55.000,72,119,190,160,87,87,87,87,87,87,1,0,0,3,30,1,15.000,1
3.670000,289.55,9.612,5.750,165,217,72.000,71,71,18.000,39.000,55.000,69,118,189,160,86,86,86,86,86,86,1,0,0,3,30,1,15.000,1
3.675000,291.71,9.246,5.550,160,216,72.000,71,71,18.000,39.000,55.000,66,117,188,160,86,86,86,86,86,86,1,0,0,3,30,1,15.000,1
3.680000,293.87,8.907,5.340,155,214,72.000,71,71,18.000,39.000,55.000,64,116,186,160,85,85,85,85,85,85,1,0,0,3,30,1,15.000,1
3.685000,296.03,8.599,5.180,150,213,72.000,71,71,18.000,39.000,55.000,62,115,185,160,84,84,84,84,84,84,1,0,0,3,30,1,15.000,1
3.690000,298.19,8.322,4.970,145,212,72.000,71,71,18.000,39.000,55.000,59,115,184,160,84,84,84,84,84,84,1,0,0,3,30,1,15.000,1
3.695000,300.35,8.078,4.850,141,211,72.000,71,71,18.000,39.000,55.000,58,114,183,160,83,83,83,83,83,83,1,0,0,3,30,1,15.000,1
3.700000,302.51,7.870,4.730,136,209,72.000,71,71,18.000,39.000,55.000,56,113,181,160,82,82,82,82,82,82,1,0,0,3,30,1,15.000,1
3.705000,304.67,7.697,4.600,132,208,72.000,71,71,18.000,39.000,55.000,55,112,180,160,82,82,82,82,82,82,1,0,0,3,30,1,15.000,1
3.710000,306.83,7.562,4.520,128,206,72.000,71,71,18.000,39.000,55.000,54,111,178,160,81,81,81,81,81,81,1,0,0,3,30,1,15.000,1
3.715000,308.99,7.465,4.480,124,205,72.000,71,71,18.000,39.000,55.000,53,110,177,160,80,80,80,80,80,80,1,0,0,3,30,1,15.000,1
3.720000,311.15,7.407,4.440,121,203,72.000,71,71,18.000,39.000,55.000,53,109,175,160,79,79,79,79,79,79,1,0,0,3,30,1,15.000,1
3.725000,313.31,7.389,4.440,118,202,72.000,71,71,18.000,39.000,55.000,53,108,174,160,79,79,79,79,79,79,1,0,0,3,30,1,15.000,1
3.730000,315.47,7.409,4.440,115,200,72.000,71,71,18.000,39.000,55.000,53,107,172,160,78,78,78,78,78,78,1,0,0,3,30,1,15.000,1
3.735000,317.63,7.470,4.480,113,198,72.000,71,71,18.000,39.000,55.000,53,106,169,160,77,77,77,77,77,77,1,0,0,3,30,1,15.000,1
3.740000,319.79,7.569,4.520,111,197,72.000,71,71,18.000,39.000,55.000,54,105,168,160,76,76,76,76,76,76,1,0,0,3,30,1,15.000,1
3.745000,321.95,7.708,4.600,110,195,72.000,71,71,18.000,39.000,55.000,55,104,166,160,76,76,76,76,76,76,1,0,0,3,30,1,15.000,1
3.750000,324.11,7.885,4.730,109,193,72.000,71,71,18.000,39.000,55.000,56,102,164,160,75,75,75,75,75,75,1,0,0,3,30,1,15.000,1
3.755000,326.27,8.099,4.850,109,192,72.000,71,71,18.000,39.000,55.000,58,102,163,160,74,74,74,74,74,74,1,0,0,3,30,1,15.000,1
3.760000,328.43,8.350,5.010,109,190,72.000,71,71,18.000,39.000,55.000,60,100,161,160,73,73,73,73,73,73,1,0,0,3,30,1,15.000,1
3.765000,330.59,8.636,5.180,110,189,72.000,71,71,18.000,39.000,55.000,62,100,160,160,73,73,73,73,73,73,1,0,0,3,30,1,15.000,1
3.770000,332.75,8.955,5.380,111,187,72.000,71,71,18.000,39.000,55.000,64,98,158,160,72,72,72,72,72,72,1,0,0,3,30,1,15.000,1
3.775000,334.91,9.306,5.590,112,186,72.000,71,71,18.000,39.000,55.000,67,98,157,160,71,71,71,71,71,71,1,0,0,3,30,1,15.000,1
3.780000,337.07,9.688,5.790,115,184,72.000,71,71,18.000,39.000,55.000,69,97,155,160,70,70,70,70,70,70,1,0,0,3,30,1,15.000,1
3.785000,339.23,10.098,6.050,117,183,72.000,71,71,18.000,39.000,55.000,72,96,154,160,70,70,70,70,70,70,1,0,0,3,30,1,15.000,1
3.790000,341.39,10.534,6.330,120,182,72.000,71,71,18.000,39.000,55.000,76,95,153,160,69,69,69,69,69,69,1,0,0,3,30,1,15.000,1
3.795000,343.55,10.993,6.600,123,180,72.000,71,71,18.000,39.000,55.000,79,94,151,160,68,68,68,68,68,68,1,0,0,3,30,1,15.000,1
3.800000,345.71,11.474,6.870,127,179,72.000,71,71,18.000,39.000,55.000,82,93,149,160,68,68,68,68,68,68,1,0,0,3,30,1,15.000,1
3.805000,347.87,11.974,7.200,131,178,72.000,71,71,18.000,39.000,55.000,86,93,148,160,67,67,67,67,67,67,1,0,0,3,30,1,15.000,1
3.810000,350.03,12.490,7.470,135,178,72.000,71,71,18.000,39.000,55.000,89,93,148,160,67,67,67,67,67,67,1,0,0,3,30,1,15.000,1
3.815000,352.19,13.019,7.790,139,177,72.000,71,71,18.000,39.000,55.000,93,92,147,160,67,67,67,67,67,67,1,0,0,3,30,1,15.000,1
3.820000,354.35,13.559,8.120,143,176,72.000,71,71,18.000,39.000,55.000,97,91,146,160,66,66,66,66,66,66,1,0,0,3,30,1,15.000,1
3.825000,356.51,14.106,8.450,148,176,72.000,71,71,18.000,39.000,55.000,101,91,146,160,66,66,66,66,66,66,1,0,0,3,30,1,15.000,1
3.830000,358.67,14.658,8.770,153,175,72.000,71,71,18.000,39.000,55.000,105,91,145,160,66,66,66,66,66,66,1,0,0,3,30,1,15.000,1
3.835000,0.83,15.212,9.100,158,175,72.000,71,71,18.000,39.000,55.000,109,91,145,160,66,66,66,66,66,66,1,0,0,3,30,1,15.000,1
3.840000,2.99,15.765,9.480,163,175,72.000,71,71,18.000,39.000,55.000,114,91,145,160,66,66,66,66,66,66,1,0,0,3,30,1,15.000,1
3.845000,5.15,16.314,9.810,168,174,72.000,71,71,18.000,39.000,55.000,117,90,144,160,66,66,66,66,66,66,1,0,0,3,30,1,15.000,1
3.850000,7.31,16.856,10.130,174,174,72.000,71,71,18.000,39.000,55.000,121,90,144,160,66,66,66,66,66,66,1,0,0,3,30,1,15.000,1
3.855000,9.47,17.388,10.410,179,174,72.000,71,71,18.000,39.000,55.000,125,90,144,160,66,66,66,66,66,66,1,0,0,3,30,1,15.000,1
3.860000,11.63,17.907,10.730,185,175,72.000,71,71,18.000,39.000,55.000,129,91,145,160,66,66,66,66,66,66,1,0,0,3,30,1,15.000,1
3.865000,13.79,18.411,11.060,190,175,72.000,71,71,18.000,39.000,55.000,133,91,145,160,66,66,66,66,66,66,1,0,0,3,30,1,15.000,1
3.870000,15.95,18.896,11.330,196,176,72.000,71,71,18.000,39.000,55.000,136,91,146,160,66,66,66,66,66,66,1,0,0,3,30,1,15.000,1
3.875000,18.11,19.361,11.600,201,177,72.000,71,71,18.000,39.000,55.000,139,92,147,160,67,67,67,67,67,67,1,0,0,3,30,1,15.000,1
3.880000,20.27,19.803,11.870,206,178,72.000,72,72,18.000,39.000,55.000,144,94,151,160,67,67,67,67,67,67,1,0,0,3,30,1,15.000,1
3.885000,22.43,20.219,12.150,212,179,72.000,72,72,18.000,39.000,55.000,148,95,152,160,68,68,68,68,68,68,1,0,0,3,30,1,15.000,1
3.890000,24.59,20.607,12.360,217,180,72.000,72,72,18.000,39.000,55.000,150,95,153,160,68,68,68,68,68,68,1,0,0,3,30,1,15.000,1
3.895000,26.75,20.966,12.580,222,182,72.000,72,72,18.000,39.000,55.000,153,97,155,160,69,69,69,69,69,69,1,0,0,3,30,1,15.000,1
3.900000,28.91,21.293,12.740,227,184,72.000,72,72,18.000,39.000,55.000,155,98,157,160,70,70,70,70,70,70,1,0,0,3,30,1,15.000,1
3.905000,31.07,21.587,12.960,232,186,72.000,72,72,18.000,39.000,55.000,158,99,159,160,71,71,71,71,71,71,1,0,0,3,30,1,15.000,1
3.910000,33.23,21.846,13.130,236,188,72.000,72,72,18.000,39.000,55.000,160,100,161,160,72,72,72,72,72,72,1,0,0,3,30,1,15.000,1
3.915000,35.39,22.069,13.230,240,190,72.000,71,71,18.000,39.000,55.000,159,100,161,160,73,73,73,73,73,73,1,0,0,3,30,1,15.000,1
3.920000,37.55,22.254,13.340,244,192,72.000,71,71,18.000,39.000,55.000,160,102,163,160,74,74,74,74,74,74,1,0,0,3,30,1,15.000,1
3.925000,39.71,22.402,13.450,248,194,72.000,71,71,18.000,39.000,55.000,161,103,165,160,75,75,75,75,75,75,1,0,0,3,30,1,15.000,1
3.930000,41.87,22.511,13.510,251,196,72.000,71,71,18.000,39.000,55.000,162,104,167,160,76,76,76,76,76,76,1,0,0,3,30,1,15.000,1
3.935000,44.03,22.580,13.560,254,198,72.000,71,71,18.000,39.000,55.000,163,106,169,160,77,77,77,77,77,77,1,0,0,3,30,1,15.000,1
3.940000,46.19,22.610,13.560,257,201,72.000,71,71,18.000,39.000,55.000,163,108,173,160,78,78,78,78,78,78,1,0,0,3,30,1,15.000,1
3.945000,48.35,22.601,13.560,259,203,72.000,71,71,18.000,39.000,55.000,163,109,175,160,79,79,79,79,79,79,1,0,0,3,30,1,15.000,1
3.950000,50.51,22.552,13.510,261,205,72.000,71,71,18.000,39.000,55.000,162,110,177,160,80,80,80,80,80,80,1,0,0,3,30,1,15.000,1
3.955000,52.67,22.464,13.450,263,208,72.000,71,71,18.000,39.000,55.000,161,112,180,160,82,82,82,82,82,82,1,0,0,3,30,1,15.000,1
3.960000,54.83,22.338,13.400,264,210,72.000,71,71,18.000,39.000,55.000,161,114,182,160,83,83,83,83,83,83,1,0,0,3,30,1,15.000,1
3.965000,56.99,22.174,13.290,265,212,72.000,71,71,18.000,39.000,55.000,159,115,184,160,84,84,84,84,84,84,1,0,0,3,30,1,15.000,1
3.970000,59.15,21.974,13.180,266,214,72.000,71,71,18.000,39.000,55.000,158,116,186,160,85,85,85,85,85,85,1,0,0,3,30,1,15.000,1
3.975000,61.31,21.738,13.020,266,216,72.000,71,71,18.000,39.000,55.000,156,117,188,160,86,86,86,86,86,86,1,0,0,3,30,1,15.000,1
3.980000,63.47,21.469,12.850,266,218,72.000,71,71,18.000,39.000,55.000,154,119,190,160,87,87,87,87,87,87,1,0,0,3,30,1,15.000,1
3.985000,65.63,21.168,12.690,265,220,72.000,71,71,18.000,39.000,55.000,152,120,193,160,88,88,88,88,88,88,1,0,0,3,30,1,15.000,1
3.990000,67.79,20.836,12.530,264,222,72.000,71,71,18.000,39.000,55.000,150,121,194,160,88,88,88,88,88,88,1,0,0,3,30,1,15.000,1
3.995000,69.95,20.475,12.260,263,224,72.000,71,71,18.000,39.000,55.000,147,123,197,160,89,89,89,89,89,89,1,0,0,3,30,1,15.000,1
4.000000,72.11,20.089,12.040,261,225,72.000,71,71,18.000,39.000,55.000,144,123,198,160,90,90,90,90,90,90,1,0,0,3,30,1,15.000,1
4.005000,74.27,19.678,11.820,259,227,72.000,71,71,18.000,39.000,55.000,142,125,200,160,91,91,91,91,91,91,1,0,0,3,30,1,15.000,1
4.010000,76.43,19.246,11.550,256,228,72.000,71,71,18.000,39.000,55.000,138,125,201,160,91,91,91,91,91,91,1,0,0,3,30,1,15.000,1
4.015000,78.59,18.795,11.280,254,229,72.000,71,71,18.000,39.000,55.000,135,126,202,160,92,92,92,92,92,92,1,0,0,3,30,1,15.000,1
4.020000,80.75,18.327,11.000,250,230,72.000,71,71,18.000,39.000,55.000,132,127,203,160,92,92,92,92,92,92,1,0,0,3,30,1,15.000,1
4.025000,82.91,17.845,10.680,247,230,72.000,71,71,18.000,39.000,55.000,128,127,203,160,92,92,92,92,92,92,1,0,0,3,30,1,15.000,1
4.030000,85.07,17.352,10.410,243,231,72.000,71,71,18.000,39.000,55.000,125,127,204,160,93,93,93,93,93,93,1,0,0,3,30,1,15.000,1
4.035000,87.23,16.851,10.130,240,231,72.000,71,71,18.000,39.000,55.000,121,127,204,160,93,93,93,93,93,93,1,0,0,3,30,1,15.000,1
4.040000,89.39,16.344,9.810,235,232,72.000,71,71,18.000,39.000,55.000,117,128,205,160,93,93,93,93,93,93,1,0,0,3,30,1,15.000,1
4.045000,91.55,15.835,9.480,231,232,72.000,71,71,18.000,39.000,55.000,114,128,205,160,93,93,93,93,93,93,1,0,0,3,30,1,15.000,1
4.050000,93.71,15.326,9.210,227,232,72.000,71,71,18.000,39.000,55.000,110,128,205,160,93,93,93,93,93,93,1,0,0,3,30,1,15.000,1
4.055000,95.87,14.821,8.880,222,231,72.000,71,71,18.000,39.000,55.000,106,127,204,160,93,93,93,93,93,93,1,0,0,3,30,1,15.000,1
4.060000,98.03,14.321,8.610,217,231,72.000,71,71,18.000,39.000,55.000,103,127,204,160,93,93,93,93,93,93,1,0,0,3,30,1,15.000,1
4.065000,100.19,13.831,8.280,212,231,72.000,71,71,18.000,39.000,55.000,99,127,204,160,93,93,93,93,93,93,1,0,0,3,30,1,15.000,1
4.070000,102.35,13.352,8.010,208,231,72.000,71,71,18.000,39.000,55.000,96,127,204,160,93,93,93,93,93,93,1,0,0,3,30,1,15.000,1
4.075000,104.51,12.888,7.740,203,230,72.000,71,71,18.000,39.000,55.000,93,127,203,160,92,92,92,92,92,92,1,0,0,3,30,1,15.000,1
4.080000,106.67,12.440,7.470,198,230,72.000,71,71,18.000,39.000,55.000,89,127,203,160,92,92,92,92,92,92,1,0,0,3,30,1,15.000,1
4.085000,108.83,12.012,7.200,193,229,72.000,71,71,18.000,39.000,55.000,86,126,202,160,92,92,92,92,92,92,1,0,0,3,30,1,15.000,1
4.090000,110.99,11.606,6.980,188,228,72.000,71,71,18.000,39.000,55.000,83,125,201,160,91,91,91,91,91,91,1,0,0,3,30,1,15.000,1
4.095000,113.15,11.224,6.710,183,227,72.000,71,71,18.000,39.000,55.000,80,125,200,160,91,91,91,91,91,91,1,0,0,3,30,1,15.000,1
4.100000,115.31,10.868,6.540,178,227,72.000,71,71,18.000,39.000,55.000,78,125,200,160,91,91,91,91,91,91,1,0,0,3,30,1,15.000,1
4.105000,117.47,10.540,6.330,174,226,72.000,71,71,18.000,39.000,55.000,76,124,199,160,90,90,90,90,90,90,1,0,0,3,30,1,15.000,1
4.110000,119.63,10.242,6.160,169,224,72.000,71,71,18.000,39.000,55.000,74,123,197,160,89,89,89,89,89,89,1,0,0,3,30,1,15.000,1
4.115000,121.79,9.975,6.000,165,223,72.000,71,71,18.000,39.000,55.000,72,122,196,160,89,89,89,89,89,89,1,0,0,3,30,1,15.000,1
4.120000,123.95,9.742,5.840,161,222,72.000,71,71,18.000,39.000,55.000,70,121,194,160,88,88,88,88,88,88,1,0,0,3,30,1,15.000,1
4.125000,126.11,9.542,5.710,157,221,72.000,71,71,18.000,39.000,55.000,68,121,193,160,88,88,88,88,88,88,1,0,0,3,30,1,15.000,1
4.130000,128.27,9.378,5.630,153,220,72.000,71,71,18.000,39.000,55.000,67,120,193,160,88,88,88,88,88,88,1,0,0,3,30,1,15.000,1
4.135000,130.43,9.249,5.550,149,218,72.000,71,71,18.000,39.000,55.000,66,119,190,160,87,87,87,87,87,87,1,0,0,3,30,1,15.000,1
4.140000,132.59,9.157,5.510,146,217,72.000,71,71,18.000,39.000,55.000,66,118,189,160,86,86,86,86,86,86,1,0,0,3,30,1,15.000,1
4.145000,134.75,9.103,5.470,143,216,72.000,71,71,18.000,39.000,55.000,65,117,188,160,86,86,86,86,86,86,1,0,0,3,30,1,15.000,1
4.150000,136.91,9.085,5.470,140,214,72.000,71,71,18.000,39.000,55.000,65,116,186,160,85,85,85,85,85,85,1,0,0,3,30,1,15.000,1
4.155000,139.07,9.104,5.470,138,213,72.000,71,71,18.000,39.000,55.000,65,115,185,160,84,84,84,84,84,84,1,0,0,3,30,1,15.000,1
4.160000,141.23,9.160,5.510,136,211,72.000,71,71,18.000,39.000,55.000,66,114,183,160,83,83,83,83,83,83,1,0,0,3,30,1,15.000,1
4.165000,143.39,9.253,5.550,135,210,72.000,71,71,18.000,39.000,55.000,66,114,182,160,83,83,83,83,83,83,1,0,0,3,30,1,15.000,1
4.170000,145.55,9.381,5.630,134,208,72.000,71,71,18.000,39.000,55.000,67,112,180,160,82,82,82,82,82,82,1,0,0,3,30,1,15.000,1
4.175000,147.71,9.544,5.710,133,207,72.000,71,71,18.000,39.000,55.000,68,112,179,160,81,81,81,81,81,81,1,0,0,3,30,1,15.000,1
4.180000,149.87,9.741,5.840,133,205,72.000,71,71,18.000,39.000,55.000,70,110,177,160,80,80,80,80,80,80,1,0,0,3,30,1,15.000,1
4.185000,152.03,9.971,6.000,133,204,72.000,71,71,18.000,39.000,55.000,72,110,176,160,80,80,80,80,80,80,1,0,0,3,30,1,15.000,1
4.190000,154.19,10.231,6.160,133,203,72.000,72,72,18.000,39.000,55.000,75,110,177,160,79,79,79,79,79,79,1,0,0,3,30,1,15.000,1
4.195000,156.35,10.520,6.330,134,201,72.000,72,72,18.000,39.000,55.000,77,109,175,160,78,78,78,78,78,78,1,0,0,3,30,1,15.000,1
4.200000,158.51,10.838,6.490,135,200,72.000,72,72,18.000,39.000,55.000,79,109,174,160,78,78,78,78,78,78,1,0,0,3,30,1,15.000,1
4.205000,160.67,11.180,6.710,137,199,72.000,72,72,18.000,39.000,55.000,81,108,173,160,77,77,77,77,77,77,1,0,0,3,30,1,15.000,1
4.210000,162.83,11.546,6.920,139,198,72.000,72,72,18.000,39.000,55.000,84,107,172,160,77,77,77,77,77,77,1,0,0,3,30,1,15.000,1
4.215000,164.99,11.933,7.140,141,197,72.000,72,72,18.000,39.000,55.000,87,106,171,160,76,76,76,76,76,76,1,0,0,3,30,1,15.000,1
4.220000,167.15,12.339,7.410,143,196,72.000,72,72,18.000,39.000,55.000,90,106,170,160,76,76,76,76,76,76,1,0,0,3,30,1,15.000,1
4.225000,169.31,12.761,7.630,146,195,72.000,71,71,18.000,39.000,55.000,91,104,166,160,76,76,76,76,76,76,1,0,0,3,30,1,15.000,1
4.230000,171.47,13.197,7.900,149,194,72.000,71,71,18.000,39.000,55.000,95,103,165,160,75,75,75,75,75,75,1,0,0,3,30,1,15.000,1
4.235000,173.63,13.644,8.180,152,193,72.000,71,71,18.000,39.000,55.000,98,102,164,160,75,75,75,75,75,75,1,0,0,3,30,1,15.000,1
4.240000,175.79,14.099,8.450,156,192,72.000,71,71,18.000,39.000,55.000,101,102,163,160,74,74,74,74,74,74,1,0,0,3,30,1,15.000,1
4.245000,177.95,14.560,8.720,160,192,72.000,71,71,18.000,39.000,55.000,104,102,163,160,74,74,74,74,74,74,1,0,0,3,30,1,15.000,1
4.250000,180.11,15.023,8.990,164,191,72.000,71,71,18.000,39.000,55.000,108,101,162,160,74,74,74,74,74,74,1,0,0,3,30,1,15.000,1
4.255000,182.27,15.486,9.260,168,190,72.000,71,71,18.000,39.000,55.000,111,100,161,160,73,73,73,73,73,73,1,0,0,3,30,1,15.000,1
4.260000,184.43,15.947,9.590,172,190,72.000,71,71,18.000,39.000,55.000,115,100,161,160,73,73,73,73,73,73,1,0,0,3,30,1,15.000,1
4.265000,186.59,16.401,9.860,176,190,72.000,71,71,18.000,39.000,55.000,118,100,161,160,73,73,73,73,73,73,1,0,0,3,30,1,15.000,1
4.270000,188.75,16.847,10.130,180,190,72.000,71,71,18.000,39.000,55.000,121,100,161,160,73,73,73,73,73,73,1,0,0,3,30,1,15.000,1
4.275000,190.91,17.281,10.350,185,190,72.000,71,71,18.000,39.000,55.000,124,100,161,160,73,73,73,73,73,73,1,0,0,3,30,1,15.000,1
4.280000,193.07,17.702,10.620,189,189,72.000,71,71,18.000,39.000,55.000,127,100,160,160,73,73,73,73,73,73,1,0,0,3,30,1,15.000,1
4.285000,195.23,18.106,10.840,194,190,72.000,71,71,18.000,39.000,55.000,130,100,161,160,73,73,73,73,73,73,1,0,0,3,30,1,15.000,1
4.290000,197.39,18.491,11.110,198,190,72.000,71,71,18.000,39.000,55.000,133,100,161,160,73,73,73,73,73,73,1,0,0,3,30,1,15.000,1
4.295000,199.55,18.855,11.330,203,190,72.000,71,71,18.000,39.000,55.000,136,100,161,160,73,73,73,73,73,73,1,0,0,3,30,1,15.000,1
4.300000,201.71,19.195,11.490,207,191,72.000,71,71,18.000,39.000,55.000,138,101,162,160,74,74,74,74,74,74,1,0,0,3,30,1,15.000,1
4.305000,203.87,19.510,11.710,211,191,72.000,71,71,18.000,39.000,55.000,140,101,162,160,74,74,74,74,74,74,1,0,0,3,30,1,15.000,1
4.310000,206.03,19.797,11.870,216,192,72.000,71,71,18.000,39.000,55.000,142,102,163,160,74,74,74,74,74,74,1,0,0,3,30,1,15.000,1
4.315000,208.19,20.054,12.040,219,193,72.000,71,71,18.000,39.000,55.000,144,102,164,160,75,75,75,75,75,75,1,0,0,3,30,1,15.000,1
4.320000,210.35,20.280,12.150,223,194,72.000,71,71,18.000,39.000,55.000,146,103,165,160,75,75,75,75,75,75,1,0,0,3,30,1,15.000,1
4.325000,212.51,20.473,12.260,227,196,72.000,71,71,18.000,39.000,55.000,147,104,167,160,76,76,76,76,76,76,1,0,0,3,30,1,15.000,1
4.330000,214.67,20.633,12.360,230,197,72.000,71,71,18.000,39.000,55.000,148,105,168,160,76,76,76,76,76,76,1,0,0,3,30,1,15.000,1
4.335000,216.83,20.758,12.470,233,198,72.000,71,71,18.000,39.000,55.000,149,106,169,160,77,77,77,77,77,77,1,0,0,3,30,1,15.000,1
4.340000,218.99,20.847,12.530,236,200,72.000,71,71,18.000,39.000,55.000,150,107,172,160,78,78,78,78,78,78,1,0,0,3,30,1,15.000,1
4.345000,221.15,20.899,12.530,239,201,72.000,71,71,18.000,39.000,55.000,150,108,173,160,78,78,78,78,78,78,1,0,0,3,30,1,15.000,1
4.350000,223.31,20.915,12.530,241,203,72.000,71,71,18.000,39.000,55.000,150,109,175,160,79,79,79,79,79,79,1,0,0,3,30,1,15.000,1
4.355000,225.47,20.894,12.530,243,204,72.000,71,71,18.000,39.000,55.000,150,110,176,160,80,80,80,80,80,80,1,0,0,3,30,1,15.000,1
4.360000,227.63,20.835,12.530,245,206,72.000,71,71,18.000,39.000,55.000,150,111,178,160,81,81,81,81,81,81,1,0,0,3,30,1,15.000,1
4.365000,229.79,20.740,12.420,246,208,72.000,71,71,18.000,39.000,55.000,149,112,180,160,82,82,82,82,82,82,1,0,0,3,30,1,15.000,1
4.370000,231.95,20.608,12.360,247,209,72.000,71,71,18.000,39.000,55.000,148,113,181,160,82,82,82,82,82,82,1,0,0,3,30,1,15.000,1
4.375000,234.11,20.440,12.260,248,211,72.000,71,71,18.000,39.000,55.000,147,114,183,160,83,83,83,83,83,83,1,0,0,3,30,1,15.000,1
4.380000,236.27,20.237,12.150,248,212,72.000,71,71,18.000,39.000,55.000,146,115,184,160,84,84,84,84,84,84,1,0,0,3,30,1,15.000,1
4.385000,238.43,20.000,11.980,248,214,72.000,71,71,18.000,39.000,55.000,144,116,186,160,85,85,85,85,85,85,1,0,0,3,30,1,15.000,1
4.390000,240.59,19.730,11.820,248,215,72.000,71,71,18.000,39.000,55.000,142,117,187,160,85,85,85,85,85,85,1,0,0,3,30,1,15.000,1
4.395000,242.75,19.429,11.660,247,216,72.000,71,71,18.000,39.000,55.000,140,117,188,160,86,86,86,86,86,86,1,0,0,3,30,1,15.000,1
4.400000,244.91,19.098,11.440,246,217,72.000,71,71,18.000,39.000,55.000,137,118,189,160,86,86,86,86,86,86,1,0,0,3,30,1,15.000,1
4.405000,247.07,18.739,11.220,244,218,72.000,71,71,18.000,39.000,55.000,134,119,190,160,87,87,87,87,87,87,1,0,0,3,30,1,15.000,1
4.410000,249.23,18.355,11.000,242,219,72.000,71,71,18.000,39.000,55.000,132,119,191,160,87,87,87,87,87,87,1,0,0,3,30,1,15.000,1
4.415000,251.39,17.946,10.790,240,220,72.000,71,71,18.000,39.000,55.000,129,120,193,160,88,88,88,88,88,88,1,0,0,3,30,1,15.000,1
4.420000,253.55,17.516,10.510,238,221,72.000,71,71,18.000,39.000,55.000,126,121,193,160,88,88,88,88,88,88,1,0,0,3,30,1,15.000,1
4.425000,255.71,17.067,10.240,235,222,72.000,71,71,18.000,39.000,55.000,123,121,194,160,88,88,88,88,88,88,1,0,0,3,30,1,15.000,1
4.430000,257.87,16.601,9.970,232,222,72.000,71,71,18.000,39.000,55.000,119,121,194,160,88,88,88,88,88,88,1,0,0,3,30,1,15.000,1
4.435000,260.03,16.121,9.640,228,222,72.000,71,71,18.000,39.000,55.000,115,121,194,160,88,88,88,88,88,88,1,0,0,3,30,1,15.000,1
4.440000,262.19,15.629,9.370,225,222,72.000,71,71,18.000,39.000,55.000,112,121,194,160,88,88,88,88,88,88,1,0,0,3,30,1,15.000,1
4.445000,264.35,15.129,9.050,221,222,72.000,71,71,18.000,39.000,55.000,108,121,194,160,88,88,88,88,88,88,1,0,0,3,30,1,15.000,1
4.450000,266.51,14.623,8.770,217,222,72.000,71,71,18.000,39.000,55.000,105,121,194,160,88,88,88,88,88,88,1,0,0,3,30,1,15.000,1
4.455000,268.67,14.114,8.450,212,222,72.000,71,71,18.000,39.000,55.000,101,121,194,160,88,88,88,88,88,88,1,0,0,3,30,1,15.000,1
4.460000,270.83,13.605,8.180,208,222,72.000,71,71,18.000,39.000,55.000,98,121,194,160,88,88,88,88,88,88,1,0,0,3,30,1,15.000,1
4.465000,272.99,13.099,7.850,203,222,72.000,71,71,18.000,39.000,55.000,94,121,194,160,88,88,88,88,88,88,1,0,0,3,30,1,15.000,1
4.470000,275.15,12.598,7.580,198,221,72.000,71,71,18.000,39.000,55.000,91,121,193,160,88,88,88,88,88,88,1,0,0,3,30,1,15.000,1
4.475000,277.31,12.106,7.250,193,221,72.000,71,71,18.000,39.000,55.000,87,121,193,160,88,88,88,88,88,88,1,0,0,3,30,1,15.000,1
4.480000,279.47,11.626,6.980,189,220,72.000,71,71,18.000,39.000,55.000,83,120,193,160,88,88,88,88,88,88,1,0,0,3,30,1,15.000,1
4.485000,281.63,11.159,6.710,184,220,72.000,71,71,18.000,39.000,55.000,80,120,193,160,88,88,88,88,88,88,1,0,0,3,30,1,15.000,1
4.490000,283.79,10.710,6.440,179,219,72.000,71,71,18.000,39.000,55.000,77,119,191,160,87,87,87,87,87,87,1,0,0,3,30,1,15.000,1
4.495000,285.95,10.280,6.160,174,218,72.000,71,71,18.000,39.000,55.000,74,119,190,160,87,87,87,87,87,87,1,0,0,3,30,1,15.000,1
4.500000,288.11,9.871,5.920,169,217,72.000,71,71,18.000,39.000,55.000,71,118,189,160,86,86,86,86,86,86,1,0,0,3,30,1,15.000,1
4.505000,290.27,9.487,5.670,164,216,72.000,72,72,18.000,39.000,55.000,69,119,191,160,86,86,86,86,86,86,1,0,0,3,30,1,15.000,1
4.510000,292.43,9.130,5.470,159,215,72.000,72,72,18.000,39.000,55.000,66,118,190,160,85,85,85,85,85,85,1,0,0,3,30,1,15.000,1
4.515000,294.59,8.801,5.260,154,214,72.000,72,72,18.000,39.000,55.000,64,118,189,160,85,85,85,85,85,85,1,0,0,3,30,1,15.000,1
4.520000,296.75,8.503,5.100,149,213,72.000,72,72,18.000,39.000,55.000,62,117,188,160,84,84,84,84,84,84,1,0,0,3,30,1,15.000,1
4.525000,298.91,8.237,4.930,144,212,72.000,72,72,18.000,39.000,55.000,60,116,187,160,84,84,84,84,84,84,1,0,0,3,30,1,15.000,1
4.530000,301.07,8.005,4.810,139,210,72.000,72,72,18.000,39.000,55.000,58,115,185,160,83,83,83,83,83,83,1,0,0,3,30,1,15.000,1
4.535000,303.23,7.808,4.680,135,209,72.000,72,72,18.000,39.000,55.000,57,115,184,160,82,82,82,82,82,82,1,0,0,3,30,1,15.000,1
4.540000,305.39,7.648,4.600,130,207,72.000,71,71,18.000,39.000,55.000,55,112,179,160,81,81,81,81,81,81,1,0,0,3,30,1,15.000,1
4.545000,307.55,7.526,4.520,126,206,72.000,71,71,18.000,39.000,55.000,54,111,178,160,81,81,81,81,81,81,1,0,0,3,30,1,15.000,1
4.550000,309.71,7.442,4.480,123,204,72.000,71,71,18.000,39.000,55.000,53,110,176,160,80,80,80,80,80,80,1,0,0,3,30,1,15.000,1
4.555000,311.87,7.397,4.440,120,203,72.000,71,71,18.000,39.000,55.000,53,109,175,160,79,79,79,79,79,79,1,0,0,3,30,1,15.000,1
4.560000,314.03,7.391,4.440,117,201,72.000,71,71,18.000,39.000,55.000,53,108,173,160,78,78,78,78,78,78,1,0,0,3,30,1,15.000,1
4.565000,316.19,7.425,4.440,114,199,72.000,71,71,18.000,39.000,55.000,53,106,170,160,77,77,77,77,77,77,1,0,0,3,30,1,15.000,1
4.570000,318.35,7.499,4.520,112,198,72.000,71,71,18.000,39.000,55.000,54,106,169,160,77,77,77,77,77,77,1,0,0,3,30,1,15.000,1
4.575000,320.51,7.611,4.560,111,196,72.000,71,71,18.000,39.000,55.000,54,104,167,160,76,76,76,76,76,76,1,0,0,3,30,1,15.000,1
4.580000,322.67,7.763,4.640,110,194,72.000,71,71,18.000,39.000,55.000,55,103,165,160,75,75,75,75,75,75,1,0,0,3,30,1,15.000,1
4.585000,324.83,7.952,4.770,109,193,72.000,71,71,18.000,39.000,55.000,57,102,164,160,75,75,75,75,75,75,1,0,0,3,30,1,15.000,1
4.590000,326.99,8.179,4.890,109,191,72.000,71,71,18.000,39.000,55.000,58,101,162,160,74,74,74,74,74,74,1,0,0,3,30,1,15.000,1
4.595000,329.15,8.441,5.050,109,190,72.000,71,71,18.000,39.000,55.000,60,100,161,160,73,73,73,73,73,73,1,0,0,3,30,1,15.000,1
4.600000,331.31,8.738,5.260,110,188,72.000,71,71,18.000,39.000,55.000,63,99,159,160,72,72,72,72,72,72,1,0,0,3,30,1,15.000,1
4.605000,333.47,9.069,5.420,111,187,72.000,71,71,18.000,39.000,55.000,65,98,158,160,72,72,72,72,72,72,1,0,0,3,30,1,15.000,1
4.610000,335.63,9.430,5.670,113,185,72.000,71,71,18.000,39.000,55.000,68,97,156,160,71,71,71,71,71,71,1,0,0,3,30,1,15.000,1
4.615000,337.79,9.822,5.880,115,184,72.000,71,71,18.000,39.000,55.000,70,97,155,160,70,70,70,70,70,70,1,0,0,3,30,1,15.000,1
4.620000,339.95,10.240,6.160,118,182,72.000,71,71,18.000,39.000,55.000,74,95,153,160,69,69,69,69,69,69,1,0,0,3,30,1,15.000,1
4.625000,342.11,10.684,6.440,121,181,72.000,71,71,18.000,39.000,55.000,77,95,152,160,69,69,69,69,69,69,1,0,0,3,30,1,15.000,1
4.630000,344.27,11.151,6.710,125,180,72.000,71,71,18.000,39.000,55.000,80,94,151,160,68,68,68,68,68,68,1,0,0,3,30,1,15.000,1
4.635000,346.43,11.639,6.980,128,179,72.000,71,71,18.000,39.000,55.000,83,93,149,160,68,68,68,68,68,68,1,0,0,3,30,1,15.000,1
4.640000,348.59,12.144,7.310,132,178,72.000,71,71,18.000,39.000,55.000,87,93,148,160,67,67,67,67,67,67,1,0,0,3,30,1,15.000,1
4.645000,350.75,12.665,7.580,136,177,72.000,71,71,18.000,39.000,55.000,91,92,147,160,67,67,67,67,67,67,1,0,0,3,30,1,15.000,1
4.650000,352.91,13.198,7.900,140,177,72.000,71,71,18.000,39.000,55.000,95,92,147,160,67,67,67,67,67,67,1,0,0,3,30,1,15.000,1
4.655000,355.07,13.740,8.230,145,176,72.000,71,71,18.000,39.000,55.000,98,91,146,160,66,66,66,66,66,66,1,0,0,3,30,1,15.000,1
4.660000,357.23,14.290,8.560,150,175,72.000,71,71,18.000,39.000,55.000,102,91,145,160,66,66,66,66,66,66,1,0,0,3,30,1,15.000,1
4.665000,359.39,14.843,8.880,154,175,72.000,71,71,18.000,39.000,55.000,106,91,145,160,66,66,66,66,66,66,1,0,0,3,30,1,15.000,1
4.670000,1.55,15.397,9.260,160,175,72.000,71,71,18.000,39.000,55.000,111,91,145,160,66,66,66,66,66,66,1,0,0,3,30,1,15.000,1
4.675000,3.71,15.949,9.590,165,174,72.000,71,71,18.000,39.000,55.000,115,90,144,160,66,66,66,66,66,66,1,0,0,3,30,1,15.000,1
4.680000,5.87,16.496,9.920,170,174,72.000,71,71,18.000,39.000,55.000,119,90,144,160,66,66,66,66,66,66,1,0,0,3,30,1,15.000,1
4.685000,8.03,17.034,10.240,175,174,72.000,71,71,18.000,39.000,55.000,123,90,144,160,66,66,66,66,66,66,1,0,0,3,30,1,15.000,1
4.690000,10.19,17.562,10.510,181,174,72.000,71,71,18.000,39.000,55.000,126,90,144,160,66,66,66,66,66,66,1,0,0,3,30,1,15.000,1
4.695000,12.35,18.077,10.840,186,175,72.000,71,71,18.000,39.000,55.000,130,91,145,160,66,66,66,66,66,66,1,0,0,3,30,1,15.000,1
4.700000,14.51,18.575,11.110,192,175,72.000,71,71,18.000,39.000,55.000,133,91,145,160,66,66,66,66,66,66,1,0,0,3,30,1,15.000,1
4.705000,16.67,19.054,11.440,197,176,72.000,71,71,18.000,39.000,55.000,137,91,146,160,66,66,66,66,66,66,1,0,0,3,30,1,15.000,1
4.710000,18.83,19.511,11.710,203,177,72.000,71,71,18.000,39.000,55.000,140,92,147,160,67,67,67,67,67,67,1,0,0,3,30,1,15.000,1
4.715000,20.99,19.944,11.980,208,178,72.000,71,71,18.000,39.000,55.000,144,93,148,160,67,67,67,67,67,67,1,0,0,3,30,1,15.000,1
4.720000,23.15,20.351,12.200,214,180,72.000,71,71,18.000,39.000,55.000,146,94,151,160,68,68,68,68,68,68,1,0,0,3,30,1,15.000,1
4.725000,25.31,20.730,12.420,219,181,72.000,71,71,18.000,39.000,55.000,149,95,152,160,69,69,69,69,69,69,1,0,0,3,30,1,15.000,1
4.730000,27.47,21.078,12.640,224,183,72.000,71,71,18.000,39.000,55.000,152,96,154,160,70,70,70,70,70,70,1,0,0,3,30,1,15.000,1
4.735000,29.63,21.395,12.850,229,184,72.000,71,71,18.000,39.000,55.000,154,97,155,160,70,70,70,70,70,70,1,0,0,3,30,1,15.000,1
4.740000,31.79,21.677,13.020,233,186,72.000,71,71,18.000,39.000,55.000,156,98,157,160,71,71,71,71,71,71,1,0,0,3,30,1,15.000,1
4.745000,33.95,21.924,13.130,238,188,72.000,71,71,18.000,39.000,55.000,157,99,159,160,72,72,72,72,72,72,1,0,0,3,30,1,15.000,1
4.750000,36.11,22.135,13.290,242,190,72.000,71,71,18.000,39.000,55.000,159,100,161,160,73,73,73,73,73,73,1,0,0,3,30,1,15.000,1
4.755000,38.27,22.308,13.400,246,192,72.000,71,71,18.000,39.000,55.000,161,102,163,160,74,74,74,74,74,74,1,0,0,3,30,1,15.000,1
4.760000,40.43,22.442,13.450,249,195,72.000,71,71,18.000,39.000,55.000,161,104,166,160,76,76,76,76,76,76,1,0,0,3,30,1,15.000,1
4.765000,42.59,22.538,13.510,252,197,72.000,71,71,18.000,39.000,55.000,162,105,168,160,76,76,76,76,76,76,1,0,0,3,30,1,15.000,1
4.770000,44.75,22.595,13.560,255,199,72.000,71,71,18.000,39.000,55.000,163,106,170,160,77,77,77,77,77,77,1,0,0,3,30,1,15.000,1
4.775000,46.91,22.611,13.560,258,201,72.000,71,71,18.000,39.000,55.000,163,108,173,160,78,78,78,78,78,78,1,0,0,3,30,1,15.000,1
4.780000,49.07,22.589,13.560,260,204,72.000,71,71,18.000,39.000,55.000,163,110,176,160,80,80,80,80,80,80,1,0,0,3,30,1,15.000,1
4.785000,51.23,22.527,13.510,262,206,72.000,71,71,18.000,39.000,55.000,162,111,178,160,81,81,81,81,81,81,1,0,0,3,30,1,15.000,1
4.790000,53.39,22.426,13.450,264,208,72.000,71,71,18.000,39.000,55.000,161,112,180,160,82,82,82,82,82,82,1,0,0,3,30,1,15.000,1
4.795000,55.55,22.287,13.340,265,211,72.000,71,71,18.000,39.000,55.000,160,114,183,160,83,83,83,83,83,83,1,0,0,3,30,1,15.000,1
4.800000,57.71,22.111,13.230,265,213,72.000,71,71,18.000,39.000,55.000,159,115,185,160,84,84,84,84,84,84,1,0,0,3,30,1,15.000,1
4.805000,59.87,21.899,13.130,266,215,72.000,71,71,18.000,39.000,55.000,157,117,187,160,85,85,85,85,85,85,1,0,0,3,30,1,15.000,1
4.810000,62.03,21.652,13.020,266,217,72.000,71,71,18.000,39.000,55.000,156,118,189,160,86,86,86,86,86,86,1,0,0,3,30,1,15.000,1
4.815000,64.19,21.372,12.800,265,219,72.000,72,72,18.000,39.000,55.000,156,121,194,160,87,87,87,87,87,87,1,0,0,3,30,1,15.000,1
4.820000,66.35,21.060,12.640,265,221,72.000,72,72,18.000,39.000,55.000,154,122,196,160,88,88,88,88,88,88,1,0,0,3,30,1,15.000,1
4.825000,68.51,20.719,12.420,264,222,72.000,72,72,18.000,39.000,55.000,151,123,197,160,88,88,88,88,88,88,1,0,0,3,30,1,15.000,1
4.830000,70.67,20.349,12.200,262,224,72.000,72,72,18.000,39.000,55.000,148,124,199,160,89,89,89,89,89,89,1,0,0,3,30,1,15.000,1
4.835000,72.83,19.955,11.980,260,226,72.000,72,72,18.000,39.000,55.000,146,126,201,160,90,90,90,90,90,90,1,0,0,3,30,1,15.000,1
4.840000,74.99,19.536,11.710,258,227,72.000,72,72,18.000,39.000,55.000,142,126,203,160,91,91,91,91,91,91,1,0,0,3,30,1,15.000,1
4.845000,77.15,19.098,11.440,255,228,72.000,72,72,18.000,39.000,55.000,139,127,204,160,91,91,91,91,91,91,1,0,0,3,30,1,15.000,1
4.850000,79.31,18.640,11.170,253,229,72.000,71,71,18.000,39.000,55.000,134,126,202,160,92,92,92,92,92,92,1,0,0,3,30,1,15.000,1
4.855000,81.47,18.167,10.900,249,230,72.000,71,71,18.000,39.000,55.000,131,127,203,160,92,92,92,92,92,92,1,0,0,3,30,1,15.000,1
4.860000,83.63,17.682,10.620,246,231,72.000,71,71,18.000,39.000,55.000,127,127,204,160,93,93,93,93,93,93,1,0,0,3,30,1,15.000,1
4.865000,85.79,17.186,10.300,242,231,72.000,71,71,18.000,39.000,55.000,123,127,204,160,93,93,93,93,93,93,1,0,0,3,30,1,15.000,1
4.870000,87.95,16.682,10.030,238,231,72.000,71,71,18.000,39.000,55.000,120,127,204,160,93,93,93,93,93,93,1,0,0,3,30,1,15.000,1
4.875000,90.11,16.175,9.700,234,232,72.000,71,71,18.000,39.000,55.000,116,128,205,160,93,93,93,93,93,93,1,0,0,3,30,1,15.000,1
4.880000,92.27,15.665,9.430,230,232,72.000,71,71,18.000,39.000,55.000,113,128,205,160,93,93,93,93,93,93,1,0,0,3,30,1,15.000,1
4.885000,94.43,15.157,9.100,225,232,72.000,71,71,18.000,39.000,55.000,109,128,205,160,93,93,93,93,93,93,1,0,0,3,30,1,15.000,1
4.890000,96.59,14.653,8.770,220,231,72.000,71,71,18.000,39.000,55.000,105,127,204,160,93,93,93,93,93,93,1,0,0,3,30,1,15.000,1
4.895000,98.75,14.157,8.500,216,231,72.000,71,71,18.000,39.000,55.000,102,127,204,160,93,93,93,93,93,93,1,0,0,3,30,1,15.000,1
4.900000,100.91,13.670,8.180,211,231,72.000,71,71,18.000,39.000,55.000,98,127,204,160,93,93,93,93,93,93,1,0,0,3,30,1,15.000,1
4.905000,103.07,13.196,7.900,206,230,72.000,71,71,18.000,39.000,55.000,95,127,203,160,92,92,92,92,92,92,1,0,0,3,30,1,15.000,1
4.910000,105.23,12.736,7.630,201,230,72.000,71,71,18.000,39.000,55.000,91,127,203,160,92,92,92,92,92,92,1,0,0,3,30,1,15.000,1
4.915000,107.39,12.295,7.360,196,229,72.000,71,71,18.000,39.000,55.000,88,126,202,160,92,92,92,92,92,92,1,0,0,3,30,1,15.000,1
4.920000,109.55,11.874,7.140,191,229,72.000,71,71,18.000,39.000,55.000,85,126,202,160,92,92,92,92,92,92,1,0,0,3,30,1,15.000,1
4.925000,111.71,11.476,6.870,186,228,72.000,71,71,18.000,39.000,55.000,82,125,201,160,91,91,91,91,91,91,1,0,0,3,30,1,15.000,1
4.930000,113.87,11.102,6.650,181,227,72.000,71,71,18.000,39.000,55.000,79,125,200,160,91,91,91,91,91,91,1,0,0,3,30,1,15.000,1
4.935000,116.03,10.755,6.440,177,226,72.000,71,71,18.000,39.000,55.000,77,124,199,160,90,90,90,90,90,90,1,0,0,3,30,1,15.000,1
4.940000,118.19,10.437,6.270,172,225,72.000,71,71,18.000,39.000,55.000,75,123,198,160,90,90,90,90,90,90,1,0,0,3,30,1,15.000,1
4.945000,120.35,10.149,6.110,168,224,72.000,71,71,18.000,39.000,55.000,73,123,197,160,89,89,89,89,89,89,1,0,0,3,30,1,15.000,1
4.950000,122.51,9.894,5.920,164,223,72.000,71,71,18.000,39.000,55.000,71,122,196,160,89,89,89,89,89,89,1,0,0,3,30,1,15.000,1
4.955000,124.67,9.671,5.790,159,222,72.000,71,71,18.000,39.000,55.000,69,121,194,160,88,88,88,88,88,88,1,0,0,3,30,1,15.000,1
4.960000,126.83,9.483,5.670,155,221,72.000,71,71,18.000,39.000,55.000,68,121,193,160,88,88,88,88,88,88,1,0,0,3,30,1,15.000,1
4.965000,128.99,9.331,5.590,152,219,72.000,71,71,18.000,39.000,55.000,67,119,191,160,87,87,87,87,87,87,1,0,0,3,30,1,15.000,1
4.970000,131.15,9.215,5.550,148,218,72.000,71,71,18.000,39.000,55.000,66,119,190,160,87,87,87,87,87,87,1,0,0,3,30,1,15.000,1
4.975000,133.31,9.135,5.470,145,217,72.000,71,71,18.000,39.000,55.000,65,118,189,160,86,86,86,86,86,86,1,0,0,3,30,1,15.000,1
4.980000,135.47,9.092,5.470,142,215,72.000,71,71,18.000,39.000,55.000,65,117,187,160,85,85,85,85,85,85,1,0,0,3,30,1,15.000,1
4.985000,137.63,9.087,5.470,140,214,72.000,71,71,18.000,39.000,55.000,65,116,186,160,85,85,85,85,85,85,1,0,0,3,30,1,15.000,1
4.990000,139.79,9.119,5.470,137,212,72.000,71,71,18.000,39.000,55.000,65,115,184,160,84,84,84,84,84,84,1,0,0,3,30,1,15.000,1
4.995000,141.95,9.187,5.510,136,211,72.000,71,71,18.000,39.000,55.000,66,114,183,160,83,83,83,83,83,83,1,0,0,3,30,1,15.000,1
5.000000,144.11,24.778,14.870,135,209,72.000,71,71,18.000,39.000,55.000,178,113,181,160,82,82,82,82,82,82,1,0,0,3,30,1,40.000,1
5.005000,146.27,25.151,15.080,158,208,72.000,71,71,18.000,39.000,55.000,181,112,180,160,82,82,82,82,82,82,1,0,0,3,30,1,40.000,1
5.010000,148.43,25.617,15.360,177,207,72.000,71,71,18.000,39.000,55.000,184,112,179,160,81,81,81,81,81,81,1,0,0,3,30,1,40.000,1
5.015000,150.59,26.171,15.680,195,207,72.000,71,71,18.000,39.000,55.000,188,112,179,160,81,81,81,81,81,81,1,0,0,3,30,1,40.000,1
5.020000,152.75,26.810,16.060,212,207,72.000,71,71,18.000,39.000,55.000,193,112,179,160,81,81,81,81,81,81,1,0,0,3,30,1,40.000,1
5.025000,154.91,27.531,16.500,227,207,72.000,71,71,18.000,39.000,55.000,198,112,179,160,81,81,81,81,81,81,1,0,0,3,30,1,40.000,1
5.030000,157.07,28.328,16.990,241,208,72.000,71,71,18.000,39.000,55.000,204,112,180,160,82,82,82,82,82,82,1,0,0,3,30,1,40.000,1
5.035000,159.23,29.197,17.530,255,210,72.000,71,71,18.000,39.000,55.000,210,114,182,160,83,83,83,83,83,83,1,0,0,3,30,1,40.000,1
5.040000,161.39,30.133,18.080,268,212,72.000,71,71,18.000,39.000,55.000,217,115,184,160,84,84,84,84,84,84,1,0,0,3,30,1,40.000,1
5.045000,163.55,31.128,18.670,281,215,72.000,71,71,18.000,39.000,55.000,224,117,187,160,85,85,85,85,85,85,1,0,0,3,30,1,40.000,1
5.050000,165.71,32.178,19.330,293,218,72.000,71,71,18.000,39.000,55.000,232,119,190,160,87,87,87,87,87,87,1,0,0,3,30,1,40.000,1
5.055000,167.87,33.276,19.980,306,221,72.000,71,71,18.000,39.000,55.000,240,121,193,160,88,88,88,88,88,88,1,0,0,3,30,1,40.000,1
5.060000,170.03,34.414,20.630,318,225,72.000,71,71,18.000,39.000,55.000,248,123,198,160,90,90,90,90,90,90,1,0,0,3,30,1,40.000,1
5.065000,172.19,35.587,21.340,331,229,72.000,71,71,18.000,39.000,55.000,256,126,202,160,92,92,92,92,92,92,1,0,0,3,30,1,40.000,1
5.070000,174.35,36.787,22.050,343,233,72.000,71,71,18.000,39.000,55.000,265,129,206,160,94,94,94,94,94,94,1,0,0,3,30,1,40.000,1
5.075000,176.51,38.006,22.810,356,238,72.000,71,71,18.000,39.000,55.000,274,132,211,160,96,96,96,96,96,96,1,0,0,3,30,1,40.000,1
5.080000,178.67,39.238,23.510,369,243,72.000,71,71,18.000,39.000,55.000,282,135,217,160,99,99,99,99,99,99,1,0,0,3,30,1,40.000,1
5.085000,180.83,40.474,24.280,382,248,72.000,71,71,18.000,39.000,55.000,292,138,222,160,101,101,101,101,101,101,1,0,0,3,30,1,40.000,1
5.090000,182.99,41.707,25.040,395,254,72.000,71,71,18.000,39.000,55.000,301,142,228,160,104,104,104,104,104,104,1,0,0,3,30,1,40.000,1
5.095000,185.15,42.930,25.740,408,260,72.000,71,71,18.000,39.000,55.000,309,146,234,160,107,107,107,107,107,107,1,0,0,3,30,1,40.000,1
5.100000,187.31,44.135,26.450,421,266,72.000,71,71,18.000,39.000,55.000,318,150,241,160,109,109,109,109,109,109,1,0,0,3,30,1,40.000,1
5.105000,189.47,45.315,27.160,434,273,72.000,71,71,18.000,39.000,55.000,326,155,248,160,113,113,113,113,113,113,1,0,0,3,30,1,40.000,1
5.110000,191.63,46.462,27.870,447,280,72.000,71,71,18.000,39.000,55.000,335,159,255,160,116,116,116,116,116,116,1,0,0,3,30,1,40.000,1
5.115000,193.79,47.570,28.520,460,287,72.000,71,71,18.000,39.000,55.000,343,164,263,160,120,120,120,120,120,120,1,0,0,3,30,1,40.000,1
5.120000,195.95,48.632,29.170,473,294,72.000,71,71,18.000,39.000,55.000,350,168,270,160,123,123,123,123,123,123,1,0,0,3,30,1,40.000,1
5.125000,198.11,49.640,29.770,486,302,72.000,71,71,18.000,39.000,55.000,358,174,278,160,127,127,127,127,127,127,1,0,0,3,30,1,40.000,1
5.130000,200.27,50.590,30.370,498,309,72.000,72,72,18.000,39.000,55.000,370,181,290,160,130,130,130,130,130,130,1,0,0,3,30,1,40.000,1
5.135000,202.43,51.475,30.860,510,317,72.000,72,72,18.000,39.000,55.000,376,186,298,160,134,134,134,134,134,134,1,0,0,3,30,1,40.000,1
5.140000,204.59,52.289,31.350,522,325,72.000,72,72,18.000,39.000,55.000,382,191,307,160,138,138,138,138,138,138,1,0,0,3,30,1,40.000,1
5.145000,206.75,53.028,31.840,533,334,72.000,72,72,18.000,39.000,55.000,388,197,316,160,142,142,142,142,142,142,1,0,0,3,30,1,40.000,1
5.150000,208.91,53.687,32.220,544,342,72.000,72,72,18.000,39.000,55.000,392,203,325,160,146,146,146,146,146,146,1,0,0,3,30,1,40.000,1
5.155000,211.07,54.262,32.540,554,350,72.000,72,72,18.000,39.000,55.000,396,208,333,160,150,150,150,150,150,150,1,0,0,3,30,1,40.000,1
5.160000,213.23,54.748,32.820,564,359,72.000,72,72,18.000,39.000,55.000,400,214,343,160,154,154,154,154,154,154,1,0,0,3,30,1,40.000,1
5.165000,215.39,55.143,33.090,573,367,72.000,71,71,18.000,39.000,55.000,397,216,346,160,158,158,158,158,158,158,1,0,0,3,30,1,40.000,1
5.170000,217.55,55.444,33.250,581,376,72.000,71,71,18.000,39.000,55.000,399,222,356,160,162,162,162,162,162,162,1,0,0,3,30,1,40.000,1
5.175000,219.71,55.649,33.360,589,384,72.000,71,71,18.000,39.000,55.000,401,227,364,160,166,166,166,166,166,166,1,0,0,3,30,1,40.000,1
5.180000,221.87,55.757,33.410,596,393,72.000,71,71,18.000,39.000,55.000,401,233,374,160,170,170,170,170,170,170,1,0,0,3,30,1,40.000,1
5.185000,224.03,55.766,33.470,602,401,72.000,71,71,18.000,39.000,55.000,402,238,382,160,174,174,174,174,174,174,1,0,0,3,30,1,40.000,1
5.190000,226.19,55.675,33.410,607,410,72.000,71,71,18.000,39.000,55.000,401,244,391,160,178,178,178,178,178,178,1,0,0,3,30,1,40.000,1
5.195000,228.35,55.486,33.310,611,418,72.000,71,71,18.000,39.000,55.000,400,250,400,160,182,182,182,182,182,182,1,0,0,3,30,1,40.000,1
5.200000,230.51,55.199,33.090,614,426,72.000,71,71,18.000,39.000,55.000,397,255,408,160,186,186,186,186,186,186,1,0,0,3,30,1,40.000,1
5.205000,232.67,54.815,32.870,617,433,72.000,71,71,18.000,39.000,55.000,395,259,415,160,189,189,189,189,189,189,1,0,0,3,30,1,40.000,1
5.210000,234.83,54.335,32.600,618,441,72.000,71,71,18.000,39.000,55.000,392,265,424,160,193,193,193,193,193,193,1,0,0,3,30,1,40.000,1
5.215000,236.99,53.764,32.270,619,448,72.000,71,71,18.000,39.000,55.000,388,269,431,160,196,196,196,196,196,196,1,0,0,3,30,1,40.000,1
5.220000,239.15,53.102,31.840,618,455,72.000,71,71,18.000,39.000,55.000,382,274,438,160,200,200,200,200,200,200,1,0,0,3,30,1,40.000,1
5.225000,241.31,52.354,31.400,617,462,72.000,71,71,18.000,39.000,55.000,377,278,446,160,203,203,203,203,203,203,1,0,0,3,30,1,40.000,1
5.230000,243.47,51.525,30.910,614,468,72.000,71,71,18.000,39.000,55.000,371,282,452,160,206,206,206,206,206,206,1,0,0,3,30,1,40.000,1
5.235000,245.63,50.617,30.370,611,474,72.000,71,71,18.000,39.000,55.000,365,286,458,160,209,209,209,209,209,209,1,0,0,3,30,1,40.000,1
5.240000,247.79,49.637,29.770,606,479,72.000,71,71,18.000,39.000,55.000,358,289,463,160,211,211,211,211,211,211,1,0,0,3,30,1,40.000,1
5.245000,249.95,48.589,29.170,601,484,72.000,71,71,18.000,39.000,55.000,350,293,469,160,214,214,214,214,214,214,1,0,0,3,30,1,40.000,1
5.250000,252.11,47.480,28.460,595,489,72.000,71,71,18.000,39.000,55.000,342,296,474,160,216,216,216,216,216,216,1,0,0,3,30,1,40.000,1
5.255000,254.27,46.315,27.760,588,493,72.000,71,71,18.000,39.000,55.000,333,299,478,160,218,218,218,218,218,218,1,0,0,3,30,1,40.000,1
5.260000,256.43,45.101,27.050,580,497,72.000,71,71,18.000,39.000,55.000,325,301,482,160,220,220,220,220,220,220,1,0,0,3,30,1,40.000,1
5.265000,258.59,43.845,26.290,572,500,72.000,71,71,18.000,39.000,55.000,316,303,486,160,221,221,221,221,221,221,1,0,0,3,30,1,40.000,1
5.270000,260.75,42.554,25.530,562,503,72.000,71,71,18.000,39.000,55.000,307,305,489,160,223,223,223,223,223,223,1,0,0,3,30,1,40.000,1
5.275000,262.91,41.235,24.710,552,505,72.000,71,71,18.000,39.000,55.000,297,307,491,160,224,224,224,224,224,224,1,0,0,3,30,1,40.000,1
5.280000,265.07,39.895,23.950,542,506,72.000,71,71,18.000,39.000,55.000,288,307,492,160,224,224,224,224,224,224,1,0,0,3,30,1,40.000,1
5.285000,267.23,38.543,23.130,531,508,72.000,71,71,18.000,39.000,55.000,278,308,494,160,225,225,225,225,225,225,1,0,0,3,30,1,40.000,1
5.290000,269.39,37.185,22.320,519,508,72.000,71,71,18.000,39.000,55.000,268,308,494,160,225,225,225,225,225,225,1,0,0,3,30,1,40.000,1
5.295000,271.55,35.829,21.500,507,508,72.000,71,71,18.000,39.000,55.000,258,308,494,160,225,225,225,225,225,225,1,0,0,3,30,1,40.000,1
5.300000,273.71,34.483,20.690,494,508,72.000,71,71,18.000,39.000,55.000,248,308,494,160,225,225,225,225,225,225,1,0,0,3,30,1,40.000,1
5.305000,275.87,33.156,19.870,481,508,72.000,71,71,18.000,39.000,55.000,238,308,494,160,225,225,225,225,225,225,1,0,0,3,30,1,40.000,1
5.310000,278.03,31.853,19.110,468,507,72.000,71,71,18.000,39.000,55.000,229,308,493,160,225,225,225,225,225,225,1,0,0,3,30,1,40.000,1
5.315000,280.19,30.583,18.350,455,506,72.000,71,71,18.000,39.000,55.000,220,307,492,160,224,224,224,224,224,224,1,0,0,3,30,1,40.000,1
5.320000,282.35,29.354,17.590,442,505,72.000,71,71,18.000,39.000,55.000,211,307,491,160,224,224,224,224,224,224,1,0,0,3,30,1,40.000,1
5.325000,284.51,28.171,16.880,429,504,72.000,71,71,18.000,39.000,55.000,203,306,490,160,223,223,223,223,223,223,1,0,0,3,30,1,40.000,1
5.330000,286.67,27.043,16.230,415,502,72.000,71,71,18.000,39.000,55.000,195,305,488,160,222,222,222,222,222,222,1,0,0,3,30,1,40.000,1
5.335000,288.83,25.975,15.570,402,500,72.000,71,71,18.000,39.000,55.000,187,303,486,160,221,221,221,221,221,221,1,0,0,3,30,1,40.000,1
5.340000,290.99,24.974,14.970,390,498,72.000,71,71,18.000,39.000,55.000,180,302,483,160,220,220,220,220,220,220,1,0,0,3,30,1,40.000,1
5.345000,293.15,24.045,14.430,377,496,72.000,71,71,18.000,39.000,55.000,173,301,481,160,219,219,219,219,219,219,1,0,0,3,30,1,40.000,1
5.350000,295.31,23.195,13.890,365,494,72.000,71,71,18.000,39.000,55.000,167,299,479,160,218,218,218,218,218,218,1,0,0,3,30,1,40.000,1
5.355000,297.47,22.428,13.450,353,491,72.000,71,71,18.000,39.000,55.000,161,297,476,160,217,217,217,217,217,217,1,0,0,3,30,1,40.000,1
5.360000,299.63,21.748,13.070,342,488,72.000,71,71,18.000,39.000,55.000,157,295,473,160,215,215,215,215,215,215,1,0,0,3,30,1,40.000,1
5.365000,301.79,21.161,12.690,331,485,72.000,71,71,18.000,39.000,55.000,152,293,470,160,214,214,214,214,214,214,1,0,0,3,30,1,40.000,1
5.370000,303.95,20.668,12.420,321,482,72.000,71,71,18.000,39.000,55.000,149,292,467,160,213,213,213,213,213,213,1,0,0,3,30,1,40.000,1
5.375000,306.11,20.275,12.150,312,479,72.000,71,71,18.000,39.000,55.000,146,289,463,160,211,211,211,211,211,211,1,0,0,3,30,1,40.000,1
5.380000,308.27,19.982,11.980,303,476,72.000,71,71,18.000,39.000,55.000,144,288,460,160,210,210,210,210,210,210,1,0,0,3,30,1,40.000,1
5.385000,310.43,19.793,11.870,296,472,72.000,71,71,18.000,39.000,55.000,142,285,456,160,208,208,208,208,208,208,1,0,0,3,30,1,40.000,1
5.390000,312.59,19.708,11.820,289,469,72.000,71,71,18.000,39.000,55.000,142,283,453,160,206,206,206,206,206,206,1,0,0,3,30,1,40.000,1
5.395000,314.75,19.728,11.820,283,465,72.000,71,71,18.000,39.000,55.000,142,280,449,160,204,204,204,204,204,204,1,0,0,3,30,1,40.000,1
5.400000,316.91,19.854,11.930,277,461,72.000,71,71,18.000,39.000,55.000,143,278,445,160,203,203,203,203,203,203,1,0,0,3,30,1,40.000,1
5.405000,319.07,20.085,12.040,273,458,72.000,71,71,18.000,39.000,55.000,144,276,442,160,201,201,201,201,201,201,1,0,0,3,30,1,40.000,1
5.410000,321.23,20.420,12.260,270,454,72.000,71,71,18.000,39.000,55.000,147,273,437,160,199,199,199,199,199,199,1,0,0,3,30,1,40.000,1
5.415000,323.39,20.858,12.530,268,450,72.000,71,71,18.000,39.000,55.000,150,271,433,160,197,197,197,197,197,197,1,0,0,3,30,1,40.000,1
5.420000,325.55,21.396,12.850,267,447,72.000,71,71,18.000,39.000,55.000,154,269,430,160,196,196,196,196,196,196,1,0,0,3,30,1,40.000,1
5.425000,327.71,22.033,13.230,267,443,72.000,71,71,18.000,39.000,55.000,159,266,426,160,194,194,194,194,194,194,1,0,0,3,30,1,40.000,1
5.430000,329.87,22.764,13.670,267,440,72.000,71,71,18.000,39.000,55.000,164,264,423,160,193,193,193,193,193,193,1,0,0,3,30,1,40.000,1
5.435000,332.03,23.586,14.160,269,436,72.000,71,71,18.000,39.000,55.000,170,261,418,160,191,191,191,191,191,191,1,0,0,3,30,1,40.000,1
5.440000,334.19,24.495,14.700,272,433,72.000,72,72,18.000,39.000,55.000,179,263,421,160,189,189,189,189,189,189,1,0,0,3,30,1,40.000,1
5.445000,336.35,25.487,15.300,276,430,72.000,72,72,18.000,39.000,55.000,186,261,418,160,188,188,188,188,188,188,1,0,0,3,30,1,40.000,1
5.450000,338.51,26.555,15.950,281,427,72.000,72,72,18.000,39.000,55.000,194,259,415,160,186,186,186,186,186,186,1,0,0,3,30,1,40.000,1
5.455000,340.67,27.695,16.610,287,424,72.000,72,72,18.000,39.000,55.000,202,257,412,160,185,185,185,185,185,185,1,0,0,3,30,1,40.000,1
5.460000,342.83,28.900,17.310,294,422,72.000,72,72,18.000,39.000,55.000,211,256,410,160,184,184,184,184,184,184,1,0,0,3,30,1,40.000,1
5.465000,344.99,30.165,18.080,301,419,72.000,72,72,18.000,39.000,55.000,220,254,406,160,183,183,183,183,183,183,1,0,0,3,30,1,40.000,1
5.470000,347.15,31.481,18.890,310,417,72.000,72,72,18.000,39.000,55.000,230,252,404,160,182,182,182,182,182,182,1,0,0,3,30,1,40.000,1
5.475000,349.31,32.843,19.710,319,415,72.000,71,71,18.000,39.000,55.000,237,248,397,160,181,181,181,181,181,181,1,0,0,3,30,1,40.000,1
5.480000,351.47,34.243,20.520,330,413,72.000,71,71,18.000,39.000,55.000,246,246,394,160,180,180,180,180,180,180,1,0,0,3,30,1,40.000,1
5.485000,353.63,35.674,21.390,341,412,72.000,71,71,18.000,39.000,55.000,257,246,393,160,179,179,179,179,179,179,1,0,0,3,30,1,40.000,1
5.490000,355.79,37.128,22.260,352,411,72.000,71,71,18.000,39.000,55.000,267,245,392,160,179,179,179,179,179,179,1,0,0,3,30,1,40.000,1
5.495000,357.95,38.597,23.130,364,410,72.000,71,71,18.000,39.000,55.000,278,244,391,160,178,178,178,178,178,178,1,0,0,3,30,1,40.000,1
5.500000,0.11,40.074,24.060,377,409,72.000,71,71,18.000,39.000,55.000,289,244,390,160,178,178,178,178,178,178,1,0,0,3,30,1,40.000,1
5.505000,2.27,41.550,24.930,390,408,72.000,71,71,18.000,39.000,55.000,299,243,389,160,177,177,177,177,177,177,1,0,0,3,30,1,40.000,1
5.510000,4.43,43.018,25.800,404,408,72.000,71,71,18.000,39.000,55.000,310,243,389,160,177,177,177,177,177,177,1,0,0,3,30,1,40.000,1
5.515000,6.59,44.470,26.670,418,408,72.000,71,71,18.000,39.000,55.000,320,243,389,160,177,177,177,177,177,177,1,0,0,3,30,1,40.000,1
5.520000,8.75,45.898,27.540,432,409,72.000,71,71,18.000,39.000,55.000,331,244,390,160,178,178,178,178,178,178,1,0,0,3,30,1,40.000,1
5.525000,10.91,47.295,28.360,447,410,72.000,71,71,18.000,39.000,55.000,341,244,391,160,178,178,178,178,178,178,1,0,0,3,30,1,40.000,1
5.530000,13.07,48.653,29.170,461,412,72.000,71,71,18.000,39.000,55.000,350,246,393,160,179,179,179,179,179,179,1,0,0,3,30,1,40.000,1
5.535000,15.23,49.964,29.990,476,414,72.000,71,71,18.000,39.000,55.000,360,247,396,160,180,180,180,180,180,180,1,0,0,3,30,1,40.000,1
5.540000,17.39,51.223,30.750,490,417,72.000,71,71,18.000,39.000,55.000,369,249,399,160,182,182,182,182,182,182,1,0,0,3,30,1,40.000,1
5.545000,19.55,52.422,31.460,504,420,72.000,71,71,18.000,39.000,55.000,378,251,402,160,183,183,183,183,183,183,1,0,0,3,30,1,40.000,1
5.550000,21.71,53.555,32.110,519,424,72.000,71,71,18.000,39.000,55.000,386,254,406,160,185,185,185,185,185,185,1,0,0,3,30,1,40.000,1
5.555000,23.87,54.616,32.760,532,428,72.000,71,71,18.000,39.000,55.000,394,256,410,160,187,187,187,187,187,187,1,0,0,3,30,1,40.000,1
5.560000,26.03,55.599,33.360,546,433,72.000,71,71,18.000,39.000,55.000,401,259,415,160,189,189,189,189,189,189,1,0,0,3,30,1,40.000,1
5.565000,28.19,56.500,33.900,559,437,72.000,71,71,18.000,39.000,55.000,407,262,420,160,191,191,191,191,191,191,1,0,0,3,30,1,40.000,1
5.570000,30.35,57.313,34.390,572,443,72.000,71,71,18.000,39.000,55.000,413,266,426,160,194,194,194,194,194,194,1,0,0,3,30,1,40.000,1
5.575000,32.51,58.035,34.830,584,448,72.000,71,71,18.000,39.000,55.000,418,269,431,160,196,196,196,196,196,196,1,0,0,3,30,1,40.000,1
5.580000,34.67,58.662,35.210,595,454,72.000,71,71,18.000,39.000,55.000,423,273,437,160,199,199,199,199,199,199,1,0,0,3,30,1,40.000,1
5.585000,36.83,59.191,35.480,606,460,72.000,71,71,18.000,39.000,55.000,426,277,444,160,202,202,202,202,202,202,1,0,0,3,30,1,40.000,1
5.590000,38.99,59.618,35.750,616,466,72.000,71,71,18.000,39.000,55.000,429,281,450,160,205,205,205,205,205,205,1,0,0,3,30,1,40.000,1
5.595000,41.15,59.943,35.970,625,472,72.000,71,71,18.000,39.000,55.000,432,285,456,160,208,208,208,208,208,208,1,0,0,3,30,1,40.000,1
5.600000,43.31,60.164,36.080,633,479,72.000,71,71,18.000,39.000,55.000,433,289,463,160,211,211,211,211,211,211,1,0,0,3,30,1,40.000,1
5.605000,45.47,60.279,36.130,641,485,72.000,71,71,18.000,39.000,55.000,434,293,470,160,214,214,214,214,214,214,1,0,0,3,30,1,40.000,1
5.610000,47.63,60.288,36.130,648,492,72.000,71,71,18.000,39.000,55.000,434,298,477,160,217,217,217,217,217,217,1,0,0,3,30,1,40.000,1
5.615000,49.79,60.193,36.130,653,498,72.000,71,71,18.000,39.000,55.000,434,302,483,160,220,220,220,220,220,220,1,0,0,3,30,1,40.000,1
5.620000,51.95,59.993,35.970,658,504,72.000,71,71,18.000,39.000,55.000,432,306,490,160,223,223,223,223,223,223,1,0,0,3,30,1,40.000,1
5.625000,54.11,59.690,35.810,662,511,72.000,71,71,18.000,39.000,55.000,430,310,497,160,226,226,226,226,226,226,1,0,0,3,30,1,40.000,1
5.630000,56.27,59.287,35.540,664,517,72.000,71,71,18.000,39.000,55.000,427,314,503,160,229,229,229,229,229,229,1,0,0,3,30,1,40.000,1
5.635000,58.43,58.785,35.260,666,523,72.000,71,71,18.000,39.000,55.000,424,318,510,160,232,232,232,232,232,232,1,0,0,3,30,1,40.000,1
5.640000,60.59,58.188,34.880,666,529,72.000,71,71,18.000,39.000,55.000,419,322,516,160,235,235,235,235,235,235,1,0,0,3,30,1,40.000,1
5.645000,62.75,57.500,34.500,666,534,72.000,71,71,18.000,39.000,55.000,414,325,521,160,237,237,237,237,237,237,1,0,0,3,30,1,40.000,1
5.650000,64.91,56.724,34.010,665,540,72.000,71,71,18.000,39.000,55.000,409,329,527,160,240,240,240,240,240,240,1,0,0,3,30,1,40.000,1
5.655000,67.07,55.865,33.520,662,545,72.000,71,71,18.000,39.000,55.000,403,333,533,160,243,243,243,243,243,243,1,0,0,3,30,1,40.000,1
5.660000,69.23,54.930,32.920,659,549,72.000,71,71,18.000,39.000,55.000,395,335,537,160,245,245,245,245,245,245,1,0,0,3,30,1,40.000,1
5.665000,71.39,53.921,32.330,654,554,72.000,71,71,18.000,39.000,55.000,388,339,542,160,247,247,247,247,247,247,1,0,0,3,30,1,40.000,1
5.670000,73.55,52.847,31.670,649,558,72.000,71,71,18.000,39.000,55.000,380,341,546,160,249,249,249,249,249,249,1,0,0,3,30,1,40.000,1
5.675000,75.71,51.713,31.020,643,561,72.000,71,71,18.000,39.000,55.000,373,343,549,160,250,250,250,250,250,250,1,0,0,3,30,1,40.000,1
5.680000,77.87,50.525,30.310,636,564,72.000,71,71,18.000,39.000,55.000,364,345,553,160,252,252,252,252,252,252,1,0,0,3,30,1,40.000,1
5.685000,80.03,49.291,29.550,628,567,72.000,71,71,18.000,39.000,55.000,355,347,556,160,253,253,253,253,253,253,1,0,0,3,30,1,40.000,1
5.690000,82.19,48.018,28.790,619,569,72.000,71,71,18.000,39.000,55.000,346,348,558,160,254,254,254,254,254,254,1,0,0,3,30,1,40.000,1
5.695000,84.35,46.713,28.030,609,571,72.000,71,71,18.000,39.000,55.000,337,350,560,160,255,255,255,255,255,255,1,0,0,3,30,1,40.000,1
5.700000,86.51,45.383,27.210,599,572,72.000,71,71,18.000,39.000,55.000,327,350,561,160,256,256,256,256,256,256,1,0,0,3,30,1,40.000,1
5.705000,88.67,44.036,26.400,588,573,72.000,71,71,18.000,39.000,55.000,317,351,562,160,256,256,256,256,256,256,1,0,0,3,30,1,40.000,1
5.710000,90.83,42.679,25.580,577,574,72.000,71,71,18.000,39.000,55.000,307,352,563,160,257,257,257,257,257,257,1,0,0,3,30,1,40.000,1
5.715000,92.99,41.322,24.770,565,574,72.000,71,71,18.000,39.000,55.000,297,352,563,160,257,257,257,257,257,257,1,0,0,3,30,1,40.000,1
5.720000,95.15,39.970,24.000,553,573,72.000,71,71,18.000,39.000,55.000,288,351,562,160,256,256,256,256,256,256,1,0,0,3,30,1,40.000,1
5.725000,97.31,38.632,23.190,540,573,72.000,71,71,18.000,39.000,55.000,278,351,562,160,256,256,256,256,256,256,1,0,0,3,30,1,40.000,1
5.730000,99.47,37.315,22.370,528,572,72.000,71,71,18.000,39.000,55.000,269,350,561,160,256,256,256,256,256,256,1,0,0,3,30,1,40.000,1
5.735000,101.63,36.027,21.610,515,571,72.000,71,71,18.000,39.000,55.000,259,350,560,160,255,255,255,255,255,255,1,0,0,3,30,1,40.000,1
5.740000,103.79,34.775,20.850,501,570,72.000,71,71,18.000,39.000,55.000,250,349,559,160,255,255,255,255,255,255,1,0,0,3,30,1,40.000,1
5.745000,105.95,33.566,20.140,488,568,72.000,71,71,18.000,39.000,55.000,242,348,557,160,254,254,254,254,254,254,1,0,0,3,30,1,40.000,1
5.750000,108.11,32.407,19.440,475,567,72.000,71,71,18.000,39.000,55.000,233,347,556,160,253,253,253,253,253,253,1,0,0,3,30,1,40.000,1
5.755000,110.27,31.303,18.780,462,565,72.000,72,72,18.000,39.000,55.000,229,351,561,160,252,252,252,252,252,252,1,0,0,3,30,1,40.000,1
5.760000,112.43,30.262,18.130,449,563,72.000,72,72,18.000,39.000,55.000,221,349,559,160,251,251,251,251,251,251,1,0,0,3,30,1,40.000,1
5.765000,114.59,29.289,17.590,436,560,72.000,72,72,18.000,39.000,55.000,214,347,556,160,250,250,250,250,250,250,1,0,0,3,30,1,40.000,1
5.770000,116.75,28.389,17.040,424,558,72.000,72,72,18.000,39.000,55.000,207,346,554,160,249,249,249,249,249,249,1,0,0,3,30,1,40.000,1
5.775000,118.91,27.567,16.550,412,555,72.000,72,72,18.000,39.000,55.000,201,344,551,160,247,247,247,247,247,247,1,0,0,3,30,1,40.000,1
5.780000,121.07,26.828,16.120,400,552,72.000,72,72,18.000,39.000,55.000,196,342,547,160,246,246,246,246,246,246,1,0,0,3,30,1,40.000,1
5.785000,123.23,26.175,15.680,389,549,72.000,72,72,18.000,39.000,55.000,191,340,544,160,245,245,245,245,245,245,1,0,0,3,30,1,40.000,1
5.790000,125.39,25.613,15.360,379,546,72.000,71,71,18.000,39.000,55.000,184,333,534,160,243,243,243,243,243,243,1,0,0,3,30,1,40.000,1
5.795000,127.55,25.143,15.080,369,542,72.000,71,71,18.000,39.000,55.000,181,331,529,160,241,241,241,241,241,241,1,0,0,3,30,1,40.000,1
5.800000,129.71,24.768,14.870,360,539,72.000,71,71,18.000,39.000,55.000,178,329,526,160,240,240,240,240,240,240,1,0,0,3,30,1,40.000,1
5.805000,131.87,24.490,14.700,352,535,72.000,71,71,18.000,39.000,55.000,176,326,522,160,238,238,238,238,238,238,1,0,0,3,30,1,40.000,1
5.810000,134.03,24.311,14.590,344,532,72.000,71,71,18.000,39.000,55.000,175,324,519,160,237,237,237,237,237,237,1,0,0,3,30,1,40.000,1
5.815000,136.19,24.231,14.540,337,528,72.000,71,71,18.000,39.000,55.000,174,322,515,160,235,235,235,235,235,235,1,0,0,3,30,1,40.000,1
5.820000,138.35,24.250,14.540,331,524,72.000,71,71,18.000,39.000,55.000,174,319,511,160,233,233,233,233,233,233,1,0,0,3,30,1,40.000,1
5.825000,140.51,24.367,14.590,326,520,72.000,71,71,18.000,39.000,55.000,175,316,506,160,231,231,231,231,231,231,1,0,0,3,30,1,40.000,1
5.830000,142.67,24.582,14.760,322,516,72.000,71,71,18.000,39.000,55.000,177,314,502,160,229,229,229,229,229,229,1,0,0,3,30,1,40.000,1
5.835000,144.83,24.892,14.920,319,513,72.000,71,71,18.000,39.000,55.000,179,312,499,160,227,227,227,227,227,227,1,0,0,3,30,1,40.000,1
5.840000,146.99,25.297,15.190,317,509,72.000,71,71,18.000,39.000,55.000,182,309,495,160,225,225,225,225,225,225,1,0,0,3,30,1,40.000,1
5.845000,149.15,25.792,15.460,316,505,72.000,71,71,18.000,39.000,55.000,185,307,491,160,224,224,224,224,224,224,1,0,0,3,30,1,40.000,1
5.850000,151.31,26.375,15.850,315,501,72.000,71,71,18.000,39.000,55.000,190,304,487,160,222,222,222,222,222,222,1,0,0,3,30,1,40.000,1
5.855000,153.47,27.042,16.230,316,498,72.000,71,71,18.000,39.000,55.000,195,302,483,160,220,220,220,220,220,220,1,0,0,3,30,1,40.000,1
5.860000,155.63,27.789,16.660,318,494,72.000,71,71,18.000,39.000,55.000,200,299,479,160,218,218,218,218,218,218,1,0,0,3,30,1,40.000,1
5.865000,157.79,28.610,17.150,320,491,72.000,71,71,18.000,39.000,55.000,206,297,476,160,217,217,217,217,217,217,1,0,0,3,30,1,40.000,1
5.870000,159.95,29.502,17.690,324,487,72.000,71,71,18.000,39.000,55.000,212,295,472,160,215,215,215,215,215,215,1,0,0,3,30,1,40.000,1
5.875000,162.11,30.458,18.290,328,484,72.000,71,71,18.000,39.000,55.000,219,293,469,160,214,214,214,214,214,214,1,0,0,3,30,1,40.000,1
5.880000,164.27,31.472,18.890,333,481,72.000,71,71,18.000,39.000,55.000,227,291,466,160,212,212,212,212,212,212,1,0,0,3,30,1,40.000,1
5.885000,166.43,32.539,19.540,339,478,72.000,71,71,18.000,39.000,55.000,235,289,463,160,211,211,211,211,211,211,1,0,0,3,30,1,40.000,1
5.890000,168.59,33.651,20.200,346,476,72.000,71,71,18.000,39.000,55.000,242,288,460,160,210,210,210,210,210,210,1,0,0,3,30,1,40.000,1
5.895000,170.75,34.802,20.900,354,473,72.000,71,71,18.000,39.000,55.000,251,286,457,160,208,208,208,208,208,208,1,0,0,3,30,1,40.000,1
5.900000,172.91,35.984,21.560,362,471,72.000,71,71,18.000,39.000,55.000,259,284,455,160,207,207,207,207,207,207,1,0,0,3,30,1,40.000,1
5.905000,175.07,37.192,22.320,371,469,72.000,71,71,18.000,39.000,55.000,268,283,453,160,206,206,206,206,206,206,1,0,0,3,30,1,40.000,1
5.910000,177.23,38.416,23.030,381,467,72.000,71,71,18.000,39.000,55.000,276,282,451,160,205,205,205,205,205,205,1,0,0,3,30,1,40.000,1
5.915000,179.39,39.650,23.790,391,466,72.000,71,71,18.000,39.000,55.000,286,281,450,160,205,205,205,205,205,205,1,0,0,3,30,1,40.000,1
5.920000,181.55,40.886,24.490,401,464,72.000,71,71,18.000,39.000,55.000,294,280,448,160,204,204,204,204,204,204,1,0,0,3,30,1,40.000,1
5.925000,183.71,42.116,25.260,412,463,72.000,71,71,18.000,39.000,55.000,303,279,447,160,204,204,204,204,204,204,1,0,0,3,30,1,40.000,1
5.930000,185.87,43.334,26.020,424,462,72.000,71,71,18.000,39.000,55.000,312,278,446,160,203,203,203,203,203,203,1,0,0,3,30,1,40.000,1
5.935000,188.03,44.531,26.720,435,462,72.000,71,71,18.000,39.000,55.000,321,278,446,160,203,203,203,203,203,203,1,0,0,3,30,1,40.000,1
5.940000,190.19,45.701,27.430,447,461,72.000,71,71,18.000,39.000,55.000,329,278,445,160,203,203,203,203,203,203,1,0,0,3,30,1,40.000,1
5.945000,192.35,46.836,28.080,459,461,72.000,71,71,18.000,39.000,55.000,337,278,445,160,203,203,203,203,203,203,1,0,0,3,30,1,40.000,1
5.950000,194.51,47.929,28.740,471,461,72.000,71,71,18.000,39.000,55.000,345,278,445,160,203,203,203,203,203,203,1,0,0,3,30,1,40.000,1
5.955000,196.67,48.974,29.390,483,462,72.000,71,71,18.000,39.000,55.000,353,278,446,160,203,203,203,203,203,203,1,0,0,3,30,1,40.000,1
5.960000,198.83,49.964,29.990,495,463,72.000,71,71,18.000,39.000,55.000,360,279,447,160,204,204,204,204,204,204,1,0,0,3,30,1,40.000,1
5.965000,200.99,50.893,30.530,506,465,72.000,71,71,18.000,39.000,55.000,367,280,449,160,204,204,204,204,204,204,1,0,0,3,30,1,40.000,1
5.970000,203.15,51.755,31.020,518,467,72.000,71,71,18.000,39.000,55.000,373,282,451,160,205,205,205,205,205,205,1,0,0,3,30,1,40.000,1
5.975000,205.31,52.544,31.510,529,469,72.000,71,71,18.000,39.000,55.000,378,283,453,160,206,206,206,206,206,206,1,0,0,3,30,1,40.000,1
5.980000,207.47,53.257,31.950,540,471,72.000,71,71,18.000,39.000,55.000,384,284,455,160,207,207,207,207,207,207,1,0,0,3,30,1,40.000,1
5.985000,209.63,53.888,32.330,550,474,72.000,71,71,18.000,39.000,55.000,388,286,458,160,209,209,209,209,209,209,1,0,0,3,30,1,40.000,1
5.990000,211.79,54.434,32.650,560,478,72.000,71,71,18.000,39.000,55.000,392,289,463,160,211,211,211,211,211,211,1,0,0,3,30,1,40.000,1
5.995000,213.95,54.890,32.920,569,481,72.000,71,71,18.000,39.000,55.000,395,291,466,160,212,212,212,212,212,212,1,0,0,3,30,1,40.000,1
6.000000,216.11,55.254,33.140,577,485,72.000,71,71,18.000,39.000,55.000,398,293,470,160,214,214,214,214,214,214,1,0,0,3,30,1,40.000,1
6.005000,218.27,55.523,33.310,585,489,72.000,71,71,18.000,39.000,55.000,400,296,474,160,216,216,216,216,216,216,1,0,0,3,30,1,40.000,1
6.010000,220.43,55.696,33.410,592,493,72.000,71,71,18.000,39.000,55.000,401,299,478,160,218,218,218,218,218,218,1,0,0,3,30,1,40.000,1
6.015000,222.59,55.771,33.470,599,497,72.000,71,71,18.000,39.000,55.000,402,301,482,160,220,220,220,220,220,220,1,0,0,3,30,1,40.000,1
6.020000,224.75,55.747,33.410,604,501,72.000,71,71,18.000,39.000,55.000,401,304,487,160,222,222,222,222,222,222,1,0,0,3,30,1,40.000,1
6.025000,226.91,55.623,33.360,609,506,72.000,71,71,18.000,39.000,55.000,401,307,492,160,224,224,224,224,224,224,1,0,0,3,30,1,40.000,1
6.030000,229.07,55.401,33.250,613,510,72.000,71,71,18.000,39.000,55.000,399,310,496,160,226,226,226,226,226,226,1,0,0,3,30,1,40.000,1
6.035000,231.23,55.081,33.030,616,514,72.000,71,71,18.000,39.000,55.000,397,312,500,160,228,228,228,228,228,228,1,0,0,3,30,1,40.000,1
6.040000,233.39,54.665,32.820,618,518,72.000,71,71,18.000,39.000,55.000,394,315,504,160,230,230,230,230,230,230,1,0,0,3,30,1,40.000,1
6.045000,235.55,54.155,32.490,619,522,72.000,71,71,18.000,39.000,55.000,390,318,509,160,232,232,232,232,232,232,1,0,0,3,30,1,40.000,1
6.050000,237.71,53.553,32.110,619,526,72.000,71,71,18.000,39.000,55.000,386,320,513,160,234,234,234,234,234,234,1,0,0,3,30,1,40.000,1
6.055000,239.87,52.862,31.730,618,530,72.000,71,71,18.000,39.000,55.000,381,323,517,160,236,236,236,236,236,236,1,0,0,3,30,1,40.000,1
6.060000,242.03,52.087,31.240,616,533,72.000,71,71,18.000,39.000,55.000,375,325,520,160,237,237,237,237,237,237,1,0,0,3,30,1,40.000,1
6.065000,244.19,51.230,30.750,613,537,72.000,72,72,18.000,39.000,55.000,375,332,532,160,239,239,239,239,239,239,1,0,0,3,30,1,40.000,1
6.070000,246.35,50.298,30.150,610,540,72.000,72,72,18.000,39.000,55.000,367,334,535,160,240,240,240,240,240,240,1,0,0,3,30,1,40.000,1
6.075000,248.51,49.295,29.550,605,542,72.000,72,72,18.000,39.000,55.000,360,335,537,160,241,241,241,241,241,241,1,0,0,3,30,1,40.000,1
6.080000,250.67,48.226,28.950,599,545,72.000,72,72,18.000,39.000,55.000,353,337,540,160,243,243,243,243,243,243,1,0,0,3,30,1,40.000,1
6.085000,252.83,47.098,28.250,593,547,72.000,72,72,18.000,39.000,55.000,344,339,542,160,244,244,244,244,244,244,1,0,0,3,30,1,40.000,1
6.090000,254.99,45.916,27.540,586,549,72.000,72,72,18.000,39.000,55.000,335,340,544,160,245,245,245,245,245,245,1,0,0,3,30,1,40.000,1
6.095000,257.15,44.687,26.780,578,550,72.000,72,72,18.000,39.000,55.000,326,341,545,160,245,245,245,245,245,245,1,0,0,3,30,1,40.000,1
6.100000,259.31,43.419,26.020,569,551,72.000,71,71,18.000,39.000,55.000,312,337,539,160,246,246,246,246,246,246,1,0,0,3,30,1,40.000,1
6.105000,261.47,42.117,25.260,559,551,72.000,71,71,18.000,39.000,55.000,303,337,539,160,246,246,246,246,246,246,1,0,0,3,30,1,40.000,1
6.110000,263.63,40.790,24.490,549,551,72.000,71,71,18.000,39.000,55.000,294,337,539,160,246,246,246,246,246,246,1,0,0,3,30,1,40.000,1
6.115000,265.79,39.446,23.680,538,551,72.000,71,71,18.000,39.000,55.000,284,337,539,160,246,246,246,246,246,246,1,0,0,3,30,1,40.000,1
6.120000,267.95,38.090,22.860,527,551,72.000,71,71,18.000,39.000,55.000,274,337,539,160,246,246,246,246,246,246,1,0,0,3,30,1,40.000,1
6.125000,270.11,36.732,22.050,515,550,72.000,71,71,18.000,39.000,55.000,265,336,538,160,245,245,245,245,245,245,1,0,0,3,30,1,40.000,1
6.130000,272.27,35.379,21.230,503,550,72.000,71,71,18.000,39.000,55.000,255,336,538,160,245,245,245,245,245,245,1,0,0,3,30,1,40.000,1
6.135000,274.43,34.038,20.410,490,549,72.000,71,71,18.000,39.000,55.000,245,335,537,160,245,245,245,245,245,245,1,0,0,3,30,1,40.000,1
6.140000,276.59,32.718,19.650,477,547,72.000,71,71,18.000,39.000,55.000,236,334,535,160,244,244,244,244,244,244,1,0,0,3,30,1,40.000,1
6.145000,278.75,31.426,18.840,464,546,72.000,71,71,18.000,39.000,55.000,226,333,534,160,243,243,243,243,243,243,1,0,0,3,30,1,40.000,1
6.150000,280.91,30.169,18.080,451,544,72.000,71,71,18.000,39.000,55.000,217,332,532,160,242,242,242,242,242,242,1,0,0,3,30,1,40.000,1
6.155000,283.07,28.954,17.370,438,542,72.000,71,71,18.000,39.000,55.000,208,331,529,160,241,241,241,241,241,241,1,0,0,3,30,1,40.000,1
6.160000,285.23,27.789,16.660,424,540,72.000,71,71,18.000,39.000,55.000,200,329,527,160,240,240,240,240,240,240,1,0,0,3,30,1,40.000,1
6.165000,287.39,26.680,16.010,411,538,72.000,71,71,18.000,39.000,55.000,192,328,525,160,239,239,239,239,239,239,1,0,0,3,30,1,40.000,1
6.170000,289.55,25.633,15.360,398,535,72.000,71,71,18.000,39.000,55.000,184,326,522,160,238,238,238,238,238,238,1,0,0,3,30,1,40.000,1
6.175000,291.71,24.656,14.810,385,532,72.000,71,71,18.000,39.000,55.000,178,324,519,160,237,237,237,237,237,237,1,0,0,3,30,1,40.000,1
6.180000,293.87,23.753,14.270,373,529,72.000,71,71,18.000,39.000,55.000,171,322,516,160,235,235,235,235,235,235,1,0,0,3,30,1,40.000,1
6.185000,296.03,22.930,13.720,361,526,72.000,71,71,18.000,39.000,55.000,165,320,513,160,234,234,234,234,234,234,1,0,0,3,30,1,40.000,1
6.190000,298.19,22.191,13.290,349,523,72.000,71,71,18.000,39.000,55.000,159,318,510,160,232,232,232,232,232,232,1,0,0,3,30,1,40.000,1
6.195000,300.35,21.542,12.910,338,519,72.000,71,71,18.000,39.000,55.000,155,316,505,160,230,230,230,230,230,230,1,0,0,3,30,1,40.000,1
6.200000,302.51,20.986,12.580,328,515,72.000,71,71,18.000,39.000,55.000,151,313,501,160,228,228,228,228,228,228,1,0,0,3,30,1,40.000,1
6.205000,304.67,20.526,12.310,318,512,72.000,71,71,18.000,39.000,55.000,148,311,498,160,227,227,227,227,227,227,1,0,0,3,30,1,40.000,1
6.210000,306.83,20.166,12.090,309,508,72.000,71,71,18.000,39.000,55.000,145,308,494,160,225,225,225,225,225,225,1,0,0,3,30,1,40.000,1
6.215000,308.99,19.908,11.930,301,504,72.000,71,71,18.000,39.000,55.000,143,306,490,160,223,223,223,223,223,223,1,0,0,3,30,1,40.000,1
6.220000,311.15,19.753,11.870,293,500,72.000,71,71,18.000,39.000,55.000,142,303,486,160,221,221,221,221,221,221,1,0,0,3,30,1,40.000,1
6.225000,313.31,19.703,11.820,287,496,72.000,71,71,18.000,39.000,55.000,142,301,481,160,219,219,219,219,219,219,1,0,0,3,30,1,40.000,1
6.230000,315.47,19.758,11.870,281,491,72.000,71,71,18.000,39.000,55.000,142,297,476,160,217,217,217,217,217,217,1,0,0,3,30,1,40.000,1
6.235000,317.63,19.919,11.930,276,487,72.000,71,71,18.000,39.000,55.000,143,295,472,160,215,215,215,215,215,215,1,0,0,3,30,1,40.000,1
6.240000,319.79,20.185,12.090,272,483,72.000,71,71,18.000,39.000,55.000,145,292,468,160,213,213,213,213,213,213,1,0,0,3,30,1,40.000,1
6.245000,321.95,20.554,12.310,269,479,72.000,71,71,18.000,39.000,55.000,148,289,463,160,211,211,211,211,211,211,1,0,0,3,30,1,40.000,1
6.250000,324.11,21.026,12.640,267,475,72.000,71,71,18.000,39.000,55.000,152,287,459,160,209,209,209,209,209,209,1,0,0,3,30,1,40.000,1
6.255000,326.27,21.598,12.960,267,471,72.000,71,71,18.000,39.000,55.000,155,284,455,160,207,207,207,207,207,207,1,0,0,3,30,1,40.000,1
6.260000,328.43,22.266,13.340,267,467,72.000,71,71,18.000,39.000,55.000,160,282,451,160,205,205,205,205,205,205,1,0,0,3,30,1,40.000,1
6.265000,330.59,23.028,13.830,268,463,72.000,71,71,18.000,39.000,55.000,166,279,447,160,204,204,204,204,204,204,1,0,0,3,30,1,40.000,1
6.270000,332.75,23.880,14.320,270,459,72.000,71,71,18.000,39.000,55.000,172,276,443,160,202,202,202,202,202,202,1,0,0,3,30,1,40.000,1
6.275000,334.91,24.817,14.870,273,455,72.000,71,71,18.000,39.000,55.000,178,274,438,160,200,200,200,200,200,200,1,0,0,3,30,1,40.000,1
6.280000,337.07,25.835,15.520,278,452,72.000,71,71,18.000,39.000,55.000,186,272,435,160,198,198,198,198,198,198,1,0,0,3,30,1,40.000,1
6.285000,339.23,26.928,16.170,283,448,72.000,71,71,18.000,39.000,55.000,194,269,431,160,196,196,196,196,196,196,1,0,0,3,30,1,40.000,1
6.290000,341.39,28.090,16.820,289,445,72.000,71,71,18.000,39.000,55.000,202,267,428,160,195,195,195,195,195,195,1,0,0,3,30,1,40.000,1
6.295000,343.55,29.316,17.590,296,442,72.000,71,71,18.000,39.000,55.000,211,265,425,160,194,194,194,194,194,194,1,0,0,3,30,1,40.000,1
6.300000,345.71,30.598,18.350,304,439,72.000,71,71,18.000,39.000,55.000,220,263,422,160,192,192,192,192,192,192,1,0,0,3,30,1,40.000,1
6.305000,347.87,31.931,19.160,313,437,72.000,71,71,18.000,39.000,55.000,230,262,420,160,191,191,191,191,191,191,1,0,0,3,30,1,40.000,1
6.310000,350.03,33.306,19.980,323,435,72.000,71,71,18.000,39.000,55.000,240,261,417,160,190,190,190,190,190,190,1,0,0,3,30,1,40.000,1
6.315000,352.19,34.717,20.790,333,433,72.000,71,71,18.000,39.000,55.000,250,259,415,160,189,189,189,189,189,189,1,0,0,3,30,1,40.000,1
6.320000,354.35,36.157,21.670,344,431,72.000,71,71,18.000,39.000,55.000,260,258,413,160,188,188,188,188,188,188,1,0,0,3,30,1,40.000,1
6.325000,356.51,37.616,22.540,356,429,72.000,71,71,18.000,39.000,55.000,271,257,411,160,187,187,187,187,187,187,1,0,0,3,30,1,40.000,1
6.330000,358.67,39.089,23.460,369,428,72.000,71,71,18.000,39.000,55.000,282,256,410,160,187,187,187,187,187,187,1,0,0,3,30,1,40.000,1
6.335000,0.83,40.566,24.330,381,427,72.000,71,71,18.000,39.000,55.000,292,255,409,160,186,186,186,186,186,186,1,0,0,3,30,1,40.000,1
6.340000,2.99,42.041,25.200,395,426,72.000,71,71,18.000,39.000,55.000,303,255,408,160,186,186,186,186,186,186,1,0,0,3,30,1,40.000,1
6.345000,5.15,43.504,26.130,409,426,72.000,71,71,18.000,39.000,55.000,314,255,408,160,186,186,186,186,186,186,1,0,0,3,30,1,40.000,1
6.350000,7.31,44.949,26.940,423,426,72.000,71,71,18.000,39.000,55.000,324,255,408,160,186,186,186,186,186,186,1,0,0,3,30,1,40.000,1
6.355000,9.47,46.368,27.810,437,426,72.000,71,71,18.000,39.000,55.000,334,255,408,160,186,186,186,186,186,186,1,0,0,3,30,1,40.000,1
6.360000,11.63,47.752,28.630,451,426,72.000,71,71,18.000,39.000,55.000,344,255,408,160,186,186,186,186,186,186,1,0,0,3,30,1,40.000,1
6.365000,13.79,49.095,29.440,466,428,72.000,71,71,18.000,39.000,55.000,354,256,410,160,187,187,187,187,187,187,1,0,0,3,30,1,40.000,1
6.370000,15.95,50.390,30.210,480,430,72.000,71,71,18.000,39.000,55.000,363,257,412,160,188,188,188,188,188,188,1,0,0,3,30,1,40.000,1
6.375000,18.11,51.630,30.970,495,432,72.000,71,71,18.000,39.000,55.000,372,259,414,160,189,189,189,189,189,189,1,0,0,3,30,1,40.000,1
6.380000,20.27,52.807,31.670,509,435,72.000,72,72,18.000,39.000,55.000,386,264,423,160,190,190,190,190,190,190,1,0,0,3,30,1,40.000,1
6.385000,22.43,53.917,32.330,523,438,72.000,72,72,18.000,39.000,55.000,394,266,426,160,192,192,192,192,192,192,1,0,0,3,30,1,40.000,1
6.390000,24.59,54.952,32.980,537,442,72.000,72,72,18.000,39.000,55.000,402,269,431,160,194,194,194,194,194,194,1,0,0,3,30,1,40.000,1
6.395000,26.75,55.909,33.520,550,446,72.000,72,72,18.000,39.000,55.000,408,272,435,160,195,195,195,195,195,195,1,0,0,3,30,1,40.000,1
6.400000,28.91,56.781,34.070,563,450,72.000,72,72,18.000,39.000,55.000,415,274,439,160,197,197,197,197,197,197,1,0,0,3,30,1,40.000,1
6.405000,31.07,57.564,34.560,576,455,72.000,72,72,18.000,39.000,55.000,421,278,445,160,200,200,200,200,200,200,1,0,0,3,30,1,40.000,1
6.410000,33.23,58.255,34.940,588,460,72.000,72,72,18.000,39.000,55.000,426,281,450,160,202,202,202,202,202,202,1,0,0,3,30,1,40.000,1
6.415000,35.39,58.849,35.320,599,466,72.000,71,71,18.000,39.000,55.000,424,281,450,160,205,205,205,205,205,205,1,0,0,3,30,1,40.000,1
6.420000,37.55,59.345,35.590,609,471,72.000,71,71,18.000,39.000,55.000,428,284,455,160,207,207,207,207,207,207,1,0,0,3,30,1,40.000,1
6.425000,39.71,59.738,35.810,619,477,72.000,71,71,18.000,39.000,55.000,430,288,461,160,210,210,210,210,210,210,1,0,0,3,30,1,40.000,1
6.430000,41.87,60.028,36.030,628,483,72.000,71,71,18.000,39.000,55.000,433,292,468,160,213,213,213,213,213,213,1,0,0,3,30,1,40.000,1
6.435000,44.03,60.214,36.130,636,489,72.000,71,71,18.000,39.000,55.000,434,296,474,160,216,216,216,216,216,216,1,0,0,3,30,1,40.000,1
6.440000,46.19,60.294,36.190,643,495,72.000,71,71,18.000,39.000,55.000,435,300,480,160,219,219,219,219,219,219,1,0,0,3,30,1,40.000,1
6.445000,48.35,60.268,36.130,650,502,72.000,71,71,18.000,39.000,55.000,434,305,488,160,222,222,222,222,222,222,1,0,0,3,30,1,40.000,1
6.450000,50.51,60.138,36.080,655,508,72.000,71,71,18.000,39.000,55.000,433,308,494,160,225,225,225,225,225,225,1,0,0,3,30,1,40.000,1
6.455000,52.67,59.903,35.920,659,514,72.000,71,71,18.000,39.000,55.000,432,312,500,160,228,228,228,228,228,228,1,0,0,3,30,1,40.000,1
6.460000,54.83,59.567,35.750,663,520,72.000,71,71,18.000,39.000,55.000,429,316,506,160,231,231,231,231,231,231,1,0,0,3,30,1,40.000,1
6.465000,56.99,59.130,35.480,665,526,72.000,71,71,18.000,39.000,55.000,426,320,513,160,234,234,234,234,234,234,1,0,0,3,30,1,40.000,1
6.470000,59.15,58.596,35.150,666,531,72.000,71,71,18.000,39.000,55.000,422,324,518,160,236,236,236,236,236,236,1,0,0,3,30,1,40.000,1
6.475000,61.31,57.969,34.770,666,537,72.000,71,71,18.000,39.000,55.000,418,327,524,160,239,239,239,239,239,239,1,0,0,3,30,1,40.000,1
6.480000,63.47,57.251,34.340,666,542,72.000,71,71,18.000,39.000,55.000,413,331,529,160,241,241,241,241,241,241,1,0,0,3,30,1,40.000,1
6.485000,65.63,56.447,33.850,664,547,72.000,71,71,18.000,39.000,55.000,407,334,535,160,244,244,244,244,244,244,1,0,0,3,30,1,40.000,1
6.490000,67.79,55.562,33.310,661,552,72.000,71,71,18.000,39.000,55.000,400,337,540,160,246,246,246,246,246,246,1,0,0,3,30,1,40.000,1
6.495000,69.95,54.601,32.760,657,556,72.000,71,71,18.000,39.000,55.000,394,340,544,160,248,248,248,248,248,248,1,0,0,3,30,1,40.000,1
6.500000,72.11,53.570,32.110,653,560,72.000,71,71,18.000,39.000,55.000,386,343,548,160,250,250,250,250,250,250,1,0,0,3,30,1,40.000,1
6.505000,74.27,52.475,31.460,647,564,72.000,71,71,18.000,39.000,55.000,378,345,553,160,252,252,252,252,252,252,1,0,0,3,30,1,40.000,1
6.510000,76.43,51.323,30.800,640,567,72.000,71,71,18.000,39.000,55.000,370,347,556,160,253,253,253,253,253,253,1,0,0,3,30,1,40.000,1
6.515000,78.59,50.119,30.040,633,570,72.000,71,71,18.000,39.000,55.000,361,349,559,160,255,255,255,255,255,255,1,0,0,3,30,1,40.000,1
6.520000,80.75,48.871,29.330,625,572,72.000,71,71,18.000,39.000,55.000,352,350,561,160,256,256,256,256,256,256,1,0,0,3,30,1,40.000,1
6.525000,82.91,47.586,28.520,616,574,72.000,71,71,18.000,39.000,55.000,343,352,563,160,257,257,257,257,257,257,1,0,0,3,30,1,40.000,1
6.530000,85.07,46.272,27.760,606,575,72.000,71,71,18.000,39.000,55.000,333,352,564,160,257,257,257,257,257,257,1,0,0,3,30,1,40.000,1
6.535000,87.23,44.935,26.940,596,576,72.000,71,71,18.000,39.000,55.000,324,353,565,160,258,258,258,258,258,258,1,0,0,3,30,1,40.000,1
6.540000,89.39,43.584,26.130,585,577,72.000,71,71,18.000,39.000,55.000,314,354,566,160,258,258,258,258,258,258,1,0,0,3,30,1,40.000,1
6.545000,91.55,42.227,25.310,573,577,72.000,71,71,18.000,39.000,55.000,304,354,566,160,258,258,258,258,258,258,1,0,0,3,30,1,40.000,1
6.550000,93.71,40.870,24.490,561,577,72.000,71,71,18.000,39.000,55.000,294,354,566,160,258,258,258,258,258,258,1,0,0,3,30,1,40.000,1
6.555000,95.87,39.522,23.730,549,576,72.000,71,71,18.000,39.000,55.000,285,353,565,160,258,258,258,258,258,258,1,0,0,3,30,1,40.000,1
6.560000,98.03,38.190,22.920,536,576,72.000,71,71,18.000,39.000,55.000,275,353,565,160,258,258,258,258,258,258,1,0,0,3,30,1,40.000,1
6.565000,100.19,36.882,22.100,523,575,72.000,71,71,18.000,39.000,55.000,265,352,564,160,257,257,257,257,257,257,1,0,0,3,30,1,40.000,1
6.570000,102.35,35.606,21.340,510,574,72.000,71,71,18.000,39.000,55.000,256,352,563,160,257,257,257,257,257,257,1,0,0,3,30,1,40.000,1
6.575000,104.51,34.367,20.630,497,572,72.000,71,71,18.000,39.000,55.000,248,350,561,160,256,256,256,256,256,256,1,0,0,3,30,1,40.000,1
6.580000,106.67,33.174,19.920,484,571,72.000,71,71,18.000,39.000,55.000,239,350,560,160,255,255,255,255,255,255,1,0,0,3,30,1,40.000,1
6.585000,108.83,32.032,19.220,471,569,72.000,71,71,18.000,39.000,55.000,231,348,558,160,254,254,254,254,254,254,1,0,0,3,30,1,40.000,1
6.590000,110.99,30.949,18.560,457,567,72.000,71,71,18.000,39.000,55.000,223,347,556,160,253,253,253,253,253,253,1,0,0,3,30,1,40.000,1
6.595000,113.15,29.930,17.970,445,565,72.000,71,71,18.000,39.000,55.000,216,346,554,160,252,252,252,252,252,252,1,0,0,3,30,1,40.000,1
6.600000,115.31,28.980,17.370,432,562,72.000,71,71,18.000,39.000,55.000,208,344,550,160,251,251,251,251,251,251,1,0,0,3,30,1,40.000,1
6.605000,117.47,28.106,16.880,420,560,72.000,71,71,18.000,39.000,55.000,203,343,548,160,250,250,250,250,250,250,1,0,0,3,30,1,40.000,1
6.610000,119.63,27.311,16.390,408,557,72.000,71,71,18.000,39.000,55.000,197,341,545,160,248,248,248,248,248,248,1,0,0,3,30,1,40.000,1
6.615000,121.79,26.601,15.950,397,554,72.000,71,71,18.000,39.000,55.000,191,339,542,160,247,247,247,247,247,247,1,0,0,3,30,1,40.000,1
6.620000,123.95,25.978,15.570,386,550,72.000,71,71,18.000,39.000,55.000,187,336,538,160,245,245,245,245,245,245,1,0,0,3,30,1,40.000,1
6.625000,126.11,25.445,15.250,376,547,72.000,71,71,18.000,39.000,55.000,183,334,535,160,244,244,244,244,244,244,1,0,0,3,30,1,40.000,1
6.630000,128.27,25.007,14.970,366,544,72.000,71,71,18.000,39.000,55.000,180,332,532,160,242,242,242,242,242,242,1,0,0,3,30,1,40.000,1
6.635000,130.43,24.665,14.810,357,540,72.000,71,71,18.000,39.000,55.000,178,329,527,160,240,240,240,240,240,240,1,0,0,3,30,1,40.000,1
6.640000,132.59,24.420,14.650,349,536,72.000,71,71,18.000,39.000,55.000,176,327,523,160,238,238,238,238,238,238,1,0,0,3,30,1,40.000,1
6.645000,134.75,24.273,14.540,342,533,72.000,71,71,18.000,39.000,55.000,174,325,520,160,237,237,237,237,237,237,1,0,0,3,30,1,40.000,1
6.650000,136.91,24.226,14.540,335,529,72.000,71,71,18.000,39.000,55.000,174,322,516,160,235,235,235,235,235,235,1,0,0,3,30,1,40.000,1
6.655000,139.07,24.278,14.540,330,525,72.000,71,71,18.000,39.000,55.000,174,320,512,160,233,233,233,233,233,233,1,0,0,3,30,1,40.000,1
6.660000,141.23,24.428,14.650,325,521,72.000,71,71,18.000,39.000,55.000,176,317,508,160,231,231,231,231,231,231,1,0,0,3,30,1,40.000,1
6.665000,143.39,24.675,14.810,321,517,72.000,71,71,18.000,39.000,55.000,178,314,503,160,229,229,229,229,229,229,1,0,0,3,30,1,40.000,1
6.670000,145.55,25.017,15.030,318,513,72.000,71,71,18.000,39.000,55.000,180,312,499,160,227,227,227,227,227,227,1,0,0,3,30,1,40.000,1
6.675000,147.71,25.452,15.250,316,509,72.000,71,71,18.000,39.000,55.000,183,309,495,160,225,225,225,225,225,225,1,0,0,3,30,1,40.000,1
6.680000,149.87,25.977,15.570,316,506,72.000,71,71,18.000,39.000,55.000,187,307,492,160,224,224,224,224,224,224,1,0,0,3,30,1,40.000,1
6.685000,152.03,26.588,15.950,316,502,72.000,71,71,18.000,39.000,55.000,191,305,488,160,222,222,222,222,222,222,1,0,0,3,30,1,40.000,1
6.690000,154.19,27.282,16.330,317,498,72.000,72,72,18.000,39.000,55.000,199,306,490,160,220,220,220,220,220,220,1,0,0,3,30,1,40.000,1
6.695000,156.35,28.054,16.820,318,495,72.000,72,72,18.000,39.000,55.000,205,304,487,160,219,219,219,219,219,219,1,0,0,3,30,1,40.000,1
6.700000,158.51,28.900,17.310,321,491,72.000,72,72,18.000,39.000,55.000,211,302,483,160,217,217,217,217,217,217,1,0,0,3,30,1,40.000,1
6.705000,160.67,29.814,17.860,325,488,72.000,72,72,18.000,39.000,55.000,217,300,480,160,215,215,215,215,215,215,1,0,0,3,30,1,40.000,1
6.710000,162.83,30.790,18.460,330,485,72.000,72,72,18.000,39.000,55.000,225,298,476,160,214,214,214,214,214,214,1,0,0,3,30,1,40.000,1
6.715000,164.99,31.822,19.110,335,482,72.000,72,72,18.000,39.000,55.000,233,296,473,160,213,213,213,213,213,213,1,0,0,3,30,1,40.000,1
6.720000,167.15,32.905,19.760,342,479,72.000,72,72,18.000,39.000,55.000,241,294,470,160,211,211,211,211,211,211,1,0,0,3,30,1,40.000,1
6.725000,169.31,34.031,20.410,349,476,72.000,71,71,18.000,39.000,55.000,245,288,460,160,210,210,210,210,210,210,1,0,0,3,30,1,40.000,1
6.730000,171.47,35.193,21.120,357,474,72.000,71,71,18.000,39.000,55.000,254,286,458,160,209,209,209,209,209,209,1,0,0,3,30,1,40.000,1
6.735000,173.63,36.384,21.830,365,472,72.000,71,71,18.000,39.000,55.000,262,285,456,160,208,208,208,208,208,208,1,0,0,3,30,1,40.000,1
6.740000,175.79,37.598,22.540,374,470,72.000,71,71,18.000,39.000,55.000,271,284,454,160,207,207,207,207,207,207,1,0,0,3,30,1,40.000,1
6.745000,177.95,38.826,23.300,384,468,72.000,71,71,18.000,39.000,55.000,280,282,452,160,206,206,206,206,206,206,1,0,0,3,30,1,40.000,1
6.750000,180.11,40.062,24.000,394,467,72.000,71,71,18.000,39.000,55.000,288,282,451,160,205,205,205,205,205,205,1,0,0,3,30,1,40.000,1
6.755000,182.27,41.297,24.770,405,465,72.000,71,71,18.000,39.000,55.000,297,280,449,160,204,204,204,204,204,204,1,0,0,3,30,1,40.000,1
6.760000,184.43,42.524,25.530,416,464,72.000,71,71,18.000,39.000,55.000,307,280,448,160,204,204,204,204,204,204,1,0,0,3,30,1,40.000,1
6.765000,186.59,43.736,26.230,428,463,72.000,71,71,18.000,39.000,55.000,315,279,447,160,204,204,204,204,204,204,1,0,0,3,30,1,40.000,1
6.770000,188.75,44.925,26.940,439,463,72.000,71,71,18.000,39.000,55.000,324,279,447,160,204,204,204,204,204,204,1,0,0,3,30,1,40.000,1
6.775000,190.91,46.084,27.650,451,463,72.000,71,71,18.000,39.000,55.000,332,279,447,160,204,204,204,204,204,204,1,0,0,3,30,1,40.000,1
6.780000,193.07,47.206,28.300,463,463,72.000,71,71,18.000,39.000,55.000,340,279,447,160,204,204,204,204,204,204,1,0,0,3,30,1,40.000,1
6.785000,195.23,48.283,28.950,475,463,72.000,71,71,18.000,39.000,55.000,348,279,447,160,204,204,204,204,204,204,1,0,0,3,30,1,40.000,1
6.790000,197.39,49.310,29.610,487,464,72.000,71,71,18.000,39.000,55.000,356,280,448,160,204,204,204,204,204,204,1,0,0,3,30,1,40.000,1
6.795000,199.55,50.280,30.150,499,465,72.000,71,71,18.000,39.000,55.000,362,280,449,160,204,204,204,204,204,204,1,0,0,3,30,1,40.000,1
6.800000,201.71,51.188,30.690,510,466,72.000,71,71,18.000,39.000,55.000,369,281,450,160,205,205,205,205,205,205,1,0,0,3,30,1,40.000,1
6.805000,203.87,52.026,31.180,522,468,72.000,71,71,18.000,39.000,55.000,375,282,452,160,206,206,206,206,206,206,1,0,0,3,30,1,40.000,1
6.810000,206.03,52.791,31.670,532,471,72.000,71,71,18.000,39.000,55.000,380,284,455,160,207,207,207,207,207,207,1,0,0,3,30,1,40.000,1
6.815000,208.19,53.477,32.050,543,473,72.000,71,71,18.000,39.000,55.000,385,286,457,160,208,208,208,208,208,208,1,0,0,3,30,1,40.000,1
6.820000,210.35,54.080,32.440,553,476,72.000,71,71,18.000,39.000,55.000,390,288,460,160,210,210,210,210,210,210,1,0,0,3,30,1,40.000,1
6.825000,212.51,54.596,32.760,563,480,72.000,71,71,18.000,39.000,55.000,394,290,465,160,212,212,212,212,212,212,1,0,0,3,30,1,40.000,1
6.830000,214.67,55.022,32.980,572,483,72.000,71,71,18.000,39.000,55.000,396,292,468,160,213,213,213,213,213,213,1,0,0,3,30,1,40.000,1
6.835000,216.83,55.354,33.200,580,487,72.000,71,71,18.000,39.000,55.000,399,295,472,160,215,215,215,215,215,215,1,0,0,3,30,1,40.000,1
6.840000,218.99,55.592,33.360,588,491,72.000,71,71,18.000,39.000,55.000,401,297,476,160,217,217,217,217,217,217,1,0,0,3,30,1,40.000,1
6.845000,221.15,55.732,33.410,595,495,72.000,71,71,18.000,39.000,55.000,401,300,480,160,219,219,219,219,219,219,1,0,0,3,30,1,40.000,1
6.850000,223.31,55.774,33.470,601,499,72.000,71,71,18.000,39.000,55.000,402,303,484,160,221,221,221,221,221,221,1,0,0,3,30,1,40.000,1
6.855000,225.47,55.716,33.410,606,503,72.000,71,71,18.000,39.000,55.000,401,305,489,160,223,223,223,223,223,223,1,0,0,3,30,1,40.000,1
6.860000,227.63,55.560,33.310,610,508,72.000,71,71,18.000,39.000,55.000,400,308,494,160,225,225,225,225,225,225,1,0,0,3,30,1,40.000,1
6.865000,229.79,55.305,33.200,614,512,72.000,71,71,18.000,39.000,55.000,399,311,498,160,227,227,227,227,227,227,1,0,0,3,30,1,40.000,1
6.870000,231.95,54.953,32.980,617,516,72.000,71,71,18.000,39.000,55.000,396,314,502,160,229,229,229,229,229,229,1,0,0,3,30,1,40.000,1
6.875000,234.11,54.506,32.710,618,520,72.000,71,71,18.000,39.000,55.000,393,316,506,160,231,231,231,231,231,231,1,0,0,3,30,1,40.000,1
6.880000,236.27,53.964,32.380,619,524,72.000,71,71,18.000,39.000,55.000,389,319,511,160,233,233,233,233,233,233,1,0,0,3,30,1,40.000,1
6.885000,238.43,53.332,32.000,619,528,72.000,71,71,18.000,39.000,55.000,384,322,515,160,235,235,235,235,235,235,1,0,0,3,30,1,40.000,1
6.890000,240.59,52.613,31.560,618,532,72.000,71,71,18.000,39.000,55.000,379,324,519,160,237,237,237,237,237,237,1,0,0,3,30,1,40.000,1
6.895000,242.75,51.810,31.080,615,535,72.000,71,71,18.000,39.000,55.000,373,326,522,160,238,238,238,238,238,238,1,0,0,3,30,1,40.000,1
6.900000,244.91,50.928,30.530,612,538,72.000,71,71,18.000,39.000,55.000,367,328,525,160,239,239,239,239,239,239,1,0,0,3,30,1,40.000,1
6.905000,247.07,49.971,29.990,608,541,72.000,71,71,18.000,39.000,55.000,360,330,529,160,241,241,241,241,241,241,1,0,0,3,30,1,40.000,1
6.910000,249.23,48.946,29.330,603,544,72.000,71,71,18.000,39.000,55.000,352,332,532,160,242,242,242,242,242,242,1,0,0,3,30,1,40.000,1
6.915000,251.39,47.856,28.740,597,546,72.000,71,71,18.000,39.000,55.000,345,333,534,160,243,243,243,243,243,243,1,0,0,3,30,1,40.000,1
6.920000,253.55,46.709,28.030,591,548,72.000,71,71,18.000,39.000,55.000,337,335,536,160,244,244,244,244,244,244,1,0,0,3,30,1,40.000,1
6.925000,255.71,45.511,27.320,583,550,72.000,71,71,18.000,39.000,55.000,328,336,538,160,245,245,245,245,245,245,1,0,0,3,30,1,40.000,1
6.930000,257.87,44.268,26.560,575,551,72.000,71,71,18.000,39.000,55.000,319,337,539,160,246,246,246,246,246,246,1,0,0,3,30,1,40.000,1
6.935000,260.03,42.988,25.800,566,551,72.000,71,71,18.000,39.000,55.000,310,337,539,160,246,246,246,246,246,246,1,0,0,3,30,1,40.000,1
6.940000,262.19,41.678,24.980,556,552,72.000,71,71,18.000,39.000,55.000,300,337,540,160,246,246,246,246,246,246,1,0,0,3,30,1,40.000,1
6.945000,264.35,40.344,24.220,545,552,72.000,71,71,18.000,39.000,55.000,291,337,540,160,246,246,246,246,246,246,1,0,0,3,30,1,40.000,1
6.950000,266.51,38.995,23.410,534,552,72.000,71,71,18.000,39.000,55.000,281,337,540,160,246,246,246,246,246,246,1,0,0,3,30,1,40.000,1
6.955000,268.67,37.637,22.590,523,551,72.000,71,71,18.000,39.000,55.000,271,337,539,160,246,246,246,246,246,246,1,0,0,3,30,1,40.000,1
6.960000,270.83,36.280,21.770,511,550,72.000,71,71,18.000,39.000,55.000,261,336,538,160,245,245,245,245,245,245,1,0,0,3,30,1,40.000,1
6.965000,272.99,34.930,20.960,498,550,72.000,71,71,18.000,39.000,55.000,252,336,538,160,245,245,245,245,245,245,1,0,0,3,30,1,40.000,1
6.970000,275.15,33.596,20.140,486,549,72.000,71,71,18.000,39.000,55.000,242,335,537,160,245,245,245,245,245,245,1,0,0,3,30,1,40.000,1
6.975000,277.31,32.284,19.380,473,547,72.000,71,71,18.000,39.000,55.000,233,334,535,160,244,244,244,244,244,244,1,0,0,3,30,1,40.000,1
6.980000,279.47,31.002,18.620,460,546,72.000,71,71,18.000,39.000,55.000,223,333,534,160,243,243,243,243,243,243,1,0,0,3,30,1,40.000,1
6.985000,281.63,29.759,17.860,446,544,72.000,71,71,18.000,39.000,55.000,214,332,532,160,242,242,242,242,242,242,1,0,0,3,30,1,40.000,1
6.990000,283.79,28.560,17.150,433,542,72.000,71,71,18.000,39.000,55.000,206,331,529,160,241,241,241,241,241,241,1,0,0,3,30,1,40.000,1
6.995000,285.95,27.412,16.440,420,540,72.000,71,71,18.000,39.000,55.000,197,329,527,160,240,240,240,240,240,240,1,0,0,3,30,1,40.000,1
7.000000,288.11,26.324,15.790,407,537,72.000,71,71,18.000,39.000,55.000,189,327,524,160,239,239,239,239,239,239,1,0,0,3,30,1,40.000,1
7.005000,290.27,25.299,15.190,394,534,72.000,72,72,18.000,39.000,55.000,185,330,528,160,237,237,237,237,237,237,1,0,0,3,30,1,40.000,1
7.010000,292.43,24.346,14.590,381,531,72.000,72,72,18.000,39.000,55.000,177,328,525,160,236,236,236,236,236,236,1,0,0,3,30,1,40.000,1
7.015000,294.59,23.469,14.100,369,528,72.000,72,72,18.000,39.000,55.000,171,326,522,160,235,235,235,235,235,235,1,0,0,3,30,1,40.000,1
7.020000,296.75,22.674,13.620,357,525,72.000,72,72,18.000,39.000,55.000,166,324,519,160,233,233,233,233,233,233,1,0,0,3,30,1,40.000,1
7.025000,298.91,21.965,13.180,346,522,72.000,72,72,18.000,39.000,55.000,160,322,516,160,232,232,232,232,232,232,1,0,0,3,30,1,40.000,1
7.030000,301.07,21.346,12.800,335,518,72.000,72,72,18.000,39.000,55.000,156,319,511,160,230,230,230,230,230,230,1,0,0,3,30,1,40.000,1
7.035000,303.23,20.822,12.470,325,515,72.000,72,72,18.000,39.000,55.000,152,317,508,160,228,228,228,228,228,228,1,0,0,3,30,1,40.000,1
7.040000,305.39,20.395,12.260,315,511,72.000,71,71,18.000,39.000,55.000,147,310,497,160,226,226,226,226,226,226,1,0,0,3,30,1,40.000,1
7.045000,307.55,20.068,12.040,306,507,72.000,71,71,18.000,39.000,55.000,144,308,493,160,225,225,225,225,225,225,1,0,0,3,30,1,40.000,1
7.050000,309.71,19.844,11.870,298,503,72.000,71,71,18.000,39.000,55.000,142,305,489,160,223,223,223,223,223,223,1,0,0,3,30,1,40.000,1
7.055000,311.87,19.724,11.820,291,499,72.000,71,71,18.000,39.000,55.000,142,303,484,160,221,221,221,221,221,221,1,0,0,3,30,1,40.000,1
7.060000,314.03,19.710,11.820,285,494,72.000,71,71,18.000,39.000,55.000,142,299,479,160,218,218,218,218,218,218,1,0,0,3,30,1,40.000,1
7.065000,316.19,19.800,11.870,279,490,72.000,71,71,18.000,39.000,55.000,142,297,475,160,216,216,216,216,216,216,1,0,0,3,30,1,40.000,1
7.070000,318.35,19.996,11.980,275,486,72.000,71,71,18.000,39.000,55.000,144,294,471,160,214,214,214,214,214,214,1,0,0,3,30,1,40.000,1
7.075000,320.51,20.297,12.150,271,482,72.000,71,71,18.000,39.000,55.000,146,292,467,160,213,213,213,213,213,213,1,0,0,3,30,1,40.000,1
7.080000,322.67,20.700,12.420,269,478,72.000,71,71,18.000,39.000,55.000,149,289,463,160,211,211,211,211,211,211,1,0,0,3,30,1,40.000,1
7.085000,324.83,21.206,12.740,267,474,72.000,71,71,18.000,39.000,55.000,153,286,458,160,209,209,209,209,209,209,1,0,0,3,30,1,40.000,1
7.090000,326.99,21.810,13.070,267,470,72.000,71,71,18.000,39.000,55.000,157,284,454,160,207,207,207,207,207,207,1,0,0,3,30,1,40.000,1
7.095000,329.15,22.510,13.510,267,466,72.000,71,71,18.000,39.000,55.000,162,281,450,160,205,205,205,205,205,205,1,0,0,3,30,1,40.000,1
7.100000,331.31,23.302,14.000,268,462,72.000,71,71,18.000,39.000,55.000,168,278,446,160,203,203,203,203,203,203,1,0,0,3,30,1,40.000,1
7.105000,333.47,24.183,14.490,271,458,72.000,71,71,18.000,39.000,55.000,174,276,442,160,201,201,201,201,201,201,1,0,0,3,30,1,40.000,1
7.110000,335.63,25.148,15.080,275,454,72.000,71,71,18.000,39.000,55.000,181,273,437,160,199,199,199,199,199,199,1,0,0,3,30,1,40.000,1
7.115000,337.79,26.191,15.740,279,451,72.000,71,71,18.000,39.000,55.000,189,271,434,160,198,198,198,198,198,198,1,0,0,3,30,1,40.000,1
7.120000,339.95,27.308,16.390,285,448,72.000,71,71,18.000,39.000,55.000,197,269,431,160,196,196,196,196,196,196,1,0,0,3,30,1,40.000,1
7.125000,342.11,28.492,17.100,291,444,72.000,71,71,18.000,39.000,55.000,205,267,427,160,194,194,194,194,194,194,1,0,0,3,30,1,40.000,1
7.130000,344.27,29.737,17.860,299,442,72.000,71,71,18.000,39.000,55.000,214,265,425,160,194,194,194,194,194,194,1,0,0,3,30,1,40.000,1
7.135000,346.43,31.037,18.620,307,439,72.000,71,71,18.000,39.000,55.000,223,263,422,160,192,192,192,192,192,192,1,0,0,3,30,1,40.000,1
7.140000,348.59,32.385,19.440,316,436,72.000,71,71,18.000,39.000,55.000,233,261,418,160,191,191,191,191,191,191,1,0,0,3,30,1,40.000,1
7.145000,350.75,33.773,20.250,326,434,72.000,71,71,18.000,39.000,55.000,243,260,417,160,190,190,190,190,190,190,1,0,0,3,30,1,40.000,1
7.150000,352.91,35.194,21.120,337,432,72.000,71,71,18.000,39.000,55.000,254,259,414,160,189,189,189,189,189,189,1,0,0,3,30,1,40.000,1
7.155000,355.07,36.641,21.990,348,430,72.000,71,71,18.000,39.000,55.000,264,257,412,160,188,188,188,188,188,188,1,0,0,3,30,1,40.000,1
7.160000,357.23,38.106,22.860,360,429,72.000,71,71,18.000,39.000,55.000,274,257,411,160,187,187,187,187,187,187,1,0,0,3,30,1,40.000,1
7.165000,359.39,39.581,23.730,373,428,72.000,71,71,18.000,39.000,55.000,285,256,410,160,187,187,187,187,187,187,1,0,0,3,30,1,40.000,1
7.170000,1.55,41.059,24.660,386,427,72.000,71,71,18.000,39.000,55.000,296,255,409,160,186,186,186,186,186,186,1,0,0,3,30,1,40.000,1
7.175000,3.71,42.530,25.530,399,426,72.000,71,71,18.000,39.000,55.000,307,255,408,160,186,186,186,186,186,186,1,0,0,3,30,1,40.000,1
7.180000,5.87,43.988,26.400,413,426,72.000,71,71,18.000,39.000,55.000,317,255,408,160,186,186,186,186,186,186,1,0,0,3,30,1,40.000,1
7.185000,8.03,45.425,27.270,427,426,72.000,71,71,18.000,39.000,55.000,327,255,408,160,186,186,186,186,186,186,1,0,0,3,30,1,40.000,1
7.190000,10.19,46.833,28.080,442,426,72.000,71,71,18.000,39.000,55.000,337,255,408,160,186,186,186,186,186,186,1,0,0,3,30,1,40.000,1
7.195000,12.35,48.205,28.900,456,427,72.000,71,71,18.000,39.000,55.000,347,255,409,160,186,186,186,186,186,186,1,0,0,3,30,1,40.000,1
7.200000,14.51,49.533,29.720,471,428,72.000,71,71,18.000,39.000,55.000,357,256,410,160,187,187,187,187,187,187,1,0,0,3,30,1,40.000,1
7.205000,16.67,50.810,30.480,485,430,72.000,71,71,18.000,39.000,55.000,366,257,412,160,188,188,188,188,188,188,1,0,0,3,30,1,40.000,1
7.210000,18.83,52.029,31.180,500,433,72.000,71,71,18.000,39.000,55.000,375,259,415,160,189,189,189,189,189,189,1,0,0,3,30,1,40.000,1
7.215000,20.99,53.185,31.890,514,436,72.000,71,71,18.000,39.000,55.000,383,261,418,160,191,191,191,191,191,191,1,0,0,3,30,1,40.000,1
7.220000,23.15,54.270,32.540,528,439,72.000,71,71,18.000,39.000,55.000,391,263,422,160,192,192,192,192,192,192,1,0,0,3,30,1,40.000,1
7.225000,25.31,55.280,33.140,541,443,72.000,71,71,18.000,39.000,55.000,398,266,426,160,194,194,194,194,194,194,1,0,0,3,30,1,40.000,1
7.230000,27.47,56.209,33.740,555,448,72.000,71,71,18.000,39.000,55.000,405,269,431,160,196,196,196,196,196,196,1,0,0,3,30,1,40.000,1
7.235000,29.63,57.052,34.230,567,452,72.000,71,71,18.000,39.000,55.000,411,272,435,160,198,198,198,198,198,198,1,0,0,3,30,1,40.000,1
7.240000,31.79,57.805,34.670,580,457,72.000,71,71,18.000,39.000,55.000,416,275,441,160,201,201,201,201,201,201,1,0,0,3,30,1,40.000,1
7.245000,33.95,58.464,35.050,591,462,72.000,71,71,18.000,39.000,55.000,421,278,446,160,203,203,203,203,203,203,1,0,0,3,30,1,40.000,1
7.250000,36.11,59.026,35.430,602,468,72.000,71,71,18.000,39.000,55.000,426,282,452,160,206,206,206,206,206,206,1,0,0,3,30,1,40.000,1
7.255000,38.27,59.487,35.700,613,473,72.000,71,71,18.000,39.000,55.000,429,286,457,160,208,208,208,208,208,208,1,0,0,3,30,1,40.000,1
7.260000,40.43,59.846,35.920,622,479,72.000,71,71,18.000,39.000,55.000,432,289,463,160,211,211,211,211,211,211,1,0,0,3,30,1,40.000,1
7.265000,42.59,60.102,36.030,631,485,72.000,71,71,18.000,39.000,55.000,433,293,470,160,214,214,214,214,214,214,1,0,0,3,30,1,40.000,1
7.270000,44.75,60.252,36.130,639,491,72.000,71,71,18.000,39.000,55.000,434,297,476,160,217,217,217,217,217,217,1,0,0,3,30,1,40.000,1
7.275000,46.91,60.297,36.190,645,497,72.000,71,71,18.000,39.000,55.000,435,301,482,160,220,220,220,220,220,220,1,0,0,3,30,1,40.000,1
7.280000,49.07,60.236,36.130,651,504,72.000,71,71,18.000,39.000,55.000,434,306,490,160,223,223,223,223,223,223,1,0,0,3,30,1,40.000,1
7.285000,51.23,60.071,36.030,656,510,72.000,71,71,18.000,39.000,55.000,433,310,496,160,226,226,226,226,226,226,1,0,0,3,30,1,40.000,1
7.290000,53.39,59.803,35.860,660,516,72.000,71,71,18.000,39.000,55.000,431,314,502,160,229,229,229,229,229,229,1,0,0,3,30,1,40.000,1
7.295000,55.55,59.432,35.640,663,522,72.000,71,71,18.000,39.000,55.000,428,318,509,160,232,232,232,232,232,232,1,0,0,3,30,1,40.000,1
7.300000,57.71,58.963,35.370,665,528,72.000,71,71,18.000,39.000,55.000,425,322,515,160,235,235,235,235,235,235,1,0,0,3,30,1,40.000,1
7.305000,59.87,58.397,35.050,666,533,72.000,71,71,18.000,39.000,55.000,421,325,520,160,237,237,237,237,237,237,1,0,0,3,30,1,40.000,1
7.310000,62.03,57.739,34.610,666,539,72.000,71,71,18.000,39.000,55.000,416,329,526,160,240,240,240,240,240,240,1,0,0,3,30,1,40.000,1
7.315000,64.19,56.992,34.180,665,544,72.000,72,72,18.000,39.000,55.000,416,337,539,160,242,242,242,242,242,242,1,0,0,3,30,1,40.000,1
7.320000,66.35,56.161,33.690,663,549,72.000,72,72,18.000,39.000,55.000,410,340,544,160,245,245,245,245,245,245,1,0,0,3,30,1,40.000,1
7.325000,68.51,55.250,33.140,660,553,72.000,72,72,18.000,39.000,55.000,404,343,549,160,247,247,247,247,247,247,1,0,0,3,30,1,40.000,1
7.330000,70.67,54.265,32.540,656,557,72.000,72,72,18.000,39.000,55.000,396,345,553,160,248,248,248,248,248,248,1,0,0,3,30,1,40.000,1
7.335000,72.83,53.212,31.950,651,561,72.000,72,72,18.000,39.000,55.000,389,348,557,160,250,250,250,250,250,250,1,0,0,3,30,1,40.000,1
7.340000,74.99,52.097,31.240,645,565,72.000,72,72,18.000,39.000,55.000,381,351,561,160,252,252,252,252,252,252,1,0,0,3,30,1,40.000,1
7.345000,77.15,50.927,30.530,638,568,72.000,72,72,18.000,39.000,55.000,372,353,564,160,254,254,254,254,254,254,1,0,0,3,30,1,40.000,1
7.350000,79.31,49.708,29.820,630,571,72.000,71,71,18.000,39.000,55.000,358,350,560,160,255,255,255,255,255,255,1,0,0,3,30,1,40.000,1
7.355000,81.47,48.447,29.060,622,573,72.000,71,71,18.000,39.000,55.000,349,351,562,160,256,256,256,256,256,256,1,0,0,3,30,1,40.000,1
7.360000,83.63,47.151,28.300,613,575,72.000,71,71,18.000,39.000,55.000,340,352,564,160,257,257,257,257,257,257,1,0,0,3,30,1,40.000,1
7.365000,85.79,45.828,27.490,603,576,72.000,71,71,18.000,39.000,55.000,330,353,565,160,258,258,258,258,258,258,1,0,0,3,30,1,40.000,1
7.370000,87.95,44.486,26.670,592,577,72.000,71,71,18.000,39.000,55.000,320,354,566,160,258,258,258,258,258,258,1,0,0,3,30,1,40.000,1
7.375000,90.11,43.132,25.850,581,577,72.000,71,71,18.000,39.000,55.000,310,354,566,160,258,258,258,258,258,258,1,0,0,3,30,1,40.000,1
7.380000,92.27,41.774,25.040,569,577,72.000,71,71,18.000,39.000,55.000,301,354,566,160,258,258,258,258,258,258,1,0,0,3,30,1,40.000,1
7.385000,94.43,40.419,24.220,557,577,72.000,71,71,18.000,39.000,55.000,291,354,566,160,258,258,258,258,258,258,1,0,0,3,30,1,40.000,1
7.390000,96.59,39.076,23.460,545,576,72.000,71,71,18.000,39.000,55.000,282,353,565,160,258,258,258,258,258,258,1,0,0,3,30,1,40.000,1
7.395000,98.75,37.751,22.640,532,576,72.000,71,71,18.000,39.000,55.000,272,353,565,160,258,258,258,258,258,258,1,0,0,3,30,1,40.000,1
7.400000,100.91,36.453,21.880,519,575,72.000,71,71,18.000,39.000,55.000,263,352,564,160,257,257,257,257,257,257,1,0,0,3,30,1,40.000,1
7.405000,103.07,35.188,21.120,506,573,72.000,71,71,18.000,39.000,55.000,254,351,562,160,256,256,256,256,256,256,1,0,0,3,30,1,40.000,1
7.410000,105.23,33.964,20.360,493,572,72.000,71,71,18.000,39.000,55.000,244,350,561,160,256,256,256,256,256,256,1,0,0,3,30,1,40.000,1
7.415000,107.39,32.787,19.650,479,570,72.000,71,71,18.000,39.000,55.000,236,349,559,160,255,255,255,255,255,255,1,0,0,3,30,1,40.000,1
7.420000,109.55,31.664,19.000,466,568,72.000,71,71,18.000,39.000,55.000,228,348,557,160,254,254,254,254,254,254,1,0,0,3,30,1,40.000,1
7.425000,111.71,30.602,18.350,453,566,72.000,71,71,18.000,39.000,55.000,220,346,555,160,253,253,253,253,253,253,1,0,0,3,30,1,40.000,1
7.430000,113.87,29.605,17.750,440,564,72.000,71,71,18.000,39.000,55.000,213,345,553,160,252,252,252,252,252,252,1,0,0,3,30,1,40.000,1
7.435000,116.03,28.680,17.210,428,561,72.000,71,71,18.000,39.000,55.000,206,343,549,160,250,250,250,250,250,250,1,0,0,3,30,1,40.000,1
7.440000,118.19,27.832,16.720,416,559,72.000,71,71,18.000,39.000,55.000,201,342,547,160,249,249,249,249,249,249,1,0,0,3,30,1,40.000,1
7.445000,120.35,27.065,16.230,404,556,72.000,71,71,18.000,39.000,55.000,195,340,544,160,248,248,248,248,248,248,1,0,0,3,30,1,40.000,1
7.450000,122.51,26.383,15.850,393,553,72.000,71,71,18.000,39.000,55.000,190,338,541,160,247,247,247,247,247,247,1,0,0,3,30,1,40.000,1
7.455000,124.67,25.790,15.460,382,549,72.000,71,71,18.000,39.000,55.000,185,335,537,160,245,245,245,245,245,245,1,0,0,3,30,1,40.000,1
7.460000,126.83,25.289,15.190,372,546,72.000,71,71,18.000,39.000,55.000,182,333,534,160,243,243,243,243,243,243,1,0,0,3,30,1,40.000,1
7.465000,128.99,24.882,14.920,363,542,72.000,71,71,18.000,39.000,55.000,179,331,529,160,241,241,241,241,241,241,1,0,0,3,30,1,40.000,1
7.470000,131.15,24.572,14.760,354,539,72.000,71,71,18.000,39.000,55.000,177,329,526,160,240,240,240,240,240,240,1,0,0,3,30,1,40.000,1
7.475000,133.31,24.360,14.590,346,535,72.000,71,71,18.000,39.000,55.000,175,326,522,160,238,238,238,238,238,238,1,0,0,3,30,1,40.000,1
7.480000,135.47,24.247,14.540,339,531,72.000,71,71,18.000,39.000,55.000,174,324,518,160,236,236,236,236,236,236,1,0,0,3,30,1,40.000,1
7.485000,137.63,24.232,14.540,333,528,72.000,71,71,18.000,39.000,55.000,174,322,515,160,235,235,235,235,235,235,1,0,0,3,30,1,40.000,1
7.490000,139.79,24.317,14.590,328,524,72.000,71,71,18.000,39.000,55.000,175,319,511,160,233,233,233,233,233,233,1,0,0,3,30,1,40.000,1
7.495000,141.95,24.499,14.700,324,520,72.000,71,71,18.000,39.000,55.000,176,316,506,160,231,231,231,231,231,231,1,0,0,3,30,1,40.000,1
7.500000,144.11,24.778,14.870,320,516,72.000,71,71,18.000,39.000,55.000,178,314,502,160,229,229,229,229,229,229,1,0,0,3,30,1,40.000,1
7.505000,146.27,25.151,15.080,318,512,72.000,71,71,18.000,39.000,55.000,181,311,498,160,227,227,227,227,227,227,1,0,0,3,30,1,40.000,1
7.510000,148.43,25.617,15.360,316,508,72.000,71,71,18.000,39.000,55.000,184,308,494,160,225,225,225,225,225,225,1,0,0,3,30,1,40.000,1
7.515000,150.59,26.171,15.680,315,504,72.000,71,71,18.000,39.000,55.000,188,306,490,160,223,223,223,223,223,223,1,0,0,3,30,1,40.000,1
7.520000,152.75,26.810,16.060,316,501,72.000,71,71,18.000,39.000,55.000,193,304,487,160,222,222,222,222,222,222,1,0,0,3,30,1,40.000,1
7.525000,154.91,27.531,16.500,317,497,72.000,71,71,18.000,39.000,55.000,198,301,482,160,220,220,220,220,220,220,1,0,0,3,30,1,40.000,1
7.530000,157.07,28.328,16.990,319,494,72.000,71,71,18.000,39.000,55.000,204,299,479,160,218,218,218,218,218,218,1,0,0,3,30,1,40.000,1
7.535000,159.23,29.197,17.530,322,490,72.000,71,71,18.000,39.000,55.000,210,297,475,160,216,216,216,216,216,216,1,0,0,3,30,1,40.000,1
7.540000,161.39,30.133,18.080,326,487,72.000,71,71,18.000,39.000,55.000,217,295,472,160,215,215,215,215,215,215,1,0,0,3,30,1,40.000,1
7.545000,163.55,31.128,18.670,331,484,72.000,71,71,18.000,39.000,55.000,224,293,469,160,214,214,214,214,214,214,1,0,0,3,30,1,40.000,1
7.550000,165.71,32.178,19.330,337,481,72.000,71,71,18.000,39.000,55.000,232,291,466,160,212,212,212,212,212,212,1,0,0,3,30,1,40.000,1
7.555000,167.87,33.276,19.980,344,478,72.000,71,71,18.000,39.000,55.000,240,289,463,160,211,211,211,211,211,211,1,0,0,3,30,1,40.000,1
7.560000,170.03,34.414,20.630,351,476,72.000,71,71,18.000,39.000,55.000,248,288,460,160,210,210,210,210,210,210,1,0,0,3,30,1,40.000,1
7.565000,172.19,35.587,21.340,359,473,72.000,71,71,18.000,39.000,55.000,256,286,457,160,208,208,208,208,208,208,1,0,0,3,30,1,40.000,1
7.570000,174.35,36.787,22.050,368,471,72.000,71,71,18.000,39.000,55.000,265,284,455,160,207,207,207,207,207,207,1,0,0,3,30,1,40.000,1
7.575000,176.51,38.006,22.810,377,469,72.000,71,71,18.000,39.000,55.000,274,283,453,160,206,206,206,206,206,206,1,0,0,3,30,1,40.000,1
7.580000,178.67,39.238,23.510,387,468,72.000,71,71,18.000,39.000,55.000,282,282,452,160,206,206,206,206,206,206,1,0,0,3,30,1,40.000,1
7.585000,180.83,40.474,24.280,398,466,72.000,71,71,18.000,39.000,55.000,292,281,450,160,205,205,205,205,205,205,1,0,0,3,30,1,40.000,1
7.590000,182.99,41.707,25.040,409,465,72.000,71,71,18.000,39.000,55.000,301,280,449,160,204,204,204,204,204,204,1,0,0,3,30,1,40.000,1
7.595000,185.15,42.930,25.740,420,464,72.000,71,71,18.000,39.000,55.000,309,280,448,160,204,204,204,204,204,204,1,0,0,3,30,1,40.000,1
7.600000,187.31,44.135,26.450,431,463,72.000,71,71,18.000,39.000,55.000,318,279,447,160,204,204,204,204,204,204,1,0,0,3,30,1,40.000,1
7.605000,189.47,45.315,27.160,443,463,72.000,71,71,18.000,39.000,55.000,326,279,447,160,204,204,204,204,204,204,1,0,0,3,30,1,40.000,1
7.610000,191.63,46.462,27.870,455,463,72.000,71,71,18.000,39.000,55.000,335,279,447,160,204,204,204,204,204,204,1,0,0,3,30,1,40.000,1
7.615000,193.79,47.570,28.520,467,463,72.000,71,71,18.000,39.000,55.000,343,279,447,160,204,204,204,204,204,204,1,0,0,3,30,1,40.000,1
7.620000,195.95,48.632,29.170,479,463,72.000,71,71,18.000,39.000,55.000,350,279,447,160,204,204,204,204,204,204,1,0,0,3,30,1,40.000,1
7.625000,198.11,49.640,29.770,491,464,72.000,71,71,18.000,39.000,55.000,358,280,448,160,204,204,204,204,204,204,1,0,0,3,30,1,40.000,1
7.630000,200.27,50.590,30.370,502,465,72.000,72,72,18.000,39.000,55.000,370,284,455,160,204,204,204,204,204,204,1,0,0,3,30,1,40.000,1
7.635000,202.43,51.475,30.860,514,467,72.000,72,72,18.000,39.000,55.000,376,286,457,160,205,205,205,205,205,205,1,0,0,3,30,1,40.000,1
7.640000,204.59,52.289,31.350,525,469,72.000,72,72,18.000,39.000,55.000,382,287,459,160,206,206,206,206,206,206,1,0,0,3,30,1,40.000,1
7.645000,206.75,53.028,31.840,536,472,72.000,72,72,18.000,39.000,55.000,388,289,463,160,208,208,208,208,208,208,1,0,0,3,30,1,40.000,1
7.650000,208.91,53.687,32.220,546,474,72.000,72,72,18.000,39.000,55.000,392,290,465,160,209,209,209,209,209,209,1,0,0,3,30,1,40.000,1
7.655000,211.07,54.262,32.540,556,477,72.000,72,72,18.000,39.000,55.000,396,292,468,160,210,210,210,210,210,210,1,0,0,3,30,1,40.000,1
7.660000,213.23,54.748,32.820,566,481,72.000,72,72,18.000,39.000,55.000,400,295,472,160,212,212,212,212,212,212,1,0,0,3,30,1,40.000,1
7.665000,215.39,55.143,33.090,575,484,72.000,71,71,18.000,39.000,55.000,397,293,469,160,214,214,214,214,214,214,1,0,0,3,30,1,40.000,1
7.670000,217.55,55.444,33.250,583,488,72.000,71,71,18.000,39.000,55.000,399,295,473,160,215,215,215,215,215,215,1,0,0,3,30,1,40.000,1
7.675000,219.71,55.649,33.360,590,492,72.000,71,71,18.000,39.000,55.000,401,298,477,160,217,217,217,217,217,217,1,0,0,3,30,1,40.000,1
7.680000,221.87,55.757,33.410,597,496,72.000,71,71,18.000,39.000,55.000,401,301,481,160,219,219,219,219,219,219,1,0,0,3,30,1,40.000,1
7.685000,224.03,55.766,33.470,603,501,72.000,71,71,18.000,39.000,55.000,402,304,487,160,222,222,222,222,222,222,1,0,0,3,30,1,40.000,1
7.690000,226.19,55.675,33.410,608,505,72.000,71,71,18.000,39.000,55.000,401,307,491,160,224,224,224,224,224,224,1,0,0,3,30,1,40.000,1
7.695000,228.35,55.486,33.310,612,509,72.000,71,71,18.000,39.000,55.000,400,309,495,160,225,225,225,225,225,225,1,0,0,3,30,1,40.000,1
7.700000,230.51,55.199,33.090,615,513,72.000,71,71,18.000,39.000,55.000,397,312,499,160,227,227,227,227,227,227,1,0,0,3,30,1,40.000,1
7.705000,232.67,54.815,32.870,617,517,72.000,71,71,18.000,39.000,55.000,395,314,503,160,229,229,229,229,229,229,1,0,0,3,30,1,40.000,1
7.710000,234.83,54.335,32.600,619,522,72.000,71,71,18.000,39.000,55.000,392,318,509,160,232,232,232,232,232,232,1,0,0,3,30,1,40.000,1
7.715000,236.99,53.764,32.270,619,525,72.000,71,71,18.000,39.000,55.000,388,320,512,160,233,233,233,233,233,233,1,0,0,3,30,1,40.000,1
7.720000,239.15,53.102,31.840,618,529,72.000,71,71,18.000,39.000,55.000,382,322,516,160,235,235,235,235,235,235,1,0,0,3,30,1,40.000,1
7.725000,241.31,52.354,31.400,617,533,72.000,71,71,18.000,39.000,55.000,377,325,520,160,237,237,237,237,237,237,1,0,0,3,30,1,40.000,1
7.730000,243.47,51.525,30.910,614,536,72.000,71,71,18.000,39.000,55.000,371,327,523,160,238,238,238,238,238,238,1,0,0,3,30,1,40.000,1
7.735000,245.63,50.617,30.370,611,539,72.000,71,71,18.000,39.000,55.000,365,329,526,160,240,240,240,240,240,240,1,0,0,3,30,1,40.000,1
7.740000,247.79,49.637,29.770,607,542,72.000,71,71,18.000,39.000,55.000,358,331,529,160,241,241,241,241,241,241,1,0,0,3,30,1,40.000,1
7.745000,249.95,48.589,29.170,601,545,72.000,71,71,18.000,39.000,55.000,350,333,533,160,243,243,243,243,243,243,1,0,0,3,30,1,40.000,1
7.750000,252.11,47.480,28.460,595,547,72.000,71,71,18.000,39.000,55.000,342,334,535,160,244,244,244,244,244,244,1,0,0,3,30,1,40.000,1
7.755000,254.27,46.315,27.760,588,548,72.000,71,71,18.000,39.000,55.000,333,335,536,160,244,244,244,244,244,244,1,0,0,3,30,1,40.000,1
7.760000,256.43,45.101,27.050,580,550,72.000,71,71,18.000,39.000,55.000,325,336,538,160,245,245,245,245,245,245,1,0,0,3,30,1,40.000,1
7.765000,258.59,43.845,26.290,572,551,72.000,71,71,18.000,39.000,55.000,316,337,539,160,246,246,246,246,246,246,1,0,0,3,30,1,40.000,1
7.770000,260.75,42.554,25.530,562,552,72.000,71,71,18.000,39.000,55.000,307,337,540,160,246,246,246,246,246,246,1,0,0,3,30,1,40.000,1
7.775000,262.91,41.235,24.710,552,552,72.000,71,71,18.000,39.000,55.000,297,337,540,160,246,246,246,246,246,246,1,0,0,3,30,1,40.000,1
7.780000,265.07,39.895,23.950,542,552,72.000,71,71,18.000,39.000,55.000,288,337,540,160,246,246,246,246,246,246,1,0,0,3,30,1,40.000,1
7.785000,267.23,38.543,23.130,531,551,72.000,71,71,18.000,39.000,55.000,278,337,539,160,246,246,246,246,246,246,1,0,0,3,30,1,40.000,1
7.790000,269.39,37.185,22.320,519,551,72.000,71,71,18.000,39.000,55.000,268,337,539,160,246,246,246,246,246,246,1,0,0,3,30,1,40.000,1
7.795000,271.55,35.829,21.500,507,550,72.000,71,71,18.000,39.000,55.000,258,336,538,160,245,245,245,245,245,245,1,0,0,3,30,1,40.000,1
7.800000,273.71,34.483,20.690,494,549,72.000,71,71,18.000,39.000,55.000,248,335,537,160,245,245,245,245,245,245,1,0,0,3,30,1,40.000,1
7.805000,275.87,33.156,19.870,481,548,72.000,71,71,18.000,39.000,55.000,238,335,536,160,244,244,244,244,244,244,1,0,0,3,30,1,40.000,1
7.810000,278.03,31.853,19.110,468,547,72.000,71,71,18.000,39.000,55.000,229,334,535,160,244,244,244,244,244,244,1,0,0,3,30,1,40.000,1
7.815000,280.19,30.583,18.350,455,545,72.000,71,71,18.000,39.000,55.000,220,333,533,160,243,243,243,243,243,243,1,0,0,3,30,1,40.000,1
7.820000,282.35,29.354,17.590,442,543,72.000,71,71,18.000,39.000,55.000,211,331,530,160,242,242,242,242,242,242,1,0,0,3,30,1,40.000,1
7.825000,284.51,28.171,16.880,429,541,72.000,71,71,18.000,39.000,55.000,203,330,529,160,241,241,241,241,241,241,1,0,0,3,30,1,40.000,1
7.830000,286.67,27.043,16.230,415,539,72.000,71,71,18.000,39.000,55.000,195,329,526,160,240,240,240,240,240,240,1,0,0,3,30,1,40.000,1
7.835000,288.83,25.975,15.570,402,536,72.000,71,71,18.000,39.000,55.000,187,327,523,160,238,238,238,238,238,238,1,0,0,3,30,1,40.000,1
7.840000,290.99,24.974,14.970,390,533,72.000,71,71,18.000,39.000,55.000,180,325,520,160,237,237,237,237,237,237,1,0,0,3,30,1,40.000,1
7.845000,293.15,24.045,14.430,377,530,72.000,71,71,18.000,39.000,55.000,173,323,517,160,236,236,236,236,236,236,1,0,0,3,30,1,40.000,1
7.850000,295.31,23.195,13.890,365,527,72.000,71,71,18.000,39.000,55.000,167,321,514,160,234,234,234,234,234,234,1,0,0,3,30,1,40.000,1
7.855000,297.47,22.428,13.450,353,524,72.000,71,71,18.000,39.000,55.000,161,319,511,160,233,233,233,233,233,233,1,0,0,3,30,1,40.000,1
7.860000,299.63,21.748,13.070,342,521,72.000,71,71,18.000,39.000,55.000,157,317,508,160,231,231,231,231,231,231,1,0,0,3,30,1,40.000,1
7.865000,301.79,21.161,12.690,331,517,72.000,71,71,18.000,39.000,55.000,152,314,503,160,229,229,229,229,229,229,1,0,0,3,30,1,40.000,1
7.870000,303.95,20.668,12.420,321,513,72.000,71,71,18.000,39.000,55.000,149,312,499,160,227,227,227,227,227,227,1,0,0,3,30,1,40.000,1
7.875000,306.11,20.275,12.150,312,509,72.000,71,71,18.000,39.000,55.000,146,309,495,160,225,225,225,225,225,225,1,0,0,3,30,1,40.000,1
7.880000,308.27,19.982,11.980,303,505,72.000,71,71,18.000,39.000,55.000,144,307,491,160,224,224,224,224,224,224,1,0,0,3,30,1,40.000,1
7.885000,310.43,19.793,11.870,296,501,72.000,71,71,18.000,39.000,55.000,142,304,487,160,222,222,222,222,222,222,1,0,0,3,30,1,40.000,1
7.890000,312.59,19.708,11.820,289,497,72.000,71,71,18.000,39.000,55.000,142,301,482,160,220,220,220,220,220,220,1,0,0,3,30,1,40.000,1
7.895000,314.75,19.728,11.820,283,493,72.000,71,71,18.000,39.000,55.000,142,299,478,160,218,218,218,218,218,218,1,0,0,3,30,1,40.000,1
7.900000,316.91,19.854,11.930,277,489,72.000,71,71,18.000,39.000,55.000,143,296,474,160,216,216,216,216,216,216,1,0,0,3,30,1,40.000,1
7.905000,319.07,20.085,12.040,273,485,72.000,71,71,18.000,39.000,55.000,144,293,470,160,214,214,214,214,214,214,1,0,0,3,30,1,40.000,1
7.910000,321.23,20.420,12.260,270,480,72.000,71,71,18.000,39.000,55.000,147,290,465,160,212,212,212,212,212,212,1,0,0,3,30,1,40.000,1
7.915000,323.39,20.858,12.530,268,476,72.000,71,71,18.000,39.000,55.000,150,288,460,160,210,210,210,210,210,210,1,0,0,3,30,1,40.000,1
7.920000,325.55,21.396,12.850,267,472,72.000,71,71,18.000,39.000,55.000,154,285,456,160,208,208,208,208,208,208,1,0,0,3,30,1,40.000,1
7.925000,327.71,22.033,13.230,267,468,72.000,71,71,18.000,39.000,55.000,159,282,452,160,206,206,206,206,206,206,1,0,0,3,30,1,40.000,1
7.930000,329.87,22.764,13.670,267,464,72.000,71,71,18.000,39.000,55.000,164,280,448,160,204,204,204,204,204,204,1,0,0,3,30,1,40.000,1
7.935000,332.03,23.586,14.160,269,460,72.000,71,71,18.000,39.000,55.000,170,277,444,160,202,202,202,202,202,202,1,0,0,3,30,1,40.000,1
7.940000,334.19,24.495,14.700,272,457,72.000,72,72,18.000,39.000,55.000,179,279,447,160,201,201,201,201,201,201,1,0,0,3,30,1,40.000,1
7.945000,336.35,25.487,15.300,276,453,72.000,72,72,18.000,39.000,55.000,186,276,442,160,199,199,199,199,199,199,1,0,0,3,30,1,40.000,1
7.950000,338.51,26.555,15.950,281,450,72.000,72,72,18.000,39.000,55.000,194,274,439,160,197,197,197,197,197,197,1,0,0,3,30,1,40.000,1
7.955000,340.67,27.695,16.610,287,446,72.000,72,72,18.000,39.000,55.000,202,272,435,160,195,195,195,195,195,195,1,0,0,3,30,1,40.000,1
7.960000,342.83,28.900,17.310,294,443,72.000,72,72,18.000,39.000,55.000,211,270,432,160,194,194,194,194,194,194,1,0,0,3,30,1,40.000,1
7.965000,344.99,30.165,18.080,301,441,72.000,72,72,18.000,39.000,55.000,220,268,430,160,193,193,193,193,193,193,1,0,0,3,30,1,40.000,1
7.970000,347.15,31.481,18.890,310,438,72.000,72,72,18.000,39.000,55.000,230,266,426,160,192,192,192,192,192,192,1,0,0,3,30,1,40.000,1
7.975000,349.31,32.843,19.710,319,436,72.000,71,71,18.000,39.000,55.000,237,261,418,160,191,191,191,191,191,191,1,0,0,3,30,1,40.000,1
7.980000,351.47,34.243,20.520,330,433,72.000,71,71,18.000,39.000,55.000,246,259,415,160,189,189,189,189,189,189,1,0,0,3,30,1,40.000,1
7.985000,353.63,35.674,21.390,341,431,72.000,71,71,18.000,39.000,55.000,257,258,413,160,188,188,188,188,188,188,1,0,0,3,30,1,40.000,1
7.990000,355.79,37.128,22.260,352,430,72.000,71,71,18.000,39.000,55.000,267,257,412,160,188,188,188,188,188,188,1,0,0,3,30,1,40.000,1
7.995000,357.95,38.597,23.130,364,428,72.000,71,71,18.000,39.000,55.000,278,256,410,160,187,187,187,187,187,187,1,0,0,3,30,1,40.000,1
8.000000,0.11,40.074,24.060,377,427,72.000,71,71,18.000,39.000,55.000,289,255,409,160,186,186,186,186,186,186,1,0,0,3,30,1,40.000,1
8.005000,2.27,41.550,24.930,390,427,72.000,71,71,18.000,39.000,55.000,299,255,409,160,186,186,186,186,186,186,1,0,0,3,30,1,40.000,1
8.010000,4.43,43.018,25.800,404,426,72.000,71,71,18.000,39.000,55.000,310,255,408,160,186,186,186,186,186,186,1,0,0,3,30,1,40.000,1
8.015000,6.59,44.470,26.670,418,426,72.000,71,71,18.000,39.000,55.000,320,255,408,160,186,186,186,186,186,186,1,0,0,3,30,1,40.000,1
8.020000,8.75,45.898,27.540,432,426,72.000,71,71,18.000,39.000,55.000,331,255,408,160,186,186,186,186,186,186,1,0,0,3,30,1,40.000,1
8.025000,10.91,47.295,28.360,447,426,72.000,71,71,18.000,39.000,55.000,341,255,408,160,186,186,186,186,186,186,1,0,0,3,30,1,40.000,1
8.030000,13.07,48.653,29.170,461,427,72.000,71,71,18.000,39.000,55.000,350,255,409,160,186,186,186,186,186,186,1,0,0,3,30,1,40.000,1
8.035000,15.23,49.964,29.990,476,429,72.000,71,71,18.000,39.000,55.000,360,257,411,160,187,187,187,187,187,187,1,0,0,3,30,1,40.000,1
8.040000,17.39,51.223,30.750,490,431,72.000,71,71,18.000,39.000,55.000,369,258,413,160,188,188,188,188,188,188,1,0,0,3,30,1,40.000,1
8.045000,19.55,52.422,31.460,504,434,72.000,71,71,18.000,39.000,55.000,378,260,417,160,190,190,190,190,190,190,1,0,0,3,30,1,40.000,1
8.050000,21.71,53.555,32.110,519,437,72.000,71,71,18.000,39.000,55.000,386,262,420,160,191,191,191,191,191,191,1,0,0,3,30,1,40.000,1
8.055000,23.87,54.616,32.760,532,441,72.000,71,71,18.000,39.000,55.000,394,265,424,160,193,193,193,193,193,193,1,0,0,3,30,1,40.000,1
8.060000,26.03,55.599,33.360,546,445,72.000,71,71,18.000,39.000,55.000,401,267,428,160,195,195,195,195,195,195,1,0,0,3,30,1,40.000,1
8.065000,28.19,56.500,33.900,559,449,72.000,71,71,18.000,39.000,55.000,407,270,432,160,197,197,197,197,197,197,1,0,0,3,30,1,40.000,1
8.070000,30.35,57.313,34.390,572,454,72.000,71,71,18.000,39.000,55.000,413,273,437,160,199,199,199,199,199,199,1,0,0,3,30,1,40.000,1
8.075000,32.51,58.035,34.830,584,459,72.000,71,71,18.000,39.000,55.000,418,276,443,160,202,202,202,202,202,202,1,0,0,3,30,1,40.000,1
8.080000,34.67,58.662,35.210,595,464,72.000,71,71,18.000,39.000,55.000,423,280,448,160,204,204,204,204,204,204,1,0,0,3,30,1,40.000,1
8.085000,36.83,59.191,35.480,606,470,72.000,71,71,18.000,39.000,55.000,426,284,454,160,207,207,207,207,207,207,1,0,0,3,30,1,40.000,1
8.090000,38.99,59.618,35.750,616,475,72.000,71,71,18.000,39.000,55.000,429,287,459,160,209,209,209,209,209,209,1,0,0,3,30,1,40.000,1
8.095000,41.15,59.943,35.970,625,481,72.000,71,71,18.000,39.000,55.000,432,291,466,160,212,212,212,212,212,212,1,0,0,3,30,1,40.000,1
8.100000,43.31,60.164,36.080,633,487,72.000,71,71,18.000,39.000,55.000,433,295,472,160,215,215,215,215,215,215,1,0,0,3,30,1,40.000,1
8.105000,45.47,60.279,36.130,641,493,72.000,71,71,18.000,39.000,55.000,434,299,478,160,218,218,218,218,218,218,1,0,0,3,30,1,40.000,1
8.110000,47.63,60.288,36.130,648,500,72.000,71,71,18.000,39.000,55.000,434,303,486,160,221,221,221,221,221,221,1,0,0,3,30,1,40.000,1
8.115000,49.79,60.193,36.130,653,506,72.000,71,71,18.000,39.000,55.000,434,307,492,160,224,224,224,224,224,224,1,0,0,3,30,1,40.000,1
8.120000,51.95,59.993,35.970,658,512,72.000,71,71,18.000,39.000,55.000,432,311,498,160,227,227,227,227,227,227,1,0,0,3,30,1,40.000,1
8.125000,54.11,59.690,35.810,662,518,72.000,71,71,18.000,39.000,55.000,430,315,504,160,230,230,230,230,230,230,1,0,0,3,30,1,40.000,1
8.130000,56.27,59.287,35.540,664,524,72.000,71,71,18.000,39.000,55.000,427,319,511,160,233,233,233,233,233,233,1,0,0,3,30,1,40.000,1
8.135000,58.43,58.785,35.260,666,529,72.000,71,71,18.000,39.000,55.000,424,322,516,160,235,235,235,235,235,235,1,0,0,3,30,1,40.000,1
8.140000,60.59,58.188,34.880,666,535,72.000,71,71,18.000,39.000,55.000,419,326,522,160,238,238,238,238,238,238,1,0,0,3,30,1,40.000,1
8.145000,62.75,57.500,34.500,666,540,72.000,71,71,18.000,39.000,55.000,414,329,527,160,240,240,240,240,240,240,1,0,0,3,30,1,40.000,1
8.150000,64.91,56.724,34.010,665,545,72.000,71,71,18.000,39.000,55.000,409,333,533,160,243,243,243,243,243,243,1,0,0,3,30,1,40.000,1
8.155000,67.07,55.865,33.520,662,550,72.000,71,71,18.000,39.000,55.000,403,336,538,160,245,245,245,245,245,245,1,0,0,3,30,1,40.000,1
8.160000,69.23,54.930,32.920,659,555,72.000,71,71,18.000,39.000,55.000,395,339,543,160,247,247,247,247,247,247,1,0,0,3,30,1,40.000,1
8.165000,71.39,53.921,32.330,654,559,72.000,71,71,18.000,39.000,55.000,388,342,547,160,249,249,249,249,249,249,1,0,0,3,30,1,40.000,1
8.170000,73.55,52.847,31.670,649,562,72.000,71,71,18.000,39.000,55.000,380,344,550,160,251,251,251,251,251,251,1,0,0,3,30,1,40.000,1
8.175000,75.71,51.713,31.020,643,566,72.000,71,71,18.000,39.000,55.000,373,346,555,160,253,253,253,253,253,253,1,0,0,3,30,1,40.000,1
8.180000,77.87,50.525,30.310,636,569,72.000,71,71,18.000,39.000,55.000,364,348,558,160,254,254,254,254,254,254,1,0,0,3,30,1,40.000,1
8.185000,80.03,49.291,29.550,628,571,72.000,71,71,18.000,39.000,55.000,355,350,560,160,255,255,255,255,255,255,1,0,0,3,30,1,40.000,1
8.190000,82.19,48.018,28.790,619,573,72.000,71,71,18.000,39.000,55.000,346,351,562,160,256,256,256,256,256,256,1,0,0,3,30,1,40.000,1
8.195000,84.35,46.713,28.030,609,575,72.000,71,71,18.000,39.000,55.000,337,352,564,160,257,257,257,257,257,257,1,0,0,3,30,1,40.000,1
8.200000,86.51,45.383,27.210,599,576,72.000,71,71,18.000,39.000,55.000,327,353,565,160,258,258,258,258,258,258,1,0,0,3,30,1,40.000,1
8.205000,88.67,44.036,26.400,588,577,72.000,71,71,18.000,39.000,55.000,317,354,566,160,258,258,258,258,258,258,1,0,0,3,30,1,40.000,1
8.210000,90.83,42.679,25.580,577,577,72.000,71,71,18.000,39.000,55.000,307,354,566,160,258,258,258,258,258,258,1,0,0,3,30,1,40.000,1
8.215000,92.99,41.322,24.770,565,577,72.000,71,71,18.000,39.000,55.000,297,354,566,160,258,258,258,258,258,258,1,0,0,3,30,1,40.000,1
8.220000,95.15,39.970,24.000,553,577,72.000,71,71,18.000,39.000,55.000,288,354,566,160,258,258,258,258,258,258,1,0,0,3,30,1,40.000,1
8.225000,97.31,38.632,23.190,540,576,72.000,71,71,18.000,39.000,55.000,278,353,565,160,258,258,258,258,258,258,1,0,0,3,30,1,40.000,1
8.230000,99.47,37.315,22.370,528,575,72.000,71,71,18.000,39.000,55.000,269,352,564,160,257,257,257,257,257,257,1,0,0,3,30,1,40.000,1
8.235000,101.63,36.027,21.610,515,574,72.000,71,71,18.000,39.000,55.000,259,352,563,160,257,257,257,257,257,257,1,0,0,3,30,1,40.000,1
8.240000,103.79,34.775,20.850,501,573,72.000,71,71,18.000,39.000,55.000,250,351,562,160,256,256,256,256,256,256,1,0,0,3,30,1,40.000,1
8.245000,105.95,33.566,20.140,488,571,72.000,71,71,18.000,39.000,55.000,242,350,560,160,255,255,255,255,255,255,1,0,0,3,30,1,40.000,1
8.250000,108.11,32.407,19.440,475,570,72.000,71,71,18.000,39.000,55.000,233,349,559,160,255,255,255,255,255,255,1,0,0,3,30,1,40.000,1
8.255000,110.27,31.303,18.780,462,568,72.000,72,72,18.000,39.000,55.000,229,353,564,160,254,254,254,254,254,254,1,0,0,3,30,1,40.000,1
8.260000,112.43,30.262,18.130,449,565,72.000,72,72,18.000,39.000,55.000,221,351,561,160,252,252,252,252,252,252,1,0,0,3,30,1,40.000,1
8.265000,114.59,29.289,17.590,436,563,72.000,72,72,18.000,39.000,55.000,214,349,559,160,251,251,251,251,251,251,1,0,0,3,30,1,40.000,1
8.270000,116.75,28.389,17.040,424,560,72.000,72,72,18.000,39.000,55.000,207,347,556,160,250,250,250,250,250,250,1,0,0,3,30,1,40.000,1
8.275000,118.91,27.567,16.550,412,558,72.000,72,72,18.000,39.000,55.000,201,346,554,160,249,249,249,249,249,249,1,0,0,3,30,1,40.000,1
8.280000,121.07,26.828,16.120,400,555,72.000,72,72,18.000,39.000,55.000,196,344,551,160,247,247,247,247,247,247,1,0,0,3,30,1,40.000,1
8.285000,123.23,26.175,15.680,389,552,72.000,72,72,18.000,39.000,55.000,191,342,547,160,246,246,246,246,246,246,1,0,0,3,30,1,40.000,1
8.290000,125.39,25.613,15.360,379,548,72.000,71,71,18.000,39.000,55.000,184,335,536,160,244,244,244,244,244,244,1,0,0,3,30,1,40.000,1
8.295000,127.55,25.143,15.080,369,545,72.000,71,71,18.000,39.000,55.000,181,333,533,160,243,243,243,243,243,243,1,0,0,3,30,1,40.000,1
8.300000,129.71,24.768,14.870,360,541,72.000,71,71,18.000,39.000,55.000,178,330,529,160,241,241,241,241,241,241,1,0,0,3,30,1,40.000,1
8.305000,131.87,24.490,14.700,352,538,72.000,71,71,18.000,39.000,55.000,176,328,525,160,239,239,239,239,239,239,1,0,0,3,30,1,40.000,1
8.310000,134.03,24.311,14.590,344,534,72.000,71,71,18.000,39.000,55.000,175,325,521,160,237,237,237,237,237,237,1,0,0,3,30,1,40.000,1
8.315000,136.19,24.231,14.540,337,530,72.000,71,71,18.000,39.000,55.000,174,323,517,160,236,236,236,236,236,236,1,0,0,3,30,1,40.000,1
8.320000,138.35,24.250,14.540,331,526,72.000,71,71,18.000,39.000,55.000,174,320,513,160,234,234,234,234,234,234,1,0,0,3,30,1,40.000,1
8.325000,140.51,24.367,14.590,326,522,72.000,71,71,18.000,39.000,55.000,175,318,509,160,232,232,232,232,232,232,1,0,0,3,30,1,40.000,1
8.330000,142.67,24.582,14.760,322,519,72.000,71,71,18.000,39.000,55.000,177,316,505,160,230,230,230,230,230,230,1,0,0,3,30,1,40.000,1
8.335000,144.83,24.892,14.920,319,515,72.000,71,71,18.000,39.000,55.000,179,313,501,160,228,228,228,228,228,228,1,0,0,3,30,1,40.000,1
8.340000,146.99,25.297,15.190,317,511,72.000,71,71,18.000,39.000,55.000,182,310,497,160,226,226,226,226,226,226,1,0,0,3,30,1,40.000,1
8.345000,149.15,25.792,15.460,316,507,72.000,71,71,18.000,39.000,55.000,185,308,493,160,225,225,225,225,225,225,1,0,0,3,30,1,40.000,1
8.350000,151.31,26.375,15.850,315,503,72.000,71,71,18.000,39.000,55.000,190,305,489,160,223,223,223,223,223,223,1,0,0,3,30,1,40.000,1
8.355000,153.47,27.042,16.230,316,500,72.000,71,71,18.000,39.000,55.000,195,303,486,160,221,221,221,221,221,221,1,0,0,3,30,1,40.000,1
8.360000,155.63,27.789,16.660,318,496,72.000,71,71,18.000,39.000,55.000,200,301,481,160,219,219,219,219,219,219,1,0,0,3,30,1,40.000,1
8.365000,157.79,28.610,17.150,320,492,72.000,71,71,18.000,39.000,55.000,206,298,477,160,217,217,217,217,217,217,1,0,0,3,30,1,40.000,1
8.370000,159.95,29.502,17.690,324,489,72.000,71,71,18.000,39.000,55.000,212,296,474,160,216,216,216,216,216,216,1,0,0,3,30,1,40.000,1
8.375000,162.11,30.458,18.290,328,486,72.000,71,71,18.000,39.000,55.000,219,294,471,160,214,214,214,214,214,214,1,0,0,3,30,1,40.000,1
8.380000,164.27,31.472,18.890,333,483,72.000,71,71,18.000,39.000,55.000,227,292,468,160,213,213,213,213,213,213,1,0,0,3,30,1,40.000,1
8.385000,166.43,32.539,19.540,339,480,72.000,71,71,18.000,39.000,55.000,235,290,465,160,212,212,212,212,212,212,1,0,0,3,30,1,40.000,1
8.390000,168.59,33.651,20.200,346,477,72.000,71,71,18.000,39.000,55.000,242,288,461,160,210,210,210,210,210,210,1,0,0,3,30,1,40.000,1
8.395000,170.75,34.802,20.900,354,475,72.000,71,71,18.000,39.000,55.000,251,287,459,160,209,209,209,209,209,209,1,0,0,3,30,1,40.000,1
8.400000,172.91,35.984,21.560,362,473,72.000,71,71,18.000,39.000,55.000,259,286,457,160,208,208,208,208,208,208,1,0,0,3,30,1,40.000,1
8.405000,175.07,37.192,22.320,371,471,72.000,71,71,18.000,39.000,55.000,268,284,455,160,207,207,207,207,207,207,1,0,0,3,30,1,40.000,1
8.410000,177.23,38.416,23.030,381,469,72.000,71,71,18.000,39.000,55.000,276,283,453,160,206,206,206,206,206,206,1,0,0,3,30,1,40.000,1
8.415000,179.39,39.650,23.790,391,467,72.000,71,71,18.000,39.000,55.000,286,282,451,160,205,205,205,205,205,205,1,0,0,3,30,1,40.000,1
8.420000,181.55,40.886,24.490,401,466,72.000,71,71,18.000,39.000,55.000,294,281,450,160,205,205,205,205,205,205,1,0,0,3,30,1,40.000,1
8.425000,183.71,42.116,25.260,412,465,72.000,71,71,18.000,39.000,55.000,303,280,449,160,204,204,204,204,204,204,1,0,0,3,30,1,40.000,1
8.430000,185.87,43.334,26.020,424,464,72.000,71,71,18.000,39.000,55.000,312,280,448,160,204,204,204,204,204,204,1,0,0,3,30,1,40.000,1
8.435000,188.03,44.531,26.720,435,463,72.000,71,71,18.000,39.000,55.000,321,279,447,160,204,204,204,204,204,204,1,0,0,3,30,1,40.000,1
8.440000,190.19,45.701,27.430,447,463,72.000,71,71,18.000,39.000,55.000,329,279,447,160,204,204,204,204,204,204,1,0,0,3,30,1,40.000,1
8.445000,192.35,46.836,28.080,459,463,72.000,71,71,18.000,39.000,55.000,337,279,447,160,204,204,204,204,204,204,1,0,0,3,30,1,40.000,1
8.450000,194.51,47.929,28.740,471,463,72.000,71,71,18.000,39.000,55.000,345,279,447,160,204,204,204,204,204,204,1,0,0,3,30,1,40.000,1
8.455000,196.67,48.974,29.390,483,463,72.000,71,71,18.000,39.000,55.000,353,279,447,160,204,204,204,204,204,204,1,0,0,3,30,1,40.000,1
8.460000,198.83,49.964,29.990,495,464,72.000,71,71,18.000,39.000,55.000,360,280,448,160,204,204,204,204,204,204,1,0,0,3,30,1,40.000,1
8.465000,200.99,50.893,30.530,506,466,72.000,71,71,18.000,39.000,55.000,367,281,450,160,205,205,205,205,205,205,1,0,0,3,30,1,40.000,1
8.470000,203.15,51.755,31.020,518,468,72.000,71,71,18.000,39.000,55.000,373,282,452,160,206,206,206,206,206,206,1,0,0,3,30,1,40.000,1
8.475000,205.31,52.544,31.510,529,470,72.000,71,71,18.000,39.000,55.000,378,284,454,160,207,207,207,207,207,207,1,0,0,3,30,1,40.000,1
8.480000,207.47,53.257,31.950,540,472,72.000,71,71,18.000,39.000,55.000,384,285,456,160,208,208,208,208,208,208,1,0,0,3,30,1,40.000,1
8.485000,209.63,53.888,32.330,550,475,72.000,71,71,18.000,39.000,55.000,388,287,459,160,209,209,209,209,209,209,1,0,0,3,30,1,40.000,1
8.490000,211.79,54.434,32.650,560,479,72.000,71,71,18.000,39.000,55.000,392,289,463,160,211,211,211,211,211,211,1,0,0,3,30,1,40.000,1
8.495000,213.95,54.890,32.920,569,482,72.000,71,71,18.000,39.000,55.000,395,292,467,160,213,213,213,213,213,213,1,0,0,3,30,1,40.000,1
8.500000,216.11,55.254,33.140,577,486,72.000,71,71,18.000,39.000,55.000,398,294,471,160,214,214,214,214,214,214,1,0,0,3,30,1,40.000,1
8.505000,218.27,55.523,33.310,585,490,72.000,71,71,18.000,39.000,55.000,400,297,475,160,216,216,216,216,216,216,1,0,0,3,30,1,40.000,1
8.510000,220.43,55.696,33.410,592,494,72.000,71,71,18.000,39.000,55.000,401,299,479,160,218,218,218,218,218,218,1,0,0,3,30,1,40.000,1
8.515000,222.59,55.771,33.470,599,498,72.000,71,71,18.000,39.000,55.000,402,302,483,160,220,220,220,220,220,220,1,0,0,3,30,1,40.000,1
8.520000,224.75,55.747,33.410,604,502,72.000,71,71,18.000,39.000,55.000,401,305,488,160,222,222,222,222,222,222,1,0,0,3,30,1,40.000,1
8.525000,226.91,55.623,33.360,609,506,72.000,71,71,18.000,39.000,55.000,401,307,492,160,224,224,224,224,224,224,1,0,0,3,30,1,40.000,1
8.530000,229.07,55.401,33.250,613,510,72.000,71,71,18.000,39.000,55.000,399,310,496,160,226,226,226,226,226,226,1,0,0,3,30,1,40.000,1
8.535000,231.23,55.081,33.030,616,515,72.000,71,71,18.000,39.000,55.000,397,313,501,160,228,228,228,228,228,228,1,0,0,3,30,1,40.000,1
8.540000,233.39,54.665,32.820,618,519,72.000,71,71,18.000,39.000,55.000,394,316,505,160,230,230,230,230,230,230,1,0,0,3,30,1,40.000,1
8.545000,235.55,54.155,32.490,619,523,72.000,71,71,18.000,39.000,55.000,390,318,510,160,232,232,232,232,232,232,1,0,0,3,30,1,40.000,1
8.550000,237.71,53.553,32.110,619,527,72.000,71,71,18.000,39.000,55.000,386,321,514,160,234,234,234,234,234,234,1,0,0,3,30,1,40.000,1
8.555000,239.87,52.862,31.730,618,530,72.000,71,71,18.000,39.000,55.000,381,323,517,160,236,236,236,236,236,236,1,0,0,3,30,1,40.000,1
8.560000,242.03,52.087,31.240,616,534,72.000,71,71,18.000,39.000,55.000,375,325,521,160,237,237,237,237,237,237,1,0,0,3,30,1,40.000,1
8.565000,244.19,51.230,30.750,613,537,72.000,72,72,18.000,39.000,55.000,375,332,532,160,239,239,239,239,239,239,1,0,0,3,30,1,40.000,1
8.570000,246.35,50.298,30.150,610,540,72.000,72,72,18.000,39.000,55.000,367,334,535,160,240,240,240,240,240,240,1,0,0,3,30,1,40.000,1
8.575000,248.51,49.295,29.550,605,543,72.000,72,72,18.000,39.000,55.000,360,336,538,160,242,242,242,242,242,242,1,0,0,3,30,1,40.000,1
8.580000,250.67,48.226,28.950,599,545,72.000,72,72,18.000,39.000,55.000,353,337,540,160,243,243,243,243,243,243,1,0,0,3,30,1,40.000,1
8.585000,252.83,47.098,28.250,593,547,72.000,72,72,18.000,39.000,55.000,344,339,542,160,244,244,244,244,244,244,1,0,0,3,30,1,40.000,1
8.590000,254.99,45.916,27.540,586,549,72.000,72,72,18.000,39.000,55.000,335,340,544,160,245,245,245,245,245,245,1,0,0,3,30,1,40.000,1
8.595000,257.15,44.687,26.780,578,550,72.000,72,72,18.000,39.000,55.000,326,341,545,160,245,245,245,245,245,245,1,0,0,3,30,1,40.000,1
8.600000,259.31,43.419,26.020,569,551,72.000,71,71,18.000,39.000,55.000,312,337,539,160,246,246,246,246,246,246,1,0,0,3,30,1,40.000,1
8.605000,261.47,42.117,25.260,559,552,72.000,71,71,18.000,39.000,55.000,303,337,540,160,246,246,246,246,246,246,1,0,0,3,30,1,40.000,1
8.610000,263.63,40.790,24.490,549,552,72.000,71,71,18.000,39.000,55.000,294,337,540,160,246,246,246,246,246,246,1,0,0,3,30,1,40.000,1
8.615000,265.79,39.446,23.680,538,552,72.000,71,71,18.000,39.000,55.000,284,337,540,160,246,246,246,246,246,246,1,0,0,3,30,1,40.000,1
8.620000,267.95,38.090,22.860,527,551,72.000,71,71,18.000,39.000,55.000,274,337,539,160,246,246,246,246,246,246,1,0,0,3,30,1,40.000,1
8.625000,270.11,36.732,22.050,515,551,72.000,71,71,18.000,39.000,55.000,265,337,539,160,246,246,246,246,246,246,1,0,0,3,30,1,40.000,1
8.630000,272.27,35.379,21.230,503,550,72.000,71,71,18.000,39.000,55.000,255,336,538,160,245,245,245,245,245,245,1,0,0,3,30,1,40.000,1
8.635000,274.43,34.038,20.410,490,549,72.000,71,71,18.000,39.000,55.000,245,335,537,160,245,245,245,245,245,245,1,0,0,3,30,1,40.000,1
8.640000,276.59,32.718,19.650,477,548,72.000,71,71,18.000,39.000,55.000,236,335,536,160,244,244,244,244,244,244,1,0,0,3,30,1,40.000,1
8.645000,278.75,31.426,18.840,464,546,72.000,71,71,18.000,39.000,55.000,226,333,534,160,243,243,243,243,243,243,1,0,0,3,30,1,40.000,1
8.650000,280.91,30.169,18.080,451,544,72.000,71,71,18.000,39.000,55.000,217,332,532,160,242,242,242,242,242,242,1,0,0,3,30,1,40.000,1
8.655000,283.07,28.954,17.370,438,542,72.000,71,71,18.000,39.000,55.000,208,331,529,160,241,241,241,241,241,241,1,0,0,3,30,1,40.000,1
8.660000,285.23,27.789,16.660,424,540,72.000,71,71,18.000,39.000,55.000,200,329,527,160,240,240,240,240,240,240,1,0,0,3,30,1,40.000,1
8.665000,287.39,26.680,16.010,411,538,72.000,71,71,18.000,39.000,55.000,192,328,525,160,239,239,239,239,239,239,1,0,0,3,30,1,40.000,1
8.670000,289.55,25.633,15.360,398,535,72.000,71,71,18.000,39.000,55.000,184,326,522,160,238,238,238,238,238,238,1,0,0,3,30,1,40.000,1
8.675000,291.71,24.656,14.810,385,532,72.000,71,71,18.000,39.000,55.000,178,324,519,160,237,237,237,237,237,237,1,0,0,3,30,1,40.000,1
8.680000,293.87,23.753,14.270,373,529,72.000,71,71,18.000,39.000,55.000,171,322,516,160,235,235,235,235,235,235,1,0,0,3,30,1,40.000,1
8.685000,296.03,22.930,13.720,361,526,72.000,71,71,18.000,39.000,55.000,165,320,513,160,234,234,234,234,234,234,1,0,0,3,30,1,40.000,1
8.690000,298.19,22.191,13.290,349,523,72.000,71,71,18.000,39.000,55.000,159,318,510,160,232,232,232,232,232,232,1,0,0,3,30,1,40.000,1
8.695000,300.35,21.542,12.910,338,519,72.000,71,71,18.000,39.000,55.000,155,316,505,160,230,230,230,230,230,230,1,0,0,3,30,1,40.000,1
8.700000,302.51,20.986,12.580,328,516,72.000,71,71,18.000,39.000,55.000,151,314,502,160,229,229,229,229,229,229,1,0,0,3,30,1,40.000,1
8.705000,304.67,20.526,12.310,318,512,72.000,71,71,18.000,39.000,55.000,148,311,498,160,227,227,227,227,227,227,1,0,0,3,30,1,40.000,1
8.710000,306.83,20.166,12.090,309,508,72.000,71,71,18.000,39.000,55.000,145,308,494,160,225,225,225,225,225,225,1,0,0,3,30,1,40.000,1
8.715000,308.99,19.908,11.930,301,504,72.000,71,71,18.000,39.000,55.000,143,306,490,160,223,223,223,223,223,223,1,0,0,3,30,1,40.000,1
8.720000,311.15,19.753,11.870,293,500,72.000,71,71,18.000,39.000,55.000,142,303,486,160,221,221,221,221,221,221,1,0,0,3,30,1,40.000,1
8.725000,313.31,19.703,11.820,287,496,72.000,71,71,18.000,39.000,55.000,142,301,481,160,219,219,219,219,219,219,1,0,0,3,30,1,40.000,1
8.730000,315.47,19.758,11.870,281,492,72.000,71,71,18.000,39.000,55.000,142,298,477,160,217,217,217,217,217,217,1,0,0,3,30,1,40.000,1
8.735000,317.63,19.919,11.930,276,488,72.000,71,71,18.000,39.000,55.000,143,295,473,160,215,215,215,215,215,215,1,0,0,3,30,1,40.000,1
8.740000,319.79,20.185,12.090,272,483,72.000,71,71,18.000,39.000,55.000,145,292,468,160,213,213,213,213,213,213,1,0,0,3,30,1,40.000,1
8.745000,321.95,20.554,12.310,269,479,72.000,71,71,18.000,39.000,55.000,148,289,463,160,211,211,211,211,211,211,1,0,0,3,30,1,40.000,1
8.750000,324.11,21.026,12.640,267,475,72.000,71,71,18.000,39.000,55.000,152,287,459,160,209,209,209,209,209,209,1,0,0,3,30,1,40.000,1
8.755000,326.27,21.598,12.960,267,471,72.000,71,71,18.000,39.000,55.000,155,284,455,160,207,207,207,207,207,207,1,0,0,3,30,1,40.000,1
8.760000,328.43,22.266,13.340,267,467,72.000,71,71,18.000,39.000,55.000,160,282,451,160,205,205,205,205,205,205,1,0,0,3,30,1,40.000,1
8.765000,330.59,23.028,13.830,268,463,72.000,71,71,18.000,39.000,55.000,166,279,447,160,204,204,204,204,204,204,1,0,0,3,30,1,40.000,1
8.770000,332.75,23.880,14.320,270,459,72.000,71,71,18.000,39.000,55.000,172,276,443,160,202,202,202,202,202,202,1,0,0,3,30,1,40.000,1
8.775000,334.91,24.817,14.870,273,456,72.000,71,71,18.000,39.000,55.000,178,274,439,160,200,200,200,200,200,200,1,0,0,3,30,1,40.000,1
8.780000,337.07,25.835,15.520,278,452,72.000,71,71,18.000,39.000,55.000,186,272,435,160,198,198,198,198,198,198,1,0,0,3,30,1,40.000,1
8.785000,339.23,26.928,16.170,283,449,72.000,71,71,18.000,39.000,55.000,194,270,432,160,197,197,197,197,197,197,1,0,0,3,30,1,40.000,1
8.790000,341.39,28.090,16.820,289,445,72.000,71,71,18.000,39.000,55.000,202,267,428,160,195,195,195,195,195,195,1,0,0,3,30,1,40.000,1
8.795000,343.55,29.316,17.590,296,442,72.000,71,71,18.000,39.000,55.000,211,265,425,160,194,194,194,194,194,194,1,0,0,3,30,1,40.000,1
8.800000,345.71,30.598,18.350,304,440,72.000,71,71,18.000,39.000,55.000,220,264,423,160,193,193,193,193,193,193,1,0,0,3,30,1,40.000,1
8.805000,347.87,31.931,19.160,313,437,72.000,71,71,18.000,39.000,55.000,230,262,420,160,191,191,191,191,191,191,1,0,0,3,30,1,40.000,1
8.810000,350.03,33.306,19.980,323,435,72.000,71,71,18.000,39.000,55.000,240,261,417,160,190,190,190,190,190,190,1,0,0,3,30,1,40.000,1
8.815000,352.19,34.717,20.790,333,433,72.000,71,71,18.000,39.000,55.000,250,259,415,160,189,189,189,189,189,189,1,0,0,3,30,1,40.000,1
8.820000,354.35,36.157,21.670,344,431,72.000,71,71,18.000,39.000,55.000,260,258,413,160,188,188,188,188,188,188,1,0,0,3,30,1,40.000,1
8.825000,356.51,37.616,22.540,356,429,72.000,71,71,18.000,39.000,55.000,271,257,411,160,187,187,187,187,187,187,1,0,0,3,30,1,40.000,1
8.830000,358.67,39.089,23.460,369,428,72.000,71,71,18.000,39.000,55.000,282,256,410,160,187,187,187,187,187,187,1,0,0,3,30,1,40.000,1
8.835000,0.83,40.566,24.330,381,427,72.000,71,71,18.000,39.000,55.000,292,255,409,160,186,186,186,186,186,186,1,0,0,3,30,1,40.000,1
8.840000,2.99,42.041,25.200,395,426,72.000,71,71,18.000,39.000,55.000,303,255,408,160,186,186,186,186,186,186,1,0,0,3,30,1,40.000,1
8.845000,5.15,43.504,26.130,409,426,72.000,71,71,18.000,39.000,55.000,314,255,408,160,186,186,186,186,186,186,1,0,0,3,30,1,40.000,1
8.850000,7.31,44.949,26.940,423,426,72.000,71,71,18.000,39.000,55.000,324,255,408,160,186,186,186,186,186,186,1,0,0,3,30,1,40.000,1
8.855000,9.47,46.368,27.810,437,426,72.000,71,71,18.000,39.000,55.000,334,255,408,160,186,186,186,186,186,186,1,0,0,3,30,1,40.000,1
8.860000,11.63,47.752,28.630,451,427,72.000,71,71,18.000,39.000,55.000,344,255,409,160,186,186,186,186,186,186,1,0,0,3,30,1,40.000,1
8.865000,13.79,49.095,29.440,466,428,72.000,71,71,18.000,39.000,55.000,354,256,410,160,187,187,187,187,187,187,1,0,0,3,30,1,40.000,1
8.870000,15.95,50.390,30.210,480,430,72.000,71,71,18.000,39.000,55.000,363,257,412,160,188,188,188,188,188,188,1,0,0,3,30,1,40.000,1
8.875000,18.11,51.630,30.970,495,432,72.000,71,71,18.000,39.000,55.000,372,259,414,160,189,189,189,189,189,189,1,0,0,3,30,1,40.000,1
8.880000,20.27,52.807,31.670,509,435,72.000,72,72,18.000,39.000,55.000,386,264,423,160,190,190,190,190,190,190,1,0,0,3,30,1,40.000,1
8.885000,22.43,53.917,32.330,523,438,72.000,72,72,18.000,39.000,55.000,394,266,426,160,192,192,192,192,192,192,1,0,0,3,30,1,40.000,1
8.890000,24.59,54.952,32.980,537,442,72.000,72,72,18.000,39.000,55.000,402,269,431,160,194,194,194,194,194,194,1,0,0,3,30,1,40.000,1
8.895000,26.75,55.909,33.520,550,446,72.000,72,72,18.000,39.000,55.000,408,272,435,160,195,195,195,195,195,195,1,0,0,3,30,1,40.000,1
8.900000,28.91,56.781,34.070,563,451,72.000,72,72,18.000,39.000,55.000,415,275,440,160,198,198,198,198,198,198,1,0,0,3,30,1,40.000,1
8.905000,31.07,57.564,34.560,576,455,72.000,72,72,18.000,39.000,55.000,421,278,445,160,200,200,200,200,200,200,1,0,0,3,30,1,40.000,1
8.910000,33.23,58.255,34.940,588,461,72.000,72,72,18.000,39.000,55.000,426,282,451,160,203,203,203,203,203,203,1,0,0,3,30,1,40.000,1
8.915000,35.39,58.849,35.320,599,466,72.000,71,71,18.000,39.000,55.000,424,281,450,160,205,205,205,205,205,205,1,0,0,3,30,1,40.000,1
8.920000,37.55,59.345,35.590,609,472,72.000,71,71,18.000,39.000,55.000,428,285,456,160,208,208,208,208,208,208,1,0,0,3,30,1,40.000,1
8.925000,39.71,59.738,35.810,619,477,72.000,71,71,18.000,39.000,55.000,430,288,461,160,210,210,210,210,210,210,1,0,0,3,30,1,40.000,1
8.930000,41.87,60.028,36.030,628,483,72.000,71,71,18.000,39.000,55.000,433,292,468,160,213,213,213,213,213,213,1,0,0,3,30,1,40.000,1
8.935000,44.03,60.214,36.130,636,489,72.000,71,71,18.000,39.000,55.000,434,296,474,160,216,216,216,216,216,216,1,0,0,3,30,1,40.000,1
8.940000,46.19,60.294,36.190,643,495,72.000,71,71,18.000,39.000,55.000,435,300,480,160,219,219,219,219,219,219,1,0,0,3,30,1,40.000,1
8.945000,48.35,60.268,36.130,650,502,72.000,71,71,18.000,39.000,55.000,434,305,488,160,222,222,222,222,222,222,1,0,0,3,30,1,40.000,1
8.950000,50.51,60.138,36.080,655,508,72.000,71,71,18.000,39.000,55.000,433,308,494,160,225,225,225,225,225,225,1,0,0,3,30,1,40.000,1
8.955000,52.67,59.903,35.920,659,514,72.000,71,71,18.000,39.000,55.000,432,312,500,160,228,228,228,228,228,228,1,0,0,3,30,1,40.000,1
8.960000,54.83,59.567,35.750,663,520,72.000,71,71,18.000,39.000,55.000,429,316,506,160,231,231,231,231,231,231,1,0,0,3,30,1,40.000,1
8.965000,56.99,59.130,35.480,665,526,72.000,71,71,18.000,39.000,55.000,426,320,513,160,234,234,234,234,234,234,1,0,0,3,30,1,40.000,1
8.970000,59.15,58.596,35.150,666,531,72.000,71,71,18.000,39.000,55.000,422,324,518,160,236,236,236,236,236,236,1,0,0,3,30,1,40.000,1
8.975000,61.31,57.969,34.770,666,537,72.000,71,71,18.000,39.000,55.000,418,327,524,160,239,239,239,239,239,239,1,0,0,3,30,1,40.000,1
8.980000,63.47,57.251,34.340,666,542,72.000,71,71,18.000,39.000,55.000,413,331,529,160,241,241,241,241,241,241,1,0,0,3,30,1,40.000,1
8.985000,65.63,56.447,33.850,664,547,72.000,71,71,18.000,39.000,55.000,407,334,535,160,244,244,244,244,244,244,1,0,0,3,30,1,40.000,1
8.990000,67.79,55.562,33.310,661,552,72.000,71,71,18.000,39.000,55.000,400,337,540,160,246,246,246,246,246,246,1,0,0,3,30,1,40.000,1
8.995000,69.95,54.601,32.760,657,556,72.000,71,71,18.000,39.000,55.000,394,340,544,160,248,248,248,248,248,248,1,0,0,3,30,1,40.000,1
9.000000,72.11,53.570,32.110,653,560,72.000,71,71,18.000,39.000,55.000,386,343,548,160,250,250,250,250,250,250,1,0,0,3,30,1,40.000,1
9.005000,74.27,52.475,31.460,647,564,72.000,71,71,18.000,39.000,55.000,378,345,553,160,252,252,252,252,252,252,1,0,0,3,30,1,40.000,1
9.010000,76.43,51.323,30.800,640,567,72.000,71,71,18.000,39.000,55.000,370,347,556,160,253,253,253,253,253,253,1,0,0,3,30,1,40.000,1
9.015000,78.59,50.119,30.040,633,570,72.000,71,71,18.000,39.000,55.000,361,349,559,160,255,255,255,255,255,255,1,0,0,3,30,1,40.000,1
9.020000,80.75,48.871,29.330,625,572,72.000,71,71,18.000,39.000,55.000,352,350,561,160,256,256,256,256,256,256,1,0,0,3,30,1,40.000,1
9.025000,82.91,47.586,28.520,616,574,72.000,71,71,18.000,39.000,55.000,343,352,563,160,257,257,257,257,257,257,1,0,0,3,30,1,40.000,1
9.030000,85.07,46.272,27.760,606,575,72.000,71,71,18.000,39.000,55.000,333,352,564,160,257,257,257,257,257,257,1,0,0,3,30,1,40.000,1
9.035000,87.23,44.935,26.940,596,576,72.000,71,71,18.000,39.000,55.000,324,353,565,160,258,258,258,258,258,258,1,0,0,3,30,1,40.000,1
9.040000,89.39,43.584,26.130,585,577,72.000,71,71,18.000,39.000,55.000,314,354,566,160,258,258,258,258,258,258,1,0,0,3,30,1,40.000,1
9.045000,91.55,42.227,25.310,573,577,72.000,71,71,18.000,39.000,55.000,304,354,566,160,258,258,258,258,258,258,1,0,0,3,30,1,40.000,1
9.050000,93.71,40.870,24.490,561,577,72.000,71,71,18.000,39.000,55.000,294,354,566,160,258,258,258,258,258,258,1,0,0,3,30,1,40.000,1
9.055000,95.87,39.522,23.730,549,576,72.000,71,71,18.000,39.000,55.000,285,353,565,160,258,258,258,258,258,258,1,0,0,3,30,1,40.000,1
9.060000,98.03,38.190,22.920,536,576,72.000,71,71,18.000,39.000,55.000,275,353,565,160,258,258,258,258,258,258,1,0,0,3,30,1,40.000,1
9.065000,100.19,36.882,22.100,523,575,72.000,71,71,18.000,39.000,55.000,265,352,564,160,257,257,257,257,257,257,1,0,0,3,30,1,40.000,1
9.070000,102.35,35.606,21.340,510,574,72.000,71,71,18.000,39.000,55.000,256,352,563,160,257,257,257,257,257,257,1,0,0,3,30,1,40.000,1
9.075000,104.51,34.367,20.630,497,572,72.000,71,71,18.000,39.000,55.000,248,350,561,160,256,256,256,256,256,256,1,0,0,3,30,1,40.000,1
9.080000,106.67,33.174,19.920,484,571,72.000,71,71,18.000,39.000,55.000,239,350,560,160,255,255,255,255,255,255,1,0,0,3,30,1,40.000,1
9.085000,108.83,32.032,19.220,471,569,72.000,71,71,18.000,39.000,55.000,231,348,558,160,254,254,254,254,254,254,1,0,0,3,30,1,40.000,1
9.090000,110.99,30.949,18.560,457,567,72.000,71,71,18.000,39.000,55.000,223,347,556,160,253,253,253,253,253,253,1,0,0,3,30,1,40.000,1
9.095000,113.15,29.930,17.970,445,565,72.000,71,71,18.000,39.000,55.000,216,346,554,160,252,252,252,252,252,252,1,0,0,3,30,1,40.000,1
9.100000,115.31,28.980,17.370,432,562,72.000,71,71,18.000,39.000,55.000,208,344,550,160,251,251,251,251,251,251,1,0,0,3,30,1,40.000,1
9.105000,117.47,28.106,16.880,420,560,72.000,71,71,18.000,39.000,55.000,203,343,548,160,250,250,250,250,250,250,1,0,0,3,30,1,40.000,1
9.110000,119.63,27.311,16.390,408,557,72.000,71,71,18.000,39.000,55.000,197,341,545,160,248,248,248,248,248,248,1,0,0,3,30,1,40.000,1
9.115000,121.79,26.601,15.950,397,554,72.000,71,71,18.000,39.000,55.000,191,339,542,160,247,247,247,247,247,247,1,0,0,3,30,1,40.000,1
9.120000,123.95,25.978,15.570,386,550,72.000,71,71,18.000,39.000,55.000,187,336,538,160,245,245,245,245,245,245,1,0,0,3,30,1,40.000,1
9.125000,126.11,25.445,15.250,376,547,72.000,71,71,18.000,39.000,55.000,183,334,535,160,244,244,244,244,244,244,1,0,0,3,30,1,40.000,1
9.130000,128.27,25.007,14.970,366,544,72.000,71,71,18.000,39.000,55.000,180,332,532,160,242,242,242,242,242,242,1,0,0,3,30,1,40.000,1
9.135000,130.43,24.665,14.810,357,540,72.000,71,71,18.000,39.000,55.000,178,329,527,160,240,240,240,240,240,240,1,0,0,3,30,1,40.000,1
9.140000,132.59,24.420,14.650,349,536,72.000,71,71,18.000,39.000,55.000,176,327,523,160,238,238,238,238,238,238,1,0,0,3,30,1,40.000,1
9.145000,134.75,24.273,14.540,342,533,72.000,71,71,18.000,39.000,55.000,174,325,520,160,237,237,237,237,237,237,1,0,0,3,30,1,40.000,1
9.150000,136.91,24.226,14.540,335,529,72.000,71,71,18.000,39.000,55.000,174,322,516,160,235,235,235,235,235,235,1,0,0,3,30,1,40.000,1
9.155000,139.07,24.278,14.540,330,525,72.000,71,71,18.000,39.000,55.000,174,320,512,160,233,233,233,233,233,233,1,0,0,3,30,1,40.000,1
9.160000,141.23,24.428,14.650,325,521,72.000,71,71,18.000,39.000,55.000,176,317,508,160,231,231,231,231,231,231,1,0,0,3,30,1,40.000,1
9.165000,143.39,24.675,14.810,321,517,72.000,71,71,18.000,39.000,55.000,178,314,503,160,229,229,229,229,229,229,1,0,0,3,30,1,40.000,1
9.170000,145.55,25.017,15.030,318,513,72.000,71,71,18.000,39.000,55.000,180,312,499,160,227,227,227,227,227,227,1,0,0,3,30,1,40.000,1
9.175000,147.71,25.452,15.250,316,509,72.000,71,71,18.000,39.000,55.000,183,309,495,160,225,225,225,225,225,225,1,0,0,3,30,1,40.000,1
9.180000,149.87,25.977,15.570,316,506,72.000,71,71,18.000,39.000,55.000,187,307,492,160,224,224,224,224,224,224,1,0,0,3,30,1,40.000,1
9.185000,152.03,26.588,15.950,316,502,72.000,71,71,18.000,39.000,55.000,191,305,488,160,222,222,222,222,222,222,1,0,0,3,30,1,40.000,1
9.190000,154.19,27.282,16.330,317,498,72.000,72,72,18.000,39.000,55.000,199,306,490,160,220,220,220,220,220,220,1,0,0,3,30,1,40.000,1
9.195000,156.35,28.054,16.820,318,495,72.000,72,72,18.000,39.000,55.000,205,304,487,160,219,219,219,219,219,219,1,0,0,3,30,1,40.000,1
9.200000,158.51,28.900,17.310,321,491,72.000,72,72,18.000,39.000,55.000,211,302,483,160,217,217,217,217,217,217,1,0,0,3,30,1,40.000,1
9.205000,160.67,29.814,17.860,325,488,72.000,72,72,18.000,39.000,55.000,217,300,480,160,215,215,215,215,215,215,1,0,0,3,30,1,40.000,1
9.210000,162.83,30.790,18.460,330,485,72.000,72,72,18.000,39.000,55.000,225,298,476,160,214,214,214,214,214,214,1,0,0,3,30,1,40.000,1
9.215000,164.99,31.822,19.110,335,482,72.000,72,72,18.000,39.000,55.000,233,296,473,160,213,213,213,213,213,213,1,0,0,3,30,1,40.000,1
9.220000,167.15,32.905,19.760,342,479,72.000,72,72,18.000,39.000,55.000,241,294,470,160,211,211,211,211,211,211,1,0,0,3,30,1,40.000,1
9.225000,169.31,34.031,20.410,349,476,72.000,71,71,18.000,39.000,55.000,245,288,460,160,210,210,210,210,210,210,1,0,0,3,30,1,40.000,1
9.230000,171.47,35.193,21.120,357,474,72.000,71,71,18.000,39.000,55.000,254,286,458,160,209,209,209,209,209,209,1,0,0,3,30,1,40.000,1
9.235000,173.63,36.384,21.830,365,472,72.000,71,71,18.000,39.000,55.000,262,285,456,160,208,208,208,208,208,208,1,0,0,3,30,1,40.000,1
9.240000,175.79,37.598,22.540,374,470,72.000,71,71,18.000,39.000,55.000,271,284,454,160,207,207,207,207,207,207,1,0,0,3,30,1,40.000,1
9.245000,177.95,38.826,23.300,384,468,72.000,71,71,18.000,39.000,55.000,280,282,452,160,206,206,206,206,206,206,1,0,0,3,30,1,40.000,1
9.250000,180.11,40.062,24.000,394,467,72.000,71,71,18.000,39.000,55.000,288,282,451,160,205,205,205,205,205,205,1,0,0,3,30,1,40.000,1
9.255000,182.27,41.297,24.770,405,465,72.000,71,71,18.000,39.000,55.000,297,280,449,160,204,204,204,204,204,204,1,0,0,3,30,1,40.000,1
9.260000,184.43,42.524,25.530,416,464,72.000,71,71,18.000,39.000,55.000,307,280,448,160,204,204,204,204,204,204,1,0,0,3,30,1,40.000,1
9.265000,186.59,43.736,26.230,428,464,72.000,71,71,18.000,39.000,55.000,315,280,448,160,204,204,204,204,204,204,1,0,0,3,30,1,40.000,1
9.270000,188.75,44.925,26.940,439,463,72.000,71,71,18.000,39.000,55.000,324,279,447,160,204,204,204,204,204,204,1,0,0,3,30,1,40.000,1
9.275000,190.91,46.084,27.650,451,463,72.000,71,71,18.000,39.000,55.000,332,279,447,160,204,204,204,204,204,204,1,0,0,3,30,1,40.000,1
9.280000,193.07,47.206,28.300,463,463,72.000,71,71,18.000,39.000,55.000,340,279,447,160,204,204,204,204,204,204,1,0,0,3,30,1,40.000,1
9.285000,195.23,48.283,28.950,475,463,72.000,71,71,18.000,39.000,55.000,348,279,447,160,204,204,204,204,204,204,1,0,0,3,30,1,40.000,1
9.290000,197.39,49.310,29.610,487,464,72.000,71,71,18.000,39.000,55.000,356,280,448,160,204,204,204,204,204,204,1,0,0,3,30,1,40.000,1
9.295000,199.55,50.280,30.150,499,465,72.000,71,71,18.000,39.000,55.000,362,280,449,160,204,204,204,204,204,204,1,0,0,3,30,1,40.000,1
9.300000,201.71,51.188,30.690,510,466,72.000,71,71,18.000,39.000,55.000,369,281,450,160,205,205,205,205,205,205,1,0,0,3,30,1,40.000,1
9.305000,203.87,52.026,31.180,522,468,72.000,71,71,18.000,39.000,55.000,375,282,452,160,206,206,206,206,206,206,1,0,0,3,30,1,40.000,1
9.310000,206.03,52.791,31.670,532,471,72.000,71,71,18.000,39.000,55.000,380,284,455,160,207,207,207,207,207,207,1,0,0,3,30,1,40.000,1
9.315000,208.19,53.477,32.050,543,473,72.000,71,71,18.000,39.000,55.000,385,286,457,160,208,208,208,208,208,208,1,0,0,3,30,1,40.000,1
9.320000,210.35,54.080,32.440,553,476,72.000,71,71,18.000,39.000,55.000,390,288,460,160,210,210,210,210,210,210,1,0,0,3,30,1,40.000,1
9.325000,212.51,54.596,32.760,563,480,72.000,71,71,18.000,39.000,55.000,394,290,465,160,212,212,212,212,212,212,1,0,0,3,30,1,40.000,1
9.330000,214.67,55.022,32.980,572,483,72.000,71,71,18.000,39.000,55.000,396,292,468,160,213,213,213,213,213,213,1,0,0,3,30,1,40.000,1
9.335000,216.83,55.354,33.200,580,487,72.000,71,71,18.000,39.000,55.000,399,295,472,160,215,215,215,215,215,215,1,0,0,3,30,1,40.000,1
9.340000,218.99,55.592,33.360,588,491,72.000,71,71,18.000,39.000,55.000,401,297,476,160,217,217,217,217,217,217,1,0,0,3,30,1,40.000,1
9.345000,221.15,55.732,33.410,595,495,72.000,71,71,18.000,39.000,55.000,401,300,480,160,219,219,219,219,219,219,1,0,0,3,30,1,40.000,1
9.350000,223.31,55.774,33.470,601,499,72.000,71,71,18.000,39.000,55.000,402,303,484,160,221,221,221,221,221,221,1,0,0,3,30,1,40.000,1
9.355000,225.47,55.716,33.410,606,503,72.000,71,71,18.000,39.000,55.000,401,305,489,160,223,223,223,223,223,223,1,0,0,3,30,1,40.000,1
9.360000,227.63,55.560,33.310,610,508,72.000,71,71,18.000,39.000,55.000,400,308,494,160,225,225,225,225,225,225,1,0,0,3,30,1,40.000,1
9.365000,229.79,55.305,33.200,614,512,72.000,71,71,18.000,39.000,55.000,399,311,498,160,227,227,227,227,227,227,1,0,0,3,30,1,40.000,1
9.370000,231.95,54.953,32.980,617,516,72.000,71,71,18.000,39.000,55.000,396,314,502,160,229,229,229,229,229,229,1,0,0,3,30,1,40.000,1
9.375000,234.11,54.506,32.710,618,520,72.000,71,71,18.000,39.000,55.000,393,316,506,160,231,231,231,231,231,231,1,0,0,3,30,1,40.000,1
9.380000,236.27,53.964,32.380,619,524,72.000,71,71,18.000,39.000,55.000,389,319,511,160,233,233,233,233,233,233,1,0,0,3,30,1,40.000,1
9.385000,238.43,53.332,32.000,619,528,72.000,71,71,18.000,39.000,55.000,384,322,515,160,235,235,235,235,235,235,1,0,0,3,30,1,40.000,1
9.390000,240.59,52.613,31.560,618,532,72.000,71,71,18.000,39.000,55.000,379,324,519,160,237,237,237,237,237,237,1,0,0,3,30,1,40.000,1
9.395000,242.75,51.810,31.080,615,535,72.000,71,71,18.000,39.000,55.000,373,326,522,160,238,238,238,238,238,238,1,0,0,3,30,1,40.000,1
9.400000,244.91,50.928,30.530,612,538,72.000,71,71,18.000,39.000,55.000,367,328,525,160,239,239,239,239,239,239,1,0,0,3,30,1,40.000,1
9.405000,247.07,49.971,29.990,608,541,72.000,71,71,18.000,39.000,55.000,360,330,529,160,241,241,241,241,241,241,1,0,0,3,30,1,40.000,1
9.410000,249.23,48.946,29.330,603,544,72.000,71,71,18.000,39.000,55.000,352,332,532,160,242,242,242,242,242,242,1,0,0,3,30,1,40.000,1
9.415000,251.39,47.856,28.740,597,546,72.000,71,71,18.000,39.000,55.000,345,333,534,160,243,243,243,243,243,243,1,0,0,3,30,1,40.000,1
9.420000,253.55,46.709,28.030,591,548,72.000,71,71,18.000,39.000,55.000,337,335,536,160,244,244,244,244,244,244,1,0,0,3,30,1,40.000,1
9.425000,255.71,45.511,27.320,583,550,72.000,71,71,18.000,39.000,55.000,328,336,538,160,245,245,245,245,245,245,1,0,0,3,30,1,40.000,1
9.430000,257.87,44.268,26.560,575,551,72.000,71,71,18.000,39.000,55.000,319,337,539,160,246,246,246,246,246,246,1,0,0,3,30,1,40.000,1
9.435000,260.03,42.988,25.800,566,551,72.000,71,71,18.000,39.000,55.000,310,337,539,160,246,246,246,246,246,246,1,0,0,3,30,1,40.000,1
9.440000,262.19,41.678,24.980,556,552,72.000,71,71,18.000,39.000,55.000,300,337,540,160,246,246,246,246,246,246,1,0,0,3,30,1,40.000,1
9.445000,264.35,40.344,24.220,545,552,72.000,71,71,18.000,39.000,55.000,291,337,540,160,246,246,246,246,246,246,1,0,0,3,30,1,40.000,1
9.450000,266.51,38.995,23.410,534,552,72.000,71,71,18.000,39.000,55.000,281,337,540,160,246,246,246,246,246,246,1,0,0,3,30,1,40.000,1
9.455000,268.67,37.637,22.590,523,551,72.000,71,71,18.000,39.000,55.000,271,337,539,160,246,246,246,246,246,246,1,0,0,3,30,1,40.000,1
9.460000,270.83,36.280,21.770,511,550,72.000,71,71,18.000,39.000,55.000,261,336,538,160,245,245,245,245,245,245,1,0,0,3,30,1,40.000,1
9.465000,272.99,34.930,20.960,498,550,72.000,71,71,18.000,39.000,55.000,252,336,538,160,245,245,245,245,245,245,1,0,0,3,30,1,40.000,1
9.470000,275.15,33.596,20.140,486,549,72.000,71,71,18.000,39.000,55.000,242,335,537,160,245,245,245,245,245,245,1,0,0,3,30,1,40.000,1
9.475000,277.31,32.284,19.380,473,547,72.000,71,71,18.000,39.000,55.000,233,334,535,160,244,244,244,244,244,244,1,0,0,3,30,1,40.000,1
9.480000,279.47,31.002,18.620,460,546,72.000,71,71,18.000,39.000,55.000,223,333,534,160,243,243,243,243,243,243,1,0,0,3,30,1,40.000,1
9.485000,281.63,29.759,17.860,446,544,72.000,71,71,18.000,39.000,55.000,214,332,532,160,242,242,242,242,242,242,1,0,0,3,30,1,40.000,1
9.490000,283.79,28.560,17.150,433,542,72.000,71,71,18.000,39.000,55.000,206,331,529,160,241,241,241,241,241,241,1,0,0,3,30,1,40.000,1
9.495000,285.95,27.412,16.440,420,540,72.000,71,71,18.000,39.000,55.000,197,329,527,160,240,240,240,240,240,240,1,0,0,3,30,1,40.000,1
9.500000,288.11,26.324,15.790,407,537,72.000,71,71,18.000,39.000,55.000,189,327,524,160,239,239,239,239,239,239,1,0,0,3,30,1,40.000,1
9.505000,290.27,25.299,15.190,394,534,72.000,72,72,18.000,39.000,55.000,185,330,528,160,237,237,237,237,237,237,1,0,0,3,30,1,40.000,1
9.510000,292.43,24.346,14.590,381,531,72.000,72,72,18.000,39.000,55.000,177,328,525,160,236,236,236,236,236,236,1,0,0,3,30,1,40.000,1
9.515000,294.59,23.469,14.100,369,528,72.000,72,72,18.000,39.000,55.000,171,326,522,160,235,235,235,235,235,235,1,0,0,3,30,1,40.000,1
9.520000,296.75,22.674,13.620,357,525,72.000,72,72,18.000,39.000,55.000,166,324,519,160,233,233,233,233,233,233,1,0,0,3,30,1,40.000,1
9.525000,298.91,21.965,13.180,346,522,72.000,72,72,18.000,39.000,55.000,160,322,516,160,232,232,232,232,232,232,1,0,0,3,30,1,40.000,1
9.530000,301.07,21.346,12.800,335,518,72.000,72,72,18.000,39.000,55.000,156,319,511,160,230,230,230,230,230,230,1,0,0,3,30,1,40.000,1
9.535000,303.23,20.822,12.470,325,515,72.000,72,72,18.000,39.000,55.000,152,317,508,160,228,228,228,228,228,228,1,0,0,3,30,1,40.000,1
9.540000,305.39,20.395,12.260,315,511,72.000,71,71,18.000,39.000,55.000,147,310,497,160,226,226,226,226,226,226,1,0,0,3,30,1,40.000,1
9.545000,307.55,20.068,12.040,306,507,72.000,71,71,18.000,39.000,55.000,144,308,493,160,225,225,225,225,225,225,1,0,0,3,30,1,40.000,1
9.550000,309.71,19.844,11.870,298,503,72.000,71,71,18.000,39.000,55.000,142,305,489,160,223,223,223,223,223,223,1,0,0,3,30,1,40.000,1
9.555000,311.87,19.724,11.820,291,499,72.000,71,71,18.000,39.000,55.000,142,303,484,160,221,221,221,221,221,221,1,0,0,3,30,1,40.000,1
9.560000,314.03,19.710,11.820,285,494,72.000,71,71,18.000,39.000,55.000,142,299,479,160,218,218,218,218,218,218,1,0,0,3,30,1,40.000,1
9.565000,316.19,19.800,11.870,279,490,72.000,71,71,18.000,39.000,55.000,142,297,475,160,216,216,216,216,216,216,1,0,0,3,30,1,40.000,1
9.570000,318.35,19.996,11.980,275,486,72.000,71,71,18.000,39.000,55.000,144,294,471,160,214,214,214,214,214,214,1,0,0,3,30,1,40.000,1
9.575000,320.51,20.297,12.150,271,482,72.000,71,71,18.000,39.000,55.000,146,292,467,160,213,213,213,213,213,213,1,0,0,3,30,1,40.000,1
9.580000,322.67,20.700,12.420,269,478,72.000,71,71,18.000,39.000,55.000,149,289,463,160,211,211,211,211,211,211,1,0,0,3,30,1,40.000,1
9.585000,324.83,21.206,12.740,267,474,72.000,71,71,18.000,39.000,55.000,153,286,458,160,209,209,209,209,209,209,1,0,0,3,30,1,40.000,1
9.590000,326.99,21.810,13.070,267,470,72.000,71,71,18.000,39.000,55.000,157,284,454,160,207,207,207,207,207,207,1,0,0,3,30,1,40.000,1
9.595000,329.15,22.510,13.510,267,466,72.000,71,71,18.000,39.000,55.000,162,281,450,160,205,205,205,205,205,205,1,0,0,3,30,1,40.000,1
9.600000,331.31,23.302,14.000,268,462,72.000,71,71,18.000,39.000,55.000,168,278,446,160,203,203,203,203,203,203,1,0,0,3,30,1,40.000,1
9.605000,333.47,24.183,14.490,271,458,72.000,71,71,18.000,39.000,55.000,174,276,442,160,201,201,201,201,201,201,1,0,0,3,30,1,40.000,1
9.610000,335.63,25.148,15.080,275,454,72.000,71,71,18.000,39.000,55.000,181,273,437,160,199,199,199,199,199,199,1,0,0,3,30,1,40.000,1
9.615000,337.79,26.191,15.740,279,451,72.000,71,71,18.000,39.000,55.000,189,271,434,160,198,198,198,198,198,198,1,0,0,3,30,1,40.000,1
9.620000,339.95,27.308,16.390,285,448,72.000,71,71,18.000,39.000,55.000,197,269,431,160,196,196,196,196,196,196,1,0,0,3,30,1,40.000,1
9.625000,342.11,28.492,17.100,291,444,72.000,71,71,18.000,39.000,55.000,205,267,427,160,194,194,194,194,194,194,1,0,0,3,30,1,40.000,1
9.630000,344.27,29.737,17.860,299,442,72.000,71,71,18.000,39.000,55.000,214,265,425,160,194,194,194,194,194,194,1,0,0,3,30,1,40.000,1
9.635000,346.43,31.037,18.620,307,439,72.000,71,71,18.000,39.000,55.000,223,263,422,160,192,192,192,192,192,192,1,0,0,3,30,1,40.000,1
9.640000,348.59,32.385,19.440,316,436,72.000,71,71,18.000,39.000,55.000,233,261,418,160,191,191,191,191,191,191,1,0,0,3,30,1,40.000,1
9.645000,350.75,33.773,20.250,326,434,72.000,71,71,18.000,39.000,55.000,243,260,417,160,190,190,190,190,190,190,1,0,0,3,30,1,40.000,1
9.650000,352.91,35.194,21.120,337,432,72.000,71,71,18.000,39.000,55.000,254,259,414,160,189,189,189,189,189,189,1,0,0,3,30,1,40.000,1
9.655000,355.07,36.641,21.990,348,430,72.000,71,71,18.000,39.000,55.000,264,257,412,160,188,188,188,188,188,188,1,0,0,3,30,1,40.000,1
9.660000,357.23,38.106,22.860,360,429,72.000,71,71,18.000,39.000,55.000,274,257,411,160,187,187,187,187,187,187,1,0,0,3,30,1,40.000,1
9.665000,359.39,39.581,23.730,373,428,72.000,71,71,18.000,39.000,55.000,285,256,410,160,187,187,187,187,187,187,1,0,0,3,30,1,40.000,1
9.670000,1.55,41.059,24.660,386,427,72.000,71,71,18.000,39.000,55.000,296,255,409,160,186,186,186,186,186,186,1,0,0,3,30,1,40.000,1
9.675000,3.71,42.530,25.530,399,426,72.000,71,71,18.000,39.000,55.000,307,255,408,160,186,186,186,186,186,186,1,0,0,3,30,1,40.000,1
9.680000,5.87,43.988,26.400,413,426,72.000,71,71,18.000,39.000,55.000,317,255,408,160,186,186,186,186,186,186,1,0,0,3,30,1,40.000,1
9.685000,8.03,45.425,27.270,427,426,72.000,71,71,18.000,39.000,55.000,327,255,408,160,186,186,186,186,186,186,1,0,0,3,30,1,40.000,1
9.690000,10.19,46.833,28.080,442,426,72.000,71,71,18.000,39.000,55.000,337,255,408,160,186,186,186,186,186,186,1,0,0,3,30,1,40.000,1
9.695000,12.35,48.205,28.900,456,427,72.000,71,71,18.000,39.000,55.000,347,255,409,160,186,186,186,186,186,186,1,0,0,3,30,1,40.000,1
9.700000,14.51,49.533,29.720,471,428,72.000,71,71,18.000,39.000,55.000,357,256,410,160,187,187,187,187,187,187,1,0,0,3,30,1,40.000,1
9.705000,16.67,50.810,30.480,485,430,72.000,71,71,18.000,39.000,55.000,366,257,412,160,188,188,188,188,188,188,1,0,0,3,30,1,40.000,1
9.710000,18.83,52.029,31.180,500,433,72.000,71,71,18.000,39.000,55.000,375,259,415,160,189,189,189,189,189,189,1,0,0,3,30,1,40.000,1
9.715000,20.99,53.185,31.890,514,436,72.000,71,71,18.000,39.000,55.000,383,261,418,160,191,191,191,191,191,191,1,0,0,3,30,1,40.000,1
9.720000,23.15,54.270,32.540,528,439,72.000,71,71,18.000,39.000,55.000,391,263,422,160,192,192,192,192,192,192,1,0,0,3,30,1,40.000,1
9.725000,25.31,55.280,33.140,541,443,72.000,71,71,18.000,39.000,55.000,398,266,426,160,194,194,194,194,194,194,1,0,0,3,30,1,40.000,1
9.730000,27.47,56.209,33.740,555,448,72.000,71,71,18.000,39.000,55.000,405,269,431,160,196,196,196,196,196,196,1,0,0,3,30,1,40.000,1
9.735000,29.63,57.052,34.230,567,452,72.000,71,71,18.000,39.000,55.000,411,272,435,160,198,198,198,198,198,198,1,0,0,3,30,1,40.000,1
9.740000,31.79,57.805,34.670,580,457,72.000,71,71,18.000,39.000,55.000,416,275,441,160,201,201,201,201,201,201,1,0,0,3,30,1,40.000,1
9.745000,33.95,58.464,35.050,591,462,72.000,71,71,18.000,39.000,55.000,421,278,446,160,203,203,203,203,203,203,1,0,0,3,30,1,40.000,1
9.750000,36.11,59.026,35.430,602,468,72.000,71,71,18.000,39.000,55.000,426,282,452,160,206,206,206,206,206,206,1,0,0,3,30,1,40.000,1
9.755000,38.27,59.487,35.700,613,473,72.000,71,71,18.000,39.000,55.000,429,286,457,160,208,208,208,208,208,208,1,0,0,3,30,1,40.000,1
9.760000,40.43,59.846,35.920,622,479,72.000,71,71,18.000,39.000,55.000,432,289,463,160,211,211,211,211,211,211,1,0,0,3,30,1,40.000,1
9.765000,42.59,60.102,36.030,631,485,72.000,71,71,18.000,39.000,55.000,433,293,470,160,214,214,214,214,214,214,1,0,0,3,30,1,40.000,1
9.770000,44.75,60.252,36.130,639,491,72.000,71,71,18.000,39.000,55.000,434,297,476,160,217,217,217,217,217,217,1,0,0,3,30,1,40.000,1
9.775000,46.91,60.297,36.190,645,497,72.000,71,71,18.000,39.000,55.000,435,301,482,160,220,220,220,220,220,220,1,0,0,3,30,1,40.000,1
9.780000,49.07,60.236,36.130,651,504,72.000,71,71,18.000,39.000,55.000,434,306,490,160,223,223,223,223,223,223,1,0,0,3,30,1,40.000,1
9.785000,51.23,60.071,36.030,656,510,72.000,71,71,18.000,39.000,55.000,433,310,496,160,226,226,226,226,226,226,1,0,0,3,30,1,40.000,1
9.790000,53.39,59.803,35.860,660,516,72.000,71,71,18.000,39.000,55.000,431,314,502,160,229,229,229,229,229,229,1,0,0,3,30,1,40.000,1
9.795000,55.55,59.432,35.640,663,522,72.000,71,71,18.000,39.000,55.000,428,318,509,160,232,232,232,232,232,232,1,0,0,3,30,1,40.000,1
9.800000,57.71,58.963,35.370,665,528,72.000,71,71,18.000,39.000,55.000,425,322,515,160,235,235,235,235,235,235,1,0,0,3,30,1,40.000,1
9.805000,59.87,58.397,35.050,666,533,72.000,71,71,18.000,39.000,55.000,421,325,520,160,237,237,237,237,237,237,1,0,0,3,30,1,40.000,1
9.810000,62.03,57.739,34.610,666,539,72.000,71,71,18.000,39.000,55.000,416,329,526,160,240,240,240,240,240,240,1,0,0,3,30,1,40.000,1
9.815000,64.19,56.992,34.180,665,544,72.000,72,72,18.000,39.000,55.000,416,337,539,160,242,242,242,242,242,242,1,0,0,3,30,1,40.000,1
9.820000,66.35,56.161,33.690,663,549,72.000,72,72,18.000,39.000,55.000,410,340,544,160,245,245,245,245,245,245,1,0,0,3,30,1,40.000,1
9.825000,68.51,55.250,33.140,660,553,72.000,72,72,18.000,39.000,55.000,404,343,549,160,247,247,247,247,247,247,1,0,0,3,30,1,40.000,1
9.830000,70.67,54.265,32.540,656,557,72.000,72,72,18.000,39.000,55.000,396,345,553,160,248,248,248,248,248,248,1,0,0,3,30,1,40.000,1
9.835000,72.83,53.212,31.950,651,561,72.000,72,72,18.000,39.000,55.000,389,348,557,160,250,250,250,250,250,250,1,0,0,3,30,1,40.000,1
9.840000,74.99,52.097,31.240,645,565,72.000,72,72,18.000,39.000,55.000,381,351,561,160,252,252,252,252,252,252,1,0,0,3,30,1,40.000,1
9.845000,77.15,50.927,30.530,638,568,72.000,72,72,18.000,39.000,55.000,372,353,564,160,254,254,254,254,254,254,1,0,0,3,30,1,40.000,1
9.850000,79.31,49.708,29.820,630,571,72.000,71,71,18.000,39.000,55.000,358,350,560,160,255,255,255,255,255,255,1,0,0,3,30,1,40.000,1
9.855000,81.47,48.447,29.060,622,573,72.000,71,71,18.000,39.000,55.000,349,351,562,160,256,256,256,256,256,256,1,0,0,3,30,1,40.000,1
9.860000,83.63,47.151,28.300,613,575,72.000,71,71,18.000,39.000,55.000,340,352,564,160,257,257,257,257,257,257,1,0,0,3,30,1,40.000,1
9.865000,85.79,45.828,27.490,603,576,72.000,71,71,18.000,39.000,55.000,330,353,565,160,258,258,258,258,258,258,1,0,0,3,30,1,40.000,1
9.870000,87.95,44.486,26.670,592,577,72.000,71,71,18.000,39.000,55.000,320,354,566,160,258,258,258,258,258,258,1,0,0,3,30,1,40.000,1
9.875000,90.11,43.132,25.850,581,577,72.000,71,71,18.000,39.000,55.000,310,354,566,160,258,258,258,258,258,258,1,0,0,3,30,1,40.000,1
9.880000,92.27,41.774,25.040,569,577,72.000,71,71,18.000,39.000,55.000,301,354,566,160,258,258,258,258,258,258,1,0,0,3,30,1,40.000,1
9.885000,94.43,40.419,24.220,557,577,72.000,71,71,18.000,39.000,55.000,291,354,566,160,258,258,258,258,258,258,1,0,0,3,30,1,40.000,1
9.890000,96.59,39.076,23.460,545,576,72.000,71,71,18.000,39.000,55.000,282,353,565,160,258,258,258,258,258,258,1,0,0,3,30,1,40.000,1
9.895000,98.75,37.751,22.640,532,576,72.000,71,71,18.000,39.000,55.000,272,353,565,160,258,258,258,258,258,258,1,0,0,3,30,1,40.000,1
9.900000,100.91,36.453,21.880,519,575,72.000,71,71,18.000,39.000,55.000,263,352,564,160,257,257,257,257,257,257,1,0,0,3,30,1,40.000,1
9.905000,103.07,35.188,21.120,506,573,72.000,71,71,18.000,39.000,55.000,254,351,562,160,256,256,256,256,256,256,1,0,0,3,30,1,40.000,1
9.910000,105.23,33.964,20.360,493,572,72.000,71,71,18.000,39.000,55.000,244,350,561,160,256,256,256,256,256,256,1,0,0,3,30,1,40.000,1
9.915000,107.39,32.787,19.650,479,570,72.000,71,71,18.000,39.000,55.000,236,349,559,160,255,255,255,255,255,255,1,0,0,3,30,1,40.000,1
9.920000,109.55,31.664,19.000,466,568,72.000,71,71,18.000,39.000,55.000,228,348,557,160,254,254,254,254,254,254,1,0,0,3,30,1,40.000,1
9.925000,111.71,30.602,18.350,453,566,72.000,71,71,18.000,39.000,55.000,220,346,555,160,253,253,253,253,253,253,1,0,0,3,30,1,40.000,1
9.930000,113.87,29.605,17.750,440,564,72.000,71,71,18.000,39.000,55.000,213,345,553,160,252,252,252,252,252,252,1,0,0,3,30,1,40.000,1
9.935000,116.03,28.680,17.210,428,561,72.000,71,71,18.000,39.000,55.000,206,343,549,160,250,250,250,250,250,250,1,0,0,3,30,1,40.000,1
9.940000,118.19,27.832,16.720,416,559,72.000,71,71,18.000,39.000,55.000,201,342,547,160,249,249,249,249,249,249,1,0,0,3,30,1,40.000,1
9.945000,120.35,27.065,16.230,404,556,72.000,71,71,18.000,39.000,55.000,195,340,544,160,248,248,248,248,248,248,1,0,0,3,30,1,40.000,1
9.950000,122.51,26.383,15.850,393,553,72.000,71,71,18.000,39.000,55.000,190,338,541,160,247,247,247,247,247,247,1,0,0,3,30,1,40.000,1
9.955000,124.67,25.790,15.460,382,549,72.000,71,71,18.000,39.000,55.000,185,335,537,160,245,245,245,245,245,245,1,0,0,3,30,1,40.000,1
9.960000,126.83,25.289,15.190,372,546,72.000,71,71,18.000,39.000,55.000,182,333,534,160,243,243,243,243,243,243,1,0,0,3,30,1,40.000,1
9.965000,128.99,24.882,14.920,363,542,72.000,71,71,18.000,39.000,55.000,179,331,529,160,241,241,241,241,241,241,1,0,0,3,30,1,40.000,1
9.970000,131.15,24.572,14.760,354,539,72.000,71,71,18.000,39.000,55.000,177,329,526,160,240,240,240,240,240,240,1,0,0,3,30,1,40.000,1
9.975000,133.31,24.360,14.590,346,535,72.000,71,71,18.000,39.000,55.000,175,326,522,160,238,238,238,238,238,238,1,0,0,3,30,1,40.000,1
9.980000,135.47,24.247,14.540,339,531,72.000,71,71,18.000,39.000,55.000,174,324,518,160,236,236,236,236,236,236,1,0,0,3,30,1,40.000,1
9.985000,137.63,24.232,14.540,333,528,72.000,71,71,18.000,39.000,55.000,174,322,515,160,235,235,235,235,235,235,1,0,0,3,30,1,40.000,1
9.990000,139.79,24.317,14.590,328,524,72.000,71,71,18.000,39.000,55.000,175,319,511,160,233,233,233,233,233,233,1,0,0,3,30,1,40.000,1
9.995000,141.95,24.499,14.700,324,520,72.000,71,71,18.000,39.000,55.000,176,316,506,160,231,231,231,231,231,231,1,0,0,3,30,1,40.000,1
10.000000,144.11,24.778,14.870,320,516,72.000,71,71,18.000,39.000,55.000,178,314,502,160,229,229,229,229,229,229,1,0,0,3,30,1,40.000,1
